cid,type_id,adv_id,premise,context
组件id,组件类型名,组件限定的剧情npcid,前提id,组件内容
str,str,int,str,str
0,0,0,0,1
组件配置数据,,,,

1000,action_part_a_orgasm_strong_A,0,CVP_A2_T|102_E_1&CVP_A2_A|5_G_3&CVP_A2_A|5_LE_6,娇小的{TargetName}那副稚嫩的小身子猛地绷成了一道紧绷的弧，随即又剧烈地颤栗起来。\n在这个部位一次又一次接连攀上顶峰之后，{anal}的敏感度像是被硬生生推上了一个全新的台阶，这一回涌来的绝顶远比之前任何一次都要凶猛得多。\n幼小的身体根本承受不住这远超寻常的强烈快感，细嫩的腰肢深深弓起又无力瘫软，纤细的四肢失控地痉挛抽搐。\n{anal}剧烈而不受控制地连连收缩痉挛，大量温热的肠液汹涌涌出，甚至伴着一小股喷溅，稚气未脱的小脸失神地涨红，圆溜溜的眼睛失了焦距，整个人被这非常强的绝顶冲得几乎没了神智。
1001,action_part_a_orgasm_strong_A,0,CVP_A2_T|102_E_1&CVP_A2_A|5_G_3&CVP_A2_A|5_LE_6,这具介于幼童与稚儿之间的娇小身躯忽然剧烈一挛，{TargetName}稚嫩的后穴接连绝顶了太多次，敏感度早已被拔高了一整个层次。\n于是这一次，一股远比普通绝顶更为狂暴的快感自{anal}深处轰然炸开，将她小小的身子彻底淹没。\n幼嫩的小腰反复深深弓起而后又软塌下去，细细的双腿失控地乱蹬乱夹，稚气的脚趾死死蜷缩成一团。\n{anal}一波强过一波地剧烈痉挛收缩着，浓稠的肠液大量翻涌而出，濡湿了娇嫩的股缝，天真的小脸上写满了被快感彻底冲垮的茫然与颤栗，连呼吸都乱成了细碎的抽噎。
1002,action_part_a_orgasm_strong_A,0,CVP_A2_T|102_E_1&CVP_A2_A|5_G_3&CVP_A2_A|5_LE_6,随着一次次接踵而至的高潮不断累积，{TargetName}那小小的稚嫩身体终于迎来了一场凶猛得惊人的强烈绝顶。\n{anal}的敏感度攀上了崭新的高度，这一次快感的烈度远远盖过了先前的每一次普通绝顶，将她幼小的意识几乎彻底冲垮。\n娇小的身躯剧烈地绷紧又颤抖，稚嫩的腰肢无力地弓起再瘫软，纤细的胳膊和小腿都止不住地失控抖动。\n{anal}深处不受控制地连续绞紧痉挛，汹涌的肠液大量淌出，稚气的小脸潮红失神，圆溜溜的大眼睛蒙上一层茫然的水汽，幼嫩的娇躯在这非常强的绝顶里失神地战栗不止。
1003,action_part_a_orgasm_strong_A,0,CVP_A2_T|102_E_1&CVP_A2_A|5_G_3&CVP_A2_A|5_LE_6,娇小玲珑的{TargetName}猛然间浑身一僵，这个已被反复送上顶峰的部位敏感得近乎失控。\n连续多次的绝顶让{anal}的感度攀升到了前所未有的高度，于是这一回的高潮来得格外狂暴，是一场远比寻常绝顶更加剧烈的强绝顶。\n幼嫩的小身子剧烈痉挛着绷成弓形，随即又脱力般瘫软下去，细弱的四肢无法自控地颤栗乱抖。\n{anal}不听使唤地一阵阵狠狠缩紧，大量温热的肠液喷涌而出，甚至溅出细细一线，天真稚气的脸蛋失神地绯红一片，懵懂的小眼神被这凶猛的快感冲得涣散失焦。
1004,action_part_a_orgasm_strong_A,0,CVP_A2_T|102_E_1&CVP_A2_A|5_G_3&CVP_A2_A|5_LE_6,这一次的绝顶，比之前所有的都要来得凶猛而强烈。\n在这个部位接二连三地攀上高峰之后，{TargetName}那稚嫩后穴的敏感度已然跃上了一个全新的台阶，于是娇小的身体被一股非常强烈的快感彻底吞没。\n幼小的躯体剧烈地弓起又骤然瘫软，细嫩的腰肢和纤细的双腿都在失控地痉挛抽搐，稚气的小手死死攥紧。\n{anal}一下下猛烈地绞缩痉挛，浓稠的肠液大量翻涌溢出，还夹着一小股喷溅，天真无邪的小脸涨得通红又满是失神，圆眼失焦，整个幼嫩的身子被这远超普通绝顶的强烈快感冲得抖颤不止。

1005,action_part_a_orgasm_strong_A,0,CVP_A2_T|102_E_1&CVP_A2_A|5_LE_3,幼小的{TargetName}那具娇小的身子猛地绷成一张紧弓，{anal}竟不受控制地连续剧烈痉挛起来，一圈圈疯狂地收缩绞紧又猛地松脱。\n这早已远远超过了寻常绝顶的烈度，稚嫩的后穴在连番高潮之后敏感度攀上了一个全新的台阶，此刻被彻底点燃，迎来了一场凶猛得叫她招架不住的强绝顶。\n幼嫩的小脸失神地涨得通红，圆圆的眼睛里蓄满了失控的泪花，纤细的腰肢反复深深弓起又骤然瘫软，稚气的双腿失控地乱蹬颤抖。\n大量温热的肠液顺着抽搐不止的{anal}汩汩涌出，甚至夹着一小股被绞挤出来的细流，将她这场剧烈的强绝顶淋漓地宣泄了个彻底。
1006,action_part_a_orgasm_strong_A,0,CVP_A2_T|102_E_1&CVP_A2_A|5_LE_3,娇小玲珑的{TargetName}整个人剧烈地一抖，平日里迟钝低感的{anal}此刻却像变了个样，疯狂而失控地一阵阵深深绞缩，将排山倒海的快感一波波挤压出来。\n连续数次的绝顶早已把这处稚嫩的小穴磨得敏感了一大截，如今这一记绝顶远比寻常来得凶猛剧烈，几乎要把她小小的神志整个冲垮。\n她幼嫩的脊背绷得笔直，稚气未脱的脸蛋失神地扭曲着，细瘦的四肢抽搐绷紧，脚趾死死蜷起。\n黏稠的肠液大量地从翕张不停的{anal}里淌落，牵出一条条晶亮的丝线，无声地诉说着这场几乎失控的强烈高潮。
1007,action_part_a_orgasm_strong_A,0,CVP_A2_T|102_E_1&CVP_A2_A|5_LE_3,一阵远胜从前的剧烈快感狠狠贯穿了{TargetName}幼小的身躯，{anal}猛然失控地连番痉挛，一下比一下更深更凶地收紧又松开，仿佛要把积攒许久的快感一齐榨出。\n这具原本对肛门刺激反应寡淡的稚嫩身子，在一次次绝顶的洗礼后敏感度陡然拔高，此刻竟被逼出了一场远超寻常绝顶的强烈高潮。\n她幼嫩的小腹一抽一抽地剧烈起伏，通红的脸上满是失神的迷乱，纤细的腰肢深深弓起又软塌下去，稚嫩的大腿控制不住地痉挛发颤。\n汹涌的肠液顺着抽搐的{anal}大股大股地溢出，甚至被绞得微微喷溅，将这凶猛的强绝顶淋漓尽致地泄了出来。
1008,action_part_a_orgasm_strong_A,0,CVP_A2_T|102_E_1&CVP_A2_A|5_LE_3,{anal}毫无预兆地剧烈绞缩起来，{TargetName}那副娇小稚嫩的身体随之弹跳般地猛烈一颤，一波接一波失控的痉挛沿着幼小的后穴狂乱地扩散开来。\n连续多次的高潮早已让这处稚气的小穴不再像先前那般迟钝，敏感度一举跨上新的台阶，此刻迎来的绝顶远比往常凶猛炽烈，强得几乎将她幼小的意识冲得七零八落。\n她失神地仰起小脸，圆亮的眸子失去了焦距，细嫩的腰身反复深弓后又瘫软无力，纤瘦的双腿乱蹬着抽搐不止。\n滚烫的肠液大量地从颤抖不休的{anal}深处涌淌而出，将这场剧烈失控的强绝顶宣泄得酣畅淋漓。
1009,action_part_a_orgasm_strong_A,0,CVP_A2_T|102_E_1&CVP_A2_A|5_LE_3,排山倒海的强烈快感将{TargetName}幼小的身子彻底淹没，{anal}凶猛地连续深缩痉挛，疯狂地绞紧又骤然松脱，一刻也停不下来。\n这处平日感度低得可怜的稚嫩后穴，在接连不断的绝顶冲刷之下敏感度攀升了一整个层级，如今这记绝顶远远盖过了寻常的强度，猛烈得叫她小小的身子完全失了控制。\n幼嫩的脸蛋失神地泛着潮红，眼角沁出失控的泪水，细弱的腰肢深深弓起后又颓然软倒，稚气的脚趾死死蜷缩着乱颤。\n大量黏热的肠液从抽搐个不停的{anal}里汩汩淌落，甚至被绞出细细一股喷流，把这场凶悍的强绝顶尽数倾泻而出。

1010,action_part_a_orgasm_strong_A,0,CVP_A2_T|104_E_1&CVP_A2_A|5_G_3&CVP_A2_A|5_LE_6,青春的身子在连番的绝顶后早已被推上了一个全新的台阶，此刻{TargetName}那具靓丽的少女身体骤然剧烈地弓起，{anal}猛地一阵不受控制的连续痉挛，一波强过一波地深深绞紧又倏地松开。\n这远比之前那一次次绝顶都更为凶猛，酥麻的快感如决堤般在她体内翻涌，将她仅存的一丝清醒几乎彻底冲垮，青涩的脸蛋失神地涨红，一双圆眸失焦地不住颤栗。\n纤细的腰肢反复深深塌陷又无力瘫软，白嫩的大腿失控地绷直乱蹬，大量温热的肠液顺着痉挛的{anal}汩汩涌出，甚至随着一记剧烈的收缩微微喷溅了出来。
1011,action_part_a_orgasm_strong_A,0,CVP_A2_T|104_E_1&CVP_A2_A|5_G_3&CVP_A2_A|5_LE_6,敏感度在一次次高潮的累积中攀上了从未有过的高度，如今哪怕只是又一记绝顶也变得格外凶烈，{TargetName}整个青春的胴体猛然绷成一张满弓。\n{anal}失控般地剧烈抽搐收缩着，一下一下痉挛的力道深沉而狂乱，那股远超以往的强烈快感如潮水般将她的神志几乎冲得七零八落，少女的意识在剧烈颤栗中变得一片恍惚。\n她青涩的眉眼皱得死紧，两条腿无力地痉挛乱颤，浑身肌肉一阵阵强烈地抽紧，滚烫的肠液大股大股地自{anal}深处涌溢而出，将下身浸得一片狼藉。
1012,action_part_a_orgasm_strong_A,0,CVP_A2_T|104_E_1&CVP_A2_A|5_G_3&CVP_A2_A|5_LE_6,连续绝顶了太多次之后，{TargetName}那具娇嫩的身子敏感得已然攀上了一个崭新的层次，这一记绝顶来得比先前任何一次都更加猛烈狂暴。\n{anal}不受控制地连续深深绞缩，一阵接一阵的强烈痉挛几乎要将她整个人从内里掀翻，汹涌而至的快感浪潮无情地将她那点残存的理智冲刷殆尽，青春的脸庞失神地泛起潮红。\n少女纤秀的腰身反复弓起后又猛地瘫软，脚趾死死蜷缩又倏地绷直，大量黏热的肠液自剧烈抽搐的{anal}中不断汩汩淌落，量比之前多了何止一倍。
1013,action_part_a_orgasm_strong_A,0,CVP_A2_T|104_E_1&CVP_A2_A|5_G_3&CVP_A2_A|5_LE_6,这是在无数次绝顶将她敏感度层层推高之后终于迎来的一记非常强烈的绝顶，{TargetName}青春靓丽的身躯霎时剧烈战栗，{anal}一波波狂乱地痉挛紧缩着，收放的幅度之大远非寻常绝顶所能相比。\n那铺天盖地的快感几乎将少女的意识彻底冲垮，她失神地扬起头颅，青涩的面容上写满了失控的迷乱与震颤。\n柔嫩的四肢无力地抽搐痉挛，纤细的腰肢深深塌陷下去，一股股温热的肠液从{anal}中喷涌而下，甚至伴着一下猛烈的收缩微微喷洒开来。
1014,action_part_a_orgasm_strong_A,0,CVP_A2_T|104_E_1&CVP_A2_A|5_G_3&CVP_A2_A|5_LE_6,层层累积的快感在这一刻猛然炸开，因连番绝顶而敏感度飙升的{TargetName}再也承受不住，青春的身子骤然剧烈绷紧，{anal}疯狂地连续痉挛绞缩，那股强度远远盖过了此前的每一次高潮。\n少女的神志在这凶猛的冲击下几乎被撕成碎片，一双眸子失焦涣散，娇嫩的脸蛋潮红一片，细碎的颤栗从头到脚不住地蔓延开来。\n她纤细的腰身反复深弓又软塌，白皙的大腿绷直乱颤，大量滚烫的肠液顺着抽搐的{anal}奔涌而出，将下身浇得湿淋淋一片。

1015,action_part_a_orgasm_strong_A,0,CVP_A2_T|105_E_1&CVP_A2_A|5_G_3&CVP_A2_A|5_LE_6&high_1,成熟的{TargetName}那具介于青涩与丰腴之间的身体骤然剧烈地弓起，连续数次绝顶早已将她中等的肛肠敏感度一寸寸推上了新的台阶，此刻积攒到顶点的快感终于轰然炸开。\n{anal}不受控制地一阵接一阵猛烈痉挛收缩，绞紧又松开，肠壁深处涌出大量温热的肠液，甚至随着剧烈的抽搐小幅地喷溅出来。\n她想像个有经验的大姐姐那样咬牙撑住，可失控的腰肢却反复深弓后又瘫软，修长的双腿失神地颤抖乱蹬，眼神涣散得几乎被这远超寻常的强烈绝顶彻底冲垮，只余成熟脸庞上一片羞慌与迷乱。
1016,action_part_a_orgasm_strong_A,0,CVP_A2_T|105_E_1&CVP_A2_A|5_G_3&CVP_A2_A|5_LE_6&high_1,连续不断的绝顶把{TargetName}原本适中的肠道敏感度硬生生拔高了一个层次，这个刚步入社会的大姐姐再也维持不住那份佯装出来的从容。\n一股远比寻常猛烈的快感自小腹深处炸裂开来，{anal}疯狂地连续抽搐绞缩，浓稠的肠液大量涌出，顺着颤抖的臀缝汩汩淌落。\n她成熟的身躯剧烈地绷紧又松脱，腰背深深弓起后无力塌陷，青涩的表情彻底失守，急促破碎的喘息里意识几乎被这强烈的绝顶浪潮冲散。
1017,action_part_a_orgasm_strong_A,0,CVP_A2_T|105_E_1&CVP_A2_A|5_G_3&CVP_A2_A|5_LE_6&high_1,{TargetName}的{anal}在这一刻迎来了远超普通绝顶的猛烈高潮，多次连续的绝顶让她中等的肛肠感度攀上了从未有过的高峰。\n成熟而丰润的身体失控地剧烈痉挛起来，{anal}一波强似一波地深深绞紧，翻涌的肠液大量分泌出来，甚至伴着抽搐微微喷出。\n这个介于成熟与稚嫩之间的大姐姐再也装不出老练，紧绷的四肢不住颤抖，脚趾死死蜷曲，弓起的腰肢一次次瘫软，失神的双眸里满是被强绝顶击穿的震颤。
1018,action_part_a_orgasm_strong_A,0,CVP_A2_T|105_E_1&CVP_A2_A|5_G_3&CVP_A2_A|5_LE_6&high_1,一次次累积起来的绝顶终于将{TargetName}适中的肠道敏感推到了崩溃的边缘，紧接着一场极为强烈的绝顶轰然降临。\n{anal}剧烈而不受控地连续收缩绞动，深处大量的肠液喷涌而出，浸湿了颤抖的股间。\n刚初入社会的她本想以大姐姐的成熟去承受，可失控的身躯却诚实地剧烈抖动，腰部反复深弓，双腿无力地乱颤，成熟的面庞上写满了被这强烈快感冲垮理智后的青涩慌乱与失神。
1019,action_part_a_orgasm_strong_A,0,CVP_A2_T|105_E_1&CVP_A2_A|5_G_3&CVP_A2_A|5_LE_6&high_1,远比先前更加汹涌的绝顶狠狠攫住了{TargetName}，连续多次的高潮已让她中等的肛肠感度跃升了一个台阶。\n{anal}猛烈地一阵阵抽搐痉挛，绞缩得几乎失去节律，滚烫的肠液大量涌出并小幅地溅落。\n这具成熟却仍带几分青涩的身体彻底失去了掌控，丰腴的腰肢深深弓起又瘫软下去，修长的大腿绷直颤栗，这位强作镇定的大姐姐在这一刻眼神迷离失焦，几乎被强烈的绝顶浪潮吞没。

1020,action_part_a_orgasm_strong_A,0,CVP_A2_T|106_E_1&CVP_A2_A|5_G_3&CVP_A2_A|5_LE_6,经历过世事的{TargetName}在{anal}被反复攻陷了许多次之后，那处成熟的媚肉终于跨上了一个全新的敏感台阶，积攒到极限的快感如决堤般轰然炸开。\n丰腴的腰肢猛地绷紧又剧烈痉挛，{anal}一波接一波地疯狂收缩绞紧，比之前每一次绝顶都要凶猛数倍。\n大量温热的肠液顺着抽搐的{anal}汩汩涌出，甚至随着最剧烈的那一下小幅喷溅而出，浸得下身一片黏腻。\n她仰着头毫不掩饰地沉溺在这股远超寻常的灭顶快感里，成熟的脸庞泛起放荡的潮红，连脚趾都因这场强烈的绝顶而蜷缩发颤。
1021,action_part_a_orgasm_strong_A,0,CVP_A2_T|106_E_1&CVP_A2_A|5_G_3&CVP_A2_A|5_LE_6,在{anal}承受了一轮又一轮的连续绝顶后，{TargetName}那副饱经风霜的成熟身躯敏感度陡然攀升，堆积如山的快感终于寻到了宣泄的出口。\n丰满的臀肉剧烈地抖动起来，{anal}深处传来一阵远比普通高潮更加汹涌的绞动，将她整个人卷入灭顶的欢愉。\n黏稠的肠液大股大股地从翕张的{anal}里被挤涌出来，甚至伴着抽搐小幅喷出，濡湿了她颤抖的股间。\n熟女特有的从容此刻荡然无存，她眯着湿润的眼眸放浪地承受着这场强度惊人的绝顶，腰肢一次次不受控制地高高弓起。
1022,action_part_a_orgasm_strong_A,0,CVP_A2_T|106_E_1&CVP_A2_A|5_G_3&CVP_A2_A|5_LE_6,多年独守的{TargetName}被一次次逼上{anal}的绝顶后，那处紧致的媚肉像是被彻底开发到了新的境界，酝酿已久的快感骤然攀至顶峰。\n她成熟的躯体绷成一道紧张的弧线，{anal}疯狂地一缩一缩，那股凶猛的痉挛远远盖过了先前的每一次小高潮。\n滚烫的肠液从收缩不止的{anal}中喷涌而下，量大得惊人，还随着最猛的一波微微喷射，糊满了她丰腴的下体。\n她张着嘴无声地喘息着，成熟妩媚的面容尽是失神的迷醉，连丰盈的大腿都在这场剧烈的绝顶里痉挛得合不拢。
1023,action_part_a_orgasm_strong_A,0,CVP_A2_T|106_E_1&CVP_A2_A|5_G_3&CVP_A2_A|5_LE_6,当{anal}在密集的连番绝顶后终于突破了敏感的界限，{TargetName}这具成熟丰满的肉体便被一股空前强烈的快感彻底淹没。\n她的后腰猛然塌陷又高高翘起，{anal}一圈圈地死死绞紧再松开，那份激烈是寻常绝顶远远无法比拟的。\n大量温热黏滑的肠液自抽搐的{anal}深处奔涌而出，甚至被绞得小幅溅射，将她成熟的股缝浸得一片泥泞。\n她再无半分沉稳，只是放纵地沉沦在这远超以往的巅峰快感中，媚眼含春汗湿鬓角，脚尖绷直得微微发抖。
1024,action_part_a_orgasm_strong_A,0,CVP_A2_T|106_E_1&CVP_A2_A|5_G_3&CVP_A2_A|5_LE_6,{TargetName}的{anal}在接连不断的高潮冲刷下敏感得判若两处，堆叠到极致的快感终于在这一刻轰然引爆，比普通绝顶要炽烈得多。\n她丰盈的身子剧烈地弹动了一下，随即{anal}便陷入一阵狂乱而绵长的绞缩，将成熟的躯体推上从未有过的高峰。\n浓稠的肠液顺着一张一合的{anal}大量流淌而出，在最激烈处还小幅喷溅开来，把她饱满的臀下弄得湿漉漉的。\n阅历丰富的她此刻只剩下本能的贪欢，仰着通红的脸放荡地承受这灭顶的余韵，丰腴的腰肢久久无法平息地轻颤着。
1025,action_part_a_orgasm_strong_A,0,CVP_A2_T|107_E_1&CVP_A2_A|5_G_3&CVP_A2_A|5_LE_6,连续多次的肠道绝顶将{TargetName}那具已为人妻的身体推上了一个全新的敏感台阶，{anal}在一波又一波的收缩中终于迎来了远比之前猛烈的强烈绝顶。\n她仰起脖颈，腰肢剧烈地弓起又塌陷，作为别人妻子的她再也顾不上那份背德的愧疚，只能任由汹涌的快感将理智彻底冲垮。\n{anal}一阵阵痉挛着深深绞紧，滚烫的肠液成股地涌出，甚至伴着小幅的喷洒溅落，比寻常的高潮浓稠了太多。\n在{SceneName}里，这个偷偷背叛着婚姻的女人被强烈的绝顶折磨得浑身战栗，脚趾蜷缩，眼角泛起了失神的泪光。
1026,action_part_a_orgasm_strong_A,0,CVP_A2_T|107_E_1&CVP_A2_A|5_G_3&CVP_A2_A|5_LE_6,积攒到极限的快感在{TargetName}的肠道深处轰然炸开，那是一种连身为人妻多年的她都从未体会过的强烈绝顶。\n她的{anal}早已被连番的高潮调教得愈发敏感，此刻正一下下疯狂地吸缩着，将整个后穴的酸麻推向了顶点。\n她死死咬住下唇，腰身不受控制地颤抖扭动，作为有夫之妇却在{Name}面前如此失态，那股禁忌的刺激反倒让绝顶来得更加凶猛。\n大量温热的肠液顺着{anal}的边缘汩汩溢出，还夹着一丝细小的喷溅，把她背叛家庭的羞耻感冲刷得一干二净。
1027,action_part_a_orgasm_strong_A,0,CVP_A2_T|107_E_1&CVP_A2_A|5_G_3&CVP_A2_A|5_LE_6,当敏感度攀上新的巅峰，{TargetName}那已嫁作人妻的肉体终于承受不住，被一场远超以往的强烈肠道绝顶彻底淹没。\n{anal}深处传来一阵接一阵滚烫的抽搐，比普通的高潮强烈了何止一倍，酸爽的快意顺着脊背一路窜上头顶。\n她弓着腰，双腿绷得笔直又猛地痉挛，脸上写满了身为人妻却沉沦于此的矛盾与迷醉。\n浓稠的肠液自{anal}汹涌而出，随着强烈的收缩甚至微微喷溅，将这个女人对丈夫的愧疚也一同冲散在了{SceneName}中。
1028,action_part_a_orgasm_strong_A,0,CVP_A2_T|107_E_1&CVP_A2_A|5_G_3&CVP_A2_A|5_LE_6,经历了太多次连续的肠道高潮后，{TargetName}的{anal}仿佛骤然开了窍，敏感度陡然跃升，一个格外强烈的绝顶毫无征兆地席卷而来。\n她整个人剧烈地弓起，作为人妻本该端庄的面容此刻却因极致的快感而彻底崩塌，只剩下失神的娇喘与颤抖。\n后穴一圈圈地绞缩痉挛，滚烫的肠液成股淌落，比寻常绝顶时多了太多，甚至带着一丝细小的喷涌。\n背叛婚姻的背德感与这股汹涌的强烈快感交织在一起，让她在{Name}身下抖得几乎失去了知觉。
1029,action_part_a_orgasm_strong_A,0,CVP_A2_T|107_E_1&CVP_A2_A|5_G_3&CVP_A2_A|5_LE_6,快感一层层堆叠到再也无法承受的临界，{TargetName}那具人妻的躯体骤然绷紧，迎来了比普通绝顶剧烈得多的强烈肠道高潮。\n她的{anal}被调教得越发敏感，此刻正贪婪地一缩一放，将深处的酥麻搅成了灭顶的浪潮。\n她仰头无声地张着嘴，腰肢塌软下去又被快感高高顶起，作为别人的妻子却在此刻彻底缴械投降。\n汹涌的肠液从{anal}里大量涌出，微微地喷洒着，把她心底那点对家庭的挣扎也彻底融化在了这场强烈的绝顶里。
1030,action_part_a_orgasm_strong_A,0,target_is_player_daughter&CVP_A2_A|5_G_3&CVP_A2_A|5_LE_6,连续不断的肠道绝顶将年幼的{TargetName}推上了一个前所未有的敏感新台阶，那具尚显稚嫩的少女身躯在一波波收缩里终于迎来了远比之前凶猛的强烈绝顶。\n她仰着脖颈，纤细的腰肢剧烈地弓起又猝然塌陷，明明是{Name}的亲生女儿，此刻却在父亲面前彻底沦陷，再顾不上那份乱伦的羞耻。\n{anal}一阵阵痉挛着深深绞紧，滚烫的肠液成股涌出，甚至夹着小幅的喷溅，比寻常时浓稠了太多。\n在{SceneName}里，这个被父亲亲手开发的女儿被强烈的绝顶折磨得浑身战栗，脚趾死死蜷起，眼角泛起了失神的泪光。
1031,action_part_a_orgasm_strong_A,0,target_is_player_daughter&CVP_A2_A|5_G_3&CVP_A2_A|5_LE_6,积攒到极限的快感在{TargetName}稚嫩的肠道深处轰然炸裂，那是连身为女儿的她都从未体会过的强烈绝顶。\n被父亲{Name}连番调教过的{anal}早已敏感得不像话，此刻正一下下疯狂地吸缩着，把整条后穴的酸麻推向了顶点。\n她死死咬着下唇，单薄的身子不受控制地颤抖扭动，被亲生父亲玩弄至此的禁忌刺激，反倒让这场绝顶来得更加汹涌。\n大量温热的肠液顺着{anal}的边缘汩汩淌落，还夹着细小的喷洒，把这个小女儿心底那点伦理的挣扎冲刷得干干净净。
1032,action_part_a_orgasm_strong_A,0,target_is_player_daughter&CVP_A2_A|5_G_3&CVP_A2_A|5_LE_6,当敏感度攀上崭新的巅峰，{TargetName}那具青涩的少女肉体再也承受不住，被一场远超以往的强烈肠道绝顶彻底淹没。\n{anal}深处传来一阵接一阵滚烫的抽搐，比普通高潮强烈了何止一倍，酥爽的快意顺着纤细的脊背一路窜上头顶。\n她弓着稚嫩的腰，一双细腿绷得笔直又骤然痉挛，脸上写满了身为父亲女儿却沉溺于此的迷乱与羞惭。\n浓稠的肠液自{anal}汹涌溢出，随着剧烈的收缩微微喷溅，将这个女儿对父亲的最后一丝矜持也一并冲散在了{SceneName}中。
1033,action_part_a_orgasm_strong_A,0,target_is_player_daughter&CVP_A2_A|5_G_3&CVP_A2_A|5_LE_6,在经历了太多次连续的肠道高潮之后，{TargetName}的{anal}仿佛骤然被彻底打通，敏感度陡然跃升，一个格外强烈的绝顶毫无预兆地席卷而来。\n她整个人剧烈地弓起，本该在父亲面前乖巧的稚嫩面容此刻彻底崩塌，只剩失神的娇喘与止不住的颤抖。\n后穴一圈圈地绞缩痉挛，滚烫的肠液成股淌落，比寻常绝顶时多出太多，甚至带着一丝细小的喷涌。\n与亲生父亲乱伦的背德感和这股汹涌的强烈快感交缠在一起，让年幼的她在{Name}身下抖得几乎失去知觉。
1034,action_part_a_orgasm_strong_A,0,target_is_player_daughter&CVP_A2_A|5_G_3&CVP_A2_A|5_LE_6,快感一层层堆叠到再也无法承受的临界，{TargetName}那具娇小的少女躯体骤然绷紧，迎来了比普通绝顶剧烈太多的强烈肠道高潮。\n被父亲一手调教出来的{anal}越发敏感，此刻正贪婪地一缩一放，把深处的酥麻搅成了灭顶的浪潮。\n她仰起头无声地张着小嘴，柔软的腰肢塌软下去又被快感高高顶起，身为{Name}的女儿却在此刻彻底缴械投降。\n汹涌的肠液从{anal}里大量涌出，微微地喷洒着，把她心底那点对父亲的伦理挣扎也彻底熔化在了这场强烈的绝顶里。

1035,action_part_a_orgasm_strong_A,0,CVP_A2_T|102_E_1&CVP_A2_A|5_G_6,连续绝顶了那么多次之后，{TargetName}那具幼小稚嫩的身子仿佛被彻底开发出了一道全新的闸门。\n{anal}的敏感度骤然攀上了一个前所未有的台阶，只需一丝轻微的动静，滔天的快感便如决堤般汹涌灌入她小小的身体。\n她纤细的腰肢猛然弓起，稚嫩的四肢绷得笔直，小脚趾死死蜷缩，尚带童稚的脸蛋写满了失神与迷乱。\n{anal}疯狂地痉挛收缩，一场远比之前任何一次都要凶猛得多的强烈绝顶高潮席卷了她的全身。\n大量温热的肠液从那处不受控制地汩汩涌出，甚至伴着小幅的喷溅，将{Name}的下身沾得一片湿漉狼藉。
1036,action_part_a_orgasm_strong_A,0,CVP_A2_T|102_E_1&CVP_A2_A|5_G_6,在这处极度敏感的小穴反复攀上顶峰无数回之后，{TargetName}娇小的躯体像是被彻底调教到了一个崭新的境界。\n积攒到极致的快感终于在{SceneName}里猛然炸开，比寻常绝顶要凶悍数倍的巨浪瞬间吞没了她幼嫩的意识。\n她小小的身子剧烈弹跳了一下，随即绷成一张满弓，稚气的小手无力地抓挠着，指尖泛白。\n{anal}一阵接一阵地狂乱抽搐，仿佛要把那股滔天的酥麻全部榨取出来，痉挛得几乎失控。\n汹涌的肠液伴着强绝顶从{anal}深处大股大股地淌出，量多得惊人，浸得{Name}眼前一片淫靡。
1037,action_part_a_orgasm_strong_A,0,CVP_A2_T|102_E_1&CVP_A2_A|5_G_6,{TargetName}那本就敏感得离谱的后穴在一次次高潮的洗礼下，敏锐度被硬生生推上了更高的一层。\n当积蓄的快感终于满溢的刹那，一波强度惊人的绝顶高潮毫无预兆地从{anal}深处轰然爆发，凌驾于此前所有的小高潮之上。\n她幼小的身躯剧烈战栗，瘦削的双腿痉挛着交叠又弹开，稚嫩的脚背绷得死紧。\n她整张小脸涨得通红，眼神彻底涣散，唇边溢出一声声破碎失控的娇吟。\n{anal}狂野地一缩一放，大量黏稠的肠液顺着痉挛的节奏喷涌而出，将{Name}的胯下浇得温热淋漓。
1038,action_part_a_orgasm_strong_A,0,CVP_A2_T|102_E_1&CVP_A2_A|5_G_6,幼小的{TargetName}被这处敏感肉穴一次次送上巅峰，反复的绝顶终于将她的敏锐推向了一个全新的层次。\n积攒到临界点的酥麻在{SceneName}中骤然溃堤，一场远超寻常的猛烈绝顶将她小小的身体彻底击穿。\n她稚嫩的腰肢不受控制地剧烈抖动，纤细的手臂胡乱挥舞，小脑袋无助地向后仰去。\n{anal}以从未有过的力度疯狂收缩绞紧，把那股铺天盖地的快感一寸寸推向极致。\n伴随着强绝顶的到来，大量温热的肠液从{anal}中止不住地涌出，甚至微微喷溅，将{Name}沾得满手淫水。
1039,action_part_a_orgasm_strong_A,0,CVP_A2_T|102_E_1&CVP_A2_A|5_G_6,这具幼嫩的身子经历了太多次连绵的绝顶，那处小穴的敏感程度已经悄然跃上了一个惊人的台阶。\n当快感累积到再也承受不住时，一场比普通绝顶要凶猛数倍的强烈高潮猛然从{anal}深处席卷而上。\n{TargetName}小小的身体剧烈弓成一团，稚气的四肢绷得笔直又发起颤来，脚趾用力抠紧。\n她的小脸失神得可怜，眉头紧蹙，从喉间不断溢出细碎而失控的呜咽。\n{anal}疯狂地痉挛蠕动，大股滚烫的肠液伴着这股强绝顶汹涌淌出，将{Name}的下身浸得一片狼藉湿滑。
1040,action_part_a_orgasm_strong_A,0,CVP_A2_T|103_E_1&CVP_A2_A|5_G_6,在{SceneName}里，{TargetName}那具刚开始发育的娇小身子已经被一波又一波的绝顶彻底泡软了。\n连续多次的肠道高潮之后，这具稚嫩身躯的敏感度悄然攀上了一个全新的台阶，后穴的每一寸都变得滚烫而贪婪。\n积攒到极限的快感在此刻轰然决堤，{anal}猛地一阵剧烈的痉挛收缩，比之前任何一次普通绝顶都要强烈得多。\n萝莉的小脸涨得通红，稚气未脱的眉头紧紧蹙起，纤细的双腿绷直又发颤，脚趾无意识地蜷缩起来。\n{anal}深处大量温热的肠液汹涌而出，甚至伴着一小股喷溅，将这场远超寻常的强烈绝顶宣泄得淋漓尽致。
1041,action_part_a_orgasm_strong_A,0,CVP_A2_T|103_E_1&CVP_A2_A|5_G_6,这已经不知是第几次了，{TargetName}被一次次肠道绝顶推着往更高处攀爬。\n在连续的高潮洗礼下，她那青涩敏感的后穴仿佛被彻底开发到了一个崭新的境界，敏感度陡然跃升。\n当积蓄已久的快感终于满溢，{anal}骤然收紧又疯狂蠕动，掀起一阵远比普通绝顶更加汹涌的高潮浪潮。\n娇小的萝莉整个人绷成了一张弓，稚嫩的腰肢高高弓起，小手死死攥紧，眼神涣散地失了焦。\n伴随着这场强烈的绝顶，{anal}止不住地涌出大股黏腻的肠液，濡湿了整片臀缝，颤抖了许久才渐渐平息。
1042,action_part_a_orgasm_strong_A,0,CVP_A2_T|103_E_1&CVP_A2_A|5_G_6,{TargetName}早已在一轮轮肠道高潮里失了神，稚气的脸上写满了茫然与沉溺。\n反复的绝顶让这具尚在发育的娇躯敏感度节节高升，如今后穴哪怕一点动静都能激起铺天盖地的快感。\n终于，当快感累积到再也无法承受的临界，{anal}猛烈地抽搐起来，一场强度远胜普通绝顶的高潮轰然袭来。\n萝莉娇小的身子剧烈弹跳了一下，纤细的脖颈向后仰去，稚嫩的双腿夹紧又痉挛着张开。\n这一次{anal}喷涌出的肠液格外汹涌，量比往常暴增了数倍，却还未到失控狂喷的极端地步。
1043,action_part_a_orgasm_strong_A,0,CVP_A2_T|103_E_1&CVP_A2_A|5_G_6,经历了连绵不断的肠道绝顶，{TargetName}这具幼小的身体终于跨过了某个隐秘的门槛。\n后穴的敏感度在一次次高潮的锤炼下拔高到了新的层次，稍一受激便是滔天的快感。\n此刻积压到顶点的欢愉再也压不住，{anal}深处爆发出一阵极其强烈的绝顶，远远盖过了之前那些普通的高潮。\n萝莉圆润稚气的脸颊被泪水与潮红浸染，纤瘦的腰身不受控地扭动痉挛，脚尖死死绷直。\n大量温热的肠液自{anal}中一波波涌出，甚至溢出细小的喷流，将这场强烈绝顶的余韵拉得悠长。
1044,action_part_a_orgasm_strong_A,0,CVP_A2_T|103_E_1&CVP_A2_A|5_G_6,{SceneName}中的{TargetName}已经被连番的肠道高潮折腾得意识模糊，稚嫩的身躯瘫软无力。\n然而多次绝顶反倒把她后穴的敏感度磨得愈发惊人，快感如潮水般层层叠加毫不停歇。\n当这股力量攒到极致，{anal}骤然一阵天翻地覆的紧缩，迎来了一场强度惊人的绝顶，远比寻常绝顶更加剧烈汹涌。\n娇小的萝莉浑身战栗，稚气的小嘴微微张开却发不出完整的声响，纤细手指无力地抠挠着。\n{anal}随之喷吐出大量滚烫肠液，黏腻而汹涌，为这次超乎寻常的强烈高潮画上浓墨重彩的一笔。

1045,action_part_a_orgasm_strong_A,0,CVP_A2_T|104_E_1&CVP_A2_A|5_G_6,经过一次又一次的肛肠绝顶反复冲刷，{TargetName}那本就极度敏感的{anal}仿佛被彻底开发到了一个全新的台阶。\n这具青春稚嫩的少女身躯早已绷得紧紧的，此刻积攒到极限的快感终于如决堤般轰然炸裂开来。\n远比之前任何一次都要凶猛的强烈绝顶瞬间席卷了她的下半身，{anal}疯狂痉挛收缩，一波接一波地绞紧又松开。\n少女的腰肢高高弓起，双腿死死夹紧又不受控制地剧烈颤抖，脚趾蜷缩，大量温热的肠液从深处汹涌溢出，甚至伴着小股喷溅。\n她涨红着脸，眼神涣散失焦，青涩的表情彻底崩坏成一片被快感淹没的痴迷模样。
1046,action_part_a_orgasm_strong_A,0,CVP_A2_T|104_E_1&CVP_A2_A|5_G_6,连续多次的肛门高潮像潮水般一次次拍打着{TargetName}，让她那{anal}的敏感度攀升到了前所未有的高度。\n当积蓄已久的快感终于突破临界，一场远超寻常的猛烈绝顶轰然降临，强度足有普通高潮的数倍。\n少女娇嫩的身体骤然绷直，随即剧烈地抽搐起来，{anal}一圈圈疯狂蠕动收缩，绞得死紧死紧。\n她仰起头，青春的脸庞写满了难以承受的酥麻，双手无力地抓挠着，指尖泛白，腰部一下下痉挛地挺动。\n汹涌的肠液伴着强烈的收缩大量涌出，甚至小幅喷洒开来，年轻的躯体在极致的快感里止不住地战栗。
1047,action_part_a_orgasm_strong_A,0,CVP_A2_T|104_E_1&CVP_A2_A|5_G_6,{TargetName}的{anal}在一轮又一轮的绝顶洗礼后，敏感度已然跃上了一个崭新的层次，稍受触动便快感翻涌。\n这一次，堆积到顶点的快感终于彻底爆发，一股远比普通高潮凶猛得多的强烈绝顶将她整个人狠狠吞没。\n少女的身子猛地弓成一道颤抖的弧线，{anal}失控般剧烈收缩痉挛，一阵紧似一阵。\n她双眸失神，青涩的唇齿间溢出破碎的娇喘，纤细的双腿绷得笔直又不住哆嗦，脚趾深深蜷起。\n伴随着这场强烈的高潮，滚烫的肠液从深处大量奔涌而出，年轻的身躯彻底沉溺在灭顶的快感之中。
1048,action_part_a_orgasm_strong_A,0,CVP_A2_T|104_E_1&CVP_A2_A|5_G_6,反复累积的肛肠绝顶将{TargetName}推上了一个全新的敏感台阶，她的{anal}此刻敏锐得能捕捉到最细微的震颤。\n压抑到极限的快感终于如火山般喷发，一场强度惊人的绝顶远远盖过了以往每一次普通高潮。\n青春的少女浑身剧烈痉挛，腰肢疯狂地摆动挣扎，{anal}一下下狠狠绞紧，仿佛要将一切都吸吮进去。\n她的表情彻底沦陷，红润的脸颊挂着生理性的泪光，双手死死攥紧，全身肌肉一波波抽搐。\n大量温热的肠液顺着痉挛喷涌而下，甚至夹带着细小的喷溅，稚嫩的身体在强烈的快感里彻底失控。
1049,action_part_a_orgasm_strong_A,0,CVP_A2_T|104_E_1&CVP_A2_A|5_G_6,在数不清的肛门高潮连番冲击之后，{TargetName}那{anal}的感度陡然攀升到了一个前所未有的境界。\n蓄积已久的滔天快感终于决堤，一记远胜寻常的强烈绝顶如雷霆般贯穿了她整具娇软的身躯。\n少女的后背高高拱起，{anal}疯狂地收缩抽搐，一波接着一波地痉挛绞动，久久不能平息。\n她双眼微微翻起失去焦距，青涩的面庞扭曲成沉醉的模样，双腿大张又猛地并拢，脚尖绷得死紧。\n随着这场剧烈的绝顶，浓稠滚烫的肠液从深处汹涌溢出并小幅喷洒，年轻身躯瘫软战栗不止。

1050,action_part_a_orgasm_strong_A,0,CVP_A2_T|105_E_1&CVP_A2_A|5_G_6,接连不断的绝顶已经将{TargetName}成熟丰腴的身子折腾得敏感到了一个全新的台阶，此刻那股积攒到极致的快感终于轰然炸开，{anal}猛地剧烈痉挛起来，一圈圈疯狂地收缩绞紧，远比先前任何一次都要凶猛。\n她那具介于成熟与青涩之间的胴体骤然绷得笔直，丰润的腰肢深深弓起又无力瘫软，修长的双腿失控地颤抖乱蹬，脚趾死死蜷缩。\n大姐姐一贯从容优雅的神情此刻彻底失守，眉头紧锁双眼失神，泛红的脸蛋写满了被快感冲垮的迷乱。\n{anal}深处涌出大量温热的肠液，顺着股缝汩汩流淌，甚至随着痉挛小幅喷溅而出。
1051,action_part_a_orgasm_strong_A,0,CVP_A2_T|105_E_1&CVP_A2_A|5_G_6,敏感度攀上新高的{anal}再也承受不住这一波接一波的猛烈快感，随着积蓄已久的巅峰轰然降临，肠壁疯狂地绞缩蠕动，剧烈得近乎失控，一阵强过一阵地痉挛收紧。\n{TargetName}成熟的身躯剧烈抽搐着弓成一张满弓，丰满的胸脯剧烈起伏，纤长的双腿绷得死紧又猛然发软。\n这位平日里可靠沉稳的大姐姐此刻意识几乎被彻底冲垮，失神地颤栗着，青涩的慌乱与成熟的风韵在失控的表情里交织。\n滚烫的肠液从{anal}里大股大股地溢出，甚至伴着抽搐小幅喷出，将她这次远超寻常的强烈绝顶暴露无遗。
1052,action_part_a_orgasm_strong_A,0,CVP_A2_T|105_E_1&CVP_A2_A|5_G_6,一次又一次的绝顶早已把{TargetName}的后穴磨得敏感异常，快感在这一刻攀升到崭新的高度并猛然决堤，{anal}毫无节制地连续剧烈痉挛，绞紧的力道凶猛得仿佛要将一切都吸吮进去。\n她成熟丰腴的身子失控地弓起又摊软，反复了好几轮，腰肢深深塌陷，双腿痉挛似的乱颤，纤纤十指死死抓紧。\n那张成熟中透着青涩的脸庞彻底失了神，眼神涣散唇齿轻颤，连一贯的优雅都被这非常强的绝顶冲得七零八落。\n大量肠液自{anal}深处奔涌而出，甚至小幅地喷洒出来。
1053,action_part_a_orgasm_strong_A,0,CVP_A2_T|105_E_1&CVP_A2_A|5_G_6,这具已然敏感到极点的身体在连番绝顶后迎来了一个陡然拔高的强烈巅峰，{anal}剧烈而不受控制地一波波痉挛绞缩，收紧的幅度与力道都远远超过了寻常的高潮。\n{TargetName}丰腴成熟的胴体骤然绷直，腰部深深弓起后又整个瘫软下去，修长的美腿失控地颤抖蹬动，脚趾蜷得发白。\n身为大姐姐的她此刻再无半分从容，意识被快感冲得几近空白，失神的双眼与泛红的脸颊满是被彻底击溃的迷乱与青涩慌张。\n温热的肠液顺着{anal}大量涌淌而下，甚至随痉挛小幅喷溅。
1054,action_part_a_orgasm_strong_A,0,CVP_A2_T|105_E_1&CVP_A2_A|5_G_6,积攒到临界的快感终于在这一瞬彻底爆发，敏感度更上一层的{anal}疯狂地连续痉挛起来，肠壁一圈圈凶狠地绞缩吸附，激烈程度远非之前的绝顶所能相比。\n{TargetName}那副成熟丰满的身躯剧烈地抽搐颤栗，丰润的腰肢反复深弓又瘫软，纤长双腿绷得笔直而后无力乱蹬。\n这位举止优雅的大姐姐此刻神志几乎被冲垮，眉头紧蹙眼神迷离，成熟的韵味里透出掩不住的青涩失态。\n汹涌的肠液从{anal}中大量涌出，甚至夹着抽搐小幅喷洒而出，无声诉说着这场非常强烈的绝顶。

1055,action_part_a_orgasm_strong_A,0,CVP_A2_T|106_E_1&CVP_A2_S|5_GE_12000&CVP_A2_S|5_L_90000,{Name}那具丰腴成熟的身体在这一刻猛地绷紧，{anal}毫无节制地剧烈痉挛起来，一波接一波地疯狂绞缩，早已在连番绝顶里被彻底开发到极致的后穴敏感得不可思议，此刻迎来的这场绝顶远比方才那几次都更加凶猛。\n成熟的腰肢深深弓起旋即又脱力般瘫软下去，修长的双腿失控地痉挛乱颤，脚趾死死蜷曲成一团。\n她那张写满风情的脸此刻彻底失了往日的从容，眼神涣散失焦，红唇大张却发不出完整的声息，只余粗重破碎的喘息。\n汹涌的快感几乎要将她的神智冲垮，成熟丰润的肉体一次次战栗抽搐，大量爱液顺着颤抖的腿根汹涌淌落，将这场远超寻常的强烈绝顶展露得淋漓尽致。
1056,action_part_a_orgasm_strong_A,0,CVP_A2_T|106_E_1&CVP_A2_S|5_GE_12000&CVP_A2_S|5_L_90000,连续不断的绝顶早已将{Name}成熟的身子折腾到敏感的顶点，此刻更凶猛的一波快感轰然炸开，{anal}疯狂地收缩绞紧，敏感到极致的肠壁一阵阵不受控制地深深痉挛，每一次抽搐都掀起愈发汹涌的快感浪潮。\n丰腴的腰肢反复深弓又骤然塌软，圆润的臀瓣绷得紧紧的止不住地颤栗，成熟的大腿失控地夹紧又弹开。\n一贯从容老练的她此刻再也维持不住半分矜持，脸颊潮红失神，秀眉紧蹙。\n意识被这远胜以往的强烈绝顶冲刷得几近空白，只余成熟的身躯本能地剧烈战栗，将攀上新台阶的极致敏感彻底暴露了出来。
1057,action_part_a_orgasm_strong_A,0,CVP_A2_T|106_E_1&CVP_A2_S|5_GE_12000&CVP_A2_S|5_L_90000,猛烈到失控的绝顶毫无预兆地攫住了{Name}成熟的胴体，{anal}剧烈地连续抽搐绞缩，被反复高潮开发得极度敏感的后穴疯狂蠕动着，那股比先前任何一次都要凶猛的快感如潮水般将她整个人吞没。\n她丰腴的躯体骤然弓成一道紧绷的弧线，随即又彻底脱力地瘫软下来，修长的双腿无力地痉挛乱蹬。\n平日风情万种的面庞此刻尽是失神与迷乱，双眸失焦地半睁着，唇齿间溢出断续而失控的娇喘。\n汹涌快感几乎将她的神智冲垮，成熟丰润的肉体不住地颤抖抽搐，甚至隐隐渗出一小股潮吹的水液，将这场远超寻常的强绝顶宣泄了出来。
1058,action_part_a_orgasm_strong_A,0,CVP_A2_T|106_E_1&CVP_A2_S|5_GE_12000&CVP_A2_S|5_L_90000,又一波远比之前凶猛的绝顶重重砸落，{Name}成熟丰腴的身体霎时绷得笔直，{anal}毫无章法地剧烈痉挛收缩，被连番绝顶彻底调教到极度敏感的后穴一刻不停地绞紧又松开，快感一层层叠加得几乎让她承受不住。\n她的腰肢深深弓起后又软软塌陷，成熟的臀肉不住地抽搐颤动，两条修长的腿失控地夹紧乱颤。\n向来沉稳老练的她此刻彻底乱了方寸，眼神迷离涣散，红唇微张却只能吐出破碎凌乱的喘息。\n这场因敏感度攀上新台阶而迎来的强烈绝顶几乎将她的意识冲垮，成熟的躯体一阵阵战栗抽搐，大量爱液失禁般涌出，浸得腿根一片濡湿。
1059,action_part_a_orgasm_strong_A,0,CVP_A2_T|106_E_1&CVP_A2_S|5_GE_12000&CVP_A2_S|5_L_90000,积攒已久的快感在这一刻彻底决堤，{Name}那具早已敏感到极点的成熟身躯剧烈地震颤起来，{anal}疯狂而失控地连续绞缩痉挛，被反复绝顶开发得娇嫩不堪的肠壁一波波深深收紧，迎来一场远胜寻常的凶猛绝顶。\n她成熟丰润的腰身反复深弓又脱力瘫软，圆熟的双腿痉挛着无力地蹬动，脚趾紧紧蜷缩起来。\n那张平素风韵犹存的脸庞彻底失了神采，眼波涣散迷蒙，唇舌间只剩失控的浪吟与急促的喘息。\n磅礴的快感几乎将她的理智冲垮，成熟的胴体不受控制地一阵阵抽搐颤栗，滚烫的爱液汹涌淌下，将这次攀上新高度的强烈绝顶尽数倾泻了出来。

1060,action_part_a_orgasm_strong_A,0,CVP_A2_T|103_E_1&CVP_A2_A|5_LE_3,娇小的{TargetName}那具还在发育的稚嫩身子猛地绷成一张满弓，{anal}再也压不住地剧烈痉挛起来，一圈圈疯狂地收紧又松开。\n这具原本对后穴刺激反应平淡的娇躯，在一次次连绵不断的绝顶后敏感度已悄然攀上了一个崭新的台阶，此刻迎来的这场绝顶远比先前任何一次都要凶猛，几乎要将她那点残存的清醒彻底冲垮。\n稚气未脱的小脸失神地涨红着，细瘦的腰肢深深弓起又骤然瘫软，纤细的双腿失控地乱颤，一股滚烫的肠液顺着{anal}汹涌淌落，甚至带着小幅的喷溅。
1061,action_part_a_orgasm_strong_A,0,CVP_A2_T|103_E_1&CVP_A2_A|5_LE_3,一阵远比往常猛烈的快感狠狠贯穿了{TargetName}娇嫩的小身板，{anal}毫无节制地连续抽搐收缩，绞紧的幅度大得吓人。\n先前那副对肛肠刺激只觉迟钝的身子，早已在接二连三的绝顶里被磨得敏感了一整个层次，如今这记绝顶来得又深又狠，稚嫩的意识几乎被这股洪流卷得只剩一片失神的战栗。\n她圆圆的眼睛失焦发直，娇小的腰身反复深弓再软塌下去，细嫩的脚趾死死蜷起，大量温热的肠液自{anal}不受控地涌出，隐隐还夹着一丝喷薄。
1062,action_part_a_orgasm_strong_A,0,CVP_A2_T|103_E_1&CVP_A2_A|5_LE_3,{TargetName}发育未全的娇躯剧烈地弹跳了一下，{anal}猛烈而失控地一波接一波紧缩，那收放的力道大得连她自己都招架不住。\n本是对后穴钝感的稚嫩身体，被一次又一次连续的绝顶不断推高，感度早已跃上了全新的台阶，这场绝顶因而凶悍得远超从前，把她那残存的神志冲刷得几近溃散。\n嫩红的小脸失神地泛起潮红，柔弱的腰肢一次次深深弓起旋即瘫软无力，纤瘦的大腿控制不住地痉挛乱蹬，汹涌的肠液自{anal}大股大股地淌流而下。
1063,action_part_a_orgasm_strong_A,0,CVP_A2_T|103_E_1&CVP_A2_A|5_LE_3,猛烈得不同以往的绝顶轰然席卷了{TargetName}那具娇小青涩的身体，{anal}疯狂地连续痉挛，紧绞得再无半分从容。\n这具起先对肛肠快感只感到浅淡的稚嫩胴体，历经连番不断的绝顶后早已被开发到了一个全新的敏感高度，此刻的绝顶因此来得格外凶狠，将她尚且懵懂的意识几乎整个冲垮，只余失神的颤栗。\n她稚气的脸庞失魂般地绯红一片，单薄的腰身深弓之后又彻底软倒，细弱的双腿失控地哆嗦，滚烫黏腻的肠液顺着{anal}奔涌而出，甚至溅出细细的一线。
1064,action_part_a_orgasm_strong_A,0,CVP_A2_T|103_E_1&CVP_A2_A|5_LE_3,{TargetName}还带着孩子气的娇小身躯骤然剧烈一僵，随即{anal}便一阵紧过一阵地狂乱收缩，痉挛的浪头一波高过一波。\n那原本感度低微、对后穴刺激反应寡淡的稚嫩身子，在连续多次的绝顶洗礼下敏感度已悄然登上一级新的台阶，眼下这场绝顶远比过往每一次都要来得剧烈，几乎将她小小的神志彻底淹没。\n她懵懂的眼神涣散失焦，娇嫩的腰肢反复深弓又无力垂落，纤细的脚尖死死绷紧，大量温热的肠液自{anal}汹涌溢出，隐约还伴着轻微的喷洒。
1065,action_part_a_orgasm_strong_A,0,CVP_A2_T|107_E_1&CVP_A2_A|5_G_6,早已为人妻的{TargetName}那具背负着婚姻的成熟身躯猛地绷成一张满弓，{anal}在连番绝顶后敏感度攀上了一个全新的台阶，此刻被彻底点燃，一波强过一波地疯狂痉挛绞缩着。\n这是一次远远凌驾于寻常绝顶之上的强烈高潮，快感如决堤的洪流将她的神志几乎冲垮，失神的双眸涣散无光，丰腴的腰肢反复深弓又瘫软。\n她那双修长的腿失控地颤栗乱蹬，脚趾死死蜷起，{anal}深处大量温热的肠液汹涌溢出，甚至伴着一小股喷溅。\n背叛家庭的背德刺激与灭顶的快感交织在一起，让这位人妻在{Name}面前彻底失守，只剩满脸失神的迷乱与羞愧。
1066,action_part_a_orgasm_strong_A,0,CVP_A2_T|107_E_1&CVP_A2_A|5_G_6,{TargetName}成熟的胴体骤然剧烈痉挛起来，那早已被开发得极度敏感的{anal}在接连不断的绝顶之后攀升到了新的敏感台阶，此刻不受控制地一阵接一阵猛烈绞缩。\n远超普通绝顶的强烈快感如惊涛骇浪般将她整个人吞没，意识被冲得七零八落，眼神失焦，喉间溢出破碎失序的娇喘。\n她丰润的腰肢深深弓起后又无力地塌软下去，双腿绷直又痉挛地抽搐，{anal}里滚烫的肠液汩汩涌出。\n身为人妻却在丈夫之外的男人身下沦陷至此，那份背德的禁忌感反倒将这场强绝顶推向了更炽烈的巅峰。
1067,action_part_a_orgasm_strong_A,0,CVP_A2_T|107_E_1&CVP_A2_A|5_G_6,随着又一波灭顶快感袭来，人妻{TargetName}的身体骤然失控地绷紧颤栗，{anal}早已敏感得不可思议，在连续多次绝顶后更是攀上了崭新的敏感台阶。\n这次强绝顶远比寻常绝顶来得凶猛，肠壁疯狂而不受控制地连续绞缩蠕动，将她仅剩的一丝理智彻底冲垮。\n她失神地仰起头，成熟的面庞上写满迷乱与失控，腰肢深弓又瘫软，纤长的手指痉挛地蜷曲抓挠。\n{anal}深处大量黏热的肠液喷涌而出，而背叛婚姻的愧疚与刺激却让她在{Name}身边攀上了从未有过的强烈高潮。
1068,action_part_a_orgasm_strong_A,0,CVP_A2_T|107_E_1&CVP_A2_A|5_G_6,已为人妻的{TargetName}再也压不住那从后穴深处炸裂开来的强烈快感，{anal}在一次次绝顶的累积后敏感度跃上新的台阶，此刻疯狂地收缩绞紧。\n这股远胜以往的绝顶浪潮几乎将她的神智整个冲散，失神的双眼蒙上一层水雾，丰腴的躯体绷成僵直的弧线剧烈战栗。\n她的腰肢反复弓起又软塌，修长的双腿失控地夹紧又乱颤，脚背绷得紧紧。\n温热的肠液自{anal}汹涌流淌甚至微微喷出，背德的禁忌快感将这位人妻推入了一场失神颤栗的强烈绝顶。
1069,action_part_a_orgasm_strong_A,0,CVP_A2_T|107_E_1&CVP_A2_A|5_G_6,{TargetName}成熟丰腴的身子在{SceneName}里猛然痉挛蜷缩，那被彻底开发的极敏{anal}历经连番绝顶后攀上更高的敏感台阶，此刻不听使唤地疯狂绞缩抽搐。\n凌驾于普通绝顶之上的强烈快感如潮水般将她淹没，意识几近崩散，失神的眸子涣散无神，破碎的喘息不受控制地从唇缝间溢出。\n她的腰身深深弓起又骤然瘫软，双腿绷直痉挛，{anal}里大量灼热的肠液奔涌而出并伴着小幅喷溅。\n身为人妻的她在这灭顶的强绝顶中彻底失守，背叛家庭的羞耻与快感交缠得她再无半分招架之力。

1070,action_part_a_orgasm_strong_A,0,target_is_player_daughter&CVP_A2_A|5_G_6,连续多次的肠道绝顶让身为{Name}亲生女儿的{TargetName}彻底攀上了新的高峰，她的{anal}在反复痉挛后敏感度跃升到全新台阶。\n积攒到极限的快感在这一刻猛烈炸裂，远比先前任何一次普通绝顶都要凶狠剧烈，这个乖顺的少女失神地仰望着自己的父亲，眼角溢出生理泪水。\n{anal}疯狂收缩绞紧，深处涌出大量温热肠液，甚至伴着一小股喷溅而出，她的腰肢高高弓起又无力瘫软，纤细双腿绷直颤抖，满脑子都是对爸爸的依恋与难以启齿的羞耻。
1071,action_part_a_orgasm_strong_A,0,target_is_player_daughter&CVP_A2_A|5_G_6,作为{Name}的女儿，{TargetName}早已在一轮又一轮的肛门高潮中被开发得敏感异常，此刻{anal}承受的刺激终于突破了寻常绝顶的界限。\n那股蓄积已久的强烈快感如决堤般涌上全身，比普通的绝顶来得更深更烈，让她整个人都软成一滩，只能小声抽噎着唤着爸爸。\n{anal}一下下剧烈抽搐，肠壁深处不受控制地喷涌出滚烫肠液，量多得几乎要溢出并溅落，少女的脚趾蜷缩，后背绷成漂亮的弧度，通红的脸上写满了失魂落魄的餍足。
1072,action_part_a_orgasm_strong_A,0,target_is_player_daughter&CVP_A2_A|5_G_6,经历过太多次连绵的肠道高潮之后，这个乖巧女儿的{anal}敏感度已经被彻底拔高了一个层次，如今哪怕一点余韵都能把她推向更猛烈的顶端。\n积攒到顶点的快感终于轰然爆发，那种强度远超以往的普通绝顶，{TargetName}的意识都被冲刷得一片空白，只顾着依赖地望向自己的父亲{Name}。\n她的{anal}猛烈收缩着，深处汩汩地淌出大量黏腻肠液，甚至小幅地喷洒出来，少女浑身痉挛，纤腰不住地扭动挺送，大张的双腿微微发抖。
1073,action_part_a_orgasm_strong_A,0,target_is_player_daughter&CVP_A2_A|5_G_6,在无数次肛门绝顶的累积下，{Name}的亲生女儿终于被送上了一个前所未有的敏感巅峰，{anal}对任何一丝余波都变得难以承受。\n那股汹涌到极致的快感这一刻彻底决堤，比寻常的绝顶来得更加深重猛烈，{TargetName}张着嘴却发不出完整的声音，只有断续的娇喘泄露出来。\n{anal}深处一阵阵狂乱地绞缩，涌出成股的滚热肠液并伴着轻微喷洒，她的手指死死攥紧，腰腹剧烈起伏，整张脸都因这强烈的餍足而泛起潮红，眼里满是对爸爸的孺慕。
1074,action_part_a_orgasm_strong_A,0,target_is_player_daughter&CVP_A2_A|5_G_6,这个身为{Name}女儿的少女早已被反复的肛道高潮调教得敏感到了极点，此刻{anal}里翻涌的快感彻底越过了普通绝顶的门槛。\n蓄积到临界的强烈愉悦在瞬间爆裂开来，凶猛得让她几乎失去所有力气，只能软软地瘫着无意识地呼唤爸爸。\n{anal}一波接一波地痉挛紧缩，深处大量温热的肠液喷涌而出，甚至溅出细小的水花，{TargetName}的腰肢高高抬起又重重落下，脚尖绷得笔直，通红的脸上尽是被强烈绝顶冲垮后的迷离神情。

1075,action_part_a_orgasm_strong_A,0,CVP_A2_T|102_E_1&CVP_A2_T|1_E_0&CVP_A2_A|10_LE_3,连续多次的高潮已经彻底改造了{TargetName}稚嫩的小身子，那{anal}的敏感度在一波波余韵中攀上了全新的台阶。\n娇小的她再也承受不住这陡增的快意，随着体内积攒的快感轰然决堤，一股远比之前更为凶猛的强烈绝顶狠狠贯穿了她幼小的躯体。\n{TargetName}绷直了纤细的四肢，小腹一阵阵痉挛，{anal}疯狂地开合收缩着，大量温热的肠液毫无预兆地汹涌溢出，甚至夹带着细小的喷溅。\n她仰起小脸，大眼睛失神地上翻，稚气的表情彻底被这陌生而剧烈的快感淹没，只能在{Name}面前无助地承受着一波高过一波的余震。
1076,action_part_a_orgasm_strong_A,0,CVP_A2_T|102_E_1&CVP_A2_T|1_E_0&CVP_A2_A|10_LE_3,经历了一次又一次的绝顶洗礼，{TargetName}那尚显青涩的{anal}仿佛被开发到了一个前所未有的境地，每一处褶皱都变得敏感异常。\n当汹涌的快感在她娇小的体内累积到极限，一场强度远超寻常的猛烈高潮骤然爆发，将这个稚嫩的小家伙冲击得七零八落。\n她细瘦的腰肢猛地弓起，脚趾蜷缩，紧致的{anal}一下下剧烈抽搐，从深处涌出的滚烫肠液比先前多了数倍，顺着股缝不住地淌落。\n{TargetName}张着小嘴发不出完整的音节，眼角沁出生理泪水，整个幼小的身体都在博士面前不受控制地颤栗着。
1077,action_part_a_orgasm_strong_A,0,CVP_A2_T|102_E_1&CVP_A2_T|1_E_0&CVP_A2_A|10_LE_3,不知是第几次的高潮之后，{TargetName}稚嫩的后穴敏感度终于跃升到了一个崭新的层次，连一丝轻微的刺激都能让她瞬间战栗。\n随着蓄积已久的快感彻底冲破堤坝，一阵强烈到令她无法招架的绝顶轰然席卷了她小小的身躯，比此前任何一次都要凶猛剧烈。\n她娇嫩的{anal}疯狂地痉挛收缩，仍旧紧窄的肠道一波波绞紧又松开，汩汩涌出的大量肠液将她的下身彻底浸湿，隐隐带着小股喷涌。\n{TargetName}绷紧了幼小的脊背，双腿不住地打颤，稚气未脱的脸蛋涨得通红，在{SceneName}里无声地承受着这灭顶的快意。
1078,action_part_a_orgasm_strong_A,0,CVP_A2_T|102_E_1&CVP_A2_T|1_E_0&CVP_A2_A|10_LE_3,连番不断的绝顶像潮水般冲刷着{TargetName}幼小的身体，让她那{anal}的感度一步步被推向从未触及的高峰。\n当体内那股汹涌的快感再也无处宣泄，一次远比普通高潮更为浓烈的强绝顶猛然炸开，狠狠攫住了这个稚嫩少女的每一根神经。\n她小小的身子剧烈弓起，纤细的手指死死抓紧，{anal}一阵阵急促地翕张，温热黏稠的肠液成倍地喷薄而出，甚至溅出细密的水花。\n{TargetName}仰着稚嫩的小脸痉挛不止，失神的大眼睛里满是被快感彻底征服的迷乱，娇软的身躯在{Name}身前抖个不停。
1079,action_part_a_orgasm_strong_A,0,CVP_A2_T|102_E_1&CVP_A2_T|1_E_0&CVP_A2_A|10_LE_3,在数度绝顶的接连冲击下，{TargetName}青涩的{anal}被磨砺得愈发敏感，仿佛跨过了某道门槛，快感的阈值被彻底刷新。\n积攒到顶点的快意终于寻得出口，一场强度惊人的猛烈高潮如惊雷般贯穿了她娇小玲珑的躯体，力道远非寻常绝顶可比。\n她稚嫩的肠壁疯狂收缩绞动，紧致的{anal}不受控制地一开一合，滚烫的肠液如决堤般大量涌流，还伴着一小股难以抑制的喷溢。\n{TargetName}蜷起纤细的脚趾，绷直了幼小的四肢，稚气的面容在剧烈的余韵中扭曲成一片沉醉，任由这陌生的强烈快感将自己吞没。

1080,action_part_a_orgasm_strong_A,0,CVP_A2_T|103_E_1&CVP_A2_T|1_E_0&CVP_A2_A|10_LE_3,连续多次的绝顶早已让{TargetName}那具娇小稚嫩的身子敏感到了一个全新的台阶，此刻积攒到极限的快感终于如决堤般轰然爆发。\n{anal}猛地剧烈痉挛收缩起来，一波接一波的电流从尾椎直窜向发育未全的脑髓，让这个萝莉的腰肢不受控制地高高弓起。\n她那还残留着孩童圆润的小脸涨得通红，眼角沁出生理性的泪水，稚气的表情里满是惊惶与陌生的灭顶快感。\n{anal}深处涌出大量温热的肠液，甚至伴着一小股细弱的喷溅，将紧致的穴口浸得一片泥泞。\n远比寻常绝顶更为凶猛的高潮浪潮席卷了{TargetName}尚显青涩的全身，让她纤细的手指死死蜷缩，久久无法回神。
1081,action_part_a_orgasm_strong_A,0,CVP_A2_T|103_E_1&CVP_A2_T|1_E_0&CVP_A2_A|10_LE_3,这已经是{TargetName}的后穴第不知多少次攀上顶峰，反复的绝顶将她那尚未开发完全的敏感度硬生生拔高了一截。\n随着积蓄的快感彻底满溢，{anal}骤然爆发出一场远比之前都要剧烈的强烈绝顶，紧致的肠壁疯狂地一缩一放。\n娇小的身躯绷得笔直，纤瘦的双腿痉挛似的夹紧又弹开，脚趾无意识地扣紧，喉间溢出破碎而甜腻的哭腔。\n翻涌的肠液从{anal}里汩汩渗出，量比先前多了数倍，顺着股缝淌下濡湿了一大片。\n这个萝莉青涩的面庞上写满了对如此汹涌快感的错愕，稚嫩的身子在余韵中止不住地轻颤。
1082,action_part_a_orgasm_strong_A,0,CVP_A2_T|103_E_1&CVP_A2_T|1_E_0&CVP_A2_A|10_LE_3,在这具娇小身体一次又一次的绝顶累积之下，{TargetName}后穴的感度终于跨过了某道界限，抵达了前所未有的高度。\n下一瞬，滔天的快感彻底吞没了她，{anal}猛烈地收缩绞紧，强度远超以往任何一次寻常的高潮。\n萝莉稚气未脱的眉眼皱成一团，樱唇微张却只吐得出气声，纤细的腰肢诚实地随着快感的节奏剧烈扭动。\n伴着这场凶猛的绝顶，{anal}里汹涌而出成股的滚烫肠液，甚至小幅地喷洒出来，淋漓得一塌糊涂。\n发育未全的胴体被这远胜平常的快感浪潮冲刷得瘫软，{TargetName}只能大口喘息着承受这陌生的极致。
1083,action_part_a_orgasm_strong_A,0,CVP_A2_T|103_E_1&CVP_A2_T|1_E_0&CVP_A2_A|10_LE_3,频繁降临的高潮让{TargetName}那还带着懵懂稚气的身子彻底被开发到了新的境界，敏感得如同一触即溃。\n当最后一丝理智被冲垮，{anal}陡然掀起一阵猛烈至极的绝顶狂潮，紧窄的肠道一下下痉挛着死死收拢。\n她娇小的身躯剧烈弹动，纤细白皙的脚趾紧紧蜷起，圆润的小脸上满是既恐惧又沉溺的矛盾神情。\n大量黏腻的肠液自{anal}深处翻涌喷薄，濡湿的液体夹着细碎的喷溅四处飞洒，远比小绝顶时凶猛。\n这股压倒性的快感将这个萝莉青涩的神智搅成一片空白，纤瘦的手臂无力地垂落，只余下断续的娇喘。
1084,action_part_a_orgasm_strong_A,0,CVP_A2_T|103_E_1&CVP_A2_T|1_E_0&CVP_A2_A|10_LE_3,接连不断的绝顶早已把{TargetName}稚嫩紧致的后穴磨得敏感异常，此刻积攒到顶点的快感终于彻底崩溃决堤。\n{anal}毫无预兆地爆发出一场极为强烈的高潮，紧致的肠壁一波波狂乱地收缩绞紧，力道远胜平日。\n娇小的萝莉浑身剧烈战栗，纤腰高高弓起又猛然塌下，稚气的脸颊淌满泪水，露出失神般的迷乱表情。\n翻滚的滚烫肠液从{anal}汹涌淌出，甚至夹着一小注细弱的喷流，将紧窄的穴口彻底浸得湿漉漉一片。\n这远超寻常的灭顶绝顶让{TargetName}发育未全的身子彻底失控，纤细的十指深深掐进掌心久久不松。

1085,action_part_a_orgasm_strong_A,0,CVP_A2_T|104_E_1&CVP_A2_T|1_E_0&CVP_A2_A|10_LE_3,连续数次的肠道绝顶早已将{TargetName}那处稚嫩的敏感一寸寸推上了全新的台阶，此刻积攒到极致的快感终于轰然决堤。\n{anal}猛地剧烈痉挛起来，一圈圈不受控制地连续绞缩，青春的娇躯随之剧烈弓起又骤然瘫软，纤细的四肢失控般绷直颤抖。\n远比寻常绝顶更凶猛的电流从后穴深处炸开直冲头顶，让这个只属于博士一人的少女彻底失了神，紧咬的唇齿间溢出破碎的媚吟。\n仍显紧致的{anal}在这场强烈绝顶里疯狂收缩，大量温热的肠液顺着抽搐的缝隙汩汩涌出，甚至被绞得小幅喷溅而出。
1086,action_part_a_orgasm_strong_A,0,CVP_A2_T|104_E_1&CVP_A2_T|1_E_0&CVP_A2_A|10_LE_3,一次又一次的后庭高潮把{TargetName}的敏感度硬生生顶上了一个新的高度，这一回积蓄已久的巨浪终于在她体内彻底爆开。\n她青涩的身子骤然绷成一张满弓，腰肢深深弓起后又无力地塌陷下去，两条纤腿失控地乱蹬又猛然夹紧。\n{anal}发疯般地连续抽搐绞紧，那股远超普通绝顶的强烈快感几乎将她的意识整个冲垮，眼神涣散失焦，只剩下颤栗与失神。\n尚未被完全开发的{anal}在剧烈的绞动中被大量肠液浸得湿透，浊热的液体不住地涌流而下，她羞得满脸通红却半点也止不住。
1087,action_part_a_orgasm_strong_A,0,CVP_A2_T|104_E_1&CVP_A2_T|1_E_0&CVP_A2_A|10_LE_3,在{SceneName}里，{TargetName}那被连番绝顶反复磨炼过的后穴敏感得像是换了一具身体，此刻累积到顶点的快感猛然倾泻而下。\n剧烈的高潮令她整个人失控地痉挛起来，青春的脊背一次次深深弓起，脚趾死死蜷曲，纤细的手指无意识地胡乱抓挠。\n{anal}以远比从前更疯狂的幅度连续绞缩颤动，比普通绝顶强上数倍的快感把这个初尝情事的少女冲得魂飞魄散。\n虽还残留着几分稚嫩紧致，{anal}却止不住地涌出滚烫的肠液，被强烈的收缩挤得微微喷出，濡湿了一整片。
1088,action_part_a_orgasm_strong_A,0,CVP_A2_T|104_E_1&CVP_A2_T|1_E_0&CVP_A2_A|10_LE_3,数度肠道绝顶的累积让{TargetName}的敏感彻底登上了新的阶梯，这一刻攒到极限的快感如决堤洪水般轰然释放。\n她娇嫩的身体剧烈而失控地抽搐着，腰腹一阵阵深深抽紧，柔韧的双腿绷得笔直又不受控地痉挛乱颤，脸颊烧得滚烫。\n那股凌驾于寻常绝顶之上的强烈电流从{anal}深处一路炸响，让只识得博士一人身体的她几乎被快感彻底吞没，神志摇摇欲坠。\n仍带着青涩紧窄的后庭疯狂地一缩一绞，大量黏热的肠液被绞得汩汩流淌，甚至随着剧烈的收缩小幅喷洒出来。
1089,action_part_a_orgasm_strong_A,0,CVP_A2_T|104_E_1&CVP_A2_T|1_E_0&CVP_A2_A|10_LE_3,接连不断的后穴高潮早把{TargetName}的敏感推向了一个前所未有的新台阶，此刻蓄满的极致快感终于冲破了最后的堤坝。\n青春靓丽的娇躯猛地剧烈弓起，随即又软绵绵地瘫倒，纤细的四肢失控地颤抖蹬动，紧绷的小腹不住地深深抽搐。\n{anal}疯狂地连续绞紧又松开，那份远胜普通绝顶的凶猛快感如潮水般把这个羞怯的少女整个卷走，意识几乎被冲得一片空白。\n尚显幼嫩紧致的{anal}在强烈的痉挛中被丰沛的肠液浸得淋漓，温热的液体顺着痉挛的穴口不断溢流，被绞得微微喷溅而出。

1090,action_part_a_orgasm_strong_A,0,CVP_A2_T|105_E_1&CVP_A2_T|1_E_0&CVP_A2_A|10_LE_3,经历了一波又一波的连续绝顶后，{TargetName}那具成熟的身躯猛地绷紧，{anal}的敏感度仿佛跨上了一个全新的台阶，积攒到极致的快感在这一刻彻底炸裂开来。\n她那略带青涩却又风情万种的大姐姐身体剧烈地痉挛，{anal}疯狂地收缩绞紧，一次远超以往的强烈绝顶将她整个人卷入灭顶的酥麻之中，大量温热的肠液顺着痉挛的甬道汩汩涌出，甚至伴着轻微的喷溅。\n{TargetName}仰起脖颈，成熟的脸庞上写满了失神与沉溺，在{Name}面前被这股猛烈的高潮浪潮冲刷得瘫软无力。
1091,action_part_a_orgasm_strong_A,0,CVP_A2_T|105_E_1&CVP_A2_T|1_E_0&CVP_A2_A|10_LE_3,{TargetName}在那处稚嫩紧致的后穴接连迎来数次高潮之后，快感的堤坝终于被彻底冲垮，一个前所未有的强烈绝顶轰然袭来。\n{anal}猛烈地收缩吮吸，仿佛要将一切都绞碎，那具发育成熟的大姐姐身躯弓成了一道颤抖的弧线，腰肢不受控制地扭动挺送。\n她那还带着几分不成熟的青涩表情此刻已经彻底崩溃，只剩下沉醉的失神，浓稠的肠液从紧绷的{anal}里大股大股地淌出，绝顶的强度远远盖过了之前那些细碎的小高潮，将她推向了从未体验过的酥麻巅峰。
1092,action_part_a_orgasm_strong_A,0,CVP_A2_T|105_E_1&CVP_A2_T|1_E_0&CVP_A2_A|10_LE_3,连续多次的绝顶让{TargetName}的{anal}敏感到了一个崭新的层次，当积蓄已久的快感终于决堤，一场比寻常绝顶猛烈数倍的高潮将她整个人吞没。\n她那成熟丰满的身体绷得笔直，随即又剧烈地颤栗起来，紧致的{anal}一下下痉挛收缩，绞出令人头皮发麻的强烈快感。\n{TargetName}的大腿死死夹紧，脚趾蜷曲，成熟的面容上尽是青涩少女般失控的沉迷，大量滚烫的肠液伴随着痉挛喷涌而出，甚至溅出细小的水花，让她在{Name}面前彻底失去了矜持。
1093,action_part_a_orgasm_strong_A,0,CVP_A2_T|105_E_1&CVP_A2_T|1_E_0&CVP_A2_A|10_LE_3,一波接一波的绝顶不断累加，{TargetName}那尚显稚嫩的{anal}终于跨越了敏感的临界，迎来一次强度惊人的猛烈高潮。\n她成熟优雅的躯体此刻毫无保留地痉挛扭动，腰背高高弓起，紧窄的{anal}疯狂地开合绞紧，将排山倒海般的快感一遍遍碾过她的神经。\n{TargetName}紧咬下唇，眼神涣散地失神仰头，那副想维持大姐姐从容却又被快感彻底击溃的模样格外淫靡，充盈的肠液从收缩的甬道里汹涌溢出，绝顶的余韵久久无法平息。
1094,action_part_a_orgasm_strong_A,0,CVP_A2_T|105_E_1&CVP_A2_T|1_E_0&CVP_A2_A|10_LE_3,在{SceneName}里，{TargetName}的后穴经历了太多次绝顶，敏感度被推到了一个陌生的高度，此刻一场远胜平常的剧烈高潮终于降临。\n那具成熟的大姐姐身躯猛然痉挛，{anal}紧紧绞缩着一波波抽搐，将强烈到近乎失控的快感一次次送入她的四肢百骸。\n她的手指深深抠进掌心，成熟脸庞与青涩神情交错，眼角泛起了生理性的泪光，大量温热黏腻的肠液从痉挛的{anal}中大股涌出并微微喷洒，让{TargetName}在这场猛烈绝顶中彻底沦陷。

1095,action_part_a_orgasm_strong_A,0,CVP_A2_T|106_E_1&CVP_A2_T|1_E_0&CVP_A2_A|10_LE_3,{TargetName}那具成熟丰腴的身躯毫无预兆地剧烈一挺，{anal}猛然发狂似的连续痉挛收缩起来，一波接一波不受控制地绞紧又松开。\n在这处连续数度攀上顶峰之后，敏感度早已被拔高到全新的台阶，此刻迎来的绝顶远比寻常那几次要凶猛得多，几乎将她成熟的神智整个冲垮。\n丰润的腰肢深深弓起旋即又瘫软下去，修长的双腿失控地颤抖蹬动，成熟的脸庞彻底失了往日的从容，只余下失神的战栗。\n大量温热的肠液自{anal}汹涌涌出，甚至夹着一小股喷溅，在{SceneName}里将这场远超普通绝顶的强烈高潮淋漓地宣泄出来。
1096,action_part_a_orgasm_strong_A,0,CVP_A2_T|106_E_1&CVP_A2_T|1_E_0&CVP_A2_A|10_LE_3,骤然间{TargetName}丰腴成熟的身子绷成一张满弓，{anal}疯狂而绵密地抽搐起来，一阵紧似一阵地深深绞缩，仿佛要把整个人的力气都吸卷进去。\n连番的绝顶早已让这处的敏感一层层堆叠上去，如今这一记来得又深又猛，是寻常绝顶远不能比的强度，直把她多年历练出的沉稳一举击碎。\n她的腰反复深弓又猝然塌软，四肢无力地痉挛乱颤，成熟的眉眼间尽是被快感冲得溃不成军的失神。\n浓稠的肠液从{anal}大量泌溢而出，将这场凶悍的强绝顶浇灌得酣畅淋漓。
1097,action_part_a_orgasm_strong_A,0,CVP_A2_T|106_E_1&CVP_A2_T|1_E_0&CVP_A2_A|10_LE_3,{TargetName}成熟的胴体陡然一僵，随即毫无节制地剧烈颤栗，{anal}一下下地狂乱绞紧，收缩的力道之凶几乎叫人招架不住。\n在这处接连高潮了好几回后，那份敏锐已被彻底激活到崭新的层次，眼下这一波绝顶远比之前任何一次都要来得汹涌，将她成熟从容的意识几乎整个卷走。\n丰腴的腰肢深深弓起又乏力垂落，成熟白皙的双腿绷得笔直而后失控地抽搐，端庄多年的面容此刻只剩下一片失神的迷乱。\n大量滚烫的肠液顺着{anal}不住地涌淌，将这场强烈非凡的绝顶尽数倾泻在{SceneName}中。
1098,action_part_a_orgasm_strong_A,0,CVP_A2_T|106_E_1&CVP_A2_T|1_E_0&CVP_A2_A|10_LE_3,没有半点征兆，{TargetName}那具丰满成熟的身体猛地弹了一下，{anal}便发狂般连绵不绝地深深痉挛，一圈圈死死绞缩起来，凶猛得近乎失控。\n经过这处一连串的顶峰累积，她的敏感度早已跃上一个全新的台阶，此刻这记绝顶来势汹汹，强度远非平日那几次可比，几乎要把她成熟的神志尽数冲垮。\n她成熟丰润的腰肢反复深深弓起而后彻底瘫软，双腿失控地乱蹬颤栗，脸上再无半分成熟妇人的镇定，只余失神的痉挛。\n温热的肠液自{anal}大股大股地淌落，甚至微微喷溅，将这场远胜寻常的强绝顶宣泄得酣畅。
1099,action_part_a_orgasm_strong_A,0,CVP_A2_T|106_E_1&CVP_A2_T|1_E_0&CVP_A2_A|10_LE_3,{TargetName}丰腴成熟的躯体倏地剧烈抽搐起来，{anal}疯狂而深长地一阵阵绞紧收缩，那股汹涌的快感排山倒海般席卷了她全身。\n在这处反复攀顶多次之后，敏感度被生生拔高了一个层次，如今迎来的这场绝顶凶猛得判若两样，远远盖过了普通绝顶，几乎将她多年养成的从容神智整个击溃。\n成熟的腰肢深深弓起复又酥软瘫倒，修长双腿绷直后失控地颤抖，一贯沉稳的面庞此刻尽是被快感冲得溃散的失神。\n大量浓热的肠液从{anal}汹涌而出，把这场强烈至极的高潮在{SceneName}里彻底倾泻出来。

1100,action_part_a_orgasm_strong_A,0,CVP_A2_T|107_E_1&CVP_A2_T|1_E_0&CVP_A2_A|10_LE_3&high_3,已为人妻的{TargetName}在一连串绝顶余韵尚未退去之际，成熟的身躯骤然绷成紧弓，{anal}在连番高潮的反复冲刷下，敏感度陡然攀上了一个崭新的台阶。\n这一次席卷而来的绝顶远比先前任何一次都凶猛，稚嫩紧致的肠壁疯狂而失控地一阵阵深深绞缩，将那股无从抵御的灭顶快感一浪高过一浪地推上顶点，丰腴的腰肢深深塌陷后又骤然瘫软。\n她那双大腿失控地痉挛乱颤，身为人妻的端庄与背德的愧疚在此刻被彻底冲垮，失神的眼神涣散无光，大量温热的肠液自{anal}不住涌出，甚至夹着一小股喷溅。
1101,action_part_a_orgasm_strong_A,0,CVP_A2_T|107_E_1&CVP_A2_T|1_E_0&CVP_A2_A|10_LE_3&high_3,连续数次的绝顶叠加在一起，将人妻{TargetName}成熟的身子推入一场远超寻常的剧烈高潮，{anal}被反复的快感磨得敏感度节节拔高，此刻竟迎来了一记非同小可的强烈绝顶。\n那尚未被彻底开发的紧致肠道不受控制地连连痉挛，一圈圈死死绞紧又猛地松开，将排山倒海般的快感一遍遍碾过她的下腹深处。\n她的腰肢深深弓起又无力垮塌，脚趾痉挛般蜷缩，背叛婚姻的禁忌刺激令她几近失神，唇齿间溢出破碎的颤吟，滚烫的肠液顺着{anal}汹涌淌落。
1102,action_part_a_orgasm_strong_A,0,CVP_A2_T|107_E_1&CVP_A2_T|1_E_0&CVP_A2_A|10_LE_3&high_3,一波又一波的绝顶接连不断地累积，终于将已为人妻的{TargetName}彻底推上了一个前所未有的快感巅峰，{anal}在无数次高潮的洗礼后敏感得不可思议，此刻爆发出一场几乎将她意识冲垮的强烈绝顶。\n仍显稚嫩的紧致肠壁剧烈而毫无节制地深深收缩绞紧，一阵接一阵的战栗顺着腰脊窜遍全身。\n她成熟的躯体失控地弓起又瘫软，四肢无意识地颤抖乱蹬，背德的快意与羞愧交织成灭顶的洪流，大量肠液自{anal}喷涌般溢出。
1103,action_part_a_orgasm_strong_A,0,CVP_A2_T|107_E_1&CVP_A2_T|1_E_0&CVP_A2_A|10_LE_3&high_3,在接二连三的绝顶反复冲击之下，人妻{TargetName}那具丰腴成熟的身体的敏感度悄然跃上了一层新的台阶，随即被一记远比往常猛烈的强绝顶狠狠攫住。\n{anal}疯狂而失控地一下下绞缩颤动，将那股势不可挡的快感浪潮一次次推向极致，她紧致而娇嫩的肠道随之痉挛得几乎失去了知觉。\n她背弓成弧又骤然塌软，失神的双眸蒙上一层水雾，作为人妻的矜持在这灭顶快感前土崩瓦解，温热的肠液不受控制地自{anal}汩汩涌流而下。
1104,action_part_a_orgasm_strong_A,0,CVP_A2_T|107_E_1&CVP_A2_T|1_E_0&CVP_A2_A|10_LE_3&high_3,数度绝顶层层累叠，将身为人妻的{TargetName}的敏感彻底催上一个崭新的高度，一场凶猛得令她浑身战栗的强绝顶轰然炸开在她成熟的身体深处。\n{anal}不受控制地剧烈痉挛收缩，稚嫩紧致的肠壁一圈圈疯狂绞紧，将排山倒海的快感一遍遍狠狠碾过，逼得她成熟的腰肢反复深弓又无力瘫软。\n她的四肢失控地颤栗抽搐，意识几乎被这灭顶的浪潮冲得涣散，背叛家庭的背德快感令她愧疚又沉沦，大量滚烫的肠液自{anal}奔涌而出，还溅出些许。

1105,action_part_a_orgasm_strong_A,0,target_is_player_daughter&CVP_A2_T|1_E_0&CVP_A2_A|10_LE_3,连续数次的肠道绝顶早已将{TargetName}那具稚嫩的身子推上了一个全新的敏感台阶，此刻积攒到极致的快感终于彻底炸裂开来。\n{anal}猛地剧烈痉挛，一圈圈失控地收缩绞紧，稚嫩紧致的肠壁疯狂吮吸抽搐，那股远超以往的凶猛快感如潮水般将这个亲生女儿彻底淹没。\n她的腰肢深深弓起后又骤然瘫软，纤细的双腿失控地绷直乱蹬，脚趾死死蜷缩，脸颊涨得通红，眼神失神涣散，意识几乎被这股恐怖的快感冲得支离破碎。\n大量温热的肠液从抽搐不止的{anal}汹涌溢出，甚至伴着一小股喷溅，稚嫩的身体在爸爸面前颤抖不休，连一句完整的话都吐不出来。
1106,action_part_a_orgasm_strong_A,0,target_is_player_daughter&CVP_A2_T|1_E_0&CVP_A2_A|10_LE_3,经历了一波又一波肠道高潮的洗礼，{TargetName}那尚显稚嫩的后穴敏感度早已攀升到从未有过的高度，蓄积已久的巨大快感在这一刻轰然决堤。\n{anal}疯狂而不受控地连续抽搐绞缩，紧致的肠壁一阵阵痉挛着死死咬合，那股比寻常绝顶猛烈数倍的快感狠狠贯穿了她幼小的身躯。\n少女的背脊反复深深弓起，四肢无力地痉挛颤栗，紧绷的小腹一下下抽动，嫩红的脸蛋失控扭曲，嘴唇微张却只溢出破碎的媚吟。\n浓稠的肠液顺着仍在收缩的{anal}大量流淌而下，她整个人失神地瘫软下去，连眼前的父亲都变得一片模糊。
1107,action_part_a_orgasm_strong_A,0,target_is_player_daughter&CVP_A2_T|1_E_0&CVP_A2_A|10_LE_3,在{SceneName}里，{TargetName}的肠道已在方才连续的绝顶中被彻底开发到了一个新的层次，此刻那被推到顶点的快感终于凶猛地爆发出来。\n稚嫩紧致的{anal}剧烈地抽搐收紧，一波接一波地失控绞动，比普通绝顶强烈太多的电流般快感从后穴深处直冲头顶，将她的理智几乎焚烧殆尽。\n她的腰身骤然绷成一道颤抖的弧线，随即又软软塌下，纤细手指痉挛地抓握，双腿夹紧又猛地打开，通红的脸上写满失控的迷乱。\n一股股滚烫的肠液自痉挛的{anal}不住涌出，这个失神颤栗的女儿只能任由那股强烈的快感将自己彻底吞没。
1108,action_part_a_orgasm_strong_A,0,target_is_player_daughter&CVP_A2_T|1_E_0&CVP_A2_A|10_LE_3,数度肠道绝顶的累积让{TargetName}那稚嫩的后穴敏感得如同换了一副身子，压抑不住的凶猛快感在此刻彻底冲垮了她最后的防线。\n{anal}猛然剧烈痉挛起来，紧窄的肠壁一圈圈疯狂收缩绞紧，那远比寻常绝顶更为汹涌的快感狠狠攫住了这个少女的整具身体。\n她的腰肢深弓而后失控瘫软，绷直的双腿不住抽搐乱颤，脚趾蜷曲，眼角泛起生理泪水，意识在这股狂潮里几乎被冲得一片空白。\n大量温热黏腻的肠液从收缩不止的{anal}汹涌而出，稚嫩的身躯在父亲身前抖得不能自已，喉间只剩断续的娇喘。
1109,action_part_a_orgasm_strong_A,0,target_is_player_daughter&CVP_A2_T|1_E_0&CVP_A2_A|10_LE_3,连番的后穴高潮早已把{TargetName}的敏感度抬升到了一个崭新的台阶，蓄积到顶点的庞大快感终于在这一瞬凶猛地释放出来。\n{anal}失控地剧烈绞缩抽搐，稚嫩而紧致的肠道一下下疯狂痉挛咬合，那股足以令她灵魂震颤的强烈快感将这个亲生女儿彻底击溃。\n她的脊背反复深深弓起又骤然塌软，四肢颤抖着乱蹬，小腹剧烈起伏，绯红的脸蛋失神地扭曲，眼神涣散得几乎聚不起焦。\n浓稠滚烫的肠液伴着一小簇喷溅从抽搐的{anal}汹涌淌落，她整个人瘫软颤栗，连唤一声爸爸的力气都已散尽。

1110,action_part_a_orgasm_strong_A,0,CVP_A2_T|102_E_1&CVP_A2_T|1_E_0&CVP_A2_A|10_G_3&CVP_A2_A|10_LE_6,{TargetName}那具幼小的身体猛地一僵，随即剧烈地颤抖起来，{anal}不受控制地一阵阵强烈收缩痉挛，将连日积攒的巨量快感一齐迸发出来。\n这一次的绝顶远比之前任何一次都要凶猛，稚嫩的小腹一下下深深抽搐，幼嫩的腰肢反复弓起又无力塌软，细嫩的四肢止不住地颤栗乱蹬。\n早已被反复开发得熟练的后穴此刻敏感度骤然跃上一个新的台阶，肠壁一波接一波地节律蠕动，大量温热的肠液顺着{anal}的褶皱汩汩涌出，甚至夹着小股喷溅，将小小的身体彻底淹没在失控的强高潮浪潮里，懵懂的眼神满是迷茫与震惊。
1111,action_part_a_orgasm_strong_A,0,CVP_A2_T|102_E_1&CVP_A2_T|1_E_0&CVP_A2_A|10_G_3&CVP_A2_A|10_LE_6,在一次次连续绝顶的层层累积下，{TargetName}幼嫩的身体早已被推到了承受的极限，{anal}骤然以前所未有的强度剧烈痉挛，一圈接一圈地疯狂收紧，把整具娇小的身子震得支离破碎。\n娇小的身体不由自主地绷紧弓起，稚嫩的双腿无力地颤抖乱蹬，细嫩的手指痉挛地死死抠紧，泪水不知不觉从大眼睛里滚落。\n有经验的肠道熟练地一张一缩配合着这股冲击，敏感度在反复高潮中攀上崭新的高度，滚烫的肠液哗哗地大量溢流，幼小的腰肢在剧烈抽搐中一次次弓起又跌落，整具稚气的小身子都在这远超寻常的强绝顶中失控颤栗。
1112,action_part_a_orgasm_strong_A,0,CVP_A2_T|102_E_1&CVP_A2_T|1_E_0&CVP_A2_A|10_G_3&CVP_A2_A|10_LE_6,{TargetName}幼小的身躯蓦地爆发出剧烈的战栗，{anal}拼命地、不由自主地深深收缩，每一下痉挛都比寻常绝顶更猛更深，将积蓄起来的海量快感以摧枯拉朽的势头一齐轰然释放。\n稚嫩的腰肢一次次高高弓起，细嫩的四肢颤抖到失控，幼小的小腹止不住地抽搐起伏，滚热的肠液顺着娇嫩的股缝大片流淌。\n这一次的强绝顶让尚不熟悉如此快感的幼小身体彻底招架不住，久经开发的{anal}在崭新的敏感高度上疯了般绞紧，懵懂的意识几乎被这远超以往的快感浪潮整个吞没，失神的眼里漫开一片茫然而慌乱的泪光。
1113,action_part_a_orgasm_strong_A,0,CVP_A2_T|102_E_1&CVP_A2_T|1_E_0&CVP_A2_A|10_G_3&CVP_A2_A|10_LE_6,连续绝顶的快感早已将{TargetName}幼小的身体推到了崩溃的临界，{anal}终于以压倒一切的剧烈痉挛彻底炸裂，肠壁疯狂地一收一绞，每一次抽搐都把稚嫩的小身子震得剧烈发颤。\n细嫩的腰肢在强绝顶中深深弓起后又整个瘫软，幼嫩的双腿无力地颤抖乱蹬，稚气的小脸上满是无法抑制的潮红与泪痕。\n久经开发的后穴敏感度已跃上崭新的层次，温热的肠液源源不断地大量涌出，还伴着一小股喷溅，幼小的身体在这远远超过普通绝顶的强高潮中失控地绞缩着，懵懵懂懂却又丝毫无从抵抗，{anal}兀自一下下痉挛不休。
1114,action_part_a_orgasm_strong_A,0,CVP_A2_T|102_E_1&CVP_A2_T|1_E_0&CVP_A2_A|10_G_3&CVP_A2_A|10_LE_6,{TargetName}稚嫩的小身子骤然绷到极限，随即以剧烈的抽搐彻底溃散，{anal}以远胜以往任何一次的强度疯狂痉挛收紧，将淤积在娇嫩小身体里的海量快感悉数榨压而出。\n幼小的腰肢不住地猛烈弓起又沉沉塌落，细嫩的四肢止不住地痉挛发颤，泪水与滚烫的肠液几乎同时失控地涌溢流淌，将娇嫩的身子浸得一片湿热。\n在无数次绝顶的开发下，熟练的肠道敏感度大幅攀升，此刻每一寸内壁都在疯狂绞动，幼小的躯体在这次强绝顶里彻底丧失了自控，稚气的眼神满是被巨浪般的快感整个淹没的迷茫与失神，{anal}深处犹自绵密地收缩着。

1115,action_part_a_orgasm_strong_A,0,CVP_A2_T|104_E_1&CVP_A2_A|5_LE_3,少女{TargetName}那具青春洋溢的身子骤然剧烈地绷紧起来，{anal}不受控制地一阵接一阵深深痉挛收缩，原本迟钝低敏的后穴此刻竟被逼上了一个全新的台阶，在连续多次绝顶之后迎来了这一场远超寻常的强烈高潮。\n她纤细的腰肢猛地深深弓起又颓然瘫软，青涩的双腿失控地颤抖乱蹬，稚气的脸蛋上满是失神的潮红，圆睁的眼眸涣散无光。\n大量温热的肠液顺着抽搐不止的{anal}汩汩涌出，甚至隐隐有小股喷溅而出，将这场几乎冲垮她意识的强绝顶淋漓尽致地宣泄了出来。
1116,action_part_a_orgasm_strong_A,0,CVP_A2_T|104_E_1&CVP_A2_A|5_LE_3,一波远比之前任何一次都要凶猛的快感狠狠贯穿了{TargetName}的下腹，那原本感度低下的{anal}在反复攀顶后敏感度陡然拔高，此刻正剧烈而不受控制地连续绞缩着，将这远超普通绝顶的强烈高潮一寸寸描摹出来。\n少女青春的躯体绷成一张满弓，随即又软倒下去，纤长的四肢无力地痉挛颤栗，娇嫩的面庞失神地仰起，唇齿间溢出破碎的颤息。\n浓稠的肠液从深处大量翻涌而下，濡湿了整片{anal}，在{SceneName}里将这几乎将她冲垮的强绝顶尽数倾泻而出。
1117,action_part_a_orgasm_strong_A,0,CVP_A2_T|104_E_1&CVP_A2_A|5_LE_3,{TargetName}稚嫩的身体毫无预兆地重重一震，{anal}猛烈地抽搐起来，一下比一下更深地向内攫紧，这具后穴向来感度浅淡，却在一次次连绵的绝顶之后被彻底开发到了新的境地，终于迸发出一场汹涌至极的强烈高潮。\n她青春的腰身反复深弓又瘫软，白嫩的大腿根紧紧夹拢又骤然松开，失神的眼底泛起迷蒙的水光，意识几乎被这股洪流冲得支离破碎。\n大股肠液顺着颤抖的{anal}奔涌而出，将这远胜以往的强绝顶毫无保留地喷洒开来。
1118,action_part_a_orgasm_strong_A,0,CVP_A2_T|104_E_1&CVP_A2_A|5_LE_3,强烈到近乎失控的绝顶洪流骤然席卷了{TargetName}青春的全身，{anal}剧烈地连续痉挛绞紧，一阵猛过一阵，那本就迟钝低敏的肠道在多番攀顶后被推上了崭新的敏感台阶，终于爆发出这场远超寻常的凶猛高潮。\n少女娇小的身躯剧烈战栗，纤腰深深弓起后又彻底瘫软，稚气未脱的脸上写满失神与迷乱，圆润的眼眸涣散得几乎聚不起焦。\n翻涌的肠液大量自{anal}倾泻而下，甚至隐隐溅出，将她这场灵魂震颤般的强绝顶宣泄殆尽。
1119,action_part_a_orgasm_strong_A,0,CVP_A2_T|104_E_1&CVP_A2_A|5_LE_3,这一次的绝顶远比从前任何一回都来得凶狠猛烈，{TargetName}青涩的身子霎时绷得死紧，{anal}失控般地一波波深深收缩抽搐，原先感度低下的后穴在连番高潮的锤炼下敏感度节节攀升，迎来了这一场撼动身心的强烈绝顶。\n她纤细的腰肢一次次深弓又无力垂落，稚嫩的双腿痉挛着乱颤，红透的小脸满是失神的痴迷，急促的喘息碎裂成一片。\n大量滚烫的肠液自不住痉挛的{anal}汹涌淌出，将这几乎冲垮她心神的强绝顶淋漓地释放出来。

1120,action_part_a_orgasm_strong_A,0,CVP_A2_T|103_E_1&CVP_A2_T|1_E_0&CVP_A2_A|10_G_3&CVP_A2_A|10_LE_6&high_1,娇小的{TargetName}早已在这一处连续攀上了好几回顶峰，稚嫩的身子敏感度被一层层堆叠到了全新的台阶。\n此刻积攒到极致的快感终于轰然炸开，一道远比寻常绝顶更为凶猛的浪潮从{anal}深处狠狠掀起，将她小小的躯体彻底吞没。\n{anal}不受控制地一阵阵剧烈痉挛收缩，幼嫩的腰肢深深弓起又骤然瘫软，纤细的四肢失控地绷紧颤抖。\n稚气的小脸上满是失神的恍惚，圆润的眼眸失了焦距，大量温热的肠液自那紧缩的媚穴汩汩涌出，甚至夹着一小股喷溅。\n有经验的后穴熟稔地绞紧又松开，将这场强烈到几乎冲垮意识的绝顶延续得格外漫长。
1121,action_part_a_orgasm_strong_A,0,CVP_A2_T|103_E_1&CVP_A2_T|1_E_0&CVP_A2_A|10_G_3&CVP_A2_A|10_LE_6&high_1,连番的高潮已把{TargetName}娇小的身体推上了新的敏感高度，稚嫩的后庭在反复的顶点后变得愈发贪婪而熟练。\n随着累积的快感一齐迸发，一次强度远超普通绝顶的极乐骤然席卷了她单薄的躯壳。\n{anal}猛地收缩成一团，紧接着又是一波接一波不受控制的深沉抽搐，牵得小腹一下下痉挛。\n她细嫩的腰背反复深深塌陷又弓起，小小的脚趾死死蜷曲，稚气的面庞失控地扭出迷乱的媚态。\n汹涌的肠液顺着痉挛的{anal}大量流淌下来，那双原本清澈的眼睛此刻已被绝顶冲刷得一片空茫。
1122,action_part_a_orgasm_strong_A,0,CVP_A2_T|103_E_1&CVP_A2_T|1_E_0&CVP_A2_A|10_G_3&CVP_A2_A|10_LE_6&high_1,{TargetName}这具尚在发育的娇躯已在同一处连续绝顶了太多次，稚嫩的肠壁被快感反复淬炼得敏感度直线飙升。\n当堆积如山的快感终于决堤，一记凶猛得令她几乎失去意识的强绝顶自{anal}最深处轰然爆发。\n有经验的后穴熟练却又失控地剧烈蠕动绞紧，一波波痉挛从穴口一路蔓延至小腹深处。\n娇小的身子绷成一张满弓，随即又脱力般瘫软下去，纤细的双腿无意识地乱蹬颤栗。\n她仰起稚气的脸失神地大口喘息，滚烫的肠液自{anal}汹涌溢出，浸得下身一片濡湿黏腻。
1123,action_part_a_orgasm_strong_A,0,CVP_A2_T|103_E_1&CVP_A2_T|1_E_0&CVP_A2_A|10_G_3&CVP_A2_A|10_LE_6&high_1,一次又一次的顶峰早已将{TargetName}幼嫩的身体调教到全新的敏感层级，此刻积蓄的快感终于彻底失控。\n一股远比往常更为狂暴的绝顶浪潮从{anal}深处席卷而上，将她娇小的躯体连同残存的理智一并卷走。\n{anal}发疯似的连续收缩痉挛，熟练的肠道一下下绞紧又猛地松弛，将强烈的快感反复放大。\n她单薄的腰肢深深弓起后又软塌下来，稚气未脱的小脸涨得通红，唇间溢出破碎失神的娇吟。\n大量温热的肠液伴着轻微的喷溅自{anal}汹涌而出，圆溜溜的眼眸已被这场强绝顶冲刷得涣散无神。
1124,action_part_a_orgasm_strong_A,0,CVP_A2_T|103_E_1&CVP_A2_T|1_E_0&CVP_A2_A|10_G_3&CVP_A2_A|10_LE_6&high_1,娇小的{TargetName}在这一处连绵不断地攀顶多次后，稚嫩的后穴敏感度已跃上了一个崭新的台阶。\n蓄积到顶点的快感此刻一齐倾泻而出，一场强度骇人的绝顶将她幼小的身体狠狠掀翻。\n{anal}毫无节制地剧烈抽搐绞缩，熟练的肠壁一阵阵深沉蠕动，把这股极乐延展得又长又烈。\n她纤细的四肢失控地绷直又颤抖，小小的腰身反复深弓，稚气的面容失神地扭作一团媚乱。\n随着{anal}的猛烈收缩，滚烫的肠液大股大股地涌流而下，几乎要将她小小的身子彻底融化。

1125,action_part_a_orgasm_strong_A,0,CVP_A2_T|104_E_1&CVP_A2_T|1_E_0&CVP_A2_A|10_G_3&CVP_A2_A|10_LE_6,连续多次的绝顶早已将{TargetName}青春的身体推上了一个全新的敏感台阶，此刻一股远比之前任何一次都要凶猛的快感自尾椎骨深处轰然炸开。\n{anal}再也压抑不住地剧烈痉挛起来，一波接一波地疯狂收缩，紧接着又不受控制地大幅翕张，将这场强烈的绝顶宣泄得淋漓尽致。\n少女青涩的腰肢反复深弓而后又猛地瘫软，纤细的双腿失控地颤抖乱蹬，脚趾死死蜷起。\n她那张稚气未脱的脸庞彻底失了神，眼神涣散，意识几乎被这灭顶的强烈快感彻底冲垮，早已被开发得熟练的{anal}深处更是有大量温热的肠液汹涌涌出，甚至伴着一小股喷溅。
1126,action_part_a_orgasm_strong_A,0,CVP_A2_T|104_E_1&CVP_A2_T|1_E_0&CVP_A2_A|10_G_3&CVP_A2_A|10_LE_6,在这一部位接连高潮了太多次之后，{TargetName}后穴的敏感度已攀升到令她自己都陌生的高度，于是这一次的绝顶来得格外汹涌骇人。\n有过丰富经验的{anal}熟练却又失控地绞紧，紧致的肠壁一阵阵剧烈蠕动收缩，随即又大幅松弛，如此循环往复地释放着积攒到极限的快感。\n青春的胴体绷成一张满弓，腰腹反复剧烈抽搐，白皙的大腿根不住地打颤。\n少女再也维持不住往日的羞涩矜持，喉间只溢出破碎的气音，意识在这远超寻常的强烈快感里几近溃散，大量黏腻的肠液顺着战栗的{anal}汩汩淌落。
1127,action_part_a_orgasm_strong_A,0,CVP_A2_T|104_E_1&CVP_A2_T|1_E_0&CVP_A2_A|10_G_3&CVP_A2_A|10_LE_6,经历了一次又一次的连续绝顶，{TargetName}娇嫩的后穴仿佛被彻底唤醒，敏感度整整跃升了一个层级，此刻迎来了强度远胜以往的猛烈高潮。\n{anal}毫无保留地剧烈收缩绞动，一圈圈紧致的褶皱疯狂开合，将这股排山倒海般的快感一寸寸榨取出来。\n她青春洋溢的身子剧烈战栗，腰肢深深弓起又无力垮塌，纤长的双腿绷得笔直而后失控乱颤。\n少女的双眸失焦泛起水光，神志被这灭顶的快意冲得七零八落，早已适应了这般刺激的{anal}深处涌出滚烫的肠液，量多得甚至微微喷出。
1128,action_part_a_orgasm_strong_A,0,CVP_A2_T|104_E_1&CVP_A2_T|1_E_0&CVP_A2_A|10_G_3&CVP_A2_A|10_LE_6,快感在{TargetName}体内层层累积攀升，连续数次的绝顶将她的后穴磨砺得愈发敏感，终于在这一刻爆发出一场非比寻常的强烈高潮。\n历经开发的{anal}熟极而流地剧烈痉挛，紧窄的肠道一波波狂乱地收紧又骤然松开，将积压到顶点的快感一齐倾泻。\n青涩的腰腹止不住地深深弓起再猛然塌软，绷直的双腿无力地颤抖蹬动，脚趾痉挛般地紧扣。\n少女那张年轻的脸上写满失神与迷乱，意识几乎被这远超平日的强烈快感掀翻，充盈的肠液自颤栗不止的{anal}大量渗涌而下。
1129,action_part_a_orgasm_strong_A,0,CVP_A2_T|104_E_1&CVP_A2_T|1_E_0&CVP_A2_A|10_G_3&CVP_A2_A|10_LE_6,这具青春的躯体在反复的绝顶中被推向了敏感的全新高度，此番袭来的高潮比过往每一次都更加凶猛剧烈，几乎要将{TargetName}整个人吞没。\n经验丰富的{anal}不受控制地连续绞紧，环状的肌肉一下下疯狂收缩颤搐，随即又大幅张弛，将这场强绝顶尽数释放。\n少女纤细的腰身反复弓起又软塌，白嫩的双腿夹紧又失控地乱蹬，指尖死死攥紧。\n她清澈的眼眸彻底失了焦距，稚嫩的神智被这灭顶般的快意冲得近乎空白，被彻底征服的{anal}里翻涌出大量灼热的肠液，甚至溢出细小的喷流。

1130,action_part_a_orgasm_strong_A,0,CVP_A2_T|105_E_1&CVP_A2_T|1_E_0&CVP_A2_A|10_G_3&CVP_A2_A|10_LE_6&high_1,接二连三的绝顶早已将{TargetName}的{anal}敏感度推上了一个全新的台阶，此刻积攒到顶点的快感终于轰然炸开。\n{anal}猛地剧烈痉挛起来，一波接一波不受控制地收缩绞紧，那具介于成熟与青涩之间的大姐姐身躯被彻底冲垮，腰肢深深弓起后又骤然瘫软。\n她的四肢失控地颤抖乱蹬，成熟的脸庞失神地仰起，眼神涣散，明明想凭着几分经验放松身体去承接这股洪流，却反被远超以往的强度冲得毫无招架之力。\n大量温热的肠液自{anal}深处汹涌溢出，甚至伴着一小股喷薄，将她这场剧烈失控的强绝顶淋漓尽致地宣泄出来。
1131,action_part_a_orgasm_strong_A,0,CVP_A2_T|105_E_1&CVP_A2_T|1_E_0&CVP_A2_A|10_G_3&CVP_A2_A|10_LE_6&high_1,这已不知是{TargetName}第几次攀上绝顶，反复的高潮让{anal}的感度节节拔高，终于在这一刻迎来了远比寻常更为凶猛的强烈绝顶。\n{anal}毫无节制地连续抽搐绞缩，疯狂地蠕动翻搅，成熟丰润的腰身反复深弓再一次次脱力垂下。\n大姐姐平日里那份从容优雅荡然无存，失神的双眸失焦地睁着，青涩与惊惶交织在潮红的脸上，纤长的双腿绷得笔直又骤然乱颤。\n汹涌的肠液自{anal}深处大股涌落，几乎要小幅喷出，将这场几乎冲垮意识的剧烈绝顶烙印在她颤栗的身体里。
1132,action_part_a_orgasm_strong_A,0,CVP_A2_T|105_E_1&CVP_A2_T|1_E_0&CVP_A2_A|10_G_3&CVP_A2_A|10_LE_6&high_1,在接连绝顶了太多次之后，{TargetName}的{anal}敏感度已悄然跃上崭新的高度，此刻蓄满的快感如决堤般轰然倾泻而下。\n{anal}剧烈而失控地一阵阵深深绞紧，那具成熟身躯猛然绷成一张满弓，随即又整个瘫软下去，四肢无力地痉挛颤动。\n她想凭着几分肛交的经验主动迎合，去驾驭这陌生而磅礴的强度，却终究被冲得神志几近溃散，只能失神地张着嘴无声战栗。\n翻涌的滚烫肠液自{anal}深处一波波淌落，将这远超普通绝顶的剧烈高潮尽数倾诉。
1133,action_part_a_orgasm_strong_A,0,CVP_A2_T|105_E_1&CVP_A2_T|1_E_0&CVP_A2_A|10_G_3&CVP_A2_A|10_LE_6&high_1,一次次的高潮层层叠加，将{TargetName}的{anal}感度硬生生抬高了一整个档次，压抑到极点的快感终于在此刻彻底爆发。\n{anal}猛烈地连番痉挛收缩，绞得死紧又骤然松开，介于成熟与稚气之间的大姐姐被这股洪流冲得腰身反复弓起、脊背一次次深深塌陷。\n她失神地仰着头，成熟的面容尽是失控的迷乱，纤指死死抓握着，双腿绷直又不由自主地剧烈乱颤，连呼吸都碎成了断续的颤抖。\n温热黏腻的肠液自{anal}深处大量涌出，甚至夹着一丝喷溅，尽情昭示着这场几乎冲垮她理智的强绝顶。
1134,action_part_a_orgasm_strong_A,0,CVP_A2_T|105_E_1&CVP_A2_T|1_E_0&CVP_A2_A|10_G_3&CVP_A2_A|10_LE_6&high_1,绝顶一次紧接一次，早已把{TargetName}的{anal}敏感推到了前所未有的巅峰，此刻堆积如山的快感倏地齐齐迸发。\n{anal}不受控制地剧烈翻搅收缩，一圈圈疯狂绞动，成熟的身躯剧烈战栗，腰肢深弓之后又软软瘫倒，四肢失控地抽搐蹬动。\n她惯于承欢的身体这次也彻底失了分寸，失神的眼底一片茫然，脸上青涩与沉沦交叠，唇齿颤动着却发不出半点清晰的声响。\n蓄势已久的肠液自{anal}深处汹涌奔流，几近小幅喷薄而出，将这远胜寻常、几乎将她冲垮的剧烈强绝顶展现得淋漓尽致。

1135,action_part_a_orgasm_strong_A,0,CVP_A2_T|106_E_1&CVP_A2_T|1_E_0&CVP_A2_A|10_G_3&CVP_A2_A|10_LE_6&high_1,经历了一次又一次的肛门绝顶之后，{TargetName}那具丰腴成熟的身体早已被开发到一个全新的敏感台阶，此刻积攒到极点的快感终于轰然炸开。\n{anal}猛地剧烈痉挛起来，一波接一波不受控制地深深收缩，成熟的腰肢反复深弓而后又瘫软下去，修长的双腿失控地颤抖乱蹬。\n多年历练出的从容此刻荡然无存，她的意识几乎被这远超寻常的强烈绝顶彻底冲垮，眼神失神地涣散开来，丰满的胴体一阵阵剧烈战栗。\n大量温热的肠液自{anal}深处汹涌溢出，甚至伴随着一小股难以抑制的喷溅，将这场惊人的强绝顶淋漓地宣泄出来。
1136,action_part_a_orgasm_strong_A,0,CVP_A2_T|106_E_1&CVP_A2_T|1_E_0&CVP_A2_A|10_G_3&CVP_A2_A|10_LE_6&high_1,熟稔情事的{TargetName}后穴早已在连番绝顶中被磨得愈发敏感，那一层层堆叠的快感终于冲破了临界，掀起一场远比寻常更猛烈的强绝顶。\n{anal}不受控制地连续绞缩抽搐，绵密而剧烈的痉挛一阵紧似一阵，成熟丰满的小腹反复深深抽动，四肢绷得笔直又骤然失力。\n她那副阅尽世事的沉稳面容彻底失守，眉头紧蹙唇齿轻颤，失神的双眸里满是被快感冲垮的茫然与战栗。\n浓稠的肠液顺着抽搐的{anal}大股涌落，湿淋淋地昭示着这具成熟躯体正承受着何等剧烈的高潮。
1137,action_part_a_orgasm_strong_A,0,CVP_A2_T|106_E_1&CVP_A2_T|1_E_0&CVP_A2_A|10_G_3&CVP_A2_A|10_LE_6&high_1,接连不断的肛门高潮把{TargetName}丰腴的身体推上了一个崭新的敏感巅峰，蓄积到饱和的快感在这一刻毫无预兆地彻底爆发开来。\n{anal}猛烈而失控地一下下深缩，剧烈的收束感几乎要将一切绞碎，成熟的腰身弓成一道紧绷的弧线又颓然塌软，双腿痉挛似的胡乱蹬动。\n经验老到的她本能地放松又收紧肠壁，却再也压不住这场汹涌的强绝顶，成熟妩媚的脸庞失控地扭曲，意识在剧烈的战栗中几近溃散。\n汩汩肠液从翕动的{anal}间大量流淌而出，将这场惊人的强烈绝顶渲染得愈发淫靡露骨。
1138,action_part_a_orgasm_strong_A,0,CVP_A2_T|106_E_1&CVP_A2_T|1_E_0&CVP_A2_A|10_G_3&CVP_A2_A|10_LE_6&high_1,{TargetName}在一轮又一轮的肛门绝顶里被彻底开发，成熟的后穴敏感度陡然攀上新的高度，此刻堆积如山的快感终于喷薄成一场骇人的强绝顶。\n{anal}剧烈地连续抽搐紧缩，深处的痉挛一浪高过一浪，丰润的腰肢反复弓起又瘫下，修长白腻的双腿失控地绷紧颤栗。\n多年练就的镇定被这远超常规的快感冲得支离破碎，她失神地仰起头，成熟的面容上写满被快感彻底击溃的失控与迷乱。\n大量灼热的肠液自剧烈收缩的{anal}中奔涌溢出，甚至夹着一小股难耐的喷射，把这场强烈的绝顶宣泄得淋漓尽致。
1139,action_part_a_orgasm_strong_A,0,CVP_A2_T|106_E_1&CVP_A2_T|1_E_0&CVP_A2_A|10_G_3&CVP_A2_A|10_LE_6&high_1,久经情事的{TargetName}后穴在连续多次绝顶后已被磨砺得异常敏锐，层层累积的快感在这一瞬轰然决堤，涌成一场比往常剧烈数倍的强绝顶。\n{anal}不由自主地剧烈痉挛收束，一下下狠狠绞紧又松开，成熟丰满的躯体大幅度地抽搐绷直，双腿失去控制地乱颤蹬动。\n她那份熟女特有的从容彻底崩塌，失神的眼眸涣散无光，急促紊乱的喘息里满是意识几近被冲垮的战栗与恍惚。\n温热黏腻的肠液从抽搐不止的{anal}深处大量涌出，甚至溅出细小的一股，将这具成熟胴体的强烈高潮描绘得露骨而淫荡。
1140,action_part_a_orgasm_strong_A,0,CVP_A2_T|107_E_1&CVP_A2_T|1_E_0&CVP_A2_A|10_G_3&CVP_A2_A|10_LE_6,经历了一次又一次接连不绝的绝顶冲刷之后，{TargetName}那已为人妻的成熟身体的敏感度早已被拔高到了一个全新的台阶，积攒到顶点的快感终于在这一刻化作一场远比寻常汹涌得多的强烈绝顶轰然炸裂开来。\n熟稔而有经验的{anal}此刻却全然失了分寸，剧烈而不受控制地连续痉挛绞缩，一波接一波地深深收紧，牵动整具丰腴胴体强烈地抽搐绷紧。\n她的腰肢反复深深弓起而后又无力瘫软，四肢失控地颤抖乱蹬，意识几乎被这股猛烈的快感彻底冲垮，只剩失神的颤栗。\n大量温热的肠液自{anal}深处汹涌淌出，甚至伴着一丝小幅的喷溅，身为人妻却沉溺其中的背德感更将这场绝顶推向了叫她无从招架的顶点。
1141,action_part_a_orgasm_strong_A,0,CVP_A2_T|107_E_1&CVP_A2_T|1_E_0&CVP_A2_A|10_G_3&CVP_A2_A|10_LE_6,在这{SceneName}之中，连番不歇的高潮早已将{TargetName}这具人妻身躯的每一分敏感都催逼到了崭新的高度，堆积如山的快感终于决堤般迸发出一场惊人得多的强烈绝顶。\n有过经验的{anal}原本熟练地一张一缩，此刻却在这猛烈冲击下彻底乱了节律，剧烈地连续绞紧抽搐，深处不住地疯狂蠕动收缩。\n她成熟的脸庞失控地扭曲着，腰腹一次次剧烈弓起又抽搐，修长的双腿无力地乱蹬颤栗，神智几乎被冲刷得所剩无几。\n浓稠的肠液大股大股地自{anal}溢出，背叛婚姻的罪恶与刺激交织成滚烫的漩涡，将这场远超寻常的绝顶烧得愈发不可收拾。
1142,action_part_a_orgasm_strong_A,0,CVP_A2_T|107_E_1&CVP_A2_T|1_E_0&CVP_A2_A|10_G_3&CVP_A2_A|10_LE_6,接二连三的绝顶把敏感度一层层垫高之后，{TargetName}这具早已有了归属的成熟躯体终于在积攒到极限的快感里迎来了一场远比之前任何一次都要猛烈的强绝顶。\n{anal}猛地剧烈痉挛起来，深深地一绞再绞，即便是有经验的后穴也再压不住这排山倒海般的收缩，牵得整个小腹一阵阵深陷抽搐。\n丰腴的腰肢深深弓成一道弧线后又骤然瘫软，四肢绷得笔直而后失控颤抖，眼神涣散失焦，意识在这一刻几乎被生生冲垮。\n汩汩涌动的肠液顺着{anal}大量流淌而出，甚至小幅地喷溅开来，人妻的端庄在这剧烈失控的颤栗中被冲刷得荡然无存。
1143,action_part_a_orgasm_strong_A,0,CVP_A2_T|107_E_1&CVP_A2_T|1_E_0&CVP_A2_A|10_G_3&CVP_A2_A|10_LE_6,一连串密集的绝顶将{TargetName}那人妻身子里的敏感彻底推上了一个全新的台阶，蓄满到临界的快感在这一刻轰然引爆，化作一场强度远超平常的剧烈绝顶。\n经验丰富的{anal}此刻毫无招架之力，剧烈而不受控地一波波深深绞缩抽搐，深处的肠壁疯狂地蠕动收紧，仿佛要将那股快感尽数榨取。\n她成熟的身躯剧烈地战栗着，腰肢反复深弓又软塌，双腿失控地夹紧又乱蹬，急促的喘息里满是被彻底冲垮的失神。\n大量滚烫的肠液自{anal}汹涌溢泻，背德的禁忌与羞耻交缠翻涌，令这场几乎冲垮她神智的强烈绝顶烧灼得愈发滚烫。
1144,action_part_a_orgasm_strong_A,0,CVP_A2_T|107_E_1&CVP_A2_T|1_E_0&CVP_A2_A|10_G_3&CVP_A2_A|10_LE_6,在反复叠加的绝顶将后穴敏感度顶上崭新高度之后，{TargetName}这具已为人妻的丰腴身体终于承受着积攒到极致的快感，迎来一场比寻常绝顶猛烈太多的强烈高潮。\n熟习性事的{anal}再也维持不住往日的从容，剧烈地连续痉挛绞紧，一阵紧过一阵地深深收缩，牵动整具胴体强烈地抽搐绷直。\n她的腰身深深弓起而后彻底瘫软，四肢失控地颤抖痉挛，成熟的面庞扭曲失态，意识几乎被这股汹涌的快感冲得一片恍惚。\n浓浊的肠液大量地自{anal}奔涌淌出，还夹着几分小幅的喷溅，身为人妻却在这背德深渊里失控颤栗，将这场强绝顶的羞耻刺激渲染到了极点。

1145,action_part_a_orgasm_strong_A,0,target_is_player_daughter&CVP_A2_T|1_E_0&CVP_A2_A|10_G_3&CVP_A2_A|10_LE_6,女儿{TargetName}早已被开发得娴熟的{anal}在这一刻猛然剧烈痉挛，连续数次的绝顶让敏感度攀上了一个全新的台阶，积攒到极致的快感终于化作一股远超寻常的强烈高潮从后穴深处轰然炸开。\n她那具还带着少女青涩的身子绷得笔直，脚趾深深蜷起，腰肢无法自控地高高弓起又重重塌下，明明是父亲{Name}的女儿却在这乱伦的极乐里彻底失守。\n{anal}一波接一波地绞紧又松开，大量温热的肠液不受控制地涌了出来，甚至伴着小幅的喷溅濡湿了大腿根，涨红的小脸上写满了羞耻与迷醉。
1146,action_part_a_orgasm_strong_A,0,target_is_player_daughter&CVP_A2_T|1_E_0&CVP_A2_A|10_G_3&CVP_A2_A|10_LE_6,积蓄了太多次绝顶的快感在{TargetName}体内彻底决堤，被反复调教得熟练的{anal}猝然收紧，一场强度远胜平日的高潮如潮水般将这个少女整个吞没。\n她诚实的身体早已习惯了这样的顶弄，此刻却再也承受不住地剧烈战栗起来，纤细的腰肢一阵阵抽搐，脚背绷成好看的弧度，明知眼前是自己的亲生父亲{Name}，羞耻的心跳却越发狂乱。\n{anal}深处一股接一股地喷涌出滚烫的肠液，比往常多出数倍，濡湿了整片臀缝，她仰起脖颈无声地张大了嘴，被这远超普通绝顶的强烈快感冲刷得神志涣散。
1147,action_part_a_orgasm_strong_A,0,target_is_player_daughter&CVP_A2_T|1_E_0&CVP_A2_A|10_G_3&CVP_A2_A|10_LE_6,一次又一次的绝顶把{TargetName}后穴的敏感推向了前所未有的高度，早已熟稔于肛交的身体在积攒够了快感后骤然迎来一场格外猛烈的强绝顶。\n{anal}疯狂地痉挛收缩，比小绝顶和寻常绝顶都要剧烈得多的快感自尾椎一路窜上后背，让这个身为人女的少女浑身酥软瘫倒。\n她的腰高高扬起，双腿痉挛似的绷直又发颤，涌出的肠液又多又烫，顺着股沟汩汩淌落，父女之间这层不可言说的禁忌更教她在极乐中羞得说不出话，只能徒劳地小口喘息。
1148,action_part_a_orgasm_strong_A,0,target_is_player_daughter&CVP_A2_T|1_E_0&CVP_A2_A|10_G_3&CVP_A2_A|10_LE_6,被父亲{Name}开发得极为顺应的{anal}在连番绝顶后终于跨过了那道界限，敏感度陡然拔高一截，积累到顶点的快感轰然引爆出一场强度惊人的高潮。\n{TargetName}稚嫩的身躯瞬间僵直，随即剧烈地颤栗不止，纤腰不受控地一次次弓起，脚趾死死抠紧，明明流淌着血脉相连的羞耻却在这背德的快意里彻底沦陷。\n{anal}节律地绞动着，大量肠液汹涌而出还带着几分喷洒之势，她的眼神迷离涣散，红透的脸颊无声诉说着这次远胜平常的强烈绝顶。
1149,action_part_a_orgasm_strong_A,0,target_is_player_daughter&CVP_A2_T|1_E_0&CVP_A2_A|10_G_3&CVP_A2_A|10_LE_6,{TargetName}那被反复操弄得驾轻就熟的后穴在这一刻再也压抑不住，连续高潮堆叠出的敏感让快感登上了新的巅峰，一记远比往日强烈的绝顶从{anal}深处狠狠迸发。\n少女的身子绷紧成一张满弓，腰臀高高耸起，双腿抽搐着痉挛，明知与自己交合的是亲生父亲{Name}，那份禁忌反倒让高潮的浪潮更加汹涌难挡。\n{anal}一下下痉挛似的收缩，滚热的肠液成股涌出甚至微微喷溅而出，浸得下身一片狼藉，她仰头无声地颤抖，被这强烈的快感冲得意识几近空白。
1150,action_part_a_orgasm_strong_A,0,CVP_A2_T|102_E_1&CVP_A2_T|1_E_0&CVP_A2_A|10_G_6&high_1,接连不断的绝顶早已把{TargetName}那副稚嫩娇小的身子推上了一个全新的敏感台阶，此刻积攒到极致的快感终于轰然炸开，一场远比寻常绝顶更凶猛的强烈高潮狠狠贯穿了她小小的身躯。\n{anal}被开发得极为纯熟，早已能娴熟地承接这般剧烈的冲击，却依旧被这突如其来的强度冲得剧烈痉挛，一圈圈失控地收紧又猛地松开。\n幼小的腰肢深深弓起旋即无力瘫软，纤细的四肢止不住地颤抖乱蹬，稚气的小脸涨得通红失了神，圆眼里蓄满迷乱的泪光。\n大量温热的肠液顺着娇嫩的股缝汩汩涌出，甚至夹着一小股细流轻轻喷溅了出来。
1151,action_part_a_orgasm_strong_A,0,CVP_A2_T|102_E_1&CVP_A2_T|1_E_0&CVP_A2_A|10_G_6&high_1,一次又一次的绝顶将{TargetName}那具幼嫩的小身体一层层催熟，敏感度早已攀上崭新的高度，蓄积到顶点的快感在这一刻彻底决堤，一波凶狠得多的强绝顶把她小小的身子整个淹没。\n经过反复调教的{anal}熟练地绞缠吮吸，可这远超以往的烈度仍叫它一阵阵痉挛，肠壁一波接一波地深深收拢又猛烈弹开，熟稔中透着难以自控的慌乱。\n娇小的脊背绷成一道颤抖的弧线，随后又软软塌下，稚嫩的双腿夹紧又失控地抽搐，小脸失神地扬起，理智几乎被这股洪流冲得一片空茫。\n浓稠的肠液大股大股淌落，浸得娇嫩的臀缝一片濡湿。
1152,action_part_a_orgasm_strong_A,0,CVP_A2_T|102_E_1&CVP_A2_T|1_E_0&CVP_A2_A|10_G_6&high_1,连番的高潮把{TargetName}稚气未脱的小身板磨得敏感到了一个前所未有的层次，此刻堆叠到极限的快感骤然引爆，一场强度远胜平常的猛烈绝顶如惊涛般席卷了她娇小的全身。\n被彻底开垦得柔顺熟练的{anal}本能地热情吮咬着，却仍被这陡然拔高的刺激逼得剧烈抽搐，一下下不受控制地深深缩紧再倏地松弛。\n小小的腰肢反复深弓又瘫软下去，幼嫩的脚趾死死蜷起，绯红的小脸彻底失了神，稚嫩的眼神涣散无光，意识几近被冲垮。\n汹涌的肠液一股股温热地泄出，还伴着一小道细弱的喷流溅落在娇嫩的股间。
1153,action_part_a_orgasm_strong_A,0,CVP_A2_T|102_E_1&CVP_A2_T|1_E_0&CVP_A2_A|10_G_6&high_1,数度绝顶的累积令{TargetName}那副娇小稚嫩的躯体敏感度陡然跃升了一整个台阶，此刻攒到极致的快感再也压制不住地炸裂开来，一场比往常凶猛太多的强烈高潮把她小小的身子撕扯得彻底失控。\n历经无数次开发的{anal}老练地翻搅收吮，纵是这般熟稔也扛不住这骤增的烈度，肠道一圈圈疯狂痉挛，深深绞紧后又猛地弹松。\n纤细的腰肢高高弓起转瞬瘫软，幼小的四肢无助地颤栗乱蹬，稚嫩的小脸涨红失神，大眼睛蒙上一层迷蒙的水光。\n大量黏热的肠液顺着幼嫩的缝隙奔涌而下，甚至挟着一小缕细流喷溅出来。
1154,action_part_a_orgasm_strong_A,0,CVP_A2_T|102_E_1&CVP_A2_T|1_E_0&CVP_A2_A|10_G_6&high_1,一轮又一轮的绝顶早把{TargetName}那具稚嫩的小身子推向了崭新的敏感巅峰，此刻积蓄到顶的快感终于势不可挡地喷薄而出，一场远比寻常绝顶更为激烈的强高潮狠狠贯穿了她娇小的身躯。\n早被驯得柔熟的{anal}娴熟地绞吸缠裹，却仍被这远胜从前的强度冲得连连痉挛，肠壁一阵阵深深收拢又剧烈松脱，熟练里满是压不住的失控。\n幼嫩的脊背绷紧成弓又颓然软塌，稚气的双腿痉挛着夹紧，通红的小脸失神地仰起，意识几乎被这滔天快感冲得支离破碎。\n温热浓稠的肠液大量涌淌而出，掺着一小股细弱的喷溅浸湿了娇嫩的股缝。

1155,action_part_a_orgasm_strong_A,0,CVP_A2_T|103_E_1&CVP_A2_T|1_E_0&CVP_A2_A|10_G_6,连续被送上后穴绝顶好多次之后，{TargetName}那具娇小稚嫩的身子早已被推上了一个全新的敏感台阶，此刻积攒到极致的快感终于轰然炸开。\n{anal}猛地剧烈痉挛起来，一波接一波不受控制地深深收缩，那被充分开发过的熟练肠壁此刻却再也稳不住经验带来的从容，只能失控地连连绞紧又松开。\n娇小的腰肢反复深深弓起又瘫软下去，细嫩的双腿失控地颤抖乱蹬，稚气未脱的小脸失神地涨红，圆眼里的神志几乎被这股远超寻常的强烈绝顶彻底冲垮。\n大量温热的肠液顺着抽搐的{anal}汹涌淌落，甚至随着剧烈的收缩微微喷出，将这场比普通绝顶更加猛烈的高潮在{SceneName}里宣泄得淋漓尽致。
1156,action_part_a_orgasm_strong_A,0,CVP_A2_T|103_E_1&CVP_A2_T|1_E_0&CVP_A2_A|10_G_6,在这具小小身体里，后穴的绝顶已经一次又一次地翻涌过太多回，敏感度被硬生生顶上了一个新的高度，如今蓄满的快感终于彻底决堤。\n{TargetName}尖细地抽了口气，{anal}毫无节制地剧烈绞缩，熟练承欢惯了的肠道此刻也招架不住这陡然升级的烈度，深处一阵阵疯狂地蠕动痉挛。\n娇嫩的腰肢弓成一道绷紧的弧线随即无力垮下，稚嫩的脚趾死死蜷起，红透的小脸上满是失神与战栗，稚气的意识几乎被这非同寻常的强绝顶搅得一片空茫。\n汩汩肠液从痉挛不止的{anal}里大股大股地涌出，甚至被剧烈的收缩挤得微微飙射，将这份远胜平常的猛烈快感淋漓地展露出来。
1157,action_part_a_orgasm_strong_A,0,CVP_A2_T|103_E_1&CVP_A2_T|1_E_0&CVP_A2_A|10_G_6,{TargetName}小小的身躯猛地绷成一张满弓，后穴接连不断地绝顶过太多次后，那份积累已久的快感在这一刻凶猛地一齐爆发。\n{anal}疯狂而失控地连续深缩，被反复开发得极为熟稔的肠壁再也维持不住往日的游刃有余，只能一下下痉挛着热切地绞紧。\n娇小的她整个后腰反复深深塌陷又弹起，纤细的大腿不受控制地痉挛夹紧，稚嫩的面庞上写满了被快感冲刷的失神，圆润的眼眸涣散无光，神志几近溃散。\n浓稠温热的肠液顺着抖动不止的{anal}大量倾泻而下，随着一阵阵猛烈的收束还带出细小的喷溅，把这场远超普通绝顶的强烈高潮渲染得彻骨淫靡。
1158,action_part_a_orgasm_strong_A,0,CVP_A2_T|103_E_1&CVP_A2_T|1_E_0&CVP_A2_A|10_G_6,这具娇小玲珑的身子经历了后穴一轮又一轮密集的绝顶，敏感度已经被彻底拔高了一截，此刻攒到顶点的强烈快感终于轰然倾泻。\n{TargetName}整个人剧烈地颤栗起来，{anal}一下下凶狠地抽搐绞缩，惯于承受的老练肠道也被这远超寻常的强度撕扯得失了分寸，深处不停地翻涌收紧。\n娇嫩的腰身反复弓起后又软软瘫倒，稚气的小脸涨得通红却又透着失神的迷茫，细腿绷直又乱颤，那点残存的清醒几乎被这猛烈的强绝顶冲得荡然无存。\n丰沛的肠液从抽搐的{anal}汩汩溢流，甚至随痉挛小幅喷出，一股脑地宣告着这场比平日剧烈得多的极强高潮。
1159,action_part_a_orgasm_strong_A,0,CVP_A2_T|103_E_1&CVP_A2_T|1_E_0&CVP_A2_A|10_G_6,后穴连着高潮了太多次，{TargetName}那副稚嫩娇小的身体早被顶上了前所未有的敏感峰值，眼下蓄势已久的滔天快感一齐凶猛释放。\n{anal}毫无章法地剧烈痉挛，一波未平一波又起地深深绞紧，那被开发得极其熟练的肠壁此刻也被这陡增的烈度逼得再无余裕，只能失控地翻搅收束。\n小小的腰肢深深弓起又骤然瘫软，细嫩的四肢无助地痉挛乱蹬，绯红的小脸失神地仰起，稚气的双眸失了焦距，神智几乎被这远胜平常的强烈绝顶生生冲垮。\n汹涌的温热肠液顺着痉挛的{anal}大股淌出，随剧烈收缩还微微喷溅而出，把这场猛过寻常绝顶的高潮尽情倾泻。
1160,action_part_a_orgasm_strong_A,0,CVP_A2_T|104_E_1&CVP_A2_T|1_E_0&CVP_A2_A|10_G_6,{SceneName}中，年轻的{TargetName}的后穴早已被彻底开发得熟透，连续多次的绝顶已经把这处的敏感度推上了一个全新的台阶。\n当积攒到顶点的快感骤然决堤，{anal}猛地死死绞紧又剧烈地一阵阵痉挛，一股远远超过寻常绝顶的酥麻电流顺着少女纤细的脊背直冲头顶。\n她青涩的腰肢绷成一张满弓，脚趾死死蜷曲起来，大量温热的肠液从不断翕张的{anal}里咕嘟咕嘟地涌出，甚至夹带着细小的喷溅。\n涨红着脸的少女难以自持，只能在这场强烈到发抖的肠道高潮里瘫软颤栗，任由经验老练的身体贪婪地攫取着这份灭顶的快意。
1161,action_part_a_orgasm_strong_A,0,CVP_A2_T|104_E_1&CVP_A2_T|1_E_0&CVP_A2_A|10_G_6,这已经不知是{TargetName}今晚第几次在{Name}身下攀上绝顶了，一次次的高潮层层叠加，让少女早已开发成熟的后穴敏感得更上一层楼。\n终于，一道比之前任何一次都要凶猛数倍的强烈快感在{SceneName}里轰然炸开，{anal}疯狂地收缩绞拧，将那股灭顶的酥爽死死锁在体内。\n年轻的身子剧烈弓起又阵阵痉挛，纤细的大腿绷得笔直又不住打颤，滚烫的肠液成股地从被撑开的{anal}深处汹涌淌出。\n她仰着通红的脸蛋无声张大了嘴，青涩的眼眸失神地翻起，整个人沉溺在这远胜普通绝顶的强烈肠道高潮之中无法自拔。
1162,action_part_a_orgasm_strong_A,0,CVP_A2_T|104_E_1&CVP_A2_T|1_E_0&CVP_A2_A|10_G_6,经验丰富的{TargetName}早已熟知如何在这种刺激里一路攀升快感，可当连续的绝顶把后穴的敏感堆到新的高度时，就连她也彻底招架不住了。\n积蓄到极限的快感终于在{SceneName}里轰然爆发，{anal}一下下急促地抽搐绞紧，一波强得让人头皮发麻的高潮浪潮席卷了少女的全身。\n她青春的腰肢猛地塌陷下去又高高翘起，脚趾蜷缩得死紧，大量黏腻的肠液从翕动不止的{anal}里争先恐后地涌出，还带起细小的喷溢。\n年轻的脸庞泛起潮红，少女颤抖着承受这远超寻常的强烈肠道绝顶，被熟练的身体一次次拽入更深的快感深渊。
1163,action_part_a_orgasm_strong_A,0,CVP_A2_T|104_E_1&CVP_A2_T|1_E_0&CVP_A2_A|10_G_6,随着一次又一次绝顶的反复冲刷，{TargetName}那被彻底开发过的后穴敏感度悄然跃升到了一个陌生而危险的新台阶。\n在{SceneName}里，一股远比普通绝顶更加浓烈磅礴的快感终于彻底吞没了她，{anal}猛烈地痉挛收缩，绞得整个下身都在发颤。\n少女青涩的身子失控地扭动弓起，纤腰一沉一挺，滚热的肠液伴着强烈的高潮从被顶开的{anal}里大股大股地喷涌而出。\n她难以自控地呜咽着仰起头，通红的脸上写满了失神的餍足，整个人被这强烈到近乎灭顶的肠道高潮彻底冲垮。
1164,action_part_a_orgasm_strong_A,0,CVP_A2_T|104_E_1&CVP_A2_T|1_E_0&CVP_A2_A|10_G_6,连续攀顶带来的余韵还未散去，{TargetName}早已开发成熟的后穴便被推向了更高一级的敏感巅峰，快感像潮水般层层累积。\n终于，这股远远凌驾于寻常绝顶之上的强烈快意在少女体内彻底炸裂，{anal}疯狂地缩紧又松开，一次次痉挛得几乎失去知觉。\n她年轻的腰肢剧烈地弹动，脚趾深深蜷起，大量温热的肠液顺着不住抽搐的{anal}汩汩流淌，甚至夹着小股的喷溅飞洒。\n红透了脸的少女张着嘴无声痉挛，被这具熟练身体所迎来的强烈肠道高潮死死攫住，久久无法从灭顶的快感里挣脱。

1165,action_part_a_orgasm_strong_A,0,CVP_A2_T|105_E_1&CVP_A2_T|1_E_0&CVP_A2_A|10_G_6&high_1,经验老练的{anal}骤然爆发出一阵远比寻常更为猛烈的收缩，{TargetName}那具成熟丰腴却仍带着几分青涩的身躯陡然绷成一张满弓。\n在这一部位连续数次攀顶之后，敏感度早已被推上了一个全新的台阶，此刻积攒到极致的快感终于轰然决堤，一股远超普通绝顶的强烈高潮狠狠贯穿了她。\n她那开发得极为充分的{anal}熟练地一波波深深绞缩，大量温热的肠液汹涌溢出，甚至夹着几分小幅的喷溅。\n成熟的腰肢反复深深弓起又颓然瘫软，修长的双腿失控地痉挛乱蹬，一贯从容的脸上此刻失神颤栗，青涩与沉沦交织成一片。
1166,action_part_a_orgasm_strong_A,0,CVP_A2_T|105_E_1&CVP_A2_T|1_E_0&CVP_A2_A|10_G_6&high_1,一股比以往任何一次都要凶猛的绝顶轰然席卷了{TargetName}，她那经验丰富的{anal}早已在连番攀顶中被磨得敏锐无比，此刻更是毫无保留地剧烈痉挛起来。\n成熟身体里那点残存的从容瞬间被彻底冲垮，饱满的胸脯剧烈起伏，成熟的腰身深深弓成弧线又猛地塌软下去。\n她那老练的肠道熟稔地一圈圈收紧又松开，将这场远胜平常的强烈高潮榨取到极致，滚烫的肠液大量涌流而出。\n大姐姐那张本该端庄的面庞彻底失了神，眉眼颤栗，唇齿微张，成熟外表下的青涩在剧烈的失控中一览无余。
1167,action_part_a_orgasm_strong_A,0,CVP_A2_T|105_E_1&CVP_A2_T|1_E_0&CVP_A2_A|10_G_6&high_1,{TargetName}的{anal}在连续多轮攀顶后敏感得近乎失控，此刻终于迎来了一场强度陡增的猛烈绝顶。\n那开发充分的后穴熟练而有力地连续深绞，一波接一波的绞缩幅度大得惊人，将这场远超寻常的高潮演绎得淋漓尽致。\n她成熟丰盈的躯体剧烈地抽搐绷紧，腰肢一次次深深弓起旋即又软塌下去，纤长的四肢不受控制地颤抖蜷曲。\n大量温热的肠液顺着痉挛的{anal}汩汩涌出，甚至带着几分细小的喷溅，那双原本沉静的眸子此刻涣散失神，成熟与青涩在颤栗中交融。
1168,action_part_a_orgasm_strong_A,0,CVP_A2_T|105_E_1&CVP_A2_T|1_E_0&CVP_A2_A|10_G_6&high_1,远比普通绝顶更为强烈的高潮如潮水般将{TargetName}整个吞没，她那历经多次攀顶、敏感度骤然拔高的身体再也无从抵抗。\n经验老到的{anal}熟练地剧烈痉挛，一下下深深地绞紧又骤然松弛，收缩的力道与频率都远胜从前。\n成熟丰腴的腰身反复深弓后又彻底瘫软，修长白皙的双腿失控地绷直乱蹬，脚趾死死蜷缩。\n涌动的肠液大量地从抽搐的穴口溢出，热流淋漓。\n她那张成熟中透着青涩的俏脸彻底失神颤栗，意识几乎被这场强烈的快感浪潮冲得支离破碎。
1169,action_part_a_orgasm_strong_A,0,CVP_A2_T|105_E_1&CVP_A2_T|1_E_0&CVP_A2_A|10_G_6&high_1,这一次的绝顶来得格外凶猛，{TargetName}那经过连番高潮洗礼、敏感度更上一层的身体骤然剧烈痉挛。\n她那被充分开发的{anal}老练地一阵阵疯狂绞缩，深沉而有力的收缩远远盖过了寻常的绝顶，将积攒到顶点的快感尽数释放。\n成熟的躯体强烈地抽搐绷紧，丰润的腰肢深深弓起又无力垮塌，四肢失控地颤栗痉挛。\n温热的肠液大量地自那熟练收缩的{anal}中喷涌溢出，甚至夹着小幅的迸溅。\n大姐姐一贯从容的神情此刻荡然无存，失神的双眼与颤抖的唇角，将她被强烈快感彻底击溃的模样暴露无遗。
1170,action_part_a_orgasm_strong_A,0,CVP_A2_T|105_E_1&CVP_A2_A|5_LE_3,{TargetName}那具成熟丰腴的身躯猛地剧烈弓起，{anal}不受控制地一阵阵深深绞缩，明明{anal}向来迟钝寡淡，此刻却在连番绝顶的层层堆叠里被逼上了一个全新的台阶。\n远比寻常绝顶更猛烈的快感如潮汐般轰然拍碎了她成熟的矜持，那张既成熟又带着青涩的脸庞彻底失了控，眉心紧蹙、双眸失神地泛起水光。\n丰润的腰肢反复深弓又骤然瘫软，修长的双腿失控地绷直乱颤，{anal}深处涌出大量温热的肠液，甚至随着剧烈的痉挛小幅喷溅而出，将她这一刻的失控淋漓地宣泄出来。
1171,action_part_a_orgasm_strong_A,0,CVP_A2_T|105_E_1&CVP_A2_A|5_LE_3,一股远超以往的强烈绝顶轰然贯穿了{TargetName}的下腹，{anal}猛地失控般连续抽搐痉挛，那{anal}向来只知异物填塞、鲜有快感，竟在一次次绝顶的累积中攀上了从未有过的敏感高度。\n她成熟的身子剧烈战栗着，几乎被这股快感彻底冲垮，意识飘忽、神智涣散，唯有那份成熟身段与慌乱青涩表情的反差还残留几分。\n她纤长的手指死死抠紧，腰背深深弓成一道弧，随后又无力地塌陷下去，{anal}里汩汩溢出滚烫的肠液，量多得顺着痉挛不住地渗流。
1172,action_part_a_orgasm_strong_A,0,CVP_A2_T|105_E_1&CVP_A2_A|5_LE_3,{TargetName}的{anal}骤然爆发出一阵剧烈而不受控的连续绞紧，成熟的胴体被这远胜平常的强烈绝顶掀翻，剧烈地抽搐颤栗个不停。\n这{anal}原本感度极低，向来只能模糊感到被撑开的胀满，可在接二连三的绝顶反复冲刷后，敏感度硬生生被推高了一整个台阶，这一次的快感汹涌得叫她几乎失去了神智。\n她成熟丰满的腰臀高高弓起又猛然软瘫，白皙的大腿失控地痉挛乱蹬，脸上那份大姐姐的从容尽数碎裂，只剩失神的迷乱，大量肠液从{anal}深处涌淌而出。
1173,action_part_a_orgasm_strong_A,0,CVP_A2_T|105_E_1&CVP_A2_A|5_LE_3,如同被一道远比寻常更凶猛的电流狠狠击穿，{TargetName}丰腴成熟的身躯霎时绷得笔直，{anal}一下下深沉而剧烈地收缩绞动。\n这具早已发育成熟却仍带青涩的身子被强烈的绝顶折腾得节节溃败，明明{anal}平日反应寡淡、快感稀薄，如今却在层层叠加的高潮里迎来了脱胎换骨般的敏锐。\n她的意识几乎被这股洪流冲刷得所剩无几，眉眼失焦、气息紊乱，腰肢反复深弓，滚烫的肠液从{anal}大量涌出并伴着抽搐小幅溅落，把她的失控暴露无遗。
1174,action_part_a_orgasm_strong_A,0,CVP_A2_T|105_E_1&CVP_A2_A|5_LE_3,在{SceneName}里，{TargetName}成熟的身体随着一次远超普通程度的强烈绝顶剧烈弓起，{anal}疯狂而失控地连番痉挛绞缩，再不见平日那副迟钝寡淡的模样。\n那{anal}向来对刺激感受浅淡，在一波又一波绝顶的反复淬炼下，敏感度被生生抬升到了崭新的层级，这一记绝顶强烈得几乎将她的神智彻底冲垮。\n她努力维系的成熟端庄彻底土崩瓦解，青涩慌乱的神色浮上失神的面庞，丰润腰臀深弓又瘫软，大量温热的肠液从{anal}不住地汩汩淌出。

1175,action_part_a_orgasm_strong_A,0,CVP_A2_T|106_E_1&CVP_A2_T|1_E_0&CVP_A2_A|10_G_6&high_1,积攒了太多次绝顶的{anal}早已被彻底开发透了，此刻这具丰腴成熟的身体骤然绷成一张满弓，{anal}疯了似的一阵接一阵剧烈痉挛收缩，绞紧了又猛地松开。\n经验老到的她本能地绷紧腰腹，成熟的肠壁熟练而凶狠地蠕动榨吸，把这一波远超寻常的强烈绝顶尽数吞下。\n丰满的臀肉不受控制地抽搐颤抖，修长的双腿失神般乱蹬又死死夹拢，眼角泛红失了焦，喉间溢出破碎的媚吟。\n大量温热的肠液自{anal}深处汩汩涌出，甚至随着最猛的那一波收缩微微喷溅了出来，把她熟透的身子彻底冲垮成一滩瘫软。
1176,action_part_a_orgasm_strong_A,0,CVP_A2_T|106_E_1&CVP_A2_T|1_E_0&CVP_A2_A|10_G_6&high_1,一波又一波的绝顶把敏感度一路顶上了全新的台阶，这一次袭来的强绝顶远比先前任何一次都要凶猛。\n{TargetName}成熟丰腴的胴体骤然剧烈痉挛起来，早已烂熟开发的{anal}失控般连续绞缩抽搐，深处的肠壁一下下狠狠吸夹。\n经验丰富的她再也维持不住那份从容，腰肢反复深深弓起又颓然瘫软，丰润的大腿抽搐着痉挛乱颤。\n她仰起脖颈失神地颤栗，成熟的脸上写满了失控的媚态，涌动的肠液顺着{anal}大量流淌，几乎要被这灭顶的快感彻底淹没。
1177,action_part_a_orgasm_strong_A,0,CVP_A2_T|106_E_1&CVP_A2_T|1_E_0&CVP_A2_A|10_G_6&high_1,熟透了的身子在连番绝顶的堆叠里被推上了新的高度，紧接着一记强得离谱的绝顶轰然炸开。\n{anal}猛地剧烈抽搐，一圈圈失控地痉挛绞紧，成熟老练的肠道熟稔地随之收缩蠕动，把那股凶猛的快感尽情吞吐榨取。\n{TargetName}丰腴的腰身深深弓成弧线又骤然塌软，圆润的臀瓣不住颤抖，双腿绷直到脚趾都蜷了起来。\n意识几乎被这排山倒海的强绝顶冲得涣散，只剩下本能地喘息颤栗，大量肠液自{anal}汹涌淌落浸出一片淫痕。
1178,action_part_a_orgasm_strong_A,0,CVP_A2_T|106_E_1&CVP_A2_T|1_E_0&CVP_A2_A|10_G_6&high_1,连续数次的绝顶早把这具成熟身体的敏感度磨到了极致，此刻迎来的这场强绝顶来势汹汹，强度远非寻常绝顶可比。\n{anal}毫无节制地剧烈痉挛抽搐，被彻底开发过的肠壁凭着老到的经验一波波狠命绞吸收缩。\n丰满的她整个人失控地绷紧又瘫软，腰腹反复抽搐，修长美腿失神地颤抖蹬动，红透的脸上尽是溃不成军的迷乱。\n温热的肠液从{anal}大量喷涌而出，随着最烈的痉挛甚至溅出细流，把她成熟丰腴的身子彻底榨得瘫软失神。
1179,action_part_a_orgasm_strong_A,0,CVP_A2_T|106_E_1&CVP_A2_T|1_E_0&CVP_A2_A|10_G_6&high_1,快感在{anal}里一层层累积叠加，被反复的绝顶推高到一个前所未有的台阶后终于轰然引爆。\n这一场强绝顶远超以往，{TargetName}成熟丰腴的身躯剧烈地痉挛绷紧，烂熟的{anal}疯狂地连续绞缩抽动，深处熟练地翻搅蠕动。\n她本能地扬起腰肢又软软塌下，饱满的臀肉痉挛乱颤，双腿失控地夹紧又乱蹬，喉咙里滚出断续的浪叫。\n经验老到的肠道一下下有力地吸榨着，大量肠液自{anal}奔涌流泻，把彻底失神的她冲刷得只剩瘫软的颤抖。
1180,action_part_a_orgasm_strong_A,0,CVP_A2_T|107_E_1&CVP_A2_T|1_E_0&CVP_A2_A|10_G_6,在连续数次肛肠绝顶的层层累积之后，{TargetName}那早已被开发得熟透的{anal}敏感度陡然攀上一个全新的台阶，一场远比寻常更为凶猛的强烈绝顶终于将她彻底吞没。\n身为人妻的她在这背德的巅峰里失神颤栗，经验丰富的肠壁不受控制地剧烈痉挛收缩，一波接一波地深深绞紧又松开。\n大量温热的肠液从{anal}深处汹涌溢出，甚至伴着小幅的喷洒，她的腰肢反复深弓又瘫软，意识几乎被这滔天的快感冲得支离破碎，只剩对丈夫的愧疚与背叛的刺激交织成灭顶的欢愉。
1181,action_part_a_orgasm_strong_A,0,CVP_A2_T|107_E_1&CVP_A2_T|1_E_0&CVP_A2_A|10_G_6,经历了一次又一次的肛门高潮之后，{TargetName}后穴的快感被一层层堆叠到了顶点，敏感度跃升到从未有过的高度，一记强度惊人的绝顶骤然炸开。\n她那被彻底调教开发、承受力极强的{anal}此刻也再难维持平日的从容，只能失控地连连抽搐绞缩。\n身为有夫之妇，她一边被这背叛婚姻的禁忌快感烧得神志涣散，一边任由{anal}深处涌出大股滚烫的肠液，四肢失控地颤抖乱蹬，眼神迷离失神，整个人在灭顶的欢潮里近乎溃散。
1182,action_part_a_orgasm_strong_A,0,CVP_A2_T|107_E_1&CVP_A2_T|1_E_0&CVP_A2_A|10_G_6,{TargetName}那副早已在无数次肛交中磨砺得游刃有余的身子，此刻却因连绵不断的绝顶而彻底失了分寸。\n后穴在敏感度攀升之后迎来了一场远超以往的猛烈强绝顶，经验老到的肠道不受控地深深痉挛蠕动，熟练地绞榨着，却再压不住这排山倒海的快感。\n作为人妻的她在背德的深渊里失神战栗，{anal}汹涌地淌出成股肠液，腰身一次次弓起又软倒，意识被冲刷得几近空白，罪恶与快乐一同将她推向巅峰。
1183,action_part_a_orgasm_strong_A,0,CVP_A2_T|107_E_1&CVP_A2_T|1_E_0&CVP_A2_A|10_G_6,连续多次的后庭绝顶让{TargetName}的敏感度悄然跨上新的门槛，紧接着一场凶悍无比的强烈高潮便将她整个人掀翻。\n她那被长久开发、惯于承受各种刺激的{anal}也彻底乱了节奏，剧烈而不受控地一阵阵收缩绞紧。\n已为人妻的身体在这偷情般的禁忌高潮中颤抖失控，大量肠液自{anal}深处夺路涌出，还带着细小的喷溅，她双腿痉挛夹紧又猛地绷直，神魂几乎被这灭顶的欢愉彻底冲垮，只余对家庭的愧疚在快感中若隐若现。
1184,action_part_a_orgasm_strong_A,0,CVP_A2_T|107_E_1&CVP_A2_T|1_E_0&CVP_A2_A|10_G_6,在快感被连番绝顶反复叠加到临界之后，{TargetName}的{anal}敏感度终于攀升到一个崭新的层级，一场比寻常绝顶猛烈数倍的强绝顶轰然降临。\n她那老练娴熟的肠道再也无法从容应对，只能失控地深深痉挛、疯狂绞缩。\n身为人妻却沉沦于这背德情欲的她失神颤栗，脸上写满迷乱，成股温热的肠液从{anal}里汹涌流淌乃至小幅喷出，腰肢反复深弓后又彻底瘫软，理智被这滔天巨浪冲得支离破碎。
1185,action_part_a_orgasm_strong_A,0,target_is_player_daughter&CVP_A2_T|1_E_0&CVP_A2_A|10_G_6,连续绝顶了许多次之后，作为女儿的{TargetName}的{anal}早已被父亲{Name}开发得烂熟，敏感度陡然攀上了一个全新的台阶。\n积攒到极限的快感在这一刻彻底决堤，比寻常绝顶凶猛数倍的高潮猛地贯穿了她整个下身。\n她仰起脖颈，绷紧的腰肢剧烈地痉挛颤抖，{anal}疯狂地收缩绞紧，大量温热的肠液顺着股缝汩汩涌出，甚至伴着一小股喷溅。\n少女的脚趾深深蜷缩，眼角渗出生理泪水，在亲生父亲面前迎来了这场羞耻又猛烈的强绝顶。
1186,action_part_a_orgasm_strong_A,0,target_is_player_daughter&CVP_A2_T|1_E_0&CVP_A2_A|10_G_6,在{SceneName}里被父亲一次次送上顶峰的{TargetName}，那习惯了粗暴对待的{anal}此刻敏感得超乎寻常。\n无数次的绝顶把快感的阈值一层层垫高，直到某个临界点轰然崩塌，一波远比普通高潮更加汹涌的绝顶狠狠攫住了她。\n女儿的身子弓成一张满弦的弓，丰腴的臀肉不受控制地抽搐，{anal}一张一合地深深咬合，滚烫的肠液大股大股地淌落下来。\n她张着嘴无声地喘息，混浊的意识里只剩下父亲带给她的这股灭顶般的快感。
1187,action_part_a_orgasm_strong_A,0,target_is_player_daughter&CVP_A2_T|1_E_0&CVP_A2_A|10_G_6,早已被开发到极致的{anal}在连番的高潮冲击下，感度悄然跨上了一个崭新的层级，{TargetName}整个人都为之战栗。\n堆积如山的快感终于寻到宣泄的缺口，一场强度惊人的绝顶如决堤洪水般席卷了这个身为人女的少女全身。\n她的后腰猛地塌陷又高高弓起，大腿根止不住地打颤，{anal}贪婪而熟练地翕动痉挛，浓稠的肠液汹涌而出还溅出细小的水花。\n在自己父亲{Name}的注视下，她双眸失神地承受着这远胜以往的强烈绝顶。
1188,action_part_a_orgasm_strong_A,0,target_is_player_daughter&CVP_A2_T|1_E_0&CVP_A2_A|10_G_6,一次又一次的绝顶把{TargetName}推向新的境地，那被父亲玩弄得驾轻就熟的{anal}敏感度骤然拔高了一大截。\n蓄积已久的快感在某一瞬间彻底爆开，一阵比寻常绝顶要剧烈得多的高潮凶狠地贯穿了女儿柔软的身躯。\n她的腰肢疯狂扭动，脚跟死死蹬直，{anal}以熟稔的节奏一圈圈收紧又松开，大量的肠液喷涌而下并伴着零星的迸射。\n少女红着脸别过头去，却仍抵挡不住这场从体内深处炸开的强绝顶。
1189,action_part_a_orgasm_strong_A,0,target_is_player_daughter&CVP_A2_T|1_E_0&CVP_A2_A|10_G_6,在{SceneName}中被反复送上云端的{TargetName}，那早被父亲{Name}调教得烂熟的{anal}已然进入了前所未有的敏感状态。\n层层累加的快感冲破了最后的堤坝，一记远超普通程度的猛烈绝顶将这个乖巧的女儿彻底吞没。\n她的全身绷得笔直又骤然瘫软，纤细的双腿无力地痉挛，{anal}熟练地一波波蠕动绞吸，滚热的肠液成股地涌出还微微喷洒。\n她眼神迷离地承受着这凌驾于往常之上的强烈高潮，在乱伦的羞耻中沉沦。
1190,action_part_a_orgasm_strong_A,0,CVP_A2_T|106_E_1&CVP_A2_A|5_LE_3,一向对后穴刺激反应平淡的{TargetName}，此刻那具丰腴成熟的身躯却猛地剧烈痉挛起来，{anal}不受控制地连续深深绞缩，一波强过一波。\n这绝非寻常的绝顶，而是那处素来迟钝的地方在接连高潮了许多次后，敏感度陡然攀上了一个全新的台阶所迎来的极强绝顶，远远盖过了先前每一次普通的顶点。\n成熟的腰肢反复深弓又骤然瘫软，修长的双腿失控地颤抖蹬动，眼角浅浅的笑纹此刻尽数化作失神的痉挛，意识几乎被这股洪流彻底冲垮。\n大量温热的肠液自紧绞的{anal}深处汩汩涌出，甚至伴着一小股喷溅，将她这场剧烈到失控的强绝顶淋漓地宣泄出来。
1191,action_part_a_orgasm_strong_A,0,CVP_A2_T|106_E_1&CVP_A2_A|5_LE_3,{TargetName}那道平日里感觉迟钝的后穴，竟在这一刻爆发出前所未有的剧烈快感，{anal}不受控制地一阵阵猛烈抽搐收紧，成熟丰满的身体随之剧烈战栗。\n经历了一次又一次的连续绝顶，那处原本感官微弱的地方敏感度被硬生生拔高了一层，于是这一回的顶点强得远超以往任何一次普通绝顶。\n她丰润的腰肢深深弓起后又无力塌下，脚趾痉挛般地蜷缩，成熟从容的神情彻底崩碎成失神与颤栗，理智几乎被这股强烈的冲击卷走。\n汹涌的肠液顺着抽搐的{anal}大量流淌溢出，无声诉说着这场剧烈失控的强绝顶。
1192,action_part_a_orgasm_strong_A,0,CVP_A2_T|106_E_1&CVP_A2_A|5_LE_3,素来对肛肠刺激没什么感觉的{TargetName}，这一次却再也维持不住那份沉稳，成熟的胴体骤然绷紧又剧烈痉挛，{anal}一下下失控地深深绞紧。\n这是那处迟钝之地在连番绝顶之后敏感度跃升一档所换来的非常强烈的顶点，其烈度已把先前每一次普通绝顶远远抛在身后，却仍未达到那种反复煎熬后累积迸发的极致。\n丰腴的腰身剧烈弓起又瘫软下去，修长的大腿不住地颤栗抽搐，成熟脸庞上尽是失神与迷乱，意识在这股狂潮里几近被冲垮。\n{anal}深处涌出大量黏热的肠液，甚至微微喷出些许，将这剧烈的强绝顶宣泄得淋漓尽致。
1193,action_part_a_orgasm_strong_A,0,CVP_A2_T|106_E_1&CVP_A2_A|5_LE_3,那处向来感官寡淡的后穴此刻仿佛脱胎换骨，{TargetName}丰腴成熟的身子毫无预兆地剧烈抽搐起来，{anal}一阵接一阵地猛然绞缩痉挛。\n连续多次的绝顶已将这原本迟钝的部位敏感度整整推高了一个台阶，于是这场顶点来得又猛又烈，强度彻底压过了以往每一回寻常的绝顶。\n她成熟的腰肢反复剧烈上弓，随即又软软地垮塌下去，双腿失控地颤抖乱蹬，端庄从容尽数被失神的颤栗取代，神志几乎被这股冲击彻底卷空。\n大量滚烫的肠液自失控收缩的{anal}汹涌淌出，把这剧烈而失控的强绝顶展露无遗。
1194,action_part_a_orgasm_strong_A,0,CVP_A2_T|106_E_1&CVP_A2_A|5_LE_3,{TargetName}那具经历世事的成熟身躯剧烈地弓成一张满弓，向来迟钝的后穴此刻竟被快感彻底攻陷，{anal}不受控制地连续剧烈痉挛绞紧。\n这份强烈远非往日那些普通绝顶可比，正是那处素来感度低下的地方在接连绝顶之后被拔高了一整个层级，才迸发出这般凶猛的顶点。\n丰满的腰腹一次次深深抽搐，修长的双腿绷得笔直又猛然瘫软，成熟妩媚的面容此刻只剩失神的战栗，意识几乎被这滔天的快感冲得支离破碎。\n黏稠温热的肠液大量地从紧绞的{anal}里涌溢而出，将这场远超寻常的强绝顶尽情倾泻。

1195,action_part_a_orgasm_strong_A,0,CVP_A2_T|107_E_1&CVP_A2_A|5_LE_3,早已为人妻的{TargetName}那具成熟丰腴的身体骤然剧烈弓起，{anal}不受控制地一阵阵深深绞缩，连续多次绝顶之后这处本就迟钝的地方仿佛被生生开发出了新的台阶，此刻迎来的绝顶远比寻常更为凶猛。\n积攒到极限的快感终于炸裂开来，成熟的腰肢反复深弓又无力瘫软，修长的双腿失控地绷直乱颤，脚趾死死蜷起。\n大量温热的肠液顺着挛缩的{anal}汩汩涌出，甚至被绞出细细一小股，她眼神失神颤栗，几乎被这背德的强烈快感彻底冲垮了神志。
1196,action_part_a_orgasm_strong_A,0,CVP_A2_T|107_E_1&CVP_A2_A|5_LE_3,这具已有家室的成熟身躯在一瞬间彻底失了控，{anal}猛地剧烈痉挛，一波接一波地深深收紧又松开，原本感度平平、只会感到异物填满的后处，在一次次绝顶的累积下敏感度攀上了新的高度。\n于是这一回的绝顶来得格外凶猛，远超以往任何一次寻常的峰值，丰润的腰肢深深弓起，成熟的脸庞失控地扭曲潮红，双手无力地攥紧。\n止不住的肠液从{anal}大量流淌而下，背叛婚姻的禁忌刺激叫她意识几乎被冲散，浑身颤栗不止。
1197,action_part_a_orgasm_strong_A,0,CVP_A2_T|107_E_1&CVP_A2_A|5_LE_3,{anal}毫无预兆地剧烈绞紧起来，人妻{TargetName}成熟的胴体随之绷成一张满弓，这处迟钝已久、向来只感受得到胀满压迫的地方，在连番绝顶的反复冲刷下终于跨过了一道感度的门槛。\n积压许久的快感如决堤般宣泄而出，远比普通绝顶更为炽烈，她的腰肢反复弓起又塌陷，成熟修长的双腿失控地痉挛乱蹬。\n汹涌的肠液顺着挛动的{anal}大股淌落，背德的战栗与失神交织在她潮红的面容上，让她在{SceneName}里彻底沉沦。
1198,action_part_a_orgasm_strong_A,0,CVP_A2_T|107_E_1&CVP_A2_A|5_LE_3,已为人妻多年的{TargetName}成熟身体骤然一僵，随即剧烈地抽搐颤栗，{anal}一下下深深地绞缩痉挛，那处原本敏感度低下、只惯于承受填塞异物感的后穴，经历了连续不断的绝顶后被开发到了一个崭新的层次。\n这一次涌上来的绝顶远比寻常猛烈得多，丰腴的腰身深深弓起又无力垮下，双腿绷得笔直而后失控地乱颤，脚尖死死抠紧。\n大量肠液从收缩的{anal}中涌出，甚至被绞出小小一股，背叛家庭的禁忌快感让她神志几近溃散。
1199,action_part_a_orgasm_strong_A,0,CVP_A2_T|107_E_1&CVP_A2_A|5_LE_3,成熟丰润的身子在这一刻彻底不听使唤了，{anal}猛烈而不受控制地连续痉挛收紧，这处本就感度平平的地方在一次次绝顶的累加下终于攀上了新的台阶，此刻迸发的绝顶凶猛得叫人妻{TargetName}招架不住。\n蓄积到顶点的快感轰然释放，她的腰肢反复深弓后又瘫软下去，修长的美腿失控地绷紧痉挛，成熟的面容失神而潮红。\n温热的肠液大量从抽搐的{anal}汩汩溢出，背弃婚姻的背德刺激将她仅存的理智一并冲垮，浑身止不住地颤栗。

1200,action_part_a_orgasm_strong_A,0,target_is_player_daughter&CVP_A2_A|5_LE_3,随着一次又一次绝顶的层层累积，{TargetName}那具稚嫩的少女身体被硬生生推上了一个全新的台阶，原本迟钝麻木的后穴此刻竟被开发得敏锐无比，{anal}猛地剧烈痉挛起来，一波接一波不受控制地绞紧又松开。\n远比寻常绝顶凶猛得多的快感如决堤般冲垮了她的意识，稚气未脱的小脸失神地涨红，眼神涣散而颤栗，小腹深处一阵阵抽搐。\n大量温热的肠液顺着抽搐的{anal}汩汩涌出，甚至夹着小股向外喷溅。\n身为博士亲生女儿的她，在{SceneName}里被父亲{Name}逼上这样一场剧烈的强绝顶，纤细的腰肢反复深弓又瘫软，父女乱伦的禁忌在灭顶的快感里被碾得粉碎。
1201,action_part_a_orgasm_strong_A,0,target_is_player_daughter&CVP_A2_A|5_LE_3,连续多次绝顶之后，{TargetName}这个平日里对肛穴刺激毫无感觉的少女，敏感度竟被生生拔高了一整个台阶，此刻迎来了一场远超普通绝顶的猛烈高潮。\n{anal}疯狂而不受控制地连续收缩绞动，稚嫩的躯体绷成一张满弓，四肢失控地抽搐乱颤，一双细腿又蹬又夹。\n她的意识几乎被这股汹涌的快感彻底冲垮，眼角泛出生理泪水，嘴角失神地张着淌下涎液。\n汹涌的肠液从翻搅的{anal}里大量流泻，作为亲生女儿被父亲{Name}调教到这般失控的模样，让{SceneName}里的空气都染上了浓烈的淫靡与背德。
1202,action_part_a_orgasm_strong_A,0,target_is_player_daughter&CVP_A2_A|5_LE_3,原本感度低下的后庭在反复绝顶的锤炼下终于跨过了那道门槛，{TargetName}小小的身子骤然剧烈弹动，{anal}以远比从前强烈的力道疯狂痉挛绞缩，将积攒许久的快感一齐倾泻而出。\n这一次的强度是普通绝顶望尘莫及的，稚嫩的脸庞失神涨红，眉眼扭曲着写满迷乱，喉间溢出破碎的娇喘。\n翻涌的肠液顺着不停抽搐的{anal}成股淌落，甚至伴着轻微的喷溢。\n身为博士女儿的她在{SceneName}里被亲生父亲{Name}推向这种失控的极乐，腰肢深深弓起又无力塌软，伦理的羞耻早已被冲刷得荡然无存。
1203,action_part_a_orgasm_strong_A,0,target_is_player_daughter&CVP_A2_A|5_LE_3,一连串绝顶叠加之后，那个曾经对后穴刺激反应寡淡的少女，敏感度悄然攀升到了崭新的高度，{TargetName}整具身子随之爆发出一阵剧烈的强绝顶。\n{anal}失控般地连绵抽搐紧缩，力度之猛远非普通高潮可比，稚气的小脸涨得通红，神志几乎被彻底冲散，四肢痉挛似地绷紧又瘫软。\n浓稠的肠液从颤动不止的{anal}里大量涌溢而出。\n作为博士亲生骨肉的她，竟在{SceneName}中被父亲{Name}操弄到如此失魂落魄，纤腰反复深弓乱颤，双腿无意识地绷直乱蹬，血脉相连的禁忌在这灭顶的快感里彻底崩塌。
1204,action_part_a_orgasm_strong_A,0,target_is_player_daughter&CVP_A2_A|5_LE_3,在多次绝顶的反复冲刷下，{TargetName}那本就迟钝的肛穴被开发得脱胎换骨，敏感度跃上了一个前所未有的台阶，此刻猛然掀起一场凶悍无比的强绝顶。\n{anal}剧烈而狂乱地痉挛绞紧，一下又一下不受控制地深缩，稚嫩的身体绷成弓形后又骤然瘫软，失神的眼里满是被快感淹没的茫然。\n大量温热的肠液从翻搅的{anal}汩汩喷涌而下。\n身为父亲{Name}亲生女儿的她，在{SceneName}里被推入这般远超寻常的极致颤栗，腰腿失控地抽搐乱颤，父女之间的伦常底线在这一刻被这凶猛的高潮碾得支离破碎。

1205,action_part_a_orgasm_strong_A,0,CVP_A2_T|102_E_1&CVP_A2_A|5_G_3&CVP_A2_A|5_LE_6,娇小得不盈一握的{TargetName}整个幼嫩的身子猛地绷成了一张满弓，{anal}毫无节制地连续深深痉挛收缩着，一波比一波更凶猛的快感反复碾过她稚嫩的下腹深处。\n这已远不是先前那种小打小闹的轻颤，接连不断的绝顶把这具小小的身体反复推上又摔下，敏感度硬生生被拔高了一个台阶，此刻迎来的这场强烈绝顶几乎要把她小小的神智整个冲垮。\n幼小的腰肢反复深深弓起又脱力地瘫软，纤细的四肢失控地乱蹬颤抖，{anal}深处大量温热的肠液汹涌涌出，甚至夹着一小股喷溅，稚气的小脸失神地扭曲，圆圆的眼睛翻起一层水雾。
1206,action_part_a_orgasm_strong_A,0,CVP_A2_T|102_E_1&CVP_A2_A|5_G_3&CVP_A2_A|5_LE_6,随着一阵远比从前更加猛烈的快意贯穿而来，{TargetName}那具尚未发育的小身板剧烈地弹跳了一下，{anal}不受控制地一下下剧烈缩紧又松开，连成一串停不下来的深度痉挛。\n经历了太多次接连不断的绝顶，她幼小肉体的敏感度已被磨得攀上新的高度，这一次的高潮凶狠得像要将她小小的意识彻底击碎，稚嫩的身体只剩下失神的战栗。\n嫩白的腰不停地深弓再软塌，细细的双腿夹紧又蹬开，{anal}汩汩地淌出大量黏腻的肠液，泛红的小脸皱成一团，稚气未脱的表情写满了承受不住的失控。
1207,action_part_a_orgasm_strong_A,0,CVP_A2_T|102_E_1&CVP_A2_A|5_G_3&CVP_A2_A|5_LE_6,{anal}冷不丁地爆发出一阵极其剧烈的连锁抽搐，{TargetName}那副娇小玲珑的身躯被这远超以往的强烈绝顶掀得整个僵直起来，随即又控制不住地剧烈颤栗。\n一次次密集绝顶累积下来，她那稚嫩后穴的敏感与快感早已跃上一个崭新的层级，眼下这场汹涌的高潮将她幼小的神志冲刷得一片恍惚，几乎抓不住任何清明。\n单薄的小腰高高弓起后又无力垂落，纤瘦的腿根痉挛似的收紧，{anal}深处涌出大股滚烫的肠液，甚至溢出些许喷淋，小小的身体被快感反复贯穿，只余下失神的痉挛与颤抖。
1208,action_part_a_orgasm_strong_A,0,CVP_A2_T|102_E_1&CVP_A2_A|5_G_3&CVP_A2_A|5_LE_6,这一波快感来得比过往任何一次都要凶猛得多，{TargetName}幼嫩的身子霎时绷得笔直，{anal}一阵接一阵剧烈而失控地深深绞紧，将那股几乎要漫溢出来的强烈快意反复挤压。\n在数不清的连续绝顶之后，这具小小身体的敏感度已被顶到了前所未有的台阶，此刻迎来的强绝顶粗暴得几乎要将她稚气的意识整个冲散，只剩失魂的战栗。\n幼小的腰肢反复深弓又猝然瘫软，纤细的脚趾死死蜷起，{anal}汹涌地淌下大量温热黏稠的肠液，稚嫩的小脸涨得通红，圆睁的眼里满是招架不住的迷乱。
1209,action_part_a_orgasm_strong_A,0,CVP_A2_T|102_E_1&CVP_A2_A|5_G_3&CVP_A2_A|5_LE_6,猛然间一股远比先前强烈无数倍的快感狠狠贯穿下腹，{TargetName}小小的身体骤然痉挛着弹起，{anal}毫无章法地连续剧烈收缩绞动，一下下把那浓烈到极点的快意反复推挤开来。\n接二连三的绝顶早已将她幼小后穴的敏感一路推高，眼下这场汹涌澎湃的强烈高潮几乎要将她稚嫩的神智彻底冲垮，小小的身体只余下失控的颤栗与抽搐。\n单薄的腰肢一次次深深弓起又脱力瘫塌，细嫩的双腿失控地蹬动，{anal}深处汩汩喷涌出大量炽热的肠液，稚气的小脸失神地泛红，睫毛剧烈地颤抖着。

1210,action_part_a_orgasm_strong_A,0,CVP_A2_T|103_E_1&CVP_A2_A|5_G_3&CVP_A2_A|5_LE_6,娇小的{TargetName}那具刚开始发育的身子猛地绷紧成一道满弓，{anal}毫无节制地一波接一波深深痉挛绞缩，远比从前凶猛数倍的快感反复碾过她青涩的下腹深处。\n这早已不是先前那种浅浅的轻颤，一连串接踵而至的绝顶把这具半熟的身体反复抛上又摔下，敏感度被生生拔高了一个崭新的台阶，眼下这场强烈的绝顶几乎要将她尚带稚气的神智整个冲垮。\n初现少女轮廓的腰肢反复深深弓起又脱力瘫软，纤细的四肢失控地颤抖乱蹬，{anal}深处大量温热的肠液汹涌溢出，甚至夹着一小股喷溅，半是天真半是早熟的小脸失神地泛红，水润的眼里翻起一层迷蒙。
1211,action_part_a_orgasm_strong_A,0,CVP_A2_T|103_E_1&CVP_A2_A|5_G_3&CVP_A2_A|5_LE_6,随着一阵远胜以往的猛烈快意直直贯穿而来，{TargetName}那副才初初发育的娇小身板剧烈地弹跳了一下，{anal}不受控制地一下下狠狠缩紧又骤然松开，连成一串怎么也停不下来的深度痉挛。\n经历了太多回接连不断的绝顶，她这半熟肉体的敏感早已被磨得攀上新的高度，这一次的高潮凶狠得像要把她那点残存的清明彻底击碎，青涩的身体只剩失神的战栗。\n刚显露曲线的腰肢不停地深弓再软塌，细细的双腿夹紧又蹬开，{anal}汩汩地淌出大量黏腻滚烫的肠液，透着稚气的小脸皱成一团，早熟与懵懂交织的神情写满了承受不住的失控。
1212,action_part_a_orgasm_strong_A,0,CVP_A2_T|103_E_1&CVP_A2_A|5_G_3&CVP_A2_A|5_LE_6,{anal}冷不丁地爆发出一阵极其剧烈的连锁抽搐，{TargetName}那具娇小而初现少女韵味的身躯被这远超从前的强烈绝顶掀得整个僵直，随即又控制不住地剧烈颤栗起来。\n一次次密集绝顶层层累积，她那尚显青涩后穴的敏感与快感早已跃上一个崭新的层级，此刻这场汹涌的高潮把她半熟的神志冲刷得一片恍惚，几乎再抓不住半分理智。\n单薄却初具弧度的小腰高高弓起后又无力垂落，纤瘦的腿根痉挛般地收紧，{anal}深处涌出大股温热的肠液，甚至溢出些许喷淋，娇小的身体被快感反复贯穿，只余失神的抽搐与颤抖。
1213,action_part_a_orgasm_strong_A,0,CVP_A2_T|103_E_1&CVP_A2_A|5_G_3&CVP_A2_A|5_LE_6,这一波快感来得比过往任何一回都要凶猛得多，{TargetName}那刚发育的娇嫩身子霎时绷得笔直，{anal}一阵接一阵剧烈失控地深深绞紧，将那股几乎要满溢出来的浓烈快意反复挤压碾磨。\n在数不清的连绵绝顶之后，这具初现轮廓的小小身体敏感度已被顶到前所未有的台阶，眼下迎来的强绝顶粗暴得几乎将她那份稚气的意识整个冲散，只剩失魂般的战栗。\n初长成的腰肢反复深弓又猝然瘫软，纤细的脚趾死死蜷缩，{anal}汹涌地淌下大量黏稠温热的肠液，半熟的小脸涨得通红，圆睁的眼中满是招架不住的迷乱与慌张。
1214,action_part_a_orgasm_strong_A,0,CVP_A2_T|103_E_1&CVP_A2_A|5_G_3&CVP_A2_A|5_LE_6,猛然间一股远比先前强烈无数倍的快感狠狠贯穿下腹，{TargetName}那娇小初熟的身体骤然痉挛着弹起，{anal}毫无章法地连续剧烈收缩绞动，一下下将那浓烈到极点的快意反复推挤开来。\n接二连三的绝顶早把她这青涩后穴的敏感一路推高，此刻这场汹涌澎湃的强烈高潮几乎要把她尚带天真的神智彻底冲垮，刚发育的身体只余失控的颤栗与抽搐。\n初显曲线的腰肢一次次深深弓起又脱力瘫塌，细嫩的双腿失控地蹬动，{anal}深处汩汩喷涌出大量炽热的肠液，稚气与早熟并存的小脸失神地泛红，长睫剧烈地颤抖不止。


2000,action_part_a_orgasm_strong_A,0,CVP_A2_T|6_E_0&CVP_A2_T|7_E_1&CVP_A2_T|222_E_1,连番的绝顶早已把{TargetName}那具尚未长开的稚嫩身子推上了一个全新的敏感台阶，此刻积攒到极致的快感终于轰然炸开，{anal}猛地剧烈痉挛起来，一波接一波不受控制地深深收紧又松开。\n幼小的腰肢反复深深弓起随即又瘫软下去，纤细的四肢失控地颤抖乱蹬，稚气未脱的小脸彻底失了神，圆眼涣散着涌出生理性的泪水。\n她根本不懂自己的身体为何会被这般强烈的东西冲垮，只是懵懂而惊惶地承受着这远超以往的猛烈快感，{anal}深处大量温热的肠液汹涌涌出，甚至随着痉挛小幅喷溅了出来。
2001,action_part_a_orgasm_strong_A,0,CVP_A2_T|6_E_0&CVP_A2_T|7_E_1&CVP_A2_T|222_E_1,在同一处被连着送上绝顶太多次之后，{TargetName}青涩幼嫩的躯体敏感得如同一根绷到极限的弦，这一次的绝顶远比之前任何一次都要凶猛，{anal}疯狂而不受控制地连续绞缩抽搐。\n娇小的身子剧烈弓成一道颤抖的弧线，稚嫩的脚趾死死蜷起，纤瘦的大腿失控地痉挛痉挛，稚气的眉眼皱成一团又骤然松散，意识几乎被这股洪流冲得七零八落。\n对性事一无所知的她惊慌地承受着这陌生又猛烈的失控，浑然不知这具已能孕育生命的小小身子正被推向怎样的深渊，{anal}汩汩淌出大量黏腻的肠液。
2002,action_part_a_orgasm_strong_A,0,CVP_A2_T|6_E_0&CVP_A2_T|7_E_1&CVP_A2_T|222_E_1,快感在这具稚嫩身体里累积到了一个前所未有的高度，一场远比寻常绝顶更猛烈的高潮轰然降临，{anal}剧烈地、失控地一阵阵深度绞紧，痉挛的幅度大得让整个小腹都跟着抽搐起伏。\n{TargetName}幼小的身躯绷得笔直又骤然瘫软，纤细的手指无力地抠抓着，稚嫩的唇间溢出破碎失控的颤息，失神的双眼里满是懵懂的惊惶。\n她完全不明白自己怎会被冲刷成这副模样，只本能地承受着这灭顶般的强烈快感，{anal}深处涌出的滚烫肠液又多又急，浸得一片濡湿。
2003,action_part_a_orgasm_strong_A,0,CVP_A2_T|6_E_0&CVP_A2_T|7_E_1&CVP_A2_T|222_E_1,一次次绝顶把{TargetName}那还带着稚气的敏感身子磨得越来越经不起撩拨，敏感度攀上新台阶后迎来的这场绝顶格外凶猛，{anal}毫无节制地剧烈痉挛收缩，一下比一下更深更狠。\n幼嫩的腰身深深弓起后又软软塌下，细瘦的双腿不受控制地颤栗乱蹬，稚嫩的小脸涨得通红又失神发白，圆润的眼眸涣散着蒙上一层水雾。\n懵懂无知的她惊慌失措地被这股远超从前的猛烈快感席卷，压根不懂这意味着什么，也不知这具已具生育之能的身子正承受着什么，{anal}大量肠液不住外溢甚至微微喷出。
2004,action_part_a_orgasm_strong_A,0,CVP_A2_T|6_E_0&CVP_A2_T|7_E_1&CVP_A2_T|222_E_1,连续多次的绝顶叠加之下，{TargetName}青涩单薄的身体敏感得近乎失控，积蓄到顶点的快感终于一举释放，{anal}疯狂而深沉地连番痉挛，绞紧的力道强烈得让整具幼小身躯都为之战栗。\n她娇小的腰肢反复弓起又瘫软，纤细四肢失控地抽搐颤抖，稚气的表情彻底崩坏，涣散的眼神里只剩懵懂的茫然与惊慌，意识几乎被这猛烈的洪流冲垮。\n对性一窍不通的她根本无从理解身体为何被冲刷得如此彻底，只茫然地承受着这远胜以往的强烈高潮，{anal}深处大量温热肠液汹涌流淌，濡湿了一大片。
2005,action_part_a_orgasm_strong_A,0,CVP_A2_T|7_E_0&CVP_A2_T|222_E_1,身体早已发育成熟的{TargetName}忽然爆发出一阵远比之前剧烈得多的痉挛，{anal}不受控制地一波接一波狠狠绞缩着，那股猛烈到几乎要将她整个人冲垮的快感疯狂席卷全身。\n连续绝顶了太多次的这里敏感度早已攀上一个全新的台阶，攒够的快感在此刻轰然炸开，成熟的胴体剧烈弓起又猛地瘫软，四肢失控地颤抖乱蹬。\n可她那颗如孩童般懵懂的心却完全不明白自己怎么了，只被这陌生又凶猛的浪潮冲得失神颤栗，大量肠液从深处汹涌溢出。\n她茫然地睁大眼，成熟的脸蛋涨得通红，被这不解其意的极乐冲得几乎说不出话，只本能地承受着这一切。
2006,action_part_a_orgasm_strong_A,0,CVP_A2_T|7_E_0&CVP_A2_T|222_E_1,一记远超以往的强烈绝顶猛然贯穿了{TargetName}成熟的躯体，{anal}剧烈而不受控制地连续抽搐绞紧，一次又一次的收缩幅度大得吓人，将她整个人拖入近乎失控的战栗中。\n在这里连番迎来高潮之后，敏感度早已跃升了一个层次，这一次的绝顶烈度骤然翻倍，成熟丰满的腰肢反复深深弓起再重重塌陷。\n然而对性一无所知的她根本无从理解这翻涌的洪流意味着什么，只觉得脑袋一片空白，稚气未脱的意识几乎被这凶猛的快感冲得支离破碎。\n大量温热的肠液汩汩淌出，甚至伴着小幅的喷溅，她张着嘴无声颤抖，眼里满是懵懂的惊惶与迷乱。
2007,action_part_a_orgasm_strong_A,0,CVP_A2_T|7_E_0&CVP_A2_T|222_E_1,{anal}毫无预兆地掀起一场狂暴的绞缩，成熟身躯却心智幼稚的{TargetName}被这远比寻常绝顶更凶的浪潮狠狠掀翻，全身肌肉剧烈抽搐绷紧，几乎再压不住任何反应。\n这处早已在反复绝顶里被磨得敏感度陡增一档，此刻攒足的快感一并迸发，凶猛得让她的意识摇摇欲坠，失神地随着一波波痉挛剧烈颤栗。\n她成熟的身子诚实地弓起又瘫软，双腿失控地乱蹬绷直，可她那份天真的懵懂却教她全然读不懂身体的疯狂。\n伴着大量肠液的涌出，她只茫然而慌乱地承受着这场陌生到令她惊骇的极致快感。
2008,action_part_a_orgasm_strong_A,0,CVP_A2_T|7_E_0&CVP_A2_T|222_E_1,比普通绝顶还要猛烈数倍的高潮骤然攫住了{TargetName}，{anal}疯狂地连续痉挛收缩，那股几乎要把她冲垮的强烈快感沿着成熟的脊背一路炸开，逼得她全身剧烈战栗。\n连续多次绝顶后这里的敏感早已上了一个新台阶，积攒的快感在此刻尽数释放，成熟的腰肢深深弓起后又无力地软瘫下去。\n可她单纯得如同孩童的脑袋根本转不过来，完全不懂这翻江倒海的浪潮到底是什么，只被冲得神志恍惚、眼神涣散。\n浓稠的肠液大量涌流而出，她成熟的脸上写满了对这陌生极乐的茫然、困惑与止不住的颤抖。
2009,action_part_a_orgasm_strong_A,0,CVP_A2_T|7_E_0&CVP_A2_T|222_E_1,{TargetName}成熟的身体猛然爆发出一阵剧烈失控的震颤，{anal}狠狠地一下下深绞猛缩，这远胜从前的强烈绝顶如决堤般奔涌，将她整个人卷入近乎崩溃边缘的战栗。\n在这里被连番送上高潮之后，敏感度早已陡然跃升一级，此刻蓄满的快感轰然齐放，成熟的四肢失控地颤抖痉挛，腰身反复弓起又塌软。\n偏偏她那颗对性事一无所知的心思仍旧幼稚懵懂，根本不明白自己的身体为何会疯成这样，只被冲得几乎失去了神智。\n大量肠液自深处汹涌淌落，她张大着嘴，成熟的容颜上尽是不解其意的惊愕与无助的迷茫。

2010,action_part_a_orgasm_strong_A,0,CVP_A2_T|102_E_1,幼小的{TargetName}整具娇嫩身子猛地绷成了一张满弓，{anal}再也压抑不住地剧烈痉挛起来，一波接一波不受控制地深深缩紧又猛然张开。\n经历了一次又一次的连番绝顶之后，那处稚嫩的敏感竟被生生磨高了一整个台阶，如今迎来的这一记绝顶远比从前任何一次都要凶猛狂烈。\n她小小的腰肢深深弓起又软软塌陷，纤细的四肢失控地乱蹬颤抖，圆圆的眼睛翻起一层水雾，稚气的脸蛋失神地扭曲着，意识几乎被这股汹涌的快感彻底冲垮。\n大量温热的肠液顺着{anal}汩汩涌落，甚至随着剧烈的抽缩微微喷溅出来，将那副幼小的身体浇得湿淋淋一片。
2011,action_part_a_orgasm_strong_A,0,CVP_A2_T|102_E_1,一股远超以往的滔天快感狠狠贯穿了{TargetName}幼嫩的下腹，{anal}猛烈而不受控制地连续痉挛收缩，深处一阵阵疯狂的绞紧几乎要把整具小身子都拧成一团。\n在那处连番绝顶了太多次之后，稚嫩的感度被拔高到了一个全新的台阶，这才引来了这一记凶狠得吓人的强烈绝顶，其烈度远非寻常的普通绝顶所能比拟。\n她娇小的腰身反复深弓后又骤然瘫软，细嫩的大腿失控地痉挛乱颤，稚气未脱的小脸失神发白，圆眼里满是被冲垮的茫然，浓稠的肠液大股大股地从{anal}翻涌而出。
2012,action_part_a_orgasm_strong_A,0,CVP_A2_T|102_E_1,{TargetName}那具尚未发育的幼小身体骤然剧烈战栗起来，{anal}毫无章法地疯狂缩弄抽搐，一下比一下更深更狠，仿佛要把积攒了许久的滔天快感一口气全数榨出。\n这已是那处连续高潮过无数回之后、敏感度攀上崭新台阶所迎来的凶悍绝顶，比普通的绝顶要强烈得太多太多，却又还没到反复吊着才逼得出的那种究极程度。\n幼嫩的腰肢深深弓成骇人的弧度，稚嫩的脚趾死死蜷起又猛地绷直，小脸上写满了失控的迷乱与颤栗，滚烫的肠液顺着{anal}奔涌滑落，濡湿了下方一大片。
2013,action_part_a_orgasm_strong_A,0,CVP_A2_T|102_E_1,滔天般的快感如决堤洪流狠狠灌进{TargetName}幼小的躯体，{anal}剧烈而失控地连番绞缩，深处的痉挛一阵猛过一阵，将这具稚嫩的身子搅得彻底不能自持。\n经过接二连三的绝顶反复冲刷，那处的敏感被磨得攀上了一层新的高度，这才招来了这一记远比往常凶猛的强烈绝顶，快感的浓度骇人得让人失神。\n她纤细的腰肢深弓后又无力软瘫，稚气的四肢失控地颤栗乱蹬，圆溜溜的大眼失焦地涣散开来，大量黏腻的肠液自{anal}翻滚着涌出，甚至伴着抽缩小幅喷溅。
2014,action_part_a_orgasm_strong_A,0,CVP_A2_T|102_E_1,幼小的{TargetName}猛地仰起了稚嫩的脖颈，{anal}不受控制地剧烈痉挛，一波比一波更深沉的绞紧顺着娇小的身子层层炸开，将她狠狠掀入一场凶悍的绝顶。\n那处早已在一次次连番高潮里被磨得敏感陡增，攀上了一个崭新的台阶，因而这一记绝顶远比寻常绝顶来得猛烈狂暴，稚嫩的身体几乎被这股洪流彻底冲得失了神。\n她小小的腰身深深弓起又一次次瘫软下去，纤细的手指死死蜷缩痉挛，稚气的脸颊涨得通红又骤然发白，滚烫浓稠的肠液大量地从{anal}汹涌淌出，浸得下身一片狼藉。

2015,action_part_a_orgasm_strong_A,0,CVP_A2_T|7_E_0&CVP_A2_T|222_E_1,已然成年却仍懵懂无知的{TargetName}猛地弓起了腰肢，{anal}毫无征兆地剧烈痉挛起来，一波接一波不受控制地绞紧又松开。\n她那副发育完全的身子在这股陌生至极的狂潮里剧烈颤抖着，明明是连续攀上高处之后骤然升级的酥麻，她却根本不明白自己怎会浑身痉挛成这般模样。\n泪水混着茫然涌上眼眶，嘴唇哆嗦着说不出话，只余下断续而破碎的呜咽，{anal}深处传来阵阵痉挛的余韵，肠液大量汹涌而出，甚至带着小幅的喷溅。\n双腿失控地乱蹬着，手指绞紧了身下的一切，成熟的肉体正诚实地代替懵懂的头脑，宣告着这场远超她理解范围的强烈绝顶。
2016,action_part_a_orgasm_strong_A,0,CVP_A2_T|7_E_0&CVP_A2_T|222_E_1,{TargetName}发育成熟的躯体骤然绷成一张满弓，{anal}一下下狠狠绞缩，那股比先前几次更凶猛的快感浪潮几乎将她卷得粉碎。\n她那双清澈却空白的眼睛瞪得圆圆的，完全无法理解自己的身体为何会颤抖得如此剧烈，只是本能地哭喊着，泪水大颗大颗地滚落脸颊。\n腰肢反复深深弓起又颓然瘫软，四肢止不住地抽搐乱颤，{anal}里涌出的肠液源源不断地淌出，还伴着一阵阵小幅的喷涌。\n明明拥有着成熟的胴体，此刻却像个第一次触电般的孩子，任由这股狂烈的绝顶将自己彻底击垮。
2017,action_part_a_orgasm_strong_A,0,CVP_A2_T|7_E_0&CVP_A2_T|222_E_1,一股比以往更炽烈的狂潮猛然击穿了{TargetName}的身躯，{anal}剧烈而失控地反复痉挛，绞紧的力道一波比一波凶狠。\n她茫然地大口喘着气，完全不懂这具早已发育完全的身体究竟经历了什么，只感觉整个世界都在自己失控的颤抖里摇晃崩塌。\n腰背深深弓起后又瘫软倒下，纤细的手指死死抠紧，{anal}深处的肠液汹涌溢出，隐约还带着喷溅的势头。\n那张原本清纯懵懂的脸庞此刻涨得通红，泪光混着失神的茫然，将这份认知与身体反应之间的巨大落差展露无遗。
2018,action_part_a_orgasm_strong_A,0,CVP_A2_T|7_E_0&CVP_A2_T|222_E_1,{TargetName}的身子猝然绷紧又剧烈痉挛，{anal}一阵接一阵毫无章法地收缩绞动，比先前每一次都要更加凶猛炽烈。\n明明有着与年龄不符的丰满曲线，脑海里却依旧一片空白，她根本弄不明白自己为何会如此剧烈地颤抖抽搐，只余下惊惶又茫然的啜泣声。\n双腿控制不住地大幅乱蹬，腰肢反复深弓又颓然垮下，{anal}里涌出的肠液大股大股地流淌，间或伴着轻微的喷溅感。\n泪水沾湿了睫毛，那双懵懂的眼睛里满是不解与惊惧，成熟的身体却诚实地沉浸在这股狂烈绝顶的余韵里久久无法平息。
2019,action_part_a_orgasm_strong_A,0,CVP_A2_T|7_E_0&CVP_A2_T|222_E_1,毫无预兆间，{TargetName}浑身猛地一僵，{anal}骤然剧烈绞紧，一浪高过一浪的痉挛狠狠冲刷着她早已敏感到极致的深处。\n她张着嘴却发不出完整的声音，只有破碎凌乱的抽气声一声接一声，明明身体已然成熟，脑子里却对这股狂潮的来由一无所知。\n腰肢一次次深深弓起，四肢止不住地痉挛颤抖，{anal}汩汩涌出大量的肠液，甚至带着几分小幅喷溅的湿润。\n满脸茫然与羞赧交织，泪珠不断从眼角滑落，成年却无知的身躯就这样毫无保留地沉溺在这股远超以往的强烈绝顶之中。

2020,action_part_a_orgasm_strong_A,0,CVP_A2_T|6_E_0&CVP_A2_T|7_E_1&CVP_A2_T|222_E_1,未成年且对性一无所知的{TargetName}在{anal}被连续多次绝顶后敏感度陡然攀升，一股远超之前的强烈痉挛猛地贯穿她瘦小的身躯。\n她根本不明白自己的{anal}为何会如此不受控制地收缩着，只是茫然地弓起腰肢，稚嫩的双腿不停地哆嗦，喉咙里溢出破碎而懵懂的呜咽，肠液顺着{anal}大量涌出，甚至带着小幅的喷溅，她惊惶地想要抓住些什么，却完全不懂自己正经历着怎样的强烈快感。
2021,action_part_a_orgasm_strong_A,0,CVP_A2_T|6_E_0&CVP_A2_T|7_E_1&CVP_A2_T|222_E_1,尚未成年的{TargetName}对情事一片空白，此刻{anal}却在一次又一次的绝顶累积下猛然攀上一个更凶猛的高潮台阶。\n她瞪大双眼，脸颊涨得通红，浑身肌肉不受控制地绷紧又抽搐，稚嫩的腰身反复弓起又瘫软下去，手指无意识地蜷缩着，{anal}涌出大股温热的肠液，她完全搞不清这种翻涌而来的酥麻究竟是什么，只能任由身体在懵懂中剧烈战栗。
2022,action_part_a_orgasm_strong_A,0,CVP_A2_T|6_E_0&CVP_A2_T|7_E_1&CVP_A2_T|222_E_1,未经人事的{TargetName}只觉得{anal}深处一波接一波的酥麻越滚越大，突然间猛地炸开成一场无法招架的强烈绝顶。\n她整个人猛烈地痉挛起来，纤细的四肢胡乱蜷缩着乱蹬，眼神涣散地望着虚空，口中溢出断续而茫然的喘息，{anal}剧烈收缩着涌出许多肠液，她压根不明白这具尚未发育完全的身体此刻究竟发生了什么变化。
2023,action_part_a_orgasm_strong_A,0,CVP_A2_T|6_E_0&CVP_A2_T|7_E_1&CVP_A2_T|222_E_1,懵懂无知的{TargetName}在{anal}反复绝顶之后，敏感的部位仿佛被重新点燃，骤然迎来一场比先前猛烈得多的强烈绝顶浪潮。\n她青涩的身子剧烈弓起又颓然瘫软，双腿抽搐着蜷起又松开，稚气未脱的脸上满是茫然与惊惧交织的神情，{anal}汹涌地涌出肠液并伴着轻微的喷溅，她根本无从理解自己身体里翻腾着的究竟是怎样的强烈感受。
2024,action_part_a_orgasm_strong_A,0,CVP_A2_T|6_E_0&CVP_A2_T|7_E_1&CVP_A2_T|222_E_1,对性事全然陌生的{TargetName}没料到{anal}的敏感会在多次绝顶后骤然升级，猝不及防地被卷入一场极其猛烈的强绝顶之中。\n她稚嫩的身躯不住地痉挛颤抖，腰肢一次次深深弓起又无力地跌落，指尖无助地蜷缩抓挠，{anal}大量涌出温热的肠液并夹杂着细微的喷洒，她似懂非懂地喘息着，全然不知这股汹涌快感正把自己尚未成熟的身体一步步推向失控的边缘。

2025,action_part_a_orgasm_strong_A,0,high_1,{TargetName}的身躯猛然绷紧又骤然痉挛，{anal}一阵接一阵剧烈地收缩绞紧，完全不受控制地反复抽搐着。\n这已经是连续多次绝顶之后的产物，那处的敏感已经被彻底磨炼到了一个全新的骇人高度，稍有刺激便如决堤般轰然引爆。\n腰肢反复深深弓起又颓然瘫软，双腿止不住地痉挛乱蹬，脚趾用力蜷缩绷直。\n{anal}中有大量粘稠的肠液汹涌溢出，甚至带着小幅的喷溅感，顺着私处狼狈地滴落。\n她双眼涣散失焦，泪水在眼眶中打转，嘴角溢出破碎而失控的喘息，整个人都沉浸在这股远超从前的强烈绝顶里瑟瑟发抖。
2026,action_part_a_orgasm_strong_A,0,high_1,一波远比先前更为凶猛的浪潮毫无征兆地贯穿全身，{TargetName}的{anal}剧烈地一缩一缩，仿佛要将自身绞成一团。\n经过方才那接连不断的绝顶洗礼，此处早已变得极度敏感，此刻终于迎来了这场难以招架的强烈高潮。\n她的腰背深深塌陷又猛地弓起，纤细的四肢完全脱离控制地颤抖抽动，脚尖绷得笔直又骤然松垮。\n肠液大股大股地涌出{anal}，甚至夹杂着几分喷洒的势头，弄得一片泥泞狼藉。\n意识已然被冲得七零八落，她茫然地大口喘息着，脸颊涨红滚烫，浑身战栗不止，久久无法从这场剧烈的绝顶中回神。
2027,action_part_a_orgasm_strong_A,0,high_1,{TargetName}猝然弓起腰肢，喉间溢出破碎不成调的呻吟，{anal}以远超以往的力道一圈圈绞紧又松开，剧烈地痉挛不休。\n因着此前一次又一次的绝顶积累，那处的敏感度早已被推至一个全新的层级，此刻的高潮也随之猛烈得判若两次。\n她的双手无意识地在空中胡乱抓挠，大腿不受控制地剧烈颤抖，脚踝反复绷紧又松弛。\n浓稠的肠液自{anal}深处滚滚涌出，隐隐带着喷溢而出的态势，将周遭染得一片湿滑狼藉。\n她仰着脖颈失神喘息，眼角沁出生理性的泪光，整个人都被这股强烈到近乎失控的快感席卷得摇摇欲坠。
2028,action_part_a_orgasm_strong_A,0,high_1,一记比此前更猛烈的绝顶浪潮骤然袭卷而来，{TargetName}的身子剧烈一弓，{anal}疯狂地收缩挤压，一波接一波毫无停歇的迹象。\n那处早已在接连的绝顶中被反复冲刷，敏感度攀升到了一个骇人的新高度，此刻便迎来了这场远超寻常的强烈释放。\n她的十指用力蜷起，浑身肌肉紧绷成一片，纤腰反复塌陷又高高扬起，双腿控制不住地乱蹬颤动。\n大量粘腻的肠液从{anal}汹涌而出，隐约伴随着小股喷溅，湿漉漉地滴落一地。\n她的表情彻底涣散扭曲，泪水混着喘息簌簌滑落，整具娇躯都在这股极为强烈的绝顶余韵中不住地战栗痉挛。
2029,action_part_a_orgasm_strong_A,0,high_1,{TargetName}猛地仰起脖颈，一声压抑不住的喘息破口而出，{anal}剧烈痉挛着一圈圈收紧，狂乱地抽搐个不停。\n历经了此前数次绝顶的反复洗礼，这一处早已变得异常敏感，此刻终于迎来这场远比往常更为猛烈的强烈绝顶。\n她的双肩不住地耸动颤抖，腰背深深塌陷成一道弧线，纤细的脚踝绷得笔直又骤然瘫软下来。\n{anal}深处的肠液滚滚涌出，甚至挟着几分喷薄之势，将周身弄得湿黏一片。\n她双目失神地望着虚空，唇瓣哆嗦着吐出破碎的气音，整个人都沉溺在这股几乎将神志冲垮的强烈快感浪潮里久久无法平息。
2030,action_part_a_orgasm_strong_A,0,CVP_A2_T|103_E_1&high_1,连续绝顶了好几回之后，{TargetName}稚嫩的{anal}敏感度骤然又拔高了一截，那股蓄积已久的酥麻猛地冲破临界，化作一场远比之前凶猛的绝顶狠狠碾过幼嫩的躯体。\n{anal}毫无章法地剧烈痉挛收缩，一波接一波根本停不下来，稚气未脱的腰肢反复深深弓起又颓然瘫软，细白的两条腿止不住地乱蹬乱颤。\n大量温热的肠液汹涌而出，甚至带着细碎的喷溅，稚嫩的脸蛋涨得通红，双眼因失控的快感而涣散无神，整个人像是被抽走了力气般剧烈战栗。
2031,action_part_a_orgasm_strong_A,0,CVP_A2_T|103_E_1&high_1,敏感度早已在方才反复的绝顶中悄悄攀升了一个台阶，此刻积攒的快感终于一举炸开，{TargetName}稚嫩的身躯猛地绷成一张满弓，{anal}狂乱地一阵阵绞紧又松开，完全不受自己意志的掌控。\n稚嫩的腰腹深处一波接一波地抽搐着，纤细的脚趾死死蜷起又骤然舒展，双手无处安放地胡乱抓挠，嘴角溢出破碎而失神的气音。\n浓稠的肠液大股大股地涌出，甚至夹杂着小幅的喷洒，年幼的脸庞泛着潮红，眼神彻底失焦，仿佛灵魂都被这股猛烈绝顶震得摇摇欲坠。
2032,action_part_a_orgasm_strong_A,0,CVP_A2_T|103_E_1&high_1,一次比一次强烈的绝顶叠加起来，让{TargetName}稚气的{anal}敏感到了一个全新的高度，这一次的浪潮比先前任何一次都要凶猛狂暴地席卷而来。\n{anal}不断剧烈地抽紧痉挛，收缩的节奏又急又乱，幼嫩的腰肢反复深深弓起，随即又毫无力气地重重跌落，纤细的四肢控制不住地痉挛乱颤。\n肠液汹涌地大量涌出，隐约还带着细小的喷溅声响，稚嫩的面容因剧烈的快感而彻底扭曲变形，双眸失神地望着虚空，理智几乎被这份强烈的绝顶冲刷殆尽。
2033,action_part_a_orgasm_strong_A,0,CVP_A2_T|103_E_1&high_1,反复经历绝顶后，{TargetName}稚嫩的身子对那股快感变得愈发敏锐，此刻积压的酥麻终于狠狠爆发，掀起一场比往常猛烈得多的绝顶风暴。\n{anal}一下下不受控地深深绞紧，痉挛得又急又密，几乎无法喘息，幼小的腰身反复痉挛弓起后又颓然塌软，细嫩的双腿失控地胡乱蜷曲摆动。\n大股温热的肠液不住地泅涌而出，间或夹杂着轻微的喷溅，稚嫩的表情彻底失控扭曲，泪光在眼眶中打转，整具娇小的身体都在剧烈的余波中不停颤栗。
2034,action_part_a_orgasm_strong_A,0,CVP_A2_T|103_E_1&high_1,快感在这具稚嫩躯体里一层层堆叠，敏感度早已悄悄跃升，此刻终于抵达了远超以往的强烈绝顶，{TargetName}整个人猛地绷紧又颤抖不止。\n{anal}疯狂地一阵阵绞缩，完全失去章法，稚气的小腹一次次痉挛抽动，腰肢深深弓起又瘫软下去反复数次，纤细的手指痉挛般地紧紧蜷握。\n汹涌的肠液大量涌流而出，隐隐夹带着细碎的喷洒，稚嫩的脸颊泛起深深的潮红，眼神彻底涣散失神，唇齿间溢出破碎而失控的喘息，整个身躯都沉浸在这场剧烈绝顶的余韵中难以自持。

2035,action_part_a_orgasm_strong_A,0,CVP_A2_T|277_E_1&CVP_A2_A|5_G_6,{TargetName}猛然弓起纤细的腰肢，一声破碎羞怯的呜咽卡在喉间，{anal}以远超以往的力道剧烈绞紧又松开，一圈圈疯狂痉挛不休。\n那处早已因反复绝顶而变得极度敏感，此刻稍有波动便轰然引爆成这场凶猛的高潮，火烧般的酥麻瞬间席卷了她泛红发烫的全身。\n她羞得死死咬住下唇，双手却不受控制地胡乱攥紧，大腿控制不住地剧烈打颤，脚趾用力蜷缩绷直。\n浓稠的肠液从{anal}深处汹涌溢出，隐约带着小幅喷溅的势头，狼狈地打湿了私处周遭。\n羞耻与狂喜交织着涌上她涨红的脸颊，泪水在眼眶里打着转，整个人都陷在这股强烈到近乎失控的绝顶余韵中瑟瑟发抖，久久无法回神。
2036,action_part_a_orgasm_strong_A,0,CVP_A2_T|277_E_1&CVP_A2_A|5_G_6,一波远比先前更加汹涌的浪潮毫无征兆地贯穿全身，{TargetName}的{anal}一缩一缩地剧烈绞紧，仿佛要将自身绞成一团，滚烫的羞意瞬间爬满了她的脖颈与耳根。\n经过接连不断的绝顶洗礼，那处早已敏感得不像话，此刻终于迎来了这场令人无所遁形的强烈高潮。\n她的腰背深深塌陷又猛地弓起，纤细的四肢完全脱离控制地颤抖抽动，双手慌乱地想要遮掩自己失态的模样却徒劳无功。\n肠液大股大股地涌出{anal}，甚至夹杂着几分喷洒的势头，将周遭弄得一片泥泞狼藉，湿意顺着腿根滑落。\n她的意识早被冲得七零八落，涨红的脸颊滚烫得几乎要冒烟，浑身战栗不止，那份羞耻的记忆却与快感一同深深烙进了身体里。
2037,action_part_a_orgasm_strong_A,0,CVP_A2_T|277_E_1&CVP_A2_A|5_G_6,{TargetName}猝然弓起腰肢，喉间溢出破碎不成调的娇吟，{anal}以远超以往的力道一圈圈绞紧又松开，剧烈地痉挛不休，滚烫的羞耻感瞬间涌满了她的四肢百骸。\n因着此前一次又一次的绝顶积累，那处的敏感度早已被推至一个全新的层级，此刻的高潮也随之猛烈得判若两次，让她根本无从招架。\n她的双手无意识地在空中胡乱抓挠，大腿不受控制地剧烈颤抖，脚踝反复绷紧又松弛，羞得连大气都不敢喘。\n浓稠的肠液自{anal}深处滚滚涌出，隐隐带着喷溢而出的态势，将周遭染得一片湿滑狼藉，黏腻的水声格外刺耳。\n她仰着脖颈失神喘息，眼角沁出生理性的泪光，涨红的脸颊上写满了羞耻与沉沦交织的复杂神情，整个人都被这股强烈到近乎崩溃的快感席卷得摇摇欲坠。
2038,action_part_a_orgasm_strong_A,0,CVP_A2_T|277_E_1&CVP_A2_A|5_G_6,一记比此前更猛烈的绝顶浪潮骤然袭卷而来，{TargetName}的身子剧烈一弓，{anal}疯狂地收缩挤压，一波接一波毫无停歇的迹象，羞怯的呜咽混着喘息一起破碎地泄出唇畔。\n那处早已在接连的绝顶中被反复冲刷，敏感度攀升到了一个骇人的新高度，此刻便迎来了这场远超寻常的强烈释放，令她羞得无地自容却又无从抗拒。\n她的十指用力蜷起，浑身肌肉紧绷成一片，纤腰反复塌陷又高高扬起，双腿控制不住地乱蹬颤动，试图夹紧却怎么也做不到。\n大量粘腻的肠液从{anal}汹涌而出，隐约伴随着小股喷溅，湿漉漉地滴落一地，散发出令人脸红的暧昧气息。\n她的表情彻底涣散扭曲，泪水混着羞红的喘息簌簌滑落，整具娇躯都在这股极为强烈的绝顶余韵中不住地战栗痉挛，久久说不出话来。
2039,action_part_a_orgasm_strong_A,0,CVP_A2_T|277_E_1&CVP_A2_A|5_G_6,{TargetName}猛地仰起脖颈，一声压抑不住又羞于出口的喘息破口而出，{anal}剧烈痉挛着一圈圈收紧，狂乱地抽搐个不停，滚烫的羞耻感将她整具身躯都染得通红。\n历经了此前数次绝顶的反复洗礼，这一处早已变得异常敏感，此刻终于迎来这场远比往常更为猛烈的强烈绝顶，猛烈到令她根本无法维持一丝矜持。\n她的双肩不住地耸动颤抖，腰背深深塌陷成一道弧线，纤细的脚踝绷得笔直又骤然瘫软下来，双手死死揪着不知名的东西。\n{anal}深处的肠液滚滚涌出，甚至挟着几分喷薄之势，将周身弄得湿黏一片，暧昧的水渍蔓延开来。\n她双目失神地望着虚空，唇瓣哆嗦着吐出破碎的气音，涨红的脸颊上羞意未消，整个人都沉溺在这股几乎将神志冲垮的强烈快感浪潮里久久无法平息。

2040,action_part_a_orgasm_strong_A,0,CVP_A2_T|105_E_1&high_1,一波比先前更加汹猛的绝顶浪潮猝然贯穿全身，{TargetName}成熟又带着几分青涩的身躯剧烈一颤，{anal}狂乱地一圈圈绞紧又松开，痉挛得根本停不下来。\n经过方才连续多次绝顶的洗礼，那处的敏感度已然攀升到一个全新的台阶，此刻积攒的酥麻猛地炸开，化作这场远超以往的强烈释放。\n她微微挺翘的腰肢反复深深弓起又颓然瘫软，修长的双腿控制不住地打颤蜷曲，双手慌乱地攥紧了身下的空气。\n大股滚烫的肠液自{anal}深处汹涌涌出，隐隐带着小幅喷溅的势头，狼藉地打湿了周遭肌肤。\n她微微仰起脖颈，泛红的脸颊上写满了羞意与沉溺交织的神情，整个人都在这股强烈到近乎失控的余韵中瑟瑟战栗，久久无法平息。
2041,action_part_a_orgasm_strong_A,0,CVP_A2_T|105_E_1&high_1,连续绝顶数次之后，{TargetName}那具介于青涩与成熟之间的身子敏感度骤然又拔高了一截，蓄势已久的快感猛然冲破临界，狠狠碾过她微微颤抖的躯体。\n{anal}毫无章法地剧烈痉挛收缩，一波接一波毫无停歇，纤细却已初显曲线的腰肢一次次深深弓起，随即又无力垮塌下去。\n她的十指用力蜷起又骤然松开，双腿不受控制地反复夹紧又松开，脚尖绷得笔直，浑身肌肉都紧绷成一片。\n浓稠的肠液大股大股地自{anal}涌出，甚至夹杂着几分喷洒的态势，湿意顺着腿根缓缓滑落。\n她涨红着脸，眼神涣散地望着虚空，唇瓣哆嗦着溢出破碎失序的喘息，整具身躯都沉浸在这股猛烈绝顶的余波里久久难以自持。
2042,action_part_a_orgasm_strong_A,0,CVP_A2_T|105_E_1&high_1,一次次绝顶叠加累积，让{TargetName}这具略显生涩却已完全发育成熟的身体在此处的敏感达到了全新的高度，这一次的浪潮比先前任何一次都要凶猛狂暴。\n{anal}不断剧烈地抽紧又舒张，节奏又急又乱，她线条流畅的腰腹深处一波波抽搐着，双腿失控地胡乱蜷曲摆动，怎么也止不住。\n大量温热的肠液汹涌地从{anal}涌出，隐约还带着细碎的喷溅声响，打湿了大片肌肤，散发出暧昧的气息。\n她的表情因剧烈的快感彻底扭曲失控，泪光在眼眶中打转，理智几乎被这份强烈的绝顶冲刷得七零八落，只余下断续的战栗喘息。
2043,action_part_a_orgasm_strong_A,0,CVP_A2_T|105_E_1&high_1,反复经历绝顶之后，{TargetName}对那股快感变得愈发敏锐，方才积压的酥麻终于狠狠爆发，掀起一场比往常猛烈得多的绝顶风暴，将她整个人卷入其中。\n{anal}一下下不受控地深深绞紧，痉挛得又急又密，几乎无法喘息，她微微丰腴又不失青涩气息的腰身反复弓起，随即颓然塌软下去。\n细嫩的双腿失控地胡乱摆动蜷缩，脚趾死死蜷起，双手无处安放般在空中胡乱抓挠，指节都泛出淡淡的白色。\n大股滚烫的肠液不住地从{anal}泅涌而出，间或夹杂着轻微的喷溅，稀薄的水光沿着腿根蜿蜒滑落。\n她的表情彻底失控扭曲，涨红的脸颊上泪痕未干，整具身体都在这股剧烈绝顶的余波中不停颤栗，久久无法回神。
2044,action_part_a_orgasm_strong_A,0,CVP_A2_T|105_E_1&high_1,快感在她这具介于青涩与成熟之间的躯体里一层层堆叠，敏感度早已悄悄跃升一个台阶，此刻终于抵达了远超以往的强烈绝顶，{TargetName}整个人猛地绷紧又剧烈颤抖起来。\n{anal}疯狂地一阵阵绞缩，完全失去章法，她微微弓起的腰肢一次次深深塌陷又猛地扬起，纤细的手指痉挛般地紧紧蜷握，指尖都泛白发颤。\n修长的双腿控制不住地乱蹬打颤，脚踝反复绷直又骤然松垮，浑身肌肉都在剧烈的痉挛中紧绷成一团，怎么也松懈不下来。\n汹涌的肠液大量涌流而出，隐隐夹带着细碎的喷洒，泛红的脸颊上潮意未消，眼神彻底涣散失神，唇齿间溢出破碎而失控的喘息，整个身躯都沉浸在这场剧烈绝顶的余韵中久久难以自持。

2045,action_part_a_orgasm_strong_A,0,CVP_A2_T|103_E_1,娇小的{TargetName}猛地绷紧了刚发育不久的身子，一声破碎稚气的呜咽从喉间泄出，{anal}以远超先前的力道一圈圈疯狂绞紧又松开，剧烈痉挛不止。\n经过一次又一次的绝顶洗礼，那处稚嫩的敏感度早已攀升到了一个骇人的新高度，此刻便毫无预兆地迎来了这场极其猛烈的高潮。\n她纤细的十指胡乱地抓挠着，圆润稚气的脸蛋涨得通红，小小的双腿控制不住地剧烈打颤，脚趾用力蜷缩绷紧。\n大量粘稠的肠液自{anal}深处汹涌涌出，隐约带着小幅喷溅的势头，把私处周围弄得一片湿滑狼藉。\n她涣散的眼神里泛着泪光，稚嫩的身躯仍在这股强烈到近乎失控的绝顶余韵里瑟瑟发抖，久久无法回神。
2046,action_part_a_orgasm_strong_A,0,CVP_A2_T|103_E_1,一波比之前更加汹涌的浪潮毫无征兆地贯穿全身，{TargetName}那刚显雏形的娇躯猛然一弓，{anal}一缩一缩地剧烈绞紧，仿佛要将自身绞紧成团，滚烫的羞意瞬间爬满了她稚嫩的脖颈与耳根。\n历经了此前连续多次的绝顶冲刷，这一处早已变得敏感到不像话，此刻终于迎来了远超以往的强烈绝顶。\n她的腰背深深塌陷又猛地弓起，纤细的四肢完全失控地颤抖抽动，稚气的小手慌乱地想要遮掩自己失态的模样却徒劳无功。\n肠液大股大股地从{anal}涌出，甚至夹杂着几分喷洒的势头，将周遭染得一片泥泞，湿意顺着腿根滑落。\n她的意识早被冲得七零八落，涨红的稚嫩脸颊滚烫得几乎要冒烟，浑身战栗不止，久久无法平息。
2047,action_part_a_orgasm_strong_A,0,CVP_A2_T|103_E_1,{TargetName}猝然弓起纤细的腰肢，喉间溢出破碎不成调的稚嫩娇吟，{anal}以远超以往的力道一圈圈绞紧又松开，剧烈地痉挛不休，滚烫的酥麻感瞬间涌满了她尚未发育完全的四肢百骸。\n因着此前一次又一次的绝顶积累，那处的敏感度早已被推至一个全新的层级，此刻的高潮也随之猛烈得判若两次，令她根本无从招架。\n她稚气的双手无意识地在空中胡乱抓挠，小腿不受控制地剧烈颤抖，脚踝反复绷紧又松弛，羞得连大气都不敢喘。\n浓稠的肠液自{anal}深处滚滚涌出，隐隐带着喷溅而出的态势，将周遭染得一片湿滑，黏腻的水声格外刺耳。\n她仰着稚嫩的脖颈失神喘息，眼角沁出生理性的泪光，涨红的脸颊上写满了羞怯与沉沦交织的复杂神情。
2048,action_part_a_orgasm_strong_A,0,CVP_A2_T|103_E_1,一记比此前更猛烈的绝顶浪潮骤然袭卷而来，{TargetName}稚嫩的身子剧烈一弓，{anal}疯狂地收缩挤压，一波接一波毫无停歇的迹象，稚气的呜咽混着喘息一起破碎地泄出唇畔。\n那处早已在接连的绝顶中被反复冲刷，敏感度攀升到了一个骇人的新高度，此刻便迎来了这场远超寻常的强烈释放，令她羞得无地自容却又无从抗拒。\n她的十指用力蜷起，尚显稚嫩的身躯肌肉紧绷成一片，纤腰反复塌陷又高高扬起，双腿控制不住地乱蹬颤动，试图夹紧却怎么也做不到。\n大量粘腻的肠液从{anal}汹涌而出，隐约伴随着小股喷溅，湿漉漉地滴落一地，散发出令人脸红的暧昧气息。\n她的表情彻底涣散扭曲，泪水混着羞红的喘息簌簌滑落，久久说不出话来。
2049,action_part_a_orgasm_strong_A,0,CVP_A2_T|103_E_1,{TargetName}猛地仰起稚嫩的脖颈，一声压抑不住又羞于出口的喘息破口而出，{anal}剧烈痉挛着一圈圈收紧，狂乱地抽搐个不停，滚烫的羞耻感将她刚发育的身躯染得通红。\n历经了此前数次绝顶的反复洗礼，这一处早已变得异常敏感，此刻终于迎来这场远比往常更为猛烈的强绝顶，猛烈到令她根本无法维持一丝矜持。\n她稚气的双肩不住地耸动颤抖，腰背深深塌陷成一道弧线，纤细的脚踝绷得笔直又骤然瘫软下来，小手死死揪着不知名的东西。\n{anal}深处的肠液滚滚涌出，甚至挟着几分喷薄之势，将周身弄得湿黏一片，暧昧的水渍蔓延开来。\n她双目失神地望着虚空，唇瓣哆嗦着吐出破碎的气音，整个人都沉溺在这股几乎将神志冲垮的强烈快感浪潮里久久无法平息。

2050,action_part_a_orgasm_strong_A,0,CVP_A2_A|5_G_6,{TargetName}的身躯猛地一阵剧烈痉挛，{anal}如遭电击般连续不断地收缩绞紧，全然不受自己意志的支配。\n这是在这处敏感之地连续攀上过数次高峰之后，敏感度骤然抬升一个台阶所迎来的酣畅绝顶，远比先前的每一次都要凶猛炽烈。\n腰肢一次次深深弓起又颓然瘫软，纤细的四肢止不住地乱蹬乱颤，脚趾蜷缩到发白。\n{anal}深处涌出大股滚烫的肠液，甚至夹杂着小幅的喷溅，顺着股缝汩汩流淌。\n她的表情彻底失控，眼角泛红，唇齿轻颤发不出完整的声响，整个人被这股强绝顶彻底冲刷得意识摇摇欲坠。
2051,action_part_a_orgasm_strong_A,0,CVP_A2_A|5_G_6,一波远超以往的强烈痉挛骤然席卷{TargetName}的下体，{anal}疯狂地一缩一张，连续不断地绞紧又松开，丝毫不受理智约束。\n经过这处早已被反复攻陷的敏感入口连番绝顶的洗礼，此刻的快感门槛已然被彻底抬高，于是迎来了这场狂暴而炽烈的强绝顶。\n她的腰肢剧烈弓起又猛然塌陷，浑身肌肉紧绷得微微发抖，双手无意识地胡乱抓挠着身边一切能触到的东西。\n肠液大股大股地涌出，甚至带着细密的水花向外溅出，濡湿了大片肌肤。\n涣散的双眼失去焦距，嘴角挂着难以自控的涎水，整具身体在这场强绝顶里彻底失了分寸。
2052,action_part_a_orgasm_strong_A,0,CVP_A2_A|5_G_6,猛烈的痉挛毫无预兆地贯穿{TargetName}的躯体，{anal}一下下狠狠收紧，绞得又急又密，完全失去了自我克制的能力。\n这处后穴已经在方才连续绝顶好几回后，敏感的神经彻底被撩拨到了新的高度，此刻才终于迎来这波远超普通绝顶的凶猛顶点。\n后腰一次次高高弓起旋即又颓然垮塌，大腿不住地打着抖，脚踝也跟着无意识地绷紧又松开。\n黏稠滚烫的肠液不断自{anal}深处涌溢而出，甚至带着轻微的喷溢感，顺着臀缝一路滑落。\n她的神智几乎被这股快感彻底击溃，双眼失神，喉间发出破碎而压抑的喘鸣，整个人瘫软在剧烈的战栗之中。
2053,action_part_a_orgasm_strong_A,0,CVP_A2_A|5_G_6,{TargetName}猝然弓起脊背，一股难以言喻的强烈冲击贯穿全身，{anal}接连不断地痉挛收紧，力道之大仿佛要将周遭一切都绞碎。\n那是在这个部位连续迎来数次绝顶之后，敏感度悄然攀升到全新境界才促成的凶猛顶峰，比起先前每一次都要炽烈得多，几乎让人无所适从。\n纤细的腰肢反复深深塌陷又猛地绷紧，双腿控制不住地胡乱蜷曲踢动，指尖因过度用力而泛白。\n汩汩肠液自{anal}深处不断涌出，量比往常明显更多，甚至带着细小的喷溅溢出体外。\n她面色潮红一片，眼神涣散失焦，唇舌抖动却发不出完整的声音，整个人几乎被这场强绝顶彻底击垮。
2054,action_part_a_orgasm_strong_A,0,CVP_A2_A|5_G_6,一记远胜以往的凶猛痉挛骤然自深处炸开，{TargetName}的躯体剧烈弓起又重重砸落，{anal}一波接一波地绞紧收缩，全然不受控制地反复抽搐。\n经历过这处敏感地带接连数次绝顶的洗礼，此刻的快感阈值早已被推至新的高度，于是酝酿出了这场狂潮般的强绝顶，凌厉程度远非普通绝顶可比。\n腰肢反复用力弓起又瞬间瘫软下去，四肢跟着一阵阵痉挛乱颤，脚尖绷得笔直又骤然松垮。\n{anal}深处不断有滚烫的肠液涌出，甚至带着小股喷溅四散开来，浸湿了大片肌肤。\n她的眼神早已涣散无焦，唇边溢出难以自持的涎液，整具身躯都在这场剧烈绝顶中不住地战栗颤抖。

2055,action_part_a_orgasm_strong_A,0,CVP_A2_T|6_E_0&CVP_A2_T|7_E_1&CVP_A2_T|222_E_1,未谙世事的{TargetName}尚不明白自己稚嫩的身体为何会骤然变成这般模样，一次次绝顶过后，{anal}的敏感度早已悄然攀上一个陌生的新台阶，此刻积攒已久的快感猛地轰然炸裂开来。\n青涩的躯体剧烈地弓起又颓然瘫软，{anal}不受控制地一阵阵剧烈痉挛收紧，纤细的四肢止不住地痉挛乱蹬，稚气未脱的脸庞上满是茫然与惊惶，完全不懂自己为何会陷入这般失控的境地。\n大量灼热的肠液伴着细密的抽搐汩汩涌出，隐隐带着几分喷溅的势头，懵懂的她只能任由这陌生而猛烈的浪潮将自己彻底吞没。
2056,action_part_a_orgasm_strong_A,0,CVP_A2_T|6_E_0&CVP_A2_T|7_E_1&CVP_A2_T|222_E_1,懵懂无知的{TargetName}压根不懂自己体内翻涌的究竟是什么东西，只知道一波接一波的绝顶已让{anal}变得比先前敏锐了不知多少倍，如今积蓄的快感终于猛烈地喷薄而出。\n稚嫩的腰肢一次次深深弓起又无力垮塌，{anal}剧烈而失控地反复痉挛收缩，双腿哆嗦着胡乱蜷起又蹬直，眼神涣散地望着虚空，全然不明白自己的身体正经历着什么样的巨变。\n黏稠滚烫的肠液顺着颤抖的股缝大量涌出，甚至夹杂着小幅喷溅，她抽噎着呜咽出声，被这股完全陌生的强烈浪潮冲得七荤八素。
2057,action_part_a_orgasm_strong_A,0,CVP_A2_T|6_E_0&CVP_A2_T|7_E_1&CVP_A2_T|222_E_1,不知情事为何物的{TargetName}只觉得体内忽然炸开了一团滚烫的浪潮，此前连番绝顶早已叫{anal}的敏感悄悄跃升了一个台阶，此刻累积的快感终于凶猛地倾泻而出。\n青涩的身躯猛地弓起又颤颤瘫软下去，{anal}不受控制地一波接一波剧烈绞紧痉挛，脚趾蜷缩着胡乱蹬踢，稚嫩的脸上写满惊慌失措，全然不知眼下这具身体正在发生怎样天翻地覆的变化。\n大股温热的肠液随着痉挛汹涌流淌，隐约带着喷溅之势，她茫然地大口喘息着，被这股全然陌生又汹涌的快感浪潮冲刷得意识摇摇欲坠。
2058,action_part_a_orgasm_strong_A,0,CVP_A2_T|6_E_0&CVP_A2_T|7_E_1&CVP_A2_T|222_E_1,天真懵懂的{TargetName}根本弄不明白自己身体里究竟发生了什么，只感觉先前接连不断的绝顶已让{anal}比方才敏感了整整一个层次，此刻积压许久的快感陡然轰然迸发。\n纤瘦的腰身一下下深深弓起又颓软塌下，{anal}剧烈失控地连续收缩绞动，双腿不由自主地痉挛乱颤，稚气的脸庞涨得通红，慌乱的眼神里满是不知所措的迷惘与惊惧。\n浓稠灼热的肠液大量涌流而出，隐隐带着小幅喷溅的力道，她哽咽着发出破碎的气音，任凭这股陌生而剧烈的浪潮将自己冲得七零八落。
2059,action_part_a_orgasm_strong_A,0,CVP_A2_T|6_E_0&CVP_A2_T|7_E_1&CVP_A2_T|222_E_1,性知识一片空白的{TargetName}完全不懂自己此刻为何会失控至此，只知道方才连续多次的绝顶已把{anal}的敏感撩拨到了一个前所未有的新高度，积攒的快感此刻猛然决堤。\n稚嫩的躯体一次次剧烈弓起又瘫软倒下，{anal}失控地反复剧烈痉挛绞缩，四肢胡乱蹬踢颤抖不止，惶惑的双眼里蓄满泪光，全然不明白身体正被怎样的浪潮席卷吞噬。\n大量黏热的肠液随痉挛汩汩涌出，甚至带着几分喷溅之势，她断续地呜咽着，被这股完全陌生又猛烈的快感冲得意识几近崩散。

2060,action_part_a_orgasm_strong_A,0,CVP_A2_T|107_E_1,{Name}身边，已为人妻多年的{TargetName}又一次被顶上肛肠绝顶的巅峰，可这一回和之前的每一次都不一样。\n在接连不断地高潮了许多次之后，{anal}的敏感度像是一口气登上了新的台阶，一股远超寻常的强烈快感轰然贯穿她背德的身子。\n{anal}疯狂地翻搅绞缩，大量滚烫的肠液伴着痉挛汩汩涌出，甚至小幅地喷溅而出。\n作为别人妻子的她在这非常强烈的绝顶中失神战栗，神情里满是背叛家庭的愧疚与再也压不住的淫荡沉沦。
2061,action_part_a_orgasm_strong_A,0,CVP_A2_T|107_E_1,连续绝顶了太多次的人妻{TargetName}，{anal}的快感终于攀过了一道从未触及的界限。\n这一次的绝顶远比先前那些都要凶猛，强度陡然拔高了一整个层次，让有夫之妇的她整个人都被冲得几乎失去神智。\n{anal}一阵接一阵地剧烈收缩，翻腾而出的肠液又多又烫，隐隐还带着小股喷涌。\n她一边在极致的快感里痉挛失神，一边在心底为背着丈夫承受这般禁忌的高潮而羞愧难当，却又贪恋得无法自拔。
2062,action_part_a_orgasm_strong_A,0,CVP_A2_T|107_E_1,{SceneName}里，身为人妻的{TargetName}被一波又一波的肛肠绝顶反复推着，直到敏感度悄然跨上新的高度。\n随之而来的这场强绝顶，远远盖过了此前一切普通的高潮，浓烈得让这个背着家庭偷情的女人浑身战栗。\n{anal}不受控制地连连绞紧又松开，大量肠液随着翻涌的痉挛不断溢出，甚至小幅喷洒。\n她在这远超以往的极致快感中失神颤抖，背德的刺激与对婚姻的愧疚交织，反倒把她推向更深的迷醉。
2063,action_part_a_orgasm_strong_A,0,CVP_A2_T|107_E_1,经过连番不停的绝顶，人妻{TargetName}的{anal}敏感到了一个全新的层级，紧接着便迎来一场格外猛烈的强绝顶。\n这一次的高潮强度远远压过了从前任何一次，汹涌的快意几乎将这个有夫之妇的意识彻底冲垮。\n{anal}剧烈而失控地一波波痉挛，翻涌出来的肠液又多又急，甚至带着小幅的喷出。\n背叛着丈夫的她在这非常强的绝顶里失神发颤，罪恶与快感一同将她淹没，让她再难分辨愧疚与欢愉。
2064,action_part_a_orgasm_strong_A,0,CVP_A2_T|107_E_1,在{Name}身侧，已嫁作人妇的{TargetName}被肛肠绝顶接二连三地折腾过后，{anal}的快感骤然登上了新的台阶。\n这一场绝顶来得远比寻常的高潮凶猛数倍，强烈得让这个背着家庭的女人整个身子都失了控。\n{anal}疯狂地翻搅绞缩，成股的滚烫肠液随痉挛喷涌而出，甚至小幅溅洒开来。\n她在前所未有的极致快感中颤栗失神，背德的禁忌感反而让这场强绝顶更添了几分令她沉沦的淫靡。

2065,action_part_a_orgasm_strong_A,0,CVP_A2_G_E_0,{TargetName}那尚显青涩的娇躯猛地一僵，{anal}毫无预兆地剧烈连续痉挛起来，一波强过一波的绝顶浪潮将她整个人狠狠淹没。\n这绝不是先前那些轻浅高潮所能相比的，在这处连番攀顶了无数次之后，敏感度悄然跃上了一个全新的台阶，积攒到极点的快感终于在此刻轰然炸裂，凶猛得几乎将她的神志整个冲垮。\n她失神地颤栗着，迷离的眼神里除了灭顶的酥麻，还残留着一丝对着几乎陌生之人这般失态的茫然与困惑。\n大量温热的肠液自{anal}深处汹涌溢出，甚至带着小幅的喷溅，将这场远超以往的强烈绝顶淋漓宣泄出来。
2066,action_part_a_orgasm_strong_A,0,CVP_A2_G_E_0,一阵远比寻常剧烈的绝顶轰然贯穿了{TargetName}的全身，{anal}疯狂地绞缩翕张，连成一片密不透风的痉挛。\n经历过一次又一次的攀顶之后，这处的感度已被推上了崭新的高度，此刻迎来的强绝顶烈度陡然翻倍，将她清醒的意识几乎彻底击溃。\n她仰着脖颈失神地战栗，眼底满是被快感冲垮的涣散，却又在恍惚间掠过一丝疑惑，为何会与这样一个陌生的人纠缠到如此地步。\n{anal}深处涌出的大量肠液顺着颤抖的腿根蜿蜒滑落，间或伴着几分小幅的喷溅，昭示着这场超乎寻常的绝顶何等汹涌。
2067,action_part_a_orgasm_strong_A,0,CVP_A2_G_E_0,{TargetName}整具身子骤然绷成一张满弓，随即又剧烈地颤抖起来，{anal}一下接一下地深深绞紧，掀起了一场远胜从前的强烈绝顶。\n这处在连续多次登顶后敏感度攀上了一个新的台阶，被积攒到饱和的快感此刻尽数释放，强度远远盖过了那些普通的高潮，几乎要把她的理智生生冲散。\n她眼神失焦地颤栗着，迷乱之中透出对眼前这个尚且陌生之人的一缕茫然，仿佛不明白自己怎会沦落至此。\n伴着{anal}猛烈的抽搐，大量肠液滚烫地涌淌而出，还夹着零星的喷溅，将这场凶猛的绝顶推向了顶点。
2068,action_part_a_orgasm_strong_A,0,CVP_A2_G_E_0,凶猛的绝顶如潮水般将{TargetName}整个人吞没，{anal}不受控制地连续深痉，一阵紧似一阵地绞缩个不停。\n在这处接连绝顶过太多回之后，感度已然跃升到一个全新的层级，这一记强绝顶的冲击力远非普通高潮可比，汹涌得几乎将她仅存的神志一并冲垮。\n她失神地打着颤，眼波涣散迷离，却在灭顶的酥麻里夹着一抹说不清的困惑，对着这半生不熟的人竟这般失态令她茫然无措。\n大量温热的肠液自{anal}深处奔涌而出，还带着小幅度的喷洒，将这场远超既往的强烈绝顶宣泄得淋漓尽致。
2069,action_part_a_orgasm_strong_A,0,CVP_A2_G_E_0,{TargetName}那青涩的躯体霎时剧烈痉挛，{anal}疯狂而失控地一波波深深绞紧，一场远超以往的强绝顶轰然席卷了她全身。\n连番攀顶的积累让这处的敏感度悄然迈上了新的台阶，蓄积到极致的快感终于倾泻而出，其烈度足以把她本就模糊的意识彻底冲垮，只剩下失神的战栗。\n她恍惚地颤抖着，迷离的双眸里残存着一丝对陌生对象的迷惘与不解，脸上写满了猝不及防的慌乱。\n滚烫的肠液自{anal}汹涌淌落，间中还溅出小小的一股，将这场凶猛非常的绝顶尽数外泄。

2070,action_part_a_orgasm_strong_A,0,CVP_A2_G_E_1,连绵不绝的强烈快感在{anal}的最深处汹涌翻腾，那处被连续操弄绝顶了无数次的媚肉，敏感度早已悄然攀上了一个前所未有的崭新台阶。\n{TargetName}在懵懵懂懂、不明所以的恍惚中，被猛地推上了远远超越以往的绝顶巅峰，{anal}骤然绷紧又疯狂地痉挛绞缩，一股凶猛得吓人、远胜寻常高潮的极强快意，如同决堤的洪流般贯穿了她颤抖的全身。\n她怎么也说不清自己究竟为何会如此彻底地沉溺深陷，只隐约感到心口某处正因{Name}而莫名其妙地悸动着，大量滚烫黏稠的肠液伴随着{anal}一下下剧烈的绞缩，止不住地汩汩涌淌而出。\n这是一场强度惊人、足以将她整个人都冲刷得神魂颤栗的强绝顶。
2071,action_part_a_orgasm_strong_A,0,CVP_A2_G_E_1,{anal}在积攒到极限的滔天快感中轰然崩溃决堤，连续多次绝顶之后骤然拔高的敏感，令这一次袭来的高潮凶猛得简直判若两回事。\n{TargetName}的整个身子随之剧烈地向后弓起，{anal}一下接一下失控地抽搐吞吐着，把浓稠滚烫的肠液大股大股地挤涌喷淌出来，甚至小幅地飞溅开去。\n她只能茫然又失神地望向{Name}，怎么也说不明白这份想要离他更近一些的莫名冲动究竟从何而来，只觉一阵前所未有的强绝顶将她仅存的理智冲得支离破碎。\n那朦胧的悸动与灭顶的快感交织缠绕在一处，让她整个人都彻底失了神、乱了魂。
2072,action_part_a_orgasm_strong_A,0,CVP_A2_G_E_1,强度陡然拔升了一整个档次的凶猛绝顶轰然降临，{anal}被这股远远胜过普通高潮的极致快意，灌得满满当当、密不透风。\n在连番绝顶之后早已敏感到极点的{anal}此刻疯狂地收缩绞紧，一波接一波地翕张吞吐，大量温热的肠液随着这剧烈的痉挛不住地溢淌而出，甚至伴着小幅的喷洒。\n{TargetName}不自知地朝着{Name}的方向悄悄蹭近了些许，心底那股朦胧而隐约的悸动愈发地清晰起来，可她却仍旧懵懂地不解这份怪异的感觉究竟意味着什么。\n汹涌澎湃的强绝顶就这样将她整个人彻底地淹没吞噬、卷入深处。
2073,action_part_a_orgasm_strong_A,0,CVP_A2_G_E_1,那处被反复凌辱蹂躏到敏感度节节攀升的{anal}，终于在快感的层层累积之下迎来了一场强度骇人的凶猛绝顶。\n积蓄已久的滔天快感在{TargetName}的体内彻底炸裂开来，{anal}剧烈而失控地一收一缩、一绞一放，滚烫黏腻的肠液顺着不停的痉挛汩汩流淌、绵绵不绝。\n她的意识几乎被这远远超越以往的极强快意彻底冲垮冲散，恍惚失神之间只是一心想要离{Name}再近一点、再贴紧一些，却对这份莫名滋生的心动懵懂无知、浑然不觉。\n强绝顶的滔天浪潮一次又一次地拍击着她早已酥软瘫倒的娇躯。
2074,action_part_a_orgasm_strong_A,0,CVP_A2_G_E_1,{anal}的敏感在一连串接踵而至的绝顶之后骤然跃上了一个全新的高度，以致这一次袭来的高潮凶猛得几乎让{TargetName}招架不住、无处可逃。\n她被狠狠地推上了远超寻常的绝顶之巅，{anal}疯狂地痉挛绞缩、翕张吞吐，将大量黏腻滚烫的肠液一股脑地涌挤排泄出来，甚至小幅地喷溅四散。\n{TargetName}浑身失神地剧烈颤抖着，隐隐约约地感到自己的一颗心正为着{Name}而怦然乱跳，却又糊里糊涂地不明白，自己为何会如此贪恋渴望着他的靠近。\n这场强度惊人的绝顶将她整个人都冲刷得神智涣散、意乱情迷。

2075,action_part_a_orgasm_strong_A,0,CVP_A2_G_E_2,在{SceneName}里，心悦{Name}已久的{TargetName}忽然浑身一僵，{anal}在连续多次攀顶之后，敏感度已悄然跃上了一个崭新的台阶。\n积蓄到顶点的快感于此刻轰然引爆，一场远比寻常绝顶更为凶猛的强绝顶将她整个人狠狠淹没，{anal}疯狂地绞缩收束，大量温热的肠液顺着股缝汹涌淌落。\n她几乎被这股快感的巨浪冲垮了神志，失神地剧烈颤栗，绯红的眼角里却藏着那份迟迟不敢吐露的爱慕，既渴望在他面前彻底沦陷，又忐忑这副淫乱失态会不会吓退了她暗恋的人。
2076,action_part_a_orgasm_strong_A,0,CVP_A2_G_E_2,{SceneName}中，暗自倾慕着博士的{TargetName}再也压不住体内翻涌的浪潮，{anal}历经一连串接踵而至的绝顶，感度硬生生被拔高了一整个层级。\n这一次袭来的绝顶远非普通高潮可比，强烈得叫她整具身子都失了控，{anal}一下下深深地抽搐绞紧，浓稠的肠液大股大股地涌出，甚至微微喷溅出来。\n她仰着脖颈无声地痉挛，意识被这股猛烈的快意冲刷得近乎空白，唯有心底那份未曾言明的爱意还在固执地翻腾，令她又想沉溺又怕在他眼里丢了人。
2077,action_part_a_orgasm_strong_A,0,CVP_A2_G_E_2,连番的绝顶早已把{TargetName}的{anal}磨得敏感万分，感度攀上新阶后，一场格外炽烈的强绝顶终于在{SceneName}里将她彻底攫住。\n{anal}毫无节制地剧烈痉挛，一波接一波的强烈快感把她冲得魂飞魄散，大量的肠液不受控地喷涌流淌，浸湿了一大片。\n她的腰肢反复弓起又瘫软，眼神迷离涣散，脑海里唯余对{Name}那份深藏的喜欢，多想告诉他自己有多爱他，却又在这灭顶的快感里连一个字都吐不出，只能红着脸偷偷别开视线。
2078,action_part_a_orgasm_strong_A,0,CVP_A2_G_E_2,在{SceneName}，{TargetName}的{anal}在数度攀顶之后敏感得近乎失控，感度跃升一级所催发的强绝顶如惊涛骇浪般将她整个吞没。\n这股绝顶的烈度远胜以往任何一次寻常的高潮，{anal}疯狂地翕张绞缩，滚烫的肠液汩汩溢出，几乎要小幅喷洒开来。\n她浑身战栗着几乎站立不稳，神志被这极强的快感冲得七零八落，只有那颗为博士悸动的心还在扑通乱跳，既盼着他能读懂自己炽热的心意，又怕这份爱恋在这般失态里显得太过难堪。
2079,action_part_a_orgasm_strong_A,0,CVP_A2_G_E_2,{anal}被连续不断的绝顶反复淬炼，敏感度终于攀上崭新的高度，一场极为强烈的绝顶在{SceneName}中骤然将{TargetName}掀翻。\n远超普通高潮的快感洪流狠狠贯穿了她，{anal}不受控地连连深缩痉挛，大量温热的肠液顺着颤抖的臀缝奔涌而下。\n她失神地颤抖，唇齿间溢出破碎的气音，藏在心底对{Name}的那份恋慕在此刻愈发汹涌，多想在他怀里坦白，却又在这股快要将她冲垮的绝顶中慌乱地垂下眼帘，生怕暴露了未曾告白的心。

2080,action_part_a_orgasm_strong_A,0,CVP_A2_G_E_3,作为恋人的{TargetName}在{Name}怀里连续攀上了太多次绝顶，{anal}的敏感度早已被推上了一个全新的台阶。\n此刻积攒到极点的快感终于炸裂开来，一场远比寻常绝顶更加汹涌的强烈高潮猛地将她整个人吞没，热恋中的少女意识几乎被这股狂潮冲垮，失神地颤栗着。\n{anal}疯狂地痉挛绞缩，大量温热的肠液汩汩涌出，甚至带着小幅的喷溅，她却仍旧在迷乱中紧紧攀住自己的爱人。\n这份初恋般滚烫的甜蜜与灭顶的强绝顶交织在一起，令她在{SceneName}里彻底沦陷进对{Name}炽热的爱意之中。
2081,action_part_a_orgasm_strong_A,0,CVP_A2_G_E_3,热恋中的{TargetName}在{Name}身边一次又一次地被送上绝顶，{anal}在连番的高潮里敏感得如同换了一具身子。\n当积蓄已久的快感终于一齐迸发，一波强度远超以往的凶猛绝顶将她狠狠掀翻，甜蜜的恋人在这前所未有的冲击中几近失神，理智被冲刷得所剩无几。\n{anal}不受控制地连连抽搐收紧，成股的肠液顺着痉挛喷涌而出，濡湿了一片。\n即便被这灭顶的快感夺去了神志，她仍在迷醉中无声地眷恋着心爱的{Name}，将初恋的炽烈全数倾注在这场强烈的绝顶里。
2082,action_part_a_orgasm_strong_A,0,CVP_A2_G_E_3,与{Name}确立恋人关系不久的{TargetName}，在接连不断的绝顶后，{anal}的快感被抬升到了一个崭新的高度。\n下一瞬，一场比普通绝顶猛烈太多的强绝顶轰然降临，滚烫的热浪席卷她全身，令这个沉浸在初恋甜蜜里的少女意识几乎被彻底冲散，只余下失神的颤抖。\n{anal}狂乱地绞缩翕张，大量肠液伴着痉挛涌出并小幅喷洒。\n她在灭顶的迷乱中依旧眷恋地依偎向自己的爱人，滚烫的爱意与这场远超以往的强烈高潮融为一体，在{SceneName}中久久回荡。
2083,action_part_a_orgasm_strong_A,0,CVP_A2_G_E_3,作为{Name}恋人的{TargetName}早已在数不清的绝顶中，将{anal}的敏感度磨得更上一层楼。\n此刻蓄满的快感如决堤般倾泻，一场强度惊人的绝顶远远盖过了从前任何一次普通高潮，热恋中的她被这股狂潮冲得神志涣散，浑身失控地战栗。\n{anal}剧烈地连续痉挛，汹涌的肠液大量流淌甚至微微喷出。\n她在极致的酥麻里迷离地依恋着心爱之人，仿佛要把这份初恋的甜蜜与灭顶的绝顶一并烙进彼此的心底，沉醉得无法自拔。
2084,action_part_a_orgasm_strong_A,0,CVP_A2_G_E_3,沉浸在恋爱甜蜜中的{TargetName}，在与{Name}的缠绵里反复攀顶，{anal}的感度节节攀升到了新的台阶。\n当所有积压的快感骤然释放，一场远胜寻常的强绝顶劈头盖脸地砸下，将这个热恋的少女推入近乎失神的极乐，意识几乎被冲垮成一片空白。\n{anal}痉挛得毫无章法，大量温热肠液伴随剧烈的收缩涌溢而出。\n她颤抖着紧贴向自己的恋人，把初恋独有的炽热与这灭顶的强烈高潮尽数交付，眼底满是对未来相守的憧憬与迷醉。

2085,action_part_a_orgasm_strong_A,0,CVP_A2_G_E_4,在{SceneName}中，与{Name}心意相通的爱侣{TargetName}，{anal}在一连串绝顶之后被推上了全新的敏感台阶。\n积攒到极限的快感终于一齐炸裂开来，一场远比寻常绝顶更凶猛的强烈高潮猛地贯穿了她的小腹。\n{anal}疯狂地痉挛绞缩，大量温热的肠液汩汩涌出，甚至夹着小幅的喷溅。\n她在这份深爱的默契里失神颤栗，意识几乎被汹涌的快感彻底冲垮，只能任由最信任的爱人见证这极致的绝顶。
2086,action_part_a_orgasm_strong_A,0,CVP_A2_G_E_4,无需只言片语，深爱着{Name}的{TargetName}便在{SceneName}里迎来了升级后的强烈绝顶。\n经历过反复攀顶的{anal}此刻敏感得如同换了一副身子，快感的强度陡然拔高了一整个层次。\n她的腰肢深深弓起又骤然瘫软，{anal}一波接一波地剧烈抽搐，成股的肠液溢流而下。\n这场超越以往的猛烈绝顶让她整个灵魂都在震颤，却又因身旁是生死不渝的爱侣而彻底放开了自己。
2087,action_part_a_orgasm_strong_A,0,CVP_A2_G_E_4,{SceneName}内，{TargetName}与相守相伴的{Name}之间那份坚定的爱意，此刻化作了{anal}上一场惊人的强绝顶。\n多次连番攀上顶峰后，{anal}的敏感度跃上新台阶，迎来了一次远胜平常的凶猛高潮。\n她浑身肌肉绷紧又痉挛，{anal}不受控制地绞缩翕张，大量肠液喷涌而出。\n失神的双眼失去焦距，唯有对爱人不变的依恋支撑着她挺过这几乎冲垮意识的极致快意。
2088,action_part_a_orgasm_strong_A,0,CVP_A2_G_E_4,彼此生死不渝的爱侣{TargetName}，在{SceneName}中被连绵的绝顶层层堆叠，终于抵达了一个崭新的高度。\n{anal}的敏感台阶一跃而上，一场强度远超普通绝顶的高潮如洪流般席卷了她的下身。\n她的四肢失控地颤抖乱蹬，{anal}深处大量肠液汩汩流淌，甚至带出小幅的迸溅。\n在这份无需言语的默契中，她把最脆弱失控的一面毫无保留地交给了深爱的{Name}。
2089,action_part_a_orgasm_strong_A,0,CVP_A2_G_E_4,{SceneName}里，愿为{Name}付出一切的{TargetName}，{anal}在反复登顶之后终于攀上了敏感的新台阶。\n积蓄已久的快感一齐迸发，一场比以往任何一次都更为强烈的绝顶重重砸落在她身上。\n{anal}剧烈而不受控地连续痉挛，成片的肠液温热地涌流溢出，甚至夹带着一线喷溅。\n她在近乎崩溃的极致快意中失神颤栗，却因怀里是最坚定的爱人而甘愿沉溺于这份深深的震撼。

2090,action_part_a_orgasm_strong_A,0,CVP_A2_G_E_-1,身为部下的{TargetName}在{SceneName}里迎来了一场远超以往的肛肠强绝顶，{anal}在连续多次高潮后敏感度攀上了新的台阶。\n积攒到极致的快感终于一齐爆开，{anal}猛烈地绞缩痉挛，大量肠液不受控制地涌流而出。\n她明明满心抵触，却拗不过身体的诚实反应，只能别过脸去咬紧牙关，在这股非常强烈的绝顶浪潮里失神地颤栗着，勉强压着的不肯服软的表情却早已支离破碎。
2091,action_part_a_orgasm_strong_A,0,CVP_A2_G_E_-1,勉强服从上司的{TargetName}再也绷不住那连番累积的快感，{anal}在{SceneName}中骤然攀上一个远比普通绝顶更烈的巅峰。\n经历了一次又一次的绝顶后，那处的敏感度已抬升了整整一档，此刻{anal}疯狂收缩翻搅，涌出的肠液多得几乎要小幅喷溅出来。\n她心里满是不情愿，眉头拧成一团，可意识还是被这股强烈到几乎冲垮理智的绝顶搅得一片恍惚，只能隐忍着不满任由身体沉沦下去。
2092,action_part_a_orgasm_strong_A,0,CVP_A2_G_E_-1,对博士心存抵触的{TargetName}在{SceneName}里被推上了肛肠强绝顶的顶点，连续绝顶累加出的敏感令这一次远比从前凶猛。\n{anal}失控般地一阵阵绞紧又松开，滚烫的肠液大量渗涌而下。\n她极力想维持部下该有的克制与体面，偏偏这股强度惊人的高潮把那点倔强碾得粉碎，只剩下失神发颤的躯体在无声地诉说着她表面服从下藏不住的迷乱。
2093,action_part_a_orgasm_strong_A,0,CVP_A2_G_E_-1,被命令着承受这一切的{TargetName}终于在{SceneName}迎来了一场非同寻常的肛肠强绝顶。\n多次绝顶把敏感度垫高了一层，此刻的快感强度远远压过了寻常的普通绝顶，{anal}剧烈地痉挛绞缩，大量肠液汹涌流泻。\n她心底的不甘与羞恼几乎要溢出来，却只能强撑着别开视线，在这股几乎要冲垮意识的强烈绝顶里颤抖失神，勉强服从的身子早已不听使唤。
2094,action_part_a_orgasm_strong_A,0,CVP_A2_G_E_-1,不情不愿的{TargetName}在{SceneName}被这股积攒已久的快感一举掀翻，{anal}迎来了远胜普通绝顶的强烈巅峰。\n连番高潮堆叠起的敏感让这一次凶猛得可怕，{anal}一下下狠狠绞缩，浓稠的肠液大股大股地淌出甚至微微溅飞。\n作为部下的她越是想压抑就越是失控，紧咬着唇不肯出声，意识却在这非常强的绝顶冲击下几近溃散，只余隐忍不满的神情与止不住颤栗的躯体。

2095,action_part_a_orgasm_strong_A,0,CVP_A2_G_E_-2,{anal}在连续多次的绝顶之后，敏感度悄然攀上了一个全新的台阶，这一次涌来的绝顶远比以往任何一次都要凶猛。\n身为{Name}信赖的部下，{TargetName}原本还想像执行寻常任务那般专业地维持住体面，可当这股远超普通绝顶的强烈快感彻底碾过{anal}时，她所有的从容都被冲得七零八落。\n{anal}剧烈地痉挛绞缩着，大量温热的肠液不受控制地涌溢而出，甚至夹着小幅的喷洒。\n{TargetName}对{Name}越界的命令有着极高的接受度，此刻她的意识却在这非同寻常的强绝顶里几乎被冲垮，只余下失神的颤栗。
2096,action_part_a_orgasm_strong_A,0,CVP_A2_G_E_-2,这是{anal}在接连不断地攀上绝顶之后，敏感度跃升一级所迎来的一次非常猛烈的强绝顶，其烈度远远盖过了先前那些普通的绝顶。\n信任着{Name}的{TargetName}向来能专业地执行每一道指令，哪怕是过分越界的要求也照单全收，可这一次汹涌而至的极强快感让她再也无法保持部下应有的镇定。\n{anal}深处一阵接一阵地剧烈收缩，滚烫的肠液大股大股地淌落，浸出一片濡湿。\n她整个人在这远胜以往的强绝顶中失神地打着颤，眼神涣散，几乎被这陌生而剧烈的快感冲垮了神智。
2097,action_part_a_orgasm_strong_A,0,CVP_A2_G_E_-2,{anal}早已在一次又一次的绝顶中被磨得敏感度攀升到了新的高度，于是这一回袭来的绝顶凶猛得判若两样，是普通绝顶远远无法比拟的强烈峰值。\n作为对{Name}深信不疑的部下，{TargetName}起初仍努力用执行任务般的专注去承接，可这股狂暴的快感彻底击穿了她的克制。\n{anal}疯狂地翕张绞缩着，大量黏腻的肠液喷涌而下，甚至溅出细密的水花。\n她信赖上司的每一个决定，此刻却在这非比寻常的强绝顶里彻底失了神，浑身剧烈颤栗，理智被冲刷得所剩无几。
2098,action_part_a_orgasm_strong_A,0,CVP_A2_G_E_-2,连续多次的绝顶把{anal}的敏感度一路推高，直到这一刻，一个远超寻常的强烈绝顶轰然降临，其猛烈程度是过往任何一次普通绝顶都无法企及的。\n{TargetName}是{Name}最为信任也最肯配合的部下，纵使这份指令早已越出常规，她也毫无怨言地承受着，只是这回排山倒海的快感终究让她维持不住那份专业的从容。\n{anal}一下下狠狠地抽搐痉挛，大量肠液不受控地奔涌而出。\n剧烈的强绝顶几乎将她的意识整个冲垮，她失神地颤抖着，沉溺在这远胜从前的极致快意中。
2099,action_part_a_orgasm_strong_A,0,CVP_A2_G_E_-2,在{anal}连番攀上绝顶之后，那里的敏感度陡然跃升了一个台阶，随之而来的便是这场凶猛异常的强绝顶，其强度远远压过了此前的每一次普通绝顶。\n{TargetName}对{Name}的信赖近乎全然，即便是过分的、越界的命令，她也总能理解并专业地执行到底，可这股猝然爆发的滔天快感让她再难保持部下的体面。\n{anal}剧烈而失控地连连绞缩，滚烫的肠液大量涌淌，隐隐带着小幅的喷洒。\n她在这前所未有的强烈绝顶里失神颤栗，意识几近被彻底冲垮。

2100,action_part_a_orgasm_strong_A,0,CVP_A2_G_E_-3,作为{Name}最忠顺的性宠，{TargetName}的娇躯在{SceneName}里被推上了一个远比以往更加猛烈的绝顶。\n在连续经历了数不清的肛肠高潮之后，{anal}的敏感度悄然攀上了一个崭新的台阶，积攒已久的滚烫快感终于在这一瞬彻底决堤。\n{anal}疯狂地痉挛绞缩，剧烈的颤栗顺着腰脊席卷了全身，她的意识几乎被这股远超寻常绝顶的强烈冲击冲垮，失神地战栗着。\n大量温热的肠液自{anal}深处汹涌涌出，甚至小幅喷溅而出，作为主人的宠物能这样毫无保留地失控绝顶，令她从骨子里透出难以掩饰的甜蜜与满足。
2101,action_part_a_orgasm_strong_A,0,CVP_A2_G_E_-3,身为{Name}豢养的性处理宠物，{TargetName}在这一刻迎来了一场凶猛得近乎失控的肛肠绝顶。\n那已被连续操到绝顶太多次的敏感部位，感度骤然跃升了一整个层级，蓄积的快感如洪流般一齐奔涌而出。\n{anal}不受控制地连番绞紧又翕张，她整个人绷紧后又剧烈地颤抖，神智被这远胜普通绝顶的快感浪潮冲刷得一片恍惚。\n汩汩肠液从{anal}里大股地淌落，她像忠犬般伏低身子承受着这场绝顶，眼底满是能被主人使用到如此地步的依恋与欢喜。
2102,action_part_a_orgasm_strong_A,0,CVP_A2_G_E_-3,{TargetName}早已甘愿做{Name}身下最听话的一只宠物，此刻她的身体在{SceneName}中掀起了一场远超平常的强烈绝顶。\n{anal}在一次次连续攀顶后敏感度更上一层楼，堆叠到极致的快感终于轰然释放。\n那处紧窄的{anal}剧烈而失控地连续抽搐绞缩，她的腰肢深深弓起又骤然瘫软，四肢无力地颤栗痉挛。\n伴随着大量肠液从{anal}汹涌溢出并微微喷洒，她失神的眼中盛满了作为主人性宠被彻底填满、被尽情使用的幸福迷醉。
2103,action_part_a_orgasm_strong_A,0,CVP_A2_G_E_-3,作为主人{Name}忠心的肉便宠物，{TargetName}的躯体承受着一波比一波更烈的肛肠高潮，终于在此刻攀上了强绝顶的巅峰。\n{anal}的敏感度在连续绝顶的累积中跨过了一道新的门槛，蓄满的快感一泄如注。\n{anal}疯狂地翕张收缩，全身肌肉强烈地抽搐绷紧，她失控地颤抖战栗，意识几乎被这股猛烈快感冲得支离破碎。\n大量温热黏腻的肠液自{anal}深处喷涌而落，她甘之如饴地献出这具身子，只为能让敬爱的主人满意地使用自己。
2104,action_part_a_orgasm_strong_A,0,CVP_A2_G_E_-3,{TargetName}是{Name}调教已久、心甘情愿的性爱宠物，此刻{SceneName}里她正被一场空前猛烈的绝顶彻底吞没。\n经过连续不断的肛肠攀顶，{anal}的感度终于跃上一个更高的台阶，压抑积攒的巨大快感一并倾泻。\n{anal}剧烈失控地连续痉挛绞缩，她的脊背反复深弓又软塌，双腿不由自主地乱颤蹬动。\n大股肠液顺着{anal}汹涌流淌甚至溅出，她失神喘息，心底却因能作为主人的宠物如此失态绝顶而泛起深深的欢愉与归属。

2105,action_part_a_orgasm_strong_A,0,CVP_A2_G_E_-4,彻底沦为{Name}掌中性奴的{TargetName}在一次次连番绝顶之后，敏感被生生拔高到了全新的台阶，此刻终于迎来了一场远比寻常更为凶猛的强烈绝顶。\n{anal}毫无预兆地剧烈绞缩翻搅，那股攀上崭新高度的极致快感如洪流般冲垮了她的神志，令她整具娇躯失神地痉挛颤栗。\n这已不再是先前那种普通的绝顶，强度陡然拔高了一大截，却又尚未抵达被反复逼停后骤然释放的究极地步。\n大量滚烫的肠液自{anal}汹涌淌落，虔诚狂热的奴隶在这场献给主人的强绝顶中沉醉到了灵魂深处。
2106,action_part_a_orgasm_strong_A,0,CVP_A2_G_E_-4,在连绵不断的绝顶层层堆叠之后，早已把身心尽数交予{Name}的{TargetName}那处的敏感悄然跃上了一个新的层次，随即被一记远超以往的强烈高潮彻底攫住。\n{anal}疯狂而不受控制地一阵阵抽搐收紧，铺天盖地的快感几乎将她的意识冲得支离破碎，稚嫩的身子绷成一张满弓又骤然瘫软。\n这股绝顶的烈度远远碾过了寻常的每一次，可还没到那种被寸止逼到极限后一齐爆发的癫狂程度。\n汹涌的肠液顺着痉挛的{anal}大股溢出，甘为奴仆的她在为主人绽放的强绝顶里狂喜到浑身战栗。
2107,action_part_a_orgasm_strong_A,0,CVP_A2_G_E_-4,身为{Name}忠顺性奴的{TargetName}在数度绝顶的连番洗礼后，那一处的感度被一寸寸推高，终于在积攒够了足量快感的这一刻炸开了一场格外剧烈的强绝顶。\n只见{anal}狠狠地连续绞缩翕张，那股冲上全新高度的滔天快意瞬间席卷了她的每一根神经，令她双眸失神、四肢失控地颤抖。\n这绝顶的强度早已把过往的普通绝顶远远抛在身后，却仍未触及反复寸止后骤然释放的那种极端。\n大量温热黏腻的肠液自绞缩的{anal}喷涌而落，狂信的奴隶在这份呈献给主人的极乐里沉沦得无法自拔。
2108,action_part_a_orgasm_strong_A,0,CVP_A2_G_E_-4,连续多次的绝顶将{TargetName}那处的敏感层层垫高，全心臣服于{Name}的她此刻被一场远胜寻常的强烈高潮死死裹住，整个人在剧烈的快感洪峰里失了神。\n{anal}不受控制地剧烈痉挛绞紧，一波接一波的滔天快意从深处狂涌而出，冲得她腰肢反复深弓又无力垮塌。\n这已是敏感拔高一阶后才降临的强绝顶，烈度远远盖过以往每一次普通的登顶，但离那被反复逼停累积的究极还差着一截。\n滚烫的肠液大股自{anal}倾泻，虔敬狂热的奴隶把这场强绝顶当作献祭主人的至高荣光。
2109,action_part_a_orgasm_strong_A,0,CVP_A2_G_E_-4,甘愿以身侍主的{TargetName}在一轮轮绝顶的反复淬炼之后，那一处的感度陡然攀上崭新的高峰，随即被一记凶猛无匹的强烈绝顶彻底吞没。\n{anal}疯狂地连续抽搐绞缩，攀升到前所未有高度的极致快感如巨浪般拍碎了她的理智，令她失控地颤栗、面容失神扭曲。\n这份绝顶的强度已远远超越了往昔的普通登顶，却又还没到那种被寸止逼至临界后一举释放的极限地步。\n大量肠液自剧烈翕张的{anal}汹涌而出甚至隐隐带起喷溅，狂信的性奴在为主人奉上的强绝顶中沉醉到骨血深处。

2110,action_part_a_orgasm_strong_A,0,CVP_A2_T|6_E_0&CVP_A2_T|7_E_1&CVP_A2_T|222_E_0,未成年却早已通晓性知识的{TargetName}这一次被肛肠深处涌起的滔天快感彻底击穿，{anal}猛烈地一波接一波痉挛收缩，全然不受自己支配。\n连续绝顶了好几次之后，这处入口的敏感门槛骤然被抬高了一个台阶，积攒已久的酥麻终于在这一瞬轰然炸裂开来。\n稚嫩的腰肢剧烈弓起又颓然瘫软，纤细的四肢止不住地痉挛乱蹬，明知这份禁忌的好奇背后藏着怎样的危险，此刻却仍沉溺在探索快感深渊的强烈痴迷里无法自拔。\n{anal}深处涌出大量黏稠的肠液，甚至伴随着细小的喷溅，稚气未脱的脸庞早被绝顶的浪潮冲得一片茫然失神，眼角泛起生理性的泪光。
2111,action_part_a_orgasm_strong_A,0,CVP_A2_T|6_E_0&CVP_A2_T|7_E_1&CVP_A2_T|222_E_0,年纪尚轻却对性事充满求知欲的{TargetName}猛地绷紧了全身，{anal}不受控制地剧烈翕张收缩，一波强似一波的痉挛顺着脊背直冲天灵盖。\n这已是同一处连续绝顶的第好几回，敏感的阈值早已被悄然抬高，此刻积压许久的快感终于毫无保留地喷薄而出。\n青涩的腰身反复深深弓起又瘫软下去，双腿失控地颤抖蜷缩，明明清楚这具尚显稚嫩的身体正被禁忌的好奇心一步步引向更深处，却仍抑制不住内心的雀跃与渴求。\n{anal}猛烈痉挛间涌出汹涌的肠液，甚至带着细碎的喷溢，尚带稚气的表情早已被冲刷得涣散失神，喉间溢出断续而破碎的呻吟。
2112,action_part_a_orgasm_strong_A,0,CVP_A2_T|6_E_0&CVP_A2_T|7_E_1&CVP_A2_T|222_E_0,懵懂却又早熟地掌握了性知识的{TargetName}被骤然袭来的强烈快感冲得浑身剧震，{anal}疯狂地一阵接一阵收缩绞紧，仿佛完全脱离了自己的意志。\n经过这处敏感地带连续多次绝顶的洗礼，快感的临界点已然被推得更高，如今蓄积多时的酥麻终于毫无保留地决堤释放。\n稚嫩的肩背剧烈战栗，腰肢一次次深深弓起后又力竭般垮塌，指尖蜷缩着抓不住任何依靠，明知怀着这份好奇心去触碰禁忌意味着什么，却依旧沉迷在被快感支配的眩晕里难以自拔。\n{anal}深处大量肠液汹涌溢出，隐约带着细小的喷洒，年轻稚气的面容彻底被绝顶冲得失神发怔，泪水在眼眶中打转。
2113,action_part_a_orgasm_strong_A,0,CVP_A2_T|6_E_0&CVP_A2_T|7_E_1&CVP_A2_T|222_E_0,外表尚显青涩却对性充满好奇与渴望的{TargetName}忽然浑身剧烈一颤，{anal}猛烈地反复痉挛紧缩，绞得又急又密，全然不听使唤。\n在这处早已连续绝顶数次之后，敏感度骤然攀上了新的高度，此刻积蓄多时的快感洪流终于一举冲破所有堤防。\n稚气未脱的腰肢一次又一次剧烈弓起，随后又颓然软塌下去，纤细的双腿控制不住地痉挛蜷曲，明明深知这份对禁忌的好奇心正把自己一步步推向更深的沉沦，却依旧沉浸在失控的狂喜中无法自持。\n{anal}中大量肠液汹涌而出，甚至夹杂着细微的喷溅声响，稚嫩的脸庞早被绝顶冲刷得一片茫然，唇角溢出压抑不住的细碎喘息。
2114,action_part_a_orgasm_strong_A,0,CVP_A2_T|6_E_0&CVP_A2_T|7_E_1&CVP_A2_T|222_E_0,年岁尚幼却早已对性知识如饥似渴的{TargetName}猛然浑身痉挛，{anal}一阵接一阵地剧烈收紧又松开，紧绷得难以自控。\n历经此处连续多次绝顶的累积，敏感的门槛悄然被推高了一整个台阶，如今积压许久的快感终于在这一刻毫无保留地轰然释放。\n青涩的腰肢反复深深弓起又无力瘫软，稚嫩的十指紧紧蜷缩在半空中无处安放，明明清楚自己怀着的这份好奇正带着几分背德的危险，却依旧沉溺在这股汹涌快感里不愿抽身。\n{anal}深处涌出滚烫黏稠的肠液，甚至伴有轻微的喷溢，稚气犹存的脸颊早已被绝顶冲得涣散失神，眼尾泛着朦胧的泪光。

2115,action_part_a_orgasm_strong_A,0,CVP_A2_A|5_LE_3,原本{anal}的性敏感还很浅，只是刚被开发不久，往日里更多传来的不过是被塞满撑开的钝重异物感，然而在一次又一次连绵不绝的绝顶反复冲刷之下，那条迟钝的甬道竟被磨出了一个崭新的敏感台阶。\n就在此刻，一场远超以往的凶猛绝顶轰然砸落，{TargetName}少女的娇躯骤然弓成一张紧绷的弯弓，{anal}疯狂地痉挛绞缩，一波接着一波向内翻涌收放。\n这早已不是先前那种平淡克制的寻常高潮，而是敏感攀升一阶后才迎来的强烈绝顶，快感的烈度远远压过往昔，却尚未抵达反复寸止累积的那种极端。\n大量灼热的肠液顺着抽搐的{anal}汩汩淌出，甚至夹着一缕小幅喷溅，将她的神志几近冲垮。
2116,action_part_a_orgasm_strong_A,0,CVP_A2_A|5_LE_3,一直以来{anal}都算不上敏感，那处后穴不过是新近才被开垦，寻常只能感到被硬生生填满的胀闷与异物感，可反复堆叠的连番绝顶终究把它的感度一层层顶高，直至跨上一个全新的门槛。\n于是{TargetName}冷不防被一记远胜平常的强绝顶掀翻，纤细的腰肢深深弓起又骤然瘫软，{anal}不受控制地连连绞缩翻搅，绵密的痉挛一阵接一阵。\n那股快感的猛烈程度早已把先前的普通高潮远远抛下，却还没到需要一再寸止死死憋忍才能积出的顶点。\n汹涌的肠液自颤动的{anal}深处夺路涌出，甚至溅出细小的一股，烫得她意识晃荡、几乎失神。
2117,action_part_a_orgasm_strong_A,0,CVP_A2_A|5_LE_3,明明{anal}的敏感还停留在很低的层次，那里方才被开发出来没多久，多半时候只捕捉得到被撑胀塞满的沉甸异物感，偏偏一连串接踵而至的绝顶硬是将它的感受一寸寸推高，逼上了一个前所未有的新台阶。\n刹那间，一场烈度惊人的强绝顶轰然爆开，{TargetName}整个人剧烈地战栗起来，{anal}发疯般地痉挛紧缩，收放的幅度大得几乎失控。\n这远非之前那种迟钝平淡的寻常高潮可比，而是感度跃升一级后招来的凶猛绝顶，快意翻涌得远超既往，只是仍够不上反复寸止才能累出的极限。\n大股滚烫的肠液从抽搐的{anal}里奔涌而下，间或带出一点小幅的喷射，烧得她眼神涣散、魂魄摇曳。
2118,action_part_a_orgasm_strong_A,0,CVP_A2_A|5_LE_3,{anal}的性感度原本低得可怜，那处甬道不过是新经开拓，平素传来的多是被填得满满当当的钝涩胀感，谁知在无数次连绵绝顶的反复捶打下，它竟被磨砺出了一层崭新的敏感度，登上一个陌生的高阶。\n下一瞬，一场远比往常猛烈的强绝顶铺天盖地地压来，{TargetName}的娇躯猛然绷直又深深塌陷，{anal}一阵紧过一阵地疯狂绞搐，翻涌的收缩势不可挡。\n这样的烈度早把此前的普通高潮甩开了老远，却还未臻至靠反复寸止死忍憋出的那种究极程度。\n浓稠温热的肠液顺着痉挛不止的{anal}大量倾泻，甚至挤出细细一线的喷溅，把她冲刷得神思恍惚、几近溃散。
2119,action_part_a_orgasm_strong_A,0,CVP_A2_A|5_LE_3,起初{anal}的感觉一向迟钝，那处后庭刚被开发出来，寻常只能觉出满胀塞实的异物感，然而一场又一场连番不歇的绝顶将它的敏感层层拔高，硬是顶上了一个从未触及的新阶。\n就在这转瞬之间，一记远胜平日的强绝顶轰然降临，{TargetName}纤秀的身子骤然弓起颤抖，{anal}狂乱地痉挛绞紧，一浪高过一浪地翻搅收放。\n这早已超出先前那种平淡克制的普通绝顶，是感度攀上一档后迎来的猛烈高潮，快感之盛远远凌驾从前，却仍不及反复寸止累积才有的极致巅峰。\n大量热烫的肠液自不住抽搐的{anal}奔流而出，还夹带着小幅的喷溅，激得她通体战栗、意识几乎被冲垮。

2120,action_part_a_orgasm_strong_A,0,CVP_A2_A|5_G_3&CVP_A2_A|5_LE_6,连续攀上一次又一次的绝顶之后，{TargetName}那具敏感的身子早已被开发到了一个全新的境地，{anal}的敏感度陡然跃升了一个崭新的台阶。\n积攒到极致的滔天快感终于在这一刻彻底决堤，一股远比以往任何一回都凶猛的强烈绝顶轰然贯穿了她的全身，{anal}疯狂地痉挛绞缩着，一波接一波再也无法止住。\n她整个人失神地弓起腰肢，四肢不受控制地绷紧颤栗，媚艳的脸蛋皱成一团。\n{anal}深处涌出大量温热的肠液，甚至夹带着小幅的喷溅，把这场远超寻常的猛烈高潮尽数宣泄了出来。
2121,action_part_a_orgasm_strong_A,0,CVP_A2_A|5_G_3&CVP_A2_A|5_LE_6,在那处后穴连绵不断地绝顶了太多次以后，{TargetName}的{anal}像是被磨得越发淫荡敏感，快感的阈值被硬生生顶上了一个更高的层级。\n蓄积到快要满溢的酥麻在这一瞬倾泻而出，一场强度远胜普通绝顶的剧烈高潮狠狠地攫住了她，{anal}毫无章法地剧烈收缩翕张，绞得又紧又深。\n淫靡的浪潮几乎要把她的神志冲得七零八落，她张着嘴无声地痉挛，浑身抖得停不下来。\n大股大股的肠液顺着{anal}汩汩涌落，将这次远比从前更猛的强绝顶淋漓地展露无遗。
2122,action_part_a_orgasm_strong_A,0,CVP_A2_A|5_G_3&CVP_A2_A|5_LE_6,一次次地被推上绝顶的巅峰后，{TargetName}那早已被反复调教过的{anal}敏感度攀上了一个前所未有的高度，就连细微的刺激都能激起翻江倒海般的快意。\n堆积得满满当当的快感终于寻到了宣泄的出口，一阵远比平常绝顶要狂暴数倍的高潮猛地席卷了她的整个下身，{anal}一下下深切地绞缩抽搐着。\n她媚眼失焦，腰肢反复深深地弓起又瘫软，浑身的肌肉都在这股狂潮里失控地颤动。\n{anal}里翻涌出汹涌的温热肠液，还伴着一小股喷薄而出的水光，将这场强绝顶宣示得毫不掩饰。
2123,action_part_a_orgasm_strong_A,0,CVP_A2_A|5_G_3&CVP_A2_A|5_LE_6,后穴接二连三地攀上高潮以后，{TargetName}的{anal}被彻底开发得越发骚浪，敏感度像是踏上了一级新的阶梯，能容纳的快感也翻了一番。\n那些积攒已久的酥麻在这一刻一齐爆发出来，一场比寻常绝顶要凶猛得多的强烈高潮排山倒海般压垮了她，{anal}疯狂而不受控制地连番痉挛绞紧。\n她整张脸都失了神，眉头拧成一团，纤细的四肢绷得笔直又猛地发软。\n大量黏腻的肠液自{anal}深处喷涌而落，把这次远远超越普通绝顶的强烈快潮全部倾泻了出来。
2124,action_part_a_orgasm_strong_A,0,CVP_A2_A|5_G_3&CVP_A2_A|5_LE_6,在被连绵的绝顶反复冲刷过无数遍之后，{TargetName}那处{anal}的敏感度已然跃上一个崭新的层级，稍一撩拨便能掀起惊涛骇浪般的快感。\n囤积到极点的酥麻终于在这一瞬全线崩溃，一场远胜以往的强烈绝顶如洪流般贯穿了她的身躯，{anal}无休无止地剧烈绞缩痉挛，紧了又松松了又紧。\n她失神地仰起脖颈，媚艳的面容彻底失控，腰身痉挛着弓成一道弧又猛地塌陷。\n{anal}里奔涌而出的滚烫肠液顺着股缝流淌喷洒，将这次凌驾于普通绝顶之上的猛烈高潮尽情地展露出来。

2125,action_part_a_orgasm_strong_A,0,CVP_A2_A|5_G_6,{TargetName}的身体骤然剧烈弓起，{anal}毫无预兆地陷入了一场远比寻常更为汹涌的绝顶。\n这一次的绝顶来势凶猛，强度远远盖过了此前那一次次的普通高潮，仿佛敏感的肠壁被硬生生推上了一个全新的台阶，每一寸都在疯狂地收缩痉挛。\n{anal}一下又一下地剧烈绞紧，大量温热的肠液不受控制地汩汩涌出，甚至隐隐带着小幅的喷溅。\n少女的意识几乎被这股强烈到失控的快感彻底冲垮，脸上写满了失神与颤栗，纤细的腰肢和大腿止不住地痉挛发抖，整个人都沉溺在这场猛烈得叫她招架不住的强绝顶里。
2126,action_part_a_orgasm_strong_A,0,CVP_A2_A|5_G_6,随着一阵猛烈到近乎失控的痉挛，{TargetName}迎来了一场强度陡然拔高的肛肠绝顶。\n{anal}疯狂地翕张绞缩，那份敏感仿佛在连番的高潮之后被彻底磨利，攀上了一个前所未有的新高度，令这次绝顶远比寻常的那几次更加汹涌骇人。\n浓稠的肠液一股股地淌落出来，量大得惊人，顺着颤抖的臀缝汩汩流淌。\n她整个人失神地颤栗着，眉眼失控地皱拧在一起，纤腰一次次深深弓起又软软瘫落，任由这股强绝顶将她仅存的一点理智冲刷得干干净净。
2127,action_part_a_orgasm_strong_A,0,CVP_A2_A|5_G_6,{TargetName}猛地绷直了脊背，一场强烈得超乎寻常的绝顶在{anal}深处轰然炸开。\n这绝顶的烈度显然已非过往那些普通高潮可比，接连不断的绝顶似乎将她的肠道敏感度推上了崭新的台阶，每一下收缩都强烈得叫她浑身战栗。\n{anal}剧烈而不受控制地连续抽搐，大量肠液随之奔涌而出，甚至夹着一小股喷溅落下。\n少女失神地张着嘴，意识被这排山倒海的快感冲得摇摇欲坠，四肢无力地痉挛乱颤，整具身子彻底沦陷在这场猛烈的强绝顶之中，久久无法自拔。
2128,action_part_a_orgasm_strong_A,0,CVP_A2_A|5_G_6,一波远胜以往的强烈绝顶毫无征兆地攫住了{TargetName}，令她的身体剧烈地痉挛起来。\n{anal}像是被反复的高潮磨得愈发敏锐，敏感度骤然跃上一个新的层级，这一次的绝顶因此汹涌得叫她根本无从抵挡，肠壁一阵接一阵地疯狂绞紧。\n大量温热黏腻的肠液止不住地涌溢而出，甚至隐隐有小幅喷出的势头。\n她失神地颤抖着，纤细的手指死死攥紧，腰肢与双腿失控地抽搐乱蹬，整个人被这股强得离谱的绝顶快感冲刷得神魂颠倒，几乎连自己都要迷失了。
2129,action_part_a_orgasm_strong_A,0,CVP_A2_A|5_G_6,{TargetName}的娇躯猛然一僵，旋即陷入了一场强度惊人的肛肠绝顶。\n经历了接二连三的绝顶之后，{anal}的敏感似乎被一举推上了新的台阶，这一次高潮的猛烈程度远远超出了寻常，肠道深处一波波剧烈地收缩绞动，几乎要将她整个人的知觉都吞没。\n{anal}不受控制地疯狂痉挛，大量肠液汹涌淌落，隐隐伴着小幅的喷溅。\n少女失神颤栗，眼神涣散迷离，纤腰深深弓起又无力瘫软，四肢止不住地抽搐发颤，被这股难以招架的强绝顶彻底冲垮了最后的一丝清醒。

2130,action_part_a_orgasm_strong_A,0,CVP_A2_T|1_E_1,从未经历过开发的{anal}此刻竟迎来了一场远超寻常的剧烈绝顶。\n在接二连三的高潮反复冲刷之后，这处生涩紧窄的甬道敏感度陡然攀上了一个全新的台阶，积攒已久的快感在这一刻轰然炸裂开来。\n{TargetName}稚嫩的身子猛地弓成一张紧绷的弓，{anal}疯狂地绞缩翕张着，比以往任何一次普通绝顶都要凶猛数倍。\n伴随着这场强烈到几乎失控的绝顶，大量温热的肠液汩汩涌出，甚至夹着一小股细流喷溅而出，将她初经人事的后穴彻底浸透。\n少女的意识在这股空前的快意里几乎被冲垮，只余下失神的颤栗。
2131,action_part_a_orgasm_strong_A,0,CVP_A2_T|1_E_1,{TargetName}那处还带着初尝滋味的{anal}猛然攀上了一个前所未有的绝顶高峰。\n连番不断的绝顶早已将这条青涩的肠道磨得格外敏锐，敏感度一跃跨过了新的门槛，蓄满的快感终于一齐倾泻。\n这一次的强度远远盖过了先前每一回普通的绝顶，紧窄生涩的甬道剧烈地痉挛收缩，翻涌的快感像潮水般席卷了她整具娇躯。\n浓稠的肠液顺着抽搐的节奏大股大股地淌出，濡湿了她尚显生嫩的股缝，那份初经开发的窄穴此刻被这股强绝顶彻底冲刷。\n神智在这压倒性的快感里几近溃散，只留下大脑一片空茫的失神颤抖。
2132,action_part_a_orgasm_strong_A,0,CVP_A2_T|1_E_1,初次被开垦不久的{anal}竟在此刻爆发出一场惊人的强烈绝顶。\n一波又一波的高潮层层叠加，把这条稚嫩的后径催逼到了敏感度骤升的崭新高度，堆积如山的快意再也压不住地喷薄而出。\n娇小的{TargetName}整个人剧烈地战栗起来，{anal}以远超平日的幅度疯狂缩紧又松开，那股烈度是普通绝顶望尘莫及的。\n大量滚烫的肠液自深处汹涌溢出，甚至隐隐夹着一线喷射的势头，将她那处生涩紧致的密穴浇得一片泥泞。\n汹涌的快感几乎将她的意识连根拔起，只剩失魂落魄的痉挛与颤栗。
2133,action_part_a_orgasm_strong_A,0,CVP_A2_T|1_E_1,那条还未被完全驯熟的{anal}此刻迸发出一场强度惊人的绝顶狂潮。\n一次接一次的高潮不断累加，让这处初经人事的甬道敏感度陡然登上一个更高的阶梯，长久积压的快感刹那间倾巢而出。\n{TargetName}纤细的腰肢猛地深深弓起，{anal}疯狂地绞紧又骤然松弛，剧烈程度远远凌驾于寻常的普通绝顶之上。\n温热黏腻的肠液成股地涌淌而下，甚至挟着一小簇细密的喷溅，将她青涩窄小的后穴浸得湿淋淋一片。\n前所未有的极致快意几乎冲垮了她全部的理智，只余下一具失神战栗的躯壳。
2134,action_part_a_orgasm_strong_A,0,CVP_A2_T|1_E_1,生嫩紧涩的{anal}在这一瞬迎来了一场凌驾于以往一切的猛烈绝顶。\n密集反复的绝顶层层堆叠，把这条初尝插入的稚穴磨砺得敏感异常，敏感度攀上了全新的台阶，蓄满的快感终于一齐炸裂释放。\n少女的娇躯剧烈地抽搐痉挛，{anal}以骇人的力度连连绞缩，那股强烈远非从前的普通绝顶所能比拟。\n大量热烫的肠液咕嘟咕嘟地翻涌而出，甚至溅出一线细流，将她那处从未被彻底开发的窄道彻底冲刷浸透。\n铺天盖地的快感几乎将她的神智撕裂冲散，只留下满目失神的颤栗与迷乱。

2135,action_part_a_orgasm_strong_A,0,t_first_a_sex_in_today,{TargetName}今日才被初次开辟的{anal}此刻剧烈而毫无节制地连番痉挛，一浪盖过一浪的绝顶把先前那些寻常高点远远抛在了后头。\n这处今天方才尝过滋味的后穴在接连数度攀顶之后，敏感竟又硬生生拔高了一整个台阶，眼下这场绝顶来得又猛又急，险些将她的神志整个冲垮。\n{anal}深处不受控制地翻涌出大量温热肠液，随着一下下狠命绞缩几乎要小股迸溅而出，青涩的娇躯在{SceneName}里失控地颤栗绷紧。\n初经此道的她怎么也没料到，仅是开发的头一天，这条新辟的甬道竟能被逼出这般凶猛的强绝顶，整个人被掀进灭顶的快意里失了神。
2136,action_part_a_orgasm_strong_A,0,t_first_a_sex_in_today,骤然拔高的一记强绝顶将{TargetName}狠狠掀翻，今日头一遭被贯通的{anal}再也压不住地剧烈抽搐绞缩，比方才连绵不断的那些绝顶还要狂烈数倍。\n在这一天里她这处后穴已经数不清攀过多少次顶峰，敏感度层层堆叠着蹿上了一个崭新的台阶，于是这一场绝顶爆发得格外凶猛失控。\n伴着{anal}一阵阵深深绞紧，大量黏腻肠液汹涌而下，甚至被绞出几缕小小的喷溅，她初次承欢的稚嫩身子在{SceneName}里剧烈痉挛。\n方才失贞的后穴竟在初尝的当天就迎来这样一场几乎冲垮理智的强绝顶，这般陌生又凶狠的极乐令她彻底失了神。
2137,action_part_a_orgasm_strong_A,0,t_first_a_sex_in_today,{TargetName}那今日刚被凿开的{anal}猛地陷入一阵剧烈失控的连绵绞缩，一记远胜寻常的强绝顶如惊涛般将她整个吞没。\n短短一日之内这处初经人事的后穴已被送上顶峰太多回，敏感一路水涨船高，终于跃上了一个全新的高度，才引出眼下这场又深又猛的绝顶。\n{anal}里大量肠液止不住地翻涌溢出，随一下下痉挛几乎要喷淌而出，她生涩的腰身在{SceneName}中弓起又瘫软，反复地失控颤栗。\n初开苞的当天便被逼出如此激烈的强绝顶，那种远超以往的灭顶冲击令这个头一回尝到此味的她几乎神魂俱散。
2138,action_part_a_orgasm_strong_A,0,t_first_a_sex_in_today,一场凶猛得远超普通高点的强绝顶骤然攫住{TargetName}，她今日方才被开苞的{anal}毫无节制地剧烈痉挛翻搅，绞缩之烈几乎叫她整个人失控。\n这条今天头一次被彻底贯通的后穴，在一次次攀顶之后敏感陡然拔高了一层，如今这记绝顶来得又深又狠，险些把她的意识连根冲垮。\n{anal}深处大量温热的肠液翻腾涌落，被一波波绞紧挤得几乎小股喷出，稚嫩的娇躯在{SceneName}里绷得笔直又骤然瘫软下去。\n初尝肛欲的头一天就被推上这般凶烈的强绝顶，那是一种她从未领教过的灭顶滋味，将她冲刷得神志涣散、颤栗不止。
2139,action_part_a_orgasm_strong_A,0,t_first_a_sex_in_today,{TargetName}初经开发的{anal}在这一刻剧烈而彻底地失了控，一阵阵狂乱绞缩间，一记远胜先前的强绝顶将她高高掀起。\n今日才被生生辟出的这条后穴一整天里已数度登顶，敏感层层累叠着跃上崭新的台阶，这才逼出眼下这场又猛又急、几乎冲垮神志的绝顶。\n{anal}里大量肠液随着深深的痉挛止不住地汹涌而出，甚至被绞出细小的喷溅，她青涩失贞的身子在{SceneName}中失控地抽搐颤栗。\n仅仅是初尝此道的当天，这处新开的甬道竟能捧出这般凶狠的强绝顶，陌生而灭顶的极乐令头一回体会的她彻底失了神。

2140,action_part_a_orgasm_strong_A,0,CVP_A2_T|1_E_0&CVP_A2_A|10_LE_3,在接连数次绝顶的层层冲刷之后，{TargetName}那尚显稚嫩的{anal}忽然被一股远比从前汹涌的快感狠狠贯穿，紧致娇嫩的肠壁一下又一下地疯狂绞缩。\n这已不是先前那种小小的甜麻，而是敏感度攀上新台阶后迎来的极强绝顶，强度远远盖过了此前每一次普通的高潮。\n她那还未被彻底开发的身子明显有些吃不消，眉心紧蹙间却又透出难以自控的沉溺，青涩与失神交织在一张娇艳的脸上。\n一大股温热的肠液顺着痉挛不止的{anal}汩汩涌出，甚至夹着几分小幅的喷溅，在{SceneName}里将她冲击得几乎失了神，纤腰高高弓起又无力塌软。
2141,action_part_a_orgasm_strong_A,0,CVP_A2_T|1_E_0&CVP_A2_A|10_LE_3,连番的绝顶将{TargetName}一层层推上更高的巅峰，她那开发有限的{anal}在此刻猛然绷紧，紧致娇嫩的肠壁不受控制地连续深深痉挛。\n敏感度悄然跃上一个新的台阶，这一记绝顶比过往任何一次都要凶猛沉重，几乎将她仅存的一丝清醒尽数击碎。\n青涩的身子还有些招架不住这般烈度，纤秀的双腿抖得不成样子，脚尖紧紧绷直，娇躯一阵阵战栗。\n伴着{anal}疯狂的绞缩，滚烫的肠液成股地溢流而出，在{SceneName}中将她冲得神魂俱颤，只余失神的娇喘。
2142,action_part_a_orgasm_strong_A,0,CVP_A2_T|1_E_0&CVP_A2_A|10_LE_3,这一次的绝顶来得又猛又沉，是{TargetName}在一连串高潮的堆叠之后，敏感度终于攀上新阶所迎来的强烈峰值。\n她那仍旧紧窄稚嫩的{anal}被快感撑绞得剧烈翕动，每一下收缩都摩擦出更炽烈的酥麻，将她整个人牢牢裹进灭顶的震颤里。\n还未彻底适应这般刺激的娇躯明显有些吃不消，柳腰深弓，小腹一抽一抽地凹陷。\n大量温热的肠液顺着抽搐的{anal}汩汩淌落，甚至小幅地喷溅出些许，令她在{SceneName}里几近失神地瘫软了下去。
2143,action_part_a_orgasm_strong_A,0,CVP_A2_T|1_E_0&CVP_A2_A|10_LE_3,层层累叠的快感终于在{TargetName}的{anal}中爆开成一记远胜寻常的强绝顶，她那尚显生涩的后穴猛地紧绞收缩个不停。\n意识几乎被这突如其来的巨浪整个掀翻，她眼神涣散，唇瓣微张，娇嫩的脸上写满了失控的痴迷。\n紧致稚嫩的{anal}一波波疯狂痉挛，牵得整具娇躯剧烈颤栗，纤细的腰肢弓起又塌软，双腿绷得笔直。\n伴随最猛的几下绞缩，温热的肠液成股涌出并夹着小幅喷溅，在{SceneName}里将她彻底淹没进极致的绝顶余韵中。
2144,action_part_a_orgasm_strong_A,0,CVP_A2_T|1_E_0&CVP_A2_A|10_LE_3,在连续多次高潮的层层浸染后，{TargetName}的敏感度悄然登上崭新的台阶，一记非同寻常的强烈绝顶轰然贯穿了她稚嫩的{anal}。\n那还开发未深的紧窄肠壁被快感狠狠撑绞，一下又一下地疯狂缩紧，摩擦出的酥麻远比从前的普通高潮汹涌百倍。\n青涩的娇躯几乎承受不住这般烈度，纤腰高弓，四肢绷紧战栗，一张小脸失控地泛红失神。\n滚烫的肠液自剧烈痉挛的{anal}中大量涌淌，甚至小幅喷洒开来，将她在{SceneName}中冲击得几近魂飞魄散。

2145,action_part_a_orgasm_strong_A,0,CVP_A2_T|1_E_0&CVP_A2_A|10_G_3&CVP_A2_A|10_LE_6,在{SceneName}里，早已被开发得熟稔的{TargetName}又一次被推上了绝顶的顶点。\n这已不是初尝滋味的青涩少女，连续数次的肠道绝顶早把{anal}的敏感度推上了一个全新的台阶，此刻积攒到极致的快感终于化作一场远比寻常更凶猛的强烈绝顶轰然炸开。\n{anal}疯狂地痉挛绞缩着，一波接一波无法自控地翻涌，大量温热的肠液从深处汹涌而出，甚至夹着小股喷溅。\n经验丰富的娇躯在这股远超普通绝顶的冲击里剧烈颤栗，意识几乎被彻底冲垮，只余下失神的战栗与灭顶般的快意。
2146,action_part_a_orgasm_strong_A,0,CVP_A2_T|1_E_0&CVP_A2_A|10_G_3&CVP_A2_A|10_LE_6,{TargetName}熟练地迎着那股快感攀上巅峰，{anal}早已在一次次绝顶中被磨得极其敏感。\n连续的高潮把她的敏感阈值抬高了整整一个层次，于是这一次涌来的绝顶远比先前任何一次都要凶猛剧烈。\n{anal}不受控制地连番剧烈收缩，熟稔的肠壁一绞一松地疯狂蠕动着，大量黏腻的肠液顺着痉挛汩汩涌溢而出。\n有经验的身体在这场强烈的绝顶中失控地颤抖，纤腰深深弓起，神情彻底失守，意识在灭顶的快感里几近溃散，却还未到那种反复积累后彻底崩溃的极致地步。
2147,action_part_a_orgasm_strong_A,0,CVP_A2_T|1_E_0&CVP_A2_A|10_G_3&CVP_A2_A|10_LE_6,{SceneName}中，深谙此道的{TargetName}再度被送上了绝顶的浪尖。\n多次连绵的肠道高潮让{anal}的感度节节攀升，敏感度跃上一个新台阶后，这次的绝顶来得格外凶狠猛烈，远远盖过了寻常的普通绝顶。\n{anal}疯狂而深长地痉挛绞紧，熟练的括约肌一翕一合地剧烈抽搐，滚烫的肠液大量喷涌，甚至溅出细小的水花。\n她驾轻就熟的娇躯剧烈地战栗抽搐着，意识被这股强烈的快感冲刷得几乎荡然无存，只剩失神迷乱的颤栗与近乎崩坏的极致快感。
2148,action_part_a_orgasm_strong_A,0,CVP_A2_T|1_E_0&CVP_A2_A|10_G_3&CVP_A2_A|10_LE_6,这具早被调教得纯熟的身子又一次攀上了绝顶，{TargetName}熟稔地承接着那股汹涌的快感。\n一连数度的肠道绝顶把{anal}的敏感度顶上了新的高度，紧接着迎来的便是一场远胜普通绝顶的强烈高潮。\n{anal}剧烈地连续绞缩翻搅，被开发得游刃有余的肠道疯狂地收放蠕动，大量温热的肠液喷涌而出，浸得一片泥泞。\n经验老到的娇躯在灭顶的冲击下不住痉挛颤栗，柳腰反复弓起又软塌，眼神涣散失焦，意识几乎被这远超以往的强烈绝顶彻底淹没。
2149,action_part_a_orgasm_strong_A,0,CVP_A2_T|1_E_0&CVP_A2_A|10_G_3&CVP_A2_A|10_LE_6,在{SceneName}里，对此早已烂熟于心的{TargetName}被推入了一场凶猛的强烈绝顶。\n接连不断的肠道高潮令{anal}的敏感度攀上了崭新的台阶，此刻蓄积到顶点的快感一齐爆发，化作远比平常更加剧烈的绝顶。\n{anal}失控地疯狂痉挛绞紧，熟练的肠壁翻搅蠕动个不停，汹涌的肠液大量涌溢，隐隐夹着小股喷射。\n她被磨砺得纯熟的身体在这股强绝顶里剧烈发颤，四肢失控地绷紧战栗，神情彻底失守，意识在前所未有的极致快意中几乎溃散失神。

2150,action_part_a_orgasm_strong_A,0,CVP_A2_T|1_E_0&CVP_A2_A|10_G_6,{TargetName}那具早已被彻底开发透了的身子猛地绷成一道弓，{anal}毫无预兆地爆发出一阵远比往常更凶更烈的剧烈痉挛，一波接一波地疯狂绞缩翕张。\n这已是她连续攀上绝顶不知多少回之后的又一次，敏感度早被磨得踏上了一个全新的台阶，积攒到极处的快感终于在这一刻轰然炸开，强得远远盖过了先前任何一次寻常的绝顶。\n她那被无数次操弄调教得驾轻就熟的后穴熟练地承接着这灭顶的冲击，一股股温热的肠液顺着抽搐的{anal}汩汩涌出，甚至被绞缩得微微喷溅了几分。\n少女失神地仰起脖颈，双腿失控地绷直乱颤，几乎被这凶猛的强绝顶彻底冲垮了神志。
2151,action_part_a_orgasm_strong_A,0,CVP_A2_T|1_E_0&CVP_A2_A|10_G_6,熟透了的{TargetName}整个人蓦地一僵，{anal}骤然爆开一阵狂乱到不受控制的连环痉挛，早已被开发得烂熟的肠壁疯狂翕合绞缩，强度陡然拔高了一整个层次。\n在这个部位一连高潮了太多回后，她的敏感早已被推上了崭新的台阶，这一次涌来的绝顶凶猛得几乎要将她整具身子撕裂，远非寻常那种绝顶所能相比。\n经验老到的后穴熟门熟路地吞吐咀嚼着这股灭顶快感，大量黏腻的肠液被绞缩得哗然涌落，顺着痉挛不止的{anal}小幅喷淋出来。\n她眼神涣散地张大了嘴，腰肢深深弓起后又猛地瘫软，被这远超以往的强烈绝顶冲得神魂几近溃散。
2152,action_part_a_orgasm_strong_A,0,CVP_A2_T|1_E_0&CVP_A2_A|10_G_6,{TargetName}那被彻底操熟了的娇躯陡然剧烈颤栗，{anal}不受控制地连续深深绞缩，一阵远比普通绝顶更为汹涌的高潮如惊涛般将她整个吞没。\n连番冲顶累积下来，这处早熟透的部位敏感度节节攀升，跨上了一个全新的高度，这一记绝顶来得又急又猛，快感强烈得远远盖过了此前任何一次。\n凭着丰富到极致的承受经验，她那老练的肠道游刃有余地咬合着这股狂潮，滚烫的肠液成股地从抽搐的{anal}里翻涌而出，甚至被绞出了细细的喷溅。\n少女浑身痉挛着绷紧，脚趾狠狠蜷缩，几乎被这凶悍的强绝顶冲得意识空茫。
2153,action_part_a_orgasm_strong_A,0,CVP_A2_T|1_E_0&CVP_A2_A|10_G_6,早被开发到炉火纯青的{TargetName}猛然弓起了脊背，{anal}毫无征兆地爆发出一连串狂暴而失控的深度痉挛，绞缩的力道比往常任何一次都要凶狠。\n在这个地方接连绝顶了无数遍之后，她的敏感度已悄然踏上一层崭新的台阶，此刻积蓄到顶点的快感一齐迸发，其烈度远远压过了寻常绝顶，几乎要将她撕成碎片。\n她那经验丰沛的后穴熟稔地含吮消受着这股滔天冲击，大量温热的肠液被剧烈的绞动逼得汩汩外溢，从翕张的{anal}边缘微微喷洒开来。\n她失神地颤抖着，双腿失控地乱蹬绷直，被这远胜以往的强绝顶冲得几近失魂。
2154,action_part_a_orgasm_strong_A,0,CVP_A2_T|1_E_0&CVP_A2_A|10_G_6,{TargetName}那具被玩弄得驾轻就熟的身子倏地绷紧战栗，{anal}疯狂地翕合绞缩起来，一波强得离谱的绝顶远远越过了她所熟悉的普通高潮的界限。\n一连数不清的绝顶累叠之下，这处熟极了的部位敏感早已迈上了一个更高的台阶，此番迎来的强烈冲顶又深又猛，快感的浓度陡然翻倍，凶得叫她招架不住。\n凭借着炉火纯青的丰富经验，她的肠道从容地绞吮着这股灭顶的洪流，成股的黏稠肠液顺着抽搐的{anal}奔涌淌落，甚至被夹得轻轻喷淋而出。\n少女仰着脖颈失神痉挛，腰身深弓后又骤然瘫软，几乎被这远超寻常的强绝顶彻底冲垮。

2155,action_part_a_orgasm_strong_A,0,CVP_A2_S|5_L_1000,{TargetName}的{anal}在一次又一次的绝顶之后，敏感度仿佛被硬生生抬高了一整个台阶，此刻一股远比从前猛烈得多的强绝顶轰然炸开。\n积攒到极限的快感一齐倾泻而出，{anal}疯狂地绞缩翕张，一波接一波的痉挛几乎要将{TargetName}整个人掀翻，腰肢深深弓起又骤然瘫软。\n大量温热的肠液从{anal}里汹涌而出，甚至伴着一小股喷溅，将这泛滥的绝顶诉说得淋漓尽致。\n她整张脸都失了神，颤栗着承受这远超以往的极致冲击，却又还差着超强绝顶那种被反复逼停后才能抵达的疯狂。
2156,action_part_a_orgasm_strong_A,0,CVP_A2_S|5_L_1000,连续不断的绝顶早已把{TargetName}的{anal}操练得敏感异常，感度攀上一个崭新的台阶，紧接着一场势不可挡的强绝顶便席卷了她全身。\n{anal}不受控制地连连深缩，剧烈的抽搐一路蔓延到小腹与腰背，她的四肢无力地颤抖着，几乎抓不住任何东西。\n汹涌的肠液顺着{anal}大股大股地淌落，湿了一大片，绝顶的烈度远远盖过了寻常的普通高潮。\n{TargetName}仰起脖颈，喉间溢出破碎的气音，整个人被这股强得离谱的快感冲得几近失神，在博士面前彻底绷不住了。
2157,action_part_a_orgasm_strong_A,0,CVP_A2_S|5_L_1000,经历了太多次绝顶的{anal}，仿佛被磨得越来越贪婪，敏感度陡然跃升一层，随即迎来一次强度惊人的绝顶。\n那股憋到极致的快感终于炸裂开来，{anal}狂乱地一缩一放，痉挛的余波一圈圈荡遍{TargetName}的下身，腰臀反复弓起又塌陷。\n大量黏腻的肠液被绞缩着挤涌而出，甚至溅出细小的水花，把这场泛滥的强绝顶烘托到极点。\n她张着嘴却发不出完整的声，只能任由这远胜以往的极致快意将自己彻底淹没，却又尚未坠入超强绝顶的疯狂深渊。
2158,action_part_a_orgasm_strong_A,0,CVP_A2_S|5_L_1000,在{SceneName}里，{TargetName}的{anal}已被接连的绝顶推上了一个全新的敏感台阶，此刻一记异常凶猛的强绝顶轰然降临。\n那处紧窄的{anal}疯狂地翕合收缩，剧烈的抽搐把整条腰脊都牵动得起起伏伏，她的双腿失控地绷直又乱蹬。\n汩汩的肠液从后庭不断涌出，量多到令人咋舌，甚至夹着一小股喷淌，将这次远超普通绝顶的高潮刻画得赤裸而淫靡。\n{TargetName}整个人瘫软下来，眼神涣散，被这陡然拔高的极致快感冲刷得几乎丢了魂。
2159,action_part_a_orgasm_strong_A,0,CVP_A2_S|5_L_1000,一连串绝顶把{TargetName}的{anal}逼到了从未有过的敏感高度，紧接着，一场比普通绝顶猛烈太多的强绝顶骤然爆发。\n{anal}近乎痉挛地深缩绞紧，一波高过一波的收缩让她的小腹与后腰不停抽搐，纤细的手指死死蜷起，指节泛白。\n大量温热的肠液喷涌似地漫出{anal}，甚至带出一小道飞溅，泛滥的液体把这次极强的绝顶衬得愈发露骨。\n她颤栗着承受这近乎失控的冲击，神魂被彻底震荡，却仍差着反复寸止累积后那种究极的超强绝顶。

2160,action_part_a_orgasm_strong_A,0,CVP_A2_S|5_GE_1000&CVP_A2_S|5_L_12000,连续攀上后庭巅峰太多次之后，{TargetName}的敏感度悄然跃上了一个全新的台阶，此刻{anal}猛地绞紧，一场远比寻常绝顶更为凶猛的强烈高潮轰然炸裂开来。\n积攒到极限的快感如决堤洪流般席卷了她的整具身躯，纤腰深深弓起又剧烈战栗，四肢失控地绷紧痉挛，意识几乎被这股狂潮冲得七零八落，只余下失神的颤栗。\n{anal}深处大量温热的肠液汹涌翻涌而出，甚至伴着一小股喷溅，将这场远超以往的后庭强绝顶淋漓尽致地宣泄了出来。
2161,action_part_a_orgasm_strong_A,0,CVP_A2_S|5_GE_1000&CVP_A2_S|5_L_12000,在后庭一次又一次登顶之后，{TargetName}那处早已被开发得格外敏感的{anal}终于迎来了一场凌驾于普通绝顶之上的猛烈高潮。\n这股快感的烈度陡然跃升了一个档次，将她的神志冲刷得近乎溃散，秀美的脸庞失神地仰起，浑身抑制不住地簌簌发颤，双腿绷得笔直又无力地瘫软下去。\n伴随着{anal}疯狂的收缩绞动，大量黏腻的肠液从深处滚滚涌出，那一刻的强烈震颤远非从前任何一次寻常绝顶所能比拟。
2162,action_part_a_orgasm_strong_A,0,CVP_A2_S|5_GE_1000&CVP_A2_S|5_L_12000,后庭连绵不断的高潮把{TargetName}的敏感度推上了一个前所未有的新高度，紧接着{anal}便骤然爆发出一场极其猛烈的强绝顶。\n那是一种把普通绝顶彻底甩在身后的狂暴快意，她整个人剧烈地颤栗抽搐，腰背反复深弓，意识在这股洪流里几乎被冲垮，眼神涣散而迷离。\n{anal}一波接一波地痉挛翻搅，汹涌的肠液大量流淌而下，甚至微微喷出，将这次强烈绝顶的凶猛程度展露无遗。
2163,action_part_a_orgasm_strong_A,0,CVP_A2_S|5_GE_1000&CVP_A2_S|5_L_12000,多次后庭绝顶累积下来的敏感如今攀上了新的台阶，{TargetName}的{anal}在这一刻轰然收束，掀起一场远胜寻常的强烈高潮。\n堆积到顶点的快感如惊涛骇浪般狠狠拍碎了她仅存的理智，娇躯剧烈地弹动战栗，四肢失控地颤抖乱蹬，失神的娇喘断断续续，整个人陷入难以自持的颤栗之中。\n{anal}深处翻涌的肠液大量倾泻而出，还夹着一小簇喷溅，将这远超普通档位的后庭强绝顶宣泄得淋漓尽致。
2164,action_part_a_orgasm_strong_A,0,CVP_A2_S|5_GE_1000&CVP_A2_S|5_L_12000,经过后庭接连不断的登顶，{TargetName}那被反复磨得愈发敏锐的{anal}终于迎来一场凌驾于以往之上的强烈绝顶。\n积蓄已久的快感在这一瞬间彻底决堤，凶猛地淹没了她的每一寸神经，纤细的腰肢深深弓起后又瘫软，全身肌肉剧烈抽搐绷紧，神志几近被冲垮，只剩失神的颤抖与迷乱。\n{anal}狂乱地绞缩翕张，大量温热的肠液喷涌流淌，甚至带出一小股喷溅，将这场远超普通绝顶的后庭强高潮尽数倾泻出来。

2165,action_part_a_orgasm_strong_A,0,CVP_A2_T|7_E_0&CVP_A2_T|222_E_1,性无知却已然成年的{TargetName}丰满成熟的躯体骤然绷成一张满弓，{anal}如同活物般一波接一波剧烈绞缩，前几次绝顶带来的敏感早已悄悄攀升了一个台阶，此刻终于迎来这场远胜此前的强烈绝顶。\n她那双清澈懵懂的眼眸瞬间蒙上一层水雾，明明拥有成年女性该有的曼妙曲线，脑子里却依旧一片空白，完全不懂这翻涌而来的巨大快感究竟意味着什么。\n大股温热的肠液顺着{anal}汩汩淌出，甚至带着几分止不住的喷溅，她只能茫然无措地弓起腰肢，纤细的手指胡乱抓紧，任凭这股陌生而炽烈的战栗将自己彻底淹没。
2166,action_part_a_orgasm_strong_A,0,CVP_A2_T|7_E_0&CVP_A2_T|222_E_1,{TargetName}虽已生就一副成熟撩人的胴体，性知识却依旧一片空白，此刻{anal}猛地一阵接一阵剧烈痉挛收紧，连续绝顶累积起来的敏感度陡然攀升，将她狠狠推入一场远比先前更加汹涌的强烈绝顶之中。\n她茫然地睁大双眼，浑然不解这股比往常猛烈数倍的快感从何而来，只知道身体正不受控制地剧烈战栗，腰肢一次次深深弓起又颓然瘫软。\n浓稠的肠液顺着{anal}大量涌出，甚至伴随着细碎的喷溢，她无助地蜷缩起脚趾，迷茫又惊慌地承受着这份陌生到令她害怕的强烈快感。
2167,action_part_a_orgasm_strong_A,0,CVP_A2_T|7_E_0&CVP_A2_T|222_E_1,明明拥有着成年女子该有的丰腴身段，{TargetName}对性事却懵懂无知得如同孩童，此刻{anal}一波又一波剧烈地绞紧痉挛，敏感度在连续多次绝顶后骤然攀升，猛地将她推向一场格外强烈的绝顶巅峰。\n她困惑地喘息着，完全弄不明白自己的身体为何变得如此陌生又敏感，只能任凭腰肢不受控制地反复弓起、瘫软，四肢止不住地痉挛乱颤。\n大量粘稠的肠液自{anal}汹涌流出，甚至带着几分小幅喷溅，茫然失措的神情里满是从未体验过的惊惧与迷醉，交织成一片混乱。
2168,action_part_a_orgasm_strong_A,0,CVP_A2_T|7_E_0&CVP_A2_T|222_E_1,{TargetName}拥有着与年龄不符的懵懂心智，纵使身体早已发育成熟，此刻却依旧不解世事，{anal}猛烈地一阵阵痉挛收紧，连续绝顶累积的敏感早已悄然攀上新的台阶，终于将她卷入一场远超以往的强烈绝顶。\n她瞪大了茫然的双眼，浑身止不住地剧烈颤抖，完全不明白这股几乎将自己烧穿的滚烫快感是从何而来。\n{anal}深处涌出大股温热的肠液，甚至夹杂着细小的喷溅声响，腰肢一次次深深弓起又无力垮塌，双腿痉挛着乱蹬，懵懂的脸上写满了不知所措的惊惶与沉溺。
2169,action_part_a_orgasm_strong_A,0,CVP_A2_T|7_E_0&CVP_A2_T|222_E_1,身体早已出落得成熟丰满，{TargetName}的心智却仍似未经人事的孩童般懵懂无知，{anal}骤然剧烈绞缩起来，一波接着一波不肯停歇，多次绝顶累积的敏感终于让她一举跌入这场格外猛烈的强绝顶之中。\n她茫然又惊慌地大口喘息着，完全不懂这股几乎将意识冲散的强烈快感究竟从何而来，只能本能地绷紧脚尖，腰肢反复痉挛弓起。\n浓稠的肠液顺着{anal}汹涌淌下，甚至伴随着几分小幅的喷洒，混乱茫然的表情里交织着新奇、羞涩与难以自持的沉迷。

2170,action_part_a_orgasm_strong_A,0,CVP_A2_T|102_E_1,幼小的{TargetName}纤细的躯体猛地一僵，随即剧烈痉挛起来，{anal}一波接一波不受控制地绞紧收缩，力道比先前每一次都要凶猛许多。\n在这处稚嫩的部位接连绝顶了好几回之后，敏感似乎骤然被推上了一个全新的台阶，堆叠已久的快感如潮水般轰然炸裂，酿成一场远远盖过普通绝顶的强烈冲击。\n稚气未脱的小脸涨得通红，眼神涣散失焦，细碎的呜咽从喉间不断溢出，娇小的腰肢反复深深弓起又瘫软塌落，纤细的四肢止不住地乱颤乱蹬。\n{anal}深处涌出大量粘稠温热的肠液，甚至带着一阵小幅的喷溅，顺着娇嫩的臀缝汩汩淌下，将那份彻底失控的狂潮尽数昭示出来。
2171,action_part_a_orgasm_strong_A,0,CVP_A2_T|102_E_1,稚嫩矮小的{TargetName}猝然浑身一抖，{anal}骤然绞紧又松开，一圈圈剧烈的痉挛接连不断地涌来，比方才任何一次都要猛烈得多，几乎让她整个人都僵在了原地。\n那处小小的秘穴已经被连续送上高潮好几次，敏感度不知不觉又攀升了一个新的层级，此刻积压的快感终于轰然决堤，掀起一波远超普通绝顶的凶猛巨浪。\n她涨红的小脸上满是失神，眼角溢出生理性的泪水，稚嫩的喉咙里不断挤出破碎的哭腔，小小的腰肢一次次高高弓起又无力垮塌，短短的双腿抽搐着乱蹬乱踢。\n{anal}里大股大股温热的肠液汩汩涌出，甚至夹杂着几下小小的喷溅，顺着幼嫩的臀丘一路淌落，把这具娇小身躯此刻的彻底失控展露无遗。
2172,action_part_a_orgasm_strong_A,0,CVP_A2_T|102_E_1,矮小柔弱的{TargetName}身子猛然弓起又重重摔落，{anal}一圈接一圈地剧烈收紧痉挛，那股绞缩的力道凶狠得远超从前，仿佛要将周遭一切都死死绞住。\n幼嫩的部位已被反复送上过好几次绝顶，敏感似乎因此被硬生生撑上了一个新的高度，早已堆积如山的快感此刻猛然爆发，掀起一场远比普通绝顶更为凶猛炽烈的巨潮。\n稚气的脸庞早已失了神采，双眼失焦地望着虚空，破碎细软的呜咽声一声接一声地漏出喉间，瘦小的腰身反复痉挛般地弓起又瘫软，纤细的手指下意识地胡乱抓挠。\n{anal}深处涌出一大股滚烫粘稠的肠液，偶尔还伴随小幅度的喷溅飞溅，顺着娇小的臀缝汩汩滑落，将这场失控到极致的强绝顶彻底暴露在外。
2173,action_part_a_orgasm_strong_A,0,CVP_A2_T|102_E_1,瘦弱娇小的{TargetName}猛地绷直了脊背又骤然瘫软下去，{anal}一次比一次更凶狠地痉挛绞紧，酥麻的电流般快感一波接一波狠狠冲刷着她稚嫩的身躯。\n在这处敏感部位一而再再而三地迎来绝顶之后，那份快感的门槛似乎又被强行抬高了一截，长久累积的酥麻终于在此刻猛然迸发，酿成一场远比寻常绝顶更为剧烈的风暴。\n稚嫩的小脸上泪水与红晕交织，双眼涣散无神地半睁着，破碎的抽气声从微张的唇间不断溢出，小小的腰肢反复弓塌，短促的双腿不受控制地打着颤蜷缩起来。\n{anal}里大量温热的肠液不断向外涌淌，甚至带出细小的喷溅，顺着幼嫩的臀肉滴滴淌落，无声宣告着这具小小躯体此刻已然彻底沦陷崩溃。
2174,action_part_a_orgasm_strong_A,0,CVP_A2_T|102_E_1,小小的{TargetName}身躯骤然绷成一张满弓，随即又猛地瘫软颤抖，{anal}一阵紧似一阵地狠狠绞缩收紧，那股凶猛的力道比以往每一次都要更加剧烈骇人。\n因为这处稚嫩之地已连续迎来过数次绝顶，敏感仿佛被硬生生推高了一个新的档次，蓄积良久的快感在此刻轰然决堤，卷起一场远超普通绝顶的滔天巨浪。\n她稚气的脸蛋涨得通红发烫，眼神早已涣散失焦，喉间断断续续溢出细弱的呜咽，娇小的腰肢一遍遍痉挛般弓起又颓然垮下，纤细的十指紧紧蜷缩抓握。\n{anal}深处涌出大股黏稠滚烫的肠液，偶尔夹杂着轻微的喷溅飞洒，顺着幼嫩的臀缝汩汩流下，将这场彻底失控的强烈绝顶展现得淋漓尽致。

2175,action_part_a_orgasm_strong_A,0,CVP_A2_S|5_GE_12000&CVP_A2_S|5_L_90000,{TargetName}的身子毫无预兆地剧烈弓起，{anal}猛地绞紧又疯狂翕张，一场远比之前凶猛得多的绝顶轰然贯穿了她的整个下半身。\n在接连不断地绝顶了那么多次之后，那处的敏感度像是被硬生生抬高了一整个台阶，此刻迟迟积攒的快感终于一齐炸裂开来，烈度早把寻常的绝顶远远抛在身后。\n她在{SceneName}里失神地颤栗着，纤腰反复深弓又骤然瘫软，{anal}伴着一阵阵剧烈的痉挛涌出大量温热肠液，甚至小幅喷溅而出，意识几乎被这非同寻常的强绝顶彻底冲垮，眼神涣散，整个人沉没在远超以往的极烈快意里。
2176,action_part_a_orgasm_strong_A,0,CVP_A2_S|5_GE_12000&CVP_A2_S|5_L_90000,一波前所未有的凶猛绝顶从{anal}深处轰然掀起，{TargetName}整个人剧烈地抽搐弓起，随即又软软塌落。\n连续高潮了太多次的肠道此刻敏感得近乎失常，快感像是被垫高了一层，猛地攀上了一个崭新的顶点，远远超过了她此前经历过的每一次普通绝顶。\n{anal}疯狂地收缩绞动，一股股肠液不受控制地汩汩淌出，将她冲刷得魂飞魄散。\n她在{SceneName}中失神地喘息，四肢失控地颤抖，脸上写满了被极致快感冲垮的恍惚，整具躯体在这远比往常剧烈的强绝顶中战栗着，久久无法回神。
2177,action_part_a_orgasm_strong_A,0,CVP_A2_S|5_GE_12000&CVP_A2_S|5_L_90000,{TargetName}猝然绷直了脊背，{anal}骤然一阵狂乱的痉挛，一个凶悍得超乎寻常的绝顶将她整个人牢牢攫住。\n在一次又一次的肠道绝顶累积之后，那处的感度像跨上了一级全新的台阶，让这次绝顶的强度陡然拔高，把普通的高潮甩得无影无踪。\n{anal}一下下疯狂地绞缩翕张，涌出的肠液比以往任何一次都要汹涌，甚至溅出细密的水花。\n她瘫软在{SceneName}里，纤细的腰肢无力地塌陷，失神的双眼里再盛不下别的东西，只剩下这场几乎将意识冲垮的强烈绝顶带来的极致震颤。
2178,action_part_a_orgasm_strong_A,0,CVP_A2_S|5_GE_12000&CVP_A2_S|5_L_90000,剧烈得近乎失控的绝顶毫无征兆地贯穿了{TargetName}的下半身，{anal}疯狂地翕合绞紧，整具娇躯剧烈弓成一道紧绷的弧。\n连番不断的肠道高潮早已把她那处的敏感推上了一个全新的高度，此刻积攒到极致的快感终于倾泻而出，烈度远非寻常绝顶可比。\n{anal}随着一阵阵狂乱的痉挛涌出大量黏热的肠液，甚至小股小股地喷出。\n她在{SceneName}中失神颤栗，腰身深深弓起又骤然瘫软，四肢不受控制地痉挛乱蹬，意识几乎被这远超以往的强绝顶冲得支离破碎。
2179,action_part_a_orgasm_strong_A,0,CVP_A2_S|5_GE_12000&CVP_A2_S|5_L_90000,{TargetName}整个人被一股凶猛的绝顶狠狠掀翻，{anal}猛烈地绞紧收缩，随即又疯狂地翕张开合。\n肠道在接连多次的绝顶之后敏感度攀上了一个崭新的台阶，这一次的快感强度远远盖过了她此前所有的普通高潮，凶悍得让她毫无招架之力。\n{anal}深处大量温热的肠液伴着剧烈的痉挛不断涌流而出，甚至夹着小幅的喷溅。\n她瘫倒在{SceneName}里失神地战栗，纤腰反复弓起又软落，恍惚的眼神彻底失去了焦距，整具身子沉溺在这远比往常剧烈的强绝顶之中，久久无法自拔。

2180,action_part_a_orgasm_strong_A,0,CVP_A2_S|5_GE_90000,连续多次的肛门绝顶早已将{TargetName}的敏感度推上了一个全新的台阶，此刻{anal}又一次迎来了远比寻常更为凶猛的强烈绝顶。\n那股由后穴深处炸开的极致快感如潮水般席卷全身，令她整个人剧烈地痉挛颤栗，意识几乎被这股汹涌的绝顶冲垮。\n{anal}疯狂地绞缩翕张，大量温热的肠液不受控制地汩汩涌出，甚至伴着小幅的喷溅溢流而下。\n她仰起脖颈失神地颤抖着，四肢绷得笔直，在{SceneName}中沉沦于这场强度远超以往的肛门强绝顶里，久久无法回神。
2181,action_part_a_orgasm_strong_A,0,CVP_A2_S|5_GE_90000,在后穴接连高潮了数不清的次数之后，{TargetName}的肛肠敏感度攀上了一个崭新的高度，如今哪怕一丝刺激都能点燃惊人的快感。\n这一次的绝顶来得格外凶猛，{anal}猛地剧烈收缩起来，一波远胜从前的强烈快感自尾椎直冲头顶。\n她的娇躯像离水的鱼般剧烈弹动，腰身反复深弓又瘫软，理智在这股狂潮里几近崩溃。\n大量黏腻的肠液从痉挛不止的{anal}中喷涌而出，浇灌着这场强度骇人的肛门强绝顶。
2182,action_part_a_orgasm_strong_A,0,CVP_A2_S|5_GE_90000,{TargetName}已经在这一处连续绝顶了太多回，敏感度悄然跃升了一整级，此刻的{anal}对着席卷而来的绝顶毫无招架之力。\n一股比普通绝顶还要炽烈数倍的快感轰然引爆，令她全身肌肉狠狠绷紧又剧烈抽搐，失神的双眼蒙上一层水雾。\n翻涌的肠液顺着{anal}疯狂的绞缩一股股淌落，甚至小幅地喷洒而出，将这次强绝顶染得淋漓。\n她在{SceneName}里失控地战栗颤抖，喉间溢出破碎的气音，被这场远超寻常的肛肠强绝顶彻底吞没。
2183,action_part_a_orgasm_strong_A,0,CVP_A2_S|5_GE_90000,多次接连不断的后穴绝顶把{TargetName}的敏感度推高到一个新的台阶，让这一记绝顶的烈度陡然翻倍。\n汹涌的快感如决堤般冲垮她的意识，{anal}疯狂地一缩一张，牵动整具娇躯剧烈地痉挛乱颤。\n她的脊背深深弓起又骤然塌软，四肢无力地乱蹬颤栗，脸上写满了失控的迷乱。\n温热的肠液大量涌出，甚至夹着几分喷溅，将这场凶猛的{anal}强绝顶推向顶点，令她久久沉溺其中难以自拔。
2184,action_part_a_orgasm_strong_A,0,CVP_A2_S|5_GE_90000,经历了一次又一次的肛门高潮，{TargetName}那处的敏感度已悄然登上更高的一阶，这次的绝顶因此变得异常猛烈。\n快感自{anal}深处炸裂开来，如烈焰般烧遍她的全身，令她剧烈颤抖着，意识被冲刷得所剩无几。\n她的腰肢疯狂地扭动弓起，纤细的手指死死蜷缩，整个人在极致的战栗中近乎失神。\n止不住的肠液自绞缩狂乱的{anal}汹涌而下，间或小幅喷出，为这场远胜普通绝顶的肛肠强绝顶写下淫靡的注脚。

2185,action_part_a_orgasm_strong_A,0,CVP_A2_T|126_E_1,{TargetName}小巧紧致的臀部骤然绷紧又剧烈痉挛，{anal}一波接一波地疯狂绞缩，一场远比寻常猛烈得多的强绝顶终于在{SceneName}轰然爆发。\n在这处小穴连续数次攀上顶峰之后，它的敏感度仿佛跃上了一个全新的台阶，如今这记绝顶的烈度早把普通高潮远远甩在身后。\n娇小的臀肉抖成一团，{anal}深处大量温热的肠液汹涌翻涌而出，甚至夹着几分小幅喷溅，整个小屁股都被冲刷得一片湿糊。\n她纤细的腰肢反复弓起又瘫软，失神的娇躯在这几乎要冲垮意识的极致快感里止不住地颤栗。
2186,action_part_a_orgasm_strong_A,0,CVP_A2_T|126_E_1,娇小紧俏的屁股一下下猛烈抽搐，{anal}发疯般地连续深度收缩，{TargetName}在{SceneName}被一记强度惊人的强绝顶彻底掀翻，远远超出以往任何一次普通高潮的烈度。\n正是这处紧致小穴一连绝顶了太多回，敏感度攀上了崭新的高度，这才迎来这般凶猛的巅峰。\n小巧的臀瓣绷得死紧又骤然松垮，滚烫的肠液从{anal}里成股涌出，间或小幅飙溅而出，把小屁股糊得黏腻不堪。\n她双腿失控地乱颤，眼神涣散近乎失神，整个人在这股汹涌到几近冲垮神志的快感中剧烈战栗。
2187,action_part_a_orgasm_strong_A,0,CVP_A2_T|126_E_1,{TargetName}那对小巧玲珑的臀丘剧烈弹动起来，{anal}近乎失控地一阵阵狠狠绞紧，一场凌驾于普通绝顶之上的强烈高潮在{SceneName}猛然引爆。\n因着这紧窄小穴接连不断地攀顶，它的快感阈值被硬生生顶高了一截，如今这一记绝顶来得又急又猛。\n紧实的小臀止不住地哆嗦，{anal}深处涌出大量黏热的肠液，甚至带着零星的喷淌，顺着娇小的臀缝一路淌落。\n她腰身深深弓成一道弧线又骤然塌软，失神颤栗的模样将这远超寻常的强烈绝顶展露无遗。
2188,action_part_a_orgasm_strong_A,0,CVP_A2_T|126_E_1,一记远比普通高潮凶猛的强绝顶在{SceneName}骤然席卷了{TargetName}，她小巧紧致的臀部剧烈痉挛，{anal}疯狂而不受控制地连续绞缩翕张。\n这处纤小的后穴在连番绝顶之后敏感得像换了一层皮，如今每一下痉挛都爆发出翻倍的烈度。\n娇小的臀肉一阵阵痉挛抖颤，大量温热肠液自{anal}深处翻涌溢出，偶尔还小幅地喷溅几分，把小屁股冲得湿淋淋的。\n她纤腰反复弓起又无力瘫落，四肢失控地轻颤，意识在这滔天的快感里几乎被彻底冲散。
2189,action_part_a_orgasm_strong_A,0,CVP_A2_T|126_E_1,{TargetName}小小的翘臀猛然一僵，随即剧烈地抽搐颤动，{anal}一下下疯狂地深度绞缩，一场烈度远超普通绝顶的强绝顶在{SceneName}轰然降临。\n只因这处紧俏小穴已连续冲顶太多次，敏感度整整拔高了一个台阶，才换来这样凶悍的巅峰快意。\n紧致的臀瓣颤抖成一片，{anal}里汹涌而出大量滚烫的肠液，甚至伴着几缕小幅的喷淌，将娇小的屁股淋得一片狼藉。\n她腰肢深弓又瘫软，失神的双眸微微泛起水光，整具娇躯在这近乎冲垮神志的极乐里剧烈颤栗。

2190,action_part_a_orgasm_strong_A,0,CVP_A2_T|127_E_1,随着一波又一波接连不断的绝顶层层累积，{TargetName}那匀称圆润的臀部深处的敏感度悄然攀上了一个全新的台阶，紧接着一记远比寻常更为凶猛的强烈绝顶轰然炸开。\n{anal}猝不及防地剧烈痉挛绞缩，一圈圈疯狂地收紧又翕张，那股汹涌到近乎失控的快感如决堤般席卷了她的整个下身，形状适中的臀肉在颤栗中一下下弹动。\n她的意识几乎被这股远超普通绝顶的冲击彻底冲垮，眉眼失神，浑身颤栗，大量温热的肠液自{anal}深处汩汩涌出，甚至伴着轻微的喷溅。\n这是在该处连续绝顶许多次后才终于迎来的非常强烈的一次巅峰，富有弹性的臀瓣时而紧绷时而松软，将这场剧烈的强绝顶尽数演绎了出来。
2191,action_part_a_orgasm_strong_A,0,CVP_A2_T|127_E_1,在这处已被连绵绝顶反复冲刷了无数遍之后，{TargetName}的敏感度陡然跃上了新的高度，一次远远压过普通绝顶的强烈高潮骤然席卷了她圆润饱满的臀部。\n{anal}毫无节制地连续深度痉挛，绞缩的力道凶狠得近乎失控，一阵阵剧烈的收缩浪潮从深处翻涌而上。\n弹性十足的臀肉随着这股猛烈的抽搐而剧烈地弹颤变形，适中的臀瓣紧绷又松弛，将失控的颤栗一寸寸传递到全身。\n她双眼失神地半睁着，理智几乎被这股灭顶的强绝顶碾碎，大量肠液从翻搅的{anal}里滚滚溢出，浸润了整条柔韧的臀缝。\n这不是寻常的一次高潮，而是敏感度提升一整个台阶后所迎来的非常强的绝顶，剧烈却尚未到那种反复累积才有的极致地步。
2192,action_part_a_orgasm_strong_A,0,CVP_A2_T|127_E_1,连续多次的绝顶早已将{TargetName}那处后庭的敏感开发到了一个前所未有的层次，此刻一场凶猛得难以招架的强烈绝顶轰然降临。\n{anal}疯狂地绞紧又猛地弹开，剧烈到不受控制地一阵阵连续痉挛，那股翻江倒海般的快感狠狠贯穿了她匀称柔韧的臀部。\n形状恰到好处的臀肉在剧烈的颤栗中一下一下地弹动，圆润的曲线随之绷紧又软塌，弹性丰盈的臀瓣被这股强烈的高潮撞得微微变形。\n她整个人失神地颤抖着，意识在灭顶的冲击下几乎溃散，大量温热的肠液自{anal}深处汹涌而出，甚至溅出细小的水花。\n这股强度远胜普通绝顶的巅峰，是在连番绝顶后台阶跃升才得以迎来的非常强绝顶，却还未及那反复寸止累积的究极程度。
2193,action_part_a_orgasm_strong_A,0,CVP_A2_T|127_E_1,数不清的绝顶一次次叠加之后，{TargetName}那匀称圆润的臀部深处仿佛被拔高了一整个敏感的台阶，一记远超以往的强烈绝顶如惊雷般炸响。\n{anal}剧烈而失控地连续绞缩痉挛，一圈圈疯狂地收缩翕张，将那股汹涌到无法压制的快感一浪高过一浪地推向顶点。\n适中而富有弹性的臀肉随着每一次深度抽搐而剧烈弹跳，柔韧的臀瓣紧绷得发颤，随后又无力地松软下来。\n她眼神涣散，浑身战栗，理智几乎被这远胜寻常的绝顶彻底冲垮，大量肠液从抽搐不止的{anal}里滚滚淌出，甚至伴着小幅的喷涌。\n这场剧烈到令她失神的强绝顶，正是连续绝顶后敏感度攀升所换来的非常强烈的巅峰，比普通绝顶猛烈太多，却仍未抵达超强绝顶那般极致。
2194,action_part_a_orgasm_strong_A,0,CVP_A2_T|127_E_1,一次又一次的绝顶不停歇地累积着，终于将{TargetName}那处后穴的敏感推上了一个崭新的台阶，一场远比平日凶猛的强烈绝顶骤然爆发。\n{anal}毫无预兆地剧烈痉挛，疯狂地绞紧又翕张，那股灭顶般的快感如潮水般漫过她圆润饱满而富有弹性的臀部。\n形状匀称的臀肉在剧烈的颤动中一下下弹动变形，恰到好处的柔软与韧劲随着{anal}的抽搐反复交替。\n她失神地颤栗着，意识几乎被这股远超普通绝顶的强烈冲击卷走，大量温热的肠液自{anal}深处不受控制地涌出，甚至微微喷溅而出。\n这正是在该处连番绝顶后敏感度跃升才迎来的非常强的一次绝顶，剧烈得令她濒临失控，却还留有一线未到超强绝顶那种极致巅峰的余地。

2195,action_part_a_orgasm_strong_A,0,CVP_A2_T|128_E_1,随着一波远超以往的极致快感猛然贯穿，{TargetName}丰腴硕大的巨臀骤然剧烈颤动起来，{anal}在连续多次绝顶后敏感度攀上了新的台阶，此刻迎来一场非同寻常的强烈绝顶。\n那两团惊人饱满的臀肉如波涛般层层震荡翻涌，{anal}疯狂地收缩绞紧，一股股温热的肠液从深处汹涌溢出，甚至带着小幅的喷溅。\n这股强度远远盖过了普通绝顶，却还未到那种被反复逼停后累积爆发的极致，她几乎被这陡然拔高的快感冲得失神，丰满的躯体在颤栗中彻底沦陷。
2196,action_part_a_orgasm_strong_A,0,CVP_A2_T|128_E_1,{anal}猛然绞紧到极致，{TargetName}在这一部位接连高潮无数次后，敏感度陡然跃升一层，随即被一记远比寻常更凶猛的绝顶狠狠贯穿。\n她那异常丰满的巨臀剧烈地波动摇晃，硕大的臀瓣一下下弹颤震荡，饱满的臀肉泛起一圈圈令人目眩的肉浪。\n{anal}一阵阵深深地痉挛翻搅，大量黏腻的肠液顺着痉挛不受控制地涌流而出，隐隐还夹着几分小幅的喷溢。\n这股强烈到几乎冲垮意识的快感远胜从前任何一次普通绝顶，她整个人在失神的战栗里再也无力自持。
2197,action_part_a_orgasm_strong_A,0,CVP_A2_T|128_E_1,积攒已久的快感终于在这一刻彻底爆开，{TargetName}的{anal}在多番连续绝顶后跨上了全新的敏感台阶，迎来一场惊人强烈的绝顶狂潮。\n丰硕饱满的巨臀随之疯狂晃荡，两团沉甸甸的臀肉如浪般翻卷起伏，弹性十足地一波波震颤。\n{anal}剧烈而失控地连连收缩绞拧，滚烫的肠液大股大股地汩汩淌出，甚至小幅喷洒开来。\n那份远超普通绝顶的猛烈冲击令她双眼失神，丰腴的身子止不住地剧烈颤栗，却仍未达到反复被逼停后爆发的极致。
2198,action_part_a_orgasm_strong_A,0,CVP_A2_T|128_E_1,一股前所未有的强烈快感如洪流般席卷全身，{TargetName}的{anal}在反复绝顶多次后感度攀升，此刻绽放出远比往常凶猛的强绝顶。\n她那对丰满得惊人的巨臀剧烈震荡颤抖，硕大的臀丘随着每一次痉挛翻起层层肉浪，饱满圆润的臀肉弹动不休。\n{anal}深处一阵接一阵地猛烈抽搐绞缩，浓稠温热的肠液成股涌溢，隐约伴着小幅喷出。\n这份灭顶般的强烈快感几乎将她的意识冲得七零八落，丰腴躯体在极致的颤栗中彻底失守。
2199,action_part_a_orgasm_strong_A,0,CVP_A2_T|128_E_1,{TargetName}的{anal}在这一处连绵不断地绝顶多回后，敏感度悄然登上更高一阶，随即被一场远胜寻常的强烈绝顶彻底淹没。\n她那异常硕大丰盈的巨臀猛烈地摇颤起伏，饱满的臀瓣一下下剧烈弹跳，翻涌出令人眼花的肉浪。\n{anal}疯狂地收缩翕张，一波波温热的肠液从深处大量奔涌而出，甚至微微喷溅四散。\n这股强度远远压过普通绝顶的极致快意令她神魂俱颤，几近被冲垮的意识里只余无边的战栗与失神。

2200,action_part_a_orgasm_strong_A,0,high_1,连续攀上绝顶太多次之后，{TargetName}那一处的敏感度终于跨上了一个崭新的台阶，这一回汹涌袭来的绝顶远比寻常剧烈得多。\n{anal}猛然剧烈地痉挛起来，一波强过一波地深深绞缩翕张，牵得整具娇躯不受控制地弓起又瘫软下去。\n积攒到极点的快感在这一刹那彻底爆裂开来，少女失神地颤栗着，意识几乎被这股远超以往的强烈绝顶冲得支离破碎。\n大量温热的肠液顺着不住抽搐的{anal}汹涌淌落，甚至随着一次深绞小幅地喷溅而出，将{SceneName}里染出一片淫靡的水光。
2201,action_part_a_orgasm_strong_A,0,high_1,在同一处连番迎来了许多次绝顶之后，{TargetName}的{anal}被快感反复淬炼得敏锐了一个层次，这一次的高潮陡然拔高到骇人的强度。\n远胜从前的绝顶巨浪轰然撞进身体，娇小的躯体剧烈战栗，腰肢深深弓起又无力垮塌下来。\n{anal}疯狂地一缩一张，深处翻涌的极致快意几乎将她的神志冲垮，只留下不断颤抖的失神模样。\n伴随着一阵阵剧烈绞缩，浓稠的肠液大股大股地涌出，甚至被绞得小幅喷射，淋漓地宣告着这场远比普通绝顶猛烈的强绝顶。
2202,action_part_a_orgasm_strong_A,0,high_1,一次又一次的绝顶把{TargetName}这一处推上了全新的敏感台阶，这一回来临的绝顶已不是寻常绝顶所能相比的了。\n积蓄多时的滔天快感终于在此刻决堤，{anal}剧烈而失控地连连痉挛绞紧，逼得少女整个人绷紧又瘫软。\n她双眼失神地颤栗，喉间溢出破碎的气音，意识在这股超乎往常的强烈冲击下几近被冲散。\n{anal}深处翻搅出大量温热黏腻的肠液，随着猛烈的收缩不住淌溢、甚至小幅喷洒，在{SceneName}中留下一片狼藉的湿痕。
2203,action_part_a_orgasm_strong_A,0,high_1,被同一处的绝顶反复冲刷过许多轮之后，{TargetName}的{anal}敏感度陡然攀上了一个新的高度，随之而来的是一场格外猛烈的强绝顶。\n那股远超普通绝顶的快感狂潮席卷全身，令她娇躯剧烈痉挛、腰背反复深深弓起。\n{anal}不受控制地疯狂绞缩翕张，将积攒到顶的快意一股脑地宣泄出来，少女失神战栗，几乎抓不住自己的意识。\n大量肠液顺着痉挛的{anal}汹涌流泻，甚至随绞紧而小幅喷出，浓烈的淫靡气息在{SceneName}里弥漫开来。
2204,action_part_a_orgasm_strong_A,0,high_1,连续不断的绝顶将{TargetName}那处的快感一路推高，敏感度终于迈上崭新的台阶，这次的绝顶强得几乎叫她招架不住。\n{anal}猛烈地连续抽搐绞紧，深处爆开的极致快感如惊涛般一浪接一浪地拍打着神经。\n娇嫩的身躯剧烈颤栗、腰肢深弓，意识被这远胜以往的强烈高潮冲击得摇摇欲坠、几近溃散。\n温热的肠液大量地从翕动的{anal}中涌淌而出，甚至被绞得小幅喷溅，把这场汹涌澎湃的强绝顶渲染得淋漓尽致。

2205,action_part_a_orgasm_strong_A,0,t_npc_active_h,一直主动跨坐在{Name}身上掌控节奏的{TargetName}忽然仰起脖颈，自己起伏耸动的娇躯骤然一僵，{anal}毫无预兆地剧烈痉挛绞缩起来。\n这是她在这处连续攀上绝顶好多次之后，敏感度陡然拔高一个台阶所迎来的强烈绝顶，其汹涌程度远远盖过了先前那几次普通的绝顶。\n她那双原本强势按着{Name}的手霎时失了力道，主导一切的从容被彻底冲散，{anal}一圈圈疯狂收束翕张，大量温热的肠液顺着股缝汩汩涌淌，甚至夹着几缕小幅的喷溅。\n强绝顶的巨浪几乎将她的神志冲垮，失神战栗的身子在{SceneName}中不住地抽搐颤动。
2206,action_part_a_orgasm_strong_A,0,t_npc_active_h,由{TargetName}亲自掌握主动权的这场情事里，她自己扭动腰肢加快了律动，却在某一下猛地深深坐落时浑身剧震，{anal}猝然爆发出一阵极其强烈的绝顶收缩。\n连续多次绝顶早已把这里的敏感度顶上了新的高度，这一回的快感峰值凶猛得远超寻常，将她整个人狠狠掀翻。\n{anal}失控地连番痉挛翕合，成股的肠液被挤压得夺腔而出，顺着颤抖的大腿内侧淌落，还伴着几下小幅的喷溢。\n她主动服务时那副游刃有余的媚态彻底破碎，只余下几乎被冲垮的失神与止不住的娇颤。
2207,action_part_a_orgasm_strong_A,0,t_npc_active_h,{TargetName}俯身贴着{Name}主动摆送着丰润的臀，节奏由她一手拿捏，可就在她自己动得最欢时，{anal}骤然绷成一片，猛地迎来一场远比普通绝顶更凶的强绝顶。\n那是在同一处接连高潮多次后、敏感度被生生拔高一级才能触及的烈度，快感如决堤般将她整个人淹没。\n{anal}一下下不受控地深缩又翕张，大量温热的肠液被绞挤着涌流而下，甚至小幅地喷出几缕，浇得交合处一片泥泞。\n这一刻她原本主导的从容尽数崩塌，娇躯在几近失神的战栗里剧烈颤抖。
2208,action_part_a_orgasm_strong_A,0,t_npc_active_h,掌握着全部主动的{TargetName}正忘情地自己耸动，忽然娇吟一声僵在半途，{anal}毫无征兆地剧烈抽搐绞紧，一场强度陡增的绝顶将她整个人贯穿。\n连续绝顶太多次后，这里的敏感度早已迈上一个新的台阶，此刻积攒到顶的快感终于轰然炸开，凶猛得叫她再也维持不住主导者的姿态。\n{anal}疯狂地收束又张合，成股的肠液顺着痉挛的股间奔涌流泻，还夹带几下小幅的喷溅。\n她失神地仰着头，几乎被这远超以往的强绝顶彻底冲垮了意识。
2209,action_part_a_orgasm_strong_A,0,t_npc_active_h,这场由{TargetName}亲自主导的欢爱临近尾声，她自己加快了坐弄的频率，却在某一瞬浑身剧颤，{anal}陡然爆发出一波极强的绝顶痉挛。\n这一次的绝顶明显不同于先前那些——在此处一连绝顶数回、敏感度节节攀升之后，它以远超普通绝顶的烈度轰然降临。\n{anal}失控地连连绞缩翕合，被挤出的大量肠液顺着颤栗的腿根涔涔滑落，甚至溅出几缕细流。\n主动权虽在她手中，可这强绝顶的巨浪仍将她冲得神魂涣散，娇躯在{SceneName}里不停地打颤。

2210,action_part_a_orgasm_strong_A,0,group_sex_mode_on&CVP_A2_A|34_LE_4,在{SceneName}里众多女性的注视之下，{TargetName}的{anal}猝然迎来了一次远比寻常绝顶更加猛烈的强绝顶。\n那处早已在连番冲上高峰后被磨得敏感异常，此刻积攒到极致的快感一齐炸裂开来，整具娇躯剧烈地痉挛颤栗，神志几乎被这股冲击彻底冲垮。\n她死死咬住下唇不肯泄出半点声音，一条手臂胡乱遮住通红的脸颊，另一只手拼命想去掩住羞处，却怎么也压不住那一阵接一阵的失控抽搐。\n{anal}深处翻涌着大量温热的肠液，顺着股缝汩汩溢流，羞得她在这么多同伴面前恨不得当场钻进地缝里去。
2211,action_part_a_orgasm_strong_A,0,group_sex_mode_on&CVP_A2_A|34_LE_4,一次强度远超普通绝顶的强绝顶毫无预兆地贯穿了{TargetName}的身体，那处在反复攀顶之后敏感度陡然跃升了一整个台阶，如今才会被逼出这般凶猛的高潮。\n{anal}不受控制地疯狂绞缩翕张，牵得她腰肢深深弓起又骤然瘫软，四肢失神地颤抖乱蹬，眼看就要在快感里丢了魂。\n可就在这失控的巅峰上，她仍死死记着{SceneName}里那一道道好奇的目光，慌忙侧过身子背对众人，蜷起身体拿手肘死死夹住腿间，试图把这不堪的一幕遮掩过去。\n大股肠液自{anal}汹涌淌落，她红着脸把头埋得更低，羞耻与快感交织着令她整个人都在细细发抖。
2212,action_part_a_orgasm_strong_A,0,group_sex_mode_on&CVP_A2_A|34_LE_4,连续多次的绝顶早已把{TargetName}的{anal}调教得敏感得可怕，这一回积蓄够了的快感终于化作一场凶猛的强绝顶轰然引爆。\n那处剧烈而不受控制地连连抽搐收缩，逼得她全身肌肉紧绷战栗，腰腹反复深弓，双腿失控地蹬颤，失神的模样远非寻常绝顶可比。\n身处这么多女性之间，她羞得几乎无地自容，硬是把翻涌到喉头的呻吟死死咽了回去，只从鼻腔漏出细碎的闷哼，一只手死命拉着遮挡想盖住不断痉挛的下身。\n温热的肠液大量涌出{anal}甚至小幅喷溅出来，浓重的羞耻感压在她心口，让她在极致的失控中愈发想把自己缩成一团。
2213,action_part_a_orgasm_strong_A,0,group_sex_mode_on&CVP_A2_A|34_LE_4,比普通绝顶要强烈得多的一波高潮猝不及防地攫住了{TargetName}，那是{anal}在一次次攀顶之后敏感度更上一层，方才迎来的非常强的绝顶。\n她整个人在剧烈的快感中失神颤栗，{anal}疯狂地一缩一张，腰身弓成满弓又软塌下去，脚趾死死抠紧，就连指尖也在无力地痉挛。\n即便被这样的巨浪掀翻，她仍时刻惦记着{SceneName}中其余同伴的存在，涨红着脸紧紧并拢双膝，用垂落的发丝和手掌把泛滥的交合之处遮得严严实实。\n大量肠液顺着{anal}边缘不住地淌出，她越是想掩藏，那副强忍着不出声却止不住颤栗的模样就越发惹人怜。
2214,action_part_a_orgasm_strong_A,0,group_sex_mode_on&CVP_A2_A|34_LE_4,{TargetName}的{anal}在数度绝顶后敏感得如同烧红了一般，此刻蓄满的快感一齐迸发，掀起了一场远胜以往的强绝顶。\n那处剧烈痉挛得几乎失控，一波接一波的绞缩逼得她浑身抽搐、腰肢乱颤，几近被快感冲得神魂俱散。\n然而在这{SceneName}里满是女性目光的场合，她仍羞怯得厉害，慌乱地把脸别向一旁，压低身子蜷缩起来，双手交叠死死捂住不停收缩痉挛的私处，生怕被旁人瞧了个真切。\n翻涌的肠液自{anal}大量溢流而下，她把嘴唇咬得发白强忍着不肯出声，那副既承受着极致快感又拼命维持体面的模样显得格外淫靡而可怜。

2215,action_part_a_orgasm_strong_A,0,group_sex_mode_on&CVP_A2_A|34_G_4,连续的绝顶早已将{anal}的敏感推上了一个全新的台阶，此刻积攒到极致的快感终于一齐炸开，{TargetName}那具身子猛地弓成一张满弓。\n{anal}剧烈地痉挛绞缩着，一波远超以往的强烈绝顶将她整个人冲得几乎失神，大量温热的肠液顺着抽搐的缝隙汩汩涌出，甚至小幅地喷溅了几分。\n她非但没有丝毫遮掩，反而故意将绝顶中战栗的胴体转向周围的其他女性，把{anal}失控绝顶的模样毫不保留地展示给众人观看。\n在{SceneName}里，被无数道目光注视着达到强绝顶的她，眼角眉梢都写满了炫耀般的得意与迷醉。
2216,action_part_a_orgasm_strong_A,0,group_sex_mode_on&CVP_A2_A|34_G_4,这已是{anal}连番绝顶后敏感度攀升所迎来的强烈一波，比寻常的绝顶要凶猛太多，{TargetName}的意识几乎被这股快感彻底冲垮。\n{anal}一下下不受控制地深深收缩又翕张，浓稠的肠液大量地涌淌而出，她整个人在剧烈的颤栗中放荡地挺起腰肢。\n面对着{SceneName}中其他女性艳羡的视线，她刻意将绝顶抽搐的下身高高抬起，大方地把这一幕淫靡的失控光景呈现在所有人眼前。\n那份被人围观着强烈绝顶的羞耻，反倒化成了更浓烈的兴奋，令她在众目睽睽下爽得神魂颠倒。
2217,action_part_a_orgasm_strong_A,0,group_sex_mode_on&CVP_A2_A|34_G_4,多次连续的绝顶让{anal}的快感登上了全新的顶点，这一次的绝顶来得又深又猛，远非普通绝顶可以相提并论，{TargetName}被冲得浑身失神颤栗。\n{anal}疯狂地痉挛着，一股股滚烫的肠液止不住地泛涌出来，她却毫不介意地将双腿大张，把这处失禁般涌液的部位坦荡地朝向旁人。\n在{SceneName}中，她甚至在强绝顶的余韵里对着其他女性露出了得意的浅笑，仿佛在向众人炫耀只有自己才能享受到的这份极致快感。\n被注视的快意与绝顶的强烈交织，令她愈发沉溺其中。
2218,action_part_a_orgasm_strong_A,0,group_sex_mode_on&CVP_A2_A|34_G_4,敏感度已然跃上一层的{anal}猝然迎来一场远胜以往的强烈绝顶，积攒已久的快感倾泻而下，{TargetName}被这灭顶般的爽意冲得几近失神。\n{anal}剧烈而失控地一阵阵绞缩，大量肠液伴着抽搐汩汩流溢，甚至小小地喷出了一线，她非但不遮，反而主动挺胸抬臀向四周的女性展示。\n置身{SceneName}，她享受着每一道注视的目光，故意放浪地拱起腰身，让所有人都能看清她因强绝顶而彻底失控的淫态。\n那被围观的刺激令她的绝顶来得更凶更烈。
2219,action_part_a_orgasm_strong_A,0,group_sex_mode_on&CVP_A2_A|34_G_4,这是{anal}连续绝顶多回后敏感陡增所换来的一记超强烈的绝顶，比平日的绝顶要剧烈数倍，{TargetName}整个人在这股洪流里失神颤抖。\n{anal}不听使唤地连连收紧又松开，温热黏腻的肠液大量地涌流而下，她放荡地将绝顶战栗的身子转向众人，毫不掩饰这份失控。\n在{SceneName}的众多女性面前，她把{anal}绝顶抽搐的模样当作可供炫耀的资本，眉眼间尽是被注视时的沉醉与骄矜。\n那份展示欲与极致快感彼此助燃，让她爽得几乎不能自已。

2220,action_part_a_orgasm_strong_A,0,h_in_love_hotel,在爱情旅馆这间只属于二人的私密房间里，{TargetName}那具早被快感浸透的娇躯猛地绷成一张满弓。\n{anal}在接连多次绝顶之后已敏感得不像话，此刻又被狠狠推上了一个远比从前剧烈的顶点。\n这一次早已不是寻常那种克制的收缩，而是敏感度攀上新台阶后迎来的极强高潮，一波接一波的酥爽险些将她的意识整个冲垮。\n伴着房内暧昧的灯光与隐约的靡靡乐声，{anal}疯狂地翕张绞缩，大量温热的肠液止不住地汩汩涌出，甚至带起小幅的喷溅，把这场发生在爱情旅馆里的强烈绝顶渲染得淋漓尽致。
2221,action_part_a_orgasm_strong_A,0,h_in_love_hotel,房门一关，爱情旅馆便成了外界窥探不到的隐秘天地，{TargetName}就在这方私密空间里迎来了又一场汹涌的绝顶。\n连续数度攀顶之后，{anal}的敏感被彻底拔高到一个崭新的层次，积攒已久的快感在这一刻轰然炸开。\n她整个人剧烈地痉挛颤抖着，远远超出了普通绝顶所能有的烈度，却还未到那种靠反复寸止累积出来的极致地步。\n映着天花板镜面里两人交叠的身影，{anal}一下下疯狂绞缩翕张，滚烫的肠液大股大股地淌落，将这间爱情旅馆房间里的空气都染上了淫靡的气息。
2222,action_part_a_orgasm_strong_A,0,h_in_love_hotel,在这间弥漫着甜腻香氛的爱情旅馆房间中，{TargetName}被一浪高过一浪的快感推着，终于冲上了那道格外凶猛的绝顶。\n先前她已在同一处一次次攀顶，{anal}的感度就此拔高了一整个台阶，如今这一记高潮比过往任何一次普通绝顶都要来得猛烈。\n她失神地颤栗着，几乎被这股远超以往的爽意夺去了所有神智。\n随着房间里暧昧红光的明灭，{anal}狂乱地收缩绞紧，大量黏热的肠液不受控地奔涌而出，隐隐还伴着一线喷溅，为这场旅馆里的私密狂欢添上浓墨重彩的一笔。
2223,action_part_a_orgasm_strong_A,0,h_in_love_hotel,爱情旅馆柔软宽大的空间将一切声响都温柔地包裹起来，{TargetName}就在这里被推向了一场极强的绝顶。\n在此之前，{anal}已连着高潮过太多回，敏感度节节攀升到一个全新的高度，这一次的爆发因此比寻常绝顶要强上数倍。\n她的身子失控地绷紧又瘫软，意识在这股滔天的爽意里几乎被冲得一干二净。\n伴着房内低回的暧昧乐音，{anal}疯狂地一缩一张，温热的肠液成股涌落甚至小幅溅出，把这间爱情旅馆私室里的旖旎渲染到了极致。
2224,action_part_a_orgasm_strong_A,0,h_in_love_hotel,借着爱情旅馆房间里那抹朦胧暧昧的灯色，{TargetName}的娇躯被一记远比往常凶猛的绝顶彻底攫住。\n多番连续攀顶之后，{anal}的敏感已被抬升到从未有过的台阶，这场高潮的强度因此远远盖过了先前的每一次普通绝顶。\n她浑身剧烈战栗，神智在铺天盖地的快感中摇摇欲坠，几近失守。\n镜面天花板将她失控的媚态尽数映出，{anal}狂野地绞缩痉挛，大量灼热的肠液喷涌似地流泻而下，把这场专属于二人的旅馆密会推向了淫靡的顶峰。

2225,action_part_a_orgasm_strong_A,0,CVP_A2_T|102_E_1,小小的{TargetName}身子猛地绷紧又骤然痉挛起来，稚嫩的{anal}在一波接一波节节攀升的敏感浪潮里终于被送上了一个前所未有的高点。\n这早已不是最初那点轻浅的酥麻，一次又一次的绝顶叠加着，让这具幼小的躯体的敏感彻底跃上了新的台阶，此刻那股强烈到近乎失控的快感狠狠贯穿了她瘦小的四肢百骸。\n{anal}剧烈地收缩绞紧，稀薄的肠液顺着窄小的缝隙汩汩涌出，甚至带出几分细小的喷溅，圆润的小脸涨得通红，眼神涣散无助，稚气的身躯止不住地一阵阵痉挛颤抖，仿佛完全不明白自己小小的身体为何会被这股汹涌的快感冲击得七零八落。
2226,action_part_a_orgasm_strong_A,0,CVP_A2_T|102_E_1,{TargetName}幼小的躯体骤然绷成一张紧弓，随即又剧烈痉挛着瘫软下去，稚嫩的{anal}猛地收窄绞紧，将连续绝顶累积起来的敏感度尽数引爆成这一记远比往常更凶猛的绝顶。\n小小的肩膀不停地耸动战栗，纤细的手指胡乱地蜷缩抓挠，圆滚滚的眼睛里蒙上一层水雾，完全失了神采。\n{anal}深处涌出的肠液已比先前多了许多，甚至夹杂着细碎的溅射声，稚气未脱的小脸涨红成一片，嘴巴张张合合却发不出完整的声音，幼小的身体在这股强烈到几乎失控的绝顶里瑟瑟发抖，久久无法平息。
2227,action_part_a_orgasm_strong_A,0,CVP_A2_T|102_E_1,一阵远超以往任何一次的强烈冲击骤然贯穿{TargetName}幼小的躯体，{anal}在接连绝顶累积出的高敏感之下猛地痉挛绞紧，掀起一场剧烈到近乎失控的绝顶风暴。\n瘦小的腰肢反复深深弓起又颓然瘫软，纤细的双腿控制不住地乱蹬踢动，圆嫩的脚趾也跟着痉挛蜷曲起来。\n{anal}一波接一波不受控制地翕张收缩，大量稀薄的肠液汩汩涌出甚至带出小幅的喷溅，稚嫩的脸蛋涨得通红，眼神彻底涣散失焦，幼小的身躯在这股空前强烈的绝顶浪潮里剧烈颤栗，仿佛完全承受不住这股突如其来的猛烈冲击。
2228,action_part_a_orgasm_strong_A,0,CVP_A2_T|102_E_1,{TargetName}稚嫩的身子猛然绷紧成一道僵直的弧线，紧跟着又剧烈痉挛着塌软下去，{anal}在敏感度悄然攀升一个台阶后终于迎来了一记远胜从前的强烈绝顶。\n幼小的四肢彻底失控地颤抖乱蹬，圆润的小手死死攥紧了身边能摸到的东西，指节泛得发白。\n{anal}不断猛烈绞缩翕张，涌出的肠液比往常汹涌数倍，甚至溅出细小的水花，稚气的脸庞涨红一片，泪水在眼眶里打着转，幼小懵懂的身躯完全被这股陌生而剧烈的快感冲击得七零八落，只余下一阵接一阵止不住的战栗。
2229,action_part_a_orgasm_strong_A,0,CVP_A2_T|102_E_1,猛地一阵剧烈痉挛贯穿了{TargetName}娇小的身躯，{anal}在连续绝顶叠加而成的高敏感状态下骤然收紧绞缩，将积攒已久的快感一举推上了一个远比普通绝顶更凶猛的高点。\n稚嫩的腰背反复弓起又瘫软下去，细瘦的双腿不由自主地绷直又抽搐，脚尖蜷缩成一团。\n{anal}持续不断地剧烈痉挛翕张，肠液大股大股地涌出甚至带着轻微的喷溅声，圆嘟嘟的小脸涨得绯红，稚气的双眼失神地涣散着，幼小的身体在这股狂烈的绝顶冲击下瑟瑟发抖，久久说不出一句完整的话。

2230,action_part_a_orgasm_strong_A,0,h_in_bathroom,氤氲的水汽将{TargetName}整个人笼罩，湿滑的肌肤上淌着一道道温热的水流，就在这蒸腾的雾气里，连番不断的绝顶已把她的{anal}逼上了一个全新的敏感台阶。\n这一次汹涌而至的高潮远比先前任何一次都要凶猛剧烈，{anal}猛地绞紧又一阵阵疯狂痉挛，一股远超寻常的强烈快意直冲头顶，令她几乎当场失神。\n大量温热的肠液顺着湿漉漉的股缝汩汩涌出，混进流淌的水珠里，被氤氲的热气与水声一同裹挟。\n她湿透的腰肢在水雾中猛地弓起又无力瘫软，颤栗的娇躯被浴室里回荡的水声与破碎喘息层层缠绕。
2231,action_part_a_orgasm_strong_A,0,h_in_bathroom,蒸汽弥漫的浴室里，{TargetName}浑身湿淋淋地绷紧，早已连续攀顶数回的{anal}此刻敏感得像是被点着了一般。\n随着又一波远比普通绝顶更加狂暴的高潮轰然砸落，{anal}失控地连连抽搐绞缩，那股陌生而剧烈的快感狠狠碾过她的神志，叫她意识几乎被彻底冲垮。\n一股股滚烫的肠液伴着高潮的节拍涌溢出来，顺着被热水浇透的大腿内侧淌下，与花洒的水流搅作一片。\n她仰起脖颈发出无声的战栗，水珠从下巴滴落，湿滑的脊背在缭绕的白雾中反复弓起，整个人陷进这场强烈得让她失神的绝顶里。
2232,action_part_a_orgasm_strong_A,0,h_in_bathroom,热气腾腾的水汽把{TargetName}裹得密不透风，湿润的肌肤泛着水光，一次次的绝顶早已让她的{anal}跃升到一个前所未有的敏感高度。\n这一回来袭的绝顶强得惊人，{anal}猛烈而不受控地一波波深深绞紧，铺天盖地的快意几乎要将她整个人吞没，远非从前那种寻常高潮可比。\n汹涌的肠液被这强烈的痉挛挤压出来，大量淌落在湿滑的地面，转瞬便被四溅的水花冲散。\n她湿透的身子止不住地打着寒颤，凌乱的呼吸混着回荡的水声，在氤氲的浴室里泄露出这场剧烈绝顶的全部失控。
2233,action_part_a_orgasm_strong_A,0,h_in_bathroom,浴室里水雾缭绕，{TargetName}被热水冲刷得浑身湿透，连续多次的高潮已把她的{anal}磨得敏感到了一个崭新的层次。\n此刻迎来的这场绝顶凶猛得远超以往，{anal}疯狂地收缩又骤然翕张，一股强烈到近乎撕裂神志的快感狠狠贯穿她全身，逼得她眼神涣散、几近失神。\n浓稠的肠液随着剧烈的抽搐大量溢出，甚至小幅喷溅而出，混着淋漓的水珠糊满了她湿滑的股间。\n她的腰在氤氲雾气中深深塌陷又猛地拱起，颤抖的娇躯与哗哗水声交织，将这场强烈绝顶烙进弥漫的水汽中。
2234,action_part_a_orgasm_strong_A,0,h_in_bathroom,氲氤热雾把整间浴室填得满满当当，{TargetName}湿漉漉的躯体不住轻颤，屡屡登顶后她的{anal}早已敏感得攀上了新的台阶。\n随之而来的这场绝顶远比寻常凶狠，{anal}剧烈地一下下抽紧绞缩，翻涌的强烈快意如潮水般将她整个意识几乎冲垮，令她只能在雾中战栗着承受。\n大股大股温热的肠液顺着湿滑的臀缝汩汩流泻，与不断浇落的热水汇成一道道蜿蜒的水痕。\n她湿透的十指痉挛般蜷起，脊背在弥漫的水汽里绷成弓形又骤然软塌，急促的喘息淹没在浴室回荡不去的潺潺水声之中。

2235,action_part_a_orgasm_strong_A,0,hidden_sex_mode_1&place_someone_not_in_hidden_and_conscious,就在{SceneName}这般众目睽睽的场合里，{TargetName}强撑着一张若无其事的脸孔，可她的身子早已一连攀过太多次高峰，{anal}的敏感被硬生生顶上了一个全新的台阶。\n积攒到极致的快感在这一刻轰然炸裂，一场远比寻常绝顶更凶猛的强绝顶将她整个人卷走，{anal}发疯般地绞缩抽搐，大股温热的肠液止不住地汹涌淌出，甚至被挤得小幅喷溅而出。\n她拼命抿紧唇不敢发出半点动静，指尖掐得泛白，可失控的颤栗仍从腰腿一路窜起，几道怀疑的视线正若有若无地扫来，却谁也抓不住确凿的把柄，那份险些败露的紧绷更把这场偷偷进行的强绝顶烧得愈发滚烫。
2236,action_part_a_orgasm_strong_A,0,hidden_sex_mode_1&place_someone_not_in_hidden_and_conscious,明明四下里还有旁人来往，{TargetName}却只能靠着一点视线的遮挡死死掩着下身，将这早已濒临失守的{anal}藏在众人眼皮底下。\n连番的绝顶把她的感度不断推高，如今这一次骤然降临的强绝顶远比之前任何一回都要凶猛剧烈，{anal}一波接一波地深深绞紧又猛地翕张，浓稠的肠液被搅得大量涌落。\n她整张脸涨得通红，脑子里嗡的一声几乎被这股快感冲得空白，却还要强扮镇定不敢乱动，只有微微发抖的双腿和骤然急促的鼻息泄露着异样，惹得周遭有人狐疑地多看了两眼，偏偏又寻不出丝毫破绽，这份提心吊胆的隐秘感让强绝顶来得更加汹涌难当。
2237,action_part_a_orgasm_strong_A,0,hidden_sex_mode_1&place_someone_not_in_hidden_and_conscious,在人来人往的{SceneName}，{TargetName}和{Name}谁都没把这场偷欢挑明，全凭彼此身形和视线的巧妙遮挡勉强遮掩着。\n可她那被反复送上顶峰的{anal}早已敏感得再无退路，这一记攒够了火候的强绝顶轰然掀翻了她的理智，{anal}剧烈而不受控地连连抽搐绞缩，大量温热的肠液被逼得咕溜溜地涌出，还带着一小股喷洒。\n她死死绷住不敢叫出声，腰身却情不自禁地弓起又瘫软，眼神一瞬间失了焦，虽极力维持着表面的平静，旁边投来的那几缕探究目光仍叫她心跳如擂，越是怕被发现，那股强绝顶的快意就越是烧得她浑身战栗。
2238,action_part_a_orgasm_strong_A,0,hidden_sex_mode_1&place_someone_not_in_hidden_and_conscious,周围分明还有旁人，{TargetName}却在{Name}身边强忍着不动声色，仅靠一点角度的遮挡把濒临崩溃的{anal}藏得严严实实。\n一连串绝顶早把她的敏感顶上了新的高度，这场终于攒足的强绝顶比以往任何一次都要来得猛烈，{anal}疯狂地痉挛收缩，一股股滚烫的肠液再也憋不住地大量淌泄，甚至被绞挤得小幅溅出。\n她咬着下唇把呻吟死死压回喉咙，可绷紧又发颤的身子怎么也藏不住，几个路过的人隐约察觉到了什么，却谁也说不清到底哪里不对，这种游走在暴露边缘的刺激让她的强绝顶愈发失控地翻涌。
2239,action_part_a_orgasm_strong_A,0,hidden_sex_mode_1&place_someone_not_in_hidden_and_conscious,就在这半公开的{SceneName}里，{TargetName}表面上装得跟没事人一般，实则那具身子早已在一次次绝顶的累加中把{anal}的感度推到了从未有过的地步。\n此刻迎来的强绝顶远远盖过了寻常的高潮，{anal}不受控制地剧烈绞紧翕张，大团黏热的肠液被挤压得汹涌溢流，隐隐还带着一线喷洒。\n她强撑着让脸上不露破绽，双腿却抖得几乎站不稳，急促的呼吸怎么压都压不匀，周遭那几道怀疑的视线让她提着一颗心，越是要装作若无其事，这场偷偷降临的强绝顶就越是把她冲得神魂失守。

2240,action_part_a_orgasm_strong_A,0,hidden_sex_mode_2&place_someone_not_in_hidden_and_conscious,{TargetName}死死躲藏在旁人视线照不到的角落，而不远处的{Name}却仍旧一脸若无其事地立在{SceneName}的敞亮处。\n就在这一刻，连续绝顶了太多次的{anal}猛地迎来了一次远比寻常更加猛烈的强绝顶，敏感度攀上了一个全新台阶的它疯狂地痉挛绞缩起来。\n那股积攒到极限的快感终于轰然炸开，剧烈得几乎要将她整个人冲垮，她拼了命地绷紧身子想把翻涌的颤栗压下去，唯恐惊动了周围那些隐隐察觉到异样的旁人。\n大量温热的肠液不受控制地汹涌溢出，{anal}一波接一波地失控收缩，而暴露在外的{Name}只是从容维持着表面的平静。
2241,action_part_a_orgasm_strong_A,0,hidden_sex_mode_2&place_someone_not_in_hidden_and_conscious,藏身于{SceneName}中他人绝对望不见的隐蔽处，{TargetName}强忍着不敢发出半点声响，而毫不遮掩地站在明处的{Name}正泰然自若地与旁人周旋。\n历经了一连串接踵而至的绝顶后，{anal}的敏感竟又硬生生拔高了一截，此刻一次凶猛异常的强绝顶轰然袭来，将她彻底淹没。\n{anal}疯狂而失控地连连抽搐绞紧，那股远超以往任何一次普通高潮的烈度令她几近失神，滚烫的肠液大股大股地涌淌而下。\n她死死咬牙把身体的剧烈震颤压在暗处，生怕那些似有所觉的人瞧出半点端倪。
2242,action_part_a_orgasm_strong_A,0,hidden_sex_mode_2&place_someone_not_in_hidden_and_conscious,{TargetName}把自己蜷缩进{SceneName}里旁人绝不会留意到的死角，而神色如常的{Name}就那样大大方方地暴露在众目之下。\n在这个部位一次又一次登顶之后，{anal}的敏感被推上了崭新的台阶，此刻积攒到顶点的快感一齐迸发，一场远比普通绝顶更加狂暴的强绝顶将她整个吞没。\n{anal}不受控制地剧烈翕张绞缩，失神的颤栗顺着脊背一路蔓延，大量肠液甚至带着小幅喷溅汹涌而出。\n她拼命压抑着几乎要泄出的娇喘，唯恐让那些隐约觉出不对劲的人察觉到这藏在暗处的失控。
2243,action_part_a_orgasm_strong_A,0,hidden_sex_mode_2&place_someone_not_in_hidden_and_conscious,躲在{SceneName}中谁也瞧不见的隐蔽死角里，{TargetName}绷紧全身死命隐忍，而暴露在光亮处的{Name}还在故作镇定地应付着旁人。\n接连不断的绝顶把{anal}的敏感彻底磨上了一个新的高度，紧接着一场汹涌得远超寻常的强绝顶轰然砸落，将她的意识冲得七零八落。\n{anal}疯狂地连连痉挛绞缩，剧烈得几乎失控，滚烫黏腻的肠液成股地喷涌溢淌，浸湿了一大片。\n她死死绷住每一寸肌肉不让颤抖泄露出去，唯恐惊扰了近旁那些隐隐生疑的人。
2244,action_part_a_orgasm_strong_A,0,hidden_sex_mode_2&place_someone_not_in_hidden_and_conscious,{TargetName}把身子严严实实地掩进{SceneName}里旁人望不到的角落，而站在外头的{Name}却一副事不关己的从容模样。\n在这个部位连番绝顶多次之后，{anal}的快感与敏感一同跃升到前所未有的台阶，此刻一场远比普通高潮猛烈得多的强绝顶骤然爆发。\n{anal}近乎失控地剧烈绞缩翻搅，一波接一波的痉挛让她几乎撑不住身子，大量温热的肠液伴着小幅喷溅奔涌而下。\n她拼死把这场排山倒海般的震颤憋在暗处，生怕让那些隐约察觉到异样的人识破了这场隐秘的高潮。

2245,action_part_a_orgasm_strong_A,0,hidden_sex_mode_3&place_someone_not_in_hidden_and_conscious,{TargetName}强装镇定地留在旁人环伺的{SceneName}中，脸上勉力维持着平静，藏在死角里的{Name}却让她的{anal}猝然攀上了远胜从前的强烈绝顶。\n那处在接连不断地绝顶了许多次之后，敏感度悄然跃上了一个全新的台阶，积蓄到顶点的快感轰然迸发，{anal}疯狂地翕张绞缩，大量滚烫的肠液止不住地涌淌而出，甚至小幅溅出。\n这股冲击远非寻常绝顶所能相比，几乎要将她的神志冲得七零八落，她只能咬紧牙关佯装无事，唯恐暗处的博士被近旁的人瞧出端倪。\n可那阵失控的颤栗仍在她身上留下了掩不住的破绽。
2246,action_part_a_orgasm_strong_A,0,hidden_sex_mode_3&place_someone_not_in_hidden_and_conscious,就在众目之下的{SceneName}里，{TargetName}努力扮着若无其事的样子，可躲在隐蔽处的动作却把她推上了一次非同小可的强绝顶。\n{anal}在反复绝顶多回后早已敏感得脱了胎，一层层堆叠的快感终于一齐决堤，{anal}不受控制地连连痉挛收紧，浓稠温热的肠液大股大股地淌落，几乎要漫出体外。\n远超普通绝顶的烈度让她几近失神，浑身止不住地战栗，她死死抿着唇不敢泄出半分声响，生怕近旁的人发觉那个藏在角落里的博士。\n然而骤然绷紧又瘫软的身子仍隐隐透出了几分反常。
2247,action_part_a_orgasm_strong_A,0,hidden_sex_mode_3&place_someone_not_in_hidden_and_conscious,{TargetName}在人来人往的{SceneName}中佯装镇定地做着自己的事，暗处的{Name}却令她的{anal}迎来了一场远比以往猛烈的强绝顶。\n那已被连续绝顶操练到敏感度攀升一档的甬道再也压不住汹涌的快感，{anal}疯狂地绞拧翕合，一波接一波的肠液温热而滂沱地溢流，甚至带出小幅的喷洒。\n这剧烈得近乎失控的绝顶险些将她的理智冲垮，她强忍着不让神色露馅，唯恐旁人循着蛛丝马迹寻到那个藏起来的博士。\n可她失神发颤的模样到底还是漏出了破绽。
2248,action_part_a_orgasm_strong_A,0,hidden_sex_mode_3&place_someone_not_in_hidden_and_conscious,四下皆是旁人的{SceneName}里，{TargetName}竭力维持着一副毫无异状的神情，可藏身暗角的博士还是把她送上了一次强烈得惊人的绝顶。\n接连绝顶数不清多少次后，那处的敏感度已跃升了一个层级，堆积到极致的快感骤然齐齐爆开，{anal}剧烈而失控地连番痉挛，大量温热黏腻的肠液喷涌般地流泻出来。\n这远胜寻常的强绝顶几乎冲垮了她的意识，她咬牙撑着不敢有丝毫松懈，只怕近旁的人窥破那个躲在暗处之人的存在。\n偏偏那阵抑不住的颤抖仍悄悄泄了底。
2249,action_part_a_orgasm_strong_A,0,hidden_sex_mode_3&place_someone_not_in_hidden_and_conscious,{TargetName}身处旁人环绕的{SceneName}，脸上强撑出一派安然，隐没在角落的{Name}却让她的{anal}攀上了远超从前的强烈绝顶。\n那被连绵绝顶反复冲刷过的敏感之处早已升上了新的台阶，压抑到顶的快感终于一泄如注，{anal}疯狂痉挛绞缩个不停，滚烫的肠液大量涌溢，甚至隐隐向外小幅喷淌。\n这份烈度远非普通绝顶可及，几乎将她的神魂冲得涣散，她死死忍住不敢发出异响，唯恐旁人察觉那藏于暗处的博士。\n然而失控战栗的躯体依旧留下了掩饰不尽的破绽。

2250,action_part_a_orgasm_strong_A,0,hidden_sex_mode_4&place_someone_not_in_hidden_and_conscious,就在{SceneName}里旁人看不见的隐蔽角落，{TargetName}死死咬住嘴唇，将一声险些冲出喉咙的浪叫硬生生咽了回去。\n这是连续多次绝顶之后，敏感度攀上新台阶所迎来的一场远比寻常更凶猛的强绝顶，{anal}疯狂地痉挛绞缩，快感如决堤般将她的意识几乎冲垮。\n她整个人抖得不成样子，却仍拼命压着腰腹不敢乱动，只因隔着障碍物的另一头似乎有人被这边的动静勾起了一丝察觉。\n大量温热的肠液从{anal}深处汹涌溢出，甚至小幅喷洒出来，而她只能失神颤栗着，把这场淫靡的绝顶死死藏在无人窥见的暗处。
2251,action_part_a_orgasm_strong_A,0,hidden_sex_mode_4&place_someone_not_in_hidden_and_conscious,在{SceneName}的隐蔽处，{Name}和{TargetName}紧紧躲在旁人视线之外，她仰起脖颈屏住呼吸，硬是不让自己发出半点声响。\n连番绝顶把{anal}的敏感磨得更上一层，这一次的强绝顶来势汹汹，远远盖过了先前任何一次普通的高潮，{anal}不受控制地连连抽搐收紧。\n她几乎要被这股灭顶般的快感掀翻理智，眼神涣散却仍强撑着绷紧四肢，生怕稍一松懈便惊动了近旁那些似有所觉的人。\n黏腻的肠液大量涌出濡湿了一片，她只能在失控的颤栗里无声承受这场必须藏起来的强烈绝顶。
2252,action_part_a_orgasm_strong_A,0,hidden_sex_mode_4&place_someone_not_in_hidden_and_conscious,藏在{SceneName}中别人瞧不见的死角里，{TargetName}把脸埋低，牙关紧咬，将快要溢出的呻吟统统吞进肚里。\n这是{anal}反复登顶后敏感度跃升一级才迎来的非常强的绝顶，狂潮般的快感一浪高过一浪，强度早已把寻常的绝顶远远甩开。\n{anal}剧烈而失控地一阵阵绞紧又翕张，她几乎快要失神，浑身止不住地打颤，却仍死命憋着不敢出声。\n只因不远处像是有人被这隐约的异样牵动投来了几分不明所以的注意，滚烫的肠液大量淌落之际，她只能咬紧牙把这份淫荡的极乐死死掩藏。
2253,action_part_a_orgasm_strong_A,0,hidden_sex_mode_4&place_someone_not_in_hidden_and_conscious,{SceneName}里，二人蜷缩在旁人看不到的僻静一隅，{TargetName}绷直了身子，用尽全力压抑着即将破喉而出的娇吟。\n连续数度绝顶之后，{anal}的快感被推上了一个全新的高度，这场骤然降临的强绝顶凶悍得令她几乎招架不住，意识几近被冲垮。\n{anal}一下下疯狂痉挛，敏感得连轻微的余波都能让她剧烈战栗，她慌乱地掩住口鼻，唯恐那边似有察觉的人循声寻来。\n大量肠液伴着这场失控的绝顶汩汩涌出，甚至微微喷溅，她在无声的颤抖里把这份见不得光的滔天快意悄悄藏好。
2254,action_part_a_orgasm_strong_A,0,hidden_sex_mode_4&place_someone_not_in_hidden_and_conscious,缩在{SceneName}一处无人窥探的暗影里，{TargetName}憋红了脸，死死绷着全身，把满溢的浪叫死死锁在喉咙深处。\n这是{anal}连番绝顶后敏感度陡然抬升所换来的一场极其猛烈的强绝顶，快感之强远非过往任何一次普通高潮可比。\n{anal}失控地反复绞缩抽搐，她眼神迷离几近失神，却仍拼命维持着不敢乱颤的姿态，只为不惊动附近那些似乎起了疑的旁人。\n黏热的肠液大股大股地流溢而出，而她只能在这场必须无声承受的强烈绝顶中颤栗着独吞这份藏在暗处的极致淫乐。

2255,action_part_a_orgasm_strong_A,0,exhibitionism_sex_mode_1,随时可能被人推开的房门就虚掩在不远处，{TargetName}的{anal}在一连串接连不断的绝顶之后，敏感度悄然攀上了一个全新的台阶。\n这一次涌来的绝顶远比先前任何一次都要凶猛剧烈，{anal}毫无节制地剧烈痉挛绞缩，将积攒到极限的滔天快感一股脑释放出来。\n那份门外随时会有人经过的紧张危机，非但没能压下这场绝顶，反倒让失控的快感成倍膨胀。\n意识在这远超普通绝顶的猛烈冲击中几乎被彻底冲垮，大量温热的肠液顺着痉挛的节律汩汩涌出，甚至小幅地喷溅了出来，无人的室内里这场见不得光的失控高潮裹挟着随时曝光的羞耻，将她整个人淹没。
2256,action_part_a_orgasm_strong_A,0,exhibitionism_sex_mode_1,透明的窗棂外人影或许随时掠过，{TargetName}却在这份紧绷的暴露感里迎来了{anal}连番绝顶后的又一次爆发。\n经历了太多次的连续高潮，那处的敏感早已被磨得高涨到了一个崭新的层次，这次的绝顶烈度陡然拔高，远非普通绝顶可比。\n{anal}疯狂地翕张收缩，一波接一波不受控制地深深绞紧又猛地松开，滚烫的肠液大量地淌落。\n她几乎抓不住自己涣散的神志，在生怕被窗外目光撞见的羞耻与失控的极乐之间剧烈颤栗，这份无人却随时可能有人的刺激，把这场强绝顶推向了叫人失神的高度。
2257,action_part_a_orgasm_strong_A,0,exhibitionism_sex_mode_1,门锁始终虚悬着未曾扣上，谁都可能在下一刻闯进来，{TargetName}的{anal}就在这样悬心的处境里被推上了远胜以往的强烈绝顶。\n接二连三的绝顶把那里的感度顶到了一个前所未有的新台阶，这一回的高潮汹涌得几乎没有边际，{anal}剧烈失控地连连抽搐痉挛。\n她整个人在这远超寻常绝顶的洪流里失了神，绷紧又瘫软，大量肠液不受控地涌泄而下，还夹着几分小小的喷溅。\n随时会被撞破的暴露感反倒把这份羞耻的快意烧得更旺，令{anal}在无人的室内一阵阵疯狂绞缩个不停。
2258,action_part_a_orgasm_strong_A,0,exhibitionism_sex_mode_1,就在这看似无人实则随时会被人窥破的封闭室内，{TargetName}的{anal}在数不清的连续绝顶后，敏感被抬升到了一个全然陌生的高度。\n这一次袭来的绝顶远比过往任何一次都要来得猛烈磅礴，{anal}毫无章法地剧烈痉挛，深深绞缩后又急遽松弛，将蓄积到顶点的快感倾泻而出。\n她的意识在这场凌驾于普通绝顶之上的强烈冲击中摇摇欲坠，几乎被席卷得一片空茫。\n汩汩的肠液大量流淌，甚至溅出细小的水花，那份怕被人瞧见的羞耻与无从抵挡的失控绝顶交织在一起，令她整个身子止不住地战栗。
2259,action_part_a_orgasm_strong_A,0,exhibitionism_sex_mode_1,敞露在这间随时可能有人踏入的房间里，{TargetName}的{anal}历经连番高潮的洗礼后，早已被磨得敏感陡增，跃上了一个崭新的层级。\n此刻迸发的绝顶远远盖过了以往的普通绝顶，{anal}凶猛而失控地一下下狠狠绞紧翕动，把积压许久的酥麻快感尽数喷薄出来。\n她在这远胜寻常的强烈绝顶中几近失神，滚热的肠液大量地涌落而下，还伴着轻微的喷溅。\n明知门户未闭、随时会暴露于人前，这份紧张的暴露刺激却让{anal}的痉挛愈发疯狂，将这场羞耻至极的强绝顶烧到了顶点。

2260,action_part_a_orgasm_strong_A,0,exhibitionism_sex_mode_2,开阔的室外，微风拂过{TargetName}裸露的肌肤，她那连续攀上绝顶数次的{anal}早已敏感到了一个全新的台阶。\n积攒到极限的快感终于在这一刻轰然炸开，一个远比寻常绝顶更为剧烈的强绝顶将她整个人狠狠贯穿，少女的身体在空旷天地间毫无遮掩地剧烈痉挛起来。\n{anal}疯狂而不受控制地一阵阵绞缩翕张，大量温热的肠液汹涌涌出，甚至小幅地喷溅而出。\n远处隐约传来的脚步声让她的羞耻与兴奋一同攀到顶点，意识几乎被这股汹涌的快感彻底冲垮，她在这背德的开放空间里失神颤栗，生怕下一刻就有人循声而来。
2261,action_part_a_orgasm_strong_A,0,exhibitionism_sex_mode_2,露天的空旷之下，{TargetName}的娇躯毫无遮蔽地暴露在天地之间，那连番绝顶后敏感度陡然拔高的{anal}再也承受不住汹涌积攒的快感。\n一波比寻常绝顶猛烈太多的强烈高潮猛地席卷全身，将她冲得浑身战栗，四肢都失了控制。\n{anal}剧烈地连续抽搐收缩，翻涌的肠液大股大股地淌落，顺着颤抖的腿根滴洒在开阔的地面上。\n拂面而来的风裹挟着草木的气息，远方偶尔飘来的人声让她又惊又羞，背德的兴奋令这场强绝顶愈发汹涌，意识在极致的快感里几乎溃散成一片空白。
2262,action_part_a_orgasm_strong_A,0,exhibitionism_sex_mode_2,在这毫无遮拦的户外，{TargetName}整个人赤裸地袒露在辽阔的空间里，{anal}在接连不断的绝顶之后早已被磨得敏感异常。\n当积蓄到顶点的快感终于决堤，一记远超以往的强绝顶轰然贯穿她的身体，令她在开放的天地间不受控制地弓腰颤栗。\n{anal}疯狂地痉挛绞紧，滚烫的肠液汹涌翻涌而出，甚至带着小小的喷势溅落。\n开阔环境里那份随时可能被人撞见的紧张，与背德的快感交织在一起，让她的羞耻与亢奋一同冲上巅峰，几乎被这股洪流冲垮了全部神智。
2263,action_part_a_orgasm_strong_A,0,exhibitionism_sex_mode_2,空旷的室外风声阵阵，{TargetName}将自己彻底暴露在这片开阔天地里，历经数度绝顶的{anal}此刻敏感度已攀上了一个崭新的高度。\n沉积已久的极致快感终于一齐爆发，一场烈度远胜从前的强绝顶如潮水般将她整个吞没，令她的躯体在露天下毫无保留地剧烈抽搐。\n{anal}一下下狂乱地绞缩翕动，大量温热黏腻的肠液喷涌而下，濡湿了颤抖不止的股间。\n远处依稀可辨的脚步与人影让她心惊肉跳，露出的羞耻反而将快感催逼得更加汹涌，她在这背德的开阔空间里失神战栗，几乎连意识都保不住。
2264,action_part_a_orgasm_strong_A,0,exhibitionism_sex_mode_2,广袤的户外一览无余，{TargetName}的裸体毫无遮掩地坦露在天光与微风之中，那被连续绝顶反复冲刷过的{anal}早已敏感得不能自已。\n蓄积到极限的快感在这一瞬彻底崩溃决堤，一波远比寻常更为凶猛的强绝顶狠狠将她掀翻，令她在空旷之地里浑身失控地痉挛颤抖。\n{anal}剧烈而无法自制地连番绞紧翻搅，翻涌的肠液汹涌淌出，甚至小幅喷洒而落。\n无遮无拦的开放环境让每一丝可能被窥见的风险都放大了她的羞耻与兴奋，背德的极乐几乎将她的神智冲得支离破碎，只剩失神的颤栗回荡在这片旷野里。

2265,action_part_a_orgasm_strong_A,0,exhibitionism_sex_mode_3,众目睽睽之下，{TargetName}的身子猛地一僵，随即剧烈地痉挛颤抖起来，一场远超以往的强烈绝顶毫无预兆地贯穿了她的全身。\n在{SceneName}里所有人的注视下，{anal}疯狂地绞缩翕张，一波接一波不受控制地深深收紧，那是连续多次绝顶后敏感度攀上新台阶所迎来的猛烈冲击，强度远远盖过了以往任何一次普通的高潮。\n大量温热的肠液随着这阵剧烈的抽搐汩汩涌出，甚至小幅地喷溅了出来，将羞耻与背德一同曝晒在众人眼前。\n{TargetName}再也顾不上被这么多人看着，只能在这公开的失控绝顶里失神地颤栗，那份被围观的羞耻反而将快感推向了几乎令她昏厥的巅峰。
2266,action_part_a_orgasm_strong_A,0,exhibitionism_sex_mode_3,当着这么多人的面，{TargetName}的腰背骤然弓成一道紧绷的弧线，整个人被一阵前所未有的强烈绝顶狠狠攫住。\n这是{anal}连续高潮许多次后、敏感度陡然跃升一个台阶才迎来的猛烈峰值，{anal}剧烈地连续痉挛，绞缩的力度与幅度都远非寻常绝顶可比。\n伴随着失控的收缩，浓稠的肠液大量地涌流而出，顺着颤抖的腿根滑落，在众人灼灼的目光里泛着淫靡的光。\n公开场合下被所有人围观着达到如此剧烈的顶点，那股铺天盖地的羞耻感非但没有压下快感，反而让这场强绝顶烧得更加汹涌，几乎将她的意识彻底冲垮。
2267,action_part_a_orgasm_strong_A,0,exhibitionism_sex_mode_3,暴露在{SceneName}众人的视线之中，{TargetName}毫无遮掩地迎来了一场剧烈到失控的强绝顶。\n{anal}不受控制地一阵阵疯狂收缩，那是在这个部位接连绝顶多次、感度被彻底拔高一档后才会有的猛烈程度，抽搐的浪潮一波盖过一波，远远超出了普通绝顶的范畴。\n汹涌的肠液伴着这阵剧烈的绞缩大量溢出，甚至带着小小的喷势，被众目睽睽地看得一清二楚。\n被这么多双眼睛注视着高潮的背德刺激，让{TargetName}在极致的羞耻里失神颤抖，那股快意强烈得几乎要将她整个人吞没。
2268,action_part_a_orgasm_strong_A,0,exhibitionism_sex_mode_3,在旁人环绕的目光下，{TargetName}再无半分遮掩，被一场汹涌的强烈绝顶彻底攫住了身心。\n{anal}猛地绞缩起来，一下深过一下地连续痉挛，这般远超普通绝顶的烈度正是连续多次高潮、敏感度跃上新台阶的证明，翕张的括约肌疯狂地收放着。\n大量滚烫的肠液随之奔涌而出，在众人面前失禁般地流淌，甚至溅出细小的水花，将她的失控暴露无遗。\n被公开围观的羞耻如潮水般将她淹没，可越是被看着，那阵强绝顶的快感便越是猛烈，直冲得她意识几近空白，只剩下失神的颤栗。
2269,action_part_a_orgasm_strong_A,0,exhibitionism_sex_mode_3,当着满室的目光，{TargetName}的全身骤然绷紧又剧烈痉挛，被一波盖过一波的强绝顶掀翻了神智。\n{anal}疯狂而不受控地连续绞缩，那股猛烈远非往日的普通绝顶可比，正是这处接连高潮多次、感度攀升一阶后才迸发出的剧烈峰值。\n伴着失控的抽搐，大量浓热的肠液喷涌而下，在众人注视里泛着淫光，甚至有小幅的喷溅。\n{TargetName}被这么多人赤裸裸地看着达到顶点，羞耻与背德交织成更烈的快意，将这场强绝顶烧得愈发汹涌，几乎要把她的意识连根冲垮。

2270,action_part_a_orgasm_strong_A,0,exhibitionism_sex_mode_4,{SceneName}里横七竖八地瘫着一个个失去意识的人，{TargetName}却在这诡异的静谧中迎来了一场远比寻常更为猛烈的绝顶。\n连番的高潮早已把{anal}的敏感推上了一个全新的台阶，此刻积攒到极致的快感终于轰然炸裂，{anal}疯狂地痉挛绞缩，大量温热的肠液汹涌涌出，甚至夹着一小股喷溅。\n她死死咬着下唇压抑着几乎要冲破喉咙的浪叫，生怕惊醒近在咫尺的那些人，越是这样越是刺激，背德的快意让这场强绝顶烈得险些将她的神智整个冲垮。
2271,action_part_a_orgasm_strong_A,0,exhibitionism_sex_mode_4,身旁那些沉睡昏迷的人毫无知觉，{TargetName}就在他们眼皮底下承受着一波比一波更凶猛的绝顶浪潮。\n经历了一次又一次连绵的高潮，{anal}的感度早已攀上崭新的高度，眼下这一记强绝顶远远盖过了以往任何一次寻常的绝顶，{anal}剧烈而失控地一阵阵绞紧翻搅，浓稠的肠液大股大股地淌落，几乎要小幅喷洒出来。\n明知随时可能有人转醒，这份提心吊胆的紧张反倒把露出的快感催逼到了顶点，她整个人在无声的战栗里几乎失了神。
2272,action_part_a_orgasm_strong_A,0,exhibitionism_sex_mode_4,四下里躺满了毫无反应的无意识者，{TargetName}偏偏在这令人心惊的场合迎来了她这具身子从未有过的凶悍绝顶。\n{anal}在接连不断的绝顶洗礼后早已换了一副更加敏锐的模样，此刻蓄满的快感终于一齐迸发，{anal}不受控制地连连抽搐收束，大量肠液顺着痉挛一涌而出，隐隐伴着小幅的喷溢。\n她拼命屏着气压着嗓子，唯恐一丝声响惊动了身边的人，这种当着无意识众人失态的背德刺激，让这场强绝顶来得又猛又烈，几乎把她的意识冲得七零八落。
2273,action_part_a_orgasm_strong_A,0,exhibitionism_sex_mode_4,近在咫尺的那些人一个个失去了意识，{TargetName}却在他们无从察觉的注视下被一记远超从前的强烈绝顶彻底攫住。\n反复的高潮把{anal}的敏感一级级抬升，如今积蓄够了的快感骤然决堤，{anal}疯狂地绞缩翕张，滚烫的肠液成股喷涌而下，甚至溅出细细的一道。\n她死命压着几乎要脱口的娇吟，生怕那些人随时会睁开眼，这份危机四伏的紧张把露出的羞耻快感推向极致，令这场强绝顶烈得叫她几近失神颤栗。
2274,action_part_a_orgasm_strong_A,0,exhibitionism_sex_mode_4,一屋子无意识的人静静地瘫在四周，{TargetName}就在这般诡谲的寂静里被卷进了一场骇人的强烈绝顶。\n{anal}历经连场绝顶后感度早已迈上新的台阶，此刻满溢的快感一发不可收拾，{anal}猛烈失控地一波波痉挛紧绞，大量温热的肠液喷涌而出，隐隐带着小幅的迸溅。\n她咬紧牙关拼命压抑着声音，唯恐惊醒身旁沉睡昏厥的众人，这种当众失禁般的背德快感将强绝顶催得愈发凶猛，几乎要把她那点残存的清明整个吞没。

2275,action_part_a_orgasm_strong_A,0,t_imprisonment_1&CVP_A2_G_E_0,被囚禁在{SceneName}的{TargetName}拼命扭动着想挣脱束缚，{anal}却在这一瞬不受控制地剧烈痉挛起来，一波远比先前任何一次都凶猛的强绝顶狠狠将她掀翻。\n在这陌生的地方被连续逼上绝顶太多次，那处的敏感早已被抬高到一个全新的台阶，此刻这场绝顶强得几乎要把她的意识彻底冲垮。\n{anal}一下下疯狂地绞缩翕张，大量温热的肠液顺着抽搐汹涌溢出，甚至小幅喷洒而出。\n她满脸屈辱地失神颤抖，明明满心恐惧不甘，身体却背叛般地在陌生男人面前狠狠攀上了这场剧烈的绝顶。
2276,action_part_a_orgasm_strong_A,0,t_imprisonment_1&CVP_A2_G_E_0,锁链哗啦作响，被监禁的{TargetName}徒劳地反抗着，可{anal}猛地一阵深重的绞紧，一场强度惊人的绝顶排山倒海般碾过她纤弱的身躯。\n这已不是最初那种普通的高潮，连番的绝顶把那处的感度推上了新的高度，如今这一记强绝顶来得又急又狠，令她几乎失了神。\n剧烈的痉挛一波接一波，{anal}翻涌着挤出大量黏腻的肠液，濡湿了一片还小幅喷溅。\n她瞪大了泛红的眼，满是不可置信与羞辱，无法理解自己被陌生人囚困的身体为何会迎来如此强烈的巅峰。
2277,action_part_a_orgasm_strong_A,0,t_imprisonment_1&CVP_A2_G_E_0,被绳索缚住手脚的{TargetName}崩溃地哭喊着，身体深处的{anal}却不由自主地掀起一阵远超以往的剧烈绝顶，将她整个人拖进失控的漩涡。\n在这陌生男人手中一次次被送上绝顶，那处早已敏感得越了界，这一场强绝顶因而汹涌得叫她意识几近溃散。\n{anal}狂乱地收缩绞拧，成股的肠液被挤压着涌淌而出。\n羞耻与恐惧在她心里翻腾，可颤栗的身躯偏偏在这{SceneName}中狠狠达到了这场强烈的顶点，泪痕纵横。
2278,action_part_a_orgasm_strong_A,0,t_imprisonment_1&CVP_A2_G_E_0,被囚困的{TargetName}死命挣着束缚，喉间溢出惊惶的呜咽，{anal}却在此刻剧烈而失控地连番痉挛，一场强得离谱的绝顶重重将她掀上高峰。\n数度被逼上绝顶后，那处的敏感度攀升了一整个台阶，这一记绝顶因此格外凶猛，强烈到几乎要将她的神志冲得七零八落。\n{anal}疯狂翕张，大量温热肠液汩汩涌出甚至微微喷溅。\n她满面泪水地失神战栗，无从理解身为陌生囚徒的自己，竟会被这陌生男人逼出如此剧烈的绝顶。
2279,action_part_a_orgasm_strong_A,0,t_imprisonment_1&CVP_A2_G_E_0,在冰冷的囚禁中被反复凌辱的{TargetName}拼命想逃开，可{anal}猛然绞紧，一波前所未有的强绝顶如洪流般将她彻底淹没。\n那处在连续多次绝顶后感度早已跃上新阶，此刻这场绝顶的强度远远盖过了先前的每一次普通高潮，令她几乎被快意冲垮。\n{anal}一阵阵剧烈抽搐，浓稠的肠液被大量挤涌而出并小幅飞溅。\n屈辱的泪水夺眶而出，她无法接受身体在陌生人面前如此不知廉耻地攀上强烈绝顶，只能颤抖着无声崩溃。

2280,action_part_a_orgasm_strong_A,0,CVP_A2_T|103_E_1,稚嫩的{TargetName}尚未褪尽孩童的稚气，才刚刚开始发育的娇小身躯却已在一次次绝顶的洗礼下悄然蜕变，{anal}的敏感度不知不觉攀升上了一个全新的台阶，此刻积攒许久的快感骤然汹涌炸开。\n她纤细稚嫩的腰肢剧烈地弓起又颓然瘫软，{anal}失控般一波接一波剧烈绞缩痉挛，稚气未脱的脸蛋涨得通红，眼中混杂着孩童般的懵懂与说不清道不明的羞怯与恐慌。\n温热的肠液顺着尚未发育完全的身体大股涌出，隐约带着小幅喷溅之势，她哽咽着喘息不止，被这股陌生又猛烈的浪潮冲得意识摇摇欲坠。
2281,action_part_a_orgasm_strong_A,0,CVP_A2_T|103_E_1,身材娇小的{TargetName}才刚刚初现几分少女的轮廓，稚嫩的躯壳还残留着浓浓的孩童气息，可连续多次绝顶已让{anal}的敏感悄然跃升了一整个台阶，此刻累积的快感猛地决堤般迸发而出。\n她纤瘦的腰身一下下深深弓起又软软塌陷，{anal}不受控制地反复剧烈绞紧痉挛，稚气的双腿哆嗦着乱蹬乱蜷，圆溜溜的眼睛里满是茫然无措，分不清自己究竟是害怕还是渴求这份陌生的快感。\n大股滚烫的肠液随着痉挛汩汩涌流，甚至夹杂着几分喷溅的力道，她抽噎着发出破碎的气音，任由这股猛烈的浪潮将稚嫩的身体彻底淹没。
2282,action_part_a_orgasm_strong_A,0,CVP_A2_T|103_E_1,{TargetName}那具还在发育中的娇小身体骤然剧烈一颤，孩童般圆润的脸颊上早染上了几分不属于这个年纪的潮红，一次次绝顶已把{anal}的敏感撩拨到了前所未有的新高度，积压许久的快感此刻轰然炸裂。\n稚嫩纤细的四肢止不住地痉挛乱颤，{anal}剧烈失控地一波波绞缩收紧，尚显青涩的腰肢深深弓起又颤颤垮塌，她似懂非懂地大口喘息着，既惊惧又贪恋这股陌生而猛烈的冲击。\n浓稠灼热的肠液大量涌出，隐隐带着小幅喷溅之势，稚气未脱的她被这股汹涌的浪潮冲得七荤八素，意识变得模糊不清。
2283,action_part_a_orgasm_strong_A,0,CVP_A2_T|103_E_1,才刚踏入发育期的{TargetName}身量依旧娇小玲珑，孩子气的脸蛋此刻却因连番绝顶而涨得绯红，{anal}的敏感早已悄悄攀升了一个新的台阶，此刻蓄积的快感陡然猛烈迸发。\n她青涩稚嫩的腰肢一次次深深弓起又颓然瘫软，{anal}失控地反复剧烈绞紧痉挛，纤细的双腿哆哆嗦嗦地胡乱蜷蹬，懵懂的眼神里既有孩童般的惊慌，也藏着几分说不出口的贪恋。\n大量灼热的肠液顺着尚未发育完全的股缝涌流而下，甚至带着小幅喷溅的势头，她断断续续地呜咽着，被这股全然陌生又汹涌的浪潮冲得意识几近涣散。
2284,action_part_a_orgasm_strong_A,0,CVP_A2_T|103_E_1,{TargetName}稚气未脱的小脸蛋在剧烈的颤栗中涨得通红，尚未发育完全的娇小躯体经过一次次绝顶的洗礼，{anal}的敏感度不知不觉间已跃升了一个崭新的台阶，此刻积攒许久的快感猛地喷薄而出。\n她纤瘦的腰身一下下剧烈弓起又瘫软垮下，{anal}不受控制地一阵阵剧烈绞缩痉挛，稚嫩的脚趾蜷缩着胡乱蹬踢，圆润的眼眸里满是茫然与失措，分不清眼下的自己究竟是害怕还是沉溺其中。\n浓热的肠液随着阵阵痉挛大股涌出，隐约裹挟着小幅喷溅之势，她抽泣着发出破碎的喘息，被这股陌生而猛烈的浪潮冲刷得意识摇摇欲坠。

2285,action_part_a_orgasm_strong_A,0,t_imprisonment_1&CVP_A2_G_GE_1&CVP_A2_G_LE_2,被囚禁的{TargetName}忽然浑身剧烈一颤，{anal}毫无预兆地猛然收紧又疯狂翕张，那股远比之前任何一次都要凶猛的绝顶浪潮狠狠贯穿了她纤细的身子。\n在这方寸之地一次又一次被逼上顶点后，那处的敏感早已被拔高到了新的台阶，此刻积攒到极致的快感终于化作一记远超寻常的强烈绝顶轰然炸开。\n{anal}深处一股股温热的肠液不受控制地汹涌流溢，甚至随着剧烈的痉挛小幅喷溅出来。\n她失神地颤栗着，泪水从迷乱的眼角滚落，望向{Name}的眼神里满是不解与痛楚，明明是心底悄悄爱慕之人，却将她禁锢于此逼出这般失控的绝顶。
2286,action_part_a_orgasm_strong_A,0,t_imprisonment_1&CVP_A2_G_GE_1&CVP_A2_G_LE_2,连番的绝顶早已将{TargetName}的{anal}磨得敏感到了一个全新的高度，此刻一记远比寻常猛烈的强绝顶终于轰然袭来，令这具娇躯在{SceneName}里剧烈地弓起又瘫软。\n那不是普通绝顶所能比拟的烈度，快感如决堤般冲刷着她几近崩溃的意识，却又还没到被反复吊弄折磨后那种彻底失控的极致。\n{anal}一阵阵疯狂地痉挛绞缩，大量滚烫的肠液顺着痉挛翻涌而出。\n她的脸上泪痕交错，眼底盛满对被囚禁的委屈与困惑，不懂心上人为何要这样待她，身体却诚实地在这强烈的绝顶里失神战栗。
2287,action_part_a_orgasm_strong_A,0,t_imprisonment_1&CVP_A2_G_GE_1&CVP_A2_G_LE_2,一波接一波的绝顶把{TargetName}那处的感度硬生生推上了新的台阶，紧接着一记非同寻常的强烈绝顶便如惊雷般贯穿了她的全身。\n{anal}失控地剧烈收缩翕张，比以往任何一次都要凶猛数倍，湍急的肠液一股脑地涌溢出来，随着抽搐还小幅地喷出些许。\n这远超普通绝顶的冲击几乎将她的神志冲得七零八落，却仍未抵达那种被寸止累积到极点后才有的究极境地。\n被禁锢的她泪眼婆娑地望着{Name}，心里满是又爱又痛的矛盾，明明如此思慕着他，却在这囚笼中被逼出一场身不由己的强烈绝顶。
2288,action_part_a_orgasm_strong_A,0,t_imprisonment_1&CVP_A2_G_GE_1&CVP_A2_G_LE_2,在这狭窄天地里被逼着接连攀上顶峰之后，{TargetName}的{anal}敏感度陡然跃上一层，一场远比寻常剧烈的强绝顶随之凶猛炸裂开来。\n她整个人失神地颤抖着，快感的巨浪几乎要将残存的意识彻底冲垮，那是普通绝顶远远无法企及的强度，却尚未到被反复挑逗吊足后的极致。\n{anal}深处翻涌的肠液大量流溢，甚至随着一阵阵猛烈的绞缩微微喷洒。\n泪水无声滑过她迷乱的脸颊，望向{Name}的眼神里交织着爱慕与不解，不明白喜欢的人为何要将她这般囚禁摆弄。
2289,action_part_a_orgasm_strong_A,0,t_imprisonment_1&CVP_A2_G_GE_1&CVP_A2_G_LE_2,被囚困许久的{TargetName}再度被推上绝顶，可这一次远非从前那些能比，接连的高潮早把{anal}的感度拔高了一整个层次，一记异常强烈的绝顶轰然贯穿了她的身心。\n她失神地战栗，意识几乎被这远超普通绝顶的快感浪潮冲垮，却还差着被反复寸止折磨后那种彻底崩溃的火候。\n{anal}疯狂地痉挛着，滚热的肠液汹涌溢出，随剧烈的收缩小幅飞溅。\n她眼中蓄满泪，又爱又怨地凝望着{Name}，心底那份藏着的爱慕在被强迫的绝顶里被搅得支离破碎，痛楚而迷乱。

2290,action_part_a_orgasm_strong_A,0,t_imprisonment_1&CVP_A2_G_GE_3&CVP_A2_G_LE_4,被囚于{SceneName}的{TargetName}整具娇躯猛地绷成一张紧弓，束缚着手腕的重量随之哗啦轻响，{anal}在这一瞬爆发出远超以往的剧烈痉挛。\n这已是连绵不断绝顶之后又攀上的一个全新台阶，敏感到极点的媚肉一波紧似一波地绞缩翻搅，那股几乎将她意识整个冲垮的强烈快感令她失神颤栗。\n大量温热的肠液随着这非同寻常的强绝顶汩汩涌出，甚至小幅地喷溅了些许，比寻常的绝顶要浓烈狂暴太多。\n即便身陷囹圄，她也甘之如饴地在爱人面前彻底失控，将这份被囚禁中迎来的极致高潮当作只献给恋人的信任与深情。
2291,action_part_a_orgasm_strong_A,0,t_imprisonment_1&CVP_A2_G_GE_3&CVP_A2_G_LE_4,{TargetName}被锁在{SceneName}的方寸之地，纤细的身子却因这场汹涌的强绝顶而剧烈弹颤，{anal}疯狂地一收一放，绞出连绵不绝的痉挛。\n在这个部位接连高潮无数次后，它的敏感竟又跃上一层从未有过的高度，如今积攒到顶点的快感轰然炸开，其烈度远远盖过了此前的每一次普通绝顶。\n她整个人几乎被这股洪流冲得神志涣散，浓稠的肠液大股大股地淌出，随着括约肌的抽搐还溅出细密的水花。\n即使被爱人囚于此处，她也只觉得幸福，心甘情愿地把这具痉挛失控的身体连同这份强烈的绝顶全数交付给深爱的{Name}。
2292,action_part_a_orgasm_strong_A,0,t_imprisonment_1&CVP_A2_G_GE_3&CVP_A2_G_LE_4,这一次的绝顶来得凶猛异常，被监禁着的{TargetName}再也维持不住任何姿态，{anal}不受控制地连番深深绞缩，整个下身随之剧烈颤栗。\n历经了一轮又一轮的高潮累积，那处的敏感度悄然攀上了新的台阶，此刻迸发的快意如决堤般凶狠，将她的意识几乎冲刷得一片空白。\n伴着这远胜平常的强烈绝顶，滚烫的肠液成串涌落，甚至带着小幅的喷溢。\n手腕虽被缚住，她却在爱人怀里露出沉醉的失神神情，把这份囚牢中的极致快感看作两人之间独一无二的亲密印记，心里满溢的全是对{Name}的眷恋。
2293,action_part_a_orgasm_strong_A,0,t_imprisonment_1&CVP_A2_G_GE_3&CVP_A2_G_LE_4,娇小的{TargetName}被关在{SceneName}里，身体却在这场骤然升级的强绝顶中失去了控制，{anal}以前所未有的力道疯狂痉挛绞紧。\n连续绝顶多次磨出的极高敏感，令这一记高潮的强度陡然翻倍，密集的快感浪潮一层压着一层拍碎了她的理智，令她通体颤抖失神。\n大量肠液顺着抽搐的节奏喷涌而下，量比往常要汹涌得多。\n身陷囚笼的她非但没有半分怨怼，反而幸福地把这具剧烈战栗的躯体彻底敞开，甘愿在被爱人占有与囚禁的同时，献上这一场灵魂都为之震颤的强烈绝顶。
2294,action_part_a_orgasm_strong_A,0,t_imprisonment_1&CVP_A2_G_GE_3&CVP_A2_G_LE_4,被囚禁的{TargetName}整条腰肢深深弓起又猛然瘫软，{anal}在这一刻爆出狂暴而绵密的连续绞缩，那是敏感度再上一阶后才能迎来的非常强的绝顶。\n无数次高潮的层层累叠将这处推向了新的极限，如今喷薄的快感狠狠将她卷入失神的漩涡，四肢都止不住地痉挛乱颤。\n浓烈的肠液大量倾泻，随着{anal}的翕张还溅出些许。\n哪怕困在这狭小牢笼中，她的眼底也只盛满对恋人的柔情，甘心情愿地将这场被监禁中迸发的极致强绝顶，当成对{Name}最深的信赖与奉献。

2295,action_part_a_orgasm_strong_A,0,t_imprisonment_1&CVP_A2_G_GE_-2&CVP_A2_G_LE_-1,被囚于牢中的{TargetName}早已认命地接受了自己沦为上司禁脔的现实，麻木地承受着一次又一次绝顶的冲刷，{anal}的敏感却在这般连绵的洗礼中悄然攀上了一个崭新的台阶。\n积攒许久的快感此刻毫无征兆地轰然决堤，她空洞的眼神骤然失焦，纤细的腰肢不受控制地深深弓起又颓然瘫软，{anal}一波接一波地剧烈绞缩痉挛，凶猛程度远非寻常绝顶可比。\n大股滚烫的肠液顺着颤抖的股缝汹涌淌下，甚至隐约带着小幅喷溅之势，她死死咬着嘴唇不愿出声，残存的自尊却终究抵不过身体这场失控的震颤。
2296,action_part_a_orgasm_strong_A,0,t_imprisonment_1&CVP_A2_G_GE_-2&CVP_A2_G_LE_-1,沦为阶下囚的{TargetName}对上司的命令再无半分反抗，只以消沉麻木的姿态默默承受着这场性事，可她的{anal}在连续多次绝顶后敏感度已悄然跃升了一整个层次。\n这一刻累积到极致的快感猛地迸发开来，其猛烈程度远远盖过了以往任何一次寻常绝顶，她的躯体不由自主地剧烈痉挛起来，意识几乎被这陌生而汹涌的浪潮冲得支离破碎。\n{anal}失控般反复绞紧翕张，滚烫的肠液大股大股地涌流而出，她强忍着不肯发出呻吟，认命的心底却泛起一阵难以压抑的战栗。
2297,action_part_a_orgasm_strong_A,0,t_imprisonment_1&CVP_A2_G_GE_-2&CVP_A2_G_LE_-1,被单独关押的{TargetName}早已将自己视作上司予取予求的所有物，服从着每一道指令，以近乎麻木的态度迎接这场高潮，{anal}却在一次次绝顶的累积中攀上了从未有过的敏感台阶。\n蓄积良久的快感终于轰然爆发，远超普通绝顶的强烈冲击席卷了她的全身，她的四肢失控地颤抖，脸上闪过一丝再也压不住的失神。\n{anal}一阵紧过一阵地剧烈收缩，大量温热的肠液汩汩渗出并小幅喷溅，她认命地承受着这份连自尊都无法遮掩的剧烈震颤。
2298,action_part_a_orgasm_strong_A,0,t_imprisonment_1&CVP_A2_G_GE_-2&CVP_A2_G_LE_-1,囚笼中的{TargetName}早没了当初的激烈挣扎，只余下认命般的顺从，任凭上司摆布着自己的身体，而她的{anal}在反复绝顶之后敏感度已然更上一层楼。\n此番积攒的快感如溃堤洪流般奔涌而出，比寻常绝顶要猛烈太多，她的腰身反复深弓又瘫软，空洞的眼神里透出无法掩饰的迷乱。\n{anal}不受控地连番痉挛绞缩，滚烫黏稠的肠液大量涌出，甚至带着几分向外喷溅的力道，她咬牙隐忍，麻木的躯壳却诚实地被这股强绝顶彻底攫住。
2299,action_part_a_orgasm_strong_A,0,t_imprisonment_1&CVP_A2_G_GE_-2&CVP_A2_G_LE_-1,身陷囹圄的{TargetName}早已放弃了徒劳的抵抗，以消极认命的姿态承受着上司加诸的一切，可连续多番绝顶已让{anal}的敏感悄然迈上了一个崭新的高度。\n压抑已久的快感刹那间决堤般倾泻而出，那强度之烈远非普通绝顶可比，她整个人剧烈地战栗抽搐，紧绷的神情彻底失了控。\n{anal}翻搅般一浪接一浪地绞缩痉挛，大股肠液顺着痉挛涌流并微微喷溅，她低垂着头颅默默承受，被囚的躯体在这场猛烈的绝顶中颤抖不止。

2300,action_part_a_orgasm_strong_A,0,t_imprisonment_1&CVP_A2_G_GE_-4&CVP_A2_G_LE_-3,被囚养的{TargetName}小小的身子猛地一僵，{anal}毫无预兆地剧烈痉挛起来，一波强过一波的绝顶浪潮将这只被主人圈养的宠物彻底吞没。\n这已经是她今日不知第几次绝顶，连续的高潮把{anal}的敏感度硬生生逼上了一个全新的台阶，于是这一次的绝顶远比之前任何一次都来得凶猛狂暴。\n{anal}疯狂地绞缩翕张，大量温热的肠液顺着抽搐的缝隙汹涌而出，甚至小幅喷溅出来。\n她失神地颤栗着，作为主人专属的肉便器，她甘之如饴地承受着这远超寻常的强烈快感，整个身体被那股灭顶般的绝顶冲得几乎散架。
2301,action_part_a_orgasm_strong_A,0,t_imprisonment_1&CVP_A2_G_GE_-4&CVP_A2_G_LE_-3,这只被主人监禁豢养的雌兽发出一声变了调的呜咽，{anal}猝然收紧到极致，随即失控般连续深深痉挛，一场远比寻常凶猛的强绝顶将她整个人掀翻。\n在这方囚笼里被连番玩弄到绝顶了太多次，{anal}的感度早已攀上崭新的高度，积攒到极点的快感在此刻轰然炸裂。\n浓稠的肠液大股大股地涌出，甚至带着微微的喷势溢流而下。\n她瘫软着痉挛不止，眼神涣散却又满是被主人赐予极乐的痴迷，甘愿沉沦在这被囚禁的极致快感深渊里。
2302,action_part_a_orgasm_strong_A,0,t_imprisonment_1&CVP_A2_G_GE_-4&CVP_A2_G_LE_-3,被当作宠物锁在监牢中的{TargetName}整具娇躯骤然弓成一张满弓，{anal}以从未有过的烈度剧烈抽搐绞紧，那是一场足以令她失神的强绝顶。\n一次又一次被逼上绝顶的{anal}早已敏感得不像话，感度跃升了一整个层级，这一回的高潮凶猛得几乎要将她的意识生生撕碎。\n大量滚烫的肠液伴着痉挛喷涌而出，濡湿了一片。\n她像得到奖赏的母兽般战栗着，全心全意地享受着被主人圈养、被逼到这种极致绝顶的幸福，浑身抖得无法自已。
2303,action_part_a_orgasm_strong_A,0,t_imprisonment_1&CVP_A2_G_GE_-4&CVP_A2_G_LE_-3,囚牢深处，沦为主人玩物的{TargetName}发出破碎的哀鸣，{anal}毫无节制地连续猛烈痉挛，一波强绝顶的狂潮把她冲得七零八落。\n连续绝顶数回之后，{anal}的敏感阈值被彻底顶高了一档，于是这次绝顶的强度远远碾过了之前的每一次普通高潮。\n汹涌的肠液顺着剧烈翕合的{anal}奔流而下，量大得惊人。\n她失控地颤抖痉挛着，作为被永久监禁的专属性奴，她只觉得能在主人手中被送上这般凶猛的绝顶，便是此生最大的恩宠。
2304,action_part_a_orgasm_strong_A,0,t_imprisonment_1&CVP_A2_G_GE_-4&CVP_A2_G_LE_-3,被主人囚禁调教成宠物的娇小{TargetName}忽然浑身剧震，{anal}疯了似的痉挛紧缩，一场远超以往的强烈绝顶将她整个人淹没在灭顶的快意里。\n数不清的连续绝顶已把{anal}的感度推上了新的巅峰，此刻这一波高潮凶猛狂暴，强度前所未有。\n大量肠液喷涌而出，甚至溅出细碎的水花。\n她失神战栗，脸上却漾着被囚养者独有的痴醉与感激，甘心情愿地在这方牢笼里为主人一次次绽放到极致，沉溺其中无法自拔。

2305,action_part_a_orgasm_strong_A,0,t_unconscious_flag_1&target_not_sleep_h_awake_but_pretend_sleep,熟睡中的{TargetName}整具娇躯毫无预兆地剧烈一颤，{anal}竟在深沉的睡梦里迎来了一场远比寻常更为凶猛的绝顶。\n连续多次的高潮早已将这处地方的敏感度推高到了一个崭新的台阶，积攒到极致的快感在此刻轰然炸开，比以往任何一次普通绝顶都要来得汹涌狂暴。\n{anal}疯狂地痉挛绞缩着，一波接一波不受控制地翻涌，大量温热的肠液顺着痉挛汩汩涌出，甚至随着最剧烈的那一下小幅喷溅而出。\n少女的身子在{SceneName}里失神地弓起又瘫软，眉头无意识地紧紧蹙起，喉间溢出破碎的呓语，却始终没有从睡梦中醒来，只是本能地承受着这场强绝顶的猛烈冲刷。
2306,action_part_a_orgasm_strong_A,0,t_unconscious_flag_1&target_not_sleep_h_awake_but_pretend_sleep,睡颜恬静的{TargetName}在无意识中猛地绷紧了全身，{anal}毫无防备地被拽入了一场极其强烈的绝顶漩涡。\n那处早已在反复攀顶中被磨得敏感异常，如今快感又跃升了一个全新的高度，这一次的绝顶远远超出了平常绝顶的烈度，猛烈得近乎失控。\n{anal}深处一阵接一阵地剧烈收缩，肠壁疯狂翕动绞紧，滚烫的肠液被挤压得大量流淌而下，浸出一片黏腻的湿痕。\n沉睡的少女无意识地扭动着腰肢，纤细的手指在梦里无力地抓握，急促紊乱的鼻息一声声泄出，可她的意识依旧沉溺在睡眠里，浑然不觉自己的身体正被这股强绝顶彻底席卷。
2307,action_part_a_orgasm_strong_A,0,t_unconscious_flag_1&target_not_sleep_h_awake_but_pretend_sleep,毫无察觉的{TargetName}在酣睡之中骤然一僵，{anal}猝不及防地被一阵远超以往的猛烈绝顶贯穿全身。\n连续不断的攀顶让这里的快感门槛节节攀升，敏感度终于迈上了新的台阶，于是这场绝顶来得格外汹涌，远非寻常那种普通高潮可以比拟。\n{anal}不受控制地连番痉挛，括约肌一张一合地疯狂绞缩，大股大股的肠液伴着抽搐夺路而出，甚至在最猛的一瞬微微喷洒开来。\n少女在{SceneName}中失神地颤栗着，柔软的腰身反复弓起又软塌下去，睡梦里的眉眼皱成一团，唇齿间漏出黏糊的呻吟，身体承受着灭顶的快感，却依然一动不动地睡着，没有半分清醒的迹象。
2308,action_part_a_orgasm_strong_A,0,t_unconscious_flag_1&target_not_sleep_h_awake_but_pretend_sleep,在深眠里毫无戒备的{TargetName}忽地浑身一震，{anal}被一场凶猛得反常的强绝顶牢牢攫住。\n此处经历了太多次连续的攀顶，敏感与快感早已悄然登上一个更高的阶梯，这一回的绝顶因此凶狠得多，浪潮般的快意把整具身躯冲得摇摇欲坠。\n{anal}深处剧烈而失控地一阵阵抽搐绞紧，翻涌的痉挛一浪高过一浪，温热黏稠的肠液被逼得汹涌而出，顺着颤动的躯体淌落一片。\n熟睡的少女无意识地夹紧又张开双腿，脚趾在梦中痉挛似的蜷起，破碎的睡语从微张的唇边溢出，可这一切都发生在她全然不知的睡梦深处，她的意识始终未曾被唤醒。
2309,action_part_a_orgasm_strong_A,0,t_unconscious_flag_1&target_not_sleep_h_awake_but_pretend_sleep,睡得正沉的{TargetName}身子毫无预警地剧震了一下，{anal}在浑然无觉之间坠入了一场汹涌澎湃的强绝顶。\n数不清的连续绝顶把这处的敏感推向了崭新的高度，积蓄到顶点的快感此刻决堤般宣泄而出，其烈度远远压过了从前的每一次普通绝顶。\n{anal}疯狂地收缩翕张个不停，一圈圈绞得极紧又骤然松开，大量灼热的肠液随着抽搐咕嘟涌出，甚至被最激烈的痉挛挤得小幅飞溅。\n少女沉沉的睡颜上无意识地泛起潮红，纤长的睫毛剧烈颤动，腰腹一下下抽搐着弓起，喉咙里滚出含混的哼吟，然而她始终深陷梦乡，任凭这滔天的快感将身体反复淹没也未曾醒来。

2310,action_part_a_orgasm_strong_A,0,t_unconscious_flag_1&target_sleep_h_awake_but_pretend_sleep,连续多次的绝顶早已将{TargetName}的敏感度推上了一个全新的台阶，此刻{anal}猛地绞紧，一股远超以往的凶悍快感如决堤般轰然炸开。\n明明还紧闭着眼装作沉睡，可这次的强绝顶实在太过猛烈，{anal}不受控制地一阵阵剧烈收缩痉挛，大量温热的肠液顺着穴口汩汩涌出。\n她死死咬着牙想维持平稳的呼吸，身子却在{SceneName}里止不住地剧烈颤栗，{Name}早已看穿这拙劣的伪装，却也默契地不去点破。\n这股强绝顶的烈度让她几乎神志涣散，偏还倔强地装着睡，任由那濒临失控的极乐在{anal}深处一波波翻涌。
2311,action_part_a_orgasm_strong_A,0,t_unconscious_flag_1&target_sleep_h_awake_but_pretend_sleep,{anal}在接连的反复绝顶后早已敏感得不像话，这一次积攒到顶点的快感终于彻底爆发，强度远比普通绝顶要凶猛数倍。\n装睡中的{TargetName}明明神智清醒，却硬要维持着沉睡的假象，然而{anal}一波接一波失控的猛烈绞缩，让她的腰肢不由自主地深深弓起又瘫软。\n浓稠的肠液被这剧烈的收缩挤压得大量溢流，甚至小幅喷溅出来，她强忍着不让一丝呻吟泄出唇缝。\n{Name}心知肚明她早已醒来，只是配合着这场心照不宣的默契，看她在强绝顶的洪流里失神战栗，却仍死撑着那副装睡的模样。
2312,action_part_a_orgasm_strong_A,0,t_unconscious_flag_1&target_sleep_h_awake_but_pretend_sleep,一次又一次的绝顶把{anal}的敏感推向了新的高峰，此刻迎来的这场强绝顶远比从前任何一次都要凶猛霸道。\n{TargetName}闭着眼装作毫无知觉，可身体却诚实得可怕，{anal}疯狂地翕张绞缩，大量肠液失禁般涌流而出。\n她努力压着起伏的胸口想装出均匀的睡息，却怎么也压不住那阵阵冲垮理智的战栗，在{SceneName}中止不住地颤抖。\n明知{Name}早已识破她的伪装，她却仍固执地不肯睁眼，任凭这远超普通绝顶的极乐将她的意识一次次淹没。
2313,action_part_a_orgasm_strong_A,0,t_unconscious_flag_1&target_sleep_h_awake_but_pretend_sleep,在{anal}接连绝顶数次、敏感度攀上新台阶之后，这场蓄势已久的强绝顶终于轰然降临，凶猛得远非普通绝顶可比。\n{TargetName}仍佯装沉睡，紧闭的眼睫却因这剧烈的快感而微微颤动，{anal}一下下深深绞紧又猛地松开。\n汹涌的肠液被挤出穴口，淋漓地淌得到处都是，她拼命想维持装睡的平静，四肢却已控制不住地轻轻抽搐。\n{Name}早已洞悉她清醒的事实，只是默默配合着这份装睡的默契，静看她在强绝顶里失神颤栗，连伪装都快要维持不住。
2314,action_part_a_orgasm_strong_A,0,t_unconscious_flag_1&target_sleep_h_awake_but_pretend_sleep,{anal}历经连番绝顶的洗礼，敏感度早已今非昔比，这一记强绝顶来势汹汹，将{TargetName}残存的伪装冲击得摇摇欲坠。\n她死死装着睡，睫毛却抑制不住地轻颤，{anal}剧烈而失控地连续痉挛，翻涌的肠液大量流泻，甚至溅出些许。\n为了不暴露自己早已醒来的事实，她强撑着放缓呼吸，可濒临失控的战栗还是从脊背一路蔓延到指尖。\n{Name}对她的装睡心知肚明却佯装不觉，两人维持着这份诡异而暧昧的默契，任由那强烈的绝顶余波在{anal}深处久久回荡。

2315,action_part_a_orgasm_strong_A,0,t_unconscious_flag_2,醉意朦胧的{TargetName}整具身子猛地绷紧，{anal}在连续多次绝顶之后敏感度攀上了一个全新的台阶，此刻迎来了一场远比寻常绝顶更为凶猛的强绝顶。\n酒精麻痹了她的神志，少女的意识几乎被这股汹涌的快感彻底冲垮，只能失神地颤栗着任由高潮席卷全身。\n{anal}一阵阵剧烈地痉挛翕张，大量温热的肠液汩汩涌出，甚至隐隐带着小幅的喷溅。\n醉红的脸颊上写满了失控的迷乱，那具软绵绵的娇躯在博士面前毫无招架地颤抖沉沦，将这场超越普通绝顶的强烈高潮尽数展露。
2316,action_part_a_orgasm_strong_A,0,t_unconscious_flag_2,沉醉在酒意里的{TargetName}忽然仰起脖颈，绵软的腰肢深深弓起，{anal}在一次次连绵绝顶后感度骤然拔高，这一回炸开的是烈度远超以往的强绝顶。\n酒精令她本就模糊的意识更加涣散，少女只剩下身体本能在颤抖回应，神志被这滔天的快意冲得七零八落。\n{anal}不受控制地连环绞缩，滚烫的肠液大量流淌而出，濡湿了一大片。\n醉态可掬的娇颜彻底失了神，她无力地瘫软下去，在博士身边淫靡地战栗着，被这远胜寻常的强烈绝顶牢牢吞没。
2317,action_part_a_orgasm_strong_A,0,t_unconscious_flag_2,醉得神志不清的{TargetName}身体骤然剧烈一颤，{anal}历经数度绝顶的洗礼后敏感度更上一层，此刻涌来的是一场凶猛异常的强绝顶。\n浓重的酒意让少女连抵抗的力气都被抽干，微弱地扭动着腰身，几乎是纯粹凭着身体的本能在承受这波高潮。\n{anal}深处一波波痉挛不止，充沛的肠液汹涌溢出，隐约还夹着细小的喷溢。\n她醉眼迷离，唇齿间溢出破碎的颤吟，整个人瘫在{SceneName}里无力地抽搐，把这远超普通绝顶的强烈快感演绎得淋漓尽致。
2318,action_part_a_orgasm_strong_A,0,t_unconscious_flag_2,酒醉朦胧的{TargetName}猝然全身紧绷，{anal}在连番绝顶的累积下感度跃上新的高度，迎来了一场烈度惊人的强绝顶，远非寻常绝顶所能比拟。\n酒精麻醉了她的知觉，少女意识几近崩溃，只能失魂落魄地任凭快感的浪潮将自己一遍遍拍碎。\n{anal}疯狂地收缩绞紧，大股肠液喷涌般淌落，甚至带出一小簇喷射。\n她醉得面色潮红，眼神涣散地颤抖着蜷缩起娇躯，在这场敏感度攀升后炸开的强绝顶里彻底沉沦失控。
2319,action_part_a_orgasm_strong_A,0,t_unconscious_flag_2,迷醉中的{TargetName}蓦地弓起脊背发出一阵急颤，{anal}在此前接连不断的绝顶之后敏感度陡然升级，这一次骤然爆发的是异常猛烈的强绝顶。\n酒意深浓，少女的神志几乎被这股席卷而来的快意冲垮，只留下微弱的呻吟和本能的战栗。\n{anal}一下下狠狠翕合痉挛，温热黏腻的肠液大量倾泻，隐隐还有小幅的喷洒。\n她醉红的脸失了控般抽搐颤动，酥软的身子在博士身旁瘫倒，将这远胜普通绝顶的强烈高潮无遮无掩地释放出来。

2320,action_part_a_orgasm_strong_A,0,t_unconscious_flag_3,时间静止的世界里，一切都凝固了，{TargetName}保持着方才的姿势一动不动。\n{anal}在这停滞的刹那被一阵极强的绝顶攫住，剧烈绞缩的弧度被永远定格，那是远超寻常绝顶的强烈痉挛，却在停止的时间中化作一尊静默的雕像。\n连续多次的高潮早已把这里的敏感推上了新的台阶，这次强绝顶本该让她失神颤栗，可停摆的时间抹去了她的一切反应，她毫无知觉地维持着原样。\n大量肠液自{anal}深处翻涌而出，却在半空中悬停凝滞，晶亮的一线被时间牢牢锁住，而她对这一切一无所知。
2321,action_part_a_orgasm_strong_A,0,t_unconscious_flag_3,在被按下暂停的时间里，{TargetName}如同被禁锢的静像般凝止不动，毫无知觉，也毫无反应。\n{anal}正迎来一场远比普通绝顶更猛烈的强绝顶，连续绝顶累积起来的敏感让这次收缩剧烈得近乎失控，可这一切都被静止的时间死死定住。\n那本该翻搅全身的强烈快意，如今只化作一具凝固的躯壳，{anal}绞紧的姿态被永恒地封存在这一瞬。\n汹涌的肠液自深处大量涌出，甚至微微喷溅，却在停滞的空气里凝成一道静止的痕迹，博士静静看着这具毫无反应的身体。
2322,action_part_a_orgasm_strong_A,0,t_unconscious_flag_3,时间的流动被彻底掐断，四周一片死寂，{TargetName}僵在原地，连一根睫毛都不曾颤动。\n就在这凝固的空隙中，{anal}被一记极强的绝顶狠狠贯穿，那是敏感度攀上新台阶后才有的猛烈痉挛，强度远胜从前任何一次寻常的绝顶。\n然而停摆的时间夺走了她的失神与颤栗，她无从感知，也无从躲避，只能维持着那副静止的模样。\n伴随强绝顶而来的大量肠液从{anal}汹涌溢出，却被时间凝住了流淌的轨迹，博士得以将这失控的绝顶尽收眼底。
2323,action_part_a_orgasm_strong_A,0,t_unconscious_flag_3,停止的时间将整个世界钉在原处，{TargetName}保持着先前的姿态一丝不动，宛如被抽走了灵魂的精致人偶。\n{anal}此刻正被一场强绝顶所席卷，这是它连续高潮多次、敏感登上新阶后迸发的剧烈绝顶，痉挛的烈度早已远远盖过寻常的绝顶。\n可在这被冻结的一刻，她所有本该有的失控反应都被无声地封印，毫无知觉地静止着。\n浓稠的肠液自{anal}大量翻涌而出，凝滞在停摆的时空之中，而她对这场发生在自己身上的猛烈绝顶浑然不觉。
2324,action_part_a_orgasm_strong_A,0,t_unconscious_flag_3,整片时空被按停，唯有博士能在这寂静里自由行动，{TargetName}则维持着原样凝止，毫无反应。\n{anal}被一波极为强烈的绝顶紧紧攫住，连番绝顶把这里的敏感推高了一个层次，这次强绝顶的痉挛剧烈到几乎要冲垮意识，却在静止的时间里被定格成永恒。\n她感受不到，也回应不了，只是保持着那个姿势一动不动，任由这场超越寻常的绝顶悄然发生。\n大量的肠液自{anal}深处涌出并微微喷出，在凝固的时间中悬停不落，静静诉说着这具躯体正经历的失控。

2325,action_part_a_orgasm_strong_A,0,t_unconscious_flag_4,{TargetName}的身体毫无预兆地剧烈震颤了一下，{anal}猛地一阵剧烈的痉挛绞缩，一波远比寻常更为凶猛的强烈绝顶骤然席卷了她的全身。\n这是在连续多次绝顶之后敏感度攀上新台阶所迎来的强绝顶，其烈度远远超越了以往任何一次普通的高潮，几乎将她的意识都冲得失了神。\n然而即便被这样凶猛的快感浪潮拍打着，她脸上却依旧维持着一种奇异的平静，仿佛这般剧烈的绝顶不过是理所当然、再普通不过的生理反应。\n大量温热的肠液自{anal}深处汹涌流淌而出，她的腰肢反复弓起又瘫软，四肢失控地颤栗，唯有那双眼眸依旧波澜不惊地承受着这一切。
2326,action_part_a_orgasm_strong_A,0,t_unconscious_flag_4,一阵异常猛烈的绝顶毫无征兆地贯穿了{TargetName}的全身，{anal}疯狂地痉挛翕张着，绞缩的力道远超从前任何一次。\n在这个部位接连绝顶了太多次之后，它的敏感与快感已悄然跃上了一个全新的台阶，于是这一次的高潮凶猛得几乎要将她的神志彻底冲垮。\n可她的神情却平静得近乎诡异，既没有羞耻也没有欢愉，只是理所当然地接纳着这场剧烈的绝顶，仿佛这原本就是一件天经地义的寻常小事。\n{anal}深处涌出的大量肠液顺着颤抖的腿根淌落，甚至伴着一小股喷溅，她只是安静地承受，任凭这远胜寻常的强烈快感在体内肆意奔涌。
2327,action_part_a_orgasm_strong_A,0,t_unconscious_flag_4,{TargetName}整个人蓦地绷紧，随即又剧烈地颤栗起来，{anal}一下下深重地绞缩收紧，一场远比平常更为激烈的绝顶将她整个吞没。\n这并非寻常的高潮，而是在这处连续攀上多次顶峰后、敏感度被磨得更高一阶所迎来的强烈绝顶，快感之烈几乎叫她失神。\n然而她那被催眠得平和的意识里没有丝毫波澜，只是把这翻涌的剧烈快意当成再自然不过的事，平静地全盘接纳。\n浓稠的肠液大量地自{anal}汩汩溢出，她的四肢无力地抽搐，腰身深深弓起，唯有神色依旧淡然，安静得仿佛什么都未曾发生。
2328,action_part_a_orgasm_strong_A,0,t_unconscious_flag_4,猛然间，一波强度惊人的绝顶自下腹深处炸开，{TargetName}的娇躯剧烈地弹动了一下，{anal}不受控制地连续痉挛绞紧。\n这一次的顶峰远远凌驾于以往的普通绝顶之上，是这处经历了一次又一次绝顶后、感度更上一层楼才迸发出的强烈高潮，几乎要将她的意识淹没。\n她却始终维持着那份被催眠后特有的平静，脸上不见半点慌乱或沉醉，只把这剧烈到失控的快感看作理所应当的平常反应。\n{anal}深处大量的肠液汹涌而下，她微微颤抖着，腰肢一次次弓起再软落，神情却平和得像是在做一件毫不稀奇的日常琐事。
2329,action_part_a_orgasm_strong_A,0,t_unconscious_flag_4,{TargetName}的身子骤然一僵，紧接着便剧烈地痉挛颤动起来，{anal}疯狂地绞缩翕动，一场远超寻常烈度的强绝顶将她彻底笼罩。\n这是在此处连番绝顶、敏感度节节攀升之后才迎来的一次极强高潮，其汹涌程度远非普通绝顶可比，几乎冲散了她的神志。\n可她的表情依然平静无波，既不抗拒也不迷醉，只是理所当然地接受着这一切，仿佛这般剧烈的绝顶本就是稀松平常之事。\n伴随着{anal}深处大量肠液的奔涌流泻，她的双腿失控地轻颤乱蹬，腰背反复起伏，唯有那张脸依旧淡然从容地承受着这场凶猛的快感风暴。

2330,action_part_a_orgasm_strong_A,0,t_unconscious_flag_5,{TargetName}依旧专注于手头的事务，对周身席卷而来的一切恍若未觉。\n可{anal}却毫无预兆地猛然绞紧，一场远比以往凶猛的绝顶骤然贯穿了她的下身，这是在连番攀顶无数次后敏感度陡然跃升一个台阶所迎来的强烈高潮。\n{anal}疯狂地痉挛收缩着，大量温热的肠液汹涌涌出，甚至小幅喷溅飞落。\n她的腰肢不由自主地深深弓起后又脱力瘫软，眼神却始终空茫地越过{Name}望向远处，仿佛根本感觉不到这场撼动全身的强绝顶，只偶尔因躯体的剧颤而微微一滞，便又若无其事地沉回自己的世界。
2331,action_part_a_orgasm_strong_A,0,t_unconscious_flag_5,四周的空气一如往常，{TargetName}的手仍机械地忙碌着自己的事，对体内翻涌的惊涛骇浪毫无察觉。\n{anal}忽而被一阵前所未有的强绝顶狠狠攫住，那是连续绝顶太多次后快感被顶上崭新台阶后的猛烈爆发，远远超出了寻常绝顶的烈度。\n{anal}一下下失控地深深绞缩翕张，大股肠液顺着痉挛喷涌而下，濡湿了大片。\n成熟的腰身剧烈地弓起又软塌，双腿绷得笔直又无力松开，她却只是茫然地眨了眨眼，像是什么都没有发生，继续维持着自己那副置身事外的模样。
2332,action_part_a_orgasm_strong_A,0,t_unconscious_flag_5,{TargetName}的注意力始终停留在眼前的工作上，对下身炸开的剧烈快感浑然不觉。\n{anal}在这一刻迎来了一场凶悍的强绝顶，那是历经无数次连续攀顶、敏感度被推高一层之后才会到来的猛烈高潮，其强度远非普通绝顶可比。\n{anal}疯狂而不受控地连续痉挛，滚烫的肠液大量翻涌溢出，甚至夹着小股喷洒。\n她纤细的腰肢深深塌陷又高高绷起，脚趾用力蜷绷，可脸上却不见丝毫波澜，视线空空地穿过{Name}投向别处，仿佛这撼人的绝顶发生在旁人身上，与她毫无干系。
2333,action_part_a_orgasm_strong_A,0,t_unconscious_flag_5,周遭一切照旧，{TargetName}仍旧不徐不疾地打理着手中的琐事，对身体深处掀起的滔天巨浪视若无物。\n{anal}冷不防被一阵远胜从前的强绝顶彻底吞没，这是接连绝顶数不清多少回后，敏感度攀上新台阶所换来的极强高潮。\n{anal}剧烈地绞缩抽搐，大量黏腻的肠液汩汩涌出，甚至小幅飞溅而落。\n她整个身子因这猛烈的冲击而失控地颤栗，腰背反复弓塌，可那双眼却依旧空洞而涣散，只短暂地失神了一瞬，便又恍若无事地回到手边的事务里。
2334,action_part_a_orgasm_strong_A,0,t_unconscious_flag_5,{TargetName}恍若一具沉浸在自我世界里的躯壳，手上的动作仍在有一搭没一搭地继续，对席卷下身的狂潮毫无反应。\n{anal}猝然被一场汹涌的强绝顶掀翻，那是连续绝顶多次后快感跃上更高台阶所引爆的剧烈高潮，远比寻常绝顶来得凶狠。\n{anal}不受控地一阵阵疯狂痉挛收紧，温热的肠液大量奔涌而出，甚至小股喷溅。\n她的腰肢深深弓起而后彻底瘫软，四肢无力地微微抽搐，神情却始终一片空白，越过{Name}怔怔望着虚空，仿佛这足以令人失神的强烈绝顶从未降临在她身上。

2335,action_part_a_orgasm_strong_A,0,target_is_player_daughter,比普通绝顶更为猛烈的强绝顶骤然从{anal}深处轰然炸裂，身为{Name}亲生女儿的{TargetName}浑身瞬间痉挛绷紧。\n在这处淫靡的秘处接连绝顶了好几回之后，那份敏感竟悄然又攀上了一个崭新的台阶，堆积已久的快感终于在此刻决堤，掀起一场远胜从前的凶猛巨浪。\n血脉相连的禁忌本该令人却步，此刻却被这股滔天的绝顶冲得七零八落，{TargetName}茫然地弓起腰肢，任由背德的羞耻与灵魂震颤般的极致快感交缠在一起，无法自拔。\n{anal}深处涌出大股滚烫的肠液，甚至伴随小幅的喷溅，将这场父女之间见不得光的强烈绝顶彻底昭示出来。
2336,action_part_a_orgasm_strong_A,0,target_is_player_daughter,一波远比普通绝顶更加汹涌的强烈绝顶猝然自{anal}深处轰然涌起，作为{Name}亲生骨肉的{TargetName}整个身子猛地绷紧又剧烈颤抖。\n这处本该纯洁无瑕的部位已在父女之间的欢愉里连续绝顶数次，敏感度不知不觉又跃升了一层，蓄积多时的快感此刻轰然爆发，酿成一场远超以往的强烈风暴。\n明知这份逾越伦常的关系不容于世，{TargetName}却还是被这股猛烈的绝顶彻底击溃，腰肢反复弓起又瘫软，任凭罪恶感与酥麻快意一同席卷全身。\n{anal}深处大量肠液汹涌涌出，甚至带出一阵小幅喷溅，将这场父女间背德的强烈绝顶展露无遗。
2337,action_part_a_orgasm_strong_A,0,target_is_player_daughter,一记比先前任何一次都更猛烈的强绝顶骤然自{anal}深处轰然袭来，身为{Name}亲女儿的{TargetName}浑身猛然绷紧，剧烈战栗不止。\n那处被父亲反复眷顾过的禁地已连续迎来数次绝顶，敏感仿佛被硬生生推上了新的高度，长久淤积的快感终于在此刻猛然迸发，卷起一场远胜普通绝顶的滔天狂潮。\n身为血亲却沦陷于这份不伦之欢，{TargetName}早已顾不得羞耻与伦理的重量，只能任由这股极致的绝顶将自己彻底吞没，腰肢一次次深深弓起又颓然垮塌。\n{anal}深处涌出大量黏稠滚烫的肠液，甚至夹带小幅喷溅，把这场父女之间的强烈绝顶渲染得淋漓尽致。
2338,action_part_a_orgasm_strong_A,0,target_is_player_daughter,一股远超普通绝顶的强烈冲击忽然从{anal}深处轰然炸开，{TargetName}作为{Name}的亲生女儿，浑身瞬间痉挛绷紧，止不住地剧烈颤抖。\n这处属于父女禁忌之欢的私密地带已连续绝顶了好几回，敏感度骤然攀上一个全新的台阶，累积已久的快感终于在此刻决堤而出，掀起一场远比往常猛烈的巨浪。\n明知这段血脉相连的关系背离伦常，{TargetName}却已无力抗拒这股强烈绝顶的席卷，腰肢反复弓起又瘫软塌落，任凭罪恶与快感在体内交织翻涌。\n{anal}深处大股肠液滚烫涌出，甚至伴随小幅喷溅飞溅，将这场父女之间见不得人的强烈绝顶尽数展现。
2339,action_part_a_orgasm_strong_A,0,target_is_player_daughter,一场远胜普通绝顶的强烈狂潮骤然自{anal}深处轰然爆发，身为{Name}血脉至亲的{TargetName}浑身猛地绷成一张满弓，剧烈痉挛不休。\n那处早已被父亲反复宠幸的禁地连续攀上绝顶数次，敏感似乎又被推高了一个新的层级，蓄积多时的快感此刻猛然决堤，卷起一场远超以往的凶猛巨浪。\n身为亲生父女却沉溺于这场不伦欢愉，{TargetName}早已管不了那么多伦理道德，只能任由这股极致的强烈绝顶将自己彻底淹没，腰肢反复深深弓起又瘫软垮落。\n{anal}深处涌出大量温热黏稠的肠液，甚至带出小幅的喷溅，把这场父女间背德至极的强烈绝顶展现得一览无余。

2340,action_part_a_orgasm_strong_A,0,t_unconscious_flag_6&t_hypnosis_blockhead,被精神操控的{TargetName}僵直地维持着原本的姿势，纤细的身子一动也不能动，可{anal}却违背她的意志猛然绞紧，掀起一场远比寻常更加剧烈的绝顶。\n在这个部位连续攀顶了太多次之后，那里的敏感早已被磨到了一个全新的高度，此刻积攒到极限的快感一齐炸开，凶狠地贯穿她无法挣动的下身。\n{anal}疯狂地痉挛翕张，大量温热的肠液不受控制地汩汩涌出，甚至带着细小的喷溅，将她被迫敞开的私处彻底浸透。\n意识清醒的她只能睁着失神的双眼，任由这股几乎将神志冲垮的强烈绝顶碾过全身，心底满是无处宣泄的羞耻与战栗。
2341,action_part_a_orgasm_strong_A,0,t_unconscious_flag_6&t_hypnosis_blockhead,{TargetName}被无形的操控牢牢定在原地，四肢像失去了知觉般无法挪动分毫，然而{anal}偏偏不听使唤，骤然掀起一波凶猛至极的绝顶浪潮。\n经历了一次又一次的连续攀顶，这处早已敏感到了骇人的地步，如今积蓄已久的快感终于决堤，把她这具动弹不得的身躯彻底淹没。\n{anal}一下一下地剧烈收缩绞拧，滚烫的肠液大股大股地向外淌落，隐约还夹着几缕喷线，顺着她合不拢的股缝蜿蜒流下。\n她的神志分明还清醒着，却只能被这远超以往的强绝顶硬生生贯穿，眼神涣散，喉间溢出压抑不住的颤音。
2342,action_part_a_orgasm_strong_A,0,t_unconscious_flag_6&t_hypnosis_blockhead,操控的力量将{TargetName}钉成一尊无法动弹的活雕像，纤秀的躯体连一根手指都抬不起，可{anal}却自作主张地狂乱抽搐，迎来一场惊人的强烈绝顶。\n在这个部位反复登顶数次之后，那里的感度陡然拔高了一整个台阶，堆积到顶点的快意此刻轰然倾泻，粗暴地灌满她无力抗拒的下体。\n{anal}疯狂地绞紧又松开，大量黏稠的肠液毫无节制地喷涌而出，将她被迫张开的秘处冲刷得一片狼藉。\n清明的意识让她清清楚楚地感受着这几乎冲垮理智的绝顶，无声的羞耻在她失神的眼底翻涌不休。
2343,action_part_a_orgasm_strong_A,0,t_unconscious_flag_6&t_hypnosis_blockhead,因精神支配而僵在原处的{TargetName}，浑身肌肉都不受自己调遣，唯有{anal}违逆着她的心意猝然收束，炸开一阵远比平日凶悍的极强绝顶。\n这处敏感的所在已被接连不断的攀顶反复研磨，如今跃升到崭新高度的快感一股脑地释放出来，将她钉死般的身子从内里贯穿。\n{anal}剧烈而失控地连连抽搐，成股的滚热肠液止不住地漫溢下淌，甚至有细流被绞挤着喷洒而出。\n她眼睁睁地清醒着，却拿这股几乎将神魂击碎的强绝顶毫无办法，只能任凭羞耻与战栗在动不了的躯壳里疯狂乱窜。
2344,action_part_a_orgasm_strong_A,0,t_unconscious_flag_6&t_hypnosis_blockhead,{TargetName}被操控得动弹不得，连躲闪都成了奢望，纤细的身躯僵在半空，而{anal}却不由分说地猛烈痉挛，掀起一场凌驾于寻常绝顶之上的强烈高潮。\n在这个地方连番冲顶之后，那里的敏感被推上了一个前所未有的台阶，蓄积到爆裂边缘的快感尽数迸发，无情地贯穿她瘫软不得的下身。\n{anal}翻来覆去地狠狠绞缩，大量温热的肠液汹涌淌出，还夹着零星喷溅，将她被迫敞开的花穴口浸得湿淋淋一片。\n意识始终清醒的她只觉神志被这股强绝顶冲得摇摇欲坠，满心的屈辱与酥麻却连一丝都发泄不出去。

2345,action_part_a_orgasm_strong_A,0,t_unconscious_flag_6&t_hypnosis_active_h,被精神操控着的{TargetName}主动挺动腰肢承接着一次次冲击，{anal}在接连多次绝顶后敏感度骤然攀上了一个崭新的台阶。\n积蓄到顶点的快感终于轰然引爆，一场远比寻常绝顶更为凶猛的强绝顶将她整个人吞没，{anal}剧烈而不受控制地连续痉挛绞缩着。\n她的身体违背意愿地热切迎合追逐着这灭顶般的快意，理智却在羞耻与惊惶中几乎被彻底冲垮。\n伴随着这场强烈的绝顶，大量滚烫的肠液从{anal}深处汹涌溢出，甚至夹着小幅的喷溅，无声宣告着这次高潮的非同寻常。
2346,action_part_a_orgasm_strong_A,0,t_unconscious_flag_6&t_hypnosis_active_h,在心控的驱使下，{TargetName}的胴体主动淫荡地扭摆着追欢，{anal}历经连番绝顶早已敏感得攀上了新的高度。\n此刻堆叠到极致的快感一齐迸发，掀起一阵远超普通绝顶的强烈高潮，{anal}疯狂地翕张绞缩，一阵紧似一阵的收缩几乎将她仅存的神智撕裂。\n身体主动的沉沦与心底拼命的抗拒撕扯着她，令她在失神的颤栗里既羞且乱。\n浓稠的肠液成股地自{anal}翻涌而出，将这场凌驾于以往一切绝顶之上的剧烈快感尽数倾泻出来。
2347,action_part_a_orgasm_strong_A,0,t_unconscious_flag_6&t_hypnosis_active_h,被操控的{TargetName}不受心意支配地主动摇摆着丰润的臀迎合深处的律动，{anal}在多次连续攀顶后感度已跃升一级。\n蓄满的快感终于失控溃堤，一场比以往任何一次都更加汹涌的强绝顶轰然降临，{anal}剧烈地连续抽搐收紧，快感几乎将她的意识冲得七零八落。\n她心里明明抗拒着这份失控，身体却背叛般地热烈索求，令她在灭顶快意中失神战栗。\n大量温热黏腻的肠液随之奔涌而出，将这次远胜寻常的强烈绝顶无声地描摹了出来。
2348,action_part_a_orgasm_strong_A,0,t_unconscious_flag_6&t_hypnosis_active_h,{TargetName}被精神控制得主动献媚，腰臀违心地迎着深处一下下顶弄，{anal}在接连绝顶之后敏感度已然登上了全新台阶。\n此刻积攒到极限的快感骤然炸裂开来，一场远比标准绝顶更为剧烈的强绝顶将她整个吞噬，{anal}狂乱地连续痉挛绞缩个不停。\n身体的主动淫荡与内心的惊慌羞耻激烈交织，令她在近乎崩溃的快感洪流里失神颤抖。\n汹涌的肠液自{anal}成波涌出并伴着小幅喷溅，宣告着这场超越以往的强烈高潮已然到来。
2349,action_part_a_orgasm_strong_A,0,t_unconscious_flag_6&t_hypnosis_active_h,在心灵操纵下，{TargetName}的身体自发地扭动腰肢主动承欢，{anal}在一连串绝顶的洗礼后敏感度攀升到了从未有过的层级。\n被反复堆叠的快感终于一齐奔涌而出，掀起一阵凶猛得远超普通绝顶的强烈高潮，{anal}不受控制地连番剧烈绞缩收紧，几乎冲垮她全部的意识。\n她的躯体热情地沉沦其中，心底却翻涌着抗拒与羞赧，在极致快意里失神发颤。\n大量肠液顺着这场剧烈的强绝顶自{anal}深处翻涌流淌，将这份非比寻常的快感彻底释放。

2350,action_part_a_orgasm_strong_A,0,CVP_A2_T|104_E_1,连续绝顶了太多次的{anal}此刻敏感度骤然跃上了一个全新的台阶，青春靓丽的{TargetName}在{SceneName}里娇躯猛地一僵，随即迎来了一场远超以往的猛烈绝顶。\n{anal}疯狂而失控地一阵阵痉挛绞缩，积攒已久的滔天快感如决堤般轰然炸开，冲得年轻的少女几乎失神，稚嫩的脸蛋涨得通红，眼神涣散又迷离。\n大量温热的肠液汹涌涌出，甚至伴着小幅的喷溅顺着颤抖的腿根淌落，青涩娇嫩的身体在{Name}面前彻底沦陷于这场剧烈的高潮之中。
2351,action_part_a_orgasm_strong_A,0,CVP_A2_T|104_E_1,在同一处敏感点被反复推上绝顶无数次后，{TargetName}的{anal}快感终于攀升到了一个崭新的高度，年轻的身子毫无预兆地剧烈弹动起来。\n这一次的绝顶远比寻常的普通高潮来得凶猛，{anal}不受控制地连连抽搐紧缩，一波高过一波的快感将少女的意识冲得七零八落。\n她青春的腰肢深深弓起又猛然瘫软，大量肠液伴随着痉挛咕噜噜地涌泄而出，娇嫩的面容失控地扭曲着，充满活力的躯体在{SceneName}中止不住地颤栗失神。
2352,action_part_a_orgasm_strong_A,0,CVP_A2_T|104_E_1,{TargetName}的{anal}在一次次连绵的绝顶后敏感度悄然登上了新的台阶，此刻一股空前猛烈的强绝顶毫无征兆地席卷了她青春的全身。\n远超普通绝顶的极致快感如潮水般漫过，{anal}疯狂地收缩翕张，将积蓄已久的快感一齐倾泻，冲得年轻的少女几乎意识模糊、失神颤抖。\n滚烫的肠液大量地喷涌而下，青涩而富有弹性的身体在{Name}身旁剧烈痉挛，娇羞的脸上写满了被快感彻底击溃的迷乱神色。
2353,action_part_a_orgasm_strong_A,0,CVP_A2_T|104_E_1,被连续送上绝顶的{anal}敏感度已然跨过了一道全新的门槛，{TargetName}那具青春洋溢的少女躯体骤然绷紧到极点，随即爆发出一场惊人的强烈绝顶。\n这远比以往任何一次普通高潮都要凶狠，{anal}不由自主地剧烈痉挛绞紧，翻涌的快感将她年轻的神智冲刷得一片恍惚。\n大量肠液裹挟着小幅的喷溅倾泻而出，浸湿了颤抖的腿根，稚气未脱的{TargetName}在{SceneName}里失控地喘息颤栗，彻底陷落在这场汹涌的绝顶里。
2354,action_part_a_orgasm_strong_A,0,CVP_A2_T|104_E_1,一连串的绝顶把{anal}的敏感度硬生生顶上了一个更高的层级，{TargetName}青春靓丽的身躯在{SceneName}中猛地一颤，一场远胜从前的强绝顶轰然降临。\n{anal}发狂似地一阵阵绞缩抽搐，积攒到极限的快感终于奔涌释放，将年轻少女的意识冲得几近崩散，明亮的双眸瞬间失了焦。\n温热黏腻的肠液大量地淌泄而出，青涩娇柔的躯体不受控制地剧烈痉挛，{TargetName}在{Name}面前彻底败给了这股汹涌到失神的极致快感。

2355,action_part_a_orgasm_strong_A,0,CVP_A2_T|105_E_1&high_1,{TargetName}成熟而尚带青涩的娇躯在{SceneName}里猛然彻底绷紧，一场远比先前更为猛烈的绝顶轰然袭来。\n她的{anal}早已在连番的高潮中被反复攀上顶点，敏感度一路被推高到了全新的台阶，此刻积攒到极致的快感终于一齐炸裂开来。\n{anal}疯狂而不受控制地连续痉挛绞缩，剧烈程度远远盖过了之前任何一次普通绝顶。\n大量温热黏腻的肠液自深处汹涌翻涌而出，甚至随着括约肌的猛烈收缩小幅喷洒出来。\n那张兼具大姐姐成熟韵味与少女般青涩的面庞失神地扬起，成熟的身体在这前所未有的强绝顶中剧烈战栗不已。
2356,action_part_a_orgasm_strong_A,0,CVP_A2_T|105_E_1&high_1,随着又一波更为凶猛的快感冲上顶点，{TargetName}成熟的身躯在{SceneName}中失控地弓成一道深弧。\n多次连续的绝顶早已将她的{anal}磨得敏感异常，感度攀上了一个崭新的高度，此刻这一记强绝顶比以往任何一次都要来得凶狠。\n{anal}深处剧烈地翻搅绞缩，一阵接一阵地疯狂收紧又翕张，把这次远超寻常的强烈绝顶诠释得淋漓尽致。\n汹涌的肠液大股大股地涌出，浸得下身一片狼藉，还带着几分小幅的喷溅。\n她那本想维持从容的成熟脸庞彻底失守，露出与其大姐姐气质格格不入的失神与慌乱。
2357,action_part_a_orgasm_strong_A,0,CVP_A2_T|105_E_1&high_1,这一次的绝顶来得格外凶猛，{TargetName}丰满成熟的胴体在{SceneName}里剧烈痉挛，几乎被这股洪流般的快感彻底冲垮。\n她的{anal}在一次次连续绝顶后早已被开发到了新的境地，敏感度陡然拔高了一个档次，令这记强绝顶远远凌驾于寻常之上。\n{anal}毫无节制地连续抽搐绞紧，收缩的力道与频率都远胜从前，把强绝顶特有的猛烈展露无遗。\n温热的肠液成股淌落，量大得惊人，随着剧烈的收缩还夹带着小幅的喷洒。\n成熟与青涩交织的她在这股远超以往的强烈快感里彻底失神，连一贯的沉稳都荡然无存。
2358,action_part_a_orgasm_strong_A,0,CVP_A2_T|105_E_1&high_1,{TargetName}成熟饱满的身体在{SceneName}中骤然剧烈震颤，一场凌驾于普通绝顶之上的强绝顶将她整个人淹没。\n连续多次的高潮已把她的{anal}推上了一个前所未有的敏感台阶，积蓄至满溢的快感在这一刻尽数爆发。\n{anal}近乎癫狂地连续绞缩痉挛，剧烈的收缩一波紧接一波，其烈度令先前的每一次绝顶都相形见绌。\n大量滚烫的肠液自深处翻涌奔泻而出，甚至伴着括约肌的猛烈抽搐小幅喷射。\n她那张平日里透着大姐姐般可靠从容的脸此刻却失控地扭曲着，成熟的躯体在极致的强绝顶里颤栗不休。
2359,action_part_a_orgasm_strong_A,0,CVP_A2_T|105_E_1&high_1,又一记远比寻常凶狠的绝顶轰然降临，{TargetName}成熟的娇躯在{SceneName}里失控地绷紧战栗。\n她的{anal}在接连不断的绝顶后敏感度已跃上了一个崭新的层级，此刻这股积攒到顶点的快感终于彻底释放。\n{anal}疯狂地连续痉挛翕张，绞缩得又深又急，把这次强绝顶远胜普通绝顶的猛烈刻画得入木三分。\n汹涌的肠液大量喷涌溢出，浸湿了一大片，还随着剧烈收缩小幅飞溅出去。\n这位兼有成熟与青涩的大姐姐在这前所未有的强烈冲击下彻底失神，成熟的身体只顾着不受控制地颤抖。

2360,action_part_a_orgasm_strong_A,0,CVP_A2_T|106_E_1&high_3,连续多次的绝顶早已将{TargetName}成熟丰腴的身体推上了一个全新的敏感台阶，此刻积攒到极致的快感终于在{anal}深处轰然炸裂开来，一场远比寻常绝顶更为凶猛的强烈绝顶将她整具熟透的躯体彻底淹没。\n{anal}疯狂而失控地一阵阵绞缩痉挛，成熟的腰肢深深弓起又无力瘫软，丰满的胸脯剧烈起伏，妩媚的脸庞在{Name}面前失神地扭曲变形。\n大量温热的肠液从{anal}汹涌溢出，甚至伴着小幅的喷洒，将这个饱经世事的熟女在{SceneName}里的极致失控毫无保留地展露了出来。
2361,action_part_a_orgasm_strong_A,0,CVP_A2_T|106_E_1&high_3,在{anal}反复攀上巅峰又跌落数次之后，敏感度悄然跃升了一整个层次，如今这一波终于奔涌而至的强烈绝顶，凶猛得远超{TargetName}过往任何一次的高潮体验。\n熟透风韵的躯体不受控制地大幅痉挛起来，{anal}深处一波接一波地狠狠绞紧又骤然松开，成熟妇人特有的丰腴曲线在剧烈的抽搐中彻底失了矜持。\n她意识几乎被这股铺天盖地的快感冲垮，只知本能地迎合，浓稠的肠液成股地从{anal}涌泄而出，将她那副老练又淫荡的模样赤裸裸地暴露在{Name}眼前。
2362,action_part_a_orgasm_strong_A,0,CVP_A2_T|106_E_1&high_3,这已不是寻常那种完整的绝顶了，历经{anal}连番迭起的高潮冲刷，成熟的身子敏感得更上一层楼，积蓄至满溢的快感一齐倾泻，掀起一场几乎要将{TargetName}整个人吞没的强烈绝顶。\n{anal}剧烈地连续抽搐绞动，丰腴的臀肉与大腿肌肉一同绷得死紧，风韵犹存的面孔上写满了失神与迷乱。\n温热黏腻的肠液大量翻涌而出，甚至小幅地喷溅开来，把这个理论老到的熟女在{SceneName}中被快感彻底击溃的淫态尽数呈现给了{Name}。
2363,action_part_a_orgasm_strong_A,0,CVP_A2_T|106_E_1&high_3,一次又一次的绝顶把{TargetName}那具成熟身躯的敏感阈值抬到了崭新的高度，此番喷薄而出的强烈绝顶带着远胜以往的凶猛力道，狠狠贯穿了她饱满丰润的全身。\n{anal}近乎失控地剧烈绞缩个不停，熟女丰腴的腰肢深深弓起后又软塌下去，成熟的双腿失神地打着颤，风情万种的脸颊涨得通红。\n大量肠液自{anal}奔涌溢出，将这个阅历丰富、身子却诚实得不像话的成熟女人在{Name}面前的极致沉沦，直白得近乎羞耻地铺陈开来。
2364,action_part_a_orgasm_strong_A,0,CVP_A2_T|106_E_1&high_3,{anal}接连数度攀顶之后，那处的敏感与快感悄然升上了一个全新的台阶，长久积攒的快意终于在这一刻决堤，化作一场凶猛得让{TargetName}成熟躯体彻底招架不住的强烈绝顶。\n她丰腴熟透的身子剧烈痉挛着，{anal}一下下失控地狠狠收缩绞动，成熟妩媚的表情近乎失守，丰满的酥胸随着紊乱的喘息大幅颤动。\n浓稠温热的肠液成量地从{anal}涌流而出，将这位老练风骚的熟女在{SceneName}里被快感冲刷得魂飞魄散的模样，淋漓尽致地展现在了{Name}的眼前。