cid,type_id,adv_id,premise,context
组件id,组件类型名,组件限定的剧情npcid,前提id,组件内容
str,str,int,str,str
0,0,0,0,1
组件配置数据,,,,

1000,action_part_a_orgasm_normal_A,0,CVP_A2_T|102_E_1&CVP_A2_A|5_LE_3,娇小稚嫩的{TargetName}那具幼小的身子猛地绷紧了一下，随即像退潮般层层瘫软下来，一波完整而清晰的绝顶快感如海浪般席卷了整个小腹。\n{anal}一下下强烈而有节奏地痉挛收缩着，将这股正常烈度的高潮完整地释放出来，不再是先前那种若有若无的浅浅酥麻。\n对肠道刺激本就迟钝的她这次却实打实地被推上了顶峰，稚气的小脸涨得通红，圆圆的眼睛蒙上一层水雾，意识开始变得恍惚模糊。\n细嫩的腰肢高高弓起又无力垂落，纤细的小腿绷直颤抖，{anal}深处较为明显地淌出温热的肠液，将那处稚嫩浸得湿漉漉的。
1001,action_part_a_orgasm_normal_A,0,CVP_A2_T|102_E_1&CVP_A2_A|5_LE_3,一阵完整而汹涌的快感毫无预兆地贯穿了{TargetName}幼小的身体，稚嫩的小身子剧烈一颤，四肢下意识地紧紧绷起。\n{anal}一波接一波地收紧又松开，规律而强烈地痉挛着，把这次货真价实的绝顶高潮的每一分反应都完整地展现出来。\n平日里对后穴刺激反应平淡的她，此刻却被这股正常强度的高潮彻底裹挟，天真的脸蛋写满了茫然，小嘴无意识地微微张开，急促地喘息着。\n幼嫩的腰肢反复抽搐，脚趾蜷缩得死紧，{anal}随着高潮的余韵不住颤动，较多的肠液顺着那道稚嫩的缝隙缓缓渗流而出。
1002,action_part_a_orgasm_normal_A,0,CVP_A2_T|102_E_1&CVP_A2_A|5_LE_3,快感在{TargetName}小小的身体里终于汇聚成一场完整的绝顶，幼小的躯体骤然弓成一道紧绷的弧线，而后重重地软塌下去。\n{anal}强烈而有节奏地一缩一放，将这份正常烈度的高潮尽数宣泄，那种典型绝顶该有的痉挛与抽搐在她稚嫩的下身悉数上演。\n感官迟钝的后穴平日难得有这般剧烈的反应，此刻却被快感的浪潮彻底淹没，稚气未脱的脸庞泛起大片潮红，意识渐渐飘散涣散。\n单薄的小腹一下下抽动，纤细的大腿绷得笔直又微微发颤，{anal}深处溢出的肠液较之先前明显多了许多，濡湿了整片娇嫩。
1003,action_part_a_orgasm_normal_A,0,CVP_A2_T|102_E_1&CVP_A2_A|5_LE_3,完整的绝顶快感如潮水般漫过{TargetName}稚嫩的全身，幼小的身子先是狠狠一僵，紧接着无力地瘫软颤栗起来。\n{anal}深处传来一阵阵强烈而规律的痉挛，收缩得又紧又急，把一次正常强度绝顶高潮的典型反应完完整整地释放了出来。\n对肛肠刺激素来不甚敏感的她，这回却结结实实地攀上了顶峰，懵懂的小脸满是慌乱与迷茫，呼吸变得急促而凌乱。\n娇小的腰身反复弓起又落下，稚嫩的双腿无力地夹紧又摊开，{anal}随之较为明显地淌出温热黏腻的肠液，一点点浸湿了幼嫩的臀缝。
1004,action_part_a_orgasm_normal_A,0,CVP_A2_T|102_E_1&CVP_A2_A|5_LE_3,这一次汹涌完整的高潮终于将{TargetName}幼小的身体彻底吞没，稚嫩的躯体绷紧到极点后又如断了线般层层软倒。\n{anal}剧烈而有节律地反复痉挛收缩，一波波席卷而来的快感将这场正常烈度的绝顶完整地铺展开来，远比先前的浅尝更为饱满。\n即便她那处后穴平素感觉迟钝寡淡，此刻也被这股完整的快感浪潮冲得毫无招架之力，天真的脸上浮起深深的红晕，眼神开始涣散模糊。\n单薄的小腰一次次弓起抽搐，幼细的脚趾用力蜷起，{anal}深处较明显地渗出丝丝缕缕的肠液，将稚嫩娇软的私处彻底浸润。

1005,action_part_a_orgasm_normal_A,0,CVP_A2_T|102_E_1&CVP_A2_A|5_LE_3,幼小的{TargetName}那具尚未发育的稚嫩身子猛地绷紧，{anal}一圈接一圈地骤然收窄又痉挛般地绞紧，一波完整而汹涌的快感如潮水般从后穴深处席卷至四肢百骸。\n明明她那处的敏感度低得可怜，平日里被填满时也只觉得胀，可这一刻积攒起来的快意却实实在在地冲上了一次正常的绝顶，稚气未脱的小脸涨得通红，圆亮的大眼睛失焦地泛起了水光。\n细弱的小腰不受控制地弓成一道柔嫩的弧线，纤瘦的小腿绷直又蜷起，脚趾用力地扣紧，一小股温热的肠液从收缩的{anal}边缘明显地渗流出来，比先前多了不少。\n她懵懵懂懂地不明白自己小小的身体为何会这般失控地颤抖。
1006,action_part_a_orgasm_normal_A,0,CVP_A2_T|102_E_1&CVP_A2_A|5_LE_3,一阵完整的高潮毫无预兆地贯穿了{TargetName}娇小稚嫩的身躯，{anal}密集而有力地收缩起来，将那股浪涛般的快感一波一波地推送至全身，幼嫩的躯体绷得笔直。\n她后穴的感度本就迟钝，寻常的刺激至多让她皱皱眉，可积蓄到此刻的快意终究漫过了阈值，堂堂正正地拱出了一次正常强度的绝顶，虽还未到那种极致失神的地步，却已是货真价实的高潮。\n稚嫩的脸颊烧得滚烫，细汗沁湿了额前的碎发，纤细的手指无力地蜷曲，小小的腰肢一颤一颤地抽动着，黏腻的肠液顺着痉挛的{anal}缓缓淌落，量比轻微的小峰值时更为可观。
1007,action_part_a_orgasm_normal_A,0,CVP_A2_T|102_E_1&CVP_A2_A|5_LE_3,{anal}忽然一阵猛烈的绞缩，{TargetName}那副娇小玲珑的身板随之剧烈地一颤，完整而丰沛的快感像海浪般层层叠叠地漫过她稚嫩的每一寸肌肤。\n这处地方的敏感度低微，本该只有被撑开的钝重异物感，偏偏这一次积累到极处的快意结结实实地送她攀上了一次正常的绝顶，稚气的小脸失神地仰起，微张的小嘴里溢出细碎而急促的喘息。\n瘦削的腰腹一下下地起伏，幼嫩的双腿绷得死紧又猝然松开，脚趾深深蜷进掌心，温热的肠液自不住颤缩的{anal}明显地流溢而出，比小绝顶时多了许多，却还未到大量喷涌的猛烈程度。
1008,action_part_a_orgasm_normal_A,0,CVP_A2_T|102_E_1&CVP_A2_A|5_LE_3,完整的绝顶如约而至，{TargetName}那具稚嫩单薄的身子霎时僵直，{anal}紧紧地一缩再缩，一整波酥麻炙热的快感从后穴深处轰然炸开，顺着娇小的脊背窜遍了全身。\n她那处向来感度浅淡，被填塞时也多是懵懂的胀满感，然而此刻堆叠起来的快意却真真切切地冲上了一次正常的高潮，稚嫩的眉眼皱成一团，圆润的脸蛋潮红一片，眼角沁出了生理性的泪花。\n柔软的小腰无力地弓起，纤细的脚踝绷得紧紧的，小手死死揪着不肯松开，黏滑的肠液从抽搐的{anal}一缕缕地渗出，明显多于寻常的小峰值。
1009,action_part_a_orgasm_normal_A,0,CVP_A2_T|102_E_1&CVP_A2_A|5_LE_3,一次正常而完满的绝顶骤然攫住了{TargetName}幼小的身躯，{anal}一波强似一波地收紧痉挛，饱满的快感如翻涌的浪头般席卷了她稚嫩的全身。\n即便这处的敏感度低得几乎难以唤起快意，可久久积攒的酥麻终究越过了那道坎，实打实地绽出了一次正常强度的高潮，虽不及那种极致的猛烈，却也是完整而真实的绝顶。\n稚气的小脸绷得紧紧的又慢慢化开，湿漉漉的大眼睛失了焦距，细嫩的腰肢止不住地轻颤，纤瘦的小腿夹紧又摊开，温热黏腻的肠液从颤动的{anal}显眼地渗流下来，比轻浅的小绝顶时更多了几分。

1010,action_part_a_orgasm_normal_A,0,CVP_A2_T|104_E_1&CVP_A2_A|5_G_3&CVP_A2_A|5_LE_6,青春靓丽的{TargetName}忽然绷紧了柔韧的腰身，一场完整而正常烈度的绝顶如潮水般自小腹深处轰然涌起，席卷了她青春洋溢的娇躯。\n{anal}猛地一缩，随即一波接一波有节奏地痉挛收紧，将这次真真切切的绝顶高潮展露无遗。\n少女白皙的脸颊涨得绯红，秀气的眉头紧紧蹙起，意识在这股快感浪潮里开始变得恍惚模糊，却还未被彻底冲垮。\n富有弹性的腰肢高高弓起又无力塌软，青春修长的双腿绷紧微颤，{anal}深处较为明显地淌出温热的肠液，把这具青春身子的失守悄悄泄露出来。
1011,action_part_a_orgasm_normal_A,0,CVP_A2_T|104_E_1&CVP_A2_A|5_G_3&CVP_A2_A|5_LE_6,一次货真价实的绝顶毫无预兆地攫住了{TargetName}青春的身体，快感如汹涌的浪头层层叠叠地拍打过来，把这个朝气蓬勃的少女整个卷了进去。\n{anal}剧烈而有节律地收缩痉挛着，一阵紧似一阵，正是绝顶高潮该有的完整反应。\n她那张青春靓丽的脸上写满了羞涩与慌乱，呼吸急促而凌乱，尚显青涩的心神在这汹涌的快感里第一次尝到意识发飘的滋味。\n紧实的小腹不住地抽搐，纤细的脚趾死死蜷起，{anal}明显地渗出比往常更多的黏腻肠液，无声诉说着这场完整绝顶的烈度。
1012,action_part_a_orgasm_normal_A,0,CVP_A2_T|104_E_1&CVP_A2_A|5_G_3&CVP_A2_A|5_LE_6,{TargetName}那具青春洋溢的身子猛然一僵，随即被一场完整而标准的绝顶彻底淹没，酥麻的快感像海浪一样一波波漫过全身。\n{anal}节奏分明地紧缩又松开，反复痉挛着将这次正常强度的高潮宣泄得淋漓尽致，却仍不及那种极致失控的地步。\n青涩矜持的她又羞又慌，明亮的眼眸里蒙上一层朦胧水雾，意识在快感的反复冲刷下渐渐模糊起来。\n青春的腰肢诚实地弓起，修长双腿绷得笔直又微微发颤，{anal}较为明显地流出温热肠液，把这份少女的失控烘托得愈发淫靡。
1013,action_part_a_orgasm_normal_A,0,CVP_A2_T|104_E_1&CVP_A2_A|5_G_3&CVP_A2_A|5_LE_6,完整的绝顶高潮终于在{SceneName}里将{TargetName}青春的身体牢牢裹挟，一浪高过一浪的快感自后穴深处翻涌而上，冲得这青春靓丽的少女浑身战栗。\n{anal}强烈而有规律地收缩抽搐着，把绝顶该有的每一处典型反应都清晰地呈现出来。\n她那张洋溢着青春朝气的脸满是又羞又喜的神情，急促的喘息断断续续，尚带青涩的意识在这股洪流里开始飘忽恍惚。\n柔韧的腰身反复弓起，青春的大腿夹紧又松开，{anal}汩汩淌出较为明显的黏滑肠液，把这具靓丽躯体的沦陷描摹得一清二楚。
1014,action_part_a_orgasm_normal_A,0,CVP_A2_T|104_E_1&CVP_A2_A|5_G_3&CVP_A2_A|5_LE_6,青春靓丽的{TargetName}蓦地整个绷紧，一场完整而正常烈度的绝顶自小腹深处炸裂开来，快感如决堤的潮水铺天盖地地席卷了她朝气蓬勃的身躯。\n{anal}一下下有力地痉挛收紧，紧致的收缩一波连着一波，将这次真正意义上的绝顶高潮演绎得完完整整。\n少女白净的脸蛋红透，青春的眉眼间既有初尝快感的沉醉又有难以自控的娇羞，意识开始被这快感浪潮搅得朦胧发飘。\n纤细的腰肢高高扬起再颓然落下，青春的双足脚趾紧紧抓挠，{anal}较为明显地溢出温热肠液，悄然宣告着这场绝顶的真实与彻底。

1015,action_part_a_orgasm_normal_A,0,CVP_A2_T|105_E_1&CVP_A2_A|5_G_3&CVP_A2_A|5_LE_6,随着一波完整而汹涌的快感自肠道深处猛然炸开，{TargetName}那具成熟丰腴的身体骤然剧烈痉挛起来，{anal}强烈而有节奏地一阵阵收缩绞紧，将这场彻彻底底的绝顶宣泄得淋漓尽致。\n这已不是那种浅尝辄止的小峰值，而是一次完整、正常烈度的绝顶高潮，快感如海浪般层层席卷全身，却还未到那种失控崩溃的极端地步。\n她成熟的腰肢明显地向上弓起，修长的双腿绷得笔直而后又无力颤抖，小腹反复抽搐，急促失序的喘息里既有大姐姐的成熟风韵，又透着一丝掩不住的青涩慌乱，{anal}深处有较为明显的肠液缓缓渗流而出。
1016,action_part_a_orgasm_normal_A,0,CVP_A2_T|105_E_1&CVP_A2_A|5_G_3&CVP_A2_A|5_LE_6,完整的绝顶如潮水般轰然涌上，{TargetName}早已成熟的娇躯毫无保留地绷紧战栗，{anal}一波接一波强烈地痉挛收缩着，把这次标准烈度的高潮尽数展露出来。\n这是绝顶该有的一切典型反应——腰部深深弓起，四肢时而绷直时而颤抖，饱满的臀部不受控制地耸动，成熟的面庞染上艳红，意识已开始变得模糊恍惚，却还未被彻底冲垮。\n她那介于成熟与青涩之间的神态在此刻尽显无遗，既想端庄地承受又忍不住失态地颤栗，随着一阵阵收缩，{anal}里有比先前更多的肠液明显地淌落下来。
1017,action_part_a_orgasm_normal_A,0,CVP_A2_T|105_E_1&CVP_A2_A|5_G_3&CVP_A2_A|5_LE_6,一股完整而充盈的快感在肠道深处骤然攀至顶峰，{TargetName}成熟的身子随之剧烈地一颤，{anal}紧接着强烈而绵密地收缩绞动，将一次正常烈度的绝顶完完整整地演绎出来。\n快感如层层叠叠的浪头席卷了她的全身，那份完整远超浅薄的小高潮，却又未曾达到令人彻底失控的极致程度。\n丰润的腰线明显地弓起又落下，成熟修长的双腿情不自禁地夹拢绷紧，脚趾深深蜷缩，急促的呼吸乱成一片，眉眼间流露出成熟女子难得的迷乱与青涩，{anal}深处渗出的肠液比方才要明显许多。
1018,action_part_a_orgasm_normal_A,0,CVP_A2_T|105_E_1&CVP_A2_A|5_G_3&CVP_A2_A|5_LE_6,绝顶的浪潮完整地拍打上来，{TargetName}那具丰满成熟的胴体骤然弓成一道紧绷的弧线，{anal}随之强烈而有规律地一阵阵痉挛收紧，把这场标准而彻底的高潮宣泄无遗。\n这是一次正常强度的完整绝顶，该有的典型反应无一缺席——小腹反复抽搐，四肢绷紧又颤栗，成熟的脸蛋潮红一片，意识在快感的席卷下渐渐涣散却仍勉力维系。\n她成熟从容的举止在这一刻荡然无存，只余下带着青涩慌乱的失态战栗，伴着{anal}一次次收缩，较为明显的肠液顺着股缝缓缓流淌而下。
1019,action_part_a_orgasm_normal_A,0,CVP_A2_T|105_E_1&CVP_A2_A|5_G_3&CVP_A2_A|5_LE_6,完整而汹涌的快感自后穴深处一举决堤，{TargetName}成熟的躯体猛地绷直又剧烈颤抖，{anal}强烈地收缩绞紧，一波未平一波又起，将这次正常烈度的绝顶尽情倾泻。\n这场高潮拥有绝顶该有的全部典型征兆，快感似连绵的海浪层层漫过全身，比小绝顶要完整剧烈得多，却也还未逼近那种彻底崩溃失控的极端边缘。\n丰腴的腰肢明显地弓起，成熟的大腿反复夹紧又松开，急促紊乱的喘息里既有大姐姐的成熟韵味也藏着未褪尽的青涩，{anal}里有明显增多的肠液缓缓涌流出来。

1020,action_part_a_orgasm_normal_A,0,CVP_A2_T|106_E_1&CVP_A2_A|5_G_3&CVP_A2_A|5_LE_6,一波完整而饱满的快感自肠道深处轰然炸裂开来，摸爬滚打多年的{TargetName}那具丰腴成熟的身躯骤然剧烈痉挛，{anal}强烈而有节奏地一圈圈收缩绞紧，将这场彻底而标准的绝顶宣泄得酣畅淋漓。\n这绝非浅尝辄止的小峰值，而是一次完整、正常烈度的绝顶高潮，快感如海浪般层层席卷全身，却还未到那种令人彻底崩溃失控的极端地步。\n沉稳从容的她此刻再端不住那份阅历深厚的镇定，成熟的腰肢明显向上弓起，丰润的双腿绷直又无力颤抖，意识开始变得恍惚模糊却仍强撑着未被冲垮，{anal}深处有较为明显的肠液缓缓渗流而下。
1021,action_part_a_orgasm_normal_A,0,CVP_A2_T|106_E_1&CVP_A2_A|5_G_3&CVP_A2_A|5_LE_6,完整的绝顶如决堤的潮水轰然涌上，历经世事的{TargetName}那具丰腴有致的熟躯毫无保留地绷紧战栗，{anal}一波接一波强烈地痉挛收缩，把这次标准烈度的高潮尽数倾泻出来。\n这是绝顶该有的一切典型反应——丰腴的腰身深深弓起，四肢时而绷直时而颤抖，饱满的臀肉不受控制地耸动，成熟的面庞泛起艳红，神志已开始变得迷离模糊，却尚未被彻底淹没。\n多年独身而理论老到的她，此刻那份从容尽数瓦解，只余下失态的颤栗与哑然的娇喘，伴着{anal}一阵阵收缩，其间有比先前明显增多的肠液汩汩淌落。
1022,action_part_a_orgasm_normal_A,0,CVP_A2_T|106_E_1&CVP_A2_A|5_G_3&CVP_A2_A|5_LE_6,一股充盈完整的快感在肠道最深处骤然攀上顶峰，成熟丰腴的{TargetName}整个身子随之剧烈一颤，{anal}紧接着强烈而绵密地收缩绞动，将一次正常烈度的绝顶完完整整地演绎出来。\n快感似层层叠叠的浪头席卷了她成熟的每一寸肌肤，那份完整远胜浅薄的小高潮，却又未曾触及令人彻底失控的极致边缘。\n这具摸爬滚打多年的身体在此刻诚实得叫人心颤，丰润的腰线明显弓起又落下，成熟的双腿情不自禁夹拢绷紧，脚趾深深蜷缩，急促的喘息乱成一团，眼底泛起熟女难得的迷乱，{anal}渗出的肠液比方才要明显许多。
1023,action_part_a_orgasm_normal_A,0,CVP_A2_T|106_E_1&CVP_A2_A|5_G_3&CVP_A2_A|5_LE_6,绝顶的浪潮完整地拍打上来，那具丰满而成熟的胴体骤然弓成一道紧绷的弧线，{TargetName}的{anal}随之强烈而规律地一阵阵痉挛收紧，把这场标准而彻底的高潮宣泄得干干净净。\n这是一次正常强度的完整绝顶，该有的典型征兆无一缺席——小腹反复抽搐，四肢绷紧又颤栗，成熟的脸蛋潮红连片，意识在快感的层层席卷下渐渐涣散却仍勉力维系。\n阅历深厚的她那副从容自持的姿态荡然无存，只剩下丰腴身躯毫无保留的失态战栗，随着{anal}一次次收缩绞紧，较为明显的肠液顺着丰润的股缝缓缓流淌开来。
1024,action_part_a_orgasm_normal_A,0,CVP_A2_T|106_E_1&CVP_A2_A|5_G_3&CVP_A2_A|5_LE_6,完整而汹涌的快感自后穴深处一举决堤，成熟老练的{TargetName}那具丰腴的躯体猛地绷直而后剧烈颤抖，{anal}强烈地收缩绞紧，一波未平一波又起，将这次正常烈度的绝顶尽情倾泻无遗。\n这场高潮拥有绝顶该有的全部典型反应，快感如连绵的海浪层层漫过成熟的身躯，比小绝顶要完整剧烈得多，却也还未逼近那种彻底崩溃失控的极端边缘。\n丰腴的腰肢明显地弓起又塌落，成熟的大腿反复夹紧又松开，理论老到的她此刻只能任由身体沉沦，恍惚的意识里满是迷醉，{anal}深处有明显增多的肠液缓缓涌流而出。
1025,action_part_a_orgasm_normal_A,0,CVP_A2_T|107_E_1&CVP_A2_A|5_G_3&CVP_A2_A|5_LE_6,随着一波远比之前汹涌的快感自{anal}深处轰然炸开，已为人妻的{TargetName}整具身子骤然绷紧，随即剧烈地痉挛起来。\n这是一次完整而标准的绝顶，肠壁一阵接一阵有节奏地强烈收缩吸附，牵动着小腹反复抽搐，她的腰肢深深弓起，四肢绷得笔直又不住颤抖。\n适中的敏感让这股快感清晰而汹涌地席卷全身，却还未到那种把人彻底冲垮的极致地步，她的意识开始变得朦胧涣散。\n背叛着丈夫的背德与羞耻在这一刻被灭顶的快意冲得七零八落，{anal}边缘随着痉挛缓缓渗出较为明显的肠液，顺着股缝淌落。
1026,action_part_a_orgasm_normal_A,0,CVP_A2_T|107_E_1&CVP_A2_A|5_G_3&CVP_A2_A|5_LE_6,完整的绝顶如决堤的海浪般层层涌来，{TargetName}再也压不住这具早已属于他人的身体，猛地弓起腰肢发出一阵剧烈的战栗。\n{anal}强烈而富有节奏地一缩一放，绵密的收缩牵得整个下腹一下下抽搐，成熟丰腴的大腿死死绷紧又不受控地打颤，脚趾深深蜷起。\n这股快感强度饱满而典型，却仍称不上极致，恰是一次正正经经的普通绝顶，涌动的酥麻叫她眼神逐渐失焦、呼吸彻底乱了节拍。\n作为人妻的那点端庄与愧疚早被冲得支离破碎，较多的肠液自颤动的{anal}汩汩溢出，无声宣告着她这场背德的沉沦。
1027,action_part_a_orgasm_normal_A,0,CVP_A2_T|107_E_1&CVP_A2_A|5_G_3&CVP_A2_A|5_LE_6,一记饱满的绝顶轰然砸落，{TargetName}那具背负着婚姻的成熟身躯猛然一僵，紧接着毫无保留地剧烈痉挛起来。\n{anal}一波又一波强烈地收紧又松开，规律而汹涌的抽搐感沿着肠道深处向上蔓延，勾得她小腹反复抽动，腰身高高弓起后又无力塌软。\n中等的敏感让快感清晰饱满地漫遍四肢百骸，达到了一次完整绝顶该有的全部烈度，却尚未凶猛到彻底摧垮神志的程度，她的意识只是渐渐模糊。\n背弃丈夫的禁忌快意在此刻淹没了所有羞耻，{anal}随着余韵持续颤缩，明显增多的肠液缓缓流淌而出。
1028,action_part_a_orgasm_normal_A,0,CVP_A2_T|107_E_1&CVP_A2_A|5_G_3&CVP_A2_A|5_LE_6,绝顶的浪潮完整而汹涌地攫住了这具人妻的胴体，{TargetName}仰起脖颈，整个身子在一瞬间紧绷到极点，随后剧烈地颤栗痉挛。\n{anal}深处传来一阵阵强而有力的收缩，节奏分明地一收一缩，牵动丰腴的腰肢反复弓起，修长的双腿绷直后又痉挛似地乱颤，小腹不住抽搐。\n适度的敏感把这股快感放大成一场标准饱满的绝顶，海浪般席卷全身却还留着一线清明，未曾抵达强绝顶那般被彻底吞没的极端。\n她迷离的眼底翻涌着背德的战栗，颤动的{anal}边缘渗出较为可观的肠液。
1029,action_part_a_orgasm_normal_A,0,CVP_A2_T|107_E_1&CVP_A2_A|5_G_3&CVP_A2_A|5_LE_6,这一次的绝顶来得完整而扎实，{TargetName}压抑着的成熟躯体骤然崩溃般地绷紧，随即从骨子里剧烈地颤抖开来。\n{anal}强烈而绵密地反复收缩绞紧，一阵阵痉挛顺着肠壁层层递进，牵得她小腹一下下痉挛、腰肢深深弓起，饱满的臀肉不住地哆嗦。\n中等的敏感度让这份快意清晰而充盈地贯穿全身，是一场典型完整的绝顶，汹涌却尚未极致，她的神志在这浪潮里一点点变得涣散恍惚。\n身为人妻却在这背叛中彻底失守的羞愧被灭顶的快感碾碎，{anal}汩汩淌出明显增多的肠液，将她的失控暴露无遗。

1030,action_part_a_orgasm_normal_A,0,target_is_player_daughter&CVP_A2_A|5_G_3&CVP_A2_A|5_LE_6,{TargetName}整具身子骤然绷紧，随即又剧烈地颤动起来，{anal}强烈而有节奏地一阵阵痉挛收缩，将那股完整而汹涌的绝顶快感一波一波推向全身。\n这是一次货真价实的绝顶，快感如海浪般席卷了这具属于博士亲生女儿的娇躯，比起先前那点浅浅的酥麻要浓烈太多，却还未到彻底失控的地步。\n少女的腰肢明显地弓起，纤细的双腿绷得笔直又忍不住轻颤，稚嫩的脸蛋涨得通红，意识在快感中开始变得模糊恍惚。\n{anal}深处较明显地渗出温热的肠液缓缓淌落，她在这背德的高潮里无声地颤栗着，眼底满是身为女儿却对父亲沦陷的羞愧与迷乱。
1031,action_part_a_orgasm_normal_A,0,target_is_player_daughter&CVP_A2_A|5_G_3&CVP_A2_A|5_LE_6,一股完整而强烈的绝顶感猛地贯穿了{TargetName}全身，{anal}不受抑制地剧烈痉挛，一下又一下地收紧再松开，把这次典型的高潮反应演绎得淋漓尽致。\n快感来得凶猛而饱满，远比先前的小峰值来得完整，却又不像失控那般癫狂，恰是一场正常烈度的绝顶。\n身为博士女儿的少女小腹反复抽搐，四肢绷紧，呼吸急促而失序，潮红漫上了整张稚嫩的脸，理智在一波波冲击下渐渐涣散。\n{anal}明显地流出较多温热的肠液，顺着股缝缓缓滑下，她在这乱伦的欢愉里止不住地战栗，心底翻涌着对亲生父亲又爱又惧的复杂悸动。
1032,action_part_a_orgasm_normal_A,0,target_is_player_daughter&CVP_A2_A|5_G_3&CVP_A2_A|5_LE_6,{TargetName}娇嫩的躯体在这一刻彻底沦陷于高潮，{anal}强烈而规律地痉挛着，一阵紧似一阵地绞缩，将完整绝顶该有的所有反应尽数展现出来。\n这股快感如决堤的浪潮般铺天盖地地涌来，浓烈而饱满，是一次正常强度的绝顶，比小绝顶剧烈得多，又尚未抵达极致失控的边缘。\n少女的腰高高弓起后又无力塌下，脚趾蜷缩，纤腰不住扭动，绯红的脸上写满了迷醉，意识开始变得朦胧。\n{anal}较明显地淌出黏腻的肠液，她无声颤抖着，作为父亲的亲生女儿在这背德的巅峰里彻底交出了自己，眸中尽是沉沦的羞怯。
1033,action_part_a_orgasm_normal_A,0,target_is_player_daughter&CVP_A2_A|5_G_3&CVP_A2_A|5_LE_6,完整而汹涌的绝顶终于席卷了{TargetName}，{anal}一波波强烈地收缩痉挛，把这场典型的高潮推向顶峰，每一次绞缩都牵动着小腹深处的酥麻。\n这次快感浓稠而饱满，是一场正正经经的绝顶，浪潮般卷过她这具属于博士女儿的身体，强烈却还带着一丝可控的余地。\n少女绷直的双腿微微发颤，腰肢明显弓起，稚气的脸庞泛着深深的潮红，急促的喘息一声接一声，神志在快感里逐渐模糊。\n{anal}明显地渗出较多肠液缓缓流落，她在这父女之间禁忌的高潮中轻轻痉挛，心里满是对父亲既依恋又羞愧的复杂情愫。
1034,action_part_a_orgasm_normal_A,0,target_is_player_daughter&CVP_A2_A|5_G_3&CVP_A2_A|5_LE_6,{TargetName}的身子猛然一挺，紧接着陷入一阵阵完整的绝顶痉挛，{anal}强烈而有节律地收紧又放松，将正常烈度绝顶的典型反应表现得清清楚楚。\n快感如海浪层层叠叠地拍打着这具娇小的躯体，饱满而浓烈，比先前的浅浅小高潮猛烈许多，却未彻底冲垮她的意识。\n作为博士亲生女儿的少女小腹一下下抽搐，四肢绷紧又轻颤，红霞染满脸颊，眼神开始变得涣散迷蒙。\n{anal}温热的肠液较明显地渗出淌落，她无声地战栗着，在这乱伦的欢愉里既羞于面对父亲，又贪恋着这灭顶般的快感。

1035,action_part_a_orgasm_normal_A,0,CVP_A2_T|102_E_1&CVP_A2_A|5_G_6,幼小的{TargetName}小小的身躯猛地一僵，随即控制不住地剧烈颤抖起来。\n那具稚嫩娇小的身体里，{anal}正一波接一波地强烈痉挛收缩，绝顶的快感如汹涌的海浪般席卷了她整个小小的下腹。\n这是一次完整而正常强度的绝顶，稚气未脱的小脸涨得通红，圆溜溜的大眼睛蒙上一层水雾，意识开始变得模糊恍惚，却还没有被彻底冲垮。\n幼嫩的腰肢高高弓起，细瘦的四肢绷得笔直，小腹一下下抽搐着，敏感至极的{anal}深处有肠液较为明显地渗流出来，浸得那道幼小的股缝一片黏腻。
1036,action_part_a_orgasm_normal_A,0,CVP_A2_T|102_E_1&CVP_A2_A|5_G_6,一阵完整的绝顶浪潮攫住了{TargetName}那具娇小得不盈一握的身子。\n极度敏感的{anal}猛烈而有节奏地一阵阵绞缩，将那股铺天盖地的快感尽数吞吐出来，稚嫩的身体在剧烈的高潮里毫无招架之力地痉挛着。\n幼小的她轻易便被后穴涌来的快感送上了这完整正常的顶峰，小小的脸蛋失了神，急促而凌乱的喘息从半张的小嘴里断断续续地漏出。\n纤细的双腿无意识地夹紧又颤抖，圆润的小脚趾死死蜷缩，{anal}里流出的肠液比先前更多了些，顺着幼嫩的臀缝缓缓淌落。
1037,action_part_a_orgasm_normal_A,0,CVP_A2_T|102_E_1&CVP_A2_A|5_G_6,绝顶的快感终于如决堤般在{TargetName}幼小的体内彻底爆发开来。\n她那娇小稚嫩的身躯剧烈地一颤，{anal}强烈而绵密地痉挛收紧，一波波典型的高潮反应接连袭来，将这具还未发育的小身子搅得彻底失了分寸。\n这是一次完整正常的绝顶，稚嫩的眉头紧紧蹙起，红扑扑的小脸上写满了懵懂的迷乱，意识随着快感的席卷而渐渐涣散模糊。\n细嫩的腰肢深深弓起而后又脱力地垂软，小小的身体一下下抽动，敏感的{anal}深处不住渗出温热的肠液，将幼小的缝隙浸得湿润。
1038,action_part_a_orgasm_normal_A,0,CVP_A2_T|102_E_1&CVP_A2_A|5_G_6,快感如潮水般一浪高过一浪地漫过{TargetName}幼小的全身。\n那处性敏感度高得惊人的{anal}此刻正强烈而规律地反复绞缩痉挛，将一次完整而标准强度的绝顶尽情演绎出来，娇小的身体被这快感浪潮彻底裹挟。\n她小小的身子无法自控地弓起又瘫软，稚气的脸庞潮红滚烫，大眼睛里满是茫然，意识开始一点点变得混沌，却仍勉强悬着一丝清明。\n幼嫩的大腿根反复夹紧又松开，小腹深处不停抽搐，敏感的{anal}里较为明显地淌出黏腻的肠液，将那道幼小的缝隙浸得湿漉漉的。
1039,action_part_a_orgasm_normal_A,0,CVP_A2_T|102_E_1&CVP_A2_A|5_G_6,{TargetName}那尚未长成的小小身躯在这一刻被完整的绝顶浪潮彻底淹没。\n高度敏感的{anal}猛地绞紧，随即一下下强烈而有节奏地痉挛蠕动，绝顶该有的一切典型反应尽数在这幼小的身体上显露无遗。\n这次绝顶完整而正常，尚未到那种极致失控的地步，稚嫩的小脸绷得通红，呼吸急促而凌乱，迷蒙的眼神里泛起懵懂的水光，神志渐渐飘远。\n娇小的腰肢一次次弓起，纤细的四肢绷得发颤，敏感的{anal}深处有温热的肠液较明显地涌流而出，无声诉说着这具幼小身体所承受的灭顶快感。

1040,action_part_a_orgasm_normal_A,0,CVP_A2_T|103_E_1&CVP_A2_A|5_G_6,娇小稚嫩的身子猛地绷紧，{TargetName}那被养得极度敏感的{anal}毫无预兆地掀起一波完整而剧烈的绝顶浪潮，一圈圈用力地痉挛收缩着。\n这已是一次货真价实的普通绝顶，快感如海浪般层层席卷过她还在发育的幼小躯体，稚气的小脸涨得通红，圆圆的眼睛失了焦，意识开始一点点变得模糊却还没被彻底冲垮。\n纤细的腰肢高高弓起，稚嫩的双腿绷得笔直又不住颤抖，小腹一下下地抽搐着，{anal}深处有明显的肠液顺着股缝汩汩淌落，急促的呼吸乱成一团。
1041,action_part_a_orgasm_normal_A,0,CVP_A2_T|103_E_1&CVP_A2_A|5_G_6,仅仅是这样的刺激，{TargetName}那异常敏感的{anal}便轻易攀上了完整的绝顶顶点，一阵接一阵地强烈缩紧又松开，将高潮该有的典型反应尽数展现。\n这萝莉稚嫩的身体像被电流贯穿般狠狠一颤，快感成潮水般漫过四肢百骸，清澈的眸子渐渐涣散失神，天真的神情彻底被灭顶的酥麻取代，意识摇摇晃晃却仍勉强残存。\n单薄的后背弓成一道紧绷的弧，细瘦的大腿死死夹拢又剧烈发抖，较多的肠液从抽搐不止的{anal}里溢出，把娇小的身子折腾得瘫软无力。
1042,action_part_a_orgasm_normal_A,0,CVP_A2_T|103_E_1&CVP_A2_A|5_G_6,一股完整而凶猛的绝顶感自后穴深处轰然炸开，{TargetName}尚显青涩的身躯登时僵在原地，高度敏感的{anal}疯狂地痉挛蠕动，一波波强烈的收缩牵动着整个小腹。\n这是标准强度的普通高潮，快感毫无保留地席卷了这具娇小早熟的幼躯，稚嫩的脸蛋因灭顶的爽意而微微扭曲，眉头紧蹙，圆眼噙泪，稚气与淫靡在小脸上交织，意识开始变得恍惚。\n纤瘦的腰肢反复弓起又软落，小巧的脚趾用力蜷缩，明显多于往常的肠液顺着敏感的{anal}缓缓流下，细碎的娇喘声失序而急乱。
1043,action_part_a_orgasm_normal_A,0,CVP_A2_T|103_E_1&CVP_A2_A|5_G_6,敏感到极致的{anal}只被撩拨了没多久，{TargetName}便被一场完整的绝顶浪潮彻底裹挟，肠壁一圈圈地猛烈绞紧，将正常绝顶的每一种典型反应都淋漓尽致地呈现出来。\n快感如汹涌的潮汐层层拍打着这具还在发育的娇嫩身体，萝莉稚气未脱的小脸霎时红透，好奇与恐惧尽数化作失神的迷乱，意识一点点朦胧起来却还没被完全冲散。\n幼细的腰肢绷紧弓起，稚嫩的双腿无意识地蹬动颤栗，较多的肠液自不停抽搐的{anal}汩汩渗出，稚嫩的胸口剧烈起伏。
1044,action_part_a_orgasm_normal_A,0,CVP_A2_T|103_E_1&CVP_A2_A|5_G_6,这具敏感得过分的幼小身子几乎一触即溃，{TargetName}的{anal}骤然掀起完整的绝顶高峰，密集而有力地一阵阵收缩抽搐，把高潮该有的反应全都释放了出来。\n完整正常烈度的快感如浪潮般铺天盖地地漫过她娇小稚嫩的躯体，天真的小脸潮红一片，圆溜溜的眼里蓄满生理泪水，稚气的表情彻底沉溺，意识渐渐模糊晃荡。\n纤细的腰肢一次次深深弓起，细嫩的大腿反复夹紧又颤软，明显增多的肠液顺着痉挛的{anal}缓缓淌出，娇小的身躯止不住地轻颤。

1045,action_part_a_orgasm_normal_A,0,CVP_A2_T|104_E_1&CVP_A2_A|5_G_6,青春靓丽的{TargetName}忽然浑身一绷，年轻的娇躯如同被浪潮猛地托起，{anal}强烈而有节奏地一阵阵痉挛收紧，将那股席卷全身的快感尽数吞吐。\n这是一次完整而标准的绝顶，比先前那些浅浅的小峰值猛烈了太多，快感如海浪般层层拍打过少女敏感至极的肠壁，逼得她意识渐渐开始模糊。\n青涩的腰肢高高弓起，紧实的大腿绷得笔直又剧烈颤抖，小腹一下下抽搐，明显的肠液顺着{anal}缓缓渗流而出，浸得一片濡湿。\n她红着脸偏过头去，眼神迷离恍惚，青春的身体在博士面前诚实地道出了这场高潮的全部悸动。
1046,action_part_a_orgasm_normal_A,0,CVP_A2_T|104_E_1&CVP_A2_A|5_G_6,{TargetName}敏感异常的后穴在这一刻彻底缴械，年轻的身子猛地一僵，{anal}便强烈地痉挛收缩起来，一波接一波地绞紧又松开，完整而典型的绝顶反应尽数涌现。\n仅仅是极致敏感的肠道所积累的快感，就足以将这个刚成年的少女推上正常强度的高潮顶峰，快感如潮水层层漫过，冲得她意识渐渐模糊却还未被完全冲垮。\n青春的腰肢明显地弓成一道弧线，纤细的四肢绷紧又轻颤，小腹反复抽搐，较为明显的肠液自{anal}汩汩流淌，量比先前多了许多。\n她急促而失序地喘息着，绯红的脸颊写满了羞涩与沉醉。
1047,action_part_a_orgasm_normal_A,0,CVP_A2_T|104_E_1&CVP_A2_A|5_G_6,一股完整而汹涌的快感毫无预兆地攫住了{TargetName}，青春靓丽的娇躯骤然弓起，{anal}随之强烈而有节奏地痉挛绞动，将这场标准绝顶的每一分悸动都细细描摹出来。\n她那对性敏感度极高的肠壁哪怕只是被这样撩拨，也能轻易攀上正常强度的高潮，快感如海浪般一层层席卷全身，逼得年轻的她呼吸急促而紊乱，意识开始变得朦胧。\n紧致的小腹不受控制地一下下抽动，青涩的大腿绷直又夹紧，{anal}明显地有肠液缓缓溢出。\n少女又羞又爽地咬着下唇，年轻的身体在博士眼前绷紧又瘫软。
1048,action_part_a_orgasm_normal_A,0,CVP_A2_T|104_E_1&CVP_A2_A|5_G_6,{TargetName}年轻的身体在这一瞬被快感的浪潮彻底淹没，{anal}强烈地收缩痉挛，一阵紧似一阵地绞动着，完整地释放出一场正常强度绝顶该有的全部反应。\n这具刚成年不久的少女躯体，因肠道那超乎寻常的敏感而轻易抵达了高潮，翻涌的快感如潮水般层层拍击，冲得她青涩的意识渐渐模糊起来，却还牢牢悬在崩溃的边缘之外。\n青春的腰肢高高弓起后又无力落下，紧实的双腿一阵阵痉挛，小腹反复抽搐颤动，肠液较为明显地从{anal}渗淌而下。\n她面红耳赤地轻颤着，眼里满是羞怯与迷醉。
1049,action_part_a_orgasm_normal_A,0,CVP_A2_T|104_E_1&CVP_A2_A|5_G_6,猛烈的快感如决堤的海潮般将{TargetName}整个吞没，年轻的娇躯剧烈一颤，{anal}便强烈而绵密地痉挛收紧，把这场完整绝顶的悸动一波一波推向顶点。\n对于这个肠道敏感到极点的少女而言，攀上正常强度的高潮实在轻而易举，快感层层叠叠地席卷过全身，逼得她青春的意识开始一点点变得恍惚模糊。\n她纤细的腰身明显弓起，青涩的脚趾无意识地蜷缩起来，小腹一下下抽搐，较为明显的肠液顺着{anal}缓缓淌落，濡湿了一片。\n少女羞得偏开脸，年轻鲜活的身体却诚实地颤栗不止。
1050,action_part_a_orgasm_normal_A,0,CVP_A2_T|105_E_1&CVP_A2_A|5_G_6,{TargetName}成熟丰腴的身躯骤然绷紧，{anal}毫无预兆地剧烈痉挛，一波接一波有节奏地绞紧又松开，将那敏感到极致的后穴里的快感放大到极限。\n完整而正常强度的绝顶如海浪般席卷了她整具成熟的身体，丰润的腰肢明显弓起，修长的双腿绷直又不住颤抖，小腹一下下抽搐，成熟从容的神情此刻彻底崩解，青涩慌乱浮上那张本该端庄的脸。\n她的意识开始变得模糊，却还未被彻底冲垮，{anal}深处较明显地涌出一股股温热的肠液，比先前多了许多。
1051,action_part_a_orgasm_normal_A,0,CVP_A2_T|105_E_1&CVP_A2_A|5_G_6,绝顶的浪潮贯穿了{TargetName}成熟的身体，{anal}疯狂地收缩蠕动，敏感至极的肠壁一阵阵痉挛绞紧，将这场完整而典型的高潮宣泄得淋漓尽致。\n她腰肢无意识地深深弓起后又软软塌下，成熟丰腴的大腿死死夹紧，脚趾蜷缩，呼吸急促而失序。\n那张成熟里透着青涩的脸涨得通红，眼神迷离涣散，意识在快感的席卷下渐渐模糊却仍未沉没。\n{anal}不受控地一张一合，温热的肠液顺着股缝汩汩淌落，比先前明显多了不少，却还远不到喷涌的地步。
1052,action_part_a_orgasm_normal_A,0,CVP_A2_T|105_E_1&CVP_A2_A|5_G_6,仅仅是后穴传来的刺激，就足以让{TargetName}这具成熟的身子攀上完整的绝顶，{anal}承受不住地猛烈痉挛，敏感的肠道一圈圈疯狂绞缩，快感如潮水般一层层漫过全身。\n她成熟丰润的腰高高弓起，纤长的双腿绷紧又颤栗，小腹随着收缩一下下起伏，本想维持大姐姐的从容，却在这标准强度的高潮里彻底破功，露出青涩而慌乱的媚态。\n意识开始朦胧发晕，{anal}深处涌出较多的温热肠液，将这场典型而完整的绝顶诚实地宣泄出来。
1053,action_part_a_orgasm_normal_A,0,CVP_A2_T|105_E_1&CVP_A2_A|5_G_6,快感毫无征兆地在{TargetName}敏感异常的后穴里炸开，{anal}剧烈而有节奏地痉挛收缩，一场完整正常的绝顶如海啸般把她成熟的身躯整个卷了进去。\n丰腴的身体绷成一道弧线，腰肢反复弓起，修长的腿根痉挛着夹紧，指尖无力地抠紧，成熟的面庞上写满了失守的潮红与青涩的迷乱。\n她的神志逐渐涣散模糊，却仍勉强悬在意识边缘，{anal}一收一缩间挤出一股股温热黏腻的肠液，量比轻浅的小峰值多了许多，却尚未到失控喷洒的强烈程度。
1054,action_part_a_orgasm_normal_A,0,CVP_A2_T|105_E_1&CVP_A2_A|5_G_6,{TargetName}整具成熟的躯体被一场完整的绝顶彻底攫住，{anal}敏感到不可思议地连续绞紧又松开，将每一波涌来的快感都放大成剧烈的痉挛，浪潮一层层拍打着她的全身。\n她丰润的腰肢情不自禁地弓起又落下，成熟的双腿绷直发颤，小腹不住抽搐，那张兼具成熟与青涩的脸蛋泛起深深的潮红，唇齿微张，吐出破碎失序的喘息。\n意识在这标准强度的高潮里开始变得模糊，{anal}深处较为明显地淌出温热的肠液，把这次正常而典型的绝顶悄然诉说。

1055,action_part_a_orgasm_normal_A,0,CVP_A2_T|106_E_1&CVP_A2_A|5_G_6,一波完整的快感如潮汐般骤然席卷{TargetName}成熟丰腴的身躯，{anal}猛地强烈收缩起来，随即一波接一波有节奏地痉挛抽搐，将这标准强度的绝顶烈度尽数迸发出来。\n多年独守的成熟身体在极度敏感的后穴刺激下毫无招架之力，丰润的腰肢明显地向上弓起，修长的双腿死死绷紧又剧烈颤抖，成熟的脸庞泛起深红的潮色，眉宇间尽是沉醉与迷乱。\n她的意识在这完整的高潮中开始变得模糊，却仍未被彻底冲垮，绵密的肠液较为明显地从{anal}深处渗流而出。
1056,action_part_a_orgasm_normal_A,0,CVP_A2_T|106_E_1&CVP_A2_A|5_G_6,{anal}忽然一阵剧烈的收紧，成熟稳重的{TargetName}再也压抑不住那股奔涌而来的快感，整具丰腴的身体随着一波波完整而有力的痉挛不住地起伏颤动。\n仅仅是后穴那极致敏感的刺激，就足以将这具经历过世事的熟女躯体彻底推上正常强度的绝顶巅峰，小腹反复抽搐着，呼吸急促而失序。\n她眼角浅浅的笑纹此刻皱成一片沉醉，成熟的双唇张开吐出滚烫的喘息，{anal}深处有较为明显的肠液缓缓淌落，昭示着这场典型而完整的肛肠绝顶。
1057,action_part_a_orgasm_normal_A,0,CVP_A2_T|106_E_1&CVP_A2_A|5_G_6,快感如决堤的海浪般彻底淹没了{TargetName}丰满成熟的身体，{anal}强烈而规律地痉挛收缩着，一波未平一波又起，将这次完整正常烈度的绝顶演绎得淋漓尽致。\n对肛肠刺激极度敏感的她轻易便被送上高潮之巅，丰腴的腰部深深弓起而后又无力垂落，成熟的四肢时而绷紧时而颤栗。\n沉稳从容的气质在这一刻荡然无存，只余下满脸的潮红与迷离，绵绵的肠液顺着不断抽搐的{anal}明显地渗流出来。
1058,action_part_a_orgasm_normal_A,0,CVP_A2_T|106_E_1&CVP_A2_A|5_G_6,一场完整而典型的绝顶毫无预兆地贯穿了{TargetName}成熟的躯体，{anal}猛烈地一缩一放，连续有节奏地抽搐痉挛，把绝顶该有的一切反应尽数呈现。\n这具丰腴而饱满的熟女身体因后穴异乎寻常的敏感而轻易攀上顶峰，腰肢弓起，大腿根部剧烈痉挛，小腹一下下地抽动，喘息声急促零乱。\n意识在滔天快感中渐渐涣散却尚存清明，较为明显的肠液自{anal}深处不断溢出，将这标准强度的肛肠高潮衬得愈发淫靡。
1059,action_part_a_orgasm_normal_A,0,CVP_A2_T|106_E_1&CVP_A2_A|5_G_6,完整的快感浪潮层层叠叠地拍打着{TargetName}丰润成熟的身躯，{anal}强烈地收缩抽搐，规律而有力地一波波蠕动痉挛，尽显正常强度绝顶的全部烈度。\n多年孑然一身的成熟肉体在极度敏感的后穴快感冲击下彻底沦陷，丰腴的腰身反复弓起，修长的双腿紧绷战栗，成熟的面庞染满深深的红晕。\n她的神志在这场典型高潮里开始迷糊，却还未被冲垮，明显增多的肠液从{anal}汩汩流出，勾勒出这次饱满而完整的肛肠绝顶。

1060,action_part_a_orgasm_normal_A,0,CVP_A2_T|103_E_1&CVP_A2_A|5_LE_3,才刚开始发育的{TargetName}那具娇小的身子蓦地绷成一道紧绷的弧线，随即像退潮般层层瘫软下来，一波完整而清晰的绝顶快感如海浪般席卷了整个下腹。\n{anal}一下下强烈而有节奏地痉挛收缩着，把这次正常烈度的高潮完完整整地宣泄出来，再不是先前那种若有若无的浅浅酥麻。\n对后穴刺激本就迟钝的她这回却结结实实被推上了顶峰，稚气与少女感交织的小脸涨得通红，圆润的眼眸蒙上一层水雾，意识开始变得恍惚模糊。\n纤细的腰肢高高弓起又无力垂落，初显曲线的小腿绷直发颤，{anal}深处较为明显地淌出温热黏腻的肠液，将那处稚嫩浸得湿漉漉的。
1061,action_part_a_orgasm_normal_A,0,CVP_A2_T|103_E_1&CVP_A2_A|5_LE_3,一阵完整而汹涌的快感毫无预兆地贯穿了{TargetName}尚在发育的身体，青涩的小身子猛地一颤，四肢下意识地紧紧绷起。\n{anal}一波接一波地收紧又松开，规律而强烈地痉挛着，将一场货真价实的绝顶高潮该有的典型反应尽数展现。\n平日里对肠道刺激反应平淡的她，此刻却被这股正常强度的快感浪潮彻底裹挟，既天真又早熟的脸蛋写满茫然，微张的小嘴急促地吐着气息。\n单薄的腰身反复抽搐，脚趾蜷缩得死紧，{anal}随着高潮的余韵不住颤动，较多的肠液顺着那道青嫩的臀缝缓缓渗流而出。
1062,action_part_a_orgasm_normal_A,0,CVP_A2_T|103_E_1&CVP_A2_A|5_LE_3,快感在{TargetName}娇小的身体里终于汇聚成一场完整的绝顶，初现少女轮廓的躯体骤然弓成紧绷的弧度，而后重重地软塌下去。\n{anal}强烈而有节奏地一缩一放，将这份正常烈度的高潮悉数释放，那种典型绝顶该有的痉挛与抽搐在她青涩的下身逐一上演。\n感官迟钝的后穴平日难得有这般剧烈的反应，此刻却被快感的洪流彻底淹没，稚气未脱的脸庞泛起大片潮红，神志渐渐飘散涣散。\n单薄的小腹一下下抽动，纤细的大腿绷得笔直又微微发颤，{anal}深处溢出的肠液较之先前明显多了不少，濡湿了整片娇嫩。
1063,action_part_a_orgasm_normal_A,0,CVP_A2_T|103_E_1&CVP_A2_A|5_LE_3,完整的绝顶快感如潮水般漫过{TargetName}青嫩的全身，才刚发育的身子先是狠狠一僵，紧接着无力地瘫软颤栗起来。\n{anal}深处传来一阵阵强烈而规律的痉挛，收缩得又紧又急，把一次正常强度绝顶高潮的完整反应彻底铺展了开来。\n对肛肠刺激素来不甚敏感的她，这回却实打实地攀上了顶峰，懵懂又带着几分早熟的小脸满是慌乱迷茫，呼吸变得急促而凌乱。\n娇小的腰肢反复弓起又落下，初长成的双腿无力地夹紧又摊开，{anal}随之较为明显地淌出温热的肠液，一点点浸湿了那处青涩的私缝。
1064,action_part_a_orgasm_normal_A,0,CVP_A2_T|103_E_1&CVP_A2_A|5_LE_3,这一次汹涌完整的高潮终于将{TargetName}尚未长成的身体彻底吞没，青涩的躯体绷紧到极点后又如断线般层层软倒。\n{anal}剧烈而有节律地反复痉挛收缩，一波波席卷而来的快感把这场正常烈度的绝顶完整地摊开，远比先前的浅尝更为饱满淋漓。\n即便她那处后穴平素感觉迟钝寡淡，此刻也被这股完整的快感浪潮冲得毫无招架之力，兼具天真与早熟的脸上浮起深深红晕，眼神开始涣散模糊。\n单薄的小腰一次次弓起抽搐，青嫩的脚趾用力蜷起，{anal}深处较明显地渗出丝丝缕缕的肠液，将那娇软初发的私处彻底浸润。
1065,action_part_a_orgasm_normal_A,0,CVP_A2_T|107_E_1&CVP_A2_A|5_G_6,已为人妻的{TargetName}成熟丰腴的身体骤然剧烈地弓了起来，{anal}猛地一阵强烈而有节奏的痉挛收缩，一波接一波的快感如汹涌的海浪般席卷了她的全身。\n她那异常敏感的肠道仅凭这样的刺激便被彻底送上了完整的绝顶巅峰，紧绷的小腹反复抽搐，丰润的腰肢高高绷起，修长的双腿绷得笔直又不住颤抖。\n她的意识在这一刻开始变得模糊涣散，急促失序的喘息从微张的唇间断续溢出，成熟的脸庞涨得通红，一层背德的羞愧与失控的迷乱在她眉眼间交织。\n{anal}深处有明显的肠液顺着痉挛缓缓流淌出来，将她这一次身为人妻却沉沦于禁忌快感的完整绝顶无声地宣告了出来。
1066,action_part_a_orgasm_normal_A,0,CVP_A2_T|107_E_1&CVP_A2_A|5_G_6,一阵完整而强烈的绝顶浪潮蓦地贯穿了已为人妻的{TargetName}，她那具成熟的身躯毫无招架之力地剧烈战栗起来，{anal}发出强烈而绵密的痉挛。\n因着肠道的敏感度极高，她轻易便被推上了正常强度绝顶的顶点，快感如潮水般一浪高过一浪地拍打着她的全身，小腹一下下深深地抽搐着。\n她的腰身明显地向上弓起，四肢绷紧又微微颤抖，呼吸变得急促而紊乱，意识在铺天盖地的快感里逐渐涣散模糊，却还残存着最后一丝清醒。\n较为明显的肠液自收缩的{anal}中渗流而出，成熟的脸颊上那抹潮红与背叛婚姻的隐秘愧疚，将这场淫靡的完整绝顶诠释得淋漓尽致。
1067,action_part_a_orgasm_normal_A,0,CVP_A2_T|107_E_1&CVP_A2_A|5_G_6,身为人妻的{TargetName}忽然发出一声压抑不住的颤栗，成熟丰腴的胴体骤然绷成一张满弓，{anal}强烈而有节奏地一阵阵紧缩，将席卷而来的快感尽数吞纳。\n她那格外敏感的后穴稍受撩拨便迎来了这场典型而完整的绝顶，快感如海啸般漫过每一寸肌肤，紧实的小腹随着高潮的节奏反复地深深抽动。\n丰润的腰肢高高弓起后又无力地塌软下去，双腿夹紧又绷直，意识开始被快感冲刷得朦胧起来，唯余急促破碎的娇喘不受控制地泄出。\n{anal}里有较为明显的肠液缓缓淌落，比浅尝辄止的小绝顶更加汹涌，却尚未到失控喷涌的地步，唯有背德的快感将她这个人妻彻底淹没。
1068,action_part_a_orgasm_normal_A,0,CVP_A2_T|107_E_1&CVP_A2_A|5_G_6,这场完整正常强度的绝顶毫无预兆地攫住了已婚多年的{TargetName}，她成熟的身体剧烈地痉挛颤抖，{anal}强烈地收缩着，一圈圈地绞紧又松开。\n她的肠道敏感得惊人，仅这般刺激便让快感如潮汐般层层叠叠地涌上顶峰，将她整个人卷入完整绝顶特有的那种铺天盖地的快意之中。\n成熟的腰身明显地弓成一道弧线，四肢因绷紧而微微发颤，小腹一抽一抽地痉挛，急促而失序的呼吸间，她的神志已然开始飘忽模糊。\n明显的肠液从{anal}的深处一缕缕溢出，浸润了那片股缝，这具背叛了婚姻的人妻躯体在禁忌的巅峰快感里彻底沦陷失守。
1069,action_part_a_orgasm_normal_A,0,CVP_A2_T|107_E_1&CVP_A2_A|5_G_6,已为人妻的{TargetName}再也压不住那声破碎的娇吟，成熟的身躯猛然一僵，{anal}随即爆发出强烈而完整的绝顶痉挛，快感如翻涌的巨浪扑面而来。\n她那极度敏感的肠壁被轻易点燃，一路攀上了正常绝顶的顶峰，反应剧烈而典型，丰腴的小腹连连抽搐，修长的双腿绷紧到极致又不住地哆嗦。\n腰肢深深弓起又缓缓瘫软，她的意识在这一波波快感的冲刷下渐渐涣散模糊，端庄的脸上尽是失神的红潮与背德的迷乱慌张。\n较为明显的肠液顺着一阵阵收缩的{anal}汩汩流下，将她身为人妻却在禁忌快感中失控绝顶的这一刻，赤裸裸地暴露了无遗。

1070,action_part_a_orgasm_normal_A,0,CVP_A2_A|5_G_6&target_is_player_daughter,父女之间那道禁忌的界限早已被彻底跨越，{TargetName}纤细的身子猛地绷成一道弓，{anal}一圈圈剧烈而有节奏地痉挛收缩着，将一波完整而汹涌的绝顶快感尽数吞下。\n这是一次货真价实的绝顶高潮，快感如海浪般层层席卷过她敏感的全身，却又还未凶猛到叫她彻底失神的地步。\n她的腰肢高高弓起，小腹一下下抽搐，白皙的大腿绷得笔直又剧烈发颤，明明是亲生父亲带来的高潮，身为女儿的她却羞愧又贪恋地承受着。\n随着收缩的节奏，{anal}的深处有较为明显的肠液缓缓渗出，混着难以启齿的乱伦背德感，一并从她战栗的身体里流泻出来。
1071,action_part_a_orgasm_normal_A,0,CVP_A2_A|5_G_6&target_is_player_daughter,{TargetName}再也压不住那股从后穴深处炸开的快感，{anal}猛然一阵强烈痉挛，随即有节奏地一缩一缩绞紧起来，一场完整而标准的绝顶高潮就此彻底降临在这具年轻的躯体上。\n典型的绝顶反应尽数浮现，她急促失序地喘息着，一双失焦的眼睛怯生生地望向父亲{Name}，喉咙里溢出被伦理禁忌反复拉扯的破碎气音。\n纤腰不受控制地弓离，脚趾死死蜷缩，四肢绷得僵直又微微发颤，快感一浪高过一浪却仍留有余地。\n{anal}随收缩较明显地淌出温热的肠液，把这场父女之间不该发生的沉沦浸得淋漓尽致。
1072,action_part_a_orgasm_normal_A,0,CVP_A2_A|5_G_6&target_is_player_daughter,一次完整而正常烈度的绝顶毫无预兆地攫住了{TargetName}，{anal}强烈而有规律地一波波抽搐收紧，把翻涌的快感一寸寸推向顶点，年轻的身子随之剧烈战栗。\n她小腹反复地抽动痉挛，腰部深深弓起后又颤颤地落下，纤长的双腿绷紧夹拢，脚背绷成好看的弧度。\n意识在快感的浪潮里开始变得模糊，可她还清楚地知道，给自己带来这灭顶快意的正是亲生父亲，羞耻与迷恋在心底交缠撕扯。\n伴着一下下收缩，{anal}明显地溢出丝丝缕缕的肠液，将这场背德的女儿绝顶烘托得愈发露骨淫靡。
1073,action_part_a_orgasm_normal_A,0,CVP_A2_A|5_G_6&target_is_player_daughter,快感终于积累到了尽头，{TargetName}整个人猛地一僵，{anal}旋即爆发出强烈而连贯的痉挛，一圈圈收缩绞动着，把一场堂堂正正强度的绝顶高潮完完整整地释放出来。\n她的呼吸彻底乱了套，胸口剧烈起伏，纤细的腰肢高高弓起又瘫软，双腿绷直后无力地打颤，绝顶该有的反应一样不落。\n她眼角泛红，望向父亲{Name}的眼神里满是沉溺与自责，身为女儿却在父亲手里攀上高潮的羞耻叫她无地自容。\n{anal}随着收缩较为明显地淌出黏腻的肠液，无声宣告着这场乱伦沉沦的圆满。
1074,action_part_a_orgasm_normal_A,0,CVP_A2_A|5_G_6&target_is_player_daughter,翻涌的快感如决堤般席卷了{TargetName}稚气未脱的身体，{anal}紧接着一阵接一阵地剧烈收缩痉挛，将这场标准而完整的绝顶尽情铺展开来，浪潮层层拍打过她全身每一寸。\n她仰起脖颈，小腹一抽一抽地绞动，腰身弓成饱满的弧线，白嫩的大腿死死并拢又微微发颤，喉间逸出压抑的甜腻气音。\n神志随之开始飘忽恍惚，唯独忘不了这灭顶的快感竟出自亲生父亲之手，禁忌的羞耻反倒让她陷得更深。\n{anal}深处明显地渗出温热肠液，一点点顺着颤抖的身子流下，把女儿背德的绝顶染得香艳而淫荡。

1075,action_part_a_orgasm_normal_A,0,CVP_A2_T|102_E_1&CVP_A2_T|1_E_0&CVP_A2_A|10_LE_3,幼小的{TargetName}整个小身子猛地绷紧了起来，一波完整而剧烈的绝顶浪潮从{anal}深处轰然炸开，如海浪般席卷过她稚嫩的全身。\n这是一次真正意义上的普通绝顶，快感的强度远远盖过了之前那些浅浅的小峰值，稚气未脱的小脸涨得通红，圆溜溜的大眼睛失了焦，意识开始变得朦胧模糊，却还没有被彻底冲垮。\n{anal}强烈而有节奏地一下下痉挛收缩着，尚未被开发透彻的肠道还带着几分紧涩，却已诚实地享受起这灭顶的快意，较为明显的肠液顺着娇嫩的股缝缓缓渗流出来。\n细嫩的腰肢高高弓起，纤细的小腿绷得笔直，急促失序的呼吸从半张的小嘴里断断续续地漏出。
1076,action_part_a_orgasm_normal_A,0,CVP_A2_T|102_E_1&CVP_A2_T|1_E_0&CVP_A2_A|10_LE_3,随着一阵猛烈的快感直冲天灵盖，{TargetName}那具娇小稚嫩的身体骤然剧烈地颤抖起来，一场完整的绝顶高潮彻底攫住了她。\n这次的绝顶来得又深又满，是标准强度的普通绝顶，比先前那些轻浅的小高潮要强烈太多，幼嫩的脸蛋上写满了迷醉，懵懂的神志随着快感的冲刷渐渐涣散模糊，却仍勉强撑着没有完全失神。\n{anal}一阵接一阵有力地紧缩抽搐，那尚显稚嫩紧致的后穴在灭顶的快感里不受控制地翕动，比小绝顶时更多的肠液汩汩地淌落下来。\n她无意识地夹紧了幼细的双腿，小小的脚趾死死蜷起，小腹随着高潮一下下抽搐个不停。
1077,action_part_a_orgasm_normal_A,0,CVP_A2_T|102_E_1&CVP_A2_T|1_E_0&CVP_A2_A|10_LE_3,完整的绝顶如决堤般在{TargetName}小小的身体里轰然涌起，幼小的她再也承受不住，纤细的躯体像离水的小鱼一样剧烈弹跳颤栗。\n这是一次货真价实的普通绝顶，快感的浪潮一层盖过一层地漫过她稚嫩的全身，稚气的眉眼间尽是沉沦的痴迷，天真的意识在快感中开始变得恍惚朦胧。\n{anal}规律而强烈地一收一缩，还带着幼女特有紧致的肠壁在绝顶里疯狂吮吸绞紧，明显增多的肠液顺着{anal}的边缘一点点溢出，濡湿了娇嫩的臀缝。\n她弓起细软的腰肢又无力垂落，紧绷的四肢微微发着抖，急促的喘息声细碎而凌乱。
1078,action_part_a_orgasm_normal_A,0,CVP_A2_T|102_E_1&CVP_A2_T|1_E_0&CVP_A2_A|10_LE_3,一股完整而饱满的快感洪流猛地从后方灌顶而上，{TargetName}幼嫩的小身板霎时间僵直又剧烈地痉挛起来，迎来了一场彻底的绝顶。\n这份绝顶是正常强度的普通高潮，浑身上下每一处都被这灭顶的快意浸透，与之前那点浅薄的小峰值截然不同，稚嫩的脸颊烧得滚烫，纯真的眼神涣散无神，小小的意识开始被快感搅得一片模糊。\n{anal}猛烈而有节奏地深深绞缩着，尚不适应却已悄悄沉溺其中的紧涩肠道不停地收紧又松开，较多的肠液从{anal}里缓缓渗出。\n她无力地弓着娇小的腰身，稚气的小脸上满是失神的餍足。
1079,action_part_a_orgasm_normal_A,0,CVP_A2_T|102_E_1&CVP_A2_T|1_E_0&CVP_A2_A|10_LE_3,绝顶的瞬间轰然降临，{TargetName}那具尚未发育的幼小身躯猛地一挺，随即被完整而强烈的快感浪潮彻底淹没。\n这是一场标准的普通绝顶，饱满的快意如潮水般一波波拍打过她稚嫩的每一寸肌肤，比小绝顶要剧烈丰沛得多，天真烂漫的小脸此刻只剩沉醉，懵懂的神志随着高潮渐渐飘远模糊，却还没被完全冲散。\n{anal}强烈地一阵阵抽搐收缩，那被开发得还很有限的紧致后穴在快感里止不住地翕张吸吮，比先前更明显的肠液顺着{anal}汩汩流淌出来。\n幼细的双腿绷得死紧又忍不住轻颤，小腹一下下急促地起伏抽动着。

1080,action_part_a_orgasm_normal_A,0,CVP_A2_T|103_E_1&CVP_A2_T|1_E_0&CVP_A2_A|10_LE_3,稚嫩娇小的{TargetName}整个小身子猛然绷紧，一股汹涌的快感如海浪般自后穴深处席卷而上，{anal}紧致而有节奏地一圈圈剧烈痉挛收缩，将这份完整正常的绝顶尽数演绎出来。\n她纤细的腰肢明显弓起，稚气的小脸涨得通红，圆圆的眼睛失焦地泛起水光，意识开始一点点模糊却还未被彻底冲垮。\n发育中的双腿绷得笔直又不住地颤抖，小腹反复抽搐，尚未开发完全的肠道被这陌生的快感撑满，较明显地渗出温热的肠液，濡湿了{anal}的边缘。\n那既害怕又贪恋的懵懂神情写满了娇嫩的脸庞，呼吸急促而失序，将这次典型而剧烈的普通绝顶诚实地诉说出来。
1081,action_part_a_orgasm_normal_A,0,CVP_A2_T|103_E_1&CVP_A2_T|1_E_0&CVP_A2_A|10_LE_3,娇小玲珑的身子蓦然一僵，{TargetName}迎来了一次完整强度的肠道绝顶，{anal}紧紧收缩着一波接一波地痉挛，稚嫩紧致的肠壁不受控制地翻涌收紧，将那如浪潮般的快感层层推向顶点。\n她细嫩的腰身猛地向上挺起，纤细的四肢绷紧后又微微战栗，稚气未脱的脸蛋潮红一片，眉头皱起，眼神里既有初尝绝顶的慌乱又有藏不住的沉迷。\n刚开始发育的小腹一下下抽搐着，尚显青涩的肠道诚实地分泌出比以往更多的肠液，缓缓自紧致的穴口溢出。\n意识随着这波席卷全身的快感渐渐涣散模糊，却仍撑着没有彻底垮下，将普通绝顶该有的典型反应尽数展露。
1082,action_part_a_orgasm_normal_A,0,CVP_A2_T|103_E_1&CVP_A2_T|1_E_0&CVP_A2_A|10_LE_3,一阵完整而剧烈的快感毫无预兆地贯穿了{TargetName}娇小的身躯，{anal}随之陷入强烈而有节奏的痉挛收缩，紧致稚嫩的肠道一圈圈绞紧又松开，将这场正常强度的绝顶推向浪尖。\n娇嫩的腰肢深深弓起，纤细的脚趾无意识地蜷缩绷直，稚气的小脸上写满了初经人事的迷乱与羞怯。\n仍在发育的身体被这陌生却汹涌的快感彻底占据，尚未开发透彻的肠壁不住颤动，较为明显地流淌出温热的肠液。\n她圆亮的眼睛渐渐蒙上一层水雾，意识开始飘忽模糊，急促的喘息一声接着一声，将这次典型的普通绝顶完整地呈现出来。
1083,action_part_a_orgasm_normal_A,0,CVP_A2_T|103_E_1&CVP_A2_T|1_E_0&CVP_A2_A|10_LE_3,娇小稚嫩的{TargetName}整具小身子如离水的鱼般剧烈弹动了一下，汹涌的快感如潮般层层拍打上来，{anal}紧致地连续痉挛，一波波收紧又颤开，将这次完整正常的绝顶尽情宣泄。\n她单薄的腰身反复弓起又落下，发育中的双腿绷紧后不受控制地轻颤，稚嫩的脸蛋红得几乎滴出水来。\n初尝这般强度绝顶的她意识逐渐模糊，却还残存着一丝清明，圆圆的眼眸里满是既恐惧又贪恋的矛盾光芒。\n仍显紧窄的肠道被席卷全身的快感撑得一阵阵收缩，温热的肠液顺着{anal}的缝隙缓缓渗出，比往常更为明显。
1084,action_part_a_orgasm_normal_A,0,CVP_A2_T|103_E_1&CVP_A2_T|1_E_0&CVP_A2_A|10_LE_3,随着一记完整而典型的绝顶降临，{TargetName}娇小的身体骤然绷成一张满弓，{anal}深处翻涌起海浪般的快感，紧致的肠壁一下下有力地痉挛收紧，将这份普通绝顶特有的强烈感受层层铺展。\n她纤细的腰肢明显上挺，稚气未消的小脸被快感冲刷得涨红失神，细软的手指无力地攥紧又松开。\n刚踏入情事不久的娇嫩身体在这陌生的巨浪中止不住地颤栗，尚未完全开发的{anal}诚实地渗出温热的肠液。\n意识随着快感的席卷渐渐涣散却未被彻底冲垮，急促紊乱的呼吸与懵懂沉醉的神情，将这次完整剧烈的绝顶悄然道尽。

1085,action_part_a_orgasm_normal_A,0,CVP_A2_T|104_E_1&CVP_A2_T|1_E_0&CVP_A2_A|10_LE_3,青春靓丽的{TargetName}整个身子猛地一挺，随即剧烈地颤抖起来，{anal}强烈而有节奏地一阵阵痉挛收紧，将一波接一波的快感如海浪般卷遍全身。\n这是一次完整而正常强度的绝顶高潮，尚且稚嫩的她再也压不住那铺天盖地的酥麻，青涩的脸蛋涨得通红，清亮的眼眸开始蒙上一层朦胧的水雾，意识随之微微模糊起来。\n少女纤细的腰肢高高弓起，绷直的双腿不住地颤栗，小腹随着高潮反复抽搐，还未完全适应快感的{anal}深处，悄然有较明显的肠液缓缓渗出，濡湿了娇嫩的股缝。
1086,action_part_a_orgasm_normal_A,0,CVP_A2_T|104_E_1&CVP_A2_T|1_E_0&CVP_A2_A|10_LE_3,一股汹涌的快感彻底冲垮了{TargetName}的堤防，年轻富有弹性的身体骤然绷紧，紧致的{anal}猛烈而规律地收缩抽搐，一圈圈绞紧又松开，将绝顶的浪潮完整地宣泄出来。\n这是彻彻底底的正常绝顶，青春的躯体呈现出高潮该有的一切典型反应，急促失序的喘息从微张的唇间溢出，羞涩与快感交织在那张稚气未脱的脸上，意识在快感中开始变得恍惚。\n她的腰肢明显向上弓起后又无力瘫软，脚趾死死蜷曲，尚未被完全开发的{anal}一阵阵痉挛，较为明显的肠液顺着穴口丝丝缕缕地淌落下来。
1087,action_part_a_orgasm_normal_A,0,CVP_A2_T|104_E_1&CVP_A2_T|1_E_0&CVP_A2_A|10_LE_3,{TargetName}青涩而充满活力的身体被绝顶的浪头狠狠掀翻，{anal}毫无预兆地剧烈痉挛起来，一波波有力的收缩将完整的高潮快感尽数释放，酥麻感如潮水般层层漫过全身。\n这次绝顶来得完整而饱满，是正常强度该有的一切模样，少女被冲得意识渐渐模糊，却还没有被彻底冲垮。\n她细嫩的腰肢反复弓起，绷紧的大腿不住打颤，红透的脸上写满了羞怯与迷乱，仍显紧致的{anal}深处，比往常更明显的肠液一缕缕溢出，将那份青春的失控无声地诉说出来。
1088,action_part_a_orgasm_normal_A,0,CVP_A2_T|104_E_1&CVP_A2_T|1_E_0&CVP_A2_A|10_LE_3,快感的巨浪终于在{TargetName}体内彻底爆发，青春靓丽的娇躯猛然一僵，{anal}强烈地收缩痉挛着，一下又一下有节奏地绞动，将这场完整绝顶的所有反应尽数呈现。\n这不是浅尝辄止的小峰值，而是一次正常烈度的完整高潮，尚且稚嫩的她被快感冲得神志微茫，眼神涣散却还残存着一丝清醒。\n她的腰肢深深弓起，纤细的四肢绷得笔直又阵阵发颤，小腹反复抽搐个不停，还不太习惯这般强烈快感的{anal}明显地渗出较多肠液，浸湿了娇嫩的臀缝。
1089,action_part_a_orgasm_normal_A,0,CVP_A2_T|104_E_1&CVP_A2_T|1_E_0&CVP_A2_A|10_LE_3,绝顶的洪流如决堤般席卷了{TargetName}的全身，年轻的身子剧烈地弓成一张满弓，{anal}猛烈而有规律地一阵阵收紧抽搐，把整场完整高潮的快感彻底倾泻而出。\n这是一次典型而完整的正常绝顶，青春的胴体展现出高潮应有的全部反应，急促紊乱的喘息不受控制地溢出，意识在铺天盖地的酥麻里渐渐涣散模糊。\n少女绷直的双腿无意识地蹬动着，脚趾紧紧扣起，泛红的脸颊满是羞赧与沉醉，开发尚浅的{anal}止不住地痉挛收缩，较为可观的肠液顺着穴缝缓缓流淌下来。

1090,action_part_a_orgasm_normal_A,0,CVP_A2_T|105_E_1&CVP_A2_T|1_E_0&CVP_A2_A|10_LE_3,绵密如潮的快感终于攀上顶点，{TargetName}那具成熟丰腴的身躯猛地绷成一道紧张的弧线，{anal}一圈圈地强烈痉挛收缩着，将这场完整而标准的绝顶尽数吞入体内。\n这是一次货真价实的普通绝顶，快感如层层叠叠的海浪般席卷过她成熟的每一寸肌肤，意识在这股洪流里开始变得模糊迷离，却还没被彻底冲垮。\n丰润的腰肢明显地弓起又落下，修长的双腿绷得笔直而后无力地颤抖，尚显稚嫩的{anal}在剧烈的收缩间隙里较明显地淌出温热的肠液。\n她成熟的脸庞上写满了失守的迷乱，青涩与羞怯却仍隐隐残留在那半阖的眼底。
1091,action_part_a_orgasm_normal_A,0,CVP_A2_T|105_E_1&CVP_A2_T|1_E_0&CVP_A2_A|10_LE_3,一波强烈完整的绝顶轰然而至，{TargetName}丰满的身子骤然剧烈地痉挛起来，{anal}有节奏地一阵阵痉挛收紧，那尚未被充分开发的肠道紧致地绞缩着，将高潮的每一次抽搐都放大得格外分明。\n这正是标准强度的普通绝顶，典型的反应一应俱全，小腹反复地抽动，呼吸急促而失序，成熟的胴体被快感的浪潮层层淹没。\n她意识开始涣散模糊，却仍未被冲垮到失神的地步，成熟的从容在这一刻荡然无存，只余下青涩的慌乱。\n紧致的{anal}边缘悄然渗出明显的肠液，顺着颤抖的臀缝缓缓滑落。
1092,action_part_a_orgasm_normal_A,0,CVP_A2_T|105_E_1&CVP_A2_T|1_E_0&CVP_A2_A|10_LE_3,快感积累到了足够的量，终于化作一场完整的绝顶在{TargetName}体内彻底炸开，她成熟的躯体强烈而有节奏地痉挛收缩，{anal}一下下地深深绞紧又松开，紧致的肠壁不受控制地反复吸吮蠕动。\n这是一次正常烈度的普通绝顶，绝顶该有的一切典型反应都毫无保留地涌现出来，四肢绷紧颤栗，腰部高高弓起。\n海浪般的酥麻从下腹深处一浪高过一浪地漫向全身，将她的意识渐渐推向模糊。\n尚且稚嫩的{anal}因这份陌生的剧烈快感而较明显地流出温热肠液，成熟的面容彻底沦陷在失控的潮红里。
1093,action_part_a_orgasm_normal_A,0,CVP_A2_T|105_E_1&CVP_A2_T|1_E_0&CVP_A2_A|10_LE_3,绝顶的洪流终于彻底淹没了{TargetName}，那具丰腴成熟的身体在猛烈的快感冲击下大幅度地弓起又瘫软，{anal}密集而强烈地一圈圈收缩痉挛，将这次完整的高潮尽情宣泄出来。\n这是一场标准的普通绝顶，强度饱满却还未触及强绝顶那种极致失控的边缘，典型的反应铺满了她成熟的全身。\n她修长的双腿无助地绷直又颤抖，脚趾深深蜷起，小腹一下下地抽搐痉挛。\n仍带几分稚嫩的{anal}在剧烈的绞缩里明显地溢出肠液，成熟稳重的她这一刻只剩下被快感冲刷得迷离恍惚的神情，青涩的羞怯在其间若隐若现。
1094,action_part_a_orgasm_normal_A,0,CVP_A2_T|105_E_1&CVP_A2_T|1_E_0&CVP_A2_A|10_LE_3,层层堆叠的快感终于攀至完整的顶峰，{TargetName}成熟丰满的胴体骤然绷紧成弓，{anal}强烈而规律地一波波痉挛收紧，那份因经验尚浅而残留的紧致，把每一下高潮的抽搐都摩擦放大得淋漓尽致。\n这是一次货真价实的普通绝顶高潮，绝顶应有的一切完整反应尽数呈现，呼吸紊乱，四肢绷颤，腰肢反复弓起。\n汹涌的快感如潮水一浪接一浪拍打着她的意识，令她的神志渐渐涣散模糊却尚存一线清明。\n稚嫩的{anal}边沿较明显地淌出黏热的肠液，成熟与青涩交织的脸上写满了无从掩饰的失守与沉醉。
1095,action_part_a_orgasm_normal_A,0,CVP_A2_T|106_E_1&CVP_A2_T|1_E_0&CVP_A2_A|10_LE_3,成熟丰腴的{TargetName}猛地绷紧了整具身子，一波完整而强烈的绝顶如汹涌的浪潮般自尾椎深处席卷而上，瞬间漫过她成熟诱人的全身。\n{anal}强烈而有节奏地痉挛收缩着，一下又一下紧紧绞紧，那尚未被完全开发的紧致肠道在快感的冲刷下不受控制地抽搐，隐约有较明显的肠液顺着紧窄的缝隙缓缓渗出。\n她丰润的腰肢高高弓起，修长的双腿绷得笔直又剧烈地颤抖，成熟的脸庞泛起深深的潮红，意识开始变得恍惚而模糊。\n这是一次完整而正常烈度的绝顶，典型的高潮反应尽数浮现，却还未抵达那令人失神失控的极致地步。
1096,action_part_a_orgasm_normal_A,0,CVP_A2_T|106_E_1&CVP_A2_T|1_E_0&CVP_A2_A|10_LE_3,熟透了的{TargetName}再也压不住那席卷而来的快感，整具丰腴的胴体在一瞬间彻底沦陷于一场完整的绝顶之中。\n{anal}深处一阵接一阵地剧烈绞缩，紧致而青涩的肠壁虽仍带着几分未褪的不适，此刻却毫无保留地随着高潮的节拍反复痉挛，将那股酥麻的快感一寸寸榨取出来，较为明显的肠液悄悄溢流而下。\n她成熟的小腹不住地抽搐起伏，四肢绷紧又颤栗，呼吸急促而失序，眼神在快感的浪潮里渐渐涣散迷离。\n那份多年历练出的沉稳从容，在这标准而彻底的绝顶面前碎裂无遗。
1097,action_part_a_orgasm_normal_A,0,CVP_A2_T|106_E_1&CVP_A2_T|1_E_0&CVP_A2_A|10_LE_3,一场完整正常烈度的绝顶终于将{TargetName}成熟的身体彻底攫住，铺天盖地的快感如海浪般一层层拍打着她丰腴的全身。\n{anal}紧紧收缩，紧窄稚嫩的肠道随着高潮一次次有力地绞紧又松开，那份因经验尚浅而残留的生涩感早已被汹涌的快意冲刷得所剩无几，隐隐有肠液较为明显地渗流出来。\n她丰满的身躯剧烈颤抖，腰肢反复弓起，脚趾无力地蜷曲，成熟妩媚的面容上写满了沉醉，意识在快感中开始朦胧涣散，却还未被彻底冲垮。
1098,action_part_a_orgasm_normal_A,0,CVP_A2_T|106_E_1&CVP_A2_T|1_E_0&CVP_A2_A|10_LE_3,{TargetName}成熟的身体骤然掀起一场完整的高潮，浓烈而典型的绝顶快感自下腹深处轰然炸开，迅速蔓延至她丰腴身躯的每一处。\n{anal}一波波地强烈痉挛，尚显紧致的肠壁不由自主地反复收紧，将这标准强度的快感尽数吞吐，较小绝顶更多的肠液顺着紧致的穴口缓缓淌落。\n她成熟的腰线深深弓起后又轻轻塌软，双腿绷直颤动，丰润的唇间溢出细碎而急促的喘息，眸中神采渐渐涣散。\n这是绝顶该有的一切反应的完整呈现，却尚未逾越那失控失神的界限。
1099,action_part_a_orgasm_normal_A,0,CVP_A2_T|106_E_1&CVP_A2_T|1_E_0&CVP_A2_A|10_LE_3,沉稳成熟的{TargetName}终究抵挡不住这完整绝顶的席卷，丰腴的胴体在快感的巅峰上剧烈地战栗着。\n{anal}强烈而有节律地收缩绞紧，那紧致而开发有限的肠道在一次次痉挛中将快意层层堆叠，虽仍存几分未消的青涩不适，却已在高潮中彻底沉溺，明显增多的肠液悄然渗出濡湿了紧窄的缝隙。\n她丰满的小腹反复抽搐，腰肢高高弓起，成熟的脸颊染满艳红，急促的鼻息紊乱不堪，意识随着快感的浪涛一点点变得模糊。\n这场标准烈度的绝顶将她多年的从容彻底融化，却还差那么一步才触及那极致的边缘。

1100,action_part_a_orgasm_normal_A,0,CVP_A2_T|107_E_1&CVP_A2_T|1_E_0&CVP_A2_A|10_LE_3,已为人妻的{TargetName}整具丰润的身体骤然剧烈地绷紧起来，{anal}强烈而有节奏地一阵阵痉挛收缩，将那尚显紧致的肠壁一遍遍绞紧又缓缓松开。\n完整而正常强度的绝顶如海浪般席卷全身，丰腴的腰肢明显地向上弓起，纤长的四肢一时绷紧一时颤抖，小腹反复地抽搐着，急促失序的喘息再也压不住。\n这具早已属于他人的成熟身躯尚不太适应这样的后穴快感，却又在这一刻彻底沉溺其中，意识开始变得模糊迷离，眼底泛起氤氲的水光。\n较为明显的肠液顺着不住抽搐的{anal}缓缓渗流而出，背叛婚姻的背德刺激令这次绝顶来得格外深沉。
1101,action_part_a_orgasm_normal_A,0,CVP_A2_T|107_E_1&CVP_A2_T|1_E_0&CVP_A2_A|10_LE_3,{TargetName}那具已有归属的成熟胴体蓦然弓成一道颤抖的弧线，{anal}紧致的肠壁强烈地收缩痉挛，一波接一波地绞动着，将完整绝顶该有的一切反应尽数展露。\n快感如翻涌的潮水般彻底淹没了她，丰润的腰肢无力地反复挺动，双腿绷直又颤栗着夹拢，小腹深处一下下地抽搐，呼吸急促而凌乱不堪。\n身为人妻的她起初对这后穴的滋味仍带着几分生涩与不适，此刻却再也无法自控，意识在这标准强度的绝顶中渐渐涣散模糊。\n分泌得愈发明显的肠液自不断翕动的{anal}里缓缓淌落，愧疚与背德交织的快意让她颤抖得更深。
1102,action_part_a_orgasm_normal_A,0,CVP_A2_T|107_E_1&CVP_A2_T|1_E_0&CVP_A2_A|10_LE_3,完整而剧烈的绝顶浪潮猛地贯穿了{TargetName}的全身，这位人妻丰腴的身子重重地一僵，{anal}有节奏地深深痉挛，尚未被完全开发的紧窄肠道一圈圈地收紧又颤动。\n典型绝顶的所有反应一齐涌现，成熟的腰肢高高弓起后又无力垂落，四肢时而绷紧时而剧颤，小腹一阵阵地抽搐起伏，喘息碎乱得不成调子。\n她那尚显稚嫩的后穴虽仍残留一丝不适的绷涩，却已诚实地在这股快感里彻底沦陷，清明的神志随之一点点被冲得模糊。\n较小绝顶更为丰沛的肠液顺着痉挛的{anal}汩汩溢出，背离家庭的禁忌快感将她推向深深的沉醉。
1103,action_part_a_orgasm_normal_A,0,CVP_A2_T|107_E_1&CVP_A2_T|1_E_0&CVP_A2_A|10_LE_3,一场完整正常强度的绝顶如决堤般席卷了{TargetName}这具成熟丰润的身躯，她猛然绷紧了全身，{anal}强烈地收缩抽搐，紧致而尚欠开发的肠壁一下下地绞紧痉挛。\n绝顶该有的典型反应悉数迸发，丰腴的腰身明显地弓起，修长的双腿绷直又战栗地夹紧，小腹反复地起伏抽动，急促的娇喘再难克制。\n身为人妻的她面对这来自后穴的陌生快感原本还有些不适应，此刻却被这海浪般的快感彻底裹挟，意识开始朦胧涣散。\n明显增多的肠液自不住翕张的{anal}缓缓流淌而下，背叛丈夫的背德羞耻让这次绝顶烙得格外深刻。
1104,action_part_a_orgasm_normal_A,0,CVP_A2_T|107_E_1&CVP_A2_T|1_E_0&CVP_A2_A|10_LE_3,{TargetName}成熟而背负着婚姻的身体在这一瞬彻底失守，剧烈的绝顶感如潮水般漫过每一寸肌肤，{anal}强烈有力地痉挛收缩，尚且紧窄的肠道一圈圈地绞动颤栗。\n这是一次完整而正常的绝顶，所有典型的反应都涌了上来，丰润的腰肢深深弓起，四肢一齐绷紧又剧烈颤抖，小腹深处不住地抽搐痉挛。\n作为人妻的她对这后穴的极致快意仍残留着一丝生涩的抗拒，可身体早已诚实地沉醉，清醒的意识在这浪潮里渐渐被冲散。\n愈见丰盈的肠液顺着痉挛不止的{anal}缓缓渗出，禁忌与愧疚交缠的刺激令这份沉沦更添几分背德的甜。

1105,action_part_a_orgasm_normal_A,0,target_is_player_daughter&CVP_A2_T|1_E_0&CVP_A2_A|10_LE_3,亲生女儿{TargetName}的娇躯猛地绷成一张满弓，一波完整而汹涌的绝顶快感如海啸般从后穴深处席卷全身，{anal}强烈而有节奏地痉挛收缩着，一下又一下地紧咬吮吸，尚显稚嫩紧致的肠壁不受控制地翻搅蠕动。\n这是一次货真价实的普通绝顶，比先前那种浅浅的小峰值猛烈了太多，那双属于女儿的眼眸渐渐失了焦，意识开始变得朦胧恍惚，却还未被彻底冲垮。\n她纤细的腰肢高高弓起，白嫩的大腿绷得笔直又剧烈颤抖，小腹一阵阵抽搐起伏，较为明显的肠液顺着{anal}的边缘缓缓淌落，脸上是背德乱伦下无法掩饰的迷乱潮红。
1106,action_part_a_orgasm_normal_A,0,target_is_player_daughter&CVP_A2_T|1_E_0&CVP_A2_A|10_LE_3,一场完整的绝顶浪潮毫无预兆地将{TargetName}彻底吞没，这具本该乖巧唤{Name}一声爸爸的娇嫩身子剧烈地战栗起来，{anal}一圈圈地收紧又松开，深处的肠壁密集而有力地痉挛，把那份属于普通绝顶的典型反应尽数展现。\n还带着几分生涩稚嫩的后穴此刻虽仍旧紧致，却已诚实地随着快感的席卷不住抽搐，绵密的肠液较之从前明显多了起来，一缕缕自{anal}溢出。\n女儿的腰肢反复弓起又塌陷，脚趾无力地蜷缩，急促失序的喘息里，那点父女之间不该有的羞耻与沉沦交织成一片。
1107,action_part_a_orgasm_normal_A,0,target_is_player_daughter&CVP_A2_T|1_E_0&CVP_A2_A|10_LE_3,快感如潮水般一层层拍打上来，终于在这一刻汇成一次完整而标准的绝顶，将{TargetName}这个自己的亲生女儿卷入了灭顶的酥麻里。\n{anal}强烈地一缩一放，紧致而稚嫩的肠道有节奏地绞紧、痉挛，把绝顶该有的每一分剧烈反应都老实交代了出来，那股完整的冲击远胜先前的小绝顶，却又尚未攀上强绝顶的极端顶点。\n她小巧的身躯绷得发颤，腰腹一波波抽搐弓起，白皙的四肢紧绷战栗，眼神里的清明渐渐被浪潮冲散，{anal}渗出较为明显的肠液，脸颊烧红，将这份乱伦的迷醉写得淋漓尽致。
1108,action_part_a_orgasm_normal_A,0,target_is_player_daughter&CVP_A2_T|1_E_0&CVP_A2_A|10_LE_3,背德的绝顶终于完整地降临，{TargetName}那具尚且带着少女青涩的身体骤然剧烈痉挛，一波正常强度的高潮快感自后穴深处轰然炸开，{anal}一下下有力地收缩绞紧，稚嫩的肠壁反复吮吸翻搅，紧致得几乎要把那涌动的快感全部锁住。\n这是一次典型而饱满的普通绝顶，比小峰值猛烈了何止一筹，女儿涣散的眸子里意识开始模糊，理智却还残存着最后一点未被冲垮。\n她纤腰高高弓起又软软垂落，双腿绷直又痉挛抖动，小腹一抽一抽，明显的肠液自{anal}缓缓渗出，潮红的脸上满是羞耻与失控。
1109,action_part_a_orgasm_normal_A,0,target_is_player_daughter&CVP_A2_T|1_E_0&CVP_A2_A|10_LE_3,完整的绝顶浪头终于将自己的女儿{TargetName}狠狠掀翻，她娇小的身子猛然一僵而后剧烈颤栗，{anal}强烈而有规律地一阵阵收缩痉挛，仍显紧窄稚嫩的肠道死死绞吸着，把这次普通绝顶的典型模样描摹得清清楚楚。\n汹涌的快感如海浪般席卷全身，却还没到强绝顶那般失控的极致，她的神志随着一波波冲击渐渐涣散迷蒙，呼吸急促而凌乱。\n女儿细嫩的腰肢反复弓起，大腿根部痉挛着夹紧，脚尖绷直蜷曲，较明显的肠液顺着{anal}缓缓流淌，脸上尽是父女乱伦下的沉沦与羞赧潮红。

1110,action_part_a_orgasm_normal_A,0,CVP_A2_T|102_E_1&CVP_A2_T|1_E_0&CVP_A2_A|10_G_3&CVP_A2_A|10_LE_6,娇小稚嫩的{TargetName}整具小身子猛地一绷，紧跟着一波完整而剧烈的快感如海浪般席卷了她幼小的全身。\n{anal}强烈而有节奏地一阵阵痉挛收缩着，那已被开发得颇有经验的后穴熟练地随着高潮的浪头收放自如，将这次标准的绝顶尽数吞吐出来。\n细嫩的腰肢明显地向上弓起，纤细的四肢绷得紧紧的又不住颤抖，稚气未脱的小腹反复抽搐，稚嫩的脸蛋涨得通红，圆圆的眼睛里神志开始有些模糊，却还未被彻底冲垮。\n随着高潮的涌动，{anal}较为明显地渗出了一缕缕温热的肠液，比先前那种浅浅的小峰值汹涌了许多，急促而失序的呼吸从她小小的胸膛里断续地喷出。
1111,action_part_a_orgasm_normal_A,0,CVP_A2_T|102_E_1&CVP_A2_T|1_E_0&CVP_A2_A|10_G_3&CVP_A2_A|10_LE_6,一次完整而典型的绝顶高潮毫无预兆地攫住了幼小的{TargetName}，稚嫩娇小的身体在这股正常强度的快感浪潮里绷成一张满弓。\n{anal}有节奏地猛烈痉挛着，一收一缩间透着经验老到的娴熟，那已被适度开发的后穴熟稔地随着峰顶的节拍蠕动收紧，仿佛本能地懂得如何将这份快感延展到极致。\n幼嫩的腰肢深深弓起，细瘦的双腿一会儿绷直一会儿又无力地夹拢，小小的脚趾死死蜷缩，稚嫩的面庞上意识渐渐涣散却尚存一丝清明。\n温热的肠液顺着{anal}的边缘明显地淌落下来，量比轻浅的小高潮多了不少，却还没到喷涌的地步，娇喘一声接一声，破碎得不成调子。
1112,action_part_a_orgasm_normal_A,0,CVP_A2_T|102_E_1&CVP_A2_T|1_E_0&CVP_A2_A|10_G_3&CVP_A2_A|10_LE_6,快感如潮水般一浪高过一浪地拍打着{TargetName}幼小的身躯，终于在某一刻汇成一场完整的绝顶将她整个吞没。\n她那具娇小的身子剧烈地颤抖起来，{anal}强烈而规律地收缩痉挛，凭着一身熟练的经验一张一合地迎合着高潮的律动，稚嫩的后穴适应良好地将这股席卷而来的快感悉数承接。\n纤细的腰身反复弓起又软塌，幼嫩的大腿根无意识地反复收紧，稚气的小腹一下下抽动个不停，红扑扑的脸蛋上眼神开始迷离恍惚。\n{anal}深处较为明显地溢出湿滑的肠液，比小绝顶时浓稠了几分，却远未达到大量涌出的程度，凌乱急促的鼻息断断续续地从她小巧的鼻尖漏出。
1113,action_part_a_orgasm_normal_A,0,CVP_A2_T|102_E_1&CVP_A2_T|1_E_0&CVP_A2_A|10_G_3&CVP_A2_A|10_LE_6,标准而饱满的绝顶高潮猛然贯穿了娇小的{TargetName}，一切绝顶该有的典型反应在她幼嫩的身体上一一浮现。\n{anal}强烈而有节律地阵阵抽搐紧缩，那被反复调教得颇具经验的后穴熟练地随着快感的波峰吞吐蠕动，将这波完整的高潮巧妙地放大又延长。\n稚嫩的腰肢绷紧上弓，细细的四肢时而僵直时而剧颤，幼小的小腹连续不断地痉挛抽动，稚气的脸上泛起深红，神志开始模糊却仍未被浪潮冲垮。\n随着一次次收缩，{anal}较为清晰地流出一道温热的肠液，比浅薄的小高潮明显丰盈，急乱的喘息一声比一声破碎失序。
1114,action_part_a_orgasm_normal_A,0,CVP_A2_T|102_E_1&CVP_A2_T|1_E_0&CVP_A2_A|10_G_3&CVP_A2_A|10_LE_6,幼小的{TargetName}在完整绝顶的浪头下整个人猛地一僵，快感如海啸般彻底席卷了她稚嫩娇小的全身。\n{anal}剧烈而有节奏地连连痉挛收紧，一身娴熟的经验让这稚嫩的后穴懂得如何在峰顶放松又收缩，一收一放间将这场标准的绝顶承接得恰到好处。\n她幼嫩的腰肢深深弓起又缓缓瘫软，细瘦的双腿绷得笔直而后止不住地打颤，小小的腹部反复抽搐，稚嫩通红的脸上意识渐渐涣散，圆眼里蒙上一层茫然的水光却还残存清醒。\n温热黏滑的肠液从{anal}明显地渗淌而出，量比先前的小峰值汹涌了不少，尚未到喷溅四溢的程度，一阵阵急促失序的娇喘从她幼小的身体里断续逸出。

1115,action_part_a_orgasm_normal_A,0,CVP_A2_T|104_E_1&CVP_A2_A|5_LE_3,平日里对后穴刺激反应平平的{TargetName}，这一次却再也压不住那股自深处翻涌而上的浪潮，{anal}猛地一阵强烈而有节奏的痉挛收缩，将这场完整的绝顶清晰地宣告出来。\n青春的身躯绷成一道微颤的弧线，稚气未脱的脸蛋涨得通红，快感如海浪般一层层席卷四肢百骸，意识开始变得朦胧恍惚，却还未被彻底冲垮。\n这已是一次货真价实的普通绝顶，远胜先前那些轻浅的小峰值，可又还没到失控崩溃的极致地步。\n{anal}深处较为明显地淌出一缕温热的肠液，顺着颤抖的臀缝缓缓滑落，年轻的她又羞又惊，仿佛不敢相信这向来迟钝的地方竟也能被逼出如此完整的高潮。
1116,action_part_a_orgasm_normal_A,0,CVP_A2_T|104_E_1&CVP_A2_A|5_LE_3,一向对肛门快感懵懂迟钝的{TargetName}，此刻却被一波完整的绝顶彻底攫住，{anal}强烈地收缩绞紧又松开，一下下有力地抽搐着，把这场标准的高潮渲染得淋漓尽致。\n年轻紧致的腰肢猛地弓起，青涩的双腿绷直又发颤，小腹一阵阵抽动，急促的喘息乱成一团，充满朝气的脸上写满了茫然与沉醉。\n快感如潮水般漫过全身，浪头一层高过一层，意识随之飘忽模糊，却仍留着最后一丝清醒。\n{anal}里较为明显地渗出黏腻的肠液，那股向来陌生的酥麻让少女又惊又羞，青春的身体在这完整而正常的绝顶里彻底沦陷。
1117,action_part_a_orgasm_normal_A,0,CVP_A2_T|104_E_1&CVP_A2_A|5_LE_3,{TargetName}这具本就不擅长感受后穴刺激的青春身子，竟被一阵完整的高潮浪潮彻底裹挟，{anal}一波接一波地强烈痉挛，规律而有力地翕张绞缩，宣告着这场正常强度的绝顶降临。\n少女绷紧了浑身的肌肉，腰身高高弓起后又颓然瘫软，纤细的四肢止不住地轻颤，稚嫩的脸庞染上迷醉的潮红。\n海啸般的快感从下腹深处炸开，一浪压着一浪扑向全身，神志渐渐蒙上一层薄雾，却尚未被浪头吞没。\n{anal}深处涌出比往常明显得多的温热肠液，让向来对此处感受浅淡的她又羞又慌，全身在完整绝顶的余韵里微微战栗。
1118,action_part_a_orgasm_normal_A,0,CVP_A2_T|104_E_1&CVP_A2_A|5_LE_3,素来对菊穴刺激反应平淡的{TargetName}，这回终究被一场完整而典型的绝顶推上了顶点，{anal}剧烈而有节奏地一缩一放，绞得死紧又骤然松开，把标准高潮该有的反应尽数展现。\n青春洋溢的身体绷成紧绷的弓形，稚气的眉头紧蹙，双唇微张吐出破碎的娇喘，年轻的大腿夹紧又哆嗦。\n汹涌的快感如浪潮般层层拍打过全身，意识开始朦胧游离，甜蜜的空白一点点漫上心头，却还未被彻底冲散。\n{anal}中较为明显地流溢出一线肠液，这般陌生而强烈的高潮让少女羞得无地自容，青春的躯体在正常绝顶里颤栗不止。
1119,action_part_a_orgasm_normal_A,0,CVP_A2_T|104_E_1&CVP_A2_A|5_LE_3,平日里后穴迟钝、鲜少能尝到快感的{TargetName}，此刻却在一场完整的普通绝顶中失了神，{anal}一阵强过一阵地收缩抽搐，紧致地绞缠又骤然翕张，把这次正常强度的高潮刻画得清清楚楚。\n少女青春的腰肢反复弓起，纤瘦的四肢绷紧发颤，小腹随高潮一下下抽动，红扑扑的脸上尽是沉醉与羞怯交织的神情。\n如海浪般的快感一波波席卷四肢百骸，意识渐渐模糊起来，却还残留着一丝清明。\n{anal}深处淌出较为明显的温热肠液，缓缓沾湿了颤动的臀缝，这向来陌生的完整高潮让年轻的她又惊又羞，沉醉在满溢的快意中难以自拔。

1120,action_part_a_orgasm_normal_A,0,CVP_A2_T|103_E_1&CVP_A2_T|1_E_0&CVP_A2_A|10_G_3&CVP_A2_A|10_LE_6,娇小稚嫩的{TargetName}忽然绷紧了单薄的脊背，一场完整而典型的绝顶高潮如翻涌的海浪般席卷过她仍在发育的幼小身躯。\n{anal}强烈而有节奏地痉挛收缩着，一圈圈紧紧绞拧又缓缓松开，那早已被开发得颇有经验的后穴熟练地随着快感的波峰起伏张翕。\n她圆润稚气的小脸涨得通红，眉心紧蹙，圆溜溜的眼睛里那点好奇与惧怕被浓烈的快感冲得渐渐涣散模糊。\n纤细的腰肢高高弓起又重重塌下，稚嫩的双腿绷直颤抖，较为明显的肠液顺着痉挛的{anal}汩汩溢出，将这场货真价实的普通绝顶淋漓地宣泄了出来。
1121,action_part_a_orgasm_normal_A,0,CVP_A2_T|103_E_1&CVP_A2_T|1_E_0&CVP_A2_A|10_G_3&CVP_A2_A|10_LE_6,一波完整强度的绝顶毫无预兆地攫住了{TargetName}娇小的身子，稚嫩的身躯剧烈地战栗起来，四肢时而绷紧时而痉挛。\n有过一定肛交经验的她本能地放松再收紧，{anal}一下下深沉而规律地绞缩蠕动，将涌来的快感尽数吞纳，熟练地延长着这灭顶的酥爽。\n小腹一抽一抽地痉挛着，青涩的脸庞浮起深深的潮红，急促失序的喘息从半张的唇间溢出，懵懂的意识开始被快感搅得一片朦胧。\n随着{anal}的反复翕张，明显增多的肠液缓缓淌落，这具尚显幼嫩却已初尝情事的身体，正毫无保留地沉溺在这场典型而彻底的高潮里。
1122,action_part_a_orgasm_normal_A,0,CVP_A2_T|103_E_1&CVP_A2_T|1_E_0&CVP_A2_A|10_G_3&CVP_A2_A|10_LE_6,{TargetName}那具娇小玲珑的身体骤然一僵，随即被一阵完整而汹涌的绝顶快感彻底淹没，稚嫩的身躯不受控制地抽搐颤栗。\n{anal}强烈地痉挛收缩，一阵紧似一阵地绞紧又松开，经验老到的后穴熟稔地配合着快感的节奏张合吞吐，将那份灭顶的快意咀嚼得淋漓尽致。\n她稚气未脱的小脸皱成一团，泛着诱人的红晕，纤细的手指无力地蜷曲抓挠，早熟与天真交织的神情在浓烈快感下渐渐失了焦。\n娇嫩的腰臀高高耸起，较为可观的肠液顺着抽搐的{anal}缓缓渗流，把这场标准强度的普通绝顶完整地演绎了出来。
1123,action_part_a_orgasm_normal_A,0,CVP_A2_T|103_E_1&CVP_A2_T|1_E_0&CVP_A2_A|10_G_3&CVP_A2_A|10_LE_6,完整而正常的绝顶高潮如潮水般漫上{TargetName}幼小的躯体，娇小的身子从头到脚绷成一条紧绷的弦，剧烈地颤抖不止。\n{anal}有力而规律地痉挛绞缩，深处一阵阵麻酥的快意层层叠涌，那被适度开发过的后穴带着几分主动，熟练地迎合收纳着一波波席卷的快感。\n稚嫩的脸蛋潮红浮涨，圆眼失神地半睁着，懵懂的意识被快感冲刷得开始模糊，却仍未被彻底冲垮。\n单薄的腰肢反复弓起塌陷，纤细大腿无意识地夹紧又颤开，明显的肠液自翕动的{anal}汩汩流溢，将这场典型的普通绝顶宣泄得酣畅淋漓。
1124,action_part_a_orgasm_normal_A,0,CVP_A2_T|103_E_1&CVP_A2_T|1_E_0&CVP_A2_A|10_G_3&CVP_A2_A|10_LE_6,娇小的{TargetName}在{SceneName}里再也压不住那席卷全身的完整高潮，稚嫩的身躯猛地绷紧，随即被一浪高过一浪的快感冲得瑟瑟发抖。\n{anal}剧烈而有节奏地一缩一放，那有过经验的后穴熟练地放松又收紧，绵密地绞吮着快感的每一次冲刷，将灭顶的酥爽延展得又深又长。\n她圆润稚嫩的小脸上，好奇与羞惧早被浓稠的快意搅得一片涣散，急促的娇喘断续溢出，纤细的四肢无力地痉挛抽搐。\n较之先前更为明显的肠液顺着颤抖的{anal}缓缓淌下，把这具青涩身子迎来的这场标准绝顶完整地铺陈了开来。

1125,action_part_a_orgasm_normal_A,0,CVP_A2_T|103_E_1&CVP_A2_T|1_E_0&CVP_A2_A|10_G_3&CVP_A2_A|10_LE_6,娇小稚嫩的身子骤然弓成一张紧绷的弧，{TargetName}那还带着孩童圆润的身体被完整而汹涌的快感彻底席卷。\n{anal}强烈而有节奏地一阵阵痉挛收缩着，一波接一波的酥麻如海浪般从后穴深处翻涌上来，漫过她纤细的腰背和幼嫩的四肢。\n这已是一次完完整整的绝顶了，稚气未脱的小脸涨得通红，圆眼里的神采开始涣散模糊，急促失序的喘息一声声从微张的唇间漏出。\n早被开发过的{anal}熟练地收放着，明显的肠液顺着交合处缓缓淌落，稚嫩的双腿绷直又颤抖，将这场典型的高潮尽数写在这具娇小的身体上。
1126,action_part_a_orgasm_normal_A,0,CVP_A2_T|103_E_1&CVP_A2_T|1_E_0&CVP_A2_A|10_G_3&CVP_A2_A|10_LE_6,一股完整而饱满的快感轰然贯穿{TargetName}小小的身躯，稚嫩尚在发育的身体再也承受不住，猛地绷紧战栗起来。\n{anal}深处爆发出剧烈而规律的收缩，绵密的痉挛一下下牵动着单薄的小腹反复抽搐，她纤瘦的腰肢高高弓起又无力塌下。\n意识在这标准而剧烈的绝顶里开始变得朦胧恍惚，却还没有被彻底冲垮，红透的脸蛋上写满了迷乱与懵懂的沉溺。\n有过经验的{anal}熟稔地适应着这份汹涌，一股股肠液随着收缩较明显地渗流而出，稚气的脚趾死死蜷缩，将这次完整的高潮释放得淋漓尽致。
1127,action_part_a_orgasm_normal_A,0,CVP_A2_T|103_E_1&CVP_A2_T|1_E_0&CVP_A2_A|10_G_3&CVP_A2_A|10_LE_6,{TargetName}幼小的身体毫无预兆地剧烈一颤，一场正常强度的绝顶如潮水般将这只娇小的身子整个吞没。\n{anal}一阵紧过一阵地痉挛抽搐，典型而完整的高潮反应在她青涩的躯体上尽数上演，稚嫩的腰背深深弓起，纤细的四肢齐齐绷紧发僵。\n混着天真与早熟的小脸此刻满是潮红，懵懂的眼神逐渐失焦，急促而凌乱的呼吸怎么也压不下去。\n那被适度开发过的{anal}熟练地收缩吞吐着，较为明显的肠液顺着幼嫩的臀缝淌下，小腹一下下抽搐个不停，把这份完整的快感诚实地宣泄出来。
1128,action_part_a_orgasm_normal_A,0,CVP_A2_T|103_E_1&CVP_A2_T|1_E_0&CVP_A2_A|10_G_3&CVP_A2_A|10_LE_6,完整而汹涌的快感海啸猛地拍在{TargetName}稚嫩的身子上，娇小的她浑身一僵，随即剧烈地颤栗起来。\n{anal}强烈地一波波收缩痉挛，那份标准绝顶该有的一切反应尽数涌现，她单薄的腰肢反复弓起，纤瘦的大腿绷得笔直又不住哆嗦。\n稚气的意识在这场完整的高潮中开始泛起模糊的雾气，却仍未被冲垮，通红的小脸上满是深深的沉溺。\n习惯了这般刺激的{anal}熟练地一收一放，明显增多的肠液顺着交合处缓缓溢出，小巧的身体在颤抖中将这次典型的绝顶悉数吐露。
1129,action_part_a_orgasm_normal_A,0,CVP_A2_T|103_E_1&CVP_A2_T|1_E_0&CVP_A2_A|10_G_3&CVP_A2_A|10_LE_6,娇嫩的小身子毫无招架之力地被一场完整绝顶彻底攫住，{TargetName}那稚气未褪的身体绷成紧绷的一条线剧烈痉挛。\n{anal}规律而强烈地一阵阵夹紧收缩，如海浪般层层翻涌的酥麻从后穴深处席卷全身，牵得她幼小的腰腹反复抽搐弓起。\n这是一次不折不扣的完整高潮，稚嫩的脸颊烧得滚烫，圆亮的眼眸渐渐涣散失神，凌乱急促的娇喘再也收不住。\n早被开发得得心应手的{anal}熟练地收放自如，较明显的肠液顺着颤抖的腿根淌落，将这份完整而汹涌的绝顶诠释得毫无保留。

1130,action_part_a_orgasm_normal_A,0,CVP_A2_T|104_E_1&CVP_A2_T|1_E_0&CVP_A2_A|10_G_3&CVP_A2_A|10_LE_6,青春靓丽的{TargetName}忽然浑身剧烈一颤，{anal}随着席卷全身的快感强烈而有节奏地痉挛收缩起来，一波接着一波紧紧绞缩，将这场完整的绝顶高潮尽数释放。\n少女纤细的腰肢明显地向上弓起，四肢不受控制地绷紧又颤抖，小腹一下下反复抽搐，青涩的脸蛋涨得通红，眼神也开始变得迷离恍惚。\n有过经验的后穴熟练地一张一合，懂得如何配合着收缩与放松，将快感延展到极致，{anal}深处较为明显地渗出温热的肠液，顺着股缝缓缓淌落。\n意识在浪潮里开始模糊，却还未被彻底冲垮，青春的躯体在羞涩与沉醉之间尽情战栗着。
1131,action_part_a_orgasm_normal_A,0,CVP_A2_T|104_E_1&CVP_A2_T|1_E_0&CVP_A2_A|10_G_3&CVP_A2_A|10_LE_6,一阵汹涌的快感如潮水般猛地席卷了{TargetName}的下腹，稚嫩的身子骤然绷得笔直，{anal}剧烈地痉挛收缩，一圈圈规律地紧缩又松开，将这次完整而典型的绝顶宣泄得淋漓尽致。\n少女的腰高高弓起随即又无力塌下，白皙的大腿绷紧到微微发颤，脚趾深深蜷缩，青春的脸庞上写满了失守的潮红与迷乱。\n被开发得颇有经验的后穴娴熟地吞吐收缩着，主动地迎合每一波快感，{anal}中较为明显地涌出滑腻的肠液。\n她的呼吸急促而紊乱，意识随着这波高潮渐渐模糊，却仍死死攥着最后一丝清醒，青涩与沉溺在她身上交织成一片。
1132,action_part_a_orgasm_normal_A,0,CVP_A2_T|104_E_1&CVP_A2_T|1_E_0&CVP_A2_A|10_G_3&CVP_A2_A|10_LE_6,快感毫无预兆地攀上顶峰，{TargetName}整具青春的身体猛然一僵，{anal}便强烈地收缩痉挛起来，一下下有节奏地绞紧，将一场完整正常烈度的绝顶尽情释放开来。\n她纤秀的腰肢反复弓起又落下，四肢绷得紧紧的却止不住地轻颤，小腹一阵阵抽动，稚气未脱的脸上泛起深深的红晕，眉头也羞涩地蹙起。\n历经调教的后穴熟稔地配合着收放，懂得在高潮里如何绞紧才更销魂，{anal}深处较明显地沁出温热的肠液。\n汹涌的快意如海浪般层层拍打，意识开始发昏，可远未到失神的地步，青春的躯体只是诚实地颤栗沉醉。
1133,action_part_a_orgasm_normal_A,0,CVP_A2_T|104_E_1&CVP_A2_T|1_E_0&CVP_A2_A|10_G_3&CVP_A2_A|10_LE_6,{anal}毫无征兆地骤然绞紧，{TargetName}那具青春鲜活的身子随之剧烈地颤抖起来，完整而典型的绝顶如浪潮般席卷了她全身，一波波快感在体内翻涌不息。\n少女的腰身明显地弓起，紧绷的四肢无法自控地打着颤，小腹反复抽搐着，青涩靓丽的脸蛋憋得绯红，眼底浮起一层朦胧的水雾。\n已被开发得颇有经验的后穴熟练地一缩一放，主动地攫取着每一丝快感，{anal}里较为明显地流淌出滑腻温热的肠液。\n急促紊乱的喘息里，她的意识渐渐变得模糊涣散，却仍勉强撑着没被冲垮，尽显少女在情潮中的羞怯与沉迷。
1134,action_part_a_orgasm_normal_A,0,CVP_A2_T|104_E_1&CVP_A2_T|1_E_0&CVP_A2_A|10_G_3&CVP_A2_A|10_LE_6,排山倒海的快感猛地灌满了{TargetName}的身体，青春的躯体登时绷成一张满弓，{anal}强烈地痉挛抽缩，规律而有力地一圈圈紧咬着，将这场完整正常的绝顶彻底倾泻而出。\n她细嫩的腰肢高高挺起，纤长的双腿绷直发颤，脚趾用力蜷曲，青涩的面庞潮红一片，唇间溢出细碎急乱的娇喘。\n熟习此道的后穴娴熟地收缩吞吐，懂得顺着快感的节拍绞紧放松，{anal}深处较明显地渗出温热黏腻的肠液，缓缓滑落。\n意识在这翻涌的快感中逐渐飘忽起来，却始终未被完全淹没，青春的身体在羞赧与陶醉里止不住地战栗。
1135,action_part_a_orgasm_normal_A,0,CVP_A2_T|105_E_1&CVP_A2_T|1_E_0&CVP_A2_A|10_G_3&CVP_A2_A|10_LE_6,随着一波汹涌的快感彻底淹没{TargetName}，那具成熟丰腴又残留几分青涩的身子猛地绷紧起来，{anal}一下下强烈而有节奏地痉挛收缩着，将这场完整的绝顶宣泄得淋漓尽致。\n经验老练的后穴熟稔地一张一翕，配合着这股酥麻的浪潮层层收紧，成熟的腰肢高高弓起，修长的双腿绷得笔直又不住颤栗。\n快感如海浪般席卷全身，她的意识开始变得朦胧恍惚，却还未被彻底冲垮，脸颊酡红，呼吸急促而凌乱。\n明显增多的肠液顺着{anal}缓缓渗出，那份成熟与青涩交织的媚态在这一刻展露无遗。
1136,action_part_a_orgasm_normal_A,0,CVP_A2_T|105_E_1&CVP_A2_T|1_E_0&CVP_A2_A|10_G_3&CVP_A2_A|10_LE_6,一场完整而标准的绝顶高潮毫无预兆地贯穿了{TargetName}的全身，成熟的胴体骤然一僵，{anal}随即剧烈地一阵阵抽搐痉挛，将积攒到顶点的快感尽数释放出来。\n她那开发得恰到好处的后穴懂得如何收放，熟练地随着快感的节拍收缩又舒张，小腹一下下反复抽动，成熟的腰身明显弓起后又无力瘫软。\n酥麻的电流如潮水般一波波涌过，神智逐渐涣散模糊，却仍勉强维持着最后一丝清明。\n较为明显的肠液自{anal}汩汩流淌而出，那半熟的娇媚面容上写满了失神与迷乱。
1137,action_part_a_orgasm_normal_A,0,CVP_A2_T|105_E_1&CVP_A2_T|1_E_0&CVP_A2_A|10_G_3&CVP_A2_A|10_LE_6,绝顶的浪潮终于彻底攫住了{TargetName}，这具介于成熟与稚气之间的曼妙身躯剧烈地颤栗起来，{anal}一波接一波地紧缩抽动，把这次典型而完整的高潮演绎得极尽淫靡。\n有着一定经验的她本能地放松又收紧后穴，柔韧的肠壁有节律地蠕动挤压，成熟的双腿间不住地痉挛，脚趾紧紧蜷曲。\n铺天盖地的快感层层叠叠地漫过四肢百骸，她的意识渐渐飘忽起来，眼神迷离却尚存一分清醒。\n增多的肠液顺着{anal}悄然溢出，那份青涩与风情并存的沉醉神态令人心神荡漾。
1138,action_part_a_orgasm_normal_A,0,CVP_A2_T|105_E_1&CVP_A2_T|1_E_0&CVP_A2_A|10_G_3&CVP_A2_A|10_LE_6,完整的绝顶如约而至，{TargetName}那副丰润却仍带几分生涩的身子蓦地弓成一道弧线，{anal}强烈而规律地收缩痉挛着，将这股正常烈度的高潮尽情倾泻。\n她熟练地驾驭着自己那处早已适应的后穴，一收一放间尽显几分从容，可微微发颤的表情却又暴露了她尚不老练的底色。\n汹涌的酥麻感如海浪般层层拍打过全身，理智开始变得含糊不清，却还没有被完全席卷吞没。\n分泌得愈发明显的肠液从{anal}缓缓淌落，成熟与青涩交融的娇态在颤抖中格外撩人。
1139,action_part_a_orgasm_normal_A,0,CVP_A2_T|105_E_1&CVP_A2_T|1_E_0&CVP_A2_A|10_G_3&CVP_A2_A|10_LE_6,一次酣畅淋漓的完整绝顶狠狠贯穿了{TargetName}，那具成熟身躯里裹着的青涩瞬间土崩瓦解，{anal}密集而有力地一阵阵抽搐紧缩，把这场典型的高潮宣泄得酣畅十足。\n习惯了这般刺激的后穴熟练地一吞一吐，柔嫩的肠壁配合着快感的律动反复绞紧，丰腴的腰肢剧烈起伏，双手无意识地攥紧。\n海啸般的快感自下腹深处翻涌而上淹没全身，她的神思逐渐涣散恍惚，却仍未彻底沦陷。\n渐多的肠液顺着{anal}丝丝缕缕地流出，那半生不熟的迷醉风情看得人血脉贲张。

1140,action_part_a_orgasm_normal_A,0,CVP_A2_T|106_E_1&CVP_A2_T|1_E_0&CVP_A2_A|10_G_3&CVP_A2_A|10_LE_6,一波完整而汹涌的快感如潮水般席卷了{TargetName}成熟丰腴的身躯，{anal}猛地强烈收缩起来，一下下有节奏地痉挛紧缩，将这次正常强度的绝顶尽数展露。\n历经世事的她早已对这般刺激驾轻就熟，成熟的腰肢明显地向上弓起，丰润的大腿绷紧又颤抖，饱满的小腹一阵阵抽搐起伏，呼吸急促而失序。\n这是一次典型完整的绝顶高潮，快感的浪头一层层拍打着神经，却还未到那种彻底失控的极致地步，意识开始变得模糊恍惚，却尚未被彻底冲垮。\n{anal}深处较为明显地淌出一缕缕温热的肠液，成熟的脸庞泛起深浓的潮红，她毫不掩饰地沉溺在这份饱满酣畅的快感里。
1141,action_part_a_orgasm_normal_A,0,CVP_A2_T|106_E_1&CVP_A2_T|1_E_0&CVP_A2_A|10_G_3&CVP_A2_A|10_LE_6,{anal}忽然一阵剧烈而有节奏的痉挛，{TargetName}那具丰腴成熟的身体随之绷得笔直，一场完整正常的绝顶就这样彻底降临，快感如汹涌的海浪一浪高过一浪地漫过全身。\n多年摸爬滚打的成熟躯体对这样的高潮适应得极好，后穴熟练地一收一缩，将席卷而来的快感悉数吞纳，丰满的腰肢深深弓起，修长的双腿一阵阵痉挛发颤。\n意识在这完整的绝顶中渐渐涣散模糊，却还稳稳撑着没被冲垮，那种恰到好处的失神里透着成熟女人特有的放荡与坦然。\n{anal}明显地渗出黏腻的肠液，比先前的轻浅峰值又多涌出了几分，她成熟的面庞尽是无从遮掩的沉醉。
1142,action_part_a_orgasm_normal_A,0,CVP_A2_T|106_E_1&CVP_A2_T|1_E_0&CVP_A2_A|10_G_3&CVP_A2_A|10_LE_6,一股标准而完整的绝顶快感在{TargetName}成熟的体内轰然炸开，{anal}强烈地痉挛收缩着，一波接着一波紧缩又松开，把这次正常烈度的高潮演绎得淋漓尽致。\n经验丰富的她熟练地放松又收紧着后穴的每一寸，丰腴的腰身随着快感的节拍反复起伏弓起，成熟的大腿根不受控制地绷紧颤栗，小腹一下下抽搐个不停。\n海浪般的酥麻从下腹深处向四肢百骸疯狂蔓延，尚未到达强绝顶那种极致失控的境地，可清明的意识已然开始变得朦胧涣散。\n温热的肠液顺着{anal}较为清晰地缓缓流淌下来，她成熟从容的面庞上尽是毫不设防的餍足与陶醉。
1143,action_part_a_orgasm_normal_A,0,CVP_A2_T|106_E_1&CVP_A2_T|1_E_0&CVP_A2_A|10_G_3&CVP_A2_A|10_LE_6,{TargetName}丰润成熟的身子猛地一僵，随即被一场完整的绝顶高潮牢牢攫住，{anal}剧烈而有节律地一阵阵收缩痉挛，将这次正常强度的极乐尽情释放出来。\n这具历经岁月的成熟胴体对高潮的到来早已了然于心，熟练地一张一合地绞紧又舒张，饱满的腰肢明显弓成一道弧线，纤长的双腿绷紧发颤，呼吸乱成一片。\n如潮水般的快感一层层将她淹没，意识开始变得迷离恍惚，那份平日的沉稳从容在完整的绝顶里悄悄瓦解，却还不至于被彻底冲垮。\n{anal}深处较明显地溢出温热黏滑的肠液，成熟的脸上写满了毫不遮掩的享受与酥麻。
1144,action_part_a_orgasm_normal_A,0,CVP_A2_T|106_E_1&CVP_A2_T|1_E_0&CVP_A2_A|10_G_3&CVP_A2_A|10_LE_6,完整而饱满的绝顶快感如海啸般吞没了{TargetName}成熟丰腴的整具身躯，{anal}猛烈地收缩起来，一下下节律分明地痉挛紧绞，把这次正常烈度的高潮反应展现得毫无保留。\n单身多年却对性事驾轻就熟的她，成熟的身体本能地迎合着这股快感，后穴熟练地一缩一放，丰腴的腰肢反复弓起又落下，圆润的大腿绷得紧紧的，小腹连连抽搐。\n快感的浪潮层层叠叠地拍打着她的神经，虽还未攀上强绝顶那般极致的顶峰，可原本清明的意识已渐渐被这完整的绝顶搅得模糊涣散。\n{anal}明显地淌出一缕缕温热的肠液，她成熟而放荡地沉浸在这份彻底的餍足之中。

1145,action_part_a_orgasm_normal_A,0,CVP_A2_T|107_E_1&CVP_A2_T|1_E_0&CVP_A2_A|10_G_3&CVP_A2_A|10_LE_6,一波完整而汹涌的快感如海潮般骤然席卷{TargetName}早已为人妻的成熟身体，{anal}强烈而有节奏地痉挛收缩着，一圈圈紧缩又松弛，将这次正常烈度的绝顶淋漓尽致地演绎出来。\n有过多次经验的后穴熟稔地放松又收紧，肠壁顺应着快感一波波地蠕动吞吐，较为明显的肠液顺着股缝缓缓溢流而下。\n她丰润的腰肢高高弓起，修长的双腿绷得笔直而后又微微颤抖，小腹一下下抽搐，急促失序的喘息里意识开始变得模糊。\n背着丈夫在{SceneName}承受这般禁忌高潮的背德感，混着熟练身体自然涌起的享受，让人妻的她羞愧又沉溺地颤栗着。
1146,action_part_a_orgasm_normal_A,0,CVP_A2_T|107_E_1&CVP_A2_T|1_E_0&CVP_A2_A|10_G_3&CVP_A2_A|10_LE_6,{TargetName}这具已有归属的成熟胴体猛地绷紧，{anal}随着完整强度的绝顶剧烈而规律地收缩起来，一阵阵有节奏的紧缩自穴口向肠道深处层层递进，将高潮该有的典型反应尽数展现。\n经验丰富的后穴不慌不乱地一张一合，恰到好处地配合着快感的节拍蠕动着，比先前更为明显的肠液悄然渗流出来。\n她的腰身明显向上弓起，四肢一时绷直一时又轻颤，脸颊潮红，眉眼失神，清明的神志在这波浪般的快感冲刷下渐渐涣散。\n身为人妻却在博士面前迎来这样一场彻底的绝顶，那份背叛婚姻的禁忌刺激让她愈发情动难耐。
1147,action_part_a_orgasm_normal_A,0,CVP_A2_T|107_E_1&CVP_A2_T|1_E_0&CVP_A2_A|10_G_3&CVP_A2_A|10_LE_6,完整而剧烈的高潮浪潮毫无预兆地漫过{TargetName}丰腴的身躯，{anal}强烈地一阵阵痉挛收紧，规律的收缩感沿着肠道深处一圈圈扩散开来，是一次正常烈度、反应齐全的标准绝顶。\n有过多次历练的后穴熟练地舒张又箍紧，肠壁顺着这股快感有节律地蠕动着，量比往常更多的肠液沿着{anal}缓缓淌落。\n她成熟的腰肢反复弓起又落下，脚趾无意识地蜷缩，小腹一下下抽动，紊乱的呼吸间那份清醒的意识开始一点点被冲得模糊。\n这份属于人妻的禁忌绝顶，既带着背德的愧疚，又夹杂着经验之身难以掩藏的深深沉溺。
1148,action_part_a_orgasm_normal_A,0,CVP_A2_T|107_E_1&CVP_A2_T|1_E_0&CVP_A2_A|10_G_3&CVP_A2_A|10_LE_6,一场酣畅淋漓的绝顶如决堤般席卷了{TargetName}早已嫁作人妇的丰满身体，{anal}强烈而有节奏地收缩痉挛，一波接一波地紧箍又舒张，将这次完整烈度的高潮宣泄得毫无保留。\n熟悉此道的后穴从容地放松吞纳，肠道随着峰值的到来规律地起伏蠕动，较为明显的肠液自{anal}缓缓沁出，濡湿了一片。\n她丰润的腰线深深弓起而后微微瘫软，双腿绷紧又轻颤，急促的喘息一声紧过一声，原本清明的意识渐渐陷入朦胧。\n偷偷背着丈夫在{Name}身旁享用这样正常却完整的绝顶，背德的禁忌感令这具人妻之身既羞且醉。
1149,action_part_a_orgasm_normal_A,0,CVP_A2_T|107_E_1&CVP_A2_T|1_E_0&CVP_A2_A|10_G_3&CVP_A2_A|10_LE_6,快感的巨浪毫不留情地拍打在{TargetName}这具为人妻多年的成熟躯体上，{anal}猛烈而规律地一收一放，密集的痉挛自穴口层层深入，呈现出一次标准强度绝顶该有的全部反应。\n久经调教的后穴娴熟地松弛又收拢，肠壁配合着快感的起伏自然地蠕动吞吐，比小峰值时更明显的肠液顺着股沟悄悄流下。\n她成熟的腰肢一次次向上弓挺，四肢时而绷直时而颤栗，小腹连连抽搐，涣散的眼神里那点残存的清醒正被快感缓缓吞没。\n身为人妻却在这背德的欢愉中彻底沦陷，熟练的身体诚实地诉说着她此刻的禁忌与迷乱。
1150,action_part_a_orgasm_normal_A,0,target_is_player_daughter&CVP_A2_T|1_E_0&CVP_A2_A|10_G_3&CVP_A2_A|10_LE_6,熟悉这般刺激的{TargetName}再也压不住那阵翻涌而上的浪潮，作为{Name}亲生女儿的娇嫩身子猛地弓起，{anal}一波接一波地剧烈痉挛收缩，将完整而正常的绝顶尽数释放出来。\n快感如海浪般席卷了少女的全身，小腹一下下抽搐，四肢绷得笔直又微微发颤，意识开始变得朦胧恍惚，却还没有被彻底冲垮。\n经验让她的后穴懂得如何配合这股高潮的节奏，一缕缕肠液较为明显地顺着腿根淌落，父女之间那层不该逾越的伦理在这一刻被快感碾得粉碎，羞耻与迷乱一同爬上她通红的脸。
1151,action_part_a_orgasm_normal_A,0,target_is_player_daughter&CVP_A2_T|1_E_0&CVP_A2_A|10_G_3&CVP_A2_A|10_LE_6,完整而剧烈的绝顶终于攫住了{TargetName}，{anal}有节奏地紧紧咬合又骤然松开，一遍遍痉挛蠕动着，把这场正常强度的高潮宣泄得淋漓尽致。\n少女弓起细腰，脚趾狠狠蜷缩，呼吸急促失序，一波波酥麻自后穴深处向四肢蔓延，冲得她意识渐渐发朦，眼神涣散了几分却仍未被完全吞没。\n有经验的身子懂得在绝顶时收放自如，{anal}熟练地一绞一松延长着快感，较为明显的肠液顺着股缝汩汩淌下。\n望向身为父亲的{Name}，这个刚成年的女儿心底翻涌起既依恋又羞愧的复杂涟漪。
1152,action_part_a_orgasm_normal_A,0,target_is_player_daughter&CVP_A2_T|1_E_0&CVP_A2_A|10_G_3&CVP_A2_A|10_LE_6,快感如决堤的潮水般没顶而来，{TargetName}丰润的臀肉猛地绷紧又剧烈颤动，{anal}规律而有力地收缩痉挛，一次完整正常的绝顶将她整具身子牢牢攫住。\n小腹反复抽搐，双腿绷直后又无力软下，腰肢高高弓起，作为{Name}女儿的她意识开始变得混沌，却还撑着没有彻底失神。\n熟稔此道的后穴自然而然地随着高潮的律动一张一合，把这份快感享受到极致，一股股肠液较为明显地渗流而出，淋漓地打湿了腿间，无声诉说着这场悖德的沉沦。
1153,action_part_a_orgasm_normal_A,0,target_is_player_daughter&CVP_A2_T|1_E_0&CVP_A2_A|10_G_3&CVP_A2_A|10_LE_6,这一次的高潮来得完整而饱满，{TargetName}纤细的身躯剧烈地弓成一道弧，{anal}深处传来一阵阵规律的强烈痉挛，将标准绝顶该有的每一分反应都尽数呈现。\n少女的四肢绷得紧紧，指尖无意识地抓挠，呼吸乱成一片，意识随着这阵阵袭来的快感浪潮渐渐模糊，脸颊烧得通红。\n历经过数次开发的{anal}早已适应这般节律，一收一放间将高潮延展得更为绵长，较多的肠液顺着大腿内侧缓缓流淌。\n面对身为生父的{Name}，这个年轻女儿在灭顶的酥麻里既沉溺又难掩那份乱伦的羞惭。
1154,action_part_a_orgasm_normal_A,0,target_is_player_daughter&CVP_A2_T|1_E_0&CVP_A2_A|10_G_3&CVP_A2_A|10_LE_6,一场正常而完整的绝顶轰然爆开，{TargetName}的身子止不住地痉挛发抖，{anal}一波一波地深深收缩又缓缓松弛，把绝顶该有的典型反应演绎得毫无保留。\n她弓腰夹腿，小腹不住抽搐，急促的鼻息断断续续，快感如浪潮般层层拍打着少女的意识，令她渐渐恍惚却尚存一丝清明。\n有经验的后穴懂得在这时主动迎合收缩，把每一分酥麻榨取得干干净净，较为明显的肠液自{anal}汩汩溢流。\n身为{Name}亲女的她在这背德的高潮里，心底交织着对父亲的孺慕与深深的羞耻。

1155,action_part_a_orgasm_normal_A,0,CVP_A2_T|102_E_1&CVP_A2_T|1_E_0&CVP_A2_A|10_G_6,幼小娇嫩的{TargetName}整个小身子猛地绷紧起来，一波完整而剧烈的绝顶浪潮从{anal}深处轰然席卷而上，稚嫩的身体控制不住地连连痉挛。\n虽是稚气未脱的幼女，那早已被彻底开发的{anal}却熟练地一阵阵强烈收缩着，节奏分明地吮吸抽搐，将这场标准的绝顶演绎得淋漓尽致。\n小小的腰肢明显地向上弓起，纤细的大腿绷得笔直又不住颤抖，稚嫩的小腹一下下抽搐，脸蛋潮红、呼吸急促而凌乱，意识开始一点点变得模糊。\n较为明显的肠液顺着挛缩的{anal}缓缓溢出，浸得下身一片濡湿，快感如海浪般层层拍打过全身，却还未到那种彻底失控的极致地步。
1156,action_part_a_orgasm_normal_A,0,CVP_A2_T|102_E_1&CVP_A2_T|1_E_0&CVP_A2_A|10_G_6,一次完整而正常烈度的绝顶陡然攫住了幼小的{TargetName}，快感如潮水般一浪高过一浪地从后方深处翻涌上来，将她娇小稚嫩的躯体整个淹没。\n别看她年纪幼小身形单薄，那被操练得极为熟稔的{anal}却毫不生涩，一圈圈有力而富有节奏地痉挛收缩着，熟练地咀嚼着这股绝顶的浪潮。\n幼嫩的腰背绷紧后弓起，小小的脚趾用力蜷曲，稚气的面庞漾满红潮，急促的喘息里透出几分迷蒙，清醒的神志正被这完整的高潮悄悄冲散。\n明显增多的肠液自收缩的{anal}汩汩淌落，标准绝顶该有的每一样反应都在这具幼小身体上尽数呈现，唯独还差着强绝顶那份猛烈。
1157,action_part_a_orgasm_normal_A,0,CVP_A2_T|102_E_1&CVP_A2_T|1_E_0&CVP_A2_A|10_G_6,{anal}深处骤然爆发出一阵完整而扎实的绝顶，幼小的{TargetName}那单薄的小身子随之剧烈地颤栗起来，一波接一波的快感如浪潮般席卷了她整具稚嫩的躯体。\n经验老到的后穴熟门熟路地承接住这份汹涌，{anal}一下下深沉有力地缩紧又松开，反复吮吸蠕动，把这场典型的高潮咀嚼得回味悠长。\n她细嫩的腰肢明显弓成一道弧线，幼小的双腿绷直后又不受控地哆嗦，红扑扑的小脸上写满了沉溺，凌乱的呼吸间意识已渐渐飘忽。\n较多的肠液随着一阵阵收缩缓缓渗出淌落，绝顶的每一样反应都完整而剧烈地铺展开来，却始终停在正常烈度这一档，未曾滑向那种失神的失控。
1158,action_part_a_orgasm_normal_A,0,CVP_A2_T|102_E_1&CVP_A2_T|1_E_0&CVP_A2_A|10_G_6,娇小的{TargetName}被一记完整而标准的绝顶狠狠拽住，稚嫩的躯体霎时僵直又剧烈抖动，快感如翻涌的海浪一层层没过她小小的身子，将残存的意识一点点搅得模糊。\n那被反复调教得极为熟练的{anal}丝毫不见生涩，规律而有力地一波波挛缩着，娴熟地随着高潮的节拍收紧放松，把这份汹涌尽数榨取吮吸。\n幼嫩的腰背无力地弓起又颤抖，纤细的小腿绷得发紧，小腹随着绝顶反复抽搐起伏，潮红的脸颊与急乱的喘息道尽了这份沉沦。\n分泌得颇为明显的肠液沿着痉挛的{anal}缓缓溢流，这是一场典型绝顶该有的完整光景，浓烈却仍克制在正常的范畴之内。
1159,action_part_a_orgasm_normal_A,0,CVP_A2_T|102_E_1&CVP_A2_T|1_E_0&CVP_A2_A|10_G_6,一股完整而磅礴的绝顶自后方深处轰然炸开，幼小稚嫩的{TargetName}整个人被这波浪潮托起又摔落，小小的身体绷紧、抽搐、战栗，尽数交给了这场标准烈度的高潮。\n尽管身形娇小得惹人怜爱，那早被彻底开发熟练的{anal}却应付得从容自若，一阵阵强烈而有节律地收缩绞紧，熟稔地含住这份绝顶反复吮咂。\n她细瘦的腰肢明显向上弓挺，稚嫩的大腿绷直又抖个不停，泛红的小脸迷离沉醉，急促而破碎的喘息里神志已开始摇晃恍惚。\n增多的肠液顺着一缩一放的{anal}汩汩流出，把绝顶该有的一切典型反应演绎得饱满淋漓，却恰好收在正常这一档，不曾越向那更极致的失控。
1160,action_part_a_orgasm_normal_A,0,CVP_A2_T|103_E_1&CVP_A2_T|1_E_0&CVP_A2_A|10_G_6,娇小的身子猛地绷紧，{TargetName}稚嫩的腰肢完整而有力地弓了起来，{anal}随着席卷全身的快感强烈而有节奏地一阵阵痉挛收缩，那经验老到的肠壁熟门熟路地绞缠蠕动，把这份彻底的绝顶尽数吞纳。\n这是一次完整正常烈度的绝顶高潮，快感如海浪般一波接一波漫过幼小的身体，稚气的脸蛋因深度的沉浸而绯红一片，圆圆的眼眸渐渐蒙上一层水雾，意识开始变得模糊却还没有被彻底冲垮。\n纤细的四肢一下下绷直又颤抖，小腹反复地抽搐起伏，{anal}深处较为明显地淌出一股股温热的肠液，急促而失序的喘息里满是熟稔的沉溺。
1161,action_part_a_orgasm_normal_A,0,CVP_A2_T|103_E_1&CVP_A2_T|1_E_0&CVP_A2_A|10_G_6,一波完整的绝顶轰然贯穿了{TargetName}娇小的躯体，{anal}猛然强烈地收紧，而后一下下富有节奏地痉挛抽搐，那充分开发过的后穴驾轻就熟地随着快感的浪潮起伏绞动，主动收缩着把这份高潮的滋味吞得干干净净。\n稚嫩的腰身高高弓起又落下，纤细的大腿绷得笔直，脚趾紧紧蜷缩，小小的身子随着一浪高过一浪的快感不住颤栗。\n这是标准烈度的绝顶，比浅浅的小峰值剧烈了太多，却还没到那种失控的极致，稚气未脱的小脸上写满深深的沉醉，意识随着快感的翻涌渐渐涣散模糊，{anal}里较明显地溢出温热的肠液。
1162,action_part_a_orgasm_normal_A,0,CVP_A2_T|103_E_1&CVP_A2_T|1_E_0&CVP_A2_A|10_G_6,{anal}毫无预兆地剧烈痉挛起来，{TargetName}那具娇小稚嫩的身体随着完整的绝顶高潮一寸寸绷紧颤抖，经验丰富的肠壁一圈圈熟练地收紧又放松，把汹涌而来的快感一波波咽下。\n幼小的腰肢明显地弓起，纤细的四肢时而绷直时而轻颤，圆润的小腹一下下抽搐个不停，急促的呼吸彻底乱了节拍。\n这是一次典型而完整的高潮，快感像潮水般将整具幼嫩的身子淹没，却尚未凶猛到令她彻底失神的地步，稚嫩的脸上潮红弥漫，意识开始朦胧发飘，{anal}深处也随之淌出明显的温热肠液。
1163,action_part_a_orgasm_normal_A,0,CVP_A2_T|103_E_1&CVP_A2_T|1_E_0&CVP_A2_A|10_G_6,完整而剧烈的快感狠狠攫住了{TargetName}，娇小的身躯骤然弓成一道紧绷的弧线，{anal}强烈而有规律地一阵阵收缩痉挛，那熟稔的肠道极为老练地绞缠蠕动着，将这份彻底的绝顶热情地包裹回应。\n稚气的腰肢反复弓起又颤抖，纤细的双腿绷得死紧，小小的脚趾一下下蜷起，幼嫩的身子在一波波快感里止不住地战栗。\n这是正常烈度的完整绝顶，远比小峰值来得汹涌，却还差着强绝顶那份失控的极致，稚嫩的面庞浮起深深的醉意，意识渐渐模糊起来，{anal}中较明显地渗出一缕缕温热的肠液。
1164,action_part_a_orgasm_normal_A,0,CVP_A2_T|103_E_1&CVP_A2_T|1_E_0&CVP_A2_A|10_G_6,高潮的浪头轰然拍下，{TargetName}娇小的身子猛地一僵而后剧烈战栗，{anal}强烈有节奏地绞紧抽搐，那早已被充分开发的后穴熟练地随着快感的节拍蠕动收缩，一口口把这份完整的绝顶滋味吞进深处。\n幼嫩的腰身明显地弓起，纤细的四肢绷直又轻颤，圆圆的小腹反复抽搐起伏，凌乱急促的喘息一声接一声。\n这是一次典型正常的绝顶高潮，快感如海浪般层层席卷幼小的躯体，尚未达到强绝顶那般极致失控，稚嫩的脸蛋绯红一片，眼神涣散而迷离，意识开始模糊，{anal}也随之流出较为明显的温热肠液。
1165,action_part_a_orgasm_normal_A,0,CVP_A2_T|104_E_1&CVP_A2_T|1_E_0&CVP_A2_A|10_G_6,青春靓丽的{TargetName}猛地绷直了纤细的腰肢，一次完整而正常的绝顶如汹涌的海浪般席卷了她整具少女的身体。\n{anal}一下下强烈而有节奏地痉挛收缩着，那早已被充分开发的后穴熟练地翕张绞紧，将这股浓烈的快感尽数吞纳。\n快感的浪潮从下腹深处一波接一波地涌起，漫过四肢百骸，她青涩的意识开始变得朦胧模糊，却还未被彻底冲垮。\n羞红的脸蛋透着迷醉，{anal}深处有肠液较明显地淌落出来，比之前更浓更多，无声地宣告着这场典型而完整的肛肠绝顶。
1166,action_part_a_orgasm_normal_A,0,CVP_A2_T|104_E_1&CVP_A2_T|1_E_0&CVP_A2_A|10_G_6,熟稔于此的{TargetName}在这一刻再也绷不住那副青春的矜持，一场完整正常强度的肛肠高潮铺天盖地地淹没了她。\n{anal}规律而剧烈地一阵阵收紧又松开，经验丰富的肠壁娴熟地蠕动绞缩，将席卷而来的快感一寸寸榨尽。\n绝顶的快意如潮水般漫过她年轻柔韧的躯体，少女的神志渐渐涣散恍惚，可那点清醒仍勉强悬在她迷乱的眉眼间。\n随着高潮的到来，{anal}明显地溢淌出温热的肠液，量比往常更盛，却尚未到喷涌而出的地步。
1167,action_part_a_orgasm_normal_A,0,CVP_A2_T|104_E_1&CVP_A2_T|1_E_0&CVP_A2_A|10_G_6,{TargetName}青春的身子霎时僵住，随即被一场标准而彻底的绝顶掀翻，快感如翻涌的巨浪层层拍击着她的每一寸肌肤。\n那被反复操练得极为熟练的{anal}此刻强烈而富有节奏地痉挛着，主动收缩的肠道将这份浓稠的快感牢牢缠住。\n她那双好奇而灵动的眼眸渐渐失了焦距，青涩的意识在快感的冲刷下开始模糊，尚存的一丝理智摇摇欲坠。\n绷紧的小腹一下下抽搐，{anal}里较为明显地渗出黏腻的肠液，将这场完整的肛肠绝顶诠释得淋漓尽致。
1168,action_part_a_orgasm_normal_A,0,CVP_A2_T|104_E_1&CVP_A2_T|1_E_0&CVP_A2_A|10_G_6,一股浓烈的快感自{anal}深处轰然炸开，将{TargetName}青春靓丽的娇躯彻底卷入一场完整而正常强度的绝顶之中。\n她那早已开发成熟的后穴熟练地翕合绞紧，{anal}一波波强烈地收缩痉挛，把汹涌的快意悉数接纳下来。\n海浪般的高潮层层漫过她柔韧富有弹性的身体，少女的意识开始朦胧起来，却还挣扎着没有被冲得彻底空白。\n她青嫩的脸颊泛起浓艳的潮红，{anal}中较明显地流淌出温热的肠液，比寻常时候更多，无声诉说着这场淋漓的绝顶。
1169,action_part_a_orgasm_normal_A,0,CVP_A2_T|104_E_1&CVP_A2_T|1_E_0&CVP_A2_A|10_G_6,娴熟承欢的{TargetName}再难维持少女的青涩克制，一场典型完整的肛肠绝顶如海啸般将她整个人淹没吞噬。\n{anal}强烈而有规律地一阵阵抽搐绞缩着，那被充分调教过的肠道熟练地蠕动收紧，贪婪地攫取着这份浓稠快感。\n绝顶的浪潮一层高过一层地漫过她青春的躯体，她迷蒙的神志逐渐涣散，但那份朦胧尚未演变成全然的空白。\n伴着身体的战栗，{anal}深处明显地淌出黏滑的肠液，量较之前更为可观，将这次完整的高潮衬托得愈发淫靡。


1170,action_part_a_orgasm_normal_A,0,CVP_A2_T|105_E_1&CVP_A2_T|1_E_0&CVP_A2_A|10_G_6,成熟丰腴的{TargetName}忽然绷紧了那具发育完全的身子，{anal}猛然发出强烈而有节律的痉挛收缩，一波接一波的快感如海浪般席卷了她整个后腰。\n那已被充分开发的{anal}熟练地承接着这份汹涌的绝顶，丰润的腰肢高高弓起又无力垂落，修长的双腿绷得笔直，较为明显的肠液顺着股缝缓缓淌出，将那处浸得湿亮。\n这是一次完整而标准的绝顶，成熟的胴体本能地颤栗抽搐，却又带着几分连她自己都遮掩不住的青涩慌乱，潮红爬满了那张成熟而略显稚气的脸，急促的呼吸乱成一片，意识在快感的浪潮里开始模糊飘散，却还未被彻底冲垮。
1171,action_part_a_orgasm_normal_A,0,CVP_A2_T|105_E_1&CVP_A2_T|1_E_0&CVP_A2_A|10_G_6,{anal}骤然剧烈地收缩绞紧，{TargetName}那具成熟饱满的身躯随之猛地一颤，标准而完整的绝顶快感如潮水般层层漫过她的下腹与后腰。\n她那早已熟稔此道的后穴不慌不忙地迎着这股汹涌，主动收缩蠕动着将快感尽数吞纳，丰腴的腰线深深塌陷又高高挺起，圆润的臀肉止不住地颤动痉挛，较明显的肠液一点点渗出滑落。\n完整绝顶该有的一切反应在这具成熟身体上尽数浮现，只是那涨红的脸颊与失神的眼底仍藏着一丝与那成熟身段并不相称的青涩与羞怯，呼吸急促而紊乱，神志在这波快感冲击下渐渐模糊起来。
1172,action_part_a_orgasm_normal_A,0,CVP_A2_T|105_E_1&CVP_A2_T|1_E_0&CVP_A2_A|10_G_6,一阵完整而汹涌的绝顶毫无预兆地攫住了{TargetName}成熟的身体，{anal}强烈而绵密地一阵阵痉挛收紧，快感如海浪般一层高过一层地拍打着她的每一寸神经。\n被充分开发过的{anal}熟练地承受着这份远超寻常的刺激，丰润的腰肢反复弓起塌陷，成熟修长的双腿失控地颤抖，较为明显的肠液顺着开合的穴口缓缓溢出。\n这具饱满的胴体在标准绝顶的浪潮里彻底诚实，小腹一下下地抽搐，成熟的面容上却挂着与之矛盾的青涩潮红，急乱的喘息断断续续，意识开始在快感中变得恍惚模糊，堪堪还守着最后一丝清明。
1173,action_part_a_orgasm_normal_A,0,CVP_A2_T|105_E_1&CVP_A2_T|1_E_0&CVP_A2_A|10_G_6,绝顶来临的刹那，{TargetName}成熟丰腴的身子骤然绷成一道紧绷的弧线，{anal}猛地发出强烈有力的节律性收缩，一浪接一浪的快感席卷全身。\n那处历经无数次开发而愈发熟练的后穴此刻游刃有余地咀嚼着这份汹涌，主动绞紧又松弛，将标准绝顶的每一分快意榨取殆尽，较明显的肠液自颤动的穴口潺潺淌落。\n丰满的腰臀无法自控地反复抽搐颤栗，成熟的眉眼间却漾开一层未脱青涩的迷乱与娇羞，唇瓣微张吐着急促的热息，意识随着这完整高潮的浪头一点点朦胧涣散，却终究没有被冲垮。
1174,action_part_a_orgasm_normal_A,0,CVP_A2_T|105_E_1&CVP_A2_T|1_E_0&CVP_A2_A|10_G_6,{TargetName}那具成熟的躯体蓦地一僵，紧接着便被完整绝顶的浪潮彻底淹没，{anal}强烈而有节奏地痉挛蠕动，把汹涌的快感一波波送往下腹深处。\n经验丰富的后穴对这般强度早已驾轻就熟，从容地收缩包裹着承接这份绝顶，丰腴的腰肢深深弓起又软软塌下，修长双腿绷直后止不住颤动，较为明显的肠液缓缓渗出濡湿了股间。\n海浪般的快感一层层冲刷着她成熟的身体，饱满的小腹反复抽搐，绯红爬上那张成熟里透着青涩的脸，呼吸凌乱失序，模糊的意识在绝顶的余韵里轻轻摇晃飘荡。

1175,action_part_a_orgasm_normal_A,0,CVP_A2_T|105_E_1&CVP_A2_A|5_LE_3,{TargetName}那具成熟中透着青涩的身子猛地一僵，随即被一阵完整而汹涌的快感彻底席卷。\n{anal}一下一下强烈地痉挛收缩，配合着那股翻涌上来的绝顶浪潮有节奏地紧缩又松开，明明她这处平日感度并不算高，素来只惯于承受被填满的钝重异物感，此刻却被真真切切地推上了正经的绝顶。\n丰润的腰肢高高弓起，修长的双腿绷得笔直又忍不住颤栗，小腹一波波抽搐着，较为明显的肠液顺着{anal}的边缘缓缓渗流而出。\n她的意识开始变得模糊，呼吸急促而失序，那份成熟从容的神态里透出连她自己都没料到的慌乱与迷醉。
1176,action_part_a_orgasm_normal_A,0,CVP_A2_T|105_E_1&CVP_A2_A|5_LE_3,一阵完整的绝顶如潮水般漫过{TargetName}全身，那具已然发育成熟的胴体骤然绷紧，又控制不住地阵阵战栗起来。\n{anal}强烈而有节奏地一缩一缩，将这份正经绝顶的烈度尽数吞吐——这里原本感度偏低，多半只尝得到被撑开填满的沉重，如今竟被这股快感送上了真正的高峰。\n她成熟的腰身反复弓起，双腿无意识地夹紧又打颤，圆润的臀肉微微痉挛不止，量比往常更多的肠液从{anal}悄悄溢流下来。\n初经人事的青涩让她神色间既有深深的沉沦又带着一丝羞怯，意识在这波浪潮里一点点变得朦胧恍惚。
1177,action_part_a_orgasm_normal_A,0,CVP_A2_T|105_E_1&CVP_A2_A|5_LE_3,快感如同海浪般一层层席卷而来，{TargetName}那具丰腴成熟的身体在这一刻迎来了一次彻底而完整的绝顶。\n{anal}剧烈而有规律地痉挛紧缩，一波接着一波地收放，纵使这处平素敏感得迟钝、只识得被塞满的胀闷，此刻也被这份货真价实的高潮彻底攻陷。\n她的腰肢明显弓成一道诱人的弧线，成熟的大腿绷紧又打着颤，脚趾无意识地蜷起，较为明显的肠液自{anal}缓缓淌出。\n成熟稳重的她双唇微张吐着乱了节拍的喘息，眼神渐渐失了焦，青涩与迷醉在那张脸上交织成一片。
1178,action_part_a_orgasm_normal_A,0,CVP_A2_T|105_E_1&CVP_A2_A|5_LE_3,{TargetName}成熟丰润的身躯陡然一颤，一场正经而饱满的绝顶高潮猛地将她整个人吞没。\n{anal}强烈地一阵阵收缩痉挛，随着那股汹涌快感的起伏有力地绞紧又松弛，明明她这里感度素来低浅，往日多半只感到被撑满的迟钝压迫，如今却被结结实实地推向了绝顶的顶峰。\n她的腰身高高拱起又缓缓塌软，修长双腿绷得发直，小腹随着高潮反复抽动，较之寻常更多的肠液从{anal}汩汩溢出。\n她意识渐渐涣散，呼吸紊乱急促，那副大姐姐般从容的模样里混进了几分毫无防备的失神。
1179,action_part_a_orgasm_normal_A,0,CVP_A2_T|105_E_1&CVP_A2_A|5_LE_3,绝顶的浪潮完整而凶猛地拍上{TargetName}成熟的身体，让这具介于青涩与丰熟之间的胴体骤然绷成一线，随即无力地瘫软颤栗。\n{anal}一下下强烈痉挛，规律地紧缩又舒张，把这场标准强度的高潮演绎得淋漓尽致——即便这处平日感度不高，惯于承受的只是被填满的胀闷，此刻也被彻底送上了绝顶。\n她丰润的腰肢反复弓起，大腿夹紧又颤动，圆润的臀部微微耸动，明显增多的肠液顺着{anal}缓缓流淌。\n她眼波迷离，喘息急乱，成熟的端庄在这完整的绝顶里悄然崩解，只余一片沉醉与恍惚。

1180,action_part_a_orgasm_normal_A,0,CVP_A2_T|106_E_1&CVP_A2_T|1_E_0&CVP_A2_A|10_G_6&high_1,成熟丰腴的{TargetName}整具身子骤然弓成一道紧绷的弧线，{anal}猛地一阵强烈而有节奏地痉挛收缩，一波接一波的快感如海浪般席卷了她的全身。\n这是一次完完整整、正常烈度的绝顶，绝顶该有的一切反应尽数涌现——丰润的腰肢明显向上弓起，修长的双腿绷得笔直又不住颤抖，饱满的小腹反复抽搐着。\n多年历练出的成熟身体早已将这份快感的节奏掌握得炉火纯青，{anal}熟练地随着高潮的波峰一下下深深绞缩，较为明显的肠液顺着股缝汩汩溢出。\n她的意识在这汹涌的快意里开始变得模糊，成熟的脸庞染上浓艳潮红，急促失序的喘息里满是毫不掩饰的沉沦。
1181,action_part_a_orgasm_normal_A,0,CVP_A2_T|106_E_1&CVP_A2_T|1_E_0&CVP_A2_A|10_G_6&high_1,一股滔天的快感在{TargetName}的后穴深处轰然炸开，那具丰腴成熟的胴体随之剧烈地绷紧战栗，{anal}强烈而绵密地一阵阵痉挛绞紧，将这次标准而完整的绝顶淋漓尽致地宣泄出来。\n经验老到的她对这种由后穴涌起的高潮早已驾轻就熟，{anal}熟练地一收一缩，热情地咀嚼着这翻涌的快意，比起浅尝辄止的小峰值，这一次的烈度足足高出了一个层次。\n成熟的腰肢深深弓起又缓缓塌软，丰满的大腿无意识地夹紧又摊开，明显增多的肠液缓缓淌落。\n意识开始被这完整的快感浪潮浸得有些恍惚，却还未被彻底冲垮，成熟的媚态在{SceneName}里展露无遗。
1182,action_part_a_orgasm_normal_A,0,CVP_A2_T|106_E_1&CVP_A2_T|1_E_0&CVP_A2_A|10_G_6&high_1,{TargetName}丰腴的身躯毫无预兆地重重一颤，{anal}随即陷入一阵强烈而规律的收缩痉挛，完整绝顶所特有的汹涌快意如潮水般层层漫过她成熟的每一寸肌肤。\n历经世事的她早把这份后穴高潮的门道摸得透彻，{anal}娴熟地顺着快感的节拍深深绞动，承受力极强的肠道热情地回应着这翻腾的顶点。\n她成熟的眉眼间尽是深陷情欲的沉醉，饱满的胸脯剧烈起伏，腰肢弓起又瘫软，脚趾无力地蜷起，较小绝顶更为可观的肠液缓缓渗流出来。\n这份快感虽还未抵达那种极致失控的地步，却已让她清明的神志一点点被浸润得朦胧起来。
1183,action_part_a_orgasm_normal_A,0,CVP_A2_T|106_E_1&CVP_A2_T|1_E_0&CVP_A2_A|10_G_6&high_1,随着绝顶的骤然降临，{TargetName}那具成熟饱满的身体彻底绷成了一张满弓，{anal}一下下强烈地痉挛绞缩着，一波未平一波又起的快意如奔涌的海浪席卷全身。\n这是一场完整而典型的高潮，绝顶该有的反应无一缺席——腰部高高弓起，四肢时而绷直时而颤抖，成熟的小腹一抽一抽地起伏不定。\n多年积累的丰富经验让她的后穴对这种快感应对自如，{anal}熟稔地绞紧又松开，明显可见的肠液顺着丰腴的臀缝缓缓流下。\n浓烈的潮红爬满了她成熟从容的面庞，急促紊乱的呼吸间，理智已在这完整的顶峰里悄悄开始涣散。
1184,action_part_a_orgasm_normal_A,0,CVP_A2_T|106_E_1&CVP_A2_T|1_E_0&CVP_A2_A|10_G_6&high_1,快感的巨浪终于在{TargetName}体内彻底奔涌开来，成熟丰腴的身子猛然一僵，{anal}紧接着强烈而有节律地一阵阵抽搐绞缩，将这次正常烈度的完整绝顶尽情释放。\n阅历深厚的她早已谙熟这后穴高潮的每一分节奏，{anal}熟练地随着快意的起伏深深收放，极强的承受力让她将这翻涌的顶点尽数化作酥麻的快感吞纳入身。\n丰润的腰肢反复弓起又落下，修长的双腿无力地夹拢颤抖，比先前更为明显的肠液潺潺溢出。\n成熟脸庞上那份惯有的从容此刻已被情潮冲得七零八落，模糊的意识里只剩下绵密快意一层层拍打而来。

1185,action_part_a_orgasm_normal_A,0,CVP_A2_T|107_E_1&CVP_A2_T|1_E_0&CVP_A2_A|10_G_6,已为人妇的{TargetName}那具丰熟的身子骤然绷成一道紧绷的弧线，{anal}猛地一阵强烈而有节律地痉挛收缩，一波接一波的快感如海浪般席卷了她的全身。\n这是一场完整而标准的绝顶，绝顶该有的反应尽数涌现——丰润的腰肢高高弓起，修长的双腿绷得笔直又不住颤抖，饱满的小腹一下下地抽搐着。\n早已被充分开发的{anal}熟稔地随着高潮的波峰深深绞缩，较为明显的肠液顺着股缝汩汩溢出。\n偷背着丈夫承欢的背德快感将她仅存的端庄冲得七零八落，成熟的脸庞爬满浓艳潮红，意识在这禁忌的浪潮里开始变得模糊，急促失序的喘息中满是既愧疚又沉沦的矛盾。
1186,action_part_a_orgasm_normal_A,0,CVP_A2_T|107_E_1&CVP_A2_T|1_E_0&CVP_A2_A|10_G_6,一股滔天的快意在{TargetName}的后穴深处轰然炸开，那具为人妻的丰腴胴体随之剧烈地绷紧战栗，{anal}强烈而绵密地一阵阵痉挛绞紧，将这次完整而正常烈度的绝顶淋漓地宣泄出来。\n历经床笫的她对这由后穴涌起的高潮早已驾轻就熟，{anal}熟练地一收一缩热情咀嚼着翻涌的快意，极强的承受力让她将这翻腾的顶点尽数吞纳。\n丰熟的腰肢深深弓起又缓缓塌软，明显增多的肠液缓缓淌落。\n背叛婚姻的隐秘刺激令快感成倍翻涌，意识被这完整的浪潮浸得有些恍惚，却还未被彻底冲垮，人妻的媚态在{SceneName}里一览无余。
1187,action_part_a_orgasm_normal_A,0,CVP_A2_T|107_E_1&CVP_A2_T|1_E_0&CVP_A2_A|10_G_6,{TargetName}丰腴的身躯毫无预兆地重重一颤，{anal}随即陷入一阵强烈而规律的收缩痉挛，完整绝顶特有的汹涌快意如潮水般层层漫过她为人妇的每一寸肌肤。\n多年的人妻生活也不曾磨去她后穴的熟练，{anal}娴熟地顺着快感的节拍深深绞动，承受力极高的肠道热情地回应着这翻腾的顶点。\n她成熟的眉眼间尽是深陷情欲的沉醉，饱满的胸脯剧烈起伏，脚趾无力地蜷起，较之小绝顶更为可观的肠液缓缓渗流出来。\n对家庭的那点愧疚在背德的快意里被冲得支离破碎，清明的神志一点点被浸得朦胧起来。
1188,action_part_a_orgasm_normal_A,0,CVP_A2_T|107_E_1&CVP_A2_T|1_E_0&CVP_A2_A|10_G_6,随着绝顶的骤然降临，{TargetName}那具为人妻的成熟身体彻底绷成了一张满弓，{anal}一下下强烈地痉挛绞缩着，一波未平一波又起的快意如奔涌的海浪席卷全身。\n这是一场典型而完整的高潮，绝顶该有的反应无一缺席——腰部高高弓起，四肢时而绷直时而颤抖，成熟的小腹一抽一抽地起伏不定。\n被开发得极其熟透的{anal}熟稔地绞紧又松开，明显可见的肠液顺着丰腴的臀缝缓缓流下。\n背着丈夫沦陷的禁忌感让她又羞又醉，浓烈的潮红爬满那张贤淑的面庞，急乱的呼吸间，理智已在这完整的顶峰里悄悄涣散。
1189,action_part_a_orgasm_normal_A,0,CVP_A2_T|107_E_1&CVP_A2_T|1_E_0&CVP_A2_A|10_G_6,快感的巨浪终于在{TargetName}为人妇的体内彻底奔涌开来，丰熟的身子猛然一僵，{anal}紧接着强烈而有节律地一阵阵抽搐绞缩，将这次正常烈度的完整绝顶尽情地释放。\n谙熟此道的她早已掌握了后穴高潮的每一分节奏，{anal}熟练地随着快意的起伏深深收放，极高的承受力将这翻涌的顶点尽数化作酥麻的快感吞纳入身。\n丰润的腰肢反复弓起又落下，修长的双腿无力地夹拢颤抖，比先前更为明显的肠液潺潺溢出。\n背叛家庭的背德快感与那份藏不住的愧疚交织成汹涌情潮，成熟脸上惯有的贤惠从容被冲得七零八落，模糊的意识里只剩下绵密快意一层层拍打而来。

1190,action_part_a_orgasm_normal_A,0,target_is_player_daughter&CVP_A2_T|1_E_0&CVP_A2_A|10_G_6&high_2,{TargetName}那具早已被彻底开发的身子猛地绷紧，{anal}骤然收缩成一波接一波强烈而规律的痉挛，将这次完整而标准的绝顶清晰地宣告了出来。\n经验丰富的她熟练地掌控着高潮的节奏，腰肢明显地向上弓起又软软落下，四肢绷得紧紧的，小腹一阵阵抽搐，浓稠的肠液较为明显地顺着股缝溢流而出。\n快感如海浪般一层层席卷全身，她的意识开始有些模糊，却还没有被彻底冲垮。\n望着近在咫尺的{Name}，作为亲生女儿的她眼底翻涌着依恋与迷乱，明知这份父女间的越界满是禁忌，身体却依旧诚实地为父亲攀上了绝顶的顶端。
1191,action_part_a_orgasm_normal_A,0,target_is_player_daughter&CVP_A2_T|1_E_0&CVP_A2_A|10_G_6&high_2,一次完整而正常强度的绝顶轰然降临，{TargetName}熟练承欢的身体毫无保留地迎了上去，{anal}强烈而有节奏地痉挛收缩着，将这份标准的高潮反应演绎得淋漓尽致。\n她的腰高高弓起，脚趾用力蜷曲，呼吸急促而失序，较多的肠液伴着一波波收缩缓缓渗流出来，却还远没到喷涌的地步。\n开发得极好的后穴熟门熟路地咬合蠕动，把这股快感榨取到极致。\n迷离的眼神落在{Name}身上，她心底既有身为女儿的羞赧与愧疚，又有对父亲难以自控的沉溺，复杂的情愫在绝顶中被搅得一片混乱。
1192,action_part_a_orgasm_normal_A,0,target_is_player_daughter&CVP_A2_T|1_E_0&CVP_A2_A|10_G_6&high_2,{anal}猛然绞紧，{TargetName}那具饱经调教的躯体随之陷入一场典型而剧烈的绝顶，肌肉一阵阵规律地抽搐绷紧，把完整绝顶该有的反应尽数展现。\n她驾轻就熟地承接着这股冲击，腰身弓成好看的弧度，大腿不住地颤抖夹紧，浓稠的肠液比往常更明显地淌流下来。\n潮水般的快感一浪高过一浪地漫过全身，神志渐渐涣散却仍存着一丝清明。\n作为{Name}的亲生女儿，她在这禁忌的巅峰里又爱又怕，对父亲的爱慕和无法言说的依恋，尽数化作了这一刻失守的战栗。
1193,action_part_a_orgasm_normal_A,0,target_is_player_daughter&CVP_A2_T|1_E_0&CVP_A2_A|10_G_6&high_2,绝顶如约而至，{TargetName}早已熟稔此道的身体骤然弓成一张满弓，{anal}接连不断地收缩痉挛，把这次完整正常的高潮释放得干净又彻底。\n她熟练地放任身体随快感起伏，小腹反复抽搐，四肢紧绷又颤栗，明显增多的肠液顺着缝隙一缕缕流溢出来。\n快感层层叠叠地席卷四肢百骸，意识微微发飘却还稳稳撑着。\n她偷偷望向自己的父亲{Name}，身为女儿的心里泛起浓浓的眷恋与一丝背德的甜，明知不该却又贪恋着这份只属于父女之间的隐秘欢愉。
1194,action_part_a_orgasm_normal_A,0,target_is_player_daughter&CVP_A2_T|1_E_0&CVP_A2_A|10_G_6&high_2,经验老到的{TargetName}再次被推上完整绝顶的浪尖，{anal}强烈而绵密地一阵阵痉挛收缩，将这场正常强度的高潮反应展现得恰到好处。\n她熟练地收放着肠壁的每一次蠕动，腰肢明显地上弓，脚尖绷直，急促的喘息一声接着一声，较多的肠液缓缓沁出。\n海浪般的快感一波波拍打着她的全身，意识开始朦胧模糊，却终究没被冲垮。\n凝望着{Name}，这个把她当作掌上明珠的父亲，她心中翻涌着女儿独有的孺慕与迷恋，在伦理的禁区里甘之如饴地沉沦。

1195,action_part_a_orgasm_normal_A,0,CVP_A2_T|106_E_1&CVP_A2_A|5_LE_3,{TargetName}那具饱经岁月打磨的成熟身躯猛地绷紧，一场完整而标准的绝顶如潮水般将她整个人吞没。\n{anal}强烈而有节奏地一阵阵痉挛收缩，随着汹涌的快感浪潮有力地绞紧又松开，这处平日感度低浅、素来只惯于承受被填满的钝重胀闷，此刻竟被结结实实地推上了正经的绝顶顶峰。\n丰腴的腰肢高高弓起，圆润成熟的双腿绷得笔直又忍不住阵阵颤栗，小腹一波波抽搐着，较为明显的肠液顺着{anal}的边缘缓缓渗流而下。\n她那份沉稳从容的成熟神态里，意识开始变得朦胧模糊，急促失序的喘息中透出连她自己都未曾料到的迷醉。
1196,action_part_a_orgasm_normal_A,0,CVP_A2_T|106_E_1&CVP_A2_A|5_LE_3,完整的绝顶浪潮层层拍上{TargetName}丰熟诱人的胴体，让这具历经世事的成熟身子骤然战栗，又控制不住地阵阵痉挛。\n{anal}一缩一放地强烈收紧，把这场货真价实的高潮吞吐得淋漓尽致——纵使她这里向来感度迟钝，多半只尝得到被撑开塞满的沉闷异物感，如今也被这股快感彻底攻陷送上高峰。\n成熟的腰身反复弓成诱人的弧线，丰润的大腿绷紧又打颤，饱满的臀肉微微耸动不止，量比往常更多的肠液自{anal}悄然溢淌而出。\n多年单身的她纵有满腹的理论经验，却仍被这真实的绝顶冲得神色迷离，意识在浪潮里一点点变得恍惚。
1197,action_part_a_orgasm_normal_A,0,CVP_A2_T|106_E_1&CVP_A2_A|5_LE_3,快感似海浪般一层接一层席卷而来，{TargetName}那具丰腴成熟的身体在这一刻迎来了彻底而完整的绝顶高潮。\n{anal}剧烈而规律地痉挛紧缩，一波压着一波地收放绞紧，即便这处平素敏感得迟钝、只识得被填满的胀闷压迫，此刻也被这份完整强度的绝顶彻底占据。\n她成熟的腰肢明显弓起一道妖娆的曲线，丰润双腿绷直又微微发颤，脚趾无意识地蜷缩起来，较为明显的肠液从{anal}缓缓淌落。\n一向端庄从容的她双唇微张，吐出乱了节拍的娇喘，眼神渐渐涣散，成熟的矜持在这波绝顶里悄然溶化。
1198,action_part_a_orgasm_normal_A,0,CVP_A2_T|106_E_1&CVP_A2_A|5_LE_3,{TargetName}那具丰润成熟的身躯陡然一颤，一场正经而饱满的绝顶高潮猛地将她整个人淹没。\n{anal}强烈地一阵阵收缩痉挛，随着汹涌快感的起伏有力地绞紧又舒张，明明她这里感度素来低浅，往日只感到被撑满的迟钝压迫，如今却被扎扎实实推向了绝顶的巅峰。\n成熟的腰身高高拱起又缓缓塌软下去，丰腴的双腿绷得发直，小腹随着高潮反复抽动收紧，较之寻常更多的肠液从{anal}汩汩溢流。\n她意识渐渐飘散模糊，呼吸紊乱急促，那副历经沧桑的从容里，混进了几分毫无防备的恍惚与沉沦。
1199,action_part_a_orgasm_normal_A,0,CVP_A2_T|106_E_1&CVP_A2_A|5_LE_3,绝顶的浪潮完整而凶猛地拍击着{TargetName}成熟丰满的身体，让这具饱含风韵的胴体骤然绷成一线，随即无力地瘫软颤抖。\n{anal}一下下强烈痉挛，规律地紧缩又松弛，将这场标准强度的高潮演绎得酣畅淋漓——即便这处平日感度不高，惯于承受的不过是被填满的胀闷，此刻也被彻底送上了绝顶。\n她丰腴的腰肢反复弓起，成熟的大腿夹紧又颤动不止，圆润饱满的臀部微微耸动，明显增多的肠液顺着{anal}缓缓流淌下来。\n她眼波迷离，喘息急乱，成熟稳重的端庄在这完整的绝顶里悄然瓦解，只余一片深深的沉醉与朦胧。
1200,action_part_a_orgasm_normal_A,0,CVP_A2_T|107_E_1&CVP_A2_A|5_LE_3,已为人妻的{TargetName}那具成熟的身体骤然绷紧，一波完整而正常的绝顶终于漫上了她感度迟钝的{anal}，{anal}一下下有节奏地痉挛收紧着，将积攒许久的快感一齐释放开来。\n这一次不再是浅浅的小峰值，而是绝顶该有的一切典型反应尽数涌现，快感如海浪般席卷全身，却还未凶猛到把她彻底冲垮的地步。\n她成熟的腰肢明显弓起，修长的双腿绷得笔直又微微发颤，小腹一阵阵抽搐，意识开始变得模糊起来。\n那平日迟钝的后穴此刻较为明显地淌出了一缕温热的肠液，比先前多了许多，背德的愧疚与禁忌的快感在她泛红的脸上交织成一片失神的迷乱。
1201,action_part_a_orgasm_normal_A,0,CVP_A2_T|107_E_1&CVP_A2_A|5_LE_3,迟钝的快感一层层堆叠到了顶点，{TargetName}这具背着丈夫的身体再也压制不住，{anal}猛地绽出一阵完整的收缩，将这次正常强度的绝顶结结实实地承受了下来。\n平日里感度平平的{anal}此刻竟也随着高潮一下下规律地抽搐颤缩，那被填满的钝重异物感终于化作了席卷全身的绝顶浪潮，却仍留着几分余地，未曾登上更极致的顶峰。\n人妻丰润的腰身反复弓起又落下，脚趾无意识地蜷缩，急促失序的呼吸从微张的唇间一声声溢出。\n温热的肠液较为明显地渗流而出，她眼神涣散，端庄的面容上写满了对家庭的愧疚和沉溺其中的失神。
1202,action_part_a_orgasm_normal_A,0,CVP_A2_T|107_E_1&CVP_A2_A|5_LE_3,{TargetName}成熟的胴体重重一颤，那本就感度低下的{anal}被一波标准的绝顶高潮彻底攫住，一下接一下地强烈痉挛收紧，把这场完整而正常的高潮清晰地演绎了出来。\n快感如潮水般一浪浪涌来，虽比迟钝的平日强烈了不知多少倍，却仍旧维持在正常绝顶的范畴，并未狂暴到把她的神志尽数吞没。\n她背叛婚姻的身子四肢绷紧，腰部深深弓起，小腹反复抽动，意识在这波高潮里渐渐涣散模糊。\n{anal}深处较为明显地流出温热的肠液，背德的战栗和难以启齿的快意，让这位人妻彻底沉沦其中。
1203,action_part_a_orgasm_normal_A,0,CVP_A2_T|107_E_1&CVP_A2_A|5_LE_3,一场完整的绝顶终于降临在{TargetName}身上，她那早已属于另一个男人的成熟身体骤然僵直，感度迟钝的{anal}有力而规律地一阵阵收缩起来，将正常强度的高潮尽数释放。\n积累已久的快感化作滔天巨浪席卷了她的全身，绝顶该有的一切典型反应一一浮现，却仍旧没到强绝顶那般失控的极致。\n人妻的腰肢明显上弓，双腿绷直又颤抖，急促的喘息一声声漏出，神智开始变得朦胧不清。\n{anal}里较为明显地淌下一道温热的肠液，量比之前多了不少，她泛红的脸上，是背德的羞愧与失守的快感交融出的迷醉。
1204,action_part_a_orgasm_normal_A,0,CVP_A2_T|107_E_1&CVP_A2_A|5_LE_3,随着一波完整的绝顶轰然袭来，{TargetName}这具人妻的身体再也维持不住往日的端庄，感度平平的{anal}竟也被这场标准高潮牵引着一下下痉挛收紧，规律地抽搐颤动着。\n快感如海浪般层层拍打上来，将平日迟钝的知觉尽数点燃，虽是完整正常的绝顶，却还留有一线余地，未曾抵达更凶猛的极限。\n她成熟的腰身反复弓起，大腿绷紧夹拢，小腹不住抽搐，意识在浪潮里逐渐模糊涣散。\n{anal}中较为明显地溢出温热的肠液，背叛婚姻的禁忌快感与深深的愧疚，在她失神的眉眼间无声流淌。

1205,action_part_a_orgasm_normal_A,0,target_is_player_daughter&CVP_A2_A|5_LE_3,一向对肛肠刺激感受平淡的{TargetName}，这一次却被完整而汹涌的快感浪潮彻底吞没。\n她那具作为{Name}亲生女儿的娇嫩身躯骤然绷紧，{anal}强烈而有节奏地痉挛收缩，一波波将积压的酥麻尽数宣泄出来。\n纤细的腰部明显向上弓起，四肢时而绷直时而颤抖，小腹一下下地反复抽搐，呼吸也乱作一团。\n{anal}深处淌出的肠液较往常明显增多，顺着股缝缓缓滑落，迷离的眼神里满是女儿面对父亲时那份难以言说的羞怯与眷恋，快感如海浪般席卷了她的全身。
1206,action_part_a_orgasm_normal_A,0,target_is_player_daughter&CVP_A2_A|5_LE_3,后穴向来迟钝、连深插都难有反应的{TargetName}，此刻竟被一场完整的绝顶高潮牢牢攫住。\n快感如潮水般层层拍打，{anal}不受抑制地收紧又松开，规律而剧烈地抽搐着，将这个平日冷淡的部位彻底点燃。\n她整个人弓成一道紧绷的弧线，双腿绷得死直，脚趾用力蜷起，小腹随着高潮一阵阵痉挛。\n稀薄的肠液自{anal}悄然溢出，量比平时多上不少，作为{Name}女儿的她眼角泛红，神志开始变得模糊，却仍本能地朝父亲的方向依偎过去。
1207,action_part_a_orgasm_normal_A,0,target_is_player_daughter&CVP_A2_A|5_LE_3,明明{anal}的敏感度低得可怜，平日只觉得被填满的异物感，如今{TargetName}却迎来了一场货真价实的绝顶。\n完整而典型的高潮反应尽数涌现，{anal}强烈痉挛，一圈圈收缩着牢牢绞紧，把久久积蓄的快感一齐倾泻出来。\n她的腰肢猛地弓起又缓缓落下，四肢紧绷微颤，小腹不停地抽动，急促的喘息再也压不住。\n温热的肠液缓缓渗出{anal}，比轻浅的小绝顶时明显更多，身为{Name}亲女的她面颊绯红，意识随快感的席卷而微微涣散，眼底满是甜腻的沉溺。
1208,action_part_a_orgasm_normal_A,0,target_is_player_daughter&CVP_A2_A|5_LE_3,一直对肛肠快感反应寡淡的{TargetName}，这回被完整强度的绝顶浪潮彻底冲垮了防线。\n那股酥麻从{anal}深处轰然炸开，{anal}剧烈而有节奏地一阵阵绞缩，把平日难以唤起的深处快感尽情释放。\n她的背脊高高弓起，双腿绷紧又微微发抖，小腹随着一波波高潮反复抽搐，呼吸失去了章法。\n{anal}口不断有肠液渗流而下，分量远胜从前，作为父亲{Name}的女儿，她眼神迷蒙，透着依赖与羞赧交织的复杂情愫，任由快感如海浪般漫过全身。
1209,action_part_a_orgasm_normal_A,0,target_is_player_daughter&CVP_A2_A|5_LE_3,后穴向来只知异物感、鲜少品出快意的{TargetName}，此刻却毫无保留地陷进了完整的绝顶之中。\n汹涌的快感层层堆叠后一齐爆发，{anal}强烈痉挛、一下下收紧，将这平日迟钝的部位彻底搅得酥软无力。\n她的腰身明显弓起，四肢绷得笔直又不住颤栗，小腹反复痉挛，娇喘一声接一声地泄出。\n略显黏稠的肠液自{anal}汩汩溢出，比往常多了许多，身为{Name}的亲生女儿，她潮红的脸上写满迷乱，意识在快感冲刷下渐渐飘远，却仍紧紧眷恋着父亲。

1210,action_part_a_orgasm_normal_A,0,CVP_A2_T|102_E_1&CVP_A2_A|5_G_3&CVP_A2_A|5_LE_6,后穴本就能尝出几分明显快意的{TargetName}，此刻被一场完整而汹涌的绝顶浪潮牢牢裹住。\n她那具尚未发育的幼小身躯猛地绷得笔直，{anal}强烈而有节奏地一阵阵痉挛收缩，把积蓄已久的酥麻尽数倾泻出来。\n稚嫩的腰肢明显向上弓起，纤细的四肢时而绷紧时而颤抖，小小的肚子随着高潮一下下抽搐，急促的喘息再也压不住。\n{anal}深处渗出的肠液比往常明显多了不少，顺着娇嫩的股缝缓缓滑落，圆溜溜的眼睛渐渐蒙上一层水雾，稚气的脸蛋潮红一片，意识在快感的席卷下开始变得模糊。
1211,action_part_a_orgasm_normal_A,0,CVP_A2_T|102_E_1&CVP_A2_A|5_G_3&CVP_A2_A|5_LE_6,平日就能从后穴里品出不少快乐的{TargetName}，这一次迎来了一场货真价实的完整绝顶。\n娇小得不盈一握的身子骤然僵直，{anal}一圈圈用力绞紧又松开，规律而剧烈地抽搐着，将这个稚嫩部位深处的快感一齐释放。\n她整个人弓成一道紧绷的小弧线，细瘦的双腿绷得死直，小小的脚趾用力蜷缩起来，幼嫩的小腹随高潮反复痉挛。\n温热的肠液自{anal}汩汩溢出，量远胜从前那种轻浅的小绝顶，稚嫩的脸上写满了懵懂的迷乱，急促的呼吸乱成一团，神志随着快感一点点飘远。
1212,action_part_a_orgasm_normal_A,0,CVP_A2_T|102_E_1&CVP_A2_A|5_G_3&CVP_A2_A|5_LE_6,能对肛肠刺激作出明显反应的{TargetName}，此刻被完整强度的高潮浪潮彻底吞没。\n那股酥麻从{anal}深处轰然炸开，{anal}强烈痉挛，一波接一波向内收紧，把这具幼小身体里所有的抵抗都冲得七零八落。\n她稚嫩的背脊高高弓起而后又无力垂落，纤细的大腿绷直又微微发颤，小腹随着一阵阵快感不住抽动。\n{anal}口不断有肠液渗流而下，分量比小绝顶时明显更多，却还未到喷涌的地步，稚气未脱的脸庞绯红滚烫，圆眼里满是茫然与沉溺，意识在这场完整的绝顶里开始变得恍惚。
1213,action_part_a_orgasm_normal_A,0,CVP_A2_T|102_E_1&CVP_A2_A|5_G_3&CVP_A2_A|5_LE_6,后穴敏感度适中、总能获得明显快感的{TargetName}，毫无保留地陷进了一场典型而完整的绝顶。\n汹涌的快感层层堆叠后一齐爆发，{anal}强烈而有节奏地收缩绞紧，把这具娇小幼嫩的身体搅得酥软无力。\n她细嫩的腰身明显弓起，稚嫩的四肢绷得笔直又不住颤栗，小小的肚子一下下地反复抽搐，娇软的喘息一声接一声地泄出。\n略带黏腻的肠液自{anal}缓缓涌出，比往日多了许多，顺着幼小的臀缝流淌，潮红的脸上写满迷乱，尚且懵懂的意识在快感如海浪般的冲刷下渐渐模糊起来。
1214,action_part_a_orgasm_normal_A,0,CVP_A2_T|102_E_1&CVP_A2_A|5_G_3&CVP_A2_A|5_LE_6,一向能从肛肠深处尝到明显快乐的{TargetName}，这回被完整正常强度的绝顶高潮牢牢攫住。\n快感如潮水般层层拍打，{anal}不受抑制地收紧又松开，规律而剧烈地一阵阵抽搐，将久久积压的酥麻尽情宣泄。\n她那具尚未长开的娇小身躯剧烈绷紧，稚嫩的腰肢反复弓起，细瘦的双腿绷直微颤，幼嫩的小腹随高潮不停痉挛。\n稀薄温热的肠液自{anal}悄然溢出，比轻浅时明显增多，稚气的脸蛋涨得通红，圆溜溜的眼睛失了焦，急促的呼吸再也收不住，意识随着这波完整的快感一寸寸变得朦胧。

1215,action_part_a_orgasm_normal_A,0,CVP_A2_T|103_E_1&CVP_A2_A|5_G_3&CVP_A2_A|5_LE_6,娇小稚嫩的{TargetName}忽然绷直了单薄的脊背，一阵完整而强烈的绝顶如潮水般自小腹深处轰然涌起，席卷了整具尚在发育的娇躯。\n{anal}猛地收紧，紧接着一波接一波有节奏地痉挛收缩，将这次真真切切的绝顶高潮一览无余地展现出来。\n稚气未脱的小脸涨得通红，圆润的眉眼皱成一团，意识在这股快感浪潮里开始变得恍惚模糊，却还没被彻底冲垮。\n纤细的腰肢高高弓起又无力塌下，幼嫩的双腿绷紧颤抖着，{anal}深处较为明显地淌出温热的肠液，将这懵懂身子的失守悄悄泄露。
1216,action_part_a_orgasm_normal_A,0,CVP_A2_T|103_E_1&CVP_A2_A|5_G_3&CVP_A2_A|5_LE_6,一次货真价实的绝顶毫无预兆地攫住了{TargetName}稚嫩的身体，快感如汹涌的浪头层层叠叠地拍打过来，把这只娇小的萝莉整个卷了进去。\n{anal}剧烈而有节律地收缩痉挛着，一阵紧似一阵，正是绝顶高潮该有的完整反应。\n她天真的脸庞上写满了茫然与慌乱，呼吸急促而凌乱，稚嫩的心智在这陌生而汹涌的快感里第一次尝到意识发飘的滋味。\n单薄的小腹不住地抽搐，纤细的脚趾死死蜷起，{anal}明显地渗出比往常更多的黏腻肠液，无声诉说着这场完整绝顶的烈度。
1217,action_part_a_orgasm_normal_A,0,CVP_A2_T|103_E_1&CVP_A2_A|5_G_3&CVP_A2_A|5_LE_6,{TargetName}那具刚开始发育的娇小身子猛然一僵，随即被一场完整而标准的绝顶彻底淹没，酥麻的快感像海浪一样一波波漫过全身。\n{anal}节奏分明地紧缩又松开，反复痉挛着将这次正常强度的高潮宣泄得淋漓尽致，却仍不及那种极致失控的地步。\n稚嫩懵懂的她又惊又怕，圆溜溜的眼睛里蒙上一层水雾，意识在快感的反复冲刷下渐渐模糊起来。\n幼嫩的腰肢诚实地弓起，纤细双腿绷得笔直又微微发颤，{anal}较为明显地流出温热肠液，把这份青涩的失控烘托得愈发淫靡。
1218,action_part_a_orgasm_normal_A,0,CVP_A2_T|103_E_1&CVP_A2_A|5_G_3&CVP_A2_A|5_LE_6,完整的绝顶高潮终于在{SceneName}里将{TargetName}稚嫩的身体牢牢裹挟，一浪高过一浪的快感自后穴深处翻涌而上，冲得这娇小的萝莉浑身战栗。\n{anal}强烈而有规律地收缩抽搐着，把绝顶该有的每一处典型反应都清晰地呈现出来。\n她那张尚带孩童圆润的小脸满是又羞又慌的神情，急促的喘息断断续续，稚嫩的意识在这股洪流中开始飘忽恍惚。\n单薄的腰身反复弓起，幼嫩的大腿夹紧又松开，{anal}汩汩淌出较为明显的黏滑肠液，把这具懵懂躯体的沦陷描摹得一清二楚。
1219,action_part_a_orgasm_normal_A,0,CVP_A2_T|103_E_1&CVP_A2_A|5_G_3&CVP_A2_A|5_LE_6,娇嫩青涩的{TargetName}蓦地整个绷紧，一场完整而正常烈度的绝顶自小腹深处炸裂开来，快感如决堤的潮水铺天盖地地席卷了她单薄的身躯。\n{anal}一下下有力地痉挛收紧，紧致的收缩一波连着一波，将这次真正意义上的绝顶高潮演绎得完完整整。\n稚嫩的脸蛋红透，天真的眉眼间既有初尝快感的懵懂又有难以自控的慌乱，意识开始被这快感浪潮搅得朦胧发飘。\n纤细的腰肢高高扬起再颓然落下，幼小的双足脚趾紧紧抓挠，{anal}较为明显地溢出温热肠液，悄然宣告着这场绝顶的真实与彻底。


2000,action_part_a_orgasm_normal_A,0,CVP_A2_T|102_E_1,幼小的{TargetName}猛地绷紧了稚嫩的身躯，{anal}一阵接一阵强烈地痉挛收缩，把那股完整而正规的绝顶浪潮清清楚楚地宣泄出来。\n细瘦的腰肢高高弓起又颤颤垂落，圆润的小屁股不受控制地抽动着，肠液顺着{anal}明显地流淌出来，量比先前多了许多。\n稚嫩的脸蛋涨得通红，呼吸急促凌乱，意识开始迷迷糊糊地发懵，却又还没有被冲得一片空白。
2001,action_part_a_orgasm_normal_A,0,CVP_A2_T|102_E_1,{TargetName}那具尚未发育的娇小身子猝然剧烈一抖，{anal}有节奏地强烈绞缩起来，将这一次完整正常的绝顶高潮毫无保留地呈现出来。\n纤细的四肢绷得笔直又忍不住反复颤抖，稚嫩的小腹一下下抽搐着，肠液从{anal}里明显地淌落，比小小的酥麻高潮要多出不少。\n童稚的脸庞上泛起深深的潮红，眼神开始涣散迷离，意识渐渐朦胧起来。
2002,action_part_a_orgasm_normal_A,0,CVP_A2_T|102_E_1,一阵完整而猛烈的快感浪潮席卷了{TargetName}尚显稚嫩的全身，{anal}剧烈而有规律地一阵阵痉挛收紧，将这次典型的普通绝顶展露无遗。\n圆润的小腰用力弓起，纤细的双腿控制不住地绷紧又颤抖，{anal}处明显有肠液汩汩流出，比先前那点酥麻高潮浓稠了许多。\n幼嫩的呼吸变得又急又乱，稚气的双眼渐渐失焦，脑海开始朦朦胧胧地发晕。
2003,action_part_a_orgasm_normal_A,0,CVP_A2_T|102_E_1,{TargetName}矮小稚嫩的身躯猛然绷成一道弓形，{anal}强烈地一波接一波收缩痉挛，正正经经地经历了一次完整典型的绝顶高潮。\n小小的手指下意识地蜷缩起来，脚趾也跟着痉挛般绷紧，肠液顺着{anal}明显地涌出，量已比小高潮时多了不少。\n稚气未脱的小脸满是潮红，断续的喘息又急又碎，意识开始变得迷糊起来，却还未彻底崩溃。
2004,action_part_a_orgasm_normal_A,0,CVP_A2_T|102_E_1,幼稚的{TargetName}猝然浑身一僵，{anal}密集而强烈地反复收紧痉挛，把这场完完整整的普通绝顶尽情释放出来。\n瘦弱的腰肢反复弓起又瘫软下去，稚嫩的双腿止不住地打颤夹紧，肠液自{anal}明显地淋淋流下，比先前的小高潮明显浓密许多。\n孩子气的脸蛋红得发烫，呼吸凌乱急促，懵懂的意识开始一点点变得恍惚模糊。

2005,action_part_a_orgasm_normal_A,0,CVP_A2_G_E_2&high_1,一股完整而汹涌的绝顶快感自{TargetName}的后穴深处炸开，{anal}猛地痉挛收缩，腰肢高高弓起，四肢绷紧颤抖，肠液顺着菊缝明显地淌落下来。\n她在意识渐渐模糊之际仍死死盯着{Name}的脸，暗恋之人亲眼看着自己被肛门快感送上高潮的羞耻与甜蜜交织在一起，让她既想把这份爱意喊出来，又怕吓跑对方，只能任由潮红的脸蛋写满未曾言明的恋慕。
2006,action_part_a_orgasm_normal_A,0,CVP_A2_G_E_2&high_1,绝顶的浪潮如海啸般席卷全身，{TargetName}的{anal}发出一阵阵有节奏的猛烈痉挛，小腹反复抽搐，双腿失去力气般地打着颤，温热的肠液从翕张的穴口涌出。\n呼吸急促失序的她慌乱地别开视线，不敢让{Name}看见自己因肛门绝顶而淫荡失态的模样，可心底那份早已藏不住的爱慕却让她忍不住又偷偷回望，忐忑地期盼着他能读懂这具淫乱身体里的真心。
2007,action_part_a_orgasm_normal_A,0,CVP_A2_G_E_2&high_1,后穴里累积的快感终于攀上顶点，{TargetName}发出一声甜腻的呜咽，{anal}剧烈地绞紧又松开，腰部明显弓起后重重塌下，脚趾蜷缩痉挛，肠液被挤压着咕啾流出。\n这是一次完完整整的肛门绝顶，意识开始泛起白雾的她在恍惚间下意识呼唤了博士，随即又羞得用手背捂住嘴，生怕这声饱含爱意的呻吟暴露了她一直不敢说出口的告白。
2008,action_part_a_orgasm_normal_A,0,CVP_A2_G_E_2&high_1,肛门深处的快感如潮水般层层叠起，终于在{SceneName}里将{TargetName}整个人淹没，{anal}不受控制地连续收缩痉挛，全身肌肉绷紧又瘫软，大股肠液顺着股缝滑下，淫靡地打湿了臀肉。\n她在这场标准而剧烈的绝顶中意识微微涣散，泛着水光的眼睛痴痴望向{Name}，既渴望被心上人拥进怀里，又害怕自己这副被菊穴快感玩坏的骚样会让告白变得更加遥不可及。
2009,action_part_a_orgasm_normal_A,0,CVP_A2_G_E_2&high_1,随着一声压抑不住的娇吟，{TargetName}迎来了正式的肛肠绝顶，{anal}猛烈地一缩一缩痉挛着，臀肉绷紧震颤，腰肢反复抽动，滚烫的肠液汩汩溢出穴口。\n典型而完整的高潮反应让她的思绪开始发飘，可即便如此，她仍紧张地观察着{Name}的神色——用屁穴高潮的淫乱姿态会不会让他讨厌自己，还未说出口的恋心会不会就此没了机会，忐忑与快感一同令她浑身发颤。

2010,action_part_a_orgasm_normal_A,0,CVP_A2_G_E_3,一股完整而汹涌的绝顶快感从后穴深处轰然炸开，{TargetName}在恋人{Name}面前毫无保留地迎来了肛肠的高潮，{anal}强烈而有节奏地痉挛收缩着，腰肢高高弓起又剧烈颤抖。\n热恋中的她意识开始变得朦胧，四肢绷紧战栗，{anal}里的肠液较明显地淌落出来，脸上满是又羞又甜的沉醉红潮。
2011,action_part_a_orgasm_normal_A,0,CVP_A2_G_E_3,{TargetName}的娇躯猛然绷直，正牌的绝顶高潮如海浪般席卷了她的全身，{anal}一阵阵剧烈地抽搐紧缩，小腹反复痉挛，双腿控制不住地发颤。\n身为{Name}恋人的她呼吸急促而失序，甜蜜的意识渐渐模糊起来，肠液顺着痉挛不止的穴口悄悄流淌，热恋的眼眸里蒙上一层幸福的迷离水雾。
2012,action_part_a_orgasm_normal_A,0,CVP_A2_G_E_3,后庭深处积攒的快感终于冲到了顶点，{TargetName}在心爱的{Name}身旁彻底绝顶了，{anal}发狂似的规律痉挛着，腰背深深反弓，脚趾蜷缩绷紧。\n这是一次完整正常强度的肛肠高潮，热恋少女的神志被冲得开始涣散，穴口涌出的肠液比往常明显得多，红透的脸上写满恋人独有的甜腻淫靡。
2013,action_part_a_orgasm_normal_A,0,CVP_A2_G_E_3,甜美的电流从尾椎直窜天灵，{TargetName}的肛肠绝顶正式降临，{anal}激烈地一收一缩反复痉挛，整条腰肢弓起后又瘫软下去，大腿内侧不停抽动。\n作为恋人她毫不掩饰这份快感，在{Name}面前尽情颤抖呻吟，意识朦胧间只剩下对爱人的依恋，被绞得发烫的{anal}淌出了一股股滚热的肠液。
2014,action_part_a_orgasm_normal_A,0,CVP_A2_G_E_3,{TargetName}的全身骤然痉挛，一次货真价实的肛肠绝顶将这位热恋中的姑娘彻底淹没，{anal}疯狂地收拢蠕动，小腹连绵抽搐，双手无意识地抓紧了恋人{Name}。\n快感的浪潮一波接一波拍打着她的神经，意识开始融化般模糊，肠液沿着不住痉挛的嫩穴缓缓渗流，幸福与淫乱在她潮红的脸上交织。

2015,action_part_a_orgasm_normal_A,0,CVP_A2_G_E_4,与{Name}相爱至深的{TargetName}被后穴涌起的快感彻底攻陷，{anal}猛地一阵强烈而有节奏的痉挛收缩，一次完整的绝顶如浪潮般席卷全身。\n她的腰肢明显弓起，四肢绷紧颤抖，小腹一下下抽搐着，肠液顺着穴口明显地淌落。\n意识开始朦胧的她本能地向爱人的方向依偎，将这份淫靡的高潮毫无保留地交给最信任的人。
2016,action_part_a_orgasm_normal_A,0,CVP_A2_G_E_4,后庭深处的快感终于攀上顶峰，{TargetName}的{anal}剧烈地一缩一缩痉挛起来，标准而完整的肛肠绝顶让她整个人狠狠一颤。\n呼吸急促失序，腰背高高绷起又软软塌下，大腿根不住打颤，穴口溢出的肠液比平时多了不少。\n即便意识渐渐模糊，她的手仍下意识寻找着{Name}的手，与生死不渝的爱人十指相扣着承受这波荡漾全身的淫浪。
2017,action_part_a_orgasm_normal_A,0,CVP_A2_G_E_4,菊穴里积攒的快感轰然炸开，{TargetName}迎来了一次货真价实的肛肠绝顶，{anal}强烈地反复绞缩痉挛，快感如海浪层层拍打着她的神志。\n她仰起脖颈，腰肢深深弓起，脚趾用力蜷缩，小腹连连抽动，肠液从翕张的穴口明显渗流而出。\n在意识开始发飘的迷乱中，她望向{Name}的眼神依旧盛满了无需言语的爱意与安心。
2018,action_part_a_orgasm_normal_A,0,CVP_A2_G_E_4,在最深爱的{Name}面前，{TargetName}毫无掩饰地被肛门的绝顶贯穿了全身，{anal}有力地节律性痉挛着，每一次收缩都激起淫靡的酥麻电流。\n她的四肢绷得笔直又控制不住地颤抖，腰胯不由自主地耸动，肠液沿着股缝缓缓流下。\n这是完整而正常强度的高潮，虽让她意识开始模糊，却更让这对爱侣之间的默契与羁绊愈发滚烫。
2019,action_part_a_orgasm_normal_A,0,CVP_A2_G_E_4,{TargetName}的娇躯猛然绷紧，后穴的快感在这一刻彻底决堤，{anal}掀起一阵阵剧烈而规律的痉挛绞缩，正统的肛肠绝顶让她浑身的肌肉都不听使唤地抽动。\n急促的喘息声中，腰肢反复弓起，双腿发软打颤，穴口涌出的肠液把股间浸得一片濡湿。\n意识微微涣散的她仍安心地任由身体失控，因为身旁是愿意托付一切的爱人{Name}。

2020,action_part_a_orgasm_normal_A,0,CVP_A2_G_E_-1,后穴里积攒的快感终于冲破了临界点，{TargetName}的{anal}猛地一阵有节奏的痉挛收缩，一次完整而剧烈的肛肠绝顶将她整个吞没。\n身为部下的她死死咬住下唇，想在上司面前维持最后的体面，可腰肢还是不受控制地高高弓起，四肢绷紧颤抖，小腹一阵阵抽搐，肠液顺着穴口明显地淌出。\n她别过涨红的脸，眼神里满是被迫服从却被肏到高潮的屈辱与不甘。
2021,action_part_a_orgasm_normal_A,0,CVP_A2_G_E_-1,汹涌的快感如海浪般从尾椎一路席卷全身，{TargetName}的{anal}强烈地反复紧缩痉挛，标准而完整的菊穴绝顶就这样在上司面前爆发了。\n她的呼吸彻底乱了套，意识开始发起雾来，腰身剧烈震颤，大腿根部抖个不停，温热的肠液从收缩的穴口涌出不少。\n作为部下不得不承受这一切的她紧紧攥着拳头，脸上写满了隐忍的抵触，却根本压不住身体诚实至极的淫荡反应。
2022,action_part_a_orgasm_normal_A,0,CVP_A2_G_E_-1,{TargetName}的{anal}骤然爆发出一阵阵剧烈而规律的绞缩，正常强度的肛门绝顶该有的一切反应都在她身上完整上演。\n腰部猛地弓起又落下，脚趾狠狠蜷缩，小腹连连痉挛，比先前更多的肠液从翕张的穴口滑落。\n她极力控制着不发出声音，急促的鼻息却出卖了一切，心里对这位强迫部下的上司满是不满，身体却屈辱地在肛肠高潮的浪潮中沉浮，脑子渐渐模糊成一片。
2023,action_part_a_orgasm_normal_A,0,CVP_A2_G_E_-1,积累已久的菊穴快感终于决堤，{TargetName}被一股完整的绝顶浪潮狠狠贯穿，{anal}不住地痉挛紧缩，一下下咬得又急又密。\n她的四肢瞬间绷得笔直又开始发颤，腰肢淫靡地扭动弓起，肠液可观地从穴口渗淌下来。\n出于对上司命令的服从她只能咬牙承受，可被后穴肏上绝顶的屈辱感让她眼眶发红，表面顺从的脸上藏不住内心的抗拒，意识却已被快感搅得开始发昏。
2024,action_part_a_orgasm_normal_A,0,CVP_A2_G_E_-1,一股彻底成型的绝顶快感自肠道深处轰然炸开，{TargetName}的{anal}发狂似地一波波收缩痉挛，将这次强度十足的肛肠高潮尽数展现。\n她的后背猛然绷紧，臀肉不停打颤，双腿抖得几乎站立不稳，翕动的穴口挤出了一股股温热肠液。\n身为部下的她拼命压抑着，别开脸不去看那个下达命令的男人，隐忍的不满与被迫在博士面前用屁眼绝顶的羞耻交织，思绪逐渐蒙上一层白雾。
2025,action_part_a_orgasm_normal_A,0,CVP_A2_G_E_-2,一股完整的绝顶浪潮从后穴深处轰然炸开，驯服的部下{TargetName}腰肢猛地弓起，{anal}剧烈而有节奏地痉挛收缩，肠液顺着穴口明显地涌流出来。\n她四肢绷紧颤抖，呼吸急促失序，意识开始模糊，却仍努力保持着对上司的信任与顺从，把这次淫靡的肛肠高潮当作交给博士的又一份忠诚答卷。
2026,action_part_a_orgasm_normal_A,0,CVP_A2_G_E_-2,快感如海浪般席卷全身，{TargetName}的{anal}猛烈痉挛着一波波咬紧，小腹反复抽搐，温热的肠液不受控制地流淌而出。\n作为对{Name}百般信赖的部下，她咬着唇竭力承受这场完整的菊穴绝顶，腰身高高绷起又颤颤发软，泛红的脸上写满被上司彻底驯服后才有的安心与淫乱交织的神情。
2027,action_part_a_orgasm_normal_A,0,CVP_A2_G_E_-2,后庭里积攒的快感终于冲上顶点，{anal}强烈而规律地收缩痉挛，{TargetName}整个人剧烈一颤，双腿绷直打战，肠液从翕张的穴口涌出濡湿了臀缝。\n意识渐渐蒙上一层白雾，这位被博士调教得服服帖帖的部下仍旧睁着湿润的眼，用近乎汇报任务般的认真态度承受着这场淫猥的肛门绝顶。
2028,action_part_a_orgasm_normal_A,0,CVP_A2_G_E_-2,伴随一声压抑的娇吟，{TargetName}迎来了完整强度的菊穴高潮，{anal}痉挛般连续绞缩，腰肢明显弓起又瘫软，脚趾蜷缩发颤，滑腻的肠液沿着股沟缓缓淌落。\n呼吸凌乱、思绪发飘的她仍本能地望向{Name}，驯服的眼神里满是对上司的无条件信赖，仿佛连屁眼绝顶也是必须完美执行的特殊任务。
2029,action_part_a_orgasm_normal_A,0,CVP_A2_G_E_-2,标准而完整的肛肠绝顶在体内轰然引爆，{TargetName}浑身猛烈痉挛，{anal}一阵阵剧烈收缩吮咬，大量肠液被挤压着涌出穴口。\n她小腹连连抽动，四肢发颤，意识开始涣散却未被冲垮，作为被{Name}驯得乖顺的部下，她红着脸把这份用屁穴高潮回应上司命令的下流成果，当成信任的证明默默呈上。

2030,action_part_a_orgasm_normal_A,0,CVP_A2_G_E_-3&high_1,身为主人专属性宠物的{TargetName}猛地弓起腰肢，{anal}爆发出一阵强烈而有节奏的痉挛收缩，一次完整的后穴绝顶如海浪般席卷了她的全身。\n温热的肠液顺着穴口明显地淌落下来，四肢绷紧颤抖，小腹反复抽搐，意识开始变得朦胧。\n可她那双湿漉漉的眼睛里却盛满了被主人需要的喜悦，像乖巧的宠物般幸福地承受着这场淫靡的高潮。
2031,action_part_a_orgasm_normal_A,0,CVP_A2_G_E_-3&high_1,快感在腹腔深处轰然炸开，{TargetName}的{anal}骤然剧烈痉挛起来，一波接一波的收缩带着完整绝顶该有的全部烈度，把这只忠心的母宠物冲刷得浑身战栗。\n她的腰肢高高弓起又无力塌落，大腿根部不住地哆嗦，肠液比先前更多地涌出穴口，呼吸急促失序。\n即便意识已渐渐模糊，她仍依恋地望向自己的主人，为能用屁穴取悦{Name}而由衷地满足。
2032,action_part_a_orgasm_normal_A,0,CVP_A2_G_E_-3&high_1,一股不容抗拒的绝顶快感自后穴深处轰然涌起，{TargetName}那身为宠物的身体瞬间绷得笔直，{anal}强烈地一缩一缩痉挛着，将标准而完整的肛门高潮体现得淋漓尽致。\n四肢控制不住地颤动，小腹一阵阵抽紧，明显的肠液沿着抽搐的穴口缓缓流出。\n迷蒙间她发出撒娇似的呜咽，觉得自己这具属于主人的肉体又一次派上了用场，心底漾开被饲养般的安心与欢喜。
2033,action_part_a_orgasm_normal_A,0,CVP_A2_G_E_-3&high_1,{anal}猛然爆发出剧烈而规律的痉挛，正常强度的完整绝顶毫无保留地贯穿了{TargetName}的全身，让这只甘愿献身的性宠物淫叫着弓起了背脊。\n她的双腿绷紧发颤，脚趾用力蜷缩，小腹持续地抽动，温热肠液从翕张的穴口明显淌下，意识被快感浸得开始发晕。\n可宠物的本能却让她愈发依恋地贴向主人的气息，为主人赐予的绝顶而感激涕零。
2034,action_part_a_orgasm_normal_A,0,CVP_A2_G_E_-3&high_1,完整的肛肠绝顶如潮水般漫过全身，{TargetName}发出甜腻的哀鸣，{anal}不受控制地反复紧缩痉挛，把这场淫猥的高潮忠实地传遍每一寸肌肤。\n她的腰胯剧烈地耸动战栗，双手无力地抓握着，肠液顺着痉挛的穴口一股股渗流而出，思绪渐渐蒙上一层白雾。\n身为{Name}豢养的宠物，她在意识朦胧中仍露出幸福的痴笑，庆幸自己的屁穴能让主人满意。
2035,action_part_a_orgasm_normal_A,0,CVP_A2_G_E_-4,一股完整而汹涌的绝顶快感自后穴深处炸开，彻底沦为性奴的{TargetName}腰肢猛地弓起，{anal}强烈而有节奏地痉挛收缩，肠液明显地淌了出来。\n她的四肢绷紧颤抖，意识开始模糊，却仍怀着对主人的狂热崇拜，将这次被赐予的肛肠绝顶当作无上的恩赏，幸福地全盘承受。
2036,action_part_a_orgasm_normal_A,0,CVP_A2_G_E_-4,绝顶的浪潮如海啸般席卷全身，{TargetName}这具只属于主人的身体剧烈战栗，{anal}一阵阵猛烈抽缩，小腹反复痉挛，温热的肠液顺着穴口缓缓流落。\n她呼吸急促失序，眼中泛起迷蒙的水光，作为奴隶的她只觉得能用后穴为主人绝顶是至高的荣耀，浑身都透着臣服的喜悦。
2037,action_part_a_orgasm_normal_A,0,CVP_A2_G_E_-4,{anal}骤然爆发出完整的绝顶痉挛，一波接一波的收缩牵动着{TargetName}整个下身，她的腰部明显弓起又瘫软，大腿不受控制地颤抖，肠液比平时更多地渗淌而出。\n意识渐渐被快感冲得模糊，这个彻底驯化的奴隶仍虔诚地向主人的方向仰起脸，用绝顶的丑态献上自己毫无保留的忠诚。
2038,action_part_a_orgasm_normal_A,0,CVP_A2_G_E_-4,正常而完整的肛肠绝顶轰然降临，{TargetName}发出甜腻的呜咽，{anal}强烈地反复紧缩痉挛，四肢绷得笔直又阵阵抽搐，滚烫的肠液从翕张的穴口溢出。\n她的思绪开始发飘，却依旧牢牢记着自己是主人的所有物，把这场用屁穴迎来的绝顶视作生命意义的证明，脸上满是狂信般的幸福。
2039,action_part_a_orgasm_normal_A,0,CVP_A2_G_E_-4,快感在直肠深处积攒到顶点后猛然决堤，{TargetName}的{anal}发出剧烈而规律的绝顶收缩，腰肢高高挺起后又软软塌下，小腹一下下地抽动，肠液顺着股缝湿哒哒地流淌。\n她意识朦胧地颤抖着，作为奴隶的本能却让她在高潮中仍摆出取悦主人的姿态，为能用菊穴绝顶侍奉主人而喜极而泣。

2040,action_part_a_orgasm_normal_A,0,CVP_A2_A|5_LE_3,那股沉甸甸的胀满异物感在{TargetName}的腹中翻搅许久后，终于凝聚成一股完整的绝顶浪潮轰然炸开，{anal}猛地一阵阵有节奏地痉挛收缩起来。\n虽然这处后穴才刚被开发不久，感官还很迟钝，可积攒够了的快感依旧如海浪般席卷全身，腰肢明显弓起，四肢绷紧颤抖，微热的肠液顺着菊皱缓缓渗出，呼吸也彻底乱了套。
2041,action_part_a_orgasm_normal_A,0,CVP_A2_A|5_LE_3,被撑开的压迫感在肠道深处反复酝酿，{TargetName}原本平淡的表情忽然扭曲，一次货真价实的肛门绝顶毫无预兆地爆发了。\n{anal}剧烈地一缩一缩痉挛着，小腹反复抽搐，双腿绷得笔直发颤，稚嫩迟钝的肠壁头一回尝到这般完整的高潮滋味，意识开始发懵，肠液也比平时渗出得更多，濡湿了穴口的褶皱。
2042,action_part_a_orgasm_normal_A,0,CVP_A2_A|5_LE_3,{TargetName}还在努力适应后穴里那股鼓胀的填塞感，谁料迟钝的肠肉竟悄悄攒足了火候，一股正常强度的绝顶快感陡然贯穿脊背。\n她仰起脖颈闷哼出声，{anal}不受控地连续收拢咬紧，腰部高高拱起又落下，脚趾狠狠蜷缩，温热的肠液明显地淌出穴口，这具刚被开发的肉体第一次这么彻底地被肛门高潮支配。
2043,action_part_a_orgasm_normal_A,0,CVP_A2_A|5_LE_3,沉闷的异物感不知何时化作了绵密的酥麻，{TargetName}尚未反应过来，一波完整的肛肠绝顶便如潮水般将她整个吞没。\n{anal}痉挛似的规律收缩着，把那股迟来的快感一下下挤压放大，她的眉头紧蹙又松开，四肢发软颤抖，小腹止不住地抽动，穴内渗出的肠液沿着腿根滑落，意识渐渐蒙上一层白雾。\n这处低感度的后庭总算学会了绝顶。
2044,action_part_a_orgasm_normal_A,0,CVP_A2_A|5_LE_3,尽管这条肠道还青涩迟钝，对刺激的体会远不如别处敏锐，但持续的胀满摩擦终究把{TargetName}推上了标准绝顶的顶峰。\n她浑身猛地一僵，随即{anal}开始强烈而有节奏地痉挛咬合，腰肢弓成一道弧线，双腿夹紧打颤，急促的喘息里混着压不住的呻吟腔调，微温的肠液顺势溢出，意识微微模糊，将初次完整的肛门高潮尽数吞下。

2045,action_part_a_orgasm_normal_A,0,CVP_A2_A|5_G_3&CVP_A2_A|5_LE_6,后穴里累积的快感终于冲破了临界点，{TargetName}的腰肢猛地弓起，{anal}开始有节奏地强烈痉挛收缩，一波完整的绝顶浪潮从菊穴深处席卷全身。\n她的四肢绷得紧紧的，小腹一阵阵抽搐，温热的肠液顺着痉挛的穴口明显地淌了出来，呼吸彻底乱了套，意识也开始变得朦朦胧胧。
2046,action_part_a_orgasm_normal_A,0,CVP_A2_A|5_G_3&CVP_A2_A|5_LE_6,啊呜……{TargetName}的身体骤然绷直，一次货真价实的肛门绝顶在她体内炸开，{anal}剧烈而规律地收缩痉挛着，把这份完整的高潮忠实地演绎出来。\n她的腰部高高拱起又颤抖着落下，双腿抽搐夹紧，被快感淹没的脑袋渐渐模糊，穴口涌出的肠液把股缝浸得湿滑一片，淫靡不堪。
2047,action_part_a_orgasm_normal_A,0,CVP_A2_A|5_G_3&CVP_A2_A|5_LE_6,肛肠里的快乐如海浪般层层堆高，终于将{TargetName}整个人掀翻——{anal}猛烈地一缩一缩痉挛起来，标准而完整的绝顶反应在她全身炸裂开来。\n她的脚趾用力蜷起，腰肢反复弹动，脸上写满失守的淫荡神情，眼神开始涣散迷离，量比平时更多的肠液从抽搐的穴口里被挤了出来。
2048,action_part_a_orgasm_normal_A,0,CVP_A2_A|5_G_3&CVP_A2_A|5_LE_6,积攒了足够多的后穴快感之后，{TargetName}迎来了一次不折不扣的肛内高潮，{anal}强烈地痉挛蠕动着，绝顶的电流顺着脊椎直冲脑髓。\n她的全身肌肉绷紧又松弛，胯部不受控制地上下耸动，急促的娇喘断断续续，意识被甜美的快感搅得发晕，湿热的肠液从收缩的菊穴中缓缓溢流而下。
2049,action_part_a_orgasm_normal_A,0,CVP_A2_A|5_G_3&CVP_A2_A|5_LE_6,在{SceneName}里，{TargetName}的菊穴终于攀上了正式的绝顶巅峰——{anal}一阵接一阵地剧烈收缩绞紧，完整的高潮反应毫无保留地展现在{Name}面前。\n她浑身打着颤，腰背弓成好看的弧线，小腹连连抽动，神志被浪潮冲刷得半明半昧，穴口一开一合地吐出明显的肠液，顺着大腿根淌下淫痕。

2050,action_part_a_orgasm_normal_A,0,CVP_A2_A|5_G_6,{TargetName}那{anal}天生就敏感得不像话，此刻积攒的快感终于化作一次完整的绝顶轰然炸开。\n她的腰肢猛地弓起，{anal}强烈而有节奏地痉挛收缩，温热的肠液明显地涌流出来，顺着股缝淌落。\n四肢绷得紧紧的不住颤抖，小腹一阵阵抽搐，急促的喘息里满是淫荡的甜腻，意识开始变得朦朦胧胧。
2051,action_part_a_orgasm_normal_A,0,CVP_A2_A|5_G_6,敏感至极的{anal}根本承受不住这样的快感冲刷，{TargetName}就这么淫乱地用屁眼迎来了一次货真价实的肛门绝顶。\n她的臀肉狠狠夹紧，肠壁疯狂蠕动痉挛，滑腻的肠液咕啾咕啾地被挤压出来。\n绷直的双腿剧烈打颤，脚趾用力蜷缩，泛红的脸上写满失神的快意，神志在浪潮般的酥麻里渐渐模糊。
2052,action_part_a_orgasm_normal_A,0,CVP_A2_A|5_G_6,快感的海浪在{SceneName}里将{TargetName}彻底吞没，那对刺激极度敏感的{anal}猛烈收缩痉挛起来，一次典型而完整的后穴绝顶让她整个人淫靡地弹动。\n腰背高高弓起又落下，小腹连连抽动，湿热的肠液不受控制地渗涌而出。\n她双手无力地抓握着，呼吸乱成一团，眼神迷离涣散，意识被绝顶的快感搅得开始发昏。
2053,action_part_a_orgasm_normal_A,0,CVP_A2_A|5_G_6,{TargetName}那淫贱又敏感的{anal}只被稍加疼爱就攀上了顶峰，正正经经的一次肛肠绝顶让她全身的骚肉都在痉挛。\n括约肌一开一合地猛烈收缩，肠道深处的媚肉层层绞紧，大量温热的肠液被挤出穴口。\n她的双腿抖得几乎站不稳，臀浪止不住地颤动，喉咙里溢出破碎的甜腻气音，脑袋里渐渐蒙上一层白雾。
2054,action_part_a_orgasm_normal_A,0,CVP_A2_A|5_G_6,天赋般敏感的后穴终究还是把{TargetName}送上了绝顶，博士面前的她只能任由那{anal}剧烈痉挛抽缩，完整而标准的肛门高潮席卷了她的全身。\n她的腰肢淫荡地扭动弓起，四肢绷紧发颤，肛口一张一缩地吐出黏滑的肠液。\n潮红爬满脸颊，唇瓣半张着泄出急促的娇喘，清明的意识开始被酥麻的快感浸得发软。

2055,action_part_a_orgasm_normal_A,0,CVP_A2_T|103_E_1,一股滚烫的酥麻猛然自{TargetName}的下腹深处炸开，{anal}猝然收紧又剧烈痉挛，稚嫩尚未发育完全的娇躯瞬间绷成一张弓。\n她圆润带着稚气的小脸涨得通红，眉头紧蹙，嘴唇微张溢出破碎的喘息，纤细的双腿不自觉地夹紧又松开，脚趾蜷缩着抓不住任何东西。\n这是一场完完整整的绝顶浪潮，青涩的身子毫无保留地颤抖着，{anal}深处渗出的肠液顺着股缝缓缓淌下，将那份懵懂与情欲一同浸透。
2056,action_part_a_orgasm_normal_A,0,CVP_A2_T|103_E_1,{TargetName}纤细的腰肢猛地弓起，{anal}随即掀起一阵密集而强烈的收缩，一波接一波地绞紧，仿佛要将涌来的快感尽数榨干。\n她稚气未脱的脸庞涨红一片，眼角泛起生理性的泪光，纤瘦的双臂胡乱攀住身边能抓到的东西，指尖收紧又颤抖着松开。\n呼吸急促而凌乱，稚嫩的胸口剧烈起伏，{anal}里流出的肠液比先前更加明显，顺着大腿根滑落，这场标标准准的绝顶将她青涩的躯体彻底笼罩。
2057,action_part_a_orgasm_normal_A,0,CVP_A2_T|103_E_1,快感如浪潮般席卷而来，{TargetName}尚显单薄的身体猛然痉挛，{anal}一阵接一阵地收紧痉挛，绵密而有力，将那份浓烈的酥麻紧紧箍住又释放。\n她稚嫩的小脸皱起，眉尖蹙紧，唇齿间溢出压抑不住的呜咽气息，纤细的十指死死揪住身下的布料，膝盖不受控制地打着颤。\n意识开始泛起朦胧的雾气，却还未彻底失神，{anal}深处的肠液随着痉挛一波波涌出，将这份完整而炽烈的绝顶尽情演绎。
2058,action_part_a_orgasm_normal_A,0,CVP_A2_T|103_E_1,{TargetName}发育未全的身躯骤然绷紧，随即又一次次痉挛着弓起，{anal}剧烈而有规律地收缩绞动，将积蓄已久的快感尽数释放出来。\n稚气的脸颊染上浓浓的潮红，睫毛颤动着盖住迷离的眼眸，细瘦的手指紧紧抠住掌心，纤细的双腿哆嗦着难以并拢。\n喘息声凌乱破碎，胸口剧烈起伏，{anal}里涌出的肠液比往常更多，濡湿了大片肌肤，这份如假包换的绝顶将她青涩的身体彻底征服。
2059,action_part_a_orgasm_normal_A,0,CVP_A2_T|103_E_1,一阵灼热的快感猛然贯穿全身，{TargetName}稚嫩的躯体不受控制地剧烈抖动，{anal}反复而强烈地痉挛收紧，仿佛要将那股酥麻死死锁住。\n她带着孩子气的脸蛋皱成一团，泪珠在眼角打转，细窄的肩膀耸动着，纤细的脚踝绷得笔直，脚趾用力蜷起又松开。\n意识微微发懵，身体却依旧诚实地颤栗着，{anal}深处涌出的肠液顺着股间缓缓滑落，将这份完整而典型的绝顶清清楚楚地展现出来。
2060,action_part_a_orgasm_normal_A,0,CVP_A2_T|1_E_1,从未被开发过的{anal}竟迎来了一次完整的绝顶，{TargetName}的腰肢猛地弓起，那股陌生而汹涌的快感如海浪般席卷全身。\n她的四肢绷得紧紧的，小腹一阵阵抽搐，{anal}强烈而有节奏地痉挛收缩着，少许肠液不受控制地渗了出来。\n初次就被后穴的快感逼上高潮的羞耻让她的意识开始模糊，脸颊烧得通红，只能颤抖着承受这波灭顶的酥麻。
2061,action_part_a_orgasm_normal_A,0,CVP_A2_T|1_E_1,毫无经验的{anal}第一次就被推上了正儿八经的绝顶，{TargetName}的身体骤然绷直，随后剧烈地颤抖起来。\n生涩的{anal}一波接一波地痉挛紧缩，将那股从后穴深处炸开的淫靡快感放大到极致，肠液沿着穴口明显地淌落。\n她的呼吸彻底乱了套，腰部反复弓起又瘫软，脑袋里一片晕眩，怎么也想不到初次的后庭快感竟会如此凶猛。
2062,action_part_a_orgasm_normal_A,0,CVP_A2_T|1_E_1,呜咕……{TargetName}发出破碎的呻吟，那处从未被人染指过的{anal}竟然结结实实地绝顶了。\n完整的高潮反应在她身上一样不落地涌现，双腿抖得几乎并不拢，小腹连连抽动，{anal}死死收缩痉挛着，较多的肠液顺势流出，把股缝浸得湿滑淫靡。\n初次便用屁股高潮的事实让她羞得意识发昏，只能任由快感的浪潮反复冲刷着全身。
2063,action_part_a_orgasm_normal_A,0,CVP_A2_T|1_E_1,紧窄生涩的{anal}头一回品尝到绝顶的滋味，{TargetName}整个人像触电般痉挛起来，脚趾紧紧蜷缩，腰肢高高弓起。\n后穴深处翻涌上来的快感又酸又麻，逼得她全身肌肉阵阵抽搐，{anal}一下下地强烈紧缩，温热的肠液不住地涌出穴口。\n她急促地喘息着，眼神开始涣散迷蒙，未经人事的后庭竟带来这般完整而剧烈的高潮，令她既惊慌又沉沦。
2064,action_part_a_orgasm_normal_A,0,CVP_A2_T|1_E_1,在{SceneName}里，{TargetName}那从未接纳过任何东西的{anal}被快感彻底攻陷，迎来了一次标准而完整的绝顶。\n她的背脊猛然反弓，四肢失措地绷紧颤抖，小腹深处一阵阵痉挛，{anal}淫猥地反复收紧，肠液明显地渗淌而出。\n初尝后穴高潮的冲击让她的思绪开始发白模糊，只剩下断断续续的娇喘和止不住的战栗，淫乱得不成样子。

2065,action_part_a_orgasm_normal_A,0,t_first_a_sex_in_today,今天才刚被开苞的{anal}竟已迎来了一次完整的绝顶，{TargetName}的腰肢猛地弓起，后穴强烈而有节奏地痉挛收缩着，微热的肠液顺着穴口明显地淌了出来。\n初尝禁果的身体被这股正统的快感浪潮席卷得四肢绷紧颤抖，小腹反复抽搐，她的意识开始发白模糊，惊讶于自己竟能在初体验的当天就被屁眼的淫悦逼上高潮。
2066,action_part_a_orgasm_normal_A,0,t_first_a_sex_in_today,快感如海浪般在腹底炸开，{TargetName}那今日才失去菊穴童贞的{anal}骤然发起剧烈而规律的收缩痉挛，稚嫩的肠壁一波波绞紧又松开，把不少肠液挤淌出来。\n她的呼吸彻底乱了套，双腿紧绷得直打颤，臀肉不受控制地抖动，初次被开发的羞耻与这场货真价实的肛门绝顶交织在一起，让她的脑袋一阵阵地发晕。
2067,action_part_a_orgasm_normal_A,0,t_first_a_sex_in_today,{TargetName}发出一声拔高的娇吟，今天才初次品尝肛交滋味的身体便迎来了一场完整强度的后穴高潮，{anal}猛烈地抽搐痉挛，穴口一开一合地翕动着溢出温热的肠液。\n她的腰背深深弓起，脚趾用力蜷缩，全身随着绝顶的浪头阵阵战栗，意识渐渐蒙上一层白雾，只剩下屁眼深处那陌生却汹涌的淫靡快美。
2068,action_part_a_orgasm_normal_A,0,t_first_a_sex_in_today,绝顶的电流从尾椎直窜天灵盖，{TargetName}那才在今天被博士夺走肛门初次的{anal}正经历着人生头一遭的正式肛肠高潮，肠道剧烈地波浪状痉挛，明显的肠液从泛红的穴口涌淌而下。\n她的四肢绷紧发颤，小腹一下下抽动，脸上又羞又爽的表情彻底崩坏，惊愕于初体验当日屁穴就能带来如此完整的绝顶快感。
2069,action_part_a_orgasm_normal_A,0,t_first_a_sex_in_today,才刚在今日献出后庭第一次的{TargetName}被推上了一次不折不扣的肛门绝顶，{anal}不由自主地强力绞缩痉挛着，一股股温热肠液被挤压着流出穴外。\n她的臀瓣绷紧震颤，腰肢高高拱起又无力落下，急促的喘息夹杂着甜腻的呻吟声，初开发的敏感嫩穴带来的完整快感浪潮让她的思绪开始涣散迷蒙，浑身酥软瘫颤。

2070,action_part_a_orgasm_normal_A,0,CVP_A2_T|1_E_0&CVP_A2_A|10_LE_3,一股完整的绝顶快感猛然从后穴炸开，{TargetName}的腰肢高高弓起，{anal}强烈而有节奏地痉挛收缩着，尚未被充分开发的窄小肉洞死死绞紧，将这次正式的肛肠绝顶体现得淋漓尽致。\n她的四肢止不住地绷紧颤抖，小腹一阵阵抽搐，少量肠液顺着穴口明显地淌出。\n意识开始变得模糊，急促失序的喘息里混着甜腻的呻吟，那副还不太习惯肛内快感的身体已被高潮彻底俘获。
2071,action_part_a_orgasm_normal_A,0,CVP_A2_T|1_E_0&CVP_A2_A|10_LE_3,{TargetName}的身体骤然剧烈一颤，{anal}猛地绞缩起来，一波接一波强劲的痉挛从肠道深处向外扩散，紧致的褶皱不受控制地翕张收拢。\n这是一次完完整整的肛肠绝顶，快感如海浪般席卷全身，她的腰背深深弓起，大腿根部剧烈打颤，脚趾用力蜷缩，温热的肠液较明显地从穴口涌落。\n她的眼神开始涣散迷离，稚拙地承受着这具身体还不熟悉的后穴高潮，呼吸乱成一片。
2072,action_part_a_orgasm_normal_A,0,CVP_A2_T|1_E_0&CVP_A2_A|10_LE_3,积攒许久的肛内快感终于冲上顶点，{TargetName}发出拔高的娇吟，{anal}整根剧烈痉挛，尚显生涩的肉壁一层层强力收拢挤压，把绝顶的悸动毫无保留地暴露出来。\n她的小腹反复抽动，腰肢明显上弓又瘫软下来，双腿绷得笔直发颤，肠液一股股地渗淌而出。\n意识渐渐蒙上一层白雾，虽然还未被冲垮，但那张潮红的脸上已写满了被后穴高潮支配的淫靡与失措。
2073,action_part_a_orgasm_normal_A,0,CVP_A2_T|1_E_0&CVP_A2_A|10_LE_3,后穴深处轰然炸开的快感让{TargetName}整个人猛地绷紧，{anal}如同抽筋般强烈收缩，紧窄的肠肉一下一下地痉挛绞动，这次标准而完整的肛肠绝顶叫她再也维持不住平日的姿态。\n她的腰肢深深弓起，臀肉不住地颤抖夹紧，四肢发软发麻，比平时更多的肠液从收缩的穴口挤压涌出。\n急促的喘息夹杂着压不住的媚叫，微微失焦的双眼说明她的神志已开始被这股肛内绝顶搅得模糊。
2074,action_part_a_orgasm_normal_A,0,CVP_A2_T|1_E_0&CVP_A2_A|10_LE_3,{TargetName}猛然仰起头，全身肌肉瞬间紧绷，{anal}爆发出强烈而绵长的痉挛，那处还带着几分青涩紧致的小穴一阵阵剧烈收缩吮咬，将一次货真价实的肛肠绝顶完整地演绎出来。\n她的腰胯不受控制地弓起摆动，小腹连续抽搐，膝盖发软打颤，温热滑腻的肠液明显地流挂在穴口周围。\n她的思绪开始飘忽混沌，只剩下从后穴蔓延到全身的甜美电流，让她沉溺在这场高潮的余韵里发抖。

2075,action_part_a_orgasm_normal_A,0,CVP_A2_T|1_E_0&CVP_A2_A|10_G_3&CVP_A2_A|10_LE_6,一波完整而饱满的绝顶快感终于席卷了{TargetName}的全身，被开发得恰到好处的{anal}强烈而有节奏地痉挛收缩起来。\n她那早已熟悉后穴快感的身体娴熟地迎接着这场高潮，腰肢明显地弓起，四肢绷紧颤抖，小腹一阵阵抽搐，肠液较为明显地从穴口渗流而出。\n意识开始变得朦胧，她半阖着迷离的双眼，喘息急促而失序，尽情品味着这次熟稔而深沉的肛门绝顶。
2076,action_part_a_orgasm_normal_A,0,CVP_A2_T|1_E_0&CVP_A2_A|10_G_3&CVP_A2_A|10_LE_6,积攒到顶点的后穴快感如海浪般轰然炸开，{TargetName}那适应良好的{anal}熟练地一收一放，以饱满的节奏反复绞紧痉挛。\n有过不少肛交经验的她懂得如何放松身体去承受这股冲击，丰盈的快感顺着尾椎窜上脊背，令她腰部深深上弓，大腿根部剧烈打颤。\n温热的肠液顺着抽缩的穴口缓缓淌下，她的意识渐渐模糊，脸上浮现出深深沉醉的淫靡表情。
2077,action_part_a_orgasm_normal_A,0,CVP_A2_T|1_E_0&CVP_A2_A|10_G_3&CVP_A2_A|10_LE_6,完整强度的肛门绝顶在{TargetName}体内正式引爆，被调教出经验的{anal}谙熟地痉挛蠕动着，将快感一层层向腹腔深处推送。\n她主动挺起腰肢配合着高潮的律动，脚趾用力蜷缩，全身肌肉紧绷又松弛地反复抽动，穴口涌出的肠液比往常更多地打湿了臀缝。\n呼吸彻底乱了节拍，神志开始发飘，她哼出甜腻的鼻音，任由这场熟悉又深刻的绝顶将自己吞没。
2078,action_part_a_orgasm_normal_A,0,CVP_A2_T|1_E_0&CVP_A2_A|10_G_3&CVP_A2_A|10_LE_6,酝酿已久的快感终于冲破临界，{TargetName}的{anal}爆发出一阵阵强劲而规律的绞缩痉挛，宣告着一次不折不扣的肛门绝顶降临。\n开发得宜的后穴让她能够从容承接这份完整的高潮，可身体的反应依旧诚实剧烈，腰背高高拱起，双腿绷得笔直颤抖，小腹连连痉挛。\n汩汩肠液自翕张的穴口流泻而出，她的眼神逐渐涣散迷蒙，在{SceneName}里沉浸于这波席卷全身的肛内快感浪潮。
2079,action_part_a_orgasm_normal_A,0,CVP_A2_T|1_E_0&CVP_A2_A|10_G_3&CVP_A2_A|10_LE_6,那股由后穴深处炸开的绝顶快感瞬间贯穿了{TargetName}的四肢百骸，经验丰盈的{anal}老练地大幅收缩，穴肉一波接一波地痉挛翕动。\n她熟知这份快感的滋味，却仍被这次正常强度的完整绝顶冲得腰肢猛然弓起，臀肉绷紧战栗，指尖无意识地抓握痉挛。\n量比平日更多的肠液从抽搐的穴口涌渗下滑，她意识发昏地仰起脸，用绵长淫荡的喘息迎接高潮的余韵。

2080,action_part_a_orgasm_normal_A,0,CVP_A2_T|1_E_0&CVP_A2_A|10_G_6,一波完整而汹涌的绝顶快感自后穴深处炸开，{TargetName}那{anal}熟练而有力地痉挛收缩起来，早已被充分开发的肠道将这份高潮的节奏拿捏得淋漓尽致。\n她的腰肢明显地弓起，四肢绷紧颤抖，小腹一阵阵抽搐，温热的肠液顺着穴口明显地淌出。\n意识开始变得模糊，久经调教的身体沉浸在这场标准而饱满的肛门绝顶之中。
2081,action_part_a_orgasm_normal_A,0,CVP_A2_T|1_E_0&CVP_A2_A|10_G_6,绝顶的浪潮如海啸般席卷了{TargetName}的全身，{anal}以老练的韵律强烈地蠕动痉挛着，经验丰富的肠壁主动榨取着每一分快感，将这次高潮推向完整的峰值。\n她急促地喘息着，腰部高高拱起又颤颤落下，大腿根部剧烈发颤，滑腻的肠液自翕张的菊穴中涌淌而下。\n神志渐渐蒙上一层白雾，熟透的肉体诚实地享受着这场淫靡的肛肠绝顶。
2082,action_part_a_orgasm_normal_A,0,CVP_A2_T|1_E_0&CVP_A2_A|10_G_6,呜嗯……{TargetName}发出甜腻的闷哼，一次强度完整的绝顶从后庭深处轰然爆发，{anal}娴熟地连续紧缩，被开发透彻的肠道甚至懂得如何咀嚼这份快美来放大高潮。\n她的脊背猛地绷成弓形，脚趾用力蜷起，小腹止不住地痉挛，黏热的肠液一股股渗流而出。\n意识开始漂浮涣散，久经肛交洗礼的身体在典型而剧烈的高潮反应中震颤不已。
2083,action_part_a_orgasm_normal_A,0,CVP_A2_T|1_E_0&CVP_A2_A|10_G_6,快感在直肠深处积攒到顶点后猛然决堤，{TargetName}迎来了一次不折不扣的肛门绝顶，{anal}带着熟稔的贪婪剧烈收拢，肠壁有节奏地绞动着，将高潮的余韵反复咀嚼。\n丰润的臀肉紧绷发颤，腰身反复弓起，呼吸彻底乱了套，湿滑的肠液沿着股缝蜿蜒流落。\n她的眼神开始失焦迷离，这具肛穴早被驯熟的淫躯正尽情品味着完整绝顶的滋味。
2084,action_part_a_orgasm_normal_A,0,CVP_A2_T|1_E_0&CVP_A2_A|10_G_6,哈啊……在{SceneName}里，{TargetName}的后穴骤然掀起一场正规而饱满的绝顶风暴，{anal}以千锤百炼的技巧强韧地痉挛吮缩，丰富的肛交经验让她把这份快感吞咽得干干净净。\n她全身的肌肉阵阵抽搐，腰肢深深塌陷又挺起，双腿抖得几乎撑不住身体，温热的肠液汩汩淌出沾湿了臀间。\n思绪逐渐朦胧，被彻底开发的肉体在绝顶的余波里酥软痉挛。
2085,action_part_a_orgasm_normal_A,0,CVP_A2_S|5_L_1000,后穴里那点浅浅的酥麻竟骤然汇成一股完整的浪头，{TargetName}的{anal}猛地一阵有节奏的痉挛收缩，腰肢明显地向上弓起，四肢随之绷紧颤抖。\n意识开始变得朦胧，急促失序的喘息里透着难以置信的迷乱，微热的肠液顺着翕张的穴口较明显地淌了出来，一次货真价实的肛肠绝顶就这样在她体内炸开了。
2086,action_part_a_orgasm_normal_A,0,CVP_A2_S|5_L_1000,明明后庭积攒的快感还不算多，{TargetName}却在这一刻被推上了完整的绝顶，{anal}强烈而规律地阵阵抽紧，小腹反复痉挛抽搐，圆润的臀肉止不住地打颤。\n她的呼吸彻底乱了套，眼神开始涣散迷离，脑袋里泛起一层白雾，湿滑的肠液从收缩的穴眼里涌淌而出，把股缝浸得一片泥泞淫靡。
2087,action_part_a_orgasm_normal_A,0,CVP_A2_S|5_L_1000,一道快感的巨浪毫无预兆地从尾椎直冲天灵盖，{TargetName}整个人剧烈一颤，{anal}立刻开始一波接一波地猛烈吸缩，腰背高高绷起后又软软塌下，双腿抖得几乎并不拢。\n这是一次绝顶该有的反应一样不缺的标准高潮，她的神志渐渐模糊发飘，穴口不断溢出的温热肠液无声宣告着这具身体已经被后庭的淫悦攻陷了。
2088,action_part_a_orgasm_normal_A,0,CVP_A2_S|5_L_1000,才刚尝到些许后穴的甜头，{TargetName}的身体就诚实得过分，{anal}骤然爆发出剧烈而有节奏的收缩痉挛，脚趾狠狠蜷起，指尖胡乱抓紧，臀浪止不住地颤动。\n嗯啊的娇媚鼻音破碎地漏出来，意识像被泡进温水里一样开始发昏，翕动的皱穴挤出一股股滑腻的肠液，完完整整地绝顶了一回。
2089,action_part_a_orgasm_normal_A,0,CVP_A2_S|5_L_1000,快感在肠道深处轰然决堤，{TargetName}猛地仰起脖颈，{anal}不受意志控制地反复紧窄收拢又痉挛张合，小腹一抽一抽地跳动，绷直的双腿抖出细密的痉挛。\n她的思绪被冲得七零八落，脸颊烧得通红，半张的唇间溢出走调的喘息，湿热的肠液从菊蕾里汩汩渗淌，将这次完整而淫靡的肛肠绝顶展露无遗。

2090,action_part_a_orgasm_normal_A,0,CVP_A2_S|5_GE_1000&CVP_A2_S|5_L_12000,后穴里积攒许久的快感终于冲上了顶点，{TargetName}的腰肢猛地弓起，{anal}强烈而有节奏地痉挛收缩，一波完整的绝顶浪潮从尾椎直冲脑髓。\n她的四肢绷得笔直微微发颤，小腹一阵阵抽搐，{anal}里溢出的肠液顺着股缝缓缓淌落，呼吸急促而失序，意识开始被这次正式的肛肠绝顶搅得朦胧起来。
2091,action_part_a_orgasm_normal_A,0,CVP_A2_S|5_GE_1000&CVP_A2_S|5_L_12000,又一股汹涌的肛肠快感如海浪般席卷全身，{TargetName}再也压抑不住地迎来了一次完整的绝顶，{anal}剧烈地一缩一放，将高潮的节奏诚实地展露无遗。\n她的双腿绷紧颤抖着，脚趾用力蜷起，腰背明显地弓成一道弧线，脸颊烧得通红，眼神迷离涣散，湿滑的肠液从翕张的穴口里明显地渗流出来。
2092,action_part_a_orgasm_normal_A,0,CVP_A2_S|5_GE_1000&CVP_A2_S|5_L_12000,{anal}深处炸开一阵酥麻的电流，{TargetName}闷哼一声便被正常强度的绝顶彻底攫住，整个下半身都陷入有节奏的痉挛之中。\n这已经不是浅尝辄止的小峰值了，是货真价实的肛肠高潮，她的小腹反复抽动，双手无意识地攥紧，{anal}贪婪地翕动着，比先前更多的肠液被挤压着流淌而出，急促的娇喘在她唇边碎成一片。
2093,action_part_a_orgasm_normal_A,0,CVP_A2_S|5_GE_1000&CVP_A2_S|5_L_12000,已经被肛肠快感浸透的身体终于迎来标准而完整的一次绝顶，{TargetName}的臀肉猛然绷紧，{anal}如同活物般连续收缩痉挛，把高潮的快美从后穴一路送遍四肢百骸。\n她的腰肢高高挺起又无力落下，大腿内侧不住地打颤，额角渗出细汗，温热的肠液顺着痉挛的穴口涌出了一小股，意识在快感的浪头里渐渐模糊。
2094,action_part_a_orgasm_normal_A,0,CVP_A2_S|5_GE_1000&CVP_A2_S|5_L_12000,数不清第几波的后穴快感终于汇成一次完整的高潮在{TargetName}体内轰然引爆，{anal}猛烈地绞紧又松开，规律的痉挛一下下撞击着她的理智。\n她仰起脖颈发出破碎的呜咽，四肢绷紧到微微抽搐，小腹随着每一次收缩而起伏颤动，{anal}口涌出的肠液把股间濡湿了一片，典型而剧烈的绝顶反应在她身上一样不落地上演着。

2095,action_part_a_orgasm_normal_A,0,CVP_A2_S|5_GE_12000&CVP_A2_S|5_L_90000,早已被肛门快感彻底开发得敏感不堪的{TargetName}终于迎来了一次完整的肛门绝顶，{anal}猛地一阵有节奏的强烈痉挛，一波接一波地紧缩绞动着。\n她的腰肢高高弓起，四肢绷得笔直地颤抖，小腹连连抽搐，{anal}里溢出的肠液顺着股缝缓缓淌落，急促的喘息声在{SceneName}里凌乱地响起，意识开始泛起一层甜腻的模糊。
2096,action_part_a_orgasm_normal_A,0,CVP_A2_S|5_GE_12000&CVP_A2_S|5_L_90000,积攒了无数次肛门高潮后的{TargetName}又一次被后穴的快感推上了标准的绝顶，敏感透顶的{anal}剧烈地收缩痉挛，一下一下地淫靡蠕动着。\n酥麻的电流从尾椎直冲脑髓，她的臀肉紧绷着不住颤动，双腿抽搐般地绷直又发软，肠液从翕张的{anal}中被明显地挤出，她的眼神涣散迷离，呼吸完全乱了节奏。
2097,action_part_a_orgasm_normal_A,0,CVP_A2_S|5_GE_12000&CVP_A2_S|5_L_90000,肛门早已淫熟到一碰就颤的{TargetName}再度被后庭的浪潮吞没，一次货真价实的肛门绝顶轰然炸开，{anal}发狂似地反复紧窄绞缩着。\n她仰起脖颈发出拔高的娇吟，腰背深深塌陷又猛地弓起，脚趾用力蜷缩，痉挛的小腹连绵抽动，温热的肠液自{anal}汩汩渗流而出，被高潮浸透的脑海渐渐蒙上一层白雾。
2098,action_part_a_orgasm_normal_A,0,CVP_A2_S|5_GE_12000&CVP_A2_S|5_L_90000,后穴的快感如海浪般层层拍上头顶，被肛门高潮反复灌溉过的{TargetName}顺理成章地迎来了又一次完整的绝顶，{anal}强烈而规律地痉挛收缩着。\n她的臀部不受控制地高高翘起摇晃，大腿内侧的嫩肉止不住地打颤，喉咙里挤出破碎的呜咽，较多的肠液从抽搐的{anal}里被一阵阵挤压出来，淌湿了股间，意识飘飘然地开始模糊。
2099,action_part_a_orgasm_normal_A,0,CVP_A2_S|5_GE_12000&CVP_A2_S|5_L_90000,敏感得一塌糊涂的后穴终于将{TargetName}送上了绝顶的浪尖，这是一次绝顶该有的反应一样不缺的正规高潮，{anal}贪婪地一缩一缩痉挛蠕动着。\n她浑身的肌肉绷紧又瘫软，腰肢像离水的鱼一般弹动挺起，双腿痉挛着相互摩蹭，滑腻的肠液顺着翕动的{anal}边缘不断溢流，泛红的脸上写满了沉溺于肛门绝顶的淫荡与恍惚。

2100,action_part_a_orgasm_normal_A,0,CVP_A2_S|5_GE_90000,早已被开发得淫烂不堪的{anal}猛地一阵有节奏的强烈痉挛，{TargetName}的腰肢高高弓起，四肢紧绷着颤抖不停。\n数不清次数的后穴快感积攒到顶点，一次完整而正常强度的肛肠绝顶如浪潮般席卷了她的全身，小腹反复抽搐，温热的肠液顺着穴口明显地淌落，呼吸急促得完全乱了拍子，意识开始朦胧地摇晃起来。
2101,action_part_a_orgasm_normal_A,0,CVP_A2_S|5_GE_90000,敏感到不可思议的{anal}骤然收拢又痉挛着松开，{TargetName}绷直了脚尖，屁股不受控制地向后翘起迎合着绝顶的浪头。\n这是一次典型而完整的肛肠高潮，甜蜜的酥麻从后穴深处炸开，一波波冲刷着她的脊椎，腰身反复弓起又瘫软，穴口挤出较多滑腻的肠液，她的眼神渐渐失焦，思绪被快感搅得开始发晕。
2102,action_part_a_orgasm_normal_A,0,CVP_A2_S|5_GE_90000,哈啊……{TargetName}发出甜腻的媚叫，被无数次绝顶磨得淫敏至极的{anal}正剧烈而有规律地痉挛收缩着。\n完整的肛门绝顶让她浑身肌肉绷紧又颤抖，臀肉抽搐着夹紧，小腹一下下地起伏痉挛，股缝间渗出温热的肠液沾湿了臀瓣，她只觉得脑髓被后穴涌上的快感烫得发白，意识开始模糊却又未被彻底冲垮。
2103,action_part_a_orgasm_normal_A,0,CVP_A2_S|5_GE_90000,一股熟悉又汹涌的肛肠快感冲上头顶，{TargetName}那早已淫堕成性感带的{anal}立刻用力地绞缩痉挛起来。\n她的背脊反弓成弧线，双腿抖得几乎并不拢，臀部肌肉一阵阵抽紧，这次正常强度的后穴绝顶带来了高潮该有的一切反应，肠液较为明显地从翕张的穴口涌出，急促的喘息里混着失神的呻吟，脑海被搅得一片朦胧。
2104,action_part_a_orgasm_normal_A,0,CVP_A2_S|5_GE_90000,在{SceneName}里，{TargetName}的身体猛然绷紧，被开发到极致淫敏的{anal}以标准绝顶的力道剧烈痉挛收缩着。\n腰肢反复地高高弓起又无力落下，大腿根抽搐着痉挛，臀瓣不住地颤动，滑热的肠液顺着收缩的穴口一股股流淌出来，完整的肛肠高潮浪潮把她整个人淹没，呼吸彻底乱套，意识也被泡得晕晕乎乎地开始涣散。

2105,action_part_a_orgasm_normal_A,0,CVP_A2_T|126_E_1,一股汹涌的快感如浪潮般从后穴深处炸开，{TargetName}小巧紧致的臀部猛地绷紧，{anal}强烈而有节奏地痉挛收缩起来。\n纤细的腰肢高高弓起，双腿控制不住地颤抖，娇小的臀瓣不住抽动，肠液顺着穴口明显地流淌而出。\n她的呼吸急促失序，意识开始变得模糊，一次完完整整的肛肠绝顶将这具娇小的身体彻底淹没。
2106,action_part_a_orgasm_normal_A,0,CVP_A2_T|126_E_1,{anal}骤然爆发出剧烈的绞缩，{TargetName}那小巧玲珑的臀部剧烈战栗着，快感从菊穴深处一波接一波席卷全身。\n紧致的臀肉狠狠夹紧又无力松开，小腹反复抽搐，四肢绷紧发颤，温热的肠液从翕张的穴口涌淌出来。\n她的眼神逐渐涣散迷蒙，喉咙里溢出破碎的媚音，正正经经的肛肠绝顶让这具敏感的娇躯沉溺在灭顶的酥麻之中。
2107,action_part_a_orgasm_normal_A,0,CVP_A2_T|126_E_1,后庭深处的快感终于积累到了顶点，{TargetName}纤细紧致的小臀猛烈痉挛，{anal}一阵阵地强烈收缩蠕动，将标准而完整的绝顶高潮尽数展现。\n她的腰部明显地向上弓起，脚趾用力蜷缩，娇小的臀丘不受控制地摇晃颤动，肠液较多地渗流而下。\n潮红爬满脸颊，神志开始飘忽朦胧，铺天盖地的肛肠快感令她浑身酥软无力。
2108,action_part_a_orgasm_normal_A,0,CVP_A2_T|126_E_1,肛肠内积攒的酥麻在这一刻轰然决堤，{TargetName}那紧窄敏感的{anal}猛烈地痉挛绞紧，小小的臀部整个绷得发硬又剧烈发颤。\n海浪般的绝顶快感席卷四肢百骸，纤瘦的腰身反复弓起抽动，大腿内侧抖个不停，穴口一开一合地吐出温热的肠液。\n她急促地喘息着，意识渐渐模糊涣散，这次强度十足的后穴绝顶让娇小的身躯彻底失守。
2109,action_part_a_orgasm_normal_A,0,CVP_A2_T|126_E_1,一声拔高的娇吟中，{TargetName}迎来了一次货真价实的肛肠绝顶，{anal}疯狂地收缩痉挛，紧致小巧的臀肉随之剧烈地颤抖抽搐。\n快感的巨浪一遍遍冲刷着全身，细腰高高拱起又瘫软下去，双膝发颤几乎支撑不住，肠液沿着痉挛的穴口大股淌落。\n她的呼吸乱作一团，脑海被绝顶的白光搅得朦胧，敏感的小臀仍在余韵中止不住地轻颤。

2110,action_part_a_orgasm_normal_A,0,target_is_player_daughter,一股完整而炽烈的酥麻猛地贯穿{TargetName}的腰腹，{anal}强烈而有节奏地痉挛收缩起来，将那份属于亲生女儿的羞耻与快感一并搅得天翻地覆。\n她的腰肢明显弓起，纤细的四肢跟着绷紧又颤抖，小腹一阵阵抽搐不止，{anal}深处的肠液比方才更明显地涌出，浸得那一片濡湿滚烫。\n呼吸乱作一团，脸颊涨得通红，她说不清是快感还是背德感更浓烈，只能任由这场完整的绝顶将自己彻底淹没。
2111,action_part_a_orgasm_normal_A,0,target_is_player_daughter,{TargetName}猛地绷直了身子，那具本该纯洁的躯体在父亲面前彻底沦陷，{anal}一波接一波地强烈收缩着，将典型而完整的绝顶反应展现得淋漓尽致。\n腰部深深弓起又颤颤塌下，双腿控制不住地绷紧又痉挛，{anal}处的肠液顺着股缝明显地淌落，比先前汹涌了许多。\n意识开始变得模糊迷离，呼吸急促紊乱，她在这份不伦的快感里彻底沉沦，浑身止不住地打颤。
2112,action_part_a_orgasm_normal_A,0,target_is_player_daughter,身为女儿的{TargetName}再也压抑不住，一记完整而剧烈的高潮从{anal}深处炸开，节奏分明的痉挛一阵紧似一阵地收缩着，肠液随之明显涌出，湿黏地沾满了大腿根。\n腰肢猛烈地拱起又瘫软，纤细的手指死死蜷缩，脚尖绷得笔直，胸口剧烈起伏，泛红的脸上写满了迷乱与羞涩交织的沉沦。\n那股典型的绝顶余韵久久不散，让她浑身战栗个不停。
2113,action_part_a_orgasm_normal_A,0,target_is_player_daughter,{anal}猛然收紧又松开，一次又一次强烈地痉挛着，{TargetName}整个人被这份完整的高潮冲得腰肢反复弓起，双腿不自禁地夹紧又松开，肠液明显地流淌而出，比方才浓稠了几分。\n她的呼吸乱得没了章法，喉间溢出压抑不住的喘息，意识渐渐陷入朦胧的迷醉之中。\n身为血亲的禁忌感与滔天快感一起将她包裹，令这具年少的身体止不住地痉挛颤抖。
2114,action_part_a_orgasm_normal_A,0,target_is_player_daughter,一场彻底而典型的绝顶猛然席卷{TargetName}全身，{anal}强烈地一收一缩，将积蓄已久的快感尽数释放，肠液顺着腿根明显地滑落，濡湿一片。\n她的腰身剧烈地弓起又跌落，纤细的手指紧紧抠住身下，四肢止不住地绷紧痉挛，面颊绯红一片，唇齿间漏出破碎的喘息。\n作为女儿的羞耻与浓烈的快感交缠在一起，让她的意识渐渐迷蒙飘远，浑身仍在余韵中战栗不休。

2115,action_part_a_orgasm_normal_A,0,CVP_A2_T|127_E_1,一股完整而汹涌的绝顶快感从后穴深处轰然炸开，{TargetName}匀称圆润的臀肉猛地绷紧，{anal}强烈而有节奏地痉挛收缩着。\n她的腰肢明显地向上弓起，形状恰到好处的臀瓣在高潮中止不住地颤动，肠液较明显地从穴口渗流而出。\n呼吸急促失序，意识开始变得模糊，这是一次货真价实的肛门绝顶。
2116,action_part_a_orgasm_normal_A,0,CVP_A2_T|127_E_1,快感如海浪般席卷全身，{TargetName}那对弹性十足的臀丘剧烈地绷紧又放松，{anal}一阵接一阵地强烈痉挛，将标准绝顶该有的反应尽数展露。\n小腹反复抽搐，四肢绷紧颤抖，圆润适中的臀肉随着高潮的节拍微微晃动，温热的肠液顺着股缝缓缓淌落。\n她的眼神逐渐涣散迷蒙，整个人沉浸在这波完整的肛肠绝顶浪潮之中。
2117,action_part_a_orgasm_normal_A,0,CVP_A2_T|127_E_1,{anal}骤然爆发出强烈而规律的收缩痉挛，{TargetName}发出一声拔高的娇媚呻吟，匀称柔韧的臀部曲线在痉挛中绷出诱人的弧度。\n这是一次正常强度的完整绝顶，腰部高高弓起后又无力落下，大腿根部止不住地抽搐颤栗，量比先前更多的肠液从后穴涌出。\n她的神志开始飘忽模糊，却还未被这股快感彻底冲垮。
2118,action_part_a_orgasm_normal_A,0,CVP_A2_T|127_E_1,后穴深处积攒的快感终于抵达顶点，{TargetName}的{anal}猛烈地痉挛紧缩，富有弹性的浑圆臀肉狠狠夹紧又颤抖着松开。\n绝顶该有的一切典型反应一齐涌现，腰肢深深弓起，脚趾用力蜷缩，小腹一下下地抽动，肠液明显地自穴口溢出流淌。\n潮红爬满她的脸颊，意识渐渐被甜美的浪潮浸得模糊，身体完全交给了这场肛门高潮。
2119,action_part_a_orgasm_normal_A,0,CVP_A2_T|127_E_1,一波完整的绝顶高潮在{TargetName}的肠道深处轰然引爆，{anal}不受抑制地强烈收缩痉挛，自然圆润的臀部弧线随之剧烈地绷紧战栗。\n她整个人向后仰起，四肢发颤，呼吸凌乱破碎，柔软适中的臀瓣一阵阵地哆嗦抖动，温热的肠液从抽搐的后穴中渗涌而出。\n这股席卷全身的浪潮令她的思绪开始发昏发飘，淫靡又满足。

2120,action_part_a_orgasm_normal_A,0,CVP_A2_T|128_E_1&high_1,一股强烈的绝顶快感猛然自{TargetName}的后穴深处炸开，{anal}强烈而有节奏地痉挛收缩着，那对硕大丰满的巨臀随之剧烈地颤抖晃荡，饱满的臀肉掀起一层层令人目眩的肉浪。\n她的腰肢高高弓起，四肢绷紧战栗，小腹反复抽搐，{anal}里有肠液较明显地淌出，呼吸急促失序，意识开始变得朦胧模糊，完完整整地迎来了一次正常强度的肛门绝顶。
2121,action_part_a_orgasm_normal_A,0,CVP_A2_T|128_E_1&high_1,{TargetName}那对惊人丰满的巨臀猛地绷紧夹拢，{anal}爆发出一波接一波强烈的规律痉挛，累积到顶点的肛肠快感如海浪般席卷了她的全身。\n肥美厚实的臀瓣不受控制地波浪般震荡着，腰身明显向上弓起又颤颤落下，双腿抖个不停，肠液顺着痉挛的穴口悄悄流下，她的眼神逐渐涣散迷蒙，彻底沉浸在这场完整而典型的后穴高潮之中。
2122,action_part_a_orgasm_normal_A,0,CVP_A2_T|128_E_1&high_1,后穴里积攒的淫靡快感终于冲破了临界点，{anal}猛烈地抽紧痉挛，{TargetName}丰满得夸张的巨大肥臀霎时剧烈摇晃起来，两团饱胀的臀肉互相拍击出淫猥的闷响。\n她仰起脖颈发出甜腻的呻吟般气音，腰肢深深弓起，脚趾用力蜷缩，小腹一阵阵抽动，穴口渗出的肠液打湿了股缝，意识在这次不折不扣的肛门绝顶中开始飘忽模糊。
2123,action_part_a_orgasm_normal_A,0,CVP_A2_T|128_E_1&high_1,绝顶的电流窜过尾椎，{TargetName}整个人猛然痉挛，{anal}以完整绝顶该有的力度剧烈收缩吮吸着，那副肉感十足的巨臀随之颤动不止，丰腴的臀浪一波未平一波又起。\n她的双手无助地抓紧，膝盖发软打颤，泛红的脸上写满了失神的淫态，后穴深处的肠液被痉挛挤出穴口，缓缓流落，思绪被这场标准而汹涌的肛肠高潮搅得一片朦胧。
2124,action_part_a_orgasm_normal_A,0,CVP_A2_T|128_E_1&high_1,{TargetName}的肥硕巨臀骤然高高翘起又猛烈摇颤，{anal}正经历着一次完整的绝顶——强烈、规律而绵长的痉挛收缩一波波传遍全身。\n那两瓣沉甸甸的丰臀肉弹性十足地震荡着，掀起靡乱的肉波，她的腰背弓成弧线，大腿根部剧烈发颤，呼吸乱成一团，肠液从收缩的穴口滑腻地溢出，清明的意识渐渐蒙上快感的白雾。

2125,action_part_a_orgasm_normal_A,0,high_1,积攒许久的快感终于在{TargetName}的后穴深处炸裂开来，{anal}猛地一阵阵强烈痉挛收缩，一股完整而正常强度的绝顶浪潮如海啸般席卷全身。\n她的腰肢高高弓起，四肢绷得笔直地颤抖着，小腹反复抽搐，温热的肠液顺着抽紧的穴口明显地淌落下来。\n意识开始变得模糊，急促失序的喘息里满是淫荡的甜腻。
2126,action_part_a_orgasm_normal_A,0,high_1,{TargetName}的身体骤然绷紧，{anal}发出一阵完整绝顶该有的剧烈收缩，肛门口一开一合地咬紧痉挛，快感的巨浪一波接一波地冲刷着她的骨髓。\n她的腰部明显向上弓起又落下，大腿根部止不住地抽搐颤抖，滑腻的肠液比先前更多地从穴口渗涌而出。\n视线渐渐失焦，脑海被绝顶的白光搅得开始迷糊，只剩下淫靡的颤栗与娇喘。
2127,action_part_a_orgasm_normal_A,0,high_1,一记标准而完整的肛肠绝顶轰然降临，{TargetName}发出拔高的娇吟，{anal}强烈而有节奏地连环痉挛着，把这次正常强度的高潮忠实地演绎出来。\n她的脊背绷成弓形，脚趾用力蜷缩，小腹一下下地反复抽动，穴口挤出的温热肠液把股缝浸得湿滑淫靡。\n呼吸彻底乱了套，意识开始朦胧涣散，却还未被这股快感完全冲垮。
2128,action_part_a_orgasm_normal_A,0,high_1,后穴深处翻涌的快感终于攀上顶点，{TargetName}的{anal}猛烈地绞紧痉挛，完整的绝顶反应在她全身一齐爆发。\n淫浪的痉挛从菊穴一路窜上脊椎，她的腰肢剧烈弓起，双腿绷直发颤，臀肉不住地哆嗦收缩，明显增多的肠液从翕张的穴口汩汩流出。\n甜腻的哭腔混着急促的喘息，她的神志被这波正常烈度的高潮浪头拍得开始发昏。
2129,action_part_a_orgasm_normal_A,0,high_1,快感的海浪在{TargetName}的肠道深处彻底决堤，{anal}爆发出一轮又一轮强烈的痉挛收缩，这是一次不折不扣的完整绝顶。\n她仰起脖颈发出淫荡的媚叫，腰肢反复弓起抽动，四肢又绷又颤，臀瓣夹紧又松开，温热滑腻的肠液顺着抽搐的穴口大股淌下。\n意识蒙上了一层迷雾般的白霭，整个人沉浸在肛门绝顶的酥麻余韵里瘫软发抖。
2130,action_part_a_orgasm_normal_A,0,t_npc_active_h,主动摆腰索取快感的{TargetName}忽然浑身猛地一颤，{anal}强烈而有节奏地痉挛收缩起来，一波完整的绝顶快感如海浪般从后穴深处席卷全身。\n她主动迎合的腰肢高高弓起后又软软塌下，四肢绷紧颤抖，小腹反复抽搐，{anal}里渗出的肠液明显地流淌下来，意识开始变得朦胧，掌控节奏的她反被自己招来的高潮吞没。
2131,action_part_a_orgasm_normal_A,0,t_npc_active_h,一直主导着动作的{TargetName}骤然仰起脖颈，正常强度的绝顶轰然降临，{anal}不住地剧烈收缩痉挛，把她主动求来的快感尽数榨出。\n她的腰肢明显地向上挺起，双腿绷得笔直地打颤，呼吸急促失序，肠液顺着抽动的穴口涌出一片，眼神逐渐涣散迷离，方才还得意掌控一切的表情彻底融化成淫荡的沉醉。
2132,action_part_a_orgasm_normal_A,0,t_npc_active_h,自己动着腰享受的{TargetName}终于被完整的肛肠绝顶击穿，{anal}猛烈地一阵阵痉挛紧缩，快感的浪潮从尾椎直冲头顶，席卷了整具主动献媚的骚躯。\n她的小腹连续抽搐，腰身弓起又瘫软，绷紧的大腿止不住地哆嗦，量比先前更多的肠液从穴口淌落，神志开始发昏，只剩下淫靡的喘息在{SceneName}里回荡。
2133,action_part_a_orgasm_normal_A,0,t_npc_active_h,原本卖力扭动着屁股讨好{Name}的{TargetName}忽地全身绷紧，一次标准而完整的绝顶在后穴炸开，{anal}有节奏地强烈痉挛着，绝顶该有的一切反应尽数涌现。\n她高翘的臀肉剧烈颤抖，腰肢深深下塌，四肢发着抖使不上力，温热的肠液较明显地流出沾湿了股缝，意识渐渐模糊，主动服务的得意被彻底冲散。
2134,action_part_a_orgasm_normal_A,0,t_npc_active_h,掌握着主动权的{TargetName}在自己制造的快感顶点上轰然失守，{anal}猛地缩紧后开始一波波强烈痉挛，完整的绝顶浪潮把她淹没。\n她媚态十足的身子先是僵直再是痉挛，腰腹反复抽动，脚趾用力蜷起，穴内挤出的肠液缓缓滑落腿根，眼底的主动与自信被朦胧的迷乱取代，只能伏在{Name}身上淫乱地颤抖着承受余韵。

2135,action_part_a_orgasm_normal_A,0,group_sex_mode_on&CVP_A2_A|34_LE_4,一股完整而汹涌的绝顶快感自后穴深处炸开，{TargetName}的{anal}猛地开始有节奏地强烈痉挛收缩，腰肢高高弓起又剧烈发颤。\n她死死咬住嘴唇压抑着即将脱口的浪音，一只手慌乱地想遮住交合的后穴，可在场其他女性的目光让羞耻感与快感搅在一起。\n意识开始模糊的她只能红着脸任由肠液顺着穴口明显地淌落，在众人面前迎来了这次货真价实的肛肠绝顶。
2136,action_part_a_orgasm_normal_A,0,group_sex_mode_on&CVP_A2_A|34_LE_4,{TargetName}的{anal}骤然一阵剧烈的痉挛紧缩，标准而完整的绝顶浪潮如海浪般席卷了她的全身，小腹反复抽搐，四肢绷紧颤抖。\n她拼命蜷起身子想挡住自己失态的模样，却在感受到周围女性投来的视线时颤得更凶。\n呼吸急促失序的她意识渐渐发昏，穴口不受控制地淌出比平时更多的肠液，羞得她用手臂死死捂住了通红的脸。
2137,action_part_a_orgasm_normal_A,0,group_sex_mode_on&CVP_A2_A|34_LE_4,后穴深处积攒的快感终于冲破了临界点，{TargetName}的{anal}一波接一波地猛烈收缩痉挛，完整的绝顶反应在她身上一样不落地涌现。\n腰肢明显地弓起，大腿根部剧烈打颤，可她仍强撑着并拢双腿，想在其他女性面前遮掩住自己淫乱绝顶的丑态。\n压抑的鼻音从咬紧的唇缝里漏出，意识开始朦胧的她只觉肠液正明显地涌出穴口，羞耻与快意一同将她淹没。
2138,action_part_a_orgasm_normal_A,0,group_sex_mode_on&CVP_A2_A|34_LE_4,一次正常强度却无比完整的肛肠绝顶轰然降临，{TargetName}的{anal}疯狂地规律痉挛着，浑身肌肉绷得死紧，小腹一阵阵地抽动。\n众目睽睽之下她羞得几乎要哭出来，一只手胡乱地想挡住自己抽搐的下身，另一只手紧紧攥着捂住嘴。\n可其他女性的注视反而让绝顶来得更凶，意识发晕的她只能任凭肠液沿着痉挛的穴口大股淌下，身体诚实地颤栗不止。
2139,action_part_a_orgasm_normal_A,0,group_sex_mode_on&CVP_A2_A|34_LE_4,快感的巨浪自肛肠深处轰然扩散，{TargetName}的{anal}开始强烈而有节奏地绞缩痉挛，这是一场典型反应一应俱全的完整绝顶。\n腰背深深弓起，脚趾用力蜷缩，她却还在拼命侧过身子，试图不让在场的其他女性看清自己后穴绝顶的淫态。\n急促的喘息怎么也压不住，脑袋渐渐变得昏沉，明显多于平常的肠液自穴口汩汩流出，羞耻感让她的高潮颤抖得愈发厉害。

2140,action_part_a_orgasm_normal_A,0,group_sex_mode_on&CVP_A2_A|34_G_4,在众人的注视下{TargetName}的{anal}猛然剧烈痉挛收缩起来，一次完整而正常强度的后穴绝顶高潮如海浪般席卷全身。\n她非但没有遮掩，反而挺起腰肢向周围的女性们展示自己绝顶的模样，四肢绷紧颤抖，小腹反复抽搐，{anal}明显地淌出肠液，脸上写满被观赏的兴奋与得意。
2141,action_part_a_orgasm_normal_A,0,group_sex_mode_on&CVP_A2_A|34_G_4,{TargetName}的{anal}有节奏地强烈痉挛着，正常强度的肛肠绝顶轰然爆发，腰部明显弓起，呼吸急促失序，意识开始变得模糊。\n她刻意扭转身体让在场的其他女性都能看清自己后穴高潮的丑态，肠液顺着{anal}明显地流淌而下，被众多目光注视的羞耻反而化作更甜美的快感。
2142,action_part_a_orgasm_normal_A,0,group_sex_mode_on&CVP_A2_A|34_G_4,一股完整的绝顶快感从{anal}深处炸开，{TargetName}在众目睽睽之下毫不掩饰地放声浪叫，全身痉挛颤抖，大腿抽搐着绷紧又发软。\n她甚至主动掰开臀肉，向围观的女性们炫耀自己正在绝顶收缩的{anal}，任由肠液淌落，享受着那些羡慕又惊讶的视线带来的双重兴奋。
2143,action_part_a_orgasm_normal_A,0,group_sex_mode_on&CVP_A2_A|34_G_4,{TargetName}的腰肢猛然弓起，{anal}开始一阵阵剧烈而规律地痉挛收缩，标准而完整的后穴绝顶让她的小腹不停抽动，意识渐渐染上一层白雾。\n在其他女性的众目注视下高潮反而令她愈发亢奋，她故意抬高臀部展示自己失守的{anal}，肠液明显地渗流而出，嘴角还挂着得意的媚笑。
2144,action_part_a_orgasm_normal_A,0,group_sex_mode_on&CVP_A2_A|34_G_4,完整而典型的肛门绝顶浪潮猛地贯穿{TargetName}的全身，{anal}不受控制地反复紧缩痉挛，四肢发颤，脚趾蜷曲，急促的娇喘在人群中格外响亮。\n她迎着周围女性的视线主动摆动臀部，将后穴高潮的痴态尽数展露，{anal}里淌出的肠液成了她向众人夸耀快感的最好证明。

2145,action_part_a_orgasm_normal_A,0,h_in_love_hotel,在爱情旅馆暧昧的红色灯光下，{TargetName}的后穴终于迎来了完整的绝顶，{anal}猛烈而有节奏地痉挛收缩起来。\n她的腰肢高高弓起，四肢绷紧颤抖，小腹一阵阵抽搐，肠液顺着穴口明显地淌落下来。\n镜面天花板映出她因高潮而失序的淫态，意识开始模糊的她只能在这间专为交合而设的房间里放浪地颤栗着。
2146,action_part_a_orgasm_normal_A,0,h_in_love_hotel,快感如海浪般席卷全身，{TargetName}在爱情旅馆柔软的大床上被菊穴的绝顶彻底攻陷，{anal}剧烈地一阵阵痉挛紧缩。\n她的呼吸急促失序，大腿根部不住抽搐，腰部反复弓起又落下，较多的肠液从翕张的穴口涌淌而出。\n隔音极好的房间将她淫荡的喘息尽数收拢，暧昧的氛围让这场后穴高潮愈发淋漓尽致。
2147,action_part_a_orgasm_normal_A,0,h_in_love_hotel,专门订下的爱情旅馆房间里，{TargetName}的肛门迎来一次正常强度的完整绝顶，{anal}强烈而规律地收缩痉挛着，把典型高潮该有的反应尽数展现。\n她的小腹反复抽动，脚趾狠狠蜷缩，肠液明显地自后穴流出打湿了股缝。\n房内旖旎的灯光与情趣布置烘托着她的失态，意识渐渐朦胧的她沉浸在这波菊穴快感的浪潮中。
2148,action_part_a_orgasm_normal_A,0,h_in_love_hotel,伴随着爱情旅馆房间里流淌的暧昧音乐，{TargetName}的后庭快感终于攀上顶峰，{anal}猛然爆发出一连串有力的痉挛收缩。\n她的背脊绷成弓形，双腿剧烈打颤，穴口翕张间淌出明显的肠液，顺着会阴蜿蜒而下。\n这间私密的房间里再无顾忌，她任由肛门绝顶的酥麻冲刷全身，神志开始泛起迷蒙的白雾。
2149,action_part_a_orgasm_normal_A,0,h_in_love_hotel,在爱情旅馆这个只属于二人的淫靡空间里，{TargetName}被菊穴深处炸开的快感推上了完整的绝顶，{anal}不受意志控制地节奏性痉挛紧咬。\n她的腰肢猛地弓起后又瘫软，四肢紧绷颤动，小腹连连抽搐，量比平时更多的肠液自后穴汩汩渗流。\n房间里暧昧的粉色光线笼罩着她高潮时的痴态，意识在快感浪潮中逐渐变得模糊涣散。
2150,action_part_a_orgasm_normal_A,0,h_in_bathroom,氤氲的水汽中，{TargetName}湿漉漉的身体猛地绷紧，{anal}骤然爆发出一阵强烈而有节奏的痉挛收缩，一次完整的绝顶快感如热浪般席卷全身。\n她的腰肢在蒸汽里高高弓起，湿滑的大腿剧烈打颤，肠液混着水珠顺着股缝淌落，急促的娇喘与水声在回荡的空间里交织成淫靡的乐章，意识也开始渐渐模糊。
2151,action_part_a_orgasm_normal_A,0,h_in_bathroom,热水冲刷着{TargetName}泛红的肌肤，积攒到顶点的快感终于炸开，{anal}发狂似地一阵阵痉挛紧缩，把她整个人推上了正常强度的绝顶浪尖。\n湿透的身子在雾气里剧烈抽搐，小腹反复颤动，脚趾在湿滑的地面上死死蜷起，较多的肠液被挤出后随水流冲散，失序的喘息在潮湿的空气中变得黏腻又淫乱。
2152,action_part_a_orgasm_normal_A,0,h_in_bathroom,快感的巨浪在水声中轰然拍下，{TargetName}湿润的胴体猛然痉挛，{anal}剧烈地一开一合抽紧着，将一次货真价实的肛肠绝顶展露无遗。\n她的四肢绷得笔直又不住发颤，湿发贴在潮红的脸颊上，翻涌的肠液顺着湿滑的臀缝缓缓流出，被蒸腾的热气一熏，淫荡的甜腻喘声愈发失控，神志被冲得摇摇欲坠。
2153,action_part_a_orgasm_normal_A,0,h_in_bathroom,弥漫的雾气里，{TargetName}忽然仰起头浑身痉挛，后穴深处的快感冲上顶峰，{anal}强烈而规律地连续收缩，完整的绝顶反应在湿淋淋的身体上尽数上演。\n她的腰背反复弓起又瘫软，湿滑的双腿抖得几乎站不稳，明显渗出的肠液与温热水流混作一处，破碎的呻吟在氤氲的浴雾中回响，意识蒙上了一层甜腻的白雾。
2154,action_part_a_orgasm_normal_A,0,h_in_bathroom,水珠顺着{TargetName}绷紧的曲线滚落，积蓄已久的肛肠快感终于决堤，{anal}猛烈地痉挛抽搐着，把她卷进一场不折不扣的标准绝顶之中。\n湿滑的身体在热气里剧烈打颤，小腹一阵阵抽动，指尖在湿润的肌肤上无助地抓挠，流出的肠液被水汽衬得愈发淫靡，急促的喘息与水声一同撞在耳畔，思绪开始发白发飘。
2155,action_part_a_orgasm_normal_A,0,hidden_sex_mode_1&place_someone_not_in_hidden_and_conscious,{SceneName}里还有其他人在场，{TargetName}却在众目难及的死角处迎来了一次完整的后穴绝顶。\n汹涌的快感如海浪般从{anal}深处席卷全身，她死死咬住下唇不敢发出半点呻吟，腰肢却背着旁人剧烈地弓起又抽搐。\n{anal}强烈而有节奏地痉挛收缩着，肠液顺着股缝明显地淌落下来，周围投来的怀疑视线让这份偷偷绝顶的背德刺激愈发强烈。
2156,action_part_a_orgasm_normal_A,0,hidden_sex_mode_1&place_someone_not_in_hidden_and_conscious,借着视线的遮挡，{TargetName}的屁眼在旁人毫无察觉的情况下达到了正常烈度的高潮。\n{anal}一波接一波地猛烈紧缩痉挛，小腹反复抽动，四肢绷得发颤，她只能拼命装出若无其事的模样，把涌到喉头的浪叫硬生生咽回去。\n意识开始泛起模糊，较多的肠液从翕张的穴口涌出，附近的人似乎起了疑心，却抓不到任何确切的把柄。
2157,action_part_a_orgasm_normal_A,0,hidden_sex_mode_1&place_someone_not_in_hidden_and_conscious,在有旁人的{SceneName}中偷偷淫乱的{TargetName}，终于被后庭的快感推上了完整的绝顶巅峰。\n{anal}不受控制地强烈痉挛收缩，腰肢明显地弓起，大腿根部剧烈打颤，她慌忙把泛红失神的脸埋低，呼吸急促得几乎失序。\n温热的肠液明显地从菊穴里渗流而出，将会阴浸得湿滑一片，被人发现的紧张感反而让这场绝顶更加淫靡销魂。
2158,action_part_a_orgasm_normal_A,0,hidden_sex_mode_1&place_someone_not_in_hidden_and_conscious,快感的巨浪骤然冲垮了{TargetName}的伪装，她的肛门在众人眼皮底下迎来了一次货真价实的绝顶。\n{anal}又急又密地痉挛咬缩，臀肉狠狠绷紧，脚趾蜷曲，小腹一阵阵抽搐，她只得死死掐住掌心才没让身体的痉挛显露出来。\n意识渐渐蒙上一层白雾，肠液可观地从穴口溢流，旁边的人狐疑地瞥来目光，却始终没能看穿这份藏在平静表面下的淫荡。
2159,action_part_a_orgasm_normal_A,0,hidden_sex_mode_1&place_someone_not_in_hidden_and_conscious,{TargetName}强忍着面上的平静，后穴深处却轰然炸开一场典型而完整的绝顶高潮。\n{anal}剧烈而有节律地痉挛紧缩着，腰背不由自主地反弓，双腿抖得几乎站立不稳，急促的鼻息只能一点点从齿缝间泄出。\n她的思绪开始发飘发晕，量多的肠液沿着腿根缓缓爬落，周围的人虽隐约觉得气氛怪异，却谁也没有确凿的证据，这份险些败露的刺激让绝顶的余韵久久不散。

2160,action_part_a_orgasm_normal_A,0,hidden_sex_mode_2&place_someone_not_in_hidden_and_conscious,{Name}站在明处与周围的人若无其事地寒暄，藏在暗处的{TargetName}却在此刻被完整的绝顶狠狠贯穿。\n{anal}猛地痉挛收缩，快感如海浪般席卷全身，她死死捂住嘴巴，腰肢剧烈弓起又颤抖着塌下，肠液顺着股缝明显地淌落。\n意识开始模糊的她拼命蜷缩身体不敢发出半点声音，周围的人只隐约觉得{Name}的神情有一瞬间的僵硬。
2161,action_part_a_orgasm_normal_A,0,hidden_sex_mode_2&place_someone_not_in_hidden_and_conscious,躲在遮蔽处的{TargetName}终于迎来了一次货真价实的肛门绝顶，{anal}强烈而有节奏地抽搐痉挛，小腹一阵阵剧烈收紧。\n她咬紧嘴唇把淫荡的呻吟全数吞回喉咙，四肢绷得笔直不住颤抖，比先前更多的肠液从翕张的穴口涌出。\n{Name}则神色如常地站在众人视线里应对着，只有他知道暗处那具身体正被完整的高潮浪潮反复冲刷。
2162,action_part_a_orgasm_normal_A,0,hidden_sex_mode_2&place_someone_not_in_hidden_and_conscious,完整而典型的后穴高潮在藏身暗处的{TargetName}体内炸开，{anal}一波接一波地剧烈痉挛，绞紧又松开。\n她的腰肢明显弓起，大腿根部疯狂打颤，呼吸急促失序，只能用手背狠狠抵住嘴不让浪叫泄出去。\n温热的肠液较明显地流出，濡湿了股间，意识开始发白发晕。\n而暴露在外的{Name}还在与旁人平静周旋，没有人察觉到近在咫尺的淫靡秘密。
2163,action_part_a_orgasm_normal_A,0,hidden_sex_mode_2&place_someone_not_in_hidden_and_conscious,快感在后穴深处轰然决堤，隐匿着的{TargetName}被这次正常强度的绝顶冲得眼前发花，{anal}止不住地强烈收缩痉挛，将高潮的节奏一下下诚实地传递出来。\n她慌乱地绷紧全身，脚趾蜷缩，腰腹反复抽搐，肠液一股股淌下，意识渐渐蒙上一层白雾。\n近旁有人来来往往，{Name}装作若无其事地站在明处，她只能拼死压抑着颤抖，不敢泄露一丝气音。
2164,action_part_a_orgasm_normal_A,0,hidden_sex_mode_2&place_someone_not_in_hidden_and_conscious,{TargetName}蜷在别人看不见的角落里彻底绝顶了，这是一次该有的反应一样不少的完整肛门高潮。\n{anal}剧烈地痉挛绞缩，腰肢高高弓起又瘫软，四肢不受控制地颤抖，比小峰值多得多的肠液顺着腿根蜿蜒而下。\n她死命捂着嘴，让淫乱的喘息全闷在掌心里，意识开始模糊却还残存着不能被发现的恐慌。\n明处的{Name}依旧从容自若，周围人至多只觉得气氛里有些说不出的异样。
2165,action_part_a_orgasm_normal_A,0,CVP_A2_T|104_E_1&high_1,一股完整而汹涌的绝顶快感自后穴深处炸开，{TargetName}青春紧实的腰肢猛地弓起，{anal}剧烈而有节奏地痉挛收缩着，把这场货真价实的肛肠绝顶展露无遗。\n少女富有弹性的双腿绷得笔直，小腹一阵阵抽搐，肠液顺着穴口明显地淌了出来，稚气未脱的脸上潮红一片，呼吸急促失序，意识开始被这浪潮般的快感搅得模糊起来。
2166,action_part_a_orgasm_normal_A,0,CVP_A2_T|104_E_1&high_1,后庭积攒的快感终于冲上顶点，{TargetName}那具刚成年的娇躯猛然绷紧，{anal}强烈地一波波收拢挛缩，将一次标准而完整的绝顶高潮尽数呈现。\n少女光滑细腻的肌肤沁出薄汗，腰背明显反弓，四肢止不住地颤抖，肠液从翕张的穴口涌流而出，青涩的眉眼间满是羞耻与迷醉交织的神色，清亮的眼神渐渐涣散朦胧。
2167,action_part_a_orgasm_normal_A,0,CVP_A2_T|104_E_1&high_1,菊穴深处的酥麻骤然汇成一股完整的绝顶洪流，席卷了{TargetName}整具青春洋溢的身体。\n{anal}猛烈地痉挛紧缩，一下一下咬得又急又密，少女柔韧的腰肢高高拱起又颤颤落下，紧实的大腿根部不住哆嗦，小腹反复起伏抽动，温热的肠液被挤压着流淌出来。\n她朝气蓬勃的脸庞烧得通红，细碎的喘息乱作一团，神志在快感浪潮里开始发晕打转。
2168,action_part_a_orgasm_normal_A,0,CVP_A2_T|104_E_1&high_1,伴随一声拔高的娇吟，{TargetName}稚嫩紧致的后穴迎来了一次不折不扣的正式绝顶，{anal}发狠似地连环挛缩，绞紧又松开，淫靡的节奏清晰可辨。\n少女富有活力的身躯剧烈战栗，脚趾用力蜷起，腰肢弓成好看的弧线，穴口挤出的肠液把股缝濡湿了一片。\n她青涩的意识被完整的高潮浪头拍得七零八落，只剩下本能的颤抖与迷乱。
2169,action_part_a_orgasm_normal_A,0,CVP_A2_T|104_E_1&high_1,肛肠里翻涌的快感终于决堤，一次强度十足的绝顶在{TargetName}年轻的体内轰然绽放。\n{anal}不受控制地规律痉挛，层层肠肉收缩绞动，肠液可观地渗涌而出，顺着嫩缝缓缓下滑。\n少女弹嫩的身子绷成一张弓，双腿抖得几乎并不拢，青春靓丽的脸上又羞又爽的表情再也藏不住，急促的鼻息夹着甜腻呜咽，清纯的思绪被冲得模糊涣散。

2170,action_part_a_orgasm_normal_A,0,hidden_sex_mode_3&place_someone_not_in_hidden_and_conscious,一股完整的绝顶快感自后穴深处轰然炸开，{TargetName}的{anal}猛地痉挛收缩，腰肢不受控制地一挺，肠液顺着穴口明显地淌了出来。\n她死死咬住下唇拼命装作若无其事，可泛红的脸颊和急促的呼吸还是引来了旁人疑惑的目光，而藏身在暗处的{Name}屏住呼吸，一动也不敢动。
2171,action_part_a_orgasm_normal_A,0,hidden_sex_mode_3&place_someone_not_in_hidden_and_conscious,{TargetName}的{anal}骤然剧烈地抽搐痉挛起来，标准而完整的肛门绝顶让她的小腹一阵阵抽动，四肢瞬间绷得笔直，肠液止不住地涌出。\n她只能强撑着继续与身旁的人虚与委蛇，指尖却在微微发颤，周围的人似乎察觉到了她的异样，躲藏起来的{Name}紧贴着遮蔽物大气都不敢出。
2172,action_part_a_orgasm_normal_A,0,hidden_sex_mode_3&place_someone_not_in_hidden_and_conscious,后穴里积攒的快感终于冲破临界，{TargetName}迎来了一次不折不扣的肛肠绝顶，{anal}有节奏地强烈痉挛，温热的肠液较明显地流出，腰部不由自主地弓起又落下。\n意识开始发昏的她仍要在众目睽睽下佯装镇定，额角渗出的细汗惹得旁人侧目，暗处的{Name}只能拼命压低自己的存在感。
2173,action_part_a_orgasm_normal_A,0,hidden_sex_mode_3&place_someone_not_in_hidden_and_conscious,完整的绝顶浪潮如海啸般席卷了{TargetName}的全身，{anal}一阵阵猛烈收缩绞紧，双腿控制不住地打颤，肠液从菊穴里汩汩渗出沾湿了臀缝。\n她慌乱地用咳嗽掩饰喉咙里几乎要泄出的呻吟，周围人纷纷投来关切的视线，而隐匿着的{Name}紧张得心脏都快跳出胸口。
2174,action_part_a_orgasm_normal_A,0,hidden_sex_mode_3&place_someone_not_in_hidden_and_conscious,{TargetName}的肛门深处轰然绽开一记正常而彻底的绝顶，{anal}痉挛着一波波地绞缩，臀肉绷紧颤抖，肠液顺着腿根悄悄流下，意识也被冲得开始模糊。\n她拼死绷住表情假装一切照旧，泛潮的眼眶却怎么也藏不住，旁人狐疑的视线扫来时，暗中的{Name}冷汗涔涔地把身子缩得更紧。
2175,action_part_a_orgasm_normal_A,0,hidden_sex_mode_4&place_someone_not_in_hidden_and_conscious,躲在遮蔽物后的{TargetName}猛地绷紧全身，{anal}骤然剧烈痉挛收缩，一波完整而汹涌的绝顶快感从后穴深处炸开席卷全身。\n她死死咬住嘴唇不让淫叫泄出，腰肢却止不住地深深弓起，四肢发狠地颤抖，肠液顺着穴口明显地淌落。\n不远处传来其他人疑惑的动静，她只能在意识渐渐模糊中拼命压抑着抽搐的身体。
2176,action_part_a_orgasm_normal_A,0,hidden_sex_mode_4&place_someone_not_in_hidden_and_conscious,{anal}猛烈地一阵阵绞缩痉挛，标准强度的肛肠绝顶轰然贯穿{TargetName}的全身，小腹反复抽搐，双腿绷得笔直乱颤。\n藏身暗处的二人不敢发出半点声响，她只能把脸埋进{Name}的肩头闷住呻吟，任由较多的肠液从后穴涌出。\n外面似乎有人察觉到异样般停下了脚步，她的意识在快感与紧张中开始发晕迷乱。
2177,action_part_a_orgasm_normal_A,0,hidden_sex_mode_4&place_someone_not_in_hidden_and_conscious,一股正常而完整的绝顶浪潮自{TargetName}的{anal}深处翻涌而上，菊穴有节奏地猛烈收紧痉挛，肠液大股地渗流而出。\n躲藏起来的她拼死捂住自己的嘴，呼吸急促失序，腰臀却诚实地剧烈耸动痉挛，脚趾用力蜷起。\n附近其他人似乎对空气里的异样有所反应，她与{Name}屏息贴紧彼此，在压抑中被快感的海浪冲得意识发白。
2178,action_part_a_orgasm_normal_A,0,hidden_sex_mode_4&place_someone_not_in_hidden_and_conscious,{TargetName}的{anal}忽然发狂似地连续痉挛绞紧，一次绝顶该有的所有淫荡反应尽数涌现，腰肢高高弓起又猛地发软，全身肌肉绷紧抽搐。\n可这里还有旁人在场，藏在死角里的她只能咬紧牙关，与{Name}一同僵住身体压下颤抖，肠液却不听话地从翕张的穴口滴淌下来。\n听着外头传来的细碎响动，她涣散的脑袋愈发混沌。
2179,action_part_a_orgasm_normal_A,0,hidden_sex_mode_4&place_someone_not_in_hidden_and_conscious,完整的肛肠绝顶如浪头般砸中{TargetName}，{anal}猛烈痉挛着一缩一缩地绞动，明显多量的肠液自后穴汩汩淌出，濡湿了大腿根。\n身处隐蔽处的她浑身剧颤，指尖死死抠住{Name}的手臂，急促的鼻息全数憋在胸腔里不敢吐出。\n周围其他人像是隐约察觉了什么般张望着，她在提心吊胆与灭顶快感的夹击下意识渐渐模糊。

2180,action_part_a_orgasm_normal_A,0,exhibitionism_sex_mode_1,后穴深处积攒的快感终于如海浪般轰然炸开，{TargetName}的{anal}猛地强烈痉挛收缩，腰肢高高弓起后剧烈打颤，四肢绷紧抽搐。\n明明知道此刻无人，可那扇未上锁的门却让羞耻感与绝顶快感搅在一起，意识开始发晕模糊，滑腻的肠液顺着痉挛的穴口明显地淌落下来。
2181,action_part_a_orgasm_normal_A,0,exhibitionism_sex_mode_1,{TargetName}的{anal}骤然爆发出完整而剧烈的绝顶，菊穴一波波强力绞缩痉挛，小腹反复抽搐，双腿颤抖得几乎站立不稳。\n透明的窗户外随时可能有人影经过，被人撞见自己用屁眼高潮的恐惧反而将快感推得更高，呼吸急促失序，神志逐渐染上一层朦胧，温热的肠液不受控制地流溢出来。
2182,action_part_a_orgasm_normal_A,0,exhibitionism_sex_mode_1,一股标准而完整的绝顶浪潮从尾椎直冲脑髓，{TargetName}的{anal}发狂似的有节奏痉挛，腰部深深弓起，脚趾死死蜷缩，浑身肌肉绷紧战栗。\n无人的室内空旷得可怕，任何脚步声都可能带来目击者，这份紧张让肛门绝顶的淫靡感翻倍，意识开始涣散发白，穴口挤出的肠液将臀缝浸得湿滑黏腻。
2183,action_part_a_orgasm_normal_A,0,exhibitionism_sex_mode_1,{TargetName}咬紧嘴唇也压不住身体的剧变，{anal}猛烈收拢绞紧，一阵阵完整的绝顶痉挛贯穿全身，臀肉绷紧颤动，膝盖发软打战。\n门没有上锁，谁都可能突然推门进来，正是这种被看光的危机感让肛门高潮来得格外汹涌，脑海渐渐蒙上雾气，明显增多的肠液从抽搐的穴口缓缓涌出。
2184,action_part_a_orgasm_normal_A,0,exhibitionism_sex_mode_1,毫无遮掩的室内里，{TargetName}迎来了一次不折不扣的肛肠绝顶，{anal}剧烈地反复痉挛紧缩，小腹连连抽动，腰身弓起又瘫软，指尖无助地抓紧。\n虽然暂时无人，可敞开的视野让她觉得自己淫乱的模样随时会被尽收眼底，羞耻与快感交织着冲刷神智，意识微微模糊，温热滑腻的肠液顺着穴缝不断渗淌。

2185,action_part_a_orgasm_normal_A,0,exhibitionism_sex_mode_2,开阔的室外空地上，{TargetName}赤裸的身体骤然剧烈绷紧，{anal}猛地开始有节奏地强烈痉挛收缩，一次完整而正常强度的肛肠绝顶轰然袭来。\n微风拂过裸露的肌肤，腰肢明显弓起，四肢止不住地颤抖，肠液顺着后穴较明显地淌落，在无人却随时可能有人路过的露天环境里，她的意识开始模糊，呼吸急促而失序。
2186,action_part_a_orgasm_normal_A,0,exhibitionism_sex_mode_2,后穴涌起的快感如海浪般席卷全身，{TargetName}在空旷的户外迎来了一次货真价实的肛肠高潮，{anal}强烈地一阵阵抽紧痉挛，小腹反复抽搐。\n开放的天空下无遮无拦，远处隐约的动静让羞耻感成倍放大，她的腰高高拱起又瘫软，大腿根部剧烈打颤，比平时更多的肠液缓缓溢出，淫靡的反应在露天里暴露无遗。
2187,action_part_a_orgasm_normal_A,0,exhibitionism_sex_mode_2,{TargetName}的菊穴深处骤然炸开完整的绝顶快感，{anal}不受意志控制地反复痉挛紧缩，标准强度的肛肠高潮让她整个人在户外的开阔空间里淫乱地痉挛起来。\n裸身暴露在自然的风里，随时会被路人撞见的恐惧混着背德的兴奋，令四肢绷紧颤抖，肠液较明显地从翕张的穴口渗流而下，意识渐渐蒙上一层白雾。
2188,action_part_a_orgasm_normal_A,0,exhibitionism_sex_mode_2,室外无人的开阔角落里，一股正常而完整的绝顶浪潮自后穴轰然扩散，{TargetName}仰起脖颈，{anal}剧烈而有节奏地收缩痉挛着，将高潮该有的一切典型反应尽数展现。\n腰肢深深弓起，脚趾用力蜷缩，小腹一下下抽动，肠液顺着股缝淌出，风声与远处偶然传来的脚步声让她在快感与羞耻的双重冲击下浑身战栗。
2189,action_part_a_orgasm_normal_A,0,exhibitionism_sex_mode_2,天光下毫无遮掩的露天环境中，{TargetName}的肛肠终于攀上了一次完整强度的绝顶，{anal}猛烈地痉挛咬缩，快感的热浪一波波冲刷着全身每一寸裸露的肌肤。\n她的表情淫荡地扭曲，双腿抖得几乎站不稳，肠液比小高潮时更多地涌流出来，开放空间里可能被人目击的紧张感反而将这份绝顶推得更深，意识开始发飘。
2190,action_part_a_orgasm_normal_A,0,exhibitionism_sex_mode_3,在众人清醒的注视下，{TargetName}的{anal}猛然爆发出一波完整而强烈的绝顶，后穴有节奏地剧烈痉挛收缩，腰肢高高弓起，四肢绷紧颤抖。\n被无数视线钉在原地公开高潮的极度羞耻感与背德的兴奋交织翻涌，让她涨红着脸在人前失态地抽搐，肠液顺着穴口明显地淌落下来，呼吸急促得完全乱了套。
2191,action_part_a_orgasm_normal_A,0,exhibitionism_sex_mode_3,快感如海浪般从后穴深处席卷全身，{TargetName}在旁观者们的众目睽睽之中迎来了一次正常强度的肛肠绝顶，{anal}一阵阵猛烈收拢绞紧，小腹反复抽搐。\n明知道自己淫乱绝顶的丑态正被所有人尽收眼底，那股火烧般的羞耻反而将高潮推得更深，她意识开始发昏，双腿打颤，肠液被挤出湿了一片。
2192,action_part_a_orgasm_normal_A,0,exhibitionism_sex_mode_3,{TargetName}的{anal}骤然发出剧烈而规律的痉挛，一次货真价实的绝顶在光天化日的围观下轰然炸开，腰背弯成弓形，脚趾狠狠蜷缩，全身肌肉阵阵绷紧。\n在他人视线的包围中公然被后穴的快感冲上顶点，这份背德感让她脑子发晕，潮红蔓延到耳根，较多的肠液从翕张的穴口涌出。
2193,action_part_a_orgasm_normal_A,0,exhibitionism_sex_mode_3,在场所有人的目光都聚焦在{TargetName}身上，她却在这样的公开场合被后穴的绝顶彻底攻陷，{anal}不停歇地强烈收缩痉挛，浑身战栗着弓起腰肢。\n被人看着用屁股高潮的下流事实令羞耻烧遍全身，可正是这份暴露的背德让快感加倍凶猛，她眼神迷蒙，肠液沿着大腿根缓缓流淌。
2194,action_part_a_orgasm_normal_A,0,exhibitionism_sex_mode_3,一股完整的绝顶浪潮自肠道深处炸裂开来，{TargetName}当众发出难耐的呜咽鼻音，{anal}猛烈地一缩一缩绞动着，臀肉绷紧颤抖，小腹连连抽动。\n她清楚地感觉到周围人的视线正舔舐着自己高潮的痴态，极度的羞耻与被观赏的兴奋令意识渐渐模糊，穴口挤出的肠液把股缝浸得湿黏一片。

2195,action_part_a_orgasm_normal_A,0,exhibitionism_sex_mode_4,一股完整的绝顶浪潮猛地贯穿了{TargetName}的后穴，{anal}剧烈而有节奏地痉挛收缩，腰肢高高弓起，四肢绷紧颤抖。\n周围横陈着毫无意识的人们，她拼命咬住嘴唇压抑呻吟，生怕有谁忽然睁眼。\n可越是紧张，肛门绝顶的快感就越发汹涌，肠液顺着痉挛的穴口明显地淌落，在众人面前失守的背德感让这次高潮格外淫靡。
2196,action_part_a_orgasm_normal_A,0,exhibitionism_sex_mode_4,{TargetName}的身体骤然绷成一张弓，{anal}不受控制地阵阵抽紧，标准而完整的肛肠绝顶如海浪般席卷全身，小腹反复抽搐，意识开始泛起模糊的白雾。\n近在咫尺的无意识者们静静躺着，她只能死死捂住嘴，任由压抑不住的鼻息细碎漏出。\n随时可能有人醒来看见她菊穴绝顶丑态的危机感，反而把快感推得更深，温热的肠液沿着股缝缓缓流下。
2197,action_part_a_orgasm_normal_A,0,exhibitionism_sex_mode_4,后穴深处积攒的快感终于冲破堤坝，{TargetName}迎来了一次货真价实的肛门绝顶，{anal}贪婪地连续痉挛，腰部明显弓起又落下，双腿抖得几乎站不稳。\n她慌乱地环顾四周那些失去意识的身影，呼吸急促失序却不敢发出半点声音。\n在这么多人面前用屁眼高潮的羞耻认知烙进脑海，肠液被挤压着从收缩的穴口溢出，淫猥地濡湿了腿根。
2198,action_part_a_orgasm_normal_A,0,exhibitionism_sex_mode_4,一阵无法抗拒的酥麻从直肠深处炸开，{TargetName}整个人剧烈地痉挛起来，{anal}一波接一波地强烈收缩，绝顶该有的反应尽数涌现，脚趾蜷缩，眼角泛起生理性的泪光。\n身旁那些沉入无意识的人们毫无反应，可他们的存在本身就是最淫靡的观众。\n她一边颤抖着承受菊穴绝顶，一边被这份人前失态的背德快感烧得意识发昏，肠液不受控地涌出穴口。
2199,action_part_a_orgasm_normal_A,0,exhibitionism_sex_mode_4,{TargetName}的菊穴猛然迎来完整强度的绝顶，{anal}发狂似地规律痉挛，臀肉绷紧震颤，腰肢淫荡地反复起伏，急促的喘息在齿间被硬生生掐碎。\n周围横七竖八的无意识者近得仿佛一伸手就能碰到，她的心脏因恐惧与兴奋一同狂跳。\n就是这种可能被撞见的紧张感把肛门高潮催得更加猛烈，量足的肠液顺着抽搐的穴口淌下，把这场人前绝顶衬得下流至极。

2200,action_part_a_orgasm_normal_A,0,t_imprisonment_1&CVP_A2_G_E_0,被囚在监牢中的{TargetName}猛然全身绷紧，{anal}不受控制地强烈痉挛收缩，一股完整而汹涌的绝顶快感如浪潮般席卷她的全身。\n她拼命想压住身体的反应，腰却背叛般高高弓起，四肢在束缚中剧烈颤抖，肠液顺着痉挛的穴口明显淌出。\n意识开始模糊，她只能带着屈辱与茫然，任由这具陌生的快感将自己吞没。
2201,action_part_a_orgasm_normal_A,0,t_imprisonment_1&CVP_A2_G_E_0,{TargetName}惊恐地摇着头，可{anal}还是迎来了一次货真价实的绝顶，一波接一波的痉挛从后穴深处炸开，甜美的电流窜遍四肢百骸。\n她的小腹反复抽搐，被束缚的双腿绷得笔直又痛苦地打颤，肠液不受控制地从翕张的菊穴里流淌而下。\n不明白身体为何会向陌生人臣服，泪水混着潮红爬满她逐渐涣散的脸。
2202,action_part_a_orgasm_normal_A,0,t_imprisonment_1&CVP_A2_G_E_0,冰冷监牢里响起压抑不住的浪音，{TargetName}的{anal}骤然强烈收缩痉挛，标准而完整的肛肠绝顶将她整个人掀上快感的顶峰。\n她挣扎着想逃离这股淫靡的浪潮，锁链却纹丝不动，腰肢违背意志地反复弓起摆动，呼吸急促失序。\n温热的肠液比先前更多地涌出，屈辱与恐惧在她开始模糊的意识里被快感冲得七零八落。
2203,action_part_a_orgasm_normal_A,0,t_imprisonment_1&CVP_A2_G_E_0,在{SceneName}里，被拘束的{TargetName}终于被逼上了绝顶，{anal}有节奏地剧烈痉挛，如同活物般一下下强烈吮缩着。\n汹涌的快感浪头一层层拍碎她的抵抗，她的四肢死死绷紧又剧烈发颤，脚趾蜷曲，肠液顺着股缝明显地流落。\n对着陌生的{Name}绝顶的事实令她崩溃，可模糊的意识里只剩下后穴传来的甘美余韵。
2204,action_part_a_orgasm_normal_A,0,t_imprisonment_1&CVP_A2_G_E_0,{TargetName}的反抗在这一刻彻底破碎，{anal}猛烈地痉挛紧缩，一场强度十足的完整绝顶贯穿了她被囚禁的身体。\n她的背脊高高弹起又重重落下，小腹一阵阵抽动，被缚的双手徒劳地攥紧，喉咙里溢出破碎的呜咽。\n翕动的后穴淌出一股股温热肠液，她茫然又愤怒地承受着，不懂这具身体为何如此淫贱地绝顶了。
2205,action_part_a_orgasm_normal_A,0,t_imprisonment_1&CVP_A2_G_GE_1&CVP_A2_G_LE_2,被囚禁在监牢中的{TargetName}身体猛地一绷，{anal}骤然爆发出强烈而有节奏的痉挛收缩，一次完整的绝顶高潮如海浪般席卷了她的全身。\n她的腰肢明显弓起，四肢止不住地颤抖，小腹一阵阵抽搐，肠液顺着{anal}明显地淌了出来。\n意识开始模糊的她泪眼朦胧地望向{Name}，明明是喜欢的人，却让自己在牢笼里用屁眼绝顶了，破碎的哭腔里混杂着淫荡的娇喘。
2206,action_part_a_orgasm_normal_A,0,t_imprisonment_1&CVP_A2_G_GE_1&CVP_A2_G_LE_2,牢房里的{TargetName}猛然仰起脖颈，{anal}剧烈地一缩一缩痉挛起来，正常强度的肛肠绝顶毫不留情地贯穿了她被监禁的身体。\n急促失序的呼吸中，她的腰部高高绷起又颤颤落下，大腿根部抽搐着痉挛，较多的肠液从{anal}里被挤了出来。\n她既困惑又伤心，不明白心上人为何要囚禁自己，可后穴传来的完整快感却让意识渐渐模糊，只能呜咽着承受这波高潮。
2207,action_part_a_orgasm_normal_A,0,t_imprisonment_1&CVP_A2_G_GE_1&CVP_A2_G_LE_2,一股完整的绝顶快感自后穴深处炸开，被关押的{TargetName}浑身剧烈战栗，{anal}强烈而规律地痉挛咬缩，腰肢深深弓起，脚趾用力蜷起，小腹不停抽动。\n温热的肠液可观地从{anal}中溢流而下，沾湿了她颤抖的腿根。\n她在监牢中一边淫乱地绝顶一边落泪，对{Name}的爱慕与被迫承欢的痛苦交织在一起，让这次典型而剧烈的肛肠高潮染上了背德的甜美。
2208,action_part_a_orgasm_normal_A,0,t_imprisonment_1&CVP_A2_G_GE_1&CVP_A2_G_LE_2,{TargetName}被禁锢的身体骤然痉挛，{anal}发疯似的规律收缩着，一次不折不扣的标准绝顶让她在牢笼中淫靡地弓起了腰。\n四肢绷紧颤动，臀肉抖个不停，肠液明显地从{anal}涌出滑落。\n渐渐模糊的意识里，她仍在无声质问为什么喜欢的博士要这样对她，然而肉体的诚实反应早已盖过了心底的挣扎，只剩下断断续续的浪叫在监牢里回荡。
2209,action_part_a_orgasm_normal_A,0,t_imprisonment_1&CVP_A2_G_GE_1&CVP_A2_G_LE_2,伴随一阵完整而汹涌的快感浪潮，被监禁的{TargetName}发出拔高的娇吟，{anal}猛烈地阵阵痉挛紧缩，腰背反复弓起，双腿抽搐着夹紧又无力张开。\n肠液顺着抽动的{anal}被明显地挤压出来，淫靡地淌下。\n意识开始涣散的她泪水与潮红交织，既渴望靠近{Name}又为这被迫的肛门绝顶而心碎，在挣扎与顺从之间被高潮彻底淹没。

2210,action_part_a_orgasm_normal_A,0,t_imprisonment_1&CVP_A2_G_GE_3&CVP_A2_G_LE_4,被囚在监牢中的{TargetName}忽然全身猛地绷紧，{anal}剧烈而有节奏地痉挛收缩起来，一次完整而饱满的绝顶高潮如海浪般席卷了她的全身。\n她的腰肢高高弓起，被锁链束缚的四肢止不住地颤抖，肠液顺着后穴明显地淌落下来。\n意识开始变得模糊，可她望向爱人的眼神里却盛满幸福，甘愿在囚笼中将淫荡绝顶的模样全部奉献给心爱的人。
2211,action_part_a_orgasm_normal_A,0,t_imprisonment_1&CVP_A2_G_GE_3&CVP_A2_G_LE_4,一股标准强度的绝顶快感自后穴深处轰然炸开，{TargetName}的{anal}发出强烈而绵密的痉挛紧缩，小腹反复抽搐，双腿绷得笔直地打着颤。\n呼吸急促失序的她在监牢里毫不掩饰地迎接这场完整的肛门高潮，肠液一股股地涌出湿透了臀缝。\n她的神志渐渐涣散，却仍痴痴地想着，能被恋人在囚室里弄到绝顶，正是两人之间最特别的情趣。
2212,action_part_a_orgasm_normal_A,0,t_imprisonment_1&CVP_A2_G_GE_3&CVP_A2_G_LE_4,{TargetName}被监禁的身体骤然弓成一张弯弓，{anal}猛烈地翕张痉挛着，完整的绝顶浪潮一波接一波冲刷过四肢百骸，令她的腰臀不受控制地剧烈耸动。\n较多的肠液自不断收缩的穴口涌淌而出，顺着颤抖的大腿根滑落。\n意识开始朦胧的她攀着囚室的栏杆娇喘连连，心中却满是甜蜜，即使身在牢笼，只要是爱人给予的高潮，她便甘之如饴地全盘接受。
2213,action_part_a_orgasm_normal_A,0,t_imprisonment_1&CVP_A2_G_GE_3&CVP_A2_G_LE_4,后穴里积攒足够的快感终于冲破堤坝，{TargetName}发出一声甜腻的呜咽，{anal}开始强烈而规律地痉挛收缩，绝顶的电流窜遍全身，让这具被囚禁的娇躯剧烈痉挛颤栗。\n她的脚趾狠狠蜷起，小腹一阵阵地抽动，温热的肠液明显地自穴口渗涌而出。\n渐渐模糊的意识里只剩下对爱人的依恋，被囚于此反而让她觉得自己是被深爱着独占的幸福俘虏。
2214,action_part_a_orgasm_normal_A,0,t_imprisonment_1&CVP_A2_G_GE_3&CVP_A2_G_LE_4,监牢中的{TargetName}猛地仰起头，一次货真价实的肛肠绝顶将她彻底吞没，{anal}不住地痉挛紧缩，浑身肌肉绷紧又松弛地反复抽搐，丰盈的臀肉淫荡地颤动着。\n肠液沿着痉挛的菊穴口一缕缕流下，在腿间拉出淫靡的痕迹。\n她的思绪逐渐飘忽，却依旧信任地将高潮中最不堪的姿态展露给恋人，把这场囚禁中的绝顶当作爱的证明来品味。

2215,action_part_a_orgasm_normal_A,0,t_imprisonment_1&CVP_A2_G_GE_-2&CVP_A2_G_LE_-1,被囚禁在牢房中的{TargetName}身体猛地绷紧，{anal}剧烈而有节奏地痉挛收缩，一波完整的绝顶快感如海浪般席卷了她麻木的身躯。\n她咬着嘴唇不愿发出声音，腰肢却诚实地高高弓起，四肢止不住地颤抖，肠液顺着{anal}明显地淌落下来。\n早已认命的她只能任由这场后穴高潮冲刷着自己，空洞的眼神也开始变得模糊涣散。
2216,action_part_a_orgasm_normal_A,0,t_imprisonment_1&CVP_A2_G_GE_-2&CVP_A2_G_LE_-1,已经屈服于囚禁生活的{TargetName}忽然浑身一震，{anal}猛烈地抽搐痉挛起来，标准而完整的肛门绝顶将她整个人淹没。\n小腹反复抽动，双腿绷得笔直不住打颤，呼吸急促而失序，肠液从收缩的{anal}中被挤压着流出。\n她麻木地承受着这份被支配的快感，意识渐渐开始模糊，只剩身体在无声地剧烈痉挛。
2217,action_part_a_orgasm_normal_A,0,t_imprisonment_1&CVP_A2_G_GE_-2&CVP_A2_G_LE_-1,牢房里的{TargetName}腰身骤然弓起，{anal}一阵阵强烈地收缩绞紧，正常强度的后穴绝顶让这具被驯服的身体彻底失守。\n她想维持着消极麻木的姿态，可四肢却背叛般地痉挛颤抖，肠液不受控制地从{anal}里溢出，浸湿了臀缝。\n意识被快感冲得开始发昏，被囚禁的自尊在高潮面前碎得一干二净。
2218,action_part_a_orgasm_normal_A,0,t_imprisonment_1&CVP_A2_G_GE_-2&CVP_A2_G_LE_-1,一股完整的绝顶浪潮从后穴深处炸开，被监禁的{TargetName}闷哼一声，{anal}剧烈地痉挛蠕动，将这次标准的肛门高潮尽数展现。\n她早已放弃反抗，只是默默承受，腰部却明显地弓起又落下，大腿根部抽搐着夹紧，温热的肠液沿着{anal}缓缓流淌。\n泛红的脸上写满屈从，涣散的眸子里透出被迫沉溺的迷乱。
2219,action_part_a_orgasm_normal_A,0,t_imprisonment_1&CVP_A2_G_GE_-2&CVP_A2_G_LE_-1,{TargetName}那具早已被驯得顺从的身体在监牢中猛然痉挛，{anal}强烈而规律地收缩着，一次不折不扣的后穴绝顶席卷全身。\n小腹一阵阵抽动，脚趾用力蜷缩，她死死咬住下唇却仍泄出压抑的鼻音，肠液被绞动的{anal}挤出，淌落在颤抖的腿间。\n她麻木地想着这只是服从命令，意识却已被快感搅得一片朦胧。
2220,action_part_a_orgasm_normal_A,0,CVP_A2_T|105_E_1&high_1,一股完整而汹涌的绝顶快感从后穴深处炸开，{TargetName}成熟丰腴的身躯猛地绷紧，{anal}强烈而有节奏地痉挛收缩着，腰肢明显弓起，修长的双腿止不住地颤抖。\n她想维持大姐姐的从容，却在这波正常强度的肛肠绝顶面前彻底破功，脸上成熟与青涩交织的表情染满潮红，呼吸急促失序，{anal}里还有肠液较明显地淌落出来。
2221,action_part_a_orgasm_normal_A,0,CVP_A2_T|105_E_1&high_1,{anal}骤然爆发出剧烈而规律的痉挛，一次货真价实的肛门绝顶席卷了{TargetName}丰满成熟的胴体。\n她的小腹反复抽搐，四肢绷紧又颤栗，丰润的腰线深深上弓，意识开始泛起模糊的白雾却尚未被冲垮。\n那副想装作见惯风浪却又羞得不知所措的青涩神情，正随着{anal}中流出的肠液一起，将这场淫靡的高潮暴露无遗。
2222,action_part_a_orgasm_normal_A,0,CVP_A2_T|105_E_1&high_1,后穴积攒的快感终于抵达顶点，{TargetName}发出压抑不住的甜腻呻吟，{anal}不受意志控制地一阵阵猛烈收拢咬紧，如浪潮般的绝顶快感层层拍打着她成熟的身体。\n丰腴的臀肉不住痉挛颤动，大腿根部剧烈发颤，温热的肠液顺着穴口淌出。\n她努力摆出的成熟姿态被这次完整的肛肠绝顶冲得七零八落，只剩满脸失神的潮红。
2223,action_part_a_orgasm_normal_A,0,CVP_A2_T|105_E_1&high_1,一波不折不扣的绝顶高潮贯穿了{TargetName}的后穴，{anal}疯狂地反复紧缩痉挛，成熟饱满的身躯像触电般弓起又瘫软，脚趾狠狠蜷缩，呼吸乱成一团。\n这位平日可靠的大姐姐此刻意识开始发飘，眼神迷离地涣散着，却还残留一丝清明让她为自己菊穴绝顶的淫态感到羞耻，肠液从{anal}里被挤压着溢出，濡湿了臀缝。
2224,action_part_a_orgasm_normal_A,0,CVP_A2_T|105_E_1&high_1,肛门深处的快感如决堤般倾泻而出，{TargetName}丰熟的娇躯剧烈一挺，{anal}以完整绝顶特有的力道疯狂搏动收缩，腰肢高高弓起后不住抽动，圆润的双臀夹紧又松开地痉挛着。\n她那介于成熟与青涩之间的脸庞彻底绯红，想咬唇忍耐却漏出淫乱的鼻音，被挤出的肠液沿着{anal}缓缓流下，昭示着这场标准而彻底的肛肠绝顶。

2225,action_part_a_orgasm_normal_A,0,t_imprisonment_1&CVP_A2_G_GE_-4&CVP_A2_G_LE_-3,{TargetName}被囚禁的身体在{SceneName}中猛地绷成一张满弓，{anal}疯狂而有节奏地痉挛收缩着，一次比一次绞得更紧。\n完整的绝顶浪潮如海啸般席卷全身，小腹一下下抽搐，四肢绷直又剧烈发颤，肠液顺着股缝明显地淌落下来。\n她眼里满是对主人的崇拜与狂喜，甘为肉便器的贱躯在这份恩赐中彻底沦陷，呼吸急促失序地喘着，却还未到被完全冲垮的地步。
2226,action_part_a_orgasm_normal_A,0,t_imprisonment_1&CVP_A2_G_GE_-4&CVP_A2_G_LE_-3,如同得到赏赐的母畜一般，{TargetName}在监牢里浑身战栗着抵达了完整的绝顶，{anal}强烈地一缩一放，将那股汹涌的快感一波波吞吐出来。\n腰肢高高弓起，脚趾死死蜷紧，大腿内侧连绵地抽搐个不停，较为明显的肠液缓缓溢流而出。\n意识开始变得朦胧模糊，可她仍本能地扭动着屁股讨好主人，脸上尽是被宠幸后的感激与陶醉。
2227,action_part_a_orgasm_normal_A,0,t_imprisonment_1&CVP_A2_G_GE_-4&CVP_A2_G_LE_-3,快感在被监禁的{TargetName}体内彻底炸开，{anal}猛烈而规律地绞紧痉挛，一圈圈收缩得又急又深。\n她的小腹反复起伏抽动，指尖无力地抠挠着，全身肌肉在这场标准的绝顶中绷得死紧，随后又阵阵松软。\n肠液比往常淌得更多，顺着腿根蜿蜒滑落。\n作为主人专属的性奴，她在这份完整的高潮里发出满足的呜咽，神智泛起一层薄薄的迷雾。
2228,action_part_a_orgasm_normal_A,0,t_imprisonment_1&CVP_A2_G_GE_-4&CVP_A2_G_LE_-3,一场货真价实的绝顶轰然降临，被囚禁的{TargetName}整个人剧烈地颤了起来，{anal}一下下狠狠收紧，用尽全力地反复痉挛。\n她的后腰深深弓成弧线，双腿绷得笔直又抖个不停，呼吸乱成一片碎屑，明显增多的肠液不断渗出。\n对主人无比依恋的贱肉在这一刻毫无保留地绽放，意识虽已开始涣散模糊，却仍死死沉浸在被恩赐高潮的狂喜之中。
2229,action_part_a_orgasm_normal_A,0,t_imprisonment_1&CVP_A2_G_GE_-4&CVP_A2_G_LE_-3,{anal}以完整绝顶该有的猛烈幅度连绵抽搐，{TargetName}被囚的躯体在{SceneName}中彻底失了分寸，腰臀高高抬起又重重塌下。\n那股滚烫的快感如浪涛般一层层拍过四肢百骸，小腹痉挛不止，肠液较为明显地流淌出来，濡湿了一大片。\n她像条被主人驯服的母狗般浑身发抖，眼神迷离涣散却依旧充满感激，思绪开始模糊，可尚未被这股洪流彻底冲垮。

2230,action_part_a_orgasm_normal_A,0,t_unconscious_flag_1&target_not_sleep_h_awake_but_pretend_sleep,沉睡中的{TargetName}忽然整具身子重重一绷，{anal}猛地收缩起来，一波接一波有力地痉挛咬合，标准而完整的绝顶浪潮从后穴深处席卷全身。\n她的腰无意识地高高弓起，双腿绷直后又颤抖着瘫软下去，小腹一下下抽搐，眉头紧紧皱着，唇间溢出破碎的呜咽。\n{anal}深处涌出的肠液顺着股缝明显地流淌下来，可她始终没有醒来，只在梦里被这场完整的高潮彻底贯穿。
2231,action_part_a_orgasm_normal_A,0,t_unconscious_flag_1&target_not_sleep_h_awake_but_pretend_sleep,快感在毫无防备的睡梦里彻底炸开，{TargetName}的{anal}剧烈而富有节奏地一阵阵绞紧，把一次完整强度的绝顶老老实实地全数承受下来。\n熟睡的身躯不受控制地颤栗，脚趾蜷起，指尖抓挠着身下，呼吸急促而凌乱，脸颊烧得通红。\n较多的肠液从{anal}里缓缓渗出，濡湿了大片肌肤，她却依旧沉在梦中，只用整具身体诚实地诉说着这场无意识的高潮。
2232,action_part_a_orgasm_normal_A,0,t_unconscious_flag_1&target_not_sleep_h_awake_but_pretend_sleep,{anal}忽然剧烈地痉挛收缩，一次典型而完整的绝顶顺着后穴向上蔓延，将{TargetName}沉睡的身体从内到外彻底冲刷了一遍。\n她的腰肢猛然拱起，大腿死死夹紧又缓缓松开，小腹反复抽动，睫毛急促地颤动，喉间发出细碎迷乱的鼻音。\n意识早已在睡梦里变得更加模糊，肠液从{anal}中明显地淌落，可她自始至终都没有睁开眼睛。
2233,action_part_a_orgasm_normal_A,0,t_unconscious_flag_1&target_not_sleep_h_awake_but_pretend_sleep,梦中的{TargetName}整个人骤然绷成一张弓，{anal}一下下有力地咬紧又松开，完整强度的绝顶如海浪般席卷全身，却还未到把她彻底冲垮的地步。\n四肢无意识地绷直颤抖，腰部深深弓起后无力落下，呼吸失序而滚烫，眉心蹙成一团。\n{anal}深处溢出的肠液比先前多了许多，缓缓流淌开来，而她仍旧毫无知觉地沉睡着，任由身体独自承受这场高潮。
2234,action_part_a_orgasm_normal_A,0,t_unconscious_flag_1&target_not_sleep_h_awake_but_pretend_sleep,一场完整的绝顶毫无预兆地在睡梦中降临，{anal}强烈而规律地一阵阵抽搐绞合，把整具沉睡的身躯拽进快感的漩涡里反复翻卷。\n{TargetName}的腰身高高挺起，双手无意识地攥紧，小腹一下下痉挛，唇瓣微张溢出黏腻的喘息，脸上浮起浓艳的潮红。\n温热的肠液顺着{anal}明显地淌出，她却依然安稳地睡着，只把这份被侵犯到绝顶的失态留在了梦里。

2235,action_part_a_orgasm_normal_A,0,t_unconscious_flag_1&target_sleep_h_awake_but_pretend_sleep,装睡的{TargetName}再也压抑不住那股猛地席卷全身的快感，{anal}剧烈地痉挛收缩起来，一波接一波的绝顶如海浪般拍打着她的神志。
2236
2237,action_part_a_orgasm_normal_A,0,t_unconscious_flag_1&target_sleep_h_awake_but_pretend_sleep,一场完整而标准的绝顶狠狠攫住了{TargetName}，{anal}规律而强烈地抽搐痉挛，快感从下腹一路窜上脊背。
2238
2239,action_part_a_orgasm_normal_A,0,t_unconscious_flag_1&target_sleep_h_awake_but_pretend_sleep,{TargetName}装作熟睡的身体在这一刻彻底被绝顶淹没，{anal}一下下地收紧又松开，典型的高潮反应毫无保留地在她体内炸开。
2240
2241,action_part_a_orgasm_normal_A,0,t_unconscious_flag_1&target_sleep_h_awake_but_pretend_sleep,快感如潮水般整个漫过{TargetName}，她假寐的躯体猛地一僵，{anal}强烈而有节奏地痉挛着，将这场完整的绝顶体现得淋漓尽致。
2242
2243,action_part_a_orgasm_normal_A,0,t_unconscious_flag_1&target_sleep_h_awake_but_pretend_sleep,一次正常而剧烈的绝顶让装睡的{TargetName}再难维持镇定，{anal}接连不断地收缩抽搐，海浪般的快感一层层堆叠着席卷全身。
2244

2245,action_part_a_orgasm_normal_A,0,t_unconscious_flag_2,酒意熏得{TargetName}神志一片朦胧，快感却毫不留情地贯穿了她的腰腹，{anal}猛地绞紧，一波接一波地剧烈痉挛收缩着，把一次完完整整的绝顶硬生生逼了出来。\n她酡红的脸埋在一侧，眉心紧蹙，喉间溢出破碎失序的醉喘，腰肢明显地弓起又塌落，四肢绷得发直，小腹不住地抽搐。\n温热的肠液顺着{anal}明显地淌落，把身下濡得一片黏腻，醉倒的身体在快感的浪潮里彻底沦陷。
2246,action_part_a_orgasm_normal_A,0,t_unconscious_flag_2,浓重的醉意让{TargetName}连自己身在何处都分不清，可那股翻涌的快感却如海浪般席卷了整具身体，{anal}强烈而有节奏地一阵阵痉挛绞缩，完整地迎来了一场彻底的绝顶。\n她意识开始模糊，眼神涣散地半睁着，呼吸急促而凌乱，指尖无力地抓挠着，双腿绷紧后又颤抖着松开。\n{anal}深处涌出的肠液明显地渗流而下，比先前多了许多，把这场醉中的高潮标记得淫靡而露骨。
2247,action_part_a_orgasm_normal_A,0,t_unconscious_flag_2,{TargetName}被酒精泡软的身子毫无防备地被快感掀翻，{anal}骤然收紧，随即展开一连串强烈规律的痉挛，正正经经地绝顶了一次。\n她仰起脖颈，喉咙里断续地吐出醉醺醺的哼吟，腰部深深弓起，脚趾蜷曲得发白，小腹一下下地抽动。\n意识在醉与快感的双重侵蚀下逐渐模糊，却还残存着一点朦胧的知觉，{anal}流出的肠液顺着股间明显地蜿蜒滑落。
2248,action_part_a_orgasm_normal_A,0,t_unconscious_flag_2,醉得迷迷糊糊的{TargetName}整个人猛地绷直，{anal}剧烈而有节奏地一收一放，完整地攀上了绝顶的顶端，全身的肌肉都在这股冲击下颤抖不止。\n她泛着酒红的脸颊上滚落汗珠，眉头拧紧又缓缓松开，呼吸彻底失序，双腿无意识地夹紧摩挲。\n那股快感如潮水般一浪高过一浪地漫过腰腹，却还未到把神志彻底冲垮的地步，{anal}持续渗出的肠液已把她身下浸得湿透。
2249,action_part_a_orgasm_normal_A,0,t_unconscious_flag_2,酒精夺走了{TargetName}大半的抵抗，剩下的只有身体最诚实的本能，{anal}在一瞬间狠狠绞紧，接着连绵不绝地痉挛抽搐，迎来一次强度十足的完整绝顶。\n她醉眼朦胧地半阖着，唇齿间漏出黏腻走调的娇喘，腰身明显弓起后又软软瘫落，四肢一阵阵地发颤。\n意识变得越发混沌，{anal}里较为明显地淌出温热的肠液，将这场趁醉而至的高潮渲染得淫乱不堪。

2250,action_part_a_orgasm_normal_A,0,t_unconscious_flag_2,酒意翻涌之间，{TargetName}整具身子猛然绷直，{anal}一阵接一阵地剧烈痉挛收缩，如海浪般的快感自尾椎席卷全身。\n她被酒精泡软的意识彻底散作一团模糊的糨糊，只剩本能地弓起腰肢，赤裸的双腿绷得笔直又发着抖。\n{anal}深处溢出的肠液顺着股缝黏腻地淌落，滴滴答答地牵成细丝。\n酡红的脸颊上满是失焦的迷醉，急促紊乱的鼻息里裹着含混的媚吟，这是一场完整而彻底的绝顶。
2251,action_part_a_orgasm_normal_A,0,t_unconscious_flag_2,醉得神志不清的{TargetName}被一记淋漓尽致的绝顶掀翻，{anal}强烈而有节奏地一缩一绞，把快感一波波挤压进小腹深处。\n她的小腹反复抽搐着起伏，脚趾死死蜷成一团，酒精麻痹了每一分羞耻，只剩身体最诚实的浪荡反应。\n黏稠的肠液从{anal}明显地渗流而出，濡湿了整片臀缝。\n她眼神涣散地半阖着，口中溢出黏软含糊的哼吟，被这场彻底的高潮浇得瘫软下去。
2252,action_part_a_orgasm_normal_A,0,t_unconscious_flag_2,酒后瘫软的{TargetName}猝不及防地被绝顶击穿，{anal}以强烈而规律的频率痉挛绞紧，完整的快感浪潮从深处狠狠拍打上来。\n她的腰肢高高弓起后又重重落下，四肢时而绷紧时而颤抖，被酒精浸透的意识开始一点点模糊涣散，却还未被完全冲垮。\n{anal}中淌出的肠液比先前明显更多，黏滑地挂在皮肤上。\n潮红蔓上她的颈项，呼吸急促而失序，媚态浑然天成。
2253,action_part_a_orgasm_normal_A,0,t_unconscious_flag_2,酒气蒸腾中，{TargetName}被一次货真价实的绝顶完全吞没，{anal}剧烈地一阵阵收紧又松开，把浓稠的快感反复研磨着送遍全身。\n醉意让她的抵抗只剩下毫无力气的轻扭，取而代之的是身体本能的迎合与颤抖，大腿根不住地打着哆嗦。\n{anal}深处涌出的肠液顺着腿根蜿蜒流下，留下淫靡的水痕。\n她的眉心紧蹙又骤然松开，唇齿间漏出一串黏糊糊的甜腻喘息。
2254,action_part_a_orgasm_normal_A,0,t_unconscious_flag_2,{TargetName}在浓重的醉意里迎来了一场完整的绝顶，{anal}强烈痉挛着一圈圈绞缩，如潮的快感自下腹汹涌漫至指尖。\n她的身体在{SceneName}里剧烈起伏，腰腹反复抽搐，双手无意识地攥紧又松开，被酒精搅乱的思绪只余下一片甜腻的空茫。\n{anal}明显地淌出温热的肠液，一缕缕黏在肌肤上。\n她仰起脖颈，脸颊烧得通红，从喉间挤出断续而淫荡的醉吟。

2255,action_part_a_orgasm_normal_A,0,t_unconscious_flag_4,{TargetName}的身子随着一波完整的快感被彻底席卷，{anal}强烈而有节奏地痉挛收缩起来，一次紧似一次地绞紧又松开。\n那股翻涌的酥麻如海浪般层层拍打着她的下腹深处，腰肢明显地向上弓起，小腹反复抽搐，脸颊泛起潮红，呼吸也急促失序起来。\n可她的表情却依旧平静得出奇，仿佛这场剧烈的绝顶不过是一件再理所当然不过的寻常事，眼神里没有半分羞耻，只把这份被催眠后视作正常的高潮平淡地接纳。\n{anal}深处渗出明显的肠液，顺着腿根缓缓流落，她只是安然地承受着这完整而典型的绝顶，波澜不惊。
2256,action_part_a_orgasm_normal_A,0,t_unconscious_flag_4,一次正常强度的绝顶完整地贯穿了{TargetName}的躯体，{anal}猛地一阵深沉的痉挛，规律地收缩绞紧，将那股完整的快感尽数吞吐。\n她的腰部明显弓起，四肢不由自主地绷紧颤抖，小腹一下下地抽动，急促的喘息从唇间溢出，意识已隐隐开始模糊。\n然而她的神情始终平淡如常，就像被要求做了一件天经地义的事，脸上没有一丝抗拒或愉悦的波动，只是理所当然地任由这场典型的高潮席卷全身。\n较为明显的肠液从{anal}中溢出，她平静地颤抖着，把这份完整的绝顶当作寻常反应般安然承接。
2257,action_part_a_orgasm_normal_A,0,t_unconscious_flag_4,快感如潮水般彻底漫过{TargetName}的全身，{anal}强烈而有规律地收缩痉挛，一波接着一波地绞动，将这次完整的绝顶宣泄得淋漓尽致。\n她的腰肢深深弓起又落下，双腿绷得笔直，小腹随着抽搐一起一伏，呼吸紊乱，意识在快感中开始变得朦胧。\n可她面上却毫无波澜，仿佛承受这样一场剧烈的高潮本就是分内之事，平静地接纳着涌上来的每一分酥麻，没有丝毫慌乱。\n{anal}泌出的肠液明显地渗流而下，她只是安然平淡地颤动着身体，把这完整典型的绝顶视作再普通不过的日常。
2258,action_part_a_orgasm_normal_A,0,t_unconscious_flag_4,一场完整而正常的绝顶骤然攫住了{TargetName}，{anal}剧烈地痉挛收缩，一次次有节奏地绞紧再松开，把翻涌的快感彻底释放开来。\n她的腰身明显弓起，四肢绷紧微颤，小腹反复地抽搐着，喘息急促而失序，眼神也随之开始涣散模糊。\n但她的表情依旧平静得近乎漠然，好像这剧烈的高潮不过是被吩咐去完成的寻常之事，坦然地承受着而没有半点羞涩或抗拒。\n明显的肠液自{anal}缓缓淌出，她安静地随着快感颤栗，把这份完整典型的绝顶当成理所应当的普通反应般平淡接纳。
2259,action_part_a_orgasm_normal_A,0,t_unconscious_flag_4,完整的快感如海浪般席卷了{TargetName}的整具身体，{anal}强烈而有节奏地一阵阵痉挛，深沉地绞紧又缓缓松开，将这次标准的绝顶尽情吐纳。\n她的腰肢显著地弓起，双腿绷直颤抖，小腹一下下抽搐起伏，急促的呼吸乱了节奏，意识也开始被快感冲得有些模糊。\n然而她始终神色平静，仿佛迎来这样一场典型的高潮不过是件天经地义的常事，理所当然地接住每一波酥麻，脸上没有任何情绪起伏。\n{anal}明显地流出肠液顺着腿间滑落，她只是波澜不惊地颤动着，安然把这完整正常的绝顶当作寻常日常般坦然承接。

2260,action_part_a_orgasm_normal_A,0,t_unconscious_flag_3,凝固的时间里，{TargetName}保持着原样一动不动，唯有{anal}违背了静止的法则，一阵接一阵地强烈痉挛收缩起来，将一场完整而正常烈度的绝顶悄然完成。\n她的腰肢在停滞的空气中僵硬地弓着，小腹不住地抽搐，{anal}深处涌出的肠液较为明显地渗流而下，浸得股缝一片湿滑。\n她的表情始终定格着，感受不到、也反应不了，可这具身体却诚实地把绝顶的每一分典型反应，都无声地献给了{Name}。
2261,action_part_a_orgasm_normal_A,0,t_unconscious_flag_3,时间静止的{SceneName}中，{TargetName}如同被封存的人偶般毫无知觉，{anal}却在这死寂里剧烈而有节奏地绞紧又松开，一波波席卷全身的快感如海浪般漫过她静止的躯体。\n四肢在凝滞中微微绷直，脚趾定格在蜷缩的瞬间，{anal}被绝顶撑开又收拢，较为明显的肠液顺着大腿内侧缓缓淌落。\n这是一次完整正常强度的绝顶，尚未到极致失控的地步，却已让这具无法反抗的身体彻底沦为{Name}的玩物。
2262,action_part_a_orgasm_normal_A,0,t_unconscious_flag_3,{Name}静静看着停止的时间里，{TargetName}那一动不动的身体迎来了完整的绝顶。\n{anal}强烈地一缩一缩，痉挛的节奏鲜明而连绵，小腹随之反复抽搐鼓动，腰部被无形的快感顶得明显弓起。\n她的呼吸与表情全都被冻结，连一声都发不出，唯有{anal}不断溢出的肠液比先前浓稠了许多，湿黏地拖成一道淫靡的水痕，赤裸裸地宣告着这场高潮的真实与完整。
2263,action_part_a_orgasm_normal_A,0,t_unconscious_flag_3,在被停下的时间中，{TargetName}的躯体成了一具无法回应的容器，可{anal}却擅自达到了一次标准的绝顶，猛烈而规律地痉挛收紧，一阵阵深处的酥麻炸开又扩散。\n她的双腿在静止中僵硬地并拢，大腿根不受控地绷紧，{anal}翕张之间涌出成量的肠液，顺着凝固的姿势缓缓流下。\n意识本该开始模糊，可她连模糊的资格都没有，只能任由这具身体在{Name}面前完成一场彻底的绝顶。
2264,action_part_a_orgasm_normal_A,0,t_unconscious_flag_3,时间的流逝被彻底掐断，{TargetName}维持着那一刻的姿势纹丝不动，然而{anal}却在寂静中迎来完整而正常烈度的绝顶，强烈痉挛的收缩一轮又一轮地传遍整个下腹。\n腰肢明显向上弓起后又僵在半空，四肢绷得笔直，{anal}深处翻涌而出的肠液比往常明显更多，黏腻地糊满了整片臀缝。\n她无从感知，无从躲避，也无从羞耻，这具静止的身体只是把绝顶该有的一切反应，毫无保留地呈给{Name}看。

2265,action_part_a_orgasm_normal_A,0,t_unconscious_flag_6&t_hypnosis_blockhead,{TargetName}的身体被无形的控制牢牢锁死，明明神志清醒却连一根手指都动不了，只能眼睁睁地任由那股滚烫的快感在体内堆积到极限。\n{anal}猛然剧烈而有节奏地痉挛收缩起来，一次完整的绝顶如海浪般席卷了她整具身躯，腰部被迫弓起，小腹一下下抽搐着，粘腻的肠液顺着股缝明显地淌落。\n她的意识开始模糊，眼角泛红，呼吸急促失序，羞耻与快感一同将她淹没。
2266,action_part_a_orgasm_normal_A,0,t_unconscious_flag_6&t_hypnosis_blockhead,快感终于攀上了顶点，{TargetName}那具不听使唤的身体在原地绷成一条紧绷的弦。\n{anal}强烈地一阵阵绞紧又松开，完整而典型的绝顶反应尽数浮现，四肢僵直地颤抖，脚趾无意识地蜷起，温热的肠液较为明显地渗出流下。\n她清醒地感知着自己被迫高潮的每一寸细节，却连合拢双腿的权利都被剥夺，只能任由潮水般的快感把她的思绪冲得越来越模糊。
2267,action_part_a_orgasm_normal_A,0,t_unconscious_flag_6&t_hypnosis_blockhead,身体不属于自己的{TargetName}在{SceneName}里被彻底送上了绝顶。\n{anal}节奏鲜明地反复痉挛收缩，一波接一波的酥麻从腰椎直窜上后脑，腰肢明显弓起后又颓然瘫软，小腹一抽一抽地跳动着，肠液比先前多了许多，黏腻地流了一片。\n汗湿的额发贴在脸颊上，她的意识在快感的浪潮里逐渐涣散，却还没有被彻底冲垮，只余下满心的羞耻与不甘。
2268,action_part_a_orgasm_normal_A,0,t_unconscious_flag_6&t_hypnosis_blockhead,一次货真价实的完整绝顶在{TargetName}体内轰然炸开，被禁锢的躯体僵在原处剧烈地颤抖。\n{anal}强烈而有力地一圈圈收缩绞动，快感如同海浪般层层叠叠地席卷全身，双腿紧绷抽搐，脊背弓成一道诱人的弧线，肠液顺着抽搐的褶皱不断溢出。\n她眼神迷离，唇齿间漏出破碎的颤息，明明神志尚存，却只能被动承受着这场无从反抗的高潮。
2269,action_part_a_orgasm_normal_A,0,t_unconscious_flag_6&t_hypnosis_blockhead,积蓄已久的快感终于决堤，{TargetName}那具连挣扎都做不到的身体骤然绷紧到了极致。\n{anal}猛烈地一次次痉挛紧缩，将这场标准强度的绝顶完整地宣泄出来，腰部深深弓起，四肢僵硬地打颤，粘稠的肠液明显地涌出并顺着腿根缓缓滑落。\n呼吸彻底乱了套，她的思绪在一波波冲击中变得模糊不清，清醒的羞耻感与身体的诚实反应交织在一起，将她推入更深的沉沦。

2270,action_part_a_orgasm_normal_A,0,t_unconscious_flag_6&t_hypnosis_active_h,被操控着的{TargetName}主动扭动着屁股迎向那股快感，直到完整的绝顶如海浪般轰然席卷全身。\n{anal}猛烈而有节奏地痉挛收缩，腰肢高高弓起，四肢绷得笔直，小腹一下下抽搐着。\n心里在拼命抗拒这份羞耻，身体却诚实地在绝顶中失控颤抖，{anal}深处一股温热的肠液明显地淌了出来，意识开始一点点模糊。
2271,action_part_a_orgasm_normal_A,0,t_unconscious_flag_6&t_hypnosis_active_h,在精神控制之下，{TargetName}的腰臀违背本意地热情摆动，最终迎来了一次完整强度的绝顶。\n{anal}剧烈地一阵阵绞紧又松开，重复着典型的绝顶痉挛，双腿绷直发抖，脚趾死死蜷起。\n她清楚地感知着自己淫荡的模样，却半点也停不下来，{anal}被快感搅得酥软失守，黏腻的肠液顺着股缝流落，呼吸彻底乱成一团。
2272,action_part_a_orgasm_normal_A,0,t_unconscious_flag_6&t_hypnosis_active_h,身体不受自己支配地主动追逐着快感，{TargetName}在{SceneName}迎来了一场货真价实的肛肠绝顶。\n{anal}强烈而规律地抽搐收缩，腰部明显向上弓起，全身肌肉一齐绷紧又松脱。\n心中的羞耻与抗拒被汹涌的快感一波波淹没，意识开始朦胧，{anal}泛出的肠液比往常更多地渗溢出来，脸颊烫得通红，喉间只余破碎的颤音。
2273,action_part_a_orgasm_normal_A,0,t_unconscious_flag_6&t_hypnosis_active_h,被控制的身体主动挺起臀部迎合，快感终于攀上顶点，{TargetName}整个人绷成一张拉满的弓。\n{anal}一波接一波强烈痉挛，收缩得又急又深，小腹反复抽动，双手无意识地攥紧。\n她在心底羞愤地否认着这份高潮，可{anal}却诚实地绞得死紧，明显增多的肠液缓缓淌下，视线开始涣散模糊，理智被这完整的绝顶冲得摇摇欲坠。
2274,action_part_a_orgasm_normal_A,0,t_unconscious_flag_6&t_hypnosis_active_h,与本性截然相反的主动扭腰之后，一场标准而完整的绝顶轰然降临在{TargetName}身上。\n{anal}猛地收紧，随后有节奏地连续痉挛，腰线高高拱起再重重落下，大腿抖个不停。\n身体的每一处都在为这次淫靡的绝顶而战栗，心中却满是屈辱的沉沦感，{anal}处淌出的肠液明显多了起来，急促失序的喘息里，意识已经开始一点点变得模糊。

2275,action_part_a_orgasm_normal_A,0,CVP_A2_T|6_E_0&CVP_A2_T|7_E_1&CVP_A2_T|222_E_1,未成年的{TargetName}忽然浑身剧烈一僵，{anal}猛地收缩起来，一波接一波强烈的快感毫无预兆地席卷了她尚且青涩的身体。\n她完全不明白自己为何突然浑身发软，只懂得懵懂地喘息着，稚嫩的脸颊涨得通红，眼神里满是茫然和不知所措。\n腰肢不受控制地弓起又瘫软，双腿无力地颤抖着，{anal}深处有明显的肠液汩汩流出，她却丝毫不知道自己身体已经彻底绝顶。
2276,action_part_a_orgasm_normal_A,0,CVP_A2_T|6_E_0&CVP_A2_T|7_E_1&CVP_A2_T|222_E_1,一阵陌生而剧烈的酥麻猛然贯穿全身，{TargetName}稚嫩的身躯随之痉挛起来，{anal}一下下强烈地收紧又松开，动作完整而典型。\n她从未经历过这种感觉，只能懵懂地睁大双眼，不明白自己为什么会突然浑身发抖，呼吸也变得急促而凌乱。\n未经人事的小脸上满是困惑与羞涩交织的潮红，纤细的手指下意识地攥紧，肠液顺着{anal}的边缘明显地流淌出来，她对此毫无所知。
2277,action_part_a_orgasm_normal_A,0,CVP_A2_T|6_E_0&CVP_A2_T|7_E_1&CVP_A2_T|222_E_1,{TargetName}尚显稚嫩的身子猛地绷紧，随即又剧烈颤抖起来，{anal}强烈地一波波痉挛收缩，将完整的绝顶反应表露无遗。\n她根本不懂这股汹涌而来的快感究竟是什么，只是茫然地睁着湿润的双眼，稚气的嘴唇微微张开，发出细碎而困惑的喘息。\n腰肢高高弓起又颓然软倒，双腿控制不住地夹紧又松开，{anal}处的肠液比先前更明显地涌出，她懵懂无知的模样叫人愈发心动。
2278,action_part_a_orgasm_normal_A,0,CVP_A2_T|6_E_0&CVP_A2_T|7_E_1&CVP_A2_T|222_E_1,毫无经验的{TargetName}被那股突如其来的强烈快感冲击得浑身颤抖，{anal}剧烈地收缩痉挛，完整地经历了一次货真价实的绝顶高潮。\n她还搞不清楚发生了什么，只觉得脑子里一片空白，稚嫩的脸上写满了懵懂与惊慌，细声的呜咽从喉间溢出。\n四肢绷紧又骤然瘫软下来，脚趾都蜷缩在一起，{anal}深处有肠液明显地流淌而出，她完全意识不到自己的身体已经如此淫荡地绽放。
2279,action_part_a_orgasm_normal_A,0,CVP_A2_T|6_E_0&CVP_A2_T|7_E_1&CVP_A2_T|222_E_1,一股完整而强烈的快感浪潮猛然冲垮了{TargetName}青涩的身体，{anal}一阵接一阵有力地痉挛收紧，典型的绝顶反应展露无遗。\n她对这具身体的变化毫无概念，只懂得茫然又慌乱地小声喘息，未脱稚气的眉眼间满是不解与羞涩，泪水在眼眶里打转。\n腰肢反复弓起又无力塌陷，双手胡乱地揪紧，{anal}周围明显有肠液缓缓流下，她全然不知这正是自己人生中第一次真正的绝顶高潮。

2280,action_part_a_orgasm_normal_A,0,CVP_A2_T|106_E_1&high_1,一股完整而汹涌的绝顶快感自后穴深处炸开，{TargetName}那具摸爬滚打多年的丰腴身躯猛地绷紧，{anal}强烈而有节奏地痉挛收缩着，成熟的腰肢高高弓起，小腹一阵阵抽搐。\n温热的肠液顺着穴口明显地淌落下来，她毫不掩饰地放任自己沉溺其中，眼角带着笑纹的成熟面庞染上浓艳的潮红，意识开始变得朦胧模糊，丰满的大腿不住颤抖着，直白地追逐着这波席卷全身的肛肠绝顶。
2281,action_part_a_orgasm_normal_A,0,CVP_A2_T|106_E_1&high_1,{anal}骤然爆发出剧烈而规律的痉挛，一次货真价实的完整绝顶如海浪般冲垮了{TargetName}成熟丰满的肉体，她丰腴的臀肉猛烈紧绷，腰背深深反弓，四肢止不住地战栗。\n比先前更多的肠液从菊口涌出，浸得穴周湿滑一片，久经世事的她索性放荡地承受这股灭顶酥麻，呼吸急促失序，神志渐渐蒙上一层迷雾，成熟躯体的每一寸都在诚实地宣告着后穴高潮的降临。
2282,action_part_a_orgasm_normal_A,0,CVP_A2_T|106_E_1&high_1,菊穴深处积攒的快感终于冲上顶点，{TargetName}熟透的身子剧烈一颤，{anal}不受意志控制地反复紧缩痉挛，成熟浑圆的翘臀狠狠绷起，小腹连续抽动，脚趾用力蜷缩。\n黏滑的肠液较为明显地自穴内渗流而出，她凭着丰富的理论经验立刻明白自己彻底绝顶了，索性沉稳尽失地扭动丰腴腰肢迎合快感，意识开始发飘，眼神迷离涣散，淫靡的红潮一路蔓延到胸口。
2283,action_part_a_orgasm_normal_A,0,CVP_A2_T|106_E_1&high_1,一波正常强度却毫不含糊的绝顶浪潮贯穿了{TargetName}的后穴，{anal}猛烈地一开一合痉挛着，将快感一圈圈碾进丰满成熟的身体深处，她的腰肢明显弓起又瘫软，修长双腿绷得笔直发颤。\n穴口挤出的温热肠液缓缓流淌，量比浅尝辄止的小峰值多出许多，成熟女人的从容在此刻碎裂，她放浪地仰起头，唇间溢出绵长颤音，思绪逐渐模糊，全然沉浸在这场典型而完整的肛肠高潮里。
2284,action_part_a_orgasm_normal_A,0,CVP_A2_T|106_E_1&high_1,{TargetName}丰腴熟美的胴体骤然僵直，紧接着爆发出完整绝顶该有的一切反应——{anal}深处剧烈痉挛紧缩，成熟的臀浪止不住地颤动，腰腹反复抽搐弓起，呼吸乱成一团。\n淫热的肠液沿着抽紧的穴口清晰地溢流出来，她对快感的直接追求在此刻展露无遗，毫不遮掩地颤抖呻吟着承接每一波酥麻，眼角笑纹旁染满红晕，清明的意识渐渐被这股席卷全身的后穴绝顶泡得发软。

2285,action_part_a_orgasm_normal_A,0,CVP_A2_T|6_E_0&CVP_A2_T|7_E_1&CVP_A2_T|222_E_0,早已懂得性知识却仍带着几分好奇的{TargetName}猛地绷紧了纤细的身子，{anal}一阵接一阵完整而剧烈地痉挛收缩，积攒已久的快感如潮水般汹涌席卷过稚嫩的躯体。\n腰肢不受控制地高高弓起，双腿控制不住地绷直又痉挛，肠液顺着{anal}明显地淌落而出，量比方才多了许多。\n带着几分对情事的好奇与懵懂，她意识开始朦胧模糊，却又不至于被彻底冲垮，只能急促喘息着承受这一波完整而正常的绝顶。
2286,action_part_a_orgasm_normal_A,0,CVP_A2_T|6_E_0&CVP_A2_T|7_E_1&CVP_A2_T|222_E_0,身形稚嫩却对性事满怀好奇的{TargetName}骤然发出一声压抑的喘息，{anal}强烈而有节奏地一收一缩，那股酝酿已久的快感终于完整地冲破了理智的堤坝。\n纤细的腰背猛地弓起，四肢又颤又绷，脚趾也随之蜷缩起来，肠液从{anal}处明显地流出，比先前更多更黏腻。\n呼吸变得急促而凌乱，眼神也渐渐涣散朦胧，这一次典型完整的绝顶，让她整具年轻的身躯都沉浸在酥麻的余韵里久久无法平息。
2287,action_part_a_orgasm_normal_A,0,CVP_A2_T|6_E_0&CVP_A2_T|7_E_1&CVP_A2_T|222_E_0,早早知晓情事却仍带着几分青涩好奇的{TargetName}身子陡然一僵，随即剧烈地颤抖起来，{anal}一波接一波有力地绞紧，将累积的快感完完整整地释放出来。\n小腹反复抽搐，腰肢弓起又瘫软，双手无意识地紧紧抓握，{anal}处的肠液也明显更多地涌出，黏腻地淌落。\n意识开始变得模糊恍惚，脸颊涨红发烫，喘息声也乱作一团，这份正常强度的绝顶让她稚嫩的身躯彻底沉溺其中。
2288,action_part_a_orgasm_normal_A,0,CVP_A2_T|6_E_0&CVP_A2_T|7_E_1&CVP_A2_T|222_E_0,对情事早有耳闻又满心好奇的{TargetName}突然仰起了头，喉间溢出压抑不住的颤音，{anal}接连不断地剧烈收紧又松开，快感完整地贯穿了她年轻的身躯。\n腰肢用力挺起又无力垮下，大腿也跟着控制不住地夹紧颤抖，{anal}间肠液明显地淌出更多，湿润地流淌而下。\n朦胧的意识里满是酥麻的余韵，双眼渐渐失焦，呼吸急促紊乱，这一场典型剧烈的绝顶将她卷入了完全的沉醉之中。
2289,action_part_a_orgasm_normal_A,0,CVP_A2_T|6_E_0&CVP_A2_T|7_E_1&CVP_A2_T|222_E_0,身形娇小却懂得性事又充满探索欲的{TargetName}猛然弓起纤瘦的脊背，{anal}剧烈而有规律地一阵阵绞缩，那股完整浓烈的快感瞬间席卷了她整个下腹。\n双腿不自觉地蜷起又绷直，指尖紧紧攥住身侧，肠液自{anal}处明显涌出，比之前更为汹涌黏稠。\n意识渐渐被酥麻笼罩而模糊起来，却尚未彻底崩溃，只是断断续续地喘息着，任由这场完整典型的绝顶在稚嫩的身体里久久回荡。
2290,action_part_a_orgasm_normal_A,0,CVP_A2_T|7_E_0&CVP_A2_T|222_E_1,成熟丰腴的身体骤然剧烈地一挺，{TargetName}的{anal}强烈而有节奏地痉挛收缩起来，一波接一波的快感如海浪般席卷全身，将她整个人都吞没。\n她的腰肢猛地弓起，四肢绷紧又微微颤抖，小腹反复抽搐，成熟却懵懂的脸上写满了茫然与惊惶，她根本不明白这陡然涌起的灭顶快感究竟意味着什么。\n{anal}深处随着这次完整的绝顶较明显地淌出一股滑腻的肠液，她的意识开始模糊，只能本能地在这陌生而汹涌的高潮里颤栗。
2291,action_part_a_orgasm_normal_A,0,CVP_A2_T|7_E_0&CVP_A2_T|222_E_1,{TargetName}那具发育成熟的身躯蓦地绷成一张满弓，{anal}猛烈而规律地一阵阵收紧又松开，标准而完整的绝顶如潮水般漫过她的每一寸肌肤。\n她修长的双腿失控地绷直又蜷缩，腰部高高弓起，呼吸急促而失序，成熟的胴体上尽是绝顶该有的典型反应，唯有那张脸还挂着孩童般不解的困惑。\n随着快感的顶峰{anal}溢出较多的黏腻肠液，她懵然不知这是什么，只觉神志渐渐涣散，被这从未体验过的浪潮冲得意识模糊。
2292,action_part_a_orgasm_normal_A,0,CVP_A2_T|7_E_0&CVP_A2_T|222_E_1,一阵完整而强烈的绝顶轰然袭来，{TargetName}成熟的身体猛然一僵，{anal}有力地痉挛抽搐着，收缩的节奏一下比一下更深，快感如海浪层层叠叠地拍打过她的全身。\n她的小腹不住抽动，腰肢反复弓起，成熟饱满的胴体剧烈颤栗，可她幼稚的认知里却全是茫然，完全不懂身体为何会如此失控地欢愉。\n{anal}深处淌下一道明显的肠液，比先前更多，她意识开始朦胧，乖顺地在这未知的高潮中一遍遍战栗，任由陌生的快感将自己淹没。
2293,action_part_a_orgasm_normal_A,0,CVP_A2_T|7_E_0&CVP_A2_T|222_E_1,{TargetName}成熟的胴体骤然弓起绷紧，{anal}强烈地收缩痉挛，一波波完整的绝顶快感如汹涌的潮浪席卷而来，将她整具身体都卷入其中。\n她的四肢绷得笔直又忍不住颤抖，腰部明显弓成弧线，急促的喘息紊乱不堪，成熟的身体诚实地呈现出绝顶的所有典型模样，稚气的眉眼间却尽是不明所以的慌乱。\n随着这次绝顶{anal}较明显地流出温热的肠液，她意识渐渐模糊，只本能地顺从着这陌生浪潮，在懵懂里被快感一次次冲刷。
2294,action_part_a_orgasm_normal_A,0,CVP_A2_T|7_E_0&CVP_A2_T|222_E_1,成熟丰润的身子猛地一颤，{TargetName}的{anal}剧烈而有节律地一下下抽搐收紧，标准强度的绝顶快感如海浪般接连不断地漫过全身，却还未到那种极致失控的地步。\n她腰肢深深弓起，大腿绷紧又颤抖，小腹随着高潮反复抽动，成熟的躯体尽显绝顶的完整反应，那张脸上却是与身体全然不符的天真困惑。\n{anal}顺着这波绝顶淌出较多的黏滑肠液，她被这前所未有的快感冲得意识发朦，乖巧而茫然地在浪潮里止不住地轻颤。

2295,action_part_a_orgasm_normal_A,0,CVP_A2_T|107_E_1&high_1,快感如海浪般在后穴深处轰然炸开，{TargetName}那具早已嫁作人妇的成熟身体猛地绷紧，{anal}剧烈而有节奏地痉挛收缩，腰肢明显弓起后又颤颤瘫软。\n这是一次完整而正常强度的绝顶，肠液顺着痉挛的穴口较明显地淌落，人妻的意识开始模糊，对丈夫的愧疚与背德的刺激交织着，让这场后穴绝顶染上了禁忌的甜美。
2296,action_part_a_orgasm_normal_A,0,CVP_A2_T|107_E_1&high_1,{anal}骤然爆发出一阵强烈而规律的收缩痉挛，人妻{TargetName}丰腴的腰身高高弓起，四肢绷紧颤抖，小腹反复抽搐，呼吸彻底乱了套。\n完整的绝顶浪潮席卷全身，温热的肠液从翕张的穴口涌淌而出，她的神志渐渐发昏，明明是有夫之妇却在博士面前用屁穴淫荡地高潮了，背叛婚姻的罪恶感反而将快感推得更高。
2297,action_part_a_orgasm_normal_A,0,CVP_A2_T|107_E_1&high_1,一股汹涌的绝顶快感自肠道深处翻腾而上，{TargetName}已为人妻的成熟躯体不受控制地战栗，{anal}一阵接一阵地强烈痉挛紧缩，大腿绷得笔直微微抽动。\n肠液较为明显地自穴口渗淌，打湿了臀缝，意识开始朦胧涣散，端庄的人妻面容上写满了迷乱与羞耻，对家庭的歉疚在肛门绝顶的快感面前节节败退。
2298,action_part_a_orgasm_normal_A,0,CVP_A2_T|107_E_1&high_1,绝顶的电流顺着脊椎窜上脑髓，人妻{TargetName}发出破碎的甜腻鼻音，{anal}猛烈地痉挛收缩着，腰部深深弓起又无力落下，脚趾死死蜷紧。\n这场完整强度的后穴高潮令她神志逐渐模糊，温热肠液一缕缕淌出穴口，本该守着丈夫的成熟身体却被屁眼的快感征服，背德的兴奋让潮红一路蔓延到耳根。
2299,action_part_a_orgasm_normal_A,0,CVP_A2_T|107_E_1&high_1,{TargetName}丰润的臀肉猛然绷紧痉挛，{anal}以完整绝顶特有的力道剧烈翕缩，一波波典型的高潮反应席卷这具人妻的胴体，腰肢弓颤，小腹连连抽动，双腿发软打颤。\n肠液沿着抽搐的穴口明显地流溢下来，她的意识开始发白发晕，身为有妇之夫的妻子却因肛肠绝顶而浪叫失态，禁忌的快感烧得她浑身酥软。

2300,action_part_a_orgasm_normal_A,0,CVP_A2_G_E_0,一股完整而汹涌的绝顶快感自后穴深处炸开，{TargetName}的{anal}猛地痉挛收缩起来，腰肢高高弓起，四肢绷得死紧，肠液顺着穴口明显地淌了出来。\n她在剧烈的抽搐中意识开始发昏，可迷蒙的眼底却满是茫然与困惑，不明白自己为何会被一个几乎陌生的男人逼上这淫靡的顶点。
2301,action_part_a_orgasm_normal_A,0,CVP_A2_G_E_0,{TargetName}的身体骤然绷紧，{anal}强烈而有节奏地痉挛咬缩着，小腹一阵阵抽搐，呼吸彻底乱了套，一次货真价实的肛肠绝顶将她整个人淹没。\n温热的肠液从翕张的穴口渗流而下，她双腿发颤地承受着快感的浪潮，涣散的眼神里却浮着后悔与自我质疑，为自己竟在陌生人面前用屁眼高潮而羞耻不已。
2302,action_part_a_orgasm_normal_A,0,CVP_A2_G_E_0,快感如海浪般层层拍上脑髓，{TargetName}的{anal}不受控制地连连收拢痉挛，腰部明显弓起又落下，脚趾蜷缩到发白，肠液被挤压得沿着股缝缓缓流淌。\n意识渐渐模糊之际，她咬着下唇发出破碎的喘音，混乱的脑海里翻涌着疑问，与这个还很陌生的博士做到这一步、还用后穴绝顶了，这真的可以吗。
2303,action_part_a_orgasm_normal_A,0,CVP_A2_G_E_0,伴随一声压不住的娇吟，{TargetName}迎来了一次完整的肛肠绝顶，{anal}剧烈翕动着一波波绞缩，全身肌肉紧绷颤抖，小腹深处反复抽动，穴口溢出的肠液打湿了腿根。\n高潮的余韵里她瘫软地喘息着，涨红的脸上既有生理性的恍惚，又有面对陌生男人时挥之不去的迷惘与不知所措。
2304,action_part_a_orgasm_normal_A,0,CVP_A2_G_E_0,后穴里积攒的快感终于冲破临界，{TargetName}的{anal}猛烈痉挛着规律收缩，腰肢弹起又瘫软，大腿根部止不住地打颤，明显增多的肠液咕啾着从穴口挤出。\n她在这场正常烈度却足够销魂的绝顶中神志发飘，眼角噙泪地望着天花板，满心疑惑自己怎么会向一个不熟悉的男人露出如此淫荡的丑态。

2305,action_part_a_orgasm_normal_A,0,CVP_A2_G_E_1,一股完整而汹涌的绝顶快感自后穴深处炸开，{TargetName}的{anal}猛地痉挛收缩起来，腰肢高高弓起又剧烈颤抖，肠液顺着穴口明显地淌了出来。\n她的意识开始变得模糊，茫然地望向{Name}，不明白自己为何会被这个人看着屁股高潮，胸口却涌起一阵莫名的悸动，竟隐隐不想让他移开视线。
2306,action_part_a_orgasm_normal_A,0,CVP_A2_G_E_1,标准而剧烈的肛门绝顶如浪潮般席卷全身，{anal}一阵阵有节奏地狠狠绞缩，{TargetName}四肢绷紧发颤，小腹反复抽搐，温热的肠液从菊穴里被挤了出来。\n呼吸急促失序的她眼神迷离地找寻着博士的身影，说不清为何在这淫荡的高潮里，心底会浮起一丝想要靠近他的模糊渴望。
2307,action_part_a_orgasm_normal_A,0,CVP_A2_G_E_1,{TargetName}的{anal}骤然剧烈痉挛，一次完完整整的肛肠绝顶将她吞没，腰部明显地弓起，大腿根不住地打颤，穴口翕张间挤出了不少滑腻的肠液。\n意识渐渐朦胧之际，她心头没来由地一阵心悸，茫然又羞耻地意识到，自己竟因为是在{Name}面前用屁股绝顶而隐约感到一丝欢喜。
2308,action_part_a_orgasm_normal_A,0,CVP_A2_G_E_1,后穴深处积攒的快感终于冲上顶点，{anal}强烈而规律地收缩痉挛着，{TargetName}浑身战栗，脚趾蜷缩，肠液沿着抽搐的菊穴缓缓流淌而下。\n这场正常强度却足够淫靡的绝顶让她意识开始发飘，望着{Name}的目光里混杂着迷茫与不自知的依恋，连她自己都不懂为何此刻只想离博士更近一些。
2309,action_part_a_orgasm_normal_A,0,CVP_A2_G_E_1,肛门绝顶的电流窜遍{TargetName}的全身，{anal}一波接一波地剧烈紧缩，腰肢反复弓起又瘫软，急促的娇喘里透着彻底的失序，明显的肠液从痉挛的后穴渗涌而出。\n她在逐渐模糊的意识中偷偷瞥向{Name}，胸腔里那阵陌生的悸动让她慌乱不已，却又鬼使神差地不愿抗拒这份亲密。
