cid,type_id,adv_id,premise,context
组件id,组件类型名,组件限定的剧情npcid,前提id,组件内容
str,str,int,str,str
0,0,0,0,1
组件配置数据,,,,

1000,action_part_a_orgasm_super_A,0,CVP_A2_T|102_E_1&CVP_A2_A|5_LE_3,娇小的{TargetName}那具稚嫩的身子猛地绷成了一张满弓，被一次次逼到绝顶边缘又生生截断的巨量快感，此刻终于被允许全数倾泻而出。\n明明{anal}生来迟钝，平日里只觉得出一点微弱的异物感，可积攒了太多回的灭顶浪潮却将这份迟钝彻底碾碎，逼得她小小的身体承受起远超想象的极致冲击。\n幼小的腰肢反复深深弓起又骤然瘫软，纤细的四肢失控地痉挛乱蹬，圆溜溜的眼睛翻起一层水雾彻底涣散，稚气的小脸上思绪一片空白。\n{anal}失禁般地喷涌出大股大股的滚烫肠液，一波接着一波怎么也止不住，累积已久的快感尽数解放的解脱感将她小小的灵魂冲刷得干干净净。
1001,action_part_a_orgasm_super_A,0,CVP_A2_T|102_E_1&CVP_A2_A|5_LE_3,一直被压抑在绝顶门槛前的汹涌快感，在这一刻终于获准如决堤般轰然释放，稚嫩娇小的{TargetName}整个人被掀翻进了一场超乎想象的极致洪流里。\n她那{anal}原本感觉浅淡，寻常只辨得出被填满的胀感，可被反复截停后堆叠起来的巨浪早已不由她做主，硬生生把迟钝的小穴逼上了从未有过的顶峰。\n小小的身体一阵接一阵地剧烈抽搐，细嫩的腰肢深弓到极致再重重塌下，稚气未脱的脸蛋涨得通红，唇舌失了控地微张，涎水顺着下巴淌落。\n{anal}再也含不住那汹涌的暖流，大量肠液失禁似的喷淌不休，思维彻底空成一片雪白，只余下积压尽释的酥软解脱。
1002,action_part_a_orgasm_super_A,0,CVP_A2_T|102_E_1&CVP_A2_A|5_LE_3,被一次又一次悬在绝顶边沿硬生生勒停的滔天快感，此刻一并炸开，娇小的{TargetName}稚嫩的身躯霎时被这远超极限的冲击掀得七零八落。\n纵使{anal}天生反应迟钝，平素只咂摸得出微弱的触感，累叠了无数回的灭顶巨浪仍旧将这份钝感撕得粉碎，逼着她幼小的身子承下这份超乎想象的烈度。\n她纤细的双腿绷直又失控地乱颤，小腹深处一下下痉挛得几乎抽筋，涣散的眼神再聚不起焦，小脑袋里空荡荡的什么也剩不下。\n{anal}汹涌地喷溅出滚烫的肠液，失禁般一股股奔流不止，那份憋了太久终得释放的解脱感如潮水将她整个吞没。
1003,action_part_a_orgasm_super_A,0,CVP_A2_T|102_E_1&CVP_A2_A|5_LE_3,积蓄了太多回、被一次次逼近顶点又强行掐断的庞大快感，在{SceneName}里终于被彻底松开，娇小稚嫩的{TargetName}就这样被推上了想象之外的极致巅峰。\n她那{anal}本就感度低微，往常至多品出一丝被撑开的存在感，可这堆积如山的快感洪峰根本容不得她抵挡，将迟钝的肉穴猛地拽进灭顶的高潮。\n幼小的腰身反复深弓后又软软瘫倒，纤弱的四肢无助地痉挛蜷缩，红透的小脸上写满懵懂与失神，圆眼里的神采一点点被冲得涣散。\n{anal}喷涌出大量温热的肠液，如失禁一般止不住地汩汩外溢，长久压抑尽数释放的解脱感将她小小的意识冲刷得空白一片。
1004,action_part_a_orgasm_super_A,0,CVP_A2_T|102_E_1&CVP_A2_A|5_LE_3,那被反复截停在绝顶前一瞬的巨量快感，此刻一齐奔涌而出，稚气娇小的{TargetName}纤弱的身子被这超乎想象的极端浪潮彻底淹没。\n明明{anal}生就迟钝，平日仅有些许胀满的钝感，可积攒了太多次的灭顶快感却全然不由分说，硬把这份麻木逼上了远超寻常的高峰。\n她小小的躯体持续地强烈绷紧又抽搐，细嫩腰肢一次次深弓后彻底失力，涣散无焦的双眸翻起水光，稚嫩的唇边不受控地溢出津液。\n{anal}失禁般地喷淌出滚烫肠液，一波未平一波又起地涌流不停，堆积已久终获释放的巨大解脱感把她幼小的神思冲成了一片空茫。

1005,action_part_a_orgasm_super_A,0,CVP_A2_T|104_E_1&CVP_A2_A|5_G_3&CVP_A2_A|5_LE_6,反复被逼到绝顶边缘又生生截断的快感终于被彻底放开，{TargetName}那具青春的少女身躯猛地绷成一张满弓，{anal}在这一刻毫无保留地剧烈痉挛起来。\n积攒了无数次的巨浪一齐决堤，超乎想象的极致快感如洪流般贯穿她纤细的腰身，稚嫩的脸蛋涨得通红，眉头紧紧揪起，圆润的眼眸失神地上翻。\n{anal}一波接一波地疯狂收缩绞紧，滚烫的肠液再也止不住地喷涌而出，失禁般汩汩涌流不止。\n少女纤细的双腿绷直又剧烈抽搐，脚趾深深蜷起，青春的身体在这场远超以往的超强绝顶里失控地战栗着，羞涩与狂乱同时写满了她潮红的面庞。
1006,action_part_a_orgasm_super_A,0,CVP_A2_T|104_E_1&CVP_A2_A|5_G_3&CVP_A2_A|5_LE_6,一次又一次被巧妙地拦在高潮门口的酥麻，此刻终于被允许彻底奔涌，{TargetName}青春靓丽的身体骤然拔高到一个从未抵达的顶点。\n{anal}猛烈地一阵阵收束又张开，把累积了太多次的巨量快感尽数释放，那股强度远远超出了这具少女身躯所能承受的极限。\n她细嫩的腰肢高高弓起，稚气未脱的面容彻底失守，嫩红的唇瓣微张，急促的颤息里满是招架不住的慌乱。\n大量炽热的肠液自{anal}深处失禁般狂涌而下，浸得一片濡湿，年轻的身体在这超乎想象的绝顶中一颤再颤，久久无法平息。
1007,action_part_a_orgasm_super_A,0,CVP_A2_T|104_E_1&CVP_A2_A|5_G_3&CVP_A2_A|5_LE_6,被反复寸止折磨到濒临崩溃的快感终于一齐倾泻，{TargetName}娇嫩的少女身子霎时僵直，随即剧烈地颤栗起来，{anal}疯狂地收缩绞动着。\n无数次被硬生生掐断的高潮在这一刻叠加成一场超乎想象的巨浪，酥麻的电流从下腹直冲颅顶，青春的脸庞失神地泛红，眼神涣散迷离。\n{anal}一下下痉挛得毫无章法，汹涌的肠液喷涌而出，量与势都远胜从前，失禁般止不住地淌落。\n少女纤细的腰不受控制地扭动，脚尖紧紧绷起，那具青涩的身体在这场累积已久的超强绝顶里彻底沦陷，羞怯与失控交织成一片迷乱。
1008,action_part_a_orgasm_super_A,0,CVP_A2_T|104_E_1&CVP_A2_A|5_G_3&CVP_A2_A|5_LE_6,终于挣脱了一次次被拦截的束缚，累积到巨量的快感在这一瞬全部炸裂开来，{TargetName}这具尚带青涩的少女身躯猛地弹起又剧烈痉挛。\n{anal}极致地绞紧又松开，把被寸止压抑了太多回的高潮尽数迸发，那份烈度远远超出她的想象，令整具年轻的身体近乎失去知觉。\n稚嫩的眉眼皱成一团，潮红的脸上写满茫然，细碎的颤息断断续续。\n滚烫的肠液自{anal}深处失禁般喷薄涌流，一波比一波更汹，少女绷直的双腿止不住地抖颤，青春的胴体在这远超以往的绝顶余韵里久久无法回神。
1009,action_part_a_orgasm_super_A,0,CVP_A2_T|104_E_1&CVP_A2_A|5_G_3&CVP_A2_A|5_LE_6,被一次次逼到边缘又生生按住的高潮终获释放，{TargetName}青春的身体在这刹那攀上了从未想象过的极致顶峰，{anal}狂乱地收缩战栗着。\n积压了无数回的巨量快感如决堤洪水般一齐奔涌，超乎想象的强度贯穿她纤细的脊背，稚嫩的面容彻底失守，圆眼失神上翻，嫩唇微颤。\n{anal}一阵阵疯狂痉挛绞动，大量炽热的肠液喷涌失禁般狂淌不止。\n少女柔嫩的腰肢高高弓起又无力塌下，脚趾深深蜷缩，青涩的身躯在这场累积已久的超强绝顶里颤抖不休，羞涩与迷乱在潮红的脸上尽数绽开。

1010,action_part_a_orgasm_super_A,0,CVP_A2_T|105_E_1&CVP_A2_A|5_G_3&CVP_A2_A|5_LE_6&high_1,一直被逼到绝顶边缘又生生截停的巨量快感，此刻终于被彻底松开了闸门，{TargetName}成熟丰腴的身躯猛地绷成一张满弓。\n{anal}以远超寻常的幅度极度剧烈地痉挛收缩，一波未平一波又起，将累积了太多次的极致快感一齐倾泻而出。\n她那张介于成熟与青涩之间的脸庞彻底失了神，眼神涣散得再也聚不起焦，唇舌失控地微张，涎水顺着嘴角滑落。\n温热的肠液如失禁一般从{anal}汹涌喷涌，涌流不止地大量泼洒，量与势都远远盖过了以往任何一次。\n那份憋忍已久终得释放的巨大解脱感将她的思维冲刷成一片空白，成熟的身体在这超乎想象的极致绝顶里彻底沦陷。
1011,action_part_a_orgasm_super_A,0,CVP_A2_T|105_E_1&CVP_A2_A|5_G_3&CVP_A2_A|5_LE_6&high_1,被寸止折磨了太多回的快感终于一齐决堤，{TargetName}成熟的腰肢深深弓起后又彻底瘫软下去，四肢失控地痉挛乱颤。\n{anal}长时间不受控制地连续绞缩，敏感的肠壁一圈圈疯狂吮吸般收拢，把这积攒到极限的绝顶烈度尽数释放。\n大量温热的肠液自{anal}失禁般狂涌而出，一股接一股地喷洒淌流，泛滥的量势远非从前可比。\n她那份成熟从容此刻荡然无存，只剩青涩到近乎慌乱的失神表情，眼角泛红，思维被冲刷成彻底的空白。\n那种压抑到极点后骤然彻底松开的解脱感，将这具成熟丰腴的胴体推上了超乎想象的极致巅峰。
1012,action_part_a_orgasm_super_A,0,CVP_A2_T|105_E_1&CVP_A2_A|5_G_3&CVP_A2_A|5_LE_6&high_1,仿佛被压到极限的水坝轰然溃堤，之前一次次逼到顶端又硬生生掐断的快感在这一刻全部倾泻而下。\n{TargetName}丰腴成熟的身子剧烈而持续地抽搐绷紧，{anal}极度夸张地痉挛收缩，一阵接着一阵久久无法平息。\n敏感的肠道诚实地绞紧又松开，将累积过量的极致快感一波波推向不可想象的高度。\n{anal}喷涌出的滚烫肠液如决口般失禁狂流，量大到几乎止不住，顺着股缝一路泛滥。\n她成熟的眉眼彻底失焦，青涩的唇边溢出止不住的涎液，那股终于得偿释放的巨大解脱把她的意识冲得一干二净。
1013,action_part_a_orgasm_super_A,0,CVP_A2_T|105_E_1&CVP_A2_A|5_G_3&CVP_A2_A|5_LE_6&high_1,无数次被推到绝顶悬崖边又被强行拽回所积压的庞大快感，此刻毫无保留地一齐炸裂开来。\n{TargetName}那具成熟又带着几分青涩的身体彻底失控，腰腹一次次深弓又瘫软，双腿痉挛般乱蹬。\n{anal}以骇人的幅度极度剧烈地连续收缩，敏感的肠道深处翻涌着难以承受的极致快感。\n温热的肠液从{anal}汹涌喷薄，失禁似地喷洒涌流个不停，泛滥的势头远超她过往任何一次绝顶。\n意识被这超乎想象的洪流彻底冲垮，脑中一片惨白，唯余那份压抑太久终获释放的酥麻解脱在残存的神智里回荡。
1014,action_part_a_orgasm_super_A,0,CVP_A2_T|105_E_1&CVP_A2_A|5_G_3&CVP_A2_A|5_LE_6&high_1,憋闷已久、一再被逼近顶点却又被生生截断的巨量快感，终于获准一次性尽情喷薄而出。\n{TargetName}成熟丰润的娇躯剧烈战栗，全身肌肉长时间紧绷抽搐，连脚趾都痉挛着蜷起又张开。\n{anal}极致而绵长地绞缩颤动，敏感的肠壁将这堆叠到顶的极乐一层层榨取释放出来。\n滚烫的肠液自{anal}失禁般奔涌狂泻，量多势猛地泼洒不止，把这场超乎想象的绝顶推向顶峰。\n她端庄成熟的神情彻底崩解，只剩青涩的失神与涣散的眼波，思维在这灭顶的快感与解脱中化作一片空白。

1015,action_part_a_orgasm_super_A,0,CVP_A2_T|106_E_1&CVP_A2_A|5_G_3&CVP_A2_A|5_LE_6,积攒了太久的巨量快感终于在这一刻被彻底放行，{TargetName}那具丰腴成熟的身躯猛地绷成一张满弓，随即剧烈而失控地痉挛起来。\n{anal}疯狂地、一波接一波地深深绞缩，那股被反复逼到绝顶边缘又硬生生截断的快感此刻汹涌决堤，化作超乎想象的极致冲击将她整个人淹没。\n成熟的腰肢深深弓起又彻底瘫软，修长的双腿失控地乱蹬颤抖，大量肠液失禁般地涌流不止。\n她眼神彻底涣散，思维被冲得一片空白，唇舌失控地微张流涎，那份积压已久终获释放的巨大解脱感让她整个人濒临崩溃。
1016,action_part_a_orgasm_super_A,0,CVP_A2_T|106_E_1&CVP_A2_A|5_G_3&CVP_A2_A|5_LE_6,一次次被逼到绝顶前一瞬又被狠狠拦住，积累的快感如今终于被允许一齐爆发，{TargetName}成熟丰满的身子骤然剧烈战栗。\n那股究极的快感远远超出了她能承受的极限，{anal}极度剧烈而漫长地连续收缩绞紧，把这场超强绝顶延展成没有尽头的极致失控。\n丰腴的胴体反复深弓又无力塌落，四肢痉挛乱颤，成熟的脸庞彻底失了神，滚烫的肠液大量喷涌而出。\n意识被这排山倒海的解脱感彻底冲垮，脑中空茫一片，唯余身体诚实地诉说着这超乎想象的灭顶快感。
1017,action_part_a_orgasm_super_A,0,CVP_A2_T|106_E_1&CVP_A2_A|5_G_3&CVP_A2_A|5_LE_6,被寸止折磨得几近发疯的巨量快感终于一齐倾泻，{TargetName}那具历经世事的成熟身躯瞬间陷入无法自控的剧烈抽搐。\n{anal}深处传来的适度快感在这一刻被无限放大成灭顶的洪流，它极度失控地一阵阵深深痉挛，将累积多时的绝顶尽数释放。\n她丰润的腰肢猛地弓到极致又骤然瘫软，双腿抽搐着失控地夹紧又蹬开，大量肠液喷薄失禁般涌流。\n成熟稳重的神情彻底崩解，眼神空洞失焦，口涎不受控制地溢出唇角，只剩巨大的解脱与濒临崩溃的快感将她整个吞没。
1018,action_part_a_orgasm_super_A,0,CVP_A2_T|106_E_1&CVP_A2_A|5_G_3&CVP_A2_A|5_LE_6,这具丰腴成熟的躯体像是被压抑到极限后终于挣脱枷锁，{TargetName}在快感一齐释放的刹那猛烈地弓起又颤栗。\n那被反复截断的绝顶终于汇成超乎想象的洪峰倾泻而下，{anal}长时间不受控制地剧烈绞缩收紧，把这场超强绝顶推向极致的失控。\n她成熟的腰腿失控地痉挛乱颤，反复深弓后彻底虚软瘫倒，滚热的肠液毫无节制地大量喷涌不止。\n意识被这灭顶的快感彻底冲刷成空白，眼神涣散无神，唇舌失控地颤动，那份积压许久终获宣泄的解脱感令她近乎崩溃。
1019,action_part_a_orgasm_super_A,0,CVP_A2_T|106_E_1&CVP_A2_A|5_G_3&CVP_A2_A|5_LE_6,累积到骇人地步的快感在被允许的一瞬如决堤洪水般一齐奔涌，{TargetName}丰腴的成熟身体骤然陷入极致的失控痉挛。\n{anal}疯狂而持久地深深收缩绞紧，一波接一波地把这场超乎想象的究极绝顶延续下去，成熟的胴体在剧烈的战栗中再无半分从容。\n她的腰肢深深弓成满月又彻底塌软，修长双腿失控地乱颤蹬动，大量肠液喷涌而出流淌不休。\n那份被反复吊起又终于释放的巨大解脱感彻底击溃了她的神智，思维一片空白，眼神失焦，唇角失控地淌下津液。

1020,action_part_a_orgasm_super_A,0,CVP_A2_T|107_E_1&CVP_A2_A|5_G_3&CVP_A2_A|5_LE_6,积蓄已久的巨浪终于被允许决堤，已为人妻的{TargetName}整个人骤然弓成一张紧绷到极限的弓，{anal}以超乎想象的烈度一波接一波疯狂痉挛收缩，将一次次被硬生生逼停在绝顶边缘的巨量快感全部一齐释放出来。\n那份被反复中断又猛地放行的解脱感如决口的洪流般将她彻底冲垮，思维一片空白，眼神涣散失焦，唇舌失控地微张，口水无声地溢出。\n大量肠液自{anal}失禁般喷涌而出，涌流不止，成熟丰腴的身躯长时间剧烈抽搐，背叛婚姻的背德愧疚在这究极的灭顶快感里被冲刷得干干净净。
1021,action_part_a_orgasm_super_A,0,CVP_A2_T|107_E_1&CVP_A2_A|5_G_3&CVP_A2_A|5_LE_6,被一次次逼到{anal}绝顶前一瞬又骤然掐停，累积到极致的快感在这一刻终于被彻底放行，人妻{TargetName}猛地仰起脖颈，成熟的身体绷紧到近乎断裂，随即在极致失控中不受控制地连续深弓又彻底瘫软。\n{anal}长久而剧烈地痉挛不止，究极的绝顶如惊涛骇浪般层层叠叠拍打上来，将她的神志冲刷得一片虚白，理智荡然无存。\n黏稠的肠液伴着失禁般的势头汹涌喷出，量与势远远盖过以往，她那点属于人妻的端庄矜持与对丈夫的愧疚，尽数消融在这前所未有的解脱与灭顶之中。
1022,action_part_a_orgasm_super_A,0,CVP_A2_T|107_E_1&CVP_A2_A|5_G_3&CVP_A2_A|5_LE_6,那被硬生生拦截了无数次的高潮终于一齐奔涌而出，{TargetName}这具已有归属的成熟胴体骤然剧烈痉挛，{anal}以远超寻常的幅度长时间收缩绞紧，将累积到超乎想象的巨量快感尽数倾泻。\n意识在这一瞬被彻底冲垮，思绪化作空白，她眼神迷离涣散，口水顺着微张的唇角失控地淌落。\n汹涌的肠液自{anal}如失禁般狂喷不止，一波接一波流淌个不停，反复寸止后终得释放的巨大解脱感与背弃婚姻的禁忌快感交织在一起，令她在极致的战栗里近乎彻底崩溃。
1023,action_part_a_orgasm_super_A,0,CVP_A2_T|107_E_1&CVP_A2_A|5_G_3&CVP_A2_A|5_LE_6,层层累积又被无数次逼停的快感海啸在这一刻全部决堤，人妻{TargetName}的成熟身躯猛然绷成极限，{anal}极度剧烈而持久地连续抽搐绞缩，一齐释放出那超乎想象的究极绝顶。\n她被这灭顶的洪流冲得思维一片空白，四肢失控地痉挛乱蹬，腰身反复深弓后又软软瘫下。\n大量肠液失禁般自{anal}喷涌狂泻，量势之猛远胜从前，那份终于被允许倾泻的解脱感将她连同对家庭的愧疚一并吞没，她在颤栗与失神里彻底沉沦。
1024,action_part_a_orgasm_super_A,0,CVP_A2_T|107_E_1&CVP_A2_A|5_G_3&CVP_A2_A|5_LE_6,憋了太久太多的绝顶终于被一齐放行，{TargetName}这具背着丈夫偷欢的成熟身体骤然弓起到极致，{anal}以不可思议的烈度长久而疯狂地痉挛收缩，将反复寸止累积下的巨量快感一次性尽数喷发。\n究极的快感如灭顶洪水将她的意识彻底冲垮，脑海空白一片，眼神失焦涣散，唇舌无力地失控颤抖。\n浓稠的肠液自{anal}失禁般汹涌喷溅，绵绵不绝地涌流，被压抑到极限后终获释放的巨大快意与背德的禁忌感彻底将她淹没，人妻的矜持在这一刻荡然无存。

1025,action_part_a_orgasm_super_A,0,target_is_player_daughter&CVP_A2_A|5_G_3&CVP_A2_A|5_LE_6,被反复寸止折磨了许久的{TargetName}终于被允许彻底释放，作为{Name}的亲生女儿，她这具年轻的身子在无数次濒临绝顶又被硬生生截停之后，再也承受不住那累积成山的巨量快感。\n所有被中断的高潮在这一刻轰然汇聚，{anal}猛地剧烈痉挛绞缩，一波远超想象的极致快感如决堤般席卷了她的整个下半身。\n她的腰肢弓成一道颤抖的弧线，脚趾深深蜷起，绯红的脸蛋朝着自己的父亲无助地仰起，眼神彻底失焦。\n汹涌的肠液自{anal}失禁般喷涌而出，量与势都骇人地涌流不止，将这场超乎寻常的超强绝顶淋漓地宣泄出来。
1026,action_part_a_orgasm_super_A,0,target_is_player_daughter&CVP_A2_A|5_G_3&CVP_A2_A|5_LE_6,一次又一次地被推到肛肠绝顶的悬崖边缘，又一次又一次地被无情勒停，{TargetName}早已被这残酷的寸止累积起难以估量的庞大快感。\n此刻枷锁尽数解开，她这个身为人女的娇躯猛然绷直，{anal}疯狂收缩着，将攒积了无数回的高潮一齐倾泻，那强度远远超出了她所能想象的极限。\n她再也顾不得面对的是自己的父亲{Name}，只能张大了嘴无声地喘息，全身如触电般抽搐不止，中等敏感的肠道被这滔天的快意彻底淹没。\n混浊温热的肠液自{anal}深处一股接一股地喷射失禁，涓涓不止地涌流，为这场骇人的超强绝顶画上淫靡的注脚。
1027,action_part_a_orgasm_super_A,0,target_is_player_daughter&CVP_A2_A|5_G_3&CVP_A2_A|5_LE_6,当{Name}终于松开那折磨人的寸止桎梏，被压抑了太久太多次的快感在{TargetName}体内轰然爆开。\n这个乖巧的女儿在数不清的濒临与截停之后，累积的快感早已远超身体所能负荷，{anal}此刻剧烈地绞紧又颤开，将一次次被生生掐断的绝顶尽数补偿式地释放出来。\n那是一种超乎想象的极致强度，她纤细的腰猛地塌陷又弓起，双腿绷得笔直，脚背颤抖着抽搐，恍惚的眼里泛起了失神的泪光，心底一遍遍无声地依恋着自己的父亲。\n大量滚烫的肠液从{anal}汹涌喷溅，如失禁般止不住地奔流，将这惊人的超强绝顶浇灌得淋漓尽致。
1028,action_part_a_orgasm_super_A,0,target_is_player_daughter&CVP_A2_A|5_G_3&CVP_A2_A|5_LE_6,经历了太多次逼近顶点却被硬生生按停的煎熬，{TargetName}体内积压的快感已如即将喷发的火山。\n终于，{Name}给了自己女儿彻底解放的许可，那堆叠了无数回的高潮在同一瞬间彻底崩堤，{anal}猛烈地一阵阵痉挛紧缩，将这股超出常理的极致快意毫无保留地喷薄而出。\n她感度适中的肠壁被这陡然释放的滔天快感冲刷得阵阵酥麻战栗，年轻的身躯剧烈弓成满弓，绯红的面颊上写满了迷乱与羞怯，无声地朝着父亲颤抖着张口。\n奔涌的肠液自{anal}如决堤般喷涌不休，量势惊人地失禁狂泻，把这场超乎想象的超强绝顶宣泄到极致。
1029,action_part_a_orgasm_super_A,0,target_is_player_daughter&CVP_A2_A|5_G_3&CVP_A2_A|5_LE_6,反复被推向肛肠高潮的边缘又反复被无情中断，{TargetName}这具属于父亲的娇嫩身子里，早已囤积起多到骇人的巨量快感。\n直到{Name}终于松了手，所有被拦截的绝顶在这一刻一齐奔涌释放，{anal}狂乱地收缩绞紧，一波超乎她想象的极致强度的快感如海啸般将她整个吞没。\n她的腰肢无力地反复弓起塌落，脚趾死死抠蜷，眼神涣散地失去焦点，喉间只溢得出破碎的气音，心里满是对身为上司的父亲那份羞耻又眷恋的悸动。\n浑浊的肠液自{anal}接连不断地喷射而出，失禁般地涌流成注，将这惊世骇俗的超强绝顶淋漓尽致地倾泻干净。

1030,action_part_a_orgasm_super_A,0,CVP_A2_T|102_E_1&CVP_A2_A|5_G_6,被一次次逼到肛肠绝顶边缘又生生截停之后，娇小稚嫩的{TargetName}终于获准将累积了太多次的巨量快感一齐倾泻而出。\n那具尚未发育的幼小身子猛地绷成满弓，纤细四肢无助地痉挛乱蹬，圆润小脸涨得通红，大眼睛翻起失了焦。\n极度敏感的{anal}疯狂收缩蠕动，一股股滚烫肠液如失禁般喷涌不止。\n这远超她小小身躯所能承受的超强绝顶，让她连懵懂的哭腔都变了调，浑身抽搐不休。
1031,action_part_a_orgasm_super_A,0,CVP_A2_T|102_E_1&CVP_A2_A|5_G_6,经历了数不清的寸止折磨，每一回都在即将攀上肛肠顶峰的刹那被硬生生拽回，稚气未脱的{TargetName}体内早已积满了随时会决堤的洪流。\n此刻闸门骤然大开，那么多次被中断的高潮汹涌着一齐炸开。\n{anal}被这超乎想象的极致快感彻底淹没，敏感的肠壁狂乱翻搅，大量肠液喷薄而出溅落一地。\n她娇小的身体绷直又瘫软，纤细的腰肢反复弓起，小手死死攥紧，连脚趾都蜷曲得发白。
1032,action_part_a_orgasm_super_A,0,CVP_A2_T|102_E_1&CVP_A2_A|5_G_6,一次，两次，无数次被吊在肛肠高潮的悬崖边缘迟迟不得释放，年幼的{TargetName}早被折磨得意识涣散。\n当积攒到极限的快感终于被允许一泄千里，那超强绝顶如海啸般将她整个吞没。\n过分敏感的{anal}剧烈痉挛着失禁般喷出汹涌肠液，量与势都远非寻常绝顶可比。\n她稚嫩的躯体不受控地剧烈弹跳，柔嫩的腿根抽搐痉挛，通红的小脸上满是承受不住的茫然与迷乱。
1033,action_part_a_orgasm_super_A,0,CVP_A2_T|102_E_1&CVP_A2_A|5_G_6,反复被逼近肛肠绝顶又反复被截停，一层层堆叠的快感把小小的{TargetName}憋到了极限。\n终于等到一并倾泻的这一刻，超乎想象的巨大快意从后穴深处轰然爆发，席卷了她每一寸稚嫩的肌肤。\n高度敏感的{anal}疯狂收缩，滚烫的肠液喷涌成流，怎么夹也止不住地失禁般涌出。\n她娇小的身子绷成弓形又剧烈颤栗，纤细的手指胡乱抓挠，眼神彻底失焦，只剩下懵懂的呜咽。
1034,action_part_a_orgasm_super_A,0,CVP_A2_T|102_E_1&CVP_A2_A|5_G_6,太多次濒临肛肠顶点却被生生按住的煎熬后，幼小的{TargetName}终于被准许将这堆积如山的快感一次尽数释放。\n那超强绝顶远远超出她小小身体所能想象的强度，将她整个人卷入灭顶的快意漩涡。\n极致敏感的{anal}狂乱蠕动收缩，大量滚烫肠液如泄闸般喷射而出，涌流不止。\n她稚嫩的躯干止不住地弓起抽搐，柔软的四肢无力痉挛，红扑扑的小脸上写满懵然的沉溺。

1035,action_part_a_orgasm_super_A,0,CVP_A2_T|103_E_1&CVP_A2_A|5_G_6,被压抑了太久太久的快感在这一刻终于得到了释放，{TargetName}娇小稚嫩的身体骤然绷成一张满弓，仿佛有一股积蓄到极限的洪流从{anal}深处轰然决堤。\n无数次被生生逼停在绝顶边缘的巨量快感一齐涌上，将她那早熟又懵懂的小脑袋冲刷得一片空白。\n{anal}疯狂地痉挛收缩，敏感到极致的肠壁再也承受不住，大量温热的肠液失禁般喷涌而出，止都止不住。\n她眼神彻底涣散，唇舌失控地颤抖着，纤细的四肢无力地痉挛乱蹬，整个娇小身子在这超乎想象的极致绝顶中溺毙。
1036,action_part_a_orgasm_super_A,0,CVP_A2_T|103_E_1&CVP_A2_A|5_G_6,积攒到无法计量的欲潮在这一瞬间尽数倾泻，{TargetName}那具刚开始发育的小小身躯剧烈地弓起又彻底瘫软。\n一次次被中断、被吊在顶点前的快感终于被允许合而为一，超乎想象的强度瞬间贯穿了她纤瘦的脊背。\n高感度到近乎失常的{anal}长时间地、不受控制地绞紧又松开，汹涌的肠液如失禁般一波波涌流不止。\n稚气未脱的小脸上写满了濒临崩溃的失神，她大张着小嘴发不出完整的音节，只剩灵魂被抽空般的巨大解脱。
1037,action_part_a_orgasm_super_A,0,CVP_A2_T|103_E_1&CVP_A2_A|5_G_6,仿佛被压到极限的堤坝轰然崩塌，{TargetName}娇小的身子猛地痉挛，把累积了太多次的滔天快感一股脑释放出来。\n那被反复逼到绝顶前又硬生生截住的巨量欲望终于汇成一片，将她青涩的意识彻底冲垮成一片空白。\n敏感得可怕的{anal}极度剧烈地连续抽搐，滚烫的肠液再也锁不住，喷涌而出淋漓不尽。\n她小小的腰肢深深弓起后又软软塌下，纤细双腿失控地夹紧又乱颤，在极致的解脱里颤栗到近乎昏厥。
1038,action_part_a_orgasm_super_A,0,CVP_A2_T|103_E_1&CVP_A2_A|5_G_6,被吊在高潮悬崖边太多次的{TargetName}此刻终于被允许纵身跃下，稚嫩娇躯瞬间被没顶的快感淹没。\n那积压已久、每次都在最后关头被掐断的绝顶如今尽数爆发，超乎想象的巨浪把她那颗小脑袋冲得神智全无。\n{anal}疯狂而持久地蠕动绞缩，大量肠液伴着痉挛失禁般喷洒，量与势都远非寻常绝顶可比。\n她的双眼失焦上翻，口水顺着微张的小嘴溢出，柔嫩的身体一次次抽搐，在漫长的解脱中彻底融化。
1039,action_part_a_orgasm_super_A,0,CVP_A2_T|103_E_1&CVP_A2_A|5_G_6,再也压制不住的巨量快感终于获准倾巢而出，{TargetName}那副娇小玲珑的身子骨骤然绷紧到极限。\n数不清多少回被逼停在绝顶前一瞬的煎熬在此刻一齐清算，究极的快感洪流轰然冲垮了她懵懂的心防。\n过分敏感的{anal}长久地剧烈痉挛，止不住的肠液如决堤般喷涌翻涌，将她推向思维尽数空白的巅峰。\n她纤瘦的躯体反复弓起又瘫软，纤细手指无力地蜷缩抓挠，在这超乎想象的极致绝顶里失神颤栗不止。

1040,action_part_a_orgasm_super_A,0,CVP_A2_T|104_E_1&CVP_A2_A|5_G_6,积攒了太久太久的巨浪终于在这一刻被彻底放行，{TargetName}青春的娇躯猛地弓成一张紧绷到极限的弓，随即又失控地剧烈痉挛起来。\n那一次次被硬生生截停在绝顶前一瞬的滔天快感，此刻一齐决堤般轰然倾泻，将她的神智瞬间冲刷得一片空白。\n{anal}以超乎想象的烈度疯狂收缩绞紧，敏感到极致的肠壁一波接一波地深深抽搐，滚烫的肠液如失禁般汹涌喷涌而出，量与势都远远超出寻常。\n少女涣散的眼神彻底失焦，唇舌无力地松垮着，口涎顺着嘴角滑落，四肢乱颤乱蹬，稚嫩的腰肢在极致的解脱与灭顶的快感中反复深弓又彻底瘫软。
1041,action_part_a_orgasm_super_A,0,CVP_A2_T|104_E_1&CVP_A2_A|5_G_6,{TargetName}那具青春靓丽的身子骤然绷到极处，紧接着便被一场超乎想象的灭顶绝顶彻底吞没。\n被反复逼到峰顶又生生按下的无数次快感，在这一刻毫无阻拦地一齐炸开，累积已久的巨量快感终于获得释放，那股汹涌的解脱感几乎将她的灵魂都掀翻。\n{anal}极度剧烈而持久地连环痉挛，敏锐的肠道深处不受控制地疯狂蠕动绞缩，大量灼热的肠液喷薄涌流不止。\n少女的思维被冲刷成一片空白，双眼失神地上翻，嫩红的脸蛋彻底失了神采，纤细的双腿失控地痉挛乱蹬，柔软的腰肢一次次深深弓起后又软塌下去。
1042,action_part_a_orgasm_super_A,0,CVP_A2_T|104_E_1&CVP_A2_A|5_G_6,再也压制不住的巨大洪流轰然冲垮了{TargetName}最后一丝理智，青涩的身体在极致的快感中疯狂战栗，仿佛整个人都要被这灭顶之势撕碎。\n那些被一次次残忍地阻断在绝顶门槛前的快感，如今终于被允许尽数奔涌而出，累积到巅峰的酥麻一齐释放，带来近乎昏厥的巨大解脱。\n{anal}以远超寻常的极端强度长时间抽搐绞紧，超乎想象地敏感的肠壁深深收缩着，滚烫的肠液失禁般大量喷涌，止都止不住。\n少女的意识彻底沉入空白，眼神涣散无光，唇畔溢出细亮的涎水，稚嫩的四肢无力地痉挛，纤腰在剧烈的高潮浪潮里反复弓起又瘫倒。
1043,action_part_a_orgasm_super_A,0,CVP_A2_T|104_E_1&CVP_A2_A|5_G_6,忍耐已久的巨量快感终于冲破了最后的堤坝，{TargetName}充满青春活力的娇躯在这一瞬彻底失去了控制，剧烈地抽搐颤栗个不停。\n一次次被逼到绝顶边缘又强行拽回的折磨，此刻化作汹涌澎湃的滔天大潮尽情倾泻，那种压抑到极限后骤然获释的快意几乎令她濒临崩溃。\n{anal}疯狂而不受控制地连续绞缩，敏感至极的肠道深处一阵阵剧烈地蠕动收紧，海量的肠液如决堤般喷射而出，来势汹汹。\n少女的神志被这超乎想象的绝顶彻底冲垮，双目失神地翻起，口水顺着松弛的唇角流淌，青嫩的双腿乱颤，纤细的腰肢深弓之后再无力地彻底软下。
1044,action_part_a_orgasm_super_A,0,CVP_A2_T|104_E_1&CVP_A2_A|5_G_6,堆积如山的快感终于被尽数解放，{TargetName}年轻娇嫩的身体猛然痉挛成一团，随即在超乎想象的极致绝顶里彻底失控。\n那被无数次强行截停在高潮前一刻的滔天欲潮，此刻毫无保留地一齐奔涌释放，巨大的解脱感如洪水般将她仅存的意识彻底淹没。\n{anal}以极端的烈度长久地剧烈痉挛，稚嫩的肠壁深处疯狂绞缩蠕动，灼热的肠液喷涌失禁般汹涌流泻不休。\n少女的思绪一片空白，涣散的眼神再聚不起焦距，唇舌瘫软口涎横流，纤弱的四肢无力乱蹬，青春的腰肢一次次深深弓起又彻底垮塌瘫软。

1045,action_part_a_orgasm_super_A,0,CVP_A2_T|105_E_1&CVP_A2_A|5_G_6,积攒了太多次的快感在这一刻终于被彻底放行，{TargetName}那具成熟丰腴的身躯猛地绷成一张满弓，随即又剧烈地痉挛颤抖起来。\n那被反复逼到绝顶边缘又一次次生生截断的巨量快感，此刻如决堤般一齐倾泻而出，{anal}极度剧烈地一轮又一轮收缩绞紧，敏感到极致的肠壁疯狂蠕动着，将这超乎想象的极致快感放大到她根本无法承受的地步。\n大量温热的肠液再也止不住地失禁般喷涌而出，一股接一股地涌流不停。\n成熟的她此刻意识被彻底冲垮，思维一片空白，眼神涣散失焦，唇舌失控地微微张着，任由口水溢出，只剩下累积已久终获释放的巨大解脱感将她整个人淹没。
1046,action_part_a_orgasm_super_A,0,CVP_A2_T|105_E_1&CVP_A2_A|5_G_6,那一直被吊在绝顶悬崖边缘迟迟不得释放的滔天快感，终于在这一瞬被允许尽数奔涌而出。\n{TargetName}丰腴成熟的腰肢反复深深弓起而后又彻底瘫软下去，修长的双腿失控地痉挛乱蹬。\n她那敏感得不可思议的{anal}长时间不受控制地连续抽搐绞缩，一波未平一波又起，将累积了无数次的快感一齐炸开，冲刷着她的每一根神经。\n汹涌的肠液如失禁般大量喷洒涌落，量与势都远远超出以往。\n一贯从容可靠的大姐姐此刻彻底失了神，脑海一片空白濒临崩溃，只在那铺天盖地的解脱感里无声地颤栗着，成熟的躯体与失控的表情形成刺目的对比。
1047,action_part_a_orgasm_super_A,0,CVP_A2_T|105_E_1&CVP_A2_A|5_G_6,被反复寸止折磨到极限后一齐释放的究极快感狠狠贯穿了{TargetName}的全身，成熟的胴体骤然剧烈地绷紧抽搐，久久无法平息。\n{anal}以极致的幅度长久地痉挛收缩着，那异常敏感的肠道贪婪地放大着每一分快感，将这远超想象的绝顶推向顶点。\n温热黏稠的肠液再也无从抑制，失禁般地喷涌而出汩汩流淌不停。\n她丰润的身子一次次弓起又软塌，纤长的手指死死蜷曲掐进掌心，成熟的脸庞却写满了青涩的慌乱与失神。\n意识早已被这滔天的快感彻底冲垮，思绪化作一片空白，只余下积压已久终得宣泄的酣畅解脱。
1048,action_part_a_orgasm_super_A,0,CVP_A2_T|105_E_1&CVP_A2_A|5_G_6,一次次逼近顶点又被硬生生截断的巨量快感，此刻如洪流决堤般在{TargetName}体内一齐爆发开来。\n她那具丰腴成熟的身躯剧烈而持续地抽搐绷紧，腰腹反复深弓后又整个瘫软无力。\n敏感到极点的{anal}极度剧烈地连番痉挛绞紧，肠壁疯狂翻搅蠕动，将累积多时的快感一股脑地尽数释放。\n大量肠液再也止不住地喷涌失禁，如涌泉般奔流而下。\n成熟稳重的她此刻双眼彻底失焦涣散，思维被冲刷得一片空白，连绵不断的极致快感与终于解脱的酣畅将她整个人牢牢淹没，唇边溢出的津液无声诉说着这份彻底的失控。
1049,action_part_a_orgasm_super_A,0,CVP_A2_T|105_E_1&CVP_A2_A|5_G_6,那被反复吊在绝顶边缘的滔天欲潮，终于在这一刻被尽数放行，一齐向{TargetName}汹涌袭来。\n{TargetName}成熟丰腴的身体极致失控地剧烈痉挛，四肢绷紧又失力乱颤，腰肢深深弓起后彻底瘫软。\n她那敏感异常的{anal}长时间不停地绞缩抽搐，肠道深处将这超乎想象的巨量快感一浪高过一浪地放大宣泄。\n汹涌的肠液失禁般大量喷洒而出，势头远胜从前。\n平日里从容可靠的大姐姐此刻意识被彻底击溃，脑中空空一片濒临崩溃，只在那积压已久终获释放的巨大解脱里失神战栗，成熟与失态交织成极致淫靡的画面。

1050,action_part_a_orgasm_super_A,0,CVP_A2_T|106_E_1&CVP_A2_A|5_G_6,堆积了太多次被生生截断的高潮此刻终于被彻底放行，{TargetName}那具成熟丰腴的身躯猛然弓成一张满弓，随即失控般剧烈痉挛起来。\n{anal}一波接一波地疯狂缩紧又骤然松开，将累积到极限的巨量快感一齐倾泻而出，浓稠的肠液如失禁般汩汩喷涌，怎么也止不住地往外涌流。\n熟女惯有的那份沉稳从容在这超乎想象的绝顶里被冲刷得干干净净，眼神彻底涣散，思维一片空白，双唇大张，口涎顺着下颌无声滑落。\n丰腴的腰肢深深弓起后又彻底瘫软，成熟修长的双腿失控地乱蹬痉挛，仿佛要把这压抑太久的一切统统释放殆尽。
1051,action_part_a_orgasm_super_A,0,CVP_A2_T|106_E_1&CVP_A2_A|5_G_6,被反复截停折磨到极限的巨量快感终于一齐决堤，{TargetName}成熟的身体骤然绷成一条紧弦，接着毫无节制地剧烈抽搐起来。\n{anal}以远超寻常的幅度长时间狂乱地蠕动收缩，敏感到极点的肠壁将每一分累积的酥麻都放大到极致，喷薄而出的肠液势如泉涌，失禁般不住地往外淌流。\n这具早已被情事磨得熟练的丰满胴体此刻再无半点招架之力，成熟风韵尽数化作癫狂的战栗，脑中轰然炸开一片惨白的空白。\n她高高仰起脖颈，丰润的胸脯剧烈起伏，脚趾死死蜷曲，一泄而空的巨大解脱感将她整个人彻底淹没。
1052,action_part_a_orgasm_super_A,0,CVP_A2_T|106_E_1&CVP_A2_A|5_G_6,一次次被逼到绝顶边缘又硬生生刹住的快感此刻如洪流般轰然倾泻，{TargetName}丰腴成熟的躯体瞬间失控地弹跳颤抖。\n{anal}极度剧烈地连续绞缩，高敏的肠道对这终于被放行的巨浪毫无抵抗，翻涌的肠液一股股喷射而出，量与势都远远盖过以往的任何一次。\n熟女特有的从容与矜持早被冲刷得荡然无存，双目失神上翻，意识被彻底击溃成一片虚无。\n她成熟的腰身反复深深弓起又软软塌下，修长丰满的大腿大幅痉挛，累积至今的一切在这一刻尽情释放，酣畅得近乎脱力。
1053,action_part_a_orgasm_super_A,0,CVP_A2_T|106_E_1&CVP_A2_A|5_G_6,憋积了无数回的高潮总算被允许一齐爆发，{TargetName}那具成熟饱满的身体骤然剧烈地绷紧又猛烈震颤。\n{anal}疯狂而持久地一阵阵猛缩，敏感异常的肠壁将积攒到顶点的快感彻底释放，稠腻的肠液失禁般奔涌不止，怎么夹也夹不住地往外汩汩溢流。\n这具历经风月的熟女胴体本最擅长掌控节奏，此刻却被这究极的绝顶碾得七零八落，眼神空洞，思绪尽数化作一片茫白。\n丰腴的腰肢高高弓起旋即彻底瘫软，成熟的双腿无力地大张痉挛，那股压抑良久终获释放的解脱感令她浑身酥软到骨子里。
1054,action_part_a_orgasm_super_A,0,CVP_A2_T|106_E_1&CVP_A2_A|5_G_6,累积到再也承受不住的巨量快感终于被一口气放开，{TargetName}成熟丰盈的身躯猛地拱起，紧接着不受控制地连连抽搐。\n{anal}以极端的力道长久地狂乱收缩痉挛，高敏的肠道贪婪地攫取着这迟来的滔天快感，喷涌的肠液如决堤般失禁流泻，怎么也收势不住。\n浸淫情事多年的熟练与沉稳在这超乎想象的巅峰前全线崩溃，她双眼翻白失焦，唇舌失控，涎水沿着嘴角不断滴落。\n成熟的腰身深弓后彻底脱力瘫软，丰满的腿根剧烈颤栗乱蹬，把这积压太久的一切一泻千里，尽数交付于这场极致的绝顶。

1055,action_part_a_orgasm_super_A,0,CVP_A2_T|103_E_1&CVP_A2_A|5_LE_3,娇小稚嫩的{TargetName}那具还在发育的小身子猛地绷成一张满弓，被累积了太多次却又生生截断的快感一口气冲垮了理智。\n明明{anal}平日迟钝得连异物填入都只当作胀满的钝感，此刻却被这股迟来的巨浪彻底攻陷，一波接一波地疯狂痉挛收缩，怎么也停不下来。\n那些被反复逼到绝顶边缘又硬生生按住的滔天快意在这一瞬全数决堤，稚气未脱的小脸涨得通红，圆圆的眼睛失神上翻，脑中一片空白。\n失禁般的滚烫肠液自{anal}深处汹涌喷落，量大得吓人，纤细的双腿无力乱蹬痉挛，只余下累积尽释后那近乎灵魂出窍的极致解脱。
1056,action_part_a_orgasm_super_A,0,CVP_A2_T|103_E_1&CVP_A2_A|5_LE_3,一直被寸止折磨到濒临崩溃的{TargetName}终于被允许放开，那一齐倾泻而下的究极快感让她小小的躯体彻底失了控。\n迟钝低敏的{anal}原本只对填塞有着模糊的异物感，此刻却像被点燃一般，剧烈而持久地一缩一绞，抽搐幅度大得不似她平日的反应。\n娇嫩的腰肢深深弓起又猛地瘫软，稚嫩的脚趾死死蜷曲，唇边失控地溢出涎水，天真的眉眼间尽是被快感冲垮后的茫然与失神。\n巨量的肠液从紧绞的{anal}中失禁般喷涌不止，一股接一股淋漓落下，年幼的她在这积压已久的滔天释放里，尝到了前所未有的极乐与解脱。
1057,action_part_a_orgasm_super_A,0,CVP_A2_T|103_E_1&CVP_A2_A|5_LE_3,{TargetName}小小的身体在这一刻毫无预兆地剧烈弹跳起来，积攒了不知多少次的被截断的高潮一并炸开，将她连同理智一起吞没。\n即便{anal}生来低感、平时只把插入当成迟钝的胀满，也架不住这股究极的巨浪，深处不受控地连连绞紧又颤开，痉挛久久不能平息。\n发育未全的胸口剧烈起伏，纤细四肢无力地痉挛乱颤，稚气的脸蛋上满是失神的潮红，圆眸涣散，脑海被冲刷得一干二净。\n汹涌的肠液自失禁的{anal}狂喷而出，量势远超寻常，娇小的她在这场迟来的总释放中，被极致的快感与解脱推向了意识的尽头。
1058,action_part_a_orgasm_super_A,0,CVP_A2_T|103_E_1&CVP_A2_A|5_LE_3,被一次次逼到绝顶前一瞬又强行止住的{TargetName}，此刻终于迎来放行，全部积压的快感如溃坝般在她幼小身躯里同时爆发。\n那平素迟钝麻木、只识得异物填塞的{anal}竟也被彻底击穿，疯了似的连续深绞猛缩，一阵紧过一阵，久久停不下来。\n她稚嫩的腰肢反复深弓后又彻底脱力瘫软，细瘦的双腿失控地乱蹬痉挛，天真的小脸失神扭曲，眼神空茫，思绪尽数化为空白。\n失禁的滚烫肠液自{anal}深处喷薄倾泻，量大得惊人，年幼的她在这积累已久终得倾尽的极乐中，浑身战栗着享受着灭顶的解脱。
1059,action_part_a_orgasm_super_A,0,CVP_A2_T|103_E_1&CVP_A2_A|5_LE_3,积压到极限的快感终于被放开闸门，{TargetName}那具娇小青涩的身子骤然剧震，被这超乎想象的绝顶浪潮整个卷走。\n她的{anal}向来低敏迟钝，寻常刺激只换来淡淡的胀塞异感，此刻却被这滔天的一齐释放攻陷，深处极致地痉挛收缩个不停。\n稚嫩的手指死死抓紧，纤细的脚尖绷得笔直又猛地松脱，红透的小脸上满是失控的涎水与泪光，圆眸失神翻起，脑中彻底空白。\n海量的肠液自狂缩的{anal}里失禁般奔涌喷出，淋漓不尽，幼小的她在这迟来的总爆发里，被极致的快意与解脱彻底融化了心神。

1060,action_part_a_orgasm_super_A,0,CVP_A2_T|107_E_1&CVP_A2_A|5_G_6,积蓄了太多次的快感在这一刻彻底决堤，人妻{TargetName}被反复逼到绝顶边缘又硬生生截停，一次又一次的寸止终于被允许尽数释放，{anal}猛地绞紧又痉挛着张合。\n她背叛着婚姻的身体在这超乎想象的极致快感里失控地弓起，腰肢剧烈颤抖，双腿绷直又瘫软，眼神涣散地翻起。\n大量肠液如失禁般从{anal}喷涌而出，止不住地涌流，罪恶与背德的刺激将这场超强绝顶推向了灭顶的深渊。
1061,action_part_a_orgasm_super_A,0,CVP_A2_T|107_E_1&CVP_A2_A|5_G_6,一次次被推上云端又被残忍拽回的折磨终于结束，人妻{TargetName}将累积了无数次的高潮在同一瞬间尽数倾泻，{anal}疯狂收缩着仿佛要把一切都榨干。\n她一边为背叛丈夫而愧疚，一边却因这禁忌的极乐而浑身痉挛，脚趾蜷缩，腰身不受控制地扭动挺送。\n滚烫的肠液成股喷射而出，量与势远超以往任何一次，这超乎想象的绝顶让她的意识彻底被快感的洪流淹没。
1062,action_part_a_orgasm_super_A,0,CVP_A2_T|107_E_1&CVP_A2_A|5_G_6,被寸止技巧反复戏弄到濒临崩溃的{TargetName}，此刻终于迎来了被允许释放的一刻，堆积如山的快感轰然炸开，{anal}一阵紧似一阵地绞动痉挛。\n作为人妻的她在极致的背德感中失神地仰起脖颈，双手死死抓握，大腿内侧不住地抽搐颤栗。\n汹涌的肠液再也无法忍耐地喷涌失禁，接连不断地涌流不止，这场超强绝顶的强度让她连呼吸都变得支离破碎。
1063,action_part_a_orgasm_super_A,0,CVP_A2_T|107_E_1&CVP_A2_A|5_G_6,无数次被截断在绝顶前一瞬的快感在这一刻齐齐爆发，人妻{TargetName}的身体像断了线般剧烈弹跳，{anal}深处传来一波又一波灭顶的痉挛。\n她想着要向丈夫隐瞒这一切，可背德的禁忌快感却让她再也压抑不住，腰肢高高弓起又重重砸下。\n大量温热的肠液从{anal}失禁般地狂涌喷洒，势不可挡，这超乎想象的极致绝顶将她整个人都吞没在快感的漩涡中。
1064,action_part_a_orgasm_super_A,0,CVP_A2_T|107_E_1&CVP_A2_A|5_G_6,积攒了太多次未能释放的绝顶终于被一次性放行，{TargetName}这具已为人妻的身体在超强快感中彻底失控，{anal}痉挛着一张一合难以自持。\n她眼角泛起生理性的泪水，罪恶感与销魂的快意交织，双腿颤抖着绷紧又无力地滑开。\n喷薄的肠液如决堤洪水般不断涌出失禁，量大得惊人，这远超想象的灭顶绝顶让她连一丝挣扎的力气都被榨得干干净净。

1065,action_part_a_orgasm_super_A,0,target_is_player_daughter&CVP_A2_A|5_G_6,被反复逼到绝顶边缘又硬生生截停了无数回的{TargetName}，此刻终于被允许将累积到极限的巨量快感一次性尽数倾泻出来，作为博士{Name}的亲生女儿，她那早已被开发得极度敏感的{anal}在这一瞬彻底崩溃。\n整具身子如离水之鱼般剧烈痉挛，纤细的腰肢深深弓起又猛地瘫软，四肢失控地抽搐乱蹬，脚趾死死蜷曲。\n{anal}疯狂地一阵阵收缩绞紧，大股大股滚烫的肠液如失禁般喷涌而出，止不住地汩汩涌流。\n她眼神彻底涣散，思维一片空白，口涎顺着嘴角滑落，稚嫩的脸上写满了被极致快感冲垮后那份难以言喻的解脱与沉沦，连身为女儿的乱伦羞耻都被这滔天绝顶吞噬得一干二净。
1066,action_part_a_orgasm_super_A,0,target_is_player_daughter&CVP_A2_A|5_G_6,积压了太多次却始终不被允许释放的高潮在这一刻同时炸裂开来，身为{Name}女儿的{TargetName}被那层层叠加、连绵不绝的绝顶巨浪彻底掀翻。\n她高感度的{anal}早已敏感到失去理智，此刻疯狂地痉挛蠕动，一波接一波向内绞缩，仿佛要把体内所有堆积的快感尽数榨取殆尽。\n浓稠的肠液毫无节制地喷洒涌出，顺着颤抖的股缝失禁般淌落。\n少女的腰背反复深弓又彻底塌软，双腿痉挛着大张，脚尖绷得笔直。\n她的意识被这超乎想象的极致快感冲刷得一片惨白，眼球微微上翻，唇舌失控地颤动，只剩累积已久终得释放的滔天快意在小小的身体里翻江倒海。
1067,action_part_a_orgasm_super_A,0,target_is_player_daughter&CVP_A2_A|5_G_6,再也承受不住的{TargetName}终于迎来了那个被吊足无数次胃口后一齐奔涌而至的究极绝顶，作为父亲{Name}的女儿，她敏感至极的{anal}在这灭顶般的快感洪流中彻底失守。\n{anal}长时间地、不受控制地剧烈绞缩抽搐，滚烫的肠液如决堤般狂涌喷出，一股接一股失禁般溢流不止。\n她整个身子先绷成一张满弓，随即又软成一滩烂泥，纤腰抽搐，媚肉翻搅。\n那双圆润的眼睛失神地失去焦点，泪水与口水一同滑落，稚嫩的脸庞上尽是被快感彻底击溃后的痴迷与放空，仿佛灵魂都随着这场超强绝顶一同飞散殆尽。
1068,action_part_a_orgasm_super_A,0,target_is_player_daughter&CVP_A2_A|5_G_6,被无数次推向巅峰又生生按停的快感终于在此刻决堤，{TargetName}这具属于博士{Name}的娇嫩女儿之躯迎来了远超极限的超强绝顶。\n她那被彻底开发的{anal}敏锐得可怕，此刻疯狂而持久地一阵阵痉挛收缩，浑身肌肉都在剧烈地绷紧又抽搐。\n汹涌的肠液毫无遮拦地喷涌失禁，量与势都大得惊人，止不住地向外奔流。\n小小的腰肢深深弓起后彻底脱力瘫倒，双腿失控地痉挛乱颤，脚趾蜷得发白，破碎的呜咽从喉间漏出。\n她的脑海被冲刷成一片空茫，眼神迷离涣散，唇边挂着涎水，被这一齐释放的滔天快意冲得神魂俱灭。
1069,action_part_a_orgasm_super_A,0,target_is_player_daughter&CVP_A2_A|5_G_6,所有被强行截停、堆积到极致的快感终于在这一刻尽数迸发，身为{Name}亲生女儿的{TargetName}被这股超乎想象的绝顶巨浪彻底淹没。\n她高度敏感的{anal}疯狂痉挛，深处的媚肉一圈圈疯狂绞缩蠕动，失控般丝毫不肯停歇。\n大量炽热的肠液喷薄而出，如失禁一般汹涌不止地向外淌流。\n纤细的身躯不受控制地剧烈抽搐战栗，腰背反复弓起又塌软，四肢痉挛乱颤，脚尖死死绷直。\n她彻底失神，眼底一片涣散空白，口涎无意识地溢出嘴角，被这累积良久后终得释放的极致快感冲垮了全部理智，只余无边的解脱与深深的沉溺。

1070,action_part_a_orgasm_super_A,0,CVP_A2_T|102_E_1&CVP_A2_T|1_E_0&CVP_A2_A|10_LE_3,被反复推到绝顶边缘又一次次生生截停之后，娇小稚嫩的{TargetName}终于被允许将累积了无数次的巨量快感一齐倾泻出来。\n那超乎想象的超强绝顶如决堤般席卷了她小小的身体，尚且紧致的{anal}疯狂痉挛收缩着，一波接一波的极致快感在肠道深处炸裂开来。\n她纤细的四肢绷得笔直，稚气的小脸涨得通红，眼神失焦地上翻着，嘴角控制不住地淌下涎水。\n随着这场究极的释放，滚烫的肠液从{anal}汹涌喷涌而出，失禁般止不住地涌流不停，量与势都远远超乎寻常。
1071,action_part_a_orgasm_super_A,0,CVP_A2_T|102_E_1&CVP_A2_T|1_E_0&CVP_A2_A|10_LE_3,一次又一次被逼到高潮临界又硬生生掐断，如此折磨了不知多少回后，幼小的{TargetName}终于迎来了那被允许一齐爆发的瞬间。\n积攒到极限的快感在同一刻轰然释放，比强绝顶还要凶猛百倍的浪潮几乎将她稚嫩的身体彻底淹没。\n{anal}深处传来一阵阵剧烈的抽搐，尚未被开发透的肠壁疯狂绞紧又猛地松开，把巨浪般的快感一层层往上顶。\n她小小的腰肢弓成惊人的弧度，脚趾死死蜷缩，滚烫肠液自{anal}失禁般狂涌而出，量多得连她自己都惊惶不已。
1072,action_part_a_orgasm_super_A,0,CVP_A2_T|102_E_1&CVP_A2_T|1_E_0&CVP_A2_A|10_LE_3,在被无数次寸止的煎熬里苦苦累积，直到再也压不住的那一刻，娇嫩的{TargetName}才被准许把所有被中断的高潮一次性尽数释放。\n那是一场远远超出想象的超强绝顶，快感如同海啸般从她幼童般小巧的躯体最深处轰然掀起。\n她仍旧紧致的{anal}一下下痉挛着死死收缩，把连绵不绝的极乐一波波推向顶点。\n稚气的脸庞失神地扭曲，柔软的细腿不受控制地痉挛乱颤，大量肠液从{anal}喷薄涌流，浇得她整个下身狼狈不堪。
1073,action_part_a_orgasm_super_A,0,CVP_A2_T|102_E_1&CVP_A2_T|1_E_0&CVP_A2_A|10_LE_3,被吊在绝顶门槛上反复戏弄、每每将要登顶便被冷酷截停，累积了太多太多之后，弱小的{TargetName}终于被恩准将它们一齐释放。\n刹那间无数被压抑的高潮在她体内同时炸开，那份强度早已超乎凡人能够承受的极限。\n她那尚显稚嫩的{anal}疯狂地一缩一放，深处的肌肉绞成一团又骤然舒张，把究极的快感一次次冲上巅峰。\n她瘦小的身子剧烈地弹跳颤抖，喉间溢出破碎的呜咽，海量肠液如泉般自后穴喷涌失禁，怎么也止不住。
1074,action_part_a_orgasm_super_A,0,CVP_A2_T|102_E_1&CVP_A2_T|1_E_0&CVP_A2_A|10_LE_3,历经一轮又一轮的寸止拉扯，被反复推到边缘再无情拽回，直至那道封印终于解开，娇小的{TargetName}将憋了太久的巨量快感尽情喷发。\n超乎想象的超强绝顶像雷霆一样贯穿她幼童般纤弱的全身，让她整个人都失去了控制。\n开发尚浅却依旧紧窄的{anal}深处狂乱地抽搐绞缩，连成一片的极致快感一浪高过一浪。\n她小小的十指痉挛地抓挠着，纯真的眼里泛起生理性的泪光，滚热肠液自{anal}汹涌喷洒，失禁般狂泻不止量势惊人。
1075,action_part_a_orgasm_super_A,0,CVP_A2_T|103_E_1&CVP_A2_T|1_E_0&CVP_A2_A|10_LE_3&high_1,稚嫩娇小的{TargetName}那具幼嫩的身子猛地绷成一张满弓，被压抑寸止了太多次的巨量快感在这一刻终于被彻底解放，如决堤般轰然冲垮了她全部的意识。\n{anal}极度剧烈地一波接一波疯狂痉挛收缩，紧致稚嫩的肠壁抽搐着绞紧又松开，幼小的腰肢深深弓起旋即彻底瘫软，纤细的双腿失控地痉挛乱蹬。\n这是远超她小小身体承受极限的究极绝顶，思维一片空白，圆溜溜的眼睛失神涣散，小嘴张开却发不出声，只有口水失控地溢出嘴角。\n大量温热的肠液伴着这场极致的释放失禁般地喷涌而出，顺着幼嫩的股缝汩汩淌落不止。
1076,action_part_a_orgasm_super_A,0,CVP_A2_T|103_E_1&CVP_A2_T|1_E_0&CVP_A2_A|10_LE_3&high_1,被反复推到绝顶边缘又生生截停了无数次的{TargetName}，此刻终于将累积到极限的快感一齐倾泻，稚嫩的幼躯在超乎想象的冲击下彻底失了控。\n{anal}长时间不受控制地连续绞缩抽搐，紧窄娇嫩的肠道一阵阵疯狂吸咬痉挛，稚气未脱的小脸涨得通红，眉头死死拧紧又骤然松开。\n幼小的身子从头到脚绷紧战栗，腰肢反复深弓后再无力地塌陷，细嫩的脚趾痉挛般蜷起，意识被这场究极绝顶冲刷得一干二净，只剩茫然的失神。\n浓浊的肠液如失禁般喷薄涌流，量与势都远远盖过以往，将她这场累积已久的极致解脱赤裸地宣泄出来。
1077,action_part_a_orgasm_super_A,0,CVP_A2_T|103_E_1&CVP_A2_T|1_E_0&CVP_A2_A|10_LE_3&high_1,积攒了太久太久的快感终于被允许一次性宣泄，{TargetName}那具还在发育的娇小身躯骤然弹起，随即被这超乎想象的极致绝顶彻底击溃。\n{anal}疯狂而持久地连番痉挛，稚嫩紧致的肠壁死死收缩再猛然松弛，幼嫩的腰肢弓成一道颤抖的弧，纤细四肢无力地抽搐痉挛。\n那点残存的稚气理智被冲刷得荡然无存，小小的脑袋里一片空白，迷蒙的双眼彻底失焦，唇舌失控地颤动，涎水顺着下巴滑落。\n海量的肠液毫无阻拦地喷涌失禁，一股接一股汩汩溢出，将这场被寸止折磨后终得释放的解脱感淋漓尽致地倾泻出来。
1078,action_part_a_orgasm_super_A,0,CVP_A2_T|103_E_1&CVP_A2_T|1_E_0&CVP_A2_A|10_LE_3&high_1,数不清多少次被推至顶点前一瞬硬生生按住，{TargetName}幼小的身体里早已囤积起骇人的快感，此刻轰然爆开，将她整个人卷入了一场无法想象的究极绝顶。\n{anal}极致剧烈地长久抽搐绞紧，稚嫩窄小的肠道一下下疯狂收吸，娇嫩的腰腹反复深深弓起又彻底瘫软，纤细的双腿痉挛着胡乱蹬动。\n意识在这一刻被彻底冲垮，稚气的小脸失神涨红，圆眸涣散无光，连呼吸都乱成一团，口涎不受控制地流淌。\n滚烫黏腻的肠液像失了控般汹涌喷出，量大得惊人，顺着幼嫩的臀缝奔流不止，昭示着这场极致释放的强烈快意。
1079,action_part_a_orgasm_super_A,0,CVP_A2_T|103_E_1&CVP_A2_T|1_E_0&CVP_A2_A|10_LE_3&high_1,被一次次逼近绝顶又强行中断所积压的巨量快感，在这一刻朝着{TargetName}稚嫩娇小的身体一齐炸开，掀起了一场超乎她想象的极致绝顶风暴。\n{anal}不受控制地剧烈绞缩痉挛，紧致幼嫩的肠壁疯狂抽搐吸附，幼小的腰肢弓起又深深塌陷，细弱的手指死死蜷缩，双腿失控地颤栗乱颤。\n她那还带着孩童稚气的意识被彻底冲成一片空白，眼神迷离涣散，小嘴微张溢出断续的颤息与口水，整具身子失控地痉挛不止。\n汹涌的肠液如决堤失禁般大量喷涌而出，绵绵不绝地顺着娇嫩的股沟流淌，将累积已久终得解放的酣畅一泄无余。

1080,action_part_a_orgasm_super_A,0,CVP_A2_T|104_E_1&CVP_A2_T|1_E_0&CVP_A2_A|10_LE_3,娇嫩的{TargetName}整个人骤然绷成一张满弓，稚气未脱的躯体剧烈地痉挛起来，那被一次次逼到绝顶边缘又硬生生截停、累积了太多太多的巨量快感，此刻终于被允许一齐奔涌而出。\n{anal}极度剧烈地一波接一波收缩绞紧，久久无法平息，大量肠液如失禁般喷涌而下，止不住地涌流成一片。\n少女青涩的脸蛋涨得通红，眼神彻底涣散失焦，思维在那一瞬被冲刷得一片空白，连一点矜持都荡然无存。\n纤细的腰肢深深弓起后又彻底瘫软，稚嫩的双腿失控地痉挛乱蹬，唇边溢出的津液与那声破碎的哭腔，将这场超乎想象的极致绝顶与积压已久终获释放的解脱，赤裸裸地宣泄了出来。
1081,action_part_a_orgasm_super_A,0,CVP_A2_T|104_E_1&CVP_A2_T|1_E_0&CVP_A2_A|10_LE_3,一直被吊在绝顶悬崖边缘、反复截断而积攒到极致的滔天快感，在这一刻轰然决堤。\n{TargetName}幼嫩的身子彻底失了控，从头到脚地剧烈抽搐绷紧，{anal}极度痉挛着一阵紧似一阵地深深绞缩，怎么也停不下来。\n海量的肠液伴着收缩喷射而出，喷涌不止地泛滥流淌，量与势都远远超出了寻常的极限。\n少女的意识被这股究极的浪潮彻底冲垮，双眼失神翻白，小脑袋无力地后仰，青春靓丽的面庞尽是失控的迷乱。\n纤秀的腰肢反复深弓又瘫软，稚嫩的脚趾死死蜷起，那份积压良久终被释放的巨大解脱，连同超乎想象的绝顶，一齐将她整个人吞没。
1082,action_part_a_orgasm_super_A,0,CVP_A2_T|104_E_1&CVP_A2_T|1_E_0&CVP_A2_A|10_LE_3,被一次次逼近顶点又骤然掐断，无数次半途而废累积下来的庞大快感，终于在博士的允许下如洪流般彻底释放。\n娇小的{TargetName}整具身体在剧烈的战栗中弓成惊人的弧度，{anal}极致而漫长地连续收紧抽搐，一刻也不肯停歇，紧致的深处翻涌出汹涌的肠液，失禁似的喷洒涌流个不停。\n青涩的少女彻底被冲垮了神志，思绪化作一片空白，眼神茫然涣散，红扑扑的脸上写满了失神。\n单薄的腰身痉挛着深深塌陷，纤细的四肢无力地颤抖，唇角挂着晶亮的口涎，将这场积蓄到极限后倾泻而出的究极绝顶诠释得淋漓尽致。
1083,action_part_a_orgasm_super_A,0,CVP_A2_T|104_E_1&CVP_A2_T|1_E_0&CVP_A2_A|10_LE_3,那被寸止的技巧反复折磨、一次又一次截停在绝顶前沿而堆积成山的巨量快感，此刻终于获准一泻千里。\n{TargetName}青春稚嫩的躯体骤然弹起又剧烈痉挛，{anal}极度剧烈地一下下狠狠绞缩，久久震颤不休，尚未开发完全的紧致深处竟涌出大量肠液，如失禁般喷薄而出汹涌难止。\n少女的意识在这超乎想象的冲击下被彻底击碎，脑中空空荡荡，眼神失焦涣散，稚气的脸庞浮着极致的失神与迷醉。\n柔嫩的腰肢深弓之后彻底瘫软下去，纤细的双腿失控地抽搐，久压终释的解脱感与灭顶的快感将她整个淹没。
1084,action_part_a_orgasm_super_A,0,CVP_A2_T|104_E_1&CVP_A2_T|1_E_0&CVP_A2_A|10_LE_3,层层累积、被硬生生截断了太多次的滔天快感，在这一刻毫无保留地轰然倾泻出来。\n{TargetName}娇嫩青春的身体绷到极致又剧烈地颤栗，{anal}极度失控地连续深深痉挛绞紧，抽搐得停不下来，紧涩稚嫩的深处翻涌出海量肠液，喷涌泛滥如决堤般止不住。\n少女的神志被这究极的绝顶彻底冲垮，思维一片空白，双眸涣散无神，青涩红润的脸蛋满是失魂落魄的痴迷。\n纤细的腰身反复深弓又无力塌软，稚嫩的脚趾死死抠紧，口涎顺着嘴角滑落，那份郁积已久终获宣泄的巨大解脱，随着灭顶的快感将她彻底吞噬。

1085,action_part_a_orgasm_super_A,0,CVP_A2_T|105_E_1&CVP_A2_T|1_E_0&CVP_A2_A|10_LE_3,被压抑了太多次的巨浪终于决堤，{TargetName}那具成熟中透着几分青涩的身子在这一刻彻底失控地绷成一张满弓。\n{anal}早已被折磨到濒临绝顶又被硬生生截停无数回，此刻积攒的滔天快感一齐倾泻而出，剧烈而持久地痉挛收缩着，一圈圈疯狂绞紧又颤松。\n她的意识被这超乎想象的极致冲击撞得一片空白，成熟的眼眸彻底涣散失神，红唇大张却发不出连贯的音节，涎水顺着下巴失控滑落。\n{anal}深处大量温热的肠液如失禁般喷涌而出，涓涓不止地淌落，那份被允许尽情释放的巨大解脱感将她整个人淹没。
1086,action_part_a_orgasm_super_A,0,CVP_A2_T|105_E_1&CVP_A2_T|1_E_0&CVP_A2_A|10_LE_3,积蓄已久的快感潮水在这一瞬被彻底放行，{TargetName}尚显稚嫩紧致的后穴迎来了一场超乎想象的究极绝顶。\n那具介于成熟与青涩之间的娇躯剧烈而长久地抽搐颤栗，腰肢深深弓起后又骤然瘫软，修长的双腿失控地痉挛乱蹬。\n{anal}以前所未有的力道疯狂绞缩，一波未平一波又起，将累积了无数次被截断的高潮尽数宣泄。\n她的思维彻底被冲垮成空白，脸上写满失神与迷乱，大姐姐平日的从容荡然无存，只剩汹涌肠液自{anal}失禁般夺穴而出，那股终于得以解脱的畅快令她通体战栗。
1087,action_part_a_orgasm_super_A,0,CVP_A2_T|105_E_1&CVP_A2_T|1_E_0&CVP_A2_A|10_LE_3,当那反复被逼到绝顶边缘又被拦下的滔天快意终于获准倾巢而出，{TargetName}整个人像被击穿般骤然绷紧又剧烈战栗。\n{anal}虽仍带着未被完全开发的紧致，此刻却极致失控地连续绞缩痉挛，收紧又颤开，一下比一下更加疯狂。\n成熟而略带生涩的面容彻底失守，双眼失焦涣散，意识被这超乎想象的强度彻底冲刷成一片空白。\n大量肠液自{anal}深处汹涌喷薄，如决堤般涌流不止，那份憋忍已久终获释放的巨大解脱感，让她的每一寸肌肤都在餍足地颤抖。
1088,action_part_a_orgasm_super_A,0,CVP_A2_T|105_E_1&CVP_A2_T|1_E_0&CVP_A2_A|10_LE_3,无数次濒临巅峰又被硬生生掐断所囤积的巨量快感在此刻一齐引爆，{TargetName}成熟的胴体随之彻底失控地弓成满月。\n仍显稚嫩的{anal}被这究极的绝顶冲击碾过，极度剧烈而漫长地痉挛不休，紧致的穴口一圈圈疯狂收缩又颤松。\n她的神志被撞得支离破碎，思绪化作一片纯白的空茫，红唇失控地大张，涎液与颤吟一同溢出。\n{anal}再也含不住那汹涌不息的肠液，失禁般地喷涌四溢，那股压抑至极后终得宣泄的解脱感将大姐姐整个吞没。
1089,action_part_a_orgasm_super_A,0,CVP_A2_T|105_E_1&CVP_A2_T|1_E_0&CVP_A2_A|10_LE_3,堆积如山的快感在被允许的刹那如洪流般轰然奔涌，{TargetName}那具丰润又含着青涩的身躯猛地绷直又剧烈痉挛。\n{anal}尚未被彻底驯服的紧致此刻荡然无存，取而代之的是极致失控的连绵绞缩，深处一波接一波地疯狂抽搐。\n超乎想象的极致快意将她的意识彻底冲垮，眼神空洞失神，思维一片空白，成熟脸庞尽是餍足的迷乱。\n随着一阵压抑不住的颤栗，大量灼热肠液从{anal}中失禁般喷涌而出，涌流不止，那被囚禁太久终获释放的畅快令她通体酥软。

1090,action_part_a_orgasm_super_A,0,CVP_A2_T|106_E_1&CVP_A2_T|1_E_0&CVP_A2_A|10_LE_3,积蓄了不知多少次的巨浪终于被允许决堤，{TargetName}那具丰腴成熟的身躯在这一刻彻底失了控，被反复逼到绝顶边缘又生生截停的巨量快感一齐倾泻而出，化作超乎想象的灭顶狂潮将她整个人吞没。\n{anal}尚显稚嫩窄紧，此刻疯狂而绵长地痉挛收缩着，一波接一波不受控地绞紧又松开，失禁般的大量肠液自那尚未被完全开发的甬道深处喷涌而出，怎么也止不住地汩汩涌流。\n成熟的腰肢深深弓起后又彻底瘫软，丰腴的大腿失控地痉挛乱蹬，她眼神涣散、思维一片空白，唇舌失守间涎水溢出，唯余那股憋忍太久终得释放的巨大解脱感将她席卷。
1091,action_part_a_orgasm_super_A,0,CVP_A2_T|106_E_1&CVP_A2_T|1_E_0&CVP_A2_A|10_LE_3,被一次次推到云端顶点却又硬生生拽回的滔天快感，在这一刻终于获准尽数迸发，{TargetName}成熟丰润的身体如遭雷击般剧烈绷紧，随即被那超乎想象的极致绝顶彻底冲垮。\n{anal}经验尚浅、依旧窄嫩紧致，长时间不受控地剧烈绞缩，一阵紧似一阵地深深收拢又猛地松脱，汹涌的肠液再也锁不住，如失禁一般大股大股地喷洒涌出。\n她成熟的腰身反复深弓又骤然塌软，修长双腿无力地痉挛抽搐，那双阅尽世事的眼此刻却涣散无神，思绪尽数被抹成一片空白，只被累积已久终获释放的酥麻解脱感彻底淹没。
1092,action_part_a_orgasm_super_A,0,CVP_A2_T|106_E_1&CVP_A2_T|1_E_0&CVP_A2_A|10_LE_3,那被无数次逼近却又被强行掐断的绝顶，终于在这一瞬被允许一齐奔涌而下，{TargetName}丰腴成熟的胴体骤然剧震，被这远超想象的究极狂潮整个掀翻。\n{anal}开发有限、仍旧稚嫩紧窄，疯狂而持久地连连抽搐，深深绞紧的窄道一下下痉挛不休，压抑太久的大量肠液终于溃堤，失禁似的滚滚喷涌不止。\n她成熟的腰肢一次次深深弓起旋即彻底瘫软，丰满的大腿失控地颤栗乱颤，成熟从容的面庞此刻尽是失神，眼神迷离涣散、思维彻底空白，唯有憋闷至极终被放行的巨大快意将她整个吞没。
1093,action_part_a_orgasm_super_A,0,CVP_A2_T|106_E_1&CVP_A2_T|1_E_0&CVP_A2_A|10_LE_3,层层叠叠攒下的、每每将至却被拦下的巨量快感，此刻一并冲破闸门倾泻而下，{TargetName}那具丰腴而成熟的身子被这超乎想象的极致绝顶狠狠贯穿，整个人失控地弓成一张满弓。\n{anal}仍显窄嫩、开发未深，极度剧烈地连续痉挛绞拢，紧致的甬道一下下疯狂收缩又松开，滔天的肠液如决堤失禁般大量喷涌而出，怎样也止不住。\n成熟的腰身深弓之后骤然彻底软塌，丰腴双腿痉挛着无力乱蹬，她眸光散尽、脑海一片空茫，涎水自失守的唇角悄然滑落，只剩那压抑太久终得宣泄的极致解脱感将她层层淹没。
1094,action_part_a_orgasm_super_A,0,CVP_A2_T|106_E_1&CVP_A2_T|1_E_0&CVP_A2_A|10_LE_3,忍了又忍、被反复截停在绝顶门前的巨浪，终于获准一齐决口喷薄，{TargetName}成熟丰腴的躯体在猛然间被这超乎想象的灭顶绝顶彻底击溃，剧烈战栗着再也无从自持。\n{anal}经验浅淡、依然紧窄稚嫩，长久而狂乱地连番绞缩抽搐，甬道深深收紧又骤然松开，久蓄的大量肠液失禁般汹涌喷洒，一发不可收拾地涌流不止。\n她成熟的腰肢反复深深弓起又彻底瘫软，修长的腿失控痉挛乱蹬，那张历经世事的成熟脸庞此刻彻底失神，眼神空洞、思绪尽被冲成一片空白，唯余憋忍太久终获释放的巨大解脱感将她整个卷走。
1095,action_part_a_orgasm_super_A,0,CVP_A2_T|107_E_1&CVP_A2_T|1_E_0&CVP_A2_A|10_LE_3,已为人妻的{TargetName}被一次次逼至肛肠绝顶的悬崖边又被硬生生按停，累积的巨量快感在这一刻终于被彻底释放。\n她那尚且稚嫩紧致的{anal}猛然剧烈痉挛，一波接一波超乎想象的电流般快感从后穴深处炸开，冲垮了她全部的理智。\n她背叛着婚姻的身体绷成一张满弓，腰肢高高弓起，双腿失控地痉挛抽搐，脚趾死死蜷缩起来。\n大量滚烫的肠液如决堤般失禁喷涌，顺着颤抖的股间涌流不止。\n背德的禁忌感与灭顶的愧疚在极致的爽快中被彻底碾碎，她只能张着嘴无声痉挛。
1096,action_part_a_orgasm_super_A,0,CVP_A2_T|107_E_1&CVP_A2_T|1_E_0&CVP_A2_A|10_LE_3,被反复寸止折磨了无数次的人妻{TargetName}，终于被允许把所有被中断的高潮一齐倾泻出来。\n她开发有限的{anal}猛地收紧又骤然崩开，那尚未完全适应肛交的紧致肠壁疯狂收缩，将累积的快感一股脑推向巅峰。\n超越极限的绝顶如海啸般将她整个人吞没，她双眼上翻，面部因过载的快感而扭曲，涎水顺着嘴角滑落。\n汹涌的肠液失禁般狂喷而出，量与势都远超以往任何一次。\n身为人妻却沉溺于此的羞耻与背德，反倒让这场超强绝顶变得愈发甜美灭顶。
1097,action_part_a_orgasm_super_A,0,CVP_A2_T|107_E_1&CVP_A2_T|1_E_0&CVP_A2_A|10_LE_3,一次次抵达肛肠高潮前一瞬又被残忍掐断，人妻{TargetName}体内早已积攒起足以将她击溃的骇人快感。\n当禁锢终于解除，她稚嫩的{anal}在剧烈的摩擦余韵中疯狂痉挛，紧致的肠道一圈圈绞缩，把这超乎想象的极致绝顶推到顶点。\n她仰起脖颈，腰腹剧烈起伏，纤细的手指痉挛着抠紧，双腿大张又猛地夹拢。\n无法自控的肠液喷泉般汹涌失禁，止不住地成股涌流。\n背叛家庭的愧疚在这灭顶快感前荡然无存，只剩下彻底崩坏的迷乱表情。
1098,action_part_a_orgasm_super_A,0,CVP_A2_T|107_E_1&CVP_A2_T|1_E_0&CVP_A2_A|10_LE_3,积压了数不清次数的寸止快感，在这一刻于人妻{TargetName}的后穴里彻底爆发开来。\n她那还带着紧致与青涩的{anal}被这股超乎想象的绝顶洪流冲击得剧烈收缩，一波未平一波又起，每一次绞紧都逼出更浓烈的快感。\n她整个身子弓成夸张的弧度，脚尖绷直到极限，纤腰止不住地淫荡摆动。\n滚烫的肠液如失禁般成股喷涌，浸湿了颤抖的大腿内侧。\n明知背德却仍旧攀上人生最强巅峰的她，脸上写满了羞耻与沉沦交织的迷醉。
1099,action_part_a_orgasm_super_A,0,CVP_A2_T|107_E_1&CVP_A2_T|1_E_0&CVP_A2_A|10_LE_3,被巧妙的寸止技巧一连数次逼停在绝顶边缘，人妻{TargetName}体内那头饥渴的猛兽终于被彻底放出。\n她开发尚浅的{anal}猛然剧烈抽搐，紧致的肠壁疯狂吮吸收缩，把这远超从前的超强绝顶一口气全部释放。\n她的表情彻底失守，眉头紧蹙又瞬间松开，喉咙发出破碎的哽咽，指尖深深掐入掌心。\n失禁般的肠液连绵不断地喷洒涌出，量大得惊人。\n背叛婚姻的禁忌刺激将这场究极高潮的快感放大到极致，令她整个人瘫软战栗。

1100,action_part_a_orgasm_super_A,0,target_is_player_daughter&CVP_A2_T|1_E_0&CVP_A2_A|10_LE_3,积蓄了不知多少次的快感在这一刻被彻底放行，{TargetName}那具身为人女的娇小躯体骤然剧烈痉挛起来。\n作为{Name}的亲生女儿，她原本还残存的那点羞耻与伦理挣扎，此刻被这场超乎想象的极致绝顶冲刷得干干净净。\n{anal}一次又一次不受控制地深深收缩，将被反复寸止后累积到极限的巨量快感尽数释放，稚嫩紧致的肠壁疯狂绞紧又骤然松软。\n她的意识被彻底冲垮，眼神涣散得只剩茫然，大量肠液如失禁般汩汩喷涌而出，只余下一种被允许尽情宣泄后的极致解脱。
1101,action_part_a_orgasm_super_A,0,target_is_player_daughter&CVP_A2_T|1_E_0&CVP_A2_A|10_LE_3,{TargetName}被压抑到极点的高潮终于在这一瞬间被允许倾泻而出，娇嫩的腰肢猛地深深弓起又彻底瘫软下去。\n身为{Name}女儿的她，早已顾不上父女之间那份不该有的背德，只是任由这场究极的绝顶将思维搅成一片空白。\n{anal}极度剧烈地长时间连续绞缩，稚嫩而紧窄的后穴一波接一波地痉挛，仿佛要把之前被中断了无数次的快感一次性榨干。\n她的四肢失控地痉挛乱蹬，口水顺着失神的唇角悄悄溢落，喷涌不止的滚烫肠液将那份积压已久的巨大快意尽情释放出来。
1102,action_part_a_orgasm_super_A,0,target_is_player_daughter&CVP_A2_T|1_E_0&CVP_A2_A|10_LE_3,这一次{TargetName}再也没有被半途截停，她的身体在被反复吊到绝顶边缘之后终于迎来了一场超乎想象的释放。\n意识到侵犯自己的正是父亲{Name}，那份复杂的羞耻与依恋在极致快感里彻底崩解成一团混沌。\n{anal}深处传来近乎失控的剧烈收缩，尚显稚嫩的肠道紧紧痉挛着，将累积到骇人程度的快感一齐爆发了出来。\n她的小腹不住地深深抽搐，脚趾痉挛地蜷起，大量肠液失禁般地汹涌喷洒，唯余一阵无言的战栗宣告这场极致绝顶的降临。
1103,action_part_a_orgasm_super_A,0,target_is_player_daughter&CVP_A2_T|1_E_0&CVP_A2_A|10_LE_3,被寸止累积到临界的巨量快感在此刻一泄如注，{TargetName}稚嫩的身子从头到脚剧烈地颤栗抽搐个不停。\n她是{Name}最疼爱的女儿，如今却在父亲手下迎来这般超乎想象的顶点，伦理的枷锁被彻底冲得粉碎。\n{anal}以远超寻常的幅度长时间痉挛绞紧，紧窄而青涩的肠壁疯狂收缩，把憋闷已久的快感尽数释放到了极致。\n她眼神彻底涣散失焦，思维一片惨白，滚烫的肠液喷涌失禁般止不住地流淌，全身在那股巨大的解脱感中瘫软战栗。
1104,action_part_a_orgasm_super_A,0,target_is_player_daughter&CVP_A2_T|1_E_0&CVP_A2_A|10_LE_3,层层累积却屡屡被截断的快感终于得到宣泄，{TargetName}整具娇小的躯体在这一刻被极致的绝顶彻底吞没。\n对着自己的亲生父亲{Name}露出这般失控的痴态，让这场乱伦的顶点更添了几分令人战栗的背德色彩。\n{anal}不受控制地极度剧烈连续抽缩，稚嫩紧窄的后穴一下又一下疯狂痉挛，将超乎想象的巨量快感一次性尽情倾泻。\n她的腰肢反复深弓后又瘫软无力，唇舌失控地微微颤动，大量肠液如决堤般喷涌不止，只剩下释放之后那深深的极致快意。

1105,action_part_a_orgasm_super_A,0,CVP_A2_T|102_E_1&high_1&CVP_A2_T|1_E_0&CVP_A2_A|10_G_3&CVP_A2_A|10_LE_6,承受了太多次被生生截断在绝顶边缘的煎熬，幼小的{TargetName}体内那股被反复截停、层层堆叠的巨量快感终于在这一刻被彻底放行。\n娇小稚嫩的身子猛地绷成一张满弓，随即又如断了线一般彻底瘫软，{anal}以远超寻常的幅度极致剧烈地连续痉挛收缩，一波接一波久久不肯平息。\n浑浊的肠液再也拦不住，如失禁一般汹涌喷涌而出，量与势都远非从前可比。\n她那双圆溜溜的大眼睛彻底失了焦，思维一片空白，稚气的小脸上写满被冲垮的失神，唇舌失控地微张，涎水顺着嘴角淌下，只剩下积压已久终获释放的巨大解脱感将她整个吞没。
1106,action_part_a_orgasm_super_A,0,CVP_A2_T|102_E_1&high_1&CVP_A2_T|1_E_0&CVP_A2_A|10_G_3&CVP_A2_A|10_LE_6,积蓄已久的快感洪流在这一瞬冲垮了所有的堤坝，那些一次次被硬生生按停在顶点前的巅峰此刻尽数迸发。\n{TargetName}幼嫩娇小的身躯剧烈弹起，纤细的四肢失控地痉挛乱蹬，稚嫩的腰肢反复深深弓起而后又彻底塌软，{anal}极度剧烈地连绵抽搐，收缩的力道大得几乎要将自己绞紧成一团。\n温热的肠液喷涌失禁般止不住地往外淌流，量势远超以往任何一次。\n有过经验的后穴此刻也再无从容，只是一味地随着究极的快感疯狂收放，小小的{TargetName}眼神彻底涣散、意识被冲成一片空茫，累积多时终得释放的酥爽解脱感将她整个人淹没。
1107,action_part_a_orgasm_super_A,0,CVP_A2_T|102_E_1&high_1&CVP_A2_T|1_E_0&CVP_A2_A|10_G_3&CVP_A2_A|10_LE_6,被反复截停在绝顶门槛前所堆叠起来的庞大快感，终于获准在此刻一泻千里。\n幼小的{TargetName}在{SceneName}里绷紧了整具娇嫩的小身子，紧接着爆发出超乎想象的极致颤栗，{anal}以惊人的幅度长时间不受控制地剧烈痉挛，一阵紧过一阵，久久无法收束。\n大量肠液如决堤般喷涌而出，失禁似的涌流不止，早已开发熟练的后穴也彻底失了平日的从容。\n她稚气的小脸涨得通红又转为失神，圆眼失焦、思绪尽数被抹成空白，只余下积压已久的快感一次性倾泻所带来的那股无边解脱，将她小小的意识彻底冲垮。
1108,action_part_a_orgasm_super_A,0,CVP_A2_T|102_E_1&high_1&CVP_A2_T|1_E_0&CVP_A2_A|10_G_3&CVP_A2_A|10_LE_6,那一次次卡在高潮前一瞬被强行掐断的极致快感，累积到了再也无法承载的地步，终于在这一刻被尽数放开。\n{TargetName}幼小稚嫩的躯体骤然弓成极限的弧度，而后如泄了气般彻底摊软，{anal}极致失控地一连串剧烈收缩痉挛，幅度之大、时间之长都远超她小小的身体所能承受。\n翻涌的肠液汹涌喷薄、失禁般奔流不止，将惯于承欢的后穴也冲得再无章法。\n她小小的胸口剧烈起伏，细嫩的脚趾死死蜷起又骤然张开，双眼彻底失神，思维空茫得只剩巨浪般的快感与如释重负的深沉解脱在体内反复轰鸣。
1109,action_part_a_orgasm_super_A,0,CVP_A2_T|102_E_1&high_1&CVP_A2_T|1_E_0&CVP_A2_A|10_G_3&CVP_A2_A|10_LE_6,堆叠了太多回、每每逼近顶点却被生生按停的滔天快感，在这一瞬得到彻底释放。\n娇小的{TargetName}整具幼嫩身子疯狂痉挛绷紧，纤细腰肢深深弓起后又彻底瘫软，{anal}以极端的烈度连绵不绝地剧烈收缩，绞紧与颤动久久不止。\n浓稠的肠液再也压抑不住，喷涌而出、失禁般涌流成注，量与势皆达到从未有过的极致。\n即便是这具已被开发得颇有经验的娇躯此刻也全然失控，稚嫩小脸失神涣散，唇齿松开、涎液横流，思绪被冲成一片空白，唯有久积骤放的极乐解脱感将她整个吞没。

1110,action_part_a_orgasm_super_A,0,CVP_A2_T|104_E_1&CVP_A2_A|5_LE_3,一直被逼到绝顶边缘又被硬生生截停的巨量快感，此刻终于被允许尽数倾泻，{TargetName}青春的身子猛地绷成一张满弓，随即又剧烈痉挛着瘫软下去。\n本就迟钝的{anal}也被这积攒了太多次的洪流彻底冲垮，一阵接一阵地深深绞紧又猛然松开，失禁般喷涌出汹涌的肠液，量多得顺着腿根不住淌落。\n少女的意识在这一瞬被冲刷得一片空白，圆眼失神地上翻，嘴角失控地溢出涎水，纤细的四肢无意识地乱蹬颤栗。\n那是一种被压抑了太久终于得到释放的极致解脱，超乎她想象的强度将她整个人淹没。
1111,action_part_a_orgasm_super_A,0,CVP_A2_T|104_E_1&CVP_A2_A|5_LE_3,累积了一次又一次濒临却始终不得释放的快感，在这一刻如决堤般轰然爆发，{TargetName}娇嫩的身体骤然弹起，脊背深深弓起后又彻底失力地塌软。\n迟钝寡淡的{anal}再也守不住那份平淡，被这远超以往的极致快感彻底击溃，长久而剧烈地一下下抽搐收缩，喷出的肠液止不住地涌流，失禁似的濡湿了一大片。\n青春的脸蛋潮红得几乎滴血，眼神涣散无焦，唇舌失控地微张，连细碎的颤息都乱作一团。\n那股迟来的巨浪把她的思绪冲得干干净净，只剩下解脱般的极致战栗。
1112,action_part_a_orgasm_super_A,0,CVP_A2_T|104_E_1&CVP_A2_A|5_LE_3,被反复截停在高峰前的滚烫快感终于汇成一股无法阻挡的洪流一齐奔涌而出，{TargetName}稚气未脱的躯体剧烈地痉挛起来，腰肢一次次深弓又一次次瘫落。\n原本感受寡淡的{anal}此刻被这究极的快感狠狠贯穿，不受控制地长时间绞缩颤动，汹涌的肠液如失禁般喷洒而下，量与势都远非寻常可比。\n少女的意识被彻底冲垮，圆溜溜的眼眸失神地上翻，纤长的双腿无力地乱颤，脚趾痉挛着蜷起。\n那是一种被压抑太久后骤然解放的酣畅，极致到令她整个灵魂都为之震颤。
1113,action_part_a_orgasm_super_A,0,CVP_A2_T|104_E_1&CVP_A2_A|5_LE_3,一波波被硬生生按回去的快感在体内越积越多，直到此刻被允许尽情释放，{TargetName}年轻的身体便像触电般剧烈弹颤，绷紧又软塌反复交替。\n即便是迟钝低敏的{anal}，也被这积攒到极限的巨量快感冲得节节溃败，一阵阵深深地痉挛紧缩，喷涌而出的肠液失禁般奔流不止，浸得腿间一片狼藉。\n青涩的面庞彻底失去了往日的矜持，双眼失焦上翻，涎水顺着嘴角滑落，纤瘦的四肢失控地抽搐乱蹬。\n那超乎想象的极致快意与终于卸下重负的解脱，将她的思维冲刷得空空荡荡。
1114,action_part_a_orgasm_super_A,0,CVP_A2_T|104_E_1&CVP_A2_A|5_LE_3,被一次次逼近顶点又强行拦下的快感终于得以尽数迸发，{TargetName}青春靓丽的娇躯猛然剧震，腰身深深弓成弧线后又无力地摊软下来。\n平日里感受浅淡的{anal}被这滔天的极致快感彻底压垮，长久而狂乱地一下下收缩抽搐，大量肠液失禁般喷薄涌流，汹涌得几乎止不住。\n少女的神志在这股洪流里被冲得支离破碎，圆眼失神涣散，唇齿间溢出断续的涎液，柔嫩的双腿痉挛着乱蹬。\n积压已久的快感一齐倾泻带来的极致解脱，让她整个人陷入一片空白的战栗之中。

1115,action_part_a_orgasm_super_A,0,CVP_A2_T|103_E_1&CVP_A2_T|1_E_0&CVP_A2_A|10_G_3&CVP_A2_A|10_LE_6,娇小的{TargetName}那具尚在发育的稚嫩身子猛地绷成一张满弓，被反复中断了太多次的巨量快感在这一刻终于被允许一齐倾泻而出，{anal}极度剧烈地连续痉挛收缩着，一波接一波毫无停歇。\n虽还是萝莉般青涩的年纪，可被开发过的后穴早已熟稔这种冲击，此刻却也彻底招架不住，累积已久的浪潮将她小小的意识整个冲垮，脑中一片空白。\n稚气的小脸失神地涨红，眼神彻底涣散，津液顺着微张的唇角滑落，纤细的四肢失控地痉挛乱蹬。\n{anal}深处大量肠液如失禁般喷涌不止，那股憋到极致后终于释放的解脱感席卷了她整个幼小的躯体。
1116,action_part_a_orgasm_super_A,0,CVP_A2_T|103_E_1&CVP_A2_T|1_E_0&CVP_A2_A|10_G_3&CVP_A2_A|10_LE_6,憋忍了太久太久的快感在这一瞬齐齐爆开，{TargetName}娇嫩幼小的身躯剧烈地弓起又彻底瘫软，{anal}极致失控地长久痉挛，一下下痉挛的幅度大得吓人，仿佛要把这么多次被生生掐断的高潮全部补偿回来。\n有经验的后穴此刻再无从容，只剩下不受控制的疯狂蠕动收缩，那股超乎想象的极致快感将这个萝莉的神智彻底冲成一片空白。\n她稚嫩的腰肢深深弓起后又无力垮下，细腿抽搐着乱蹬，小腹一阵阵剧烈起伏。\n{anal}汩汩喷出的肠液量大得惊人，失禁般涌流不止，累积到极点后骤然释放的畅快让她整个人濒临崩溃。
1117,action_part_a_orgasm_super_A,0,CVP_A2_T|103_E_1&CVP_A2_T|1_E_0&CVP_A2_A|10_G_3&CVP_A2_A|10_LE_6,这一刻，压抑累积了无数次的巨浪终于被彻底放开，{TargetName}那副娇小稚气的身体像离弦之箭般骤然弹起，{anal}以远超以往的烈度极致痉挛，长时间不受控制地连续绞紧又松开。\n即便她的后穴早被开发得颇有经验，此刻也完全臣服于这场超乎想象的究极绝顶，小小的脑袋里被冲得一丝念头都不剩。\n涣散的眼神再聚不起焦，唇舌失控地微颤，稚嫩的四肢僵直又剧烈战栗。\n{anal}深处大量肠液喷涌而出，如决堤般失禁般流淌，那份终于得以宣泄的解脱感让萝莉般的她瘫软成一滩。
1118,action_part_a_orgasm_super_A,0,CVP_A2_T|103_E_1&CVP_A2_T|1_E_0&CVP_A2_A|10_G_3&CVP_A2_A|10_LE_6,被一次次寸止逼到极限的快感在此刻轰然决堤，{TargetName}稚嫩的小身板猛然痉挛着蜷起，{anal}以从未有过的极致强度剧烈收缩，连绵不绝地绞动，仿佛要将累积的一切一次性榨取干净。\n纵使这具萝莉的后穴已有过不少经验、懂得如何吞吐承接，这回也彻底被冲垮了防线，意识被巨浪拍得支离破碎，只余下一片空茫。\n她圆润稚气的小脸涨得通红又失神，双眼翻涌着泪光，纤瘦的腰腿失控地抽动。\n{anal}汹涌喷出的肠液铺天盖地地涌流，久憋后释放的酣畅让她整个幼小的躯体不住颤栗。
1119,action_part_a_orgasm_super_A,0,CVP_A2_T|103_E_1&CVP_A2_T|1_E_0&CVP_A2_A|10_G_3&CVP_A2_A|10_LE_6,层层累叠、屡屡被掐断的快感终于在这一刻尽数奔涌而出，{TargetName}娇小玲珑的身子霎时绷得笔直，随即又剧烈地弓起，{anal}极致而漫长地连续痉挛，收缩的力道与频率都远远盖过了以往任何一次。\n她那有经验的后穴此刻也全然失了分寸，只知一味疯狂地蠕动绞紧，这超乎想象的绝顶将萝莉的神智彻底搅成空白，思维近乎停摆。\n稚嫩的脸失神地仰起，涎水顺着嘴角流下，纤细的手脚痉挛似的乱颤。\n{anal}大量肠液喷薄失禁般奔流不息，那份积攒到顶点后骤然倾泻的解脱感将她整个人淹没。
1120,action_part_a_orgasm_super_A,0,CVP_A2_T|104_E_1&CVP_A2_T|1_E_0&CVP_A2_A|10_G_3&CVP_A2_A|10_LE_6,经历了太多次将将攀顶便被无情叫停的煎熬，{TargetName}体内那被封锁了一遍又一遍的浪潮终于决堤奔涌。\n她仰起脖颈发出破碎的气音，年轻的躯体一寸寸绷紧到极致，随即剧烈地弹跳颤栗。\n那被反复寸止累积下来的无数次高潮此刻叠加成一记，狠狠贯穿了她整条脊梁。\n{anal}一张一合地剧烈抽搐，深处传来的强烈快意几乎要把她的意识彻底冲散。\n从{anal}深处失禁似的喷洒出成股的黏腻肠液，淋漓的水势远胜从前，少女只能在{SceneName}里瘫软着承受这场超乎想象的极致绝顶。
1121,action_part_a_orgasm_super_A,0,CVP_A2_T|104_E_1&CVP_A2_T|1_E_0&CVP_A2_A|10_G_3&CVP_A2_A|10_LE_6,一次次被逼到高潮悬崖边缘却又被生生拽回的{TargetName}，终于迎来了将全部被截断的快感尽数释放的一刻。\n她全身的肌肉同时抽紧，青春的腰臀高高抬起又重重砸落，双腿绷得笔直不停打颤。\n积压了太久太多的绝顶如同溃堤的洪水，从{anal}深处轰然炸开席卷全身。\n她的表情彻底失守，眼神涣散口涎横流，喉咙里溢出连绵不断的失神娇喘。\n开发成熟的后穴汩汩喷涌出失禁般奔流不止的灼热肠液，那泛滥的量远超她记忆中的任何绝顶，令这个少女被前所未有的极致快感淹没得意识全无。
1122,action_part_a_orgasm_super_A,0,CVP_A2_T|104_E_1&CVP_A2_T|1_E_0&CVP_A2_A|10_G_3&CVP_A2_A|10_LE_6,被寸止的技巧折磨到马上抵达顶点的一瞬又戛然而止，如此反复无数回后，{TargetName}的身体积满了濒临爆炸的巨量快感。\n此刻闸门终于洞开，年轻紧实的躯体骤然绷成极限的弧度，脚跟死死抵地颤抖不休。\n{anal}疯狂地收缩痉挛，被压抑了太久的高潮化作滔天巨浪将她整个人吞没。\n她眼角泛起生理性的泪光，脸颊潮红得几乎滴血，全身控制不住地阵阵抽搐。\n熟练的{anal}喷射出失禁一般止不住涌流的滚烫肠液，浩荡的水量远远超过以往，少女被这超乎想象的极致绝顶冲刷得四肢瘫软再无半分力气。
1123,action_part_a_orgasm_super_A,0,CVP_A2_T|104_E_1&CVP_A2_T|1_E_0&CVP_A2_A|10_G_3&CVP_A2_A|10_LE_6,在{SceneName}里被一遍遍推到绝顶边沿又硬生生拦下的{TargetName}，终于等到把囤积到极致的滔天快感一次尽泄的瞬间。\n她的脊背猛然弹起绷成满弓，青涩的身体每一寸都在剧烈地战栗抽搐，脚趾蜷缩到发白。\n那被反复中断累积起来的无数次绝顶轰然合流，从{anal}深处如惊雷般贯穿全身。\n她张大着嘴却发不出完整的声音，双眸失神上翻，意识在灭顶的快意里彻底融化。\n被开发得娴熟的{anal}失禁般喷涌出一股又一股炽热的肠液，泛滥的量与势远胜从前任何一回，让这少女被超乎想象的极致快感彻底淹没吞噬。

1124,action_part_a_orgasm_super_A,0,CVP_A2_T|105_E_1&CVP_A2_A|1_E_0&CVP_A2_A|10_G_3&CVP_A2_A|10_LE_6,积攒已久的巨浪终于被允许决堤，{TargetName}成熟的身躯猛然绷成一张满弓，随即在究极的绝顶里剧烈痉挛起来。\n那被一次次逼到边缘又硬生生截停的快感此刻一齐倾泻而出，{anal}极度剧烈而不受控制地连续收缩绞紧，早已被温柔开发得熟稔的后穴此刻却全然乱了章法，只知道疯狂地翕张吞吐。\n她成熟丰腴的腰肢深深弓起又彻底瘫软，修长的双腿失控地痉挛乱蹬，大量肠液如失禁般喷涌不止。\n那张本该从容的大姐姐面庞此刻眼神涣散、思维一片空白，唇舌失控地微张，只余下累积已久终得释放的极致解脱在成熟身体里久久回荡。
1125,action_part_a_orgasm_super_A,0,CVP_A2_T|105_E_1&CVP_A2_A|1_E_0&CVP_A2_A|10_G_3&CVP_A2_A|10_LE_6,一次次攀至绝顶悬崖边缘却被生生拽回，那份被反复截断囤积的快感浪潮此刻终于获准彻底奔涌。\n{TargetName}整具成熟的胴体如遭雷击般僵直，继而陷入超乎想象的极致颤栗，{anal}长时间地毫无节制地深深绞缩又骤松，将累月开发所磨出的熟练全数抛却，只剩本能的疯狂痉挛。\n她丰润的腰肢反复深弓后再无力地塌陷，脚趾死死蜷曲，滚烫的肠液汹涌喷洒、失禁般流淌不休。\n成熟从容的神情彻底碎裂成一片空茫，那张大姐姐的脸上浮起青涩而失神的迷乱，思绪被这场究极绝顶冲刷得干干净净。
1126,action_part_a_orgasm_super_A,0,CVP_A2_T|105_E_1&CVP_A2_A|1_E_0&CVP_A2_A|10_G_3&CVP_A2_A|10_LE_6,被寸止折磨到濒临崩溃的巨量快感在这一刻被尽数解禁，{TargetName}成熟的身子骤然弹起又剧烈战栗。\n那是远超以往任何一次的究极绝顶，{anal}极端剧烈地连绵抽搐、不受控制地疯狂收束，纵使这具后穴早已适应良久进退自如，此刻也只能溃不成军地胡乱翕合。\n她成熟的双腿绷得笔直又猛地失控乱颤，纤腰高高弓起，大量肠液喷涌而出、如决堤般止不住地倾泻。\n大姐姐往日的优雅荡然无存，涣散的眼眸里只剩一片纯白的空洞，累积多时终得倾泻的巨大解脱让她连一丝力气都再也拿不出来。
1127,action_part_a_orgasm_super_A,0,CVP_A2_T|105_E_1&CVP_A2_A|1_E_0&CVP_A2_A|10_G_3&CVP_A2_A|10_LE_6,潮水般的快感被一而再地逼停封锁，直至此刻才轰然溃堤一泻千里，{TargetName}那具丰腴成熟的身体彻底失去了掌控。\n究极的绝顶如海啸般席卷全身，{anal}持续而狂暴地深深痉挛、一波紧接一波地绞紧松开，那被细致开发得熟透的后穴此刻只余下癫狂的收缩，再无半分从容的技巧可言。\n她的腰肢深深弓成弧线随后彻底瘫软，修长美腿无意识地痉挛抽搐，浓稠的肠液喷薄涌流、失禁般浇灌不止。\n那张成熟里透着青涩的脸庞早已失神，唇畔溢出的津液顺着下颌滑落，思维在这场超乎想象的绝顶中被冲得一片空白。
1128,action_part_a_orgasm_super_A,0,CVP_A2_T|105_E_1&CVP_A2_A|1_E_0&CVP_A2_A|10_G_3&CVP_A2_A|10_LE_6,积压到极限的快感终于被松开了闸门，{TargetName}成熟丰润的躯体在究极绝顶里剧烈到近乎失控的地步。\n那些被硬生生拦下的无数次高潮此刻挤作一团一齐炸开，{anal}以极致的幅度长久痉挛、不知疲倦地疯狂收缩绞拧，向来适应良好的后穴此刻也只能任由本能主宰，胡乱地抽搐吞咽。\n她成熟的腰肢一次次深弓又软塌，双腿夹紧又猛地弹开乱蹬，滚烫的肠液如喷泉般狂涌、失禁似的喷洒淋漓。\n大姐姐脸上成熟的从容被彻底击碎，青涩失神的红晕间眼神空茫涣散，唯余那份憋闷已久终获释放的极致快意在体内久久激荡。

1129,action_part_a_orgasm_super_A,0,CVP_A2_T|106_E_1&CVP_A2_A|1_E_0&CVP_A2_A|10_G_3&CVP_A2_A|10_LE_6,被{Name}用寸止的手段反复折磨到濒临绝顶的边缘却又一次次生生逼停之后，饱经风月的{TargetName}那副丰腴成熟的身子终于被允许将累积了太多次的巨浪一齐倾泻出来。\n{anal}猛地爆发出一阵远超以往任何一次的疯狂绞缩，一圈圈痉挛得几近失控，将堆叠到极限的滔天快感尽数释放。\n她仰起头，成熟妩媚的脸庞彻底失了往日的从容，眼神涣散失焦，丰润的腰肢一次次高高弓起又脱力瘫软。\n大量滚烫的肠液如失禁般从{anal}深处喷涌而出，汹涌得几乎止不住，将这场超乎想象的极致绝顶宣泄得淋漓尽致。
1130,action_part_a_orgasm_super_A,0,CVP_A2_T|106_E_1&CVP_A2_A|1_E_0&CVP_A2_A|10_G_3&CVP_A2_A|10_LE_6,在被一次次推到{anal}绝顶的悬崖边缘又被硬生生按停之后，{TargetName}那具阅尽世事的成熟胴体终于迎来了积攒许久的总爆发。\n那么多次被中断的高潮在这一刻一齐决堤，{anal}疯狂地连续深缩痉挛，凶猛的力道远远盖过了她此前经历过的每一场绝顶。\n有经验的后穴此刻再也维持不住那份熟练的从容，只能贪婪地一缩一放，将灭顶的酥麻搅成滔天巨浪。\n丰腴的腰肢剧烈弓起又软塌，成熟的脸上写满放荡的迷醉，大股大股的肠液失禁般奔涌而下，量与势都惊人得叫人咋舌。
1131,action_part_a_orgasm_super_A,0,CVP_A2_T|106_E_1&CVP_A2_A|1_E_0&CVP_A2_A|10_G_3&CVP_A2_A|10_LE_6,{TargetName}早已被{Name}用寸止的技巧磨得快要疯掉，每每将将攀上{anal}的顶峰便被无情截停，如此反复了太多回。\n直到这一刻积压到极限的快感终于被允许一泄如注，成熟丰满的身躯骤然绷成一张满弓，随即剧烈地痉挛战栗起来。\n{anal}以一种前所未有的凶猛力度连番绞缩吸吮，那是远超寻常绝顶数倍的究极巅峰，几乎将她的神智整个冲垮。\n温热黏稠的肠液顺着抽搐不止的{anal}汹涌喷涌，失禁般止不住地淌流，把她饱经风霜的下身浸得一片泥泞。
1132,action_part_a_orgasm_super_A,0,CVP_A2_T|106_E_1&CVP_A2_A|1_E_0&CVP_A2_A|10_G_3&CVP_A2_A|10_LE_6,历经世事的{TargetName}被反复寸止折磨到理智几近崩溃，那处早被开发得驾轻就熟的后穴一次次濒临绝顶却又被生生逼回。\n当积攒到再无可积的快感终于被彻底解放，{anal}轰然爆发出一场超乎想象的强烈绝顶，凶悍得远非之前任何一次可比。\n她成熟的躯体剧烈地弹动弓起，丰润的双腿失控地痉挛乱蹬，脚趾死死蜷缩，媚眼失神汗湿鬓角。\n大量滚烫的肠液从狂乱翕张的{anal}深处失禁般喷涌狂泄，浸得股缝一片淋漓，将这场究极的巅峰彻底倾泻殆尽。
1133,action_part_a_orgasm_super_A,0,CVP_A2_T|106_E_1&CVP_A2_A|1_E_0&CVP_A2_A|10_G_3&CVP_A2_A|10_LE_6,这一次的绝顶，是{TargetName}被寸止反复截停无数回后一齐释放的总和，强烈得远超她成熟身体所能想象的极限。\n积压如山的快感在{anal}深处轰然引爆，成熟丰腴的胴体骤然剧烈绷紧，随即失控般地连连痉挛抽搐。\n那处经验丰富的后穴疯狂地深缩绞紧，一波强过一波，将累积了太多次的灭顶欢愉一口气尽数宣泄。\n她放浪地仰着通红的脸沉溺其中，丰盈的腰肢久久无法平息地轻颤，大量肠液如决堤般从{anal}汹涌喷洒而出，量势之猛远超以往任何一次。

1134,action_part_a_orgasm_super_A,0,CVP_A2_T|107_E_1&CVP_A2_T|1_E_0&CVP_A2_A|10_G_3&CVP_A2_A|10_LE_6,经历了一次又一次被推至绝顶边缘却又硬生生截停的反复折磨之后，早已为人妻的{TargetName}积攒下的巨量快感终于在这一刻被允许一齐倾泻而出。\n那具因肛交经验而被充分开发过的身体本能地放松又骤然收紧，{anal}猛地爆发出超乎想象的极致痉挛，将累积已久的滔天快感尽数释放。\n背叛着婚姻的背德感与究极绝顶交织纠缠，{TargetName}的意识被彻底冲垮，脑海一片空白，只剩下大量肠液失禁般喷涌而出的淋漓快意。\n在{SceneName}里，她再也顾不上对家庭的那份愧疚，整个人在这场解脱般的超强绝顶中彻底沦陷。
1135,action_part_a_orgasm_super_A,0,CVP_A2_T|107_E_1&CVP_A2_T|1_E_0&CVP_A2_A|10_G_3&CVP_A2_A|10_LE_6,被巧妙的手法逼到临界点前又一次次紧急刹停，累积到几近爆裂的快感终于获得了释放的许可，人妻{TargetName}迎来了远超想象的究极绝顶。\n有经验的后穴熟稔地绞紧又舒张，{anal}发生极度剧烈而漫长的连续收缩，滚烫的肠液如决堤般汹涌喷出怎么也止不住。\n巨大的解脱感席卷全身，她的思维彻底停摆，眼神涣散失焦，唇边不受控制地溢出淫靡的津液。\n身为已婚妇人却在{Name}身下失控至此的禁忌与羞耻，被这一波海啸般的超强快感彻底淹没吞没。
1136,action_part_a_orgasm_super_A,0,CVP_A2_T|107_E_1&CVP_A2_T|1_E_0&CVP_A2_A|10_G_3&CVP_A2_A|10_LE_6,累积已久的快感终于寻得了宣泄的出口，早已嫁作人妇的{TargetName}在{SceneName}里被这股一齐释放的洪流冲得神魂俱裂。\n她那被反复开发得深谙肛交之道的躯体娴熟地迎合着，{anal}以近乎失控的幅度持续绞缩痉挛，喷涌而出的肠液量与势都远远盖过了以往任何一次。\n意识在究极绝顶的巅峰被撕成碎片，脑中只余一片空茫，四肢无力地痉挛乱颤。\n背叛丈夫的罪恶与前所未有的极乐纠缠不清，将这个背德的人妻推向了彻底的失控与崩溃。
1137,action_part_a_orgasm_super_A,0,CVP_A2_T|107_E_1&CVP_A2_T|1_E_0&CVP_A2_A|10_G_3&CVP_A2_A|10_LE_6,一次次被吊在绝顶门槛前又骤然中断的煎熬，终于在这一刻化作决堤而出的巨浪，人妻{TargetName}被这超乎想象的极致绝顶彻底吞没。\n凭着丰富娴熟的肛交经验，她的身体懂得如何在巅峰时松弛又收紧，{anal}长时间地剧烈抽搐蠕动，大量肠液失禁般喷涌淋漓不止。\n那份积压太久终得释放的解脱感令她整个人瘫软失神，思绪一片空白，连羞耻都无从感知。\n对家庭深深的愧疚在这场灭顶的快感风暴中被冲刷得干干净净，只剩下本能的战栗。
1138,action_part_a_orgasm_super_A,0,CVP_A2_T|107_E_1&CVP_A2_T|1_E_0&CVP_A2_A|10_G_3&CVP_A2_A|10_LE_6,当那被压抑到极限的快感洪流终于获准倾泻，已为人妻的{TargetName}在{Name}面前迎来了一场碾碎理智的究极绝顶。\n历经无数次肛交而熟练适应的后穴主动收缩迎合，{anal}爆发出极致而持久的连番痉挛，失禁般涌流的滚烫肠液怎么都停不下来。\n巨大的释放感将她的意识彻底冲垮，脑海一片雪白，腰肢深深弓起后又彻底瘫软。\n背德的禁忌与究极的极乐在这一刻融为一体，让这个背叛了婚姻的人妻彻底沉沦于无边的快意深渊。

1139,action_part_a_orgasm_super_A,0,target_is_player_daughter&CVP_A2_A|1_E_0&CVP_A2_A|10_G_3&CVP_A2_A|10_LE_6,一次次被推上{anal}绝顶的顶点却又被{Name}用寸止的手段生生截住，如此反复了太多回之后，身为亲生女儿的{TargetName}终于被父亲允许将累积如山的巨浪一齐倾泻出来。\n那处早已被开发得驾轻就熟的后穴此刻再也维持不住往日的从容，{anal}疯狂地连番深缩痉挛，将堆叠了无数次的高潮尽数补偿般释放，强度远远超出了她所能想象的极限。\n她仰起绯红的小脸无助地朝着自己的父亲，纤细的腰肢一次次高高弓起又脱力瘫软，脚趾死死蜷缩着战栗。\n大量滚烫的肠液如失禁般从{anal}深处汹涌喷涌，止都止不住地奔流成注，将这场超乎寻常的超强绝顶淋漓地宣泄殆尽。
1140,action_part_a_orgasm_super_A,0,target_is_player_daughter&CVP_A2_A|1_E_0&CVP_A2_A|10_G_3&CVP_A2_A|10_LE_6,被反复寸止折磨到理智几近崩溃的{TargetName}，作为{Name}的女儿，那具有着丰富经验的娇躯早已在无数次濒临与截停之中攒下了骇人的巨量快感。\n此刻枷锁尽数解开，堆积成山的欢愉在{anal}深处轰然决堤，经验老到的后穴贪婪地一缩一放，将那么多次被掐断的绝顶一齐奔涌释放，凶猛得远远盖过了她此前经历过的每一场高潮。\n她再也顾不得面对的是自己的父亲，只能张大了嘴无声喘息，年轻的身子如触电般剧烈地抽搐弓起。\n混浊温热的肠液自{anal}一股接一股地失禁狂泄，涓涓不止地涌流着，把这场超乎想象的极致绝顶浇灌得淫靡不堪。
1141,action_part_a_orgasm_super_A,0,target_is_player_daughter&CVP_A2_A|1_E_0&CVP_A2_A|10_G_3&CVP_A2_A|10_LE_6,当{Name}终于松开那折磨人的寸止桎梏，被压抑了太久太多次的快感在自己女儿{TargetName}的体内轰然炸开。\n这个乖巧的女儿在数不清的逼近与勒停之后，累积的快感早已远超身体所能负荷，那处熟稔适应的{anal}此刻剧烈地绞紧又颤开，将一次次被生生截断的绝顶尽数补偿式地喷薄而出，那是一种超乎想象的极致强度。\n经验丰富的肠壁被这滔天的快意冲刷得阵阵酥麻，她纤细的腰猛地塌陷又弓起，恍惚的眼里泛起失神的泪光，心底一遍遍无声地眷恋着父亲。\n大量肠液从{anal}汹涌喷溅，如失禁般奔流不休，将这惊人的超强绝顶宣泄到了极致。
1142,action_part_a_orgasm_super_A,0,target_is_player_daughter&CVP_A2_A|1_E_0&CVP_A2_A|10_G_3&CVP_A2_A|10_LE_6,经历了太多次逼近顶点却被硬生生按停的煎熬，{TargetName}体内积压的快感早已如即将喷发的火山，而她偏偏还是{Name}最疼爱的亲生女儿。\n终于父亲给了她彻底解放的许可，那堆叠了无数回的高潮在同一瞬间崩堤，早被开发得轻车熟路的{anal}猛烈地一阵阵痉挛紧缩，将这股超出常理的极致快意毫无保留地一泄如注。\n她有经验的后穴熟练地放松又收紧迎合着灭顶巨浪，年轻的身躯剧烈弓成满弓，绯红的面颊上写满了迷乱与羞怯。\n奔涌的肠液自{anal}如决堤般喷涌不休，量与势都惊人地失禁狂泻，把这场超乎想象的超强绝顶倾泻得淋漓尽致。
1143,action_part_a_orgasm_super_A,0,target_is_player_daughter&CVP_A2_A|1_E_0&CVP_A2_A|10_G_3&CVP_A2_A|10_LE_6,反复被推向肛肠高潮的边缘又反复被无情中断，{TargetName}这具属于父亲的娴熟身子里，早已囤积起多到骇人的巨量快感。\n直到{Name}终于松了手，所有被拦截的绝顶在这一刻一齐奔涌而出，那处驾轻就熟的{anal}狂乱地收缩绞紧，一波超乎她想象的极致快感如海啸般将她整个吞没。\n凭着丰富的经验她本能地一张一合迎合着这灭顶的浪潮，腰肢无力地反复弓起塌落，脚趾死死抠蜷，喉间只溢得出破碎的气音，心里满是对身为上司的父亲那份羞耻又依恋的悸动。\n浑浊的肠液自{anal}接连不断地失禁喷射，涌流成注，将这惊世骇俗的超强绝顶淋漓尽致地倾泻干净。

1144,action_part_a_orgasm_super_A,0,CVP_A2_T|102_E_1&CVP_A2_T|1_E_0&CVP_A2_A|10_G_6,娇小稚嫩的{TargetName}那副小小的身子在被一次次逼到绝顶边缘又生生截停之后，此刻终于被允许将累积了太多回的快感一齐倾泻而出。\n那早已被开发得熟极而流的{anal}猛然疯狂绞缩起来，一波接一波地深深收紧又骤然松脱，力道之凶猛远远盖过了先前任何一次绝顶。\n幼小的腰肢剧烈地弓成一张满弓，随即又脱力般整个瘫软下去，纤细的四肢失控地痉挛抽搐，稚气的小脚趾死死蜷缩。\n积攒到极限的巨量快感如决堤般将她小小的意识彻底冲垮，天真的小脸失神地涨得通红，圆溜溜的大眼睛蒙上一层茫然的水汽。\n{anal}深处大量滚烫的肠液失禁般汹涌喷涌而出，一股接一股淌流不止，把这场超乎想象的超强绝顶宣泄得淋漓尽致。
1145,action_part_a_orgasm_super_A,0,CVP_A2_T|102_E_1&CVP_A2_T|1_E_0&CVP_A2_A|10_G_6,这具介于婴儿与萝莉之间的娇小身躯被反复寸止折磨了太多次，每一回都在攀上绝顶的前一瞬被硬生生截断。\n如今累积到骇人的快感终于寻到了出口，一齐轰然炸裂开来，那处早已熟练无比的{anal}疯狂地连续痉挛吸缩，绞紧的力道远非寻常绝顶所能相比。\n{TargetName}稚嫩的小腰反复深深塌陷又高高弓起，细弱的双腿绷得笔直而后剧烈发颤，幼嫩的小手死死攥成一团。\n她根本承受不住这远超想象的滔天快感，稚气未脱的脸蛋彻底失神，懵懂的眼神被冲得涣散失焦。\n大量温热的肠液从翕张不停的{anal}里失禁般奔涌倾泻，量大得惊人，一波未平一波又起地喷淌个不停。
1146,action_part_a_orgasm_super_A,0,CVP_A2_T|102_E_1&CVP_A2_T|1_E_0&CVP_A2_A|10_G_6,被一次次推到高潮巅峰却又硬生生按停之后，{TargetName}那小小的身体里早已积蓄起了一座随时会决堤的快感之潮。\n此刻堤坝终于崩塌，那被反复调教得驾轻就熟的{anal}猛然爆发出一阵极其凶猛的绞缩痉挛，将多次被中断的绝顶一齐释放了出来。\n娇小玲珑的躯体剧烈战栗着绷紧，幼嫩的腰肢无力地弓起再瘫软，纤细的胳膊和小腿都止不住地失控抖动，稚气的脚趾用力抠紧。\n这股超乎想象的极致快感几乎将她天真的神志整个撕碎，通红的小脸上满是被彻底冲垮的迷乱与颤栗。\n{anal}失控般一阵阵狠狠痉挛，浓稠滚烫的肠液如失禁一般喷涌狂淌，濡湿了她整片娇嫩的股缝。
1147,action_part_a_orgasm_super_A,0,CVP_A2_T|102_E_1&CVP_A2_T|1_E_0&CVP_A2_A|10_G_6,稚嫩的{TargetName}被反复吊在绝顶的悬崖边缘一次次拽回，那早已熟稔各种刺激的{anal}此刻积攒的快感终于满溢到再也压不住。\n随着一齐释放的信号，后穴骤然陷入一场狂暴绵长的绞缩，一下比一下更深更凶，激烈程度远远凌驾于之前每一次绝顶之上。\n她幼小的身子猛然弓成一道颤抖的弧线，随即脱力瘫软，细嫩的腰肢和纤瘦的双腿都在剧烈痉挛乱颤，小脑袋无助地向后仰去。\n铺天盖地的巨量快感将她懵懂的意识冲得七零八落，天真的小脸潮红失神，圆亮的眸子失了焦距。\n大量黏热的肠液顺着抽搐不休的{anal}失禁般大股大股倾泻而出，甚至被绞出细细喷流，久久淌流不止。
1148,action_part_a_orgasm_super_A,0,CVP_A2_T|102_E_1&CVP_A2_T|1_E_0&CVP_A2_A|10_G_6,这一次的绝顶，是{TargetName}那小小的身子被反复寸止累积了无数回之后一齐迸发的究极巅峰。\n经验丰富的{anal}早已能轻松承接各种强度的刺激，此刻却也被这远超想象的滔天快感逼得疯狂痉挛，一圈圈死死绞紧又猛地松脱。\n幼嫩的娇躯剧烈地绷成弓形又骤然软塌，稚气的四肢失控地颤栗抽搐，纤细的小手攥得指尖泛白，脚背绷得死紧。\n积压到极限的快感一齐宣泄，将她天真无邪的意识彻底淹没，稚嫩的脸蛋失神地绯红一片，懵懂的大眼失焦涣散。\n温热的肠液自{anal}深处失禁般汹涌喷薄，一波接一波奔涌淌落，量与势都远远盖过了以往任何一次高潮。

1149,action_part_a_orgasm_super_A,0,CVP_A2_T|103_E_1&CVP_A2_T|1_E_0&CVP_A2_A|10_G_6,被一次次逼到绝顶边缘却又被硬生生截停之后，娇小的{TargetName}早已被累积的巨量快感折磨得神志涣散。\n经验老到的稚嫩后穴在无数次寸止里绷到了极限，这一刻积攒到临界的快感终于被彻底放行，一齐轰然炸裂开来。\n远超她想象的超强绝顶如决堤洪流般席卷了这具幼嫩的身躯，{anal}疯狂地连续深缩痉挛，一波比一波更加凶猛狂乱。\n幼小的腰肢高高弓起又脱力瘫软，纤细的四肢失控地抽搐乱颤，稚气的小脸失神地涨红，圆眼彻底失了焦距。\n大量滚烫的肠液如失禁般从{anal}深处喷涌而出，汹涌不止地淋漓喷洒，将这场超乎寻常的极致绝顶宣泄得酣畅淋漓。
1150,action_part_a_orgasm_super_A,0,CVP_A2_T|103_E_1&CVP_A2_T|1_E_0&CVP_A2_A|10_G_6,这具娇小稚嫩的身子早已在一次次濒临巅峰又被骤然掐断中攒下了骇人的快感，{TargetName}熟练的后穴此刻紧绷得几乎要碎裂。\n当被压抑了太多回的高潮终于获准一齐倾泻，一场超乎想象的究极绝顶毫无保留地在她体内轰然引爆。\n{anal}狂野地连番绞缩抽搐，剧烈的痉挛一阵盖过一阵，凶猛得远远盖过了她经历过的任何一次高潮。\n幼嫩的躯体剧烈弓成满弓又猝然塌软，稚气的双腿绷直乱蹬，小手死死攥紧，通红的小脸写满失控的迷乱。\n积攒已久的大量肠液顺着疯狂翕张的{anal}失禁般狂涌喷出，量与势都汹涌得惊人，把这场极致绝顶泄了个彻底。
1151,action_part_a_orgasm_super_A,0,CVP_A2_T|103_E_1&CVP_A2_T|1_E_0&CVP_A2_A|10_G_6,反复被送到绝顶前一瞬又被无情勒停许多次后，娇小的{TargetName}体内那股被截断的快感已堆叠成了灭顶的浪潮。\n经验丰富的稚嫩后穴终于等来了一齐释放的准许，超乎想象的超强绝顶如山崩海啸般将她整个人狠狠淹没。\n{anal}以从未有过的力度疯狂痉挛收缩，一圈圈凶狠地绞紧又松脱，剧烈得几乎将她小小的意识彻底撕碎。\n她幼小的脊背反复深深弓起，稚气的脚趾蜷缩发白，失神的圆眸蒙上茫然水汽，唇边溢出破碎失控的娇吟。\n汹涌的肠液自剧烈抽搐的{anal}里失禁般大股大股喷涌而下，绵延不绝地淋漓倾泻，远远超过了寻常绝顶的量。
1152,action_part_a_orgasm_super_A,0,CVP_A2_T|103_E_1&CVP_A2_T|1_E_0&CVP_A2_A|10_G_6,一次次被推到快感的悬崖边又硬生生拽回，如此往复了太多遭，{TargetName}那娇小的身子早已濒临崩溃的临界。\n熟练的后穴在漫长的寸止折磨里蓄满了骇人的能量，此刻这股巨量快感终于被一齐放开，猛然决堤。\n一场远超她稚嫩想象的极致绝顶轰然席卷全身，{anal}疯狂地连续绞动痉挛，凶猛的收缩一波强似一波无从停歇。\n幼嫩的腰肢剧烈地绷紧弓起又软塌下去，纤瘦的四肢失控颤栗，稚气的小脸潮红失神，圆亮的眼睛彻底涣散。\n大量温热的肠液如失禁般从翕张不停的{anal}深处汹涌狂喷，量多得惊人，把这场超乎想象的绝顶浇得淋漓。
1153,action_part_a_orgasm_super_A,0,CVP_A2_T|103_E_1&CVP_A2_T|1_E_0&CVP_A2_A|10_G_6,被反复寸止折磨了一次又一次之后，娇小的{TargetName}体内积攒的快感早已多到了随时要将她冲垮的地步。\n她那开发充分的稚嫩后穴终于被允许把这许多次被中断的高潮一齐释放，超强的绝顶顷刻间轰然爆发。\n那股凌驾于以往所有高潮之上的极致快感将她小小的身躯彻底吞没，{anal}狂乱地一缩一放，深深绞紧又骤然松脱。\n幼小的身子剧烈弹跳后绷成弓形又脱力瘫软，稚气的双腿痉挛乱颤，小脸失神绯红，圆眸失焦泪光闪烁。\n堆叠已久的大量肠液顺着抽搐不止的{anal}失禁般奔涌喷出，汹涌的势头远超强绝顶，将这场究极高潮泄了个彻底。

1154,action_part_a_orgasm_super_A,0,CVP_A2_T|104_E_1&CVP_A2_T|1_E_0&CVP_A2_A|10_G_6,积蓄已久的巨量快感在这一刻终于被彻底允许释放，年轻的{TargetName}整个身子猛地弹起又重重瘫软，青春的躯体像被无形的电流贯穿一般剧烈痉挛。\n{anal}长时间不受控制地疯狂收缩绞紧，一波未平一波又起，将攒了不知多少次险些抵达却又被生生截停的快感一齐倾泻出来。\n经验丰富的后穴此刻再也守不住那份熟稔的从容，肠壁疯狂蠕动抽搐，大股大股的肠液失禁般喷涌不止，顺着颤抖的股缝汹涌流落。\n少女青涩的脸蛋涨得通红，眼神彻底涣散失焦，思维一片空白，唇舌失控地微张着，只余下被这超乎想象的极致绝顶冲垮后的茫然与解脱。
1155,action_part_a_orgasm_super_A,0,CVP_A2_T|104_E_1&CVP_A2_T|1_E_0&CVP_A2_A|10_G_6,仿佛被压抑到极限的堤坝骤然决口，{TargetName}那具青春洋溢的身体在{Name}面前彻底失守，一次次被截停累积下来的快感在这一瞬全部炸开。\n年轻的腰肢深深弓起绷成一道颤抖的弧线，随即彻底瘫软下去，纤细的四肢失控地痉挛乱蹬，怎么也停不下来。\n{anal}以从未有过的疯狂幅度剧烈绞缩，熟练的肠道再也维持不住那份游刃有余，只剩本能地一阵阵抽搐，喷薄而出的肠液量大得惊人，失禁般涌流不休。\n少女的意识被这究极的绝顶彻底冲垮，眼神空茫失神，口水顺着嘴角无声滑落，唯有那股巨量快感终于得以宣泄的解脱感席卷全身。
1156,action_part_a_orgasm_super_A,0,CVP_A2_T|104_E_1&CVP_A2_T|1_E_0&CVP_A2_A|10_G_6,攒积了太多太多次的高潮终于在这一刻被允许一齐奔涌，{TargetName}稚气未脱的身体骤然绷成满弓，随即毫无预兆地彻底失控颤栗起来。\n她那被充分开发过、平日总能游刃有余的{anal}此刻彻底乱了章法，肠壁极度剧烈地连续痉挛收缩，将累积到极致的巨量快感尽数释放。\n浓稠的肠液如同失禁一般大股喷涌，一波接着一波顺着痉挛的穴口汹涌溢出，那量与那势都远远超出了寻常的程度。\n青春的面庞失神地仰起，眉眼间尽是被极致快感彻底击溃后的空白与恍惚，年轻的身体在漫长的余韵里一下下无力地抽搐着。
1157,action_part_a_orgasm_super_A,0,CVP_A2_T|104_E_1&CVP_A2_T|1_E_0&CVP_A2_A|10_G_6,{SceneName}里，被反复推到绝顶边缘又生生拽回的{TargetName}终于迎来了那一齐迸发的时刻，积蓄的巨量快感如决堤洪流般轰然释放。\n少女富有弹性的身体剧烈弹动，脊背反复深弓后又彻底软塌，细嫩的双腿失控地痉挛抽搐，脚趾死死蜷缩到发白。\n经验老练的{anal}此刻也招架不住这超乎想象的冲击，疯狂而持久地绞紧抽搐，喷涌的肠液失禁般汩汩流淌，怎么也止不住。\n她彻底失去了意识的边界，思维沦为一片空白，涣散的眼神再聚不起焦距，唯余极致释放后那股几乎令她灵魂战栗的解脱与瘫软。
1158,action_part_a_orgasm_super_A,0,CVP_A2_T|104_E_1&CVP_A2_T|1_E_0&CVP_A2_A|10_G_6,这是超乎她想象的究极一击，被一次次逼到极限又硬生生截停的{TargetName}，终于将攒了无数次的快感在同一刻尽数倾泻而出。\n青春的胴体先是绷得笔直而后骤然瘫软，年轻而熟稔的肠道彻底失了往日的从容，{anal}极度剧烈地连续痉挛绞缩，久久无法平息。\n汹涌的肠液大量喷薄失禁般涌流不止，浸得下身一片狼藉，那份量与势远非寻常绝顶所能相比。\n少女的神志被这排山倒海的极致快感彻底冲垮，眼神失焦、唇舌瘫软、口水溢流，只剩身体在无边的解脱余韵里止不住地颤抖战栗。

1159,action_part_a_orgasm_super_A,0,CVP_A2_T|105_E_1&CVP_A2_T|1_E_0&CVP_A2_A|10_G_6,{TargetName}成熟丰腴的身躯猛地绷成一张满弓，那被反复逼至绝顶边缘却又硬生生截停的巨量快感，此刻终于被彻底放行，如决堤洪流般在{anal}深处轰然炸开。\n{anal}极度剧烈地一阵阵痉挛收缩，久久无法平息，浑浊滚烫的肠液失禁般汩汩喷涌而出，量与势都远超她过往任何一次绝顶。\n她那习惯了肛交快感的成熟身体此刻也被彻底冲垮，意识一片空白，眼神彻底涣散，唇舌失控地微微吐出，口水沿着下颌无声滑落。\n成熟的腰肢深深弓起后又骤然瘫软，修长的双腿失控地痉挛乱蹬，久违的解脱感将这具青涩与成熟交织的躯体席卷得体无完肤。
1160,action_part_a_orgasm_super_A,0,CVP_A2_T|105_E_1&CVP_A2_T|1_E_0&CVP_A2_A|10_G_6,积蓄已久的极致快感在这一刻终于获准倾泻，{TargetName}那具介于青涩与成熟之间的胴体骤然绷紧到极限，随即被这股超乎想象的绝顶浪潮彻底淹没。\n{anal}以远超以往的幅度长时间连续抽搐痉挛，经验丰富的肠壁疯狂蠕动绞缩着，大量温热的肠液毫无阻拦地喷溅涌流，失禁般止不住。\n她想强撑出大姐姐惯有的那份从容，却在这灭顶的快感前彻底破碎，思维空白一片，眼神失焦无神，喉间只剩断续失序的颤息。\n成熟的腰腹反复深弓又彻底塌软，脚趾死死蜷起又猛地张开，那份累积多时终获释放的解脱感令她通体战栗不止。
1161,action_part_a_orgasm_super_A,0,CVP_A2_T|105_E_1&CVP_A2_T|1_E_0&CVP_A2_A|10_G_6,仿佛被无数次拽到云端顶点又硬生生拉回的快感，此刻一齐挣脱束缚，{TargetName}丰润成熟的身体在这一瞬被推上了从未抵达过的极致绝顶。\n{anal}极度失控地连番痉挛绞紧，那副早已被充分开发的娴熟肠道剧烈收紧又松开，滚烫的肠液如失禁般一股股喷涌，浸得一片狼藉。\n她成熟的面容彻底失守，仅存的那点青涩与羞怯尽数被冲散，双眸涣散无神，微张的唇齿间溢出止不住的津液，意识近乎彻底崩溃。\n她的腰肢剧烈弓起又软软塌下，成熟的大腿失控地颤抖着，长久压抑后一泻千里的酣畅解脱令她久久无法回神。
1162,action_part_a_orgasm_super_A,0,CVP_A2_T|105_E_1&CVP_A2_T|1_E_0&CVP_A2_A|10_G_6,被反复截停在绝顶悬崖边缘的巨量快感终于汇成一道洪峰，{TargetName}那略带青涩的成熟躯体被这超乎想象的极致绝顶彻底击穿。\n{anal}长久而剧烈地连续抽搐绞紧，那条经验老到的肠道熟练却又失控地疯狂蠕动着，浓稠的肠液喷涌不止，量与势之猛远胜从前。\n一贯在人前从容可靠的大姐姐此刻被冲垮得只剩本能，脑海一片空白，眼神彻底失神，连唇舌都不听使唤地微微痉挛抽动。\n成熟丰腴的腰身一次次深弓又骤然瘫软，双腿无力地痉挛乱颤，那股憋闷太久终得宣泄的巨大解脱感将她整个人彻底吞没。
1163,action_part_a_orgasm_super_A,0,CVP_A2_T|105_E_1&CVP_A2_T|1_E_0&CVP_A2_A|10_G_6,层层累积到几乎要将理智撑爆的快感，在这一刻被尽数释放，{TargetName}成熟而尚存几分青涩的身子被这究极绝顶掀得天翻地覆。\n{anal}以前所未有的烈度长时间不受控地连续收缩痉挛，那副娴熟惯于承受的肠道剧烈翻绞着，海量滚烫的肠液失禁般喷薄涌泻。\n她再撑不住惯常的成熟从容，整个人被彻底冲垮，意识陷入一片空白，眼神涣散迷离，口涎顺着微颤的唇角无声滑落。\n丰腴的腰肢绷到极致后彻底虚脱瘫软，修长双腿失控地抽搐蹬动，那份积蓄多时终获解放的极致快慰令她通身瘫软战栗。

1164,action_part_a_orgasm_super_A,0,CVP_A2_T|105_E_1&CVP_A2_A|5_LE_3,成熟中透着青涩的{TargetName}整具身子猛地绷成一张满弓，那被一次次拨弄到绝顶边缘又被硬生生截停的巨量快感，此刻终于被允许一齐倾泻而出。\n{anal}发疯般地剧烈痉挛收缩，一波接一波长久地抽搐不止，累积了太久太久的极致快感如溃堤洪流般轰然炸开，将她那副向来对后穴刺激并不敏锐的身体彻底冲垮。\n她大姐姐般端庄的面容再也维持不住，眼神涣散失焦，思维一片空白，唇舌失控地微张，涎水顺着嘴角淌落。\n温热的肠液伴着这超乎想象的解脱失禁般汩汩涌流不止，成熟的腰肢深深弓起又骤然瘫软，青涩与失控在这一刻交织成极致的沦陷。
1165,action_part_a_orgasm_super_A,0,CVP_A2_T|105_E_1&CVP_A2_A|5_LE_3,积蓄已久的快感终于挣脱了那道被反复截停的枷锁，{TargetName}成熟而略带稚气的躯体在刹那间被一股超乎想象的极乐洪流彻底淹没。\n{anal}不受控制地连续深深绞缩，长时间剧烈抽搐着，那被寸止折磨了一次又一次才攒下的巨量快意一齐爆开，饶是她后穴本就迟钝不敏，此刻也被这究极的冲击碾成了齑粉。\n她意识被冲刷得干干净净，脑中只剩一片空茫的雪白，四肢失控地痉挛乱颤。\n大量温热的肠液如失禁般喷涌而出，绵绵不绝，成熟的脸上写满了青涩少女般的失神与巨大的解脱。
1166,action_part_a_orgasm_super_A,0,CVP_A2_T|105_E_1&CVP_A2_A|5_LE_3,{TargetName}那被一次次逼到绝顶前一瞬又被强行拽回的快感，此刻如决堤般轰然释放，成熟丰润的身体霎时被推上了超乎想象的极致巅峰。\n{anal}极度剧烈地长久痉挛着，一圈圈疯狂收缩绞紧，那攒了不知多少回的巨量快意终于一并倾泻，连她向来感受迟钝的后穴都被这滔天的极乐彻底击溃。\n端庄的大姐姐此刻眼神彻底失焦，思绪被冲得荡然无存，只余下无意识的颤栗。\n汹涌的肠液失禁般喷洒涌流，量与势皆浩大惊人，成熟的腰身深弓后彻底软瘫，青涩的娇态尽数崩解在这场究极的解放里。
1167,action_part_a_orgasm_super_A,0,CVP_A2_T|105_E_1&CVP_A2_A|5_LE_3,那被反复寸止硬生生截断了无数次的快感，终于在这一刻被彻底松开了闸门，{TargetName}成熟中带着青涩的身子被一股难以想象的极乐狂潮整个掀翻。\n{anal}长久而失控地剧烈抽搐绞缩，累积得满满当当的巨量快意如火山喷发般一齐炸裂开来，纵使她后穴的敏感一向平淡浅薄，也被这究极的冲击冲刷得溃不成军。\n她脑海一片空白，意识彻底被洪流卷走，唇齿失控地翕张，涎水无声滑落。\n温热的肠液伴着那股酣畅淋漓的解脱失禁般狂涌不止，成熟的躯体在极致的战栗中沦陷得一塌糊涂。
1168,action_part_a_orgasm_super_A,0,CVP_A2_T|105_E_1&CVP_A2_A|5_LE_3,被一次又一次拦在绝顶门前的快感终于得到了尽情宣泄的许可，{TargetName}那具成熟却尚存青涩的身躯瞬间被超乎想象的极致快感彻底贯穿。\n{anal}疯狂而持久地连续痉挛收缩，长久地绞缩抽搐着不肯停歇，那被压抑了太久的巨量快意一齐决堤奔涌，连她本就不甚敏感的后穴都被这滔天巨浪冲垮碾碎。\n她意识被冲刷得支离破碎，思维彻底陷入空白，眼神涣散地望向虚空。\n大量温热的肠液失禁般喷涌倾泻，绵延不绝，成熟的大姐姐在这场终于被释放的究极绝顶里，青涩与失控交织着彻底崩塌。

1169,action_part_a_orgasm_super_A,0,CVP_A2_T|106_E_1&CVP_A2_T|1_E_0&CVP_A2_A|10_G_6,被反复推到绝顶边缘又生生截停无数次之后，{TargetName}那具成熟丰腴的身体终于被允许将累积到极致的巨量快感一齐倾泻而出。\n{anal}猛地爆发出剧烈而漫长的痉挛收缩，一波接着一波毫无停歇地绞紧又松开，充分开发的肠道熟练却又彻底失控地翻搅着，大量温热肠液失禁般喷涌而出，止不住地涌流。\n她成熟的腰肢深深弓起后又整个瘫软下去，丰满的大腿失控地痉挛乱蹬，眼神彻底涣散，思维在这超乎想象的极致绝顶里被冲刷得一片空白。\n那份被压抑太久终于得以释放的巨大解脱感，让这具熟透的胴体在{Name}面前毫无保留地淫荡战栗。
1170,action_part_a_orgasm_super_A,0,CVP_A2_T|106_E_1&CVP_A2_T|1_E_0&CVP_A2_A|10_G_6,积攒到几乎要将她逼疯的快感，在一次次被逼到顶点又硬生生掐断之后，终于如决堤般在{TargetName}体内彻底炸裂。\n{anal}以远超以往的烈度极度剧烈地连续绞动，充分开发的后穴在这究极绝顶里熟练地一张一合，却再也控制不住节奏，滚烫肠液大量喷涌，一股又一股失禁般涌流不止。\n成熟的她整个身子绷成满弓随即彻底脱力瘫软，丰腴的躯体从头到脚剧烈抽搐，涣散的双眸失神上翻，唇边溢出止不住的津液。\n巨量快感一齐释放的极致快意，将她的意识冲刷得干干净净。
1171,action_part_a_orgasm_super_A,0,CVP_A2_T|106_E_1&CVP_A2_T|1_E_0&CVP_A2_A|10_G_6,这是超乎她想象的极致绝顶。\n无数次被推到边缘又被截停所累积下来的海量快感，在这一刻被允许全部倾泻，{TargetName}成熟丰满的身体骤然爆发出极致的失控。\n{anal}长时间不受控制地剧烈痉挛，经验丰富的肠壁熟练地深深绞缩又猛然松开，反复蠕动收缩间大量肠液喷涌失禁般奔流而下，量与势都远远超出寻常。\n她丰腴的腰身深深弓起旋即彻底瘫软，成熟的四肢失控地颤抖乱蹬，脸上尽是失神的迷乱，口水顺着嘴角不受控制地流淌，脑中一片空白。\n那股压抑已久终获释放的解脱感将她整个人彻底淹没。
1172,action_part_a_orgasm_super_A,0,CVP_A2_T|106_E_1&CVP_A2_T|1_E_0&CVP_A2_A|10_G_6,当那被反复中断累积起来的巨量快感终于被准许一齐宣泄时，{TargetName}这具历经风月的成熟胴体迎来了它从未体验过的究极绝顶。\n{anal}极度剧烈而持续地痉挛绞动着，充分开发过的肠道熟练又彻底失控地翻涌收缩，仿佛要把这么多次被截断的高潮一次全部补偿回来，汹涌的肠液失禁般大量喷涌，止不住地淌落。\n丰满的躯体绷紧到极限后骤然瘫软，成熟的双腿痉挛抽搐，眼神彻底涣散失焦，思维被这极致的快感彻底冲垮成一片空白。\n那份终于得以解脱的痛快让她放荡地颤栗不止。
1173,action_part_a_orgasm_super_A,0,CVP_A2_T|106_E_1&CVP_A2_T|1_E_0&CVP_A2_A|10_G_6,被寸止折磨到濒临崩溃的快感在积压到无以复加之后，终于一齐从{TargetName}成熟丰腴的身体深处奔涌释放。\n{anal}爆发出极致而漫长的连续痉挛，早已开发得极为熟练的肠道再也顾不上收放的分寸，只是疯狂地绞紧松开循环往复，大量滚烫肠液喷涌而出，如失禁般涌流不息。\n她成熟的腰肢反复深深弓起又彻底脱力瘫软，丰润的大腿失控地乱颤，涣散的眸子失神上翻，唇舌失控地微张，涎水溢出。\n这超乎想象的极致绝顶连同那压抑已久的解脱感，将她的神志彻底冲刷成空白。
1174,action_part_a_orgasm_super_A,0,CVP_A2_T|107_E_1&CVP_A2_T|1_E_0&CVP_A2_A|10_G_6,被一次次逼到绝顶边缘却又硬生生截停，如此反复许多回之后，{TargetName}那具已为人妻的成熟身躯终于被允许将累积到极限的巨量快感一齐倾泻而出。\n那处早已被开发得熟稔无比的{anal}疯狂地绞缩蠕动着，凭着丰富的经验竟还能主动收紧肠壁，将这场超乎想象的绝顶推向更凶的巅峰。\n身为人妻却在{Name}面前彻底沦陷，背叛婚姻的背德感与灭顶的快意交织，将她仅存的一丝愧疚冲得干干净净。\n大量滚烫的肠液如失禁般从{anal}深处喷涌不止，一股接一股地汹涌淌落，在{SceneName}里泄出一片淫靡狼藉。
1175,action_part_a_orgasm_super_A,0,CVP_A2_T|107_E_1&CVP_A2_T|1_E_0&CVP_A2_A|10_G_6,在被反复寸止折磨了太多次之后，堆积如山的快感终于寻到了宣泄的缺口，{TargetName}那具人妻的丰润肉体骤然绷成一张满弓。\n经验老到的{anal}熟练地一缩一放，一波强过一波地深深绞紧，那份凶猛的痉挛远远盖过了寻常的每一次绝顶，是一场究极的超强高潮。\n她仰起脖颈无声地张着嘴，作为别人的妻子此刻却毫无保留地缴械投降，眼角泛起失神的泪光。\n汹涌的肠液从翕张不止的{anal}里失禁般奔涌而下，量大得惊人，甚至被绞出一股股喷流，将她背叛家庭的最后一丝矜持尽数熔化。
1176,action_part_a_orgasm_super_A,0,CVP_A2_T|107_E_1&CVP_A2_T|1_E_0&CVP_A2_A|10_G_6,一次又一次被推到高潮的临界又被狠狠截住，如此累积了无数回后，{TargetName}这个偷偷背叛着婚姻的女人终于迎来了一场超乎想象的极致绝顶。\n她那被玩弄得愈发熟练的{anal}疯狂地吸缩痉挛，凭着丰富的经验主动榨取着深处翻涌的酥麻，将快感一寸寸推向从未有过的巅峰。\n成熟的腰肢深深弓起又脱力般瘫软，修长的双腿失控地颤抖乱蹬，脚趾死死蜷缩成一团。\n大量温热的肠液自{anal}深处如决堤般喷涌失禁，浸得下身一片泥泞，把身为人妻的愧疚与理智一同冲刷殆尽。
1177,action_part_a_orgasm_super_A,0,CVP_A2_T|107_E_1&CVP_A2_T|1_E_0&CVP_A2_A|10_G_6,当被寸止累积到极限的快感终于获准一齐释放，{TargetName}那具人妻的躯体便被一股远超以往的灭顶巨浪彻底淹没。\n那处充分开发过的{anal}熟稔地连续深缩绞动，肠壁一圈圈凶狠地蠕动收紧，激烈程度远非寻常绝顶所能比拟。\n她本该端庄的面容此刻彻底崩塌，只余失神的娇喘与止不住的战栗，背德的刺激反倒让这场超强绝顶来得愈发汹涌。\n浓稠的肠液顺着一张一合的{anal}大股大股地涌淌而出，失禁般溅落不止，将这个女人对丈夫的最后一丝挣扎冲散在{SceneName}中。
1178,action_part_a_orgasm_super_A,0,CVP_A2_T|107_E_1&CVP_A2_T|1_E_0&CVP_A2_A|10_G_6,反复被截停又反复被拉回巅峰边缘，如此折磨过无数遍之后，{TargetName}那已嫁作人妻的身子终于承受不住，迎来了一场究极的超强绝顶。\n她那被调教得极其敏感的{anal}贪婪地一缩一放，凭着娴熟的经验主动绞紧肠壁，将积攒到顶点的巨量快感尽数榨取宣泄。\n她弓着腰无声地扬起头，成熟丰腴的胴体剧烈痉挛，作为有夫之妇却在此刻放荡地沉沦，再顾不上半分羞耻。\n滚烫的肠液从抽搐不休的{anal}里失禁般汹涌喷涌，量与势都远胜从前，把她背叛婚姻的禁忌快意泄了个淋漓尽致。

1179,action_part_a_orgasm_super_A,0,target_is_player_daughter&CVP_A2_T|1_E_0&CVP_A2_A|10_G_6,经历了无数次被推到绝顶边缘又硬生生截停的煎熬之后，{TargetName}积攒的巨量快感终于被允许一齐倾泻而出，{anal}猛地绷紧又痉挛着大张。\n那是超乎她想象的极致顶点，一波接一波的电流从后穴深处轰然炸开，将这个乖巧的女儿彻底淹没。\n{anal}再也含不住汹涌的肠液，透明的液体如失禁般喷涌而出、失控地涌流不止。\n她仰着头，四肢无力地抽搐，眼角泛着泪光，用只有父亲{Name}才懂的眼神无声地承受着这灭顶的快感。
1180,action_part_a_orgasm_super_A,0,target_is_player_daughter&CVP_A2_T|1_E_0&CVP_A2_A|10_G_6,{TargetName}那被反复开发过的经验丰富的后穴早已习惯了各种刺激，却从未承受过如此被寸止累积到极限的巨浪。\n当最后的封锁终于解开，无数次中断的高潮在同一瞬间轰然合流，{anal}疯狂收缩又剧烈痉挛，像要将灵魂都绞出来。\n浓稠的肠液一股股喷射失禁，量与势都远远超出了以往任何一次。\n身为女儿的她死死抓着身下，腰肢高高弓起又猛然瘫软，任由这场超强绝顶将羞耻与理智一并冲垮。
1181,action_part_a_orgasm_super_A,0,target_is_player_daughter&CVP_A2_T|1_E_0&CVP_A2_A|10_G_6,一次、两次、无数次被拦在绝顶前一瞬的折磨，让{TargetName}体内堆积的快感早已濒临崩溃的临界。\n终于被放行的刹那，{anal}轰然爆开一场超乎想象的绝顶，熟练的肠壁疯狂蠕动着榨取每一分残存的余韵。\n喷涌的肠液再也无法抑制，如决堤般失禁般地喷出、汩汩涌流不止。\n她张着嘴发不出完整的声音，浑身战栗着，只在心底一遍遍呼唤着父亲{Name}，被这灭顶的极乐彻底吞没。
1182,action_part_a_orgasm_super_A,0,target_is_player_daughter&CVP_A2_T|1_E_0&CVP_A2_A|10_G_6,被一次次逼到顶点又被无情拉回的{TargetName}，此刻终于迎来了积蓄到骇人程度的总爆发。\n{anal}深处仿佛有滚烫的洪流骤然决口，将连续多次被截停的快感一齐释放，强度远远凌驾于她所熟知的任何绝顶。\n经验丰富的后穴熟练地绞缩、颤抖，大量肠液喷涌而出、失禁般止不住地流淌。\n这个平日乖巧的女儿彻底失了神，脚趾蜷曲、腰腹剧烈起伏，在无声的哭喊中承受着这份超越极限的至高快感。
1183,action_part_a_orgasm_super_A,0,target_is_player_daughter&CVP_A2_T|1_E_0&CVP_A2_A|10_G_6,当反复寸止累积的巨量快感终于被允许倾巢而出，{TargetName}整个人被抛入了从未体验过的绝顶巅峰。\n{anal}猛烈地一缩一张，痉挛得几乎失去节律，把多次被中断的高潮在同一刻尽数迸发。\n她那被充分调教过的肠道熟练地承受着这股狂潮，滚烫的肠液如喷泉般失禁涌出、喷洒不止。\n身为{Name}女儿的她泪眼朦胧、四肢瘫软，喉间溢出破碎的呜咽，在灭顶的极乐里彻底沦陷、久久无法回神。

1184,action_part_a_orgasm_super_A,0,CVP_A2_T|106_E_1&CVP_A2_A|5_LE_3&high_1,积蓄了太久太久的快感在这一刻终于被彻底放行，{TargetName}那具丰腴成熟的身躯猛地绷成一张满弓，随即失控般痉挛颤抖起来。\n一次又一次被逼到绝顶边缘却又被硬生生截停的巨量快感，此刻如决堤洪流般轰然倾泻，{anal}极度剧烈地收缩绞紧，长久地抽搐着无法停歇。\n这具原本对后穴刺激反应迟钝的成熟身子，也在这超乎想象的极致冲击下被彻底击溃，成熟稳重尽数瓦解，眼神涣散，思维一片空白。\n大量温热的肠液失禁般喷涌而出，涓涓不止，那是累积已久终获释放的巨大解脱，将她钉在了灭顶欢愉之巅。
1185,action_part_a_orgasm_super_A,0,CVP_A2_T|106_E_1&CVP_A2_A|5_LE_3&high_1,仿佛被反复吊到云端又狠狠拽回的无数次折磨终于走到尽头，{TargetName}丰满的胴体在这一瞬彻底失守。\n那被压抑截断了太多回的滔天快感一齐炸开，{anal}疯狂而不受控制地连连痉挛绞缩，成熟丰腴的腰肢深深弓起后又猛地瘫软下去，修长双腿失控地绷直乱颤。\n究极的绝顶远远超出她这副见惯风月的成熟身体所能承受的极限，纵使后庭素来感度低钝，也被这巨浪彻底冲垮，意识连同神志一起被撕成碎片。\n汹涌的肠液如失禁般大股大股喷洒涌流，久蓄终泄的酣畅将这个成熟女人推入灭顶深渊。
1186,action_part_a_orgasm_super_A,0,CVP_A2_T|106_E_1&CVP_A2_A|5_LE_3&high_1,层层累叠、被一次次生生掐断在绝顶前一刻的巨量快感，此刻毫无保留地一齐奔涌而出，{TargetName}成熟的身体骤然绷紧到极致，随即剧烈得近乎抽搐地颤栗不止。\n{anal}长时间地、极度剧烈地绞缩收紧，一波接一波的极致快感将她整个人彻底淹没，成熟从容的神态荡然无存，唇齿失控地张着，口涎无声滑落。\n这惊涛骇浪般的究极高潮远非她迟钝的后穴平日所能触及，思绪被冲刷得一片惨白。\n滚烫的肠液大量喷涌失禁般泄下，那是压抑至极后终获释放的酣畅淋漓。
1187,action_part_a_orgasm_super_A,0,CVP_A2_T|106_E_1&CVP_A2_A|5_LE_3&high_1,被寸止的技巧一再逼到悬崖边缘又硬生生拦下的无数次快感，在这一刻终于被允许尽数倾泄，{TargetName}丰腴成熟的躯体如遭雷击般剧烈弹动。\n{anal}以远超寻常的幅度疯狂痉挛绞紧，久久不能平息，成熟的腰肢反复深弓又彻底脱力瘫软，四肢失控地痉挛乱蹬。\n纵然她的后庭一向感度低微，只识得被填满的钝重异物感，此刻也被这超乎想象的滔天巨浪彻底冲垮，意识连同理智一并被击得粉碎，脑中空空荡荡。\n大量肠液失禁般汹涌喷落绵延不绝，那份终于卸下重负的解脱几乎将她的灵魂一同带走。
1188,action_part_a_orgasm_super_A,0,CVP_A2_T|106_E_1&CVP_A2_A|5_LE_3&high_1,积压了太多次、每每将至巅峰便被截停的巨浪，此刻终于被彻底解禁，一齐轰然释放，{TargetName}那具成熟丰腴的身子瞬间绷成极限的弧度，继而失控地剧烈痉挛。\n{anal}极度剧烈而漫长地收缩绞动，快感的洪流一浪高过一浪地将她吞没，成熟女人平日的沉稳与从容被冲刷得荡然无存，眼神彻底失焦，思维尽数空白。\n这究极绝顶远远凌驾于她那素来迟钝低感的后穴所能想象的一切之上，连濒临崩溃的边缘都被轻易越过。\n温热的肠液如失禁般大股喷涌、涓流不止，久蓄终泄的酣畅将她推上了灭顶之巅。

1189,action_part_a_orgasm_super_A,0,CVP_A2_T|107_E_1&CVP_A2_A|5_LE_3,已为人妻的{TargetName}那具背负着婚姻的成熟身体在这一刻彻底失了控，被一次次逼到绝顶边缘又硬生生截停所堆积起来的巨量快感，此刻如决堤般一齐倾泻而出。\n{anal}原本迟钝而低敏，平日里只识得被填满的胀涨与异物感，却在这反复截断的煎熬后被推上了远超它所能承受的顶点，剧烈而不受控制地一阵阵深深绞缩。\n她成熟丰腴的腰肢反复深弓又彻底瘫软，四肢失控地痉挛乱颤，眼神涣散、思绪一片空白，唇边溢出止不住的涎水。\n温热的肠液如失禁般汹涌喷涌不止，那份背叛家庭的禁忌与终于被允许释放的解脱感一同将她整个人冲垮。
1190,action_part_a_orgasm_super_A,0,CVP_A2_T|107_E_1&CVP_A2_A|5_LE_3,{TargetName}被无数次拦在绝顶前一瞬的折磨终于走到了尽头，积攒了太久太多的快感在这一刻毫无保留地轰然炸开，冲垮了她作为人妻苦苦维持的最后一丝端庄。\n{anal}本是感度浅淡之处，寻常时分对这般刺激只有钝钝的填塞感，如今却被这滔天的快感浪潮硬生生淹没，极致剧烈地连续收缩绞紧，久久不能平息。\n她的身体长时间地绷紧又抽搐，成熟的双腿失控地乱蹬，头颅无力地后仰，意识早已被这究极的高潮彻底击碎。\n大股大股的肠液喷涌而出淋漓不止，背德的羞耻与如释重负的快意交织，将这个偷享禁忌的人妻彻底吞没。
1191,action_part_a_orgasm_super_A,0,CVP_A2_T|107_E_1&CVP_A2_A|5_LE_3,在{SceneName}里，{TargetName}这具早有归属的躯体骤然绷到了极限，被一而再再而三推至云端边缘又强行按下所囤积的海量快感，此刻终于获准倾巢而出。\n她的{anal}向来迟钝低敏，平素只当那是被撑开的沉沉压迫，可在这反复煎熬的累积之后，竟被逼出了它这辈子都不曾有过的极致绝顶，痉挛般地一波接一波狠狠内缩。\n人妻丰润的腰身深深弓起旋即彻底虚脱，四肢无意识地颤栗抽搐，双眸失神涣散，脑中一片惨白。\n喷涌的肠液如溃堤般失禁而下，那股背叛丈夫的罪恶快感与久候终得释放的巨大解脱感，将她狠狠淹没。
1192,action_part_a_orgasm_super_A,0,CVP_A2_T|107_E_1&CVP_A2_A|5_LE_3,积压已久的快感在这一刻再无阻拦地全数迸发，{TargetName}那具属于另一个男人的成熟身子被这超乎想象的绝顶冲得彻底散了架，从头到脚剧烈而持久地战栗不休。\n{anal}原本感度不高，平日只领受得到胀满的异物感而非酣畅的快意，此刻却被这海啸般的余量快感彻底压垮，极度失控地深深绞缩痉挛，收得又紧又急。\n她丰腴的腰肢反复弓起又软塌，成熟的大腿失控地痉挛夹绞，涎水顺着失神微张的唇角淌落，神思荡然无存。\n汹涌的肠液喷薄失禁不止，人妻的背德愧疚与终获释放的酣畅解脱在她瘫软的躯体上一同炸裂开来。
1193,action_part_a_orgasm_super_A,0,CVP_A2_T|107_E_1&CVP_A2_A|5_LE_3,一次又一次被逼停在绝顶门槛前所攒下的滔天快感，此刻终于被允许一齐宣泄，{TargetName}这具背着婚姻秘密的丰熟身体在究极的高潮里彻底崩解，长久而剧烈地抽搐颤栗。\n她那{anal}本就感度稀薄，往常至多识得被填塞的钝重胀感，如今却在这反复截停的百般积蓄后被推向了不可思议的顶峰，极烈地连绵绞缩久久不歇。\n成熟的腰身深弓后骤然瘫软，四肢失控乱颤，眼神涣散空茫，思维被这滔天快意冲刷得一干二净。\n失禁般的肠液喷涌倾泻绵绵不绝，偷尝禁果的背德羞耻与如释重负的解脱一并将这个人妻冲垮到底。

1194,action_part_a_orgasm_super_A,0,target_is_player_daughter&CVP_A2_A|5_LE_3,被反复逼到绝顶边缘又一次次硬生生截停之后，{TargetName}体内那股累积到极限的巨量快感终于被允许倾泻而出。\n身为{Name}亲生女儿的少女在这一刻彻底失控，明明{anal}的感度本就迟钝，平日里更多只有被填满的异物胀感，可这回被憋了太久的快感一齐炸开，竟也将她这具稚嫩的身子冲垮成了一片空白。\n她小腹深处不受控制地剧烈抽搐，腰肢反复深弓又彻底瘫软，纤细的四肢痉挛乱蹬，涣散的眼神里满是解脱般的迷乱。\n伴随这超乎想象的极致释放，{anal}失禁般地喷涌出大量温热的肠液，涓涓不止地流淌，将这场究极绝顶淋漓地宣泄了出来。
1195,action_part_a_orgasm_super_A,0,target_is_player_daughter&CVP_A2_A|5_LE_3,一次次被推到高潮的悬崖边又被生生拽回，{TargetName}积压了太多太多几乎要将她撑爆的快感，此刻终于被彻底放开。\n身为{Name}女儿的她再也维系不住那点羞怯的克制，这场究极的超强绝顶远远超出了她所能承受的极限。\n即便她的{anal}本就感度低下，向来只觉得钝钝的胀满，可这股一齐倾泻的洪流还是把她冲得意识全无、思绪一片空茫。\n少女的脊背反复弓成惊人的弧度而后无力塌陷，脚趾死死蜷起又猛地绷直，唇边溢出失神的涎水，{anal}随之涌出失禁般汹涌的肠液，量与势都骇人地凶猛。
1196,action_part_a_orgasm_super_A,0,target_is_player_daughter&CVP_A2_A|5_LE_3,憋了不知多少回、每每将将触顶便被无情掐断的快感，在{SceneName}里终于迎来了一齐爆发的这一刻。\n{TargetName}这个平日乖顺的女儿被这股究极的洪潮彻底掀翻，她那本就迟钝的{anal}虽感度浅薄、大多只识得被塞满的沉甸感，却也在这超乎想象的强度下被冲得溃不成军。\n她整具娇躯剧烈而持久地痉挛绷紧，腰腹深处一波接一波地抽搐，涣散无神的双眼失了焦距，脑中一片空白。\n汹涌的肠液自{anal}失禁般喷薄涌流，怎么也止不住，将这场累积到极致后才被允许释放的超强绝顶宣泄得淋漓尽致。
1197,action_part_a_orgasm_super_A,0,target_is_player_daughter&CVP_A2_A|5_LE_3,被那折磨人的寸止反复吊在绝顶前的一线之间，一次又一次地功亏一篑，{TargetName}体内的快感早已堆叠成了随时要决堤的巨浪。\n当这道闸门终于被松开，身为{Name}亲女的少女被一齐奔涌而出的究极快感彻底冲垮，连一丝理智都没能剩下。\n哪怕{anal}生来感度低钝、素来只有被撑开的胀塞感，此刻也抵不住这远超寻常的极致冲击。\n她纤秀的身子长时间不受控制地颤栗抽搐，腰肢深深弓起旋即瘫软如泥，{anal}止不住地喷涌出滚烫的肠液，如失禁般汩汩流泻，酣畅淋漓地释放着这场累积已久的解脱。
1198,action_part_a_orgasm_super_A,0,target_is_player_daughter&CVP_A2_A|5_LE_3,那些被一再截停、迟迟不得释放的快感层层叠叠地压在少女体内，此刻终于获准一并倾泻。\n{TargetName}望着自己的父亲{Name}，这个乖巧的女儿在究极绝顶的洪流里被冲得神魂尽散，思维彻底化作一片空白。\n她的{anal}虽感度稀薄、平素多半只有钝重的异物填塞之感，却也在这超乎想象的极致强度下再无半分招架之力。\n稚嫩的躯体剧烈痉挛、久久不能平复，腰背反复弓塌，四肢失控地抽搐，{anal}失禁般地喷涌流淌出大量肠液，将这份憋压至极后的解脱宣泄得酣畅而彻底。

1199,action_part_a_orgasm_super_A,0,CVP_A2_T|102_E_1&CVP_A2_A|5_G_3&CVP_A2_A|5_LE_6,娇小的{TargetName}整个身子猛然绷成一张满弓，稚嫩得不堪一握的躯体腾起一阵剧烈到彻底失控的痉挛。\n那些一次次被逼到绝顶边缘却又生生截断的巨量快感，此刻终于获准一齐决堤，汹涌澎湃得远远超出她幼小身体所能承受的极限。\n平日只惯于适中刺激的{anal}被彻底击溃，极度剧烈地一缩一放抽搐个不停，大量肠液毫无节制地喷涌而出，失禁般顺着娇嫩的腿缝汩汩涌流。\n小脑袋无力后仰，眼神涣散失焦，思绪化作一片空白，唇边失控地淌下津液，积压已久的快感终获释放的巨大解脱感将她整个吞没。
1200,action_part_a_orgasm_super_A,0,CVP_A2_T|102_E_1&CVP_A2_A|5_G_3&CVP_A2_A|5_LE_6,稚气未脱的{TargetName}绽出一阵无声的剧烈痉挛，纤细的四肢齐齐绷直又剧烈乱颤，小小的身体像被巨浪反复拍打一般无从招架。\n被折磨到无数次濒临巅峰又被硬生截停的快感，终于在这一刻毫无保留地一齐倾泻，那股猛烈程度是她娇嫩身躯从未领教过的究极冲击。\n中等敏感的{anal}此刻却疯了般连绵抽搐，滚烫肠液如决堤般大股大股地喷溅涌出，量与势都汹涌得惊人。\n她的意识被彻底冲垮，圆眼失神地半睁着，脑海空空荡荡，只余那份累积巨量快感一齐奔涌而出的酣畅与解脱。
1201,action_part_a_orgasm_super_A,0,CVP_A2_T|102_E_1&CVP_A2_A|5_G_3&CVP_A2_A|5_LE_6,{TargetName}幼小的躯体骤然弹起又重重瘫软，一波接一波的极致快感将她娇嫩的身子彻底淹没。\n那是被一次次逼近顶点却硬生截住、层层堆叠到骇人地步的快感，此刻终于被准许一股脑地尽数迸发，凶猛得叫这具稚嫩的小身板根本无力承接。\n原本只对适度快意有所反应的{anal}此刻剧烈得近乎抽风般痉挛收缩，滚烫的肠液喷涌失禁，怎么也止不住地淌了满腿。\n小脸涨得通红又渐渐失了神采，眼神空茫，思维一片惨白，唯余那份终于卸下重负般的极乐解脱在她体内翻涌。
1202,action_part_a_orgasm_super_A,0,CVP_A2_T|102_E_1&CVP_A2_A|5_G_3&CVP_A2_A|5_LE_6,小小的{TargetName}整个人剧烈地弓起又猛地塌下，稚嫩肢体失控地痉挛乱蹬，仿佛被一股远超想象的洪流从体内彻底冲穿。\n积压了太多次、每一次都在绝顶前一瞬被生生掐断的快感，此刻终于汇成一场究极的大爆发，一齐倾巢释放。\n中感度的{anal}被这巨浪彻底压垮，痉挛得又深又久停不下来，大量肠液喷薄而出，势如泉涌般失禁个不停。\n她圆圆的眼睛彻底失焦涣散，小嘴微张溢着涎水，脑中一片空白，唯有那份憋闷已久终得宣泄的极致解脱席卷全身。
1203,action_part_a_orgasm_super_A,0,CVP_A2_T|102_E_1&CVP_A2_A|5_G_3&CVP_A2_A|5_LE_6,娇嫩稚气的{TargetName}猛地一颤，纤小的身体绷到极限后剧烈地连连抽搐，被一浪高过一浪的极乐冲刷得毫无还手之力。\n那些被反复吊在巅峰边缘、迟迟不许释放的快感终于一齐奔泻而下，其烈度浩大得远远凌驾于她幼嫩身躯的承受之上。\n平素只能承接适中快意的{anal}此刻却疯狂地收缩痉挛不止，喷涌的肠液大股大股地夺路而出，泛滥失禁到淋漓满地。\n小脑袋昏沉地垂着，双眼失神空洞，意识被彻底击碎成一片空白，只剩下巨量快感终获解放的酥麻解脱感将她层层包裹。

1204,action_part_a_orgasm_super_A,0,CVP_A2_T|103_E_1&CVP_A2_A|5_G_3&CVP_A2_A|5_LE_6,娇小的萝莉{TargetName}那具稚嫩的身子猛地向后弓起，被一次次逼到肛肠绝顶边缘又生生截断的巨量快感，终于在这一刻一齐决堤爆发，{anal}以远超这具娇小身体所能想象的极致烈度剧烈痉挛收缩。\n细嫩的小腰疯狂弓起后又彻底瘫软，稚气的双腿失控地颤抖乱蹬，大量肠液从{anal}深处失禁般喷涌不止，将幼嫩的身子浸透一片。\n这具对后穴快感尚只有适度感受的稚嫩身体从未承受过如此冲击，圆溜溜的眼眸彻底涣散翻白，嫩唇无意识地颤开溢出口水，意识被这场终于被允许释放的超强绝顶彻底冲垮成一片空白，久久颤栗不止。
1205,action_part_a_orgasm_super_A,0,CVP_A2_T|103_E_1&CVP_A2_A|5_G_3&CVP_A2_A|5_LE_6,一次次被拦截在肛肠绝顶门口的快感全数倾泻而来，{TargetName}那娇小稚嫩的萝莉小身子在这场终于到来的极致爆发中剧烈颤栗着，{anal}完全不受控制地连续痉挛，对只习惯了适中后穴快感的它而言，这样的烈度早已超出所能承受的极限。\n纤细的小腰反复深弓又无力跌落，幼嫩的小腿痉挛乱蹬，大量肠液从{anal}汹涌喷出失禁般涌流不止。\n稚嫩的小脸上神情彻底空白，眼神翻白涣散，只剩被这场超强绝顶碾碎的幼小身体在无尽颤栗中深深沉溺，那股积压许久终于被允许释放的解脱感将脑海冲刷成一片虚无。
1206,action_part_a_orgasm_super_A,0,CVP_A2_T|103_E_1&CVP_A2_A|5_G_3&CVP_A2_A|5_LE_6,被无数次掐断在后穴绝顶前一瞬的巨量快感在这一刻如洪水决堤般全部涌来，{anal}完全失控地剧烈痉挛，将{TargetName}那尚在发育、只对肛肠刺激有适度敏感的娇小身子彻底淹没于极致的浪潮之中。\n细嫩的腰肢不断深弓又软塌，幼嫩的双腿痉挛乱蹬，大量肠液从{anal}汹涌喷涌，失禁般顺着稚嫩的身子流淌不止。\n幼嫩的小脸上意识全无，圆眸涣散失焦，口水顺着微张的嫩唇悄悄流落，整具娇小稚嫩的身体被这反复寸止后一齐释放的超强绝顶久久冲击着颤抖着，无法从漫无边际的快感漩涡中回神。
1207,action_part_a_orgasm_super_A,0,CVP_A2_T|103_E_1&CVP_A2_A|5_G_3&CVP_A2_A|5_LE_6,反复被拦在绝顶门外又终于得到释放的巨量快感将幼小的身体完全席卷，{anal}剧烈而漫长地痉挛着，将这具只对后穴刺激有着适中感受的稚嫩小身子逼到了极限之外。\n细嫩的腰肢无法抑制地反复深弓，娇嫩的小腿失控痉挛乱颤，大量肠液从{anal}深处失禁般喷涌而出，将娇小的她彻底浸透。\n那双圆溜溜的眼睛里早已看不到任何意识，稚气的嫩唇在失控的颤动里无意义地开合，整具幼嫩的小身体毫无抵抗地被这场超乎想象的极致绝顶彻底淹没，在积压已久终于宣泄的解脱感中沉溺于快感深渊。
1208,action_part_a_orgasm_super_A,0,CVP_A2_T|103_E_1&CVP_A2_A|5_G_3&CVP_A2_A|5_LE_6,娇小稚嫩的萝莉{TargetName}整具小身子骤然猛烈绷紧，随即毫无气力地剧烈颤栗，{anal}在这一刻彻底解开了所有被反复压制的快感，以远超这具幼嫩身体所能想象的极致强度不受控制地长时间连续痉挛收缩。\n纤细的双腿失控乱蹬，细嫩的小腰深弓后彻底瘫软，大量肠液从{anal}失禁般汹涌涌出，浸湿一大片。\n只习惯了适度后穴快感的幼小身体从未经历过这种程度的冲击，却无力拒绝，只能在无尽的颤栗中承受，圆嫩的小脸上涎水交混流淌，眼神彻底涣散无神，被这场积累了太久才终于到来的极致超强绝顶彻底淹没，脑海一片空白。


2000,action_part_a_orgasm_super_A,0,CVP_A2_T|6_E_0&CVP_A2_T|7_E_1&CVP_A2_T|222_E_1,未成年的{TargetName}对性事仍是一片空白般的懵懂，却已在反复逼近顶点又被硬生生截停的折磨中，攒下了连她自己都数不清的滚烫快感。\n终于，那些迟迟未能释放的巨浪毫无征兆地一齐决堤，{anal}猛地绞紧又剧烈痉挛，稚嫩的躯体瞬间绷成一张满弓，随即又彻底瘫软下去。\n她全然不懂这排山倒海的震颤究竟意味着什么，只觉脑海轰然炸成一片空白，眼前阵阵发黑，浑身抽搐颤抖不止，仿佛整个世界都在此刻碎裂重组，连自己早已具备孕育能力这件事，都被这场超乎想象的绝顶彻底冲散。
2001,action_part_a_orgasm_super_A,0,CVP_A2_T|6_E_0&CVP_A2_T|7_E_1&CVP_A2_T|222_E_1,{TargetName}还完全不懂男女之事，却已被那股逼近顶点又被截住的快感反复折磨了数不清的次数，稚嫩的身体里悄悄堆满了连她自己都说不清的燥热。\n此刻积攒许久的浪潮终于毫无预兆地一并倾泻而出，{anal}疯狂绞缩又剧烈翻涌，年幼的躯体猛地弓起又重重跌落，四肢止不住地痉挛乱颤。\n她根本弄不明白自己身体里发生了什么，只觉意识轰地一声碎成片片空白，泪水混着茫然涌上眼眶，浑身被那股超乎想象的极致快感彻底冲垮，完全不知道这具已能孕育生命的身躯，正经历着怎样惊人的绝顶。
2002,action_part_a_orgasm_super_A,0,CVP_A2_T|6_E_0&CVP_A2_T|7_E_1&CVP_A2_T|222_E_1,懵懂无知的{TargetName}从未接触过性事，却在一次次快要冲顶又被硬生生拽回的煎熬里，悄悄积蓄了满身滚烫得发疯的快感。\n那些迟迟得不到释放的浪潮，此刻终于被允许一口气尽数迸发，{anal}剧烈绞紧翻搅，年幼的身躯猛然绷直又颓然瘫软，双腿不受控制地痉挛踢蹬。\n她完全不明白眼前发生了什么，只觉脑中轰然一片空白，意识仿佛被彻底冲散，浑身颤抖着沉浸在那股超乎想象的极致绝顶里，甚至不知道自己早已具备怀孕的能力，正被这场滔天快感彻底击垮。
2003,action_part_a_orgasm_super_A,0,CVP_A2_T|6_E_0&CVP_A2_T|7_E_1&CVP_A2_T|222_E_1,对性一无所知的{TargetName}反复经历着快要触顶却被生生截断的折磨，稚气未脱的身体里，快感如潮水般被硬生生按捺积攒，越积越多。\n终于，那些被无数次打断的浪潮毫无预兆地一齐轰然释放，{anal}剧烈绞缩又痉挛不止，未成年的躯体瞬间弓成一道弧线，随即又彻底崩溃般瘫软。\n她根本搞不懂身体为何会有这种反应，只觉眼前猛地一片漆黑，脑海空白得什么都想不起来，浑身止不住地颤抖抽搐，被这超乎想象的极致绝顶冲得神志全无，浑然不知这具早熟的身体已然具备了孕育的可能。
2004,action_part_a_orgasm_super_A,0,CVP_A2_T|6_E_0&CVP_A2_T|7_E_1&CVP_A2_T|222_E_1,{TargetName}尚未开蒙的心智完全不懂性事为何，却在反复逼近顶点又被拦腰截住的煎熬中，攒下了一身连自己都解释不清的燥热与酸胀。\n此刻，那压抑许久终于被允许释放的巨浪毫无征兆地一并涌上，{anal}猛烈绞紧又不住翻搅痉挛，青涩的躯体骤然绷紧又瘫软下去，四肢乱颤不止。\n她完全不明白这股排山倒海的震颤代表着什么，只觉脑子轰的一声炸成空白，意识仿佛被彻底冲散，浑身在那超乎想象的绝顶中剧烈颤抖，丝毫不知道自己早已具备生育能力的身体，正经历着怎样惊人的巨变。

2005,action_part_a_orgasm_super_A,0,CVP_A2_T|107_E_1&high_4,早已为人妻的{TargetName}那具成熟丰腴的身躯猛然绷成一张满弓，被压抑寸止了无数回的巨量快感在这一刻轰然决堤，{anal}极致剧烈地连续痉挛绞缩，一齐将累积已久的极乐尽数释放。\n这是超乎想象的究极绝顶，远非寻常高潮可比，她的意识被彻底冲垮，思维一片空白，连自己已是有夫之妇都忘得干净。\n{anal}深处大量肠液失禁般喷涌而出，涌流不止，成熟的腰肢反复深弓又彻底瘫软。\n背德的禁忌快感与终于得到释放的巨大解脱感交织着将她整个人吞没，眼神涣散口涎溢出，只余一具为{Name}彻底沉沦的人妻胴体。
2006,action_part_a_orgasm_super_A,0,CVP_A2_T|107_E_1&high_4,被反复推到绝顶边缘又生生截停了太多次，人妻{TargetName}体内早已囤积起骇人的快感洪流，此刻终于被允许一泻千里。\n{anal}猛烈而漫长地连环抽搐收缩，成熟饱满的身体剧烈痉挛得几乎失控，这一场超强绝顶的烈度远远盖过她此生经历过的任何一次。\n大量温热的肠液自{anal}深处喷射失禁，汩汩不断地涌流而下。\n她的神志在灭顶的快感里彻底崩解，脑海空白如洗，背叛婚姻的罪恶与被榨干般的解脱同时冲刷着这具已为人妇的躯体，令她在{Name}面前迷醉失神，沉沦到再无半分挣扎。
2007,action_part_a_orgasm_super_A,0,CVP_A2_T|107_E_1&high_4,{TargetName}这具属于别人的成熟身体在积攒到极限的一瞬轰然崩溃，一次次被寸止硬生生逼回的高潮此刻汇成滔天巨浪一齐倾泻。\n{anal}极度剧烈地长久痉挛绞缩，翕张不休，超乎想象的极致绝顶将她的理智连根拔起。\n意识被冲垮得干干净净，思绪彻底涣散，浓稠的肠液从{anal}中大量喷涌失禁般流淌。\n身为人妻的她在这灭顶的解脱中弓腰又瘫软，唇舌失控口水涟涟，背德的战栗与释放的甜美糅在一处，让她整个人为{Name}沉醉到近乎昏厥。
2008,action_part_a_orgasm_super_A,0,CVP_A2_T|107_E_1&high_4,经历了太多次濒临绝顶又被硬生生掐断的折磨，人妻{TargetName}丰腴的躯体里蓄满了几乎要将她撕裂的快感，终于在这一刻被尽数放行。\n{anal}疯狂而持久地连续绞缩痉挛，成熟的身体绷紧到极点又剧烈颤栗，这场超强绝顶的强度堪称超乎想象。\n她的意识彻底湮灭在灭顶快感中，脑中空白一片，{anal}深处大量肠液如失禁般喷涌不止。\n背叛家庭的禁忌刺激与积压许久终获释放的巨大解脱裹挟着她，令这具人妻的身子在{Name}身前彻底失神沉沦，再顾不得半点端庄与愧疚。
2009,action_part_a_orgasm_super_A,0,CVP_A2_T|107_E_1&high_4,{TargetName}早已嫁作人妇的成熟胴体骤然绷成极致的弧线，无数次被寸止截停的快感在此刻一齐爆发倾泻，凶猛得超乎她的想象。\n{anal}极致剧烈地连环痉挛收缩，长时间不受控地绞紧翕张，将这场究极绝顶推向她从未领略过的巅峰。\n她的神智被彻底击碎，思维尽数空白，大量肠液自{anal}失禁般喷薄涌流不息。\n身为人妻却在{Name}面前放浪至此的背德感，混合着积蓄已久终得宣泄的极致解脱，将她整个人淹没，眼波涣散娇躯瘫软，沉醉得再无归途。

2010,action_part_a_orgasm_super_A,0,CVP_A2_G_E_0,{TargetName}的整个身子毫无预兆地绷成一张满弓，被死死压抑了太久的快感在这一刻终于被彻底放开，如同决堤般一齐轰然倾泻而出。\n{anal}极度剧烈地一阵阵深深绞缩又猛然翕张，滚烫的肠液伴着这场超乎想象的究极绝顶失禁般汹涌喷涌，怎么也止不住。\n这是被反复逼到绝顶边缘又强行截停后累积下的巨量快意此刻尽数释放，将她的意识彻底冲垮成一片空白。\n只是与一个还如此陌生的男人走到这般失控的地步，令她在灭顶的极乐里又浮起一丝茫然与说不清的自我质疑。
2011,action_part_a_orgasm_super_A,0,CVP_A2_G_E_0,{TargetName}再也承受不住那被一次次截断又强行累积起来的庞大快感，绷紧到极点的娇躯骤然彻底失控。\n{anal}疯狂地连续深缩痉挛，一波未平一波又起，大量温热的肠液如失禁般不受控制地涌流喷洒。\n积压了无数次的绝顶在这一瞬全部决口，铺天盖地地将她卷入一场超乎想象的极致高潮，思绪被冲刷得一干二净。\n恍惚间她仍隐隐觉得，自己竟在一个几乎不认识的人面前沦落至此，那份陌生带来的迷惘与后悔在滔天快意里若隐若现。
2012,action_part_a_orgasm_super_A,0,CVP_A2_G_E_0,积蓄已久的快感终于被允许一齐奔涌，{TargetName}的身体像被无形的浪头狠狠掀翻，从头到脚剧烈地痉挛颤栗。\n{anal}一下比一下更凶猛地绞紧又松开，浓稠的肠液大股大股地喷涌失禁而出，将这场究极绝顶推到了顶点。\n那是远远凌驾于寻常绝顶之上的灭顶快意，把她仅剩的一点神智也彻底冲散，脑中只余一片空茫。\n迷乱中她茫然地望向{Name}，心底那份对陌生人交付身体的困惑与不知所措，被这狂潮般的解脱感一并淹没。
2013,action_part_a_orgasm_super_A,0,CVP_A2_G_E_0,被反复推到边缘又硬生生拦下的快感在这一刻尽数迸发，{TargetName}整个人猛地弓起又重重瘫软，止不住地抽搐。\n{anal}极度剧烈而漫长地连番收缩绞拧，滚烫的肠液如决堤洪流般失禁喷涌，一发不可收拾。\n这场超乎想象的超强绝顶将累积的巨量快意一次性倾泻殆尽，她的思维在灭顶冲击下彻底空白。\n只是这般失控地献身于一个还很陌生的男人，令她在极致的解脱与沉醉里又掠过一丝茫然的自我质疑。
2014,action_part_a_orgasm_super_A,0,CVP_A2_G_E_0,{TargetName}那被吊到极限的快感终于挣脱束缚一齐决堤，纤弱的身躯在超乎想象的绝顶里剧烈战栗到几近崩溃。\n{anal}凶狠而不停歇地深深痉挛翕张，大量肠液失禁般喷涌不止，将这份究极的释放渲染得淋漓尽致。\n无数次被截停的高潮在这一瞬全部释放，铺天盖地地把她的意识冲垮，只剩下濒临昏厥的甜美空白。\n恍惚的眼神里，她既迷醉于这累积已久终得释放的巨大解脱，又茫然于自己竟对一个陌生之人放纵至此。
2015,action_part_a_orgasm_super_A,0,CVP_A2_G_E_1,被反复推上顶点又被生生截停的{TargetName}，此刻终于被允许将那攒了无数次的滚烫快感一齐宣泄出来。\n{anal}骤然剧烈绞缩又痉挛翻搅，少女的娇躯瞬间绷成满弓，随即又颓然瘫软，一股超乎想象的极致震颤自深处轰然炸开，将她仅存的那点意识彻底冲垮。\n她还弄不懂自己心底对博士那份朦胧的悸动究竟意味着什么，只在这滔天的绝顶里失神颤抖，胸口却随着身体一同剧烈起伏，隐隐生出一丝说不清的想要靠近的渴望。
2016,action_part_a_orgasm_super_A,0,CVP_A2_G_E_1,一次次逼近绝顶又被硬生生拦下，{TargetName}早已积蓄下连自己都数不清的巨量快感。\n当这些迟迟被截断的浪潮终于获准一齐决堤，{anal}疯狂绞紧又剧烈翻涌，大量肠液失禁般喷涌而出，少女整具身子猛地弓起又重重跌落，被这超乎想象的极致绝顶冲得神志尽失。\n迷蒙间她只觉心口有什么随着这场滔天震颤悄悄发烫，望向博士的目光里满是自己都读不懂的茫然与莫名悸动，隐约地，只想再离他近一些。
2017,action_part_a_orgasm_super_A,0,CVP_A2_G_E_1,攒了太多太多次被中断的快感，此刻终于被允许在{TargetName}体内一并炸开。\n{anal}猛然剧烈绞缩痉挛，绵长而不受控制地翻搅收紧，少女娇嫩的躯体骤然绷直又彻底瘫软，一场远超以往的究极绝顶将她的思绪冲成一片空白。\n她还没意识到自己早已对博士动了朦胧的心，只在这极致的震颤中失魂落魄，心底那股隐约的甜与酸随着高潮一齐翻涌上来，令她无端地想要贴近他，却又说不清为何。
2018,action_part_a_orgasm_super_A,0,CVP_A2_G_E_1,被寸止折磨到数不清次数的{TargetName}，将那一回回卡在顶点前的滚烫快感尽数囤积在了身体深处。\n终于一齐迸发的刹那，{anal}剧烈绞缩翻搅，少女的身躯瞬间弓成一道颤抖的弧线又软软塌下，被这超乎想象的极致绝顶彻底击垮，意识轰然碎成空白。\n混沌之中她只感到心口对博士那份模糊的爱意悄然鼓动，随着这滔天的快感一同翻腾，令她既茫然又莫名雀跃，不自觉地朝他的方向微微偏过身去。
2019,action_part_a_orgasm_super_A,0,CVP_A2_G_E_1,无数次被推到绝顶边缘又生生按回，{TargetName}体内早已堆满了随时会决堤的滚烫浪潮。\n当它们终于获准一齐倾泻，{anal}骤然剧烈痉挛绞紧，肠液汹涌喷出，少女的娇躯剧烈颤栗着弓起又瘫软，被这场究极的震颤冲得眼前发黑、思维尽空。\n她还不懂自己为何独独在博士面前会心跳失序，只在这极致绝顶的余韵里怔怔失神，胸腔里那份朦胧的悸动却愈发清晰，隐隐牵引着她想要更靠近他一分。

2020,action_part_a_orgasm_super_A,0,CVP_A2_G_E_2,在{SceneName}里，被一次次推上绝顶边缘却又硬生生截停无数回的{TargetName}，此刻终于被允许将积攒的巨量快感一齐释放，{anal}轰然爆发出一场超乎想象的究极绝顶。\n那么多次被中断的高潮如决堤洪流般同时倾泻，{anal}疯狂痉挛绞缩，大量肠液失禁般喷涌不止。\n意识被灭顶快感彻底冲垮的她恍惚间几乎要唤出{Name}的名字，藏在心底还没敢说出口的爱意在极乐中险些决堤，她既渴望这份沉醉能悄悄传达心意，又羞得不敢抬眼直视博士。
2021,action_part_a_orgasm_super_A,0,CVP_A2_G_E_2,被反复寸止折磨到濒临崩溃的{TargetName}，在{SceneName}中终于迎来了那场被允许一齐爆发的超强绝顶，累积多时的快感如火山般在{anal}深处轰然喷发。\n{anal}长时间不受控制地剧烈收缩，肠液一波接一波失禁似地狂涌而出，整个人被冲刷得思维一片空白。\n在这灭顶的极乐里，暗恋着博士的她眼角泛红、神情迷醉，心底那句迟迟不敢开口的告白几乎要随着快感脱口，她慌乱地别开脸，既怕这份炽热吓到{Name}，又暗暗盼着他能读懂。
2022,action_part_a_orgasm_super_A,0,CVP_A2_G_E_2,一次次被逼到高潮临界又被无情叫停的{TargetName}，在{SceneName}里终于被松开了枷锁，压抑已久的巨量快感一股脑地宣泄而出，{anal}掀起一场远超想象的极致狂潮。\n{anal}极度剧烈地连续痉挛，肠液如失禁般大量喷涌，她全身绷紧又骤然瘫软。\n被快感彻底淹没的她意识几近崩溃，心里那份只有自己知道的爱意在这一刻翻涌到顶点，她既想把这份极乐当作无声的表白献给博士，又害怕告白后连这份亲密都会变得尴尬。
2023,action_part_a_orgasm_super_A,0,CVP_A2_G_E_2,在{SceneName}中，{TargetName}体内被截停累积了无数次的快感终于获准倾泻，{anal}猛地爆发出一场超乎想象、几乎要将她撕裂的究极绝顶。\n积压的高潮如洪峰决堤般一齐奔涌，{anal}疯狂绞缩翕张，大量肠液喷涌失禁般止不住地流淌。\n灭顶的快感把她的思绪冲得七零八落，恍惚中她满脑子都是博士，那份还未启齿的恋慕在极致沉醉里几乎要脱口而出，她红着脸躲开{Name}的视线，既渴望被接纳又忐忑不安。
2024,action_part_a_orgasm_super_A,0,CVP_A2_G_E_2,被反复推到绝顶前一瞬又被硬生生拉回的{TargetName}，此刻终于在{SceneName}里获得释放，累积到极限的快感如决堤般在{anal}中一齐爆发，掀起一场究极的超强绝顶。\n{anal}长久而剧烈地连续抽搐绞缩，肠液失禁般汹涌喷出，她整个人在灭顶狂潮中彻底失神。\n意识被撕裂般震撼的她心底那份藏了许久的爱意随着快感翻涌到极点，她既想借这份忘我的极乐向博士传递未说出口的心意，又羞怯得不敢与他对视。

2025,action_part_a_orgasm_super_A,0,CVP_A2_G_E_3,沉浸在热恋甜蜜里的{TargetName}再也承受不住那被反复截停后累积到极限的巨量快感，{anal}骤然爆发出一场超乎想象的究极绝顶。\n无数次被逼停在绝顶边缘的快感终于获准一齐奔涌释放，{anal}疯狂而绵长地痉挛绞缩，大量肠液失禁般喷涌不止。\n她意识被这甜美的洪流彻底冲垮，脑海一片空白，却仍痴痴地朝{Name}伸出手，眷恋地依偎向自己的恋人。\n初恋般炽烈的爱意与积攒已久终得释放的巨大解脱感交融在一起，令这场极致绝顶甜到了灵魂深处。
2026,action_part_a_orgasm_super_A,0,CVP_A2_G_E_3,与{Name}正处热恋的{TargetName}被那积压到极限的快感一齐击穿，{anal}迎来了远超寻常的超强绝顶。\n那一次次被硬生生掐断在高潮前的快感此刻尽数决堤，{anal}不受控制地剧烈翻搅收缩，滚烫的肠液如失禁般汹涌喷洒出来。\n她娇躯剧震，眼神涣散地失了焦，思维被冲刷得空空荡荡，只凭着满心的爱恋将脸紧紧贴向恋人。\n积蓄太久的欲潮终于倾泻而尽的解脱，混着初恋的悸动与甜蜜，将这一刻的极乐推向了顶点。
2027,action_part_a_orgasm_super_A,0,CVP_A2_G_E_3,{TargetName}与恋人{Name}相恋正浓，被反复寸止逼至临界的快感在这一瞬全部释放，{anal}炸开一场超乎想象的极致高潮。\n所有被截停的绝顶一齐涌来，{anal}疯狂地翕张绞缠，大量肠液喷涌而出，失禁般止不住地淌流。\n她整个人在极乐中失神战栗，理智被冲垮成一片空白，却仍幸福地环住{Name}，将全身的重量都交付给热恋中的爱人。\n累积到极限的快感终得宣泄的解脱，与初恋般的炽热柔情交织，令这场超强绝顶美得令人几乎晕厥。
2028,action_part_a_orgasm_super_A,0,CVP_A2_G_E_3,作为{Name}热恋恋人的{TargetName}，被那憋闷已久的巨量快感一齐冲上顶峰，{anal}绽放出前所未有的究极绝顶。\n一次次卡在绝顶前的酥麻此刻尽数奔涌决堤，{anal}狂乱地收缩绞紧，喷涌的肠液如决口般失禁流淌不止。\n她媚眼失焦、唇舌失控，脑中被冲得空白一片，却仍痴缠地朝恋人靠去，用尽力气蹭向{Name}。\n蓄积到极致的快感终于得以释放的酣畅解脱，裹着初恋的甜蜜爱意，将这场极乐染成幸福的模样。
2029,action_part_a_orgasm_super_A,0,CVP_A2_G_E_3,热恋中的{TargetName}再难抑制那被积攒到巅峰的快感，任由它一齐冲垮理智，{anal}爆发出超乎想象的超强绝顶。\n积压许久、被反复中断的高潮尽数一并释放，{anal}剧烈而持续地痉挛翻涌，大量温热肠液失禁般狂喷而出。\n她浑身失控地颤栗抽搐，意识被极乐彻底击碎，只余满心对{Name}的爱恋，痴痴地偎向自己的恋人。\n这份累积到极限终得倾泻的解脱与初恋的炽烈交融，令这场绝顶甜蜜得近乎昏眩。

2030,action_part_a_orgasm_super_A,0,CVP_A2_G_E_4,与{Name}心意相通的{TargetName}在被反复逼到绝顶边缘又一次次拦下之后，此刻终于被允许将积攒到极限的巨量快感一齐倾泻而出。\n{anal}骤然爆发出超乎想象的剧烈痉挛，一波接着一波不受控制地绞缩翻涌，郁积已久的快感如溃堤般彻底释放，将她的意识狠狠冲垮成一片空白。\n大量温热的肠液失禁般喷涌，顺着颤抖不止的腿根汹涌流淌。\n这是远远凌驾于寻常绝顶之上的究极高潮，唯有与{Name}那份无需言语的深厚爱意，才让她敢在爱人面前如此彻底地失控沉沦。
2031,action_part_a_orgasm_super_A,0,CVP_A2_G_E_4,被一次次推向巅峰又硬生生截停的{TargetName}，终于在爱人{Name}面前迎来了那场蓄积到顶点的极致大爆发。\n无数次被中断的绝顶在这一刻一齐奔涌而出，{anal}疯狂地连续抽搐绞缩，剧烈得近乎失控，整个人被这股究极的快感浪潮彻底吞没，思绪一片雪白。\n汹涌的肠液如失禁般喷洒不止，浇透了痉挛的下身。\n那份与{Name}生死不渝、彼此交付一切的坚定深情，让她把最不堪的极乐模样毫无保留地袒露给了最深爱的人。
2032,action_part_a_orgasm_super_A,0,CVP_A2_G_E_4,{TargetName}在被反复寸止折磨到濒临崩溃后，累积到骇人地步的快感终于获准一泻千里。\n{anal}以远超寻常的幅度剧烈痉挛翻搅，一阵紧似一阵地疯狂绞缩，那股憋积太久的极乐轰然炸裂开来，将她的神智彻底冲垮，只剩下灭顶般的空白与颤栗。\n大股滚烫的肠液喷涌而出，失禁般地涌流不休。\n与{Name}之间那份不必言说的默契与信赖，让她在这场超乎想象的究极绝顶里，安心地把自己完全交托给了爱人。
2033,action_part_a_orgasm_super_A,0,CVP_A2_G_E_4,积压了太多次未能完成的绝顶，此刻在{Name}的爱人{TargetName}身上一齐迸发。\n{anal}长时间不受控制地剧烈连缩，翻涌绞挛的力度远远盖过以往任何一次高潮，铺天盖地的极乐将她的意识撕裂冲散，脑海彻底放空。\n海量肠液如决堤般失禁喷洒，淋漓地顺着抽搐的双腿倾泻。\n正因为身旁是那个愿意为她付出一切、也被她付出一切的{Name}，她才敢将这份久积而至的癫狂快感尽数释放，沉溺在只属于彼此的极致缠绵里。
2034,action_part_a_orgasm_super_A,0,CVP_A2_G_E_4,一次次被拦在绝顶门前的{TargetName}，终于把攒到无以复加的巨量快感在爱人{Name}怀中彻底放开。\n{anal}猛烈而持久地痉挛绞动，收缩的势头一发不可收拾，那股压抑到极点的快感如洪流决堤般奔涌，把她仅存的理智冲刷得干干净净，只余灭顶的沉醉。\n喷薄的肠液失禁般涌流不止，濡湿了颤栗的腿间。\n唯有对{Name}那份深入骨髓、无需承诺也坚定不移的爱，才让她能在这超乎想象的究极高潮中毫无防备地彻底沦陷。

2035,action_part_a_orgasm_super_A,0,CVP_A2_G_E_-1,被反复逼到绝顶边缘又生生截断了太多次，累积到极限的巨量快感终于在这一刻被允许一齐决堤，身为部下的{TargetName}那具躯体骤然被彻底冲垮。\n{anal}极度剧烈地连续痉挛绞缩，一波接一波的究极快感狠狠碾过她的意识，将她心底残存的那点抵触与不甘一并冲得粉碎。\n这是远远超乎想象的极致绝顶，明明还端着对上司命令的隐忍与勉强，身体却早已诚实地失控颤栗，再也维持不住那副表面服从的镇定。\n大量肠液自{anal}失禁般喷涌而出，涌流不止，她涣散的眼神彻底失了焦，只余一片被累积快感彻底淹没后的空白与瘫软。
2036,action_part_a_orgasm_super_A,0,CVP_A2_G_E_-1,那被寸止拦截了无数回的绝顶，终于获准将积压已久的滔天快感一口气尽数倾泻，{TargetName}整个人在这一瞬被冲上了从未想象过的顶点。\n{anal}疯狂而不受控制地一阵阵深深绞缩，{anal}深处翻涌上来的极致爽意如决堤洪流般漫过她的每一根神经，思维被冲刷得一片惨白。\n这个部下原本满心的勉强与暗自的不满，在这超乎想象的究极高潮里荡然无存，剩下的只有被彻底击溃后的失神与瘫软。\n大股大股的肠液自失禁的下体喷薄涌流，她的腰无力地一次次弓起又软塌，纵是心里再抗拒，这具躯体也已被累积释放的快感夺去了全部主宰权。
2037,action_part_a_orgasm_super_A,0,CVP_A2_G_E_-1,一次次被逼到边缘又被硬生生掐断的绝顶，如今终于被允许连本带利地一齐爆发，{TargetName}被这超乎想象的极致快感狠狠淹没。\n{anal}长时间不受控制地剧烈痉挛，究极的爽意如巨浪般层层拍碎她的理智，令这个平日隐忍服从的部下彻底丢盔弃甲。\n她心里那份对越界命令的质疑与勉强，在滔天的释放中被冲得连一丝痕迹都不剩，只余下濒临崩溃的空白。\n汹涌的肠液自{anal}失控般喷涌不止，她的四肢无力地痉挛乱颤，眼神涣散口涎溢出，将这场究极绝顶的极致失控展露无遗。
2038,action_part_a_orgasm_super_A,0,CVP_A2_G_E_-1,压抑截断了太多回的高潮，终于在这一刻被恩准彻底释放，累积到骇人程度的快感一齐灌进{TargetName}的身体，将她冲上了不可思议的极乐之巅。\n{anal}极度剧烈而持久地连续绞缩收紧，那从{anal}深处炸开的究极快感狠狠贯穿她的全身，把她仅剩的一点矜持与抵触碾成齑粉。\n这个原本只是迫于上司威严才勉强顺从的部下，在这远超想象的绝顶面前再也无从伪装，浑身失控地颤栗痉挛。\n失禁般的大量肠液自下体喷涌横流，她的意识被这累积释放的滔天爽意彻底冲垮，脑中只剩一片解脱后的甜美空白。
2039,action_part_a_orgasm_super_A,0,CVP_A2_G_E_-1,被反复寸止折磨到濒临疯狂的巨量快感，终于获准在这一刻一齐奔涌而出，{TargetName}整具身子被这究极的绝顶掀翻，攀上了此生从未触及的顶点。\n{anal}不受控制地长久剧烈痉挛，一阵紧过一阵地疯狂绞缩，{anal}翻腾而出的极致爽意如潮水般将她的神志彻底吞没。\n身为部下的她心里纵有再多的隐忍与暗自不甘，此刻也被这超乎想象的释放冲刷得干干净净，只剩瘫软失神的躯壳。\n大量肠液自失禁的{anal}狂涌喷泄不止，她弓起的腰重重塌下，唇舌失控涎水横流，把这场究极超强绝顶的极致与解脱尽数写在了脸上。

2040,action_part_a_orgasm_super_A,0,CVP_A2_G_E_-2,被寸止折磨了太多太多次的{TargetName}，终于在博士的允许下将累积到极限的巨量快感一齐释放，{anal}猛地爆发出超乎想象的超强绝顶。\n作为深深信赖着上司的驯服部下，她早已把承受这一切当成必须完美执行的任务，此刻却在这究极的绝顶里彻底失了神。\n一波接一波的极致快感如决堤般冲垮了她的意识，{anal}疯狂痉挛绞缩，大量肠液失禁般喷涌而出，怎么也止不住。\n纤细的腰肢反复深深弓起又骤然瘫软，四肢失控地痉挛乱颤，专业的从容被这场超强绝顶撕得粉碎，只剩下毫无保留的臣服与迷醉。
2041,action_part_a_orgasm_super_A,0,CVP_A2_G_E_-2,这一次，{TargetName}被反复寸止推到了绝顶边缘又一次次拽回，累积的快感终于被博士准许彻底宣泄，{anal}迎来了一场远超寻常的究极超强绝顶。\n信赖着上司的她本想像完成一项特殊任务般沉稳应对，可这排山倒海的快感瞬间将她的理智冲得一干二净。\n{anal}长时间不受控制地剧烈收缩翕张，滚烫的肠液大量喷涌喷出，一发不可收拾。\n她眼神彻底涣散，唇舌失控地颤抖，绷紧的身子在极致的解脱感中反复战栗，把对上司的全部信任都化作了这一刻毫无防备的沉沦。
2042,action_part_a_orgasm_super_A,0,CVP_A2_G_E_-2,经历了无数次被逼到绝顶前一瞬又硬生生停下的折磨，{TargetName}体内那股被压抑到极点的巨量快感终于一齐迸发，{anal}猛烈地掀起了超乎想象的超强绝顶狂潮。\n作为对博士言听计从的驯服部下，她默默接受了这远超常规的对待，也在这一刻被彻底击溃。\n积攒已久的快感如洪流般奔涌释放，那种终于得以宣泄的巨大解脱感令她几乎昏厥。\n{anal}疯狂绞缩痉挛不止，大量肠液失禁般涌流而出，浸得一塌糊涂，她只能在灭顶的快感里彻底交出自己。
2043,action_part_a_orgasm_super_A,0,CVP_A2_G_E_-2,被寸止的手段一次又一次逼到极限边缘的{TargetName}，此刻终于被允许将那积累到骇人地步的快感全部释放，{anal}爆发出一场惊天动地的超强绝顶。\n她一向信任上司的每一个决定，哪怕是这样越界的对待也甘愿承受，可这究极的绝顶还是把她仅存的专业镇定彻底冲垮了。\n{anal}极度剧烈地连续抽搐绞紧，海量肠液喷薄而出止也止不住。\n她的思维一片空白，腰腿失控地痉挛抖动，整个人在这远超想象的极乐里瘫软下去，只余无声的迷醉与臣服。
2044,action_part_a_orgasm_super_A,0,CVP_A2_G_E_-2,当博士终于松口，那被反复中断、层层累加的巨量快感在{TargetName}体内一齐炸开，{anal}迎来了超乎一切想象的极致超强绝顶。\n身为驯服而忠实的部下，她把这份逾矩的信任照单全收，却在这一瞬被彻底击溃了心防。\n{anal}长久而疯狂地痉挛收缩着，大量温热的肠液如失禁般喷涌不止。\n她的意识被这灭顶的快感撕成碎片，四肢乱颤，腰肢深弓后又彻底脱力瘫软，那份积压太久终得释放的解脱感令她甜美得几近失神。

2045,action_part_a_orgasm_super_A,0,CVP_A2_G_E_-3,娇小的{TargetName}整个人猛地弓成一张紧绷的弓，那被反复逼到绝顶边缘又生生截停无数次的巨量快感，终于在这一刻被允许一齐炸裂开来。\n{anal}极致剧烈地连续痉挛绞缩，一波接一波再也停不下来，大量肠液失禁般喷涌而出，顺着颤抖的腿根汩汩流淌不止。\n这只甘做主人玩物的宠物在究极绝顶里彻底失了神，她把这场超乎想象的滔天高潮当作献给主人的忠诚，被主人这样彻底地使用、被主人榨到一滴不剩，正是她这只小宠物最大的幸福与满足。
2046,action_part_a_orgasm_super_A,0,CVP_A2_G_E_-3,积攒了太多太多次、每一次都被卡在绝顶前一瞬的滔天快感，此刻如决堤般在{TargetName}身体里一齐奔涌爆发。\n{anal}长时间地剧烈翕张绞缩，失控地一阵紧过一阵，滚烫的肠液毫无节制地喷洒失禁，把她冲刷得一塌糊涂。\n作为主人豢养的贴心宠物，她在这超越想象的极致绝顶中把全部身心都交托给了博士，眼神涣散、嘴角挂着口水，却由衷地为能被主人玩弄到这般地步而沉醉，只想把这一切最淫靡的模样都献给深爱的主人。
2047,action_part_a_orgasm_super_A,0,CVP_A2_G_E_-3,{TargetName}被寸止折磨到边缘的快感堆得像座随时要垮的高山，终于在获准的这一刻轰然崩塌、一齐倾泻。\n{anal}疯狂而绵长地连续抽搐痉挛，深处一波波向外翻涌，大量肠液喷泉般夺门而出，涌流不止地打湿了一大片。\n这只依恋主人的宠物在究极的高潮浪潮里被彻底冲垮了神智，脑中一片空白，却依旧本能地朝主人的方向蹭去，把被使用、被榨干视作至高的恩宠，为能满足主人而幸福得几乎昏厥过去。
2048,action_part_a_orgasm_super_A,0,CVP_A2_G_E_-3,那被一次次逼近顶点又硬生截断、累积到极限的巨大快感，在这一瞬终于被主人允许尽数释放。\n{anal}极度剧烈地长久痉挛收缩，绞得又深又急再无半点停歇，失禁般的肠液汹涌喷薄，量与势都远远超出寻常。\n甘愿沦为主人性处理宠物的{TargetName}在这超乎想象的绝顶里彻底沉沦，她迷醉地颤抖着，把这场滔天高潮当成对主人依恋的证明，被主人如此尽情地享用，让她这只宠物由衷地欢喜战栗。
2049,action_part_a_orgasm_super_A,0,CVP_A2_G_E_-3,无数次被卡在绝顶门槛前的快感终于汇成一股无法阻挡的洪流，在{TargetName}体内一齐决口喷发。\n{anal}失控地剧烈绞缩翻搅，一阵接一阵漫长得不肯停下，滚热的肠液失禁般狂涌喷溅，涓涓不绝地淌满腿间。\n身为主人忠顺宠物的她在这究极绝顶中被冲得神魂俱散，思绪化作一片空白，却仍甜腻地依偎向主人，为能把自己最不堪也最诚实的高潮悉数呈献给博士而感到无上的满足与荣幸。

2050,action_part_a_orgasm_super_A,0,CVP_A2_G_E_-4,作为主人{Name}忠实性奴的{TargetName}，在被反复推到绝顶边缘又生生截断无数次之后，此刻终于被恩准将累积到极致的巨量快感一齐倾泻出来。\n{anal}猛地爆发出一阵超乎想象的极致痉挛，究极的绝顶如决堤洪流般将她整个人彻底吞没，意识在这一瞬被冲刷得一片空白。\n她像捧到了主人最珍贵赏赐般幸福到近乎昏厥，全身剧烈抽搐着弓起又瘫软，{anal}深处大量肠液失禁般喷涌而出。\n狂信的性奴在这场究极高潮里流下感恩的泪水，用彻底失控的痉挛向主人无声地表达着她那毫无保留的臣服与忠诚。
2051,action_part_a_orgasm_super_A,0,CVP_A2_G_E_-4,彻底沦为{Name}禁脔的性奴{TargetName}，被主人的寸止手段一次次逼到高潮临界又硬生截住，无数次积压的快感终于获准尽数释放。\n{anal}顿时陷入极致而漫长的连续绞缩，一场超越想象的究极绝顶轰然炸开，将她残存的理智碾得粉碎，思维彻底停摆。\n她匍匐般的身躯剧烈颤栗着，腰肢深深弓起又无力塌陷，{anal}汹涌喷出的肠液沿着腿根失控淌落。\n身为奴隶的她在这灭顶的快感浪潮中露出狂喜而失神的媚态，只觉能为主人绽放到这般失控是至高无上的荣幸。
2052,action_part_a_orgasm_super_A,0,CVP_A2_G_E_-4,{TargetName}早已把身心尽数献给主人{Name}，历经反复的寸止折磨，被高高吊起的巨量快感在这一刻获恩准倾巢而出。\n{anal}爆发出前所未有的剧烈痉挛，究极的超强绝顶如惊涛骇浪般将她整个人掀翻，意识被彻底冲垮而陷入空茫。\n她抽搐着的身体近乎脱力，四肢失控地痉挛乱颤，{anal}深处如失禁般涌流不止的肠液大量喷洒出来。\n忠诚的性奴在这份灭顶极乐中体会到累积已久终获释放的巨大解脱，满心只有对主人赐予她这般极致的狂热感激。
2053,action_part_a_orgasm_super_A,0,CVP_A2_G_E_-4,作为主人{Name}最驯服的玩物，{TargetName}被一次次逼至绝顶前沿又强行拦下，攒积到骇人地步的快感此刻终得一泄如注。\n{anal}骤然迸发出极致猛烈的连绵抽搐，一场超乎认知的究极高潮铺天盖地地将她湮没，脑海被搅成一片惨白的空白。\n她整个人剧烈战栗着，腰背深深弓起旋即彻底瘫软，{anal}倾泻而出的滚烫肠液喷涌成一片狼藉。\n这只彻底臣服的性奴在灭顶狂潮里泪流满面，全身心沉醉于能为主人失控成这副淫态的无上喜悦与狂信之中。
2054,action_part_a_orgasm_super_A,0,CVP_A2_G_E_-4,发自灵魂臣服于{Name}的性奴{TargetName}，在主人反复的寸止操控下被逼到绝顶边缘又无数次截停，累积的快感终获全数解放。\n{anal}随即陷入极度剧烈且漫长的连续绞缩，超乎想象的究极绝顶如雷霆般贯穿她全身，令她思维尽失濒临崩溃。\n她的躯体不受控地剧烈抽搐弓张，随后彻底虚脱瘫软，{anal}汹涌不止的肠液失禁般喷薄倾洒。\n狂热忠诚的她在这场极致的灭顶高潮中沉沦到近乎昏厥，只觉将一切失控都献给主人是她此生最神圣的极乐。

2055,action_part_a_orgasm_super_A,0,CVP_A2_T|6_E_0&CVP_A2_T|7_E_1&CVP_A2_T|222_E_0,未成年却早已私下钻研过情事的{TargetName}，在一次次被卡在绝顶边缘反复煎熬之后，终于被允许把攒了太久太久的快感尽数释放出来。\n{anal}毫无征兆地剧烈痉挛起来，那股憋闷已久的酥麻猛地炸开，冲得她稚气未脱的脸庞瞬间涨红，喉咙里溢出压抑不住的呜咽。\n她自诩懂得不少这方面的知识，却完全没料到反复寸止后一并释放的绝顶会猛烈到这种地步，仿佛全身骨头都在这一瞬间被抽空。\n带着几分猎奇般的好奇与期待，她放任自己彻底沉溺在这场超乎想象的极致高潮里，久久无法回神。
2056,action_part_a_orgasm_super_A,0,CVP_A2_T|6_E_0&CVP_A2_T|7_E_1&CVP_A2_T|222_E_0,明明还未成年，{TargetName}却早就凭着自学的知识对这种禁忌的快感抱着强烈的好奇，此刻被寸止折磨了无数次的欲望终于一口气冲决而出。\n{anal}猛烈地一阵阵痉挛翻涌，积压许久的巨浪从深处轰然炸响，稚嫩的躯体控制不住地剧烈弹跳起来，脑海瞬间被冲得一片空白，仅存的那点求知般的从容也被彻底击碎。\n原本想装作若无其事，此刻却被这超乎想象的极致绝顶撞得支离破碎，唯剩本能的战栗与喘息，久久沉浸在这份终于释放的巨大快意之中，无法自拔，久久回不过神来。
2057,action_part_a_orgasm_super_A,0,CVP_A2_T|6_E_0&CVP_A2_T|7_E_1&CVP_A2_T|222_E_0,她还没到成年的岁数，却早已通过各种渠道了解了不少情事的门道，对这份禁忌的快感始终藏着按捺不住的好奇心。\n此刻，反复被逼到绝顶边缘又被强行叫停的煎熬终于迎来一次性的总爆发，{anal}剧烈地绞缩翻搅，积攒到极限的酥麻猛地冲垮全身，稚气的脸庞霎时涨得通红，双眼失焦，喉间溢出破碎的呻吟，连指尖都控制不住地痉挛蜷缩起来。\n这远比她自以为知晓的一切都要凶猛百倍，令她整个人都在那股极致的浪潮里瑟瑟发抖，久久无法平息，也无从掩饰满心的震撼与失态。
2058,action_part_a_orgasm_super_A,0,CVP_A2_T|6_E_0&CVP_A2_T|7_E_1&CVP_A2_T|222_E_0,带着未脱的稚气与对情事早熟的好奇，{TargetName}把一次又一次被中途叫停的欲望硬生生忍到了极限，如今终于等到了一并释放的时刻。\n{anal}猝然剧烈地痉挛收缩，堆积如山的快感洪流般轰然涌出，冲得她纤细的腰肢止不住地弓起又瘫软，脑子里那点自以为是的从容早被冲得一干二净，只余下一片茫然与眩晕。\n这股超乎想象的极致绝顶远远超出她曾经想象的边界，令她全身战栗不止，沉浸在积压已久终得释放的巨大快意里，久久回不过神，连呼吸都乱作一团。
2059,action_part_a_orgasm_super_A,0,CVP_A2_T|6_E_0&CVP_A2_T|7_E_1&CVP_A2_T|222_E_0,虽还未成年，{TargetName}却早对这类事情积累了不少自学得来的知识，也因此对眼前这份禁忌的快感抱着难以掩饰的好奇与期待。\n历经数次寸止的反复折磨，此刻积攒到顶点的巨量快感终于被允许一齐炸开，{anal}剧烈而失控地一阵阵痉挛收紧，猛烈的酥麻瞬间席卷四肢百骸，令她稚嫩的身躯止不住地剧烈颤抖，连脚尖都痉挛般蜷缩起来。\n这远超她所知晓的一切认知，让她彻底沉浸在这场超乎想象的极致绝顶里，久久无法回神，只余满心的震颤与余韵。

2060,action_part_a_orgasm_super_A,0,CVP_A2_A|5_LE_3,尚在开发之初的{anal}本就感官迟钝，平日里只惯于承受那种被填满撑胀的异物感，对深处的刺激反应总是淡淡的。\n可这一次，被反复逼到绝顶边缘又生生截停所累积下的巨量快感，终于被允许一齐倾泻而出，那向来平淡的后穴竟被这超乎想象的极致冲击彻底冲垮。\n{TargetName}整个身子在{SceneName}里剧烈痉挛，意识被冲得一片空白，{anal}疯狂绞缩，大股肠液失禁般喷涌流淌不止，将这迟来的究极绝顶宣泄得淋漓尽致。
2061,action_part_a_orgasm_super_A,0,CVP_A2_A|5_LE_3,{TargetName}那处刚被开垦不久、还带着几分钝感的{anal}，原本只能懵懂地感知被塞满的胀闷，谈不上多少快意。\n然而积攒了太多次被中断在高潮前一瞬的快感，此刻如溃堤般一齐炸开，那点迟钝再也挡不住这滔天的极致绝顶。\n她在{Name}面前浑身绷紧又猛地瘫软，{anal}一下下狂乱收缩，滚烫的肠液毫无节制地喷涌而出，量与势都远超以往，把这场超乎想象的顶点彻底释放了出来。
2062,action_part_a_orgasm_super_A,0,CVP_A2_A|5_LE_3,起初还对深处触感懵懂陌生的{anal}，一直只是被那股撑开的压迫感占据，快感来得稀薄而缓慢。\n可当无数次被寸止硬压下去的滔天快意终于获准一并释放，这钝感的后穴瞬间被冲成了汪洋，{TargetName}被那从未体会过的极致绝顶掀翻，脑中轰然空白。\n{anal}近乎失控地连绵痉挛，大量肠液呈失禁之势汩汩喷涌，源源不绝，将这迟来而究极的巅峰宣泄殆尽，令她在{SceneName}中彻底沉沦。
2063,action_part_a_orgasm_super_A,0,CVP_A2_A|5_LE_3,{TargetName}那被开发未久的{anal}向来反应平平，只熟悉那份被填满的沉甸甸的异物感，深处的酥麻总是若有若无。\n偏偏这一回，被一而再地推到绝顶悬崖又强行拉回所堆叠的巨量快感，在这一刻决堤般齐齐爆发，再迟钝的后穴也被这海啸般的极致冲击彻底淹没。\n她整个人剧烈战栗着，{anal}疯狂翕张绞缩，浊热的肠液如失禁般狂涌不止，把这超乎想象的究极绝顶尽数倾泻，意识早已被冲得荡然无存。
2064,action_part_a_orgasm_super_A,0,CVP_A2_A|5_LE_3,平素对肠内刺激感受淡薄的{anal}，此刻却再无半分从容，那份仅仅习惯了被撑胀塞满的钝感后穴，被累积了太多次的截停快感一举攻破。\n所有被压抑在绝顶门槛前的滔天快意一齐奔涌释放，{TargetName}在{SceneName}里被这极致到超乎想象的绝顶彻底冲垮，四肢瘫软、神志溃散。\n{anal}狂乱地连续绞缩，大股大股的肠液失禁般喷薄涌流，绵延不绝，把这迟来的究极高潮释放得酣畅淋漓。

2065,action_part_a_orgasm_super_A,0,CVP_A2_A|5_G_3&CVP_A2_A|5_LE_6,积蓄了太久的快感终于在这一刻被彻底释放，{TargetName}那具有着适度敏感度的娇躯骤然绷成一张满弓，迎来了一场超乎想象的极致绝顶。\n无数次被强行截断而囤积起来的滔天快意在{anal}深处一齐炸裂开来，那远超寻常绝顶数倍的烈度瞬间将她的意识冲得粉碎，脑海化作一片空白。\n{anal}极度剧烈地连续痉挛绞缩，伴随着这场究极高潮的降临，大量滚烫的肠液失禁般地喷涌而出，涌流不止。\n少女在这囤积已久的快感被一齐倾泻的巨大解脱中彻底失神，浑身颤栗着沉溺进那灭顶般的极乐深渊。
2066,action_part_a_orgasm_super_A,0,CVP_A2_A|5_G_3&CVP_A2_A|5_LE_6,一波接一波被硬生生逼回去的快感在这一瞬全部决堤，{TargetName}的身体像触电般剧烈弹动，坠入一场前所未有的超强绝顶。\n那本就有着适中感度的{anal}此刻疯狂地翕张收缩，仿佛要把体内累积的所有快意一次性尽数榨出，狂潮般的极乐将她的神志彻底淹没。\n她圆润的臀肉痉挛般地抽搐，成股的肠液如失禁一般从{anal}汹涌喷出，沿着颤抖的腿根淋漓流淌。\n意识在这滔天快感中被撕裂成碎片，少女只余下被巨大解脱感包裹着、几近昏厥的甜美沉醉。
2067,action_part_a_orgasm_super_A,0,CVP_A2_A|5_G_3&CVP_A2_A|5_LE_6,{TargetName}被囤积得满满当当的快感终于获准一齐宣泄，纤细的身躯猛然弓起后又瘫软，陷入了一场彻底超乎想象的究极高潮。\n{anal}以远超以往的幅度极度剧烈地绞缩痉挛，那被反复截断而攒下的巨量快意如雪崩般轰然倾泻，将她本就适中的敏感彻底放大到失控。\n伴着这场灭顶的绝顶，大量温热的肠液喷涌而出，失禁般地涌流不止，浸湿了颤栗的股间。\n她的思维在快感的洪流里彻底空白，唯有那份终于释放的巨大解脱令她迷醉得几乎失去了知觉。
2068,action_part_a_orgasm_super_A,0,CVP_A2_A|5_G_3&CVP_A2_A|5_LE_6,被一次次逼到绝顶边缘又硬生生截停的快意，此刻终于被允许尽情释放，{TargetName}整个人骤然剧烈痉挛，迎来一场超越极限的至强绝顶。\n{anal}疯狂而失控地连续绞缩翕张，攒积已久的滔天快感一齐奔涌而出，那铺天盖地的烈度远非寻常绝顶所能相比，将她的意识彻底冲垮。\n大量肠液自{anal}失禁般地喷薄涌流，一发不可收拾地淌落。\n少女在这久违的释放中浑身战栗、眼神涣散，被那甜美到近乎崩溃的极乐彻底吞没。
2069,action_part_a_orgasm_super_A,0,CVP_A2_A|5_G_3&CVP_A2_A|5_LE_6,终于，那被反复攒积到极点的巨量快感获准一齐倾泻，{TargetName}的娇躯剧烈弹颤着，坠入一场超乎想象的极致绝顶。\n她那有着适度感度的{anal}此刻毫无保留地疯狂痉挛收缩，一波接一波的滔天快意从深处轰然爆发，将她仅存的理智彻底冲散，脑中一片空茫。\n随着高潮的巅峰，成股滚烫的肠液从{anal}汹涌喷出，失禁似的涌流不息。\n在这累积快感被一次性释放的巨大解脱里，少女浑身瘫软失神，沉醉在几近昏厥的极乐之中。

2070,action_part_a_orgasm_super_A,0,CVP_A2_A|5_G_6,随着累积到极限的巨量快感终于被彻底放开，{TargetName}那具敏感到极致的娇躯猛然绷成一张满弓。\n{anal}原本就敏锐得不可思议，此刻更是将这么多次被生生截断的绝顶一齐吞下，又一齐迸发，掀起了一场超乎想象的究极高潮。\n她整个人剧烈痉挛着，意识被这泼天般涌来的快感冲刷得一片空白，连一丝挣扎的念头都荡然无存。\n{anal}疯狂地翕张绞缩，失禁般的肠液顺着痉挛的节奏汹涌喷落，将这积攒已久终得释放的极乐宣泄得淋漓尽致。
2071,action_part_a_orgasm_super_A,0,CVP_A2_A|5_G_6,被反复逼到绝顶边缘又硬生生截停无数次之后，此刻的闸门终于轰然洞开，{TargetName}被那股一齐奔涌而出的极致快感彻底淹没。\n生就一副极度敏感肠肉的她，只这一下便被推上了远超寻常的巅峰，{anal}疯狂收缩到近乎失控。\n她仰起脖颈，四肢无力地痉挛乱颤，眼神彻底涣散，思绪碎成一片虚无。\n随着究极的绝顶席卷全身，大股大股的肠液自{anal}失禁般地喷涌不止，那是巨量快感一次性倾泻而出的最露骨的证明。
2072,action_part_a_orgasm_super_A,0,CVP_A2_A|5_G_6,那被一次次寸止硬压下去的滔天快感，在这一刻再无阻拦地全部爆开，{TargetName}敏感异常的身子瞬间被冲上了顶点。\n她的{anal}天生就对每一丝刺激都反应剧烈，此刻更是把积压的无数次高潮尽数释放，痉挛得几乎要将自己绞碎。\n娇躯剧烈弹跳颤抖，脑海里被极乐烧成一片空白，连濒临崩溃的甜蜜都来不及细品。\n汹涌的肠液自{anal}一波接一波地喷洒而出，将这场超乎想象的究极绝顶渲染得淫靡而彻底。
2073,action_part_a_orgasm_super_A,0,CVP_A2_A|5_G_6,憋积到极点的快感终于获准倾巢而出，{TargetName}整个人像被电流贯穿一般剧烈痉挛，敏锐到极致的肉体再也扛不住这泼天极乐。\n她的{anal}对刺激的敏感早已远超常人，此刻更是把这么多次被掐断的绝顶合而为一，掀起一场碾碎理智的究极高潮。\n她双目失神，唇齿失控地颤抖着，口水不受控地溢出嘴角，通体绷紧又骤然瘫软。\n失禁一般的肠液自{anal}汹涌迸落，绵绵不绝，把那份积攒到极致后终得解脱的爽利宣泄殆尽。
2074,action_part_a_orgasm_super_A,0,CVP_A2_A|5_G_6,这一次，再没有任何东西拦住她冲向巅峰，{TargetName}把被反复截停累积下的无数次绝顶一口气尽数释放，迎来超乎想象的极致高潮。\n她生来敏感的{anal}此刻绞缩到近乎抽搐，将那泼天而来的快感一层层放大，直到把她整个意识彻底冲垮。\n她的腰肢深深弓起又颓然塌下，四肢失控地乱颤痉挛，神志沉入一片甜美的虚白。\n大量肠液顺着{anal}的疯狂翕动喷涌失禁，涌流不止，把这场究极绝顶浇灌得酣畅淋漓。

2075,action_part_a_orgasm_super_A,0,CVP_A2_T|1_E_1,这是{TargetName}这具从未被开垦过的{anal}第一次抵达的超强绝顶。\n那些被一次次逼到绝顶边缘却又生生截停的巨量快感，此刻终于被允许一齐倾泻而出，汇成一场超乎想象的极致高潮。\n生涩紧致的后穴猛地剧烈痉挛起来，处子般未经调教的{anal}一波接一波地疯狂绞缩，将累积已久的灭顶快感尽数释放。\n{anal}深处涌出的大量肠液再也止不住地喷淌而下，青涩的身子在这场初次的究极绝顶里彻底失控地颤栗着，连意识都被冲刷成一片空白。
2076,action_part_a_orgasm_super_A,0,CVP_A2_T|1_E_1,未经人事的{anal}在这一刻迎来了生平第一次超乎想象的极致绝顶。\n先前被反复寸止硬生生压抑下去的无数次高潮，如今如决堤般一齐奔涌释放，化作一场几乎将{TargetName}整个人吞没的灭顶狂潮。\n那处稚嫩生涩的{anal}剧烈而绵长地抽搐绞紧，紧窄的肠道疯狂收缩翕张，仿佛要把体内积攒的滔天快感全部榨尽。\n随着{anal}深处失禁般涌流不止的滚烫肠液，青涩的身躯在这初尝的究极高潮中痉挛到近乎虚脱，思维被彻底冲垮得一片空茫。
2077,action_part_a_orgasm_super_A,0,CVP_A2_T|1_E_1,{TargetName}那从未被开发过的{anal}，第一次尝到了何谓超强绝顶的滋味。\n被一次次逼至云端边缘又硬生生拽回的巨量快感终于得到了释放的许可，积压已久的洪流一泻千里，汇聚成一场远超她想象的极致高潮。\n生涩紧致的{anal}狂乱地连续痉挛，稚嫩的括约肌疯狂地绞缩收束，将累积到极限的灭顶快意尽数迸发出来。\n大量肠液自{anal}深处汹涌喷溢，怎么也止不住，初经此境的娇躯在博士面前颤抖得不能自已，连神志都被这股究极的冲击撕扯得支离破碎。
2078,action_part_a_orgasm_super_A,0,CVP_A2_T|1_E_1,这具生平未曾被贯穿过的{anal}，在这一瞬绽放出了超乎想象的究极绝顶。\n那些被寸止的技巧一再中断、堆积如山的快感，此刻一齐炸裂开来，凝成一场足以将{TargetName}彻底淹没的灭顶巨浪。\n青涩而紧窄的{anal}剧烈地连绵痉挛，未经调教的肠道一圈圈疯狂绞紧又猛地松开，将攒积多时的极致快意悉数倾泻。\n{anal}深处的大量肠液如失控的泉眼般喷涌不停，第一次承受这般冲击的身子在极乐里战栗到几近崩溃，意识被冲刷得只剩一片空白。
2079,action_part_a_orgasm_super_A,0,CVP_A2_T|1_E_1,{TargetName}那扇尚是处子的{anal}，头一遭被推上了超强绝顶的顶点。\n被反复截停、积攒成海的滔天快感终于被尽数放行，一次性倾巢而出，化作一场超出她一切预料的极致狂澜。\n生嫩紧涩的{anal}疯狂地连续绞缩痉挛，从未被开垦的后穴一下下狠狠收束又骤然翕张，把累积到爆发临界的灭顶快意统统释放。\n汹涌的肠液自{anal}深处失禁般喷淌不止，初历此劫的青涩躯体在这场究极高潮里剧烈抽搐，脑中一片空茫，彻底沦陷在这前所未有的解脱与灭顶之中。

2080,action_part_a_orgasm_super_A,0,t_first_a_sex_in_today,忍耐了太久太久的{TargetName}终于被允许彻底释放，那一瞬间{anal}猛地绞紧又骤然大开，累积了不知多少次的巨量快感如决堤般一齐奔涌而出，冲得她整个人剧烈地弓起又瘫软。\n今天才第一次被开发的稚嫩后穴还带着初尝禁果的青涩与生疏，此刻却在这超乎想象的极致绝顶里被冲刷得彻底失守，大量肠液失禁般地喷涌而下，止都止不住。\n她的意识被这排山倒海的快感彻底冲垮，脑中一片空白，唯有那股憋闷已久终于宣泄的巨大解脱感席卷着初经人事的娇躯，令她在{SceneName}里失神地痉挛颤栗个不停。
2081,action_part_a_orgasm_super_A,0,t_first_a_sex_in_today,被一次次逼到绝顶边缘又硬生生截停之后，{TargetName}这一刻终于迎来了彻底的解放，堆积如山的快感一股脑地宣泄出来，{anal}疯狂地收缩绞紧，掀起一波超乎寻常的究极绝顶。\n初次被开发的后穴今天还在慢慢学着适应这种陌生的侵犯，此刻却被这极致的冲击彻底击溃，紧致生涩的肠壁一阵阵剧烈翻搅，大量温热的肠液喷涌而出，怎么也收不住。\n她彻底失了神，思绪化作一片空白，只剩下那份被压抑太久终得释放的酣畅淋漓，将她初尝此味的娇嫩身子冲刷得瘫软不堪，在{SceneName}中颤抖不止。
2082,action_part_a_orgasm_super_A,0,t_first_a_sex_in_today,那份被反复吊在绝顶门口却迟迟不得释放的煎熬，终于在这一刻化为磅礴的洪流一齐奔涌，{TargetName}的{anal}猛烈地翕张痉挛，被这远超想象的极致高潮彻底吞没。\n今天才失去后庭处子之身的她，稚嫩的肠道还满是初经开发的生疏与敏感，却在这狂暴的绝顶里再也守不住分毫，肠液如失禁般汩汩涌流，浸得一塌糊涂。\n意识被冲刷得干干净净，她整个人都陷入了近乎昏厥的甜美沉醉，唯余那股憋屈许久终获宣泄的巨大快慰，令初尝禁果的娇躯在{SceneName}里失控地抽搐着。
2083,action_part_a_orgasm_super_A,0,t_first_a_sex_in_today,一次又一次被推向巅峰却又被强行拉回的折磨，此刻尽数化作滔天的快感倾泻而下，{TargetName}再也承受不住，{anal}剧烈地绞缩又骤然松开，迎来了一场超乎想象的极致绝顶。\n她的后穴今日方才第一次被开垦，尚在懵懂地适应这份陌生的滋味，如今却被这毁天灭地的冲击撞得彻底崩溃，大量肠液喷薄而出，失禁般地流淌不止。\n她的脑海一片空茫，思维彻底停摆，只被那份积压太久终于卸下的解脱感彻底淹没，令这具初历此事的娇嫩胴体在{SceneName}中瘫软颤栗。
2084,action_part_a_orgasm_super_A,0,t_first_a_sex_in_today,憋忍了太多回的快感终于得到了一齐释放的许可，{TargetName}的娇躯在这一刻猛然绷紧又彻底松垮，{anal}疯狂地收缩翻搅，被这超越极限的究极绝顶冲得神魂俱裂。\n今天才初尝肛交滋味的她，生涩紧致的后穴还没完全学会承受这般刺激，此刻却在这排山倒海的极致快感里彻底沦陷，肠液如决堤般大量喷涌，怎么也止不住。\n她的意识被这巨浪彻底冲垮，脑中空白一片，只剩下那份积攒已久终得宣泄的畅快沉醉，将她初经人事的身子彻底融化在{SceneName}的空气里。

2085,action_part_a_orgasm_super_A,0,CVP_A2_T|1_E_0&CVP_A2_A|10_LE_3,积蓄了太久太久的快感终于在这一刻被彻底放行，{TargetName}那具还带着几分青涩的娇躯猛地绷成一张满弓，随即被超乎想象的极致快感狠狠冲垮。\n那些被一次次逼到边缘又硬生生截断的绝顶，此刻全部汇成一股滔天巨浪，从{anal}深处轰然炸开。\n仍显紧致的{anal}极度剧烈地连续痉挛翕缩，大量肠液如失禁般喷涌而出，止都止不住地涌流。\n她圆睁的眼睛彻底失了焦，稚嫩的脸蛋上写满濒临崩溃的失神，唇边溢着口水，在这场究极的解脱中被淹没得神魂俱散。
2086,action_part_a_orgasm_super_A,0,CVP_A2_T|1_E_0&CVP_A2_A|10_LE_3,被反复寸止逼积起来的巨量快感终于获准一齐倾泻，{TargetName}的身体在顷刻间被这股究极的洪流彻底击穿。\n这是远超寻常的极致绝顶，累积已久的每一分渴求在此刻同时引爆，令她仍不太习惯肛交的娇嫩身子承受着超乎想象的冲击。\n开发尚浅却已被彻底点燃的{anal}疯狂而绵长地绞缩收紧，浓稠的肠液大股大股地喷洒失禁般涌出。\n她的意识被这场滔天的释放冲得一片空白，仰起脖颈无声痉挛，整个人在极乐与解脱交织的深渊里沉沦到底。
2087,action_part_a_orgasm_super_A,0,CVP_A2_T|1_E_0&CVP_A2_A|10_LE_3,那一瞬间仿佛有什么在体内轰然决堤，{TargetName}被压抑积攒了无数次的高潮终于一股脑地全数释放出来。\n究极的快感如海啸般席卷全身，把这具还留着紧致青涩的娇躯冲得四分五裂，远非寻常绝顶所能比拟。\n{anal}极度剧烈地连续抽搐痉挛，尚显稚嫩的肠壁疯狂翕张收缩，汹涌的肠液喷涌不止地失禁淌流。\n她眼神涣散唇舌失控，稚气未脱的面庞上尽是被彻底冲垮的迷醉与恍惚，在这场究极的解脱里彻底失了神。
2088,action_part_a_orgasm_super_A,0,CVP_A2_T|1_E_0&CVP_A2_A|10_LE_3,憋积到几近爆裂的快感终于被允许倾巢而出，{TargetName}整个人在这股究极巨浪的冲刷下瞬间失控崩溃。\n无数次被逼停在绝顶边缘的渴望在此刻一齐迸发，汇成一场超乎想象的极致高潮，将她那具尚未完全习惯肛交的娇躯彻底吞没。\n仍旧紧窄的{anal}极度剧烈地连续绞缩翕动，滚烫的肠液如决堤般喷涌喷洒个不停。\n她弓起的腰肢深深塌陷又骤然瘫软，思维被冲刷得一片惨白，只余下那股终于得以宣泄的巨大解脱感将她整个人淹没。
2089,action_part_a_orgasm_super_A,0,CVP_A2_T|1_E_0&CVP_A2_A|10_LE_3,这是一场超乎所有想象的究极绝顶，{TargetName}被一次次截停后堆积起来的巨量快感终于在此刻尽数奔涌而出。\n如同压抑到极点的弦骤然崩断，那股滔天的极致快感自{anal}深处炸裂开来，把她青涩紧致的娇躯冲得再无半分理智。\n{anal}极度剧烈地长时间连续痉挛，稚嫩的肠壁疯狂收缩绞紧，大量肠液喷涌失禁般奔流不止。\n她涣散的双眼失去焦距，口水顺着颤抖的唇角滑落，在这场究极的宣泄与解脱中被甜美地冲得神魂尽散。

2090,action_part_a_orgasm_super_A,0,CVP_A2_T|1_E_0&CVP_A2_A|10_G_3&CVP_A2_A|10_LE_6,积蓄了太多太多次的快感终于在这一刻被允许尽数倾泻而出，{TargetName}那具早已被开发得熟稔的身体骤然绷成一张满弓，{anal}爆发出远超以往的究极痉挛。\n一次次被逼到绝顶边缘又硬生生截停所累积起来的巨量快意，此刻如决堤般一齐冲垮了她的全部理智，经验丰富的她本能地想将后穴收放自如，却在这超乎想象的极致强度前彻底失了控。\n{anal}失禁般地喷涌出大股大股滚烫的肠液，涓流不止地顺着腿根泼洒淋漓，她眼神涣散、唇舌瘫软，整个人被这终于得到释放的巨大解脱感冲刷得思绪一片空白。
2091,action_part_a_orgasm_super_A,0,CVP_A2_T|1_E_0&CVP_A2_A|10_G_3&CVP_A2_A|10_LE_6,在博士面前，{TargetName}被反复推到高潮口又一次次拦下，直到此刻积压的无数次绝顶终于被准许一齐爆发，{anal}迎来了一场超乎想象的究极痉挛。\n她那早已熟习肛交的身体在这排山倒海的快感洪流里再也维持不住半分从容，{anal}极度剧烈地连续绞缩翕张，大量肠液喷涌而出、失禁般地涌流不止。\n熟稔的腰肢深深弓起又骤然瘫软，四肢失控地痉挛乱蹬，唇边溢出涎水，眼底一片涣散失神，累积已久的巨量快意终于释放的那份解脱几乎将她整个人融化。
2092,action_part_a_orgasm_super_A,0,CVP_A2_T|1_E_0&CVP_A2_A|10_G_3&CVP_A2_A|10_LE_6,被一次又一次逼近极限却硬生生截断的快感在{TargetName}体内积攒成了骇人的洪峰，此刻终于被允许一泻千里，{anal}爆发出前所未有的极致绝顶。\n对肛交早已驾轻就熟的她此刻却连一丝技巧都施展不出，只能任由{anal}长时间不受控制地疯狂痉挛收缩，滚烫的肠液如失禁般大股大股地喷涌泼溅。\n她整具身子剧烈抽搐绷紧，腰腹深深弓成弯弓后又彻底软塌下去，意识被这究极的快感彻底冲垮，脑中一片空白，只剩那压抑太久终获释放的甜美解脱在体内翻涌。
2093,action_part_a_orgasm_super_A,0,CVP_A2_T|1_E_0&CVP_A2_A|10_G_3&CVP_A2_A|10_LE_6,积蓄了太多次的绝顶终于被一齐放行，{TargetName}在{SceneName}里迎来了一场彻底超出想象的究极高潮，{anal}疯狂地痉挛不止。\n这具对后穴快感烂熟于心的身体在巨量快意的冲垮下再无半点招架之力，{anal}极度剧烈地连续绞缩，大量灼热肠液失禁般喷涌，顺着颤抖的腿根淋漓流淌。\n她双眼失焦、唇舌失控、涎水溢出，四肢无力地痉挛乱颤，被这一次性倾泻而出的极致快感与巨大解脱感彻底淹没，思维濒临崩溃的边缘。
2094,action_part_a_orgasm_super_A,0,CVP_A2_T|1_E_0&CVP_A2_A|10_G_3&CVP_A2_A|10_LE_6,无数次被截停在绝顶前一瞬的快感终于汇成滔天巨浪一齐奔涌而出，{TargetName}熟谙肛交的娇躯被冲得剧烈弓起，{anal}爆发出远超寻常的极致痉挛。\n经验老到的她本想像往常那样从容收放，却在这超乎想象的快感洪流前彻底缴械，{anal}长时间不受控地疯狂绞缩翕张，海量肠液喷涌失禁般止不住地涌流。\n她眼神涣散得没了焦点，唇齿瘫软，口水顺着嘴角滑落，被这终于得以尽情释放的巨量快意冲刷得整颗心神一片空茫，沉醉得几乎昏厥过去。

2095,action_part_a_orgasm_super_A,0,CVP_A2_T|1_E_0&CVP_A2_A|10_G_6,经验老练的{TargetName}早已将后穴开发得烂熟，此刻却被反复吊在绝顶边缘一次次生生截断，累积的巨浪终于被允许倾泻而出。\n{anal}以远超以往的幅度疯狂痉挛翻搅，那些被压抑了无数次的快感一齐炸开，化作超乎想象的究极绝顶将她整个人吞没。\n熟稔肛交的身体这一次也彻底失了控，意识被冲刷得一片空白，只剩浪潮般的解脱感层层碾过。\n大量肠液伴着极致的绝顶失禁般喷涌而出，涌流不止，纵是身经百战的她也在这一刻被这史无前例的强度彻底击溃。
2096,action_part_a_orgasm_super_A,0,CVP_A2_T|1_E_0&CVP_A2_A|10_G_6,对肛交无比娴熟的{TargetName}被一次次逼近顶点又硬生生按下，巨量快感在体内层层堆叠到几近溢出的地步。\n直到束缚骤然松开，被截断了无数回的绝顶如决堤般一齐奔涌，{anal}长时间不受控地剧烈绞缩翻涌，掀起一场超乎想象的极致高潮。\n再丰富的经验也压不住这排山倒海的一击，她的思维被彻底冲垮，只余灵魂被撕裂般的震颤与终于释放的巨大解脱。\n{anal}深处大量肠液喷薄而出，势如泉涌般失禁不止，将这场究极绝顶推向了她从未领略过的极限。
2097,action_part_a_orgasm_super_A,0,CVP_A2_T|1_E_0&CVP_A2_A|10_G_6,{TargetName}那条被彻底开发过的{anal}早已能吞纳一切，却在这一刻被反复寸止累积的洪流冲得毫无还手之力。\n一次次被拦在绝顶门前的快感终于获准全数释放，汇成一记超乎想象的究极绝顶，将她经验老到的身体连根掀翻。\n意识在滔天快感中被冲得支离破碎，脑中一片空白，唯有累积已久终得宣泄的极乐解脱感反复席卷。\n伴随着极致的痉挛，{anal}汹涌地喷出大量肠液，失禁般涌流不休，连见惯风浪的她都在这一瞬被淹没得神魂俱散。
2098,action_part_a_orgasm_super_A,0,CVP_A2_T|1_E_0&CVP_A2_A|10_G_6,熟练掌控肛交快感的{TargetName}这回却成了快感的俘虏，被反复吊到绝顶边缘再狠狠截断，欲望积攒到濒临爆裂。\n当积压的巨量快感被准许一齐释放，{anal}以从未有过的猛烈幅度持续抽搐收缩，迎来一场远超想象的超强绝顶。\n纵有再深的经验垫底，她的神智也在这灭顶的冲击下彻底崩塌，只剩空茫与灵魂震颤交织的极乐。\n大量温热肠液自{anal}失禁般喷涌倾泻，绵绵不绝，那份积郁尽数倾泄的解脱感几乎让她甜美地昏厥过去。
2099,action_part_a_orgasm_super_A,0,CVP_A2_T|1_E_0&CVP_A2_A|10_G_6,身经百战、后穴熟透的{TargetName}也未能抵挡这场蓄谋已久的极致爆发，屡次被逼近顶峰又强行掐断的快感终于汇流决堤。\n{anal}极度剧烈而漫长地连续痉挛，那被中断了无数次的绝顶一并释放，凝成一记超乎想象的究极高潮将她整个吞噬。\n再老练的经验此刻也化为乌有，她的意识被冲刷成一片空白，思绪近乎崩溃，唯余排山倒海的释然。\n{anal}如泄闸般喷出大量肠液，涌流失禁不止，这史无前例的强度与解脱感将她死死钉在了极乐的巅峰。

2100,action_part_a_orgasm_super_A,0,CVP_A2_S|5_L_1000,被压抑了太久的巨量快感在这一刻终于决堤，{TargetName}纤细的娇躯猛地绷成一张满弓，紧接着不受控制地剧烈痉挛起来。\n一次次被推到绝顶边缘又硬生生截断的煎熬早把她折磨得神志涣散，如今所有闸门尽数敞开，被寸止了无数回的高潮一齐倾泻而下，汇成一场超乎想象的究极绝顶。\n{anal}疯狂地翕张绞缩，一股股滚烫的肠液失禁般喷涌而出，顺着颤抖的腿根汩汩淌落，在{SceneName}里泛起淫靡的水光。\n她仰着脖颈失神地张大了嘴，唇边挂着黏亮的津液，纤腰反复深深弓起又彻底瘫软，整个人都被这场积蓄已久的极乐冲得思绪一片空白，{Name}只能看着她在究极的绝顶里彻底失控地颤抖。
2101,action_part_a_orgasm_super_A,0,CVP_A2_S|5_L_1000,这一次的绝顶来得凶猛得近乎骇人，{TargetName}少女的身体像被无形的电流贯穿，骤然弹起又重重瘫软。\n积攒了太多回的濒临与截停，把快感堆叠成一座随时会崩塌的高山，此刻终于轰然倾覆，所有被延宕的极乐一齐炸开，化作一场远超寻常的超强绝顶。\n{anal}一下下痉挛着深陷又外翻，大量肠液毫无节制地喷洒涌流，怎么也止不住。\n她眼神彻底涣散，瞳孔失焦地望着虚空，口水顺着嘴角滑落，四肢无力地痉挛乱颤，纤腰弓成夸张的弧度后又软塌下去。\n这场被反复吊足了胃口才一齐释放的究极高潮，把她仅存的一点理智碾得粉碎，只剩下无边的失神与解脱在娇躯里翻涌，久久无法平息。
2102,action_part_a_orgasm_super_A,0,CVP_A2_S|5_L_1000,当那道紧绷到极限的弦终于被松开，{TargetName}整个人都被排山倒海的快感掀翻了。\n无数次被截停在绝顶门槛前的渴求早已累积成一片汪洋，此刻堤坝尽毁，被压抑的高潮一股脑地喷薄而出，凝成一场超乎想象的极致绝顶。\n{anal}剧烈而持久地收缩绞紧，滚烫的肠液如失禁般一波波涌流不止，把她的下身淋得一片狼藉。\n她的意识被这突如其来的巨浪彻底冲垮，脑海中一片空白，只余下灵魂被撕裂般的震颤。\n纤细的四肢失控地抽搐蹬动，脊背反复弓起又瘫软，在{SceneName}里，她无声地承受着这场积蓄已久终得释放的滔天极乐，迟迟无法回神。
2103,action_part_a_orgasm_super_A,0,CVP_A2_S|5_L_1000,憋闷已久的快感终于在这一刻决堤奔涌，{TargetName}的娇躯猛然绷直，随即陷入一阵接一阵的剧烈抽搐。\n那被寸止无数次、始终吊在绝顶边缘不得释放的煎熬，此刻一齐化作滔天的浪潮席卷全身，是一场她从未体会过的超强绝顶。\n{anal}疯狂地翕合痉挛，大量温热的肠液失禁般狂涌而出，止也止不住地顺着颤栗的腿根流淌。\n她双眼失神，唇舌失控地半吐着，涎水沿下颌滴落，腰肢深深弓起又彻底虚脱，四肢无力地乱蹬。\n积压太久的极乐一齐倾泻带来的巨大解脱感，把{TargetName}整个人都溶化在这场究极的高潮里，思维彻底沦为一片空茫。
2104,action_part_a_orgasm_super_A,0,CVP_A2_S|5_L_1000,这一刻，被延宕了太多回的绝顶终于被允许一齐爆发，{TargetName}纤秀的身子像断了线般剧烈地弹颤起来。\n一次次冲到顶点又被生生拽回的折磨，早把快感堆积成难以承受的巨量，如今尽数释放，汇成一场超乎想象的究极绝顶。\n{anal}不受控制地深深绞缩又翻涌，滚烫的肠液如决堤般大量喷涌，失禁似的涌流个不停。\n她整个人失神地仰起头，眼神涣散迷离，津液自唇角滑落，纤腰反复弓起又瘫软无力，四肢痉挛着蜷缩又伸展。\n那份积攒到极限终得宣泄的解脱与灭顶般的极乐交织在一起，将{TargetName}的思绪冲刷得一干二净，只余灵魂被震碎般的甜美沉沦。

2105,action_part_a_orgasm_super_A,0,CVP_A2_S|5_GE_1000&CVP_A2_S|5_L_12000,积攒了太久的滔天快感在这一刻被尽数放行，{TargetName}整个娇躯像被巨浪掀翻般剧烈颤栗，一场超乎想象的极致绝顶在{SceneName}轰然炸裂开来。\n{anal}疯狂而绵长地痉挛绞缩着，那些一次次被截停在顶点前的巨量快感一齐奔涌而出，将她的神智彻底冲垮，脑海只剩一片惨白的空白。\n她仰头失神地痉挛，眼神涣散，唇边溢出断续的呜咽，大量肠液如失禁般自{anal}汹涌喷洒。\n这是被吊在绝顶边缘无数次后终获释放的究极高潮，那股巨大的解脱感将她推入近乎昏厥的甜美深渊。
2106,action_part_a_orgasm_super_A,0,CVP_A2_S|5_GE_1000&CVP_A2_S|5_L_12000,被反复推到绝顶前又生生按停了那么多回，此刻闸门终于洞开，{TargetName}体内堆叠成山的快感一泄千里，迎来了一场远远凌驾于寻常绝顶之上的超强高潮。\n{anal}长时间不受控制地深深痉挛，整个后庭疯狂翕张绞缩，累积已久的极致爽意在{SceneName}里彻底爆发。\n她的意识在这排山倒海的冲击下荡然无存，思维一片空茫，只余无意识的战栗。\n浓浊的肠液从{anal}失禁般喷涌不止，那被压抑太久的快感终于倾泻而出，带来令她几近魂飞魄散的巨大解脱。
2107,action_part_a_orgasm_super_A,0,CVP_A2_S|5_GE_1000&CVP_A2_S|5_L_12000,那么多次逼到极限又硬生生掐断的快感，在这一瞬被允许一齐宣泄，{TargetName}猛地弓起脊背，被一场超乎想象的究极绝顶彻底吞没。\n{anal}极度剧烈地连续抽搐收缩，仿佛要将积攒的一切快感尽数榨出，滚烫的肠液如决堤般从{anal}喷涌喷射而出。\n她双眼失焦，口水顺着嘴角失控滑落，整个人在{SceneName}中失神地痉挛不止。\n积压太久的顶点终于崩塌释放，那种灵魂被撕裂般的震撼与巨大的解脱交织，将她的思绪冲刷得一片空白。
2108,action_part_a_orgasm_super_A,0,CVP_A2_S|5_GE_1000&CVP_A2_S|5_L_12000,一次又一次被吊在绝顶门槛上，又一回回被残忍中断，直到此刻积蓄的洪流终被放开，{TargetName}迎来了一场凌驾于一切之上的超强绝顶。\n{anal}疯狂而持久地痉挛绞紧，那堆积如山的快感于{SceneName}中一齐轰然释放，将她的理智彻底击溃。\n她仰面失神颤抖，眼神空洞涣散，大量肠液失禁般自{anal}奔流喷涌，怎么也止不住。\n巨量快感一次性倾泻带来的解脱几乎令她昏厥，濒临崩溃的甜蜜将整个身心淹没。
2109,action_part_a_orgasm_super_A,0,CVP_A2_S|5_GE_1000&CVP_A2_S|5_L_12000,被寸止的滋味折磨了太多回，累积的巨量快感终于在这一刻获准倾巢而出，{TargetName}整具身子被一场超乎想象的极致绝顶狠狠贯穿。\n{anal}长久而剧烈地不受控收缩痉挛，翻涌的快感如洪峰般在{SceneName}里决堤宣泄，将她的神智冲刷得支离破碎。\n她张着嘴无声痉挛，眼神迷离涣散，浓稠的肠液从{anal}喷涌而出淋漓不止。\n那份压抑至极后终获释放的解脱感排山倒海，令她在思维空白中沉溺进近乎崩溃的甜美迷醉。

2110,action_part_a_orgasm_super_A,0,CVP_A2_T|7_E_0&CVP_A2_T|222_E_1,已完全发育成熟却仍旧懵懂无知的{TargetName}，被{Name}一次又一次引着走到快要泄出的边缘，又被生生截停下来，她根本不明白这股一再累积的酥麻意味着什么，只是乖巧地任由摆布。\n直到那股压抑了无数次的巨量快感终于被允许尽数释放，{anal}猛然痉挛收紧，随即剧烈绞缩翻涌，大股肠液伴着失禁般的势头汹涌喷涌而出。\n她茫然地睁大双眼，成熟的躯体剧烈地痉挛颤抖着，完全弄不懂自己为何会陷入这种超乎想象的极致眩晕，只能懵懂地承受着这场远远超出理解的灭顶狂潮。
2111,action_part_a_orgasm_super_A,0,CVP_A2_T|7_E_0&CVP_A2_T|222_E_1,{TargetName}虽已是成年女子的身躯，却对情事一无所知，只懂得顺从地依着{Name}的引导，一次次被带到即将迸发的顶点前又骤然止住，攒下了连她自己都说不清的巨量酥痒。\n当那份积压了许久的快感终于毫无保留地涌泄而出，{anal}疯狂地抽搐收缩，肠液如同决堤一般大股喷涌而出，热流四溅。\n她被这陌生到极致的强烈冲击彻底冲昏了头，成熟的身子止不住地痉挛抖动，脑子里一片空白，只余下懵懂而茫然的惊慌，完全不知道自己刚刚经历了什么。
2112,action_part_a_orgasm_super_A,0,CVP_A2_T|7_E_0&CVP_A2_T|222_E_1,发育完全却对男女之事懵然不知的{TargetName}，任由{Name}一遍又一遍地把她引到快感的边缘，又一遍又一遍地叫停，累积的酥麻早已远超她能理解的程度，她只是乖顺地承受着，毫无怀疑。\n终于，那被反复截断的巨大快感一股脑儿地释放开来，{anal}狠狠痉挛收紧，肠液失禁般地大量涌出，喷溅得毫无节制。\n{TargetName}瞪大了茫然的双眼，成熟的躯体剧烈颤抖，被这远超想象的极致绝顶冲得神志全无，只能懵懵懂懂地在陌生的狂喜里瑟缩战栗。
2113,action_part_a_orgasm_super_A,0,CVP_A2_T|7_E_0&CVP_A2_T|222_E_1,{TargetName}的身体早已出落得成熟丰满，心智却依旧对性事一片空白，被{Name}反复地撩拨到边缘又强行叫停，她不明所以，只是听话地任其摆弄，累积下越来越汹涌的酥胀感。\n当那份被截停无数次的快感终于获准彻底宣泄，{anal}猛地剧烈绞紧痉挛，肠液如潮水般失禁般涌出，喷洒不止。\n她茫然又惊慌地大口喘息，成熟的身躯不受控制地剧烈痉挛，完全不懂自己为何会被卷入这种超乎想象的极致狂潮，只留下一片空白懵懂的脑海。
2114,action_part_a_orgasm_super_A,0,CVP_A2_T|7_E_0&CVP_A2_T|222_E_1,性事于{TargetName}而言依旧是一片空白，纵使她的身体早已成熟饱满，也只能懵懂地顺从{Name}的摆布，一次次被推至崩溃边缘又被硬生生拉回，积攒下连她自己都无法理解的滚烫快感。\n直到那份反复寸止的巨量快感终于被彻底释放，{anal}猛烈痉挛翻绞，大量肠液失禁般狂涌而出，势不可挡。\n{TargetName}懵然睁圆双眼，成熟的躯体剧烈颤栗抽搐，被这超乎想象的极致绝顶冲撞得意识全无，只余下茫然无措的战栗与喘息。

2115,action_part_a_orgasm_super_A,0,CVP_A2_S|5_GE_12000&CVP_A2_S|5_L_90000,被一次次逼到绝顶边缘却又硬生生截停的滋味折磨了太多回，{TargetName}此刻终于被允许把积攒到极限的巨量快感一齐倾泻而出。\n早已被无数次肛门高潮操熟操软的{anal}敏感得骇人，在这一瞬发起了超乎想象的究极痉挛，一波连着一波深不见底地绞缩翻搅。\n积压太久的快意如决堤般轰然炸裂开来，{TargetName}整个人被彻底冲垮，思绪一片空白，眼神涣散失焦，{anal}深处大量肠液失禁般狂涌不止。\n这是远远凌驾于寻常绝顶之上的极致高潮，累积已久终得释放的巨大解脱感将她整具娇躯撕裂般地淹没，只余下濒临崩溃的甜美沉醉。
2116,action_part_a_orgasm_super_A,0,CVP_A2_S|5_GE_12000&CVP_A2_S|5_L_90000,在被反复寸止、次次都吊在高潮门槛前的漫长煎熬后，{TargetName}终于迎来了一场超乎想象的究极绝顶。\n那处早被连番肛门高潮反复蹂躏得熟透的{anal}此刻敏感到极点，剧烈而绵长地连续抽搐绞缩，仿佛要把攒了太久的一切一次榨尽。\n巨量快感一齐爆发的刹那，她的意识被彻底轰散，思维成了空白，全身失控地痉挛颤栗，海量肠液自{anal}汹涌喷泻，止也止不住。\n那种被憋到极限终得解放的酣畅解脱与灵魂震颤交织在一起，将{TargetName}拖进了几近昏厥的极乐深渊。
2117,action_part_a_orgasm_super_A,0,CVP_A2_S|5_GE_12000&CVP_A2_S|5_L_90000,一次次将她高高吊起又骤然截断的折磨累积到了顶点，{TargetName}体内那股被压抑到极限的滔天快感终于获准一齐奔涌而出。\n敏感得几乎一碰即溃的{anal}发起了长久而狂暴的连环绞缩，深处翻涌不休，把这场超乎寻常的究极绝顶推上了顶峰。\n积蓄已久的快意轰然决堤，{TargetName}的神志被彻底冲垮，脑中空空荡荡，大量肠液如失禁般从{anal}狂泻喷涌。\n那压抑至极后骤然释放的巨大解脱将她整个人吞没，甜腻的迷醉与濒临崩溃的震撼令她彻底沉沦其中。
2118,action_part_a_orgasm_super_A,0,CVP_A2_S|5_GE_12000&CVP_A2_S|5_L_90000,被憋在绝顶门口太多次、每次都被无情掐断的{TargetName}，此刻终于被放开，将累积到骇人地步的巨量快感一齐宣泄出来。\n那处早被连续高潮操得极度敏感的{anal}疯狂而持久地痉挛翻搅，一浪高过一浪，迎来了一场超乎想象的极致绝顶。\n积压已久的快感倾泻而下，{TargetName}整个人被冲得神魂俱散，思维一片空白，肠液自{anal}深处失禁般喷涌不绝。\n那种攒了太久终得释放的酣畅淋漓与灵魂被撕裂的震撼一同将她淹没，只留下几近崩溃的极乐沉醉。
2119,action_part_a_orgasm_super_A,0,CVP_A2_S|5_GE_12000&CVP_A2_S|5_L_90000,无数次被吊到高潮边缘又生生拽回的折磨终于累积到了尽头，{TargetName}被允许把那股憋到极限的滔天快意一齐释放出来。\n早已敏感到风吹即颤的{anal}发起了究极而漫长的狂暴绞缩，深不见底地一阵阵翻搅收紧，将这场绝顶推向了超乎想象的巅峰。\n巨量快感一齐炸开的瞬间，{TargetName}被彻底冲垮，意识化为一片空白，海量肠液如决堤般自{anal}喷涌失禁。\n那憋闷已久终获释放的巨大解脱感裹挟着灵魂的战栗席卷全身，令她陷入了濒临昏厥的甜美崩溃。

2120,action_part_a_orgasm_super_A,0,CVP_A2_S|5_GE_90000,积蓄了太多次的快感在这一刻终于被彻底释放，{TargetName}的娇躯猛地绷成一张满弓，一场超乎想象的肛肠超强绝顶如决堤般轰然席卷了她的全身。\n那被一次次逼到绝顶边缘又硬生生截停的巨量快感，此刻毫无保留地一齐倾泻而出，{anal}疯狂地痉挛绞缩着，将这究极的极乐宣泄到极致。\n少女的意识在这灭顶的冲击下被彻底冲垮，思绪一片空白，眼神涣散失焦，唇边溢出失禁般的涎水。\n伴随着{anal}一阵阵不受控制的剧烈翕动，大量温热的肠液失禁般喷涌而出，汩汩流淌个不停，那是被压抑太久后终于宣泄的极致解脱。
2121,action_part_a_orgasm_super_A,0,CVP_A2_S|5_GE_90000,再也无从压抑的快感终于寻得了宣泄的出口，{TargetName}整个人如遭雷击般剧烈弹动，迎来了一场彻底凌驾于寻常绝顶之上的肛肠究极高潮。\n那些被反复截停、层层累积起来的滔天快意在同一瞬间轰然爆开，{anal}以骇人的力度连绵痉挛，仿佛要将积攒的一切一次榨干。\n她的神智被这股洪流冲得荡然无存，脑海里只剩下一片空茫的雪白，四肢无力地痉挛抽搐着。\n{anal}一张一合地剧烈翕张，大量肠液挟着惊人的势头喷涌失禁，淋漓不止，那份终获释放的酥爽几乎将她整个人融化。
2122,action_part_a_orgasm_super_A,0,CVP_A2_S|5_GE_90000,堆积如山的快感洪流在这一刻决堤奔涌，{TargetName}的身子猛然弓成一道不可思议的弧线，被一场超越极限的肛肠超强绝顶彻底吞没。\n无数次徘徊在顶点边缘却被硬生截住的极乐，此刻化作滔天巨浪一齐倾泻，{anal}疯狂地收缩翕动，将这究极的快意推向无以复加的巅峰。\n少女的理智在灭顶的快感中支离破碎，双眸彻底失神上翻，连一丝清明的念头都无法维系。\n随着{anal}失控般的连番绞缩，滚烫的肠液如泄闸般狂涌喷出，涓涓不绝，那是压抑到极致后骤然爆发的销魂解脱。
2123,action_part_a_orgasm_super_A,0,CVP_A2_S|5_GE_90000,被囚禁太久的巨量快感终于挣脱了枷锁，{TargetName}娇嫩的身躯剧烈震颤，一场远超以往任何一次的肛肠究极绝顶如海啸般将她整个淹没。\n那反复被逼至云端又生生拽回的无数次快意，此刻毫无保留地一齐炸裂开来，{anal}近乎癫狂地痉挛绞缩，把极乐宣泄得酣畅淋漓。\n她的意识彻底沉入了纯白的空洞，思维停摆，表情失控地扭曲又迷醉。\n{anal}一波接一波地剧烈抽搐，大量温热肠液失禁般喷薄涌流，绵绵不绝地淌落，那份终于卸下重负的极致快感令她濒临昏厥。
2124,action_part_a_orgasm_super_A,0,CVP_A2_S|5_GE_90000,层层累叠的快感在这一刹那尽数迸发，{TargetName}的躯体骤然绷紧到极限，坠入一场超乎想象、凌驾于一切寻常绝顶之上的肛肠超强高潮。\n那被一次又一次逼近顶峰又强行中断的滔天快意，此刻如洪峰溃坝般汹涌倾泻，{anal}狂乱地翕张绞缩，将这份究极极乐尽情释放。\n汹涌的快感将她仅存的神智彻底冲垮，眼神空洞涣散，涎水不受控制地自唇角滑落。\n{anal}剧烈而绵长地连续痉挛着，惊人量的肠液挟势喷涌、失禁般奔流不止，那久蓄骤泄的酥麻解脱几乎将她的灵魂都撕裂融化。

2125,action_part_a_orgasm_super_A,0,CVP_A2_T|126_E_1,娇小紧致的臀肉猛地绷成一团，{TargetName}小巧的身子在这一刻彻底失守了。\n积攒了太多太多次却始终被生生截断的快感，此刻终于被允许一齐倾泻而出，{anal}以超乎想象的烈度剧烈痉挛收缩，一波接着一波毫无止歇。\n这远不是寻常绝顶所能比拟的究极高峰，紧窄的后穴深处仿佛被彻底掏空又填满，滚烫的肠液失禁般汹涌喷涌而出，怎么也止不住。\n她小小的臀部剧烈颤抖着，意识被这股积压已久的巨浪彻底冲垮，思维一片空白，只余那股终于得以释放的极致快感将她整个人淹没吞噬。
2126,action_part_a_orgasm_super_A,0,CVP_A2_T|126_E_1,{TargetName}纤瘦小巧的身躯骤然绷直到极限，随即又猛然痉挛起来。\n一次次被逼到绝顶边缘又被硬生生按停的快感，早已积累成了骇人的洪流，此刻终于决堤般一齐炸开，{anal}极度剧烈地连续绞缩翕张，紧致的括约肌疯狂收缩，怎么都停不下来。\n这是超乎她想象的极致巅峰，小巧紧窄的后穴深处翻涌出汹涌的肠液，失禁般喷洒涌流不止。\n娇小的臀瓣抖得不成样子，她的神志在这排山倒海的释放中被彻底击碎，眼神涣散失焦，只剩下濒临崩溃的甜美沉醉将她层层裹挟。
2127,action_part_a_orgasm_super_A,0,CVP_A2_T|126_E_1,小巧的臀肉一瞬间紧缩成一团硬结，{TargetName}整个人被抛上了从未抵达过的极乐之巅。\n那么多次被中断、被吊在半空的高潮，此刻终于被彻底放行，一股脑地齐齐爆发出来，{anal}以毁天灭地般的力道疯狂痉挛，深处的敏感每一处都在剧烈跳动。\n紧致纤细的后穴再也锁不住汹涌的肠液，滚烫的液体喷涌而出，如失禁般止不住地淌落。\n她纤小的腰臀剧烈弹动，理智在这究极的冲击下荡然无存，脑海彻底空白，唯有那份积压已久终获释放的巨大解脱感，将她推入无边的失神与迷醉。
2128,action_part_a_orgasm_super_A,0,CVP_A2_T|126_E_1,{TargetName}小巧玲珑的身子猛地弓成一张满弓，紧接着剧烈地抽搐战栗起来。\n被反复截停累积下来的滔天快感，此刻终于获准一齐奔涌而出，{anal}长时间不受控制地连续收缩绞紧，紧窄的甬道深处一阵接一阵地剧烈搏动。\n这份极致远非普通绝顶可比，她小小的紧致后穴喷薄出大量滚烫肠液，势如决堤失禁般肆意涌流。\n娇小的臀部止不住地痉挛颤动，她的意识被这股巨浪彻底冲垮吞没，思绪化作一片空白，仅剩极致的快感与解脱交织，将她卷入近乎昏厥的甜蜜深渊。
2129,action_part_a_orgasm_super_A,0,CVP_A2_T|126_E_1,娇嫩紧致的臀肉狠狠一缩，{TargetName}小巧的躯体在极乐的顶点彻底崩塌了。\n一次又一次被吊在绝顶边缘的煎熬，此刻终于化作齐齐释放的滔天巨浪，{anal}极度剧烈而持久地痉挛绞缩，翕张不休怎么也平息不下来。\n这是她从未体会过的究极巅峰，小巧窄嫩的后穴深处翻涌不止，海量的滚烫肠液失禁般喷涌四溅。\n她纤细的臀瓣颤抖得几近失控，神志在这排山倒海的快感中被撕裂击碎，脑中一片空茫，唯余那股积蓄已久终得倾泻的极致解脱，将她整个人温柔又猛烈地吞没。

2130,action_part_a_orgasm_super_A,0,CVP_A2_T|127_E_1,被硬生生截停了太多次的快感在此刻终于获准倾泻，{TargetName}的娇躯骤然绷紧成弓，紧接着失控般剧烈痉挛。\n这是一场远超寻常绝顶的究极高潮，那些被反复逼到边缘又生生掐断的巨量快感一齐炸开，将她的意识冲得四分五裂，脑海一片空茫。\n{anal}极度剧烈地翻搅收缩，大股肠液失禁般喷涌不止。\n圆润匀称的臀肉随着深处疯狂的抽搐一波波剧烈晃颤，那恰到好处的弹性此刻被绷得死紧，又在解脱般的瘫软里一寸寸松软下去，少女整个人彻底沉没进这超乎想象的极乐之中。
2131,action_part_a_orgasm_super_A,0,CVP_A2_T|127_E_1,积攒了太久的滔天快感终于被一齐释放，{TargetName}再也压不住地弓起腰肢，全身肌肉不受控制地强烈绷紧又疯狂抖动。\n这是被寸止折磨到极限后迎来的超强绝顶，累积的快感如决堤般轰然冲垮她的神智，思维彻底停摆。\n{anal}长时间不受控地连续绞缩，喷薄的肠液如失禁般涌流而下。\n她那对匀称饱满的臀瓣被这股极致的冲击撞得一阵阵剧烈战栗，柔韧圆润的臀肉绷紧又软塌，反反复复，博士看着少女在这场究极的释放里彻底失了神。
2132,action_part_a_orgasm_super_A,0,CVP_A2_T|127_E_1,一次次被逼近顶点又被无情叫停的巨量快感，终于在这一瞬被允许尽数宣泄，{TargetName}的身子猛然爆发出剧烈的痉挛。\n这份超乎想象的极致绝顶远非寻常高潮可比，翻涌而来的快感狂潮将她的意识彻底吞没，只剩一片空白与濒临崩溃的战栗。\n{anal}疯狂而持久地抽搐翻卷，大量肠液喷涌而出难以自抑。\n形状匀称的臀部随着这场释放剧烈地颤晃个不停，适中的臀肉在极致的绷紧与瘫软间反复切换，少女整具娇躯都被这浩大的解脱感冲刷得酥软瘫倒。
2133,action_part_a_orgasm_super_A,0,CVP_A2_T|127_E_1,被压抑截断了无数回的快感在此刻轰然爆发，{TargetName}纤细的躯体猛地一挺，随即陷入长时间失控的剧烈抽搐。\n这是究极的超强绝顶，被寸止层层累积的滔天快感一齐奔涌，将她本就摇摇欲坠的神志彻底冲垮，脑中只余空茫。\n{anal}极度剧烈地连番痉挛紧缩，滚烫的肠液失禁般喷洒不止。\n她圆润有弹性的臀瓣被深处的狂潮震得剧烈起伏，柔软的臀肉一阵阵绷硬又松软，那股憋闷已久终获释放的极乐令少女彻底瘫软，沉溺在超乎想象的高潮余韵里。
2134,action_part_a_orgasm_super_A,0,CVP_A2_T|127_E_1,太多次被硬生生按在绝顶门槛前的快感，终于在这一刻决堤奔涌，{TargetName}整个人剧烈地弓起又痉挛，几乎失去了对身体的掌控。\n这是远远凌驾于寻常绝顶之上的究极高潮，海啸般的快感将她的意识冲刷得支离破碎，思绪一片空白。\n{anal}疯狂地翻搅收缩，喷涌的肠液如泄洪般失禁流淌。\n匀称圆翘的臀部随着这场极致的宣泄剧烈地颤动，恰到好处的臀肉在紧绷与瘫软间反复痉挛，博士眼中的少女被这浩瀚的解脱彻底淹没，久久无法回神。

2135,action_part_a_orgasm_super_A,0,CVP_A2_T|128_E_1,积蓄已久的巨量快感在这一刻轰然决堤，被反复逼到绝顶边缘又硬生生截断了无数次的{TargetName}，终于被允许将那一次次被中断的高潮尽数释放出来。\n{anal}随之爆发出一场超乎想象的究极痉挛，丰腴硕大的巨臀在这股洪流里如波涛般剧烈震荡，饱满的臀肉一浪接一浪地翻涌抖动。\n那压抑到极致的快感一齐倾泻而下，将她的意识彻底冲垮，思绪一片空白，只剩下{anal}失禁般喷涌不止的滚烫肠液顺着颤抖的臀缝汹涌流淌。\n这是远超寻常绝顶的极致高峰，硕大的臀瓣在极乐中止不住地起伏波动，将这场累积释放的超强绝顶渲染得淋漓尽致。
2136,action_part_a_orgasm_super_A,0,CVP_A2_T|128_E_1,一波波被寸止硬压回去的极乐在体内累积到了骇人的程度，此刻再无阻拦地一齐炸开。\n{TargetName}迎来了一场超乎想象的超强绝顶，{anal}疯狂地绞缩翕张，把这究极的高潮宣泄得势不可挡。\n她那异常丰满的巨臀剧烈地弹跳颤抖，硕大的臀肉随着每一下痉挛掀起令人目眩的肉浪，饱满的弹性在剧震中展露无遗。\n积压已久的快感洪流将她的神智彻底淹没，{anal}失禁般涌流不止的滚烫肠液大股大股地喷洒而出，在这场累积释放的极致巅峰里，丰腴的臀瓣抖动个不停。
2137,action_part_a_orgasm_super_A,0,CVP_A2_T|128_E_1,仿佛被吊在绝顶悬崖边缘反复拉扯了太多次，终于松手坠落的那一瞬，所有被截断的高潮汇成滔天巨浪一齐倾覆而下。\n{TargetName}的{anal}爆发出极致而漫长的连续痉挛，超乎想象的强度将她整个人卷入灭顶的极乐。\n她那惊人丰满的巨臀在剧烈的抽搐中疯狂震荡，硕大浑圆的臀瓣一波接一波地翻滚颤抖，丰腴的臀肉泛起令人眩晕的波纹。\n{anal}如决堤般喷涌出汹涌的肠液，这场累积到极限后一齐释放的超强绝顶，把她冲刷得神魂俱散。
2138,action_part_a_orgasm_super_A,0,CVP_A2_T|128_E_1,数不清的高潮被一次次逼到临界又强行掐断，如今堤坝崩塌，那巨量的快感终于被准许尽情奔涌。\n{TargetName}坠入一场远超寻常的究极绝顶，{anal}以骇人的幅度剧烈收缩痉挛，把这场极乐推向了顶点。\n随着每一下猛烈的抽搐，她丰满得惊人的巨臀都会剧烈地弹动摇晃，饱满的臀肉翻涌起伏，弹性十足地波浪般震荡不休。\n{anal}喷涌而出的滚烫肠液失禁般流淌不止，在这累积已久的一齐释放中，硕大的臀瓣抖个不停，将超强绝顶的极致展露无遗。
2139,action_part_a_orgasm_super_A,0,CVP_A2_T|128_E_1,被压抑截断了无数遍的极乐终于得到宣泄的许可，如洪流般轰然释放，将{TargetName}推入一场超乎想象的超强绝顶。\n{anal}极度剧烈地连续痉挛绞缩，那强度远非寻常绝顶所能比拟。\n她那丰腴硕大的巨臀在这股冲击下震颤不止，浑圆饱满的臀瓣掀起一层层肉浪，随着高潮的每一次搏动而剧烈波动。\n{anal}失禁般地喷涌出大量滚烫肠液，汹涌流淌得无法止歇，累积到极限的快感一齐倾泻，把她冲得意识空白而神魂涣散。

2140,action_part_a_orgasm_super_A,0,high_1,积蓄了太久太久的快感终于在这一刻被彻底放行，{TargetName}的整具身子猛地绷成一道紧张的弓，那一波波被硬生生截断又累积起来的巨浪一齐倾泻而出。\n{anal}以远超寻常的幅度剧烈痉挛绞缩着，一股股温热的肠液失禁般喷涌而出，怎么也止不住。\n这是超乎她想象的极致绝顶，被反复推到边缘又拉回的快感在此刻尽数释放，意识被冲刷得一片空白，连思绪都被这股洪流彻底淹没。\n她眼神涣散，唇舌失控，只能任由这场究极的解脱感将她整个人吞没，在无边的迷醉中颤栗着沉沦下去。
2141,action_part_a_orgasm_super_A,0,high_1,那被一次次逼到顶点又强行掐断的巨量快感，此刻终于获准倾巢而出，{TargetName}再也承受不住，整个人在这股究极的冲击下彻底崩溃。\n{anal}疯狂而不受控制地连续收缩翕张，浓稠的肠液如决堤般大量喷出，顺着痉挛的节奏一波接一波涌流不止。\n这是她从未体验过的超强绝顶，比任何一次都要猛烈千百倍，仿佛灵魂都被从身体里生生撕扯出来。\n累积已久的一切在此刻尽情宣泄，那份终于解脱的甜美几乎让她昏厥过去，只余下失神的战栗与断续的娇喘。
2142,action_part_a_orgasm_super_A,0,high_1,憋闷了太久的快感终于冲破了最后的堤坝，{TargetName}的身体在这一瞬被彻底点燃，无数次被寸止截住的高潮化作一股滔天巨浪一齐倾泻。\n{anal}极度剧烈地连续抽搐绞紧，大量温热的肠液毫无节制地喷涌失禁，止都止不住地向外涌流。\n这股超乎想象的极致快感将她的理智碾得粉碎，脑海里一片空白，什么都想不了，只剩下被冲垮后的濒临崩溃。\n她整个人在无边的解脱与迷醉里剧烈颤抖，眼角泛起失神的泪光，彻底沉溺在这场究极绝顶的洪流之中无法自拔。
2143,action_part_a_orgasm_super_A,0,high_1,一次次被拉到悬崖边缘又硬生生拽回的折磨终于到了尽头，累积的巨量快感获准一齐爆发，{TargetName}猛然被这股洪流掀翻。\n{anal}以极致的力度长时间痉挛绞缩着，失禁般的肠液大股大股喷射而出，涌流不止仿佛怎么也排不完。\n这是超越了她所有认知的超强绝顶，被压抑得越久此刻炸开得就越是猛烈，将她的意识彻底冲刷成一片空茫。\n她全身失控地战栗抽搐，唇边溢出止不住的津液，在这份迟来的、巨大的解脱感中沉沉迷醉，几乎失去了全部知觉。
2144,action_part_a_orgasm_super_A,0,high_1,被反复截停积攒下来的滔天快感在这一刻尽数解禁，{TargetName}如同被巨浪整个吞没，再也无力抵抗这场究极的席卷。\n{anal}疯狂而持久地剧烈绞缩抽搐，滚烫的肠液失禁般汹涌喷涌，一浪高过一浪地喷出不止。\n这份超乎想象的极致绝顶远远盖过了此前的一切，那被压抑到极限的快感终于一齐释放，让她的思维彻底停摆。\n她眼神迷离涣散，整个人瘫软又痉挛地摇晃着，在灵魂被撕裂般的震撼与巨大的解脱里，沉醉得近乎昏厥。

2145,action_part_a_orgasm_super_A,0,t_npc_active_h,一直牢牢掌握着主动的{TargetName}在这一刻彻底失了掌控，被压抑截停了太多次的巨量快感轰然决堤。\n那被逼到绝顶边缘又生生截停无数次的极乐终于被允许一齐倾泻，{anal}承受着这超乎想象的究极绝顶，剧烈得几乎要将她整个人掀翻。\n她原本从容主导的姿态荡然无存，{anal}疯狂抽搐不止，大股肠液失禁般喷涌而出，那份掌控一切的自信在这一瞬被极致的快感彻底击碎，只余被冲垮后的空白与颤栗。
2146,action_part_a_orgasm_super_A,0,t_npc_active_h,本该由{TargetName}亲自掌握节奏、主动服侍博士的这场情事，却在积攒到极限的快感一齐炸开时彻底翻转。\n被反复挑到高潮前一瞬又硬生生按停的{anal}，此刻终于挣脱束缚，将攒了无数次的绝顶一并释放，那是远远超出寻常的极致高峰。\n{TargetName}主导者的从容瞬间瓦解，浑身剧烈痉挛，{anal}翕张绞缩得毫无章法，滚烫的肠液成股喷洒，她被这积压已久终得释放的究极快感冲得神魂俱散。
2147,action_part_a_orgasm_super_A,0,t_npc_active_h,向来在博士身上占尽主动的{TargetName}，这一次被自己引出的滔天快感反噬。\n那被寸止折磨得徘徊在绝顶边缘太多回的巨量极乐终于一齐溃堤而出，{anal}迎来了一场超乎所有想象的究极绝顶，强烈到几乎将她的意识连根拔起。\n掌控的姿态碎成齑粉，{anal}长时间不受控制地狂颤痉挛，大量肠液如失禁般涌流不止，{TargetName}只能任由这积攒到顶点的解脱狂潮把自己彻底淹没。
2148,action_part_a_orgasm_super_A,0,t_npc_active_h,{TargetName}原本自信满满地主导着一切节奏，却在积压太久的快感一齐迸发的刹那彻底失守。\n被逼近绝顶又生生截断了太多次的{anal}，此刻终于将累积到骇人地步的极乐尽数释放，那股究极绝顶远远凌驾于寻常的强烈之上。\n她主动者的从容荡然无存，全身绷紧后又剧烈抽搐，{anal}疯狂绞缩不休，成股肠液喷涌失禁，{TargetName}被这终得宣泄的滔天快感冲垮得意识一片空白。
2149,action_part_a_orgasm_super_A,0,t_npc_active_h,一直是{TargetName}主动跨在博士身上掌控着起伏的节拍，可这场由她引领的欢愉，却在被压抑的巨量快感一齐决堤时反噬了她自己。\n{anal}承受着这超乎想象的究极绝顶，那是被反复截停无数次后终于一齐释放的极致高峰。\n{TargetName}掌控全局的姿态刹那崩塌，腰肢剧颤，{anal}狂乱痉挛，汹涌的肠液失禁般喷洒不止，她整个人沉溺在这积攒到顶点后彻底解脱的滔天极乐里。

2150,action_part_a_orgasm_super_A,0,group_sex_mode_on&CVP_A2_A|34_LE_4,积压了太久的快感在这一刻终于被彻底放行，一齐奔涌而出。\n{TargetName}那被反复逼到绝顶边缘又生生截停的娇躯猛地绷成一张满弓，{anal}以远超寻常的烈度疯狂痉挛绞缩，一股股肠液失禁般喷涌不止。\n被这超乎想象的极致绝顶彻底冲垮的同时，她却仍死死蜷缩着身子，想挡住周遭其他女人投来的目光，死咬着唇不让淫叫泄出。\n可颤抖得如此剧烈的身体早把她的失态暴露无遗，灭顶的快感与无处遁形的羞耻一同将她吞没。
2151,action_part_a_orgasm_super_A,0,group_sex_mode_on&CVP_A2_A|34_LE_4,一次次被推到高潮的悬崖边又被硬生生拦下，累积的巨量快感在此刻如决堤般轰然释放。\n{TargetName}整个人剧烈弹动起来，{anal}长时间不受控地连续抽搐紧缩，大量肠液喷薄涌流，将那份极致的失禁感尽数展露。\n她被这远超强绝顶的究极快感冲得神志一片空白，却仍本能地用手臂遮着交合之处，蜷起腰不愿被身旁的女性们看清。\n越是想藏，身子越是抖得不听使唤，羞窘与解脱交织成一种令她濒临崩溃的甜美沉沦。
2152,action_part_a_orgasm_super_A,0,group_sex_mode_on&CVP_A2_A|34_LE_4,被反复寸止折磨到濒临疯狂的身体，终于被准许将一次次中断的绝顶一齐倾泻出来。\n{TargetName}发出无声的痉挛，{anal}极度剧烈地翕张绞缩，喷涌而出的肠液失禁般止不住地流淌。\n这场超乎想象的极致高潮将她的意识彻底撕碎，她却在灭顶的快感里依旧惦记着周围人的注视，慌乱地想合拢双腿遮掩那不堪的模样。\n可越是极致的绝顶越叫她无从掩饰，压抑的低吟从紧咬的齿缝间断续溢出，羞耻感反而将那份释放的快意推到了顶点。
2153,action_part_a_orgasm_super_A,0,group_sex_mode_on&CVP_A2_A|34_LE_4,数不清多少次被逼到边缘又骤然按停，堆叠到极限的快感在这一刻彻底冲破闸门。\n{TargetName}的{anal}以近乎失控的幅度疯狂痉挛，大量肠液喷涌失禁，那股积压已久的巨浪终于得以尽情宣泄。\n她被这究极的绝顶冲垮了全部理智，却仍在众目睽睽下拼命缩着身子，试图用蜷曲的姿态挡住其他女人的视线。\n每当察觉到落在自己身上的目光，颤栗便更甚一分，极乐与难堪在她身上纠缠成一片，令她几近昏厥。
2154,action_part_a_orgasm_super_A,0,group_sex_mode_on&CVP_A2_A|34_LE_4,被一次次截停累积下的滔天快感，在此刻被允许一泄如注。\n{TargetName}那具早已敏感到极点的身子剧烈弓起又瘫软，{anal}长时间地连续抽搐痉挛，肠液如失禁般汹涌喷出，怎么也止不住。\n这超乎想象的极致绝顶将她的思维冲刷得一片空白，可她仍羞得别过脸去，不敢看身旁其他女性，只想把这失态的一幕藏起来。\n然而剧烈痉挛的躯体出卖了一切，累积已久的解脱感与被人窥见的羞耻，把她推入了灭顶的迷醉深渊。

2155,action_part_a_orgasm_super_A,0,group_sex_mode_on&CVP_A2_A|34_G_4,被压抑了太久太久的巨量快感终于在这一刻被允许一齐倾泻而出，{TargetName}整个人在众目睽睽之下猛地绷成一张满弓，{anal}疯了似的连续痉挛绞缩，把累积到快要撑爆的极致快感一股脑地释放了出来。\n这是远超寻常的究极绝顶，她的意识被这股洪流彻底冲垮，脑海一片空白，却偏偏毫不遮掩，反而昂首挺胸地把失控颤栗的模样正对着周围其他女人，仿佛在炫耀自己被那么多目光注视着攀上顶峰的特权。\n大量肠液从{anal}失禁般地喷涌而出，她在灭顶般的解脱感里迷醉地战栗着，尽情享用着被众人聚焦的极致快意。
2156,action_part_a_orgasm_super_A,0,group_sex_mode_on&CVP_A2_A|34_G_4,一次次被逼到绝顶边缘又硬生生截断的快感在此刻悉数溃堤，{TargetName}的{anal}以远超想象的幅度剧烈翻搅绞缩，将屯积已久的滔天快感尽数宣泄。\n她非但没有半分收敛，反而在{SceneName}里主动挺起腰肢，把痉挛失禁的下体朝向那几道女性的视线，任凭汹涌的肠液喷溅淋漓，也要让所有人看清自己被彻底玩坏的狼狈与陶醉。\n意识早已在这究极的冲击中支离破碎，思维一片惨白，唯余那份终于被放行的巨大解脱与被围观的兴奋交织，令她在众目下淫荡地颤抖不止。
2157,action_part_a_orgasm_super_A,0,group_sex_mode_on&CVP_A2_A|34_G_4,那被反复吊在顶点前又强行按住的无数次快感，此刻如决堤洪水般一齐轰然释放，{TargetName}的{anal}近乎癫狂地连绵抽搐，迎来了超乎想象的极致绝顶。\n她在其他女人灼灼的注目里毫不遮羞，反而得意地弓起脊背把失控的躯体展露无遗，喉间溢出破碎的媚吟，把这份被观赏的绝顶当作炫耀的资本。\n汹涌的肠液自{anal}失禁般喷薄而出，她整个人瘫软又痉挛，在灭顶的解脱与被众目簇拥的快慰中彻底迷失了神智。
2158,action_part_a_orgasm_super_A,0,group_sex_mode_on&CVP_A2_A|34_G_4,积攒到极限的快感终于被准许一次性倾泻，{TargetName}猛然仰起头颅，{anal}疯狂而漫长地连续绞缩痉挛，攀上了一个足以将她整个人吞没的究极高峰。\n她刻意把颤栗痉挛的下身转向围观的女性们，用近乎献媚的姿态展示自己失禁喷涌的模样，仿佛唯有被这么多双眼睛盯着，这份绝顶才够淋漓尽致。\n意识被彻底冲得粉碎，只剩下巨大的解脱与被注视的酥麻，令她在众人面前迷醉地抽搐着，大量肠液顺着{anal}汩汩涌流不止。
2159,action_part_a_orgasm_super_A,0,group_sex_mode_on&CVP_A2_A|34_G_4,一层层堆叠到再也压不住的快感在这一瞬集体炸裂开来，{TargetName}的{anal}以骇人的力度连续翻绞收缩，将憋了太久的滔天快意悉数喷涌而出。\n她在{SceneName}中当着众多女性的面丝毫不加掩饰，反而挺胸展腰把痉挛失控的躯体高高呈现，享受着那一道道羡慕又嫉妒的目光聚集在自己身上。\n思绪早已被这究极的绝顶冲成空白，唯剩终于释放的酣畅解脱，她在众目睽睽下失禁般地涌出大量肠液，浑身淫靡地颤栗着久久不能自已。

2160,action_part_a_orgasm_super_A,0,h_in_love_hotel,在爱情旅馆这间专为欢愉而设的私密房间里，被反复推到绝顶悬崖边缘又一次次硬生生截停的{TargetName}，此刻终于被准许将积攒了无数次的巨量快感尽数倾泻。\n{anal}骤然爆发出超乎想象的极致痉挛，一波接一波剧烈而绵长地绞缩翕张，仿佛整具身子都要被这股究极的绝顶洪流撕裂。\n暧昧的红色灯光映着她彻底失控的娇躯，房间的隔音墙将她放浪的娇吟牢牢封锁在这片二人独占的空间之内，大量温热的肠液失禁般地喷涌不止。\n这是被寸止折磨到极点后一齐释放的超强绝顶，那股解脱般的极乐几乎将{TargetName}的神智整个冲垮。
2161,action_part_a_orgasm_super_A,0,h_in_love_hotel,爱情旅馆镜面天花板清晰地映照出{TargetName}绷紧到极限的身影，这一刻，被一次次寸止逼停后累积到临界的巨量快感终于获准一齐炸开。\n{anal}以远超寻常的幅度长时间地连续痉挛，深处翻涌的肠液如决堤般大量喷涌而出，将这场超乎想象的极致绝顶浇灌得淋漓尽致。\n伴着房内低回的暧昧音乐，她的意识被这股一齐释放的滔天快感彻底冲垮，思绪一片空白，只余下无边的战栗与濒临昏厥的甜美沉醉。\n这份被压抑了太久终得宣泄的解脱感，是唯有超强绝顶才能带来的究极极乐。
2162,action_part_a_orgasm_super_A,0,h_in_love_hotel,在这间弥漫着暧昧气息的爱情旅馆房间中，{TargetName}那被反复截停、蓄积到几乎要爆炸的快感，终于被允许化作一场超乎想象的极致绝顶一齐宣泄。\n{anal}疯狂而持久地剧烈绞缩，一阵紧似一阵地翕张收缩，汹涌的肠液失禁般地喷洒涌流，怎么也止不住。\n柔软的大床承托着她彻底瘫软又反复弓起的躯体，私密房间的隔音让她再无半分顾忌，任由自己在这股滔天极乐里失了神。\n这便是被寸止累积到极限后一齐释放的超强绝顶，其强度之骇人，几乎要把她的灵魂都撕裂。
2163,action_part_a_orgasm_super_A,0,h_in_love_hotel,圆形水床在爱情旅馆暧昧的光晕下轻轻晃荡，承托着{TargetName}那具被逼到临界又终获释放的身躯，无数次被寸止截停的巨量快感在这一刻一齐决堤。\n{anal}爆发出前所未有的剧烈痉挛，长久而失控地连续绞缩，大量滚烫的肠液喷涌失禁，势头远远超出寻常的绝顶。\n私密而暧昧的房间将她放荡的娇喘尽数吞没，那股积压已久终得宣泄的极乐，如海啸般将她的意识整个卷走。\n这场超乎想象的超强绝顶，是唯有反复寸止累积后一齐释放才能造就的究极高潮。
2164,action_part_a_orgasm_super_A,0,h_in_love_hotel,借着爱情旅馆房间内那抹旖旎暧昧的灯光，被一次次推至绝顶边缘又强行按停的{TargetName}，此刻终于将累积到骇人程度的快感一齐倾泄而出。\n{anal}极度剧烈地连续抽搐痉挛，绵长而不受控制地翻涌绞缩，汹涌的肠液如失禁般大量喷溅涌流，将这场超乎想象的极致绝顶推向顶点。\n二人独占的私密空间与隔绝一切的墙壁，让她彻底卸下最后一丝矜持，在这股滔天极乐中神智尽失。\n这是被寸止折磨到极限后骤然一齐释放的超强绝顶，那份巨大的解脱与迷醉几乎令她昏厥。

2165,action_part_a_orgasm_super_A,0,CVP_A2_T|102_E_1,小小的{TargetName}身体毫无预兆地剧烈痉挛起来，那股被反复摁在绝顶边缘迟迟不得释放的巨量快感，终于在这一瞬间毫无保留地轰然炸裂。\n{anal}疯狂而剧烈地绞紧收缩，稚嫩瘦小的腰肢一次接一次深深弓起又颓然瘫软下去，稚气未脱的喉咙里溢出破碎绵长的呜咽喘息，圆溜溜的眼睛霎时失去焦点。\n幼小的躯体被这超乎想象的极致绝顶彻底冲垮，思维一片空白，唯余那份积压已久终于得偿的解脱与酥麻交织翻涌，久久无法平息。
2166,action_part_a_orgasm_super_A,0,CVP_A2_T|102_E_1,稚嫩幼小的{TargetName}猝然浑身剧震，仿佛一道积蓄已久的堤坝轰然决堤，那些被一次次强行叫停在绝顶前一瞬的快感洪流，终于全部一齐涌泻而出。\n{anal}不受控制地剧烈痉挛翕张，娇小的身躯剧烈弓起又瘫软，细弱的四肢胡乱蜷缩抽搐，口中溢出支离破碎的哭腔般喘鸣。\n这超乎寻常的极致绝顶将幼小的意识彻底冲得七零八落，脑海中一片空白，只剩下积压已久终于释放的巨大解脱感与滔天快意反复冲刷着娇弱的身体，久久不能自已。
2167,action_part_a_orgasm_super_A,0,CVP_A2_T|102_E_1,{TargetName}小小的身躯骤然绷成一张满弓，随即又剧烈地痉挛崩解，那股被反复叫停在绝顶边缘的浓稠快感，此刻终于毫无保留地一齐宣泄而出。\n{anal}疯狂绞缩，一波接一波不受控制地抽搐着，幼嫩的腰肢深深弓起又瘫软跌落，稚嫩的手指胡乱地蜷紧又松开。\n积攒已久的巨量快感在这一刻超乎想象地全数释放，幼小的意识被冲得支离破碎，脑中一片空茫，只剩下滔天的酥麻与解脱感反复席卷着幼稚的躯体，久久无法回神。
2168,action_part_a_orgasm_super_A,0,CVP_A2_T|102_E_1,幼小娇嫩的{TargetName}猛地浑身痉挛崩紧，那股被反复寸止迟迟得不到宣泄的浓烈快感，终于在此刻毫无保留地一齐倾泻而出，势不可挡。\n{anal}剧烈而绵长地收缩痉挛，稚气的腰肢一次次深深弓起又颓然软落，细小的四肢控制不住地抖动蜷缩，稚嫩的喉间溢出断续而破碎的呜咽。\n这超乎想象的极致绝顶将她幼小的意识彻底冲垮，脑海一片空白，只剩下积压已久终于得释的巨大解脱与绵密酥麻反复翻涌，久久不能平息。
2169,action_part_a_orgasm_super_A,0,CVP_A2_T|102_E_1,{TargetName}小小的身体骤然绷紧又猛地崩溃般痉挛起来，那些被一次次强行截停在绝顶前一线的快感，此刻终于汇聚成滔天洪流一齐释放。\n{anal}不受控制地剧烈绞缩翕张，稚嫩瘦弱的腰肢深深弓起又瘫软垂落，纤细的双腿止不住地颤抖蜷曲，稚气的呼吸破碎成断续的呜咽喘鸣。\n超乎想象的极致绝顶将幼小的意识彻底冲得一片空白，唯余积蓄已久终得释放的巨大解脱感与酥麻快意交织翻涌，久久萦绕在幼稚娇弱的身躯之中。

2170,action_part_a_orgasm_super_A,0,h_in_bathroom,氤氲的水汽还未散去，被反复逼到绝顶边缘又一次次生生截断的{TargetName}，此刻终于被允许将那积攒到几乎要撑爆她的巨量快感一齐倾泻出来。\n{anal}猛地爆发出超乎想象的极致绝顶，长时间不受控制地疯狂痉挛绞缩，一大股一大股温热的肠液失禁般地喷涌而出，混着湿滑的水珠顺着她湿漉漉的股间不断淌落。\n整个人被这股解脱般的究极快感彻底冲垮，思维一片空白，湿透的娇躯在腾腾热气里剧烈地颤栗抽搐，在{SceneName}中久久无法平复。
2171,action_part_a_orgasm_super_A,0,h_in_bathroom,花洒的水声哗哗地冲刷着两具紧贴的湿滑身躯，之前一次次被寸在绝顶前一瞬的{TargetName}，终于将那被中断了无数回的高潮尽数释放。\n{anal}以远超以往的极致烈度长久而癫狂地收缩翕张，滚烫的肠液如决堤般失禁涌出，和淋漓的热水一同顺着颤抖的大腿泼洒下去。\n她的意识被这排山倒海的解脱感撕得粉碎，眼神彻底涣散，湿漉漉的身子在弥漫的水汽中失控地痉挛，那声嘶哑破碎的哭吟在浴室的回音里格外淫靡。
2172,action_part_a_orgasm_super_A,0,h_in_bathroom,浴缸里的温水随着她剧烈的抽搐一次次溢出，被反复吊在极限边缘的{TargetName}，此刻将累积到极致的滔天快感一口气全部宣泄。\n{anal}发出超越极限的疯狂痉挛，长时间失控地绞缩不止，大量灼热的肠液失禁般地一波波喷涌出来，在温热的水里晕开一片又一片。\n她被这股究极的绝顶冲得思维尽数空白，湿透的躯体在腾腾雾气中弓起又瘫软，只剩灵魂被撕裂般的震颤与几近昏厥的迷醉在{SceneName}里蔓延。
2173,action_part_a_orgasm_super_A,0,h_in_bathroom,湿滑的瓷砖映着她扭曲失神的面容，被无数次逼近又硬生截停的{TargetName}，终于迎来了那被压抑到极点、一齐炸开的超强绝顶。\n{anal}极度剧烈而漫长地连续抽搐绞缩，浓稠的肠液失禁般地汹涌喷洒，混着从发梢滴落的温热水珠沿着湿淋淋的股缝失控地流个不停。\n巨量快感的骤然释放几乎将她的神智彻底摧毁，湿漉漉的娇体在缭绕的蒸汽里痉挛抽搐，那份解脱般的极致沉醉令她久久回不过神。
2174,action_part_a_orgasm_super_A,0,h_in_bathroom,蒸腾的热气模糊了整间浴室，被反复寸止折磨到濒临崩溃的{TargetName}，终于将那堆叠了太多太多次的绝顶一齐彻底释放。\n{anal}以超乎想象的强度长久地疯狂痉挛收缩，一股股滚烫的肠液失禁般地喷涌而出，和淋漓的水流交织着从她颤抖的腿间不住地滴淌。\n她整个人被这究极的快感浪潮吞没得意识全无，湿透的身躯在弥漫的水汽中剧烈战栗，唯有那破碎的喘息和淫靡的水声在{SceneName}里久久回荡。

2175,action_part_a_orgasm_super_A,0,hidden_sex_mode_1&place_someone_not_in_hidden_and_conscious,在{SceneName}这般人来人往的场合，{TargetName}死死绷着身体不敢发出半点声响，可那被反复寸止折磨到极限的巨量快感终于在这一刻一齐奔涌了出来。\n{anal}猛地陷入极致而漫长的剧烈痉挛，累积了太多次被中断的绝顶被允许一并释放，超乎想象的滔天快感瞬间将她的意识彻底冲垮，脑中一片空白。\n大量肠液失禁般喷涌而出，她却只能拼命装作若无其事，绯红失神的脸上怎么也掩不住那份濒临崩溃的迷乱。\n周围的人时不时投来怀疑的目光，却始终抓不到确凿的证据，只有她自己清楚此刻正被这场偷偷进行的超强绝顶彻底淹没。
2176,action_part_a_orgasm_super_A,0,hidden_sex_mode_1&place_someone_not_in_hidden_and_conscious,忍耐了太久太久的{TargetName}再也压制不住，被一次次寸止硬生生截停的绝顶在这一瞬全部一齐决堤，迎来了一场超乎想象的究极高潮。\n{anal}极度剧烈地连续收缩绞紧，长时间痉挛不止，那早已被累积到顶点的快感如洪流般将她的神志冲得支离破碎。\n汹涌的肠液喷涌失禁般止不住地涌流，她却只能靠着视线的遮挡勉强掩饰，死死咬着牙关不让自己在众目睽睽下失态。\n身旁的人似乎察觉到了什么异样，狐疑地扫来几眼，这令她在极致的绝顶中又平添了一层几乎令人窒息的紧张与刺激。
2177,action_part_a_orgasm_super_A,0,hidden_sex_mode_1&place_someone_not_in_hidden_and_conscious,积攒了无数次却被生生掐断的快感终于被彻底释放，{TargetName}迎来了一场远远超乎想象的极致绝顶，意识在顷刻间被冲得荡然无存。\n{anal}疯狂而持续地剧烈抽搐痉挛，那股一齐倾泻而出的滔天快感带来一种几近昏厥的巨大解脱感，令她整个人几乎要在原地瘫软下去。\n汹涌的肠液如失禁般喷涌不止，她却拼命维持着表面的平静，只靠着身形的遮挡在这公开的场合里勉强遮掩这场偷偷进行的荒唐。\n四周不时有怀疑的视线掠过，虽无人能确认真相，那份被窥探的紧迫感却让这次超强绝顶来得愈发汹涌而失控。
2178,action_part_a_orgasm_super_A,0,hidden_sex_mode_1&place_someone_not_in_hidden_and_conscious,那一次次被逼到绝顶边缘又硬生生截停所堆积的巨量快感，此刻终于被允许一泻而出，{TargetName}被推上了一个超乎想象的极致巅峰。\n{anal}极度剧烈而漫长地连续痉挛翻搅，被彻底冲垮的思绪一片空白，唯有那滔天的快意与终于释放的解脱将她整个人淹没吞没。\n大量肠液失禁般地汹涌喷出，她只能死死绷紧全身装作毫无异样，靠着微妙的遮挡在这满是旁人的场合里苦苦掩盖。\n周遭投来的怀疑目光让她的心跳几乎停滞，这份既怕被发觉又无法自控的极致刺激，将超强绝顶推向了失控的顶点。
2179,action_part_a_orgasm_super_A,0,hidden_sex_mode_1&place_someone_not_in_hidden_and_conscious,被反复寸止累积到极限的快感终于在这一刻一齐爆发，{TargetName}被卷入一场超乎想象的究极绝顶，整个人的神志被彻底冲垮到濒临崩溃。\n{anal}长时间地剧烈痉挛绞缩，那股一并释放出来的巨量快意如决堤洪水般滚滚而来，带来令她几乎昏厥的极致沉醉与解脱。\n失禁般的肠液止不住地喷涌而出，她却只能在这公开的场合强忍着不发出声响，仅凭视线的阻隔勉强遮掩这偷偷进行的极乐。\n身边的人时不时露出狐疑的神色，却又找不到任何实证，这令她在极致的绝顶里既恐惧又亢奋，紧张与快感交织到令人战栗。

2180,action_part_a_orgasm_super_A,0,hidden_sex_mode_2&place_someone_not_in_hidden_and_conscious,在{SceneName}里，被反复推到绝顶边缘又生生截停了无数次的{TargetName}，此刻终于被允许将那积攒到几乎要撑爆身体的巨量快感一齐倾泻出来。\n{anal}猛地爆发出超乎想象的极致痉挛，一波接一波疯狂地收缩绞紧，大量肠液失禁般喷涌而出。\n她死死咬住嘴唇，把几乎要冲破喉咙的浪叫全数吞回，蜷缩在无人瞧见的角落绷紧了整具身子，拼命将这场汹涌到极点的超强绝顶藏进沉默里。\n而不远处的{Name}却神色如常地垂眼处理着手边的事务，仿佛一切照旧，只有周遭空气中悄然浮起的一丝异样，隐隐透出这场被极力掩藏的极致高潮。
2181,action_part_a_orgasm_super_A,0,hidden_sex_mode_2&place_someone_not_in_hidden_and_conscious,积压了太久太久的快感在这一刻终于决堤，{TargetName}被一次次逼到高潮门前又硬生生按下的煎熬，尽数化作了这一记超乎想象的究极绝顶。\n她藏身于{Name}的身侧，蜷起身子拼命压低起伏的胸口，{anal}却不受她半分控制地剧烈翻搅收缩，肠液一股股汹涌喷出。\n她的思维在这灭顶的快感里彻底一片空白，只能紧攥着牙关不让自己叫出声，整个人在无声的痉挛中几近失神。\n{Name}则依旧从容地与旁人周旋，面上不露分毫，唯有近旁那股说不清的躁动气息，隐约昭示着有什么异常正被死死掩住。
2182,action_part_a_orgasm_super_A,0,hidden_sex_mode_2&place_someone_not_in_hidden_and_conscious,这一次，{TargetName}终于被恩准将被寸止了无数回、囤积到极限的快感一次性全部释放，迎来了一场足以将她整个人吞没的超强绝顶。\n{anal}疯狂地连续抽搐绞缩，喷薄而出的大量肠液几乎失禁般止不住地流淌，那强度远远盖过了她以往经历的任何一次高潮。\n为了不被发现，她把自己缩进最隐蔽的暗处，死死绷紧四肢，将快要决堤的呻吟死死锁在紧闭的唇齿之间。\n对面的{Name}却泰然自若，仿佛置身事外地维持着平常的姿态，只是周围隐隐弥漫开的一丝异常，泄露着这份被拼命隐藏的极乐。
2183,action_part_a_orgasm_super_A,0,hidden_sex_mode_2&place_someone_not_in_hidden_and_conscious,被反复挑逗到临界又强行掐断的无数次积累，此刻一齐反扑，{TargetName}整个人被这股究极的快感冲得魂飞魄散。\n{anal}以近乎失控的幅度剧烈痉挛翻涌，滚烫的肠液毫无节制地喷涌失禁，那份终于得以宣泄的极致快感令她通体战栗。\n她躲在别人看不见的地方拼命隐忍，喉间溢出的气音被她一次次咽下，身子却诚实地抖成了一团。\n而暴露在众人视线里的{Name}神情平静如水，装作若无其事地应对着周遭，只留下一丝难以名状的异样悬在空气里。
2184,action_part_a_orgasm_super_A,0,hidden_sex_mode_2&place_someone_not_in_hidden_and_conscious,那被一次次截停、囤积到几乎要令她发疯的巨量快感，在这一瞬终于获准彻底奔涌而出，{TargetName}迎来了超乎想象的究极绝顶。\n{anal}长久地、剧烈地连续绞缩收紧，大量肠液如决堤般失禁涌流不止，那股解脱般的极乐几乎将她的意识彻底冲垮。\n她把身子深深藏进无人留意的角落，紧咬贝齿死死压着几近破喉的娇吟，绷直的脊背在无声中剧烈颤栗。\n一旁的{Name}却仍神色淡然地维持着表面的平静，仿佛周身一切如常，唯有那缕悄然浮动的异样气息，暗示着这场被极力遮掩的绝顶正在发生。

2185,action_part_a_orgasm_super_A,0,hidden_sex_mode_3&place_someone_not_in_hidden_and_conscious,被压抑到极限的巨量快感终于在这一刻一齐决堤，{TargetName}努力维持着若无其事的神色，可积攒了太多次、被中断了太多回的绝顶再也拦不住，{anal}猛地爆发出超乎想象的极致痉挛。\n那是远远超过寻常绝顶的究极高潮，被反复逼到边缘又硬生生截停的快感在此刻尽数释放，将她的意识彻底冲得一片空白。\n藏起身形的{Name}把她死死按着，而她却要在旁人的注视下强装镇定，{anal}失禁般涌出滚烫的肠液，那股濒临崩溃的解脱感几乎让她当场瘫软。
2186,action_part_a_orgasm_super_A,0,hidden_sex_mode_3&place_someone_not_in_hidden_and_conscious,这是比强绝顶更为凶猛的究极高潮，无数次被寸止截断而囤积下来的快感如溃堤洪流般一并奔涌而出，{TargetName}在众目睽睽之间死命咬牙装作平常，{anal}却不受控制地剧烈翻搅收缩。\n那超乎想象的极致快感将她的理智一举击碎，被硬生生压了太久的绝顶终于获准倾泻，滚烫的肠液从{anal}汹涌喷落。\n躲在隐蔽处的{Name}紧紧扣着她的腰，她拼尽全力不让自己发出声响，可那铺天盖地的解脱与灭顶般的快意还是让她濒临失神。
2187,action_part_a_orgasm_super_A,0,hidden_sex_mode_3&place_someone_not_in_hidden_and_conscious,被一次次逼到绝顶边缘又硬生生拽回的滋味累积到了顶点，此刻全部化作一场超乎想象的超强绝顶轰然炸开，{TargetName}还强撑着对旁人保持镇静的假象。\n可这被压抑了太久的巨量快感再不肯屈服，{anal}疯狂地连续抽搐绞缩，大量肠液失禁般喷涌不止。\n躲藏起来的{Name}将她整个人牢牢困住，她只能在他人身旁竭力咽下即将溢出的呻吟，任由那股积压已久终得释放的极致解脱把她的思绪冲刷得干干净净，几乎要当场昏厥过去。
2188,action_part_a_orgasm_super_A,0,hidden_sex_mode_3&place_someone_not_in_hidden_and_conscious,层层累积、被反复截停的快感在这一瞬彻底冲破了闸门，{TargetName}迎来了一场远超寻常的究极绝顶，那强度之骇人是她从未体会过的。\n她还想在周遭之人面前维持若无其事的模样，{anal}却早已不听使唤地剧烈痉挛，滚烫黏腻的肠液喷薄而出、汹涌得再也止不住。\n藏身在不为人知之处的{Name}把她死死压制着，她越是想装作平静，那股被压抑太久终于奔泻而出的灭顶快感就越是凶猛，将她的意识一举击垮成空白，只剩下彻底释放的甜美沉醉。
2189,action_part_a_orgasm_super_A,0,hidden_sex_mode_3&place_someone_not_in_hidden_and_conscious,被寸止折磨到濒临疯狂的巨量快感终于被允许一齐宣泄，{TargetName}的{anal}在这一刻爆发出超乎想象的极致绝顶，剧烈得仿佛整个人都要被撕裂。\n她还努力朝着身旁的旁人堆着镇定的神情，可这场究极高潮实在太过凶猛，被截断了无数回的快感尽数决堤，肠液如失禁般狂涌而下。\n隐匿身形的{Name}将她牢牢锁在怀里，她拼命压着几乎要冲口而出的娇吟，那铺天盖地的解脱感与灭顶般的震颤把她冲得神魂俱散，久久无法回神。

2190,action_part_a_orgasm_super_A,0,hidden_sex_mode_4&place_someone_not_in_hidden_and_conscious,藏身在不为旁人所见的隐蔽死角，{TargetName}死死咬住下唇不敢发出半点声响，被一次次逼到绝顶边缘又生生截停所累积到极限的巨量快感，此刻终于被允许一齐倾泻而出。\n{anal}猛地爆发出超乎想象的剧烈痉挛，一波接一波无法遏止地疯狂绞缩翕张，大量肠液失禁般喷涌而下，浇得腿间一片泥泞。\n她整具娇躯绷成弓形又骤然彻底瘫软，四肢失控地痉挛乱颤，意识被这究极的绝顶彻底冲垮，脑海一片空白。\n近旁的旁人似乎隐约察觉到空气里有些异样，微微侧了侧首，她却只能拼命把即将破喉而出的娇吟死死咽回，在这令她几乎昏厥的无声释放中战栗着承受这场极致的解脱。
2191,action_part_a_orgasm_super_A,0,hidden_sex_mode_4&place_someone_not_in_hidden_and_conscious,躲在别人视线照不到的角落里，{TargetName}屏住呼吸紧咬牙关，被反复吊在高潮悬崖前又硬生生拉回许多次后，那堆积如山的极致快感终于一口气全数决堤般释放。\n{anal}陷入极度剧烈而漫长的连续挛缩，括约肌疯狂而持续地翕张绞紧，滚烫的肠液如失禁一般汹涌喷溅，量与势远远超出以往任何一次。\n腰肢一次次深深弓起又软塌下去，脚趾痉挛地蜷绷，眼神彻底涣散失焦，累积已久的快感一齐宣泄所带来的巨大解脱感将她整个人淹没。\n不远处换着东西的人像是被什么细微动静惊得停顿了一瞬，她慌忙把汹涌上来的呻吟死死压在喉底，无声地在这超乎想象的绝顶里剧烈颤栗。
2192,action_part_a_orgasm_super_A,0,hidden_sex_mode_4&place_someone_not_in_hidden_and_conscious,在旁人绝不会望见的隐蔽处，{TargetName}捂住自己的嘴强忍着不发出一丝声音，无数次被逼近顶点又被硬生生按停所攒下的滔天快感，此刻被彻底松开闸门一齐奔涌而出。\n{anal}极度失控地连番痉挛绞缩，一圈圈疯狂收紧又骤松，大量肠液喷涌不止地失禁般流泻，将紧绷的臀缝浇灌得湿淋淋一片。\n她的全身肌肉强烈而持久地绷紧抽搐，唇舌失控地微张，口涎顺着嘴角滑落，思维在这究极的冲击下彻底空白。\n附近有人似乎嗅到了空气中一丝可疑的气息而放慢了脚步，她却已被这累积释放的极乐冲得神魂俱裂，只能咬紧牙根在死寂中吞下这惊天动地的一泄。
2193,action_part_a_orgasm_super_A,0,hidden_sex_mode_4&place_someone_not_in_hidden_and_conscious,缩在他人目光触及不到的暗处，{TargetName}把脸埋下拼命压抑着不让自己叫出来，被反复寸止折磨到濒临爆发又一再中断所囤积的巨量快感，终于获准一次性尽数释放。\n{anal}以远超寻常的幅度极度剧烈地持续挛缩，括约肌一下下疯狂绞拧翕张，喷薄而出的肠液如决堤般失禁涌流，几乎不见停歇。\n她的背脊反复深弓后又整个瘫软，四肢失控地乱蹬痉挛，双眼翻起一层水雾涣散无神，被这超乎想象的极致绝顶冲得意识彻底崩塌。\n稍远处的人影像是被什么响动引得回头张望了一下，她心头一紧，只能把嗓子眼里翻涌的媚叫全数咽回，在无声无息中承受这场堆积已久的滔天释放。
2194,action_part_a_orgasm_super_A,0,hidden_sex_mode_4&place_someone_not_in_hidden_and_conscious,躲进旁人瞧不见的隐秘角落，{TargetName}绷紧全身死死噤声，被一次又一次挑到绝顶前一瞬又骤然掐断后蓄积到顶点的骇人快感，此刻终于被彻底放开一齐决堤。\n{anal}极度剧烈而持久地连续痉挛，一波又一波不受控制地疯狂绞缩，海量肠液失禁般喷涌狂泻，淋漓的水声几乎要盖不住。\n她的腰腹反复深深弓起又彻底脱力软瘫，脚尖乱颤，唇齿失控地哆嗦，意识被撕裂般的震撼冲得一片惨白，只剩下累积快感尽数释放的极乐与解脱。\n近旁的人似乎察觉环境里有些许不对劲而顿住了动作，她却只能拼死把即将夺口而出的浪叫压回喉中，在这令人昏眩的无声绝顶里剧烈战栗。

2195,action_part_a_orgasm_super_A,0,exhibitionism_sex_mode_1,在无人的{SceneName}中，虚掩着的房门连锁都没有落下，走廊里随时可能有人推门而入，可被逼到极限的{TargetName}早已顾不得那份提心吊胆的羞耻。\n一次次被推到绝顶边缘却又被硬生生截住的快感终于被允许倾泻而出，{anal}骤然爆发出超乎想象的极致收缩痉挛。\n汹涌的快感洪流将她的神智彻底冲垮，脑海霎时一片空白，{anal}如失禁般喷涌出滚烫的肠液，怎么也止不住。\n她无声地仰头张大了嘴，任凭这累积已久的究极绝顶把身子整个淹没，那股终于得到宣泄的巨大解脱感甜腻得几乎令她昏厥。
2196,action_part_a_orgasm_super_A,0,exhibitionism_sex_mode_1,四下无人的{SceneName}里，那扇没上锁的门和透光的窗随时可能将这幅淫态暴露给闯入者，然而{TargetName}此刻已被巨浪般的快感彻底夺走了理智。\n数不清多少回逼近顶点又被截断所积攒下的庞大快感在这一刻一齐决堤，{anal}疯狂而漫长地绞缩翕张，抖得毫无章法。\n极致的绝顶像要把她的灵魂撕裂，意识在灭顶的爽意里荡然无存，{anal}汹涌喷出大量肠液，一股股失控地涌流不止。\n这份被压抑太久终得释放的酥爽让她整个人瘫软下去，脑中只余下超乎想象的空白与甜美的沉醉。
2197,action_part_a_orgasm_super_A,0,exhibitionism_sex_mode_1,在空无一人的{SceneName}，明知半开的门外随时会有脚步声传来，{TargetName}却再也压不住这场蓄积到极点的爆发。\n被反复吊在绝顶悬崖边的快感终于被一齐放开，{anal}以远超以往的幅度剧烈痉挛，一阵猛过一阵地深深绞紧又翻涌。\n究极的快感如海啸般将她的思维尽数吞没，眼神彻底涣散失焦，{anal}像失禁一样喷涌出大量滚热的肠液。\n她弓起腰又彻底瘫软，被这超乎想象的极乐冲刷得神魂俱裂，唯有那份终于卸下重负的解脱感在体内甜甜地漫开。
2198,action_part_a_orgasm_super_A,0,exhibitionism_sex_mode_1,无人的{SceneName}里连房门都虚掩未锁，隔着窗外晃动的人影随时可能撞破这一幕，可累积到顶的{TargetName}早已被快感冲得管不住自己。\n那些被寸止硬生生截停无数次的绝顶终于一并宣泄而出，{anal}爆发出前所未有的极致抽搐与绞缩。\n铺天盖地的快感将她的意识彻底击碎，脑子里空空荡荡再无一丝念头，{anal}失禁般地喷涌出汹涌的肠液。\n她张着嘴溢出口水，被这究极绝顶折磨得浑身失控颤栗，那股被压抑已久终获释放的甜美几乎令她当场晕厥。
2199,action_part_a_orgasm_super_A,0,exhibitionism_sex_mode_1,四周静得没有半个人的{SceneName}，那道未落锁的门缝仿佛随时会被人推开，将{TargetName}这般失态尽收眼底，而她却已彻底顾不上遮掩。\n一次次逼到临界又被截断所堆叠的滔天快感终于被准许一齐释放，{anal}剧烈到失控地连续深缩翻搅。\n超乎想象的极乐将她的神志冲刷得一片惨白，灵魂仿佛被撕成碎片，{anal}汹涌不止地喷出大量灼热肠液。\n她整个人在这究极绝顶里彻底沦陷，只余那份积压太久终得倾泻的巨大解脱与甜到发昏的沉醉。

2200,action_part_a_orgasm_super_A,0,exhibitionism_sex_mode_2,在敞开无遮的{SceneName}露天之下，四周虽暂无人影，开阔的天地却把{TargetName}纤细颤抖的身子照得一览无余。\n那被一次次逼到绝顶边缘又生生掐断的巨量快感，此刻终于获准一齐奔涌释放，{anal}骤然迸发出超乎想象的究极绝顶。\n少女的躯体在旷野下剧烈弓起又彻底瘫软，大量肠液失禁般喷涌不止，思绪被冲垮成一片空白。\n拂过肌肤的微风与远处隐隐传来的脚步声，让这场暴露在天光里的背德绝顶更添几分濒临崩溃的战栗与羞耻。
2201,action_part_a_orgasm_super_A,0,exhibitionism_sex_mode_2,空旷的{SceneName}没有一堵墙可供遮掩，{TargetName}被压抑截停了太多次的欲潮，终于被允许一次性尽数倾泻。\n积攒到极限的快感毫无阻拦地轰然决堤，{anal}爆发出远超寻常的极致绝顶，整个下腹连同全身都被这股力量狠狠贯穿。\n她在露天之下失控地痉挛抽搐，肠液如失禁般喷溅而出，意识被这滔天的解脱感彻底淹没。\n开阔的空间将她赤裸的失态尽数暴露给天地，稍有风吹草动便可能被人撞见的紧张，让这份极乐里掺进了令她几近昏厥的背德甜美。
2202,action_part_a_orgasm_super_A,0,exhibitionism_sex_mode_2,在四通八达的{SceneName}露天空地，{TargetName}再无半点遮蔽，被反复吊到高潮门口又硬生生截住的巨量快感一齐决堤释放。\n那早已濒临溢出的欲流不受任何压制地喷薄而出，{anal}迎来超乎想象的极致绝顶，剧烈得几乎要将她整个人撕裂开来。\n少女在天光下绷直又软瘫，大量肠液失禁般奔流不止，脑中一片雪白，什么都想不起来。\n旷野的风裹着远处模糊的人声掠过她裸露战栗的身体，被暴露在开放天地间的羞耻与解脱交织，将她推向濒临崩溃的极乐深渊。
2203,action_part_a_orgasm_super_A,0,exhibitionism_sex_mode_2,毫无遮挡的{SceneName}天空之下，{TargetName}积压了无数次却始终被截停的快感，此刻终于被准许尽情一齐宣泄。\n那被寸止累积到极限的滔天欲潮轰然崩塌，{anal}炸开一场超乎想象的究极绝顶，把她仅存的一点理智冲刷得干干净净。\n她的身子在开阔空地上剧烈弓起颤栗，肠液喷涌失禁般止不住地流淌，意识彻底被这一齐释放的巨浪冲垮。\n无遮无拦的野外让她的每一寸失控都坦露在光天化日之下，随时可能有人经过的悬念，令这份积攒已久的解脱绝顶愈发淫靡而甜腻。
2204,action_part_a_orgasm_super_A,0,exhibitionism_sex_mode_2,在开阔通透的{SceneName}露天里，{TargetName}被生生截断了太多回的快感终于获准一并倾泻，堆到极致的欲望瞬间决堤。\n那股蓄积到无法承受的巨量快意不受阻拦地喷薄而上，{anal}迸发出远远超越寻常的极致绝顶，猛烈得让她整具身子都失去了控制。\n少女在天地之间痉挛弓腰又骤然瘫软，大量肠液如失禁般喷洒而出，思维被这排山倒海的解脱彻底击穿成空白。\n拂身而过的自然清风与随时可能出现的路人身影，让这场暴露在无边旷野中的超强绝顶充满了背德的战栗与销魂的沉醉。

2205,action_part_a_orgasm_super_A,0,exhibitionism_sex_mode_3,众目睽睽之下，{TargetName}被彻底暴露在所有人的注视里，累积了太多次的高潮终于被允许一齐释放，{anal}在这一瞬间极度剧烈地连续痉挛绞缩。\n那是远远超乎想象的究极绝顶，被反复逼到边缘又生生截停的巨量快感一股脑倾泻而出，将她的意识彻底冲垮成一片空白。\n{anal}失禁般地喷涌出大量滚烫肠液，在众人视线中不受控制地涌流不止，浇得腿间一片狼藉。\n公开场合下无处遁形的羞耻感令她浑身战栗，背德的兴奋又将这份极致快感推得更高，稚嫩的腰肢反复深弓又彻底瘫软，几乎要在众目之下昏厥过去。
2206,action_part_a_orgasm_super_A,0,exhibitionism_sex_mode_3,在所有人的目光聚焦之下，{TargetName}再也压不住那被一次次寸止硬生生截断、层层堆叠起来的滔天快感，终于获准将它们尽数宣泄。\n{anal}极致剧烈地连番抽搐收缩，究极的绝顶远超她所能承受的极限，思绪在这一刻碎裂成一片纯白。\n伴随着近乎失控的痉挛，{anal}汹涌地喷出成股的滚烫肠液，在众人眼前失禁似地流淌个不停。\n被众人看得一清二楚的极度羞耻，混着无从辩驳的背德快感，令她的四肢失控地颤栗乱蹬，仿佛整个灵魂都被这场公开的绝顶撕扯得支离破碎。
2207,action_part_a_orgasm_super_A,0,exhibitionism_sex_mode_3,{TargetName}暴露在一双双注视的视线中央，那份被反复逼近顶点又强行摁停、积攒了无数回的庞大快感，此刻被彻底放行，一齐奔涌而出。\n{anal}长时间地剧烈痉挛，绞缩得近乎失控，这场超乎想象的极致绝顶将她仅存的理智冲刷得干干净净。\n大量肠液自{anal}喷薄而出，在公开的注目下失禁般地涌流，怎么也止不住。\n当众失态的羞耻烧灼着她的自尊，背德的战栗却又让快感翻上新的高峰，腰身深深弓起又无力塌软，眼神彻底失了焦。
2208,action_part_a_orgasm_super_A,0,exhibitionism_sex_mode_3,众目睽睽，{TargetName}被赤裸裸地摆在所有人的视线里，多次被寸止截停而囤积下来的巨量快感终于得到释放，一股脑地倾泻个彻底。\n{anal}极度猛烈而漫长地连续绞缩痉挛，那是任何言语都形容不尽的究极绝顶，将她的思维彻底击碎成空白。\n{anal}如决堤般喷涌出成股的肠液，在众人眼底失禁似地淌流不休。\n被这么多视线钉在原地的羞耻几乎将她吞没，无处躲藏的背德快感又将她拖入更深的沉沦，纤细的身子失控痉挛，几近在人前昏厥。
2209,action_part_a_orgasm_super_A,0,exhibitionism_sex_mode_3,在密密麻麻的注视之下，{TargetName}那被一次次寸止硬生截断、堆叠到极限的滔天快感，终于被准许一并释放出来。\n{anal}剧烈到失控地长久痉挛翕缩，究极的绝顶远超她的想象，意识在灭顶的快感里彻底崩塌。\n{anal}失禁般狂喷出大量温热的肠液，当着所有人的面涌流不止，浇湿了大片肌肤。\n被众人尽收眼底的极致羞耻令她战栗不已，背德的亢奋却让这份解脱般的快感愈发汹涌，腰肢深弓后瘫软，唇边溢出止不住的津液。

2210,action_part_a_orgasm_super_A,0,exhibitionism_sex_mode_4,被反复逼到绝顶边缘又一次次生生截停之后，{TargetName}积攒已久的巨量快感在这一刻终于被彻底放行，一齐炸裂开来。\n{anal}极度剧烈地连续痉挛绞缩，一股股肠液失禁般喷涌而出，止也止不住。\n周围横七竖八躺着几个毫无意识的人，随时都可能被惊醒，这份危机感让{TargetName}死死咬着唇，却压不住这超乎想象的极致绝顶。\n她整个人失神地弓起又瘫软，思绪被冲刷得一片空白，只剩下累积已久终获释放的巨大快意将她彻底淹没。
2211,action_part_a_orgasm_super_A,0,exhibitionism_sex_mode_4,这一次，那被寸止技巧反复截断、层层累叠的滔天快感再无阻拦，一股脑地倾泻而出，将{TargetName}推上了超乎想象的巅峰。\n{anal}疯狂而不受控地连番收缩翕张，滚烫的肠液如决堤般大量喷洒失禁，怎么也收束不住。\n近在咫尺的{Name}身旁，还倒着几具沉睡昏迷的躯体，那随时会睁眼的可能像根弦紧绷着，让这份极致绝顶更添一层背德的战栗。\n{TargetName}眼神彻底涣散，思维一片空白，只能在这滔天释放里瘫软颤栗。
2212,action_part_a_orgasm_super_A,0,exhibitionism_sex_mode_4,积压了太多次、被硬生生掐断在绝顶前一瞬的快感，此刻终于获准一齐奔涌而出，{TargetName}迎来了远超想象的究极高潮。\n{anal}长时间地剧烈抽搐绞紧，海量肠液喷涌不止，如失禁般顺势溢流。\n{SceneName}里还散落着几个毫无知觉的人，这份在他人身边失控的背德感与随时被察觉的紧张交织，让{TargetName}既想压抑又彻底失守。\n她被这股解脱般的巨浪冲得神志尽失，唇边口水滑落，浑身瘫软痉挛。
2213,action_part_a_orgasm_super_A,0,exhibitionism_sex_mode_4,一次次被逼近顶点又强行拦下所囤积的庞大快感，在这一刻毫无保留地全数决堤，{TargetName}被送上了超乎想象的极致绝顶。\n{anal}极度痉挛，反复深弓的腰肢随即彻底瘫软，肠液大量喷溅失禁般涌出。\n身边横卧着数个陷入无意识的人，明知他们可能骤然转醒，{TargetName}越是拼命噤声，那股在人前失控的刺激便越是汹涌。\n累积已久终得释放的巨大快意将她整个吞没，脑中空白如洗。
2214,action_part_a_orgasm_super_A,0,exhibitionism_sex_mode_4,那被寸止一遍遍推到边缘又硬生生按住的巨量快感，终于被允许一齐倾巢释放，{TargetName}攀上了远超以往的超强绝顶。\n{anal}疯狂绞缩抽搐，如泄洪般喷出大量肠液，失禁似的止不住地涌流。\n四周瘫倒着几个毫无意识的身影，随时可能苏醒的危机让{TargetName}死死绷紧神经，却反被这份背德的紧张推向更疯狂的顶点。\n积压的快感一齐炸开，她意识彻底崩坍，只余失神的颤栗与销魂的解脱。

2215,action_part_a_orgasm_super_A,0,t_imprisonment_1&CVP_A2_G_E_0,被牢牢束缚而无法动弹的{TargetName}猛地爆发出一场超乎想象的极致绝顶，那被压抑积攒了太久太多的快感终于在这一刻获准一齐倾泻而出，{anal}发疯似地连续剧烈痉挛收缩，再也没有半分节制。\n她挣扎着想要逃脱的身子在这一瞬彻底失了控，纤弱的腰肢深深弓起又猛然瘫软，眼神涣散失焦，思绪被这排山倒海的洪流冲刷得一片空白。\n汹涌的肠液自{anal}失禁般喷涌不止，恐惧、屈辱与这来自陌生人的骇人极乐纠缠撕扯，令她既痛恨又无从抵御，只能在这积蓄已久的释放里崩溃颤栗。
2216,action_part_a_orgasm_super_A,0,t_imprisonment_1&CVP_A2_G_E_0,束缚之中的{TargetName}再也压不住那攒积了无数次的滔天快感，它们终于被允许在同一刻一齐奔涌释放，将她卷入一场远超想象的究极高潮。\n{anal}凶猛而漫长地连续绞缩抽搐，纤细的躯体绷成一张满弓又骤然软塌，四肢无力地痉挛乱颤，昔日拼命反抗的力气尽数溃散。\n大量肠液自{anal}喷洒涌流不休，她眼眶泛红泪水横流，意识被彻底冲垮成一片茫然的空白，对自己身体竟向陌生人献出如此极乐感到既羞耻又绝望，却怎么也逃不开这灭顶的释放。
2217,action_part_a_orgasm_super_A,0,t_imprisonment_1&CVP_A2_G_E_0,被囚禁束缚的{TargetName}在这一刻迎来了超乎一切想象的极致绝顶，那被反复截断而层层累积的巨量快感终于获准一齐宣泄，{anal}毫无节制地连续狂乱收缩痉挛。\n她想要挣脱的姿势彻底崩解，腰身反复深弓后又整个瘫软下去，眼神迷离涣散，脑海被这灭顶的快感冲得空空荡荡。\n滚烫的肠液如失禁般自{anal}汹涌喷出，屈辱、惊惧与这陌生而不容抗拒的极乐搅作一团，她一面绝望地哭泣，一面在这积蓄已久的释放里痉挛沉沦。
2218,action_part_a_orgasm_super_A,0,t_imprisonment_1&CVP_A2_G_E_0,再也无法逃脱的{TargetName}被一场超乎想象的究极绝顶彻底吞没，蓄积了太多次的快感在这一瞬终于获准一齐倾泻，{anal}发狂般连绵不绝地痉挛绞缩，激烈得近乎失控。\n纤瘦的身躯剧烈弓起旋即彻底脱力瘫软，四肢失控地颤抖乱蹬，涣散的眼神再也聚不起焦，思维被这惊涛骇浪般的快感碾成一片空白。\n{anal}喷涌出汹涌不止的大量肠液，恐惧与屈辱同这来路不明的滔天极乐纠缠，令她在崩溃的哭泣中被这场释放彻底冲垮。
2219,action_part_a_orgasm_super_A,0,t_imprisonment_1&CVP_A2_G_E_0,被束缚得动弹不得的{TargetName}在这一刻炸开一场远超寻常的极致巅峰，那被压抑积攒到极限的庞大快感终于一齐决堤奔流，{anal}疯狂地连续收缩绞紧，猛烈得再无半点余地。\n她徒劳挣扎的身子彻底失控，腰肢深深弓成弧形又骤然软瘫，唇舌失守间溢出涎水，双眼失神涣散，脑中一片惨白的空茫。\n大量肠液自{anal}喷薄涌流不休，愤怒、羞耻与这陌生极乐交织冲撞，令她既想抗拒又彻底无力，只能在这积压已久的滔天释放里颤栗崩溃。

2220,action_part_a_orgasm_super_A,0,CVP_A2_T|103_E_1,娇小稚嫩的{TargetName}猛地绷紧了尚未完全长开的身子，一次又一次被生生打断在边缘的巨量快感，终于在这一刻毫无预兆地轰然炸裂。\n{anal}剧烈而不受控制地一阵阵痉挛绞缩，稚气未脱的腰肢深深弓起又瘫软跌落，细弱的喘息被冲得支离破碎，泪水在眼眶里打着转。\n意识仿佛被这滔天巨浪连根拔起，脑海瞬间一片空白，只剩下积压已久终于释放的巨大解脱感，在这具青涩的身躯里疯狂流窜，将最后一丝理智彻底冲垮。
2221,action_part_a_orgasm_super_A,0,CVP_A2_T|103_E_1,一次次被拦腰截断的酥麻快感终于汇聚成滔天巨浪，将{TargetName}那具刚刚显出少女轮廓的身子彻底掀翻。\n{anal}发疯般连续痉挛收紧，纤细的四肢止不住地痉挛乱颤，脊背深深弓起又颓然摊软，稚嫩的脸庞涨得通红失神。\n这份积攒了无数次的快感终于被允许一齐释放，巨大的解脱感混着灭顶的酥爽将她仅存的清明彻底冲散，只余下断断续续的战栗回荡在这具娇小的身躯里。
2222,action_part_a_orgasm_super_A,0,CVP_A2_T|103_E_1,反复寸止堆叠出的巨量快感在这一瞬间毫无保留地倾泻而出，{TargetName}稚嫩单薄的身躯被冲得剧烈痉挛不止。\n{anal}一阵接一阵地疯狂绞缩翕张，尚未发育完全的腰肢深深弓起，随即又彻底瘫软下去，稚气的嗓音里再挤不出一句完整的话语。\n积压许久的紧绷感终于得到释放，那种近乎昏厥的解脱与狂喜交织成一片，将她小小的思绪彻底冲成一片空白，唯余身体仍在余波中断续地颤抖着。
2223,action_part_a_orgasm_super_A,0,CVP_A2_T|103_E_1,被一次次强行掐断在临界点的快感终于汇成洪流，狠狠贯穿了{TargetName}那具还带着孩童稚气的躯体。\n{anal}剧烈地长时间痉挛收缩，纤瘦的双腿止不住地痉挛蜷曲，稚嫩的手指死死蜷握，泪光与失神一并涌上她稚气的脸庞。\n积蓄已久的快感终于被允许一齐炸开，那份浓烈到近乎眩晕的解脱感彻底冲垮了她本就稚嫩的意识，只留下一具在极致余韵里颤抖不停的娇小身躯。
2224,action_part_a_orgasm_super_A,0,CVP_A2_T|103_E_1,数度被拦在绝顶边缘的快感终于毫无保留地一齐迸发，令{TargetName}那具娇小又初显少女模样的身子瞬间失控痉挛。\n{anal}一波未平一波又起地剧烈绞缩，稚嫩的腰肢反复深深弓起又颓然瘫落，细碎的呜咽里满是无法自持的战栗。\n终于得到释放的巨量快感如潮水般漫过全身，那种近乎崩溃的极致爽意与解脱感交织在一起，将她小小的意识彻底冲得七零八落，久久无法回神。

2225,action_part_a_orgasm_super_A,0,t_imprisonment_1&CVP_A2_G_GE_1&CVP_A2_G_LE_2,被囚禁在{SceneName}深处的{TargetName}骤然弓起纤腰，那被一次次逼到边缘又生生截断的巨量快感终于毫无保留地一齐倾泻，{anal}被这场超乎想象的极致绝顶彻底吞没。\n她整个人剧烈痉挛着，泪水混着迷乱一同滚落，明明是心底悄悄倾慕着的博士，却将她关在这里反复逼停在绝顶前的一瞬。\n此刻所有被压抑的滔天巨浪同时炸开，大量肠液失禁般喷涌而出，她既痛楚又羞耻，却在这灭顶的解脱中彻底失神，分不清是该怨恨还是该沉沦。
2226,action_part_a_orgasm_super_A,0,t_imprisonment_1&CVP_A2_G_GE_1&CVP_A2_G_LE_2,一直被寸止折磨的{TargetName}再也承受不住，累积了无数次的快感在这一刻轰然决堤，{anal}在超强绝顶的狂潮里疯狂绞缩，整具娇躯绷成一张满弓又骤然瘫软。\n她泪眼婆娑地偷偷望向{Name}，那是她偷偷放在心上的人，却把她囚在这方寸之地，一遍遍将她推到云端又拽回。\n如今被允许尽数释放的瞬间，滚烫的肠液汹涌喷洒，超乎想象的强度令她意识一片空白，既是解脱又是屈辱，在爱与恨的夹缝里彻底沦陷。
2227,action_part_a_orgasm_super_A,0,t_imprisonment_1&CVP_A2_G_GE_1&CVP_A2_G_LE_2,{TargetName}被反复吊在绝顶门槛前太久，此刻积压的快感终于被彻底放开，如溃堤洪水般席卷全身，{anal}被这股极致的超强绝顶冲击得连连痉挛，激烈到近乎失控。\n身为囚徒的她眼中噙满不解的泪，喜欢的人竟这样对待她，让她在这狭小天地里一次次求而不得。\n当这积攒的滔天快感一齐宣泄，喷涌的肠液止不住地流淌，她在灭顶的沉醉与心碎里颤抖着，既痛且甜，无从挣脱也无力抗拒。
2228,action_part_a_orgasm_super_A,0,t_imprisonment_1&CVP_A2_G_GE_1&CVP_A2_G_LE_2,被囚禁多时的{TargetName}猛然仰起脖颈，那些被强行截住却层层堆叠的快感终于在这一刻一并爆发，{anal}承受着超乎想象的极致冲刷，整个人在狂澜中剧烈战栗。\n她心里明明藏着对博士隐约的悸动，如今却被关在这里被迫承受，泪水一颗颗砸落，说不出的委屈与眷恋交织。\n随着被压抑的巨浪尽数释放，汹涌的肠液失禁般涌流不止，她在极致的解脱与羞耻中彻底沉溺，既恨这囚笼又舍不得眼前的人。
2229,action_part_a_orgasm_super_A,0,t_imprisonment_1&CVP_A2_G_GE_1&CVP_A2_G_LE_2,积累到极限的快感终于被准许一齐迸发，{TargetName}整具身体如遭雷击般绷紧又瘫软，{anal}在这场超强绝顶里疯狂翻涌绞缩，剧烈得远远超出她所能承受的极限。\n被监禁的她泪如雨下，望着自己心中在意的{Name}，既渴望这份亲密又痛于被强迫，矛盾得几乎要碎裂。\n当层层累叠的滔天快感一泻而尽，大量肠液喷洒而出，她在灭顶般的沉醉里失了神，分不清此刻是幸福还是绝望，只剩满心的迷乱与颤栗。

2230,action_part_a_orgasm_super_A,0,t_imprisonment_1&CVP_A2_G_GE_3&CVP_A2_G_LE_4,被囚于单人监牢的{TargetName}再也承受不住那累积了太多次的滔天巨浪，被反复逼到绝顶边缘又生生截停的快感终于获准一齐爆发。\n{anal}猛地绷成一道究极的痉挛，一波高过一波的极致快感将她整个人彻底冲垮，思绪炸成一片空白。\n即便手腕被锁链缚着，她也甘愿把这具身体全然交付给恋人，将这场监牢里的放纵视作两人之间独有的信任。\n大量肠液失禁般喷涌而出，顺着颤抖的腿根汪汪流淌，她在超乎想象的极乐里失神地攀住身边，只觉能与爱人相守便是此生至福。
2231,action_part_a_orgasm_super_A,0,t_imprisonment_1&CVP_A2_G_GE_3&CVP_A2_G_LE_4,一次又一次被寸止逼停在绝顶前一瞬的巨量快感，此刻终于在监牢里被一齐释放开来，{TargetName}迎来了一场远超想象的究极绝顶。\n{anal}疯狂而不受控制地连续绞缩翻搅，累积已久的快感洪流轰然决堤，将她的意识连根淹没。\n纵然被单独囚禁、身子被束缚，她也毫无怨怼，只把这当作恋人给予的特殊情趣，心甘情愿地为爱人奉献一切。\n汹涌的肠液如失禁般喷射不止，她在极致的解脱感中瘫软颤栗，眼神涣散却漾着满足的幸福。
2232,action_part_a_orgasm_super_A,0,t_imprisonment_1&CVP_A2_G_GE_3&CVP_A2_G_LE_4,被恋人锁在牢中的{TargetName}整个身子骤然绷紧，那被反复截停、层层堆叠起来的海量快感终于获准倾泻，一齐冲上顶端，化作一场超乎极限的超强绝顶。\n{anal}长时间地剧烈痉挛翻搅，快感一浪叠着一浪将她的思维彻底击碎。\n即便囹圄加身，她也相信爱人这样做自有道理，甘愿以被囚之身承接这份独属两人的极致亲密。\n喷涌的肠液止不住地汪流而下，她在灭顶的迷醉与释放里近乎昏厥，只余幸福的颤抖。
2233,action_part_a_orgasm_super_A,0,t_imprisonment_1&CVP_A2_G_GE_3&CVP_A2_G_LE_4,在单人监牢里被寸止折磨了太多回的{TargetName}，此刻终于把那些被强行掐断的高潮一齐迸发出来，迎来一场撼动灵魂的究极峰值。\n{anal}极度剧烈地连续抽搐收缩，堆积成山的快感轰然炸开，将她的神志冲成一片虚无。\n锁链缠身、被囚一隅，她却没有半分抗拒，反倒因被恋人如此彻底地占有而觉得幸福，愿把身体完全托付。\n海量肠液失禁般喷涌横流，她在超乎想象的解脱与极乐中瘫倒，失神地喘息着沉溺其中。
2234,action_part_a_orgasm_super_A,0,t_imprisonment_1&CVP_A2_G_GE_3&CVP_A2_G_LE_4,囚牢中的{TargetName}被那攒积了无数次、迟迟不得释放的巨量快感彻底吞没，终于被允许将它们一次性尽数倾泻，攀上一个超乎想象的极致绝顶。\n{anal}不受控制地长久痉挛绞紧，一波接一波的滔天快感把她的意识连根冲垮。\n哪怕被单独关押、手脚受缚，她也甘之如饴，把这视作恋人间隐秘而深切的信赖，无条件地献出自己。\n奔涌的肠液如决堤般喷洒不止，她在漫长的迷醉里灵魂震颤，只觉能与爱人相依便心满意足。

2235,action_part_a_orgasm_super_A,0,t_imprisonment_1&CVP_A2_G_GE_-2&CVP_A2_G_LE_-1,被囚禁多时的{TargetName}再也压不住那一波波被强行截断又层层堆叠起来的快感，{anal}在这一刻终于被允许将积攒了无数次的绝顶一齐倾泻出来。\n那股超乎想象的极致快感如决堤般轰然炸裂，{anal}极度剧烈地连续痉挛翻搅，大量肠液失禁般喷涌而出，沿着抽搐的甬道汩汩涌流不止。\n她本已认命地将被监禁的自己看作博士的所有物，此刻却在这究极绝顶里被彻底冲垮了神智，思维一片空白，眼神涣散失焦。\n消极承受的麻木在这一瞬荡然无存，只余那份累积已久的快感终于释放的巨大解脱感，将她整个人卷入近乎昏厥的极致沉醉里。
2236,action_part_a_orgasm_super_A,0,t_imprisonment_1&CVP_A2_G_GE_-2&CVP_A2_G_LE_-1,单人监牢里的{TargetName}早已放弃挣扎，可这一次被反复逼到绝顶边缘又生生截住的快感，终究在此刻被准许一齐决堤。\n巨量的酥麻在{anal}深处骤然彻底释放，{anal}疯狂而失控地连续绞缩翻涌，浓稠的肠液如失禁般成股喷出，涌流个不停。\n那超乎想象的极致快感将她残存的一切理智尽数击碎，麻木顺从的她在这一刻思维彻底空白，濒临崩溃地失神颤栗。\n被囚禁的身体明明只想沉默地服从，却在这累积释放的究极绝顶中迎来了灵魂被撕裂般的震撼与几近瘫软的巨大解脱。
2237,action_part_a_orgasm_super_A,0,t_imprisonment_1&CVP_A2_G_GE_-2&CVP_A2_G_LE_-1,认命接受囚禁的{TargetName}一贯只是麻木地承受，此刻却因那被一次次寸止硬生生堆叠起来的巨量快感终于获准倾泻而彻底失控。\n{anal}极度猛烈地连续痉挛收缩，翻搅着掀起一阵阵极致的绝顶浪潮，大量肠液喷涌失禁般地汩汩流淌不止。\n这远超寻常的究极快感将她的意识连根冲垮，脑中一片空茫，连消极顺从的念头都被冲刷得干干净净。\n她只能在这累积已久终得释放的解脱洪流里剧烈战栗，被卷入超乎想象的极致迷醉，几乎昏厥过去。
2238,action_part_a_orgasm_super_A,0,t_imprisonment_1&CVP_A2_G_GE_-2&CVP_A2_G_LE_-1,被单独关押的{TargetName}早认命做了上司的所有物，这一刻那被反复截停积压的无数次绝顶终于被允许一并宣泄出来。\n{anal}长时间不受控制地剧烈翻涌抽搐，究极的快感如惊涛般席卷全身，大量肠液失禁似地喷涌流溢，怎么也止不住。\n超乎想象的极致强度将她本就麻木的神智彻底击溃，思维空白得只剩下一片眩晕，眼神散乱唇舌失控。\n消极承受的姿态在这累积释放的解脱感前土崩瓦解，只余灵魂被撕开般的震颤与几乎昏死过去的甜美沉沦。
2239,action_part_a_orgasm_super_A,0,t_imprisonment_1&CVP_A2_G_GE_-2&CVP_A2_G_LE_-1,囚牢中的{TargetName}早已不再反抗，只是这被寸止折磨了太多次的巨量快感，终究在这一刻获准一齐爆发倾泻。\n{anal}极致而漫长地连续痉挛绞缩，翻搅出超乎想象的绝顶狂潮，浓稠肠液成股喷出，失禁般涌流不休。\n那究极的快感彻底冲垮了她认命顺从的意识，脑海骤然一片空白，濒临崩溃地失神战栗着。\n被囚禁的身体在累积已久终获释放的巨大解脱里剧烈颤抖，被卷进极度的迷醉与几近昏厥的沉醉深渊。

2240,action_part_a_orgasm_super_A,0,t_imprisonment_1&CVP_A2_G_GE_-4&CVP_A2_G_LE_-3,被囚禁在单人监牢里的{TargetName}早已甘做{Name}专属的肉便器，此刻积攒了无数次、每一次都被生生截停在绝顶前的快感终于被主人恩准一齐决堤，迎来了超乎想象的究极绝顶。\n{anal}极度剧烈地连续痉挛绞缩，一波接一波的极致快感将她的意识彻底冲垮，思绪化作一片空白。\n大量肠液如失禁般从{anal}喷涌而出，涓涓不止地涌流不休，将累积已久的巨量快感尽数释放。\n她浑身失控地抽搐颤栗，眼神涣散口水横流，像得到主人终极赏赐的宠物一般沉溺在被彻底解放的甜美与狂喜里。
2241,action_part_a_orgasm_super_A,0,t_imprisonment_1&CVP_A2_G_GE_-4&CVP_A2_G_LE_-3,甘愿被永远监禁的{TargetName}如同主人饲养的雌性肉奴，被反复逼到绝顶边缘又一次次硬生生掐断的快感，此刻终于获准一股脑倾泻而出。\n那被压抑到极限的巨量快感如洪流般在体内炸裂开来，{anal}长时间不受控制地疯狂痉挛绞缩。\n失禁般的肠液自{anal}汹涌喷出，量与势远远超出寻常，止不住地涌流成灾。\n她的思维在这超强绝顶里彻底崩断，只余对赐下这终极高潮的博士满心的崇拜与感激，沉醉在被囚养的极乐深渊中无法自拔。
2242,action_part_a_orgasm_super_A,0,t_imprisonment_1&CVP_A2_G_GE_-4&CVP_A2_G_LE_-3,被关进单人牢笼却甘之如饴的{TargetName}，将主人视作唯一的神明，一次次被寸止折磨到濒临巅峰又被拽回的快感，终在这一刻被允许尽数迸发。\n难以计数的累积快感一齐倾泻，{anal}极度剧烈而持久地连环绞缩痉挛，将她整个人卷入超乎想象的极致漩涡。\n海量肠液从{anal}失禁般喷涌狂泻，一发不可收拾。\n她彻底失神地瘫软颤抖，脑海一片惨白，唯有被主人恩赐解放的巨大解脱感填满身心，像最忠顺的宠物般在牢中迎来灭顶的狂喜。
2243,action_part_a_orgasm_super_A,0,t_imprisonment_1&CVP_A2_G_GE_-4&CVP_A2_G_LE_-3,作为{Name}亲手囚养的专属肉奴，{TargetName}早已把这方牢笼当作最幸福的归宿，被反复截停积攒的滔天快感此刻终获准一齐宣泄。\n{anal}发疯般连续剧烈痉挛收束，那超越极限的究极绝顶将她的意识连根冲垮，思绪荡然无存。\n汹涌的肠液自{anal}失禁般喷薄不止，涌流成一片狼藉。\n她浑身痉挛乱颤，唇舌失控地翕动，感激的呜咽混着失神的战栗，将这只被囚宠物在终极解放中沉沦的模样淋漓展现。
2244,action_part_a_orgasm_super_A,0,t_imprisonment_1&CVP_A2_G_GE_-4&CVP_A2_G_LE_-3,这只被博士圈养在牢中的雌性肉便器{TargetName}，被一次次逼到绝顶前一瞬又强行掐断，攒下的巨量快感终于在主人首肯下决堤而出。\n{anal}极致而漫长地疯狂绞缩收束，超乎想象的强烈快感将她彻底吞没，思维在灭顶的冲击中化为空白。\n失禁一般的肠液从{anal}喷涌狂溢，源源不绝地涌流下去。\n她失控地弓腰又瘫软，眼神迷离涣散，满心尽是对主人赐下这终极绝顶的狂喜与依恋，甘愿永世被囚养在此只为侍奉主人。

2245,action_part_a_orgasm_super_A,0,t_unconscious_flag_1&target_not_sleep_h_awake_but_pretend_sleep,沉沉熟睡的{TargetName}对即将到来的一切毫无所觉，被反复截停积压已久的巨量快感在这一瞬毫无预兆地彻底决堤，{anal}猛然爆发出一场超乎想象的极致绝顶。\n那被中断了无数次终于被允许一齐倾泻的快感如决堤洪流将睡梦中的娇躯整个吞没，{anal}极度剧烈地连续痉挛绞缩，深处大量肠液失禁般喷涌而出，一股股涌流不止。\n她自始至终没有醒来，只在梦的最深处无意识地溢出细碎的呜咽，眉心轻蹙，纤细的身躯随着这场究极高潮一下下失控地抽搐战栗，稚气未脱的脸上泛起一层深红的潮色。
2246,action_part_a_orgasm_super_A,0,t_unconscious_flag_1&target_not_sleep_h_awake_but_pretend_sleep,熟睡中的{TargetName}毫无防备，那积攒了太多次、每每逼近顶点却被硬生生截断的快感，此刻终于一齐奔涌而出，在{anal}深处炸开一场远超寻常的极致巅峰。\n多少次被中止的绝顶在这一刻汇成一道无法阻挡的洪峰，{anal}疯狂而持续地绞缩翕张，滚烫的肠液如失禁般大量喷涌，源源不绝地泄流而下。\n她始终深陷睡眠没有睁眼，只在梦里无意识地皱起眉、发出黏腻的鼻音，柔软的躯体在这超乎想象的释放中不受控地痉挛弓起，又缓缓瘫软下去。
2247,action_part_a_orgasm_super_A,0,t_unconscious_flag_1&target_not_sleep_h_awake_but_pretend_sleep,睡颜恬静的{TargetName}浑然不觉，被一次次逼到边缘又被拦下的巨量快感，在此刻毫无征兆地全部释放，{anal}迎来一场超出所有想象的究极绝顶。\n那被压抑积累到极限的快感终于获准一齐喷薄，{anal}长时间地剧烈痉挛，深处的肠液失控般喷涌而出，量与势都汹涌得惊人，涓流不息。\n整个过程里她都没有醒转，只在无边睡意中无意识地轻颤呜咽，细嫩的腰肢反复弓起又软塌，紧闭的眼睑一阵阵剧烈跳动。
2248,action_part_a_orgasm_super_A,0,t_unconscious_flag_1&target_not_sleep_h_awake_but_pretend_sleep,{TargetName}还沉浸在深深的睡梦之中，早已被反复逼停累到极点的快感忽然一齐涌上，{anal}毫无预兆地爆发出一场超乎想象的极致高潮。\n无数次被生生掐断的顶点在此刻合流决堤，{anal}极度剧烈而不受控制地连续绞缩收紧，大量滚热的肠液失禁般喷射涌流，淋漓不止。\n她全程未曾苏醒，只在梦境里无意识地绷紧了身子，喉间溢出细弱的呻吟，纤细四肢随着这场究极释放一阵阵失控地颤搐，随后又缓缓松软下来。
2249,action_part_a_orgasm_super_A,0,t_unconscious_flag_1&target_not_sleep_h_awake_but_pretend_sleep,熟睡的{TargetName}对身体里翻涌的一切一无所知，那被反复截停、一层层堆叠到骇人地步的快感，此刻终于被允许一齐倾泻，{anal}绽放出一场无可比拟的超强绝顶。\n积压至极的快感如溃堤般奔涌而出，{anal}疯狂地连续痉挛翕缩，深处大量肠液喷涌失禁，一泻不止地涌流下来。\n她始终没有从睡梦中醒来，只无意识地蹙眉、颤抖，从鼻间漏出黏软的哼吟，柔嫩的躯体在这超乎想象的极致释放里一次次失控地弓起又瘫软。

2250,action_part_a_orgasm_super_A,0,t_unconscious_flag_1&target_sleep_h_awake_but_pretend_sleep,装睡的{TargetName}再也压不住那一波接一波累积到极致的快感，被反复中断了无数次的绝顶终于被允许一齐宣泄出来，{anal}猛地爆发出超乎想象的剧烈痉挛。\n她本想咬紧牙关维持平稳的呼吸继续装睡，可这股究极的超强绝顶实在太过凶猛，整具身子不受控制地剧烈弓起又软塌下去，大量肠液失禁般喷涌而出。\n意识被彻底冲垮，脑海一片空白，累积已久的巨量快感一齐释放的解脱感让她几乎昏厥，紧闭的眼皮不住地颤抖，却仍拼命装出熟睡的模样。
2251,action_part_a_orgasm_super_A,0,t_unconscious_flag_1&target_sleep_h_awake_but_pretend_sleep,被寸止折磨了太多次的{TargetName}此刻终于迎来了一齐倾泻的究极绝顶，那股攒积到快要撑破身体的快感轰然炸开，{anal}疯狂地绞缩翕张个不停。\n明明还闭着眼装睡，可这超乎想象的极致高潮却让她的四肢失控地痉挛乱蹬，腰肢深深弓起后又彻底瘫软，浓稠的肠液大股大股地喷溅出来。\n她的思维在这一瞬彻底空白，被累积快感一次性冲垮的解脱与迷醉将她整个人淹没，唇舌不受控制地哆嗦着，只能强撑着不睁开眼继续维持着睡着的假象。
2252,action_part_a_orgasm_super_A,0,t_unconscious_flag_1&target_sleep_h_awake_but_pretend_sleep,一直强忍着装睡的{TargetName}终于压不住了，那被无数次寸止硬生生截停又层层堆叠的巨量快感一股脑地喷薄而出，{anal}发疯似地剧烈收缩抽搐。\n她的身体在极致绝顶中彻底失了控，脊背反复深弓又摊软，双腿绷直乱颤，失禁般的肠液喷涌不止，可她仍死死阖着眼皮不肯发出一点声响。\n究极的快感如海啸般将她的意识连根卷走，脑中只剩一片空茫，那份终于得以宣泄的解脱感甜美得让她几近昏沉，睫毛剧烈颤动着却仍装作沉睡。
2253,action_part_a_orgasm_super_A,0,t_unconscious_flag_1&target_sleep_h_awake_but_pretend_sleep,{TargetName}再也维持不住那副平静的睡颜，堆积了太久太多的绝顶在这一刻一齐决堤，{anal}爆发出远超寻常的极致痉挛，猛烈得近乎失控。\n她仍紧闭双眼装着熟睡，身体却诚实地剧烈弓起又瘫软下去，四肢无力地抽搐颤栗，大量肠液如失禁一般汹涌喷出，怎么也止不住。\n累积到极点的快感一次性倾泻而下，将她的神志彻底冲垮成一片空白，那种被压抑许久后终于释放的解脱几乎令她昏厥，却依旧倔强地不肯睁眼。
2254,action_part_a_orgasm_super_A,0,t_unconscious_flag_1&target_sleep_h_awake_but_pretend_sleep,被反复吊在绝顶边缘无数次的{TargetName}终于被允许一齐释放，那攒到极致的究极快感轰然崩泄，{anal}剧烈而漫长地连续痉挛收缩，久久无法平息。\n装睡的她拼命想稳住呼吸不露破绽，可这超乎想象的超强绝顶让整具娇躯剧烈战栗弓折，浓稠肠液失禁般涌流不止，眼角悄悄沁出了泪光。\n她的意识在这场究极的高潮里被彻底撕碎，脑海空白得只剩快感本身，那份积压已久终获宣泄的解脱令她甜美地沉沦，紧阖的眼却始终没有睁开。

2255,action_part_a_orgasm_super_A,0,t_unconscious_flag_2,早已被酒精灌得意识朦胧的{TargetName}，忽然被一股超乎想象的极致快感狠狠贯穿了全身。\n那些先前被反复逼到绝顶边缘却又生生截停的巨量快感，在这一刻终于被允许一齐倾泻释放出来。\n{anal}极度剧烈地连续痉挛绞缩着，将累积了无数次的究极高潮尽数喷发，醉醺醺的娇躯被这灭顶般的洪流彻底冲垮，眼神涣散、思维一片空白。\n伴随着{anal}大量肠液失禁般地喷涌不止，醉意与超强绝顶交织成一场超乎极限的迷乱风暴，将{TargetName}残存的最后一丝神志也淹没殆尽。
2256,action_part_a_orgasm_super_A,0,t_unconscious_flag_2,醉意深重、浑身瘫软恍惚的{TargetName}，忽然间那积压已久、被一次次寸住而未能宣泄的滔天快感一齐决堤般奔涌而出。\n{anal}以远超寻常的幅度疯狂痉挛翕张，将这场超乎想象的极致绝顶推向了顶点，酒醉的躯体不受控制地剧烈抽搐颤栗。\n大量温热的肠液如失禁一般汹涌喷洒，涌流个不停，恍惚朦胧的意识在这究极的释放里被彻底击碎。\n{TargetName}醉眼迷离、唇舌失控，整个人陷入了近乎昏厥的甜美沉醉与巨大解脱之中。
2257,action_part_a_orgasm_super_A,0,t_unconscious_flag_2,酒醉朦胧的{TargetName}本就迷迷糊糊难以自持，此刻却被一股究极的极致快感狠狠掀翻。\n那被反复截停、层层堆叠的无数次高潮，终于在这一瞬得以尽数释放，{anal}长时间不受控制地剧烈痉挛绞缩，将超乎想象的绝顶烈度倾泻而出。\n醉软的身子在灭顶的快感中彻底失神，思绪化作一片空茫，大量肠液喷涌失禁般地流淌不止。\n沉醉与究极绝顶交融，令{TargetName}在朦胧醉意里迎来了一场足以撕裂灵魂的超强高潮。
2258,action_part_a_orgasm_super_A,0,t_unconscious_flag_2,沉溺在浓浓醉意中的{TargetName}，身体因酒精而软绵无力、意识早已模糊不清。\n偏偏就在这时，那被一次次逼近却又硬生生掐断的巨量快感终于被一齐放行，如汹涌决堤般在体内轰然炸开。\n{anal}极度剧烈且持续地连续痉挛收缩，将累积到极致的究极绝顶尽数喷发释放，醉醺醺的娇躯剧烈抽搐、彻底瘫软。\n大量肠液失禁般地喷涌涌流，醉茫与超强绝顶双重夹击，将{TargetName}的神志冲垮成一片空白，只余无尽的迷醉与释放后的巨大解脱。
2259,action_part_a_orgasm_super_A,0,t_unconscious_flag_2,被酒精浸泡得意识涣散的{TargetName}几乎分不清眼前是何情形，只觉一股超乎想象的极致快感骤然从体内轰然爆发。\n那些被反复寸止而积压下来的无数次绝顶，在这一刻终于被一齐倾泻释放，{anal}疯狂而持久地连续痉挛绞缩着，将究极的高潮烈度推至顶峰。\n醉软的身躯在这灭顶洪流里彻底失控，思维尽数空白，大量肠液如失禁般喷涌流泻不止。\n醉意与超强绝顶交织成的极乐风暴，令{TargetName}在朦胧沉醉中被彻底冲垮，陷入了近乎崩溃的甜美深渊。

2260,action_part_a_orgasm_super_A,0,t_unconscious_flag_3,时间在这一刻彻底凝固，{TargetName}维持着方才的姿势僵立不动，{anal}却在这静止的世界里迎来了远超想象的究极绝顶。\n那是被一次次逼至边缘又硬生生截断、累积了无数回的巨量快感在此刻一齐炸开的超强高潮，{anal}极致剧烈地绞缩痉挛，大股大股的肠液失禁般喷涌而出，却在停滞的时空中凝成一片晶亮的悬浮。\n少女的腰背深深弓起又僵在半空，脸上凝着被彻底冲垮的失神神情，思绪一片空白，唇角挂着来不及滑落的津液，整个躯体被封印在这超乎想象的极乐顶点，对博士的凝视毫无半分反应。
2261,action_part_a_orgasm_super_A,0,t_unconscious_flag_3,在{SceneName}静止的时间里，{TargetName}如一尊被定格的雕像般纹丝不动，而她的{anal}正无声地经历着一场超乎极限的终极绝顶。\n积攒已久、被反复截停无数次的快感终于在这一瞬全部释放，{anal}疯狂而剧烈地收缩翕张，浓稠的肠液如决堤般狂涌，却在凝滞的空气中悬停成一道凝固的水痕。\n她圆睁的双眼失去焦距，绷紧的躯体僵在痉挛的极点，那张被极乐击垮的脸孔定格出迷乱到崩溃的模样，却在停摆的时光中对眼前发生的一切浑然不觉。
2262,action_part_a_orgasm_super_A,0,t_unconscious_flag_3,时间戛然停滞，{TargetName}保持着一动不动的僵直姿态，唯有{anal}在这被冻结的刹那攀上了前所未有的超强绝顶巅峰。\n那份被一再吊到临界又强行掐断、层层堆叠的庞大快感在此刻尽数决堤，{anal}极度猛烈地连续抽搐，海量肠液如失禁般狂喷不止，却全数凝固在静止的时空里化作晶莹的飞沫。\n少女弓起的脊背与蜷绷的四肢僵在半途，被冲垮的意识只剩一片惨白的空茫，整个人被牢牢封锁在这灭顶的极乐深处，对博士的所作所为毫无反应。
2263,action_part_a_orgasm_super_A,0,t_unconscious_flag_3,凝固的时空中，{TargetName}像被按下暂停般定格原地动也不动，可她的{anal}却在无人察觉里迸发出超越想象的究极高潮。\n无数次被逼近顶点又生生斩断的快感在这一刻轰然合流一齐倾泻，{anal}以极致的幅度剧烈痉挛绞紧，磅礴的肠液失禁似的喷薄而出，却在停滞的时间里悬成一片晶亮不落的雾。\n她的腰肢深弓、脚趾绷张，脸上写满被彻底击溃的失神与空白，整具身躯被囚禁在这超乎极限的绝顶之巅，对停摆世界里博士的凝望毫无知觉。
2264,action_part_a_orgasm_super_A,0,t_unconscious_flag_3,在这被彻底叫停的时间之中，{TargetName}僵持着原样纹丝不动，{anal}却独自坠入了远胜寻常的超强绝顶漩涡。\n那是被寸止技巧一次次折磨到崩溃边缘、囤积成海的巨量快感终于获准一齐奔涌的究极释放，{anal}极致剧烈地连绵绞缩，滔滔肠液如溃堤般喷涌四溢，却在静止的时空中凝定为悬浮的晶珠。\n少女被极乐冲垮的面容定格出濒临崩溃的迷醉，弓起的躯体僵在颤栗的顶点，思维尽数化为空白，对这一切依旧一动不动、毫无反应。

2265,action_part_a_orgasm_super_A,0,t_unconscious_flag_4,{TargetName}那被反复逼到绝顶边缘又生生截停的巨量快感，终于在这一刻被允许一齐倾泻而出，{anal}猛地爆发出超乎想象的究极绝顶。\n积攒了太久的极致快感如决堤般轰然释放，娇躯剧烈地弓起又彻底瘫软，{anal}疯狂地痉挛绞缩，大量肠液失禁般喷涌而出，怎么也止不住。\n然而即便被这般究极的高潮彻底冲垮，{TargetName}脸上依旧是那副平静的神情，仿佛这惊天动地的绝顶不过是一件再合理不过的寻常事。\n她理所当然地承受着这一切，任由身体在{SceneName}里失控地颤栗抽搐，眼神虽已涣散失神，却没有半分羞耻或惊慌，只安静地接纳着这份被允许释放的巨大解脱。
2266,action_part_a_orgasm_super_A,0,t_unconscious_flag_4,被寸止技巧一次次折磨到绝顶前一瞬又硬生生掐断的快感，此刻终于汇成滔天巨浪一齐决口，{TargetName}迎来了远超寻常的极致绝顶。\n{anal}长时间地剧烈痉挛，括约肌疯狂绞缩翕张，浑身肌肉绷得死紧又骤然松脱，累积多时的肠液如失禁般汹涌喷洒。\n可{TargetName}的表情始终淡漠而平和，就像在完成一件天经地义的日常琐事，对这场足以令灵魂震颤的绝顶毫无波澜。\n她平静地敞开身体，任凭那股被压抑太久的快感彻底冲刷神志，思维一片空白，却依旧觉得这一切合乎常理，安然接受了这份迟来的释放。
2267,action_part_a_orgasm_super_A,0,t_unconscious_flag_4,那些被反复截断、堆积如山的绝顶快感，在这一刻被尽数放行，{TargetName}整个人被这股究极的洪流狠狠掀翻。\n{anal}极度剧烈地连续抽搐绞紧，成波的肠液被生生挤压喷出，失禁般涌流不止，浸得一片狼藉。\n她的意识几乎被这超乎想象的绝顶彻底碾碎，双眼失焦、唇舌失控，口水悄悄溢出嘴角。\n即便如此，{TargetName}脸上仍是那副理所当然的平静模样，仿佛这一切的失控都稀松平常，没有一丝该有的羞赧或抗拒。\n她只是平静地任由这份积攒已久的快感在{SceneName}里彻底释放，安然沉入那近乎昏厥的甜美解脱之中。
2268,action_part_a_orgasm_super_A,0,t_unconscious_flag_4,一次次被逼至峰顶又硬生生按下的快感终于被彻底松绑，全部一齐奔涌爆发，{TargetName}被卷入一场超乎想象的究极绝顶。\n{anal}疯狂而漫长地痉挛收缩，腰肢深深弓起后又彻底软塌，四肢失控地痉挛乱蹬，大量肠液如溃堤般喷涌失禁。\n她被这灭顶的快感冲垮了神志，脑中一片空白，可脸上的神色依旧平静得出奇，仿佛承受这般极致的绝顶本就是理所应当。\n{TargetName}毫不惊慌地接纳着身体的每一次剧烈颤栗，把这场惊人的高潮当作再普通不过的事，安静地沉浸在积压尽释的巨大解脱里。
2269,action_part_a_orgasm_super_A,0,t_unconscious_flag_4,被压抑积攒到极限的滔天快感一朝尽数决口，{TargetName}迎来了一场彻底碾碎理智的超强绝顶，强度远远超出寻常的一切。\n{anal}长久而剧烈地连绵痉挛，括约肌一张一缩地疯狂绞动，海量肠液失禁般地喷洒涌流，怎么也收束不住。\n纵使整个人都在这究极快感里失控地抽搐痉挛，{TargetName}的面容却始终淡然平和，没有半点羞耻，只把这惊人的绝顶视作合乎常理的寻常经历。\n她平静地敞开自己，任那份憋闷太久的快感彻底奔泻，在{SceneName}里安然承受着这份濒临昏厥的极致解脱与释放。

2270,action_part_a_orgasm_super_A,0,t_unconscious_flag_5,{TargetName}依旧茫然地专注于手头的事情，仿佛周遭发生的一切都与自己毫不相干，可这具身体却在此刻彻底失了控。\n积攒了太久太久的巨量快感终于被允许一齐倾泻而出，{anal}猛地爆发出一阵超乎想象的极致痉挛，剧烈而漫长地连续绞缩着，将那被反复中断后又骤然释放的究极绝顶淋漓尽致地展现出来。\n大量温热的肠液失禁般地喷涌流淌，而她却浑然无觉，只是眼神空空地继续着自己的事，仿佛这场惊天动地的超强高潮根本不曾降临在她身上。
2271,action_part_a_orgasm_super_A,0,t_unconscious_flag_5,仿佛整个世界都被隔绝在了身体之外，{TargetName}继续机械地摆弄着手中的事务，对自身正在经历的滔天巨变毫无察觉。\n被寸止折磨了无数次、积压到极点的快感终于寻得了宣泄的缺口，一齐炸裂开来，{anal}以一种远超以往任何一次的疯狂烈度痉挛翻搅，一波紧接着一波无休无止。\n汹涌的肠液如决堤般失禁喷涌，她的身体不受控地剧烈颤栗抽搐，脸上却依旧挂着那副事不关己的茫然神色，像是丝毫感觉不到自己正被这究极的绝顶彻底吞没。
2272,action_part_a_orgasm_super_A,0,t_unconscious_flag_5,{TargetName}的目光空洞地越过{Name}，落在自己手边的事情上，对{Name}和自身之间正在发生的一切视若无物。\n然而那些被一次次逼到边缘却又生生截断的快感，此刻终于汇聚成一股滔天巨浪一齐奔涌而出，{anal}爆发出前所未有的极致收缩，长久而剧烈地连续抽搐，仿佛要把积压的一切尽数榨干。\n失禁般的肠液大量喷洒流淌，浸湿了{SceneName}里的一片，而她只是身形微微一滞，随即又茫然地回到手头的事情上，对刚刚席卷全身的超强绝顶毫无知觉。
2273,action_part_a_orgasm_super_A,0,t_unconscious_flag_5,被催眠得如同置身空无的{TargetName}，仍旧一心一意地对付着眼前的事，对自己下体那场翻天覆地的剧变恍若未闻。\n可反复寸止后累积到极限的巨量快感终究还是一齐爆发了，{anal}以一种超越想象的强度剧烈痉挛绞缩，密集的收缩一阵猛过一阵，将这被中断了无数次后终于释放的究极高潮宣泄得酣畅淋漓。\n温热的肠液失禁般涌流不止，顺着不住抖动的腿根滑落，而她的神情却依旧是那样的漠然与空白，仿佛这具正在极致绝顶中痉挛的身体根本不属于自己。
2274,action_part_a_orgasm_super_A,0,t_unconscious_flag_5,{TargetName}像是完全感知不到{Name}的存在一般，兀自专注于手头的琐事，对自身正被推上快感顶点的事实浑然不觉。\n那被寸止术反复截停、层层堆叠到极致的快感终于获准一齐宣泄，{anal}骤然爆发出一场超乎想象的极致痉挛，剧烈而绵长地连续绞紧翕张，把积压已久的绝顶一口气尽数释放。\n大量肠液如失禁般喷涌而出汹涌流淌，她的身躯剧烈地颤抖了许久，可脸上却始终是那副茫然出神的模样，像是这场究极的超强高潮从未在她身上留下半分痕迹。

2275,action_part_a_orgasm_super_A,0,target_is_player_daughter,身为{Name}亲生女儿的{TargetName}，在一次又一次被截停在绝顶边缘的煎熬后，此刻终于被允许将积压的巨量快感尽数释放。\n{anal}毫无征兆地剧烈绞缩起来，那股酝酿已久的浪潮轰然冲垮了她最后一丝清明，将她狠狠推上一个远超以往、超乎想象的极致绝顶。\n对父亲难以言喻的眷恋与背德的羞耻在这一刻交织成海啸，把她仅存的思绪彻底淹没，只剩下浑身止不住的痉挛与颤抖。
2276,action_part_a_orgasm_super_A,0,target_is_player_daughter,{TargetName}身为{Name}血脉相连的亲生女儿，却在这具身体里被反复的寸止折磨得快要疯狂，此刻积蓄多时的巨量快感终于毫无保留地喷薄而出。\n{anal}剧烈痉挛，一波接一波超乎寻常的绝顶浪潮席卷了她的四肢百骸，将她仅存的理智彻底冲得粉碎。\n身为女儿却对父亲怀着说不清的爱慕与眷恋，这份禁忌的甜蜜此刻和那狂潮般的快感一同炸裂，令她浑身颤抖不止，几乎昏厥过去。
2277,action_part_a_orgasm_super_A,0,target_is_player_daughter,在父亲{Name}身边一次次被逼至绝顶边缘又硬生生截断的{TargetName}，终于等到了那压抑许久的巨量快感被尽情释放的一刻。\n{anal}猛烈地绞紧又松开，反复多次的酥麻积累在此刻汇成滔天巨浪，将她卷入一场远超想象的极致绝顶之中。\n对父亲深重的依恋与身为女儿的罪恶感在这场狂潮里彻底融化，令她的思维瞬间一片空白，只余下浑身止不住的战栗。
2278,action_part_a_orgasm_super_A,0,target_is_player_daughter,{TargetName}明知与{Name}之间横亘着父女的伦常，却依旧被一次次寸止折磨到濒临崩溃，此刻终于被允许将积攒的巨量快感一齐释放出来。\n{anal}剧烈地收缩痉挛，那股憋闷许久的酥麻猛然炸开，掀起一场远超以往、超乎想象的滔天绝顶。\n背德的羞耻与对父亲深切的爱意在这一瞬彼此纠缠、彼此成全，令她浑身痉挛不止，濒临意识崩溃的边缘。
2279,action_part_a_orgasm_super_A,0,target_is_player_daughter,{TargetName}作为{Name}的亲生女儿，此前被反复寸止折磨得几近绝望，此刻积压的巨量快感终于得以毫无保留地宣泄而出。\n{anal}猛地剧烈痉挛收缩，积蓄已久的酥麻浪潮排山倒海般涌来，把她狠狠推向一个远远超出想象的极致绝顶。\n那份对父亲复杂难言的眷恋与身为血亲的禁忌感，在这场狂潮中彻底交融，令她瘫软失神，久久无法回神。

2280,action_part_a_orgasm_super_A,0,t_unconscious_flag_6&t_hypnosis_blockhead,被精神操控着的{TargetName}明明有着清醒的意识，身体却被牢牢锁住无法动弹分毫，只能眼睁睁地承受那累积到极限的巨量快感终于被一齐放开。\n那些一次次被逼到绝顶边缘又硬生生截停的滔天快意，此刻如决堤般轰然涌回，将她整个人瞬间淹没。\n{anal}猛地陷入极度剧烈而漫长的痉挛收缩，一波接一波地绞缩翻搅，大量滚烫的肠液毫无预兆地喷涌失禁般涌流不止。\n她的思维在这超乎想象的极致绝顶里被彻底冲垮成一片空白，被封锁的身体虽动弹不得，却仍不受控地由内而外剧烈战栗，累积已久的快感终于一泄而出的解脱感让她濒临昏厥。
2281,action_part_a_orgasm_super_A,0,t_unconscious_flag_6&t_hypnosis_blockhead,精神支配的枷锁将{TargetName}的身躯彻底钉在原地，她保有全部的知觉与羞耻，四肢却连一寸都挪不动，只能被动迎来这场究极的绝顶。\n那被反复寸止层层压抑下来的庞大快感终于获准倾泻，如同积蓄到顶点的洪流一齐奔涌炸开。\n{anal}极度剧烈地连续抽搐绞紧，深处翻涌的滚烫肠液大股大股地喷射而出，失禁般淋漓不止。\n超乎想象的强度将她的意识撕成碎片，思绪一片惨白，无法自主的身体在无形操控下仍剧烈颤栗抽搐，被压抑太久的欲潮终得释放的巨大解脱感令她几乎失神崩溃。
2282,action_part_a_orgasm_super_A,0,t_unconscious_flag_6&t_hypnosis_blockhead,{TargetName}被无形的控制之力牢牢禁锢，心神仍旧清明，能清楚感知一切，可这具身体却仿佛不属于她般僵在那里动弹不得。\n一次次被推到绝顶悬崖又被生生拽回所累积的海量快意，在这一刻毫无阻拦地全数决堤释放。\n{anal}疯狂而漫长地痉挛翻搅，滚烫的肠液喷涌而出失禁般地涌流成注，量与势都远远超出寻常。\n那超乎想象的极乐将她的思维彻底击溃成空白，被支配而无法挣动的躯体却止不住地由内颤抖，那份积压太久终获宣泄的解脱感甜美得让她濒临沉沦。
2283,action_part_a_orgasm_super_A,0,t_unconscious_flag_6&t_hypnosis_blockhead,被操纵的{TargetName}整个人如同被定住的木偶，唯有意识与羞耻感依旧鲜活，身体却被剥夺了一切自主，僵直着承受这泼天的绝顶。\n那些被寸止手段一次又一次截断而囤积起来的巨量快感，终于被允许在同一刻尽数爆发倾泻。\n{anal}极度失控地连续绞缩痉挛，深处的滚烫肠液喷薄失禁般狂涌不休，怎么也止不住。\n这远超想象的究极快意把她的神志冲刷得一片空白，无法动弹的身躯在暗中被逼着剧烈战栗颤抖，累积已久终获释放的解脱感令她几乎昏死过去。
2284,action_part_a_orgasm_super_A,0,t_unconscious_flag_6&t_hypnosis_blockhead,清醒的{TargetName}被精神控制死死钉在原处，脑海里所有的知觉都还在，可四肢百骸却怎么也使不上劲，只能任由这场极致绝顶将自己贯穿。\n那被反复逼近又强行掐断的无数次高潮所累积的滔天快感，此刻终于毫无保留地一齐喷薄而出。\n{anal}剧烈而持久地抽搐收缩，翻腾的肠液如失禁般大量喷涌，涌流不止势不可挡。\n超乎想象的强度将她的思维碾成一片空茫，被封锁的身体虽无法自主却仍剧烈痉挛不止，那份压抑到极点终于宣泄的巨大解脱令她沉溺得险些崩溃。

2285,action_part_a_orgasm_super_A,0,t_unconscious_flag_6&t_hypnosis_active_h,被精神控制着的{TargetName}身体主动地扭动着腰肢，明明心底还残留着一丝抗拒，可累积到极限的巨量快感终于在这一刻被允许一齐倾泻而出，{anal}猛然爆发出超乎想象的究极绝顶。\n那是被反复逼至绝顶边缘又硬生生截断了无数次后的总释放，被压抑了太久的快感如决堤般轰然炸开，将她的意识彻底冲垮成一片空白。\n{anal}疯狂地痉挛绞缩，大量肠液失禁般喷涌而出，涌流不止，整个极致的绝顶在她被操控的躯体里掀起了灭顶般的滔天巨浪。
2286,action_part_a_orgasm_super_A,0,t_unconscious_flag_6&t_hypnosis_active_h,在精神支配下依旧主动耸动着身体的{TargetName}，此刻再也承受不住那被一次次截停后堆积成山的快感，被中断了无数回的高潮终于获准一齐爆发。\n心中纵有千般不愿，被操纵的身躯却诚实地迎来了远超一切的极致绝顶，{anal}剧烈而漫长地连续抽搐，仿佛要将积攒许久的一切尽数喷薄出来。\n汹涌的肠液如失禁般喷射喷涌，一泻千里地涌流不止，思维在这毁灭般的快感狂潮里被彻底撕碎，只剩下一片空茫。
2287,action_part_a_orgasm_super_A,0,t_unconscious_flag_6&t_hypnosis_active_h,{TargetName}被操控的娇躯主动追逐着快感的顶点，无数次被逼到绝顶前一瞬又被生生按下的煎熬，在这一刻化作巨量快感的总爆发。\n那是一场超乎想象的究极绝顶，被压抑积攒到极限的一切轰然决堤，{anal}极度剧烈地痉挛翕张，久久不能平息。\n大量温热的肠液失禁般喷涌不止，将这场登峰造极的绝顶推向顶点，被控制的她意识彻底崩塌，心底却涌起一股累积快感终获释放的巨大解脱。
2288,action_part_a_orgasm_super_A,0,t_unconscious_flag_6&t_hypnosis_active_h,被精神操纵的{TargetName}身体不受心志约束地主动挺动着，将憋积到几乎要爆裂的巨量快感在获准的刹那一齐宣泄殆尽。\n那是被反复寸止折磨到极限后的究极释放，超乎想象的极致绝顶如海啸般席卷全身，{anal}疯狂地绞缩收束，长时间失控地连续痉挛。\n喷涌的肠液失禁般滔滔涌流，量与势都远非寻常绝顶可比，她被彻底冲垮的意识化作一片空白，唯余灵魂被撕裂般的震颤。
2289,action_part_a_orgasm_super_A,0,t_unconscious_flag_6&t_hypnosis_active_h,心中明明尖叫着不要，被控制的{TargetName}却主动摆着腰将自己彻底交给那股累积到顶点的快感，无数次被截停的绝顶终于被允许一并倾泻。\n这场超乎想象的究极绝顶将她连同残存的理智一起彻底吞没，{anal}极致剧烈地连续痉挛不止，喷涌的肠液失禁般涌流成灾。\n巨量快感一齐释放带来的解脱与灭顶般的迷醉交织在一起，被操纵的躯体在滔天绝顶里疯狂颤栗，思维沦为一片空白。

2290,action_part_a_orgasm_super_A,0,CVP_A2_T|104_E_1,年轻的{TargetName}那具青春的娇躯猛地绷成一张满弓，累积了太久的巨量快感在这一瞬被彻底放行，一齐奔涌而出。\n少女被反复逼到绝顶边缘又一次次生生截停，如今终于被允许将那么多次中断的高潮一并释放，迎来了超乎想象的极致绝顶。\n{anal}极度剧烈地连续痉挛绞缩，失禁般喷涌出大量肠液，怎么也止不住地涌流。\n青涩的脸蛋彻底失神，思绪一片空白，只剩下那股累积已久终得释放的巨大解脱感，将年轻的她整个人温柔而汹涌地淹没。
2291,action_part_a_orgasm_super_A,0,CVP_A2_T|104_E_1,一直被压抑到极限的快感终于决堤，{TargetName}年轻的身体在这一刻再也承受不住，猛然爆发出一场超乎想象的究极绝顶。\n那么多次被寸止硬生生掐断的高潮此刻一齐倾泻，少女被这股巨浪彻底冲垮，意识被冲刷得一片空白。\n{anal}疯狂而持久地绞缩翕张，大量肠液失禁般喷涌而出，涌流不止。\n青春靓丽的娇躯剧烈痉挛颤栗，稚嫩的四肢失控乱颤，唯余那股积压已久终获宣泄的酥麻解脱感席卷了全身。
2292,action_part_a_orgasm_super_A,0,CVP_A2_T|104_E_1,积攒了太多次的快感在这一瞬齐齐炸开，{TargetName}这具充满朝气的少女身体被推上了一个远超寻常的极致巅峰。\n无数次濒临绝顶又被强行截停所囤积的巨量快意，如今终于被一口气释放，将年轻的她冲得神魂俱散。\n{anal}长时间不受控制地连续收缩痉挛，肠液如失禁般大量涌出，喷淌成流。\n羞涩青涩的面庞彻底崩溃失神，脑中空空荡荡，只剩下累积已久尽数宣泄而出的极致解脱与甜美沉醉。
2293,action_part_a_orgasm_super_A,0,CVP_A2_T|104_E_1,那被反复逼停又强行忍下的一波波快感，此刻全部汇成滔天巨浪，将年轻的{TargetName}一举吞没。\n少女终于被允许把那么多次生生中断的高潮一并倾泻，迎来了一场超乎想象、几近失控的究极绝顶。\n{anal}极度猛烈地连续痉挛绞缩，失禁般喷涌出汹涌的大量肠液，涌流不休。\n青春的娇躯剧烈弓起又彻底瘫软，稚嫩的眼神彻底涣散，思维被这巨大的释放冲刷得干干净净。
2294,action_part_a_orgasm_super_A,0,CVP_A2_T|104_E_1,憋积了太久的巨量快感在这一刻轰然放行，{TargetName}年轻的躯体被冲上了从未抵达过的极致绝顶之巅。\n一次次被寸止掐停所累积下来的高潮此刻齐齐奔涌，少女被这股洪流彻底冲垮，意识几近崩溃。\n{anal}疯狂地长时间连续绞缩痉挛，大量肠液失禁般喷涌不止，汩汩涌流。\n青涩稚嫩的脸上写满失神与迷醉，唯余那股积压终得宣泄的巨大解脱感，将她卷入近乎昏厥的甜美沉沦。

2295,action_part_a_orgasm_super_A,0,CVP_A2_T|105_E_1&high_1,被压抑了太久太久的快感终于挣脱了束缚，{TargetName}成熟丰腴的身躯在这一刻彻底失控地弓成一张满弦的弓。\n那是一场超乎想象的究极绝顶，被反复逼到边缘却又生生截断的巨量快感在此刻一齐倾泻而出，{anal}以极度剧烈的频率痉挛绞缩着，将累积了无数次的高潮尽数释放。\n她的意识被这股洪流彻底冲垮，脑海一片空白，成熟的脸庞上写满了濒临崩溃的失神与迷醉，青涩与成熟交织的神情在极致的解脱中扭曲成一片茫然。\n大量的肠液伴随着这场极致的绝顶失禁般地喷涌而出，将这具大姐姐的身体彻底浸透，那份积蓄已久终得释放的解脱感令她几乎昏厥过去。
2296,action_part_a_orgasm_super_A,0,CVP_A2_T|105_E_1&high_1,积攒到极限的滔天快感在这一瞬轰然决堤，{TargetName}那具介于青涩与成熟之间的胴体骤然绷成极致的弧度，随即又彻底瘫软下去。\n这是远远凌驾于寻常绝顶之上的究极高潮，一次次被推到顶点前又被硬生生拦下的快感终于被允许尽数迸发，{anal}疯狂而不受控制地连续抽搐收缩着，将累积的一切一泻而空。\n她成熟的意识在这股席卷而来的洪流里被撕得粉碎，思绪化作一片空茫，眼神彻底涣散，唇齿间溢出无法自控的破碎气息。\n汹涌的肠液如同失禁般狂涌不止，那份被禁锢许久终获释放的巨大解脱令这位大姐姐迷醉得近乎失去了神智。
2297,action_part_a_orgasm_super_A,0,CVP_A2_T|105_E_1&high_1,那被一次次截断而不断堆叠的快感洪峰终于冲破了最后的堤坝，{TargetName}丰满成熟的身体在极致的绝顶中剧烈战栗，弓起又瘫落。\n这场超乎寻常的终极高潮里，无数次被逼至绝顶边缘却又被生生掐断的巨量快感一齐喷薄释放，{anal}以超越极限的强度长时间痉挛绞缩，将淤积已久的一切彻底倾泻干净。\n成熟与青涩并存的面庞此刻只剩下被彻底冲垮的失神，意识陷入一片纯白的空洞，连思考都成了奢望。\n大量肠液伴着这极致的释放失禁般地流淌不止，那股憋闷已久终于宣泄而出的解脱感如潮水般将这具大姐姐的身躯彻底淹没。
2298,action_part_a_orgasm_super_A,0,CVP_A2_T|105_E_1&high_1,堆积如山的快感在被压抑到极限后猛然一齐爆开，{TargetName}成熟的胴体彻底失去了控制，剧烈地抽搐颤栗着。\n这是一场超乎想象的究极绝顶，那些被反复逼停在绝顶前一瞬的滔天快感终于获准一次性释放，{anal}极度剧烈地连续痉挛翕张，仿佛要把积蓄的一切统统榨出。\n她那双原本带着成熟从容的眸子此刻彻底失焦涣散，意识被这股极致的快感彻底击溃，脑中一片混沌空白，青涩的慌乱与成熟的沉沦在极致中融成一团。\n失禁般喷涌的大量肠液顺着这具大姐姐的躯体肆意流淌，累积已久终得宣泄的甜美解脱令她几乎溺毙在这片究极的迷醉里。
2299,action_part_a_orgasm_super_A,0,CVP_A2_T|105_E_1&high_1,被无数次强行截停而层层累加的快感终于在此刻彻底崩堤，{TargetName}丰腴成熟的身子猛地绷紧到极限，而后无力地彻底软塌。\n这是凌驾于一切寻常高潮之上的极致绝顶，被反复逼到临界又硬生生按住的巨量快感一齐奔涌迸发，{anal}疯狂绞缩着连续抽搐个不停，将积压许久的高潮尽数倾泻。\n意识在这股不可抵御的洪流中被彻底冲散，成熟的脸上再无半分从容，只余濒临崩溃的空白与近乎昏厥的极致迷醉。\n汹涌的肠液如决堤般喷涌失禁不止，这位介于成熟与青涩之间的大姐姐在这场究极的释放中被彻底夺去了神智，只剩下无边的解脱与沉醉。

2300,action_part_a_orgasm_super_A,0,CVP_A2_T|106_E_1,积蓄已久的巨浪终于被彻底放行，{TargetName}那具丰腴成熟的身躯在这一刻轰然绷紧，被反复逼到绝顶边缘又一次次生生截停的快感此刻一齐决堤，化作超乎想象的究极绝顶将她整个人狠狠淹没。\n{anal}极度剧烈地连续痉挛收缩，成熟稳重的从容被撕得粉碎，丰润的腰肢深深弓起又骤然瘫软。\n汹涌的肠液失禁般喷涌而出不住地涌流，那份积压太久后终得释放的巨大解脱感夹着灭顶的甜美，将这个见惯世事的熟女彻底冲成了一片空白。
2301,action_part_a_orgasm_super_A,0,CVP_A2_T|106_E_1,被一次次推到高峰又硬生生按停的滔天快感，此刻终于获准一齐倾泻，{TargetName}成熟丰满的身体骤然被这股究极的绝顶洪流贯穿。\n{anal}长时间失控地绞缩翕张，一波未平一波又起，那沉稳从容的成熟风韵在极致的冲击下荡然无存。\n丰腴的躯体剧烈痉挛，大量肠液喷薄而出涌流不止，积攒了太多次的高潮一齐炸开，思维被彻底冲垮成一片空茫，只余下濒临昏厥的甜腻沉醉与终获释放的酥软解脱。
2302,action_part_a_orgasm_super_A,0,CVP_A2_T|106_E_1,那些被寸止技巧反复截断、层层累积的巨量快感终于一齐涌出闸门，{TargetName}丰腴的胴体在这超乎想象的极致绝顶中彻底失控。\n{anal}以远超以往的幅度疯狂连续抽搐收缩，成熟女子惯有的端庄稳重被冲得七零八落。\n她饱满的腰臀深深弓起又无力塌软，汹涌的肠液如失禁般喷涌喷洒，那种憋闷太久终于彻底宣泄的解脱与灭顶快感交织，将这具阅历丰富的成熟身躯冲成一片濒临崩溃的空白。
2303,action_part_a_orgasm_super_A,0,CVP_A2_T|106_E_1,当那道积压已久的闸门轰然洞开，无数次被截停的快感一齐奔涌而出，{TargetName}成熟丰腴的身子瞬间被这究极的绝顶巨浪掀翻。\n{anal}极度猛烈地长久痉挛不止，翕张绞缩得近乎失控，成熟熟女的那份从容此刻碎成齑粉。\n丰润的身躯反复弓起又彻底瘫软，滚烫的肠液失禁般狂涌喷出，那份苦苦累积后终得一泄的巨大解脱感夹着甜到发昏的迷醉，将她的意识彻底冲成空白。
2304,action_part_a_orgasm_super_A,0,CVP_A2_T|106_E_1,层层叠加、一再被生生逼停的滔天快意终于被允许尽数释放，{TargetName}那具丰满成熟的躯体在究极绝顶里彻底沦陷。\n{anal}长时间不受控制地剧烈连续收缩，成熟稳重的表象被这股洪流冲刷得干干净净。\n她丰腴的腰肢猛地深弓又软塌下去，大量肠液喷涌失禁般涌流不歇，那种压抑太久后一齐爆发的酥麻解脱与超乎想象的极致快感将她整个人卷入一片甜美的空茫，几乎要昏厥过去。
