cid,type_id,adv_id,premise,context
组件id,组件类型名,组件限定的剧情npcid,前提id,组件内容
str,str,int,str,str
0,0,0,0,1
组件配置数据,,,,

1000,action_part_a_orgasm_super_C,0,CVP_A2_T|102_E_1&CVP_A2_A|5_LE_3,累积了太久太久的快感终于在这一刻被彻底放开，一股远超{TargetName}稚嫩身体所能承受的巨浪从{anal}深处轰然炸开。\n明明这处小小的后穴平日里迟钝得几乎感觉不到什么，只会传来一点被填满的异物感，可此刻那被反复逼到边缘又硬生生截停的巨量快感一齐决堤，像滚烫的洪流把她整个人从里到外冲垮，娇小的身子猛地绷成一张满弓，又在下一瞬彻底瘫软下去。\n幼小的{TargetName}脑子里一片惨白，什么都想不了，连自己是谁都快要忘记，只剩下那股撕裂灵魂般的震颤在幼嫩的身体里一波接一波地翻涌。\n{anal}极度剧烈地痉挛收缩着，大量温热的肠液失禁般涌流不止，那种彻底失控的排出感让她又羞又怕，却又甜得几乎昏死过去。\n直到最后，累积已久的一切终于被放干净的巨大解脱感将她温柔地淹没，稚气的脸蛋失神地涨红着，眼神涣散，嘴角控制不住地溢出口水，整个人沉醉在这场超乎想象的极致绝顶里久久回不过神。
1001,action_part_a_orgasm_super_C,0,CVP_A2_T|102_E_1&CVP_A2_A|5_LE_3,仿佛被憋到极限的堤坝终于崩开，那巨量的、被一次次逼近顶点又狠狠拦下的快感在同一瞬间全部释放，凶猛地贯穿了{TargetName}小小的身体。\n她从没想过自己那平日里毫无知觉的后穴会有这样惊人的一天，那本该只有钝钝异物感的地方，此刻却成了整场绝顶的震中，让懵懂的她连一丝抵抗的力气都没有。\n意识在快感的洪峰里被彻底冲散，稚嫩的思维一片空白，仿佛灵魂都被这股力量撕成了碎片，娇嫩的腰肢反复深深弓起又骤然塌软，纤细的四肢无助地痉挛乱蹬。\n{anal}长时间不受控制地收缩抽搐，滚烫的肠液大股大股地喷涌而出，止也止不住，那种失禁一般的涌流让幼小的她既惊惶又沉醉。\n当那漫长的高潮终于退去，压在心底许久的一切终于被释放殆尽的解脱感让{TargetName}整个人都松软下来，红扑扑的小脸上写满了迷乱与失神，甜美的余韵将她彻底吞没。
1002,action_part_a_orgasm_super_C,0,CVP_A2_T|102_E_1&CVP_A2_A|5_LE_3,那一直被压着、堵着、一次次推到悬崖边缘却又被生生截住的滔天快感，终于在这一刻被允许一齐奔涌而出。\n对{TargetName}这样懵懂无知的幼女而言，这处平时迟钝到几乎无感的小穴突然爆发出如此恐怖的绝顶，简直像被一道惊雷从头顶劈到脚底。\n她幼小的意识彻底被冲垮了，脑海里连一个完整的念头都拼不出来，只剩下无边无际的空白与灭顶般的震撼，娇小的身躯绷得死紧，又一次次失控地抽搐颤栗。\n{anal}以从未有过的幅度剧烈痉挛着，大量的肠液如决堤般失禁涌流，怎么也停不下来，那种被彻底掏空又灌满的排出感令稚气的她羞耻得几乎融化。\n可是随之而来的，是把积攒了那么久的一切彻底卸下的巨大解脱，那甜得发晕的沉醉将她温柔又凶狠地淹没，令{TargetName}失神地瘫软着，眼神迷离涣散，好半天都缓不过神来。
1003,action_part_a_orgasm_super_C,0,CVP_A2_T|102_E_1&CVP_A2_A|5_LE_3,憋忍了太久的快感在被松开的刹那，化作一股几乎要把{TargetName}整个小小身子撑爆的滔天巨浪，从{anal}最深处狂暴地席卷开来。\n她那向来钝感、平时只会隐约察觉到一点填塞感的后穴，此刻竟被这股累积的巨量快感彻底点燃，凶猛得让毫无经验的幼小身体根本承受不住。\n稚嫩的脑子被冲得一片惨白，连呼吸都忘了怎么进行，仿佛灵魂被从身体里硬生生撕扯出去，娇小的腰身深深弓起后又整个瘫塌，纤细的双腿失控地绷直乱颤。\n{anal}极致剧烈地连续收缩，滚热的肠液一波波失禁般喷涌不止，那彻底失控的流淌让她又惊又羞，却甜腻得像要昏过去一样。\n最终，那份将久积的快感一次放尽的空前解脱感把{TargetName}温柔地托住，红透的小脸失神地仰着，唇舌都不听使唤地微微张着，口涎顺着嘴角滑落，整个人沉醉在这难以想象的极乐余韵中久久无法自拔。
1004,action_part_a_orgasm_super_C,0,CVP_A2_T|102_E_1&CVP_A2_A|5_LE_3,就在那被反复逼近又强行拦下的快感终于被一齐放行的瞬间，一股超出{TargetName}稚嫩身体极限太多太多的极致快感轰然炸裂开来。\n谁能想到，这处一贯迟钝、平日几乎尝不到什么滋味的娇嫩后穴，会在此刻迸发出这般骇人的绝顶，把懵懵懂懂的小小的她整个人卷进灭顶的浪涛里。\n她的意识被彻底击碎，思维一片空茫，什么也抓不住，只感到灵魂都在这股震颤中支离破碎，幼小的躯体一次次绷紧又软倒，纤细四肢无力地痉挛着。\n{anal}长久而剧烈地抽搐痉挛，大量温热的肠液失禁似地汹涌而下，止不住地流淌，那种被完全冲垮的排出感令稚气的{TargetName}既羞耻又深深沉溺。\n而当积压许久的一切终于被尽数释放，那铺天盖地的解脱与甜美将她整个吞没，令她失神地瘫软下去，小脸涨得通红，眼神迷茫涣散，好长时间都沉醉在这场空前绝后的极乐中回不过神来。

1005,action_part_a_orgasm_super_C,0,CVP_A2_T|104_E_1&CVP_A2_A|5_G_3&CVP_A2_A|5_LE_6,积攒了太久太久的快感终于在这一刻决堤，{TargetName}只觉得整个人像是被从体内炸开，一股无法形容的巨浪从{anal}深处轰然爆发，瞬间将她青涩的意识彻底冲垮。\n她的脑海里一片空白，什么都想不起来了，只剩下那股被反复逼到边缘又强行忍住的快感，此刻毫无保留地一齐倾泻出来，像要把她的灵魂都撕裂开来。\n{anal}极度剧烈地痉挛收缩着，一波接着一波，长久得几乎没有尽头，年轻的腰肢深深弓起又猛地瘫软，双腿失控地痉挛乱蹬。\n积压已久的肠液再也堵不住，从{anal}里失禁般汹涌喷涌而出，止不住地流淌，那种彻底失控的排出感让她又羞又迷，却更把她推向濒临昏厥的甜美深渊。\n{TargetName}的眼神彻底涣散，口水不受控制地溢出唇角，她整个人沉醉在这场究极绝顶的巨大解脱里，青春的身体一次次抽搐绷紧，脑子里嗡嗡作响，只剩下无边无际的迷醉与失神，仿佛整个世界都在这一刻崩塌又重生。
1006,action_part_a_orgasm_super_C,0,CVP_A2_T|104_E_1&CVP_A2_A|5_G_3&CVP_A2_A|5_LE_6,那被一次次逼到顶点却又被硬生生截断的巨量快感，此刻终于被允许一齐奔涌而出，{TargetName}的身体猛地绷成一张满弓，随即被这股究极的绝顶彻底淹没。\n她清纯的思维在爆发的刹那化为一片空白，什么羞耻、什么矜持全都被冲刷得干干净净，只剩下灵魂被撕裂般的震撼在体内翻滚。\n{anal}不受控制地连续收缩痉挛，深处一阵阵剧烈地绞紧又松开，那种极致的酥麻沿着脊椎一路窜上头顶，让她连指尖都在发颤。\n汹涌的肠液顺着{anal}失禁似的涌流不止，怎么也止不住，年轻的她被这种彻底失控的感觉冲得又惊又迷，却又在这份羞耻里沉沦得无法自拔。\n{TargetName}整个人瘫软下去，唇舌失控地颤抖着，眼角泛起生理性的泪水，脑海里只剩下积压快感终于释放的巨大解脱，那种几乎要昏死过去的甜美沉醉让她的意识一次次濒临崩溃，青春靓丽的躯体在极乐中久久无法平复。
1007,action_part_a_orgasm_super_C,0,CVP_A2_T|104_E_1&CVP_A2_A|5_G_3&CVP_A2_A|5_LE_6,积蓄了无数次的巨浪终于冲破最后的堤坝，{TargetName}感到{anal}深处骤然炸开一片她从未体验过的极致快感，将她整个人连同意识一起卷入究极绝顶的漩涡。\n她的大脑在那一瞬间彻底当机，思维一片空白，连自己是谁、身在何处都想不起来，只能任由那股滔天的快感将她反复碾过。\n{anal}极度失控地长时间痉挛着，一下比一下更深、更剧烈，年轻的小腹随着抽搐不停起伏，双腿绷得笔直又猛然脱力。\n堆积已久的肠液从{anal}里喷涌决堤，像失禁一般止不住地淌，那种毫无尊严的排出感让青涩的她羞得几乎要哭出来，可身体却诚实地沉溺在这份极乐里。\n{TargetName}眼神失焦，涣散得再也聚不起来，口水从微张的唇角滑落，她整个人陷进那种累积快感终于一齐释放的巨大解脱中，青春的躯体一阵阵战栗，甜美的沉醉几乎将她的意识彻底吞没，久久缓不过神来。
1008,action_part_a_orgasm_super_C,0,CVP_A2_T|104_E_1&CVP_A2_A|5_G_3&CVP_A2_A|5_LE_6,被压抑了太久的快感在这一刻毫无预兆地全线崩溃，{TargetName}只觉得一股难以言喻的极致快感从{anal}深处狂暴地喷薄而出，瞬间将她的理智连根拔起。\n她的脑子里轰的一声炸开，随即陷入一片死寂般的空白，什么念头都无法维系，只剩灵魂被这股滔天绝顶震得支离破碎。\n{anal}近乎癫狂地连续绞缩痉挛，那种极端的快感一波未平一波又起，青春的腰肢深深塌陷又猛地弓起，四肢失控地痉挛颤抖。\n积攒许久的肠液终于溃堤，顺着{anal}失禁般汩汩涌流，怎么也收不住，那种彻底失守的羞耻感反而让年轻的她迷醉得更深，沉沦在无法抗拒的快意里。\n{TargetName}的意识被彻底冲垮，眼神空洞涣散，唇舌不听使唤地哆嗦着，她整个人沉浸在积压快感一齐释放的极致解脱中，几乎要甜蜜地昏厥过去，青春鲜活的身体一次次抽搐绷紧，久久沉溺在那片令她失神的极乐余韵里。
1009,action_part_a_orgasm_super_C,0,CVP_A2_T|104_E_1&CVP_A2_A|5_G_3&CVP_A2_A|5_LE_6,那份被反复逼到绝顶前一刻又强行摁住的巨量快感，此刻终于获得释放，如决堤的洪流般从{anal}最深处轰然涌出，将{TargetName}整个人狠狠掀翻。\n她青涩的意识在爆发的一瞬彻底被冲散，脑海里只剩一片刺目的空白，连呼吸都忘了该怎么进行，只能被这股究极的快感反复吞吐。\n{anal}极度剧烈而持久地痉挛收缩，深处像是被无形的浪潮反复冲刷，年轻的身体绷得像拉满的弦，随即又一寸寸瘫软下去。\n堵了太久的肠液再也无法忍耐，从{anal}中失禁似的喷涌而出，止不住地泛流，那种毫无遮拦的排出感让她羞耻得浑身发烫，却又在这份失控里迷醉沉沦。\n{TargetName}彻底失了神，眼神涣散得没有焦点，口水顺着嘴角滑下，她的整颗心都被那种积压已久终于一齐释放的巨大解脱塞满，青春的躯体一阵阵战栗抽搐，甜美到近乎昏厥的沉醉将她久久笼罩，让她连一根手指都动弹不得。
1010,action_part_a_orgasm_super_C,0,CVP_A2_T|105_E_1&CVP_A2_A|5_G_3&CVP_A2_A|5_LE_6,积蓄了太久太久的快感终于在这一刻被彻底放行，{TargetName}只觉得{anal}深处猛地炸开一片灭顶的白光，一波接一波的极致快感如决堤的洪流般把她整个人淹没。\n那股被反复逼到边缘又硬生生逼退的巨量欲望一齐倾泻而出，{anal}极度剧烈地痉挛收缩着，一下又一下，长久得仿佛没有尽头，她成熟丰满的身体绷成一张满弓，腰肢深深弓起又彻底瘫软下去。\n作为大姐姐的那点从容与矜持早已被冲得粉碎，她的思维一片空白，什么都想不了，只剩下灵魂被撕裂般的震撼在脑海里反复轰鸣。\n温热的肠液失禁般从{anal}汩汩涌出，止不住地流淌，那种彻底失控的排出感让她又羞又迷醉，眼神彻底涣散，嘴唇失控地颤抖着，津液从唇角溢出也毫无知觉。\n积压已久的一切在这一刻尽数释放，那种巨大的解脱感甜美得几乎让她昏厥过去，青涩与成熟交织的娇躯在极致的沉醉中久久无法平复，只能任由那超乎想象的绝顶余韵在体内一遍遍地回荡。
1011,action_part_a_orgasm_super_C,0,CVP_A2_T|105_E_1&CVP_A2_A|5_G_3&CVP_A2_A|5_LE_6,那一直被压抑到极限的快感堤坝在瞬间轰然崩塌，{TargetName}的意识被排山倒海般的极致绝顶彻底冲垮，脑中轰的一声便再也剩不下半点思绪。\n{anal}深处涌起的快感强烈得超乎她的任何想象，一浪高过一浪地反复冲刷着她的每一根神经，{anal}不受控制地长时间连续抽搐收缩着，成熟的腰身一次次深深弓起，双腿失控地痉挛乱蹬。\n身为大姐姐本该沉稳的她此刻却连一丝矜持都维持不住，脸上写满了失神与迷乱，眼神空洞得没有焦点，只余下被快感填满的甜美崩溃。\n大量肠液如失禁般从{anal}中喷涌而出，一股股地涌流不止，那种再也兜不住的排出感让她羞耻得浑身发烫，却又深深沉醉在其中无法自拔。\n累积了太久的巨量欲望终于一齐得到释放，那种如释重负的巨大解脱感与灭顶的快感交织在一起，甜蜜得让她几乎失去意识，青涩而丰腴的躯体软成一滩，久久沉浸在这场究极绝顶的余韵里回不过神。
1012,action_part_a_orgasm_super_C,0,CVP_A2_T|105_E_1&CVP_A2_A|5_G_3&CVP_A2_A|5_LE_6,被一次次逼到绝顶边缘又强行截停所攒下的海量快感，终于在这一刻被尽数放开，{TargetName}只觉得一股灭顶的电流从{anal}深处直窜上头顶，整个人瞬间被极致的快感掀翻。\n她成熟的身体剧烈地痉挛着，{anal}极度失控地一缩一缩，收缩的幅度大得吓人，持续得漫长得没有边际，腰肢反复深弓又瘫软，四肢无力地颤栗抽搐。\n那副平日里可靠从容的大姐姐模样彻底崩解，思维被冲刷成一片空白，什么念头都抓不住，只剩灵魂被撕开般的极致震撼。\n滚烫的肠液止不住地从{anal}里失禁般泊泊溢流，那种毫无遮拦的失控排出让她又慌又醉，眼神迷离涣散，唇舌都不听使唤了。\n压抑已久的一切终于奔涌而出，那种憋到极致后一齐宣泄的解脱感甜美得令她几近昏厥，青涩与成熟并存的娇体在无边的迷醉里轻轻抽动，迟迟没能从这场超乎想象的绝顶中缓过神来。
1013,action_part_a_orgasm_super_C,0,CVP_A2_T|105_E_1&CVP_A2_A|5_G_3&CVP_A2_A|5_LE_6,憋积了太久的滔天快感在这一刹那获准倾巢而出，{TargetName}的脑海被一记究极的绝顶轰得彻底空白，连一丝完整的意识都再也拼凑不起来。\n那股从{anal}深处翻涌上来的快感浓烈得近乎残忍，一波未平一波又起，{anal}长时间地剧烈痉挛，一下下收紧又松开，成熟的小腹反复抽搐，丰腴的腰身弓成极致的弧度后又彻底塌软。\n她想维持住大姐姐那份成熟的体面，可青涩的神情早已被快感揉碎，眼神散乱失焦，迷醉的气息都成了断续的哽咽。\n温热的肠液如失禁般从{anal}中大量涌出，一股接一股怎么也止不住，那种彻底管不住自己的羞耻感让她面红耳赤，却又深陷在灭顶的甜蜜里无从挣脱。\n积攒到极限的欲望终于一齐决口，那种苦候许久后骤然释放的巨大解脱感让她甜得发颤，几乎要晕厥过去，柔嫩而丰盈的身躯在究极绝顶的余波中久久痉挛，迟迟无法归于平静。
1014,action_part_a_orgasm_super_C,0,CVP_A2_T|105_E_1&CVP_A2_A|5_G_3&CVP_A2_A|5_LE_6,那道被反复堵到临界又硬生生截断的快感闸门终于彻底洞开，{TargetName}顿觉{anal}深处爆开一阵灭顶的震荡，累积已久的巨量快感如洪峰般一齐奔涌，将她的理智冲刷得荡然无存。\n{anal}极度剧烈而持久地连续收缩痉挛，幅度大得让她整个人都跟着一抖一抖，成熟的双腿失控地绷直又乱颤，腰身一次次深弓后瘫软下来。\n作为大姐姐的那点从容此刻荡然无存，思绪被彻底击碎成空白，脑子里嗡嗡作响，只剩灵魂被撕裂般的极致震撼在反复冲撞。\n大量滚热的肠液失禁般从{anal}汹涌而出，怎么都收不住地喷流着，那种再无半分遮掩的失控排出让她羞得几近落泪，却又被这灭顶的迷醉牢牢缚住。\n蓄了太久的快感一朝尽泄，那种如释千斤的巨大解脱感甜美得几乎令她昏死过去，青涩又成熟的娇躯在超乎想象的绝顶余韵中轻颤不已，久久沉溺其中缓不过神。

1015,action_part_a_orgasm_super_C,0,CVP_A2_T|106_E_1&CVP_A2_A|5_G_3&CVP_A2_A|5_LE_6,积蓄已久的巨量快感终于被彻底解放，{TargetName}成熟丰腴的身体在那一瞬间被冲上了从未抵达过的顶峰。\n那股被反复逼到边缘又生生截断的酥麻，此刻如决堤般从{anal}深处轰然炸开，一波接着一波毫无停歇地席卷全身，令她成熟的意识在刹那间被冲得粉碎，脑海里一片空白，什么都想不起来了。\n{anal}极度剧烈地痉挛收缩着，久经世事的丰满腰肢深深弓起又彻底瘫软，双腿失控地痉挛乱蹬，脚趾蜷缩得死死的。\n大量温热的肠液在这彻底失控的绝顶中失禁般汹涌喷涌而出，止不住地涌流，令她成熟的心底涌起被冲垮的极致羞耻，却又在这羞耻里迷醉得无法自拔。\n那种累积到极限的快感终于一齐释放出来的巨大解脱感，令{TargetName}的灵魂仿佛被撕裂开来，眼神彻底涣散，唇舌失控地微张着，口水顺着嘴角溢出，整个人沉溺在这几乎昏厥的甜美迷醉里，久久无法回神。
1016,action_part_a_orgasm_super_C,0,CVP_A2_T|106_E_1&CVP_A2_A|5_G_3&CVP_A2_A|5_LE_6,被一次次逼到绝顶边缘却又硬生生停下的折磨，此刻终于化作滔天巨浪一齐倾泻而出。\n{TargetName}只觉得一股远超想象的极致快感从{anal}最深处猛地炸裂开来，那种积蓄了太久的酥麻在解放的一瞬间彻底吞没了她成熟的理智，思维一片空白，濒临崩溃的边缘，什么都无法思考。\n她丰满成熟的躯体剧烈而持续地抽搐绷紧，{anal}长时间不受控制地连续痉挛，绞紧了又松开，饱经风霜的腰身反复深深弓起再瘫软下去。\n滚烫的肠液如同失禁一般大量喷涌，一股股涌流不止，令她在这彻底失控的排出感里羞耻得几乎要哭出来，偏偏那羞耻又化成了更浓的迷醉。\n积压已久的快感终于被允许尽情释放，那巨大的解脱感令{TargetName}成熟的心灵彻底沉沦，眼神迷离涣散，全身瘫软无力，只能任由这灵魂震颤般的极致沉醉将她完全淹没，甜美得几乎失去意识。
1017,action_part_a_orgasm_super_C,0,CVP_A2_T|106_E_1&CVP_A2_A|5_G_3&CVP_A2_A|5_LE_6,那被压抑到极限的巨量快感在这一刻轰然决堤，{TargetName}成熟的身体骤然攀上了超乎想象的绝顶巅峰。\n无数次被截断在高潮前一瞬的酥麻，此刻一齐涌上来，从{anal}深处像海啸一样铺天盖地地席卷开来，令她久经世事的意识被彻底冲垮，脑中轰的一声便什么都不剩了，只余下无边无际的快感。\n{anal}极度剧烈地长时间痉挛着，成熟丰腴的下腹一阵阵猛烈抽搐，双腿失控地绷直又乱颤，十根脚趾深深蜷起。\n大量肠液在这场彻底失控的绝顶里失禁般涌流而出，怎么也止不住，那种彻底排空的羞耻感令她成熟的脸颊烧得通红，却又在羞耻中沉醉得神魂颠倒。\n终于被放行的快感一泻千里，那种累积至极后释放的巨大解脱令{TargetName}如释重负地瘫软下去，灵魂仿佛被这极致的震撼撕成了碎片，眼神空茫失焦，口水不受控制地溢出唇角，整个人陷进了几近昏厥的甜美深渊里。
1018,action_part_a_orgasm_super_C,0,CVP_A2_T|106_E_1&CVP_A2_A|5_G_3&CVP_A2_A|5_LE_6,经历了太多次被逼到边缘又被无情叫停的煎熬，此刻累积的巨量快感终于一齐奔涌而出。\n{TargetName}感到一种远远超出任何一次高潮的极致绝顶从{anal}深处骤然爆发，那股汹涌的酥麻瞬间冲垮了她成熟稳重的一切理智，思维彻底空白，整个脑袋像被清空了一样，什么念头都抓不住。\n她丰满成熟的身躯强烈而持续地痉挛绷紧，{anal}极度剧烈地一阵阵绞缩，成熟的腰肢深深弓起后又软软塌下，四肢失控地痉挛颤抖。\n温热的肠液失禁般大量喷涌，一波波涌流个不停，令她在这完全失控的失禁感中羞耻到极点，那羞耻却又诡异地令她愈发迷醉沉沦。\n压抑已久的快感终于尽数释放，那种巨大的解脱感如潮水般将{TargetName}成熟的心彻底浸透，她眼神涣散无神，唇舌失控地颤抖着，甜腻的呻吟意都散在空气里，整个人被这灵魂撕裂般的极致快感淹没，沉醉得几乎昏死过去。
1019,action_part_a_orgasm_super_C,0,CVP_A2_T|106_E_1&CVP_A2_A|5_G_3&CVP_A2_A|5_LE_6,那积攒到再也无法承受的巨量快感在这一瞬彻底解放，{TargetName}成熟的身体被抛上了从未想象过的绝顶之巅。\n一次次被生生截停在顶点前的酥麻此刻汇成滔天巨流，自{anal}最深处猛烈迸发开来，一浪高过一浪地冲刷着她，令她久经人事的意识在顷刻间被冲得支离破碎，脑海一片死白，濒临彻底崩溃。\n{anal}长时间极度剧烈地痉挛收缩，成熟丰腴的腰腹剧烈弓起又瘫软，双腿不受控制地痉挛乱蹬，成熟的脚背绷成一道紧绷的弧线。\n大量肠液在这彻底失禁般的绝顶中喷涌而出，止不住地汩汩涌流，那种当众失控排空般的极致羞耻令她成熟的心颤抖不已，却又在羞耻里沉醉得无法自拔。\n累积了太久的快感终于被尽情放行，那如释重负的巨大解脱感令{TargetName}灵魂震颤，眼神彻底失焦涣散，口水顺着嘴角滑落，整个人瘫软着沉入这甜美得几乎令人昏厥的极乐迷醉之中，久久回不过神。

1020,action_part_a_orgasm_super_C,0,CVP_A2_T|107_E_1&CVP_A2_A|5_G_3&CVP_A2_A|5_LE_6,积蓄了太久太久的快感终于在这一刻被彻底放开，{TargetName}的意识在肠道深处炸开的巨浪里被冲得一干二净，脑子里一片空白，什么都想不起来了。\n那股被反复堵在绝顶门口、一次次逼到边缘又生生截停的巨量快感，此刻毫无保留地一齐倾泻而出，{anal}疯狂地痉挛收缩着，一波接一波，长久得几乎没有尽头，仿佛整个灵魂都被从后穴里撕扯了出来。\n大量温热的肠液毫无节制地喷涌而出，失禁般顺着痉挛的{anal}汩汩涌流，她根本无力去管，只觉得那种彻底失控的排出感把最后一丝羞耻也冲垮了。\n身为人妻的她瘫软着腰肢，泪水和口水一起失控地淌下来，脑海里最后残存的一点念头是自己竟在背叛丈夫的地方达到了这样灭顶的绝顶，那份背德的愧疚非但压不住快感，反而被烧成了更甜美的迷醉，令她在解脱与沉沦里几乎昏厥过去。
1021,action_part_a_orgasm_super_C,0,CVP_A2_T|107_E_1&CVP_A2_A|5_G_3&CVP_A2_A|5_LE_6,仿佛被吊在绝顶的悬崖边缘无数次、又一次次生生拽回来的巨量快感，此刻终于被允许一齐奔涌而出，{TargetName}只觉得灵魂被从{anal}深处狠狠撕裂开来，整个人被这股究极的快感彻底碾碎了。\n她的思维在这一瞬间被冲刷得一片空白，连自己是谁都想不起来，只剩下{anal}一下又一下、长久而剧烈地痉挛抽搐，那种累积了太久终于释放的解脱感甜美得让她几乎昏死过去。\n中度开发过的后穴此刻敏感到了极点，滚烫的肠液失禁一般大股大股地涌流出来，她瘫软的腰肢徒劳地弓起又塌下，双腿失控地痉挛乱蹬。\n作为一个有丈夫的女人，她竟在这禁忌的欢愉里迎来了远超以往的灭顶绝顶，那份背叛婚姻的罪恶感被快感烧得滚烫，非但没有让她清醒，反而化成更浓烈的沉沦，让她在失神的迷醉里彻底缴械。
1022,action_part_a_orgasm_super_C,0,CVP_A2_T|107_E_1&CVP_A2_A|5_G_3&CVP_A2_A|5_LE_6,堆积如山、被反复截断在临界点的快感终于决堤了，{TargetName}的脑海在这灭顶的一瞬彻底炸成空白，什么念头都留不住，意识被这股究极的浪潮冲得支离破碎。\n{anal}极度剧烈地连续痉挛着，收缩的幅度大得吓人，长时间不受控制地一波波抽搐，仿佛要把她整个身体都从后穴里翻涌出来，那份终于得到释放的巨大解脱感让她甜美得想要尖叫却发不出声。\n温热的肠液如同潮吹般失禁喷涌，止不住地顺着抽搐的{anal}汩汩流淌，她眼神涣散、口水顺着嘴角失控地溢出，连表情都维持不住了。\n身为人妻的背德感在这一刻被推到了顶点，她清楚地知道自己正背叛着家庭，可越是愧疚，那股禁忌的快感就越是甜得发疼，将她整个人拖入既羞耻又迷醉的深渊，几乎要在这灭顶的绝顶里彻底昏厥。
1023,action_part_a_orgasm_super_C,0,CVP_A2_T|107_E_1&CVP_A2_A|5_G_3&CVP_A2_A|5_LE_6,那被寸止了一次又一次、生生压抑到极限的巨量快感，此刻毫无保留地一齐迸发，{TargetName}只觉得灵魂被从{anal}最深处轰然掀翻，思维在剧烈的震撼中彻底空白，濒临崩溃的边缘。\n她的后穴长久而极致地痉挛收缩着，一阵接一阵地抽搐，仿佛永远不会停歇，累积已久的快感终于奔涌而出的那份解脱感甜美得让她整个人都软成了一滩水。\n大量滚烫的肠液毫无节制地失禁涌流，她瘫软的身子止不住地颤栗，双唇失控地哆嗦着，口水与泪水一同淌落。\n作为已为人妻的女人，她在这背叛丈夫的欢愉里迎来了从未有过的究极绝顶，那份对家庭的愧疚与背德的刺激交织在一起，非但没能拦住她的沉沦，反而将快感烧得更加灭顶，令她在甜美的昏眩里彻底失去了自己。
1024,action_part_a_orgasm_super_C,0,CVP_A2_T|107_E_1&CVP_A2_A|5_G_3&CVP_A2_A|5_LE_6,积攒到极限的快感终于被彻底放开，{TargetName}的意识在这一瞬被灭顶的浪潮吞没得干干净净，脑中一片空茫，连呼吸都忘了，只剩灵魂被从{anal}深处撕扯的震撼。\n她中度敏感的后穴此刻被开发到了极致，极度剧烈地连续痉挛抽搐着，长久得没有尽头，那股憋了太久终于一齐倾泻的解脱感甜美得几乎将她冲昏。\n失禁般的肠液大股涌出，热流顺着不停收缩的{anal}汩汩淌落，她的腰肢反复深深弓起又彻底瘫软，四肢失控地痉挛乱颤，眼神早已涣散失神。\n身为人妻的她在这背叛婚姻的禁忌快感里迎来了灭顶的究极绝顶，明明满心都是对丈夫的愧疚，那份罪恶却被快感烧成了最甜的毒，让她越陷越深，在这场彻底失控的绝顶里迷醉得再也回不了神。
1025,action_part_a_orgasm_super_C,0,target_is_player_daughter&CVP_A2_A|5_G_3&CVP_A2_A|5_LE_6,被无数次逼到顶端却又生生截断的巨量快感终于合流爆发，{TargetName}的世界在刹那间天旋地转，一切声音都成了遥远的嗡鸣。\n那超乎想象的绝顶从{anal}最深处炸开，像海啸般层层叠叠地将她整个人吞没，快感强烈到近乎痛楚，逼得她意识濒临崩溃。\n她清楚这是在自己父亲、也是上司的博士面前失态到这般地步，羞耻与禁忌交织，反倒让每一道快感都变得格外滚烫锋利。\n{anal}失禁般痉挛收缩，滚烫的肠液大股大股汹涌而出，怎么也止不住，那种被冲垮的排出感让她又惊又醉，从头到脚都在颤。\n她双眸翻起只余一片失神的水光，纤腰不受控地扭动，唯有累积快感一泻而尽的巨大解脱，甜蜜得让她甘愿在其中溺死。
1026,action_part_a_orgasm_super_C,0,target_is_player_daughter&CVP_A2_A|5_G_3&CVP_A2_A|5_LE_6,反复寸止后一齐释放的极致绝顶如同灵魂被撕裂般降临，{TargetName}只觉一股远超强绝顶的骇人快感从{anal}深处炸裂，将她所有的理智碾成齑粉。\n她的脑子里再也容不下任何念头，唯有铺天盖地的快感在轰鸣咆哮，把她整个人拖进一片没有边际的白色眩晕之中。\n作为博士的亲生女儿在父亲跟前彻底沉溺于这种下流的极乐，深重的伦理羞耻不但没能拉住她，反而催化出更浓烈的迷醉。\n{anal}一阵猛过一阵地绞缩，温热的肠液失禁般喷涌狂泻，涌流不息，那彻底失控的倾泻感让她羞到骨头缝里，甜美地战栗不止。\n她整条脊背拱成惊人的弧度，指尖脚趾都痉挛蜷起，眼神空茫，只在累积快感终得释放的巨大解脱里，濒临昏厥地沉醉。
1027,action_part_a_orgasm_super_C,0,target_is_player_daughter&CVP_A2_A|5_G_3&CVP_A2_A|5_LE_6,被逼停无数回的滚烫快感终于不再受任何束缚地一齐喷薄，{TargetName}感到{anal}深处腾起一股足以吞噬灵魂的绝顶巨浪，把她狠狠掀上究极的顶点。\n那是比任何一次都更凶悍的极乐，强烈到她的意识当场被冲得七零八落，思绪彻底断了线，只剩身体在快感里剧烈痉挛。\n她是父亲的女儿，此刻却在他面前放浪到这般不堪，禁忌的自觉像一把火，把本就滔天的快感烧得愈发炽烈难当。\n{anal}失禁般地一缩一放，大量灼热肠液如决堤般汹涌泄出，止不住地奔流，那被彻底冲垮的排出感让她羞醉交加，浑身酥麻发颤。\n她眼角泛起失神的泪光，双腿无力地大张又抽搐，灵魂仿佛被这极致释放撕开，只在甜到极点的巨大解脱里飘然昏沉。
1028,action_part_a_orgasm_super_C,0,CVP_A2_T|102_E_1&CVP_A2_A|5_G_6,被一次次逼到崩溃边缘却又被生生按停的巨量快感，在这一瞬间终于彻底决堤。\n{TargetName}那小小的身子猛地弓成一张几乎要绷断的弓，稚嫩到近乎透明的意识被冲刷得粉碎。\n压抑了太久的绝顶如海啸般自{anal}最深处轰然炸开，敏感到极致的肠壁疯狂痉挛蠕动，将积攒的每一丝快感一齐榨取出来。\n她根本不懂这种远远超出想象的灭顶滋味究竟是什么，只觉得灵魂仿佛被撕成两半，眼前一片惨白，连呼吸都彻底忘却。\n{anal}深处止不住地喷涌出滚烫肠液，一股接着一股，失禁般地涌流不停，那彻底失控被掏空的排出感让她又羞又醉。\n幼小的脑袋一片空白，纤细四肢无力地痉挛抽搐，只能任由这累积到极限的甜美洪流把整个人淹没、冲垮、彻底沉溺。
1029,action_part_a_orgasm_super_C,0,CVP_A2_T|102_E_1&CVP_A2_A|5_G_6,积压太久的快感终于挣脱了那道被强行拦住的堤坝，以雪崩之势灌满{TargetName}娇小的全身。\n她小小的腰肢猛地一挺，随即剧烈地颤抖起来，稚气的脸庞因过载的极乐而扭曲失神。\n那股究极的绝顶从{anal}里层层叠叠地翻涌上来，比任何一次都要凶猛百倍，敏锐的肠道像疯了一样绞紧又松开。\n她的思绪早已被冲得七零八落，天真的小脑袋根本承受不住这灭顶的冲击，意识一次次地濒临崩塌。\n伴随着那令人昏厥的甜美震颤，{anal}深处失禁般地喷洒出大量温热的肠液，怎么也止不住地往外淌。\n这种被累积快感彻底掏空、又终于得到释放的巨大解脱感，让她幼小的身体软成一滩，眼神迷离地沉醉在半昏迷的余韵里。
1030,action_part_a_orgasm_super_C,0,CVP_A2_T|102_E_1&CVP_A2_A|5_G_6,被反复寸止吊到极限的快感，此刻如同挣断锁链的猛兽，从{TargetName}稚嫩的体内一齐咆哮而出。\n她纤细的双腿控制不住地绷直又颤栗，小小的脚趾蜷缩成一团，整个人像触电般高高扬起。\n那超乎想象的极致绝顶自{anal}深处一波接一波地席卷全身，敏感过头的肠壁疯狂收缩，把最后一丝理智也绞得粉碎。\n幼小的意识被这灵魂撕裂般的震撼彻底冲垮，脑海里一片空茫，连自己是谁都记不起来了。\n{anal}再也含不住，滚烫的肠液失禁似地喷涌不止，一层层温热地淌落，那彻底失控的排出感让她羞耻得几乎融化。\n她只能大张着小嘴无声地痉挛，任由这累积到顶点的灭顶快感把自己整个吞没，沉进甜美到发晕的深渊里。
1031,action_part_a_orgasm_super_C,0,CVP_A2_T|102_E_1&CVP_A2_A|5_G_6,那被硬生生憋回去无数次的滔天快感，在这一刻毫无预兆地彻底炸裂开来。\n{TargetName}娇小的躯体猛地痉挛，稚嫩的后腰高高弓起，纯真的脸上写满了承受不住的迷醉与恍惚。\n从{anal}最深处翻腾而起的超强绝顶，凶猛得远远超过以往任何一次，敏感的肠道疯狂蠕动着榨取每一分累积的极乐。\n她天真的小脑袋被这排山倒海的快感冲得一片雪白，思维彻底停摆，只剩下灵魂被掏空般的震颤。\n伴随着几乎昏厥的甜美，{anal}深处止不住地喷出大量滚烫肠液，失禁般地涌流不停，淋漓地宣泄着彻底的失控。\n这累积已久终于释放的巨大解脱感让她整个幼小的身体都酥麻瘫软，眼神涣散地沉溺在这灭顶的极乐余韵中无法自拔。
1032,action_part_a_orgasm_super_C,0,CVP_A2_T|102_E_1&CVP_A2_A|5_G_6,层层堆叠、被一次次强行掐断的巨量快感，终于在这一瞬毫无保留地一齐宣泄出来。\n{TargetName}小小的身子剧烈地弹跳了一下，随即失控地抽搐颤抖，稚气未脱的眼眸瞬间失去了焦距。\n那究极的绝顶如决堤的洪流从{anal}里奔涌而出，极度敏感的肠壁疯狂痉挛绞紧，把累积到爆炸的快感一滴不剩地逼了出来。\n幼小懵懂的她根本理解不了这种灵魂都在震颤的灭顶滋味，只觉得意识被撕碎，天旋地转，濒临彻底的崩溃。\n{anal}深处一股接一股地喷涌出温热的肠液，失禁似地淌流不止，那被彻底掏空的排出感让她又羞又爽到发抖。\n她纤弱的四肢彻底失去了力气，只能任凭这累积到极限的甜美快感将自己冲垮、淹没，深深地沉醉在昏眩的余韵之中。
1033,action_part_a_orgasm_super_C,0,CVP_A2_T|103_E_1&CVP_A2_A|5_G_6,积攒了太久太久的快感在这一瞬间轰然决堤，娇小懵懂的{TargetName}整个人都被这股远超想象的极致绝顶彻底冲垮了。\n那股被反复逼到边缘又硬生生截断的巨量快感终于被允许一齐释放，{anal}极度剧烈地痉挛收缩着，一波接一波的电流从后穴深处炸开，顺着稚嫩的脊背狂涌上来，令她纤细的小身子绷成一张弓，四肢失控地痉挛乱蹬。\n她幼小的脑子里一片空白，什么都想不了了，稚气的意识被这灭顶的快感撕成了碎片，眼神彻底涣散，小嘴微微张着却发不出完整的声音，只有断断续续的哭腔和溢出的口水。\n{anal}深处失禁般地涌出大量温热的肠液，止不住地汩汩流淌，那种彻底失控的排出感令她既羞耻又迷醉。\n可比起羞耻，更多的是那股累积已久终于得到释放的巨大解脱，甜美得让她几乎昏厥过去，小小的身体在剧烈的余韵里久久颤抖着，缓不过神来。
1034,action_part_a_orgasm_super_C,0,CVP_A2_T|103_E_1&CVP_A2_A|5_G_6,被寸止折磨到极限的巨量快感终于在这一刻尽数倾泻而出，{TargetName}幼小的意识在潮水般的绝顶里被撕得粉碎。\n那是一种远远超出她稚嫩身体所能承受的究极快感，{anal}长时间地、不受控制地连续抽搐着，敏感到极致的肠壁把每一丝刺激都放大成灭顶的浪潮，一浪高过一浪地拍打着她小小的神志。\n她纤瘦的腰肢深深弓起又猛地瘫软，柔嫩的大腿死死夹紧后又无力地摊开，纤细的手指痉挛着攥紧，整个人都陷入近乎失控的极端状态。\n幼嫩的脸上满是失神的迷醉，眼角沁出生理性的泪水，思维一片空白，连自己是谁都想不起来了。\n{anal}失禁似地喷涌出滚烫的肠液，一股股涌流不止，那份彻底泄洪般的释放让她的心里涨满了几乎要哭出来的解脱与甜蜜，娇小的身子沉溺在这灭顶的沉醉里，久久无法回神。
1035,action_part_a_orgasm_super_C,0,CVP_A2_T|103_E_1&CVP_A2_A|5_G_6,当积压了太久的快感被允许一口气全部释放时，娇小的{TargetName}只觉得灵魂都被这股极致的绝顶震得四分五裂。\n那股巨量的、险些一次次抵达却又被截停的快感如今尽数爆发，{anal}极度敏感地剧烈痉挛，深处翻涌起一波又一波灭顶的酥麻，顺着幼嫩的小腹和腰背狂卷而上，令她单薄的身躯一阵阵剧烈地抽搐绷紧。\n稚气未脱的脑袋彻底空了，什么念头都留不住，意识被快感的洪流冲得七零八落，她微微仰着小脸，眼神涣散得没有焦点，唇舌都失了控制，涎水顺着嘴角滑落。\n{anal}深处大量肠液再也止不住地喷涌而出，失禁般地流淌，那种彻底失控的排出令她羞耻得无地自容。\n然而更汹涌的是那份累积到极点终获释放的解脱，甜得令她几近晕厥，幼小的身体在漫长的余韵中细细痉挛，迟迟缓不过来。
1036,action_part_a_orgasm_super_C,0,CVP_A2_T|103_E_1&CVP_A2_A|5_G_6,再也压抑不住的巨量快感在这一刻彻底决堤，{TargetName}稚嫩的神志瞬间被这远超极限的超强绝顶淹没得一干二净。\n那些被一次次逼到临界又被硬生生按下的快感终于一齐奔涌出来，{anal}疯狂而持续地收缩蠕动，极度敏感的后穴把释放的快感放大到了她幼小身体根本无法承受的程度，令她整个人都失控地颤栗抽搐。\n她小小的手死死抓握着，纤细的双腿一会儿绷得笔直一会儿又软成一滩，腰肢深深弓起后彻底瘫软下去。\n她的思绪被冲得一片惨白，稚气的意识濒临崩溃的边缘，只能张着小嘴无声地喘着，眼里蓄满了失神的泪光。\n{anal}如同失禁一般涌出止不住的滚烫肠液，汩汩地淌个不停，可那份憋了太久终于泄出来的解脱感却盖过了一切羞耻，甜美得令她几乎昏死过去，娇小的身子久久沉醉在灭顶的余震里发着抖。
1037,action_part_a_orgasm_super_C,0,CVP_A2_T|103_E_1&CVP_A2_A|5_G_6,蓄积到几乎要将她撑爆的快感终于被放开闸门，{TargetName}幼小的身体一下子就被这股究极的绝顶冲得魂飞魄散。\n那是一种比她以往所感受过的一切都要猛烈无数倍的极致快感，{anal}极度剧烈地长时间连续痉挛，敏感到不可思议的肠道深处不断炸开灭顶的快感浪潮，一波未平一波又起，把她稚嫩的意识彻底冲垮碾碎。\n她单薄的身躯绷紧到极限又骤然瘫软，纤细的四肢无助地痉挛乱颤，小脸涨得通红，眼神散乱得再也聚不起焦点，连口水都不受控制地溢出嘴角。\n{anal}深处大量温热的肠液失禁似地喷涌流淌，止都止不住，那份彻底失控的排出感让她既羞耻又深深迷醉。\n而最令她沉沦的，是那股郁积已久终于尽情释放的巨大解脱，甜蜜得令她几乎晕厥，幼小的身子在悠长的余韵中不住地轻颤，久久无法从这灭顶的沉醉中回过神来。

1038,action_part_a_orgasm_super_C,0,CVP_A2_T|104_E_1&CVP_A2_A|5_G_6,被反复逼到绝顶边缘又硬生生截停的巨量快感，在这一刻终于被彻底放行，如决堤的洪流般轰然灌满{TargetName}青涩的躯体。\n那股积压了太久的极致快感沿着{anal}深处炸裂开来，一瞬间冲垮了她全部的意识，脑海里刷地一片空白，什么都想不了，什么都感受不到，只剩下那股撕裂灵魂般的震颤在身体里疯狂奔涌。\n{anal}极度剧烈地痉挛收缩着，一波接一波，长久得没有尽头，少女纤细的腰肢深深弓起又猛地瘫软下去，双腿失控地绷直、乱蹬。\n她甚至分不清自己是不是还醒着，那种累积到极点终于被允许一齐释放的巨大解脱感，甜美得几乎令她当场昏厥过去，眼神彻底涣散，唇舌失控地张着，来不及咽下的口水顺着嘴角淌落。\n{TargetName}只觉得有滚烫的肠液从{anal}深处失禁般喷涌而出，止不住地涌流着，那种彻底失控的排出感让她又羞又迷醉，青春的身体在这场究极绝顶里被冲刷得一干二净，只剩下濒临崩溃的甜蜜与沉醉，久久无法回神。
1039,action_part_a_orgasm_super_C,0,CVP_A2_T|104_E_1&CVP_A2_A|5_G_6,积攒了太多次、每一次都在最高峰前被硬生生拦下的快感，此刻毫无保留地一齐迸发，像被压到极限的弹簧骤然弹开，将{TargetName}整个人狠狠掀翻。\n那股远超她想象的极致绝顶从{anal}最深处轰然炸开，思维在一瞬间被彻底冲垮，脑子里嗡的一声再也转不动，连自己叫了什么、身体成了什么姿态都完全不知道了。\n{anal}不受控制地连续抽搐痉挛，收缩的幅度大得吓人，持续得漫长得可怕，少女绷紧的小腹一下一下剧烈地抖动着，纤细的四肢在极乐中痉挛乱颤。\n那种累积已久的欲望终于得到宣泄的解脱，像洪水一样将她整颗心都淹没，甜得发苦，爽得发晕，她的意识在灭顶的快感里彻底沉了下去，只余下断续的抽噎与失神的迷茫。\n她朦胧中感到大量温热的肠液正从{anal}里失控地流淌出来，怎么都止不住，那羞耻到极点的失禁感反而让快感又拔高了一截，青涩的身体被这股究极的沉醉彻底击溃，瘫软着久久缓不过神。
1040,action_part_a_orgasm_super_C,0,CVP_A2_T|104_E_1&CVP_A2_A|5_G_6,一直被吊在绝顶门槛前反复折磨的巨大快感，在这一刻终于获准倾泻而出，凶猛得如同天崩地裂，将{TargetName}尚且青嫩的身心整个吞没。\n从{anal}深处炸开的究极快感沿着脊背一路狂飙上头顶，意识在电光石火间被撕成了碎片，脑海一片惨白，什么念头都残存不下，只有灵魂被生生撕裂般的震撼在体内翻江倒海。\n{anal}长时间地、极度剧烈地绞紧又松开，痉挛得几乎失去节律，少女的腰肢深深塌陷下去又猛然弓起，双腿绷得笔直，脚趾蜷缩到发白。\n压抑太久的快感终于释放开来的那种解脱，甜美得让她几乎昏死过去，眼神完全失焦，涣散的瞳孔里只剩下一片迷离的水光，连呼吸都乱成了破碎的呜咽。\n她恍惚间觉出滚烫的肠液正从{anal}深处如失禁般汹涌喷出，一股股淌个不停，那彻底失控的排出让她羞得无地自容，偏偏这羞耻又化成了更浓的迷醉，青春的躯体在这场超乎想象的绝顶余韵里瘫软战栗，久久沉溺。
1041,action_part_a_orgasm_super_C,0,CVP_A2_T|104_E_1&CVP_A2_A|5_G_6,被一次次推到高潮尖端又强行按停所囤积下的海量快感，此刻终于决堤奔流，来势汹汹地贯穿了{TargetName}还带着青涩的每一寸身体。\n那股究极的绝顶自{anal}最深处轰然爆发，一下子把她的理智冲得荡然无存，脑子里空空荡荡，连自己身在何处都恍惚了，唯有那排山倒海的极乐在血肉里横冲直撞。\n{anal}疯狂而持久地痉挛痉缩着，收缩一阵紧过一阵，全身的肌肉都跟着绷紧、抽搐、颤栗，少女的腰背反复深深弓起，纤瘦的四肢在快感里失控地痉挛乱颤。\n那份积压至极限终于得以尽情释放的解脱感，像蜜一样把她整个人腌透，爽到发麻，醉到失神，她的意识在灭顶的洪流里彻底缴械，只剩下断断续续的甜腻抽泣。\n朦胧里她感到大量肠液正从{anal}间失禁似的喷涌不止，滚烫地淌了满身，那种毫无遮拦的失控排出让她羞耻得几乎哭出来，可这羞耻偏又叫快感更上一层，青春的身子在究极的沉醉中软成一滩，怎么也回不过神。
1042,action_part_a_orgasm_super_C,0,CVP_A2_T|104_E_1&CVP_A2_A|5_G_6,攒了太久、被反复截断在绝顶前一瞬的滔天快感，终于在这一刻尽数放开，像溃堤的巨浪当头砸下，把{TargetName}稚气未脱的娇躯彻底掀翻淹没。\n那股无法想象的极致绝顶从{anal}最深处炸裂而出，霎时将她的思绪碾成粉末，脑海白得刺眼，什么都抓不住，只有灵魂被震得粉碎般的战栗在体内狂涌不息。\n{anal}极度剧烈又漫长地连续抽搐绞缩，一浪高过一浪，少女紧绷的下腹不住地深深抽动，纤细的双腿失控地绷直乱蹬，连脚趾都痉挛着蜷起。\n那种憋了太久的快感终于被允许一泻千里的解脱，甜蜜得几乎要了她的命，她的意识在究极的极乐里沉沦到底，眼神涣散无光，失控的唇舌间溢出止不住的津液与破碎的呻吟。\n她迷迷糊糊觉出灼热的肠液正从{anal}深处如失禁般狂涌喷洒，怎么也收束不住，那彻底失守的排出感令她羞耻到骨子里，而这份羞耻又将迷醉推到顶点，青春的身体在超强绝顶的余波里痉挛瘫软，久久沉浸在昏眩的甜蜜里无法自拔。

1043,action_part_a_orgasm_super_C,0,CVP_A2_T|105_E_1&CVP_A2_A|5_G_6,积蓄了太久太久的快感，在这一刻终于被彻底放开了，{TargetName}只觉得一股滔天的热浪从{anal}深处轰然炸裂开来，瞬间将她仅存的一丝理智撕得粉碎。\n那是远远超出她想象的极致极乐，一波未平一波又起，如同决堤的洪水般顺着敏感到极点的肠道一路席卷全身，她成熟丰腴的身躯剧烈地弓起又瘫软，四肢失控地痉挛抽搐着，脑海里一片惨白，什么都想不了，什么都抓不住。\n{anal}极度剧烈地一下下深深绞缩着，大量温热的肠液失禁般汩汩涌流出来，怎么止都止不住，那种彻底失控的排出感让她又羞又迷，明明想装作还有几分从容的大姐姐模样，此刻却只能张着嘴失神地颤抖，眼神涣散得不成样子。\n那份憋了太久终于得以宣泄的巨大解脱，甜美得让她几乎当场昏厥过去，整个人都软软地沉溺在这灭顶的绝顶余韵里，久久无法回神。
1044,action_part_a_orgasm_super_C,0,CVP_A2_T|105_E_1&CVP_A2_A|5_G_6,一直被逼到绝顶边缘又被生生拦下的巨量快感，此刻毫无保留地一齐倾泻而出，{TargetName}被这股究极的洪流彻底冲垮了，灵魂仿佛被撕成了碎片。\n她从未想过{anal}竟能带来如此恐怖的极乐，那快感浓烈得近乎痛楚，一层层叠加着冲刷她的每一根神经，逼得她高高扬起脖颈，纤腰深深弓起又猛地塌陷下去，成熟的双腿绷得笔直又不受控地乱蹬。\n敏感到极致的肠壁疯狂地绞动痉挛，滚烫的肠液一股股地喷涌不止，顺着颤抖的腿根淌落，她清楚地感觉到自己正毫无尊严地失禁着，那种被快感夺走一切控制的羞耻，却诡异地化作更深的迷醉。\n身为大姐姐的她本想在博士面前维持一点成熟的体面，可这灭顶的绝顶只让她像个初尝极乐的青涩姑娘般失声痉挛，思维彻底空白，只剩下终于释放的甜蜜与酥软将她整个人温柔地淹没。
1045,action_part_a_orgasm_super_C,0,CVP_A2_T|105_E_1&CVP_A2_A|5_G_6,当那道积压已久的快感闸门轰然洞开，{TargetName}整个人都被掀翻在了究极绝顶的浪尖上，脑中最后一点清明也被这灭顶的酥麻彻底吞没了。\n她敏感异常的肠道在这一刻爆发出了远超以往任何一次的战栗，快感如雷霆般层层炸响，逼得她成熟的身躯不住地剧烈抽搐，纤腰一次次深弓，柔软的大腿死死夹紧又猛然张开，脚趾蜷缩到发白。\n{anal}长时间不受控制地深深绞缩着，温热黏腻的肠液再也锁不住，失禁般大量涌出，那种彻底放开的排出感让她既羞耻得想要蜷起身子，又忍不住沉沦在这份失控的迷醉里。\n她只觉得那份憋了太久的渴望终于得到了圆满的释放，一股几乎令她昏死过去的巨大解脱感席卷全身，眼角泛起生理性的泪光，唇边溢出止不住的津液，这位平日端庄的大姐姐彻底失神地沉醉在无边的余韵中。
1046,action_part_a_orgasm_super_C,0,CVP_A2_T|105_E_1&CVP_A2_A|5_G_6,仿佛体内被反复吊到极限的欲望终于寻到了宣泄的出口，{TargetName}在这一瞬迎来了超乎想象的究极绝顶，滔天的快感将她的意识连根拔起，抛入一片空茫。\n她从没料到仅是{anal}处传来的刺激，竟能酿成这般毁天灭地的极乐，那快感一浪高过一浪，密不透风地将她整个吞噬，逼得她成熟的身体像离水的鱼般剧烈弹跳痉挛，腰背反复弓起又彻底瘫软，四肢失控地抽搐着。\n高度敏感的肠壁疯狂地一缩一绞，大量滚烫的肠液喷涌而出，怎么也止不住，她羞耻地意识到自己正当着博士的面失禁颤抖，可这份羞耻却只让灭顶的迷醉更加深沉。\n那种压抑了太久终得释放的酣畅淋漓，甜得让这位故作老练的大姐姐彻底卸下了伪装，只余青涩失神的颤栗，整个灵魂都酥软地融化在了这场究极的绝顶里。
1047,action_part_a_orgasm_super_C,0,CVP_A2_T|105_E_1&CVP_A2_A|5_G_6,被一次次推到顶峰又硬生生按住的滔天欲潮，此刻终于一泻千里地奔涌出来，{TargetName}被这究极的极乐彻底击溃，整个脑海瞬间炸成一片惨白的空白。\n她敏感到不可思议的肠道在这一刻疯狂震颤，浓烈得近乎失真的快感一层层叠着灌进她的每一寸血肉，让她丰满成熟的身躯剧烈地绷紧又痉挛，纤腰深深弓成一道弧线，双腿抽搐着乱颤，连脚尖都绷得死死的。\n{anal}极致而漫长地收缩绞动着，温热的肠液如决堤般大量喷涌失禁，止也止不住地淌落，那彻底失控的排出感让她羞得无地自容，偏偏又深深地沉醉其中无法自拔。\n积攒了太久的快感终于得到圆满释放的巨大解脱，甜美得几乎要让她昏厥，这位故作从容的大姐姐此刻只剩下失神涣散的眼神与颤抖的唇，任由这灭顶的绝顶余韵将她温柔而彻底地淹没。

1048,action_part_a_orgasm_super_C,0,CVP_A2_T|106_E_1&CVP_A2_A|5_G_6,一波被压抑到极限的究极快感终于毫无阻拦地从{anal}深处一齐炸裂开来，成熟丰腴的{TargetName}整个人像被从灵魂里劈成两半，那股积蓄了太久太久的巨量快感在这一刻决堤般轰然释放，将她仅存的一丝理智彻底冲得粉碎。\n{anal}极度剧烈地痉挛收缩着，一次又一次不受控制地绞紧又松开，那种敏感到极致的肠壁把每一分刺激都放大成灭顶的狂潮，令她成熟的身体绷成一张满弓，又在下一瞬彻底瘫软下去。\n她的思维一片空白，什么都想不了，只剩下那股汹涌到令人昏厥的甜美快感在体内反复冲刷，眼神彻底涣散，唇齿失控地张着，口水不受控地溢出嘴角。\n大量温热的肠液从{anal}失禁般喷涌而出，涌流不止，那种彻底失控的排出感令她既羞耻到骨子里，又迷醉到几乎融化。\n积累已久的快感终于被允许尽数释放，那种撕心裂肺又甜到发昏的巨大解脱感将{TargetName}整个人吞没，令她在极致的失神与沉醉里，久久无法从这场灭顶的绝顶中回过神来。
1049,action_part_a_orgasm_super_C,0,CVP_A2_T|106_E_1&CVP_A2_A|5_G_6,再也没有什么能够拦住这股洪流，反复被逼到绝顶边缘又生生截停的巨量快感，在这一刻终于被彻底放开，一齐朝{TargetName}的意识深处轰然袭来，将成熟稳重的她冲刷得魂飞魄散。\n{anal}长时间地、极度剧烈地连续抽搐着，敏感到不可思议的肠道将这股究极快感一波接一波无限放大，令她丰腴的腰肢深深弓起又猛地塌陷，双腿失控地痉挛乱蹬，脚趾蜷缩得死紧。\n她的脑海彻底陷入一片惨白的空茫，连自己是谁都想不起来，只有那股濒临崩溃的极乐在灵魂里横冲直撞，将她所有的从容与矜持撕成了碎片。\n滚烫的肠液自{anal}汹涌喷洒，止不住地失禁般流淌，那种被彻底冲垮的羞耻与迷乱交织成一片，令她成熟的面容彻底失神。\n当那积压了太久的快感总算得以尽情宣泄，一种几近昏厥的甜美解脱感将{TargetName}温柔而彻底地淹没，令她瘫软着，颤栗着，在绝顶的余韵里沉沦得无法自拔。
1050,action_part_a_orgasm_super_C,0,CVP_A2_T|106_E_1&CVP_A2_A|5_G_6,憋忍到极点的快感终于寻到出口，如同溃堤的巨浪一齐从{anal}最深处奔涌而出，成熟丰满的{TargetName}被这股突如其来的究极快感彻底掀翻，意识在刹那间被冲得干干净净，什么也不剩。\n{anal}疯狂而不受控制地绞缩着，敏感到极致的肠壁一寸寸都在剧烈蠕动收缩，把那股灭顶的快感反复叠加成撕裂灵魂般的震撼，令她饱满的身躯剧烈抽搐，仰起的脖颈绷出一道紧绷的弧线。\n她彻底失去了思考的能力，脑子里只剩下嗡嗡的空白，眼球上翻，眼神散乱得聚不起焦，连喘息都变得破碎而失控。\n{anal}里大量的肠液失禁般地喷涌不止，那种再也压抑不住的排出感令她羞耻得几乎昏死过去，却又迷醉得浑身发软。\n压抑了太久的巨量快感终于一齐倾泻而出，那种从骨髓深处升起的、甜到令人窒息的巨大解脱感将{TargetName}整个吞噬，令她在极致的沉醉与失神中颤抖不已，久久缓不过神来。
1051,action_part_a_orgasm_super_C,0,CVP_A2_T|106_E_1&CVP_A2_A|5_G_6,那道被反复堵在绝顶门口的快感闸门，此刻轰然洞开，积攒到骇人地步的巨量快感一齐从{anal}深处倾巢涌出，将阅历丰富的{TargetName}冲刷得神魂俱裂，连一丝清明都无从保留。\n{anal}极度剧烈又漫长地痉挛着，那副敏感异常的肠道仿佛被点燃一般，把每一波快感都放大到无以复加的地步，令她丰腴的身体一次次深深弓起，又一次次彻底虚脱地塌软下去。\n她的思维早已崩溃成一片空白，什么念头都抓不住，只剩下灵魂被撕开般的极乐在体内反复碾过，令她成熟的眉眼彻底失去了往日的从容，只余一片迷离涣散。\n温热黏腻的肠液自{anal}汹涌失禁般涌流，怎么也止不住，那种彻底失控的羞耻感反倒化作了更深的沉醉，令她浑身战栗。\n当囤积良久的快感终于被尽数释放，那种排山倒海又甜蜜到令人昏厥的巨大解脱感将{TargetName}温柔地淹没，令她在灭顶的余韵里瘫软颤抖，迟迟无法从这场究极绝顶里挣脱出来。
1052,action_part_a_orgasm_super_C,0,CVP_A2_T|106_E_1&CVP_A2_A|5_G_6,再无半分寸止的阻拦，那股被逼停了一次又一次的巨量快感终于获准一齐奔涌，如惊雷般从{anal}深处炸开，把成熟老练的{TargetName}整个人从内到外彻底冲垮，意识瞬间被击得支离破碎。\n{anal}不受控制地长时间剧烈收缩痉挛，敏感到骨子里的肠壁将这究极的快感一浪高过一浪地无限放大，令她丰腴的腰身反复弓起塌陷，四肢失控地颤抖乱蹬，仿佛连呼吸都被夺走。\n她的脑海彻底陷入濒临崩溃的空白，连眼前的一切都变得模糊，只有那股足以吞噬灵魂的极乐在体内疯狂席卷，将她所有的矜持与理智碾成齑粉。\n大股滚烫的肠液从{anal}失禁般喷薄而出，涌流不息，那种被彻底冲垮的排出感令她既羞耻又沉醉到无法自持。\n蓄积太久的快感终于得以一泄千里，那种撕裂般又甜美到几近昏厥的巨大解脱感将{TargetName}彻底吞没，令她在极致的迷醉与失神里瘫软战栗，久久沉溺其中不能自已。
1053,action_part_a_orgasm_super_C,0,CVP_A2_T|103_E_1&CVP_A2_A|5_LE_3,明明{TargetName}的后穴向来迟钝，异物感总是盖过快感，可这一次被反复逼到边缘又硬生生按停的巨量甜蜜，此刻毫无预兆地一齐决堤。\n迟钝的{anal}竟被这股究极的痉挛狠狠贯穿，一波接一波的战栗顺着尾椎直冲进这个还带着稚气的娇小身体最深处。\n她的小脑袋瞬间被烧成一片空白，什么都想不了了，只剩下灵魂被撕裂般的震颤和几乎昏厥过去的甜美沉醉。\n累积了太久太久的快感终于得到释放，那种解脱感大得让她眼角失神地翻白，稚嫩的腰肢弓成一道颤抖的弧。\n{anal}深处像失了禁一样涌出止不住的滚烫肠液，一股股喷涌而下，她在这彻底失控的排出感里又羞又醉，指尖蜷缩得发白。
1054,action_part_a_orgasm_super_C,0,CVP_A2_T|103_E_1&CVP_A2_A|5_LE_3,从没想过一向只有胀满感的{anal}也能迸发出这样惊天动地的极乐，被寸止压抑了无数次的洪流在这一刻轰然冲垮了{TargetName}所有的堤防。\n迟钝的肠道深处骤然亮起一片她从未体验过的雪白，究极的绝顶像滚烫的电流层层叠叠地碾过这具刚开始发育的娇嫩躯体。\n小小的脑海里嗡的一声炸开，思绪被彻底冲散，连自己是谁都恍惚了，只余下濒临崩溃边缘的极度迷醉与失神。\n那份终于被允许释放的巨大解脱涌上心头，甜得让她几乎要哭出来，纤细的双腿绷直又猛地痉挛着蜷起。\n{anal}如决堤般失禁着涌出大量温热的肠液，滔滔不绝地流泻，稚气的脸上写满了失控的羞耻与灵魂出窍般的甜蜜恍惚。
1055,action_part_a_orgasm_super_C,0,CVP_A2_T|103_E_1&CVP_A2_A|5_LE_3,平日里对刺激反应平淡的{TargetName}此刻却像被一道惊雷从头顶劈到尾椎，累积到极限的快感终于一齐炸裂，把她那份迟钝彻底击穿。\n究极的绝顶感一浪高过一浪地拍打着{anal}，那股远超她想象的极致震撼让娇小的身子控制不住地剧烈弹跳。\n她的意识被这股洪流卷得七零八落，脑子里一片混沌的空白，甚至连呼吸都忘记了，只是大张着小嘴无声地颤抖。\n压抑了太久的甜蜜终于奔涌而出，那种从灵魂深处翻涌上来的解脱与沉醉，让她青涩的身体软成了一滩。\n随着{anal}一阵接一阵地绞紧，止不住的滚烫肠液失禁般喷涌，她在这灭顶的排出感里又惊又迷，稚嫩的指节死死抠着掌心。
1056,action_part_a_orgasm_super_C,0,CVP_A2_T|103_E_1&CVP_A2_A|5_LE_3,迟钝的{anal}向来只识得被填满的钝重，可当反复寸止累积的巨量快感一齐倾泻时，连它也被这股究极的绝顶生生点燃成一团烈火。\n超乎想象的极乐顺着尾骨一路窜进{TargetName}发育未全的娇躯，层层叠叠的痉挛把她冲得意识彻底涣散，什么都抓不住。\n她那颗还带着孩童天真的小脑袋此刻被快感烧得一片空白，思维濒临崩溃，只剩下灵魂被撕开般的震颤与极度的失神迷醉。\n那份积攒了漫长时间终于得到释放的解脱感汹涌得几乎让她昏厥，稚气的腰肢一次次高高弓起又颤栗着塌下。\n{anal}深处如失禁一般喷涌出大量灼热的肠液，一股股奔流不止，她在这全然失控的涌流里羞得快要蜷缩成一团，却又沉醉得无法自拔。
1057,action_part_a_orgasm_super_C,0,CVP_A2_T|103_E_1&CVP_A2_A|5_LE_3,这具娇小青涩的身体从未尝过如此凶猛的极乐，被硬生生憋回去无数次的快感终于在这一瞬间冲破了{TargetName}最后一丝理智。\n即便是感觉迟钝的{anal}也抵不住这股究极绝顶的洪流，滚烫的痉挛一波接一波地贯穿她，把她冲上了从未抵达过的顶点。\n她的小脑袋轰地炸成一片纯白，所有念头都被这股极致的快感碾得粉碎，只余下濒临昏厥的甜美与灵魂震颤的恍惚。\n累积到溢出的甜蜜终于奔流而下，那份巨大的解脱让她既想哭又想笑，稚嫩的四肢无力地摊开又剧烈地抽搐。\n伴随着{anal}一下下失禁般的绞缩，止不住的温热肠液喷涌四溢，她在这彻底失控的排泄感里又羞又醉，早已神智涣散得只会颤抖。

1058,action_part_a_orgasm_super_C,0,CVP_A2_T|107_E_1&CVP_A2_A|5_G_6,积压已久的巨量快感终于在这一瞬间被彻底允许释放，{TargetName}只觉得整个灵魂都被那股究极的暖流狠狠撕裂开来。\n那种被一次又一次逼到边缘却始终得不到满足的煎熬，此刻化作汹涌到不可思议的洪流，从{anal}最深处轰然炸开，将她仅存的一点理智瞬间冲刷得干干净净。\n她的思维一片空白，脑海里什么都想不了，只剩下无边无际的极乐在身体里疯狂翻涌，{anal}不受控制地剧烈痉挛收缩着，一波接着一波，长久得像是永远不会停下。\n作为一个早已为人妻的女人，她本该守着自己的丈夫，可此刻却在{SceneName}里因这禁忌的极致快感而彻底崩溃，背德的罪恶感与解脱般的迷醉交织在一起，反而让这股绝顶来得愈发汹涌。\n大量肠液伴随着失控的痉挛失禁般涌流而出，她的腰肢深深弓起又彻底瘫软，四肢无力地痉挛乱颤，眼神涣散，口水顺着嘴角溢出，整个人陷入几乎昏厥的甜美沉醉里，久久无法从这场撕裂灵魂的超强绝顶中回过神来。
1059,action_part_a_orgasm_super_C,0,CVP_A2_T|107_E_1&CVP_A2_A|5_G_6,当那道被压抑到极限的快感闸门骤然洞开，{TargetName}被一股远超以往任何一次的极致绝顶彻底吞没了。\n累积了太久太久的快感在这一刻一齐奔涌而出，如同决堤的海啸，从{anal}深处狂暴地席卷全身，她甚至来不及呼吸，意识就被这灭顶的狂潮冲得支离破碎。\n{anal}疯狂而持久地绞缩着，敏感到极致的肠壁将每一丝刺激都放大成撕心裂肺的极乐，令她全身的肌肉都强烈地绷紧抽搐，无法自控。\n身为人妻的她，脑中残存的最后一丝对丈夫的愧疚，也在这排山倒海的快感中被冲得荡然无存，唯有背叛婚姻的禁忌刺激让她沉沦得更深。\n滚烫的肠液失禁般大量喷涌，止不住地涌流而下，她仰起脖颈，唇舌失控地颤抖着，眼前一阵阵发白，思绪彻底化为一片空茫，只剩下那股终于得以宣泄的巨大解脱感将她温柔而残忍地淹没，让她在极致的迷醉里几近失去所有知觉。
1060,action_part_a_orgasm_super_C,0,CVP_A2_T|107_E_1&CVP_A2_A|5_G_6,那被反复逼近却又硬生生截断的无数次渴望，此刻终于汇聚成一股毁灭性的绝顶，将{TargetName}整个人狠狠地推入了极乐的深渊。\n她只觉得脑子里轰的一声炸开，所有的思绪在刹那间被抽空，眼前的一切都变得遥远而模糊，唯有那从{anal}深处翻涌上来的、浓烈到令人窒息的快感真实得可怕。\n{anal}一刻不停地剧烈蠕动收缩，那份高得离谱的敏感让每一次痉挛都像是要将她的灵魂一并绞碎，她连指尖都在无法克制地颤抖。\n明明是已经有了家庭的人妻，却在{Name}面前因这样淫靡的极致高潮而彻底失态，那份深重的背德感非但没有让她退缩，反而化作最浓烈的催化剂，让快感翻倍地灼烧着她。\n大量肠液如失禁一般不受控制地汩汩流淌，她的腰深深塌陷下去，双腿痉挛般乱蹬，喉咙里发出细碎而失神的气音，整个人被这场究极绝顶冲刷得神志涣散，沉浸在累积已久终获释放的甜美餍足中难以自拔。
1061,action_part_a_orgasm_super_C,0,CVP_A2_T|107_E_1&CVP_A2_A|5_G_6,憋闷了许久的巨大快感终于在这一刻决堤而出，{TargetName}被一场超乎想象的极致绝顶彻底击垮了。\n那股来自{anal}最深处的滔天暖流一齐迸发，瞬间冲垮了她所有的防线，她的意识仿佛被连根拔起，脑海里只剩一片洁白的空茫，什么都抓不住，什么都想不起。\n她的{anal}极度剧烈而漫长地收缩痉挛着，敏感的肠壁将快感放大到了骇人的地步，一浪高过一浪的极乐反复冲刷着她早已崩溃的神经。\n作为人妻，她本不该在这里为了这样禁忌的欢愉而癫狂，可背叛婚姻的隐秘刺激却让这份绝顶显得格外浓烈，罪恶与迷醉在她心底疯狂纠缠。\n伴随着彻底失控的排出感，滚烫的肠液大量喷涌失禁而下，她的腰肢反复深弓又骤然瘫软，四肢失控地抽搐，口水从松弛的唇角滑落，眼神彻底失焦，整个人在这累积巨量快感一齐释放的巨大解脱中沉醉到几近昏厥，久久沉浮于灵魂被撕裂的极乐余韵里。
1062,action_part_a_orgasm_super_C,0,CVP_A2_T|107_E_1&CVP_A2_A|5_G_6,被无数次推向顶点又硬生生拽回的漫长折磨，终于在此刻化作一场排山倒海的究极绝顶，将{TargetName}的一切都碾成了齑粉。\n那积蓄到不可思议的快感洪流从{anal}深处轰然倾泻，凶猛得让她连一丝反抗的余地都没有，意识在顷刻间被冲得粉碎，思维彻底陷入一片空白的深渊。\n{anal}极度失控地连续绞缩着，敏感到极点的肠道将每一分快意都熬煮成灭顶的狂喜，令她全身战栗，从头到脚都被这股极乐支配。\n身为早已嫁作人妻的女人，她此刻却在{SceneName}中因这背德的极致快感而丢盔卸甲，那份对丈夫的愧疚被禁忌的快感碾碎，反倒让这场高潮愈发疯狂而甜腻。\n大量肠液失禁般汹涌喷洒，止都止不住，她整个人瘫软下来，腰身痉挛，双腿无力乱颤，眼神涣散地望着虚空，唇舌失控地翕动，任由那股终于释放出来的巨大解脱感将她温柔淹没，在这灵魂震颤的甜美沉醉里久久不能自已。
1063,action_part_a_orgasm_super_C,0,target_is_player_daughter&CVP_A2_A|5_G_6,积攒了太久太久的快感在这一刻终于被彻底放开，如同决堤的洪流一齐冲垮了{TargetName}的全部理智，身为父亲{Name}亲生女儿的她再也无法维持哪怕一丝矜持。\n那股被反复逼到绝顶边缘又生生按下的巨量酥麻，此刻从{anal}深处轰然炸开，一波接着一波地席卷全身，令她的思维在瞬间被漂白成一片空白，什么都想不了，只剩下究极的快感在灵魂里反复碾过。\n极度敏感的{anal}剧烈地连续痉挛收缩着，那疯狂蠕动的肠壁仿佛要把每一分积压的快感都榨取殆尽，令她的腰肢反复深深弓起又彻底瘫软下去，双腿失控地痉挛乱蹬。\n温热的肠液如同失禁般汩汩涌流不止，那种彻底失控的排出感令她又羞又迷，可身为女儿的羞耻早已被巨大的解脱感冲得七零八落，她只能在心底一遍遍无声地呼唤着爸爸。\n眼神彻底涣散开来，唇舌失控地微微张着，口水不受控制地溢出嘴角，{TargetName}的意识被这场究极绝顶彻底冲垮，灵魂像是被撕裂又被填满，那种积压已久终获释放的甜美沉醉令她几乎昏厥过去，久久无法从这灭顶的迷醉里回过神来。
1064,action_part_a_orgasm_super_C,0,target_is_player_daughter&CVP_A2_A|5_G_6,仿佛被无形的手一次次拽到云端边缘又硬生生拉回，如今那道枷锁骤然松开，堆积如山的快感一齐倾泻而下，将{TargetName}整个人彻底淹没。\n{anal}深处涌起的那股究极酥麻远远超出了她所能承受的极限，一瞬间冲垮了所有意识，脑海里一片惨白，连自己是谁都想不起来，只隐约记得自己是{Name}的女儿，正在父亲面前迎来这场灭顶的绝顶。\n极度敏感的肠道剧烈而漫长地连续抽搐着，{anal}一下又一下不受控制地疯狂收缩，那股快感深得像要把她的灵魂都撕裂开来，令她的后背反复弓成惊人的弧度，四肢绷得紧紧的又骤然失力。\n大量温热的肠液再也压不住地喷涌而出，失禁一般涌流个不停，那种彻底失守的羞耻本该令身为女儿的她无地自容，可积压已久的快感终于释放带来的巨大解脱感，却令她只想沉沦进这灭顶的甜美里。\n{TargetName}的眼眸失焦地望向虚空，睫毛剧烈颤动，喉咙里溢出破碎而迷乱的气音，整个身体都在这场超乎想象的极致绝顶中失控地颤栗着，灵魂被震得粉碎，只余下濒临崩溃却又甜到骨子里的迷醉，令她久久瘫软着缓不过神。
1065,action_part_a_orgasm_super_C,0,target_is_player_daughter&CVP_A2_A|5_G_6,那被一次次逼到极限又强行掐断的滔天快感，此刻毫无保留地一齐奔涌而出，{TargetName}只觉得自己整个人都被这股洪流从内到外贯穿击碎。\n从{anal}最深处翻腾上来的究极快意猛地引爆，比她这辈子经历过的任何一次都要凶猛百倍，思维在刹那间被彻底清空，脑子里嗡的一声就再也转不动了，唯有作为父亲{Name}女儿的那份禁忌迷乱在残破的意识里若隐若现。\n她那对刺激毫无抵抗力的{anal}极度剧烈地连续绞缩痉挛，敏感到了极点的肠壁一阵阵疯狂收紧，令她的小腹反复深深抽搐，腰身弓起又猛然塌软，脚趾蜷得死紧。\n温热的肠液伴着这场彻底失控的绝顶失禁般喷涌不止，源源不断地涌流出来，那种羞耻到极致的排出感却奇异地化作了排山倒海的解脱，令身为女儿的她在灭顶的甜美中彻底沦陷。\n{TargetName}的表情早已失控，眼角泛起生理性的泪光，唇齿间溢出连绵而失神的哽咽气音，灵魂仿佛被这场究极绝顶撕成了碎片又缓缓拼起，积压太久的快感终于释放所带来的那份近乎昏厥的沉醉，令她瘫在原地久久无法找回自己的神志。
1066,action_part_a_orgasm_super_C,0,target_is_player_daughter&CVP_A2_A|5_G_6,压抑了不知多久的巨量快感在这一瞬彻底松了闸，如同海啸般一齐轰然袭来，将{TargetName}最后一点清醒也无情地卷走。\n那股自{anal}深处骤然迸发的究极酥麻远远凌驾于寻常绝顶之上，一下就把她的意识冲得支离破碎，脑海里白茫茫一片什么都剩不下，只有身为{Name}亲女的错乱羞耻在碎裂的思绪里隐隐灼烧着。\n她敏感得不可思议的{anal}极度剧烈又持久地连续痉挛收缩着，那疯狂蠕动的肠道一波波把快感推向更深处，令她整条脊背反复弓成满弓又骤然瘫软，四肢失控地绷直乱颤。\n汹涌的肠液如同再也关不住的闸门般喷涌流泻，失禁似的止不住地向外奔流，那种彻底失禁的羞耻感本应令身为女儿的她羞愧欲死，可累积已久终得释放的巨大解脱却将这羞耻尽数化作灭顶的迷醉。\n{TargetName}眼神彻底失焦地涣散着，口水顺着失控微张的唇角悄悄滑落，全身肌肉一阵阵强烈而持续地抽搐绷紧，灵魂被这场超乎想象的极致绝顶震得几近崩溃，唯余那份甜到令人昏厥的沉沦感将她久久淹没，怎么也回不过神。
1067,action_part_a_orgasm_super_C,0,target_is_player_daughter&CVP_A2_A|5_G_6,被反复推向巅峰又反复拦下的海量快感，此刻终于挣脱束缚一齐倾巢而出，{TargetName}整个人都在这灭顶的释放里被冲得七零八落。\n{anal}深处轰然绽开的那股究极快意如同炸雷般贯穿了她的每一根神经，思维在电光石火间被彻底冲垮成一片空白，什么都想不起来，只在最深处残存着一丝身为父亲{Name}女儿的错乱与沉醉。\n她那对敏感到极致的{anal}极度剧烈地连续绞缩蠕动，那不受控制的疯狂收紧一次次将快感碾进骨髓，令她的腰肢反复深深弓起后又彻底失力瘫软，双腿痉挛着无助地乱蹬。\n温热而汹涌的肠液伴随这场彻底失守的绝顶失禁般喷涌不休，涓涓不绝地涌流而下，那种失控排出的极致羞耻，反倒在巨大的解脱感里化成了令她沉沦的甜美，身为女儿的矜持被冲得荡然无存。\n{TargetName}的双眸失神地涣散开，唇舌失控地颤抖着溢出破碎迷乱的气音，泪水与口水一同不受控地滑落，灵魂被这场究极绝顶撕裂又填满，积压太久终于释放的那份濒临昏厥的极致沉醉，令她瘫软在原地久久无法从灭顶的迷醉中抽身。
1068,action_part_a_orgasm_super_C,0,CVP_A2_T|102_E_1&CVP_A2_T|1_E_0&CVP_A2_A|10_LE_3,被反复逼到边缘又生生截断的巨大快感在这一刻终于毫无保留地一齐炸裂开来，幼小的{TargetName}整个人都被这股远超想象的绝顶洪流狠狠冲垮了。\n那股累积到极致的酥麻从{anal}深处轰然涌起，像决堤般席卷过稚嫩的小腹与纤细的腰肢，令她小小的身体绷成一张满弓，脑子里瞬间一片空白，什么都想不了，也什么都抓不住，只剩下灵魂被撕裂般的震颤在幼嫩的身体里一浪高过一浪地翻涌着。\n她懵懂的意识彻底被这股究极的快感淹没了，小小的心脏狂跳得几乎要炸开，说不清是惊惶还是沉醉，只觉得那种被彻底填满又被彻底掏空的极致滋味令她失神地张着小嘴，连一点声音都发不出来。\n{anal}一下又一下失控般地剧烈痉挛着，大股大股的肠液伴着失禁般的排出感汹涌喷涌而出，止也止不住，令幼小的她在这彻底失控的快感里羞得几乎要哭出来，却又被那股终于得到释放的巨大解脱感冲得头晕目眩。\n漫长的绝顶余韵久久不肯散去，稚嫩的身子还在一阵阵地抽搐颤抖，小脸烧得通红，眼神迷离涣散，幼小的心里塞满了搞不明白的甜腻与濒临昏厥的沉醉，只能软软地瘫着，任由那股滚烫的余温一点点消融在小小的身体深处。
1069,action_part_a_orgasm_super_C,0,CVP_A2_T|102_E_1&CVP_A2_T|1_E_0&CVP_A2_A|10_LE_3,一次又一次被推上顶点却又被硬生生拦下的快感，此刻如同溃堤的洪水一般轰然倾泻而出，幼小的{TargetName}被这股前所未有的极致绝顶震得魂飞魄散。\n积攒到无法承受的酥麻自{anal}最深处骤然爆开，顺着稚嫩的脊背一路窜到头顶，令她整个娇小的身子猛地弓起又剧烈地痉挛，思绪在那一瞬间被彻底击碎，脑海里空空荡荡，连自己是谁都想不起来了。\n那种究极的快意远远超出了她幼小身体所能承受的极限，小小的心口像是要被这滔天的甜蜜胀裂，懵懂无知的她只能任由意识在浪尖上一次次被冲散，失神地睁大着湿漉漉的大眼睛，什么念头都拼凑不出来。\n{anal}毫无节制地一阵阵猛烈收缩绞紧，滚烫的肠液像失禁般一波接一波地喷涌不止，那种彻底失控的排出感令幼小的她既羞耻得无地自容，又在这份积压终于宣泄的解脱里沉沦得不可自拔。\n绝顶的余波一波未平一波又起，稚嫩的四肢无力地抽搐着，红扑扑的小脸挂满了迷醉的泪光，幼小的心里被那股甜到发昏的沉醉塞得满满当当，整个人像是被抽空了一般软软地瘫倒，久久无法从这场超乎想象的极乐里回过神来。
1070,action_part_a_orgasm_super_C,0,CVP_A2_T|102_E_1&CVP_A2_T|1_E_0&CVP_A2_A|10_LE_3,那些被反复截断压抑下来的快感，在这一刻毫无预兆地一齐决堤，幼小的{TargetName}被这股仿佛能把灵魂都撕碎的极致绝顶彻底吞没了。\n汹涌的酥麻从{anal}深处如火山喷发般冲天而起，转瞬间漫过她稚嫩的每一寸肌肤，令那具娇小的身躯绷得死紧又不受控制地剧烈战栗，脑子里轰的一声炸成一片雪白，所有的念头都在这股洪流里荡然无存。\n懵懂的她根本招架不住这种远超普通绝顶的究极快意，小小的胸膛剧烈起伏着，心脏狂乱地擂动，那种被极乐冲刷到几乎昏厥的甜美令她双眼失焦、小嘴微张，整个人都陷进了浑浑噩噩的迷醉里。\n{anal}一次比一次更凶猛地痉挛抽搐，大量的肠液以失禁般的势头狂涌而出，怎么也止不住，那种彻底失控的排泄般的感觉令幼小的她羞窘得浑身发烫，却又在这份憋闷已久终获释放的巨大解脱中软化成一滩春水。\n超强绝顶的余韵一圈圈地在稚嫩身体里荡漾，久久不散，她的小脸红得几乎滴血，眼神涣散迷离，幼小的心底被搞不清是欢愉还是崩溃的极致沉醉填得满满的，只能瘫软着任凭那滚烫的余震一点点缓缓退去。
1071,action_part_a_orgasm_super_C,0,CVP_A2_T|102_E_1&CVP_A2_T|1_E_0&CVP_A2_A|10_LE_3,被一次次逼近极限又强行掐断的巨量快感，此刻终于挣脱束缚一齐迸发，幼小的{TargetName}整个稚嫩的世界都在这股究极绝顶里天旋地转。\n那股积压到无以复加的酥麻自{anal}最深处轰然翻涌上来，像一道电流般贯穿了她娇小的全身，令她小小的腰肢猛然塌陷又高高弓起，意识在刹那间被冲得七零八落，脑海里一片混沌，连呼吸都忘了怎么进行。\n这种远远凌驾于寻常绝顶之上的极致快意，对她幼小懵懂的身体而言实在太过庞大，小小的心脏几乎要在这滔天的甜蜜里停跳，她只能失魂落魄地瘫软着，眼神迷茫涣散，什么都感受不到，又什么都被填得满满当当。\n{anal}不受控制地剧烈绞缩痉挛着，滚烫的肠液如失禁一般汹涌喷薄而出，一波接着一波怎么都停不下来，那种彻底失控的排出感令幼小的她既羞耻得想找地缝钻，又被压抑已久终获宣泄的巨大解脱感撩拨得神魂颠倒。\n漫长而甜腻的余韵在她稚嫩的身体里久久回荡，红扑扑的小脸上写满了濒临昏厥的沉醉，幼小的心里塞满了懵懂而汹涌的迷乱，整个人像断了线的娃娃般软软瘫倒，任由那股极乐的余温慢慢消散在小小的身体最深处。
1072,action_part_a_orgasm_super_C,0,CVP_A2_T|102_E_1&CVP_A2_T|1_E_0&CVP_A2_A|10_LE_3,那被反复寸止累积到极点的滔天快感，在这一瞬间再也压不住地一齐奔涌而出，幼小的{TargetName}被这股超乎一切想象的究极绝顶震得意识彻底崩塌。\n海啸般的酥麻从{anal}深处轰然炸裂开来，瞬间席卷过她稚嫩的小腹、纤腰乃至每一根发梢，令那具娇小的身子剧烈地弓起痉挛，脑子里被这股极乐冲刷得空空如也，一个字都想不出来，只剩灵魂被撕裂般的震颤一遍遍碾过。\n懵懂无知的她哪里承受得住这种远胜寻常的究极快意，小小的心口被甜蜜胀得生疼，她失神地睁着一双迷蒙的大眼睛，浑身瘫软发抖，整个人都沉溺在那种几乎要昏死过去的极致迷醉里，分不清是天堂还是崩溃。\n{anal}一阵紧似一阵地狂乱抽搐收缩，大量的肠液像决了堤般失禁似地喷涌不止，那彻底失控的排泄般的感觉令幼小的她羞得浑身滚烫、眼角泛泪，却又在这份憋屈终于释放的巨大解脱里沉沦到骨子里。\n超强绝顶的余波久久不肯平息，稚嫩的身躯还在无力地一下下抽动，绯红的小脸挂着甜腻的泪痕，眼神迷离涣散，幼小的心里被那股搞不明白的极致沉醉塞得满满的，只能软绵绵地瘫着，任由滚烫的余韵一点一滴地融进小小的身体里。
1073,action_part_a_orgasm_super_C,0,CVP_A2_T|102_E_1&CVP_A2_T|1_E_0&CVP_A2_A|10_LE_3,那被一次次拦截堆叠到骇人地步的巨量快感，此刻如山崩海啸般一齐倾泻下来，幼小的{TargetName}整个人被这股究极的绝顶浪潮卷得魂飞天外。\n磅礴的酥麻自{anal}最深处轰然冲起，转瞬便漫遍她稚嫩娇小的全身，令那副小小的身板绷紧到极限又不住地剧烈颤栗，思维在这股洪流里被冲得支离破碎，脑海一片惨白，连自己身在何处都恍惚得记不清了。\n这种远远超出普通强绝顶的究极快意，对懵懂的她来说庞大得近乎恐怖，小小的心脏在滔天的甜蜜里狂跳到几乎失控，她只能彻底失神地瘫软下来，双眼涣散无光，被那种要把人溺毙的极乐迷醉裹挟着一沉再沉。\n{anal}毫无章法地一波波剧烈痉挛绞紧，滚烫的肠液似失禁一般汹涌喷涌、绵延不绝，那种彻底失控的排出感令幼小的她既羞耻得几乎落泪，又在压抑良久终得宣泄的巨大解脱感中甜腻得浑身发软。\n绝顶的余韵一层层在她稚嫩的身体里久久荡漾不散，红透的小脸上满是濒临昏厥的沉醉神色，幼小的心底被那份分不清是欢愉还是崩溃的极致沉迷填得满满当当，整个人像融化了般软软地瘫倒，任凭那滚烫余温缓缓沉淀进小小身体的最深处。

1074,action_part_a_orgasm_super_C,0,CVP_A2_T|103_E_1&CVP_A2_T|1_E_0&CVP_A2_A|10_LE_3&high_4,积攒了太久太久的快感在这一刻终于被彻底放开，娇小的{TargetName}只觉得脑海里轰的一声炸成了一片惨白，什么都想不了了。\n那一次次被逼到绝顶边缘又被硬生生截断的滋味早已把她幼嫩的身子折磨得濒临崩溃，此刻堤坝溃决，海啸般的极乐从{anal}深处汹涌喷薄而出，将她小小的意识一瞬间冲得四分五裂。\n她那尚且稚嫩紧致的{anal}疯狂地痉挛收缩着，一股股滚烫的肠液像失禁一般止不住地喷涌流淌，那种彻底失控的排出感让她又羞又怕，偏偏又爽得灵魂都在发颤。\n幼小的她从未想象过快感竟能这样恐怖，稚气未脱的小脸涨得通红，眼神彻底涣散失焦，口水顺着嘴角淌落也浑然不觉，只有一种被撕裂又被救赎般的巨大解脱感将她整个人温柔又凶狠地淹没。\n直到那漫长的极顶稍稍退去，{TargetName}才发觉自己早已瘫软成一团，脑子里空空荡荡的什么都没剩下，只余甜得发昏的余韵在幼嫩的身体深处久久荡漾，让她迷醉得几乎要昏睡过去。
1075,action_part_a_orgasm_super_C,0,CVP_A2_T|103_E_1&CVP_A2_T|1_E_0&CVP_A2_A|10_LE_3&high_4,这一次涌来的绝顶和以往任何一次都不一样，那是被反复吊在云端又摔下无数回后一股脑倾泻出来的滔天快感，幼小的{TargetName}被冲得魂飞魄散。\n她稚嫩的脑袋里一片空白，连自己是谁都快要想不起来了，只知道那股憋了太久的东西终于炸开了，从{anal}最深处一路翻涌上来，将她小小的身体撑得几乎要散架。\n开发有限的{anal}还带着几分青涩的紧致，此刻却疯了似的一缩一缩绞得死紧，止不住的热流从里头汩汩涌出，浸得下身一片狼藉，那种再也兜不住的失禁感让她慌乱又沉醉。\n娇嫩的腰肢反复地弓起又无力垂落，纤细的手指死死抠着不放，稚气的脸上写满了茫然与失神，仿佛灵魂被人生生撕开又抛向了高空。\n好半晌{TargetName}才从那甜腻的深渊里飘回来一点点，浑身还在细密地抽搐，脑海里只剩下一片被榨干后的空茫，和一种大得能把她整个吞掉的解脱与迷醉。
1076,action_part_a_orgasm_super_C,0,CVP_A2_T|103_E_1&CVP_A2_T|1_E_0&CVP_A2_A|10_LE_3&high_4,被寸止折磨了那么久的委屈与渴望，在放开的刹那化作一场铺天盖地的绝顶，将娇小的{TargetName}整个卷了进去。\n她只觉得一股无法形容的极乐从{anal}深处猛地炸开，顺着幼嫩的脊背一路窜到头顶，把她那点仅存的理智烧得干干净净，脑子里嗡嗡作响，再也拼不出一个完整的念头。\n稚嫩紧致的{anal}一下下剧烈地翕张绞缩，滚烫的肠液像开了闸一样喷涌而出怎么都止不住，那种彻底失禁般的涌流让她羞得想找地缝钻，可身体却诚实得叫人绝望，只顾着一浪高过一浪地颤栗。\n她圆润的小脸失了神，眼里蒙上一层水雾，纤细的双腿绷得笔直又猛地痉挛乱蹬，稚气与淫乱在这一刻矛盾又和谐地交织在她身上。\n直到极顶的浪潮终于退去，{TargetName}仍旧沉浸在那份被彻底掏空又被填满的甜美里，昏昏沉沉地缓不过神，只剩下一种大得没边的释放感在她幼小的心里久久回荡。
1077,action_part_a_orgasm_super_C,0,CVP_A2_T|103_E_1&CVP_A2_T|1_E_0&CVP_A2_A|10_LE_3&high_4,当那道憋忍了无数次的闸门轰然洞开，积压成山的快感一齐倾泻而下，幼小的{TargetName}被这远超想象的绝顶震得魂魄俱裂。\n她从没体验过这样恐怖又极致的感觉，那股极乐从{anal}深处如岩浆般喷薄，瞬间冲垮了她所有的防线，稚嫩的意识被撕成碎片抛向虚空，什么都抓不住。\n开发尚浅的{anal}紧紧地绞着又疯狂地抽搐，一股股热烫的肠液失控地喷洒出来源源不绝，那份再也收不住的排泄般的涌流让她既惊惧又诡异地贪恋着。\n她小小的身子绷成一张满弓，稚气的脸蛋因极致的爽意而扭曲，口水与泪水糊了一脸，眼神空洞得像是灵魂已被这场绝顶彻底抽离了躯壳。\n漫长得仿佛没有尽头的高潮过后，{TargetName}软成了一滩，脑海里只余一片被快感洗白的空茫，一边后怕着这灭顶的滋味，一边又沉醉在那甜到骨子里的巨大解脱中无法自拔。
1078,action_part_a_orgasm_super_C,0,CVP_A2_T|103_E_1&CVP_A2_T|1_E_0&CVP_A2_A|10_LE_3&high_4,太多次被推到顶点又被无情拦下的煎熬，终于在这一刻得到了报偿，滔天的极乐一股脑地灌进了娇小{TargetName}的每一寸身体。\n她感觉自己整个人都要被这股快感烧化了，从{anal}最深处翻涌上来的绝顶浪潮一波接着一波，把她稚嫩的脑子彻底冲成了一片雪白，连呼吸都忘了怎么进行。\n仍旧青涩紧致的{anal}失控地一缩一放，绞出一阵阵灭顶的酥麻，滚热的肠液止不住地汩汩外溢，那种失禁般的涌流让她又慌又醉，幼小的身子止不住地打着摆子。\n她那张挂着稚气的小脸早已失了神，唇舌无力地半张着，眼神迷离涣散，天真与淫靡在这一刻荒唐地融为一体，只剩下彻底的沉沦。\n直到那甜腻得发昏的极顶一点点消退，{TargetName}仍旧陷在那份被彻底释放的酥软里出不来，小小的意识飘飘忽忽，几乎要就这么甜甜地昏睡过去，久久回不过神。

1079,action_part_a_orgasm_super_C,0,CVP_A2_T|104_E_1&CVP_A2_T|1_E_0&CVP_A2_A|10_LE_3,被反复推到边缘又硬生生逼退了不知多少次的{TargetName}，终于在这一刻迎来了累积到极限的巨量快感一齐炸开。\n那股压抑了太久太久的酥麻自{anal}深处轰然决堤，像一道灼白的电流猛地贯穿了少女青涩的脊背，直冲进一片空白的脑海。\n{TargetName}的意识在这一瞬间被彻底冲垮，什么羞涩，什么矜持，全都被这股究极的绝顶碾得粉碎，她只觉得灵魂仿佛被撕成了两半，整个人悬浮在灭顶的甜蜜里，连一根手指都动弹不得。\n尚且稚嫩紧致的{anal}疯狂地痉挛收缩着，一波接一波的抽搐里，大量温热的肠液再也压抑不住地失禁般喷涌而出，涌流不止，那种彻底失控的排出感令她又惊又羞，却又在这羞耻里迷醉得几乎昏厥。\n少女的双腿绷得笔直又骤然瘫软，年轻的身体一下下抽搐着，脑子里嗡嗡作响，只剩下累积的快感终于释放的巨大解脱，甜美得让她眼眶都湿了，好半天都缓不过神来。
1080,action_part_a_orgasm_super_C,0,CVP_A2_T|104_E_1&CVP_A2_T|1_E_0&CVP_A2_A|10_LE_3,{TargetName}被一次次逼到顶点又强行拦下，攒到快要发疯的快感在这一刻毫无预兆地全数崩堤。\n那是远远超出她这具青春身体所能承受的极致绝顶，浪潮从{anal}最深处炸开，一瞬间席卷了她的每一寸神经，令她的思维彻底一片空白。\n刚成年不久的少女何曾体会过这般灭顶的滋味，她的眼神在快感冲击下涣散失焦，嘴唇微微张着却发不出一点声音，只有青涩的身子绷成一张满弓，剧烈地颤栗着。\n那仍显稚嫩的{anal}一阵紧似一阵地绞紧又松开，被巨浪反复冲刷的肠道深处，滚烫的肠液如决口的堤坝般喷涌失禁，止不住地汩汩流淌，那种再也收不住的排出感让她羞耻得几乎要哭出来，偏偏又在这羞耻里沉醉得无法自拔。\n意识被撕裂般的震撼令{TargetName}整个人都软成了一滩水，累积已久的欲望终于倾泻而尽的甜美解脱裹挟着她，让她失神地瘫软着，久久沉溺在那片眩晕的余韵里。
1081,action_part_a_orgasm_super_C,0,CVP_A2_T|104_E_1&CVP_A2_T|1_E_0&CVP_A2_A|10_LE_3,这份被吊了太久、被硬生生逼退了太多次的快感，终于在此刻毫无保留地一齐倾泻，将{TargetName}整个人淹没在灭顶的绝顶浪潮里。\n那股究极的酥麻自{anal}深处骤然引爆，比她此前经历过的任何一次都要凶猛百倍，青涩的身体根本招架不住，她的脑海在刹那间被冲刷得干干净净，什么都想不起来了。\n少女向来带着几分羞怯的神情此刻彻底失守，双眼失神地望着虚空，脸颊烧得通红，年轻紧实的小腹一抽一抽地痉挛着。\n还未被完全开发的{anal}紧致地绞缩着，随着一浪高过一浪的痉挛，大量肠液毫无节制地喷涌而出，失禁般涌流不止，那种彻底失去掌控的感觉令她又羞又慌，却在慌乱里迷醉得意识都要飘散了。\n{TargetName}只觉得灵魂被这股巨浪撕扯得支离破碎，累积到极限的快感终于释放的解脱感甜美得让她眩晕，青春的躯体一下下轻颤着，怎么也回不过神。
1082,action_part_a_orgasm_super_C,0,CVP_A2_T|104_E_1&CVP_A2_T|1_E_0&CVP_A2_A|10_LE_3,一次又一次被推到绝顶边缘却又被生生按住的{TargetName}，此刻攒到无以复加的快感终于决堤般全部释放。\n那是超乎她想象的极致震撼，滚烫的浪头从{anal}深处轰然涌起，瞬间席卷全身，令青春的少女意识近乎崩溃，脑子里除了一片炫目的白光什么都不剩。\n她那还带着青涩活力的身体剧烈地弓起，纤细的腰肢无力地一次次拱动，双手死死攥紧，指节都泛了白，喉咙里溢出破碎而失控的气音。\n尚显稚嫩的{anal}一圈圈疯狂地收缩痉挛，被冲垮的肠道深处，热流般的肠液再也止不住地喷涌失禁，汹涌地流淌不停，那种失控排出的羞耻感令她面红耳赤，却又在这极致的羞耻里沉沦得神魂颠倒。\n{TargetName}只觉得整个灵魂都被这场究极绝顶震得七零八落，压抑许久的欲望终于彻底宣泄的甜美解脱令她濒临昏厥，年轻的身子一阵阵战栗着，迟迟无法从这灭顶的迷醉中挣脱出来。
1083,action_part_a_orgasm_super_C,0,CVP_A2_T|104_E_1&CVP_A2_T|1_E_0&CVP_A2_A|10_LE_3,当被反复寸止累积起来的巨量快感终于在这一刻一齐爆发，{TargetName}只觉得自己整个人都要在这场究极的绝顶里被彻底融化。\n那股灭顶的浪潮自{anal}最深处凶猛地炸裂开来，如同海啸一般吞没了她青涩懵懂的一切理智，思维在这一瞬彻底停摆，脑海空白得连自己是谁都记不清了。\n刚成年的少女何曾承受过这般强烈的冲击，她的眼角渗出了生理性的泪水，红扑扑的脸上写满了迷醉与失神，青春的身体不受控制地一阵阵抽搐颤抖。\n那仍旧紧致稚嫩的{anal}疯狂地一缩一放，随着痉挛的巨浪，大量温热的肠液毫无遮拦地喷涌失禁，涌流不止，那种彻底失控的排泄感让她羞得恨不能钻进地缝，偏偏这羞耻又化作更浓烈的甜蜜将她淹没。\n{TargetName}的灵魂仿佛被这股快感撕裂又重塑，累积到顶点的欲望终于倾泻一空的巨大解脱令她沉醉得几乎昏厥，年轻的躯体软软地瘫着，久久沉浸在那甜美的眩晕之中。
1084,action_part_a_orgasm_super_C,0,CVP_A2_T|105_E_1&CVP_A2_T|1_E_0&CVP_A2_A|10_LE_3,被反复逼到临界又生生截断的快感在这一刻决堤般全数倾泻，{TargetName}只觉一股远超以往的电流从{anal}深处炸开，瞬间贯穿脊椎直冲头顶。\n累积了太久的巨浪终于挣脱束缚一齐奔涌，她的意识被这排山倒海的绝顶彻底冲垮，脑海里一片雪白，什么都想不起来。\n这位平日里成熟从容的大姐姐此刻五官全然失守，眉头拧紧又倏地舒展，眼神涣散地望向虚空，唇边溢出连自己都控制不住的沉溺气音。\n{anal}猛烈痉挛着一波接一波收缩，大量温热的肠液失禁般喷涌而出，止不住地汩汩淌落，那彻底失控的排泄感让她又羞又醉。\n积压的快感终于得到宣泄的巨大解脱感将她整个人淹没，她腰肢高高弓起又瘫软下去，指尖抓挠着无处着力，在近乎昏厥的甜美里沉沦。
1085,action_part_a_orgasm_super_C,0,CVP_A2_T|105_E_1&CVP_A2_T|1_E_0&CVP_A2_A|10_LE_3,寸止了一次又一次的煎熬在此刻尽数得到偿还，那被硬生截住的滔天快意如溃堤洪流般轰然灌满全身，{TargetName}整个人被掀翻。\n究极的绝顶远远超出她所能承受的极限，思维在这一瞬彻底断线，灵魂仿佛被生生撕裂成碎片，只剩下无边无际的迷醉与空白。\n她那具已然成熟丰腴的身躯剧烈颤抖着，偏偏脸上还挂着藏不住的青涩慌乱，成熟与稚气在极乐中交错，格外惹人怜爱。\n{anal}深处像是被彻底点燃，紧致的肠壁疯狂收缩绞紧，滚烫的肠液一股股汹涌喷洒，怎么也止不住地涌流，浸得一片狼藉。\n那种终于被释放的酥麻从尾椎一路蔓延到指尖脚趾，她仰起脖颈无声地张大了嘴，在灭顶的甜蜜里失神地轻颤个不停。
1086,action_part_a_orgasm_super_C,0,CVP_A2_T|105_E_1&CVP_A2_T|1_E_0&CVP_A2_A|10_LE_3,当被反复压抑的快感终于获准倾泻的刹那，一道从未体验过的极致电流自{anal}轰然引爆，瞬间席卷她的每一寸血肉与神经。\n这股由无数次寸止累积而成的绝顶浓烈得可怕，将{TargetName}的理智碾得粉碎，她脑中嗡的一声便再也捕捉不到任何念头。\n身为大姐姐的那份从容此刻荡然无存，她涨红着脸失魂落魄，眼角泛起生理性的泪光，流露出与成熟外表极不相称的懵懂沉醉。\n{anal}一阵紧似一阵地抽搐着收缩，海量的肠液如同决堤般失禁涌出，止也止不住，那彻底失守的排出感令她羞耻得几乎要蜷缩起来。\n可紧随而来的巨大解脱却又将这羞耻尽数吞没，她软绵绵地瘫倒下去，四肢无力地抽动，在近乎晕厥的极乐深渊里久久无法自拔。
1087,action_part_a_orgasm_super_C,0,CVP_A2_T|105_E_1&CVP_A2_T|1_E_0&CVP_A2_A|10_LE_3,那被一次次拉到顶点又硬生按下的欲望终于挣脱枷锁，化作一场超乎想象的极致绝顶，{TargetName}感觉整个人都要在这快感里融化蒸发。\n巨量的快意从{anal}最深处喷薄而出直冲天灵盖，冲得她意识彻底崩溃瓦解，眼前忽明忽暗，连自己身在何处都恍惚了。\n这个成熟里裹着一丝生涩的大姐姐已然乱了方寸，她张着嘴却发不出完整的声，只剩破碎的喘息，纤长的睫毛剧烈地颤动着。\n{anal}失控地一缩一缩，温热黏腻的肠液排山倒海般失禁喷涌，濡湿一片仍旧奔流不止，那放纵的排泄感让她又惊又迷。\n积攒许久终得释放的极乐解脱感将她整个吞没，她的腰肢诚实地一波波弓动，脚趾蜷缩得死紧，沉醉在几近昏厥的甜美余韵中。
1088,action_part_a_orgasm_super_C,0,CVP_A2_T|105_E_1&CVP_A2_T|1_E_0&CVP_A2_A|10_LE_3,层层累加又被强行遏制的快感在这一秒全线崩堤，如熔岩般滚烫的绝顶自{anal}深处轰然喷发，将{TargetName}彻底吞噬其中。\n这远超寻常强绝顶的究极快意猛烈得近乎残忍，她的思绪在灭顶的浪潮里荡然无存，脑海一片空茫，仿佛灵魂都被抽离了躯壳。\n往日端庄可靠的大姐姐此刻眼神迷离涣散，脸颊烧得通红，唇齿间溢出止不住的媚软气音，青涩与成熟在极乐中彻底交融。\n{anal}疯狂痉挛不止，稚嫩紧致的肠壁一遍遍绞缩，大量灼热的肠液失禁般夺路狂涌，怎么也收束不住地倾泻而下淋漓不尽。\n那份憋闷太久终于得偿的酣畅解脱几乎将她冲上云端，她浑身酥软脱力地瘫作一团，在近乎失去意识的甜蜜眩晕里微微战栗。
1089,action_part_a_orgasm_super_C,0,CVP_A2_T|106_E_1&CVP_A2_T|1_E_0&CVP_A2_A|10_LE_3,被反复推到边缘又生生逼退了那么多次之后，{TargetName}终于在这一刻迎来了彻底的释放，成熟丰腴的身躯剧烈地弓起，积攒到极限的巨量快感如决堤的洪流般一齐冲垮了她的意识。\n那尚且稚嫩紧致的{anal}疯狂地痉挛收缩，一波接一波的极乐从深处炸裂开来，将她多年独守空闺的成熟肉体彻底击溃。\n她的思维在这一瞬间被烧成一片惨白，仿佛灵魂都被这远超想象的绝顶生生撕裂，理论上早已烂熟于心的种种快感此刻全都化作了无法承受的灭顶狂潮。\n大量温热的肠液失禁般从{anal}深处喷涌而出，止不住地涌流，那种彻底失控的排出感让她又羞又迷，饱经世事的从容此刻荡然无存。\n她只能在这甜美到几乎昏厥的沉醉里剧烈颤抖，累积已久的一切终于得以宣泄的巨大解脱感将她整个人温柔地淹没。
1090,action_part_a_orgasm_super_C,0,CVP_A2_T|106_E_1&CVP_A2_T|1_E_0&CVP_A2_A|10_LE_3,一次又一次被吊在高潮门槛前不得释放的{TargetName}，此刻终于崩溃般地攀上了那个究极的顶点，成熟的媚眼瞬间失焦上翻，丰满的腰肢抽搐着往上顶送。\n积压了太久太久的滔天快感在这一秒轰然爆发，比她这些年从任何理论里想象过的都要凶猛百倍，直接将她的神智炸得粉碎。\n还带着几分生涩的{anal}死死绞紧又猛地松开，敏感的肠壁在极致的痉挛中把每一丝快意都放大到令她灵魂战栗的程度。\n她感到滚烫的肠液从{anal}里不受控制地喷洒失禁，一股接一股地泄出，那彻底破防的失禁感烧红了她成熟的脸颊，羞耻与迷醉交织成无法言喻的甜。\n世事练达的从容早被这灭顶的绝顶碾成齑粉，她瘫软着沉入那近乎晕厥的极乐深渊，只剩下积郁尽泄后的酥麻与恍惚。
1091,action_part_a_orgasm_super_C,0,CVP_A2_T|106_E_1&CVP_A2_T|1_E_0&CVP_A2_A|10_LE_3,当被压抑克制了无数次的快感终于被允许倾泻而出，{TargetName}成熟丰腴的身体霎时绷成一张满弓，随即被那超乎想象的极致绝顶彻底击穿。\n巨量的极乐从后穴深处如岩浆般奔涌上涌，一层层叠加碾过她早已被反复寸止折磨得敏感异常的神经，将她饱经世故的理智烧成一片虚无。\n经验尚浅而依旧稚嫩的{anal}疯狂收缩着，紧致的肠道在痉挛里把这份灭顶的狂喜挤压成一波比一波更凶的甜蜜冲击。\n她清晰地感到{anal}里大量的肠液失禁般狂涌喷薄，怎么也止不住地哗哗流泄，那种彻底失守的排泄感让成熟的她羞得几乎想要蜷缩，偏偏又迷醉得无法自拔。\n沉积良久的一切终于宣泄殆尽，她在几近昏厥的甜美沉醉里痉挛，被这天旋地转的解脱感温柔又残忍地吞没。
1092,action_part_a_orgasm_super_C,0,CVP_A2_T|106_E_1&CVP_A2_T|1_E_0&CVP_A2_A|10_LE_3,忍耐了太多次被逼到临界却又硬生生咽回的煎熬，{TargetName}此刻终于毫无保留地炸裂开来，成熟的身躯剧烈地弹跳颤搐，媚态尽显。\n那被反复累积到极限的滔天快感一齐倾泻，宛如一道白光贯穿她全身，将她这些年练就的沉稳与从容瞬间冲刷得干干净净。\n仍带着紧涩感的{anal}一下下狠狠痉挛，稚嫩敏感的肠壁把每一次收缩都放大成撕裂灵魂般的极乐，令她意识彻底断线。\n温热的肠液从{anal}深处失禁般喷涌而出，汹涌得根本无法遏制，那彻底失控的涌流感让她又惊又羞，成熟脸庞上写满了迷乱的沉溺。\n她在这几乎令人昏厥的甜蜜灭顶里瘫软战栗，郁积已久的快感终于尽数释放的巨大快慰，把她整个人推入了失神恍惚的极乐深处。
1093,action_part_a_orgasm_super_C,0,CVP_A2_T|106_E_1&CVP_A2_T|1_E_0&CVP_A2_A|10_LE_3,被一次次抬到绝顶边缘又狠心拽回的{TargetName}，终于在这一刻迎来了积蓄到极致的总爆发，成熟丰满的胴体大幅弓起后猛然瘫软。\n那远比寻常强绝顶还要凶猛数倍的极乐从后穴深处轰然掀起，像海啸般层层拍碎她的每一寸神经，思维一片空白到近乎崩溃。\n开发尚浅而依旧稚嫩的{anal}死命绞缩着，紧致的肠道在无休止的痉挛中将这份究极的甜蜜狂潮一遍遍反复碾磨、放大。\n她感到{anal}里大量肠液如失禁般止不住地喷涌泄流，那种彻底破堤的排出感让阅尽世事的她也羞得浑身发烫，偏又沉溺得眼神迷离。\n多年累积的一切终于尽情宣泄，她在甜到发昏、几欲晕厥的极乐沉醉里剧烈抽搐，被那如释重负般的巨大解脱感彻底温柔地淹没吞噬。
1094,action_part_a_orgasm_super_C,0,CVP_A2_T|107_E_1&CVP_A2_T|1_E_0&CVP_A2_A|10_LE_3,累积到极限的快感终于在这一刻被彻底放开，{TargetName}只觉得脑海中轰然炸开一片空白，被反复逼到边缘又强行按住的巨量快感如决堤般一齐倾泻，将她的意识撕裂成碎片。\n她那尚且稚嫩、只承欢过寥寥数次的{anal}此刻剧烈而不受控地连续痉挛收缩，紧致的肠壁一波接一波地深深绞紧，每一次收缩都把汹涌的极乐送上更高的顶点。\n身为人妻的她在这背德的究极绝顶里再也顾不上对丈夫的愧疚，只剩下灵魂被撕开般的震颤与迷醉。\n温热的肠液失禁般汩汩涌流不止，她在这彻底失控的排出感中羞耻得几乎昏厥，却又被累积已久终获释放的巨大解脱感甜美地淹没，腰肢深深弓起又骤然瘫软，四肢失控地痉挛乱颤，眼神彻底涣散。
1095,action_part_a_orgasm_super_C,0,CVP_A2_T|107_E_1&CVP_A2_T|1_E_0&CVP_A2_A|10_LE_3,被一次次推到绝顶边缘又生生截停的快感，此刻毫无保留地一齐爆发，{TargetName}只觉得一道白光贯穿天灵盖，思绪被冲刷得干干净净，连自己是谁都想不起来。\n开发有限的{anal}还残留着几分紧涩的稚嫩，却在这究极的高潮中不受控地疯狂缩紧又松开，紧窄的肠道以从未有过的幅度连续绞动，把极致的酥麻源源不断地泵向全身。\n作为背着丈夫偷尝禁果的人妻，这份禁忌带来的罪恶快感让绝顶更添几分灭顶的浓烈，她挣扎的理智早已荡然无存。\n大量温热的肠液不受控地喷涌而出，顺着股缝失禁般淌落，她在这羞耻至极的失禁感里被冲垮，却又沉溺于积压许久终于倾泻的畅快，浑身肌肉持续绷紧抽搐，脚趾深深蜷起，口水从失神微张的唇角滑落。
1096,action_part_a_orgasm_super_C,0,CVP_A2_T|107_E_1&CVP_A2_T|1_E_0&CVP_A2_A|10_LE_3,那被反复压抑、迟迟不许释放的巨量快感终于获准倾巢而出，{TargetName}的意识在瞬间被彻底冲垮，眼前一黑一白交替闪烁，思维陷入一片空茫的濒临崩溃。\n她那还带着青涩、仅被开垦过几回的{anal}此刻剧烈地长时间痉挛，未曾适应这般强度的稚嫩肠壁一圈圈死死绞紧，紧致的褶皱被极乐撑得颤抖不止，每一寸都在传递灭顶的战栗。\n人妻的身份让这背德之欢烙下更深的禁忌快感，她一边为背叛家庭而心悸，一边彻底沦陷在这不该有的极乐里。\n汹涌的肠液如失禁般止不住地喷洒涌流，她被这彻底失控的排出感冲刷得又羞又迷，累积已久的快感终获宣泄的解脱感让她甜美地几乎昏厥，腰背反复深弓后猛然塌软，双腿失控乱蹬。
1097,action_part_a_orgasm_super_C,0,CVP_A2_T|107_E_1&CVP_A2_T|1_E_0&CVP_A2_A|10_LE_3,积攒到几乎要将她撑爆的快感在这一刻被尽数放行，{TargetName}只觉灵魂像被一把撕裂，脑中轰鸣着炸成一片空白，连呼吸都忘了如何进行。\n她稚嫩而紧涩、只尝过数次滋味的{anal}疯狂地连续收缩绞动，尚未充分开发的肠道以极致的力道一下下深深咬合，紧窄的内壁把汹涌的酥麻搅成灭顶的浪潮，一波高过一波。\n身为人妻却在别的男人身下攀上如此顶峰，背德的刺激将这份究极绝顶烧得更加炽烈，愧疚与沉沦在她心中交织成灭顶的迷醉。\n滚烫的肠液失禁般汹涌喷出、绵绵不绝，她在这羞耻的失控涌流中被冲得神魂俱散，却又被压抑太久终获释放的巨大畅快甜甜淹没，全身痉挛绷直，指尖深深抠紧，眼神彻底失焦涣散。
1098,action_part_a_orgasm_super_C,0,CVP_A2_T|107_E_1&CVP_A2_T|1_E_0&CVP_A2_A|10_LE_3,一次次被逼到崖边又硬生生拦下的巨量快感，终于在此刻不再被压制而尽情奔涌，{TargetName}的思绪被这究极的绝顶彻底击碎，脑海空白得只剩下无边的酥麻在轰鸣。\n她那开发程度有限、仍旧紧致娇嫩的{anal}剧烈而失控地长时间抽搐痉挛，稚嫩的肠壁一阵紧过一阵地深深绞缩，把极致的战栗一层层堆叠推向不可思议的顶点。\n作为背着丈夫的人妻，这不伦的极乐让她既沉醉又心惊，背叛婚姻的禁忌感反而把绝顶的浓度推得更高。\n大股温热的肠液如决堤般失禁涌出、淋漓不止，她在这彻底失守的排出感中羞得几乎融化，又被憋积许久终得释放的甜美解脱冲得浑身瘫软，腰肢深弓后彻底虚脱，唇舌失控，津液顺着下巴滴落。

1099,action_part_a_orgasm_super_C,0,target_is_player_daughter&CVP_A2_T|1_E_0&CVP_A2_A|10_LE_3,被压抑了太久太久的快感在这一刻彻底决堤，{TargetName}只觉得整个人像是被一道滚烫的电流从{anal}深处狠狠贯穿，尖利的酥麻顺着尾椎一路窜上天灵盖，把她仅存的一点理智烧得干干净净。\n积攒到极限的绝顶终于被允许释放，那种被撕裂般的巨大冲击让她的思维瞬间化作一片空白，什么都想不了，只剩下{anal}一下又一下不受控制地剧烈痉挛收缩，紧致而稚嫩的肠壁疯狂地绞紧又松开，仿佛要把灵魂都从那里挤出来。\n她的腰肢深深弓起又猛地瘫软，双腿失控地绷直乱蹬，脚趾蜷缩成一团，大量温热的肠液毫无预兆地从后穴失禁般喷涌而出，止不住地涌流，那种彻底失控的排出感让她又羞又爽，几乎当场昏厥过去。\n迷乱的意识深处，她恍惚间想起把她操到绝顶的这个男人是自己的父亲，是博士，这份禁忌的认知混着灭顶的快感一齐冲垮了她，令她在无声的痉挛里彻底沉醉，脑海里只剩下终于被释放的甜美与解脱。
1100,action_part_a_orgasm_super_C,0,target_is_player_daughter&CVP_A2_T|1_E_0&CVP_A2_A|10_LE_3,那被反复推到边缘却又生生截停的巨量快感，此刻终于如溃堤的洪水般一齐倾泻出来，{TargetName}的大脑在绝顶降临的瞬间彻底炸成了一片雪白。\n她甚至来不及呻吟，喉咙里只挤出破碎而失真的气音，整个娇小的身子绷成一张满弓，{anal}猛地一缩，尚显稚嫩的肠道被这股究极的快感冲刷得剧烈抽搐，一波接一波地绞紧、颤动，紧致的褶皱疯狂开合，仿佛要把积压已久的一切统统释放干净。\n温热的肠液再也止不住，一股股从失控的后穴里汩汩涌出，顺着股缝淌落，那种失禁般的羞耻感却诡异地化成了更浓烈的快意，将她推向更深的迷醉。\n意识彻底被冲垮的恍惚里，她隐约意识到将自己彻底征服的竟是父亲{Name}，这份乱伦的禁忌像最后一根引线，把她仅剩的羞耻与理智一同引爆，让她在灭顶的解脱感中失神地颤抖着，久久无法回神。
1101,action_part_a_orgasm_super_C,0,target_is_player_daughter&CVP_A2_T|1_E_0&CVP_A2_A|10_LE_3,积蓄到几乎要将她逼疯的快感在这一刻轰然释放，{TargetName}感觉自己像是从悬崖上被狠狠抛下，失重般的极致快意从{anal}最深处炸开，瞬间席卷四肢百骸。\n她的意识被这股超乎想象的绝顶彻底撕裂，思绪支离破碎，连自己身在何处都恍惚不清，唯有{anal}还在诚实而疯狂地痉挛着，稚嫩紧致的肠壁一圈圈地收缩绞紧，敏感得连最细微的余韵都被放大成灭顶的电流。\n她的脚趾死死蜷起，双腿抽搐着痉挛，腰身反复深弓又彻底脱力地塌下，大量肠液失禁似的从后穴喷涌，止都止不住，那种彻底失控的排泄感把她的羞耻心碾得粉碎。\n迷离的余韵里，她朦胧地记起亲手将她操上云端的是自己的爸爸，是那个平日里正襟危坐的博士，这份背德的悸动混着漫长压抑后终得释放的巨大解脱，让她在甜美的昏眩中彻底沉沦下去。
1102,action_part_a_orgasm_super_C,0,target_is_player_daughter&CVP_A2_T|1_E_0&CVP_A2_A|10_LE_3,被一次次逼到绝顶边缘又硬生生拽回的煎熬，终于在这一刻迎来了彻底的释放，{TargetName}积攒到极限的快感如决堤般奔涌而出，将她整个人淹没得再不剩一丝理智。\n究极的绝顶感从{anal}深处轰然炸开，强烈到近乎痛楚，她的思维被冲刷成一片纯粹的空白，眼神彻底涣散，嘴唇失控地颤抖着，连口水都不受控制地溢出嘴角。\n{anal}疯狂而持久地痉挛收缩着，尚未被完全开发的稚嫩肠道被这股洪流冲得剧烈绞紧，一下又一下地抽搐，紧致的后穴喷涌出止不住的滚烫肠液，失禁般地淌了满腿。\n在这近乎昏厥的极致沉醉里，她的脑海深处浮起一个令她战栗的认知，把她操得魂飞魄散的正是自己的生父。\n这份禁忌的乱伦快感与积压许久终得宣泄的解脱交织在一起，把她钉在无边的甜美深渊里，久久不能自拔。
1103,action_part_a_orgasm_super_C,0,target_is_player_daughter&CVP_A2_T|1_E_0&CVP_A2_A|10_LE_3,那被压抑积攒了不知多久的巨浪终于冲破了最后的堤坝，{TargetName}在绝顶降临的刹那浑身剧烈一震，仿佛灵魂都被从{anal}里生生抽离了出去。\n超乎想象的极致快感如惊雷般在体内炸响，将她的意识彻底冲垮，脑子里一片空茫，连呼吸都忘了怎么进行，只能任由身体自己剧烈地痉挛。\n{anal}一波又一波不受控制地绞缩着，稚嫩而紧致的肠壁敏感得如同被无数电流反复灼烧，每一次收缩都把她推向更高的巅峰，大量温热的肠液失禁般地从失控的后穴喷涌不止，淋漓地涌流下来。\n她弓起的腰肢猛地脱力塌软，四肢无力地痉挛抽搐着，在这灭顶的甜美中彻底失神。\n恍惚间她想起将她彻底占有的男人是自己的父亲博士，这份乱伦的羞耻与终于卸下一切的巨大解脱一齐涌上心头，让她在昏眩的沉醉里泪眼迷蒙，久久沉溺其中。
1104,action_part_a_orgasm_super_C,0,CVP_A2_T|102_E_1&CVP_A2_T|1_E_0&CVP_A2_A|10_G_3&CVP_A2_A|10_LE_6,积攒了太久太久的快感终于在这一刻被彻底放开，幼小的{TargetName}只觉得一股滔天的热浪从{anal}深处轰然炸开，将她那点稚嫩的意识瞬间冲得粉碎。\n那是远远超出她小小身体所能承受的极致灭顶，一波接着一波，仿佛永远都不会停歇，被反复逼到边缘又生生拦下的巨量快感此刻一齐倾泻而出，令她幼嫩的脑子里一片惨白，什么都想不了，什么都记不得。\n有经验的{anal}熟练又失控地剧烈痉挛收缩着，一下比一下更深更狠，稚气的小腹随之疯狂抽搐，纤细的腰肢反复弓起又彻底瘫软下去。\n大量温热的肠液再也压不住地喷涌而出，失禁般顺着股缝汩汩涌流不止，那种彻底失控的排出感让她既羞耻到想哭又迷醉到发昏。\n{TargetName}小小的身子绷成一张满弓，四肢无力地痉挛乱蹬，眼神彻底涣散，津液顺着嘴角滑落，只剩下积压已久终于被放开的那份甜美到令她濒临昏厥的巨大解脱，在幼小的灵魂里翻涌不休。
1105,action_part_a_orgasm_super_C,0,CVP_A2_T|102_E_1&CVP_A2_T|1_E_0&CVP_A2_A|10_G_3&CVP_A2_A|10_LE_6,被一次次逼到绝顶边缘却又生生停住的折磨终于走到了尽头，堆积如山的快感在这一瞬间轰然决堤，幼小的{TargetName}整个人都被这股究极的灭顶浪潮彻底吞没了。\n她稚嫩的意识在快感抵达的刹那彻底断了线，脑海里空空荡荡，连自己是谁都想不起来，只有那股撕裂灵魂般的震撼一遍又一遍地碾过她小小的身体。\n那早已被开发得熟悉快感的{anal}此刻极度剧烈地连续绞缩，深处的每一寸都在疯狂跳动，稚气的下腹一阵阵痉挛，细嫩的双腿失控地抽搐乱颤。\n汹涌的肠液如决口般大量涌出，止不住地失禁流淌，那种再也兜不住的排出般的失控感让幼小的她又惊又羞，却又沉溺得无法自拔。\n{anal}长久而不受控地抽搐着，{TargetName}红扑扑的小脸上写满迷醉与失神，累积已久的巨量快感终于得以尽数宣泄，那份甜美得几乎昏死过去的解脱感将她小小的神志彻底淹没。
1106,action_part_a_orgasm_super_C,0,CVP_A2_T|102_E_1&CVP_A2_T|1_E_0&CVP_A2_A|10_G_3&CVP_A2_A|10_LE_6,那憋闷已久、被反复拦截在临界点前的庞大快感，此刻毫无保留地一齐释放，像海啸一样从{anal}最深处直冲上幼小{TargetName}的天灵盖。\n她小小的脑袋里瞬间炸成一片空白，思维彻底停摆，连呼吸都忘了该怎么进行，整个稚嫩的世界只剩下这股无边无际、远超她想象的极致快感在反复冲刷。\n有过经验的{anal}此刻却半分技巧也用不上，只能极致失控地痉挛痉挛再痉挛，一下下绞得又紧又深，幼嫩的腰肢深深弓起后又彻底软塌下来。\n温热的肠液止不住地喷涌失禁，顺着幼小的臀缝一股股淌落，那种彻底兜不住的排出感让她羞耻得小脸通红，偏偏又迷醉得几乎要融化。\n{TargetName}纤细的四肢无力地痉挛乱颤，眼神涣散无焦，唇齿失控地微微张着，只余下积压太久终于倾泻而出的巨大快感，与那份甜到令她濒临昏厥的解脱，在她幼小的躯壳里久久不肯退去。
1107,action_part_a_orgasm_super_C,0,CVP_A2_T|102_E_1&CVP_A2_T|1_E_0&CVP_A2_A|10_G_3&CVP_A2_A|10_LE_6,仿佛体内有一根紧绷到极限的弦终于被拨断，被寸止累积了太多太多的快感在这一刻决堤般全数涌出，将幼小的{TargetName}整个吞没进灭顶的极乐里。\n她那点稚嫩的意识被这股究极的浪潮撕得粉碎，脑子里一片惨白空茫，什么都抓不住，什么都想不起，只能任由灵魂被这远超极限的快感一次次碾碎又重塑。\n熟知快感的{anal}此刻极度而漫长地连续收缩痉挛，深处像是要把一切都绞进去，稚气的小腹疯狂起伏抽搐，细弱的双腿失控地乱蹬颤抖。\n大股大股的肠液压抑不住地喷涌而出，失禁般涓涓不绝地流淌，那种再也控制不住的排出感让幼小的她又羞又慌，却在慌乱里沉沦得更深。\n{anal}不受控地一缩一缩，{TargetName}小小的身子剧烈颤栗着，口水顺着下巴滴落，眼底一片失焦的迷离，唯有那份积攒许久终获释放的甜美解脱，令她甜蜜到近乎昏厥。
1108,action_part_a_orgasm_super_C,0,CVP_A2_T|102_E_1&CVP_A2_T|1_E_0&CVP_A2_A|10_G_3&CVP_A2_A|10_LE_6,忍耐了太久、被一再逼停在绝顶门槛前的滔天快感，终于在这一刻被允许彻底喷薄而出，幼小的{TargetName}被这股究极灭顶冲击得魂飞魄散。\n她稚嫩的神志在快感涌来的瞬间彻底崩解，脑海空白得连一丝念头都留不住，整个小小的身体都被这远远超出承受极限的极乐反复贯穿、反复冲垮。\n被反复开发过的{anal}此刻毫无保留地极致痉挛，深处一波波剧烈绞缩，幼嫩的腰肢反复深弓后又瘫软无力，纤细的手指痉挛地攥紧又松开。\n汹涌不止的肠液失禁般大量喷涌，顺着幼小的股间不受控地流淌成片，那种彻底失守的排出感让她羞耻到灵魂发烫，却又迷醉得神魂颠倒。\n{anal}长久地抽搐收缩个不停，{TargetName}涨红的小脸上满是失神与陶醉，四肢瘫软地轻颤，只剩下积压已久终于尽数放开的那份甜美到令她几近昏厥的巨大解脱，在稚嫩的躯体深处久久回荡。

1109,action_part_a_orgasm_super_C,0,CVP_A2_T|104_E_1&CVP_A2_A|5_LE_3,积攒了太久的快感在这一刻终于被允许一齐倾泻而出，{TargetName}那本该迟钝麻木的{anal}竟也被这股滔天巨浪彻底冲垮。\n明明是感度低下的后穴，平日里只能懵懂地感受到被填满的胀实，此刻却被反复推到绝顶边缘又生生截停所累积的巨量快意撕裂开来，一波接一波的滔天电流从深处炸开，顺着稚嫩的脊背一路窜上后脑，令少女的思维在瞬间化为一片空白。\n{TargetName}的意识被这股究极的快感彻底击溃，青春的身体绷成一张满弓，又在下一刻彻底瘫软，脑海里什么都想不了，只剩下灵魂被生生撕开般的震颤。\n{anal}极度剧烈地一缩一缩，大股大股的肠液失禁般涌流不止，那种彻底失控的排出感令她既羞耻到极点又迷醉到极点。\n压抑了太久的东西终于得到释放，那股几乎令她昏厥的甜美解脱感将{TargetName}整个人卷入无边的沉沦里，只剩眼神涣散、口水失控地溢出，年轻的她甜甜地沉溺在这场超乎想象的极致绝顶之中。
1110,action_part_a_orgasm_super_C,0,CVP_A2_T|104_E_1&CVP_A2_A|5_LE_3,那被寸止折磨到濒临崩溃的巨量快感终于被彻底放开，如决堤般一齐涌进{TargetName}平素毫无知觉的{anal}深处。\n这本是感度低微的肠道，往日里连被贯穿都只觉得是钝钝的异物感，此刻却承受着远远超出想象的极致快意，那股滚烫的电流从最深处轰然爆开，一圈圈碾过青春的小腹与纤细的腰肢，将少女尚且青涩的神智整个碾成齑粉。\n{TargetName}只觉灵魂都被这滔天的快感掀翻，脑中一片惨白，什么念头都抓不住，青春靓丽的身躯痉挛着深深弓起又瘫软下去，四肢无力地痉挛乱颤。\n{anal}长久而失控地剧烈收缩着，汹涌的肠液喷涌而出、失禁般止不住地流淌，那种被冲垮一切理智的排出感令她羞耻得几乎要哭出来，却又迷醉得无法自拔。\n积压已久的一切在这一刻尽数释放，那种巨大到令她几近昏厥的解脱与沉醉将{TargetName}温柔地淹没，年轻的她眼神迷离失焦，甜腻地陷落在这前所未有的究极高潮里。
1111,action_part_a_orgasm_super_C,0,CVP_A2_T|104_E_1&CVP_A2_A|5_LE_3,仿佛体内那道被反复截断的洪流终于冲破了最后的堤坝，累积到极致的快感一股脑地灌满了{TargetName}那向来迟钝的{anal}。\n对这个感度低下的后穴而言，平日里的刺激不过是隐约的胀满，可这一次，被压抑了太久太久的巨浪却将它彻底淹没，滔天的酥麻与战栗从深处骤然炸裂，顺着青春的身体一路蔓延到四肢百骸，令少女的思绪在刹那间被冲刷得干干净净。\n{TargetName}的意识彻底崩塌，脑海空茫得连自己是谁都想不起来，年轻的腰肢反复深深弓起又彻底塌软，双腿失控地绷直乱蹬，唇舌都不听使唤地微微张着。\n{anal}极度痉挛着一波波收紧，大量温热的肠液如失禁般奔涌不止，那种毫无遮拦的喷涌令青涩的她羞耻到灵魂发烫，却又甜蜜到无力抗拒。\n憋闷了太久的快意终于尽数奔流而出，那股足以令她昏厥过去的解脱感与沉醉感将{TargetName}整个吞没，年轻的身体在极致的绝顶余韵里久久无法回神。
1112,action_part_a_orgasm_super_C,0,CVP_A2_T|104_E_1&CVP_A2_A|5_LE_3,被一次次推到顶点又硬生生拦下的快感，此刻如山呼海啸般一齐倾泻，将{TargetName}那平素麻木的{anal}彻底贯穿淹没。\n这后穴本就感度浅薄，寻常时候只能笨拙地分辨出被撑开的钝感，如今却被累积到骇人地步的极致快意撑爆，那股滔天巨流从最深处轰然掀起，席卷过稚嫩的小腹，令青春年少的她整个神智都被掀飞。\n{TargetName}只觉自己像被从灵魂深处撕裂开来，脑中轰的一声化作空白，什么都想不了，年轻鲜活的身躯剧烈痉挛着，绷紧到极限又骤然瘫软，眼神彻底涣散失了焦距。\n{anal}长久失控地一缩一缩，浓稠的肠液失禁般大股喷涌、汩汩流淌不止，那种彻底泄尽的排出感令青涩少女羞耻得浑身发烫，偏又迷醉得不能自已。\n压抑得太久的一切终于得到宣泄，那份几乎令她晕厥的巨大解脱与甜美沉沦将{TargetName}紧紧裹住，年轻的她瘫软着，在这超乎想象的绝顶里彻底融化。
1113,action_part_a_orgasm_super_C,0,CVP_A2_T|104_E_1&CVP_A2_A|5_LE_3,当那被反复拦截、囤积到无以复加的快感终于被一齐释放，{TargetName}连感觉都迟钝的{anal}也在顷刻间被这究极的巨浪彻底击溃。\n明明是敏感度极低的肠道，往日里那些刺激至多只让她觉出些许胀实的异样，可这一次积攒到极点的快意却远远凌驾于她的忍耐之上，滚烫的电流从深处炸开，一层层漫过青春的腰腹，将少女懵懂的意识冲得七零八落。\n{TargetName}的思维在那一瞬彻底空白，仿佛灵魂被生生震碎，年轻的身体不受控制地长时间剧烈痉挛，腰背深深弓起又彻底塌下，口角失控地溢出晶亮的津液。\n{anal}极致而绵长地收缩抽搐着，滚烫的肠液如失禁般汹涌喷涌、止不住地奔流，那种被冲垮一切的失控排出令青涩的她既羞耻欲死又沉醉入骨。\n囤积已久的快感尽数奔流释放，那股几乎令她昏死过去的甜美解脱将{TargetName}整个溺没，年轻靓丽的她眼神迷离，甜甜地瘫软在这场极致绝顶带来的无边余韵之中。
1114,action_part_a_orgasm_super_C,0,CVP_A2_T|103_E_1&CVP_A2_T|1_E_0&CVP_A2_A|10_G_3&CVP_A2_A|10_LE_6,积蓄了太久太久的快感在这一刻终于被彻底放开，早已被逼到绝顶边缘又一次次强行拦下的{TargetName}再也承受不住，一股远超她幼小身体所能想象的极致快感轰然炸裂开来。\n那被反复开发过的{anal}在这一瞬间疯狂地痉挛收缩，一波接着一波，绵长得没有尽头，稚嫩的腰肢无法控制地深深弓起又软软塌下，纤细的双腿绷得笔直，脚趾蜷缩到极限。\n她的脑子里一片雪白，什么都想不了了，那点属于萝莉的懵懂早已被这灭顶的快感冲得粉碎，只剩下灵魂被撕裂般的震颤在小小的身体里横冲直撞。\n积压已久的巨量快感终于一齐倾泻而出，那种解脱感甜美得让她几乎昏厥过去，意识一次次沉下去又被新的痉挛勾回来。\n温热的肠液从失控的{anal}里失禁般汩汩涌出，怎么也止不住，稚嫩的她被这彻底失控的排出感冲垮了最后一丝羞耻，只能在灭顶的迷醉与解脱里无助地颤抖着，泪眼朦胧地失神着。
1115,action_part_a_orgasm_super_C,0,CVP_A2_T|103_E_1&CVP_A2_T|1_E_0&CVP_A2_A|10_G_3&CVP_A2_A|10_LE_6,一直被拦在绝顶门口、憋得发狂的快感终于获得了释放的许可，刹那间如决堤的洪流般将{TargetName}整个人吞没。\n那早已习惯了被侵犯的{anal}疯狂地收缩着，剧烈得近乎抽搐，一下又一下深深地绞紧再松开，累积了太久的甜蜜胀痛在这一刻尽数化作滔天的快感，从后穴深处一路席卷上她幼小的脊背。\n{TargetName}的意识被彻底冲垮了，稚气未脱的小脸上满是失神的神情，眼神涣散得聚不起焦点，嘴唇微微张着却发不出成句的声音，唾液不受控制地从嘴角滑落。\n那是一种灵魂都要被抽走的极致震撼，可紧随其后的却是巨大得让她想哭的解脱，仿佛压在身上许久的重担终于被卸下。\n大量滚烫的肠液从彻底失控的{anal}中喷涌而出，失禁般止不住地往外淌，小小的她被这种羞耻到极点的排出感彻底击溃，却又在这灭顶的沉醉里迷失了自己，只剩下一波波余韵还在稚嫩的体内不肯散去。
1116,action_part_a_orgasm_super_C,0,CVP_A2_T|103_E_1&CVP_A2_T|1_E_0&CVP_A2_A|10_G_3&CVP_A2_A|10_LE_6,这一次再没有半途而止的折磨，被吊在极乐边缘无数次的{TargetName}终于被允许一次性释放出所有积压的快感，那股力量之大远远超出了她小小身躯的承受极限。\n{anal}猛地开始了长时间不受控制的连续痉挛，收缩的幅度大得惊人，仿佛要把体内的一切都绞出来，她纤瘦的身子剧烈地弓起又瘫软，反反复复，稚嫩的四肢失控地痉挛乱蹬。\n她的思维在快感炸开的第一瞬就化成了一片空白，那点属于萝莉的天真与羞怯早被冲刷得干干净净，只剩下濒临崩溃的极乐在意识里翻涌。\n压抑了太久的欲望终于奔流而出，那种酣畅淋漓的解脱感甜美得近乎残忍，让她既想沉溺又害怕自己就此融化。\n温热黏腻的肠液从收缩不止的{anal}里失禁似地喷洒出来，一股接一股怎么也断不了，幼小的她在这彻底失控的涌流中被羞耻与迷醉同时淹没，泪水混着失神的呓语，只能任由灭顶的甜美沉醉将自己整个卷走。
1117,action_part_a_orgasm_super_C,0,CVP_A2_T|103_E_1&CVP_A2_T|1_E_0&CVP_A2_A|10_G_3&CVP_A2_A|10_LE_6,憋了太久的绝顶终于决堤，一次次被强行按在高潮前一秒的{TargetName}再也压抑不住，那积攒到极致的巨量快感如雪崩般把她幼小的意识彻底埋没。\n经过反复开发的{anal}在这一刻疯狂地绞动收缩，痉挛来得又深又长，一浪高过一浪，她单薄的腰身无法自控地一次次深深塌陷又弓起，稚嫩的脚趾蜷得死紧，纤细的小腿抖个不停。\n那种快感强烈到像是要把她的灵魂从身体里生生撕扯出去，她的脑袋里嗡的一声就再也转不动了，满是失神与空白，连自己身在何处都恍惚了起来。\n可就在这几乎要崩溃的极乐尽头，一股无与伦比的解脱感汹涌而至，那是累积已久终获释放的甜美，让她甘愿沉沦其中。\n止不住的肠液从失禁般的{anal}里一波波涌流出来，怎么夹都夹不紧，年幼的她被这种毫无尊严的排出感冲垮了理智，却在极致的羞耻与沉醉交织里彻底醉了过去，小小的身体久久无法从这场灭顶的甜蜜里挣脱出来。
1118,action_part_a_orgasm_super_C,0,CVP_A2_T|103_E_1&CVP_A2_T|1_E_0&CVP_A2_A|10_G_3&CVP_A2_A|10_LE_6,当那道一直拦着她不让她坠落的枷锁终于被解开，被寸止累积到临界的巨量快感在{TargetName}体内一齐引爆，那威力大得让她这具幼小的身子根本招架不住。\n早被侵犯得熟稔的{anal}发疯似地连续痉挛，收缩一波紧接一波，长久得没有尽头，稚嫩的躯体绷成一张满弓又骤然松垮，纤瘦的四肢失控地颤抖抽搐，连指尖都在无意识地痉挛。\n她的意识被这灭顶的快感冲得七零八落，脑海里白茫茫一片什么都剩不下，那份属于萝莉的懵懂彻底沦陷在濒临崩溃的极乐之中，眼神失焦，唇舌都不听使唤了。\n压抑了太久的快感终于尽数奔涌而出，那股酣畅的解脱感甜美得几乎要将她的魂魄都融化，让她在迷醉里止不住地战栗。\n滚烫的肠液从彻底失守的{anal}中失禁般喷涌不止，一股股怎么也收不住，小小的她被这种极致羞耻的失控排出淹没了残存的意识，只能在灵魂震颤般的沉醉与解脱里，无力而甜美地失神着。
1119,action_part_a_orgasm_super_C,0,CVP_A2_T|104_E_1&CVP_A2_T|1_E_0&CVP_A2_A|10_G_3&CVP_A2_A|10_LE_6,被一次次逼近顶点却又被硬生生按停的巨量快感，在这一刻终于毫无保留地一齐决堤而出。\n{TargetName}那具青春靓丽、刚刚成熟的少女娇躯猛地绷成一张满弓，富有弹性的腰肢高高弓起又剧烈颤栗。\n积压了太久的绝顶自{anal}最深处轰然炸裂，早已被开发得懂得享受的肠壁疯狂痉挛蠕动，将累积的每一丝快感一齐榨取出来。\n她年轻的意识被这远超想象的灭顶滋味冲刷得粉碎，脑海里嗡的一声化作一片惨白的空茫，连呼吸都彻底忘却了。\n那处有经验的{anal}再也含不住滚烫的肠液，失禁般地一股接一股喷涌不止，那彻底失控被掏空的排出感让她又羞又醉。\n纤长富有弹性的双腿绷直又抽搐，青春的脸庞失神地泛红挂着泪，她只能任由这累积到极限的甜美洪流把整个人淹没、冲垮、彻底沉溺。
1120,action_part_a_orgasm_super_C,0,CVP_A2_T|104_E_1&CVP_A2_T|1_E_0&CVP_A2_A|10_G_3&CVP_A2_A|10_LE_6,憋闷了太久、被反复吊在崩溃边缘的快感，终于挣脱那道被强行拦住的堤坝，以雪崩之势灌满{TargetName}青春鲜活的全身。\n她那早已适应良好的后穴在这一瞬彻底失守，纤细的腰肢猛地一挺，随即失控地剧烈颤抖起来。\n究极的绝顶从{anal}里层层叠叠地翻涌上来，比以往任何一次都凶猛百倍，懂得收放的肠道像疯了一样绞紧又松开，把累积的甜楚尽数逼出。\n她那双写满好奇与热情的眼眸此刻失焦地翻起，年轻的小脑袋根本承受不住这灵魂撕裂般的冲击，意识一次次濒临崩塌。\n伴着令人昏厥的甜美震颤，{anal}深处失禁般地喷洒出大量温热肠液，怎么也止不住地往外淌，湿淋淋地宣泄着彻底的失控。\n这种被累积快感掏空又终于释放的巨大解脱感，让她青春的身子软成一滩，眼神迷离地沉醉在半昏迷的余韵里。
1121,action_part_a_orgasm_super_C,0,CVP_A2_T|104_E_1&CVP_A2_T|1_E_0&CVP_A2_A|10_G_3&CVP_A2_A|10_LE_6,被一次次强行掐断、层层堆叠的滔天快感，此刻如同挣断锁链的猛兽，从{TargetName}那具活力四射的少女身躯里一齐咆哮而出。\n她纤长紧实的双腿控制不住地绷直又颤栗，脚趾死死蜷成一团，青春的娇躯像触电般高高扬起。\n那超乎想象的极致绝顶自{anal}深处一波接一波地席卷全身，早已被调教得敏感又熟稔的肠壁疯狂收缩，把最后一丝理智也绞得粉碎。\n她年轻的意识被这天旋地转的震撼彻底冲垮，脑海一片空茫，连自己身在{SceneName}都记不起来了。\n那处有经验的{anal}再也含不住，滚烫的肠液失禁似地喷涌不止，一层层温热地淌落，彻底失控的排出感让她羞耻得几乎融化。\n她微张着娇艳的唇无声地痉挛，饱满而富弹性的胸口剧烈起伏，只能任由这累积到顶点的灭顶快感把自己整个吞没，沉进甜美到发晕的深渊。
1122,action_part_a_orgasm_super_C,0,CVP_A2_T|104_E_1&CVP_A2_T|1_E_0&CVP_A2_A|10_G_3&CVP_A2_A|10_LE_6,那被硬生生憋回去无数次的巨量快感，在毫无预兆间彻底炸裂开来，将{TargetName}青春的神智轰得七零八落。\n她刚成熟的娇躯猛地痉挛，富有弹性的后腰高高弓起，青涩的脸上写满了承受不住的迷醉与恍惚。\n从{anal}最深处翻腾而起的超强绝顶，凶猛得远远盖过以往任何一次，那处适应良好的肠道疯狂蠕动着榨取每一分累积的极乐。\n她年轻活泼的小脑袋被这排山倒海的快感冲得一片雪白，思维彻底停摆，只剩下灵魂被掏空般的震颤与失神。\n伴随着几乎昏厥的甜美，{anal}深处止不住地喷出大量滚烫肠液，失禁般地涌流不停，淋漓地宣泄着再也掩不住的失控。\n这累积已久终于释放的巨大解脱感让她青春的身体酥麻瘫软，纤长的睫毛挂着泪珠，眼神涣散地沉溺在这灭顶极乐的余韵里无法自拔。
1123,action_part_a_orgasm_super_C,0,CVP_A2_T|104_E_1&CVP_A2_T|1_E_0&CVP_A2_A|10_G_3&CVP_A2_A|10_LE_6,层层累积、被一次次寸止逼停的究极快感，终于在这一瞬毫无保留地一齐宣泄出来，狠狠冲垮了{TargetName}最后一道堤坝。\n这个青春洋溢的少女娇躯剧烈地弹跳了一下，随即失控地抽搐颤抖，鲜活的眼眸瞬间失去了焦距。\n那灭顶的绝顶如决堤的洪流从{anal}里奔涌而出，早已懂得放松收缩的肠壁疯狂痉挛绞紧，把累积到爆炸的甜楚一滴不剩地逼了出来。\n她矜持的理智被这灵魂都在震颤的滋味撕成碎片，青涩的脑海天旋地转，濒临着彻底的崩溃与失神。\n那处有经验的{anal}深处一股接一股地喷涌出温热肠液，失禁似地淌流不止，被彻底掏空的排出感让她又羞又爽到发抖。\n她纤弱而富有弹性的四肢彻底失去了力气，青春的脸颊烧得通红，只能任凭这累积到极限的甜美快感将自己冲垮、淹没，深深沉醉在昏眩的余韵之中。

1124,action_part_a_orgasm_super_C,0,CVP_A2_T|105_E_1&CVP_A2_T|1_E_0&CVP_A2_A|10_G_3&CVP_A2_A|10_LE_6,积攒了太久太久的快感终于在这一刻彻底决堤，一波远远凌驾于以往任何一次绝顶之上的滔天热浪毫无预兆地自{anal}最深处轰然爆裂，将成熟中犹带着几分青涩的{TargetName}整具丰盈娇躯狠狠掀翻。\n那是被一次次推到边缘又生生按下、累积到再也无法承受的巨量甜楚在瞬间一齐倾泻，凶猛得几乎要把她整个人的灵魂都撕裂开来，她那向来从容优雅的神情彻底崩碎，脑海里嗡的一声便被冲刷成一片空茫的雪白，连自己身在何处、连身旁的博士都想不起来了。\n{anal}一阵紧过一阵地疯狂痉挛绞缩，每一下都甜得她眼前发白、四肢发麻，意识被这灭顶的极乐冲得七零八落，只剩下濒临崩溃的迷醉与几乎要昏厥过去的甜蜜沉醉。\n她慌乱又销魂地察觉到大量滚烫的肠液从失控的{anal}里失禁般汹涌喷涌，怎么也止不住地涌流，那份彻底失控的窘迫烧红了她成熟却尚显生涩的脸颊，也把她烧得神魂颠倒。\n她微张着娇唇却吐不出半个成句的音节，丰腴的腰肢高高弓起又软软塌陷，脚趾死死蜷成一团，久久瘫软在这场究极绝顶带来的巨大解脱与灭顶战栗里回不过神来。
1125,action_part_a_orgasm_super_C,0,CVP_A2_T|105_E_1&CVP_A2_T|1_E_0&CVP_A2_A|10_G_3&CVP_A2_A|10_LE_6,一记被反复逼到绝顶边缘却又一次次生生截停的快感，终于在这一刻挣脱了所有的束缚，如同积蓄到极限的火山自{anal}深处喷薄而出，将{TargetName}那具成熟丰盈又残存青涩的娇躯彻底吞没。\n她那具已有一定肛交经验、早已懂得如何放松收缩去承接欢愉的身体，此刻却在这蓄势已久的一齐释放面前彻底缴械，那快意浓烈到远远超出她过往所熟悉的任何一次巅峰，凶得让她几乎忘了呼吸。\n{anal}疯了似的一圈圈绞紧又骤松，滚烫的甜楚顺着脊椎直窜进天灵盖，把她仅存的一点神智搅成一团糨糊，脑海里一片空白，灵魂像是被硬生生撕开一道口子。\n她清清楚楚地感到大量温热黏腻的肠液从抽搐不止的{anal}里失禁般奔涌而出，多得连见惯风浪的她都心头骤颤，那份再也掩不住的失控让她又羞又醉。\n成熟的脸庞失神地泛着潮红，眼角挂着晶亮的泪珠，纤腰一次次痉挛着弓起又瘫软，她整个人都沉溺在这份终于释放的巨大解脱与几近昏厥的极致迷醉里，久久无法自拔。
1126,action_part_a_orgasm_super_C,0,CVP_A2_T|105_E_1&CVP_A2_T|1_E_0&CVP_A2_A|10_G_3&CVP_A2_A|10_LE_6,当那股被一寸寸累积、又一遍遍强行压下的滔天快意终于冲破最后一道闸门，{TargetName}只觉得{anal}最深处猛地炸开一片她从未体验过的灭顶浪潮，那强度远远碾压了以往任何一次绝顶。\n积攒到再也承受不住的巨量甜楚在这一刻一齐释放，凶猛得像要把她这个介于成熟与青涩之间的大姐姐整个人的意识都冲垮撕碎，她一向沉稳的眼眸此刻失焦地翻起，脑子里再也拼凑不出一个完整的念头。\n她那略有经验的身子明明知道该如何放松去迎接快感，可这一波究极绝顶却远远超出了她所能驾驭的极限，{anal}一下下地剧烈翻搅收缩，每一次痉挛都把浓烈的爽意灌满四肢百骸。\n她能感到大量灼热的肠液顺着失控的{anal}汹涌泄出、甚至失禁般涌流不止，那份湿淋淋的窘迫让她成熟的脸烧得滚烫，偏偏羞耻又化作更浓的迷醉把她越拖越深。\n她修长的双腿绷得笔直又忍不住痉挛乱颤，喉间只溢得出断续破碎的媚哼，整颗心都在这灵魂震荡般的极致快意里被撞得晕头转向、神魂俱醉，只剩下满身满心几乎要昏厥过去的甜腻沉沦。
1127,action_part_a_orgasm_super_C,0,CVP_A2_T|105_E_1&CVP_A2_T|1_E_0&CVP_A2_A|10_G_3&CVP_A2_A|10_LE_6,那被无数次推向顶点又硬生生拽回的欲潮，终于在积攒到临界的一瞬彻底崩塌，一股远比以往凶悍太多的极乐自{anal}里翻江倒海般席卷而出，把{TargetName}成熟中透着青涩的丰盈身躯狠狠卷入灭顶的漩涡。\n这一次的绝顶来得又深又重，仿佛把过去被寸止累积下来的所有甜楚一次性尽数倾泻，她那本就懂得从肛交中汲取欢愉、适应良好的身体也彻底招架不住，鲜活的神经被烧得噼啪作响。\n{anal}一波接一波地疯狂痉挛绞缩，那种熟悉的酥麻被放大到令她头皮炸裂，理智像沙堡般在浪潮里彻底坍塌，只剩灵魂深处一片被撞碎的空白与眩晕。\n她惊惶又沉醉地感到大量温热的肠液毫无节制地从{anal}中失禁般奔涌，怎么也止不住，那份彻底失控的羞耻反倒诡异地将快感又推高了一层。\n她白皙修长的手指无力地抓挠着虚空，成熟的脸蛋涨得通红又挂满泪痕，纤腰高高弓起又脱力塌陷，整个灵魂都在这场究极绝顶的滔天巨浪里翻覆沉溺，仿佛下一刻就要被这灭顶的甜蜜彻底冲散。
1128,action_part_a_orgasm_super_C,0,CVP_A2_T|105_E_1&CVP_A2_T|1_E_0&CVP_A2_A|10_G_3&CVP_A2_A|10_LE_6,一浪高过一浪、被反复寸止逼到极限的快感终于在{anal}最深处彻底决堤，一记比以往任何一次都更凶悍的究极绝顶轰然席卷了{TargetName}整具成熟与青涩交织的娇躯，让她在{SceneName}里失控地弓起了纤腰。\n那是累积到再也压制不住的巨量甜楚在瞬间一齐爆发，猛得她一贯优雅从容的姿态土崩瓦解，脑子里嗡的一声便被冲刷成一片空茫，连呼吸都断成了破碎的气音。\n她那有几分经验的身体本能地想放松去承接，却根本追不上这远超极限的快意，{anal}深处一波接一波地灼热痉挛，每一下都甜得她眼前阵阵发白、浑身酥麻。\n她只觉大量滚烫的肠液顺着绞缩不止的{anal}汹涌泄出、失禁般涌流个不停，那份再也捂不住的失控烧得她成熟的脸颊滚烫，也把她本想维持的那点姐姐气度烧得半点不剩。\n她丰盈的身子一次次抽搐着绷紧又软软瘫下，眼神彻底涣散，喉间只溢出断续破碎的媚吟，这场究极绝顶像一记重锤把她的灵魂撞得支离破碎，只留下满心近乎昏厥的巨大解脱与极致迷醉，久久回不过神来。
1129,action_part_a_orgasm_super_C,0,CVP_A2_T|105_E_1&CVP_A2_T|1_E_0&CVP_A2_A|10_G_3&CVP_A2_A|10_LE_6,积蓄到极限的快意在这一刻轰然引爆，一股远比过往任何一次都要灼烫凶猛的浪潮从{anal}深处炸裂开来，将{TargetName}仅存的最后一丝理智与那点大姐姐的矜持彻底冲垮。\n无数次被逼到边缘又强行截停的甜楚终于一齐倾泻而下，那份灭顶的快感浓烈到近乎崩溃，她那已有一定肛交经验、平日里懂得如何收放去享受的身子，此刻也在这究极绝顶面前彻底失了控，通体战栗着攀上了从未触及的敏感新高。\n她能清晰地感到{anal}一阵接一阵地翻涌痉挛，滚烫黏腻的肠液毫无节制地喷涌而出、甚至失禁般小幅溅射，那股湿热让她又羞又醉，成熟却尚显生涩的脸颊烧得滚烫。\n意识在这极致的痉挛里彻底化作一片空白，她只能沉溺在这前所未有的强烈绝顶中失神颤抖，灵魂仿佛被狠狠撕裂震荡。\n她微弓的后腰一次次绷紧又塌软，脚趾蜷得死紧，娇艳的唇瓣翕张却吐不出成句的声响，满心满身都被那份累积快感终于释放的巨大解脱与几乎要昏厥过去的甜美沉醉填得满满当当，久久无法回神。

1130,action_part_a_orgasm_super_C,0,CVP_A2_T|106_E_1&CVP_A2_T|1_E_0&CVP_A2_A|10_G_3&CVP_A2_A|10_LE_6,积蓄了太久太久的快感终于在这一刻被彻底放开，{TargetName}只觉得一股滔天巨浪从{anal}最深处轰然炸开，成熟丰腴的身体像被电流贯穿般剧烈弓起。\n那被反复逼到边缘又生生截停的巨量快感一齐倾泻而出，令她的意识在瞬间被彻底冲垮，脑海里一片惨白的空茫，什么都想不了，也什么都顾不上了。\n阅历丰富的她这辈子从未体会过如此究极的绝顶，那种灵魂被生生撕裂又骤然释放的震撼让她失神地张大了嘴，唇舌不受控制地颤抖着，涎水顺着嘴角失禁般溢出。\n{anal}极度剧烈地一缩一缩痉挛着，滚烫的肠液毫无预兆地大股喷涌，失禁般涌流不止，那种彻底失控的排出感让成熟的她又羞又迷，却再也拦不住分毫。\n巨大的解脱感如潮水将她整个人淹没，累积已久的甜美终于宣泄干净，{TargetName}瘫软地沉溺在这近乎昏厥的极致沉醉里，久久无法回神。
1131,action_part_a_orgasm_super_C,0,CVP_A2_T|106_E_1&CVP_A2_T|1_E_0&CVP_A2_A|10_G_3&CVP_A2_A|10_LE_6,忍耐到极限的那一根弦终于崩断，{TargetName}熟透的身子随着一声无声的痉挛猛地绷成一张满弓，随即所有累积的快感如决堤洪水般一齐冲垮了她。\n{anal}深处翻涌起一阵远超以往任何一次的究极狂潮，那快感强烈得近乎痛楚，将她仅存的一点理智连根拔起，脑子里彻底空白一片，连自己是谁都想不起来了。\n多年阅历磨出的从容此刻荡然无存，成熟的眼眸彻底涣散失焦，睫毛剧烈地颤抖，她只能任由那股撕裂灵魂的震撼将自己反复碾过，失神得连喘息都忘了。\n伴随着{anal}一波接一波不受控制的猛烈收缩，大量滚烫的肠液失禁般喷涌而出，涌流不停，那种彻底泄出的失控感让她既羞耻到极点又迷醉到骨子里。\n当巨量的快感终于宣泄殆尽，一种难以言喻的巨大解脱感将她温柔地托起，{TargetName}沉沉地醉倒在这甜美得几乎令她晕厥的余韵之中。
1132,action_part_a_orgasm_super_C,0,CVP_A2_T|106_E_1&CVP_A2_T|1_E_0&CVP_A2_A|10_G_3&CVP_A2_A|10_LE_6,那被一次次逼近顶点又硬生生按下的滔天快感，终于在这一瞬得到了彻底的解放，{TargetName}成熟饱满的躯体骤然剧烈地抽搐痉挛起来。\n积攒到几近爆裂的巨量绝顶感从{anal}最深处轰然引爆，如同灵魂被生生撕开一道口子，所有的感官在刹那间被烧成一片惨白，思维彻底停摆，什么都感知不到了。\n历经世事的她此刻却像个被快感彻底击溃的俘虏，成熟的面容失控地扭曲着，眼神空茫涣散，口中溢出断续而失神的气音，整个人沉沦在无法自拔的迷醉里。\n{anal}极度失控地长时间连续绞缩，滚烫的肠液不受控制地一股股喷涌失禁，止都止不住，那种彻底排空般的失控让她羞得几乎想要躲藏，身体却诚实地颤抖不停。\n积压太久的快感终于奔涌而尽，那份独属于反复累积后骤然释放的巨大解脱，令{TargetName}整个人都松软下来，沉醉在近乎昏厥的极致甜美之中久久不愿醒来。
1133,action_part_a_orgasm_super_C,0,CVP_A2_T|106_E_1&CVP_A2_T|1_E_0&CVP_A2_A|10_G_3&CVP_A2_A|10_LE_6,憋闷已久的巨量快感在这一刻被尽数放行，{TargetName}丰腴成熟的身躯像被无形的力量高高提起，腰肢深深弓成一道极致的弧线后又彻底瘫软下去。\n从{anal}最深处炸开的究极狂潮远远超出她一生所有的经验，那种排山倒海的震撼将她的意识彻底冲垮，脑中只剩一片空空荡荡的雪白，连一丝念头都无法成形。\n多年练就的成熟风韵在这场极致绝顶前彻底溃散，她失神地仰着头，四肢失控地痉挛乱颤，唇齿间溢出连绵而破碎的失神气息，整颗心都被快感搅成了一团浆糊。\n{anal}一次又一次剧烈而绵长地抽搐收缩，大量灼热的肠液如失禁般汹涌喷洒，涌流不止，那种再也控制不住的彻底排出令她又羞又醉，浑身酥麻得几乎失去知觉。\n当那股累积到极致的甜美终于倾泻一空，无边的解脱感将她整个人温柔地淹没，{TargetName}醉得神魂俱散，深深沉溺在这令她几乎昏厥过去的极乐余韵里。
1134,action_part_a_orgasm_super_C,0,CVP_A2_T|106_E_1&CVP_A2_T|1_E_0&CVP_A2_A|10_G_3&CVP_A2_A|10_LE_6,一直被压抑封堵的巨浪终于寻到出口，{TargetName}成熟的身子随着{anal}深处骤然爆开的滔天绝顶而剧烈震颤，浑身的肌肉都强烈地绷紧又抽搐。\n那被反复截停后一齐奔涌而出的究极快感强烈得让她几乎窒息，意识在顷刻间被彻底击穿，脑海一片空茫的惨白，思绪散得七零八落，再也拼凑不出半点清明。\n饱经风月的她此刻也被这远超想象的极致快感彻底征服，成熟的眼角泛起失神的泪光，唇舌失控地颤动着，口水失禁般溢出，整个人迷醉得近乎脱力昏沉。\n{anal}极度剧烈且持久地连续挛缩着，滚烫的肠液毫无节制地大量喷涌失禁，涌流不停，那种彻底失守的排出感让成熟老练的她也羞得无地自容，却半分也遏制不住。\n随着累积已久的快感终于彻底释放干净，一股酥软到骨的巨大解脱感包裹住她的全身，{TargetName}沉沉地陷进这甜美得令人昏厥的极致沉醉中，久久无法自拔。
1135,action_part_a_orgasm_super_C,0,CVP_A2_T|107_E_1&CVP_A2_T|1_E_0&CVP_A2_A|10_G_3&CVP_A2_A|10_LE_6,{TargetName}被反复寸止后累积的巨量快感终于在这一刻一齐炸裂开来，她的意识在超乎想象的绝顶浪潮中被彻底冲垮。\n身为人妻的她本该守着那个家，此刻却在{SceneName}里为博士迎来这样灭顶的肛肠绝顶，背德的羞耻与禁忌的甜美一同将她的理智撕成碎片。\n{anal}被那股究极的快感灌满，被开发得早已熟稔性事的肠道剧烈痉挛蠕动着，一波接一波的电流顺着脊背窜上头顶，让她的思维彻底放空成一片惨白。\n她能清晰感觉到大量温热的肠液从深处失禁般喷涌而出，涌流不止地失控排泄，那种彻底失守的感觉带来极致的羞耻，却又化作难以言喻的迷醉与解脱。\n有经验的身体本能地一张一合贪婪咀嚼着这份被累积到极限才释放的甜美，她的腰肢高高绷起又瘫软下去，脚趾蜷缩，双眼失神地翻起，仿佛灵魂都被这场超强绝顶从身体里剥离出来，甜腻地昏沉沉坠入无底的销魂深渊。
1136,action_part_a_orgasm_super_C,0,CVP_A2_T|107_E_1&CVP_A2_T|1_E_0&CVP_A2_A|10_G_3&CVP_A2_A|10_LE_6,累积了太久的快感在寸止的边缘被一次次逼回，此刻却如决堤的洪流般一齐奔涌释放，{TargetName}整个人被这股远超寻常的绝顶掀翻。\n她是别人明媒正娶的妻子，却在博士面前失守到这般不堪的地步，背叛家庭的罪恶感与偷情般的刺激交织，反而将这场肛肠绝顶推向更疯狂的极致。\n那早已被驯得柔顺熟练的{anal}疯狂收缩着，深处翻涌起灭顶的酥麻，快感沿着敏感的肠壁一路炸开，直冲得她天旋地转，脑中嗡的一声彻底放空。\n汹涌的肠液再也压抑不住，失禁一样咕嘟咕嘟地喷泄出来，止都止不住地往外淌，那种彻底排空、彻底失控的感觉让她羞耻得几欲落泪，偏偏又爽得灵魂发颤。\n她的四肢止不住地抽搐战栗，手指死死抓挠着虚空，腰身塌陷成一个淫靡的弧度，唇齿间溢出破碎的媚吟，意识在这场超强绝顶里被撕裂成一片一片，只剩下被累积快感一次性喂饱后那甜到发昏的沉醉与解脱。
1137,action_part_a_orgasm_super_C,0,CVP_A2_T|107_E_1&CVP_A2_T|1_E_0&CVP_A2_A|10_G_3&CVP_A2_A|10_LE_6,这一刻，被反复吊在高潮边缘、被生生逼退无数次的快感，终于毫无保留地一齐倾泻而出，{TargetName}被这场超乎想象的绝顶彻底淹没。\n作为一个有丈夫的人妻，她清楚自己正在背叛婚姻，可正是这份禁忌与背德，让她在{SceneName}里迎来的这场肛肠极乐愈发销魂蚀骨，愧疚与沉醉在心底疯狂拉扯。\n开发成熟、饱经调教的{anal}此刻绞紧又骤然松开，深处爆开的快感浓烈得近乎灼烧，一层层叠加的电流将她的脊椎点燃，脑海彻底一片惨白，连呼吸都忘了该怎么进行。\n她能感到滚烫的肠液如泉般失禁涌流，怎么也止不住地往外泄，被彻底掏空的失控感裹挟着极致的羞耻，却诡异地转化成濒临昏厥的甜美快意。\n熟练的身体懂得如何迎合这份灭顶的绝顶，肠壁一波波律动收缩，将快感延展到极限，她仰起脖颈，眼神涣散，双腿无力地颤抖大张，整个灵魂都在这份被累积释放的究极快感中支离破碎，甜腻地坠入失神的深渊。
1138,action_part_a_orgasm_super_C,0,CVP_A2_T|107_E_1&CVP_A2_T|1_E_0&CVP_A2_A|10_G_3&CVP_A2_A|10_LE_6,被一次次推到绝顶门口又硬生生拽回，那些被囚禁压抑的快感在这一瞬彻底挣脱束缚、一齐爆发，{TargetName}的意识在灭顶的浪潮里瞬间崩塌。\n她本是恪守妇道的人妻，却沉沦在博士给的这份禁忌欢愉里无法自拔，背德感非但没有让她退缩，反而像烈酒一样让这场肛肠超强绝顶烧得更旺更烈。\n那被反复开发到熟透的{anal}疯狂痉挛，深处翻搅起一阵又一阵灭顶的快感巨浪，酥麻顺着尾椎直窜天灵盖，炸得她眼前发白，思绪被冲刷得干干净净什么都想不起来。\n大量的肠液压抑不住地失禁喷涌，止不住地咕噜噜往外淌，那彻底排空、无从遮掩的失控让她羞得脸颊滚烫，偏又爽得整个人像要融化。\n她经验丰富的身体一缩一放榨取着每一分快意，腰肢弓成极致的曲线又猛地软塌，脚尖绷直，媚眼含泪失焦，喉间溢出断续的甜哼，灵魂仿佛被这场究极绝顶生生撕开，昏沉甜腻地沉入无边的迷醉。
1139,action_part_a_orgasm_super_C,0,CVP_A2_T|107_E_1&CVP_A2_T|1_E_0&CVP_A2_A|10_G_3&CVP_A2_A|10_LE_6,当被反复寸止累积到极限的巨量快感终于在这一刻一并释放，{TargetName}只觉得整个人被一股超出想象数倍的绝顶狂潮从内到外贯穿冲垮。\n身为人妻的她，脑中残存的理智还在为背叛家庭而愧疚挣扎，可身体却诚实地在博士面前彻底沦陷，那份偷腥般的禁忌快感反而成了绝顶最猛烈的催化剂。\n驾轻就熟、早被调教得柔软敏感的{anal}猛烈收缩绞动，深处炸开的酥麻快感如海啸般层层叠涌，一路席卷上她的头顶，将她的意识冲刷成一片空茫的雪白。\n她清晰地感到灼热的肠液失禁般奔涌喷泄，止都止不住地失控流淌，那种被彻底掏空、彻底失守的排出感带来极致的羞耻，却又化成让她几乎昏死过去的甜美解脱。\n经验老到的肠壁一下下有节律地蠕动榨吸，将这份累积到顶点才释放的快感延长到极致，她整个人瘫软战栗，眼神放空翻白，腰腿抽搐，灵魂在这场超强绝顶中被撕成碎片，甜腻地沉沦进销魂的深渊无法自拔。
1140,action_part_a_orgasm_super_C,0,target_is_player_daughter&CVP_A2_T|1_E_0&CVP_A2_A|10_G_3&CVP_A2_A|10_LE_6,积攒了太久太久的快感终于在这一刻被彻底放开，{TargetName}只觉得一股无法形容的巨浪从{anal}最深处轰然炸开，将她那点残存的理智连根冲散。\n那是远远超出她想象的极致绝顶，被反复逼到边缘又生生按住的巨量快感一齐倾泻而出，令她的思维在瞬间化作一片空白，脑海里嗡嗡作响，什么都想不了，什么都记不起，只剩下{anal}一波接一波、长久而不受控地剧烈痉挛收缩。\n身为亲生女儿的她本不该在自己父亲面前露出这种模样，可那股解脱般的甜蜜实在太过凶猛，她的腰高高弓起又彻底瘫软下去，四肢失控地颤抖抽搐，眼神彻底涣散，连口水都不自觉地溢出了嘴角。\n{anal}深处涌出的大量肠液像失禁一般止不住地喷淌，那种彻底失控的排出感令她既羞耻到想哭，又迷醉到几乎昏厥。\n她心底一遍遍无声地呼唤着父亲，被这场究极绝顶冲垮的灵魂里，只剩下累积已久的快感终获释放的巨大满足，甜得让她濒临崩溃。
1141,action_part_a_orgasm_super_C,0,target_is_player_daughter&CVP_A2_T|1_E_0&CVP_A2_A|10_G_3&CVP_A2_A|10_LE_6,当那道被强行压抑了无数次的快感闸门终于轰然洞开，{TargetName}整个人像是被一道灼热的电流从尾椎直贯头顶，{anal}深处爆发出的究极绝顶远比她经历过的任何一次都要凶猛百倍。\n累积到极限的巨量快感一齐奔涌释放，霎时将她的意识彻底冲垮，脑子里白茫茫一片，连自己是谁、身在何处都全然模糊，只余下{anal}长时间不受控制地连续绞缩抽搐。\n她清楚眼前紧盯着自己的是亲生父亲，可这种羞耻的认知此刻却化作更浓烈的迷醉，令她无法自控地弓腰、蹬腿、浑身痉挛，唇舌失控地微张着，眼底一片失神的涣散。\n汹涌的肠液从{anal}失禁般喷涌不止，那种被彻底掏空又倾泻而出的解脱感令她甜得几乎晕厥。\n积压太久的渴望终于得到宣泄，她在心底破碎地叫着爸爸，被这场超乎想象的绝顶撕裂了灵魂，只剩满溢的满足与近乎崩溃的沉醉，一波波将她推向甜美的深渊。
1142,action_part_a_orgasm_super_C,0,target_is_player_daughter&CVP_A2_T|1_E_0&CVP_A2_A|10_G_3&CVP_A2_A|10_LE_6,那被一次次逼到顶点却又硬生生截住的巨量快感，终于在这一刻被允许一齐倾泻，{TargetName}只觉得{anal}深处骤然炸开一场毁天灭地般的极致绝顶。\n远超寻常的快感洪流瞬间将她的思维冲刷得一干二净，脑海里只剩下空白与轰鸣，任何念头都无法成形，唯有{anal}极度剧烈、绵长而失控地连续痉挛收缩，一下又一下地绞紧又松开。\n作为父亲的女儿，她本想咬牙维持最后一点体面，却在这股解脱般的巨浪面前彻底溃败，腰肢深深弓起再无力地塌陷，双腿失控地乱蹬颤栗，眼神迷离涣散，口水顺着嘴角滑落。\n{anal}里大量肠液汹涌喷淌、失禁似地流个不停，那种彻底失控的排泄感令她羞耻得灵魂发烫，却又迷醉得无法自拔。\n心底那声无声的呼唤一遍遍撞击着她被冲垮的意识，积攒已久的快感终获释放的巨大满足将她整个人淹没，甜蜜得几乎昏死过去。
1143,action_part_a_orgasm_super_C,0,target_is_player_daughter&CVP_A2_T|1_E_0&CVP_A2_A|10_G_3&CVP_A2_A|10_LE_6,憋闷已久、被反复截停的快感在这一瞬齐齐决堤，{TargetName}感到{anal}最深处腾起一股无可抵挡的滔天巨浪，将她卷入一场超乎想象的究极绝顶。\n那股一齐释放出来的巨量快感彻底击溃了她的意识，脑中一片空茫，连呼吸的节奏都被打乱，思绪碎裂得再也拼不起来，只余{anal}长久而不可遏制地剧烈抽搐绞缩。\n她心知那道注视着自己失态的目光来自亲生父亲，这份禁忌的羞耻非但没有让她收敛，反而将迷醉推向更深处，令她弓腰、绷紧、四肢痉挛地颤抖不止，眼神彻底失焦，唇边溢出细细的津液。\n{anal}深处大量肠液如失禁般止不住地喷涌流淌，那种被彻底冲刷、倾泻一空的失控感令她既羞耻又沉沦。\n积压太久的欲望终于获得释放，她在崩碎的意识里无声地唤着爸爸，被这场撕裂灵魂的绝顶冲垮后，只剩下如释重负的甜蜜与濒临崩溃的极致沉醉。
1144,action_part_a_orgasm_super_C,0,target_is_player_daughter&CVP_A2_T|1_E_0&CVP_A2_A|10_G_3&CVP_A2_A|10_LE_6,当所有被一再压制、一再累积的快感终于被一齐放行，{TargetName}只觉得{anal}深处轰然引爆了一场远超极限的超强绝顶，整个人在刹那间失去了对身体的所有掌控。\n那浩大到令人恐惧的快感巨流将她的思维彻底冲成空白，脑海一片死寂又混沌，什么都想不清，什么都抓不住，只剩{anal}极致剧烈、漫长而失控地一阵阵绞缩痉挛。\n身为女儿的她本该在父亲面前守住羞耻，可这股解脱般的洪流早已将她的矜持冲得粉碎，腰身反复深弓又彻底瘫软，双腿失控乱颤，眼神涣散得没了焦点，口水不受控地淌下。\n{anal}里的大量肠液失禁似地喷薄涌流、绵绵不绝，那种被掏空又倾泻的排出感令她羞耻到骨髓，却也迷醉到魂飞魄散。\n压抑了太久的渴望终于宣泄殆尽，她在被彻底冲垮的意识深处一声声呼唤着父亲，只剩满盈的满足与甜到崩溃的沉醉将她温柔地淹没。

1145,action_part_a_orgasm_super_C,0,CVP_A2_T|102_E_1&CVP_A2_T|1_E_0&CVP_A2_A|10_G_6,积蓄了太久太久的快感终于被允许一齐倾泻而出，幼小的{TargetName}整个人被这股远超想象的绝顶洪流狠狠掀翻。\n那被反复逼到边缘又硬生生截停的巨量快感在这一瞬毫无保留地炸开，被开发得无比熟练的{anal}疯狂而毫无节制地痉挛收缩着，一波接一波地绞紧又松开，仿佛本能地要将这股究极快感尽数榨取。\n稚嫩的脑子里轰然一声彻底空白，什么都想不了，什么都抓不住，小小的意识被这灭顶的快感冲刷得干干净净，只剩一片雪白的失神。\n{anal}深处涌出大量温热的肠液，失禁般止不住地涌流着，那种彻底失控排泄出来的羞耻夹杂在灭顶的甜美里，令幼小的她又惊又迷，小小的腰肢深深弓起又猛然瘫软，纤细的四肢无力地痉挛乱颤。\n累积已久的一切终于释放出来的巨大解脱感如潮水般将她整个吞没，稚气未脱的脸上写满失神的迷醉，口水不受控地从嘴角溢出，那份甜得几乎令她昏厥的沉醉在娇小的身体里久久不肯退去。
1146,action_part_a_orgasm_super_C,0,CVP_A2_T|102_E_1&CVP_A2_T|1_E_0&CVP_A2_A|10_G_6,一直被吊在绝顶边缘反复折磨、迟迟不许释放的巨量快感，在这一刻终于如决堤般轰然涌出，将小小的{TargetName}彻底淹没。\n{anal}极度剧烈地、长时间地连续绞缩着，那早已被彻底开发、熟稔于此道的幼小身体这一次却再也控制不住，只能任由究极的快感把自己撕成碎片。\n她幼嫩的思维在灭顶的冲击里一片糊涂，连自己是谁都想不起来了，稚嫩的意识被冲垮得七零八落，眼神彻底涣散失焦。\n温热的肠液从{anal}里一股股地喷涌出来，怎么都止不住，那种失禁般的排出感令幼小的她羞得几乎要哭，偏偏这份羞耻又和汹涌的快感缠在一起，化成一种令她沉沦的甜。\n积攒了太久的渴望终于得到宣泄的那种解脱，甜美得让她几乎要昏过去，娇小的身体一下下抽搐着，小脸上满是失神与迷醉，只能懵懵懂懂地承受着这场远远超出她稚嫩身体所能承载的极致绝顶。
1147,action_part_a_orgasm_super_C,0,CVP_A2_T|102_E_1&CVP_A2_T|1_E_0&CVP_A2_A|10_G_6,被寸止技巧一次次逼到顶点又生生按住、层层累积起来的滔天快感，此刻终于被彻底放开，幼小的{TargetName}在这股洪流里再无半分招架之力。\n{anal}不受控制地疯狂痉挛，一阵紧似一阵地深深收缩，那被开发得游刃有余的幼嫩肠道这回却只能在究极的绝顶里彻底失控。\n她小小的脑袋里嗡嗡作响，思绪被冲刷得一干二净，稚气的意识仿佛被这灭顶的快感撕裂开来，整个人陷入一片空茫的失神之中。\n大量肠液自{anal}汹涌流淌，失禁一般再也收不住，那种从最私密处彻底失守的羞耻，混着排山倒海的甜腻，令幼小的她又慌又醉。\n那份憋了太久、终于一泻而出的解脱感几乎将她的灵魂都掏空，稚嫩的小脸涨得通红又逐渐失神，纤细的腿脚无力地乱蹬乱颤，口涎顺着嘴角滑落，只剩下一具娇小的身躯在这场究极绝顶的余韵里瘫软颤抖。
1148,action_part_a_orgasm_super_C,0,CVP_A2_T|102_E_1&CVP_A2_T|1_E_0&CVP_A2_A|10_G_6,那些被反复截停、迟迟得不到释放的快感早已在幼小的身体里堆积成一座随时会崩塌的高山，此刻终于轰然倾泻，将{TargetName}整个人掀入灭顶的绝顶深渊。\n{anal}极致失控地连续抽搐绞缩，收得又深又急，那早已熟极而流的稚嫩后穴仿佛也被这远超以往的究极快感惊得再无从容，只能疯狂地痉挛回应。\n她幼嫩的意识在这一刻被彻底冲垮，脑中一片惨白，连呼吸都忘了，稚气的眼眸彻底失去了焦距。\n温热的肠液从{anal}里失禁般地喷涌不止，那种再也兜不住、只能任其倾泻的羞耻令幼小的她心头狂颤，偏偏这羞耻又被汹涌的甜蜜层层裹住。\n累积至极终于得以宣泄的巨大解脱如洪水般席卷全身，甜得令她几乎要昏死过去，娇小的身子止不住地抽搐弓起又软软塌下，稚嫩的小脸上写满迷醉与涣散，久久沉溺在这份超乎想象的极乐余韵里无法自拔。
1149,action_part_a_orgasm_super_C,0,CVP_A2_T|102_E_1&CVP_A2_T|1_E_0&CVP_A2_A|10_G_6,积压了太久的巨量快感在被允许释放的刹那如火山般喷发，幼小的{TargetName}的整个世界都在这一瞬被这股究极的绝顶炸得粉碎。\n{anal}疯狂而持久地剧烈收缩，一下比一下更深更狠，那被彻底开发、熟谙快感门道的幼嫩肠道此刻也彻底沦陷，只知本能地绞紧再绞紧。\n稚嫩的脑海里再也剩不下任何念头，思维被这灭顶的洪流冲刷成一片空白，小小的意识仿佛整个被撕裂、被抽离，只余下无边的失神与迷醉。\n大量温热的肠液自{anal}深处失禁般地汩汩涌出，止都止不住，那种彻底失控排泄的极致羞耻，和那甜到骨子里的快感搅作一团，令幼小的她又醉又慌。\n那份憋闷了太久、终于尽数释放的解脱感甜美得几乎令她昏厥，娇小柔嫩的身体一阵阵痉挛战栗，稚气的脸颊绯红失神，口水沿着下巴滑落，整个人彻底融化在这场远超身体极限的超强绝顶之中，久久回不过神。
1150,action_part_a_orgasm_super_C,0,CVP_A2_T|103_E_1&CVP_A2_T|1_E_0&CVP_A2_A|10_G_6,积攒了太久太久的快感终于在这一刻被允许彻底释放，{TargetName}娇小的身子猛地绷成一张满弓，稚气未脱的小脸瞬间失了神。\n被反复逼到绝顶边缘又一次次拦下的巨量快感如决堤般轰然涌来，{anal}早已被开发得熟稔无比，此刻却也承受不住这究极的冲刷，极度剧烈地痉挛收缩着，一波接一波仿佛永远停不下来。\n她只觉得脑海里轰的一声炸成一片空白，什么都想不了，只剩下灭顶般的甜美与酥麻将小小的身体从里到外贯穿。\n温热的肠液不受控制地汩汩涌出，失禁般止不住地流淌，那种彻底失控的排出感让她又羞又迷醉。\n终于被释放的解脱感几乎让她当场昏厥过去，稚嫩的手指死死蜷缩，一双还带着孩子气的眼眸彻底涣散，沉溺在这远超想象的极乐深渊里无法自拔。
1151,action_part_a_orgasm_super_C,0,CVP_A2_T|103_E_1&CVP_A2_T|1_E_0&CVP_A2_A|10_G_6,那被死死压抑了无数次的欲望在这一瞬间轰然溃堤，{TargetName}发育未全的娇躯剧烈地弹跳起来，随即又软软地瘫软下去。\n{anal}虽然娇嫩却早已被调教得极为熟练，可累积到极限的快感依旧将它彻底击溃，长时间不受控制地一阵阵深深绞紧又松开，收缩的幅度大得吓人。\n她的意识被这股究极的洪流冲得七零八落，思绪一片惨白，连自己是谁都恍惚记不清，只能任由灭顶的迷醉将她整个吞没。\n大量的肠液从紧缩的穴口喷涌而出，怎么也收不住，湿淋淋地失禁般外溢，带来一种羞耻到极点又爽利到极点的排空快意。\n积压已久的一切终于得到宣泄，那巨大的解脱感甜得让她几近崩溃，小小的舌尖失控地探出唇外，稚气的眼角溢出了生理的泪水，整个人沉醉得快要融化。
1152,action_part_a_orgasm_super_C,0,CVP_A2_T|103_E_1&CVP_A2_T|1_E_0&CVP_A2_A|10_G_6,当终于被允许攀上那个被拦截了太多次的顶点，{TargetName}纤细稚嫩的四肢骤然绷得笔直，紧接着失控地胡乱蹬动。\n巨量的快感一齐倾泻进她小小的身体，{anal}以它熟练承受的经验也压不住这份究极的冲击，极致而绵长地连连抽搐，仿佛要把灵魂都从深处绞出来。\n她的脑子彻底空了，什么念头都无法成形，只有铺天盖地的酥麻与震颤将残存的理智一并撕碎。\n滚烫的肠液如失禁一般汹涌流淌，一股接一股地涌出{anal}，那种彻底放开的失控感让她既惶恐又深深迷醉。\n压抑到极限后骤然释放的畅快感如潮水淹没了她，甜蜜得近乎晕厥，稚气的小脸上写满了失神与沉溺，久久无法从这超乎想象的绝顶余韵里回过神来。
1153,action_part_a_orgasm_super_C,0,CVP_A2_T|103_E_1&CVP_A2_T|1_E_0&CVP_A2_A|10_G_6,层层堆叠又被强行掐断的快感终于汇成一股无可阻挡的洪流，{TargetName}稚小的身体像触电般剧烈地颤栗起来。\n即便{anal}早被开发得能轻松吞纳一切，此刻也被这究极的绝顶碾得毫无招架之力，极度剧烈且持久地一下下猛烈收缩，深处的痉挛一浪高过一浪。\n她感到自己的意识被彻底冲垮，思维在灭顶的快感中化作一片纯白的虚无，唯余无边的酥软与迷乱。\n她清楚地感觉到{anal}里大量的肠液失禁般喷涌不止，怎样都止不住地涌流出来，那份彻底失控的排出让她羞得几乎融化又爽得几乎脱力。\n蓄积太久的欲望终获释放，那种如释重负的甜美解脱让她的小身子一阵阵酥软战栗，带着孩子气的眼神彻底迷离涣散，深深坠入极乐的漩涡。
1154,action_part_a_orgasm_super_C,0,CVP_A2_T|103_E_1&CVP_A2_T|1_E_0&CVP_A2_A|10_G_6,憋闷已久的巨大快感在这一刻毫无保留地倾泻而下，{TargetName}小巧的躯体反复深深弓起后又整个瘫软下去。\n她那被反复使用而熟练无比的{anal}此刻也彻底缴械，被超乎想象的绝顶逼得长时间失控地绞缩颤动，一次比一次更深更烈。\n她的头脑在这灭顶般的冲击里彻底放空，什么都无法思考，濒临崩溃的边缘只剩下甜到发疼的极致快意在反复贯穿她稚嫩的全身。\n难以计数的肠液从{anal}里失禁般奔涌流淌，止不住地大量外溢，那种毫无遮拦的排空感令她又惊又醉，羞耻与迷乱交织成灭顶的沉溺。\n积攒到极限的一切终于得到宣泄，那铺天盖地的解脱与畅快让她甜得险些晕厥过去，口水沿着稚气的嘴角滑落，一双眼眸失神地望着虚空，久久沉浸在这究极绝顶的余韵之中。

1155,action_part_a_orgasm_super_C,0,CVP_A2_T|104_E_1&CVP_A2_T|1_E_0&CVP_A2_A|10_G_6,如同被压抑到极限的堤坝骤然崩裂，那被反复逼近顶点却又生生截断的巨量快感在这一瞬毫无保留地一齐奔涌而出，{TargetName}只觉得意识被这股远超想象的滔天洪流彻底冲垮。\n身为初尝人事的少女，她那开发得早已熟透的后穴从未承受过如此凶猛的极致绝顶，脑海里一片空白，连一丝清醒的念头都被撕成了细碎的残片。\n{anal}深处传来一阵接一阵痉挛般的疯狂收缩，累积已久的究极沉醉终于尽数释放，那种解脱的甜美几乎让她当场昏厥过去。\n她清晰地感觉到{anal}正失禁般地喷涌出大量温热的肠液，止不住地涌流不停，这种彻底失控的排出感让灼人的羞耻与迷醉一同将她淹没。\n青春的腰肢剧烈颤抖，脚趾深深蜷缩，失焦的眼神涣散无神，她只能在这场撕裂灵魂般的超强绝顶里无助又贪婪地沉沦。
1156,action_part_a_orgasm_super_C,0,CVP_A2_T|104_E_1&CVP_A2_T|1_E_0&CVP_A2_A|10_G_6,被一次次推到悬崖边缘又硬生生拽回的煎熬终于走到了尽头，所有被强行囤积的滔天快感在这一刻决堤般轰然释放，{TargetName}整个人像触电一样从脊椎一路酥麻到头顶。\n经验丰富的少女早已熟悉后穴的快乐，可这种被反复寸止后集中爆发的绝顶却凶狠得完全超出她的掌控，思维彻底停摆，只剩灵魂被震得嗡嗡作响。\n{anal}熟练地一收一缩，绞紧又松开，将那累积到极点的迷醉一波波送上意识的顶端。\n她只觉得眼前一阵阵发白，全身的力气都被这股究极的甜蜜抽空，唯有汹涌而出的肠液顺着{anal}失禁般淌落，宣告着她的彻底沦陷。\n年轻的身体绷成一张满弓，又在下一秒瘫软下去，无声的哭腔卡在喉咙里，她沉溺在这远胜以往的极致沉醉中难以自拔。
1157,action_part_a_orgasm_super_C,0,CVP_A2_T|104_E_1&CVP_A2_T|1_E_0&CVP_A2_A|10_G_6,当那道被压制了太久太久的快感闸门终于轰然洞开，被反复截断的巨量欢愉如岩浆般从{anal}深处喷薄而出，{TargetName}感到自己的理智在这股洪流里被冲得荡然无存。\n作为博士唯一开垦过的少女，她那被彻底开发的后穴此刻承受着灵魂被撕裂般的极致震撼，青涩的心智根本招架不住这种究极绝顶的冲击。\n{anal}一圈圈疯狂地蠕动收缩，把累积多时的沉醉贪婪地全部榨取出来，她甚至分不清自己是在天堂还是在坠落。\n汹涌的肠液从{anal}止不住地涌流而出，那种彻底失控的排泄感让极度的羞耻与更极致的迷醉纠缠着将她层层裹挟。\n少女的后腰高高弓起又剧烈痉挛，纤细的手指死死抠着身下，意识在一次次甜美的昏眩里几近彻底崩溃。
1158,action_part_a_orgasm_super_C,0,CVP_A2_T|104_E_1&CVP_A2_T|1_E_0&CVP_A2_A|10_G_6,那被无数次逼近又残忍拦下的快感终于不再受任何阻拦，积攒到骇人程度的极致欢愉在此刻一齐倾泻，{TargetName}只觉得整个世界都在这场绝顶里天旋地转。\n初经人事的少女虽早已熟稔肛交的欢愉，却从未体会过这般被寸止喂养出的超强绝顶，脑中一片雪白，连呼吸都忘了该如何进行。\n{anal}深处一波强似一波的抽搐将累积的迷醉尽数释放，那股解脱般的甜美让她几乎要甜到发疯。\n她恍惚地感觉到{anal}正大量喷涌着滚烫的肠液，失禁般地流淌不止，在这种彻底失控的涌流中羞耻与沉醉被搅成一片模糊的极乐。\n年轻紧绷的双腿不受控制地打颤，泪水挂在通红的脸颊上，她在究极的震撼与解脱里彻底失去了对自己身体的一切掌控。
1159,action_part_a_orgasm_super_C,0,CVP_A2_T|104_E_1&CVP_A2_T|1_E_0&CVP_A2_A|10_G_6,压抑到再无法忍耐的一刻终于降临，那被反复吊在顶端又生生按下的滔天快感一股脑地全部炸开，{TargetName}的意识在这一瞬被这远超极限的绝顶震得粉碎。\n经验老到的少女后穴熟练地迎合着，却仍被这种寸止累积后集中释放的究极欢愉冲得毫无还手之力，思绪化作一片空白的迷雾。\n{anal}一下下狠狠绞缩着，将囤积已久的极致沉醉贪婪而彻底地全数释放出来，那种解脱的甜蜜几乎令她昏厥。\n她能感到{anal}深处失禁般涌出大量温热的肠液，涓涓不断地失控淌落，这种被冲垮的排出感让她在浓烈的羞耻里越发迷醉沉沦。\n青春的身躯剧烈地弓起又颤抖，脚尖绷直，眼神彻底失焦涣散，她只能在这场灵魂被撕裂般的超强绝顶中甜美地溺毙。
1160,action_part_a_orgasm_super_C,0,CVP_A2_T|105_E_1&CVP_A2_T|1_E_0&CVP_A2_A|10_G_6,被反复逼到边缘又一次次强行拉回的巨量快感，此刻终于毫无阻拦地在{TargetName}体内彻底炸裂开来，那股积攒到极限的电流猛地贯穿她的脊髓，将她成熟的身躯从内到外撕成两半。\n她那早已被开发得烂熟的{anal}疯狂痉挛收缩，一波接一波的绝顶浪潮像海啸般把她的意识整个吞没，思绪在瞬间被冲刷得一片空白。\n多年欢愉磨砺出的丰富经验此刻半点也帮不上忙，她只能任由灵魂被这究极的快感生生撕裂，眼神失焦、嘴角失守，平日成熟从容的姿态荡然无存。\n大量滚烫的肠液毫无预兆地从{anal}深处失禁般喷涌而出，止不住地汩汩流淌，那种彻底失控被冲垮的排出感让她既羞耻到脚趾蜷缩，又迷醉到几乎昏厥过去。\n累积已久的快感终于得到释放的巨大解脱感混着甜美的失神一齐涌上，将这位平日可靠的大姐姐整个人泡进了融化般的极乐深渊。
1161,action_part_a_orgasm_super_C,0,CVP_A2_T|105_E_1&CVP_A2_T|1_E_0&CVP_A2_A|10_G_6,一次又一次被推到顶点却被硬生生截停的煎熬，终于在这一刻化作决堤的洪流，将{TargetName}整个人狠狠拍进了从未想象过的绝顶深处。\n她那被无数次调教得极其熟练的{anal}猛烈地一缩一放，超乎想象的极致快感如烧红的铁水灌满四肢百骸，成熟的腰肢不受控制地剧烈弓起又瘫软。\n什么承受各种强度的从容经验都在这灭顶的冲击前烟消云散，她只觉得脑海被雪白的光芒撑爆，连自己是谁都想不起来，整个灵魂被这股力量震得粉碎。\n{anal}里憋积到极限的肠液在痉挛中喷薄失禁，一股股滚烫地涌流不止，那彻底泄洪般的排出感让她羞得浑身滚烫，却又沉醉在这失控里无法自拔。\n被寸止折磨了太久的身躯终于尝到释放的甘美，巨大的解脱与濒临昏厥的甜蜜将她层层裹住，让这位邻家大姐姐彻底沦陷在迷醉的失神里。
1162,action_part_a_orgasm_super_C,0,CVP_A2_T|105_E_1&CVP_A2_T|1_E_0&CVP_A2_A|10_G_6,那被生生压抑、反复中断的欲潮在这一瞬全数倾泻，{TargetName}只觉一道超越极限的绝顶惊雷从后穴深处直劈天灵，整个人被震得意识彻底断线。\n她那早已开发透彻、能轻松吞纳一切的{anal}疯狂地绞紧又松脱，究极的快感一浪高过一浪地拍打，把她成熟丰满的身子冲得瑟瑟发抖、失神仰头。\n积累下的丰富经验此刻反而让她更清楚这份快感有多骇人，可越是清楚就越是招架不住，思维在灭顶的甜蜜里彻底崩解，只剩下一片迷乱的空茫。\n汹涌的肠液从{anal}中失控般狂喷而出，怎么也止不住地淌成一片，那种被彻底冲垮、什么都留不住的排出感让她又羞又爽，蜷起脚尖近乎昏厥。\n压抑太久终于释放的巨大解脱感如暖流将她整个融化，甜到骨髓的沉醉一层层漫上心头，让这向来可靠优雅的大姐姐彻底醉倒在究极的绝顶里。
1163,action_part_a_orgasm_super_C,0,CVP_A2_T|105_E_1&CVP_A2_T|1_E_0&CVP_A2_A|10_G_6,被无数次逼近却又硬生生扼杀的快感终于挣脱枷锁，如同雪崩般一齐倾覆下来，{TargetName}在这远超以往任何一次的超强绝顶里被彻底掀翻。\n她那被反复驯熟、连最强插入都能坦然承接的{anal}此刻却失控地剧烈抽搐，海啸似的绝顶感将她的神经一根根点燃，成熟的双腿抖得再也合不拢。\n就算拥有再丰富的承受经验，也挡不住这究极快感对灵魂的碾压，她的思绪被撕成碎片抛向虚空，眼神迷离涣散，连呻吟都卡在喉咙里发不出来。\n堆积的肠液毫无节制地从{anal}深处失禁涌流，一波接一波地喷淌不止，那种彻底守不住的排出羞耻反而拧成更狂乱的快意，把她推得更深更烫。\n被寸止累积到极点的一切在这刻尽数卸下，那近乎昏厥的甜美解脱将她温柔淹没，让这位沉稳的大姐姐化作一滩迷醉失神的春水，久久无法回神。
1164,action_part_a_orgasm_super_C,0,CVP_A2_T|105_E_1&CVP_A2_T|1_E_0&CVP_A2_A|10_G_6,长久的压抑与一次次戛然而止的折磨终于走到尽头，蓄满的巨量快感轰然崩堤，{TargetName}被这前所未有的极致绝顶从灵魂深处彻底击穿。\n她那被岁月与欢愉打磨得极为老练的{anal}此刻毫无章法地狂乱收缩，究极的电流一波又一波贯穿全身，把她成熟的躯体烧得只剩本能的战栗。\n所有惯于从容应对的经验在这一刻统统失效，她的意识被快感的洪峰卷走，脑中只余一片震耳欲聋的空白，甜蜜到近乎痛楚的迷醉将理智焚烧殆尽。\n滚烫的肠液从{anal}里失控地喷涌倾泻，怎样也收束不住地流淌一地，那种被冲垮后什么也守不住的失禁感让她羞耻得发颤，却又爽得几近脱力。\n积压已久终得释放的解脱如潮水般漫过全身，濒临昏厥的甜美沉醉将她死死缠裹，让这位平日可靠的大姐姐彻底瘫软在这销魂蚀骨的绝顶余韵之中。

1165,action_part_a_orgasm_super_C,0,CVP_A2_T|105_E_1&CVP_A2_A|5_LE_3,积蓄了太久太久的快感在这一刻毫无预兆地一齐决堤，{TargetName}那向来感觉迟钝的{anal}竟被冲得彻底失控。\n明明平日里她的后穴对这种刺激反应一直很平淡，只当是被填满的胀意，可此刻被反复推到边缘又强行截断的巨量快感终于被允许倾泻而出，那股迟来的洪流猛地贯穿了她整个身体，令这位一向从容的大姐姐再也维持不住半分成熟的仪态。\n{TargetName}的意识在那一瞬间被彻底冲垮，脑海里一片空白，什么都想不了，只剩下灵魂被撕裂般的震颤。\n{anal}不受控制地剧烈痉挛收缩着，一股股温热的肠液失禁般喷涌而出，涓涓不止地淌了满身，那种彻底失控的排出感让她又羞又迷。\n迟钝的身体第一次被这样极致的快感彻底占据，累积已久的一切终于释放的解脱感令她几乎昏厥过去，眼神涣散，唇边溢出了压不住的口水，成熟的外表下尽是被冲垮后残存的青涩慌乱，久久无法回神。
1166,action_part_a_orgasm_super_C,0,CVP_A2_T|105_E_1&CVP_A2_A|5_LE_3,被寸止累积到极限的快感终于一齐奔涌而出，{TargetName}只觉得一道从未体验过的白光在脑中炸开，整个人瞬间失了神。\n她那感度并不高的后穴平时几乎品不出多少滋味，此刻却被这股究极的绝顶彻底淹没，{anal}深处传来一阵又一阵剧烈而漫长的抽搐，仿佛要把她整个人从里到外翻搅个遍。\n{TargetName}的思维一片空白，濒临崩溃的边缘，连自己是谁都快要想不起来，只能任由那股滔天的快感把她彻底吞没。\n大量的肠液毫无节制地喷涌流泻，顺着痉挛不止的{anal}失禁般涌出，那种再也兜不住的失控感让她的羞耻心被冲得粉碎。\n这位平日里成熟可靠的大姐姐此刻腰肢反复深深弓起又骤然瘫软，四肢失控地颤抖着，累积已久的快感终得释放的巨大解脱感令她整颗心都酥软沉醉，青涩的眼眸里满是迷乱的水光，久久缓不过神来。
1167,action_part_a_orgasm_super_C,0,CVP_A2_T|105_E_1&CVP_A2_A|5_LE_3,那被一次次逼到绝顶前又硬生生按下的快感终于在这一刻毫无保留地全部释放，{TargetName}的身体像被一道惊雷从头贯到脚。\n她一贯迟钝的{anal}此刻竟被这股超乎想象的极致绝顶彻底攻占，深处传来极度剧烈而不受控制的连续收缩，一波未平一波又起，把她仅存的理智搅得荡然无存。\n{TargetName}只觉得灵魂都要被这滔天的快感撕裂开来，意识彻底沉入一片混沌的空白，脑子里什么念头都留不住。\n汹涌的肠液从失控颤搐的{anal}里一股脑地喷泻而出，怎么也止不住，那种彻底失禁般的排出感让她又迷又耻，浑身发烫。\n积压太久的一切终于倾泻殆尽，那种如释重负的甜美解脱感令这位成熟的大姐姐几乎要昏厥过去，她腰身痉挛着弓起，双腿无力地乱蹬，口水顺着失控的唇角溢出，一向从容的面容此刻只剩下被快感冲垮后的失神与青涩慌张。
1168,action_part_a_orgasm_super_C,0,CVP_A2_T|105_E_1&CVP_A2_A|5_LE_3,憋积了太久的巨量快感在这一刻终于被允许一齐倾泻，{TargetName}整个人猛地绷紧，随即被那股滔天的绝顶浪潮彻底掀翻。\n平日里她那后穴的感度低得几乎尝不到什么快意，此刻却抵挡不住这股究极的释放，{anal}深处剧烈而持久地抽搐痉挛着，一下下把她推向失神的深渊。\n{TargetName}的脑海一片惨白，思绪彻底断了线，连呼吸都乱作一团，只剩下被极致快感反复冲刷的灵魂震颤。\n她感到{anal}里的肠液再也控制不住，大量地喷涌而出，失禁般涓涓淌落，那种彻底失守的排出感令她羞得几乎无地自容，偏偏又迷醉得无法自拔。\n这位举止优雅的大姐姐此刻再也顾不上体面，腰肢深深弓起又彻底瘫软，四肢失控地痉挛乱颤，累积已久终得宣泄的解脱感如潮水般将她淹没，眼神涣散迷离，唇舌失控地微张着，成熟的外壳下尽是被冲垮后残存的稚嫩与慌乱。
1169,action_part_a_orgasm_super_C,0,CVP_A2_T|105_E_1&CVP_A2_A|5_LE_3,一次次被推到边缘又被强行截断的快感终于在此刻毫无阻拦地全数迸发，{TargetName}只觉得天旋地转，整个人被彻底掀入了绝顶的漩涡。\n她那向来迟钝的后穴此刻竟再也承受不住，{anal}深处爆发出极度剧烈而漫长的痉挛，一阵接一阵地贯穿全身，把她仅剩的一丝清明也彻底碾碎。\n{TargetName}的意识早已被这股滔天快感冲得支离破碎，思维一片空白，脑中嗡嗡作响，濒临崩溃的边缘，连自己身在何处都浑然不觉。\n滚烫的肠液从痉挛不止的{anal}中失禁般喷涌狂泻，怎么都收不住，那种彻底失控的排出感让她又羞又醉，浑身战栗。\n压抑积蓄了太久的一切终于尽情释放，那份如释重负的极致沉醉令这位成熟的大姐姐几乎昏死过去，她腰身反复弓起又软倒，双腿乱蹬着，口水不受控制地溢出唇角，一贯从容可靠的神情此刻荡然无存，只余下被快感彻底征服后的迷乱与青涩失神，久久无法回神。
1170,action_part_a_orgasm_super_C,0,CVP_A2_T|106_E_1&CVP_A2_T|1_E_0&CVP_A2_A|10_G_6,积蓄了太久太久的巨浪终于在这一刻决堤，{TargetName}只觉得{anal}深处那被反复逼到边缘又硬生生截断的滔天快感一齐炸开，成熟丰腴的身躯被彻底掀翻在灭顶的极乐之中。\n那是远远超出她这些年所有经验的究极震撼，她熟知的一切承受与掌控在这一瞬间全部失灵，脑海里轰的一声被冲刷得雪白一片，什么都想不起来，什么都抓不住，只剩下{anal}一波接一波不受控制的剧烈痉挛。\n她能清晰地感觉到大量温热的肠液毫无节制地喷涌而出，失禁般地涌流不止，那种彻底失控的排出感让久经风月的她也羞得几乎昏厥过去。\n然而更多的却是累积已久的快感终于被允许倾泻而出的巨大解脱，那份甜美得令人战栗的沉醉将她的意识一寸寸融化，眼神涣散，唇舌失控，成熟的躯体在极致的绝顶里长时间地绷紧又瘫软。\n直到那滔天的浪潮渐渐退去，{TargetName}才在一片空白的余韵中缓缓找回一丝残存的神智，心底却仍旧沉浸在那被撕裂又被填满的震颤里久久无法自拔。
1171,action_part_a_orgasm_super_C,0,CVP_A2_T|106_E_1&CVP_A2_T|1_E_0&CVP_A2_A|10_G_6,那道被压抑到极限的快感终于挣脱了束缚，如同溃堤的洪流般轰然灌满{TargetName}成熟的每一寸神经，{anal}猛烈而绵长地绞缩着，将她整个人拖入一片灭顶的白光里。\n这已经不是她多年来熟悉的任何一次高潮，而是一场把灵魂都撕裂开来的究极震荡，一直引以为傲的从容与沉稳在这股巨浪面前碎得一干二净，思维彻底断了线，脑子里空空荡荡，连自己是谁都恍惚了。\n汹涌的肠液从{anal}深处失禁般地喷泄下来，一股接一股地流淌不止，那种毫无遮拦的排出感烧得她成熟的面颊滚烫，羞耻得几乎想要蜷缩起来。\n可比羞耻更浓烈的是那种蓄势已久终得释放的酣畅淋漓，累积的巨量快感一齐倾泻的解脱感甜蜜得令她颤抖，丰腴的腰肢深深弓起又骤然塌软，双腿失控地痉挛乱蹬。\n漫长的余震一点点平息下来，{TargetName}半张着嘴大口喘息着，涣散的眸子里满是被彻底击溃后的迷醉，那份濒临崩溃却又无比甜美的沉沦在成熟的身体里久久回荡。
1172,action_part_a_orgasm_super_C,0,CVP_A2_T|106_E_1&CVP_A2_T|1_E_0&CVP_A2_A|10_G_6,当那一次次被截断在巅峰前的快感终于被准许一齐奔涌而出时，{TargetName}整个成熟的身子都剧烈地绷成了一张满弓，{anal}以她从未体验过的力度和频率疯狂痉挛收缩着。\n那股究极的极乐远远盖过了她这些年积累的所有承受极限，理智像被巨浪一口吞没，意识被冲得支离破碎，脑海里只剩下一片轰鸣的空白，连呼吸都忘了该怎么进行。\n大量灼热的肠液顺着{anal}毫无节制地喷涌失禁，涌流得停不下来，那种彻底失去掌控的排泄感让久历情事的她也羞得浑身发烫、几近失神。\n然而堆积如山的快感终于得以宣泄所带来的解脱，却又甜美得令她灵魂都在战栗，那是一种被撕裂又被抚平的极致沉醉，唇边溢出止不住的津液，眼神迷离得再也聚不起焦。\n那场究极的震颤退潮之后，{TargetName}仍瘫软着久久回不过神，成熟的胸口剧烈起伏着，心里塞满了被彻底榨干后的空茫与那份说不清的甜腻餍足。
1173,action_part_a_orgasm_super_C,0,CVP_A2_T|106_E_1&CVP_A2_T|1_E_0&CVP_A2_A|10_G_6,被反复逼近又生生拽回的巨量快感在这一刻彻底失去了阻拦，如决堤的怒涛一齐灌进{TargetName}丰腴成熟的身躯，{anal}深处爆发出海啸般的极致绝顶，把她整个人卷进灭顶的漩涡。\n那是超乎想象的究极冲击，她多年练就的自持与老练在这股巨浪里荡然无存，思维一片空白到近乎崩溃，脑中嗡嗡作响，连时间的流动都恍惚得抓不住了。\n她只觉得温热的肠液从{anal}汹涌喷薄而出，失禁般无法自控地流淌不止，那种赤裸裸的失控排出感让成熟的她羞得几乎无地自容，却又无力去阻止分毫。\n可淹没这一切羞耻的，是那份积压太久终获释放的酣畅解脱，甜得令人眩晕的沉醉一浪高过一浪地拍打着她所剩无几的神智，腰身反复深弓后又彻底瘫软，四肢失控地颤栗。\n直到那究极的浪头缓缓消退，{TargetName}才在剧烈的余悸中一点点找回破碎的意识，涣散的眼底残留着被彻底冲垮后的迷醉，久久沉溺在那甜美又惊心的震撼里难以抽身。
1174,action_part_a_orgasm_super_C,0,CVP_A2_T|106_E_1&CVP_A2_T|1_E_0&CVP_A2_A|10_G_6,那被一次又一次强行截停在临界点的快感终于汇成滔天巨浪一齐倾泻，{TargetName}成熟的躯体在这灭顶的绝顶里剧烈痉挛，{anal}长时间不受控制地疯狂绞缩，仿佛连灵魂都要被这股洪流冲散。\n这份究极的极乐彻底碾碎了她多年经验筑起的所有防线，意识被冲刷得一干二净，脑海里只余一片刺目的空白，思维濒临崩溃的边缘，连眼前的一切都模糊成了晃动的光影。\n她能感到{anal}深处大量炙热的肠液毫无节制地喷涌失禁，一波波涌流个不停，那种彻底失控的排出感让久经世事的她也羞得几乎昏厥，浑身战栗不止。\n然而更汹涌的是那份囤积已久的快感一齐释放的巨大解脱，甜美到令人几近失神的沉醉将她层层淹没，成熟丰腴的腰肢深弓后骤然塌陷，唇舌无力地张合，口水沿着嘴角滑落。\n漫长的极致震颤终于缓缓退去，{TargetName}仍沉浸在那被撕裂又被填满的余韵中大口喘息，涣散迷离的双眸再也掩不住那被彻底征服后的迷醉与酣畅淋漓的满足。

1175,action_part_a_orgasm_super_C,0,CVP_A2_T|107_E_1&CVP_A2_T|1_E_0&CVP_A2_A|10_G_6,积蓄了太久太久的快感终于在这一刻被彻底放行，一股无法用言语形容的巨浪自{anal}最深处轰然炸开，将{TargetName}整个人狠狠掀翻。\n那被反复逼到边缘又生生截断的巨量快感一齐倾泻而出，如决堤的洪水般席卷了她身为人妻的丰腴身躯，意识在刹那间被冲得粉碎，脑海里一片惨白的空白，什么都想不了，什么都抓不住，只剩下那股撕裂灵魂般的极致震颤在体内反复轰鸣。\n{anal}极度剧烈地痉挛收缩着，一波接一波怎么也停不下来，温热的肠液失禁般汩汩涌流不止，那种彻底失控的排出感让她又羞又迷，偏偏这具早被开发熟透的身体早已熟练地沉溺其中。\n她恍惚地想到自己是有丈夫的女人，却在{Name}面前把后穴交出去承受这种灭顶的沉沦，背德的罪恶感与几近昏厥的甜美解脱交织成一团，把她仅存的一点理智也彻底烧尽。\n那被压抑到极点又骤然释放的巨大解脱感让{TargetName}几乎要飘散在半空，浑身瘫软失神，久久无法从这场究极的绝顶里回过神来。
1176,action_part_a_orgasm_super_C,0,CVP_A2_T|107_E_1&CVP_A2_T|1_E_0&CVP_A2_A|10_G_6,憋忍了不知多少次、被一次次推到绝顶前又硬生生拽回的滔天快感，终于在这一瞬被允许尽数奔涌出来。\n{TargetName}只觉得一道灼白的电流从{anal}深处直贯天灵，整个人像被从内到外劈开，思维在轰鸣声中彻底断了线，眼神涣散地失了焦，连自己是谁都恍惚记不清，唯有那漫无边际的极乐把她整个吞没。\n经验丰富的肠壁熟稔地承接着这场究极的冲击，{anal}长时间不受控地深深绞紧又松开，大量肠液喷涌而出，一股股顺着股缝失禁般淌落，她却连一丝力气去在意都没有。\n身为人妻的她在这灭顶的沉醉里恍惚闪过一丝愧疚，却又被那压抑已久终获释放的巨大解脱感冲得荡然无存，罪恶与迷醉搅作一团，反倒让这份绝顶更添了几分禁忌的甜。\n她仰着脖颈无声地痉挛着，唇边溢出口水也浑然不觉，只能任由那场超乎想象的绝顶一次次把她拍碎又抛起。
1177,action_part_a_orgasm_super_C,0,CVP_A2_T|107_E_1&CVP_A2_T|1_E_0&CVP_A2_A|10_G_6,那被反复拦截、层层堆叠起来的巨量快感，此刻如同挣脱了枷锁般一齐炸裂，狠狠贯穿了{TargetName}的每一寸神经。\n{anal}深处骤然腾起一股远超以往任何一次的滔天极乐，把她的意识彻底冲垮碾平，脑中只剩下嗡嗡作响的一片空白，连呼吸都忘了该怎么进行，全身绷紧到极限又骤然瘫软，仿佛灵魂都被这股力量生生撕扯出体外。\n她那早被开发得熟透的肠道极度剧烈地蠕动痉挛，{anal}一下下痴狂地收缩着榨取着，滚烫的肠液再也止不住地失禁般喷涌淌流，那彻底失守的排出感让她既羞耻到极点又迷醉到骨髓。\n作为背着丈夫沉沦于此的人妻，她心底最后一点挣扎也在这场绝顶中被冲得干干净净，取而代之的是压抑太久终得宣泄的滔天解脱，甜得让她几乎昏死过去。\n{TargetName}失神地颤抖着，眼角泛起生理的泪光，久久沉溺在这究极绝顶的余韵里无法自拔。
1178,action_part_a_orgasm_super_C,0,CVP_A2_T|107_E_1&CVP_A2_T|1_E_0&CVP_A2_A|10_G_6,忍耐到极限的快感终于被松开了闸口，一股难以想象的巨浪自{anal}最深处骤然喷薄，将{TargetName}彻底淹没在灭顶的极乐之中。\n那些被一次次逼近又硬生生斩断的高潮此刻尽数汇聚，化作撕裂般的震撼在她体内轰然爆开，意识瞬间被冲刷得一干二净，思绪断成碎片再也拼不回来，只余下漫天翻涌的白光和无边无际的迷醉。\n熟练得近乎本能的肠壁疯狂地绞缠蠕动，{anal}长久而剧烈地深深收缩着，大量温热的肠液如失禁般汹涌而下，那种彻底放开的排出感竟让她在极度羞耻中生出一种堕落的快意。\n她朦胧地意识到自己是有家室的女人，却把这具人妻的身体在{SceneName}里彻底交付，背叛婚姻的刺激与蓄积已久终获解放的甜美解脱缠绕撕扯，把她推向了从未抵达过的极致巅峰。\n{TargetName}整个人瘫软战栗，失神地大口喘息着，任由这场超强绝顶一寸寸将她融化。
1179,action_part_a_orgasm_super_C,0,CVP_A2_T|107_E_1&CVP_A2_T|1_E_0&CVP_A2_A|10_G_6,压抑积攒到几乎要将她撑爆的巨量快感，在这一刻终于被彻底释放，如同天崩地裂般从{anal}深处席卷而上。\n{TargetName}只觉一股无可抵挡的极乐洪流瞬间冲垮了她所有的防线，意识被撕成粉末飘散在空茫里，脑海一片惨白什么都想不起，全身剧烈而持续地抽搐绷紧，仿佛整个灵魂都在这股力量下被震得支离破碎。\n她那被彻底开发熟透的{anal}极度痴狂地痉挛收缩，一波未平一波又起，滚烫的肠液再也无法克制地喷涌失禁般不停淌落，那份彻底失控的排出感让她羞耻得几近崩溃却又迷醉得无法自拔。\n身为背着丈夫偷尝禁果的人妻，那份深重的背德愧疚在这场究极绝顶里被冲刷殆尽，唯留下憋忍太久终于释放的滔天解脱，甜蜜得让她几乎失去了知觉。\n{TargetName}无力地瘫倒颤栗着，眼神彻底失焦，久久无法从这几近昏厥的极致沉醉中苏醒过来。

1180,action_part_a_orgasm_super_C,0,target_is_player_daughter&CVP_A2_T|1_E_0&CVP_A2_A|10_G_6,积蓄了太久的巨量快感在这一刻被彻底放行，{TargetName}只觉整个身体像被撕裂又被点燃，{anal}极度剧烈地连续痉挛收缩着，一波接一波的绝顶将她所有的理智冲得粉碎。\n那是远超想象的极致快感，被反复堵在绝顶边缘的甜蜜煎熬此刻一齐炸开，她经验丰富的肠道熟练地随着这股巨浪深深收紧又放松，大量滚烫的肠液失禁般喷涌而出涌流不止，将她冲进灭顶的迷醉。\n意识在那一瞬彻底空白，她隐约知道令自己沦陷至此的是自己的父亲，是那个该恭敬唤作博士的男人，可这份不该有的背德只让绝顶更加浓烈。\n{TargetName}的思维濒临崩溃，眼神彻底涣散，唇舌失控地微张着，口水不受控制地溢出嘴角，心里塞满了积压已久的快感终于得以释放的巨大解脱，还有对父亲深深的沉溺。\n那股灭顶的甜美沉醉迟迟不肯退去，{anal}还在一下下余韵般地深深抽搐，将她整个人溺在灵魂被撕裂般的震撼与近乎昏厥的餍足里。
1181,action_part_a_orgasm_super_C,0,target_is_player_daughter&CVP_A2_T|1_E_0&CVP_A2_A|10_G_6,终于被允许释放的那一刻，堆积如山的快感如决堤的洪流一齐奔涌而下，{TargetName}的脑海轰然一声炸成一片空白，什么都想不了了。\n{anal}长时间不受控制地剧烈痉挛着，一阵又一阵的究极绝顶把她的意识彻底冲垮，那种被累积到极限后猛然放行的解脱感甜美得几乎令她昏厥过去。\n她那被充分开发过的后穴此刻熟练又贪婪地深深收缩，仿佛要将这股灭顶的快感一滴不剩地榨取干净，滚烫的肠液汹涌喷涌，失禁般止不住地淌流，令她在这彻底失控的排出感里羞耻得灵魂都在战栗。\n迷蒙中她想起将自己推上这般极致的竟是亲生的父亲，心底翻涌起既羞耻又沉醉的甜蜜，那声在喉咙里打转的爸爸最终化成了一串破碎的呜咽。\n{TargetName}腰肢深深弓起又彻底瘫软，四肢失控地痉挛乱颤，整个人被那股撕裂灵魂的绝顶浪潮卷得神魂俱散，{anal}仍痉挛不止，将她溺进灭顶的迷醉与解脱交织的深渊。
1182,action_part_a_orgasm_super_C,0,target_is_player_daughter&CVP_A2_T|1_E_0&CVP_A2_A|10_G_6,巨量的快感在被堵得几近疯狂之后终于一齐倾泻，{TargetName}整个人像被一道灭顶的雷光贯穿，{anal}极度剧烈而漫长地连续收缩痉挛，绝顶的浪头一重叠着一重把她彻底吞没。\n她的思维在那一刻被冲刷得一片空白，濒临崩溃的意识里只剩下那股积蓄已久终于释放的巨大快感和难以言喻的解脱。\n那经过反复调教早已烂熟于心的肠道此刻熟练地随快感的节奏深深绞紧，大量灼热的肠液喷涌失禁般地涌流不止，那种彻底失控的排出感让她羞耻得几乎要哭出来，却又迷醉得无法自拔。\n恍惚间她清楚地知道，让自己堕落到这般模样的是那个本该唤作博士的父亲，这份乱伦的背德感非但没有让她清醒，反而将绝顶推向了更疯狂的巅峰。\n{TargetName}眼神彻底失焦，口水沿着唇角滑落，全身肌肉持续绷紧抽搐，{anal}久久痉挛着不肯平息，将她整个人溺在灵魂被撕裂般的震撼与甜美到昏沉的沉醉之中。
1183,action_part_a_orgasm_super_C,0,target_is_player_daughter&CVP_A2_T|1_E_0&CVP_A2_A|10_G_6,被压抑到极致的快感终于获准倾泻而出的刹那，{TargetName}只觉一股灭顶的巨浪从{anal}深处轰然炸开，瞬间将她的理智与意识一并冲垮得干干净净。\n那是任何言语都无法形容的究极绝顶，久久被堵在绝顶前一瞬的煎熬此刻尽数释放，化作近乎昏厥的甜美沉醉将她整个人淹没。\n她经验丰富的后穴熟练地承接着这股远超以往的极致快感，肠壁一波波深深收缩绞动，滚烫的肠液如失禁般大量喷涌流淌不止，那种彻底失控的涌流让羞耻与迷醉在她心底疯狂交织。\n混沌中她朦胧地意识到把自己带上这般绝境的正是自己的亲生父亲，那份不伦的羞耻感与沉沦感一同灼烧着她，令她在心底无声地唤着爸爸沉醉不已。\n{TargetName}腰肢反复深弓又彻底瘫软，四肢失控地乱颤痉挛，眼神涣散得再也聚不起焦，{anal}仍旧剧烈抽搐着，将她久久锁在那股撕裂灵魂般的震撼与解脱交融的极乐里。
1184,action_part_a_orgasm_super_C,0,target_is_player_daughter&CVP_A2_T|1_E_0&CVP_A2_A|10_G_6,积压了太久的巨量快感终于被一口气放行，{TargetName}的意识在这股究极绝顶面前彻底崩解成一片空白，连自己是谁都想不起来了。\n{anal}极度剧烈地长时间连续痉挛收缩，一浪高过一浪的灭顶快感将她冲刷得神魂俱散，那种从极限骤然被释放的解脱感甜美得几乎令她当场昏厥。\n那被反复开发过、早已熟练无比的肠道此刻贪婪地深深绞紧又松开，仿佛要把这股巨浪彻底吸吮干净，大量炽热的肠液失禁般喷涌不止，涌流的失控感让她羞耻又沉醉得浑身战栗。\n迷离中她心底翻涌起最为矛盾的情绪，让她堕入这般极乐深渊的竟是自己的父亲，那个她本该端庄唤作博士的至亲，可这份背德的悸动只令她沦陷得更深。\n{TargetName}唇舌失控地微张，涎水溢出嘴角，全身持续绷紧抽搐着，{anal}余韵不绝地深深抽动，将她整个人溺进灵魂被撕裂般的震撼与近乎昏沉的甜蜜解脱里。

1185,action_part_a_orgasm_super_C,0,CVP_A2_T|106_E_1&CVP_A2_A|5_LE_3,积压了太久太久的快感在这一瞬间毫无预兆地决堤了，{anal}猛地爆发出一阵远远超乎{TargetName}想象的极致震颤。\n本以为并不算敏感的后穴根本不会有多少感觉，这个自诩阅历丰富的熟女却在这一刻被彻底击碎了所有从容，那股被反复逼到边缘又硬生生截停、一层层累积起来的巨量快感终于被允许一齐倾泻，如同溃堤的洪流般席卷了她成熟丰腴的全身。\n{TargetName}的意识在这狂潮里被冲得粉碎，脑海一片惨白，什么都想不了，只剩灵魂被生生撕裂般的剧烈震撼。\n她丰满的腰肢深深弓起又猛地瘫软下去，双腿失控地痉挛乱颤，{anal}一下下极度剧烈地收缩绞紧，大量温热的肠液失禁似的汹涌喷涌而出，怎么也止不住。\n那种累积已久终获释放的巨大解脱感几乎将她甜蜜地送上昏厥的边缘，成熟的她放浪地失神迷醉着，久久无法从这灭顶的沉沦里挣脱出来。
1186,action_part_a_orgasm_super_C,0,CVP_A2_T|106_E_1&CVP_A2_A|5_LE_3,一直被压抑到极限的快感终于挣脱了束缚，从{anal}最深处轰然炸开，化作一波接一波掀翻{TargetName}全部理智的滔天巨浪。\n饶是理论经验再怎么丰富的熟女，也从未想过感度平平的这处后穴竟能迸发出如此究极的绝顶，那被一次次推到顶点又被强行拦下、囤积得快要满溢的庞大快感在此刻一齐奔流而出，凶猛得让她连呼吸都彻底乱了套。\n她的思维在滔天的快意中被冲刷得一干二净，眼神涣散失焦，连唇舌都不听使唤地微微张着，涎水顺着嘴角失控地溢淌下来。\n成熟的身躯剧烈而持久地抽搐绷紧，{anal}极度失控地连连痉挛，滚烫的肠液如同失禁般止不住地泊泊涌流。\n那份憋闷太久终于尽数宣泄的酣畅解脱令她整个人都酥软瘫沉，甜腻的眩晕近乎令她昏死过去，只能任凭这远超想象的极乐将她彻底淹没。
1187,action_part_a_orgasm_super_C,0,CVP_A2_T|106_E_1&CVP_A2_A|5_LE_3,再也压不住的快感洪流在这一刻彻底冲垮了所有的堤坝，{TargetName}只觉一股无法形容的极致快意自{anal}深处狠狠贯穿了她的每一寸血肉。\n那些被反复截停、一次次强行按捺下去的快感早已积攒成了骇人的洪峰，此刻终于获准一泻千里，凶悍的程度远不是这个见惯风浪的熟女所能承受的，她原以为迟钝的后穴此刻却成了灭顶快感的源头。\n她的脑子被冲得空空荡荡，连自己是谁都快要想不起来，唯有灵魂被震得支离破碎的战栗一遍遍席卷而来。\n丰腴成熟的躯体绷得笔直又骤然塌软，四肢无助地痉挛蹬动，{anal}以近乎失控的幅度剧烈绞缩，大股大股的肠液失禁般喷薄而出，怎么夹都夹不住。\n那种郁积多时终得释放的极致解脱几乎把她整个人融化，她放荡地失神呻吟着沉溺其中，甜美得几近昏厥，久久缓不过神。
1188,action_part_a_orgasm_super_C,0,CVP_A2_T|106_E_1&CVP_A2_A|5_LE_3,淤积到几乎要将她胀裂的快感终于在这一瞬奔涌决堤，{anal}深处骤然爆开一阵撕心裂肺般的极乐，狠狠攫住了{TargetName}的整副身心。\n这个自认对床笫之事了如指掌的熟女万万没料到，感官本就迟钝的后穴竟能被逼出这般究极的高潮，那被一层层堵截、囤积到极限的滔天快感终于一齐倾泄，猛烈得让她的理智在顷刻间灰飞烟灭。\n她的思绪被彻底搅成一片虚无，意识几近崩溃的边缘摇摇欲坠，只剩下灵魂被生生扯裂的震荡在体内反复回响。\n成熟饱满的腰身深深弓起后又软软瘫倒，双腿失控地抽搐乱颤，{anal}长时间不受控地剧烈痉挛收缩，汹涌的肠液如决口般失禁喷涌，止也止不住。\n积攒许久终于尽数释放的酣畅解脱像潮水般将她温柔地拍散，她迷醉得近乎失去知觉，成熟的眼眸失神涣散，沉沦在这难以言喻的极乐余韵里久久无法自拔。
1189,action_part_a_orgasm_super_C,0,CVP_A2_T|106_E_1&CVP_A2_A|5_LE_3,憋压得太久的巨量快感终于冲破了最后一道闸门，如惊涛般自{anal}深处轰然席卷而来，将{TargetName}整个人狠狠掀入了极乐的深渊。\n纵是这般成熟老练、对情事早已烂熟于心的熟女，也从未领教过感度低平的后穴竟能被推上这样究极的巅峰，那被反复逼停、一点一点囤积到快要溢出的庞大快感此刻一并释放，凶猛得让她连一丝理智都留不住。\n她的脑海被冲刷成惨白的一片，什么都想不起来，濒临崩溃的意识在灭顶的快意中支离破碎。\n她丰腴的身子剧烈而持续地绷紧抽搐，腰肢反复深弓又彻底瘫软，唇舌失控地颤抖着溢出涎液，{anal}极度剧烈地绞缩痉挛，滚烫的肠液失禁似的喷涌不止。\n那份郁结许久终获宣泄的巨大解脱感几乎将她甜甜地送进昏厥，她放浪失神地沉醉战栗着，久久沉溺在这远超想象的极致余韵中不愿醒来。

1190,action_part_a_orgasm_super_C,0,CVP_A2_A|5_LE_3&CVP_A2_T|107_E_1,积压已久的快感在这一刻毫无预兆地决堤，{TargetName}只觉得脑海里骤然炸开一片惨白，被反复逼到边缘又生生截住的巨量快意终于被允许一齐倾泻而出。\n那股力量凶猛得超乎她的想象，从{anal}深处如海啸般卷席全身，将她仅剩的一点理智彻底冲垮，思维在瞬间化为一片空白。\n她本以为自己那向来迟钝的后穴不会有多强烈的反应，可这一次积累到极致的快感却狠狠碾碎了她的侥幸，令她连一丝抵抗的余地都没有。\n身为人妻的羞耻在濒临崩溃的绝顶里被无限放大，她清楚地意识到自己正背着丈夫在别的男人面前失控成这副淫乱模样，那份背德的罪恶感却诡异地化作更甜腻的沉醉。\n{anal}不受控制地剧烈痉挛着，大量温热的肠液失禁般涌流不止，那种彻底失控的排出感令她又羞又迷。\n意识在这场究极的绝顶里被撕裂成碎片，唯余一股累积终得释放的巨大解脱感，将她卷进近乎昏厥的甜美深渊，久久无法自拔，博士。
1191,action_part_a_orgasm_super_C,0,CVP_A2_A|5_LE_3&CVP_A2_T|107_E_1,再也压抑不住的快感在体内轰然爆开，{TargetName}的意识仿佛被一道白光劈成两半，那被一次次吊到顶点又强行按下的巨浪终于合拢成一股，狠狠贯穿了她的全身。\n她整个人绷得笔直，随即又如断线般彻底瘫软，灵魂像是被这股究极的快意生生撕裂开来，脑子里空空荡荡，什么都想不起来了。\n明明她的{anal}一向感觉迟钝，寻常的刺激从来只让她觉得是被填满的胀意，可此刻积压到骇人地步的快感却将那层麻木彻底击穿，逼得她整条脊背都在失控地弓起又塌陷。\n作为有夫之妇，她此刻却在博士面前淫荡地攀上了从未有过的顶峰，那种背叛婚姻的禁忌刺激令她的心一阵抽搐。\n{anal}深处大量肠液喷涌而出，涌流不止地宣告着她的彻底失守，那份羞耻反倒把她推向更深的迷醉。\n漫长的累积终于得到释放，那股几乎令她昏厥的解脱感将她整个人淹没，只剩下失神的甜美在体内久久回荡。
1192,action_part_a_orgasm_super_C,0,CVP_A2_A|5_LE_3&CVP_A2_T|107_E_1,那股被反复截停、层层堆叠的快感终于挣脱了束缚，如决堤的洪流般在{TargetName}体内奔涌炸裂开来。\n她的思维在这一瞬间被冲得粉碎，眼前阵阵发黑又阵阵泛白，连自己身在何处都恍惚得记不真切，唯有那股席卷灵魂的极致快意在意识的废墟上肆意咆哮。\n她的后穴本是感度低下的迟钝之处，往日里连被贯穿都只余淡淡的异物感，可这次被累积到极限的快感却毫不留情地将她击溃，令她连惊呼都来不及。\n身为人妻的她，此刻却在博士身下彻底沦陷，背着丈夫承受着这般灭顶的欢愉，那份愧疚与背德的战栗在崩溃的绝顶中交织成更浓烈的沉醉。\n{anal}一下下猛烈地收缩抽搐，滚烫的肠液失禁般汩汩流淌，怎么也止不住。\n所有被压抑的渴望在这一刻终于倾泻殆尽，那种解脱般的酥麻甜意令她眼神涣散、唇边失守，深深坠入近乎失去知觉的迷离之中。
1193,action_part_a_orgasm_super_C,0,CVP_A2_A|5_LE_3&CVP_A2_T|107_E_1,堆积如山的快感在这一刻终于被允许尽数释放，一股凶猛得难以形容的电流从{anal}深处直冲天灵盖，{TargetName}只觉整个人被劈得魂飞魄散。\n她的大脑在剧烈的绝顶中彻底停摆，思绪化为一片荒芜的空白，连呼吸都乱成了破碎的喘息，眼神早已失了焦距，涣散地望着虚空。\n她那素来不敏感的肠道竟也在这场究极的高潮里被逼出了从未有过的剧烈震颤，仿佛连迟钝的神经都被这积累到极致的快意生生唤醒又碾碎。\n她心底清楚自己是别人的妻子，此刻却在博士面前放浪成这般模样，那背叛家庭的罪恶反而成了令她战栗的催情之火。\n{anal}深处大量肠液喷薄涌出，失禁般止不住地淌落，那彻底失控的感觉令她羞得几乎要哭出来，却又迷醉得无法自拔。\n压抑良久的一切终获解放，巨大的解脱感裹挟着甜腻的失神，将她温柔地拖入昏沉的极乐深渊。
1194,action_part_a_orgasm_super_C,0,CVP_A2_A|5_LE_3&CVP_A2_T|107_E_1,被一次次逼到悬崖边又硬生生拽回的快感，此刻终于汇成一股不可阻挡的巨浪，在{TargetName}体内轰然崩塌倾泻。\n她的意识被这股究极的快意彻底冲垮，脑海里一片雪白的空茫，连自己叫什么都想不起来，仿佛灵魂都要被这灭顶的欢愉挤压出躯壳。\n她一向感度低下的后穴平日里对刺激反应寡淡，可眼下积压到骇人程度的快感却将那份迟钝碾得粉碎，逼得她全身肌肉持续绷紧又剧烈抽搐。\n作为结了婚的女人，她此刻却在博士面前迎来了远超家中所能给予的极乐，那份背德的禁忌快感令她既愧疚又沉醉，心口一阵阵发颤。\n{anal}近乎痉挛地绞缩着，大量滚烫的肠液如失禁般喷涌而出，涓涓不息地宣泄着她的彻底崩溃。\n积蓄已久的快意终于尽数释放，那股令她几近昏厥的解脱与甜美将她整个吞没，只余一具失神战栗的躯体久久沉溺其中。

1195,action_part_a_orgasm_super_C,0,CVP_A2_T|102_E_1&CVP_A2_A|5_G_3&CVP_A2_A|5_LE_6,积攒了太久太久的快感终于在这一刻被彻底放开，幼小的{TargetName}被那股汹涌而来的滔天绝顶狠狠冲垮，稚嫩的小脑袋里轰的一声炸成了一片空白。\n那不是她小小的身体能够承受的东西，一波接着一波的极乐从{anal}最深处翻涌上来，像要把她整个人从里到外撕裂开，幼嫩的腰肢猛地弓成一道颤抖的弧线，又在下一瞬彻底瘫软下去。\n她根本不明白自己为什么会变成这样，只觉得意识被那股究极的快感冲刷得七零八落，连自己是谁都想不起来了，小小的手指死死抠着，脚趾蜷缩成一团，稚嫩的身体不受控制地剧烈痉挛着。\n{anal}一下又一下地疯狂收缩，大量温热的肠液失禁般汩汩涌出，止不住地往外流淌，那种彻底失控的排出感让幼小的她又羞又怕，却又被巨大的解脱感淹没得说不出话。\n迷乱的泪水糊满了通红的小脸，{TargetName}整个人都沉进了那片甜得发昏的极乐里，只剩下断断续续的颤抖，脑子里空空荡荡，什么都不剩了。
1196,action_part_a_orgasm_super_C,0,CVP_A2_T|102_E_1&CVP_A2_A|5_G_3&CVP_A2_A|5_LE_6,被一次次逼到绝顶边缘又硬生生截住的巨量快感，此刻毫无保留地一齐炸开，小小的{TargetName}发出无声的战栗，整个稚嫩的身子都绷成了一张满弓。\n那股远远超出她想象的极致快感从下腹深处席卷而来，一层层叠加着往上翻，冲得她眼前发白，幼小的意识像被巨浪掀翻的小舟，转眼就沉没在灭顶的沉醉里。\n她的思维彻底停摆了，连喘息都变得断断续续，稚气的脸蛋涨得通红，口水顺着微张的嘴角滑落，一双大眼睛涣散无神地望着{Name}，却什么也看不清。\n{anal}深处泛起一阵又一阵灵魂被撕开般的震颤，滚烫的肠液一股股喷涌而出，怎么都收不住，那种彻底湿透、彻底失禁的感觉让她慌乱又迷醉。\n累积了太久的东西终于泄了出来，那份巨大的解脱像潮水般把幼小的她整个人托起又摔碎，{TargetName}只能瘫软着任由一波波余韵在小小的身体里久久回荡，几乎要甜蜜地昏厥过去。
1197,action_part_a_orgasm_super_C,0,CVP_A2_T|102_E_1&CVP_A2_A|5_G_3&CVP_A2_A|5_LE_6,那道被反复压抑、反复截停的快感洪流，终于在这一瞬轰然决堤，稚嫩的{TargetName}被冲得魂飞魄散，小小的身体一下子失去了所有力气。\n究极的绝顶像海啸一样从{anal}深处滚滚而来，一浪高过一浪，她幼小的神经根本招架不住，只觉得整个人都要被这股滔天的极乐融化、拆散、彻底吞没。\n意识在剧烈的快感里被撕成了碎片，她想不起任何事情，脑海里一片惨白，只剩下无边无际的战栗和迷乱，纤细的四肢不受控制地绷直又痉挛，脚尖崩得死紧。\n{anal}疯狂而持久地痉挛收缩着，大量肠液如决口般失禁涌出，热流不停地往外淌，那种毫无保留地喷洒出来的羞耻感，反而让她在极致的迷醉里越陷越深。\n积压已久的快感终于被允许尽情释放，那份甜得令人发昏的巨大解脱感席卷了幼小的全身，{TargetName}泪眼婆娑地失神颤抖着，久久沉溺在这场几乎要她命的绝顶余韵里。
1198,action_part_a_orgasm_super_C,0,CVP_A2_T|102_E_1&CVP_A2_A|5_G_3&CVP_A2_A|5_LE_6,憋了太久的极乐终于在这一刻决口而出，小小的{TargetName}被那股无法抗拒的究极快感彻底击溃，稚嫩的身子瞬间僵直，随即剧烈地抽搐颤动起来。\n那种远远凌驾于寻常快感之上的灭顶绝顶，从{anal}最深处一波波炸裂开来，把她幼小的理智一点点碾碎，冲得她眼冒金星，连呼吸都忘了怎么进行。\n她的脑子早已烧成了一片空白，什么都想不了，什么都顾不上，只能任由那股汹涌的甜蜜浪潮把小小的自己整个卷走，稚气的脸上写满了失神与沉醉。\n一股股滚烫的肠液从痉挛不止的{anal}里失禁般奔涌而出，止都止不住，那种彻底泄出来的失控感让幼小的她又惊又羞，却在巨大的快意里再也无力挣扎。\n那份累积了太久终于得以释放的解脱感，甜美得几乎让她昏死过去，{TargetName}绵软无力地瘫倒着，小小的身体还在一下下不受控地余颤，久久回不过神来。
1199,action_part_a_orgasm_super_C,0,CVP_A2_T|102_E_1&CVP_A2_A|5_G_3&CVP_A2_A|5_LE_6,当那道被一再拦截、一再累积的巨量快感终于被放行，幼小的{TargetName}整个人都被掀进了从未体验过的究极绝顶，稚嫩的身躯猛烈地弹跳战栗。\n滔天的极乐从{anal}深处喷薄而出，一层叠着一层，密不透风地将她小小的身体彻底淹没，她只觉得灵魂都被这股快感撕扯得四分五裂，意识被冲刷得干干净净。\n幼小的脑袋里再没有一丝念头，思维彻底崩断，唯有无止境的颤栗和令人窒息的甜蜜在小小的躯体里反复冲撞，一双小手无意识地抓挠着，指节都泛了白。\n{anal}长时间地剧烈痉挛着，海量的肠液失禁似地喷流不止，热乎乎地淌了一片，那种彻底失守、彻底喷涌的排出感，让她在极度的羞耻里迷醉得几乎失去自我。\n压抑了太久的东西终于尽数倾泻，那股铺天盖地的解脱感将幼小的{TargetName}整个人托上云端，她泪水涟涟地失神喘息着，任凭甜腻的余韵一点点将她拖进昏沉的沉醉之中。
1200,action_part_a_orgasm_super_C,0,CVP_A2_T|103_E_1&CVP_A2_A|5_G_3&CVP_A2_A|5_LE_6,被反复逼到绝顶边缘又一次次硬生生拽回来的{TargetName}，此刻终于迎来了那道再也压不住的滔天巨浪，累积了太久太久的快感在这一瞬间全部炸开，稚嫩的小身子猛地绷成一张满弓，她只觉得一股远比想象中凶猛百倍的酥麻电流从{anal}深处直直贯穿脊背，一路轰上后脑，把她那点还带着孩子气的思绪炸得一片雪白，什么都想不了了，脑子里只剩嗡嗡的鸣响，眼前的世界像被撕成了碎片，她仰着稚气的小脸失神地大张着嘴，涎水顺着嘴角滑落也浑然不觉，娇嫩的肠壁疯狂痉挛着把大量温热的肠液一波接一波地喷涌出来，像失禁一样再也止不住，她能清清楚楚地感觉到那股彻底失控的涌流，又羞又怕又爽得几乎要晕厥过去，小小的身体在这灭顶的快感里彻底酥软，只剩下累积已久终于被释放的巨大解脱与甜到骨髓的迷醉。
1201,action_part_a_orgasm_super_C,0,CVP_A2_T|103_E_1&CVP_A2_A|5_G_3&CVP_A2_A|5_LE_6,那被吊在高潮门槛前无数次的甜蜜折磨终于走到了尽头，{TargetName}发育未全的娇小躯体像触电般狠狠一颤，随即所有被强行憋住的快感如决堤洪流般轰然倾泻，稚嫩的{anal}深处炸开一阵灵魂被生生撕裂的极致震颤，那股快感浓烈到近乎疼痛，把她刚刚懵懂了解性事的小脑袋彻底冲垮，意识像断了线一样支离破碎，她本能地弓起纤细的腰肢，脚趾蜷缩得死紧，稚气的瞳孔失焦地涣散着，连喘息都忘了，一股滚烫的肠液毫无节制地失禁般狂涌而出，怎么也收不住，她在这排出的失控感里羞得脑袋发懵，却又被那甜美到发疯的解脱感淹没，小身子一阵阵抽搐着瘫软，仿佛整个人都要在这究极的迷醉里融化消散。
1202,action_part_a_orgasm_super_C,0,CVP_A2_T|103_E_1&CVP_A2_A|5_G_3&CVP_A2_A|5_LE_6,当那道被压抑了太久的绝顶终于挣脱束缚汹涌而至时，{TargetName}稚嫩的小身板猛然绷直又剧烈发抖，一股几乎要把她整个人撕碎的滔天快感从{anal}最深处翻卷着席卷全身，冲得她眼前一阵阵发黑发白，那个还半懂不懂性事的天真小脑瓜被这股远超以往的极乐彻底轰空，什么念头都抓不住了，只剩下没顶般的酥麻在血肉里横冲直撞，她张着小嘴发出无声的痉挛，稚气的脸蛋涨得通红又透着失神的迷茫，敏感的肠壁一下下猛烈收缩着，把积攒的大量肠液像失了禁般哗哗地喷涌不止，她清晰感到那股再也控制不住的排出感，又惊又羞又爽得直翻白眼，小小的身躯在这灭顶洪流里彻底缴械，被累积的快感终得释放的巨大快意与近乎昏厥的甜腻沉醉紧紧裹住。
1203,action_part_a_orgasm_super_C,0,CVP_A2_T|103_E_1&CVP_A2_A|5_G_3&CVP_A2_A|5_LE_6,一次又一次被推到顶点又被无情拦下的煎熬终于崩溃了，{TargetName}这具刚开始发育的娇嫩身体在这一刻迎来了远超她小小认知的极致爆发，累积得快要溢出来的快感从{anal}里骤然决堤，如同灵魂被一把撕开般的震撼瞬间灌满她的每一寸血肉，稚气未脱的意识被冲刷得干干净净，脑海里空白得连自己是谁都快忘了，她纤细的四肢无力地绷紧又颤抖，稚嫩的小脸失神地扬起，眼角还沁着生理性的泪花，滚烫的肠液不受控制地一股股汹涌喷洒，像失禁般再也止不住地涌流，她既羞耻于这彻底失控的排出，又深陷在快感终于宣泄的甜美解脱里无法自拔，小小的身子在究极的迷醉与酥麻中一波波战栗着，几乎要甜蜜地昏睡过去。
1204,action_part_a_orgasm_super_C,0,CVP_A2_T|103_E_1&CVP_A2_A|5_G_3&CVP_A2_A|5_LE_6,那积压得快要将她小小身体撑爆的快感终于在这一瞬全线崩溃释放，{TargetName}稚气的娇躯像被无形巨浪狠狠拍中般剧烈抽搐，从{anal}深处炸开的究极酥麻凶悍地横扫过她每一根神经，力度之大远远盖过了她以往体会过的任何一次快感，把那颗对性事既好奇又胆怯的稚嫩心灵冲击得摇摇欲坠，思维彻底断片，只剩灵魂被震得嗡嗡发颤的空茫，她仰头张着小嘴，稚嫩的脸庞满是失魂落魄的迷醉，纤细的腰肢一挺一挺地痉挛不停，绵软的肠壁疯狂绞缩着把大量温热肠液失禁般喷涌倾泻，一发不可收拾，她在这羞耻至极的失控涌流中被没顶的爽意和巨大的解脱感彻底吞没，稚嫩的身子瘫软战栗，沉沦在甜到几乎昏厥的极乐余韵里久久回不过神。

2000,action_part_a_orgasm_super_C,0,CVP_A2_T|6_E_0&CVP_A2_T|7_E_1&CVP_A2_T|222_E_1,{TargetName}还完全不懂性事为何物，只知道那股快感一次次逼近顶点，又一次次被生生截断，堆积在懵懂的身体深处，越积越多，越攒越是滚烫难耐，连她自己都说不清那种憋闷究竟是什么滋味。\n此刻，压抑许久的浪潮毫无预兆地一并轰然释放，那股冲击犹如天崩地裂一般撞碎了她全部的思绪，{anal}深处翻涌起的巨大快感瞬间将她的脑海震得一片空白，什么都想不起来，也什么都不明白，只剩下灵魂仿佛都要被撕裂般的剧烈震颤。\n她茫然地任凭自己被这股超乎想象的极致快感彻底冲垮，意识浮浮沉沉、濒临崩溃，却又在那份终于释放的巨大解脱感中沉溺得几乎昏厥，甜蜜得令人窒息，连呼吸都变得支离破碎。\n她完全不懂这种排山倒海的感觉意味着什么，更不会明白自己那具早已具备孕育能力的稚嫩躯体，此刻正经历着怎样惊人骇人的绝顶，只是懵懵懂懂地、迷失在这场铺天盖地的极致震颤里，久久无法找回自己，也不知该如何是好。
2001,action_part_a_orgasm_super_C,0,CVP_A2_T|6_E_0&CVP_A2_T|7_E_1&CVP_A2_T|222_E_1,懵懂无知的{TargetName}从未理解过男女之事，那种快感每每逼近顶点便被硬生生拦下，一次又一次地堆积在她尚未开蒙的身体里，攒成了连她自己都无法名状的酸胀与燥热，压得她几乎喘不过气。\n而此刻，那些迟迟未能释放的浪潮终于被允许一齐迸发而出，如同天塌地陷一般将她整个人卷入其中，{anal}深处涌起的滔天快感令脑海轰然炸裂成一片空白，什么念头都抓不住，仿佛灵魂都要被这股力量撕成碎片。\n她完全不知道该如何应对这种前所未有的巨大冲击，意识一点点被冲得七零八落，濒临彻底崩溃的边缘，却又在那份积攒已久终于释放的解脱感中沉沦得几近昏厥，甜蜜与茫然交织成一片，几乎连自己是谁都快忘记。\n她根本无从得知，自己这具尚且稚嫩却已能孕育生命的身体，正被这场超乎想象的极致绝顶彻底冲垮，只能懵懵懂懂地承受着这股滔天巨浪，久久回不过神来。
2002,action_part_a_orgasm_super_C,0,CVP_A2_T|6_E_0&CVP_A2_T|7_E_1&CVP_A2_T|222_E_1,{TargetName}对性事一无所知，只隐约感觉到那股快感总在快要冲顶的瞬间被硬生生按住，一次次反复，堆积在年幼的身体深处，越积越浓稠滚烫，连她自己都描述不出那是种什么滋味。\n当这股压抑到极限的浪潮终于毫无预警地一并释放，仿佛整个世界都在她脑海里轰然炸裂，{anal}深处传来的极致快感令思维瞬间空白得一片虚无，什么都抓不住，也什么都想不明白，灵魂似乎都要被这震撼撕碎。\n她茫然无措地任由自己被卷进这场超乎想象的极致绝顶之中，意识摇摇欲坠、几近崩溃，却又在那份积攒已久终于得到释放的巨大解脱感里沉醉得几乎昏厥过去，甜美得令人窒息，浑身都酥软得没有一丝力气。\n她完全不明白也不曾想过，自己这具早已具备了怀孕能力的年幼身躯，此刻正经历着怎样惊心动魄的巨浪，只是懵懵懂懂地沉浸在这片铺天盖地的震颤里，久久无法回神。
2003,action_part_a_orgasm_super_C,0,CVP_A2_T|6_E_0&CVP_A2_T|7_E_1&CVP_A2_T|222_E_1,未曾涉世的{TargetName}完全不懂性事的意义，那股快感反反复复在即将触顶的刹那被强行截停，一遍又一遍地累积在她懵懂的身体里，越攒越是灼热难耐，连她自己都不知该如何形容那种感受。\n此刻，那些迟迟被拦下的浪潮终于毫无征兆地一并轰然释放，冲击之猛烈仿佛将她全部的思绪都撞得粉碎，{anal}深处炸开的极致快感令脑海刹那间空白一片，什么都无法思考，灵魂似乎也被这股震颤撕裂开来。\n她茫然失措地任凭自己沉入这场超乎想象的极致绝顶，意识摇晃着几乎彻底崩溃，却又在那份终于得偿所愿的巨大解脱感中迷醉得几近昏厥，甜腻得让人喘不过气，浑身都仿佛失去了知觉。\n她全然不知道，自己这具外表稚嫩却早已具备孕育能力的身体，此刻正被这般惊人的绝顶冲刷侵袭，只能懵懵懂懂地任由那股铺天盖地的震颤席卷全身，久久沉浸其中无法自拔。
2004,action_part_a_orgasm_super_C,0,CVP_A2_T|6_E_0&CVP_A2_T|7_E_1&CVP_A2_T|222_E_1,心智尚且懵懂的{TargetName}对性事毫无概念，只感觉那股快感一次次爬升到顶点边缘，又一次次被硬生生扯回，堆积在她稚嫩的身体深处，越积越是滚烫酸胀，连她自己都说不出那是种怎样煎熬的滋味。\n而此刻，那压抑已久的巨浪终于毫无预兆地一并涌上宣泄而出，猛烈的冲击仿佛瞬间击碎了她所有的思绪，{anal}深处爆发出的极致快感令脑海一片轰然空白，什么都想不起来，灵魂似乎都要被这股极致的震颤撕裂开来。\n她茫然又无助地任由自己被这场超乎想象的绝顶彻底吞没，意识摇摇欲坠濒临崩溃，却又在那份终于释放的巨大解脱感里沉溺得几近昏厥，甜蜜得叫人窒息，浑身酥麻得完全提不起半分力气。\n她根本无从知晓，自己这具早已具备孕育能力的年幼身躯，正经历着怎样骇人的极致绝顶，只是懵懵懂懂地放任自己沉浸在这片铺天盖地的震颤余韵里，久久回不过神来。

2005,action_part_a_orgasm_super_C,0,CVP_A2_T|107_E_1&high_4,被一次次推到绝顶边缘又硬生生截住的煎熬终于结束，{TargetName}只觉一股蓄积到骇人地步的极乐轰然冲垮了她的全部意识。\n那是远远超乎想象的究极快感，{anal}深处翻涌上来的灭顶狂潮将她的思维冲刷得一片空白，她甚至一瞬间忘了自己早已是别人的妻子。\n积压了太久太久的快感终于被允许一齐倾泻，那种被彻底榨空般的巨大解脱感甜美得令她几乎昏厥，灵魂仿佛被撕裂开来。\n她清晰地感到{anal}正失禁般喷涌出滚烫的肠液，涌流不止，那种彻底失控的排出感带来铺天盖地的极致羞耻，可这羞耻偏偏又化作更浓烈的迷醉，将她越拖越深。\n背叛丈夫、在{Name}身下沦陷至此的罪恶感灼烧着她，然而背德的禁忌快感却比愧疚汹涌千百倍，把她仅剩的理智连根卷走。\n她整个人沉沦在这场超乎极限的绝顶里，脑海空茫，意识涣散，只余下被快感彻底淹没的、身为人妻却无可救药地为博士痴醉的甜蜜与战栗，久久无法从这灭顶的沉醉中回过神来。
2006,action_part_a_orgasm_super_C,0,CVP_A2_T|107_E_1&high_4,太多次濒临巅峰又被拦下的折磨，在这一刻尽数化作决堤的洪流，{TargetName}的意识被这股超乎想象的极乐彻底冲垮。\n{anal}深处炸开的快感浪潮一层盖过一层，将她的脑海冲刷成一片空白，什么都想不了，连身为人妻的矜持都被冲得无影无踪。\n蓄积已久的高潮终获释放，那种被掏空般的解脱感甜腻得几乎让她当场昏厥，灵魂像是被这灭顶的快意撕成了碎片。\n她恍惚间觉出{anal}正失禁般涌流出大量滚热的肠液，怎么也止不住，那彻底失控的感觉带来排山倒海的羞耻，偏偏这羞耻又与极致的迷醉纠缠在一起，令她愈发无法自拔。\n明明有着丈夫与家庭，此刻却在{Name}怀里放浪沉沦，背德的刺激像电流般贯穿全身，罪恶越深，那禁忌的快感便越发汹涌得令她招架不住。\n她彻底迷失在这场究极绝顶之中，思绪飘散，神志涣散，唯有那被极乐与解脱裹挟着的人妻胴体，在无边的甜美战栗里久久沉醉，怎么也缓不过来。
2007,action_part_a_orgasm_super_C,0,CVP_A2_T|107_E_1&high_4,当那道被压抑了无数次的高潮终于被放行，{TargetName}只感到一股滔天的极乐将她整个人连意识一并卷走。\n这快感远远超出了她所能想象的极限，{anal}里翻腾而起的灭顶狂澜把她的思维冲得干干净净，脑海空白得连自己已为人妇这件事都恍然记不起。\n囤积太久的快感一齐宣泄而出，那种被彻底释放、被榨干般的解脱甜蜜得令她几近昏厥，灵魂深处被震得支离破碎。\n她能感觉到{anal}失禁似的喷涌着大量灼热肠液，涌流不息，那种毫无遮拦的排出感令她羞耻到骨子里，可越是羞耻，那股迷醉便越是浓烈地将她吞没。\n背叛婚姻的负罪感与这背德的极致快感激烈交战，然而快感终究压倒了一切，愧疚反倒成了助燃的柴薪，让她在{Name}面前沦陷得更彻底。\n她沉溺在这场超强绝顶的灭顶甜潮里，意识彻底涣散，思维一片虚无，只剩一具身为人妻却为博士痴狂到骨髓的躯体，在极乐与解脱交织的战栗中久久无法自持。
2008,action_part_a_orgasm_super_C,0,CVP_A2_T|107_E_1&high_4,无数回被逼近绝顶又强行截停的煎熬，此刻化作一场铺天盖地的极乐洪峰，狠狠冲垮了{TargetName}的全部神志。\n{anal}深处涌起的快感巨浪一波强过一波，将她的意识彻底击碎，脑中空白如洗，连自己有夫之妇的身份都被冲刷得荡然无存。\n积攒了太久的快感终被允许倾泻而出，那被彻底掏空的解脱感甜美得让她几乎失去知觉，灵魂像被撕裂般震颤不已。\n她迷蒙中察觉{anal}正失禁般奔涌出滚烫的肠液，止也止不住，那种全然失控的排出感掀起滔天的羞耻，而这羞耻又诡异地化成更深的沉醉，将她拖入无底的迷乱。\n身为人妻却在{Name}身下淫乱至此的背德感灼烧着她的心，可禁忌的快感远比那点愧疚来得凶猛，把她最后一丝理智吞噬殆尽。\n她整个人沉没在这究极绝顶的甜美灭顶之中，思绪飞散，意识模糊，唯余那具背叛了婚姻却对博士彻底沦陷的人妻身子，在无边的极乐与解脱里颤栗着，久久寻不回自己。
2009,action_part_a_orgasm_super_C,0,CVP_A2_T|107_E_1&high_4,被反复吊在绝顶边缘又生生拽回的漫长折磨终于到头，{TargetName}只觉一股蓄到极限的狂喜猛然冲垮了她全部的意识堤防。\n那是超乎一切想象的极致快感，{anal}深处喷涌而上的灭顶浪潮将她的思维搅成一片空白，恍惚间连自己早已嫁作人妇都彻底忘却。\n积压许久的快感一齐迸发倾泻，被彻底释放、被榨空似的解脱感甜腻得令她几乎昏厥过去，灵魂仿佛被这滔天的快意生生撕开。\n她朦胧间感到{anal}失禁般涌流出大量滚热肠液，绵绵不绝，那彻底失守的排出感令她羞耻得无地自容，偏偏这份羞耻又酿成更浓的迷醉，把她越缠越紧。\n明明是有丈夫的女人，却在{Name}面前放浪沉沦到这般田地，背德的战栗与释放的甜美交织缠绕，罪恶感越重，那禁忌的极乐反倒越发销魂蚀骨。\n她彻底陷落在这场超强绝顶的甜潮里，神志涣散，脑海虚空，只留一具身为人妻却为博士痴醉到骨的躯体，在灭顶的快感与巨大的解脱中久久战栗，迟迟无法回神。

2010,action_part_a_orgasm_super_C,0,CVP_A2_G_E_0,积压了太久太久的快感在这一刻终于被允许尽数奔涌，{TargetName}只觉一股远超以往任何一次的灭顶快意猛地将她整个人吞没。\n那快感浩浩荡荡地席卷而来，把她的意识瞬间冲垮成一片空白，脑海里什么都想不起来，只剩下濒临崩溃的极致战栗。\n无数次被截停的高潮此刻一齐决堤，那种终于得以彻底释放的巨大解脱感，令她几乎要甜美地昏厥过去。\n她恍惚地感觉到{anal}正大量失禁般涌流着肠液，那彻底失控的排出感带来铺天盖地的羞耻，却又被灭顶的极乐尽数碾碎。\n只是在这灵魂被撕裂般的震撼里，她心底又浮起一丝茫然，自己竟对着{Name}这样一个还如此陌生的男人沦落到这般地步，那份说不清的困惑与后悔在迷醉中若隐若现，却再也无力去细想，只能任凭自己彻底沉溺进这场超乎想象的极致沉醉里。
2011,action_part_a_orgasm_super_C,0,CVP_A2_G_E_0,{TargetName}被那一齐倾泻而下的巨量快感狠狠掀翻，一种远远凌驾于寻常绝顶之上的究极快意将她整个灵魂都撕扯得粉碎。\n她的思绪在这灭顶的冲击下彻底一片空白，连自己身在何处都恍惚起来，只余下迷醉失神的战栗与濒临崩溃的甜美。\n那被反复吊到边缘又强行截停的快感终于全部释放，那种压抑尽消的解脱感汹涌而至，令她几乎要沉沉昏厥。\n她隐约感到{anal}正失禁般不受控制地喷涌着大量肠液，那彻底失守的排出感令她又羞又乱，却在滔天快意中被冲刷得再无余力羞愧。\n恍惚间她茫然地想起，与自己这般纠缠的竟是个几乎不认识的人，那份对陌生人交付身体的迷惘与自我质疑刺得她心口发慌，可这灭顶的极乐实在太过汹涌，最终只能将那点困惑一并淹没，令她彻底迷失在究极的沉沦之中。
2012,action_part_a_orgasm_super_C,0,CVP_A2_G_E_0,一场超乎想象的极致绝顶将{TargetName}彻底卷入，那是积蓄了无数次终于一齐释放的巨量快感，凶猛得几乎要将她的神志整个撕碎。\n她的意识在灭顶的浪潮里被冲刷得干干净净，脑中只剩一片空茫，连呼吸都忘了该怎么调匀，唯有极乐带来的战栗一波波贯穿全身。\n被一次次截断又累积起来的高潮终于尽数奔涌，那种压抑许久后骤然解放的巨大快慰，令她甜美得几近失去知觉。\n她模糊地觉出{anal}正大量涌流着肠液、失禁般止不住地泄出，那种毫无遮拦的排出感令她羞耻到极点，偏又在究极快意中被彻底融化。\n迷乱涣散的意识深处，她茫然地意识到自己竟对一个陌生男人放纵至此，那份不知所措与隐隐的后悔搅得她心慌意乱，然而这场灵魂震颤般的极乐早已将她的理智淹没，令她只能沉沉坠入这难以言喻的迷醉与解脱里。
2013,action_part_a_orgasm_super_C,0,CVP_A2_G_E_0,{TargetName}被那一齐迸发的庞大快感冲击得几近崩溃，一种前所未有的究极快意如惊涛骇浪般将她连人带心尽数吞没。\n她的思维在这一刻彻底停摆、一片空白，仿佛整个灵魂都被这灭顶的绝顶震得四分五裂，只剩迷醉的战栗与失神的沉沦。\n那些被反复截停、层层累积的快感终于全部倾泻而出，那种久压之后骤得释放的巨大解脱感，令她甜美得几乎要昏死过去。\n她恍惚感到{anal}正失禁般汹涌喷涌着大量肠液，那彻底失控的排泄感令她羞耻得几近落泪，却又被排山倒海的极乐生生碾成了迷乱的沉醉。\n意识涣散的边缘，她又茫然地泛起一丝疑惑与后悔，自己怎会与{Name}这样一个陌生之人缠绵到这等失控的境地，那份困惑令她心口一紧，可这超乎想象的究极快意早已势不可挡，最终只能任凭自己被彻底冲垮，沉沉溺进这甜美到极致的空白里。
2014,action_part_a_orgasm_super_C,0,CVP_A2_G_E_0,积蓄了太久的快感终于挣脱一切束缚一齐决堤，{TargetName}只觉一股灭顶的极乐如洪流般将她整个人淹没，凶猛得远远超出她所能承受的极限。\n她的意识被这究极的绝顶彻底冲垮，脑海里一片空茫混沌，连自己是谁都恍惚模糊，唯有灵魂被撕裂般的震撼一遍遍席卷全身。\n那被反复吊起又硬生生按下的快感此刻尽数释放，那种压抑到极点后终于解放的巨大快慰，令她甜美得几乎要失去意识地昏厥过去。\n她朦胧地察觉{anal}正大量失禁般涌流喷涌着滚烫的肠液，那种完全失守的排出感羞得她无地自容，偏又在滔天的迷醉里被融化殆尽。\n在这近乎昏死的甜美沉醉里，她茫然地想到自己竟对一个陌生男人交付了身体，那份不知所措的困惑与说不清的后悔在心底浮沉，可这场超乎想象的极致快意早已将她的一切理智冲刷干净，只剩她彻底迷失着，沉沦在无边的解脱与眩晕之中。
2015,action_part_a_orgasm_super_C,0,CVP_A2_G_E_1,积攒了不知多少次、被一再截断在顶点前的滚烫快感，此刻终于毫无保留地在{TargetName}体内一齐炸开，那股排山倒海的极致快意瞬间将她的意识彻底冲垮。\n{anal}深处传来一波盖过一波的究极震颤，她只觉脑海轰然炸成一片空白，什么都想不了，灵魂像被生生撕裂又揉碎，整个人沉进了几乎昏厥的甜美迷醉里。\n压抑了太久的浪潮终于获准倾泻的那种解脱感，汹涌得让她几乎要哭出来。\n恍惚间她茫然地望向博士，心底那份连她自己都读不懂的悸动随着这滔天的绝顶一同翻涌上来，又酸又甜，令她说不清这究竟是快感还是别的什么。\n她只是隐隐地、不由自主地想要更靠近他一些，仿佛只有贴着他，这场要把她整个人溶化掉的极致绝顶才有个归处。
2016,action_part_a_orgasm_super_C,0,CVP_A2_G_E_1,那些被反复卡停、迟迟得不到释放的快感，终于一口气尽数迸发，{TargetName}被这超乎想象的极致绝顶冲得神志全失。\n{anal}深处翻涌起一阵又一阵滔天的快意，她觉得自己的思维彻底断了线，眼前阵阵发黑，整个灵魂都在这场究极的震颤里剧烈战栗、支离破碎。\n累积已久的巨浪终于决堤的那种解脱，甜美得近乎令人昏厥，她迷醉得几乎认不清自己是谁。\n混沌中她怔怔地看着博士，只觉心口有什么随着高潮一起发烫鼓胀，那是一种她还弄不明白的朦胧爱意，酸酸软软地漫过心尖。\n她说不清为什么，只是无比强烈地想要贴近他、依偎着他，仿佛这滔天的极致绝顶把她心底那点隐秘的悸动也一并冲刷了出来。
2017,action_part_a_orgasm_super_C,0,CVP_A2_G_E_1,一次次逼近顶峰又被生生按回所囤积下的滚烫快感，此刻终于被允许一齐奔涌而出，{TargetName}只觉一股超乎想象的极致快意将她整个人彻底吞没。\n{anal}深处震颤不休，一浪高过一浪，她的思绪被冲刷得一干二净，脑中空白得连呼吸都忘了，灵魂仿佛被这场究极绝顶震得四分五裂。\n那种压抑了太久终于释放的解脱感，汹涌又甜蜜，令她迷醉失神，几乎要沉沉晕厥过去。\n恍惚里她的目光落在博士身上，心底那份朦胧而不自知的情愫随着极致的快感一同翻腾，又暖又涩，令她莫名地鼻头发酸。\n她只是本能地、控制不住地想要更挨近他一点，好像唯有如此，才能安放这场几乎将她溶解殆尽的滔天绝顶。
2018,action_part_a_orgasm_super_C,0,CVP_A2_G_E_1,被寸止折磨到数不清、迟迟未能宣泄的巨量快感，终于在这一刻一并释放，{TargetName}被这场究极的绝顶冲刷得意识尽数崩塌。\n{anal}深处涌起排山倒海般的极致快意，她只觉整个脑袋轰的一声化作空白，眼前一片眩晕昏黑，灵魂被这滔天的震颤撕扯得支离破碎。\n积压许久的浪潮终获释放的解脱，甜美汹涌得让她几乎昏死过去，浑身瘫软地沉溺在无边的迷醉里。\n迷蒙间她茫然望着博士，那份连自己都尚未察觉的悸动随着极致绝顶悄然膨胀，又甜又酸地揪着她的心。\n她说不出缘由，只是无端地渴望离他更近，仿佛这要把她整个人融化掉的滔天快感，唯有依偎在他身边才寻得到栖息。
2019,action_part_a_orgasm_super_C,0,CVP_A2_G_E_1,攒了太多次、被一再拦在绝顶之前的滚烫浪潮，此刻终于毫无阻拦地一齐倾泻，{TargetName}被这超乎想象的究极快意瞬间冲垮了全部神智。\n{anal}深处翻卷起没完没了的极致震颤，她的思维彻底空白一片，眼前发黑发晕，灵魂像被生生震碎又抛向虚空，整个人沉进了几乎昏厥的甜美沉醉。\n囤积已久的快感终于获准释放的那种巨大解脱，汹涌得令她几乎落泪，迷醉得再也分不清此刻身在何处。\n恍惚中她怔怔凝望着博士，心底那股说不清道不明的悸动随着滔天绝顶一同涌上，又软又烫地漫遍全身。\n她只是不由自主地想要更贴近他一分，仿佛这场将她彻底溶化的极致高潮，唯有偎着他的温度才能慢慢平息。

2020,action_part_a_orgasm_super_C,0,CVP_A2_G_E_2,{TargetName}只觉得那被截停累积了无数次的巨量快感，在这一刻终于被彻底松开，如决堤的洪流般从{anal}深处轰然炸开，将她的意识瞬间冲得粉碎。\n那么多次被生生逼回的高潮一齐爆发，究极的快感一波高过一波地把她整个人淹没，思维一片空白，灵魂仿佛被撕裂般剧烈震颤。\n她能清晰地感觉到{anal}疯狂痉挛，大量肠液失禁般喷涌而出，那种彻底失控的排出感带来灭顶的羞耻，却又让她甜蜜地沉沦其中。\n积压已久的快感终于得到释放的巨大解脱感几乎让她昏厥，恍惚中她满心满脑都是博士，那份藏在心底、迟迟不敢说出口的爱意在极乐里翻涌到顶点，她多想让{Name}知道自己的心意，却又害怕这份炽热会吓到他。
2021,action_part_a_orgasm_super_C,0,CVP_A2_G_E_2,被无数次推到绝顶前一瞬又硬生生截停的煎熬，此刻终于化作决堤的狂潮，{TargetName}感到究极的快感从{anal}深处一齐喷涌而出，将她的理智彻底冲垮。\n那是远远超出寻常绝顶的极致快感，一浪接一浪地拍碎她的意识，脑海里白茫茫一片，几乎连自己是谁都想不起来。\n她恍惚地感觉到{anal}剧烈绞缩，肠液失禁般止不住地涌流，那种毫无保留的失禁感让她羞耻得几乎要哭出来，偏偏又迷醉得无法自拔。\n累积已久的快感终于倾泻而出的解脱感甜美得让她几近晕厥，混沌中她一遍遍想起博士的身影，那份还未启齿的恋慕随着灭顶的极乐几乎要脱口而出，她既渴望把这份沉醉当作无声的告白，又忐忑得怕失去他。
2022,action_part_a_orgasm_super_C,0,CVP_A2_G_E_2,{TargetName}感觉体内那被反复中断、堆积如山的快感终于在这一瞬间被彻底释放，究极的绝顶如惊雷般在{anal}深处炸响，将她的意识连根冲垮。\n难以想象的快感一波接一波地灌满全身，思绪被冲刷得支离破碎，灵魂像是被这灭顶的狂潮撕成了碎片，她只能失神地任由快感将自己吞没。\n她清晰地体会到{anal}疯狂抽搐，大量肠液失禁般汹涌而出，那种彻底放开的排出感带来极致的羞耻与迷醉，让她在颤栗中甜蜜地崩溃。\n那份积攒太久终得宣泄的解脱感浓烈得让她几乎昏死过去，恍惚间她心里只装得下博士一个人，压在心底那份不敢言说的爱意在极乐中翻腾到极致，她多希望能借这忘我的沉沦向{Name}传达心声，却又羞怯得不敢直面他的眼睛。
2023,action_part_a_orgasm_super_C,0,CVP_A2_G_E_2,那被一次次逼回、囤积到极限的快感，在这一刻终于获准全部倾泻，{TargetName}只觉得{anal}深处爆发出一场超乎想象的究极绝顶，将她仅存的理智彻底吞没。\n铺天盖地的极致快感像海啸般一波高过一波，把她的思维冲得一片空白，整个人失神地悬浮在灭顶的迷醉之中，几近崩溃。\n她能感到{anal}长久而剧烈地痉挛，肠液失禁般不受控地喷涌流淌，那种毫无遮拦的失控排出让她羞耻到骨子里，却又沉醉得神魂颠倒。\n累积快感终于释放的巨大解脱感甜美得令她几欲昏厥，混沌的脑海里满是博士的影子，那句在心底徘徊已久却始终不敢出口的告白随着极乐几乎要冲破喉咙，她既盼着{Name}能读懂这份爱意，又惶惶不安地怕被拒绝。
2024,action_part_a_orgasm_super_C,0,CVP_A2_G_E_2,{TargetName}被反复截停而积压的巨量快感终于在这一刻决堤而出，究极的绝顶自{anal}深处轰然席卷全身，将她的意识彻底冲垮成一片虚无。\n那超乎想象的快感一层层叠加着炸裂开来，脑中一片空白，灵魂被震撼得几乎要脱离躯壳，她只能在灭顶的狂潮里失神颤栗。\n她迷蒙地觉察到{anal}疯狂绞缩，大量肠液失禁般涌流不止，那彻底失控的排出感让她既羞耻又迷乱，在极度的沉沦中甜蜜地瓦解。\n积攒许久的快感一齐宣泄的解脱感浓得让她几近晕厥，恍惚中她满脑子都是对博士的思念，那份深埋心底、迟迟未敢表白的恋慕在究极的极乐里翻涌到顶点，她多想让{Name}明白自己的一片痴心，却又害怕说破后连这份亲密都不复存在。

2025,action_part_a_orgasm_super_C,0,CVP_A2_G_E_3,被反复截停在绝顶边缘那么多回后，积压到极限的快感在这一刻终于获准一齐奔涌，{TargetName}只觉一股远超以往任何一次的究极快感自{anal}深处轰然炸开，整个意识被这甜美的洪流瞬间冲垮。\n脑海里一片空白，什么都想不了，唯余灵魂被撕裂般的极致震颤，那么多次被硬生生截断的渴望终于倾泻而尽，那股酣畅淋漓的巨大解脱感几乎令她当场昏厥过去。\n她恍惚间感到{anal}正大量喷涌着肠液、失禁般止不住地流淌，那种彻底失控被掏空的排出感裹着灭顶的羞耻，却又与铺天盖地的极乐搅在一处，令她迷醉得神魂俱散。\n可即便被快感冲刷得意识崩解，心底最深处那份对{Name}炽热的爱恋却依旧滚烫，她爱着自己的恋人，甘愿在他面前这样彻底沉沦，将初恋般甜蜜的自己毫无保留地交付出去，在昏沉的极乐里满心都是与博士相守的憧憬与幸福。
2026,action_part_a_orgasm_super_C,0,CVP_A2_G_E_3,那被一次次逼停在巅峰前的巨量快感终于被允许一齐释放，{TargetName}顿觉一阵超乎想象的极致绝顶自{anal}深处席卷全身，意识刹那被这灭顶的爽潮彻底冲垮击碎。\n思绪散成一片虚白，连自己是谁都恍惚记不清了，只剩灵魂被震得粉碎般的酥麻狂喜，积攒了太久的欲念一朝倾泻殆尽，那种痛快到极点的解脱令她几乎失去了神智。\n她隐约觉出{anal}正失禁般狂涌着肠液、怎么也收束不住，那彻底失控的排出感带来羞耻得想哭的战栗，偏又和排山倒海的快感缠成一团，将她拖入迷乱的深渊。\n然而纵使被冲刷得思维尽毁，满心满脑对{Name}的爱意仍旧鲜明滚烫，正因深爱着这个刚确立心意的恋人，她才愿意在他怀里毫无保留地失态崩溃，甜蜜地把整个自己奉上，恍惚中尽是对二人未来的美好期盼。
2027,action_part_a_orgasm_super_C,0,CVP_A2_G_E_3,无数回被截断在绝顶前一瞬的快感在此刻一并决堤奔涌，{TargetName}只感到一场远胜从前的究极高潮自{anal}深处轰然爆开，整个人的意识被这甜腻的爽潮冲刷得支离破碎。\n脑中空空荡荡再无一丝思绪，濒临崩溃的边缘只余灵魂被贯穿般的剧烈震颤，压抑了太久的渴望终得尽情宣泄，那份酣畅到骨子里的解脱感令她甜美得几乎昏厥。\n她朦胧中察觉{anal}正大量喷淌着肠液、失禁般涌流不止，那种被彻底掏空的失控排出感夹着羞耻，却与铺天盖地的极乐融为一体，将她的神魂搅得彻底迷醉。\n可就算被快感撕碎了理智，心口那份对{Name}初恋般的热切爱恋依旧不曾熄灭，她深深眷恋着自己的恋人，情愿在他眼前这样酣畅淋漓地沉沦，将甜蜜羞怯的自己整个交托，昏沉里满是与博士携手同行的憧憬。
2028,action_part_a_orgasm_super_C,0,CVP_A2_G_E_3,被寸止逼停了那么多次、积压到极限的快感终于获准一齐倾泻，{TargetName}霎时觉得一股超乎想象的极乐自{anal}深处炸裂涌起，意识被这势不可挡的爽流一瞬间冲得溃不成军。\n满脑子只剩一片空茫，连思考的力气都被榨干，唯有灵魂被震碎般的极致快感在无边蔓延，蓄积太久的欲潮终得决口，那种畅快得发颤的解脱令她甜蜜到近乎失去意识。\n她恍惚感到{anal}正失禁般喷涌着大量肠液、汩汩流淌收束不得，那彻底失控的排出感带来令人面红的羞耻，偏又与灭顶的快意搅缠不清，把她推向迷离沉醉的极处。\n然而任凭快感将神智冲垮，心底对{Name}那份炽热缠绵的爱却愈发清晰，她爱惨了这个热恋中的恋人，甘心在他面前这般彻底失态崩落，把初恋般青涩甜美的自己尽数献上，迷醉中尽是对未来相守的甜甜期许。
2029,action_part_a_orgasm_super_C,0,CVP_A2_G_E_3,一次次被硬生生掐停在高潮前的快感在这一刻尽数奔涌而出，{TargetName}只觉一场远远超出寻常的究极绝顶自{anal}深处汹涌炸开，整个意识被这甜美的洪峰彻底淹没冲垮。\n脑海一片死白，思绪被搅得荡然无存，濒临崩溃处唯余灵魂被撕裂般的震颤狂喜，憋闷已久的渴念终于痛快释放，那股排山倒海的解脱感令她迷醉得几乎晕厥昏沉。\n她隐隐感到{anal}正大量喷洒着肠液、失禁般止不住地涌流，那种被掏空般的失控排出裹着羞耻的战栗，却和无边的极乐交织在一起，令她的神魂彻底沦陷。\n可纵使快感将理智碾成齑粉，心底最深处对{Name}的爱恋依旧滚烫如初，她如此深爱着自己新定情的恋人，才愿在他怀中这样毫无保留地崩溃失态，甜蜜地把全部的自己交付于他，恍惚间满心都是同博士共赴未来的幸福憧憬。

2030,action_part_a_orgasm_super_C,0,CVP_A2_G_E_4,积攒了太多太多次、每一次都被拦在绝顶门前的巨量快感，在这一刻终于获准一齐奔涌而出，那股灭顶般的极乐轰然将{TargetName}的意识彻底冲垮。\n她只觉得脑海里瞬间炸成一片雪白，什么都想不了，什么都抓不住，唯有从{anal}深处翻涌上来的究极快感一浪高过一浪地将她整个人淹没吞没。\n积压已久的东西终于得以释放，那种排山倒海的解脱感让她几乎当场昏厥过去，灵魂都像被这股快感撕裂又揉碎。\n她隐约感到{anal}正失禁般地涌出滚烫的液流，可那份彻底失控的羞耻此刻只化作更深的迷醉与沉沦。\n是{Name}，是那个与她心意相通、愿为彼此付出一切的爱人在身旁，她才敢把自己交付到这般毫无保留的极乐深处，在无需言语的信赖里彻底融化，甜美得近乎昏聩地沉溺下去。
2031,action_part_a_orgasm_super_C,0,CVP_A2_G_E_4,那一次次被生生截停、被迫咽下的绝顶，此刻全部一齐涌了回来，铺天盖地地砸在{TargetName}身上，将她仅存的一点神智冲刷得干干净净。\n她的思绪彻底断了线，脑中一片空茫，只剩下{anal}深处炸开的极致快感像海啸一样反复灭顶，冲得她连自己是谁都恍惚了。\n那是远远超出以往任何一次的究极绝顶，蓄积到极限的快感终于释放，那份酣畅淋漓的解脱几乎让她灵魂出窍，甜得让她想哭。\n恍惚间她察觉到{anal}正涌流着止不住的热流，可那种失禁般的羞耻反倒化成了更浓烈的沉醉。\n只因怀里是与她生死不渝的{Name}，那份无需承诺便坚定不移的深情让她安心地卸下一切防备，在爱人面前把最不堪也最真实的极乐尽数交出，迷乱又幸福地沉沦其中。
2032,action_part_a_orgasm_super_C,0,CVP_A2_G_E_4,被反复吊到极限、又一回回硬生生忍下的快感，在获准释放的刹那如决堤洪流般将{TargetName}整个吞没，那股究极的极乐凶猛得让她的意识当场崩解。\n她的脑海骤然一片空白，连呼吸都忘了，只有{anal}深处翻涌不息的灭顶快感一波接一波地贯穿全身，把她冲刷得神魂俱散。\n这远非寻常绝顶可比，憋积太久的一切终于倾泻而出，那种巨大的解脱与酣畅让她几乎昏厥，灵魂像被撕开又浸入蜜里。\n她朦胧地感到{anal}失禁般地涌出滚烫的液流，那份彻底失控的羞耻在此刻只余下更深的迷醉。\n因为身边是那个懂她入骨、愿与她共赴一切的{Name}，她才敢这样毫无保留地失态沉沦，在彼此无言的默契中安心地把整个自己交付出去，沉醉得再不愿醒来。
2033,action_part_a_orgasm_super_C,0,CVP_A2_G_E_4,攒到再也承受不住的巨量快感终于一齐炸开，那股究极的绝顶如灭顶巨浪将{TargetName}狠狠掀翻，她的意识在顷刻间被冲得支离破碎。\n脑中一片空空荡荡，再挤不出半点念头，只剩{anal}深处一次次爆开的极乐反复将她淹没，冲得她浑身瘫软、神智涣散。\n这是超乎她想象的究极高潮，长久积压的快感终于释放的那一瞬，那份铺天盖地的解脱感几乎让她甜美地晕厥过去，灵魂都在震颤。\n她隐约觉出{anal}正失禁般涌流着灼热的液体，然而那彻底失守的羞耻此刻只让她沉得更深、醉得更痴。\n正因为陪着她的是愿意为她付出一切、也被她深爱着的{Name}，她才敢在这场极乐里彻底卸下所有伪装，在无需言语的坚定爱意中沉沦到底，幸福得几乎落泪。
2034,action_part_a_orgasm_super_C,0,CVP_A2_G_E_4,一次次被截断、被迫压下的绝顶，此刻终于被允许一齐奔涌释放，那股攒到极致的快感如天崩地裂般将{TargetName}的神智彻底冲垮。\n她眼前骤然一白，思维完全停摆，什么都想不起来，唯有{anal}深处翻腾不休的究极快感像潮水一样反复将她灭顶淹没。\n这远远凌驾于她经历过的一切绝顶之上，蓄积太久的快感终于倾泻的那一刻，那份酣畅到极点的解脱让她灵魂战栗，甜得几近昏聩。\n她恍惚感到{anal}正失禁般地喷涌着滚烫的热流，可那种羞耻早已被更浓的迷醉与沉溺彻底盖过。\n只因身旁是与她相守相知、生死相许的{Name}，那份不必开口便心照不宣的深爱让她敢把最赤裸的失控交给爱人，在彼此交融的极乐里安心地沉醉、彻底地沦陷。

2035,action_part_a_orgasm_super_C,0,CVP_A2_G_E_-1,那被拦截截断了太多回、积压到极限的快感终于在这一刻被允许一齐奔涌释放，{TargetName}只觉一股滔天的爽意从{anal}深处轰然炸开，将她的意识狠狠冲垮。\n作为部下的她原本还死死攥着心底那份勉强与不甘，想着这不过是迫于上司威严的隐忍服从，可这远超想象的究极快感一齐灌进来时，她脑中所有的抗拒都被冲刷成一片惨白。\n积攒已久的快感终于获准倾泻的那种解脱感令她几乎昏厥，灵魂像被撕裂一般剧烈震颤，明明心里千般不愿，身体却诚实地沉溺在这极致的迷醉里无从自拔。\n她恍惚感到大量肠液自{anal}失禁般涌流不止，那种彻底失控的排出感让她羞耻到无地自容，可越是羞耻，那被累积释放的甜美沉醉便越发深地将她淹没，只剩下一片濒临崩溃的空白与酥软。
2036,action_part_a_orgasm_super_C,0,CVP_A2_G_E_-1,压抑了太久、被生生截停了无数次的绝顶，此刻终于被恩准一齐释放，{TargetName}整个人被从{anal}深处涌起的究极快感彻底吞没，思维在顷刻间化为一片空白。\n她本是个满心质疑的部下，越界的命令令她暗自不满，可当这超乎想象的滔天爽意一齐决堤时，那点隐忍与勉强连同她的理智一起被冲得荡然无存。\n那种积压已久终获释放的巨大解脱感令她灵魂都在震颤，快感汹涌得几乎要将她冲散，她既恨自己竟这样失守，又被这甜美的沉沦裹挟得再无还手之力。\n她迷迷糊糊地觉出{anal}正失禁般地涌流着大量肠液，那彻底失控的感觉令她羞愧欲死，偏偏这份羞耻又化作更浓的迷醉，将她一并卷入濒临昏厥的极乐深渊，脑海里只剩下被累积快感冲垮后的一片惨白。
2037,action_part_a_orgasm_super_C,0,CVP_A2_G_E_-1,那一次次被逼到边缘又被硬生生掐断的快感，如今连本带利地一齐爆发出来，{TargetName}被从{anal}深处翻涌而上的究极爽意冲上了不可思议的极乐之巅。\n身为部下的她心里始终端着对这道命令的抵触与勉强，可这远远超出承受极限的滔天快感一齐灌入时，她的思绪被撕成碎片，什么服从、什么不甘全都想不起来了。\n积攒到骇人程度的快感终于获准倾泻，那种解脱感甜美得令她几乎失去知觉，灵魂在震撼中战栗，她清楚地感到自己正无可救药地沉溺，纵有再多的不愿也拦不住这具身体的诚实迷醉。\n她恍惚察觉{anal}失禁般地涌出大量肠液，涌流不止，那种毫无尊严的失控排出感令她羞耻得几乎落泪，可这羞耻却诡异地拔高了她的快感，将她彻底推入一片空白而甜腻的极致沉沦之中。
2038,action_part_a_orgasm_super_C,0,CVP_A2_G_E_-1,被截断压抑了太多回的绝顶终于获准彻底释放，{TargetName}只觉一股究极的快感自{anal}深处如洪流般炸裂开来，将她仅剩的一丝理智连根冲走。\n她原本只是个迫于上司威严才勉强顺从的部下，心底藏着说不出口的质疑与隐忍，可这超乎想象的极致爽意一齐奔涌而来时，那些勉强与抵触在顷刻间被冲刷得干干净净。\n那种积压已久终于宣泄而出的巨大解脱感令她几乎昏厥，快感汹涌得像要将她的灵魂撕裂，她迷醉失神，明明心里还残留着不情愿，身体却早已彻底缴械沉沦。\n她隐约感到{anal}正失禁般地喷涌出大量肠液不止，那彻底失禁的排出感让她羞耻到浑身发烫，而正是这份羞耻与被累积快感填满的甜美交织在一起，将她冲进濒临崩溃的空白与极乐，久久无法回神。
2039,action_part_a_orgasm_super_C,0,CVP_A2_G_E_-1,那被反复寸止折磨到濒临疯狂的巨量快感，终于在这一刻获准一齐奔涌而出，{TargetName}被从{anal}深处爆发的究极绝顶掀翻，攀上了此生从未触及的极乐顶点。\n作为部下的她心里纵有千般的暗自不甘与勉强敷衍，可这远超想象的滔天快感一齐灌进身体时，她的意识被彻底冲垮，脑中只剩下嗡嗡作响的一片空白。\n积攒到极限的快感终获释放的那种解脱感甜美得令她几乎失神，灵魂被震得粉碎，她既羞愧于自己竟在上司面前这般失控，又被这究极的迷醉裹挟着无从挣脱。\n她朦朦胧胧地感到{anal}失禁般地涌流着大量肠液，涌泄不止，那种毫无遮掩的失控排出感令她羞耻得几乎昏死过去，可这羞耻反倒把她推向更深的沉醉，只余一具在累积释放中被快感彻底填满的、濒临崩溃的躯壳。

2040,action_part_a_orgasm_super_C,0,CVP_A2_G_E_-2,{TargetName}一直信赖着博士的每一个决定，哪怕这样的对待早已远远越出了寻常的界限，她也宁愿把承受这一切当成一项必须完美执行的任务。\n可当那被反复中断、层层累积到极限的巨量快感终于被允许一齐释放时，她脑中那根紧绷的弦轰然断裂，意识瞬间被冲刷得一片空白。\n那快感强烈得超乎她的想象，像决堤的洪流般席卷了全身每一寸，将她仅存的专业镇定撕扯得粉碎。\n她清楚地感觉到{anal}疯狂地痉挛绞缩，大量肠液失禁般地涌流而出，那种彻底失控的排出感令她又羞又迷。\n积压了太久太久的快感终于得以宣泄，那股几乎令她昏厥的巨大解脱感如潮水般将她淹没，甜美得让她的灵魂都在颤抖。\n她只能在这灭顶的极乐里毫无保留地沉沦，把对上司的全部信任都交付给了这一刻的臣服与迷醉。
2041,action_part_a_orgasm_super_C,0,CVP_A2_G_E_-2,作为对博士言听计从的驯服部下，{TargetName}原本以为自己能像完成任务那样沉稳地熬过去，毕竟她对上司的安排从来都是无条件地信任。\n然而当累积到骇人地步的快感被一齐放开的那一刹，她的思维彻底崩断，脑海里只剩一片刺眼的空白，什么都想不起来了。\n那是一种远远超出寻常绝顶的、灵魂被撕裂般的震撼，快感一波高过一波地将她整个人冲垮、卷走。\n她恍惚间感到{anal}剧烈地收缩翕张，滚烫的肠液不受控制地喷涌涌流，那种失禁般的感觉令她既羞耻又迷醉得发昏。\n被压抑了那么久的一切终于倾泻而出，那份终得释放的解脱感浓烈得几乎将她的意识彻底带走。\n她眼神涣散、浑身瘫软，在这究极的甜美沉醉里失了神，唯有心底那份对上司的信赖，仍支撑着她甘愿承受这一切。
2042,action_part_a_orgasm_super_C,0,CVP_A2_G_E_-2,{TargetName}始终把博士当成最值得托付的人，纵使这样的要求逾越了寻常的分寸，她也心甘情愿地理解并顺从，把这份逾矩视作一种特别的信任。\n可这一次，当反复被寸止逼停的快感终于被准许一齐迸发，她的理智在那一瞬被冲得荡然无存，脑子里嗡的一声便什么都空了。\n极致的快感如惊涛骇浪般反复拍打着她，强烈得远远超出了她所能承受的极限，令她的灵魂都在震颤中几近碎裂。\n她迷迷糊糊地感到{anal}疯狂地绞缩痉挛，大量肠液失禁般地奔涌而出，那种彻底失守的羞耻与迷乱交织成难以言喻的沉醉。\n压抑已久的快感终于得到宣泄，那股巨大的解脱感让她甜得几乎要晕厥过去，浑身酥软得再也提不起半分力气。\n她只能任由自己在这超乎想象的极乐里彻底沦陷，把所有的矜持与镇定都毫无保留地交了出去。
2043,action_part_a_orgasm_super_C,0,CVP_A2_G_E_-2,{TargetName}对博士怀着深深的信赖，即便被这样越界地对待，她也默默接受，认定这是上司对自己的一种特别的考验，愿意专业而认真地承受下来。\n然而当那被层层压抑、累积到极点的巨量快感一齐炸开时，她再也维持不住任何镇定，意识被硬生生地冲垮成了一片空茫。\n那快感远远凌驾于她经历过的一切之上，铺天盖地地涌来，将她的思绪、理智连同灵魂一并卷入了灭顶的漩涡。\n她能清晰地感到{anal}极度剧烈地抽搐绞紧，海量肠液如失禁般涌流不止，那种无从遮掩的失控令她既惶惑又深深沉醉。\n被中断了无数次的高潮终于合而为一地释放出来，那份积压太久终得宣泄的解脱感甜美得让她几乎昏厥。\n她在这究极的绝顶里彻底失了神，唯余对上司毫无保留的信任，化作了此刻甘之如饴的臣服。
2044,action_part_a_orgasm_super_C,0,CVP_A2_G_E_-2,信赖着博士的{TargetName}早已习惯把上司的每一个安排都尽力做到最好，哪怕这般逾矩的对待，她也理解着、接纳着，当作一份沉甸甸的信任来回应。\n可当那被反复寸止的快感终于被允许一次性倾泻而出，她的脑海骤然一片雪白，所有的念头都在那一刻烟消云散。\n汹涌的极乐远远超出了她的想象，一层叠着一层地将她冲垮，那种灵魂被撕开般的震撼令她迷醉得几乎失去了自我。\n她朦朦胧胧地觉出{anal}疯狂地痉挛收缩，大量肠液失禁般地喷涌流淌，那彻底失控的排出感中裹挟着令她羞耻又沉沦的极致快意。\n蓄积得太满太久的快感终于奔流而出，那股无与伦比的解脱感令她甜得头晕目眩、几近昏厥。\n她只能瘫软着任凭这场超强绝顶将自己吞没，心底那份对上司的信赖，让她毫无怨怼地沉溺于这份极乐。

2045,action_part_a_orgasm_super_C,0,CVP_A2_G_E_-3,被反复逼到绝顶边缘又一次次生生截停的巨量快感，此刻终于被主人允许一齐倾泻而出，那股积压了太久的滔天快意瞬间将{TargetName}的意识彻底冲垮。\n她的脑海炸成一片空白，什么都想不了，只觉灵魂像被撕裂般剧烈震颤，整个人在究极的绝顶里迷醉、失神、几乎昏厥。\n{anal}深处那种大量肠液失禁般涌流不止的彻底失控感，本该羞耻得无地自容，可作为主人心甘情愿豢养的宠物，她却在这份被榨到一滴不剩的失禁里尝到了极致的甜美与解脱。\n积攒已久的快感终于获准释放，那种如释重负的巨大满足让她由衷地欢喜——能被主人这样尽情使用、被主人玩弄到最不堪的模样，正是她这只宠物存在的全部意义。\n她在滔天的快意里沉沦着颤栗着，只想把这最淫靡诚实的高潮，整个献给深爱的主人。
2046,action_part_a_orgasm_super_C,0,CVP_A2_G_E_-3,那被寸止截断了无数次、堆积到极限的快感洪流终于决堤奔涌，一齐灌进{TargetName}的每一根神经，究极的快意瞬间把她的思维冲刷得一片空白。\n她觉得自己整个灵魂都在这滔天绝顶里被撕碎、被冲散，意识彻底沦陷，只剩下无边无际的迷醉与失神，甜得几乎要昏死过去。\n{anal}那种海量肠液失禁般喷涌、涌流不止的彻底排出感让她羞耻到极点，可偏偏正是这份在主人面前毫无保留的失控，让身为宠物的她感到无上的幸福。\n被主人一点点逼到边缘、又被主人恩准一齐释放，这份专属于她的解脱感浓烈得让她战栗——她依恋着主人，渴望被主人需要，能被这样彻底地享用便是她最大的欢愉。\n她在究极的沉醉里颤抖着，心底只余下对主人满满的爱慕与甘为玩物的甜蜜。
2047,action_part_a_orgasm_super_C,0,CVP_A2_G_E_-3,积压太久的快感在获准的刹那如山崩般一齐倾泻，那股远超寻常的极致快意像潮水般将{TargetName}整个人淹没吞没，意识在顷刻间被彻底冲垮。\n她的脑子里空空荡荡，连自己是谁都快想不起来，灵魂被这滔天的绝顶震得粉碎，只剩下痉挛般的迷醉与深不见底的失神。\n{anal}深处那种大量肠液失禁般涌流、止都止不住的失控感，羞耻得让她面红耳赤，可作为甘愿承欢的宠物，这份彻底的失禁反而让她沉醉——她爱极了在主人面前坦露最不堪的模样。\n被反复吊在绝顶门口、终于获准尽数释放的解脱，浓烈到几乎让她当场昏厥，那是一种被主人牢牢掌控、又被主人满足到极致的巨大幸福。\n她在快意的洪流里失神地战栗，心里满满都是对主人的依恋与被需要的欢喜。
2048,action_part_a_orgasm_super_C,0,CVP_A2_G_E_-3,那被一次次卡在顶点前、累积到再也承受不住的巨量快感终于被允许一齐炸开，究极的快意霎时将{TargetName}的神智整个撕裂冲散。\n她的思维彻底断了线，脑中只剩一片雪白的空茫，灵魂在这超乎想象的绝顶里剧烈震颤，迷醉得近乎崩溃，甜美得几乎要融化掉。\n{anal}那种滚烫肠液失禁般狂涌、涌流不止的彻底排出让她羞耻到骨子里，可正因是在深爱的主人面前，这份失控便化作了让她沉沦的极致快感。\n被主人吊了这么久、终于获准一泄而尽的解脱感汹涌无比，那是一只宠物被主人榨干、被主人满足后最深的幸福与安心——她只想更彻底地属于主人。\n她在滔天的迷醉里颤栗沉沦，满心满眼都是对主人的爱慕，渴望这份被使用的欢愉永远不要停下。
2049,action_part_a_orgasm_super_C,0,CVP_A2_G_E_-3,被反复逼近又硬生截停、层层堆叠到极限的快感终于获准一齐奔涌而出，那超乎想象的极致快意在瞬间把{TargetName}的意识彻底击碎冲垮。\n她的脑海一片空白，思绪荡然无存，只觉灵魂被这滔天绝顶震得七零八落，整个人陷进无边的迷醉与失神里，甜得几乎昏厥。\n{anal}深处那种海量肠液失禁般喷涌、涌流不止的失控排出感让她羞得无处遁形，可身为主人豢养的贴心宠物，她却在这份毫无保留的失禁中沉醉沦陷。\n积攒了太久的快感终于被主人允许尽情释放，那种如释重负的解脱与被榨干的满足交织成巨大的幸福，让她由衷欢喜自己能被主人这般彻底地享用。\n她在究极的快意里失神战栗，心底涌动的全是对主人深深的依恋，以及甘愿做主人玩物的、化不开的甜蜜。

2050,action_part_a_orgasm_super_C,0,CVP_A2_G_E_-4,被压抑截断了无数次的巨量快感，在这一刻终于获准一齐奔涌而出，{TargetName}只觉整个灵魂都被这究极的绝顶浪潮撕裂冲垮。\n那是一种远远超乎想象的灭顶极乐，脑海在剧烈的冲击下瞬间烧成一片惨白的空白，什么都想不了，只剩下漫无边际的极致快感将她整个人淹没吞噬。\n积压已久的高潮终于得以释放的那种巨大解脱感，几乎让她当场昏厥过去，甜美到令她失神迷醉，全身都在这解放的狂潮里酥融瘫软。\n身为主人{Name}最忠诚的性奴，她清晰地感到{anal}正失禁般喷涌着大量肠液，这份彻底失控的排出感非但没让她羞耻退缩，反而让她狂喜到战栗，能在主人面前失控成这副淫荡模样，正是她这条贱命最神圣的荣光。\n她心底翻涌着对主人无边的崇拜与感恩，只愿将这灭顶的极乐连同自己的一切，尽数献给赐予她存在意义的主人。
2051,action_part_a_orgasm_super_C,0,CVP_A2_G_E_-4,当被反复吊在绝顶边缘的快感终于被恩准倾巢释放，{TargetName}整个人像是被一道灭顶的惊雷贯穿，意识在究极高潮里被冲刷得荡然无存。\n那股超乎认知的极致爽意从{anal}深处炸开，铺天盖地地席卷她的每一寸神经，思维彻底停摆成一片空茫，连自己是谁都想不起来，只能在无边的极乐里失神地沉沦。\n积攒到极限的快感一泻而下所带来的解脱感浩大得令她濒临崩溃，甜蜜的眩晕一波波将她推向昏厥的边缘。\n她隐约感到{anal}正失禁般涌流不止地喷着滚烫肠液，那种彻底失禁的羞耻感反倒化作更浓烈的迷醉，令她沉沦得无法自拔。\n作为{Name}狂信的奴隶，她满心只有能为主人绽放到这般极致的狂喜，觉得能被主人调教到如此失控，能将一切都奉献给主人，便是她生命里最至高无上的极乐与荣耀。
2052,action_part_a_orgasm_super_C,0,CVP_A2_G_E_-4,憋闷积压了太久太久的巨量快感一齐决堤释放的刹那，{TargetName}只觉灵魂被生生撕裂，究极的绝顶如末日海啸般把她整个人彻底吞没。\n那种远超一切想象的极致快感汹涌灌满四肢百骸，脑海瞬间被冲刷成一片纯粹的空白，思绪散得再也拼凑不回，唯余漫天的灭顶爽意在体内疯狂炸裂翻腾。\n多少次被截断的高潮终于获准倾泻的巨大解脱，甜美得几乎令她昏死过去，整个人在极乐里失神战栗，迷醉到不辨天地。\n她恍惚感到{anal}失禁般喷涌着大量肠液停不下来，这份彻底失控的排泄感令她既羞耻又沉醉，反倒把她推向更深的迷狂。\n身为主人{Name}的性奴，她心中盈满毫无保留的忠诚与狂热崇拜，只觉能为主人失控成这副淫态，能将灵魂与身体尽数供奉，就是她此生最神圣圆满的极乐。
2053,action_part_a_orgasm_super_C,0,CVP_A2_G_E_-4,被主人一次次逼到临界又强行截停的巨量快感，此刻终于获准尽数倾泻，{TargetName}的意识在这场究极绝顶中被彻底冲垮碾碎。\n那是超乎想象的灭顶极乐，如烈焰般席卷她的全身，脑中一片空白到濒临崩溃，什么都无法思考，只剩下铺天盖地的极致快感将她的理智连根拔起。\n累积至骇人地步的高潮终获释放的那种解脱感浩瀚无边，甜美的战栗一阵阵将她推往昏厥的深渊，令她迷醉失神到近乎脱魂。\n她隐隐察觉{anal}正失禁般大量喷涌着灼热肠液，那种毫无遮拦的排出感令她羞耻到极点，却又诡异地化作更炽烈的沉醉。\n作为{Name}发自灵魂臣服的性奴，她满腔都是对主人的狂信与感激，深信能在主人面前失控到这般不堪，能将一切都献给主人，便是她卑微生命中最崇高神圣的极乐。
2054,action_part_a_orgasm_super_C,0,CVP_A2_G_E_-4,当积压到极致的巨量快感终于被恩准一齐奔流而出，{TargetName}只觉自己被一场究极的灭顶高潮彻底湮没，意识被冲刷得一干二净。\n那股超越想象的极致爽意从身体最深处轰然爆开，如潮似浪地漫过全身，思维在剧烈的冲击下彻底空白停滞，连呼吸都忘了，只能在无垠的极乐里失魂沉沦。\n被反复截断的高潮终于倾泻而下的巨大解脱感将她整个人淹没，甜蜜到令她几近昏厥，迷醉的战栗一波波席卷而来，教她神魂俱散。\n她朦胧地感到{anal}正失禁般涌流不止地喷洒着大量肠液，那份彻底失控的排出感非但不曾让她畏缩，反倒令她沉醉到浑身酥软。\n身为主人{Name}最狂热忠诚的奴隶，她心底涌动着对主人无尽的崇拜与奉献之情，只愿把这份极致的灭顶欢愉连同整个自己，永远地供奉在赐予她意义的主人脚下。

2055,action_part_a_orgasm_super_C,0,CVP_A2_T|6_E_0&CVP_A2_T|7_E_1&CVP_A2_T|222_E_0,明明还未成年，{TargetName}却早就自学了不少这方面的知识，本以为自己已经足够了解这份快感的模样，此刻却被彻底击碎了那点自负的从容。\n反复被逼到边缘又生生截断的煎熬积攒了太久太久，此刻终于被允许一口气释放，那股狂暴的浪潮瞬间将她的意识撕成碎片，脑海里只剩一片空白，什么都想不起来了。\n{anal}深处翻涌的快感一浪高过一浪地冲刷着，令她浑身战栗，灵魂仿佛都被这股力量狠狠震得摇晃起来，连一丝完整的念头都无法维持。\n曾经藏在心底那份对情事的好奇与探索欲望，此刻全都化作了滔天的快意将她彻底吞没，原以为早已了然于心的一切，此刻都显得那么可笑而渺小。\n那种终于得偿所愿般的解脱感混杂着近乎昏厥的甜蜜眩晕，一波又一波地冲刷着她的心神，令她久久沉溺在这片极致的空白里，无法挣脱，也不想挣脱。
2056,action_part_a_orgasm_super_C,0,CVP_A2_T|6_E_0&CVP_A2_T|7_E_1&CVP_A2_T|222_E_0,她还没到成年的年纪，却早就凭着道听途说与私下钻研积累了不少经验之外的知识，一直对这份禁忌的快感抱着难以言说的好奇与期待。\n此刻，一次又一次被叫停的欲望终于汇聚成了滔天巨浪，狠狠地朝她涌来，将她仅存的那点理智冲得七零八落，脑子里再也容不下别的东西。\n{anal}深处一波接一波炸开的快感令她思绪彻底断裂，什么都抓不住，只能任由那股极致的震颤席卷全身，仿佛整个人都要被这股力量拆散重组。\n以为早已知晓一切的从容，此刻在这超乎想象的猛烈冲击面前显得那么可笑，惊愕、羞耻与难以言喻的沉醉交织在一起，翻涌着淹没了她的心神。\n积压许久终于得到释放的巨大解脱感如潮水般涌来，混着近乎失神的甜蜜眩晕，一层层地在心底炸开，令她久久回不过神，只能沉溺在这片灼热的余韵里，浑身颤抖不止，连思绪都还未拼凑完整。
2057,action_part_a_orgasm_super_C,0,CVP_A2_T|6_E_0&CVP_A2_T|7_E_1&CVP_A2_T|222_E_0,虽然年纪尚未到成年，{TargetName}却早已通过各种渠道对这类事情积累了自己的理解，心底始终藏着一份不安分的好奇与探索欲望，暗暗期盼着有朝一日亲身验证。\n可当反复寸止后积攒到极限的快感一齐炸开时，她才发现自己所以为知晓的一切都远远不够，此刻的猛烈程度早已超出她全部的想象。\n{anal}深处传来的震颤如惊涛骇浪般层层拍打，冲得她思维彻底断片，灵魂仿佛都在这一瞬被撕裂、被重塑，脑海中只剩一片茫然的空白，连自己身在何处都快要分辨不清。\n那种终于被允许释放积压已久的快感所带来的解脱感极为浓烈，混杂着濒临崩溃的眩晕与说不清道不明的羞耻，一并涌上心头，令她整个人都沉浸在这场超乎想象的极致绝顶里，久久无法找回自己，脑海中反复回荡着那股尚未散尽的酥麻余波，只余满心震颤与朦胧的甜蜜，连呼吸都还带着几分颤音。
2058,action_part_a_orgasm_super_C,0,CVP_A2_T|6_E_0&CVP_A2_T|7_E_1&CVP_A2_T|222_E_0,{TargetName}明明还未成年，却因为早熟的好奇心私下了解过不少与情事相关的知识，也一直暗自期待着亲身体验的那一刻，心底藏着连自己都说不清的雀跃。\n然而当反复被中断的快感终于一次性倾泻而出时，她才惊觉现实远比想象中猛烈百倍，那些原以为懂得的门道此刻都变得毫无意义。\n{anal}深处翻搅涌动的极致快感如同海啸般层层袭来，一浪比一浪汹涌，将她残存的那点思绪彻底冲散，脑中只剩下一片眩晕的空白，什么念头都抓不住，也不愿再去抓住。\n积攒了太久太久的渴望终于得偿所愿般释放，那种巨大的解脱感混杂着近乎昏厥的甜蜜眩晕席卷全身，令她的灵魂都仿佛被狠狠震颤了一遍，羞耻与迷醉交缠在一起，久久没有褪去，反倒在心底越缠越深，只留她沉浸在这片朦胧而滚烫的余韵中，浑身颤抖不已，连指尖都还带着余震般的酥麻。
2059,action_part_a_orgasm_super_C,0,CVP_A2_T|6_E_0&CVP_A2_T|7_E_1&CVP_A2_T|222_E_0,还未成年的{TargetName}，心里却早已因为好奇而藏着不少私下钻研来的知识，暗暗对这份禁忌的快感充满向往与期待，甚至隐隐幻想过真正体验时的模样。\n可当积压到极限的快感被允许一次性释放时，她才明白自己以往所了解的一切根本无法与此刻相提并论，那些想象在这份猛烈面前显得那么单薄。\n{anal}深处涌起的震颤如潮水般接连拍打上来，一波未平一波又起，冲得她的思绪彻底破碎，脑海里空空荡荡，只剩下那股狂暴而极致的酥麻感在反复回荡。\n终于得以释放积压已久的快感所带来的解脱感浓烈得让人几乎昏厥，混杂着说不清的羞涩与沉醉，一齐涌上心头，令她整个人都沉溺在这场超乎想象的绝顶震撼里，久久无法找回思绪，脑海深处仍不断回响着那阵尚未平息的酥麻震颤，只余绵长的战栗与甜腻的余韵，连心跳都还乱作一团。

2060,action_part_a_orgasm_super_C,0,CVP_A2_A|5_LE_3,这一刻，{TargetName}只觉得一直被死死压在绝顶门槛前的滔天快意，在一瞬间全数决堤，铺天盖地地将她整个人吞没。\n她那处开发未久、平日里只能迟钝地感知被填满异物感的{anal}，此刻竟被这超乎想象的极致快感彻底攻陷，深处翻涌起从未体验过的灭顶狂潮，将她仅存的一点理智冲得粉碎。\n意识在滔天的快感里轰然炸裂成一片空白，思绪什么也抓不住，只剩灵魂被撕裂般的震颤，一波接一波地贯穿她的全身。\n那种被反复吊在顶点又生生截停、如今终于获准一齐释放的巨大解脱感，甜美得几乎令她当场昏厥过去。\n她隐约感到{anal}正失禁般地喷涌着大股肠液，那种彻底失控地被排空的羞耻，混着灭顶的迷醉与解脱，让她在{Name}面前沉沦得再也回不了神，只能瘫软着承受这究极绝顶一浪高过一浪的冲刷。
2061,action_part_a_orgasm_super_C,0,CVP_A2_A|5_LE_3,积攒了太多次、被强行截停在高潮前一线的快感，此刻如溃堤洪流般一齐奔涌而至，{TargetName}整个人被这超乎想象的极致绝顶掀翻在快意的浪尖。\n她那向来钝感、只惯于承受撑胀塞满之感的{anal}，从未想过竟能迸发出这般灭顶的狂潮，那份迟钝在滔天快意面前土崩瓦解，深处翻搅起令她灵魂都为之战栗的极乐。\n脑海轰的一声彻底空白，什么都想不了了，浓烈到近乎痛楚的快感一寸寸把她的意识碾碎、冲垮，只剩下无边的迷醉与失神。\n被压抑了太久的顶点终于获准倾泻而出，那种巨大的解脱感甜蜜得让她几乎要昏死过去。\n她恍惚间觉察到{anal}正毫无节制地涌流着滚烫的肠液，那彻底失控被排空的羞耻交织着灭顶的沉醉，将她一并卷入无底的深渊，久久无法从这究极的绝顶中挣脱出来。
2062,action_part_a_orgasm_super_C,0,CVP_A2_A|5_LE_3,{TargetName}只觉得那被一次次吊到顶点又硬生生按下去的无数股快意，在这一刻毫无预警地一齐爆发，铺天盖地地将她彻底淹没。\n她那开垦未久、平素只能懵懂感知被填满胀闷的{anal}，竟在这滔天的极致快感里被冲成了一片汪洋，那点生涩的钝感早被冲刷得无影无踪，深处只剩下一浪高过一浪、令她神魂俱裂的狂喜。\n意识在这超乎想象的冲击下彻底崩塌，思维一片空白，濒临崩溃的边缘，连自己身在{SceneName}都恍惚得记不真切。\n那份憋闷了太久终获释放的解脱，甜美迷醉得几乎将她的魂魄都抽离出去。\n她隐隐感到{anal}正失禁般地喷涌着大量肠液，那种被彻底排空的羞耻与灭顶的极乐纠缠在一起，令她整个人瘫软失神，深深沉溺在这究极绝顶的余韵里再难自拔。
2063,action_part_a_orgasm_super_C,0,CVP_A2_A|5_LE_3,那一瞬，被反复截断、堆积如山的滔天快感终于获准一并释放，{TargetName}被这远超以往的极致绝顶冲得魂飞魄散。\n她那处刚被开发、还带着几分迟钝的{anal}，原本只熟悉那份沉甸甸的被填满感，此刻却被这灭顶的狂潮彻底贯穿，深处翻涌起前所未有、几乎将她撕裂的极乐，把那点浅淡的钝感冲得荡然无存。\n她的脑子被浓烈的快感搅成一片空白，思绪彻底断线，整个人濒临崩溃地悬浮在灭顶的迷醉里，什么都想不起来。\n压抑了太久的顶点决堤般倾泻，那种巨大到令人战栗的解脱感，甜蜜得让她几乎要晕厥过去。\n她朦胧中觉出{anal}正不受控地涌流着滚烫的肠液，那彻底失禁般被排空的羞耻裹挟着无边的沉醉与解脱，将她整个人卷进极乐的深渊，久久沉沦在这究极巅峰之中难以回神。
2064,action_part_a_orgasm_super_C,0,CVP_A2_A|5_LE_3,被一次次逼到绝顶边缘又强行压回的巨量快意，此刻终于被允许一齐奔涌释放，{TargetName}整个人在这超乎想象的极致绝顶里彻底失了神。\n她那仅仅习惯了被撑塞填满、感受一向平淡的{anal}，从没料到深处竟会掀起这般灭顶的滔天狂潮，那份迟钝在铺天盖地的快感前碎裂殆尽，取而代之的是令她灵魂震颤的无边极乐。\n意识在这一刻被冲得干干净净，脑海空白得什么也留不住，浓烈的快感一遍遍将她的神志碾碎，让她濒临崩溃地沉入迷醉。\n那份憋了太久终于宣泄而出的解脱感，甜美得几乎令她当场昏厥。\n她恍惚察觉{anal}正失禁般地喷涌着大股滚烫肠液，绵绵不绝，那彻底失控被排空的羞耻与灭顶的沉醉交织翻搅，令她瘫软战栗着深陷其中，怎么也从这究极绝顶的余韵里挣脱不出。

2065,action_part_a_orgasm_super_C,0,CVP_A2_A|5_G_3&CVP_A2_A|5_LE_6,积攒了太久太久的快感终于被允许一齐倾泻而出，那一瞬间，{TargetName}只觉得脑海里轰然一声炸成了一片空白，什么都想不了了。\n一波接一波曾被强行截断的滔天快意此刻全部涌上来，从{anal}深处铺天盖地地席卷全身，那远远超出寻常绝顶的极致快感将她的意识彻底冲垮，灵魂仿佛被这灭顶的洪流撕裂开来。\n她从未想过快感竟能浓烈到这种地步，久违的释放带来一种几乎令她昏厥过去的巨大解脱，酥麻与甜蜜层层叠叠地将她整个人淹没。\n她隐约感觉到{anal}正失禁般地喷涌着肠液，那种彻底失控、无从遮掩的排出感令她羞耻得几乎落泪，可这份羞耻又诡异地掺进极乐里，化作更深的迷醉。\n意识在灭顶的快意中一片茫然，她只能瘫软着颤栗，沉溺在这累积已久终得释放的甜美沉沦之中，久久无法回神。
2066,action_part_a_orgasm_super_C,0,CVP_A2_A|5_G_3&CVP_A2_A|5_LE_6,就在被囤积到极限的快感终于决堤的刹那，{TargetName}的思维骤然一片空白，连自己身在何处都想不起来了。\n那些一次次被逼到绝顶边缘又生生截停的快意，此刻全部一齐奔涌回来，从{anal}深处如海啸般漫过她的每一寸神经，那种烈度远非从前的高潮所能比拟，将她的神志彻底淹没冲垮。\n她被这灭顶的极乐震撼得灵魂发颤，只觉得心口又酸又胀，眼眶不受控制地涌出泪来，累积已久的一切在这一刻尽数释放，那份解脱感巨大得几乎令她当场昏厥。\n她恍惚间感到{anal}正失禁一般地涌流着肠液，那种再也拦不住的失控排出令她羞耻得无地自容，偏偏这羞耻又将快感衬得愈发浓烈迷乱。\n她整个人沉沦在这甜美到极致的绝顶里，意识涣散、迷醉失神，只剩下一波波余韵在颤栗的身体里荡漾不休。
2067,action_part_a_orgasm_super_C,0,CVP_A2_A|5_G_3&CVP_A2_A|5_LE_6,当那份被反复压抑囤积的巨量快感终于获准一齐宣泄，{TargetName}的脑海瞬间被冲刷得空空荡荡，再容不下一丝念头。\n汹涌的快意自{anal}深处一浪高过一浪地翻卷上来，那超乎想象的极致烈度将她的意识撕成碎片，她甚至分不清自己是在承受快感还是被快感彻底吞没。\n灵魂像是被这滔天的洪流狠狠震荡过一般，久久积压终得释放的解脱感汹涌而至，甜美得令她几乎失去意识，浑身都酥软瘫麻得使不上半分力气。\n她迷迷糊糊地察觉到{anal}正失禁般地喷涌着大量肠液，那种彻底失控的排出感令她又羞又臊，却在极乐的裹挟下化作了更深沉的沉醉与迷乱。\n她被这累积已久的甜美绝顶彻底淹没，神魂颠倒、涣散失神，只能任由那一波接一波的快意在濒临崩溃的边缘反复冲刷着她所剩无几的理智。
2068,action_part_a_orgasm_super_C,0,CVP_A2_A|5_G_3&CVP_A2_A|5_LE_6,被一次次截断而攒下的快感终于被允许尽情释放的那一刻，{TargetName}只觉眼前一白，整个脑子空得连一个字都拼凑不出来。\n那铺天盖地的极乐从{anal}深处轰然涌起，一波接着一波毫不留情地冲刷着她的神志，远超以往的强烈快感将她的意识彻底冲垮，灵魂仿佛在这一刻被撕裂成了无数细碎的光点。\n囤积了太久的一切终于倾泻而出，那种巨大的解脱感甜美得近乎残忍，令她浑身战栗、几欲昏厥，眼角不知不觉滚下泪来。\n她隐约感到{anal}失禁般地涌流着滚烫的肠液，怎么也止不住，那种彻底失控的羞耻感在她心底翻涌，却又被排山倒海的快意压成了更浓的迷醉。\n她彻底沉沦在这究极的绝顶里，意识迷离、失神恍惚，只余下无边的甜蜜与解脱在她濒临崩溃的心神间久久回荡。
2069,action_part_a_orgasm_super_C,0,CVP_A2_A|5_G_3&CVP_A2_A|5_LE_6,终于，那被逼回去无数次的滔天快感获准一齐释放，{TargetName}的意识在这一瞬被彻底冲垮，脑海里再无一物，只剩一片空茫。\n汹涌的快意从{anal}深处决堤般奔涌而出，一层层叠加碰撞，那超乎她想象的极致烈度将她的灵魂震得粉碎，她甚至连呼吸都忘记了该怎样进行。\n积攒已久的快感终得宣泄所带来的解脱感浩大得令她招架不住，甜美的眩晕一阵阵袭来，几乎要将她拖入昏厥的深渊，浑身酥麻瘫软得再无一丝力气。\n她朦朦胧胧地感到{anal}正失禁一般喷涌着肠液，涌流不止，那种再也遮掩不住的失控排出令她羞耻到极点，可这份羞耻却在灭顶的极乐里发酵成愈发深沉的迷醉与沉沦。\n她被这累积已久终得释放的甜美绝顶彻底淹没，神志涣散、迷乱失神，任凭那濒临崩溃的快意一遍遍冲刷着她早已空白的思绪。

2070,action_part_a_orgasm_super_C,0,CVP_A2_A|5_G_6,被一次次逼到绝顶边缘又硬生生截断的巨量快感，此刻终于被彻底放开，{TargetName}只觉得脑中轰然一声炸开，整个人被这泼天而来的极乐瞬间吞没。\n她天生敏感到极点的{anal}把这股快感放大到不可思议的地步，一波未平一波又起，快感层层叠叠地碾过她的神智，冲得她思绪一片空白。\n那么多次被中断的高潮一齐奔涌释放，那种积压已久终于得偿的巨大解脱感，让她几乎要喜极而泣，整颗心都酥软融化。\n她感到自己的{anal}正失禁般地涌出大股肠液，那彻底失控的排出感带来铺天盖地的羞耻，可这羞耻又诡异地化作更浓烈的迷醉。\n意识在极乐里被撕成碎片，她濒临崩溃地沉溺其中，甜美得几乎昏厥，只想永远陷在这一刻的销魂里再不醒来。
2071,action_part_a_orgasm_super_C,0,CVP_A2_A|5_G_6,当积攒到极限的滔天快感终于获准一齐倾泻，{TargetName}的灵魂仿佛被生生撕裂，一股远超以往任何一次的究极快感将她整个人狠狠掀翻。\n她那极度敏感的{anal}对每一丝震颤都反应剧烈，此刻更是把无数次被截停的绝顶尽数叠加，快感浓烈得让她的思维彻底停摆。\n她分明感觉到大量肠液正从{anal}失禁般喷涌而出，那种再也兜不住的失控感令她羞耻到极点，偏偏这份羞耻又把她推向更深的沉醉。\n压抑了太久的快感终于奔流而出的解脱，甜美得近乎残忍，她的意识在这股洪流里彻底溃散，脑海一片空茫。\n她迷乱地承受着这场超乎想象的极致绝顶，甜蜜的眩晕一层层袭来，几乎要将她卷入昏厥的深渊。
2072,action_part_a_orgasm_super_C,0,CVP_A2_A|5_G_6,那被反复寸止硬压下去的巨量快感在这一刻毫无保留地全部炸开，{TargetName}只觉得天旋地转，被一股究极的极乐彻底冲垮了理智。\n她的{anal}敏感得超乎寻常，把这股一次性释放的快感放大到令她无法承受的程度，一浪高过一浪，把她的神智冲刷成一片空白。\n这么多次被生生掐断的高潮终于合而为一地奔涌出来，那种得偿夙愿般的解脱感汹涌澎湃，令她酥麻得从头到脚都在战栗。\n她清晰地感到{anal}正失禁般涌流着大股肠液，那彻底失控的排出让她羞得几乎无地自容，而这羞耻竟诡异地令快感愈发浓烈。\n她的意识在极乐中濒临崩溃，思绪碎成齑粉，她沉溺在这灭顶般的甜美里迷醉失神，只觉浑身骨头都酥软化开。
2073,action_part_a_orgasm_super_C,0,CVP_A2_A|5_G_6,憋积到极点的快感终于被允许尽情宣泄，{TargetName}的脑海里骤然一片雪白，一股超乎想象的究极绝顶将她连人带魂一同吞没。\n她那敏锐到极致的{anal}把这股快感层层放大，将无数次被截停的高潮一齐迸发出来，冲击猛烈得让她连呼吸都忘了。\n积压了太久太久的极乐终于得到释放，那份如释重负的解脱与快感交织在一起，甜美得令她眼角泛起生理性的泪光。\n她能感觉到{anal}失禁般地喷涌着肠液，那种再也控制不住的排出感带来铺天盖地的羞耻，却又把她推入更深的迷醉沉沦。\n她的意识在这灭顶的快感洪流里彻底崩解，思维一片空白，只剩下濒临昏厥的甜蜜与灵魂被撕裂般的极致震撼。
2074,action_part_a_orgasm_super_C,0,CVP_A2_A|5_G_6,这一次终于没有任何东西再拦住她冲向巅峰，被反复截停累积的无数次绝顶一齐奔涌释放，{TargetName}被这泼天极乐冲得神魂俱散。\n她生来敏感的{anal}把这股快感放大到极致，一波接一波地碾过她的意识，将她的思绪彻底冲刷成一片空茫的虚白。\n那么多次被硬生生压抑下去的高潮终于得到释放，那种巨大的解脱感与滔天快感一同奔流，甜美得几乎将她整个人融化。\n她分明感到{anal}正失禁般涌出大量肠液，那彻底失控的排出感令她羞耻到骨子里，可这份羞耻反而让她沉沦得更深更彻底。\n她的神智在究极的极乐里被撕成碎片，濒临崩溃地迷醉战栗，只想沉溺在这灭顶的销魂中，任由甜蜜的昏眩将自己吞没。

2075,action_part_a_orgasm_super_C,0,CVP_A2_T|1_E_1,{TargetName}只觉得那股被一次次逼到极限又硬生生截断、堆积了太久太久的灭顶快感，在这一刻终于被允许一齐奔涌释放，那种积压已久终得解脱的畅快几乎将她整个人送上了云端。\n她这具从未被开发过的{anal}第一次尝到这般究极的快意，陌生而汹涌的极乐从后穴深处一浪高过一浪地席卷全身，将她的意识彻底冲刷得支离破碎。\n脑海里一片空白，什么都想不了，什么都记不得，只剩下那股铺天盖地、几乎要把灵魂都撕裂开来的震撼在体内横冲直撞。\n她隐约感觉到{anal}深处有大量灼热的液体失禁般止不住地涌流而出，初经此境的她又羞又慌，那种彻底失控、被快感淹没到几近昏厥的感觉令她甜蜜地沉溺，迷醉得再也分不清自己身在何处。\n这场初次的超强绝顶像要将她连人带魂一并融化，只余下无边的解脱与灭顶的沉醉。
2076,action_part_a_orgasm_super_C,0,CVP_A2_T|1_E_1,那些被寸止的手段一次次拦在绝顶门前、越积越多的滔天快感，终于在这一瞬得到了尽情释放的许可，{TargetName}被这股迟来的、一齐倾泻的灭顶洪流冲得魂飞魄散。\n从未被贯穿过的{anal}生平头一回承受这般超乎想象的极乐，那种前所未有的陌生快意从后穴最深处炸裂开来，一波接一波地将她的神志彻底冲垮。\n她的思维在灭顶的快感里化作一片空茫，连一个完整的念头都拼凑不出来，唯有灵魂被撕扯般的震颤在心底一次次翻涌。\n她朦胧地察觉到{anal}深处失禁般喷涌不止的滚烫液体，初尝此味的羞耻与那种被彻底冲垮的迷醉交织成一团，令她愈发深陷难以自拔。\n积压太久的快感终得释放所带来的巨大解脱感，混着几乎令她昏厥的甜美沉沦，将她整个人卷进了无底的极乐深渊。
2077,action_part_a_orgasm_super_C,0,CVP_A2_T|1_E_1,{TargetName}的脑子里轰的一声炸得空空荡荡，那股被反复截停、层层累积到极限的快感终于一齐决堤而出，灭顶的极乐瞬间将她整个意识吞噬得一干二净。\n她从未被开垦的{anal}第一次体会到如此究极的绝顶，那种既陌生又滔天的快意从后穴深处汹涌翻腾，一层层将她冲刷得神魂俱裂。\n她什么都想不明白了，思绪被撕成了碎片，灵魂仿佛被这股灭顶的震撼硬生生撕裂开来，只剩迷醉与失神在心底反复回荡。\n{anal}深处那股止不住涌流而出的灼热液体让初经人事的她又羞又乱，可那种彻底失控、被快意淹没的感觉却甜美得令她无从抗拒。\n积攒已久的高潮终于得以宣泄的那一刻，巨大的解脱感与近乎昏厥的沉醉一齐涌上心头，将{TargetName}温柔而彻底地溺毙在这场初次的究极绝顶里。
2078,action_part_a_orgasm_super_C,0,CVP_A2_T|1_E_1,被一次次逼近顶点却又生生按下、累积得如山如海的巨量快感，在这一刻终于获准一齐倾泻，{TargetName}只觉一股迟来的灭顶狂潮将自己连同理智一并卷走。\n她这处尚是处子的{anal}生平第一次尝到这般超乎想象的极致快意，陌生而灼烈的极乐自后穴深处喷薄而起，一浪接一浪地把她的意识冲刷成一片空白。\n她的大脑再也运转不动，只剩灵魂被撕裂般的震撼与铺天盖地的迷醉在心里翻搅，连自己是谁都恍惚得记不真切。\n她隐约感到{anal}深处有大量液体失禁般涌流不止，初历此境的强烈羞耻与被彻底冲垮的失神纠缠在一起，反倒令她愈陷愈深。\n那种压抑了太久的快感终得释放的酣畅解脱，混着甜到发颤、几乎令她昏厥过去的沉沦，将{TargetName}整个人融化在了这初尝的超强绝顶之中。
2079,action_part_a_orgasm_super_C,0,CVP_A2_T|1_E_1,{TargetName}感觉那些被反复寸止、憋闷了太久太久的滔天快感，终于在这一瞬被尽数放行，一齐奔涌而出的灭顶极乐几乎要将她的整个灵魂都冲散开来。\n她从未经历过插入的{anal}头一次品尝这般究极的绝顶，那种既生疏又汹涌的快意从后穴最深处翻腾而上，一波高过一波地将她仅存的神志彻底击溃。\n她的思维空白得只剩一片嗡鸣，什么念头都抓不住，唯有那股撕裂灵魂般的震撼在体内一遍遍地席卷回荡，令她迷醉到几近失去知觉。\n{anal}深处失禁般止不住喷涌的灼热液体让初经此劫的她羞得无地自容，可那种被快感淹没、彻底失控的滋味却甜美得令她甘愿沉沦。\n积压已久的高潮终于获得释放的巨大解脱，混合着近乎昏厥的极致沉醉，将{TargetName}温柔又猛烈地拖入了这场生平初次的灭顶极乐深渊。

2080,action_part_a_orgasm_super_C,0,t_first_a_sex_in_today,被一次次逼到绝顶的悬崖边又生生拽回的煎熬，此刻终于化作滔天巨浪将{TargetName}整个人吞没，那积压了太多回的快感一齐奔涌而出的刹那，她只觉灵魂都要被这股力量撕裂了。\n今天才第一次尝到后庭滋味的她，从最初的陌生不适到此刻彻底沉沦，竟不敢相信自己初被开发的身子能在同一天就迎来这般超乎想象的极致，那份认知让羞耻与迷醉一齐冲垮了她的理智。\n她的意识被这排山倒海的快感冲刷得一片空白，脑中什么都想不了，只剩下濒临崩溃的甜美与近乎昏厥的沉醉。\n她隐约感到{anal}深处正大量肠液失禁般地涌流不止，那种彻底失控的排出感让她羞得几乎昏过去，可积压已久终于得以宣泄的巨大解脱感却又汹涌地将她淹没，令她在这究极的迷乱里沉沦得无法自拔。
2081,action_part_a_orgasm_super_C,0,t_first_a_sex_in_today,那份被反复吊在高潮门口迟迟不得释放的焦灼，终于在这一刻轰然决堤，堆积如山的快感一股脑地灌进{TargetName}的每一寸神经，猛烈得像要把她的灵魂整个击穿。\n她今天才头一回失去后穴的处子之身，从最初的紧张生涩一路走到此刻的彻底缴械，那种在同一天就被开发到迎来极致绝顶的震撼，让她又羞又茫，心底翻涌着说不清的复杂滋味。\n她的思维被这狂潮彻底冲垮，脑海空茫得连自己是谁都快想不起来，只余下灵魂被撕裂般的战栗与迷醉。\n她恍惚间察觉到{anal}正汹涌地喷涌着大量肠液，那种失禁般的排泄感羞得她无地自容，然而压抑太久终获宣泄的畅快却又铺天盖地地将那点羞耻淹没，令她深深陷进这几近昏厥的甜美沉沦里，再也挣不出来。
2082,action_part_a_orgasm_super_C,0,t_first_a_sex_in_today,一次次被推上巅峰又被硬生生截停的折磨，此刻尽数化作磅礴的洪流将{TargetName}彻底冲垮，那憋闷了太多次的快感一齐倾泻而下时，她只觉整个人都要在这极致里融化崩解。\n初尝禁果的她今日方才被开垦这处秘境，从最初的抗拒不适到如今毫无保留地承受，这般在同一天便被引向究极绝顶的经历，令她的内心被巨大的惊愕与迷醉塞得满满当当。\n她的意识早已被冲得荡然无存，脑中一片空白，思绪彻底停摆，只剩灵魂震颤般的极致快意在反复冲刷。\n她隐隐感到{anal}深处大量肠液正失禁般地喷涌泛滥，那彻底失守的羞耻几乎将她的最后一丝矜持碾碎，可积攒已久终得释放的酣畅解脱却又如潮水般将她卷走，令她在这甜美的崩溃里沉醉得几近昏厥。
2083,action_part_a_orgasm_super_C,0,t_first_a_sex_in_today,被反复逼近绝顶又强行按下的漫长煎熬，终于在这一瞬彻底松了闸，海啸般的快感一齐灌入{TargetName}的身体，凶猛得几乎要将她的神魂撕成碎片。\n她今日才第一次体会到后庭被侵犯的滋味，从最初的生疏惶恐一路到此刻的彻底沦陷，那种在失去处女的同一天就被推向超乎想象极致的震撼，令她心底涌起一阵又羞又醉的战栗。\n她的意识被这股巨力冲得七零八落，脑海空白得什么念头都留不住，只剩濒临崩溃的迷醉与失神。\n她朦胧中感觉到{anal}正大量喷涌着肠液，失禁般止不住地涌流，那种彻底失控的排出感烧得她羞耻欲死，可压抑太久终获宣泄的巨大解脱却又将那羞耻尽数吞没，令她深深栽进这近乎昏厥的甜美沉沦之中，无力自拔。
2084,action_part_a_orgasm_super_C,0,t_first_a_sex_in_today,憋忍了太多回的快感终于被允许一齐释放的那一刻，{TargetName}只觉一股无法形容的巨浪从下腹深处轰然炸开，将她连同理智一起冲得粉碎，灵魂都在这极致里剧烈震颤。\n今天才初尝肛交滋味的她，从起初的陌生别扭到此刻的全然臣服，怎么也想不到自己初被开发的身子竟能在同一天迎来这般究极的绝顶，那份不可思议让惊愕与迷醉在心底搅成一团。\n她的思维被彻底冲空，脑中一片混沌，连呼吸都忘了怎么进行，唯余那份甜到发昏的极致快意。\n她恍惚察觉到{anal}深处大量肠液正失禁般地喷涌不止，那彻底失控的濡湿感让她羞得几乎失了神智，然而积压已久终于卸下的巨大解脱却铺天盖地地将她包裹，令她在这甜美的崩溃中沉醉得再难自持。

2085,action_part_a_orgasm_super_C,0,CVP_A2_T|1_E_0&CVP_A2_A|10_LE_3,积攒了太久的快感终于在这一刻获准倾泻而出，{TargetName}只觉得脑子里轰的一声炸开，整个世界瞬间被究极的极乐冲刷成一片惨白。\n那种被一次次逼到绝顶边缘又硬生生截停的煎熬，此刻终于化作滔天的解脱感将她彻底淹没，爽得她几乎要昏死过去。\n{anal}深处翻涌起远超以往任何一次的极致快感，那股尚带着紧致摩擦感的酥麻此刻放大到令她灵魂都被撕裂般震颤。\n她隐约感觉到{anal}正失禁般地喷涌着肠液，那种彻底失控的排出感令她羞耻到极点，偏偏这份羞耻又和快感搅在一起，把她拖进更深的迷醉。\n她的思维一片空白，什么都想不了，只剩下那股终于得到释放的巨大甜美将她整个人温柔又凶狠地吞没，沉沦到再也回不了神。
2086,action_part_a_orgasm_super_C,0,CVP_A2_T|1_E_0&CVP_A2_A|10_LE_3,被压抑了无数次的渴望终于一齐奔涌而出，{TargetName}的意识在顷刻间被这股究极的快感彻底冲垮，什么都抓不住了。\n那是一种超乎她想象的极致爽意，比她以往经历过的任何一次绝顶都要凶猛百倍，把她还不太习惯肛交的身子冲得魂飞魄散。\n{anal}深处那股青涩而鲜明的快感被无限地放大，累积已久的一切在此刻同时炸裂，令她爽得几乎失去了呼吸。\n她恍惚地觉出{anal}正涌流不止地喷着滚烫的肠液，那种失禁般的彻底失控让她又羞又乱，可这份羞耻竟叫她愈发沉醉。\n她的脑海一片空茫，连自己是谁都快想不起来，只余下那股憋积已久终获释放的巨大解脱感，甜美得令她几乎昏厥，整颗心都在这场究极的宣泄里融化沉沦。
2087,action_part_a_orgasm_super_C,0,CVP_A2_T|1_E_0&CVP_A2_A|10_LE_3,那一刻仿佛有什么东西终于决了堤，{TargetName}被截停积攒了太多次的快感一股脑地尽数释放，爽得她整个灵魂都在震颤。\n究极的极乐如海啸般将她吞没，那种远超寻常绝顶的强烈快感从{anal}深处轰然席卷全身，把她冲得神志尽失。\n仍带着紧致青涩的{anal}此刻传来铺天盖地的酥麻快意，那股熟悉又陌生的摩擦感被放大到极致，令她迷醉得再无一丝理智。\n她朦胧地察觉到{anal}正失禁似的喷涌着肠液，那份彻底失控的羞耻感非但没有让她退缩，反而将她推向更深的沉沦。\n她的思绪彻底空白，仿佛整个人都飘了起来，唯有那股终于得以宣泄的巨大解脱与甜美迷醉紧紧攫住她，令她在这场究极的高潮里彻底沦陷。
2088,action_part_a_orgasm_super_C,0,CVP_A2_T|1_E_0&CVP_A2_A|10_LE_3,憋积到几近崩溃的快感终于被允许尽情释放，{TargetName}只觉一股滔天的极乐从体内轰然爆开，瞬间把她的理智冲得一干二净。\n这份究极的爽意远非她熟悉的任何一次绝顶可比，那些被逼停在边缘的渴望此刻同时引爆，令她这具尚显生涩的身子承受着灭顶般的冲击。\n{anal}深处的极致快感一浪高过一浪，那种带着紧窄摩擦的酥麻被放大到令她灵魂都要碎裂，爽得她几乎要哭出来。\n她隐隐感到{anal}正如失禁般地淌流喷涌着肠液，那彻底失控的排出感令她羞耻得无地自容，偏这羞耻又与极乐纠缠，将她拽入更浓的迷乱。\n她脑中一片惨白空茫，什么都想不起来，只剩那份积压已久终获宣泄的巨大解脱感甜美地将她淹没，令她沉醉到几近昏厥，久久无法回神。
2089,action_part_a_orgasm_super_C,0,CVP_A2_T|1_E_0&CVP_A2_A|10_LE_3,这是一场她从未想象过的究极绝顶，被一次次中断后堆积起来的巨量快感终于在此刻尽数奔涌，爽得{TargetName}整个人都失了神。\n仿佛紧绷到极点的弦骤然崩断，那股滔天的极乐自{anal}深处炸裂开来，把她青涩的理智冲刷得荡然无存。\n仍旧紧致的{anal}传来汹涌澎湃的极致快意，那股尚不太习惯却已被彻底点燃的酥麻被放大到令她灵魂震颤，迷醉得再难自持。\n她恍惚地觉察到{anal}正失禁般地喷涌着大量肠液，那种彻底失控的淋漓感令她羞耻到极点，却又诡异地将她推入更深的甜美沉沦。\n她的思维空白得只剩一片嗡鸣，连意识都被冲得支离破碎，唯有那份憋积已久终于释放的巨大解脱与究极快感牢牢裹住她，令她在这场极致的宣泄里彻底醉倒，再也回不过神来。

2090,action_part_a_orgasm_super_C,0,CVP_A2_T|1_E_0&CVP_A2_A|10_G_3&CVP_A2_A|10_LE_6,积压了太多太多次的快感在这一刻被允许一齐倾泻的瞬间，{TargetName}只觉一股超乎想象的极致快意如决堤洪流般轰然冲垮了她的全部意识。\n那是被一次次逼到绝顶口又硬生生截停后累积起来的巨量快感，此刻终于尽数释放，灵魂仿佛被生生撕裂般剧烈震颤，脑海一片惨白、什么都想不了。\n经验丰富的她比谁都清楚这份灭顶快意有多骇人，却也正因熟稔而更加无从抵挡，只能任由那股解脱般的甜美将自己彻底淹没、卷向濒临昏厥的迷醉深渊。\n她隐约察觉{anal}正失禁般地喷涌着大量肠液、涌流不止，那种彻底失控的排出感裹着灭顶的羞耻反倒化作更浓的沉醉，让她在积压终获释放的巨大解脱里神魂尽碎、沉沦到再也回不了神。
2091,action_part_a_orgasm_super_C,0,CVP_A2_T|1_E_0&CVP_A2_A|10_G_3&CVP_A2_A|10_LE_6,被反复截停在绝顶前那一瞬所憋积的无数次快感终于一齐炸开，{TargetName}的思绪在刹那间被冲得荡然无存，整个人坠入一片空茫的灭顶快意之中。\n这份远远超出寻常绝顶的究极冲击像要将她的灵魂撕成碎片，熟习肛交的她本以为自己再懂得如何承受这种快感，此刻却发现根本无从招架。\n压抑了太久的巨量快意终获释放的那份解脱感浩大得几乎令她昏厥，甜美得让她眼前阵阵发黑，心神被搅成一团再也拼凑不起清晰的念头。\n她恍惚间感到{anal}正失禁般地涌流出滚烫的肠液，那种再也止不住的排出让她又羞又醉，偏偏这份彻底失控反而将她推向更深的沉沦，只能在灭顶的迷醉里瘫软着神魂俱碎。
2092,action_part_a_orgasm_super_C,0,CVP_A2_T|1_E_0&CVP_A2_A|10_G_3&CVP_A2_A|10_LE_6,当积攒到骇人程度的快感终于被准许一齐奔涌而出，{TargetName}只觉脑中轰然炸开一片空白，那股究极的快意将她仅存的理智冲刷得干干净净。\n一次次被推到边缘又被拦下所堆叠起来的巨量快感在此刻尽数倾泻，灵魂像被撕裂般震颤不已，她迷醉失神地张着嘴，连一个完整的念头都再抓不住。\n对后穴快感烂熟于心的她，此刻却被这远超以往的极致强度彻底击溃，只剩下那份憋积太久终于释放的甜美解脱在心底翻涌，浩大得几乎叫她当场昏死过去。\n她朦胧地觉出{anal}正大量喷涌着灼热肠液、失禁般涌流不止，那种彻底失守的耻辱与灭顶快感交缠在一起，反倒令她沉醉得神魂颠倒，深深陷进无边的迷乱与解脱里再难自拔。
2093,action_part_a_orgasm_super_C,0,CVP_A2_T|1_E_0&CVP_A2_A|10_G_3&CVP_A2_A|10_LE_6,积蓄了无数次的快感一齐释放的那一刻，{TargetName}感到一股超乎想象的灭顶快意猛然贯穿全身，将她的意识彻底冲垮、搅成一片混沌的空白。\n那是被反复截停后憋积到极致的巨量快感终于倾泻而出，浩瀚得如同灵魂被撕裂，她失神地瘫软着，脑海里除了铺天盖地的快意再容不下任何思绪。\n熟谙此道的她本能地想稳住自己，却在这究极绝顶前溃不成军，唯有那份压抑太久终获释放的甜美解脱一浪高过一浪，将她推向濒临昏厥的沉醉之巅。\n她恍惚察觉{anal}正失禁般地喷涌着大量肠液，止不住地涌流下淌，那种彻底失控的排出感夹着羞耻却被无边的迷醉盖过，令她在灭顶的快感洪流里神魂尽碎、久久回不过神。
2094,action_part_a_orgasm_super_C,0,CVP_A2_T|1_E_0&CVP_A2_A|10_G_3&CVP_A2_A|10_LE_6,被一次次逼到绝顶口又生生截住所积压的巨量快感终于被一齐放行，{TargetName}整颗心神在那一瞬被灭顶的极致快意轰然击穿、冲刷成一片空白。\n这远超寻常的究极绝顶像要撕裂她的灵魂，熟练承欢的她再懂得的技巧此刻也尽数失灵，只能任由那浩大的快意将残存的清明彻底卷走。\n压抑得太久的快感终于尽情释放的巨大解脱感甜美得让她几乎昏厥，她迷醉失神地颤栗着，脑中一片空茫，连自己身在{SceneName}都恍惚得记不真切。\n她隐约感到{anal}正大量喷涌肠液、失禁般涌流不止，那份彻底失控的排出裹挟着羞耻反而化作更浓烈的沉醉，令她在积压终得释放的灭顶解脱里神魂俱碎、沉沦到无法自拔。

2095,action_part_a_orgasm_super_C,0,CVP_A2_T|1_E_0&CVP_A2_A|10_G_6,被一次次拦在绝顶门前又生生截住的巨量快感，此刻终于获准全数奔涌而出，{TargetName}只觉一股灭顶的极乐狠狠将自己整个吞没。\n身经百战、早已熟知这种快感的她，也从未领受过如此超乎想象的冲击，意识在这一刹那被彻底冲垮，脑中一片空白，什么都想不了了。\n那是灵魂被撕裂般的震撼，积压了无数回的欲望终于倾泻的巨大解脱感层层碾过心头，甜美得几乎让她当场昏厥过去。\n她能清晰地感觉到{anal}正大量喷涌着肠液，失禁般涌流不止，那种彻底失控地被掏空、被释放的排出感令她既羞耻又迷醉。\n纵然经验再丰富，她也只能在这排山倒海的究极绝顶里失神战栗，任凭滔天的快感将残存的理智碾成齑粉，沉沦进这从未有过的极乐深渊。
2096,action_part_a_orgasm_super_C,0,CVP_A2_T|1_E_0&CVP_A2_A|10_G_6,当那些被反复截断、层层累积的快感终于被允许一齐释放，{TargetName}整个人被卷进了一场远超想象的极乐风暴里。\n熟稔此道的她心里清楚这份快感的滋味，可这一次的强度却彻底超出了她的认知，思绪在铺天盖地的冲击下瞬间崩断，脑海空茫得一片雪白。\n灵魂仿佛被生生撕开，那份积郁已久终得宣泄的解脱感如决堤洪流般席卷全身，甜腻得令她几乎失去了知觉。\n她恍惚感到{anal}深处大量肠液正喷薄倾泻、失禁似的涌流不休，那种被彻底掏空的排出感裹着极致的羞耻，反而将她推向更深的迷醉。\n再丰厚的经验此刻都成了摆设，她只能在这究极绝顶的漩涡里彻底失神，浑身战栗着沉溺，任由那甜美到近乎崩溃的极乐将自己一寸寸淹没。
2097,action_part_a_orgasm_super_C,0,CVP_A2_T|1_E_0&CVP_A2_A|10_G_6,那被吊在顶峰边缘无数次、生生压抑下来的巨浪终于决堤倾泻，{TargetName}被一记超乎想象的究极绝顶狠狠贯穿了全身。\n即便她早已将这种快感烂熟于心，此刻也招架不住，意识被滔天的极乐冲刷得支离破碎，脑中只剩一片空白，连自己是谁都恍惚了。\n那是撕裂灵魂般的震颤，累积已久的欲望尽数释放所带来的巨大解脱感一浪高过一浪，甜美得让她濒临崩溃的边缘。\n她迷迷糊糊地感到{anal}正汹涌喷出大量肠液，失禁般地涌流不止，那种毫无遮拦被释放、被掏空的感觉令她羞耻得发抖，却又沉醉得无法自拔。\n经验再老到也压不住这灭顶的一击，她只能在极致的快感里彻底沦陷，失神地颤栗喘息，整个人被甜蜜的洪流冲得神魂俱散、意乱情迷。
2098,action_part_a_orgasm_super_C,0,CVP_A2_T|1_E_0&CVP_A2_A|10_G_6,积攒了太多回、被硬生生截断的快感终于一齐迸发，{TargetName}只觉一股超乎想象的极乐狂潮把自己连人带魂彻底掀翻。\n熟练承欢的她本以为再没有什么能撼动自己，可这排山倒海的冲击还是让她的思维在顷刻间彻底空白，意识被冲垮得七零八落。\n仿佛灵魂都被这份震撼撕成了碎片，那种压抑许久终得释放的解脱感汹涌而来，甜美酥麻得几乎令她甜甜地昏死过去。\n她隐约察觉{anal}大量肠液正失禁般喷涌倾泻、涌流不休，那被彻底释放、掏空一切的失控排出感夹着浓烈的羞耻，将她的迷醉推向了顶点。\n纵有满身的经验垫底，她也只能在这究极绝顶中失神战栗，唇舌发软地沉溺，任那甜到极致的快感将残存的神智尽数吞没，久久回不过神。
2099,action_part_a_orgasm_super_C,0,CVP_A2_T|1_E_0&CVP_A2_A|10_G_6,当被反复寸止累积到极限的巨量快感终于获准倾泻，{TargetName}被一场远超以往的超强绝顶彻底淹没，灭顶的极乐狠狠将她卷走。\n再熟悉这种滋味的她，也被这史无前例的强度冲得神智全失，脑海一片空白，思绪近乎崩溃，什么念头都攥不住了。\n那是灵魂被震得粉碎般的冲击，无数次被中断的欲望终于一并释放，那份巨大的解脱与释然如潮水层层漫过，甜美得叫她几乎昏厥。\n她恍惚感到{anal}正大量喷涌肠液，失禁似的涌流不止，那种被掏空、被彻底释放的失控排出感裹着极致的羞耻，反把她推入更深的沉醉迷乱。\n哪怕经验再丰富，也架不住这灭顶的究极一击，她只能在滔天快感里失魂地颤抖沉沦，任由甜蜜到崩溃边缘的极乐将自己整个吞没。

2100,action_part_a_orgasm_super_C,0,CVP_A2_S|5_L_1000,积攒了太久太久的快感在这一瞬间轰然炸开，{TargetName}只觉得有一股无法形容的滔天巨浪从{anal}深处直冲上天灵盖，将她整个人瞬间掀翻、吞没。\n那是被一次次逼到绝顶门前又硬生生截停后，终于被允许一齐宣泄出来的巨量极乐，凶猛得远远超出了她所能承受的极限。\n她的意识在这灭顶的快感里被彻底冲垮，脑海中一片空白，什么都想不了，什么都抓不住，只剩下无边无际的酥麻与战栗在灵魂深处翻腾炸裂。\n那种被压抑了无数回的渴求终于得到释放的巨大解脱感，如潮水般将她层层淹没，甜美得几乎让她当场昏厥过去。\n她隐约感觉到{anal}正失禁般地喷涌着滚烫的肠液，那种彻底失控、什么都兜不住的羞耻本该让她无地自容，可此刻汹涌的极乐早已把那点羞耻揉碎，反而化作更深的迷醉，将她推向更浓烈的沉沦。\n她感到自己像是被撕裂又被重塑，灵魂在这场究极绝顶里颤抖、飘散，全部的神智都溶化在这一片灭顶的甜蜜里，迟迟也回不过神来，只能在无边的失神与解脱中瘫软着，任由那滔天的余韵一寸寸地漫过她早已空白的思绪。
2101,action_part_a_orgasm_super_C,0,CVP_A2_S|5_L_1000,当那道被绷到极限的闸门终于松开的刹那，{TargetName}的脑子里轰地一声炸成了一片空白。\n被反复截停、层层堆叠起来的巨量快感一齐决堤奔涌，那股力量凶猛得根本不像人能承受，直直地将她的意识连根拔起、彻底冲垮。\n她感觉自己整个人都被这场超乎想象的极致绝顶托举到了云端，又被狠狠摔进灭顶的酥麻里，灵魂像是被撕成了细碎的光点，四散飘零。\n积压了太多回的渴望终于一齐得到满足，那种排山倒海的解脱感几乎让她甜美得昏死过去，每一寸神经都在为这迟来的释放而战栗欢鸣。\n她朦胧中感到{anal}正一波波失禁般地涌流着滚烫的肠液，那种什么都止不住的失控感本会让她羞得想要蜷缩起来，可铺天盖地的极乐早已将羞耻碾成齑粉，只余下更深的迷醉在心底翻涌。\n她再也想不起自己是谁、身在何处，只知道自己正被一场究极的甜蜜彻底溶化，思绪一片空茫，神智涣散飘忽。\n那份灵魂被撕裂又被极乐填满的震撼久久不散，将{TargetName}整个人牢牢按在失神与沉沦的深渊里，迟迟无法自拔。
2102,action_part_a_orgasm_super_C,0,CVP_A2_S|5_L_1000,那一瞬间，仿佛体内某根紧绷到极限的弦终于崩断，{TargetName}被一股滔天的快感彻底掀翻了。\n无数次濒临绝顶又被生生拽回的煎熬，此刻化作巨量的极乐一齐奔涌而至，凶猛得让她的意识在刹那间彻底崩塌、化为空白。\n她只觉得从{anal}深处涌起的甜蜜巨浪席卷了全身每一寸神经，将她的思维、理智乃至灵魂都冲刷得一干二净，只剩下灭顶的酥麻在体内一遍遍地炸开、回荡。\n那种被压抑了太久终于得以尽情释放的解脱感，浓烈得近乎令她昏厥，甜美得让她想要溺死在这片汪洋里再也不要醒来。\n恍惚中她感到{anal}正失禁般地喷涌着大量滚烫的肠液，那种彻底兜不住、失禁一般的排出感本该羞耻得让她想要逃开，可此刻汹涌的绝顶早把那份羞耻烧成了更炽烈的迷醉。\n她的灵魂像被撕裂开来又被极乐填满，神智在这究极的高潮里彻底失了焦，飘飘忽忽地散落一地。\n{TargetName}只能瘫软着承受这场积蓄已久终得宣泄的滔天甜蜜，脑海空空荡荡，久久无法拼凑起一丝清明的思绪，任那灭顶的余韵将她一寸寸淹没在无边的沉醉之中。
2103,action_part_a_orgasm_super_C,0,CVP_A2_S|5_L_1000,憋闷太久的快感终于决堤的这一刻，{TargetName}整个人都被冲进了一片失神的白光里。\n那些被一次次吊在绝顶边缘、迟迟不得释放的渴求，此刻一股脑地爆发出来，汇成远超想象的究极极乐，狠狠地将她的意识连同理智一并击碎。\n她的脑子里再也容不下任何念头，只有从{anal}深处翻涌而上的滔天酥麻，一波比一波更凶猛地冲刷着她，将她的灵魂震得支离破碎又飘飘欲仙。\n积攒到极限的欲望终于得以尽数宣泄，那份巨大的解脱感如同溺水之人终于浮出水面，甜美又酣畅，浓烈得几乎让她当场昏厥。\n她迷蒙中察觉到{anal}正失禁般地涌流出大量滚烫的肠液，那种彻底失控、怎么也收不住的感觉本会令她羞愧得无地自容，可这一刻灭顶的绝顶早已将羞耻融进了更深的沉醉。\n她感到自己整个人都在这场究极的甜蜜里融化、飘散，神智涣散得连眼前都变得模糊虚幻。\n{TargetName}只能任由这滔天的极乐将自己彻底吞没，思绪一片空茫，久久停留在那濒临崩溃又甜美得令人战栗的失神深处，迟迟无法回神。
2104,action_part_a_orgasm_super_C,0,CVP_A2_S|5_L_1000,被延宕了太多回的绝顶终于一齐倾泻而下时，{TargetName}只觉得整个天地都在这一瞬间白得刺眼。\n那股由{anal}深处猛然爆发的巨量快感，凶悍得远远超出了她的想象，转眼便将她的意识冲得七零八落，脑海里一片空白，连一个完整的念头都拼凑不出。\n无数次被截停累积下来的渴求一齐得到释放，那种排山倒海般的解脱感浓烈得让她几乎昏厥，甜美的战栗一层层从灵魂深处漫上来，将她整个人溺进灭顶的极乐里。\n她感到自己仿佛被这场究极绝顶撕裂又重塑，灵魂在酥麻的巨浪里颤抖飘散，迷醉得再也分不清自己身在何方。\n恍惚间她察觉到{anal}正失禁般地喷涌着滚烫的肠液，那种什么都兜不住、彻底失控的排出感本该让她羞耻到蜷缩，可汹涌的甜蜜早已把那份羞耻化作更深的沉沦与迷乱。\n她的神智在这滔天的极乐里彻底涣散，思维空茫得像被抽去了一切，只剩无边的失神与酣畅的解脱在她体内翻腾。\n{TargetName}就这样瘫软着，任由这积蓄已久终得宣泄的究极甜蜜将她一寸寸淹没，久久沉溺在那濒临崩溃的迷醉里无法自拔。

2105,action_part_a_orgasm_super_C,0,CVP_A2_S|5_GE_1000&CVP_A2_S|5_L_12000,积攒了太久的快感终于在这一刻被尽数放行，那种感觉汹涌得让{TargetName}几乎失去了自我。\n一波又一波被压抑到极限的极致爽意从{anal}深处轰然奔涌上来，一齐冲垮了她全部的意识，脑海里刹那间一片惨白，什么也想不了，什么也抓不住。\n那是远远凌驾于寻常绝顶之上的究极快感，灵魂仿佛被生生撕裂，整个人在无边的迷醉与失神里彻底沉沦下去。\n她只觉得堆积如山的快感终于获准倾泻而出，那份积压太久后被允许释放的巨大解脱感，甜美得几乎令她当场昏厥过去。\n{anal}一阵阵失禁般涌流不止，那种彻底失控的排出感夹杂着极致的羞耻与迷乱，反倒把她推向更深的沉醉。\n她的思维一片空白，只剩下那股滔天的快感在体内反复冲刷震荡，令她在濒临崩溃的甜蜜里战栗着，久久无法回神。
2106,action_part_a_orgasm_super_C,0,CVP_A2_S|5_GE_1000&CVP_A2_S|5_L_12000,被一次次逼到绝顶门槛前又生生截断，那么多回积压下来的快感在此刻一齐宣泄，{TargetName}整个人被冲得魂飞魄散。\n从{anal}深处翻涌上来的快感浓烈到无法承受，它像滔天巨浪般彻底淹没了她的神智，思绪在这排山倒海的冲击里荡然无存，只剩一片空茫。\n这种究极的绝顶远远超出了她所能想象的极限，灵魂深处被震得支离破碎，极度的迷醉与失神将她整个吞没。\n她清晰地感到那被压抑了太久的顶点终于崩塌释放，那股巨大的解脱如释重负般席卷而来，甜美得让她几乎昏厥。\n{anal}失禁般涌流的感觉让她又羞又乱，可这种彻底失控反而将她推入更深的沉沦，令她无从抵抗。\n她的脑子里空空荡荡，唯有那股无边的快感在一遍遍反复冲刷，令她在近乎崩溃的极乐中沉醉得不能自已。
2107,action_part_a_orgasm_super_C,0,CVP_A2_S|5_GE_1000&CVP_A2_S|5_L_12000,那些一次次被吊在顶点边缘又被硬生生按停的快感，此刻终于被允许一齐倾泻，{TargetName}被这滔天的爽意彻底冲垮。\n从{anal}深处炸开的极致快感汹涌到无法招架，一瞬间就将她的意识冲刷得干干净净，脑海里只剩一片空白，连自己是谁都想不起来。\n这是她从未体验过的究极绝顶，那种远超寻常的强度像要将灵魂撕成碎片，令她陷入极度的失神与迷醉之中。\n积压得太久的快感终于获准奔涌而出，那份等待已久的释放带来的巨大解脱，甜美得几乎令她整个人昏沉过去。\n她隐约感到{anal}正失禁般不住地涌流，那种彻底失控的排出感裹挟着强烈的羞耻，却诡异地令她沉醉得更深。\n她的思绪彻底停摆，唯余那股排山倒海的快感在身体里反复轰鸣，将她久久困在濒临崩溃的甜美深渊里无法自拔。
2108,action_part_a_orgasm_super_C,0,CVP_A2_S|5_GE_1000&CVP_A2_S|5_L_12000,堆叠了太多次的快感在这一刻被一并放开，那股洪流般的爽意瞬间将{TargetName}的理智冲得粉碎。\n从{anal}深处奔涌而出的究极快感浩大得令她无从承受，它彻底击垮了她的意识，脑中一片惨白空茫，任何念头都无法成形。\n这场凌驾于一切之上的超强绝顶震撼着她的灵魂，仿佛整个人都要被这极致的快感撕裂开来，只剩下无边的迷醉与恍惚。\n她真切地感到那被压抑了无数回的顶点终于崩塌释放，那份积蓄已久后终获宣泄的解脱感排山倒海，甜得几乎让她昏厥。\n{anal}失禁般涌流不止的感觉令她既羞且乱，可这种毫无保留的失控反而把她拖入更深的沉沦。\n她脑海空空，唯有那滔天快感一遍遍反复冲刷全身，令她在近乎崩溃的极乐里颤栗沉溺，久久回不过神来。
2109,action_part_a_orgasm_super_C,0,CVP_A2_S|5_GE_1000&CVP_A2_S|5_L_12000,被反复寸止折磨得快要发疯的快感，终于在此刻获准一齐释放，{TargetName}整个人被这究极的爽意彻底吞没。\n从{anal}深处翻涌上来的极致快感浓烈得让她窒息，一瞬间便将她的神智冲垮，脑海中只剩一片空白，思维彻底停滞。\n这场超乎想象的绝顶远远超出她能承受的界限，灵魂像被生生撕裂般剧烈震颤，令她深深坠入迷醉与失神的深渊。\n积压太久的快感终于倾巢奔涌而出，那份等待了太久后终被允许释放的巨大解脱感，甜美得几乎令她当场昏厥。\n她恍惚地感到{anal}正失禁般不受控地涌流，那种彻底失守的排出感夹着极致的羞耻，反倒将她推向更深的沉醉。\n她的意识一片空茫，唯余那股无边无际的快感在体内反复冲荡震撼，令她在濒临崩溃的甜蜜里迷失，久久无法自拔。

2110,action_part_a_orgasm_super_C,0,CVP_A2_T|7_E_0&CVP_A2_T|222_E_1,积压了不知多少次的酥胀感终于毫无保留地涌泄而出，{anal}深处那股狂潮猛地将{TargetName}整个人都吞没，成熟的身体第一次尝到这般烈度的快感，她压根不明白自己为何会陷入这种前所未有的眩晕之中。\n意识仿佛被这股汹涌的浪潮撕成了碎片，脑海里空空荡荡的，什么念头都抓不住，只剩下一片茫然又灼热的空白，连自己身处何处都渐渐模糊了起来。\n她隐隐约约地感觉到{anal}深处不断有滚烫的东西涌出，那种彻底失控的排泄感让她既羞耻又晕眩，却又说不清那份羞耻里到底藏着多少难以言喻的舒爽。\n积攒已久终于得到释放的畅快感如潮水般漫上心头，混杂着对这份陌生快感的懵懂困惑，令她的灵魂仿佛都被狠狠震颤了一下，几乎要昏厥过去。\n那种甜蜜到近乎崩溃的沉醉感反复冲刷着她懵懂的心智，让她连挣扎的念头都彻底忘却，只能沉浸在这片茫然又幸福的空白里，久久无法回神。
2111,action_part_a_orgasm_super_C,0,CVP_A2_T|7_E_0&CVP_A2_T|222_E_1,那股被一次又一次截断的快感终于被彻底放行，如决堤般涌上{TargetName}的心头，{anal}处传来的酥麻感强烈到令她整个思绪都被冲得七零八落。\n她从未体验过这样的感受，脑子里乱糟糟的，连一丝完整的念头都抓不住，只剩下懵懂而茫然的震颤在意识深处反复回荡，仿佛整个人都要被这股陌生的洪流卷走。\n她隐约察觉到{anal}深处有什么东西正汹涌地涌出，那种毫无保留的失控感让她既惶恐又莫名地沉迷，却完全说不清楚这究竟意味着什么。\n积压许久的快感终于得到释放的巨大解脱感席卷全身，混杂着对未知感受的困惑与惊惧，两种情绪交织撞击，让她的灵魂仿佛被狠狠撕开又缝合，几乎要昏厥在这片甜腻的眩晕里。\n她懵懂地承受着这场超乎想象的极致绝顶，意识彻底被快感冲垮，只留下一片幸福而空白的茫然，久久沉溺其中无法挣脱。
2112,action_part_a_orgasm_super_C,0,CVP_A2_T|7_E_0&CVP_A2_T|222_E_1,{TargetName}从未想过自己成熟的身体里竟然藏着这样惊人的快感，当那股反复被中断的酥麻终于一股脑儿地释放开来，她整个人瞬间被卷入一片眩晕的狂潮之中。\n{anal}深处传来的强烈震颤几乎击碎了她所有的思绪，脑海里一片空白，连她自己都不明白这股汹涌的感受究竟从何而来，又该如何面对。\n她隐隐感觉到有滚烫的液体不断从{anal}涌出，那种毫无保留的失控感令她既羞涩又茫然，却又诡异地夹杂着一丝说不清的满足。\n积攒已久的快感终于释放所带来的解脱感如暖流般淌过全身，与那份对陌生快感的懵懂困惑交织在一起，让她的灵魂仿佛被狠狠撼动，几乎要沉沉昏厥过去。\n那种超乎想象的极致绝顶将她的意识彻底冲垮，思维一片空白濒临崩溃，只剩下懵懂而甜蜜的战栗反复回荡，令她久久回不过神来。
2113,action_part_a_orgasm_super_C,0,CVP_A2_T|7_E_0&CVP_A2_T|222_E_1,当那份被反复截停的巨量快感终于一次性倾泻而出，{TargetName}整个人仿佛被抛进了一片灼热的深渊，成熟的躯壳里翻涌着她从未理解过的强烈震颤。\n{anal}深处那股狂潮猛烈地冲击着她的意识，脑海瞬间被搅成一团乱麻，什么念头都无法维持，只剩下一片茫然失措的空白反复荡漾。\n她隐约感觉到有滚烫的东西不受控制地从{anal}涌出，那种彻底失禁般的失控感让她既慌乱又莫名沉醉，却怎么也想不明白身体为何会有这样的反应。\n积压许久终于得到释放的解脱感如潮水般涌上心头，与那份懵懂的困惑和惊惧一同翻搅，让她的灵魂仿佛被狠狠震颤撕裂，几乎要昏厥在这片甜蜜的眩晕之中。\n意识被这超乎想象的极致绝顶彻底冲垮，思维空白得近乎崩溃，只余下懵懂而幸福的战栗在心底久久回荡不息。
2114,action_part_a_orgasm_super_C,0,CVP_A2_T|7_E_0&CVP_A2_T|222_E_1,{TargetName}压根没有料到，反复被叫停的那股酥痒竟会在此刻毫无保留地全部释放，瞬间将她的意识彻底吞没，成熟的身躯里翻涌着连她自己都陌生的滚烫狂潮。\n{anal}深处传来的剧烈震颤一波接一波地冲刷着她的思绪，脑海里空茫茫的什么都抓不住，只剩下一片懵懂而炽热的空白在意识深处反复回旋。\n她隐隐感觉到有大量滚烫的液体毫无保留地从{anal}涌出，那种失禁般的彻底失控让她既羞耻又晕眩，偏偏那份羞耻里又藏着说不清道不明的沉醉。\n积攒了许久终于得到释放的巨大解脱感如潮水般涌遍全身，与那份对未知快感的茫然困惑交织缠绕，令她的灵魂仿佛被狠狠震颤，几乎要在这片甜美的眩晕里彻底昏厥过去。\n意识被这超乎想象的极致绝顶冲得支离破碎，思维一片空白濒临崩溃，只留下懵懂而幸福的余颤久久萦绕不散。

2115,action_part_a_orgasm_super_C,0,CVP_A2_S|5_GE_12000&CVP_A2_S|5_L_90000,积压了太久太久的快感终于在这一刻被允许一齐奔涌而出，{TargetName}只觉一股远超以往任何一次的滔天快意从{anal}深处轰然炸开，将她整个人彻底吞没。\n那被憋在绝顶门口太多次的煎熬骤然化作决堤般的极乐，冲垮了她所有的意识，脑子里瞬间一片空白，什么都想不了，只剩灵魂被撕裂般的剧烈震颤。\n她清楚地感到{anal}深处大量肠液失禁般地涌流不止，那种彻底失控的排出感令她又羞又乱，却又诡异地甜到了骨子里。\n积攒已久终得释放的巨大解脱感如潮水般将她淹没，那是一种几乎要昏厥过去的酣畅与迷醉，甜美得让她神魂俱散，只能在这超乎想象的究极绝顶中彻底沉沦，无力自拔。
2116,action_part_a_orgasm_super_C,0,CVP_A2_S|5_GE_12000&CVP_A2_S|5_L_90000,被反复吊在高潮边缘又生生截断了那么多次的快感，此刻终于一股脑地全数释放，{TargetName}感到一阵超乎想象的极致快意从{anal}最深处席卷全身。\n那快感浓烈得近乎残暴，一瞬间就把她的思维冲得干干净净，意识彻底崩溃瓦解，脑海里只剩白茫茫的一片，连自己是谁都恍惚了。\n她迷迷糊糊地觉出{anal}正大量喷涌着肠液、失禁般止不住地淌流，那种羞耻到极点的失控感却化作了更汹涌的迷醉，将她推得更深。\n压抑太久终于爆发的解脱感甜得让她几乎要哭出来，灵魂像被这滔天的快意生生撕开又揉碎，她整个人瘫软失神，沉浸在这究极绝顶带来的、近乎昏厥的极乐里久久回不过神。
2117,action_part_a_orgasm_super_C,0,CVP_A2_S|5_GE_12000&CVP_A2_S|5_L_90000,憋闷到极限的巨量快感终于获准一齐倾泻，{TargetName}只觉一道远比寻常绝顶猛烈无数倍的电流从{anal}深处直贯天灵，整个人被炸得魂飞魄散。\n那快意汹涌得毫无道理，转瞬便冲垮了她最后一丝清明，思绪彻底空白，意识濒临崩溃，除了灭顶的快感再也感知不到别的。\n她隐约察觉{anal}深处正失禁般狂涌着肠液，怎么也止不住，那种被彻底操到失禁的羞耻感非但没让她退缩，反倒把她拽进了更浓的沉醉。\n那份积攒太久终得宣泄的解脱来得如此酣畅淋漓，甜蜜得令她几近晕厥，灵魂在这超乎想象的究极高潮里被震得粉碎，她只能彻底放任自己溺毙在这片极乐之中。
2118,action_part_a_orgasm_super_C,0,CVP_A2_S|5_GE_12000&CVP_A2_S|5_L_90000,太多次被推到绝顶前又硬生生拉回的快感在这一刻尽数决堤，{TargetName}感到一股骇人的极致快意自{anal}深处翻涌而上，凶猛得让她根本招架不住。\n意识在那一瞬被彻底冲垮，脑中一片空茫，什么都抓不住，只余灵魂被这滔天快感撕裂般的震撼，甜美得近乎令人崩溃。\n她清晰地感觉{anal}正大量涌流着肠液、失禁般地泄个不停，那种毫无遮拦的排出感烧得她又羞又醉，越是失控就越是沉沦。\n积压了太久的快意终于痛快释放，那巨大的解脱感如暖流灌满四肢百骸，甜腻得让她几乎昏死过去，她整个人失神瘫软，任由这究极绝顶把她卷入无边无际的酣畅深渊。
2119,action_part_a_orgasm_super_C,0,CVP_A2_S|5_GE_12000&CVP_A2_S|5_L_90000,被寸止折磨得攒到极限的快感终于一齐奔流而出，{TargetName}只觉一场远远凌驾于以往的滔天极乐从{anal}最深处轰然爆开，瞬间将她整个人淹没吞噬。\n那快意浓烈到失去了理智，一下子便把她的意识冲得支离破碎，脑海空白一片，思维濒临崩溃，只剩下灭顶的甜与灵魂的战栗。\n她恍惚间感到{anal}深处肠液正失禁般汹涌喷泻、涌流不止，那彻底失守的排出感令她羞耻到极点，偏偏这羞耻又化成了更深的迷醉。\n憋了太久终获释放的解脱感酣畅得让她浑身发软，甜美得近乎昏厥，她在这超乎想象的究极绝顶里彻底沦陷，神志涣散地沉溺其中，久久无法从这灭顶的极乐里挣脱出来。

2120,action_part_a_orgasm_super_C,0,CVP_A2_S|5_GE_90000,积压了太久太久的快感在这一刻终于被允许倾泻而出，{TargetName}只觉一股远超以往任何一次的滔天极乐轰然贯穿了全身。\n那是被反复逼到顶点又生生截停后累积起来的巨量快意，此刻一齐炸开，将她的意识彻底冲垮，脑海里一片空茫的雪白，什么都想不了，什么都感受不到，只剩下那灭顶的爽意在体内疯狂翻涌。\n{anal}早已敏感到不可思议的地步，此刻传来的每一丝震颤都被放大成撕裂灵魂般的极致快感，令她几近昏厥。\n她只觉得自己像是要被这股洪流融化、被撕成碎片，那种压抑已久终于得以宣泄的巨大解脱感如潮水般将她淹没。\n当感到{anal}深处大量肠液失禁般喷涌流泻时，一种彻底失控的羞耻与迷醉交织着席卷而来，她沉溺在这数不清的快感里再也无法自拔，甜美得几乎要就此昏死过去。
2121,action_part_a_orgasm_super_C,0,CVP_A2_S|5_GE_90000,憋闷已久的快感终于寻到了宣泄的缺口，{TargetName}感到一场凌驾于一切寻常绝顶之上的究极极乐将她整个人吞没。\n那些被一次次截停、层层堆叠的滔天快意在同一瞬间尽数迸发，狠狠冲垮了她仅存的一丝神智，思绪彻底停摆，脑中只余一片混沌的空白，连自己是谁都记不起来了。\n她的肛肠敏感得近乎失真，哪怕最细微的一丝刺激也被无限放大，化作贯穿脊髓的极致快感，令{anal}深处涌起一波又一波灭顶的酥麻。\n那种憋了太久终于得以释放的解脱感汹涌澎湃，仿佛整个灵魂都被这股洪流洗涤、撕扯、融化。\n感受到{anal}失禁般喷涌的大量肠液时，极致的羞耻与无边的迷醉一齐将她包裹，她彻底沉沦在这永无止境的连绵快感之中，甜腻得几近失神昏厥，再也分不清天地。
2122,action_part_a_orgasm_super_C,0,CVP_A2_S|5_GE_90000,被强行压抑了无数次的快感终于决堤奔涌，{TargetName}只觉一股超乎想象的极致快意如海啸般将她彻底淹没。\n那反复被推至绝顶边缘又硬生拽回的巨量快感，此刻毫无保留地一齐倾泻，把她的理智冲得支离破碎，脑海一片空洞的雪白，思维完全停止，连呼吸都忘了该如何进行。\n她的肛肠早已敏感到令人难以置信，此刻每一下震颤都化作撕裂神经般的滔天快感，令{anal}传来一阵接一阵近乎痛楚的极乐。\n那份积郁太久终于卸下的解脱感几乎令她喜极而泣，灵魂像是被这股洪流彻底击碎又重塑。\n当{anal}深处大量肠液失禁般狂涌喷泻时，一种彻底失守的羞耻感与灭顶的迷醉交缠着淹没了她，她深深沉溺在数不尽的连续快感里，甜美得整个人都要飘散、昏厥过去。
2123,action_part_a_orgasm_super_C,0,CVP_A2_S|5_GE_90000,囤积了太多次的快感在这一瞬终于获准尽数释放，{TargetName}感到一场远胜以往的究极绝顶将她连同灵魂一并吞噬。\n那些被逼近顶峰又一再截停的无数次快意此刻轰然一齐爆发，将她的意识彻底冲得荡然无存，脑中一片空白，什么念头都无法维系，只剩下灭顶的爽意在疯狂席卷。\n她的肛肠敏感得超越了常理，哪怕最轻微的一丝触动都被放大成贯穿全身的极致快感，令{anal}涌起一波波难以承受的滔天酥麻。\n那种压抑良久终于宣泄的巨大解脱感汹涌而至，仿佛全身的重负在这一刻尽数卸下，灵魂被爽意彻底浸透。\n感到{anal}失禁般喷涌出大量滚烫肠液的刹那，极致的羞耻与甜腻的迷醉一齐将她击溃，她沉醉在这永无休止的极乐之中不能自已，甜美得几乎要就此昏厥失神。
2124,action_part_a_orgasm_super_C,0,CVP_A2_S|5_GE_90000,层层累叠、憋闷已久的快感终于在这一刻彻底释放，{TargetName}只觉一股凌驾于寻常绝顶之上的滔天极乐轰然贯穿了她的每一寸身心。\n那被反复中断、堆积如山的巨量快意一齐奔涌炸裂，狠狠冲垮了她最后一丝清明，思绪化作一片虚无的空白，整个人恍若坠入了纯白的深渊，什么都无法思考。\n她的肛肠早已敏感到不可思议，此刻每一缕震颤都被无限放大成撕裂灵魂般的极致快感，令{anal}深处翻涌起一浪高过一浪的灭顶酥麻。\n那种蓄积太久终得释放的解脱感如决堤洪水般席卷全身，令她几乎喜极而泣、灵魂震颤。\n当察觉{anal}正失禁般喷涌流泻着大量肠液时，彻底失控的羞耻与无边的甜醉交织着将她淹没，她深陷在这数不清的连绵高潮里再难抽身，甜美迷醉得几乎昏死过去。

2125,action_part_a_orgasm_super_C,0,CVP_A2_T|126_E_1,积攒了太多次却次次被生生截停的快感，此刻终于被允许一齐倾泻而出，{TargetName}只觉得一股超乎想象的滔天巨浪从{anal}深处轰然炸开，将她整个人瞬间吞没。\n那是一种远远超出寻常绝顶的究极快感，猛烈得几乎要把她撕裂，意识在这一刻被彻底冲垮，脑海一片空白，什么都想不了，什么都抓不住。\n她能清晰地感觉到紧致的后穴深处大量滚烫的肠液失禁般喷涌不止，那种彻底失控地被掏空排泄般的羞耻感，混着积压已久终获释放的巨大解脱，将她推向近乎崩溃的极乐。\n她小巧的身子无力地瘫软战栗着，灵魂仿佛被这股快感撕成了碎片，只剩下极致的迷醉与失神，让她甜美地沉沦在这场究极高潮里，久久无法回神。
2126,action_part_a_orgasm_super_C,0,CVP_A2_T|126_E_1,那么多次被吊在绝顶边缘、被硬生生按停的煎熬，此刻终于化作滔天洪流一齐奔涌释放，{TargetName}感到{anal}深处爆开一阵超乎想象的极致快感，猛地将她的神志击得粉碎。\n这份强度远非她体验过的任何高潮可比，像有滚烫的电流贯穿全身，意识被冲刷得干干净净，思绪化作一片空茫，连自己是谁都恍惚了。\n她隐约察觉到紧窄的后穴正大量喷涌着滚烫的肠液，失禁般涌流不止，那股彻底失守、被彻底冲垮的羞耻与迷乱，和积蓄已久终于释放的酣畅解脱交缠在一起，甜得让她几乎要昏厥过去。\n她娇小的身躯陷入无边的失神颤栗，灵魂被这排山倒海的快感撕扯着，只余极致的沉醉将她层层淹没，令她深深地坠入这场究极绝顶的迷梦之中。
2127,action_part_a_orgasm_super_C,0,CVP_A2_T|126_E_1,一次次濒临巅峰却被截断的巨量快感，此刻终于被彻底放行齐齐爆发，{TargetName}只觉得{anal}深处腾起一股毁天灭地般的极乐，猛然将她整个意识席卷吞没。\n那快感之烈是她从未想象过的，仿佛灵魂都要被生生震碎，脑中一瞬间空得什么都不剩，连呼吸都忘记了该怎么进行。\n她清楚地感受到小巧紧致的后穴深处大量肠液汹涌喷薄，失禁般止不住地涌流，那种被彻底掏空、彻底失禁般排泄出去的极致羞耻，与积压太久终得宣泄的滔天解脱感一同将她击溃。\n她纤小的躯体瘫软颤栗着彻底沉沦，理智荡然无存，只剩下漫无边际的迷醉与甜蜜，将她温柔又凶猛地拖入这场超乎想象的究极高潮，久久沉溺其中难以自拔。
2128,action_part_a_orgasm_super_C,0,CVP_A2_T|126_E_1,堆积了无数次却始终得不到释放的快感，此刻终于被允许一股脑倾泻，{TargetName}感到{anal}深处骤然迸发出一阵超乎想象的极致巅峰，像海啸般把她整个人卷走。\n这种究极的爽感强烈到近乎残酷，把她仅存的理智碾得粉碎，意识被彻底冲垮，思维一片空白，整个人只剩下被快感支配的躯壳。\n她模糊地感觉到紧致娇小的后穴正大量喷涌滚烫的肠液，失禁般奔流不止，那份彻底失控、任凭一切从身体里涌出的羞耻，混着期盼已久终于得偿的巨大解脱，甜得让她濒临崩溃。\n她小巧的身子止不住地失神战栗，灵魂被这股滔天快感撕裂得支离破碎，唯余极致的沉醉与迷乱，令她深深陷进这场究极绝顶的甜美深渊，几乎要溺毙其中。
2129,action_part_a_orgasm_super_C,0,CVP_A2_T|126_E_1,太多太多次被逼到边缘又被硬生截停的快感，此刻终于齐齐决堤释放，{TargetName}只觉{anal}深处轰然炸裂开一股超乎想象的究极极乐，瞬间将她的一切知觉全部淹没。\n那是远超以往任何一次的骇人强度，猛烈得像要把她的灵魂撕成两半，意识被彻底冲垮击碎，脑海空茫得连一丝念头都留不住。\n她鲜明地感到小巧紧窄的后穴深处海量肠液失禁般喷涌涌流，止都止不住，那种被彻底掏空、毫无保留地失禁排出的极致羞耻，和积压许久终于得以宣泄的滔天解脱交织在一起，将她推向甜美的巅峰。\n她娇小的躯体瘫软痉挛着彻底失神，灵魂在这排山倒海的极乐里粉身碎骨，只余无边的迷醉将她吞没，令她沉沦在这场究极高潮中久久不能自已。

2130,action_part_a_orgasm_super_C,0,CVP_A2_T|127_E_1,被压抑了太多次的滔天快感终于获准一齐倾泻的刹那，{TargetName}只觉得整个人被彻底冲垮了，脑海里轰的一声炸成一片空白。\n那是一种远远超乎想象的极致快感，无数次被逼到绝顶边缘又硬生生截断的憋闷，在这一刻尽数决堤奔涌，像海啸般将她的神智整个吞没，灵魂仿佛被撕裂开来。\n她清晰地感觉到{anal}深处正疯狂地翻搅痉挛，大股肠液失禁般涌流不止，那种彻底失控地被排出的羞耻感令她又羞又迷，却根本无力顾及。\n积压了太久的快感终于得到释放的巨大解脱感将她整个人淹没，甜美得几乎令她当场昏厥过去。\n意识一寸寸地飘散瓦解，思绪一片空茫，她只能在这浩瀚的极乐里彻底沉沦，任由那股究极的绝顶把她冲刷得魂飞魄散，迷醉失神到不知今夕何夕。
2131,action_part_a_orgasm_super_C,0,CVP_A2_T|127_E_1,当那些被反复掐断、层层累积的巨量快感终于被允许一齐炸开时，{TargetName}的意识在顷刻间就被这股洪流彻底冲垮了。\n这是一种她从未体会过的究极绝顶，远远凌驾于寻常高潮之上，翻涌而来的快感狂潮将她的思维冲刷得一干二净，脑中只剩下白茫茫的一片空无。\n她恍惚地察觉到{anal}正剧烈地绞缩翻卷，滚烫的肠液如失禁般汹涌而出，那种毫无遮拦被排泄出去的极致羞耻，混着灭顶的快感一并将她淹没，令她迷乱得神魂颠倒。\n压抑了太久终获宣泄的解脱感如潮水般漫过全身，甜腻得让她几乎要昏死过去。\n她的灵魂仿佛被这场浩大的绝顶撕成了碎片，只能在无边的迷醉与失神里彻底沉溺，连一丝清明的念头都无从抓住。
2132,action_part_a_orgasm_super_C,0,CVP_A2_T|127_E_1,积攒到极限的快感终于被一齐释放出来的那一瞬，{TargetName}感到自己的神智被一股无法抗拒的巨浪彻底击碎了。\n这份超乎想象的极致绝顶远非以往任何一次高潮可比，被寸止累积的滔天快感如决堤洪水般奔涌上涌，将她的意识冲得支离破碎，脑海里一片空白，濒临崩溃的边缘。\n她隐约感到{anal}深处疯狂地痉挛收缩，大量肠液失禁般喷涌流淌，那种彻底失守、被尽数排出的羞耻感令她又羞又醉，偏又甜得令她无从抗拒。\n憋闷已久的快感终于倾泻而出的解脱感浩浩荡荡地席卷了她，甜美得近乎昏厥。\n她只觉灵魂都在这股究极的极乐中震颤破碎，整个人迷醉失神地沉入无底的快感深渊，什么都想不了，也什么都不愿去想。
2133,action_part_a_orgasm_super_C,0,CVP_A2_T|127_E_1,那些一次次被逼到顶点又生生截停的巨量快感终于获准尽数宣泄时，{TargetName}的意识几乎在刹那间就被冲刷得荡然无存。\n这是一场远超寻常绝顶的究极高潮，累积到骇人地步的快感一齐轰然爆发，如撕裂灵魂般将她的神智彻底击垮，脑中只余一片混沌的空白。\n她模糊地感到{anal}正剧烈而持久地翻搅绞缩，喷涌的肠液失禁般涌流不歇，那种彻底失控被排出的灭顶羞耻裹挟着极乐将她吞没，令她迷醉得几乎丧失了自我。\n压抑了太久终于得以释放的巨大解脱感将她整个人温柔又猛烈地淹没，甜美得令她几近晕厥。\n她只能在这浩瀚无边的绝顶余潮里彻底沉沦失神，任凭那股究极的快感把她冲刷得魂魄飘散，久久无法从这场极乐的深渊里挣脱出来。
2134,action_part_a_orgasm_super_C,0,CVP_A2_T|127_E_1,被硬生生按捺、层层堆叠的滔天快感终于被允许一并倾泻的瞬间，{TargetName}只觉整个世界都在这一刻轰然炸裂，意识被冲垮得片甲不留。\n这份究极的超强绝顶远远超乎她的想象，那些被寸止累积的巨量快感如海啸般奔腾而来，将她的思维彻底冲成空白，几乎逼近崩溃的临界。\n她恍惚地感知到{anal}深处疯狂痉挛翻卷，大股肠液失禁般喷薄涌流，那种毫无保留被排泄出去的极致羞耻感令她又羞又迷，却甜腻得再无半分抗拒之力。\n积压已久的快感终获释放的解脱感浩大得几乎将她溺毙，甜美得令她当场昏沉失神。\n她的灵魂仿佛被这场浩瀚的极乐撕裂震碎，只能在无尽的迷醉与恍惚里彻底沉溺，连呼吸都忘了，久久缄默地瘫软在这超乎想象的绝顶余韵中。

2135,action_part_a_orgasm_super_C,0,CVP_A2_T|128_E_1,积压了太久太久的极乐在这一刻终于被准许倾泻而出，{TargetName}只觉得一股超乎想象的快感海啸猛然将她整个人吞没。\n那是被反复逼到绝顶边缘又生生截断了无数次后，一齐奔涌而来的巨量快感，汹涌得让她的意识瞬间被彻底冲垮，脑海里一片空白，什么都无法思考。\n{anal}传来的究极快意如灵魂被撕裂般震撼着她，每一次剧烈的痉挛都掀起灭顶的极乐，她清晰地感觉到{anal}失禁般喷涌流淌的滚烫肠液，那彻底失控的排出感令她又羞又醉，却再也无力去在意。\n丰满硕大的巨臀在极乐中疯狂震荡的触感更放大了这份迷醉，她整个人沉溺在累积快感终获释放的巨大解脱里，甜美得几乎昏厥过去，神魂俱散地颤抖着沉沦。
2136,action_part_a_orgasm_super_C,0,CVP_A2_T|128_E_1,那一次次被硬生生掐断、堆积到骇人程度的快感，此刻毫无保留地一齐炸开，{TargetName}被这远超寻常的极致绝顶冲得魂飞魄散。\n究极的快意从{anal}深处席卷全身，浪潮般一波高过一波，将她仅存的一丝理智碾得粉碎，思维彻底停摆，只剩下无边无际的极乐在脑中轰鸣。\n她感到{anal}正失禁般地喷涌出大量滚烫肠液，那种彻底失控、无法遏制的排出感带来极致的羞耻，却又与巨大的解脱交织成难以言喻的甜美迷醉。\n随着丰腴的巨臀在高潮中剧烈颤抖弹动，那份被累积快感一齐释放的解脱感更加汹涌，她整个人像是灵魂被抽离一般失神，沉醉在濒临崩溃的极乐里无法自拔，甜蜜得几乎要昏死过去。
2137,action_part_a_orgasm_super_C,0,CVP_A2_T|128_E_1,堆积已久的快感终于挣脱了束缚一齐奔流而出，{TargetName}被这超乎想象的超强绝顶彻底淹没，意识在刹那间被冲得荡然无存。\n那是被反复截断后累积到极限的巨量极乐，如今尽数倾泻，撕裂灵魂般的震撼令她脑中一片惨白，连自己是谁都已忘却。\n{anal}深处翻涌上来的究极快意一波接一波地将她拍碎，她恍惚感到{anal}失禁般涌流不止的滚烫肠液顺着股缝淌下，那彻底失控的感觉让她既羞耻又迷醉得神志涣散。\n硕大丰满的巨臀在极乐里剧烈波动震颤，那放大到极致的快感与终于得到释放的浩大解脱感一同将她推向甜美的深渊，她失神地颤栗着，沉沦在几近昏厥的极乐余韵中无法回神。
2138,action_part_a_orgasm_super_C,0,CVP_A2_T|128_E_1,那被压抑截断了无数遍、累积到几乎要将她撑爆的极乐，此刻轰然决堤，{TargetName}被一场远超寻常的究极高潮冲得神魂俱裂。\n究极的快感自{anal}深处炸开，如灭顶洪流般将她卷走，脑海彻底空白，思绪被撕成碎片，除了铺天盖地的极乐再也容不下任何念头。\n她朦胧地觉察到{anal}正失禁般地喷涌流淌着滚烫的肠液，那种再也兜不住的失控排出感令她羞耻得战栗，却也带来一种被彻底掏空的巨大解脱。\n伴随丰腴硕大的巨臀在快感中疯狂震荡起伏，那累积已久终获宣泄的甜美解脱感汹涌澎湃，她整个人迷醉失神地沉沦其中，甜蜜的眩晕几乎将她彻底吞没，久久无法从这极致的绝顶中挣脱出来。
2139,action_part_a_orgasm_super_C,0,CVP_A2_T|128_E_1,太多次被逼到边缘又强行拽回的高潮在这一刻一齐倾泻，{TargetName}被这超乎想象的极致快感狠狠击溃，意识彻底被冲垮成一片空茫。\n那巨量的极乐从{anal}深处喷薄而出，一浪高过一浪地将她的灵魂震得支离破碎，脑中嗡鸣一片，再也拼凑不出半点清明的思绪。\n她隐约感到{anal}失禁般地涌流着大量滚烫肠液，那彻底失控的排出让她羞耻到极点，可累积快感终于得偿释放的浩瀚解脱感却将这份羞耻碾成了甜美的沉醉。\n随着丰满硕大的巨臀在绝顶中剧烈地颤动波荡，那份极致的迷醉与解脱层层叠加，她整个人失神地瘫软战栗，沉溺在近乎昏厥的甜蜜极乐里，神思涣散得再也回不过神来。

2140,action_part_a_orgasm_super_C,0,high_1,那积压了太久太久、被一次次逼到边缘又硬生生截断的快感，终于在这一刻获准全部倾泻而出，{TargetName}只觉得整个人被一股无法形容的滔天巨浪彻底吞没。\n那股快感汹涌得根本不像是这具身子能够承受的，一波未平一波又起，从{anal}深处一路席卷到四肢百骸，将她的理智碾得粉碎。\n她的脑海里一片空白，什么都想不了，什么都抓不住，只剩下被快感冲垮后的濒临崩溃与灵魂被撕裂般的剧烈震撼。\n积攒了那么多次、被中断了那么多回的高潮终于一齐释放，那份迟来的、巨大的解脱感几乎让她当场昏厥，甜美得令她迷醉失神。\n她隐约感觉到{anal}正失禁般地涌流不止，那种彻底失控的排出感带来铺天盖地的羞耻，可这羞耻又和极致的快感缠绕在一起，将她推入更深的沉沦，令她在无边的迷醉里颤栗着，再也回不了神。
2141,action_part_a_orgasm_super_C,0,high_1,被反复寸止累积到极限的巨量快感一齐炸开的瞬间，{TargetName}的意识就被彻底冲垮了，那是一种远远超出她所有想象的、究极的灭顶快感。\n她感觉自己整个人都要在这股洪流里溶化了，快感从{anal}最深处一层层炸裂开来，猛烈得让她连呼吸都忘了，脑子里嗡的一声便一片空茫。\n那么多次被推到顶点又被拽回的煎熬，此刻尽数化作汹涌的甜蜜倾泻而下，巨大的解脱感将她包裹，几乎甜美得令她昏死过去。\n她的思维早已停摆，什么都无法思考，只能任由灵魂在这场究极绝顶里被撕扯、被席卷、被彻底淹没。\n她恍惚间感到{anal}在失禁般地喷涌不止，那种毫无遮拦的失控排泄让她羞耻到了极点，可越是羞耻，那股迷醉与沉沦就越是深重，令她在极致的快感与解脱中战栗着，久久回不过神。
2142,action_part_a_orgasm_super_C,0,high_1,当那被截停了无数次的快感终于被允许一齐奔涌而出时，{TargetName}整个人都懵了，随即便被这股究极的绝顶浪潮掀翻，卷入了一片什么都感知不到的空白。\n那快感汹涌得毫无道理，一浪高过一浪地从{anal}深处翻卷上来，将她仅存的一点理智彻底碾碎，脑海里除了炸裂般的极乐再容不下任何念头。\n她只觉得灵魂都要被这股巨浪撕裂了，积攒了太久的一切在此刻尽情宣泄，那份终于被释放的解脱感浓烈得近乎疼痛，甜蜜得令她几近崩溃。\n她迷乱失神地沉溺其中，连自己身在何处都恍惚记不清了。\n她隐隐察觉到{anal}正失禁般地涌流不止，那种彻底兜不住的排出感令她羞耻得无地自容，偏偏这份极致的羞耻又将快感烘托得愈发浓烈，把她一路推向更深、更甜、更令人沉醉的沉沦深渊。
2143,action_part_a_orgasm_super_C,0,high_1,憋闷积压了太久的快感在获准释放的一刹那彻底决堤，{TargetName}被这股超乎想象的极致绝顶掀得神魂俱裂，脑中所有的思绪都在这一瞬被冲刷得干干净净。\n那是一种从{anal}最深处一路炸开、席卷全身的灭顶快感，猛烈得让她的意识彻底被冲垮，什么都想不了，只剩下漫无边际的空白与迷醉。\n被一次次逼到边缘的煎熬终于尽数化作滔天的甜蜜倾泻而出，那份巨大的解脱感令她如释重负，甜美得几乎要昏厥过去。\n她的灵魂仿佛在这场究极的洪流里被撕成了碎片，只余下无尽的震颤与沉沦。\n她模糊地感到{anal}正失禁般地喷涌涌流，那种彻底失控的排出感带来铺天盖地的羞耻，可这份羞耻反倒让极致的快感变得更加鲜明浓烈，令她在灭顶的迷醉与解脱中不住战栗，久久无法自拔。
2144,action_part_a_orgasm_super_C,0,high_1,那被反复中断、层层累积起来的巨量快感终于一齐倾泻的瞬间，{TargetName}只觉得天旋地转，整个人被一股究极的绝顶巨浪彻底淹没，再也分不清任何东西。\n那股灭顶般的快感从{anal}深处汹涌喷薄而出，一波接一波地冲刷着她的全身，将她的意识撕扯得支离破碎，脑海里只剩下一片轰鸣的空白。\n积攒了太多太多次的高潮在此刻尽数释放，那份迟来的、庞大的解脱感浓烈到令她几近崩溃，甜蜜与迷醉铺天盖地地将她整个人吞没。\n她的思绪早已彻底停摆，灵魂在这场究极的震撼里被卷得七零八落。\n她恍惚感觉到{anal}正失禁般地涌流不止，那种毫无遮拦的失控排出让她羞耻到浑身发烫，可越是这样，那股深不见底的沉沦与甜美的迷醉便越是将她紧紧缠裹，令她在极致的余韵里颤栗着，久久缓不过神来。

2145,action_part_a_orgasm_super_C,0,t_npc_active_h,一直是{TargetName}主动掌控着这场欢愉，可当那被压抑截停了无数次的巨量快感终于被允许一齐倾泻时，她所有的从容与主导瞬间被冲得粉碎。\n积攒到极限的极乐如决堤洪流般轰然灌满{anal}，那强度远远超出她所能想象的一切，意识在刹那间被彻底冲垮，脑海炸成一片惨白的空茫，什么都想不了，什么都抓不住。\n灵魂仿佛被生生撕裂，无数次被截断的绝顶在此刻一并炸开，那种终于被允许释放的巨大解脱感汹涌得几乎让她当场昏厥过去。\n她只觉得{anal}深处大股肠液失禁般喷涌不止，在这彻底失控的排泄般的涌流里，羞耻、迷醉与解脱搅成一团，将她整个人溺进甜美到极致的沉沦深渊，久久无法浮起。
2146,action_part_a_orgasm_super_C,0,t_npc_active_h,主动权原本一直握在{TargetName}手里，她本以为自己掌控着一切，直到累积到骇人地步的快感一齐迸发，才知道自己早已被这滔天极乐彻底吞没。\n那是被反复逼停无数回后终于一并释放的究极绝顶，凶猛得远非寻常高潮可比，{anal}被极致的快感反复贯穿冲刷，她的思维一片空白，连自己是谁都恍惚得记不清了。\n一波接一波的极乐将她的意识撕成碎片，那种憋闷太久终于宣泄出来的解脱感，甜美得近乎残忍，令她失神地颤栗、迷醉地沉沦。\n她隐约感到{anal}汹涌的肠液失禁般涌流不休，在这毫无尊严的失控排出里，极致的羞耻反而化作更深的沉醉，把她推向几近昏厥的极乐巅峰，怎么也回不过神来。
2147,action_part_a_orgasm_super_C,0,t_npc_active_h,{TargetName}向来是主动的那一个，习惯了在博士面前掌握节奏，可这一次，被寸止累积到极限的巨量快感一齐释放，彻底击溃了她所有的主导与矜持。\n那股究极的极乐远远超乎她的想象，一涌而出便将{anal}灌得满满当当，她的意识被冲得七零八落，脑中一片空白，濒临崩溃的边缘。\n积压太久的绝顶终于获准倾泻的那一瞬，解脱感排山倒海般席卷而来，灵魂像被撕开又揉碎，她迷醉得眼前发花、失神发怔。\n她清晰地感到{anal}深处大量肠液失禁般奔涌不止，那种彻底失控的排出让她羞耻到了极点，可这羞耻又诡异地叠加进快感里，化成甜到骨髓的沉沦，将她溺得几乎昏厥。
2148,action_part_a_orgasm_super_C,0,t_npc_active_h,这场情事本是{TargetName}主动引领的，她曾那样自信地掌控着每一分节奏，然而积攒到极限的快感一齐炸开时，她连一丝主导权都再握不住。\n无数次被截断的绝顶在此刻一并释放，那超乎想象的究极极乐狠狠贯穿{anal}，将她的思维瞬间冲成一片空茫，脑海嗡然作响，什么念头都成不了形。\n灵魂被这滔天快感震得支离破碎，憋了太久终于得以宣泄的巨大解脱感汹涌而至，甜美得令她几乎失去知觉，只剩迷醉与失神。\n她恍惚间觉得{anal}肠液失禁般喷涌不止，在这彻底失守的涌流中，极致的羞耻与解脱交缠成难以言喻的沉醉，把她一寸寸拖进昏厥般甜蜜的极乐深渊里。
2149,action_part_a_orgasm_super_C,0,t_npc_active_h,{TargetName}原本主动地跨在博士身上掌控着一切，直到被压抑了太多次的巨量快感终于被允许一齐奔涌而出，她才彻底沦为这滔天极乐的俘虏。\n那是远远凌驾于寻常绝顶之上的究极高峰，{anal}被极致的快感一遍遍冲刷贯穿，她的意识被彻底冲垮，脑子里空空荡荡，连呼吸都忘了怎么做。\n积攒到顶点的绝顶终获释放的刹那，那种解脱感如洪流般将她淹没，灵魂被撕裂又被极乐填满，她迷醉失神，甜美得几近崩溃昏厥。\n她只觉{anal}深处大股肠液如失禁般涌流不休，在这毫无遮拦的失控排出里，滔天的羞耻竟酿成更深沉的沉醉，令她整个人瘫软着沉入无边无际的甜蜜极乐，久久不愿醒来。

2150,action_part_a_orgasm_super_C,0,group_sex_mode_on&CVP_A2_A|34_LE_4,积压了不知多少次的快感终于被一齐放行，{TargetName}只觉得一股滔天巨浪自{anal}深处轰然炸开，将她的意识瞬间冲刷得一片空白。\n那是远超以往任何一次的极致快感，像要把她的灵魂整个撕裂开来，思绪彻底崩断，脑海里只剩白茫茫的一片，什么都想不了。\n被憋了太久的绝顶终于得以宣泄的那种解脱感，甜美得几乎叫她当场昏厥，她沉溺在这灭顶的迷醉里无力自拔。\n可即便神志已被冲垮，心底那点羞耻却始终未散，她清楚地知道身旁还有其他女人正看着自己，这让她羞得恨不得钻进地缝，越是想遮掩，那份被人窥见失态的耻辱就越和极乐搅在一起，将她推向更深的沉沦。
2151,action_part_a_orgasm_super_C,0,group_sex_mode_on&CVP_A2_A|34_LE_4,那一次次被逼到顶点又被硬生生截停的煎熬，在这一刻终于化作滔天的快感尽数倾泻，{TargetName}感到自己整个人都被这股极致的绝顶吞没了。\n意识像是被巨浪拍碎的泡沫，转瞬便荡然无存，脑中一片空茫，连自己身在何处都恍惚得记不真切，只余下灵魂被撕扯般的震颤。\n积压已久的快感终于奔涌而出的畅快，混着{anal}那失禁般排出的羞耻感，酿成一种令她几乎融化的甜腻沉醉。\n然而在这彻底失控的极乐中，她始终没忘记周遭那些女性的注视，那份不愿被人看见的羞窘死死缠着她，让她越发想把自己藏起来，可越是这样，被众目睽睽窥见丑态的耻辱便越发浓烈，与灭顶的快感纠缠着，把她钉在迷乱的顶峰无从逃脱。
2152,action_part_a_orgasm_super_C,0,group_sex_mode_on&CVP_A2_A|34_LE_4,当那被反复截断、堆积到极限的快感终于被允许一齐迸发，{TargetName}的脑海里骤然炸开一片刺目的空白，什么念头都被冲得干干净净。\n这股究极的绝顶远远超出她所能承受的极限，快感浓烈得近乎痛楚，将她的神志一寸寸撕碎，令她濒临崩溃的边缘却又欲罢不能。\n压抑了太久的一切终于得到释放，那种排山倒海的解脱感裹着{anal}汹涌排出的失禁感，甜美得让她几乎要昏死过去。\n偏偏在意识溃散的这一刻，她仍痛切地感受到身边其他女人的目光，羞耻像针一样扎着她，让她拼命想缩起身子把不堪掩住，可越是极致的绝顶越叫她藏无可藏，那份难堪与灭顶的迷醉搅作一团，将她整个人拖入甜蜜而窒息的深渊。
2153,action_part_a_orgasm_super_C,0,group_sex_mode_on&CVP_A2_A|34_LE_4,一次次的寸止把快感堆到了无可再高的地步，当闸门终于打开，{TargetName}被那一齐奔涌而来的极致绝顶冲得魂飞魄散。\n她的思维在这超乎想象的快感面前彻底停摆，脑子里空空荡荡，连呼吸都忘了该怎么进行，唯有灵魂被生生撕裂般的剧烈震颤。\n那份憋了太久终获释放的解脱，甜美汹涌得几乎让她昏厥，混着{anal}失禁般涌流的羞耻，将她整个人淹没在迷醉的浪潮里。\n可即便沉沦至此，她心底那根羞耻的弦始终紧绷着，她无比清楚旁边还有别的女性在看着，这让她羞得几乎想哭，越想把这失态藏起，那被人尽收眼底的耻辱就越汹涌，反倒把这场究极的快感烘托得愈发灭顶而甜腻。
2154,action_part_a_orgasm_super_C,0,group_sex_mode_on&CVP_A2_A|34_LE_4,被截停了太多太多次的绝顶终于被准许一齐释放，{TargetName}只觉一股无法抵挡的极乐从{anal}深处席卷全身，瞬间将她的意识彻底冲垮。\n这远超强绝顶的究极快感浓烈得近乎失真，脑海里一片空白，思绪被撕成碎片，她整个人都陷进了近乎昏厥的甜美沉醉之中。\n积压已久的快感终得宣泄的解脱感，畅快得让她几乎落下泪来，那种彻底失禁般的排出感更添了几分令她面红耳赤的羞耻与迷乱。\n然而纵使快感灭顶，她始终清醒地意识到自己正暴露在其他女人的视线里，那份羞窘让她本能地别过脸、蜷起身想要遮掩，可越是想藏，被人看穿的耻辱与究极的快意就越是纠缠翻涌，将她推入无底的沉沦深处。

2155,action_part_a_orgasm_super_C,0,group_sex_mode_on&CVP_A2_A|34_G_4,被压抑了太多次、堆积到快要把她整个人撑爆的巨量快感，终于在这一刻被准许一齐奔涌而出，{TargetName}只觉得一股足以吞没灵魂的极致爽意从{anal}深处轰然炸开。\n那是远远超出寻常绝顶的究极快感，意识被这股洪流彻底冲垮，脑子里一片空白，什么都想不了，只剩下被彻底放行的滔天快意在体内横冲直撞。\n她清楚地知道此刻有那么多女人的目光正牢牢黏在自己身上，非但没有半分羞怯想要遮掩，反而升起一股淫荡的得意与亢奋，越是被围观就越是爽得发狂，仿佛把这份失控的绝顶展示给众人看才是最大的快慰。\n她隐约感到大量肠液自{anal}失禁般喷涌而出，那种当众失禁的极致羞耻不但没有令她退缩，反而化作更浓烈的迷醉，被人看着彻底玩坏的沉沦感令她几乎昏厥，只余那份终于释放的巨大解脱在甜美地将她淹没。
2156,action_part_a_orgasm_super_C,0,group_sex_mode_on&CVP_A2_A|34_G_4,那一次次被逼到顶点又硬生生按回去的快感，此刻如决堤般在{TargetName}体内一齐溃泄，一股远超想象的灭顶快意顺着{anal}狂涌上来，瞬间将她的理智撕成了碎片。\n思维彻底陷入一片惨白，她连自己是谁都快要记不清，只被那份终于得以宣泄的滔天快感冲刷得魂飞魄散，浑身每一寸都在极致的酥麻里战栗。\n偏偏在这灭顶之际，她敏锐地察觉到周遭女性投来的灼热注视，那种被众目围观着攀上巅峰的兴奋令她爽上加爽，心底涌起一阵近乎炫耀的迷狂，恨不得把这失控的一幕全数展露给众人。\n{anal}失禁般涌流不止的感觉令她既羞耻又沉醉，被这么多人看着彻底泄了出来的极致背德感，反而把那份累积已久的解脱推向了顶点，她在甜美的昏眩中彻底迷失了自己。
2157,action_part_a_orgasm_super_C,0,group_sex_mode_on&CVP_A2_A|34_G_4,憋屈了太久太久的快感终于被允许一次性倾泻，{TargetName}只觉得一道究极的爽流从{anal}深处轰然贯穿全身，那股强度远远盖过了她所熟悉的任何一次绝顶。\n意识在这一瞬被冲得支离破碎，脑海空白得只剩嗡鸣，灵魂像是被生生撕裂开来，她整个人都沉溺在那份终于放行的滔天快意里无法自拔。\n被众多女人紧盯着的感觉令她非但不觉难堪，反而涌起一股放荡的骄傲，越是被人观赏，那份绝顶就越发浓烈灼热，她迷醉地想把这份被注视的快感尽情炫耀出来。\n她恍惚感到{anal}正失禁般地喷涌不止，那种当众失控的羞耻感被极致的爽意彻底盖过，化作令她眩晕的沉醉，那份累积多时终获释放的巨大解脱，甜美得几乎令她当场昏厥过去。
2158,action_part_a_orgasm_super_C,0,group_sex_mode_on&CVP_A2_A|34_G_4,那被反复截停、层层叠加到极限的快感终于在这一刻被准许尽数释放，{TargetName}只觉一股超乎想象的极致爽意从{anal}深处喷薄而起，狠狠将她整个人掀翻卷走。\n意识彻底崩解，思绪一片空茫，她再也无力思考半分，唯有那份滔天的快感在体内翻江倒海，把她冲刷得神魂俱散、迷醉失神。\n她清晰地感觉到那几道女性的视线正紧紧锁在自己身上，那种被围观着达到巅峰的刺激令她爽得发颤，心底腾起一股淫荡的得意，越发想把这失控迷乱的绝顶炫耀给所有人看。\n{anal}失禁般涌流不止的排出感令她羞耻得几乎融化，可这份当众泄露的极致背德反而令她沉沦得更深，那份被压抑已久终于得偿的解脱，如潮水般甜美地将她整个人温柔地吞没。
2159,action_part_a_orgasm_super_C,0,group_sex_mode_on&CVP_A2_A|34_G_4,一层层堆积到再也承受不住的快感在这一瞬被允许全部释放，{TargetName}只感到究极的爽流自{anal}深处炸裂开来，那股强度远远超出她所能想象的极限，将她彻底淹没。\n她的意识被这灭顶的洪流冲得粉碎，脑中一片空白，连呼吸都忘了该怎么调节，只剩下那份终于得以奔涌的滔天快意，把她冲刷得魂不附体。\n偏在此时，周遭女人们羡慕又炽热的目光令她亢奋到了极点，被众目簇拥着攀上顶峰的兴奋，令她非但不想遮掩，反而迷狂地渴望将这份极致的沉沦淋漓尽致地展露出来。\n她隐约觉出{anal}正失禁般地喷涌不止，那种当众失禁的羞耻被巨大的快感与解脱彻底吞没，被这么多人看着彻底坏掉的甜美沉醉令她濒临昏厥，那份累积良久终获宣泄的解脱感令她久久沉溺其中不愿醒来。

2160,action_part_a_orgasm_super_C,0,h_in_love_hotel,被一次次逼到绝顶边缘又硬生生截停之后，累积到极限的快感终于在这一刻被允许一齐炸开，{TargetName}只觉一股超乎想象的滔天极乐从{anal}深处轰然爆发。\n那股被压抑了太久太久的快感如决堤的洪流般一齐涌上，瞬间将她的意识整个冲垮，脑海里一片空白，什么都想不了，只剩下灵魂被撕裂般的剧烈震颤。\n在爱情旅馆这片私密而暧昧的空间里，她再无半分需要顾忌的余地，只能任由自己在这股究极的绝顶浪潮里彻底沉沦、失神。\n她隐约感到{anal}正失禁般地喷涌出大量滚烫的肠液，那种彻底失控的排出感令她羞耻得几乎昏厥，可这羞耻又诡异地掺进了极致的迷醉里。\n积攒了无数次终得释放的巨大解脱感如潮水般将她淹没，甜美得令她几乎要昏死过去，整个人只能在这超强绝顶的极乐里瘫软、颤栗，久久回不过神。
2161,action_part_a_orgasm_super_C,0,h_in_love_hotel,爱情旅馆镜面天花板映着她失控的模样，可{TargetName}早已无暇去看——被反复寸止累积到临界的快感终于一齐倾泻，一股远超寻常绝顶的极致快感自{anal}深处轰然席卷了她的全身。\n那种被允许尽情释放的痛快感几乎将她的神智彻底撕碎，思绪一片空茫，连自己是谁都快要想不起来了，只余下无边无际的战栗与迷醉。\n{anal}一阵阵疯狂痉挛着，深处涌出的滔天快感一波高过一波，将她卷进近乎昏厥的甜美深渊。\n她恍惚感到大量肠液正失禁般地涌流不止，那种彻底失禁的羞耻本该令她无地自容，此刻却化作更浓烈的沉沦，令她愈发迷乱。\n积压了太久终得宣泄的解脱感如暖流灌满四肢百骸，她只觉浑身酥软无力，灵魂仿佛被这超强绝顶抛上了云端，久久悬浮在那片空白的极乐之中。
2162,action_part_a_orgasm_super_C,0,h_in_love_hotel,圆形水床在身下轻轻晃动，可{TargetName}的心神早已被那股一齐释放的滔天快感彻底淹没——无数次被截停后累积的巨量快感终于决堤，超乎想象的极致绝顶自{anal}深处轰然炸开。\n她只觉意识在那一瞬被冲得粉碎，脑中空空荡荡，唯有灵魂被撕裂般的震撼一波波席卷而来。\n那股快感浓烈得近乎痛楚，却又甜美得令她几乎昏死，{anal}深处翻涌的极乐一浪接一浪，将她推向失神的顶点。\n她隐隐察觉{anal}正失禁般涌出大量温热的肠液，那种毫无遮拦的排出感令她羞耻到极点，偏偏这羞耻又被裹进汹涌的迷醉里，愈发难以自持。\n伴着房内暧昧的音乐，那份积攒已久终获释放的巨大解脱感将她整个人温柔地吞没，甜蜜得令她再也支撑不住，只能在这超强绝顶的余韵里瘫软失神，久久无法回神。
2163,action_part_a_orgasm_super_C,0,h_in_love_hotel,在爱情旅馆暧昧红光笼罩的私密房间里，{TargetName}那被反复寸止蓄积到临界的快感终于被允许一齐宣泄，一股超乎想象的究极极乐自{anal}深处轰然爆发，瞬间将她整个人吞没。\n她的意识被这股滔天巨浪彻底冲垮，脑海一片空白，连思考都成了奢望，只剩下灵魂被生生撕裂般的剧烈震颤。\n{anal}疯狂痉挛着，一波接一波的极致快感如潮水般漫过全身，令她迷醉得几乎失去了知觉。\n她恍惚感到大量肠液正失禁般地喷涌涌流，那种彻底失控的排出感令她羞耻得浑身发烫，却又诡异地令她愈发沉溺其中。\n积压了无数次终于得以释放的巨大解脱感如暖潮般将她淹没，甜美得令她几乎要昏厥过去，整个身心都在这超强绝顶的滔天极乐里彻底融化、失神。
2164,action_part_a_orgasm_super_C,0,h_in_love_hotel,隔音的墙壁将一切都封在这片二人独占的空间之内，{TargetName}再无半分顾忌——被一次次逼停后累积到极限的快感终于一齐奔涌而出，一股远超寻常的极致绝顶自{anal}深处轰然席卷。\n那被压抑太久的快感一齐释放，将她的神智彻底冲垮，脑中一片空茫，濒临崩溃的边缘，只余灵魂震颤的滔天迷醉。\n{anal}一阵阵剧烈痉挛，深处翻涌的究极极乐一浪高过一浪，把她卷进几乎昏厥的甜美深渊。\n她隐约觉出{anal}正失禁般涌流出大量滚烫肠液，那种毫无遮掩的失禁感羞耻得令她几乎落泪，可这份羞耻却被极致的快感揉碎成更深的沉沦。\n那份积攒已久终得宣泄的巨大解脱感如暖流般将她层层包裹，甜蜜到令她浑身脱力，整个人只能在这超强绝顶的极乐余韵里瘫软战栗，久久不能自已。

2165,action_part_a_orgasm_super_C,0,CVP_A2_T|102_E_1,一股无法形容的滔天快感骤然从{anal}深处轰然炸裂，仿佛无数次被强行摁住、被迫停在绝顶边缘的酸胀感，此刻终于一齐决堤，狠狠地灌满了{TargetName}幼小的全身。\n那股积压了太久太久的快感洪流铺天盖地地涌来，幼稚的意识在这一瞬间被彻底冲得粉碎，脑海里什么念头都留不住，只剩下一片白茫茫的空白，连自己身在何处都分辨不清。\n{TargetName}从未体会过这样的滋味，仿佛灵魂都要被这股快感撕裂震碎一般，整颗小小的心脏狂跳不止，喉咙里溢出的只有破碎而茫然的抽气声。\n那份积攒了无数次、终于被允许尽情释放的解脱感如潮水般涌上心头，混杂着难以言喻的羞耻与近乎昏厥的甜蜜迷醉，一同将幼小的心灵彻底淹没。\n{anal}深处那种彻底失禁般的涌流感更是让她羞耻到了极点，可那份羞耻偏偏又与解脱交织在一起，酿成了一种说不清道不明的沉醉，久久盘踞在朦胧涣散的意识深处，怎么也挥散不去。
2166,action_part_a_orgasm_super_C,0,CVP_A2_T|102_E_1,积压了不知多少次的滔天快感，终于在这一刻从{anal}深处轰然释放，如决堤的洪水般毫无保留地灌满了{TargetName}稚嫩的身心。\n那种从未有过的极致酥麻瞬间将她幼小的意识撕成了碎片，脑海中一片空白，什么都抓不住，只剩下铺天盖地的快感一浪接一浪地拍打过来，令她连自己是谁都快要忘记了。\n仿佛灵魂被狠狠震了一下，{TargetName}整个人都陷入了一种近乎昏厥的迷醉之中，稚气的心跳乱作一团，脑子里嗡嗡作响，什么都想不清楚。\n那份终于得以宣泄的解脱感如同重压卸下一般涌上心头，混着说不出口的羞涩与甜腻，一层又一层地叠加，让她小小的身体都跟着微微发颤。\n{anal}深处那种失禁般涌流不止的感觉更叫她羞耻得无地自容，可这份羞耻却诡异地与快感交织缠绕，化作一种沉甸甸的迷乱甜蜜，将她整个人拖入无边无际的恍惚之中，久久难以回神。
2167,action_part_a_orgasm_super_C,0,CVP_A2_T|102_E_1,{anal}深处骤然炸开一阵前所未有的极致快感，那是被反复叫停在绝顶边缘、积攒了无数次的巨量快感一齐释放的滋味，猛地将{TargetName}幼小的身心整个吞没。\n她从未想过快感竟能猛烈到这种地步，仿佛整个世界都在那一瞬间轰然崩塌，稚嫩的意识彻底被冲得七零八落，脑海中一片空茫，连思考的力气都已荡然无存。\n那种灵魂仿佛被狠狠撕裂又重新拼凑起来的震颤感令她浑身发麻，小小的心脏疯狂地跳动着，喉咙里溢出的只有破碎不成调的喘息。\n积压已久终于得偿释放的巨大解脱感汹涌而至，混杂着难以启齿的羞耻与近乎融化般的甜蜜迷醉，将她幼稚的心灵反复冲刷淹没。\n{anal}那种止不住涌流的失禁感更让她羞得几乎要哭出来，可偏偏那份羞耻又和骨子里的沉沦快意纠缠不清，酿成一种令人上瘾的迷乱甘美，久久萦绕不散，怎么都挥之不去。
2168,action_part_a_orgasm_super_C,0,CVP_A2_T|102_E_1,一波足以颠覆认知的极致快感猛然从{anal}深处轰然爆开，那是被反复中断、一次次强行叫停在临界点的快感终于汇聚成的滔天洪流，狠狠地灌进了{TargetName}稚嫩的身体与心灵。\n她从未经历过这样浓烈到近乎恐怖的感觉，幼小的意识仿佛瞬间被撕碎击溃，脑海中一片空白荒芜，什么都抓不住，只剩下那股快感反复翻涌拍打，叫她连自己身处何方都无从辨认。\n仿佛灵魂深处被狠狠震颤了一下，{TargetName}陷入了一种近乎昏厥的极致迷醉之中，稚气的心跳乱得没有章法，脑子里一片嗡鸣，什么念头都无法成形。\n那份积攒已久终于被允许释放的巨大解脱感如潮涌般席卷而来，混着说不清的羞耻与近乎融化的甜腻幸福，层层叠加，压得她几乎喘不过气。\n{anal}深处那种失禁般不断涌流的感觉更令她羞耻得几乎想要蜷起身子藏起来，可那份羞耻却又与深处的沉迷快意紧紧纠缠，化作一种令人沉沦的迷乱甜美，久久盘踞心头，挥之不去。
2169,action_part_a_orgasm_super_C,0,CVP_A2_T|102_E_1,{anal}深处猛然炸开一股无法用言语形容的极致快感，那是被反复摁在绝顶边缘、迟迟得不到释放的巨量快感一齐决堤般涌出的滋味，瞬间将{TargetName}幼小的身心整个淹没。\n从未体验过如此猛烈的感受，稚嫩的意识仿佛在这一瞬间被彻底击碎，脑海中空空荡荡，什么念头都留不住，只剩下那股铺天盖地的快感一波接一波地反复冲刷，令她连自己身在何处都恍惚不清。\n仿佛灵魂都被狠狠地撞了一下，{TargetName}陷入一种近乎昏厥般的极致迷醉之中，小小的心脏狂跳不止，脑袋里嗡嗡作响，什么都无法思考。\n那份积攒许久终于得以尽情释放的巨大解脱感如潮水般涌上心头，混杂着难以言喻的羞耻与近乎融化的甜蜜幸福，一层又一层地将她稚嫩的心灵彻底笼罩。\n{anal}深处那种失禁般涌流不止的感觉更叫她羞耻到了极点，然而那份羞耻却又诡异地与深处的沉沦快感交融在一起，酿成一种令人上瘾的迷乱甘美，久久萦绕在朦胧涣散的意识里，怎么也散不去。

2170,action_part_a_orgasm_super_C,0,h_in_bathroom,那被一次次逼到极限又生生截断、堆叠到几乎要将她逼疯的滔天快感，此刻终于被允许一齐决堤，{TargetName}只觉得整个人在氤氲的水汽里被这股解脱般的洪流彻底吞没了。\n{anal}深处炸开的极致绝顶远远超出了她所能承受的一切，那快感如灼烫的电流沿着脊背直冲进脑髓，将她的意识轰得一片惨白，思维彻底停摆，连自己身在何处都再也想不起来。\n她清晰地感到{anal}正失禁般地喷涌着一股股滚烫的肠液，那种彻底失控、被冲刷得干干净净的排出感令她羞耻得几乎昏厥，偏偏这份羞耻又化作更浓烈的迷醉。\n积压了太久的绝顶终于尽数释放的解脱感如潮水般席卷全身，她的灵魂仿佛被这究极的快感撕成了碎片，只剩下无边的失神、甜美的沉醉，和被热气与快感一同蒸得神魂俱散的战栗。
2171,action_part_a_orgasm_super_C,0,h_in_bathroom,哗哗的水声在耳边远得像另一个世界，{TargetName}被压抑到极点的快感终于被准许一口气尽数宣泄，那一瞬的冲击强得让她整个灵魂都在颤栗尖叫。\n{anal}翻涌上来的究极快感是她从未想象过的烈度，一波接一波地将她的神智狠狠碾碎，脑海里白茫茫一片，什么都想不了，只剩下被快感填满到溢出的极致沉沦。\n她恍惚地觉得{anal}正失禁般地涌流不止，滚烫的肠液和淋漓的热水一同泼洒而下，那种彻底失禁的羞耻感令她无地自容，却又诡异地将迷醉推向了顶峰。\n那份积攒了无数次、终于得偿释放的巨大解脱感几乎令她当场昏厥，她沉溺在这撕裂灵魂般的甜蜜里瑟瑟发抖，只觉得自己整个人都要在这蒸腾的水汽与滔天快感中融化消散了。
2172,action_part_a_orgasm_super_C,0,h_in_bathroom,当那被反复中断、囤积到极致的快感终于被一齐放开的刹那，{TargetName}只觉得脑中轰然一声炸响，滔天的绝顶将她连同残存的一丝理智一起冲得干干净净。\n{anal}深处涌起的极乐远远凌驾于她所有的经验之上，那股灭顶的快感沿着腰脊直窜上来，把她的思维搅成一片空白的浆糊，连呼吸都忘了该怎么进行。\n她隐约感到{anal}正失禁般地喷涌着灼热的肠液，那种被彻底掏空、失控排出的感觉令她羞耻得想要蜷缩起来，可这份羞耻却又诡异地令沉醉愈发浓稠。\n蓄积了太久的高潮终于倾泻而出的解脱感如海啸般将她整个人淹没，灵魂像是被这究极的快感撕开又揉碎，她在弥漫的热气中失神地战栗着，唯余无尽的迷醉与几近昏厥的甜美，将她一寸寸拖入更深的沉沦。
2173,action_part_a_orgasm_super_C,0,h_in_bathroom,被寸在绝顶前一瞬又一瞬、累积到再也压不住的巨量快感终于被一齐释放，{TargetName}在腾腾的水汽里被这股冲击彻底击垮，整个人几乎失去了知觉。\n{anal}炸开的超强绝顶强烈得超乎想象，那快感像滚烫的浪潮一层层拍碎她的意识，脑海里只剩一片刺目的空白，所有的思绪都被冲刷得一干二净。\n她朦胧中感到{anal}失禁般地涌流着大股大股滚烫的肠液，那种再也收不住、被彻底冲开的排出感令她羞耻得浑身发烫，偏偏这份羞耻又将她推向更迷乱的深渊。\n那压抑到极点终于得以宣泄的解脱感浩浩荡荡地贯穿了她的全身，她只觉得灵魂被这撕裂般的极乐生生震散，在湿漉漉的战栗里沉溺于甜到发昏的迷醉，久久无法从这究极的失神中挣脱出来。
2174,action_part_a_orgasm_super_C,0,h_in_bathroom,那被折磨到濒临崩溃、堆积如山的快感在这一刻终于被尽数放行，{TargetName}只觉得整个人被这解脱般的滔天巨浪从头顶灌到脚底，在蒸腾的热气里失了魂。\n{anal}深处迸发的究极绝顶烈得叫她灵魂震颤，那股快感沿着湿透的脊背一路狂飙上脑，将她的神智轰得粉碎，思维一片空茫，连自己是谁都恍惚得记不清了。\n她迷蒙中感到{anal}正失禁般地喷涌着灼烫的肠液，那种被彻底冲开、控制不住地涌流的感觉令她羞耻到极点，可这灭顶的羞耻却诡异地令甜美的沉沦更加深重。\n积压了太多次的高潮终于一齐倾泻的巨大解脱感将她彻底淹没，她的灵魂仿佛被这极致的快感撕成一片片，在弥漫的水汽中瘫软颤栗，只余无边的迷醉与几乎昏厥的甜蜜，将她整个人温柔又残忍地溺毙在这究极的绝顶里。

2175,action_part_a_orgasm_super_C,0,hidden_sex_mode_1&place_someone_not_in_hidden_and_conscious,那被一次次逼到边缘又硬生生截停、积攒到再也承受不住的巨量快感，在这一刻终于被允许一齐倾泻而出，{TargetName}只觉整个人被一股超乎想象的滔天快意从{anal}深处彻底吞没。\n意识在顷刻间被冲得一片空白，思绪被撕裂得七零八落，灵魂仿佛被这究极的绝顶震得粉碎，那份积压已久的快感终于释放所带来的巨大解脱感，令她几乎当场昏厥过去。\n她清晰地感觉到{anal}正失禁般地喷涌着滚烫的肠液，那种彻底失控地被排出的羞耻感，与极致的迷醉搅成一团，令她又羞又爽到无法自持。\n可偏偏此刻四周满是旁人，她拼命想装作若无其事，却连一丝力气都提不起来，越是要压抑，那被偷偷推上巅峰的快感就越是汹涌，怕被发觉的惊惧与禁忌的刺激令这场绝顶甜美得令她彻底沉沦。
2176,action_part_a_orgasm_super_C,0,hidden_sex_mode_1&place_someone_not_in_hidden_and_conscious,忍耐了太久的快感终于决堤，{TargetName}被一股远远超出以往的极致绝顶从{anal}深处狠狠贯穿，那是无数次被中断的高潮一齐释放出来的究极巅峰。\n她的脑海瞬间被冲成一片雪白，什么都想不了，只剩下滔天的快意在体内翻江倒海，那种终于被允许尽情释放的解脱感，甜美得让她几乎要失去神智。\n她能感到{anal}止不住地涌出汹涌的肠液，那彻底失禁般的排出感让她羞耻到骨子里，可这份羞耻偏偏又化作更浓烈的迷醉，将她推得更深。\n最令她心惊肉跳的是，这一切都发生在众目睽睽之下，她死死咬着牙不敢泄露分毫，身旁投来的怀疑目光让她的心几乎跳到嗓子眼，越怕被人识破，那偷偷承受的极致快感就越发令她战栗沉溺，无从逃避。
2177,action_part_a_orgasm_super_C,0,hidden_sex_mode_1&place_someone_not_in_hidden_and_conscious,积压了无数次、被生生掐断又一并释放的巨量快感如洪流般决堤，{TargetName}被一场超乎想象的究极绝顶彻底冲垮，从{anal}深处翻涌上来的快意几乎将她的整个灵魂都撕裂开来。\n她的意识彻底陷入空白，连自己身在何处都恍惚不清，只余下那滚烫的极乐一浪高过一浪地拍打着她，那份忍了太久终于释放的解脱感，甜美得令她濒临崩溃。\n她隐约察觉{anal}正失禁般地喷涌不止，那种被彻底掏空、无从遏制地流泻的失控感，令她又羞又迷醉，理智一寸寸被快感啃噬殆尽。\n而这一切竟是在满是他人的场合里偷偷进行，她强撑着不让自己失态，可越是紧张越是止不住地颤，那种既怕被人发现又深陷极乐的双重刺激，令她在无声的绝顶里沉沦到不可自拔。
2178,action_part_a_orgasm_super_C,0,hidden_sex_mode_1&place_someone_not_in_hidden_and_conscious,那一次次被逼近顶点又硬生生截住所累积的快感，终于在这一瞬被允许尽数迸发，{TargetName}被一股超乎想象的极致快意从{anal}深处席卷，整个人如坠入灭顶的甜美深渊。\n思维在快感的冲击下彻底崩塌成一片空白，她甚至分不清自己是清醒还是迷失，只知道那忍耐了太久的绝顶终于释放，那巨大的解脱与迷醉几乎令她甜美得昏死过去。\n她能感觉到{anal}正失禁般涌流着滚烫的液体，止也止不住，那种彻底失控被排空的羞耻与极致的爽快交织，将她卷得神魂颠倒。\n偏偏身处这人来人往的场合，她只能死死压抑着不敢出声，可周遭那些狐疑的目光让她心跳如擂鼓，越是要掩饰，被偷偷推向巅峰的快感就越是滔天，禁忌的紧张让这场绝顶刺激得令她彻底沦陷。
2179,action_part_a_orgasm_super_C,0,hidden_sex_mode_1&place_someone_not_in_hidden_and_conscious,被反复截停、累积到极限的快感终于在这一刻一齐释放，{TargetName}被一场究极的超强绝顶从{anal}深处彻底淹没，那滔天的快意超乎她此前所能想象的一切。\n她的神志被冲得支离破碎，脑中一片空茫，连呼吸都忘了怎么进行，唯有那忍了太久终于尽情释放的解脱感，甜美又汹涌地将她整个人吞没，几乎令她失去意识。\n她清晰地感到{anal}正失禁般地喷涌着热流，怎么也止不住，那种被彻底掏空、无法自控地流泻出去的羞耻感，反倒令她迷醉得更深，快感如潮水般层层叠加。\n而这荒唐的极乐竟是在众人眼皮底下偷偷发生，她强忍着不敢有半点失态，可身边扫来的怀疑视线让她又惊又慌，越怕被识破，那被暗中送上巅峰的快感就越发令她战栗沉沦，甜美得无法自拔。

2180,action_part_a_orgasm_super_C,0,hidden_sex_mode_2&place_someone_not_in_hidden_and_conscious,被截停了太多太多次的快感终于在这一刻决堤奔涌，{TargetName}只觉得一股足以将灵魂撕裂的极乐从{anal}深处轰然炸开，将她的意识瞬间冲得粉碎。\n那是一种超乎她想象的究极快感，积压了不知多久的欲望一齐倾泻而出，带来一种几乎令她昏厥过去的甜美解脱，仿佛整个人都要在这灭顶的快意里融化蒸发。\n她的脑海里一片空白，什么都想不了，只剩下那铺天盖地、一波高过一波的极致快感将她层层淹没，令她迷醉失神地战栗着。\n可即便被冲垮到濒临崩溃，她心底那根紧绷的弦却始终不敢松开，她太清楚自己正躲在旁人瞧不见的地方，而{Name}就在不远处若无其事地周旋着，这份必须拼命藏起来的极乐更添了几分禁忌的羞耻，令她在快感与惶恐的夹缝里沉沦得愈发彻底。\n她清晰地感觉到{anal}正失禁般喷涌着大量肠液，那种彻底失控的排泄感让她羞得几乎要哭出来，却又诡异地让这场超强绝顶变得愈加酥麻销魂，令她只能在无声的痉挛里迷乱地承受这一切。
2181,action_part_a_orgasm_super_C,0,hidden_sex_mode_2&place_someone_not_in_hidden_and_conscious,积攒到极限的快感一齐爆发的刹那，{TargetName}的思维彻底化作了一片空白，那股从{anal}深处席卷全身的究极快意远远超出了她所能承受的极限。\n无数次被生生掐断的高潮此刻一并涌来，那种终于得到宣泄的解脱感汹涌得几乎将她的灵魂都掀翻，甜美得令她几近昏厥失神。\n她感到自己整个人都被这灭顶的极乐吞没了，意识一次次被冲上顶点又被拍碎，脑中嗡嗡作响，什么都无法思考，只能任由那铺天盖地的快感将她反复淹没。\n然而在这几乎要令她失去自我的迷醉深处，她仍死死揪着最后一丝清明，因为她清楚地知道自己此刻正藏在无人窥见之处，而暴露在外的{Name}正平静如常，越是要极力掩藏这泼天的快意，那份不敢出声的隐忍便越发放大了她心底的羞耻与刺激。\n{anal}失禁般喷涌不止的滚烫感让她又羞又乱，那种彻底失守的耻感与究极的快感缠绞在一起，令她在无声的战栗中沉醉得无法自拔。
2182,action_part_a_orgasm_super_C,0,hidden_sex_mode_2&place_someone_not_in_hidden_and_conscious,这一刻，被囤积压抑到极点的快感终于获准倾泻，{TargetName}只觉一道究极的快意自{anal}深处轰然贯穿全身，将她的神智彻底冲垮。\n那是一种她从未体验过的极致销魂，无数次被中断的绝顶一齐反扑上来，那份终于得以释放的巨大解脱感令她甜美得几乎要昏死过去。\n她的意识被彻底撕裂成了碎片，脑海空茫一片，连自己身在何处都恍惚了，只剩下那一浪高过一浪的极乐将她层层没顶，令她迷醉失神。\n可即使被快感冲得魂魄俱散，她也不敢彻底放纵，她深知自己正蜷在别人看不到的角落，而{Name}就在近旁泰然自若地维持着平静，这种必须死死咽下所有声音的隐忍，反而让禁忌的羞耻与快感交织得愈发浓烈。\n她能清楚感到{anal}正失禁般地喷涌着大量肠液，那种毫无保留地失控排出的羞耻感令她面红耳赤，偏偏又让这场超强绝顶愈加酥软入骨，令她在无声的颤栗里彻底沉沦。
2183,action_part_a_orgasm_super_C,0,hidden_sex_mode_2&place_someone_not_in_hidden_and_conscious,当那被反复截断、囤积到几乎将她逼疯的快感一齐奔涌而出，{TargetName}只觉整个灵魂都被从{anal}炸开的究极快意撕成了碎片。\n那铺天盖地的极乐远远超出了她的想象，积压已久的欲望终于得到宣泄的那份解脱感，甜美汹涌得几乎令她当场昏厥。\n她的脑子里彻底一片空白，思绪早已被冲刷得干干净净，只余下一波接一波、永无止境般的极致快感将她反复淹没，令她迷离恍惚地战栗着。\n然而越是快要失去意识，她越是死死攥着最后那点清醒不敢松手，因为她清楚地知道自己正藏在无人瞧见的隐处，而{Name}正暴露在众目之下装作若无其事，这份要拼命掩藏起来的滔天快意，令她在极致的迷醉里又平添了几分战栗的羞耻与背德的刺激。\n{anal}失禁般涌流不止的大量肠液带来一种彻底失控的排出感，那羞耻令她几乎落泪，却又诡异地令这场绝顶愈发销魂蚀骨，将她拖入无边的沉沦。
2184,action_part_a_orgasm_super_C,0,hidden_sex_mode_2&place_someone_not_in_hidden_and_conscious,被无数次逼到边缘又硬生生按下的快感终于一齐决堤，{TargetName}只感到一股究极的快意自{anal}深处轰然爆开，瞬间将她的意识彻底冲得粉碎。\n积攒了太久的欲望在这一刻尽数释放，那种如释重负般的巨大解脱感夹着灭顶的快乐一齐将她卷走，甜美得令她几近失去知觉。\n她的思维一片空茫，什么都想不起来，什么也无法思考，只能被那一浪高过一浪的极乐彻底淹没，整个人在迷醉与失神里剧烈战栗。\n可即便被冲垮到濒临崩溃的边缘，她心底那根紧绷的弦仍不敢松开分毫，她太明白自己正躲在旁人看不见的地方，而{Name}就在咫尺之外神色如常地应付着周遭，这份必须死死藏起来的极乐令她的羞耻与快感一同攀上了顶点。\n她真切地感觉到{anal}正失禁般喷涌着大量滚烫的肠液，那种彻底失守的排泄感令她羞得浑身发烫，却又让这场超强绝顶变得愈发酥麻迷乱，令她在无声的痉挛中沉醉到不能自已。

2185,action_part_a_orgasm_super_C,0,hidden_sex_mode_3&place_someone_not_in_hidden_and_conscious,一直被硬生生截停、被憋到极限的快感在这一刻终于获准倾泻而出，{TargetName}只觉得从{anal}深处炸开一股灭顶般的究极快感，凶猛得远远超出了她以往体会过的任何一次绝顶。\n那被反复逼到边缘又拽回的巨量快意一齐奔涌上来，把她的意识轰得一片空白，脑子里什么都想不了，只剩下彻底释放的甜美与几乎昏厥的迷醉。\n她心里清楚旁边还有别人在，拼了命想维持镇静，可这灭顶的快感根本压不住，一想到自己竟要在他人身旁被冲垮得如此不堪，那羞耻反倒化成更烈的甜。\n{anal}失禁般涌流不止的滚烫感更是把她推向崩溃的边缘，那股积压太久终得宣泄的巨大解脱，让她的灵魂都仿佛被撕裂着沉进了无底的沉醉里。
2186,action_part_a_orgasm_super_C,0,hidden_sex_mode_3&place_someone_not_in_hidden_and_conscious,积攒了太多回、被中断了太多次的绝顶终于被允许一齐爆发，{TargetName}感到{anal}深处翻涌起一场超乎想象的极致快感，像海啸一样把她整个人都吞没了。\n那远超普通绝顶的凶猛快意将她的思维彻底击碎，脑海里白茫茫一片，连自己身在何处都恍惚了，只剩灵魂被震得战栗的极致迷醉与失神。\n偏偏她还得在众目睽睽下强装若无其事，越是不敢乱动，那被压抑的快感就越是汹涌，那种在旁人眼皮底下被彻底攻陷的隐秘羞耻，竟叫她沉沦得更深。\n她清楚地感到{anal}正失禁般地涌出滚烫的液体，怎么也止不住，那彻底失控的排出感裹着积压已久终获释放的巨大解脱，把她冲得几乎要甜到昏死过去。
2187,action_part_a_orgasm_super_C,0,hidden_sex_mode_3&place_someone_not_in_hidden_and_conscious,被一次次逼近顶点又硬生生拦下的快感囤积到了极限，此刻尽数决堤，{TargetName}只觉{anal}深处涌出一股撕裂灵魂般的究极快感，猛烈得让她无从招架。\n那是比强绝顶更为可怕的灭顶高潮，被压抑太久的巨量快意一齐灌进脑海，将她的理智冲得荡然无存，思绪彻底空白，整个人只剩下沉醉与恍惚。\n她心底还惦记着身旁的旁人，拼命想咽下这场惊涛，可越压抑那快感反而越是凶狠，那种必须装作无事却又被快感彻底击垮的反差，令她羞得几乎融化，又忍不住沉迷其中。\n{anal}那失禁般止不住的涌流带来一种羞耻到极点的失控感，而这份失控又与积压快感终得释放的巨大解脱交融在一起，把她推入了近乎昏厥的甜美深渊。
2188,action_part_a_orgasm_super_C,0,hidden_sex_mode_3&place_someone_not_in_hidden_and_conscious,那被截断了无数次的快感终于在这一刻一齐奔涌释放，{TargetName}感到{anal}深处爆开一场超乎想象的极致绝顶，快感之烈简直要把她整个灵魂都掀翻。\n堆积到骇人地步的快意如洪流般席卷全身，把她的意识彻底冲垮，脑中一片空茫，连思考都成了奢望，只剩下灭顶般的迷醉和几近崩溃的震颤。\n她明知此刻绝不能露出破绽，还想在他人面前维持体面，可那股压抑太久的快感偏偏在这时倾泻，那种一边强撑镇定一边被快感彻底淹没的隐秘刺激，让羞耻与沉沦交织得愈发浓烈。\n她清晰地感受着{anal}失禁般涌流不止的滚烫，那彻底失控的排出与积攒已久终于宣泄的巨大解脱一并袭来，将她冲刷得神魂俱散、甜得几乎晕厥。
2189,action_part_a_orgasm_super_C,0,hidden_sex_mode_3&place_someone_not_in_hidden_and_conscious,被寸止折磨到濒临崩溃的巨量快感终于获得释放，{TargetName}只觉{anal}深处轰然炸开一场究极绝顶，那铺天盖地的快意远远盖过了她记忆里任何一次高潮。\n无数次被压回去的快感一齐决堤灌顶，把她的思维击得粉碎，脑海彻底空白，整个人恍恍惚惚地沉进灭顶的沉醉里，连呼吸都忘了。\n她还苦苦维持着对旁人的镇定伪装，可这场超强绝顶实在太凶，那种必须无声承受、绝不能被察觉的隐秘处境，反而让每一分快感都被放大到令她羞耻欲死却又欲罢不能。\n{anal}失禁般奔涌不止的滚烫涌流带来近乎崩溃的失控，而这失控又和积压已久终得倾泻的巨大解脱缠在一起，把她冲得灵魂震颤、彻底醉倒在这甜美的极乐深处。

2190,action_part_a_orgasm_super_C,0,hidden_sex_mode_4&place_someone_not_in_hidden_and_conscious,那被一次次逼到绝顶前又生生截停、囤积到极限的骇人快感终于被一齐放开的瞬间，{TargetName}只觉得整个人被撕裂般的极乐从{anal}深处贯穿到天灵盖。\n那是一种远远超出她想象的究极滋味，意识在这一刻被彻底冲垮，脑海里轰的一声炸成一片惨白，什么都想不起来了，只剩下滔天的快感一浪高过一浪地将她整个吞没。\n积压了太久太久的高潮终于获准倾泻而出，那种巨大的解脱感几乎让她当场昏厥过去，甜美的沉醉一层层压上来，令她的灵魂都在震颤。\n她隐约感觉到{anal}正失禁般喷涌着大量滚烫的东西，那种彻底失控、无从遮掩的排出感令她羞耻到几乎要哭出来，可这份羞耻又诡异地化作更浓烈的迷醉。\n偏偏此刻还有旁人近在咫尺，她拼命想噤声却连一丝气力都提不起来，那种一边被极乐冲刷到神志尽失、一边死死压抑着不敢被发现的双重刺激，将她推向了从未抵达过的迷乱巅峰。
2191,action_part_a_orgasm_super_C,0,hidden_sex_mode_4&place_someone_not_in_hidden_and_conscious,当那攒了无数次、被反复吊起又硬生生拉回的巨量快感一口气全数决堤时，{TargetName}的思维在刹那间彻底空白，连自己是谁都恍惚了。\n从{anal}深处炸开的极致快感如海啸般席卷了她全身每一寸神经，那种超乎想象的强度令她的意识被冲得七零八落，灵魂仿佛被生生撕开，只余下无边无际的极乐在她体内翻腾。\n憋闷了太久的高潮终于被允许尽情释放，那股铺天盖地的解脱感让她几乎要喜极而泣，浑身酥软到失去知觉，只想沉溺在这近乎昏死的甜美迷醉里。\n她朦胧中察觉到{anal}正涌流不止地喷泄着什么，那种失禁般的排出感带来的极致羞耻，反倒令她愈发迷乱沉沦，越是羞耻便越是止不住地爽。\n更要命的是不远处就有旁人的动静，她惊惶地想要收敛却根本控制不住颤抖的身体，那种既怕被发现、又被极乐冲得神魂俱裂的煎熬，让这场超强绝顶变得愈加令人窒息地甜美。
2192,action_part_a_orgasm_super_C,0,hidden_sex_mode_4&place_someone_not_in_hidden_and_conscious,在那被反复截停、堆积到再也压不住的快感一齐奔涌而出的一瞬，{TargetName}感到{anal}深处爆发出一股足以将她整个灵魂掀翻的究极极乐。\n那滋味强烈得超乎她所有的预料与承受，意识被彻底冲垮，脑子里一片空白，濒临崩溃的边缘，只剩下一波接一波将她层层淹没的滔天快感。\n这么多次被中断、被压抑的高潮终于获准一起释放，那种由内而外的巨大解脱感令她甜美得几乎失去意识，整颗心都在极乐里颤抖着融化。\n她恍惚间感到{anal}正失禁般地大量涌泄，那种彻底管不住自己、任由一切奔流而出的失控感令她羞耻得无地自容，偏偏这份羞耻又将她的迷醉推得更深更烈。\n而此刻近旁分明还有旁人的气息，她死死咬牙不敢发出半点声响，那种在别人眼皮底下被极乐撕碎又拼命佯装无事的极端矛盾，令她在无声中沉沦得彻底而疯狂。
2193,action_part_a_orgasm_super_C,0,hidden_sex_mode_4&place_someone_not_in_hidden_and_conscious,那被寸止折磨到濒临爆炸又一再中断所囤积的滔天快感终于被松开闸门的刹那，{TargetName}整个人被从{anal}深处涌起的极致绝顶冲得神魂俱灭。\n那是一种远远凌驾于以往任何高潮之上的究极快感，强烈到令她的意识被彻底撕碎，思维一片空白，几乎要在这灭顶的极乐中崩溃瓦解。\n积压得太久的欲潮终于被允许尽数宣泄，那种前所未有的解脱感如潮水般漫过全身，甜美得让她眼前阵阵发黑，只想彻底融化在这场究极的迷醉里。\n她迷蒙中感到{anal}正涌流不止地失禁般喷泄，那种毫无遮拦、彻底失守的排出感令她羞耻到骨子里，可越是羞耻，那份沉沦与快感便越是不可自拔。\n偏偏旁人的脚步就在不远处，她惊得心头一紧，却连压住呻吟的力气都所剩无几，那种一面被极乐吞噬、一面死命隐藏的双重折磨，将她钉在了甜美与惶恐交织的绝顶之巅。
2194,action_part_a_orgasm_super_C,0,hidden_sex_mode_4&place_someone_not_in_hidden_and_conscious,当那攒到极点、被一次次掐断在顶峰前的巨量快感终于获准一齐决堤，{TargetName}只觉{anal}深处炸开一场足以将她彻底摧毁的究极绝顶。\n那种超乎想象的极致快感如惊雷般贯穿她全身，意识被冲刷得干干净净，脑海一片惨白，濒临崩溃却又甜美到无以复加，只剩下无边的极乐将她整个人溶解。\n压抑了太久的高潮终于被放开一齐倾泻，那股铺天盖地的解脱感让她几乎要昏厥过去，浑身战栗着沉入近乎失神的迷醉深渊。\n她朦胧间感到{anal}正失禁般涌泄着滚烫的东西，那种彻底失控、任凭其奔流的排出感令她羞耻得几乎落泪，而这份极致的羞耻又诡异地令她的沉沦愈发浓烈。\n更令她心惊的是旁人分明近在咫尺，她拼死咬紧牙关不敢泄出一丝声息，那种在被发现的恐惧与灭顶的极乐之间被反复撕扯的感觉，令这场超强绝顶变得刻骨而令她永生难忘。

2195,action_part_a_orgasm_super_C,0,exhibitionism_sex_mode_1,明知这无人的{SceneName}里门都未曾锁上，随时可能被闯入者撞见这幅淫态，可那份提心吊胆的羞耻早已被灭顶的快感冲刷得荡然无存。\n积攒了太多次被逼到绝顶边缘又被硬生生截断的巨量快感，此刻终于一齐决堤释放，那种超乎想象的极致爽意如海啸般将{TargetName}整个吞没。\n她只觉得意识被彻底冲垮，脑海霎时一片空白，灵魂仿佛被撕裂开来，什么都想不了，什么都顾不上，只剩下{anal}深处那滔天的绝顶一浪高过一浪。\n她清晰地感觉到{anal}失禁般喷涌出滚烫的肠液，在这种彻底失控的排出感里，被暴露的羞耻竟化作了更浓烈的迷醉与沉沦。\n那份压抑了太久终于得到宣泄的巨大解脱感甜美得几乎让她昏厥过去，浑身酥软战栗，心底只余下被究极快感淹没后的空茫与迷乱的甜蜜。
2196,action_part_a_orgasm_super_C,0,exhibitionism_sex_mode_1,四周静得没有半点人声，那扇没落锁的门和透光的窗随时会将她的失态尽数暴露，然而{TargetName}此刻早已被巨浪般的快感夺走了全部理智。\n数不清多少回逼近顶点又被截停所堆叠的庞大快感在这一刻一齐倾泻，那股远超以往的极乐将她的神智冲刷得一片惨白，思维彻底崩塌成空白。\n她觉得自己像是被这滔天的绝顶撕成了碎片，灵魂在灭顶的爽意里荡然无存，连自己身在何处都再也分辨不清，只余下{anal}深处那究极的快感反复冲击。\n她隐约感到{anal}汹涌喷出大量肠液失控涌流，那种彻底失禁般的排出感非但没令她羞怯退缩，反而将暴露的耻辱酿成了更深的甜腻与醉意。\n被压抑太久终获释放的酥爽让她浑身瘫软，心底涌起几乎昏厥的甜美沉醉，只想沉沦在这超乎想象的极致解脱里，再也不愿醒来。
2197,action_part_a_orgasm_super_C,0,exhibitionism_sex_mode_1,在这空无一人的{SceneName}，半开的门外稍有动静便可能有人闯进来，可蓄积到极点的快感一齐爆发时，{TargetName}再也无暇顾及那份随时会被看见的紧张。\n被反复吊在绝顶悬崖边缘无数次的快感终于被一并放开，那超乎想象的极致爽意如决堤洪水般将她的意识彻底淹没，脑中一片空白再无一丝杂念。\n她只觉灵魂都被这究极的绝顶震得粉碎，浑身失神战栗，眼前的一切都变得模糊而遥远，唯有{anal}深处那滔天的快感一波波将她推向更高的巅峰。\n她感到{anal}像失禁一样喷涌出滚热的肠液，在这彻底失控的涌流中，被暴露的羞耻反倒化成一股让她愈发沉沦的迷乱与甜腻。\n那份压抑了太久终于得以倾泻的巨大解脱如潮水般将她包裹，甜到令她几乎晕厥，心底只剩被极乐冲垮后的空茫与说不出的酥麻沉醉。
2198,action_part_a_orgasm_super_C,0,exhibitionism_sex_mode_1,无人的{SceneName}里连门都虚掩未锁，窗外晃动的人影随时可能撞破这一幕，可{TargetName}早已被累积到顶的快感冲得再也管不住自己。\n那些被硬生生截停了无数次的绝顶终于一并宣泄而出，一股超乎想象的极致快感瞬间将她的神智击得粉碎，脑海空空荡荡再也升不起半个念头。\n她感觉自己整个人都被这灭顶的爽意撕裂淹没，灵魂震颤失神，连呼吸都忘了该怎么做，只余下{anal}深处那究极绝顶反复翻涌冲刷。\n她清楚地觉出{anal}失禁般地喷涌着汹涌的肠液，在这种毫无遮拦的排出感里，暴露的耻辱与失控感交织成一种令她彻底沉沦的极致甜腻。\n积压已久终得释放的酥爽让她几乎当场晕厥，浑身瘫软颤栗，心底只剩下被超强绝顶冲垮后那片空白的迷醉与甜到骨髓的巨大解脱。
2199,action_part_a_orgasm_super_C,0,exhibitionism_sex_mode_1,四周静得连根针落地都听得见，那道未落锁的门缝仿佛随时会被推开将她的丑态尽收眼底，然而{TargetName}早已彻底顾不上遮掩了。\n一次次逼到临界又被截断所堆叠的滔天快感终于被准许一齐释放，那超乎想象的极乐如惊涛般将她的意识冲刷得一片惨白，思绪彻底断成空白。\n她只觉灵魂被这究极的绝顶撕成碎片，浑身迷醉失神，天旋地转再也抓不住一丝清明，唯有{anal}深处那铺天盖地的快感一浪接一浪地将她吞没。\n她恍惚感到{anal}汹涌不止地喷出大量灼热肠液，在这彻底失禁般的涌流中，被暴露的羞耻竟酿成了更深沉的沉沦与甜腻的迷乱。\n那份被压抑太久终获倾泻的巨大解脱甜美得几乎令她昏厥过去，浑身酥软战栗，心底只余被极致快感淹没后的空茫与无边无际的甜蜜沉醉。

2200,action_part_a_orgasm_super_C,0,exhibitionism_sex_mode_2,那被一次次逼到极限又生生截停的快感，此刻终于被允许一齐倾泻，{TargetName}只觉得体内积攒到几乎撑破的欲潮轰然决堤。\n一股远远超出她想象的极致快意从{anal}深处炸开，瞬间席卷了全身每一根神经，脑子里轰的一声便被冲刷成一片空白，什么都想不起来了。\n那种被压抑了太久终于获准释放的巨大解脱感，甜美得让她几乎当场昏厥，灵魂仿佛被这滔天的快感撕裂开来。\n她隐约感到{anal}正大量地喷涌着什么，失禁般止不住地涌流，这种彻底失控的排出感令她羞耻到极点，偏偏又迷醉到无法自拔。\n更让她战栗的是，这一切都赤裸裸地暴露在开阔的天光之下，四周随时可能有人经过，被看光的恐惧与被释放的极乐交缠在一起，将她整个人推入濒临崩溃却又销魂至极的沉沦深渊。
2201,action_part_a_orgasm_super_C,0,exhibitionism_sex_mode_2,积压了无数次的高潮终于被准许一次性尽数奔涌，{TargetName}的意识在那一瞬被排山倒海的快感彻底冲垮，连一丝清醒都无从抓住。\n{anal}深处迸发出的究极快意猛烈得超乎想象，一浪高过一浪地拍打着她的每一寸感官，她的脑海一片雪白，思维完全停摆。\n那份被截停太久终于得以宣泄的解脱，甜得让她几乎失去知觉，浑身都陷进一种近乎昏迷的迷醉里，灵魂被震得四分五裂。\n她朦胧中感觉到{anal}正失禁般地喷涌不止，那种再也兜不住的失控涌流让她羞耻得无地自容，却又诡异地将快感推得更高。\n而这具彻底失态的身子正暴露在无遮无拦的旷野中，风就那样拂过她赤裸的战栗，随时被人撞见的悬念令这份背德的极乐愈发浓烈，甜美与羞耻交织着把她淹没得再也浮不上来。
2202,action_part_a_orgasm_super_C,0,exhibitionism_sex_mode_2,那么多次被吊在绝顶边缘又硬生生拽回的快感，此刻终于一齐决堤，{TargetName}被这突如其来的巨浪冲得神魂俱散，什么都顾不上想了。\n从{anal}深处翻涌而出的极致快意超乎她所有的预料，铺天盖地地灌满全身，将她仅存的一点理智冲刷得干干净净，脑中只剩一片轰鸣的空白。\n积攒已久的欲望终于获准释放的那种解脱，甜腻得几乎叫她昏厥过去，灵魂像是被撕开又被浸入蜜里，迷醉得无法自持。\n她恍惚觉出{anal}正大量喷涌着热流，失禁般涌个不停，那种彻底放开的排出感令她羞耻得浑身发烫，偏偏这羞耻又化作更汹涌的快感。\n最令她濒临崩溃的，是这一切都坦露在开阔的天地之间，敞亮得毫无遮掩，被人看见的恐惧和被释放的沉醉狠狠撞在一处，将她推向既销魂又战栗的极乐尽头。
2203,action_part_a_orgasm_super_C,0,exhibitionism_sex_mode_2,被反复截断累积到极限的快感终于获准一并宣泄，{TargetName}只觉得有什么在体内轰然崩塌，随即极致的快意如洪流般将她整个人吞没。\n那股从{anal}深处炸开的究极绝顶远远超出了她的承受，一波波灵魂震颤般的冲击接连袭来，脑海被搅成一片混沌的空白，连自己是谁都恍惚了。\n积压太久终于得到释放的巨大解脱，甜美得近乎残忍，她整个人都沉进一种几乎昏厥的迷醉里，理智被冲得无影无踪。\n她隐隐感到{anal}正失禁般地喷涌涌流，怎么也止不住，那种彻底失控的排出令她羞耻到骨子里，却又诡异地让沉沦更深了一层。\n而这场极乐正毫无遮蔽地暴露在露天之下，清风拂身，远处的动静让她心惊，被暴露在天地间的背德羞耻与积攒释放的甜美缠成一团，将她卷入濒临崩溃的深渊，再也回不了神。
2204,action_part_a_orgasm_super_C,0,exhibitionism_sex_mode_2,那被生生截停了太多回的快感总算被允许一齐奔涌，{TargetName}体内蓄到极限的欲潮瞬间溃堤，一股超乎想象的极致快意将她彻底掀翻。\n{anal}深处涌出的究极绝顶猛烈得令她无法招架，铺天盖地地淹没了所有感官，脑子里一片惨白，思绪碎成了再也拼不起来的残片。\n积攒已久终于获准倾泻的那份解脱，甜蜜得让她几乎要昏死过去，灵魂被这滔天巨浪震得支离破碎，只剩下无边的迷醉与失神。\n她朦胧间察觉{anal}正大量地喷涌不休，失禁般涌流不止，这种再也无法收束的排出感让她羞耻得几近崩溃，偏又将快感烧得更旺。\n更让她战栗沉沦的是，这具失控至极的娇躯正赤裸地暴露在开阔野外，随时可能撞见旁人的紧张令背德感直冲头顶，羞耻与极乐纠缠着把她推入销魂又昏眩的甜美深渊。

2205,action_part_a_orgasm_super_C,0,exhibitionism_sex_mode_3,被无数道视线牢牢钉在正中央，{TargetName}只觉得那积攒了太多太多次、被一回回硬生截停的庞大快感，终于在这一刻被彻底放行，如决堤洪流般一齐灌满了她的全身。\n究极的绝顶远远超出了她所能承受的极限，意识在灭顶的快感里被冲垮成一片纯白，脑海空空荡荡，什么都想不了，只剩灵魂被撕裂般的震颤。\n她清清楚楚地知道自己正被所有人看着，{anal}却毫无廉耻地剧烈痉挛，那份当众失态、无处躲藏的极致羞耻像烙铁一样灼烧着自尊，偏偏这份羞耻又化作背德的燃料，把快感推向更疯狂的顶点。\n她能感觉到{anal}失禁般喷涌出滚烫的肠液，在众目睽睽下失控地涌流不止，那种彻底藏不住的排出感令她羞得几乎昏厥，却又被压抑太久终获释放的巨大解脱感彻底淹没，迷醉、失神、沉沦，在灭顶的甜美里几乎融化成一滩。
2206,action_part_a_orgasm_super_C,0,exhibitionism_sex_mode_3,在所有人的注目之下，{TargetName}被压抑了一次又一次、迟迟不得释放的滔天快感，此刻终于被允许尽数奔涌而出，那股解脱来得如此凶猛，几乎将她整个人掀翻。\n远超想象的究极绝顶如惊涛骇浪般拍碎了她所有的理智，思绪一片空白，濒临崩溃的边缘，她只能任由灵魂在这场快感的风暴里剧烈震颤。\n被这么多双眼睛看得一清二楚的羞耻感令她恨不得钻进地缝，可越是暴露在众人视线里，那股背德的战栗就越是将快感烧得滚烫，羞耻与亢奋交缠着把她拖进更深的迷醉。\n{anal}不受控制地剧烈翕缩，她能清晰感到大量肠液失禁般地喷涌流泻，那种当众失禁的羞耻几乎烧穿了她的神经，然而积压已久的快感终获宣泄的甜美解脱又淹没了一切，令她失神地沉沦在这灭顶的绝顶里，几近昏厥。
2207,action_part_a_orgasm_super_C,0,exhibitionism_sex_mode_3,众目睽睽之下无处遁形，{TargetName}只觉那被反复逼到边缘又生生截住、层层累积的巨量快感，终于在这一瞬被彻底松开了闸，一股脑地冲垮了她全部的防线。\n这场超乎想象的极致绝顶将她的意识搅成一片混沌的空白，脑子里嗡嗡作响，什么都抓不住，只剩下灵魂被撕开般的震撼一浪高过一浪。\n她太清楚自己正暴露在所有人的目光里，那份当众绝顶的羞耻几乎令她窒息，可这份被观看的背德刺激偏偏令快感翻涌得更加汹涌，把她推入羞耻与迷醉交织的深渊。\n{anal}一阵阵失控地痉挛绞缩，她感到肠液失禁般成股喷涌，止都止不住，那种在人前彻底失禁的羞耻令她羞愧得几乎昏死过去，然而压抑太久后终得释放的巨大解脱感又将她整个吞没，令她在灭顶的甜美沉醉里失了神。
2208,action_part_a_orgasm_super_C,0,exhibitionism_sex_mode_3,被密密麻麻的视线团团围住，{TargetName}感到那积攒了无数回、被一次次寸止硬生截停的庞大快感，终于获准一齐倾泻，那铺天盖地的释放几乎要将她彻底融化。\n究极的绝顶远远凌驾于她的极限之上，意识被快感彻底冲垮，思维空空如也，濒临崩溃，灵魂仿佛在这场风暴里被撕成了碎片。\n她清楚地意识到自己正被众人看得一览无余，那种当众高潮的极致羞耻烧灼着她的每一寸神经，可越是被这么多目光注视，那股背德的兴奋就越是令快感疯狂攀升，将她拖进无从抵抗的沉沦。\n{anal}剧烈而失控地翕缩着，她能感觉到滚烫的肠液失禁似地喷涌涌流，那份当众失禁般的排出感羞得她几乎昏厥，然而被压抑得太久的快感终于奔流而出的解脱又是如此甜美，令她在灭顶的迷醉与失神里彻底沉溺。
2209,action_part_a_orgasm_super_C,0,exhibitionism_sex_mode_3,在层层叠叠的注视里被看得清清楚楚，{TargetName}只觉那一次次被逼近顶点又强行摁停、堆叠到极限的滔天快感，终于被准许尽数释放，那股解脱如洪水决堤般席卷了她的全身。\n远超想象的究极绝顶把她仅存的神智冲刷得干干净净，脑海一片空白，几近崩溃，灵魂被这灭顶的震撼撕扯得摇摇欲坠。\n她无比清楚自己正赤裸裸地暴露在所有人眼前，那份当众失态的羞耻几乎将她吞没，偏偏被众人观看的背德快感又将这份灭顶的爽意烧得更旺，令羞耻与亢奋在她心底疯狂交缠。\n{anal}无法自控地剧烈痉挛，她真切地感到大量肠液失禁般奔涌而出、涌流不止，那种在人前彻底失禁的羞耻令她迷乱得几乎昏厥，而压抑已久终获宣泄的巨大解脱又将她卷入甜美的沉醉深渊，失神、迷醉、彻底沦陷。

2210,action_part_a_orgasm_super_C,0,exhibitionism_sex_mode_4,那被一次次逼到绝顶边缘又硬生生截停、层层累积到几乎要将她撑爆的滔天快感，在这一刻终于被彻底放行，{TargetName}只觉整个灵魂都被这股决堤的巨浪撕裂着卷走了。\n积压了太久的欲望一齐倾泻而出的瞬间，那种终于获准释放的巨大解脱感几乎让她当场昏厥，甜美得令她神志尽失。\n她清楚地感到{anal}在疯狂痉挛，大量肠液失禁般涌流而出，那种彻底失控、什么都兜不住的排出感让她羞耻得无地自容，偏偏这份羞耻又化作更汹涌的快感将她越推越高。\n更要命的是身旁还横着几个毫无意识的人，明知他们随时可能睁开眼，这份在人前彻底失守的背德刺激像电流一样窜遍全身。\n她拼命想噤声，脑子却早已被冲刷成一片空白，只剩下累积已久终获释放的极致迷醉将她整个吞没。
2211,action_part_a_orgasm_super_C,0,exhibitionism_sex_mode_4,当那被寸止反复截断、囤积到极限的巨量快感终于被允许一齐奔涌而出时，{TargetName}的意识在刹那间就被彻底冲垮了，脑中一片空茫，什么都想不起来。\n这远远超出她所能承受的极致快意像海啸般将她连根拔起，那种熬了太久终于得到释放的解脱感甜美得近乎残忍，令她迷醉到几乎要昏死过去。\n{anal}疯狂抽搐着，她能清晰感觉到肠液正失禁般汹涌喷涌，那种再也守不住、彻底泄出的感觉让她又羞又愧，可这份极致的羞耻偏偏成了火上浇油的催化剂。\n偏偏身边还躺着几个失去意识的人，那种随时会被撞见的紧张与在人前失控的背德感交缠在一起，让快感翻倍地灼烧着她。\n她只能死死咬牙压着声音，任由灵魂在这滔天的释放里被撕成碎片，沉沦进无边的甜美空白。
2212,action_part_a_orgasm_super_C,0,exhibitionism_sex_mode_4,层层寸止所堆叠的、多到近乎恐怖的快感终于在这一瞬全数决堤，{TargetName}整个人被这股究极的巨浪彻底掀翻，思维一片空白，连自己身在何处都恍惚了。\n那是一种远远凌驾于寻常绝顶之上的极致快意，积压已久的一切终于获准倾泻的解脱感汹涌得让她几乎昏厥，甜蜜得令她灵魂震颤。\n她迷乱地感觉到{anal}正剧烈痉挛，滚烫的肠液失禁般喷涌不止，那种彻底失禁、再兜不住的排出感令她羞耻得几乎落泪，偏这羞耻又将快感推得更高更烈。\n何况近旁还横陈着几具毫无知觉的躯体，明知随时可能被惊醒，这份在他人面前彻底失守的背德感令她心跳狂乱。\n她拼命把呻吟咽回喉咙，却终究抵不住这累积释放的滔天迷醉，任凭意识被冲刷得干干净净。
2213,action_part_a_orgasm_super_C,0,exhibitionism_sex_mode_4,那些被生生按在绝顶前一刻、一次次强行截断而囤积起来的庞大快感，此刻终于被尽数放行，{TargetName}只觉自己被一股超乎想象的洪流彻底吞没，脑海霎时空白如洗。\n熬煮了太久的欲望一齐爆开的那一瞬，巨大的解脱感与究极的快意猛地攫住了她，甜美迷醉得让她几乎要失去知觉。\n{anal}疯狂绞缩着，她清晰地感到肠液正失禁般大量涌流，那种再也控制不住、彻底泄流出去的感觉让她羞得浑身发烫，而这份羞耻竟令快感愈发汹涌难当。\n更别提身侧还倒着几个陷入无意识的人，随时苏醒的危机与在人前失控的背德交织，将紧张与快意一并放大到极致。\n她死死噤着声，灵魂却早已被这滔天的释放搅得支离破碎，只剩沉沦与销魂的空白。
2214,action_part_a_orgasm_super_C,0,exhibitionism_sex_mode_4,当那被反复寸止、囤积到快要将她逼疯的巨量快感终于获准一齐倾泻，{TargetName}的意识在电光石火间被彻底冲垮，脑中一片死寂的空白，连呼吸都忘了。\n这是一场远远超出想象的究极绝顶，压抑积攒了太久的一切终于得以释放的解脱感如潮水般漫过全身，甜美得令她几乎昏厥过去。\n她恍惚感到{anal}正剧烈而失控地痉挛，大量肠液失禁般喷涌而出，那种什么都留不住、彻底泄出的排出感让她羞耻到极点，可越是羞耻，那快感便越是灭顶。\n偏偏四周还瘫着几个毫无意识的人，明知他们可能骤然睁眼，这份当着人前彻底失控的背德刺激让她既惊惶又沉醉。\n她拼死压着嗓子不敢出声，灵魂却在这累积已久的滔天释放中被撕碎、卷走，坠入无边的迷醉深渊。

2215,action_part_a_orgasm_super_C,0,t_imprisonment_1&CVP_A2_G_E_0,积压了太久太多的快感终于在这一刻被允许一齐倾泻而出，一股远远超乎想象的滔天极乐将{TargetName}整个人彻底吞没淹没。\n那灭顶的快意如决堤的洪流般在体内奔涌炸裂，将她的意识冲刷得一片空白，思绪被撕扯得七零八落，灵魂仿佛被这场究极绝顶震得四分五裂。\n她分明满心恐惧与屈辱，被陌生人囚禁束缚的处境令她愤怒又绝望，可身体却背叛般地在{anal}那失禁般涌流不止的极致释放中沉沦，那种累积已久终于得以宣泄的巨大解脱感甜美得令她几近昏厥。\n{TargetName}怎么也想不通自己的身体为何会对一个陌生人产生这样灭顶的反应，羞耻与迷醉交缠冲撞，令她在这排山倒海的空白与失神里彻底溺毙，泪水横流地被这陌生极乐拖进无边的沉醉深渊。
2216,action_part_a_orgasm_super_C,0,t_imprisonment_1&CVP_A2_G_E_0,被反复截断而层层累积的庞大快感在同一瞬间一齐奔涌释放，{TargetName}只觉一场超乎一切想象的究极高潮将她连人带魂彻底掀翻。\n那汹涌的极乐从{anal}深处一浪高过一浪地炸开，把她的思维碾成一片惨白的空茫，意识被冲得支离破碎，脑海里再也拼不出半点清明。\n她心底充满被囚禁的惊惧与被玷污的屈辱，愤恨自己竟被陌生人这般摆布，却怎么也压不住身体在这累积已久的滔天释放中战栗沉溺，那份终于宣泄出来的解脱感汹涌得几乎令她昏厥过去。\n{anal}失禁般涌流不止的排出感令她既羞耻欲死又迷醉难耐，{TargetName}无论如何都不明白自己的身体为何会向一个素不相识的人献出这样的极乐，只能在灵魂被撕裂的震撼中彻底崩溃，泪流满面地坠入无边的迷乱深渊。
2217,action_part_a_orgasm_super_C,0,t_imprisonment_1&CVP_A2_G_E_0,那被压抑到极限的巨量快感终于获准一齐决堤宣泄，{TargetName}整个人被一场远超寻常的极致绝顶彻底冲垮击溃。\n灭顶的极乐如惊涛骇浪般在体内翻卷炸裂，将她仅存的一点神志尽数吞没，思绪被冲刷成一片空白，灵魂仿佛被这滔天快感撕成了碎片。\n她满腔都是被囚禁束缚的恐惧与被侵犯的屈辱，明明痛恨着眼前这个陌生人，身体却不由自主地在{anal}那失禁般喷涌的极致释放里颤栗沉沦，那份累积已久终于倾泻的巨大解脱感甜美得叫她几乎失去意识。\n{TargetName}怎么都无法理解自己的身体为何会因一个陌生人而绽放出这样灭顶的反应，无尽的羞耻与浓烈的迷醉交织撕扯，令她在这一片惨白的失神里彻底沉溺，绝望的泪水与甜腻的沉醉一同将她淹没。
2218,action_part_a_orgasm_super_C,0,t_imprisonment_1&CVP_A2_G_E_0,蓄积了太多次的滔天快感在这一刻终于被允许一齐倾泻，{TargetName}被一场超乎想象的究极巅峰彻底掀翻卷走。\n那排山倒海的极乐自{anal}深处轰然炸开，将她的意识冲垮成一片空白，脑海一瞬间失去了所有思绪，灵魂被这灭顶的震撼撕裂得七零八落。\n她心中盈满被陌生人囚禁的绝望与被凌辱的愤懑，拼命想抗拒这一切，身体却诚实地在那失禁般涌流不止的极致释放里痉挛沉醉，那份憋闷已久终于宣泄的解脱感汹涌得令她几近昏厥。\n{anal}失控奔流的排出感令她羞耻得无地自容，{TargetName}实在想不明白自己的身体怎会对一个素昧平生的人生出这般灭顶的极乐，只能在灵魂震颤的迷醉与失神里彻底崩溃，任由泪水与沉沦将自己拖入无底的深渊。
2219,action_part_a_orgasm_super_C,0,t_imprisonment_1&CVP_A2_G_E_0,那被压抑积攒到极限的庞大快感终于决堤般一齐奔涌释放，{TargetName}整个人被一场远超寻常的极致绝顶彻底淹没冲垮。\n灭顶的快意如洪流般在体内炸裂翻涌，把她的神志冲刷得干干净净只剩一片空白，思绪被撕扯得支离破碎，灵魂在这究极的震撼中几近崩解。\n她满心是被囚禁束缚的惊惧与被作践的屈辱，愤恨又茫然地不愿承认，身体却背叛般地在{anal}那失禁般喷涌的滔天释放中战栗沉沦，那份累积良久终于得以宣泄的巨大解脱感甜美得令她意识几乎溃散。\n{TargetName}无论如何都参不透自己的身体为何会向一个陌生人献出如此灭顶的反应，铺天盖地的羞耻与迷醉将她层层吞没，令她在思维尽失的空白与颤栗里彻底沉溺，泪水滂沱地坠入这陌生极乐所织就的无边深渊。

2220,action_part_a_orgasm_super_C,0,CVP_A2_T|103_E_1,不知被拦在崩溃边缘多少次的快感，终于在这一刻毫无保留地全部涌了出来，{TargetName}稚嫩的意识瞬间被冲得七零八落。\n{anal}深处翻涌着难以言喻的滔天酥麻，一波接一波狠狠撞进脑海，将她仅剩的思绪撕扯得粉碎，脑子里只剩下一片空白，什么都想不起来了。\n从未体验过如此猛烈的感觉，那种近乎灵魂震颤的冲击让稚气的她根本无从招架，积压已久的紧绷感终于得到释放，巨大的解脱与狂喜猛地涌上心头，几乎要让她当场昏厥过去。\n羞耻与迷醉纠缠在一起，连身体正在失控地涌出什么都顾不上去在意，只余下濒临崩溃的甜蜜眩晕，一波又一波地将她卷入更深的沉沦里，久久不肯放她离开。
2221,action_part_a_orgasm_super_C,0,CVP_A2_T|103_E_1,那股被一次次生生截断的酥痒感终于汇聚成滔天的浪潮，狠狠地淹没了{TargetName}尚显稚嫩的心神。\n{anal}深处仿佛炸开了什么，猛烈的快意一层叠着一层涌上来，冲得她整个人瞬间失神，脑海里轰的一声炸成一片空白，什么念头都抓不住了。\n从来没想过积攒了这么久的东西会以这种方式全部释放出来，那种灵魂都被撼动的极致快感令她濒临崩溃，几乎要哭出声来，可涌上心头的却是说不出的解脱与满足。\n羞耻的酥麻与近乎昏厥的甜蜜交织缠绕，将她仅存的一点清明彻底吞没，只剩下沉浸在这场极致余韵里的、连自己都控制不住的迷醉与战栗。
2222,action_part_a_orgasm_super_C,0,CVP_A2_T|103_E_1,积攒了无数次的酥麻感终于毫无保留地一齐炸裂开来，{TargetName}稚气未脱的心神在那一瞬间被彻底冲垮。\n{anal}深处翻涌起排山倒海般的快意，一浪高过一浪地灌进脑海，将她仅有的一点思绪搅得支离破碎，什么都想不起来，只剩下空白与眩晕。\n从未经历过这样猛烈的极致，那种仿佛灵魂都被狠狠震颤的冲击感令她濒临失神崩溃，可紧随而来的，却是积压已久终于得到释放的巨大解脱，甜得几乎让她喘不过气。\n混杂着羞耻的迷醉感一波接一波地涌来，明明害怕又羞于这般失控的自己，却又忍不住沉溺在这份近乎昏厥的甜美余韵里，久久回不过神来。
2223,action_part_a_orgasm_super_C,0,CVP_A2_T|103_E_1,被反复拦在临界线上的快感终于一口气全部释放出来，{TargetName}那颗还带着孩子气的心猛地被巨浪吞没。\n{anal}深处涌起前所未有的剧烈酥爽，一层层狠狠地拍打着意识，把她脑海里仅剩的念头冲刷得干干净净，只留下一片茫然的空白，连自己身在何处都快要分不清。\n原来积蓄了这么久的东西一旦松开会是这般滔天的力道，那种近乎灵魂震颤的极致快感令她濒临崩溃边缘，可心底涌起的却是说不清的解脱与狂喜，甜蜜得让人几乎昏厥过去。\n羞涩与沉醉搅在一处，明知自己此刻的模样有多失态，却半点也无力去在意，只能任凭这场极致的酥麻余韵一遍遍地将她拖向更深的迷乱之中。
2224,action_part_a_orgasm_super_C,0,CVP_A2_T|103_E_1,数不清被截停了多少次的快感，终于在这一刻轰然汇聚成一场无法抵挡的巨浪，{TargetName}稚嫩的心神刹那间被彻底冲散。\n{anal}深处腾起铺天盖地的酥麻酥爽，一波比一波猛烈地灌进脑海，将她原本就不多的思绪碾得粉碎，脑中只剩下一片空茫，什么都抓不住，什么都想不起来。\n从没想过压抑了这么久的东西会以如此猛烈的方式喷涌而出，那种仿佛整个灵魂都被撼动的极致体验让她濒临崩溃的边缘，随之涌来的，却是积压已久终于释放的巨大解脱与甜蜜，几乎要让她当场昏厥。\n羞耻感与沉醉感纠缠不清，明明该觉得难堪，心底却只剩下被这场极致余韵反复裹挟着的、连自己都无法控制的迷乱与眷恋。

2225,action_part_a_orgasm_super_C,0,t_imprisonment_1&CVP_A2_G_GE_1&CVP_A2_G_LE_2,积压了太多次的快感在这一刻终于被彻底放开，{TargetName}只觉一股超乎想象的灭顶狂潮从{anal}深处轰然炸开，将她的意识瞬间冲得粉碎。\n那是被一次次逼到绝顶前又生生截断后累积的巨浪，如今一齐倾泻，巨大的解脱感几乎让她当场昏厥过去，脑海里一片空白。\n她心底分明藏着对{Name}隐约的悸动，明明是喜欢着的人，却把她囚在这里，让她在这样的境地里被推上极致的云端。\n极致的快感与被囚的委屈交织，她既痛且甜，既想怨恨又忍不住沉沦，灵魂像被撕裂般震颤着。\n在这场彻底失控的排出感与灭顶绝顶里，她迷醉得说不出话，只剩满心迷乱与那份对释放的甜美沉醉，久久无法回神。
2226,action_part_a_orgasm_super_C,0,t_imprisonment_1&CVP_A2_G_GE_1&CVP_A2_G_LE_2,当那被压抑了无数次的快感终于被准许一齐宣泄，{TargetName}感到{anal}深处翻涌起一阵远超以往的极致快感，将她整个人彻底吞没。\n累积到极限的巨量欢愉一并释放，那种终于得到解脱的酣畅令她几乎要融化，思绪一片空白，什么都想不起来。\n她偷偷倾慕着{Name}，却被他关在这方寸牢笼，一边是对喜欢之人的眷恋，一边是被迫承受的痛楚，矛盾撕扯着她的心。\n她隐约觉得大量肠液失禁般涌出，那种彻底失控的排泄感让她羞耻得无地自容，偏偏又在这羞耻里迷醉得发颤。\n灵魂被这场超强绝顶震得支离破碎，她在痛楚与甜蜜之间沉沦，既恨这囚禁又舍不得眼前的人，最终只余一片濒临崩溃的沉醉。
2227,action_part_a_orgasm_super_C,0,t_imprisonment_1&CVP_A2_G_GE_1&CVP_A2_G_LE_2,被反复吊在绝顶门槛前太久的{TargetName}，此刻终于迎来了一齐释放的瞬间，{anal}深处涌起的极致快感如海啸般将她的理智彻底冲垮。\n那积攒已久的巨浪一并倾泻而下，巨大的解脱与酣畅让她几乎昏厥，脑中只剩一片雪白，连自己身在何处都想不起来。\n她心里明明对博士有着说不清的爱慕，却被囚在这里被迫承受这样的极乐，越是快感灭顶，那份委屈与不解就越发刺痛。\n她恍惚间感到肠液失禁般涌流不止，那种彻底失控的感觉让她羞得几乎落泪，却又在这羞耻中沉溺得更深。\n究极的快感与心底的痛楚缠绕在一起，她既想恨又忍不住眷恋，灵魂在这场超乎想象的绝顶里被撕裂又被填满，迷醉到无法自拔。
2228,action_part_a_orgasm_super_C,0,t_imprisonment_1&CVP_A2_G_GE_1&CVP_A2_G_LE_2,所有被生生截断又层层堆叠的快感终于在这一刻一并爆发，{TargetName}只觉一股极致的狂澜从{anal}深处席卷而来，将她的意识彻底冲垮。\n那是超乎想象的灭顶绝顶，累积到极限的欢愉尽数释放，巨大的解脱感让她甜美得几乎晕厥，思维一片空白。\n身为囚徒的她泪水止不住地涌，喜欢的人竟这样对待自己，让她在爱与恨的夹缝里既渴望靠近又痛于被强迫。\n她隐约感到大量肠液喷涌而出，失禁般地无法收束，那份彻底失控的羞耻感与极乐交织，让她迷乱得神魂俱颤。\n灵魂像被撕开又被这滔天快感填满，她在痛与甜之间彻底沉沦，分不清该怨该爱，只余满心震颤与濒临崩溃的沉醉。
2229,action_part_a_orgasm_super_C,0,t_imprisonment_1&CVP_A2_G_GE_1&CVP_A2_G_LE_2,当累积到极限的快感终于被允许一齐迸发，{TargetName}感到{anal}深处炸开一阵远超极限的究极快感，整个人在这灭顶狂潮里被冲得神志尽失。\n无数次被逼停又累叠的欢愉一并倾泻，那种终于释放的酣畅与解脱几乎让她昏死过去，脑海空茫得一片雪白。\n她心底藏着对{Name}悄然滋长的爱意，却被关在这里被迫承欢，越是快感极致，心里那份不解与心碎便越是尖锐。\n她恍惚觉得肠液失禁般汹涌流淌，彻底失控的排出感令她羞耻到几乎崩溃，偏又在这羞耻里沉醉得战栗不止。\n究极的绝顶将她的灵魂震得粉碎，她在爱恨与痛甜之间沦陷，既怨这牢笼又眷恋眼前之人，最终只剩迷醉与说不出的甜美沉溺。

2230,action_part_a_orgasm_super_C,0,t_imprisonment_1&CVP_A2_G_GE_3&CVP_A2_G_LE_4,那被一次次逼停在绝顶边缘、生生截断了无数回的滔天快感，此刻终于被允许一齐倾泻而出，{TargetName}只觉一股远超想象的极乐轰然炸开，将她的意识连根冲垮。\n{anal}深处翻涌起灭顶的快感巨浪，一波高过一波地将她的思维击成一片空白，灵魂仿佛被生生撕裂，她在这攒积已久终得释放的巨大解脱里几乎昏厥过去。\n即便被单独囚在这方牢笼、手腕被锁链缚着，她心底也没有半分怨怼，反倒因被恋人这样彻底地占据而涌起满溢的幸福，甘愿把这具身体毫无保留地交付给爱人。\n她隐约察觉{anal}正失禁般涌出大量肠液，那彻底失控的排出感激起一阵极致的羞耻，却又与灭顶的甜蜜迷醉搅在一处，令她愈发深陷沉沦。\n意识在极乐的洪流里彻底涣散，她失神地颤抖着，只觉能与爱人相守，纵是身陷囹圄也是此生至福。
2231,action_part_a_orgasm_super_C,0,t_imprisonment_1&CVP_A2_G_GE_3&CVP_A2_G_LE_4,堆积了太多次、迟迟不得释放的巨量快感终于一齐决堤，{TargetName}被这超乎极限的究极绝顶彻底吞没，脑中轰的一声炸得空空荡荡，什么都想不起来了。\n那股从{anal}深处翻涌上来的极致快意一层叠着一层，将她的神志冲刷得支离破碎，她在灵魂震颤的灭顶迷醉里失了神，只觉得那份终于得以宣泄的解脱感甜美得让她几乎溺毙其中。\n纵然被囚于这单人牢中、身子受着束缚，她也毫无怨言，只把这当作恋人间独有的情趣与信任的考验，因能为心爱之人如此彻底地奉献而觉得满足。\n她恍惚感到{anal}正止不住地喷涌肠液，那失禁般的排出感烧起羞耻的火，却又化进灭顶的快感里，令她愈陷愈深无法自拔。\n意识在滔天的极乐中一片虚白，她瘫软战栗着沉溺不起，心底只余一个念头，只要能守着爱人，便是囚在这里也心甘情愿。
2232,action_part_a_orgasm_super_C,0,t_imprisonment_1&CVP_A2_G_GE_3&CVP_A2_G_LE_4,一次次被截停在顶点前的快感终于被准许一齐喷薄，{TargetName}只觉一场撼动灵魂的极致绝顶将她整个人淹没，意识被冲得七零八落，思绪彻底陷入空白。\n{anal}深处那滔天的快意汹涌翻腾，一浪压过一浪地拍碎她残存的神志，她在这漫长而灭顶的迷醉里失神颤栗，那份积压太久终得释放的解脱感令她甜美得几近昏厥。\n即便被锁在这方牢笼、双腕受缚，她心底也满是对恋人的信赖，深信爱人如此待她自有缘由，甘愿以被囚之身承接这份专属两人的极致亲昵。\n她朦胧地觉出{anal}正失禁般涌流着大量肠液，那彻底失控的感觉激起难言的羞耻，偏又与究极的快感缠绕不清，令她越发迷乱沉沦。\n灵魂在无边的极乐里震颤崩解，她涣散着眼神喘息着，只觉与爱人同处一室便已是无上的幸福。
2233,action_part_a_orgasm_super_C,0,t_imprisonment_1&CVP_A2_G_GE_3&CVP_A2_G_LE_4,那被寸止硬生生掐断了无数回、层层累积起来的海量快感，此刻终于获准倾泻一空，{TargetName}被这超乎想象的极致峰值狠狠掀翻，脑海霎时一片惨白，再也拼凑不出半点思绪。\n从{anal}深处炸开的究极快意一波接着一波，将她的意识彻底冲垮碾碎，她在灵魂被撕裂般的震撼中失神迷醉，那股攒了太久终于奔涌而出的解脱感甜得让她几乎失去知觉。\n哪怕被单独关押、手脚都缠着锁链，她也没有一丝抗拒，反因被恋人这般毫无保留地占有而幸福得发颤，愿将整个自己彻底奉上。\n她隐隐感到{anal}正决堤般喷涌肠液，那失禁般的涌流激起灭顶的羞耻，却又与极乐搅作一团，令她愈发深陷这背德又甜蜜的沉醉。\n意识在滔天快感里彻底溃散，她瘫软着痴痴颤抖，心底只荡漾着一个念头，能与爱人相依，牢笼亦是天堂。
2234,action_part_a_orgasm_super_C,0,t_imprisonment_1&CVP_A2_G_GE_3&CVP_A2_G_LE_4,迟迟被压抑、一回回被生生截停的巨浪快感终于被允许一齐迸发，{TargetName}只觉一场超乎极限的绝顶将她连魂带魄一并卷走，意识在顷刻间被冲得荡然无存，脑中空得只剩嗡鸣。\n{anal}深处翻涌的极致快意滔滔不绝，一层压着一层将她的神智彻底淹没，她在灭顶的迷醉里失神战栗，那份积攒到极限终得宣泄的解脱感甜美得几乎令她昏厥沉溺。\n纵是被囚在这单人牢内、身受束缚，她也甘之如饴，把这看作恋人之间隐秘而深切的信任，因能为爱人彻底地献出身心而涌起满溢的幸福。\n她恍惚察觉{anal}正失禁般奔涌着大量肠液，那全然失控的排出感烧起羞耻的潮红，偏又融进究极的快感中，令她愈陷愈深不可自拔。\n灵魂在无边极乐里震颤欲碎，她瘫软着痴迷喘息，只觉纵然身陷囹圄，能与爱人厮守便已是圆满。

2235,action_part_a_orgasm_super_C,0,t_imprisonment_1&CVP_A2_G_GE_-2&CVP_A2_G_LE_-1,被囚禁已久的{TargetName}早已认命地将自己当作博士的所有物，一贯只是麻木地承受，可这被一次次生生截断又层层堆叠起来的巨量快感终于获准一齐释放的刹那，她所有的顺从与麻木都被冲得粉碎。\n那股从{anal}深处轰然炸开的极致快感远远超出了她的想象，像一道灼热的洪流将她的神智连根冲垮，脑海里瞬间被冲刷成一片空白，什么都想不了了。\n她只觉灵魂仿佛被这究极的绝顶撕裂开来，意识在剧烈的震颤中彻底失守，浑身都陷进了几乎昏厥的极致迷醉里。\n{anal}大量肠液失禁般涌流不止的排出感更让她被一种彻底失控的羞耻与解脱一同淹没，那份积压了太久的快感终于宣泄而出的巨大解脱感，甜美得让她几乎当场瘫软昏死过去。
2236,action_part_a_orgasm_super_C,0,t_imprisonment_1&CVP_A2_G_GE_-2&CVP_A2_G_LE_-1,单人监牢里的{TargetName}早认了命，面对上司的一切命令都只会沉默地服从、消极地承受，可当那被反复逼到绝顶边缘又硬生生截住的无数次快感终于被允许一并决堤时，她连认命的力气都荡然无存了。\n超乎想象的极致快感自{anal}深处一齐爆开，凶猛得像要将她整个人吞没，意识在这一瞬被彻底冲垮，思维空茫得只剩下一片眩晕的空白。\n她感到自己的灵魂被这累积已久的绝顶震得支离破碎，残存的那点自尊与理智在究极的快感里荡然无存，只余极度的迷醉与失神。\n伴着{anal}肠液失禁般汩汩涌出的失控排泄感，那份终于得以释放的解脱如潮水般将她卷走，甜美又滔天的沉醉令她濒临崩溃地战栗着，几乎再也回不过神来。
2237,action_part_a_orgasm_super_C,0,t_imprisonment_1&CVP_A2_G_GE_-2&CVP_A2_G_LE_-1,认命接受囚禁的{TargetName}向来只是麻木地任由摆布，将被关押的自己视作供上司支配的物件，可这被寸止折磨了太多次而堆积起来的巨量快感终于一齐倾泻的一刻，那层麻木被彻底击穿了。\n从{anal}深处炸开的究极快感远超她所能承受的极限，猛地将她的意识连根卷走，脑中一片空白，连自己是谁、身在何处都再也分不清。\n她只觉一阵灵魂被撕裂般的震撼贯穿全身，整个人在极致的绝顶里失神颤栗，被快感冲刷得濒临崩溃，眼前阵阵发黑发白。\n{anal}大量肠液失禁般涌流不休的排出感裹挟着滔天的羞耻，与那份积攒已久终获释放的巨大解脱交织在一起，将她推入几乎昏厥的甜美深渊，久久无法自拔。
2238,action_part_a_orgasm_super_C,0,t_imprisonment_1&CVP_A2_G_GE_-2&CVP_A2_G_LE_-1,被单独关押的{TargetName}早已放弃了反抗，认命地把自己交给上司支配，只以消极麻木的态度承受着一切，可当那被一次次截停积压下来的绝顶终于被准许一并宣泄，她的世界在这一刻彻底崩塌了。\n自{anal}深处奔涌而出的极致快感超乎想象地猛烈，如惊涛骇浪般将她的神智瞬间冲垮，思维一片空白，什么念头都无法在脑中停留。\n她感到灵魂在这究极的绝顶中被震得粉碎，麻木顺从的外壳被快感彻底融化，只剩下极度的迷醉、失神与濒临崩溃的震颤。\n随着{anal}肠液失禁般喷涌不止的排出感将她淹没，那份憋忍了太久终于释放的解脱感甜美得近乎残忍，让她在滔天的沉醉里剧烈战栗，几乎当场昏死过去。
2239,action_part_a_orgasm_super_C,0,t_imprisonment_1&CVP_A2_G_GE_-2&CVP_A2_G_LE_-1,囚牢中的{TargetName}早已不再挣扎，只将服从当作被囚者唯一的本分，日复一日麻木地承受着，可这被反复寸止后一齐奔涌而出的巨量快感，终究将她那份认命的平静彻底冲垮。\n{anal}深处骤然释放的究极快感远远凌驾于她的想象之上，狠狠将她的意识卷入一片空白的漩涡，脑海里嗡的一声再也剩不下半点思绪。\n她只觉整个灵魂都被这极致的绝顶撕扯震荡，身心在快感的洪流里彻底失守，迷乱与失神交织着将她推向濒临崩溃的边缘。\n伴随{anal}大量肠液失禁般涌流不止的失控感，那份被压抑了太久终于宣泄出来的解脱如决堤般席卷全身，甜美得令她几乎昏厥，被卷进这超乎想象的极致沉醉里再也挣不脱。

2240,action_part_a_orgasm_super_C,0,t_imprisonment_1&CVP_A2_G_GE_-4&CVP_A2_G_LE_-3,积压了无数次、每一次都被生生截停在绝顶前一瞬的快感，此刻终于被主人恩准一齐决堤，{TargetName}只觉一股超乎想象的究极快感如灭顶洪流般将她整个人彻底吞没。\n那从{anal}深处轰然炸开的极致快感强得令她意识瞬间被冲垮，脑海一片惨白，什么都想不了，灵魂仿佛被生生撕裂开来。\n她清楚地感到{anal}大量肠液失禁般喷涌涌流，在这彻底失控的排出般的释放感中，一种被彻底解放的巨大解脱感汹涌而来，甜美得几乎令她昏厥过去。\n身为被囚养的肉奴，她满心尽是对赐下这终极绝顶的博士的崇拜与感激，觉得这方牢笼便是天堂，甘愿永远被主人囚禁圈养，只为一次次被这般彻底地贯穿、支配与解放，沉沦在无边的迷醉与狂喜中再不愿醒来。
2241,action_part_a_orgasm_super_C,0,t_imprisonment_1&CVP_A2_G_GE_-4&CVP_A2_G_LE_-3,当那被反复寸止硬生生压抑到极限的滔天快感终获准一股脑迸发时，{TargetName}被这远超寻常的极致绝顶彻底冲垮了理智，脑中轰的一声炸成空白。\n{anal}深处翻涌上来的快感浓烈得近乎痛楚，一波未平一波又起，将她的思维搅成一团散乱的碎片，灵魂在这灭顶的震撼中战栗颤抖。\n她恍惚感到{anal}大量肠液如失禁般喷涌不止，那种彻底失禁的羞耻本该令她无地自容，可作为甘愿被监禁的肉便器，这份羞耻反而化作更深的迷醉与沉沦。\n积攒许久的快感终于倾泻而出的解脱感令她几乎昏厥，心底翻涌着对主人的无尽感激，只觉能被博士这般囚养、这般彻底地玩弄到解放，便是她此生最大的幸福，甘愿永世匍匐在牢中侍奉主人。
2242,action_part_a_orgasm_super_C,0,t_imprisonment_1&CVP_A2_G_GE_-4&CVP_A2_G_LE_-3,那一次次被逼到巅峰又被强行拽回所攒下的巨量快感，终于在主人首肯下一齐爆开，{TargetName}被这超乎想象的强烈绝顶彻底淹没，意识连根被冲垮。\n从{anal}深处席卷而来的究极快感浓稠得化不开，一层层叠加着冲刷她的神经，脑海空空荡荡，唯余那灭顶的酥麻在灵魂深处炸裂回荡。\n她迷迷糊糊地感到{anal}大量肠液失禁般涌流喷涌，那彻底失控的排出感令她既羞耻又迷醉，身为被囚禁的雌性肉奴，这份彻底的失控恰恰是她最贪恋的极乐。\n压抑已久的快感终获释放的解脱感甜美得令她几近失神，心底满溢着对主人的依恋与感恩，只盼永远被博士锁在这方牢笼里，做他专属的性奴，一遍遍被这样彻底地贯穿到魂飞魄散。
2243,action_part_a_orgasm_super_C,0,t_imprisonment_1&CVP_A2_G_GE_-4&CVP_A2_G_LE_-3,被无数次截停的快感在这一刻终于获准一齐宣泄，{TargetName}只觉一股远超以往任何一次的极致快感如雷霆般轰然贯穿全身，将她的意识彻底击碎成空白。\n{anal}深处迸发的滔天快感强烈到令她灵魂震颤，一波接一波不肯止息，把她的思绪冲刷得支离破碎，眼前阵阵发白发花。\n她清楚地觉出{anal}大量肠液失禁般狂涌而出，那种毫无遮拦的排出般释放令她既羞又醉，作为甘做主人肉便器的囚奴，这般彻底的失控只让她愈发沉沦。\n那份累积到极致后骤然解放的巨大快慰甜蜜得几乎令她昏死过去，心中盈满对博士的崇拜与感激，只觉被囚养在此、被主人这般玩弄到解放便是无上恩宠，甘愿永远为主人所有。
2244,action_part_a_orgasm_super_C,0,t_imprisonment_1&CVP_A2_G_GE_-4&CVP_A2_G_LE_-3,当积蓄了太多太多、每一次都被硬生生扼断的快感终于被主人放行一齐倾泻，{TargetName}被这超乎想象的究极绝顶彻底冲垮，脑中一片空白，濒临崩溃的边缘。\n{anal}深处翻腾而起的极致快感浓烈得令她灵魂都在战栗，一浪高过一浪地将她整个人卷入灭顶的迷醉深渊，思维彻底停摆。\n她恍惚感到{anal}大量肠液失禁般喷涌涌流不止，那彻底失控的排出感带来滔天的羞耻，却又在她这被囚宠物的心里化作最甜美的沉沦与臣服。\n被压抑到极限的快感终获解放的解脱感令她几乎昏厥，心底满是对赐予这一切的博士的狂热崇拜与感激，只愿永生永世被囚禁在这方牢笼，做主人最忠顺的肉奴，一次次被贯穿支配到彻底失神。

2245,action_part_a_orgasm_super_C,0,t_unconscious_flag_1&target_not_sleep_h_awake_but_pretend_sleep,沉睡中的{TargetName}并不知道自己的身体正经历着什么，只觉得梦境的最深处忽然被一股无可名状的巨浪整个掀翻，那是被压抑截停了太多太多次、终于一齐奔涌而来的快感，庞大得超乎想象，将她仅存的一丝朦胧睡意瞬间冲刷得干干净净。\n她在梦里无意识地觉得{anal}深处像是有什么积蓄到极限的东西骤然溃堤释放，那种憋闷了许久终于得以尽情倾泻的解脱感，甜美得令她的意识在睡梦中一片空白，仿佛整个灵魂都被这股洪流撕开又揉碎。\n累积的快感一齐决堤的畅快裹挟着{anal}失禁般涌流的排出感，令她在无边的睡意里迷醉沉沦，连梦都被这极致的舒爽染成了模糊的白。\n她始终没有醒来，思绪早已被这超乎想象的绝顶彻底淹没，只余下一具在快感里无意识战栗的躯体，和一颗在睡梦深处被甜蜜与解脱填满、几近昏沉的心。
2246,action_part_a_orgasm_super_C,0,t_unconscious_flag_1&target_not_sleep_h_awake_but_pretend_sleep,熟睡的{TargetName}浑然不觉，只在梦的最深处被一场超乎想象的极致快感彻底吞没，那被反复拦截、层层堆叠到骇人地步的绝顶终于一齐爆发，庞大的快感如海啸般将她本就朦胧的意识冲得支离破碎，什么都想不起，什么都感觉不到，只剩下没顶的舒爽。\n她无意识地觉得{anal}深处那股憋了太久的东西终于被允许尽数释放，那种积压已久一朝倾泻的解脱感浩大得令她的灵魂在睡梦里颤栗迷醉，甜得几乎令她昏厥过去。\n{anal}失禁般不断涌流的排出感混着无边的快感一并涌上心头，令她在深眠中沉沦得更深，连梦境都被这极乐搅成一片空茫的白光。\n她自始至终未曾睁眼，理智与思绪早被这场究极绝顶冲垮得荡然无存，唯有一颗被解脱与甜蜜灌满的心，在沉沉睡意里无声地迷醉、战栗着，久久回不过神来。
2247,action_part_a_orgasm_super_C,0,t_unconscious_flag_1&target_not_sleep_h_awake_but_pretend_sleep,睡梦中的{TargetName}并不知晓身体里翻腾的一切，只觉一股压抑了无数次、终被放行的滔天快感在梦的尽头轰然炸开，那种超乎想象的极致冲击令她朦胧的神志在瞬间被彻底击碎，脑海里白茫茫一片，连自己身在何处都无从分辨。\n她隐约感到{anal}深处仿佛有座积蓄到顶点的堤坝骤然崩塌，那被截停太多次的快感一齐奔泻而出的解脱，浩瀚而甜腻，将她的灵魂冲刷得酥软迷离，甜美得让她在睡梦里几乎失去了自己。\n伴着{anal}失禁般涌流不止的排出感，那股极致的畅快与羞耻交织着淹没了她，令她在深眠里越陷越深，无从挣脱。\n她始终没有醒转，意识被这超强绝顶彻底冲垮，只余一具无意识颤抖的娇躯与一颗被巨大解脱感填满、迷醉到近乎昏沉的心，在无边睡意中缓缓沉溺。
2248,action_part_a_orgasm_super_C,0,t_unconscious_flag_1&target_not_sleep_h_awake_but_pretend_sleep,{TargetName}深陷睡梦，对这场究极绝顶一无所知，只在意识最幽深处被一股超乎想象的快感洪流整个卷走，那是被一次次逼到边缘又生生截断、终于获准一齐倾泻的巨量快感，磅礴得令她本已朦胧的思绪彻底化作一片空白，什么念头都留不住。\n她无意识地体味到{anal}深处那种憋闷已久终于尽情释放的痛快，解脱感浩大得几乎要将她的灵魂撑裂，甜蜜与迷醉如潮水般层层没顶，令她在梦里战栗沉沦。\n{anal}失禁般大量涌流的排出感夹着极乐一并席卷而来，那种彻底失控的舒爽令她在睡意中迷失得再无边界。\n她自始至终不曾苏醒，思维早被这超强绝顶冲刷得一干二净，只留下一颗被甜美解脱灌得满满当当、近乎昏厥的心，在沉睡里无声地沉醉、颤抖着久久不能自持。
2249,action_part_a_orgasm_super_C,0,t_unconscious_flag_1&target_not_sleep_h_awake_but_pretend_sleep,熟睡的{TargetName}毫无察觉，唯有梦的最深处被一场无可比拟的极致高潮整个淹没，那被反复寸住、堆积到令人骇然地步的快感终于一齐决堤释放，庞大得超乎一切想象，将她残存的朦胧意识冲垮得片甲不留，脑中只剩一望无际的空茫。\n她朦胧地觉得{anal}深处那股积攒到极限的东西被彻底放开，尽情倾泻而出的解脱感甜美得令她的灵魂震颤迷离，仿佛被这股洪流一并撕碎又温柔地卷走，甜到几乎昏沉。\n随着{anal}失禁般涌流不息的排出感，那份极致的畅快与背德的羞耻交融着将她没顶，令她在深眠里沉溺得无法自拔。\n她始终没有从睡梦里醒来，理智被这超乎想象的绝顶彻底冲散，只余一具在快感中无意识痉挛的身子，与一颗被解脱和甜蜜填满、迷醉到近乎失神的心，久久荡漾在无边的睡意之中。

2250,action_part_a_orgasm_super_C,0,t_unconscious_flag_1&target_sleep_h_awake_but_pretend_sleep,被反复吊在绝顶边缘无数次的{TargetName}，此刻终于被允许把那攒积到极致的巨量快感一齐释放，整个人像是被一道究极的电流从{anal}深处贯穿，意识在刹那间被彻底冲垮。\n脑海里轰的一声炸成一片空白，什么都想不了了，只剩下那股汹涌到超乎想象的极致快感一浪高过一浪地将她整个人吞没，累积已久的东西终于宣泄出来的解脱感甜美得让她几乎昏厥过去。\n她明明还清醒地记得自己在装睡，拼命想咬牙维持平稳不被发现，可这股究极的绝顶实在太凶猛，理智根本抵挡不住，只能在紧闭的眼皮下任由灵魂被这场高潮撕裂。\n她隐约感觉到{anal}正失禁般地喷涌着滚烫的肠液，那种彻底失控地被排空的羞耻与迷醉交织在一起，反而让她沉沦得更深。\n那份被压抑了太久终于获得释放的极乐将她卷入甜美的深渊，她一边羞耻于自己装睡还高潮成这副模样，一边又忍不住深深地贪恋着这份灭顶的沉醉。
2251,action_part_a_orgasm_super_C,0,t_unconscious_flag_1&target_sleep_h_awake_but_pretend_sleep,那攒到快要将身体撑爆的快感终于一齐决堤，{TargetName}只觉一股超乎想象的绝顶从{anal}最深处猛地炸开，将她仅存的一点意识连根卷走，脑中瞬间空茫得只剩下白花花的一片。\n究极的快意如海啸般层层叠叠地拍碎在她身上，一波未平一波又起，累积了无数次却被硬生生截停的高潮如今尽数倾泻，那种终于被放行的解脱令她甜蜜得几乎失去知觉。\n她死死记着自己还在装睡，心底反复告诫自己千万不能出声不能睁眼，可这灭顶的快感实在太过霸道，她的理智在一次次冲击下节节溃败，只能在假寐的伪装下无声地承受灵魂被撕裂般的震撼。\n她能清楚地感到{anal}正不受控制地涌流着大量肠液，那种失禁般被彻底排空的羞耻反而化作更浓烈的迷醉，将她拖入更深的沉沦。\n积压许久的极乐终于得以宣泄，那份巨大的解脱与甜美的眩晕交织着，让装睡的她一边惶恐于自己彻底失控的丑态，一边又贪婪地深陷在这场究极的沉醉里无法自拔。
2252,action_part_a_orgasm_super_C,0,t_unconscious_flag_1&target_sleep_h_awake_but_pretend_sleep,终于，那被反复寸止硬生生堵回去太多次的快感一齐奔涌而出，{TargetName}感觉自己整个人都被从{anal}深处爆发的究极绝顶掀翻，意识被冲刷得干干净净，脑子里再也剩不下半点思绪。\n那是一种远远超出她想象的极致快感，密密麻麻地层叠冲撞，将她的神志一遍遍碾碎又淹没，累积已久终获释放的解脱感甜美得近乎残忍，让她几乎当场昏厥过去。\n明明还闭着眼装着熟睡，她却连一根手指都控制不住，心里清楚一旦露了破绽就全完了，可这灭顶的绝顶根本容不得她维持伪装，只能在紧阖的眼皮下任凭灵魂被这股快感生生撕开。\n她恍惚感到{anal}正失禁一般地喷涌不止，那种被彻底掏空排空的羞耻夹着无以复加的迷醉，反倒让这份快感更加令她战栗沉溺。\n压抑了太久的一切终于倾泻殆尽，巨大的解脱化作甜腻的眩晕将她层层包裹，她一边为装睡还淫乱至此而羞得发烫，一边又忍不住深深迷恋着这场究极高潮带来的灭顶欢愉。
2253,action_part_a_orgasm_super_C,0,t_unconscious_flag_1&target_sleep_h_awake_but_pretend_sleep,当那堆积到极限的快感被允许一齐宣泄时，{TargetName}只觉一道究极的绝顶自{anal}深处轰然贯穿全身，她的意识在这一瞬被彻底击碎，脑海空白得连自己是谁都想不起来。\n超乎想象的极致快意如决堤的洪水般奔涌不息，一次次将她仅剩的神志冲垮又淹没，那被截停了无数回的高潮尽数释放开来，累积已久终得宣泄的解脱令她甜美得几近失神。\n她还死撑着装睡的模样，心底一遍遍提醒自己要稳住呼吸别被识破，可这凶猛的绝顶实在无从抵抗，理智被冲得七零八落，只能在假寐的伪装下无声地承受这场灵魂的震荡。\n她隐隐察觉{anal}正失禁般地涌流出滚烫的肠液，那种毫无遮拦地被排空的羞耻与灭顶的迷醉纠缠成一团，反而将她推向更深的沉沦。\n压抑太久的快感终于倾泻而尽，那份巨大的解脱与甜腻的昏沉交织在一处，让装睡的她既羞耻于自己不堪的失态，又忍不住贪恋着这灭顶极乐带来的甜美深渊。
2254,action_part_a_orgasm_super_C,0,t_unconscious_flag_1&target_sleep_h_awake_but_pretend_sleep,被无数次吊到绝顶边缘又硬生生拽回的{TargetName}，此刻终于迎来了一齐倾泻的解放，一股超乎想象的究极快感自{anal}深处轰然爆开，将她的意识彻底冲垮成一片空白。\n那快感浩大得近乎骇人，层层叠叠地碾过她的每一寸神经，累积了太多太久的高潮尽数决堤而出，那种压抑许久终获释放的解脱感甜美得让她几乎昏死过去，灵魂仿佛被生生撕裂。\n她仍紧咬着牙不肯睁眼，拼命想维持住那副熟睡的假象，心底却清楚自己早已彻底失控，只是这灭顶的绝顶太过霸道，容不得她有半分抵抗，只能在装睡的伪装下无声地被快感反复贯穿。\n她清晰地感到{anal}正失禁般地喷涌着大量肠液，那种被彻底排空的羞耻感非但没有唤回她的理智，反而化作更深的迷醉将她牢牢缚住。\n积压已久的极乐终于宣泄殆尽，巨大的解脱化作甜蜜的眩晕层层将她裹住，装睡的她一面羞于自己淫靡失态的丑相，一面又深深沉溺在这场究极高潮的甜美沉醉之中无法自拔。

2255,action_part_a_orgasm_super_C,0,t_unconscious_flag_2,沉醉在浓重酒意里的{TargetName}本就意识模糊、神思恍惚，此刻却被一股超乎想象的究极快感狠狠冲垮了最后一丝神志。\n那些先前一次次被逼到绝顶边缘、却又生生截断的巨量快感，在这一瞬间终于被允许一齐释放，如决堤洪流般将她整个人吞没。\n她只觉脑中轰然炸开一片空白，什么都想不了，也什么都不想去想，醉意与灭顶的极乐交织缠绕，令她的灵魂像是被撕裂般剧烈震颤。\n{anal}深处那种被彻底填满又骤然倾泻的极致快感汹涌而来，累积已久的一切终于得到宣泄，那份巨大的解脱感令她几乎当场昏厥过去。\n{TargetName}在朦胧的醉茫中被冲上了究极的顶点，恍惚间只余无边的迷醉、酥麻与甜到骨子里的沉沦，连自己身在何处都已彻底分不清了。
2256,action_part_a_orgasm_super_C,0,t_unconscious_flag_2,醉得迷迷糊糊、连眼皮都抬不起的{TargetName}，忽然被一场超乎极限的究极绝顶狠狠掀翻。\n积压了无数次、被反复截停而未能宣泄的滔天快感一齐决堤奔涌，那股汹涌的极乐远远超出了她所能承受的一切。\n她的意识在酒精的朦胧之上又被这灭顶的快感彻底击碎，思维化作一片空茫，连羞耻都来不及升起便被冲得七零八落。\n{anal}深处翻涌着究极的酥麻与痉挛的快意，那种累积到极致后终于一泄而尽的巨大解脱，令她整个人几乎瘫成一滩。\n醉意让一切都变得虚幻而遥远，唯有这场究极绝顶真实得令她灵魂震颤，{TargetName}在半醉半迷的恍惚中沉溺进近乎昏厥的甜美深渊，只想就这样彻底融化下去。
2257,action_part_a_orgasm_super_C,0,t_unconscious_flag_2,酒意深沉、浑身发软的{TargetName}早已分不清梦境与现实，偏在此刻被一股究极的极致快感彻底贯穿。\n那被一次次寸住、层层堆积的无数次高潮终于一齐倾泻而出，铺天盖地的快感把她仅存的一点朦胧神志也彻底冲垮。\n她脑中一片空白，什么都抓不住，只觉自己被巨浪卷进了灭顶的深渊，灵魂被撕扯得几近崩溃。\n{anal}深处那种极致的痉挛与失禁般涌流的排出感汹涌交织，累积已久的一切终于得到释放，那份巨大的解脱令她迷醉得几乎失去知觉。\n醉茫与究极绝顶双重夹击，{TargetName}在恍惚中彻底沉沦，唯余无边的酥软、失神与甜蜜到令人昏眩的极乐，连一丝力气都被抽得干干净净。
2258,action_part_a_orgasm_super_C,0,t_unconscious_flag_2,被酒精泡得神志涣散的{TargetName}，只觉眼前一切都朦朦胧胧、飘忽不定，冷不防便被一场超乎想象的究极高潮彻底淹没。\n那些被反复逼近又硬生生掐断的巨量快感一齐决堤，如海啸般将她卷入灭顶的极乐，连喘息的空隙都不留。\n她的意识本就因醉意而模糊，此刻更被这滔天快感冲得一干二净，思维空白得连自己是谁都恍惚了，灵魂像被这股极乐生生撕开。\n{anal}深处翻腾着极致的酥麻痉挛，伴随肠液失禁般涌流而出的那种彻底失控的排出感，那份累积到极限后终于宣泄的巨大解脱，令她甜到骨髓、醉到心尖。\n{TargetName}在半醉半癫的恍惚里被推上究极的巅峰，只剩下无穷无尽的迷醉、颤栗与近乎昏厥的沉沦，彻底缴械投降。
2259,action_part_a_orgasm_super_C,0,t_unconscious_flag_2,醉得意识都快要飘散的{TargetName}，忽然被一股究极的灭顶快感狠狠攫住，整个人被卷进了超乎想象的极乐洪流。\n那被反复寸止而积压下来的无数次绝顶终于一齐放行，铺天盖地地在体内轰然炸开，将她朦胧的醉意与残存的理智一并冲得粉碎。\n她脑海里一片空茫，什么念头都无法成形，只感到自己被这灭顶的快感撕裂、吞没，灵魂在极乐里剧烈震颤。\n{anal}深处那种极致痉挛与大量涌流的失禁排出感汹涌翻腾，累积已久的一切终于得到宣泄，那份巨大的解脱令她迷醉得几近昏厥。\n醉茫叠加着究极绝顶，{TargetName}彻底沉入近乎崩溃的甜美深渊，恍惚间连自己身在何方、身处何境都再也分辨不清，只余满身满心的酥软与沉沦。

2260,action_part_a_orgasm_super_C,0,t_unconscious_flag_3,在时间被彻底冻结的这一刹，{TargetName}的意识连同那场灭顶的极乐一同被定格，那是被一次次逼到绝顶边缘又生生截断、累积到无以复加的巨量快感在此刻轰然合流的超强绝顶。\n积压了太久太久的快感终于获准一齐倾泻，那股几乎要将灵魂撕裂的巨大解脱感如海啸般灭顶而来，却在停滞的时空里被凝固在最汹涌的巅峰，无从消退也无从平息。\n她只觉思维在这一瞬彻底炸成一片惨白的空茫，什么都想不了，整个人被究极的快感冲垮又牢牢封印在极乐的顶点。\n{anal}深处那种大股肠液失禁般狂涌而出的排出感被定格成一种永恒的极致，羞耻、迷醉与灭顶的沉醉尽数冻结，令她在这被截停的一瞬沉溺得几乎要昏厥过去。
2261,action_part_a_orgasm_super_C,0,t_unconscious_flag_3,时间在这一刻彻底停摆，{TargetName}的心神被死死锁在那场超乎想象的究极绝顶里，那是无数次被吊到临界又硬生生斩断的快感一齐爆开所带来的、远胜寻常的灭顶极乐。\n囤积成海的快感终于被允许倾泻而出的巨大解脱，如撕裂灵魂般的震撼狠狠贯穿了她，却在凝固的时空中被封存在最剧烈的顶点，一波未平又无从退去。\n她的脑海一片空白，思绪被这灭顶的快感冲得荡然无存，连一丝清明都无处寻觅，只剩被极乐彻底淹没的迷醉。\n她清晰地感到{anal}正大量喷涌着失禁般涌流不止的肠液，那种彻底失控的排出感裹挟着灭顶的羞耻与甜美，将她拽入几近昏厥的深沉沉沦，被时间牢牢定格在这销魂的一瞬。
2262,action_part_a_orgasm_super_C,0,t_unconscious_flag_3,被彻底叫停的时间里，{TargetName}整个人被那超越极限的终极绝顶淹没并定格，那是层层堆叠、被反复截停到极限的庞大快感在此刻一齐决堤的超强高潮。\n蓄积已久的快感终于获准尽情奔涌的解脱感浩浩荡荡地灭顶而来，仿佛要将她的灵魂连根拔起，那份震撼与迷醉却在停滞的时空中被凝定，久久悬停在最汹涌的巅峰。\n她的意识被这灭顶的极乐彻底冲垮，思维化作一片空白的雪原，什么都抓不住，只余灭顶的沉醉将她整个吞没。\n{anal}深处海量肠液失禁般喷涌不止的排出感被定格成永恒，那种彻底失控的羞耻与灭顶的甜美交织缠绕，令她在这被冻结的一瞬迷醉沉沦到几乎失去自我。
2263,action_part_a_orgasm_super_C,0,t_unconscious_flag_3,时间戛然凝固的这一瞬，{TargetName}被那远超想象的超强绝顶彻底吞没，那是被寸止一次次折磨到崩溃边缘、囤积如山的巨量快感终于一齐释放的究极极乐。\n积攒了无数回的快感终获宣泄的巨大解脱如决堤洪流般灭顶袭来，那种几乎要把灵魂撕碎的震颤与酥麻却被停滞的时空牢牢封存，凝定在最灭顶的顶点无从退散。\n她的思绪彻底炸裂成一片空白，脑海里再无半点念头，整个人被究极的快感冲得神魂俱散，只剩迷醉到崩溃的沉沦。\n她感到{anal}正失禁般狂涌着一波又一波的滔滔肠液，那彻底失控的排出感夹着灭顶的羞耻与甜美，将她拖入几近昏厥的极乐深渊，被时间死死定格在这销魂销骨的顶点。
2264,action_part_a_orgasm_super_C,0,t_unconscious_flag_3,在这被冻结停摆的时间之中，{TargetName}的心神被那灭顶的究极绝顶牢牢攫住并定格，那是被一再吊到临界又强行掐断、累积成海的快感在此刻一齐倾泻的超强高潮。\n压抑了太久的快感终于被允许尽数奔涌的解脱感如灭顶巨浪般席卷，那份撕裂灵魂般的极致震撼被凝固在停滞的时空里，悬停在最汹涌的巅峰迟迟无法平息。\n她的意识被这究极的极乐彻底冲垮，思维一片空白得连自己是谁都恍惚，只余被快感淹没的迷醉与失神。\n{anal}深处那种大量肠液失禁般喷涌涌流不止的排出感被定格成永恒的极致，灭顶的羞耻、迷乱与甜美的沉醉尽数冻结，令她在这被截停的销魂一瞬沉沦得几乎昏死过去。

2265,action_part_a_orgasm_super_C,0,t_unconscious_flag_4,那股被一次次逼到绝顶边缘又生生截断、积攒到几乎要将她撑爆的巨量快感，此刻终于被允许一齐奔涌释放，{TargetName}只觉一股超乎想象的极致快感如海啸般将她整个人狠狠吞没。\n{anal}深处翻涌起灭顶的快意，那份憋闷了太久的快感终于尽数倾泻而出，带来一种几乎令她昏厥的巨大解脱，仿佛灵魂都被这股洪流撕裂震颤。\n她的意识被这究极的绝顶彻底冲垮，脑中一片空白，什么都想不起来，只剩下那铺天盖地的极乐将她层层淹没。\n她隐约感觉到{anal}正大量地喷涌着肠液，失禁般地涌流不止，可在催眠之下，她只觉这一切都合乎常理，没有半分该有的羞耻或慌乱。\n{TargetName}平静地接纳着这场惊天动地的绝顶，理所当然地任由那份积压尽释的甜美解脱将自己吞没，仿佛这般极致的高潮不过是一件再寻常不过的事，安然沉醉在那濒临昏厥的迷离快意里。
2266,action_part_a_orgasm_super_C,0,t_unconscious_flag_4,被反复截停、层层堆叠起来的滔天快感终于决口奔流，{TargetName}被那股远超寻常的极致快意狠狠撞了个正着，整个人瞬间被卷进灭顶的极乐深渊。\n那份压抑积攒了许久的快感一齐释放开来，{anal}深处涌起排山倒海般的甜蜜，令她生出一种几乎要昏死过去的巨大解脱与酥软。\n她的思绪被这究极的绝顶碾得粉碎，脑海里空空荡荡，连自己身在何处都恍惚起来，只余那无边的快感在体内翻腾。\n她模糊地察觉{anal}正失禁般地喷涌着大量肠液，涌流不止，可催眠让她对这份失控毫不在意，只觉得这样淋漓的排出本就理所当然。\n{TargetName}神色平和地承受着这场撕裂灵魂的绝顶，把这般惊人的高潮当作稀松平常的寻常经历，安然而迷醉地沉入那积压尽释、几近昏厥的甜美解脱之中，任凭意识在极乐里彻底涣散。
2267,action_part_a_orgasm_super_C,0,t_unconscious_flag_4,那些被一遍遍逼到临界又硬生生按住、堆积如山的快感，此刻尽数被放行奔涌，{TargetName}只觉一股超乎想象的究极快意猛地将她掀翻，整个人跌进了灭顶的极乐。\n{anal}深处炸开滔天的快感，那份被压抑太久的燥热终于得偿释放，带来一种令她几乎要昏厥过去的巨大解脱，仿佛周身的骨血都被这股洪流融化。\n她的意识被这极致的绝顶彻底冲垮，思维一片空白，连时间的流逝都感觉不到，只剩铺天盖地的酥麻将她层层裹缠。\n她隐约觉察到{anal}正大量地失禁喷涌着肠液，涌流不休，可在催眠的作用下，她只觉这般淋漓的排出天经地义，没有丝毫羞赧与抗拒。\n{TargetName}就这样平静而理所当然地接纳着这场惊天的绝顶，把如此极致的高潮视作再普通不过的日常，安然沉醉在那积压尽泄、近乎昏厥的迷离甜美里无法自拔。
2268,action_part_a_orgasm_super_C,0,t_unconscious_flag_4,一次次被推到绝顶边缘又被生生掐停的快感终于被彻底松绑，全部一齐奔涌爆发，{TargetName}被那股远超寻常的极致快意冲刷得神魂俱裂，整个人陷入灭顶的极乐洪流。\n{anal}深处翻腾起排山倒海的快感，积攒许久的燥热尽数倾泻而出，那份几乎令她昏厥的解脱感如潮水般将她整个人卷走。\n她的神志在这究极的绝顶里被碾得支离破碎，脑中一片空茫，连一个清晰的念头都拼凑不出，只余漫天的快感在身体里横冲直撞。\n她恍惚感到{anal}正失禁般地喷涌着海量肠液，涌流不止，可催眠令她对这份彻底的失控毫无芥蒂，只觉这样的排出本就合乎情理。\n{TargetName}神情淡然地承受着这场撼动灵魂的绝顶，把这般惊人的极乐当成理所当然的寻常事，安然而沉醉地任由那份积压尽释的甜美解脱将自己彻底淹没，意识在极致的迷离里缓缓涣散。
2269,action_part_a_orgasm_super_C,0,t_unconscious_flag_4,被压抑到极限的滔天快感一朝尽数决口奔涌，{TargetName}只觉一股彻底碾碎理智的究极快意将她整个人狠狠吞噬，跌进了无边无际的极乐深渊。\n那份憋闷积攒了太久的快感终于被允许一齐释放，{anal}深处涌起灭顶的甜蜜，带给她一种几乎要昏死过去的巨大解脱，仿佛整个灵魂都在这股洪流里震颤碎裂。\n她的意识被这超乎想象的绝顶彻底冲垮，脑海空白得什么都容不下，连自己是谁都变得模糊不清，只剩那铺天盖地的极乐在体内翻涌不息。\n她朦胧地感觉到{anal}正大量失禁地喷涌着肠液，涌流不休，可在催眠之下，她只把这份淋漓的排出当作理所当然，脸上没有一丝羞耻与惊慌。\n{TargetName}平静地沉浸在这场惊天动地的绝顶里，把如此极致的高潮视作合乎常识的寻常经历，安然而迷醉地任由那份积压尽泄的甜美解脱将自己层层淹没，在近乎昏厥的甜蜜里彻底失神。

2270,action_part_a_orgasm_super_C,0,t_unconscious_flag_5,被催眠成一片空无的{TargetName}，此刻脑海里空空荡荡，对自己身上正在爆发的这场惊天绝顶没有半分自觉。\n那积压了太久太久、被反复截断后终于一齐奔涌而出的究极快感，如同滔天海啸般将她整个人从内到外彻底淹没，一浪高过一浪地冲刷着她的每一寸神经，可她的意识却像隔着一层厚厚的雾，只把这灭顶的快意当作了不存在的空气。\n{anal}深处传来失禁般涌流不止的排出感，那本该是羞耻到极点的失控，她却全然无所谓，任由那股究极的酥麻在体内横冲直撞。\n巨量快感终于得到宣泄的那种灭顶解脱感将她的思维冲刷得一片雪白，灵魂仿佛被撕裂又被填满，可她茫然的眼神里却映不出丝毫波澜，只是浑浑噩噩地承受着这一切，仿佛这场超乎想象的极致高潮从头到尾都与她这个人毫不相干。
2271,action_part_a_orgasm_super_C,0,t_unconscious_flag_5,{TargetName}的意识早已被催眠术抹成了一张白纸，任凭身上发生天翻地覆的巨变，她的心里都没有泛起哪怕一丝异样。\n可那被寸止折磨到极限、层层堆叠的巨量快感终究还是一齐炸裂开来，化作一股势不可挡的究极狂潮，将她的理智连根冲垮，思绪在这灭顶的快意中彻底化为乌有。\n{anal}被那漫长而极致的痉挛撕扯着，大量肠液失禁般地涌流而出，那种彻底失控的排出感本该令她羞愧到无地自容，她却毫无知觉，只把这一切当成了周遭的空气。\n积攒已久的快感终于一齐释放所带来的那种近乎昏厥的甜美解脱，一遍遍地漫过她空白的脑海，将她冲刷得神魂俱散，可她茫然的面容上却读不出任何情绪，仿佛承受着这究极绝顶的根本不是她自己，只是一具被快感彻底吞没却浑然不觉的躯壳。
2272,action_part_a_orgasm_super_C,0,t_unconscious_flag_5,脑中一片空茫的{TargetName}，对自己正被推上快感顶峰的事实毫无察觉，仿佛周身发生的一切都不过是与她无关的空气。\n然而那些被一次次逼到边缘又硬生生截住的快感，此刻终于汇成滔天巨浪一齐奔涌，狠狠地将她卷入究极绝顶的漩涡，那远超以往任何一次的极致快意如撕裂灵魂般震撼着她，把她的思维冲刷得干干净净。\n{anal}深处传来失禁般涌流不止的强烈排出感，一波波灭顶的酥麻从那里炸裂开来席卷全身，可她的意识却始终麻木而空洞，感受不到丝毫羞耻，也生不出半点抗拒。\n那种积压到极点的快感终于得以一齐宣泄的巨大解脱，甜美得几乎令她昏厥过去，将她整个人都溺进了迷醉的深渊，然而她涣散的双眼里却空无一物，只是懵然地承受着这场究极的冲刷，全然不知自己方才经历了怎样一场超乎想象的绝顶。
2273,action_part_a_orgasm_super_C,0,t_unconscious_flag_5,{TargetName}被催眠得如同灵魂出窍，任凭那场翻天覆地的绝顶在体内爆发，她的心湖都不曾荡起一圈涟漪。\n被反复寸止累积到极限的快感终于一齐倾泻，化作一股究极的狂澜将她彻底吞没，那种远远超出寻常绝顶的灭顶快意一遍遍冲垮她的神志，把她的思维碾成一片空白。\n{anal}承受着极致而漫长的痉挛，大量肠液失禁般地涌流不息，那股彻底失控的排出感在体内翻涌，本该是钻心的羞耻与迷乱，她却浑然无觉，只是空洞地任由那究极的酥麻将自己一寸寸淹没。\n那被压抑了太久的快感终于获准一齐释放的解脱感，如潮水般一浪浪漫过她空茫的意识，甜美到令她几乎失去所有知觉，可她茫然的神情里却映不出半点起伏，仿佛这场撕裂灵魂的超强绝顶，只是从她身边悄悄掠过的一阵空气。
2274,action_part_a_orgasm_super_C,0,t_unconscious_flag_5,被彻底催眠的{TargetName}，脑海空无一物，对自己身体正在承受的这场究极冲击没有丝毫自觉。\n那被寸止术层层截停、堆叠到极致的快感终于一齐爆发，汇成一股灭顶的滔天狂潮，将她的理智连同神志一并冲得七零八落，那超乎想象的极致快意如惊雷般在她体内炸开，把她的思维彻底轰成了空白。\n{anal}深处那失禁般涌流不止的排出感一浪接着一浪，那种令人羞耻到极点的彻底失控，她却全然感知不到，只把这灭顶的快感与滔滔涌流当作了不存在的空气，任其肆意宣泄。\n积压已久的快感终于一齐释放所带来的那种近乎昏厥的甜美解脱，一遍遍将她卷入迷醉与失神的深渊，然而她涣散空洞的双眼里却始终一片茫然，仿佛承受着这场超强绝顶的躯体与她的意识早已彻底剥离，无知无觉地沉没在究极的快意里。

2275,action_part_a_orgasm_super_C,0,target_is_player_daughter,{TargetName}的意识在那一瞬被彻底冲垮，{anal}深处炸开的巨浪比以往任何一次都要猛烈千百倍，仿佛整个灵魂都要被这股快感撕裂开来，令她连自己身在何处都恍惚得说不清楚。\n身为{Name}亲生女儿的她，心底深处那份从小便对父亲怀有的依恋此刻与浓烈的背德感彼此纠缠，在这场终于被释放的绝顶中翻涌成汹涌的浪潮，让她连该羞耻还是该沉醉都分不清楚，只觉得整颗心都被搅得天翻地覆。\n积压已久的快感一朝尽数释放，那种巨大的解脱感几乎令她濒临昏厥，脑海里一片空白，什么念头都抓不住，只剩下铺天盖地的酥麻和眩晕反反复复地冲刷着她。\n她隐约意识到自己正沉沦在这份不被世俗所容的禁忌欢愉里，可那股席卷全身的极致快感却让她根本无力抗拒，只能任由自己彻底沦陷在这场灵魂震颤般的超强绝顶之中，久久无法找回自己。
2276,action_part_a_orgasm_super_C,0,target_is_player_daughter,一股远超以往任何一次的极致快感猛地从{anal}深处炸裂开来，{TargetName}被这股狂潮冲得思维彻底空白，连呼吸都跟着乱了节奏，什么都无法思考，只剩下一片眩晕的空白在脑海里回荡。\n她是{Name}的亲生女儿，本该只拥有寻常的父女之情，此刻却在这场终于释放的绝顶里，清晰地感受到那份埋藏心底已久、连自己都不敢细想的爱慕与眷恋，正随着快感一起决堤，将残存的理智一并冲垮。\n被反复中断又终于得到释放的巨大解脱感几乎将她的灵魂撕裂，浑身上下都被一种近乎昏厥的甜美沉醉所笼罩，四肢百骸都酥软得不像自己的。\n羞耻、背德与深深的迷恋交织成一片，让她根本无法理清自己此刻究竟是痛苦还是幸福，只能在这场超乎想象的绝顶浪潮里彻底失神，任由自己一点一点地沉沦下去，无法自拔。
2277,action_part_a_orgasm_super_C,0,target_is_player_daughter,{anal}深处骤然迸发的极致快感如雷霆般轰击而下，{TargetName}的意识瞬间被冲得七零八落，脑海里只剩下一片眩晕的空白，什么都抓不住，什么都想不起来，连自己是谁都变得模糊起来。\n身为{Name}女儿的她，心底那份不该有的、对父亲近乎痴迷的依恋此刻毫无保留地涌了上来，与积压已久终于释放的快感交织在一起，让她整颗心都被那种复杂难言的甜蜜与愧疚死死攥住，几乎喘不过气来。\n那种被反复截断又终于一齐释放的解脱感几乎令她当场昏厥过去，全身仿佛都被抽空，只剩下滚烫的余韵在血液里翻涌不休。\n她隐约知道这份感情早已越过了父女之间该有的界限，却在这场灵魂般的震撼中彻底放弃了抵抗，只想沉溺在这份禁忌又幸福的绝顶余韵里，久久舍不得醒来。
2278,action_part_a_orgasm_super_C,0,target_is_player_daughter,{TargetName}被这场超乎想象的绝顶彻底冲垮了理智，{anal}深处翻涌的快感一浪高过一浪，仿佛要将她的灵魂连根拔起，震得她浑身发颤，连思绪都被搅得支离破碎。\n作为{Name}的亲生女儿，她本该守着最寻常的亲情，可此刻积攒已久的快感喷薄而出的瞬间，那份深藏心底、对父亲难以启齿的爱恋也随之决堤，与羞耻和罪恶感纠缠成一团，把她的心搅得天翻地覆，几乎要将她压垮。\n历经无数次被生生截停后终于得到释放的巨大解脱感，让她几乎当场昏厥，脑海里一片空白，只剩下滔天的酥麻与眩晕反复冲刷。\n她既想为这份不伦的悸动感到害怕，又忍不住沉醉在这份被父亲带来的极致快感之中，只能任由自己在这场灵魂震颤般的超强绝顶里彻底沦陷，久久回不过神来。
2279,action_part_a_orgasm_super_C,0,target_is_player_daughter,一场远比以往任何一次都要猛烈的绝顶从{anal}深处轰然炸开，{TargetName}的思维在刹那间被冲得支离破碎，连呼吸都跟着乱了节奏，脑海里空空荡荡，什么都无法思考，只剩下无边无际的酥麻在身体里反复回荡。\n她清楚地知道自己是{Name}的亲生女儿，可此刻那份藏在心底多年、连自己都不敢承认的爱慕，却随着积压已久终于释放的快感一同奔涌而出，与深重的背德感搅在一起，让她的心情复杂得几近崩溃。\n那种被反复寸止后终于释放的解脱感几乎让她濒临昏厥，浑身都被一种近乎虚脱的甜美餍足所包裹，久久不愿散去。\n羞耻与幸福同时涌上心头，令她再也分不清这份感情究竟是罪孽还是救赎，只能沉沦在这场超乎想象的绝顶余韵里，久久无法找回自己。

2280,action_part_a_orgasm_super_C,0,t_unconscious_flag_6&t_hypnosis_blockhead,{TargetName}的意识清醒得可怕，她能清清楚楚地感知到自己被操控得动弹不得，却根本无力阻止这场究极绝顶将自己彻底吞没。\n那些一次次被逼到顶点又硬生生截断的巨量快感，此刻如崩塌的洪流般轰然全数涌回，瞬间将她的神智冲刷得一片惨白。\n她能感觉到{anal}正极度剧烈地痉挛翻搅，滚烫的肠液失禁般地喷涌涌流不止，那种彻底失控的排出感令她羞耻得几乎昏厥。\n可偏偏无法动弹的身体只能被迫承受，越是清醒就越是难堪，越是难堪那快感就越是汹涌得没顶。\n累积了太久太久的欲潮终于获准一齐宣泄的巨大解脱感，混着灵魂被撕裂般的震颤席卷了她的全身。\n她的思维在这超乎想象的极乐里彻底崩解，只剩下无边的迷醉与濒临崩溃的甜美沉沦，连一丝清明都再也抓不住。
2281,action_part_a_orgasm_super_C,0,t_unconscious_flag_6&t_hypnosis_blockhead,被精神操控牢牢锁住的{TargetName}保有着全部的知觉，正因如此，她才无比清晰地体会到这场极致绝顶是何等地超乎想象。\n那被反复寸止一次次压抑截停的滔天快意终于被放开闸门，海啸般一齐倾泻炸开，将她的意识瞬间碾成一片空茫。\n她清楚地感觉到{anal}疯狂地连续绞缩痉挛，大量滚烫的肠液毫无节制地喷薄失禁而出，那份彻底失禁般的排出感让她的羞耻攀到了顶点。\n身体不听使唤动弹不得，她只能眼睁睁地任凭那没顶的快感将自己一层层贯穿淹没，连挣扎的余地都没有。\n积压已久终于宣泄而出的解脱感甜美得让她几乎昏死过去，灵魂仿佛被这股极乐震得四分五裂。\n她的脑海里再无半点思绪，只余下迷乱失神的沉醉与被快感彻底冲垮的甜蜜崩溃，深深坠入无底的沉沦。
2282,action_part_a_orgasm_super_C,0,t_unconscious_flag_6&t_hypnosis_blockhead,清醒的知觉是{TargetName}此刻最大的折磨，她被操控得连一根手指都动不了，却要以完整的意识去承受这远超想象的究极高潮。\n那些被一次次逼近又强行掐断所囤积的无数次快感，此刻毫无阻拦地全数决堤，如惊涛骇浪般将她的神智整个掀翻淹没。\n她能真切地感到{anal}极度剧烈地翻涌抽搐，滚烫的肠液如失禁般狂涌不休，那种失控涌流的羞耻感令她迷醉得几近发疯。\n无法自主的身体只能被动地被这泼天快意反复冲刷，越清醒便越难堪，那份难堪却诡异地令快感更加汹涌澎湃。\n压抑了太久的欲望终于一齐释放的解脱感席卷而来，甜美得让她的意识彻底涣散融化。\n她的思维在这一刻被冲垮成一片空白，只剩灵魂震颤般的极乐与濒临昏厥的迷离沉醉，再也无法自持。
2283,action_part_a_orgasm_super_C,0,t_unconscious_flag_6&t_hypnosis_blockhead,{TargetName}分明保有着清醒的心神，能感知到周身的一切，偏偏身体被无形之力禁锢得纹丝难动，只能被迫迎接这究极的极乐。\n那被寸止手段层层压抑截停下来的巨量快感终于获准一齐喷发，如积蓄到极限的洪流轰然决堤，瞬间将她的意识淹没得干干净净。\n她清晰地感觉到{anal}疯狂而漫长地绞缩痉挛，滚烫的肠液大股大股地喷涌失禁般涌流不止，那彻底失控的排泄感让她的羞耻沸腾到了极点。\n动弹不得的躯壳只能一味承受，清醒的意识令这份难堪与快意都被放大到了不可思议的地步。\n囤积了无数次终得宣泄的巨大解脱感甜美得几乎将她溺毙，灵魂像被撕裂般剧烈震颤。\n她的脑中一片空白混沌，唯余无边的迷醉失神与被快感彻底击垮的甜蜜崩溃，整个人深深坠入销魂的深渊。
2284,action_part_a_orgasm_super_C,0,t_unconscious_flag_6&t_hypnosis_blockhead,被操控着动弹不得的{TargetName}拥有着彻底清醒的意识，她只能清清楚楚地感受自己是如何被这场超乎想象的绝顶生生贯穿。\n那些被反复逼到边缘又强行截停所累积的滔天快感，此刻毫无保留地一齐奔涌爆开，将她仅存的一丝理智瞬间冲刷得荡然无存。\n她能感觉到{anal}极度剧烈地连续收缩翻搅，滚烫的肠液失禁般地大量喷涌成注，那种止不住的排出感令她羞耻得浑身发烫却又迷醉沉沦。\n被禁锢的身体无从反抗，只能任由这没顶的快意一波波将自己彻底淹没吞噬。\n压抑太久终于一泄而出的巨大解脱感如潮水般席卷全身，甜美得让她几乎失去了所有意识。\n她的思绪彻底崩解成一片空茫，只剩灵魂被撕裂般的震撼与濒临崩溃的极致沉醉，深深沉入无边无际的销魂快感里再也拔不出来。

2285,action_part_a_orgasm_super_C,0,t_unconscious_flag_6&t_hypnosis_active_h,被精神操控着的{TargetName}只觉得那被截停了无数次、堆积到几乎要将她撑爆的巨量快感，终于在这一刻被彻底放行，如决堤的洪流般轰然灌满了全身。\n她的心底本还残存着一丝不愿与羞耻，明明想要抗拒，被操纵的身体却诚实地主动迎向那股灭顶的快意，这种身心的割裂让极致的快感更添了几分令她战栗的耻辱。\n{anal}深处翻涌上来的绝顶浪潮超乎想象地凶猛，将她的意识一瞬间冲刷得干干净净，脑海里一片空白，什么都想不了，只剩下被撕裂般的震颤席卷灵魂。\n那种累积了太久的东西终于一齐释放出来的巨大解脱感令她几乎昏厥，甜美得让她眼角沁出了失神的泪水，她隐约感到{anal}正失禁般地涌流不止，却连一丝羞耻的力气都提不起来，只能在这毁灭般的极致迷醉里彻底沉沦，任凭滔天的快感将她残存的理智连根拔起，将她烧成一具空茫颤抖的躯壳。
2286,action_part_a_orgasm_super_C,0,t_unconscious_flag_6&t_hypnosis_active_h,心中分明在尖声呐喊着不要，可被控制的{TargetName}却眼睁睁看着自己的身体主动沉溺其中，将那被反复逼停后累积如山的快感一口气尽数释放了出来。\n那一瞬间，超乎想象的极致绝顶如海啸般将她整个人吞没，意识被冲垮得支离破碎，思维彻底陷入一片茫茫的空白，连自己是谁都恍惚了。\n{anal}深处炸开的快感浪潮凶猛得令她灵魂都在震颤战栗，被压抑了太久太久的一切终于得以宣泄的解脱感汹涌而至，甜美得令她几乎要昏死过去，脑中只余一片灼白的眩晕。\n她恍惚间觉出{anal}正失禁般地喷涌涌流个不停，那种彻底失控的排出感带来铺天盖地的羞耻，可这羞耻转瞬便被更凶猛的迷醉与快意淹没，令她在身心撕裂般的极致沉沦里再也分不清抗拒与渴求，只余一具被快感烧空的躯壳在无助地痉挛颤抖着，连思绪的碎片都被冲散殆尽。
2287,action_part_a_orgasm_super_C,0,t_unconscious_flag_6&t_hypnosis_active_h,被操纵着主动迎合的{TargetName}，只觉得那憋积到极限、被中断了一次又一次的快感，终于毫无保留地一齐倾泻而来，将她连同残存的意志一同冲垮碾碎。\n究极的绝顶远远超出了她所能承受的一切，快感凶猛得如同灭顶的巨浪，脑海刹那间被冲刷成一片空白，思维濒临崩溃，灵魂仿佛被生生撕裂开来。\n她心底那点被操控的抗拒与羞耻在这滔天的快意面前不堪一击，被巨量快感终于得以释放的巨大解脱感彻底融化，甜美的迷醉令她几近失神昏厥，连呼吸都忘却了。\n{anal}深处那种失禁般涌流不止的排出感令她又羞又乱，可这份耻辱只让极致的沉沦更加深切，她被彻底榨空了神志，只能在这超乎想象的绝顶狂潮里迷乱地战栗着，任由累积已久的一切在她体内轰然炸尽，将她彻底烧成一片混沌，久久回不过神来。
2288,action_part_a_orgasm_super_C,0,t_unconscious_flag_6&t_hypnosis_active_h,被精神支配着的{TargetName}怎么也压不住那股堆叠到顶点、被硬生生截停了无数回的巨量快感，此刻终于获准一齐奔涌而出，将她整个人卷入了灭顶的深渊。\n那是超乎想象的究极绝顶，凶猛的快意如惊涛骇浪般拍碎了她所有的意识，脑中一片空茫，思绪断成了碎片，灵魂被震得几乎要飞散出去。\n明明心底还残留着不愿沉沦的一丝清明，被操控的身体却诚实地迎来这场极致的高潮，那种身不由己的羞耻与快感交织，令她的沉沦更添几分惑乱的甜，理智在这撕扯里彻底土崩瓦解。\n她朦胧中感到{anal}正失禁般地喷涌涌流着，那铺天盖地的排出感令她羞耻得几近崩溃，然而被压抑太久的快感终于释放的解脱感又甜美得令她昏眩，将她彻底融化在这场撕裂灵魂的极致迷醉里，再无半分挣扎的余力，只能任凭快感将她吞没得一干二净。
2289,action_part_a_orgasm_super_C,0,t_unconscious_flag_6&t_hypnosis_active_h,被操控的{TargetName}主动将身体交付给那股累积到极限的快感，被反复截停积攒下的一切，在获准释放的刹那如山崩海啸般一齐炸开，将她连根冲垮。\n超乎想象的极致绝顶凶猛得没有一丝余地，她的意识在顷刻间被彻底冲刷成空白，脑海里什么都不剩，只有灵魂被撕裂般的剧烈震颤一波波袭来，将她的神志震得七零八落。\n她心中残存的那点羞耻与抗拒早已被这滔天的快意冲得无影无踪，取而代之的是巨量快感终获释放的巨大解脱，甜美迷醉得令她几欲昏厥失神，眼神也涣散得再聚不起焦。\n{anal}深处那失禁般涌流不止的感觉令她又惊又羞，却再也生不出半点抵抗，只能在这毁灭般的究极快感里彻底沉沦融化，被操纵的躯体不住地战栗抽动，神志被烧成了一片混沌的空白，连羞耻都无从升起。

2290,action_part_a_orgasm_super_C,0,CVP_A2_T|104_E_1,积压了太久太久的快感终于在这一瞬被彻底放行，年轻的{TargetName}只觉得一股无法想象的巨浪从{anal}深处轰然炸开。\n那么多次被逼到绝顶边缘又生生截停的甜蜜，此刻一齐奔涌而来，少女的意识被这股洪流彻底冲垮，脑海里瞬间白得什么都不剩。\n她清晰地感觉到{anal}正大量地喷涌出失禁般的肠液，涌流不止，那种彻底失控的排出感带来无以复加的羞耻，却又诡异地混着令她灵魂震颤的极致快意。\n积累已久的快感终于得以宣泄的巨大解脱感将她整个人温柔地淹没，年轻的身体在极乐里失神颤栗，思绪一片空白。\n那超乎想象的绝顶把她冲得神魂俱散，只余下几乎昏厥的甜美沉醉，令青涩的她彻底沉沦其中，再也无力自拔。
2291,action_part_a_orgasm_super_C,0,CVP_A2_T|104_E_1,憋忍了无数次的快感在这一刻齐齐决堤，{TargetName}年轻的脑子里轰的一声炸开，随即陷入一片空茫的虚白。\n一次次濒临绝顶却被硬生生掐停所累积的巨量快意，如今终于一口气尽数释放，少女只觉灵魂像被撕裂一般剧烈震颤。\n她能感觉到{anal}正失禁般地大量涌流着滚烫的肠液，那种止不住往外喷涌的排出感令青春的她羞耻得快要融化，偏又沉溺其中无法自拔。\n那股积压终于得到宣泄的解脱感如潮水般席卷而来，将她冲入近乎昏厥的甜蜜沉醉。\n意识被这超乎想象的极致绝顶彻底冲垮，年轻的她什么都想不了，只能在灵魂颤栗的迷醉里放任自己彻底沦陷，沉入那片甜美的空白深渊。
2292,action_part_a_orgasm_super_C,0,CVP_A2_T|104_E_1,那被反复截停又强行压下的一波波快感，此刻汇成滔天巨浪将{TargetName}一举吞没，年轻的她瞬间被冲得神志尽失。\n囤积了太多次的极致快意一齐倾泻而出，少女只觉脑中一片空白，灵魂仿佛被这股巨力生生撕开，震得她浑身战栗。\n她清楚地感到{anal}正大量地喷涌肠液，失禁般地涌流不休，那种彻底失禁的排出感令青涩的她羞耻得无地自容，偏偏这羞耻又化作更浓的迷醉，一层层将她裹住。\n积攒许久终获释放的巨大解脱感令她几乎昏厥，甜美得叫人不愿醒来。\n这场超乎想象的究极绝顶将年轻的她彻底冲垮，思维空空荡荡，唯余灵魂深处那阵撕裂般的震撼与近乎失神的甜蜜沉沦，久久无法回神。
2293,action_part_a_orgasm_super_C,0,CVP_A2_T|104_E_1,一直被死死压抑的快感终于决堤而出，{TargetName}年轻的意识在这一瞬被彻底淹没，脑海里只剩一片空白的轰鸣。\n那么多次逼近绝顶又被强行中断所累积下的巨量甜蜜，此刻齐齐奔涌，少女被这股洪流冲得魂飞魄散，几近崩溃。\n她感觉到{anal}正失禁般大量喷涌着肠液，涌流不止，那种再也收不住的排出感让青春的她羞耻到极点，偏又在这羞耻里迷醉沉沦得越发深陷。\n积压已久的快感终于宣泄殆尽的巨大解脱感席卷全身，甜美得令她几乎昏死过去。\n超乎想象的极致绝顶把年轻的她冲成一片空茫，灵魂被撕裂般震颤着，只余无边的迷醉与失神，令青涩的她彻底沉溺，再无一丝挣扎之力。
2294,action_part_a_orgasm_super_C,0,CVP_A2_T|104_E_1,憋积了太久的巨量快感在这一刻轰然放行，年轻的{TargetName}只觉一股无法招架的极乐洪流从{anal}深处直冲脑际。\n无数次被寸止掐断的高潮此刻一齐倾泻，少女的意识被彻底冲垮，脑子里空空荡荡，什么念头都再也抓不住。\n她清晰地感到{anal}大量地喷涌出失禁般的肠液，止不住地涌流，那种全然失控的排出感令青涩的她羞耻得浑身发烫，可这羞耻偏偏又酿成灵魂深处的极致迷醉。\n积攒许久终得释放的巨大解脱感如暖流般将她整个人融化，甜美得近乎昏厥。\n这场超乎想象的究极绝顶把年轻的她震得神魂俱裂，唯余思维一片空白与近乎失神的甜蜜沉沦，令她在这极致的迷醉里久久无法自拔。

2295,action_part_a_orgasm_super_C,0,CVP_A2_T|105_E_1&high_1,积压了太久太久的快感终于被允许一齐奔涌而出的刹那，{TargetName}只觉得一股超乎想象的滔天巨浪将她整个人彻底吞没了。\n那是远远凌驾于以往任何一次绝顶之上的究极快感，被一次次逼到边缘又生生截断的煎熬在这一刻尽数化作汹涌的释放，令她成熟的意识被彻底冲垮，脑海里一片纯白，什么都想不起来了。\n灵魂仿佛被这股极致的快感撕裂开来，她迷醉得几乎昏厥，那份憋闷已久终于得到宣泄的巨大解脱感令她甜美得想要落泪。\n她能清晰地感觉到{anal}正一阵阵疯狂地绞缩着，大量的肠液失禁般地涌流而出，那种彻底失控的排出感令她成熟的心底涌起了滔天的羞耻，可这羞耻又诡异地与极致的迷醉交融在一起，将这位大姐姐彻底拖入了无边的沉沦。\n青涩与成熟在这一刻尽数瓦解，她只剩下被快感填满的空茫与解脱。
2296,action_part_a_orgasm_super_C,0,CVP_A2_T|105_E_1&high_1,当那些被反复截停、层层堆叠到极限的快感终于一齐倾泻而出时，{TargetName}的整个世界在这一瞬彻底炸成了白光。\n这股究极的绝顶远非寻常高潮可比，凶猛得如同决堤的洪流，将她成熟的理智连同最后一丝矜持一并冲刷得干干净净，脑中一片混沌空茫，濒临崩溃的边缘。\n她只觉灵魂都在这股极致的快感中震颤碎裂，迷醉与失神层层叠叠地将她淹没，那份积蓄了无数次终于得以释放的解脱感甜美得令她几乎要昏死过去。\n她恍惚间感到{anal}正失控地翻涌绞缩，大量肠液失禁般地喷涌不止，那种再也止不住的排出感令这位大姐姐羞耻得无地自容，偏偏这份极致的羞耻反倒成了迷醉的催化剂。\n成熟的从容与青涩的慌乱尽数崩塌，她彻底沉溺在这场超乎想象的解脱与沉醉之中，再也分不清自己身在何处。
2297,action_part_a_orgasm_super_C,0,CVP_A2_T|105_E_1&high_1,那憋闷已久、被一次次逼到绝顶前又硬生生按下的快感终于决堤奔涌的瞬间，{TargetName}被一股超乎想象的极致快感彻底击溃了。\n这是她从未体验过的究极绝顶，快感凶猛得没有任何余地，将她成熟的意识连根冲垮，脑海里只剩一片刺目的空白，连自己是谁都想不起来了。\n她感觉灵魂都在这滔天的快感里被撕成了碎片，极度的迷醉与失神令她整个人飘飘忽忽，而那份积攒许久终于得以尽数宣泄的巨大解脱感，甜美得让她的眼眶不受控制地泛起了泪光。\n恍惚中她清晰地感到{anal}正疯狂地痉挛绞缩，大量肠液失禁般地涌流而出，那彻底失控的排出感令她成熟的心底羞耻得快要烧了起来，可这羞耻偏偏与究极的快感缠成一团，将这位大姐姐推向了更深的沉沦。\n她成熟中残存的青涩此刻荡然无存，只剩被快感与解脱填满的甜蜜昏眩。
2298,action_part_a_orgasm_super_C,0,CVP_A2_T|105_E_1&high_1,被压抑到极限的滔天快感终于获准一齐释放的那一刻，{TargetName}只觉得脑中轰然一声炸响，整个人被彻底掀翻在究极的快感浪潮里。\n这份绝顶远远超出了她所能承受的极限，快感如海啸般层层叠叠地将她成熟的神智彻底冲垮，思绪化作一片空茫，濒临崩溃却又甜美得令她舍不得挣脱。\n她感到灵魂在这股极致的洪流中震颤碎裂，迷醉的失神一波接一波，那份累积了太多次终于得以宣泄的巨大解脱感，令她甜蜜得几乎失去了意识。\n她隐约感到{anal}正一下下疯狂地绞缩翻涌，大量肠液失禁般地喷涌流淌，那种再也无法自控的排出感令这位大姐姐羞耻得浑身发烫，可极致的迷醉早已将这点羞耻彻底吞没。\n成熟的端庄与青涩的娇怯在这场究极绝顶里一齐溃散，她只剩下被解脱与沉醉填满的空白神情。
2299,action_part_a_orgasm_super_C,0,CVP_A2_T|105_E_1&high_1,那被反复截断而不断累积的巨量快感终于被允许尽数迸发的瞬间，{TargetName}整个人被一股超乎想象的极致洪流彻底卷走了。\n这场究极的绝顶凶猛得令她成熟的意识瞬间崩溃瓦解，脑海里一片空白，思维彻底停摆，连呼吸都忘记了该如何进行。\n她只觉灵魂都被这股滔天的快感撕扯得粉碎，极度的迷醉与恍惚将她一层层淹没，那份憋屈了太久终于宣泄而出的巨大解脱感，甜美得令她几乎要溺毙在其中。\n恍惚间她清晰地感觉到{anal}正失控地疯狂绞缩，大量肠液失禁般地涌流不止，那种彻底失控的排出感令这位大姐姐成熟的心底羞耻到了极点，偏偏这份羞耻又与究极的快感交融，将她推入更深的甜蜜沉沦。\n成熟与青涩交织的矜持在这一刻荡然无存，她只剩下被极致解脱彻底填满的迷醉与昏沉。

2300,action_part_a_orgasm_super_C,0,CVP_A2_T|106_E_1,积攒了太多次、被一而再截断的快感终于被彻底放行的刹那，{TargetName}只觉一股超乎想象的灭顶快意从{anal}深处轰然炸裂开来，瞬间将她的意识冲刷得一干二净。\n那是远远凌驾于寻常绝顶之上的究极愉悦，如汹涌的洪流般席卷她成熟丰腴的每一寸身体，多年历练养出的沉稳从容在这一瞬彻底土崩瓦解。\n她的脑海一片空白，什么都想不了，灵魂仿佛被这股巨浪撕裂又高高抛起，迷醉与失神几乎令她昏厥过去。\n最让她无法承受的是那种憋闷太久终于尽数宣泄的巨大解脱感，她清晰地感觉到{anal}正失禁般涌出滚烫的肠液不住流淌，那种彻底失控的羞耻与灭顶的甜美交缠着，把这个见惯风浪的成熟女人冲成了一滩瘫软而沉醉的春水。
2301,action_part_a_orgasm_super_C,0,CVP_A2_T|106_E_1,当那道积压已久的闸门终于轰然洞开，一齐奔涌而出的巨量快感将{TargetName}整个人彻底吞没，她只觉{anal}深处涌起的是从未体验过的、超乎想象的极致绝顶。\n那股愉悦太过庞大太过凶猛，远非普通高潮可比，成熟稳重的她此刻脑中一片空茫，连自己是谁都恍惚了，思维濒临崩溃的边缘。\n灵魂像被这灭顶的快意生生震碎，极度的迷醉与酥麻裹挟着她，令她几乎要甜到失去知觉。\n而那份等待太久终获释放的解脱感更是汹涌得令她战栗，她隐约感到{anal}正失禁似的喷涌着肠液涌流不止，在这种彻底失控的排泄感里，浓烈的羞耻竟诡异地化作更深的沉醉，将这具丰腴成熟的身躯拖入一片甜腻昏眩的深渊。
2302,action_part_a_orgasm_super_C,0,CVP_A2_T|106_E_1,一次次被生生逼停、层层累积的滔天快意终于被允许尽数释放，{TargetName}只觉一股足以将她整个灵魂掀翻的究极绝顶从{anal}深处汹涌而上，霎时把她的神志冲得支离破碎。\n这份快感之强烈超乎她的一切想象，成熟丰满的她纵有再多阅历，此刻也只剩下一片空白的脑海和被彻底冲垮的意识。\n她迷醉得几乎昏死过去，眼前阵阵发花，灵魂在灭顶的甜美里震颤沉沦。\n最叫她无从招架的，是那份压抑太久后一齐宣泄的巨大解脱，她能感到{anal}正毫无节制地喷涌肠液失禁般涌流，那种彻底失禁的羞耻与极乐纠缠不清，令这个惯于从容的成熟女人再也顾不上半分体面，只能在滔天的沉醉里瘫软战栗。
2303,action_part_a_orgasm_super_C,0,CVP_A2_T|106_E_1,被寸止反复截断而累积至极的快感一齐决堤的那一瞬，{TargetName}只感到{anal}深处炸开一场超乎想象的极致绝顶，那股灭顶的快意如海啸般将她成熟丰腴的身心尽数淹没。\n远超寻常绝顶的强度让她的意识彻底崩断，脑中空空荡荡什么都抓不住，多年练就的沉稳早已荡然无存。\n她被这股快感冲得神魂俱裂，极度的失神与迷醉令她几乎昏厥，甜美得近乎痛苦。\n而那份憋闷太久终于尽情释放的解脱感更是令她浑身战栗，她清楚地觉出{anal}正失禁般地喷涌肠液涌流不歇，在这全然失控的涌泄中，灭顶的羞耻与极乐搅作一团，把这具成熟的躯体彻底拖进甜到发昏的沉沦深渊。
2304,action_part_a_orgasm_super_C,0,CVP_A2_T|106_E_1,那些被一再逼到边缘又硬生生按下的快感终于获准一齐倾泻，{TargetName}只觉一道超乎想象的究极绝顶自{anal}深处轰然涌起，眨眼间便将她的意识冲刷得片甲不留。\n如此凶猛的极乐远非普通绝顶所能相提并论，成熟丰满的她脑海一片雪白，思绪彻底断裂，几近崩溃。\n她的灵魂在这灭顶的快意中被撕扯抛掷，迷醉与失神层层叠加，甜美得令她几乎要昏死过去。\n而最令她沦陷的，是那份积压太久终得尽泄的巨大解脱感，她恍惚感到{anal}正失禁般喷涌着滚烫肠液不住涌流，那种彻底失控的排出感裹着浓烈羞耻，反倒化成更深的迷醉，将这个见惯世事的熟女彻底冲成一滩沉醉瘫软的春泥。
