cid,type_id,adv_id,premise,context
组件id,组件类型名,组件限定的剧情npcid,前提id,组件内容
str,str,int,str,str
0,0,0,0,1
组件配置数据,,,,

1000,action_part_a_orgasm_strong_C,0,CVP_A2_T|102_E_1&CVP_A2_A|5_LE_3,一股远比以往任何时候都要凶猛的滚烫快感毫无预兆地从{anal}最深处炸裂开来，将懵懵懂懂的幼小{TargetName}整个人都掀翻了。\n明明这个地方一直都是钝钝的，从前只能模模糊糊地感觉到被撑得满满的胀，稚嫩的她根本分不清那算不算舒服，可如今那份迟钝的知觉却像是忽然被推上了一个全新的台阶，一波接一波的酥麻从{anal}汹涌地漫上来，漫过小小的肚子，漫过纤细的腰肢，令她整个娇小的身子都不受控制地剧烈颤抖起来，脑子里嗡的一声就变得一片空白，什么都想不了了。\n{anal}一下又一下地剧烈收缩着，那种前所未有的强烈快意几乎要把她小小的意识彻底冲垮，幼小的{TargetName}被这陌生又汹涌的极致感觉吓得又惊又慌，眼角不知不觉沁出了生理性的泪花，小手死死攥着，小小的脚趾也蜷缩绷紧，却怎么也压不住那股快感的浪潮。\n她隐约觉得有大量温热的肠液从{anal}里不受控制地涌了出来，甚至还小小地喷溅了一下，这种失控的羞耻让她的小脸涨得通红。\n那场凶猛的绝顶过了好久才慢慢退去，幼小的{TargetName}还在一抽一抽地颤栗着，稚嫩的心脏怦怦狂跳，脑子里乱糟糟的一团，完全没法理解自己那个一向迟钝的地方为什么会突然爆发出这么可怕又迷人的感觉，只能失神地大口喘着气，任由那股余韵一点点从颤抖的小身体里散去。
1001,action_part_a_orgasm_strong_C,0,CVP_A2_T|102_E_1&CVP_A2_A|5_LE_3,又深又重的一记快感猛地从{anal}里翻涌上来，这一次强烈得让幼小的{TargetName}彻底措手不及。\n她那处稚嫩的小穴向来是迟钝的，过去无论怎样也只是隐约感到一点被塞满的沉甸甸，懵懂的她从没想过这种钝钝的地方竟然也能迸发出如此汹涌的滋味，然而此刻那份感觉仿佛跨过了某道看不见的门槛，浓烈得几乎要将她小小的脑袋烧成一片糨糊，酥麻一层层地叠上来，一层比一层更重。\n{anal}不受控制地一阵阵痉挛收缩，幼嫩的腰肢忍不住高高弓起又软软塌下，纤细的四肢绷得笔直又剧烈地打着颤，小小的{TargetName}张大了嘴却发不出完整的声音，只能任由那股几乎要把意识冲垮的极致快感把自己卷得晕头转向。\n一大股温热黏腻的肠液顺着痉挛的{anal}汩汩地淌了出来，多得她自己都吓了一跳，那种彻底失控的窘迫和陌生的迷醉搅在一起，让她稚气的小脸又羞又乱。\n直到那阵可怕又销魂的浪头终于退下去，幼小的{TargetName}依旧止不住地细细发着抖，湿漉漉的大眼睛失神地睁着，怦怦乱跳的小心脏怎么也静不下来，她完全弄不明白自己一向没什么感觉的后面为什么会突然变得这样敏感又疯狂，只剩下满心的懵懂惊惶与说不清道不明的迷乱，久久没能回过神来。
1002,action_part_a_orgasm_strong_C,0,CVP_A2_T|102_E_1&CVP_A2_A|5_LE_3,一阵滔天的快感毫无征兆地从{anal}深处席卷而来，凶猛得让幼小的{TargetName}小小的身体一下子就绷成了一张满弓。\n这个地方原本是那样的木讷迟钝，从前她只能懵懵懂懂地捕捉到一丝被填得胀鼓鼓的异样，压根谈不上什么快活，可不知从什么时候起，那份迟钝仿佛被硬生生拔高了一截，如今每一下都变得又尖又烈，一股股酥爽顺着{anal}猛地窜上稚嫩的脊背，直冲进空荡荡的小脑袋里，把她仅剩的一点神智搅得七零八落。\n{anal}疯了似的一缩一缩，幼小的{TargetName}整个人都失了神，稚嫩的小腹一抽一抽地痉挛，纤细的大腿死死夹紧又不住地打颤，小脚趾用力地抠着蜷着，眼神也涣散了，那种远远超出她小小身体所能承受的强烈快意几乎要把她的意识整个淹没。\n她能清清楚楚地感到大量滚烫的肠液从收缩着的{anal}里咕嘟嘟地涌出，甚至不受控地喷出一小股，湿腻的触感让懵懂的她又惊又臊，小脸埋得低低的。\n好半晌，那场几乎要将她冲垮的极致绝顶才恋恋不舍地褪去，幼小的{TargetName}瘫软着还在一下下地余颤，稚嫩的胸口剧烈起伏，脑子里空白得连一个念头都拼不齐，她惊愕于自己那个一贯迟钝的小穴竟藏着这样骇人又勾魂的滋味，只能大睁着朦胧的眼睛，任凭那缕余韵在小小的身子里慢慢消融。
1003,action_part_a_orgasm_strong_C,0,CVP_A2_T|102_E_1&CVP_A2_A|5_LE_3,快感如同决堤的洪水般凶猛地从{anal}最里面奔涌出来，一瞬间就把幼小懵懂的{TargetName}整个人都吞没了。\n她后面那处小小的地方一直都反应寡淡，以往至多只能迷迷糊糊地觉出一点被撑开的钝胀，什么叫舒服她都还一知半解，偏偏此刻那迟钝的知觉像是被人狠狠往上抬了一大截，浓烈得远远盖过了她过往所有模糊的感受，一浪高过一浪的酥麻把她小小的身体彻底掀翻，稚嫩的意识几乎被冲得支离破碎。\n{anal}不由自主地剧烈痉挛着，幼小的{TargetName}纤细的身子绷得紧紧的又猛地瘫软，小小的腰肢一次次弹起，稚气的脸上满是失控的迷醉，眼角挂着生理性的泪珠，小手无助地攥紧，怎么也逃不开那股铺天盖地的极致快意。\n温热的肠液止不住地从抽搐的{anal}里大量流淌出来，那份陌生的湿滑和失禁般的羞耻让她小小的心脏狂跳，稚嫩的脸颊烧得滚烫。\n那场惊心动魄的强烈绝顶迟迟才平息下去，幼小的{TargetName}仍旧一颤一颤地抽噎着，湿润的大眼睛失了焦，扑通乱跳的小心口怎么也缓不平，她实在想不通自己那个从来都迟钝无感的地方，怎么会突然给她带来这样几乎要把人冲垮的可怕快乐，只能懵懵懂懂地失神着，任由那股余韵久久萦绕在颤栗的小身体深处。
1004,action_part_a_orgasm_strong_C,0,CVP_A2_T|102_E_1&CVP_A2_A|5_LE_3,一记前所未有的强烈快感骤然从{anal}深处轰然引爆，力道之猛让幼小的{TargetName}稚嫩的身体猛地一僵，随即剧烈地痉挛起来。\n明明这处小穴向来是迟钝而寡淡的，过去她顶多只能懵懂地感到一点被塞满的沉重异物感，从谈不上什么真正的快活，然而这一刻那份迟钝竟像是攀上了一个崭新的高度，一股股滚烫的酥爽从{anal}翻涌而出，密密麻麻地爬满她小小的下腹和纤细的腰身，把她那点稚气未脱的神智冲刷得所剩无几。\n{anal}一阵紧过一阵地疯狂收缩，幼小的{TargetName}整个娇小的身子都失了控地打着颤，小腹不住地抽搐，纤细的双腿一会儿死死夹紧一会儿又无力地打摆，小小的脚趾蜷得死紧，眼神彻底涣散了，只能在这远超她想象的极致快感里失神地颤栗。\n她清晰地感觉到大量温热黏滑的肠液正从收缩不停的{anal}中汩汩涌出，甚至小小地喷溅了一下，这种从未有过的失控让懵懂的她又羞又慌，稚嫩的小脸埋进了阴影里。\n直到那场汹涌的绝顶终于缓缓退潮，幼小的{TargetName}依旧瘫软着止不住细细地余颤，稚嫩的心脏还在怦怦地擂着，脑袋里一片空茫，连自己是谁都快要想不起来，她怎么也弄不懂那个一贯没什么感觉的后穴为何会迸出如此惊人又醉人的快意，只能大口喘息着，任凭那缕余韵在小小的身躯里迟迟不肯散尽。
1005,action_part_a_orgasm_strong_C,0,CVP_A2_T|104_E_1&CVP_A2_A|5_G_3&CVP_A2_A|5_LE_6,一波远比以往凶猛的滚烫电流猛地从{anal}最深处轰然炸开，{TargetName}那具青春靓丽、刚刚发育成熟的少女娇躯瞬间绷成一张满弓。\n连绵不断的高潮把她本就懂得享受肛交之乐的敏感度硬生生推上了一个崭新的台阶，此刻积攒到极限的甜楚终于一并引爆，猛得让她几乎背过气去。\n她年轻的脑海里那根紧绷的弦被彻底崩断，意识被冲刷得七零八落，只剩{anal}深处一阵接一阵的灼热痉挛甜得她眼前发白、四肢发麻。\n她惊慌又迷醉地察觉大量滚烫的肠液毫无预兆地汹涌涌出，甚至被窄穴绞得小幅喷溅而出，那份再也掩不住的失控烧红了她还带着几分羞涩的脸颊，也把她烧得神魂颠倒。\n她张着娇艳的唇却吐不出一个完整的音节，纤细而富有弹性的腰肢高高弓起又软软塌陷，脚趾死死蜷成一团，这场前所未有的强绝顶把她仅存的一丝矜持也彻底淹没，只留下灵魂深处被撞得支离破碎的极致战栗，博士的存在此刻早已被她抛得无影无踪。
1006,action_part_a_orgasm_strong_C,0,CVP_A2_T|104_E_1&CVP_A2_A|5_G_3&CVP_A2_A|5_LE_6,极致的快感如同决堤的洪流，从{anal}深处轰然冲垮了{TargetName}最后一道堤坝，这个青春洋溢的少女在{SceneName}里失控地弹跳起来。\n这股绝顶远比她记忆中任何一次都要凶狠，年轻鲜活的神经被烧得噼啪作响，她那双写满好奇与热情的眼眸此刻失焦地翻起，理智像沙堡般在浪潮里彻底崩塌。\n她能清晰地感觉到{anal}正一圈一圈疯狂地绞缩，原本就颇能取悦的敏感度攀上了一个陌生的高度，每一下抽搐都像有电流直窜进天灵盖，甜得发疼。\n滚烫的热流一股接一股从{anal}里失禁般涌出，濡湿了她紧致的股缝，这种再也捂不住的失控让她又羞又慌，偏偏又在羞耻里越陷越深、越发迷乱。\n她纤细白皙的手指无力地抓挠着虚空，青春的脸蛋涨得通红又挂着泪痕，喉咙里溢出破碎断续的媚吟，整个灵魂都在这场强绝顶掀起的滔天巨浪里翻覆、沉溺，仿佛下一刻就要被这灭顶的快意生生冲散。
1007,action_part_a_orgasm_strong_C,0,CVP_A2_T|104_E_1&CVP_A2_A|5_G_3&CVP_A2_A|5_LE_6,一记比往常凶猛数倍的绝顶毫无征兆地贯穿了{TargetName}那具充满朝气的少女身躯，她像被无形的雷电击中般浑身剧震，年轻的脚跟死死绷直。\n无数次连绵不断的高潮之后，她的{anal}早已从往日的适度快感攀上了一个全新的敏感台阶，此刻积攒到极限的甜楚终于轰然引爆，凶得让她几乎失去呼吸。\n她只觉自己那份青涩的意识被快感的巨掌一把攥碎，脑海里嗡嗡作响一片空白，除了{anal}深处翻涌的滚烫甜楚，她再也感知不到别的一切。\n滚烫的肠液被绞得大量喷涌，一股股顺着抽搐的窄穴失控地泄出，那份汹涌的羞耻却诡异地把快感又推高了一层，让这个矜持的少女在迷醉里近乎崩溃地颤栗。\n她饱满而富有弹性的胸口剧烈起伏，纤腰一次次抽搐着弓起，青春的脸庞满是失神的迷乱，眼角泛着生理性的泪光，这场强绝顶像一场灵魂的地震，把她这具刚成熟的娇躯摇撼得七零八落、余韵久久不散。
1008,action_part_a_orgasm_strong_C,0,CVP_A2_T|104_E_1&CVP_A2_A|5_G_3&CVP_A2_A|5_LE_6,汹涌的极乐骤然从{anal}最里侧奔腾而出，{TargetName}那具线条柔和又活力四射的少女娇躯霎时僵直，随即被一波比一波更烈的快感浪头拍打得连连痉挛。\n她清楚地意识到这次的绝顶远比过往的任何一次都更加猛烈更加深邃，原本适中的敏感度像被人硬生生往上提了一整级，每一寸年轻的神经都在为{anal}的颤抖而尖叫。\n青涩的理智在这灭顶的甜蜜里节节败退，最终整个碎裂成漫天飞舞的光点，她只能任由那股极致的快意把自己的心神冲得干干净净。\n她感到{anal}深处有大量温热的肠液不受控地喷涌四溢，那种湿淋淋的失控让她青春的小脸一阵阵发烫，羞涩与迷醉交织成一张网，把她越缠越紧。\n她纤长紧实的腿根不住地打颤，脚趾蜷曲得发白，鲜活的身子在极致的战栗中一沉一浮，喉间只剩下断断续续的娇喘，整颗心都在这前所未有的强绝顶里被撞得晕头转向、神魂俱醉。
1009,action_part_a_orgasm_strong_C,0,CVP_A2_T|104_E_1&CVP_A2_A|5_G_3&CVP_A2_A|5_LE_6,那股蓄积到顶点的快感终于如火山般从{anal}深处喷薄而出，{TargetName}青春靓丽的少女娇躯猛地一挺，随即在一波接一波的绝顶余震里瘫软颤抖。\n这一次的高潮凶猛得超乎她的想象，仿佛把过去无数次绝顶攒下的甜楚一次性尽数倾泻，她年轻的脑袋被冲得天旋地转，意识几乎被彻底冲垮。\n她惊觉自己{anal}的敏感度已在不知不觉间从能享受的适度快感跨上了一个崭新的层次，每一次窄穴的猛烈绞缩都甜得让她浑身酥麻、脚趾发颤、眼神涣散。\n滚烫的肠液被绞得潮涌般大量泄出，甚至小幅喷溅开来，那种再也掩饰不住的失控让这个还留着几分羞涩的少女又羞又慌，却在这份羞耻里越发沉醉迷失。\n她紧致的肩背高高绷起又缓缓塌下，青春的脸颊失神地泛红，纤长的睫毛上还挂着晶亮的泪珠，整个灵魂都在这场强绝顶的滔天巨浪里被反复拍打、震荡，久久无法从这灭顶的极乐中回过神来。
1010,action_part_a_orgasm_strong_C,0,CVP_A2_T|105_E_1&CVP_A2_A|5_G_3&CVP_A2_A|5_LE_6,一股远比过往任何一次都要凶猛的滚烫快感毫无预兆地从{anal}最深处轰然炸裂开来，成熟中还残留着几分青涩的{TargetName}整具丰盈娇躯骤然绷成一张满弓。\n接连不断的绝顶早已把她那本就懂得从肛交里汲取欢愉的敏感度硬生生顶上了一个全新的台阶，此刻积攒到极限的酥麻甜楚一齐引爆，猛烈得让她几乎背过气去。\n她那向来从容优雅的神情在这一瞬彻底崩碎，意识被这灭顶的快意冲刷得支离破碎，脑海里嗡嗡作响一片空白，只剩{anal}深处一波接一波的灼热痉挛甜得她眼前发白、四肢发麻。\n她又羞又惊地察觉到大量滚烫的肠液毫无节制地汹涌溢出，甚至被绞缩的窄穴挤得小幅喷溅而出，那份再也掩不住的失控烧红了她成熟却尚显生涩的脸颊，也把她烧得神魂颠倒。\n她微张着娇唇却吐不出半个完整的音节，丰腴而富有弹性的腰肢高高弓起又软软塌陷，脚趾死死蜷缩成一团，这场前所未有的强绝顶把她仅存的那点大姐姐的矜持也彻底冲垮，只留下灵魂被撞得七零八落的极致战栗，博士的身影此刻早被她抛到了九霄云外。
1011,action_part_a_orgasm_strong_C,0,CVP_A2_T|105_E_1&CVP_A2_A|5_G_3&CVP_A2_A|5_LE_6,极致的快感如同决堤的洪流从{anal}深处轰然冲垮了{TargetName}最后一道防线，这个介于成熟与青涩之间的大姐姐在{SceneName}里失控地弓起了后腰。\n这股绝顶远比她记忆中任何一次都要狠厉，那副原本就颇能取悦的身子如今被烧上了一个陌生的高度，每一下抽搐都像有电流直窜天灵盖，甜得发疼，也甜得她理智像沙堡般在浪潮里彻底坍塌。\n她能清晰地感觉到{anal}正一圈一圈疯狂地绞缩，敏感度攀上了前所未有的台阶，那份熟悉的快感被放大了无数倍，冲得她一贯沉稳的眼眸此刻失焦地翻起，脑子里再也拼凑不出一句完整的念头。\n滚烫的热流一股接一股从{anal}里失禁般涌出，濡湿了她紧致的股缝，这种再也捂不住的失控让她这个自诩懂事的大姐姐又羞又慌，偏偏又在羞耻里越陷越深、越发迷乱。\n她白皙修长的手指无力地抓挠着虚空，成熟的脸蛋涨得通红又挂着生理性的泪痕，喉咙里溢出破碎断续的媚吟，整个灵魂都在这场强绝顶掀起的滔天巨浪里翻覆、沉溺，仿佛下一刻就要被这灭顶的快意生生冲散。
1012,action_part_a_orgasm_strong_C,0,CVP_A2_T|105_E_1&CVP_A2_A|5_G_3&CVP_A2_A|5_LE_6,一记比往常凶猛数倍的绝顶毫无征兆地贯穿了{TargetName}那具成熟丰盈的身躯，她像被无形的雷电击中般浑身剧震，白净的脚跟死死绷得笔直。\n无数次连绵不断的高潮之后，她的{anal}早已从往日那点适度的快感攀上了一个崭新的敏感台阶，此刻积攒到极限的甜楚终于轰然引爆，凶得让她几乎忘了呼吸。\n她只觉自己那份故作老练的从容被快感的巨掌一把攥得粉碎，脑海里嗡嗡作响一片空白，除了{anal}深处翻涌不休的滚烫甜楚，她再也感知不到别的任何东西。\n滚烫的肠液被绞得大量喷涌，一股股顺着抽搐的窄穴失控地泄出，那份汹涌的羞耻却诡异地把快感又推高了一层，让这个既想矜持又忍不住沉溺的大姐姐在迷醉里近乎崩溃地颤栗。\n她饱满而富有弹性的胸脯剧烈起伏，纤腰一次次抽搐着弓起又瘫软，成熟的脸庞满是失神的迷乱，眼角泛着晶莹的泪光，这场强绝顶像一场灵魂的地震，把她这具风韵初显的娇躯摇撼得支离破碎，余韵久久不散。
1013,action_part_a_orgasm_strong_C,0,CVP_A2_T|105_E_1&CVP_A2_A|5_G_3&CVP_A2_A|5_LE_6,那股汹涌的甜楚在积攒到再也无法承受的临界之后骤然爆开，{anal}最深处仿佛被一道滚烫的闪电劈中，{TargetName}成熟的身子猛地一僵，随即失控地剧烈颤抖起来。\n连番不绝的绝顶早已把她那具略有经验却仍不够老练的身体推上了一个从未触及的敏感新高，此刻迸发的强绝顶远远盖过了她以往所熟悉的任何一次高潮，凶猛得几乎要把她整个人的意识撕成碎片。\n她清楚地感到{anal}正一阵紧过一阵地痉挛绞缩，那种熟悉的酥麻被放大到令她头皮炸裂，理智被这灭顶的快意冲得七零八落，只剩灵魂深处一片被撞碎的空白与眩晕。\n她慌乱又迷醉地察觉大量灼热的肠液毫无预兆地汹涌流出，甚至被绞得小幅溅射出来，那份再也遮掩不住的失禁般失控让她这个平日端庄的大姐姐又羞又臊，偏偏羞耻又化作更浓烈的快感把她越拖越深。\n她修长的双腿绷得笔直又忍不住痉挛乱颤，成熟娇艳的唇瓣微微翕张却发不出成句的声响，纤细的手指死死攥紧，这场前所未有的强绝顶把她所有的矜持与从容尽数碾碎，只留下满心近乎崩溃的迷乱甜意在体内久久回荡。
1014,action_part_a_orgasm_strong_C,0,CVP_A2_T|105_E_1&CVP_A2_A|5_G_3&CVP_A2_A|5_LE_6,一浪高过一浪的极致快感终于在{anal}最深处彻底决堤，比以往任何一次都要凶悍的强绝顶轰然席卷了{TargetName}整具成熟而青涩交织的身躯，让她在{SceneName}里失控地弓起了纤腰。\n她那本就懂得享受这份禁忌欢愉的敏感度，在一次又一次绝顶的堆叠里被硬生生抬上了一个全新的台阶，此刻积攒到顶点的甜楚一齐倾泻而下，猛得她一贯优雅从容的神态瞬间土崩瓦解。\n她只觉{anal}深处一波接一波地灼热痉挛，每一下都甜得她眼前阵阵发白，脑子里嗡的一声便被冲刷成一片空茫，连自己身在何处都想不起来，只能任由灵魂在这灭顶的快意里失神颤栗。\n她惊惶又沉醉地感到大量滚烫的肠液顺着绞缩的窄穴汹涌泄出、甚至被挤得小幅喷溅，那份再也压不住的失控烧得她成熟的脸颊滚烫，也把她本想维持的那点姐姐气度烧得半点不剩。\n她丰盈的身子一次次抽搐着绷紧又软软瘫下，脚趾蜷成一团，喉间只溢得出断续破碎的媚哼，这场远超以往的强绝顶像一记重锤将她的灵魂撞得支离破碎，只留下满身满心近乎崩溃的极致迷醉，久久无法从这场灭顶的战栗里回过神来。
1015,action_part_a_orgasm_strong_C,0,CVP_A2_T|106_E_1&CVP_A2_A|5_G_3&CVP_A2_A|5_LE_6,积攒了太久的快感终于在这一刻决堤，{TargetName}只觉得{anal}深处猛地炸开一片从未体验过的灼热浪潮，那快意的强度远远超过了以往任何一次绝顶。\n作为一个床笫经验丰富的成熟女人，她自以为早已尝遍了各种滋味，可这一波强绝顶还是彻底冲垮了她的理智，让她的意识在瞬间被搅成一团浆糊。\n{anal}一阵接一阵地绞紧又松开，每一次收缩都把那股灭顶的爽意送往全身，成熟丰腴的身躯不受控制地战栗着。\n她能清晰地感觉到大量温热的肠液从深处汹涌而出，甚至带着一丝失控的喷溅感，这让见惯风浪的她也涌起一股近乎崩溃的羞耻。\n可越是羞耻，那快感就越是浓烈，她在这前所未有的极致迷醉里彻底失了神，只觉得灵魂都被这一记强绝顶震得发颤。\n沉稳从容的表象早已荡然无存，此刻的她只剩下被快感彻底淹没后的痴态与近乎哭泣的满足。
1016,action_part_a_orgasm_strong_C,0,CVP_A2_T|106_E_1&CVP_A2_A|5_G_3&CVP_A2_A|5_LE_6,这一次的绝顶来得又深又猛，{TargetName}分明感到自己后穴的敏感度仿佛在连续的高潮中被推上了一个全新的台阶。\n{anal}里翻涌起一阵远比寻常更加汹涌的酥麻，那快感如潮水般层层叠加，把她这个自诩阅历深厚的熟女冲得七荤八素。\n她成熟的腰肢忍不住深深弓起，随即又脱力般瘫软，饱满的胸脯剧烈起伏，喉间溢出破碎而放荡的媚音。\n一股股滚烫的肠液不受控制地涌出，量多得让她自己都感到惊骇，那失禁般的感觉激得她心头一阵战栗。\n多年积累的性事阅历在此刻毫无用处，她只能任由这灭顶的强绝顶把自己拖入一片近乎崩溃的极乐深渊。\n她眼神涣散地承受着这远超从前的巨浪，内心又羞又爽，沉浸在成熟躯体被彻底榨干般的震颤快意里无法自拔。
1017,action_part_a_orgasm_strong_C,0,CVP_A2_T|106_E_1&CVP_A2_A|5_G_3&CVP_A2_A|5_LE_6,快意积攒到极限的一瞬间轰然引爆，{TargetName}只觉得从{anal}深处升腾起一股几乎要把她整个人融化的炽烈绝顶。\n这快感的锋利与厚重远非过往可比，饶是她这样久经情场的丰腴熟女，也被这突如其来的冲击撞得意识一片空白。\n{anal}疯狂地收缩痉挛，一波未平一波又起，那灼人的爽意顺着脊椎一路窜上头顶，激得她成熟的身子止不住地打颤。\n她能感觉到大量黏腻的肠液正从体内不断溢出，甚至小幅喷洒开来，这份失控让向来从容的她羞得几乎想要蜷缩。\n然而羞耻反倒成了催情的燃料，让她在这台阶跃升后的强绝顶里越陷越深，迷醉得连呼吸都变得破碎而急促。\n她放浪地承受着这份灭顶欢愉，成熟的面庞上写满了近乎失神的痴迷，心底翻涌着难以言喻的震撼与满足。
1018,action_part_a_orgasm_strong_C,0,CVP_A2_T|106_E_1&CVP_A2_A|5_G_3&CVP_A2_A|5_LE_6,这波绝顶强得近乎凶残，{TargetName}只觉得后穴那点熟悉的中等快感在连番冲击后彻底质变，猛然攀上了一个陌生的高度。\n{anal}被一阵接一阵的绞痛般的快意填满，那强度远超她这个饱经风月的熟女以往体验过的任何一次巅峰。\n她丰满成熟的躯体绷成一张满弓，随后又软成一滩春水，眼角泛起生理性的泪光，喉咙里滚出连绵的浪叫。\n汹涌的肠液在这一刻决堤般涌出，温热黏稠地流淌，那份仿佛失禁的失控感让她又惊又臊，心跳几乎要冲破胸膛。\n可越是失控，那极致的爽意就越发浓烈，她的理智在这前所未有的强绝顶里被搅得支离破碎，只剩下痴醉与颤栗。\n她彻底沉溺在这远胜从前的滔天快感之中，成熟的心也被这一记灵魂深处的震荡撼得再无半分矜持。
1019,action_part_a_orgasm_strong_C,0,CVP_A2_T|106_E_1&CVP_A2_A|5_G_3&CVP_A2_A|5_LE_6,当那股蓄积已久的欢愉终于冲破临界，{TargetName}感到{anal}深处爆发出一记比以往强烈数倍的绝顶，几乎要把她的意识彻底吞没。\n身为一个对快感有着直接追求的成熟女人，她原以为自己早已见过世面，却仍被这陡然升级的强绝顶震得魂飞魄散。\n{anal}一下下地剧烈翕张绞紧，每一次痉挛都把浓烈的爽意灌满四肢百骸，她丰腴的身子止不住地抽搐战栗。\n她清楚地感到大量肠液正源源不断地涌流而出，甚至带着喷薄之势，这份失控让阅历丰富的她也羞得心神俱颤。\n偏偏羞耻越深，那份迷醉便越浓，她在这敏感度跃升后的极致绝顶里彻底缴械，脑海一片雪白只剩下滔天快意。\n成熟从容的外壳被这场强绝顶砸得粉碎，此刻的她只是个被快感操控的痴迷躯壳，内心震荡不已久久无法回神。
1020,action_part_a_orgasm_strong_C,0,CVP_A2_T|107_E_1&CVP_A2_A|5_G_3&CVP_A2_A|5_LE_6,积攒到极限的快感终于在这一瞬决堤，一股远比以往任何一次都要灼烫凶猛的浪潮从{anal}深处轰然炸开，将{TargetName}仅存的一丝理智彻底冲垮。\n身为人妻的她原以为自己早已尝遍了后穴的欢愉，可这次的绝顶却像被硬生生推上了一个全新的台阶，敏感得让她通体战栗，快意浓烈到近乎崩溃。\n她能清晰地感觉到{anal}一阵接一阵地翻涌出滚烫黏腻的肠液，甚至失控地小幅喷溅而出，那股湿热让她又羞又醉，脑海里偏偏闪过丈夫的面容，背叛婚姻的愧疚与禁忌的爽利交缠成更汹涌的快感洪流。\n意识在极致的痉挛里化作一片空白，她只能沉溺在这前所未有的强烈绝顶中失神发抖，灵魂仿佛被狠狠震颤，剩下的唯有无边的迷醉和几近溃散的甜腻快意，博士，她堕落得如此彻底。
1021,action_part_a_orgasm_strong_C,0,CVP_A2_T|107_E_1&CVP_A2_A|5_G_3&CVP_A2_A|5_LE_6,连日来一次又一次被开发的后穴仿佛在这一刻苏醒了全新的敏感，{TargetName}只觉得从{anal}最深处炸开的绝顶远远盖过了以往所有的高潮，浓烈得几乎要把她的脑子搅成一团浆糊。\n她这具已为人妻的身子明明属于另一个男人，此刻却为博士颤抖着攀上从未触及的顶点，越是想到那份背德，禁忌带来的快感就越是汹涌得让她无法招架。\n{anal}不受控制地一波波绞紧又松开，随之涌出大量温热的肠液，顺着股缝失禁般地淌落，那种彻底失控的羞耻反而将她推向更深的迷乱。\n她在这台阶般跃升的强烈快意里失了神，眼神涣散、意识飘忽，心底既有近乎崩溃的极乐，又泛起对家庭深深的愧疚，可她已再也停不下这堕入深渊的战栗，只想在博士怀里彻底沉沦。
1022,action_part_a_orgasm_strong_C,0,CVP_A2_T|107_E_1&CVP_A2_A|5_G_3&CVP_A2_A|5_LE_6,那股熟悉却又陌生得可怕的快感在{anal}里疯狂堆积，直到再也承受不住的一刻猛然爆发，{TargetName}整个人像被电流贯穿般绷紧，随即被前所未有的极致绝顶淹没。\n作为人妻的她曾无数次告诉自己这只是逢场作戏，可当后穴迎来这远超寻常的强烈高潮时，她才惊恐地发现自己早已迷恋上这份背叛丈夫的禁忌快感。\n{anal}深处不断翻涌出灼热的肠液，一下下随着痉挛喷涌而出，湿滑得令她羞耻到几乎落泪，偏偏这羞耻又化作更浓的甜蜜刺激。\n她的意识在灭顶般的快意中一次次濒临溃散，脑海里满是近乎崩塌的迷醉与灵魂被撕开的震颤，愧疚、兴奋、羞耻交织翻腾，她终于明白自己已彻底沦为博士掌心里堕落的玩物，再无退路。
1023,action_part_a_orgasm_strong_C,0,CVP_A2_T|107_E_1&CVP_A2_A|5_G_3&CVP_A2_A|5_LE_6,{TargetName}只觉得后穴里那股蓄积已久的快感终于冲破了某道从未跨越的界限，一波比一波更凶猛的极乐从{anal}深处席卷全身，把她推入意识几乎被冲垮的强烈绝顶。\n这具人妻的身体本该只在丈夫面前颤抖，如今却在博士的调弄下攀上了新的敏感台阶，背德的禁忌感非但没让她退缩，反而让每一寸神经都愈发滚烫贪婪。\n她能感到{anal}疯狂地翻涌，大量滚热的肠液止不住地往外冒，甚至小股喷出，失禁般的湿意让她又惊又醉，羞耻中夹着难以言喻的迷乱快感。\n在这远胜以往的极致高潮里，她彻底失了神，灵魂仿佛被震得四散，心底翻涌着近乎崩溃的甜腻与对家庭深切的愧疚，可她只能颤抖着沉溺，把自己一点点交付给这堕落的欢愉。
1024,action_part_a_orgasm_strong_C,0,CVP_A2_T|107_E_1&CVP_A2_A|5_G_3&CVP_A2_A|5_LE_6,快感在{anal}里滚雪球般越积越厚，终于在某一瞬彻底崩塌，{TargetName}被一场远超从前的强烈绝顶狠狠掀翻，浓烈的极乐像潮水般一遍遍漫过她所剩无几的神智。\n身为他人之妻的她，此刻却在博士身下颤栗着迎来这后穴敏感度跃升后的猛烈高潮，越是背叛婚姻的念头缠绕心头，那份禁忌的快意就越发让她欲罢不能、羞耻又迷醉。\n{anal}一次次剧烈地翻搅收缩，涌出的肠液又多又烫，甚至失控地小幅喷洒，湿热的失禁感让她整个人都软成一滩，心口又羞又爽得发颤。\n意识在这灵魂震颤般的极致快意中彻底涣散，她失神地颤抖着，脑海里满是近乎溃散的甜蜜与背叛家庭的愧疚交织，终究还是沉沦在这令人堕落的强烈绝顶里无法自拔，博士，她再也回不去了。

1025,action_part_a_orgasm_strong_C,0,target_is_player_daughter&CVP_A2_A|5_G_3&CVP_A2_A|5_LE_6,一波远比以往任何一次都要凶猛的快感毫无征兆地从{anal}最深处轰然炸开，将身为女儿的{TargetName}整个人狠狠掀翻。\n那股灭顶般的酥麻顺着肠道一路窜上脊背，一层层叠加着冲刷她的神经，令她的意识在瞬间被冲得七零八落，脑子里一片雪白，什么都想不起来了，连自己正在父亲{Name}面前这件事都变得模糊而遥远。\n{anal}疯了似的一下下深深绞紧又猛地松开，那种失控的痉挛比过去任何一次绝顶都要剧烈太多，仿佛这具身体在连续攀上顶峰之后终于跨过了某道门槛，敏感得连一丝细微的颤动都会被放大成灭顶的洪流。\n她能清清楚楚地感觉到大量温热的肠液从深处汹涌而出，甚至带着一点小小的喷溅，那种失禁般的羞耻令她几乎想找个地缝钻进去，偏偏身体却诚实得可怕，越是羞耻就颤抖得越厉害。\n心底那个不该对父亲生出的念头在快感的浪尖上疯狂叫嚣着，明明是自己的亲生父亲，明明不该如此，她却在这种背德的极乐里彻底沦陷，喉咙里只溢出破碎的气音，几乎要失神地唤出那个称呼。\n直到那阵滔天的绝顶缓缓退去，{TargetName}仍瘫软着止不住地轻颤，灵魂像是被狠狠震荡过一遍，久久无法拼凑回原来的样子。
1026,action_part_a_orgasm_strong_C,0,target_is_player_daughter&CVP_A2_A|5_G_3&CVP_A2_A|5_LE_6,{anal}毫无预兆地被一股前所未有的极致快感彻底贯穿，那种强度远远超出了身为女儿的{TargetName}记忆中的每一次高潮。\n就在她以为自己已经被一次次绝顶榨干的时候，敏感度却像是悄悄爬上了一个全新的台阶，于是这一次的冲击来得又急又狠，像决堤的洪水一样把她仅存的一点理智冲刷得干干净净。\n她整个腰肢猛地弓起，随即又脱力般地塌软下去，四肢不受控制地绷直又乱颤，{anal}一阵接一阵地剧烈收缩，深处涌出的肠液多得吓人，顺着股缝汩汩淌落，那股黏腻的暖意让她既羞耻又迷醉。\n她的意识几乎被这灭顶的快意完全冲垮，眼前阵阵发花，脑海里只剩下一片轰鸣，连呼吸都断断续续地跟不上节奏。\n偏偏在这样失控的极乐深处，那份不该对父亲{Name}生出的悸动却愈发清晰，禁忌感非但没有让快感退却，反而像火上浇油般把她推得更高更远，令她在羞耻与沉沦之间彻底迷失了自己。\n这场远超寻常的强烈绝顶过后，{TargetName}整个人还陷在余韵的颤栗里，湿漉漉地喘着，心里翻涌着难以言喻的震撼与羞怯。
1027,action_part_a_orgasm_strong_C,0,target_is_player_daughter&CVP_A2_A|5_G_3&CVP_A2_A|5_LE_6,这一次的绝顶来得比以往任何一回都要凶狠，仿佛整条肠道都被一股滚烫的电流从内到外彻底点燃，{TargetName}的身体在刹那间失去了所有的控制。\n经历过接连不断的高潮之后，她的{anal}早已敏感到了一个陌生的地步，此刻只需一点点触动便被推向了远超普通绝顶的巅峰，那股快感如同海啸一般把她整个人吞没。\n她能感觉到自己的意识正被这股力量一寸寸地冲垮，脑子里嗡嗡作响，什么念头都留不住，唯有那铺天盖地的酥麻在四肢百骸里横冲直撞。\n{anal}疯狂地痉挛收缩着，深处翻涌而出的大量肠液带着热度喷涌出来，那种湿淋淋的失控感让身为女儿的她羞得几乎落泪，可越是想夹紧双腿抑制，那股液体反而流得越凶。\n在这近乎崩溃的极致快意里，她脑中残存的最后一点清明全被那个对父亲{Name}的隐秘称呼所占据，明知是乱伦的禁忌，却偏偏在这背德的深渊里越陷越深，颤抖着承受这灵魂都为之震颤的一击。\n良久，那阵滔天的浪潮才依依不舍地退去，{TargetName}虚脱地瘫着，胸口剧烈起伏，久久回不过神来。
1028,action_part_a_orgasm_strong_C,0,target_is_player_daughter&CVP_A2_A|5_G_3&CVP_A2_A|5_LE_6,一股几乎要将人融化的极强快感骤然自{anal}深处喷薄而出，那威力远非过往任何一次绝顶可比，身为女儿的{TargetName}只觉得整个世界都在这一刻天旋地转。\n连续多次的攀顶让她的身体悄然越过了某个界限，敏感度陡然拔高，于是这一波绝顶便凶猛得如同雷霆贯体，把她仅剩的意识几乎彻底击碎。\n她的后腰深深弓起又骤然瘫软，纤细的双腿绷得笔直又忍不住痉挛乱蹬，{anal}一下一下失控地绞缩着，深处大量肠液汹涌喷洒，暖热黏腻的触感沿着大腿内侧蜿蜒淌下，令她又是羞耻又是难以自持的迷醉。\n那种失神的极乐令她眼神涣散，喉间只逸出破碎而无意义的气音，脑海里白茫茫一片，连自己身处何地都恍惚了。\n最令她心慌的是，即便快感冲垮了理智，那份对父亲{Name}隐秘而不该有的沉沦却愈发浓烈，背德的羞耻与灭顶的快意纠缠在一起，把她推入一个既痛苦又甜美的漩涡，让她再也无法自欺。\n直到这场远超寻常的强烈绝顶缓缓平息，{TargetName}依旧止不住地轻颤着，灵魂深处仍残留着久久不散的震荡与迷乱。
1029,action_part_a_orgasm_strong_C,0,target_is_player_daughter&CVP_A2_A|5_G_3&CVP_A2_A|5_LE_6,{anal}深处毫无预兆地炸开一阵滔天的快感，那强度远远盖过了{TargetName}以往体会过的每一次高潮，将她整个人狠狠卷入灭顶的漩涡。\n在一次又一次的绝顶累积之后，这具敏感得可怕的身体像是被推上了一个全新的高度，稍一撩拨便迎来了这般远超普通绝顶的猛烈冲击，令她几乎连支撑自己的力气都被抽空。\n身为女儿的她浑身剧烈痉挛，腰肢反复深深弓起而后又彻底瘫软，{anal}一波一波地疯狂收缩，深处大量的肠液翻涌而出，甚至小幅地喷溅开来，那种湿热失控的感觉让她羞耻得几乎无地自容。\n她的意识在这股洪流面前几乎被冲得荡然无存，脑中只剩下一片眩晕的空白，连呼吸都变得破碎而急促。\n可就在这样迷乱失神的极乐深处，那份对着亲生父亲{Name}才会泛起的悸动竟愈演愈烈，明知是不伦的禁忌，她却在这背德的快意里颤抖着彻底沉沦，心底满是灵魂被震颤过的迷醉与说不出口的羞怯。\n这场汹涌的强烈绝顶良久才缓缓退潮，{TargetName}仍旧瘫软地颤栗着，久久无法从那份极致的震撼里回过神来。

1030,action_part_a_orgasm_strong_C,0,CVP_A2_T|102_E_1&CVP_A2_A|5_G_6,娇小的{TargetName}只觉得一股远超以往的灭顶快感自{anal}深处轰然炸裂开来，稚嫩的小身子瞬间绷成一张满弓，纤细的四肢无助地痉挛抽搐。\n她那敏感到极致的肠壁疯狂收缩绞紧，一波比一波凶猛的酥麻电流沿着脊椎直冲天灵盖，将她那点小小的意识彻底冲垮碾碎。\n她仰着脖颈失神地张大了嘴，眼角沁出生理性的泪水，小脑袋里一片空白，只剩下被极乐反复辗轧的迷醉与战栗。\n伴随着这场前所未有的强烈绝顶，她清楚地感觉到大量温热的肠液自{anal}汹涌喷涌而出，甚至失控地小幅飙溅出去，那股羞耻到极点的失禁感竟将她的快意又生生推上一个崭新的台阶，稚嫩的躯体在这滔天的浪潮里不住地颤栗，几乎要被这直达灵魂深处的震撼彻底融化殆尽。
1031,action_part_a_orgasm_strong_C,0,CVP_A2_T|102_E_1&CVP_A2_A|5_G_6,幼小的{TargetName}从未想过这具尚未发育的身体竟能承载如此凶猛的极乐，{anal}里那点熟悉的快感在这一刻骤然膨胀成吞没一切的洪流。\n她敏感得可怕的后穴每一寸都在剧烈跳动着，快感强度远远超越了以往任何一次绝顶，硬生生撞碎了她稚嫩的理智。\n小小的手指死死蜷缩抠紧，纤细的腰肢高高弓起又猛地塌陷，脚趾绷得笔直，整个人陷入一种近乎崩溃的极致迷狂。\n她能感到{anal}深处一阵接一阵地喷涌出滚烫的肠液，濡湿的滑腻感和那止不住的抽搐让她又羞又爽，小脸涨得通红，意识在这前所未有的浪尖上失神漂浮，只余下懵懂却又贪婪地承接这灭顶快意的娇软躯壳，在{SceneName}里止不住地哆嗦颤动。
1032,action_part_a_orgasm_strong_C,0,CVP_A2_T|102_E_1&CVP_A2_A|5_G_6,连续多次的绝顶早已将{TargetName}稚嫩的{anal}操练得敏感万分，此刻积攒到顶点的快感终于化作一记远比寻常更为凶悍的强绝顶轰然降临。\n那股酥麻自娇小的肠道核心炸开，瞬间席卷了她整具幼小的身躯，纤弱的肢体绷紧到极限又不受控制地剧烈痉挛。\n她的双眼失焦地翻起，稚气未脱的小脸上写满了被快感彻底击溃的失神，喉咙里只能溢出细碎断续的哼咛。\n{anal}疯狂地收缩蠕动，大股大股的肠液被这剧烈的绝顶挤压得汹涌而出，那种彻底失控的羞耻反倒令她的快意愈发浓烈滚烫。\n她小小的心脏狂跳不止，脑海被灭顶的极乐涨得满满当当，稚嫩的躯体在这滔天巨浪中战栗沉沦，被前所未有的震撼牢牢攫住无从挣脱。
1033,action_part_a_orgasm_strong_C,0,CVP_A2_T|102_E_1&CVP_A2_A|5_G_6,{TargetName}那娇嫩的{anal}敏感得连一丝轻微的刺激都能酿成剧烈快感，而此刻迎来的这场强绝顶更是将她那点稚气的承受力彻底击穿。\n凶猛的极乐如决堤洪水般自后穴深处倾泻而出，冲刷着她幼小身体里的每一根神经，令她纤细的四肢无力地大幅抖颤。\n她仰起小小的头颅，眼神涣散迷离，唇齿间不由自主地漏出破碎的娇吟，稚嫩的心智几乎要被这灭顶的爽意生生冲散。\n她清晰地感受到{anal}正一阵阵痉挛着喷出温热的肠液，那滑腻失禁的触感激得她浑身一颤又一颤，羞耻与迷醉交织成难以言喻的极致快意。\n小小的身子在这前所未有的绝顶巨浪里失神地沉浮颤栗，那份深深攫住灵魂的震颤让她懵懂的意识在极乐深渊中久久无法回神。
1034,action_part_a_orgasm_strong_C,0,CVP_A2_T|102_E_1&CVP_A2_A|5_G_6,当那记酝酿已久的强绝顶终于降临时，幼小的{TargetName}只觉得整个世界都在{anal}炸裂的极乐中天旋地转，敏感的后穴将快感放大到了她稚嫩身躯无法承受的地步。\n远超以往的爽意如潮水般一浪高过一浪地拍打着她，纤弱的腰肢剧烈弹动，小小的脚掌绷得死紧，全身每一处都在不受控地痉挛发颤。\n她失神地张大了嘴却发不出完整的声音，稚气的小脸上满是被快感冲垮后的迷茫与沉醉，泪水混着口涎顺着下巴滑落。\n{anal}深处一股股滚烫的肠液被绝顶挤压得喷涌而出，那种大量失禁的羞耻感狠狠撞击着她懵懂的内心，却又诡异地将快意推向更高的巅峰。\n她娇小的身体在这灵魂深处涌起的震撼里彻底沦陷，颤抖着、失神着，被这前所未有的极致快感牢牢淹没吞噬。
1035,action_part_a_orgasm_strong_C,0,CVP_A2_T|103_E_1&CVP_A2_A|5_G_6,一股远超从前的极致快感如决堤的洪流般贯穿了{TargetName}青涩纤细的身躯，{anal}狠狠绞紧又猛地舒张，把她一口气推上了从未体会过的绝顶之巅。\n这具还在发育的娇嫩身体在无数次连续高潮的调教下，敏感度攀升到了一个崭新的台阶，此刻的绝顶强烈得让她整个人都要被冲垮。\n她瞪大了那双还残留稚气的眼睛，瞳孔涣散失神，小嘴无意识地张开，喉咙里溢出破碎又高亢的黏腻气音。\n{anal}里翻涌着灭顶般的快意，滚烫的肠液大量分泌喷淌而出，那股失控的湿热感让她的羞耻心被彻底击碎，只剩下迷乱的沉沦。\n纤细的双腿绷直又痉挛地收拢，稚嫩的腰肢一次次不受控制地弹动挺起，她在这前所未有的强烈绝顶中魂魄都仿佛被抽离，脑海一片雪白空茫。
1036,action_part_a_orgasm_strong_C,0,CVP_A2_T|103_E_1&CVP_A2_A|5_G_6,{TargetName}只觉得一道比以往任何一次都要凶猛的快感自{anal}深处炸开，瞬间席卷了她整个尚未长成的娇小躯体，让她在极乐的浪尖上剧烈痉挛。\n连番不断的绝顶早已把她那极度敏感的肠道打磨得更加淫荡，敏感度悄然跨上新的台阶，这一次的高潮强度骇人地远远凌驾于从前之上。\n她那张保留着孩童圆润轮廓的小脸满是失神的迷醉，眼角泛起生理性的泪光，稚嫩的表情彻底沉溺在难以言喻的极致快意中。\n{anal}疯狂地一缩一放，大量温热的肠液像失禁般不受控地淌出，甚至夹着小股喷溢，让这个懵懂的萝莉又惊又羞，心底却涌起近乎崩溃的甜腻快感。\n她整个人绷成一条颤抖的弧线，小小的脚趾用力蜷曲，纤细的手指徒劳地抓挠着，灵魂都被这场震撼的强绝顶掏空，只余下无边的战栗与沉醉。
1037,action_part_a_orgasm_strong_C,0,CVP_A2_T|103_E_1&CVP_A2_A|5_G_6,极致的快意如雷霆般轰然贯入{TargetName}稚嫩青涩的身体，{anal}猛烈地收缩绞动，把这个身材娇小的萝莉一举送上了远胜从前的绝顶顶点。\n在一次次高潮的反复冲刷下，她过分敏感的肠道敏感度已然跃上一个全新的层次，此刻涌来的快感强烈得让她的意识几乎彻底崩塌溃散。\n她圆润带着稚气的小脸失神地扬起，双眼失焦地望向虚空，喉间溢出一声声黏软破碎的娇喘，整个人被极乐彻底俘获。\n{anal}深处翻搅着灭顶的快感，滚烫的肠液毫无节制地大量奔涌而出，还夹着小幅的喷溅，那份湿热失控让她又羞耻又迷乱，心神彻底沦陷。\n她纤弱的身子无法自控地一阵阵剧烈抽搐，稚嫩的腰肢高高绷起又颓然瘫软，在这灵魂为之震颤的强绝顶余韵里，她失神地喘息着，久久无法回神。
1038,action_part_a_orgasm_strong_C,0,CVP_A2_T|103_E_1&CVP_A2_A|5_G_6,{TargetName}尚在发育的娇小身躯被一波前所未有的极致快感彻底淹没，{anal}死死绞紧后又痉挛着松开，将她推入了从未抵达过的绝顶深渊。\n连续不断的高潮早已让她敏感到极点的肠道更上一层楼，敏感度攀过新的台阶，这一回的绝顶强度骇然地远超以往每一次，快感几乎将她整个人冲垮。\n她那张残留着孩童稚气的小脸涨得绯红，眼神迷离涣散，唇齿间无意识地溢出断续而高亢的甜腻气音，稚嫩的神情满是失魂的沉醉。\n{anal}不受控制地疯狂蠕动收缩，大量灼热的肠液如溃堤般涌淌喷溢，那股失控的湿意让这个懵懂萝莉羞得几乎钻进地缝，内心却泛滥着近乎崩溃的迷醉快意。\n她小小的身体绷成一张颤栗的弓，稚嫩的脚趾狠狠抠紧，纤细手指痉挛地攥住，在这场撼动灵魂的强烈绝顶中彻底失神，只余无尽的战栗与沉沦。

1039,action_part_a_orgasm_strong_C,0,CVP_A2_T|104_E_1&CVP_A2_A|5_G_6,从{anal}深处骤然炸开的快感比以往任何一次都要凶猛，{TargetName}猝不及防地被那股灭顶的酥麻狠狠掀翻了。\n那不再是从前那种轻浅的颤栗，而是一波接一波、层层叠加的极致快意，从敏感到不可思议的肠壁一直冲上她的脊背，冲进她的脑海，把她本就已经被彻底开发的意识撞得七零八落。\n少女的身体在这前所未有的强绝顶里剧烈地痉挛着，绷直的腰肢一次次弓起又塌下，双腿失控地抽搐、蜷曲，脚趾死死地绷成一团。\n{anal}疯狂地收缩、翕张，仿佛要把那股快感一寸一寸地嚼碎吞进身体里，她只觉得自己整个人都被快感烧空了，脑子里一片雪白，什么都想不了，只能张大了嘴无声地喘着，任由灭顶的迷醉一遍遍碾过神志。\n一股滚烫的肠液毫无预兆地从{anal}深处汹涌地涌了出来，甚至带着小小的喷溅，那股失控的湿热让她羞得几乎要哭出来，可越是羞耻，身体反而越是沉沦，绯红的脸颊上满是失神的泪光。\n少女在这远超以往的强烈绝顶里彻底失了神，灵魂像是被狠狠攥住又猛地松开，那种近乎崩溃的极致快意让她久久缓不过神，只能瘫软着一下一下地颤抖，被这全新台阶的快感彻底征服。
1040,action_part_a_orgasm_strong_C,0,CVP_A2_T|104_E_1&CVP_A2_A|5_G_6,这一次的绝顶来得又急又狠，{TargetName}只觉得{anal}像是被人点燃了一般，一瞬间就烧成了一片。\n她高得离谱的敏感度让每一分快感都被放大了无数倍，那股原本熟悉的酥麻在这一刻疯狂膨胀，膨胀成一场彻底吞没她的洪流，从紧致敏感的肠道深处一路席卷而上。\n少女再也维持不住半分矜持，仰起的脖颈绷出好看的弧度，喉咙里溢出破碎的气音，纤细的手指无处着力地胡乱抓挠着，指节都泛了白。\n{anal}一下比一下更用力地绞缩着，那种极致的胀满与快意几乎要把她的理智生生撕碎，她能清清楚楚地感觉到自己的身体正毫无保留地迎合着、贪恋着这份从未体验过的强烈快感。\n温热黏腻的肠液一股股地从她抽搐不止的{anal}里淌出，那份失禁般的失控感让她又羞又慌，偏偏这份羞耻又化作了新的燃料，把她推向更高更烈的绝顶。\n{TargetName}在灭顶的迷醉里眼神彻底涣散了，青春的身体一阵阵地战栗着，她恍惚地意识到自己的敏感度好像又被推上了一个全新的台阶，这份认知让她既恐惧又忍不住深深地沉溺其中。
1041,action_part_a_orgasm_strong_C,0,CVP_A2_T|104_E_1&CVP_A2_A|5_G_6,那股快感汹涌得毫无道理，{TargetName}甚至来不及做任何准备，就被从{anal}深处翻涌上来的极致绝顶彻底淹没了。\n和以往那些浅淡的高潮完全不同，这一次的快意浓烈得近乎狰狞，一层压着一层地叠上来，每一层都比前一层更深、更重、更让她无从招架，直冲得她两眼发黑，意识几乎要被生生冲垮。\n少女的身体绷成了一张满弓，柔软的小腹一下一下剧烈地抽搐，腰肢不受控制地扭动着，双腿间的战栗一路蔓延到脚尖。\n{anal}疯了似的收缩痉挛，把那份灭顶的快感死死地含着、绞着，她只觉得魂魄都要在这极致的迷醉里散开了，脑海里翻来覆去只剩下一片被快感烧透的空白。\n大量滚烫的肠液顺着痉挛的{anal}汹涌地溢出，那份湿淋淋的失控让羞耻心几乎要把她溺毙，可身体却诚实得可怕，越是羞耻便陷得越深。\n{TargetName}在这远胜从前的强烈绝顶中彻底失了魂，颤抖的睫毛上挂着失神的泪，她能感觉到有什么东西被永远地改变了，这份灵魂深处的震颤让她久久无法回神，只能软成一滩，任由极致的快意一寸寸退去。
1042,action_part_a_orgasm_strong_C,0,CVP_A2_T|104_E_1&CVP_A2_A|5_G_6,绝顶降临的那一刻，{TargetName}整个人都僵住了，紧接着便是铺天盖地、再也压制不住的极致快感把她狠狠吞没。\n她那被彻底开发出来的、敏感得惊人的肠道此刻成了一切快意的源头，那股酥麻从{anal}深处炸开，顺着脊椎一路窜上头顶，麻得她连指尖都在发颤，脑子里嗡嗡作响，什么都听不见也想不起。\n青春的身体一次又一次地弹跳、痉挛，绷紧的腰背深深地陷下去又猛地弓起，脚趾蜷缩得死紧，连脚踝都在不住地打颤。\n{anal}贪婪而疯狂地一缩一放，仿佛要把这份灭顶的快感牢牢锁进身体的每一寸，她被这远超以往的绝顶折磨得几近崩溃，却又沉醉得无可自拔。\n她清楚地感到大股大股的肠液正从失禁般的{anal}里涌出，甚至小小地喷溅了出来，那份彻底失控的湿热让少女羞耻得几乎想要蜷起身子藏起来，偏偏身体只顾着贪恋这份极乐。\n{TargetName}在前所未有的强烈迷醉里失神地颤栗着，泪水不受控制地滑落，她恍惚觉得自己的敏感度被硬生生抬上了一个陌生的高度，这份既甜美又骇人的震撼久久萦绕，让她缓了许久都没能真正平静下来。
1043,action_part_a_orgasm_strong_C,0,CVP_A2_T|104_E_1&CVP_A2_A|5_G_6,这一波绝顶凶猛得让{TargetName}彻底招架不住，从{anal}深处腾起的快感如同决堤的洪水，转瞬间就把她连同那点残存的理智一并冲得干干净净。\n那绝不是从前那种轻飘飘的酥软，而是浓稠、灼热、势不可挡的极致快意，一浪高过一浪地拍打着她被开发到极致的敏感肠壁，每一下都激得她浑身剧震，意识几乎被这份灭顶的冲击撞得支离破碎。\n少女再也顾不上任何矜持，纤细的腰肢无助地拧动着，绷直的双腿剧烈地颤抖、痉挛，仰起的下巴微微发着抖。\n{anal}一遍遍地疯狂绞缩着，把那股极致的快感含得死死的，她只觉得自己整个人都轻飘飘地悬在了半空，灵魂在这前所未有的迷醉里剧烈地震颤，脑海一片灼白。\n温热的肠液止不住地从抽搐的{anal}里汹涌淌出，那份失控的湿意让她又羞又乱，可越是这般失禁般的羞耻，越是把她推向更深的沉沦。\n{TargetName}在这远比寻常绝顶更加汹涌的快意里彻底失神了，颤抖着连一根手指都抬不起来，她隐隐意识到这具身体已经攀上了一个全新的敏感台阶，那份近乎崩溃的极致快意在心底久久回荡，让她沉醉得不愿醒来。

1044,action_part_a_orgasm_strong_C,0,CVP_A2_T|105_E_1&CVP_A2_A|5_G_6,一股远超以往任何一次的酷烈快感毫无预兆地从{anal}最深处炸裂开来，{TargetName}那具已经发育成熟的身子猛地绷紧，随即被这股陌生而凶猛的绝顶浪潮彻底掀翻。\n她能清楚地感觉到{anal}正一下接一下地疯狂痉挛收缩，那种敏感度仿佛在方才连番的极乐里又攀上了一个全新的台阶，每一次收缩都比记忆中的任何一回都要来得凶狠、来得深长，快感浓烈得几乎要将她的意识整个冲垮。\n成熟的腰肢无法自控地反复弓起又瘫软，一向想在{Name}面前维持从容的她此刻却连一丝矜持都留不住，只能失神地颤栗着，脑海里一片空白，翻涌着近乎崩溃的迷醉快意。\n{anal}深处涌出大量温热的肠液，甚至随着剧烈的抽搐微微喷溅出来，那股失控的湿滑触感令她羞耻得几乎想要蜷缩起来，偏偏身体却诚实地沉溺在这前所未有的灭顶快感里。\n那份成熟与青涩交织的娇羞在这一刻被彻底击碎，{TargetName}睁着一双失焦的眸子，任由这场远比寻常绝顶更加汹涌的高潮反复冲刷着自己的灵魂，久久无法回神。
1045,action_part_a_orgasm_strong_C,0,CVP_A2_T|105_E_1&CVP_A2_A|5_G_6,又一波比先前更加骇人的绝顶毫无征兆地贯穿了{TargetName}的全身，那快感从{anal}深处汹涌而起，凶猛得让她这个平日举止优雅的大姐姐彻底失了态。\n连续多次的极乐早已把{anal}的敏感推到了一个她从未想象过的高度，此刻哪怕是最细微的震颤都会被放大成排山倒海般的快意，{anal}不受控制地剧烈绞缩着，一阵紧过一阵，酥麻的电流顺着成熟的脊背一路窜上后脑，炸得她眼前阵阵发白。\n她只觉得意识几乎要被这股洪流冲散，想要努力抓住一点理智，指尖却只是徒劳地攥紧又松开，成熟的双腿失控地绷直颤抖。\n伴随着那近乎失控的痉挛，大量黏腻的肠液自{anal}深处不住地涌出，她甚至能感到有一小股被猛地挤喷出去，那种羞耻到极点的失禁般错觉令她的脸颊烧得滚烫，心底却诡异地涌起一阵灭顶的迷乱。\n青涩与成熟在她失神的面容上交错浮现，{TargetName}被这场远超普通绝顶的强烈快感震撼得灵魂发颤，只能瘫软着任凭余韵一波波地荡漾，迟迟缓不过神来。
1046,action_part_a_orgasm_strong_C,0,CVP_A2_T|105_E_1&CVP_A2_A|5_G_6,这一次的绝顶来得比以往任何一次都更加凶狠，{TargetName}几乎是在毫无防备中被从{anal}深处骤然炸开的极致快感狠狠掀入了云端。\n她清楚地意识到，自己这具成熟身子的敏感度不知何时已经悄然跃上了一个崭新的层级，{anal}对快感的贪求变得贪婪而放肆，每一下深长的痉挛都像要把她整个人从内里翻搅过来，浓烈到近乎疼痛的快意一波接一波地拍碎她仅存的理智。\n向来在{Name}面前故作老练的她此刻再也装不出半分从容，成熟的腰肢深深弓起又骤然瘫软，喉间溢出破碎而失控的气音，脑子里被冲刷得空空荡荡。\n{anal}深处大量温热黏稠的肠液不受控制地汩汩流淌，随着一次比一次凶猛的绞缩甚至小幅地喷溅而出，那份湿淋淋的失控感令她羞耻得几乎无地自容，偏偏又被这灭顶般的快感牢牢钉在原地动弹不得。\n{TargetName}睁大着失神的双眸，任由这场远比寻常更加剧烈的强绝顶一寸寸碾过她的灵魂，青涩的窘迫与成熟的沉沦在心底疯狂交织，久久难以平息。
1047,action_part_a_orgasm_strong_C,0,CVP_A2_T|105_E_1&CVP_A2_A|5_G_6,骤然袭来的绝顶比记忆里的每一次都要来得更加汹涌，一股滚烫的快感自{anal}最深处轰然爆开，瞬间将{TargetName}成熟丰盈的身躯掀进了失控的漩涡。\n连日来一次又一次被推上顶峰的{anal}早已敏感得不像话，此刻竟仿佛又跨过了一道新的门槛，任何一丝刺激都会化作汹涌的快意反复灌满她的全身，{anal}疯狂而深长地痉挛绞缩着，酥麻的浪潮一层层地漫过她的四肢百骸。\n她只觉得意识被这股洪流冲得七零八落，想维持大姐姐那份体面的念头早已荡然无存，只能失神地颤抖着，眼角沁出生理性的泪光，成熟的双腿无力地痉挛乱蹬。\n伴着那不受控制的剧烈抽搐，{anal}深处涌出大量温热的肠液，甚至被猛地挤出一小股，滑腻的触感让她羞得几乎想钻进地缝，心底却翻涌起一阵近乎崩溃的极乐。\n{TargetName}半张着唇，脸上写满了青涩与迷乱交织的失神神情，被这远胜从前的强烈绝顶震得灵魂发颤，只能任由那铺天盖地的余韵将自己一点点淹没。
1048,action_part_a_orgasm_strong_C,0,CVP_A2_T|105_E_1&CVP_A2_A|5_G_6,再一次的绝顶如同决堤般凶猛地淹没了{TargetName}，那股快感从{anal}深处井喷而出，浓烈得让她这个成熟的大姐姐彻底缴械投降。\n经历了接二连三的极乐之后，{anal}的敏感度显然又攀上了一个前所未有的高度，此刻它贪婪地绞缩着、痉挛着，每一次收缩都比从前任何一次都要深、都要狠，铺天盖地的快意把她仅剩的一点清明搅得粉碎。\n她再也压不住喉间破碎的喘息，成熟的腰身反复深深弓起又骤然软塌下去，纤长的手指死死抠住身下，指节泛白，脑海里却只剩一片被快感冲刷殆尽的空白。\n{anal}深处不住地涌出大量黏腻温热的肠液，随着凶猛的抽搐甚至小幅喷溅开来，那份彻底失控的湿滑令她羞耻得浑身发烫，偏偏身体却诚实地深陷在这灭顶的极乐里无法自拔。\n{TargetName}眼神涣散地颤栗着，成熟外表下那点残存的青涩羞怯被这场远超普通绝顶的强烈高潮冲击得支离破碎，只能失魂落魄地承受着一波又一波难以言喻的灵魂震颤。

1049,action_part_a_orgasm_strong_C2,0,CVP_A2_T|106_E_1&CVP_A2_A|5_G_6,一波远比以往任何一次都更加凶猛的绝顶浪潮毫无预兆地从{anal}深处轰然炸开，成熟丰腴的{Name}整个人都被这股陌生而剧烈的快感掀翻了。\n连续攀上巅峰太多次之后，那处早已敏感得不像话的媚肉仿佛跨过了某道门槛，敏锐度陡然拔高了一整个台阶，令这一次的绝顶来得又急又狠，{anal}不受控制地一下又一下痉挛绞缩着，把那股滔天的快意一遍遍朝她的意识深处灌。\n{Name}向来引以为傲的那份成熟从容，此刻被冲刷得一干二净，她只觉得脑海里一片雪白，眼前的一切都模糊成了晃动的光斑，饱满的腰肢反复深深弓起又骤然瘫软，丰腴的大腿失控地绷直又痉挛，脚趾蜷缩到发麻。\n那种前所未有的极致快感几乎要把她的神智整个撕碎，成熟的心底翻涌起一阵近乎崩溃的迷醉，她这具浸淫欢愉多年的身子从没尝过如此汹涌的滋味，被冲击得又惊又颤，灵魂深处像是被狠狠攥住又骤然放开，只剩下无边无际的震颤与沉沦。\n漫长的绝顶迟迟不肯退去，{anal}还在一阵阵地深深收缩着，每一次余韵的抽搐都激得她成熟的身躯又是一颤，滚烫的眼眸失神地涣散着，心里塞满了难以言喻的战栗与餍足，久久无法从这场灭顶的快感里挣脱出来。
1050,action_part_a_orgasm_strong_C2,0,CVP_A2_T|106_E_1&CVP_A2_A|5_G_6,仅仅是一点微不足道的动静，就足以让那处敏感到极致的{anal}猛地绞紧，一场远超寻常的强烈绝顶轰然席卷了成熟的{Name}。\n经历了一次又一次的巅峰后，她那早已被开发得敏锐无比的肠壁像是彻底觉醒了一般，感度攀上了一个崭新的高度，任何一丝细微的刺激都被放大成灭顶的快意，{anal}疯狂地蠕动收缩着，把那股锐利到发疼的快感一层层堆叠上去，直到彻底压垮她的理智。\n这个见惯风月、素来从容的熟女，此刻却被快感冲得花容失色，她再也维持不住半分成熟女性的矜持，饱满的胸脯剧烈起伏，丰腴的身子绷成一张满弓，又在下一瞬间脱力般地瘫软下去，指尖深深掐进掌心也浑然不觉。\n那是一种远比记忆中任何一次都要凶猛的极乐，几乎要把她多年积累的所有从容与理智一并冲垮，她的意识在铺天盖地的快感里几近溶解，成熟的心湖掀起近乎崩溃的狂澜，既贪恋这份灭顶的欢愉，又被它汹涌的力道惊得浑身战栗。\n绝顶的余波迟迟不散，{anal}仍在一下下深深痉挛着，每一次收缩都逼出她一声破碎的战栗，她失神地大张着嘴，眼角沁出生理性的泪，成熟的眼眸里满是被快感彻底征服后的迷乱与沉醉。
1051,action_part_a_orgasm_strong_C2,0,CVP_A2_T|106_E_1&CVP_A2_A|5_G_6,绝顶来临的那一刻，{Name}只觉得一道滚烫的电流从{anal}最深处狂暴地窜起，瞬间贯穿了她成熟丰腴的全身。\n连番攀顶之后，那处媚肉的敏锐早已翻过了一个新的台阶，敏感得近乎可怕，哪怕最轻微的撩拨都能被无限放大成惊涛骇浪，此刻这股积攒到顶点的快意终于决堤，{anal}一阵紧似一阵地深深痉挛绞缩，把她整个人都拖进了没顶的欢愉里。\n多年游走情场的从容与老练在这一刻荡然无存，{Name}再也顾不上成熟女人应有的端庄，丰腴的腰肢无意识地扭动摆荡，追逐着那股令她灵魂发颤的极乐，饱满的臀肉一阵阵痉挛，大腿根不受控地夹紧又张开。\n这份远超以往的凶猛快感几乎要将她的神智整个冲散，她眼前阵阵发白，脑海里空落落的什么都想不起来，成熟的心底泛起一阵近乎崩溃的甜腻迷醉，既为这从未体验过的极致而战栗，又贪婪地渴望着沉溺其中，那种灵魂被狠狠撞击的震撼久久盘桓不去。\n漫长的高潮退潮时，{anal}还在余韵里一下下不甘地收缩着，激得她成熟的身子又是一阵战栗，她瘫软着失神了好一会儿，滚烫的脸颊上写满了被极致快感彻底俘获的沉醉与餍足。
1052,action_part_a_orgasm_strong_C2,0,CVP_A2_T|106_E_1&CVP_A2_A|5_G_6,这一次的绝顶凶猛得完全出乎意料，一股滔天的快意毫无征兆地自{anal}深处炸裂开来，将成熟的{Name}整个吞没。\n在连续多次登顶之后，那早被彻底开发的敏感肠肉像是被点燃了一般，感度骤然跃上一个全新的层级，敏锐到只需一丝轻颤便能掀起铺天盖地的快感，{anal}此刻不受控制地剧烈痉挛着，一圈圈疯狂地收紧又松开，把那浓稠得化不开的极乐一次次砸进她的意识里。\n素来沉稳自持的熟女被这股力道彻底击溃，{Name}丰腴成熟的躯体反复深深弓起，又在快感的浪尖上骤然失力瘫软，饱满的身子止不住地颤栗，脚趾蜷得发白，连呼吸都乱成了破碎的喘。\n那是一种几乎要把她多年练就的一切矜持与理智尽数冲垮的极致快意，她的神智在无边的欢愉里摇摇欲坠，成熟的内心翻涌起近乎失控的迷醉与狂喜，仿佛整个灵魂都被这场灭顶的绝顶狠狠震得支离破碎，只剩下战栗着的沉沦。\n即便高潮的巨浪渐渐退去，{anal}依旧一下下深深地抽搐收缩着，每一次余颤都让她成熟丰腴的身躯猛地一颤，她失神地涣散着眼神，久久缓不过神来，心底满是被极乐彻底洗刷后难以言说的震颤与满足。
1053,action_part_a_orgasm_strong_C2,0,CVP_A2_T|106_E_1&CVP_A2_A|5_G_6,铺天盖地的快感毫无预兆地从{anal}最深处轰然涌起，成熟丰腴的{Name}被这场远胜从前的强烈绝顶掀得神魂俱颤。\n一次又一次冲上云端之后，那处敏感得离谱的媚肉仿佛越过了某道界限，感度陡然攀升了一整级，纤毫的动静都会被放大成令她无从招架的极乐，{anal}疯狂而不受控地一阵阵深深绞缩，把那股汹涌澎湃的快意源源不断地灌进她早已模糊的意识里。\n这个阅尽风月、举止从容的熟女再也撑不住半分成熟的体面，{Name}丰腴的腰身反复深深塌陷又高高弓起，饱满的臀部止不住地痉挛颤动，双腿失控地绷直又蜷缩，指尖攥紧了又无力地松开。\n如此凶猛的极致快感几乎将她的神智整个撕裂，她眼前一片空白，脑中嗡嗡作响什么都抓不住，成熟的心底掀起近乎崩溃边缘的迷狂与沉醉，那具浸淫欢愉多年的身子从未承受过这般灭顶的冲击，被震得又惊又颤，灵魂深处涌起一阵难以名状的酥麻战栗。\n绵长的绝顶久久不肯散去，{anal}仍旧一下接一下地深深收缩痉挛着，每一记余韵都逼得她成熟的躯体猛然一颤，她大张着嘴失神地喘息着，滚烫的眼眸涣散无焦，心里塞满了被极乐彻底征服后的餍足与迷乱。

1054,action_part_a_orgasm_strong_C,0,CVP_A2_T|103_E_1&CVP_A2_A|5_LE_3,一股猛烈得远超以往的滚烫快感毫无预兆地从{anal}最深处轰然炸开，将娇小青涩的{TargetName}整个人都掀得晕头转向。\n这处地方明明一直都是钝钝的，从前她顶多只能朦朦胧胧地感到被填得满满的胀，身子才刚开始发育的她根本分不清那算不算舒服，可如今那份迟钝的知觉却像被人猛地推上了一个崭新的台阶，一波接一波的酥麻从{anal}汹涌地漫上来，漫过尚显平坦的小腹，漫过纤细稚气的腰肢，令她整个娇小的身子都不受控制地剧烈颤抖，脑子里嗡的一声就成了一片空白。\n{anal}一下又一下地剧烈收缩着，那种前所未有的强烈快意几乎要把她半懂不懂的意识彻底冲垮，{TargetName}被这陌生又汹涌的极致滋味惊得又羞又慌，眼角沁出了生理性的泪花，纤细的小手死死攥紧，脚趾也蜷缩着绷得笔直，怎么也压不住那股快感的浪潮。\n她隐约觉出大量温热的肠液从{anal}里不受控制地涌淌出来，甚至还小小地喷溅了一下，这种失控的羞耻让她青涩的脸颊涨得通红。\n那场凶猛的绝顶过了好久才恋恋不舍地退去，{TargetName}还在一抽一抽地颤栗着，稚气的心口怦怦狂跳，脑子里乱糟糟的，怎么也想不明白自己那个一向迟钝的地方为何会突然爆发出这样可怕又勾人的感觉，只能失神地喘着气，任由那缕余韵从颤抖的娇躯里慢慢散尽。
1055,action_part_a_orgasm_strong_C,0,CVP_A2_T|103_E_1&CVP_A2_A|5_LE_3,又深又沉的一记快感冷不防从{anal}里翻涌上来，这一次强烈得让娇小的{TargetName}彻底措手不及。\n她后面那处青涩的小穴向来是寡淡迟钝的，过去任凭怎样也不过隐约觉出一点被塞满的沉甸甸，才刚发育的她从没料到这种钝钝的地方竟也能迸出如此浓烈的滋味，可此刻那份感觉仿佛一举跨过了某道看不见的门槛，浓得几乎要把她那颗半懂事的小脑袋烧成一团糨糊，酥麻一层层叠上来，一层重过一层。\n{anal}不由自主地一阵阵痉挛收缩，她纤细稚气的腰肢忍不住高高弓起又软软塌下，尚显单薄的四肢绷得笔直又剧烈地打颤，{TargetName}微微张着嘴却发不出完整的声息，只能任那股几乎要将意识冲垮的极致快感把自己卷得天旋地转。\n一大股温热黏腻的肠液顺着抽搐的{anal}汩汩淌出，多得连她自己都吓了一跳，那种彻底失控的窘迫和陌生的迷醉搅在一处，让她青涩的小脸又羞又乱。\n直到那阵可怕又销魂的浪头终于退落，娇小的{TargetName}依旧止不住细细发着抖，水润的大眼睛失神地睁着，怦怦乱跳的心口怎么也静不下来，她实在弄不懂自己一贯没什么感觉的后穴为何会突然变得这样敏感又疯狂，满心只剩懵懂的惊惶和说不清的迷乱，久久回不过神来。
1056,action_part_a_orgasm_strong_C,0,CVP_A2_T|103_E_1&CVP_A2_A|5_LE_3,一阵滔天巨浪般的快感毫无征兆地从{anal}深处席卷而出，凶猛得让娇小的{TargetName}青涩的身体一下子就绷成了满弓。\n这个地方原本木讷得很，从前她只能懵懵懂懂地捕到一丝被撑得胀鼓鼓的异样，压根谈不上舒坦，可不知从何时起，那份迟钝竟被硬生生拔高了一大截，如今每一下都变得又尖又烈，一股股酥爽顺着{anal}猛地窜上她稚气的脊背，直冲进那颗空落落的小脑袋，把她仅剩的一点神智搅得七零八落。\n{anal}疯了似的一缩一缩，{TargetName}整个人都失了神，才发育的小腹一抽一抽地痉挛，纤细的大腿死死夹紧又不住打摆，稚嫩的脚趾用力抠着蜷着，眼神也涣散开来，那种远远超出她娇小身子所能承受的强烈快意几乎要把她整个淹没。\n她清清楚楚地感到大量滚烫的肠液从收缩着的{anal}里咕嘟嘟地涌出，甚至不受控地喷出一小股，湿腻的触感让懵懂的她又惊又臊，青涩的小脸埋得低低的。\n好半晌，那场几乎要将她冲垮的极致绝顶才依依不舍地褪去，{TargetName}瘫软着还在一下下地余颤，稚气的胸口剧烈起伏，脑子里空白得连一个囫囵念头都拼不齐，她惊愕于自己那个一向迟钝的小穴竟藏着这样骇人又勾魂的滋味，只能睁着朦胧的眼睛，任凭那缕余韵在娇小的身子里慢慢消融。
1057,action_part_a_orgasm_strong_C,0,CVP_A2_T|103_E_1&CVP_A2_A|5_LE_3,快感像决堤的洪水般凶猛地从{anal}最里头奔涌而出，一瞬间就把娇小懵懂的{TargetName}整个人都吞没了。\n她后面那处小小的地方一直反应寡淡，以往至多只能迷迷糊糊觉出一点被撑开的钝胀，什么叫舒服她都还一知半解，偏偏此刻那迟钝的知觉像被人狠狠往上抬了一大截，浓烈得远远盖过了她过往所有模糊的感受，一浪高过一浪的酥麻把她青涩的身子彻底掀翻，半熟的意识几乎被冲得支离破碎。\n{anal}不由自主地剧烈痉挛着，{TargetName}纤细的身子绷得紧紧的又猛地瘫软，稚气的腰肢一次次弹起，青涩的小脸满是失控的迷醉，眼角挂着生理性的泪珠，纤细的小手无助攥紧，怎么也逃不开那股铺天盖地的极致快意。\n温热的肠液止不住地从抽搐的{anal}里大量流淌出来，那份陌生的湿滑和失禁般的羞耻让她的心脏狂跳，青涩的脸颊烧得滚烫。\n那场惊心动魄的强烈绝顶迟迟才平息下去，娇小的{TargetName}仍旧一颤一颤地抽噎着，水润的大眼睛失了焦，扑通乱跳的小心口怎么也缓不平，她怎么也想不通自己那个从来迟钝无感的地方，为何会突然给她带来这样几乎要把人冲垮的可怕快乐，只能懵懵懂懂地失神着，任由那股余韵久久萦绕在颤栗的娇躯深处。
1058,action_part_a_orgasm_strong_C,0,CVP_A2_T|103_E_1&CVP_A2_A|5_LE_3,一记前所未有的强烈快感骤然从{anal}深处轰然引爆，力道之猛让娇小的{TargetName}青涩的身体猛地一僵，旋即剧烈地痉挛起来。\n明明这处小穴向来迟钝而寡淡，过去她顶多懵懂地感到一点被塞满的沉重异物，从谈不上什么真正的快活，然而这一刻那份迟钝竟像攀上了一个全新的高度，一股股滚烫的酥爽自{anal}翻涌而出，密密麻麻地爬满她才发育的下腹与纤细的腰身，把她那点稚气未褪的神智冲刷得所剩无几。\n{anal}一阵紧过一阵地疯狂收缩，{TargetName}整个娇小的身子都失控地打着颤，小腹不住抽搐，纤细的双腿一会儿死死夹紧一会儿又无力打摆，稚嫩的脚趾蜷得死紧，眼神彻底涣散了，只能在这远超她想象的极致快感里失神地颤栗。\n她清晰地觉出大量温热黏滑的肠液正从收缩不停的{anal}中汩汩涌出，甚至小小地喷溅了一下，这种从未有过的失控让懵懂的她又羞又慌，青涩的小脸埋进了阴影里。\n直到那场汹涌的绝顶终于缓缓退潮，娇小的{TargetName}依旧瘫软着止不住细细余颤，稚气的心脏还在怦怦擂动，脑袋里一片空茫，连自己身在何处都快要想不起来，她怎么也弄不懂那个一贯没什么感觉的后穴为何会迸出如此惊人又醉人的快意，只能大口喘息着，任凭那缕余韵在娇小的身躯里迟迟不肯散尽。
1059,action_part_a_orgasm_strong_C,0,CVP_A2_T|107_E_1&CVP_A2_A|5_G_6,身为人妻的{TargetName}怎么也想不到，自己那{anal}竟会在背着丈夫的偷情之中迎来如此凶猛的一次绝顶。\n连日来被一次又一次开发的后穴，敏感度早已攀升到令她自己都感到陌生恐惧的新高度，此刻积攒到极限的快感骤然决堤，一股远远超越以往任何一次的强烈绝顶顺着脊髓狠狠炸开。\n她整个人猛地弓起，脑海瞬间被烧成一片空白，意识几乎被这灭顶般的快意彻底冲垮，只觉连灵魂都要被生生从体内拽出。\n{anal}疯狂地痉挛收缩，大量温热黏腻的肠液不受控制地汩汩涌出，甚至小幅喷溅，那如同失禁般的失控感让她羞耻得几乎要发疯。\n背德的禁忌与身为人妻的深重罪恶在这一刻尽数化作助燃的薪柴，令她在极致高潮里失神颤栗，泪水涎液交织滑落，彻底沉溺进这份本不该拥有的极乐深渊，再也无法自拔。
1060,action_part_a_orgasm_strong_C,0,CVP_A2_T|107_E_1&CVP_A2_A|5_G_6,这具早已嫁作人妇的身子，竟被自己的上司调教得连{anal}都成了最诚实的淫穴。\n{TargetName}几乎不敢相信，仅仅是后庭深处传来的刺激，就能将她推上一个前所未有的绝顶台阶。\n那快感一层叠着一层，越垒越高，最终在某一瞬间彻底崩塌，化作一场远比寻常更加汹涌的强烈高潮，将她的理智碾得粉碎。\n她双腿痉挛着蹬直，脚趾深深蜷缩，腰肢不受控制地剧烈扭动，{anal}一波接一波地疯狂绞紧又松开。\n滚烫的肠液成股地涌出体外，那份湿淋淋的失控让她既羞且迷，想到自己是背着丈夫在别的男人身下这般失态，愧疚与背德的刺激反倒将她的快感推得更高更烈，直教她在灭顶的迷醉中彻底缴械。
1061,action_part_a_orgasm_strong_C,0,CVP_A2_T|107_E_1&CVP_A2_A|5_G_6,{TargetName}的后穴敏感得近乎荒唐，哪怕最轻微的一下顶弄都会在她体内掀起惊涛骇浪。\n此刻，那被反复凌虐蹂躏的{anal}积蓄已久的快感终于冲破了堤坝，一场强度骇人的绝顶如雷霆般轰然降临。\n她的意识在这一刻几乎被完全淹没，眼前泛起细密的白光，喉间溢出破碎失真的媚吟，整个人如离水之鱼般剧烈弹动。\n身为人妻却在这偷欢里彻底沦陷，背叛婚姻的负罪与禁忌交织成最烈的春药，让这次绝顶比以往任何一次都更加浓烈刻骨。\n{anal}深处大量温热的肠液喷涌而出，顺着股缝一路淌下，那份彻底失控的羞耻感非但没能让她清醒，反而将她更深地拖入这灭顶般的极乐漩涡，令她颤抖着久久无法回神。
1062,action_part_a_orgasm_strong_C,0,CVP_A2_T|107_E_1&CVP_A2_A|5_G_6,从未想过身为人妻的自己，会有一天沉沦于后庭被开发出的快感里无法自拔。\n{TargetName}的{anal}此刻敏感得如同通了电，每一丝细微的震颤都被无限放大成撕裂神经般的快意。\n连番累积的欢愉终于在这一刻集中爆发，一场远超普通绝顶的强烈高潮猛地攫住了她的全身。\n她仰起脖颈，后背绷成一张满弓，四肢止不住地痉挛抽搐，脑中除了铺天盖地的快感之外什么都无法思考。\n大量肠液自{anal}深处失禁般奔涌，甚至小股喷出，那湿热的触感与失控的羞耻齐齐涌上心头。\n想到自己是背着丈夫在情人身下淫叫失态，那份背德的甜蜜与罪恶将快感烈度再次抬升，令她在前所未有的极致震颤中彻底失神，灵魂仿佛被这一波高潮生生震碎。
1063,action_part_a_orgasm_strong_C,0,CVP_A2_T|107_E_1&CVP_A2_A|5_G_6,背着结发的丈夫偷尝禁果，人妻{TargetName}的后穴竟比谁都更加淫荡诚实。\n经年累月被开发到极致的{anal}，此刻敏感得只需一点刺激便能引燃燎原烈火。\n堆叠已久的快感终于在这一刻突破了所有的界限，一场强度远胜从前的绝顶如海啸般将她整个人吞没。\n她浑身剧烈战栗，双眼失焦上翻，涎水从嘴角滑落，意识几乎被这排山倒海的极乐冲得支离破碎。\n{anal}疯狂地收缩蠕动，海量温热的肠液喷涌失禁，淋漓地打湿了大腿内侧，那份彻底失控的狼狈让她羞愤欲死。\n可正是这份背叛婚姻的深重罪恶与禁忌的刺激，将本已惊人的快感又推上了一个更高的巅峰，令她在灭顶的迷醉里颤抖失神，深陷这不伦的极乐再难挣脱。
1064,action_part_a_orgasm_strong_C,0,target_is_player_daughter&CVP_A2_A|5_G_6,{TargetName}整个人被前所未有的强烈快感彻底吞没，敏感到极点的{anal}猛地攀上了一个从未触及过的高峰。\n身为父亲{Name}的亲生女儿，她本该羞于承认自己竟因这处淫秽的部位而癫狂，可此刻理智早被冲垮，只剩灵魂深处翻涌的极致迷醉。\n她清晰地感到{anal}疯狂痉挛收缩，一波接一波的爽意如电流般窜遍四肢百骸，令她的腰肢不受控制地高高弓起颤抖。\n大量滚烫的肠液从深处汹涌涌出，甚至小幅喷溅而落，那失禁般的失控感让她又羞又爽，脑海瞬间被漂白成一片空白。\n她的双腿绷得笔直，脚趾死死蜷缩，眼神涣散失神，喉咙里溢出断续的呜咽，整个娇躯在这远超以往的强绝顶中剧烈战栗。\n乱伦的禁忌与快感的洪流狠狠交织，让她在近乎崩溃的甜蜜里彻底沦陷，意识仿佛要被这灭顶的淫爽冲刷得支离破碎。
1065,action_part_a_orgasm_strong_C,0,target_is_player_daughter&CVP_A2_A|5_G_6,一股比以往任何一次都要凶猛的绝顶浪潮，将{TargetName}的意识狠狠掀翻，天生高敏的{anal}在这一刻迎来了脱胎换骨的极乐。\n她只觉得后穴深处像是被点燃，那股酥麻的快感层层叠叠地累积，终于在某个临界点轰然炸开，让她眼前迸出一片刺目的白光。\n作为{Name}的女儿，她羞耻地发觉自己竟对这种见不得人的快感如此贪恋，然而汹涌的爽意根本容不得她多想半分。\n{anal}一下下疯狂地绞缩吮吸，每一次收缩都把快感推向新的顶点，热流般的肠液止不住地往外涌，濡湿了她颤抖的股间。\n她仰起脖颈，下巴高高扬起，全身的肌肉一阵阵抽搐痉挛，指尖抠得发白，连呼吸都碎成了破碎的喘息。\n那种灵魂被震颤、理智被融化的迷醉，让她在父女不伦的羞耻与前所未有的强绝顶里，甜蜜又崩溃地失了神。
1066,action_part_a_orgasm_strong_C,0,target_is_player_daughter&CVP_A2_A|5_G_6,快感的巨浪毫无预兆地拔高了一整个层级，{TargetName}敏感得近乎失控的{anal}被推入一场远比寻常更猛烈的绝顶。\n她感到有什么东西在体内彻底决堤，那是积攒到极限后骤然释放的极致爽意，凶狠地冲刷着她每一寸神经，让她几乎失去知觉。\n身为被父亲{Name}这般对待的女儿，深重的伦理羞耻本该让她抗拒，可此刻她的身体却诚实地在快感中疯狂颤栗、痉挛。\n{anal}深处涌出大量温热黏腻的肠液，那滑腻的液体不受控地溢出甚至微微喷出，令她羞得几乎想找个地缝钻进去。\n她的腰肢剧烈地扭动挣扎，脚跟绷紧，脑袋无力地后仰，眼角沁出生理性的泪水，唇间只余下失神的呜咽。\n意识几乎被这股冲垮堤坝的快意彻底吞噬，她在近乎癫狂的迷醉中沉沦，感受着灵魂被极致绝顶震得七零八落。
1067,action_part_a_orgasm_strong_C,0,target_is_player_daughter&CVP_A2_A|5_G_6,这一次的绝顶来得又急又猛，比过往的任何一次都要剧烈，{TargetName}那异常敏锐的{anal}被彻底送上了从未体验过的云端。\n后穴里积蓄已久的快感在瞬间彻底爆发，如同海啸般一层层拍打着她的意识，让她的思绪被冲得七零八落、支离破碎。\n她是{Name}的女儿，这层禁忌的关系让她的羞耻感倍增，可偏偏正是这份羞耻，反而把她体内的快感催逼得更加汹涌浓烈。\n{anal}疯狂地收缩蠕动，仿佛拥有了自己的意志，深处不断有滚热的肠液分泌涌出，顺着抽搐的腿根滑落成一片狼藉。\n她整个身子止不住地打颤，脚趾用力抠紧，后背弓成一道紧绷的弧线，喉间发出一声声压抑不住的娇软呜吟。\n在这远胜以往的强绝顶中，她的理智被快感彻底淹没，只剩下近乎崩溃的极致甜蜜，让她在迷醉里颤栗着失了魂。
1068,action_part_a_orgasm_strong_C,0,target_is_player_daughter&CVP_A2_A|5_G_6,{TargetName}只觉得眼前一花，一股远超她认知的强烈绝顶从{anal}深处轰然席卷而来，把她整个人都掀进了极乐的深渊。\n那被磨得愈发敏感的部位仿佛被无限放大了知觉，一丝丝快感汇聚成滔天巨浪，狠狠拍碎了她仅存的一点理智与矜持。\n身为父亲{Name}身下承欢的女儿，她既为这不伦的沉沦感到羞愧，又忍不住被这前所未有的极致爽意勾得神魂颠倒。\n{anal}一阵阵剧烈地抽搐绞紧，热腾腾的肠液如决堤般大量涌出，甚至带着失控的喷溅，濡湿的触感让她羞得浑身发烫。\n她的双腿控制不住地痉挛发抖，脚背绷得死紧，脑海一片空白，只能发出破碎又甜腻的呜咽在喉咙里打转。\n灵魂像是被这股灭顶的快感震得脱离了躯壳，她在近乎崩溃的迷醉与颤栗中彻底失神，深陷进这场强绝顶的极致漩涡里。

1069,action_part_a_orgasm_strong_C,0,CVP_A2_T|102_E_1&CVP_A2_T|1_E_0&CVP_A2_A|10_LE_3&high_1,一波远比之前任何一次都要凶猛的绝顶从{anal}最深处轰然炸开，幼小的{TargetName}整个人都被这股陌生的巨浪掀翻了，稚嫩的身体从来没有承受过这样凶狠的快感。\n那道滚烫的热流沿着仍旧紧窄的肠壁一路狂涌上来，漫过小小的肚子，冲垮了她本就懵懵懂懂的意识，令她的脑袋里一片雪白，什么都想不起来了，只剩下一阵接一阵的痉挛把她的小屁股折腾得不住颤抖。\n连续绝顶了那么多次之后，{anal}早已敏感得不像话，此刻这一下强烈的绝顶更把那处稚嫩推到了一个她从未想象过的新高度，紧致的肠肉一下一下失控地绞紧又松开，逼得大量温热的肠液咕噜咕噜地涌了出来，甚至小小地喷溅了一下。\n{TargetName}还太小，根本弄不明白自己的身体为什么会变成这样，只觉得又羞又怕，小脸涨得通红，眼角沁出了生理性的泪花，偏偏那股迷醉的快意又让她忍不住沉溺其中，稚气的心里乱成了一团。\n那股几乎要把她冲散的强烈绝顶迟迟不肯退去，{anal}还在一下下余韵未消地抽搐着，令幼小的{TargetName}失神地颤栗着，整颗心都被这前所未有的极致快感震得空落落的，久久回不过神来。
1070,action_part_a_orgasm_strong_C,0,CVP_A2_T|102_E_1&CVP_A2_T|1_E_0&CVP_A2_A|10_LE_3&high_1,一股猛烈得吓人的快感毫无预兆地从{anal}里炸裂开来，比之前那一次次的绝顶都要强上太多，娇小的{TargetName}被冲得整个小小的身子都弓了起来。\n她那尚未发育的稚嫩身体在这股狂潮里剧烈地颤抖着，一波未平一波又起的痉挛顺着紧致的肠道一路蔓延，从下腹一直烧到心口，把她那点懵懂天真的神智几乎彻底冲垮了，脑子里空得只剩下嗡嗡作响的快意。\n经过了那么多次连续的绝顶，稚嫩的{anal}早已被磨得敏感万分，这一下更是像跨上了一个全新的台阶，那股强烈到近乎崩溃的快感让她的小手无意识地攥紧又松开，纤细的双腿绷得笔直又忽然瘫软。\n温热黏腻的肠液止不住地从{anal}深处一股股涌出来，那种失控的感觉让年幼的她羞得眼泪都快掉下来了，可小小的身体却又被这灭顶般的迷醉牢牢攥住，越是羞耻越是颤得厉害。\n{TargetName}张着小嘴无声地喘着，稚气的脸上写满了震撼与茫然，她第一次尝到快感竟能强烈到这种地步，小小的灵魂仿佛都被这一记强绝顶狠狠撞了一下，久久悬在半空落不下来。
1071,action_part_a_orgasm_strong_C,0,CVP_A2_T|102_E_1&CVP_A2_T|1_E_0&CVP_A2_A|10_LE_3&high_1,这一次的绝顶来得又急又狠，远比先前那些都要凶，幼小的{TargetName}只觉得一股滚烫的快感从{anal}最里头猛地爆开，把她整个稚嫩的身子都掀进了一片翻腾的浪里。\n那股强烈到失控的酥麻顺着仍旧窄小紧致的肠壁一圈圈往外扩散，漫过她小小的肚皮，钻进每一寸幼嫩的肌肤，逼得她纤细的腰肢一次次深深弓起又猛地塌软下去，稚气的意识在这灭顶的冲击里散得七零八落。\n连续绝顶了太多回，{anal}的敏感早已攀上了一个陌生的新高度，此刻这记强绝顶更让那处稚嫩绞得死紧又猛地松开，一股股温热的肠液不受控制地咕嘟涌出，甚至带着小小的喷意，那种黏糊糊往外淌的失控感让年幼的她又惊又臊。\n{TargetName}根本不懂身体为什么会这样迷乱，只本能地觉得又怕又爽，小脸烫得发红，泪珠在眼眶里打转，可那股近乎崩溃的快意又甜得她忍不住往里沉。\n强烈的余韵久久缠着不散，{anal}仍在一下下痉挛着，幼小的{TargetName}失神地颤着，稚嫩的胸口剧烈起伏，整颗小小的心都被这从未有过的极致绝顶震得晕乎乎的。
1072,action_part_a_orgasm_strong_C,0,CVP_A2_T|102_E_1&CVP_A2_T|1_E_0&CVP_A2_A|10_LE_3&high_1,一记比以往强烈太多的绝顶轰然砸进{TargetName}幼小的身体，那股狂暴的快感从{anal}深处席卷而来，把她那点稚气的清醒瞬间冲得荡然无存。\n她娇小的身子在剧烈的痉挛里不住抽搐，一波接一波的快意顺着尚且紧涩的肠道往上撞，撞得她小腹一阵阵抽紧，撞得她纤细的四肢失控地颤，脑袋里白茫茫一片，连自己是谁都快想不清了。\n先前连着绝顶了那么多次，{anal}早已敏感得可怕，如今这一下更像是踏上了全然陌生的台阶，那处稚嫩死死绞缩又猛然松弛，大量温热的肠液止不住地往外涌，甚至小小地喷了出来，那股湿黏失控的触感让幼小的她羞得浑身发烫。\n{TargetName}还是个什么都不太懂的小家伙，她被这灭顶的快感吓得眼眶发红，却又无可救药地沉醉在那种迷乱的甜里，稚气的心里既慌乱又贪恋，说不清是想逃还是想要更多。\n那股几乎将她整个人冲垮的强绝顶迟迟不退，{anal}还在余韵中一下下轻轻抽动，令幼小的{TargetName}失神地打着颤，整个小小的灵魂都被这前所未有的极致快意狠狠摇撼，久久无法平复。
1073,action_part_a_orgasm_strong_C,0,CVP_A2_T|102_E_1&CVP_A2_T|1_E_0&CVP_A2_A|10_LE_3&high_1,快感在这一瞬间陡然攀上了从未有过的顶点，比之前每一次都要强得多的绝顶从{anal}深处凶猛地涌起，幼小的{TargetName}被冲得连呼吸都乱了。\n那道灼热的浪潮沿着仍显稚嫩紧窄的肠壁一路狂奔，漫过她小小的肚腹，直冲进单纯懵懂的脑海，把她仅剩的那点神智冲刷得一干二净，只留下满身停不下来的痉挛与颤栗。\n历经了一次又一次连续的绝顶，{anal}的敏感早已被推上了一个崭新的台阶，此刻这股强烈到近乎将她击溃的快意让那处稚嫩不住地绞紧收缩，一股股温热的肠液汹涌而出，甚至溢出小小的一注，那失禁般的错觉羞得年幼的她几乎想缩成一团。\n{TargetName}实在太小，弄不懂这灭顶的滋味究竟是什么，只觉得又惊又迷，小脸红透，睫毛上挂着晶亮的泪，偏偏那份极致的酥爽又让她的小身子一次次不由自主地迎着颤。\n强烈的绝顶余波在她幼嫩的体内久久回荡，{anal}仍一下一下地抽搐着，令失神的{TargetName}颤抖不止，稚气的心底被这超乎想象的强绝顶撞出一片空白，好半天都缓不过神来。
1074,action_part_a_orgasm_strong_C,0,CVP_A2_T|102_E_1&CVP_A2_T|1_E_0&CVP_A2_A|10_LE_3&high_1,这一记绝顶强得让幼小的{TargetName}整个人都失了控，一股汹涌澎湃的快感自{anal}最深处轰然升腾，把她稚嫩的小身子彻底卷进了灭顶般的狂潮里。\n那股远超以往的酥麻电流般窜过仍旧紧致的肠道，漫过她小小的下腹，一路直冲进她天真懵懂的意识，冲得她脑中一片混沌，连自己的身子都渐渐感觉不真切了，只剩连绵不断的痉挛把她折腾得瑟瑟发抖。\n连着绝顶了太多次，{anal}早已敏感到了一个她从未触及的新高度，这一下强烈的冲击更让那处稚嫩死死绞缩又猛地舒张，温热黏稠的肠液一波波涌溢而出，甚至带着微微的喷溅，那种止不住往外淌的失控让年幼的她又羞又乱。\n{TargetName}只是个懵懂的小人儿，被这前所未有的强烈快意冲得又怕又醉，小脸烧得滚烫，眼里泛起蒙蒙的水光，稚气的心却在慌张中悄悄沉溺进这销魂的迷乱里。\n那股要把她冲散的强绝顶余韵久久萦绕不去，{anal}还在一下下轻轻抽动着，令幼小的{TargetName}失神地颤栗，小小的胸膛剧烈起伏，整颗心都被这震撼灵魂的极致绝顶搅得空落落的，迟迟落不回地面。

1075,action_part_a_orgasm_strong_C,0,CVP_A2_T|103_E_1&CVP_A2_T|1_E_0&CVP_A2_A|10_LE_3,一波远比以往任何一次都要凶猛的快感毫无预兆地从{anal}深处轰然炸开，将稚嫩懵懂的{TargetName}整个人狠狠掀翻。\n那股炽烈的电流顺着紧致的肠壁一路窜上娇小的脊背，令她瘦弱的腰肢猛地弓起又重重瘫软，小小的身子控制不住地剧烈颤栗着，脑海里原本残存的那一点点意识几乎被这滔天的快意瞬间冲垮，什么都想不了了，只剩下那处又酸又麻的地方在一下下疯狂地抽搐收缩。\n{TargetName}从未体会过这样恐怖的绝顶，敏感得像是被点燃了一样的{anal}不受控制地连续痉挛着，一股接一股温热的肠液猛地从深处涌了出来，甚至带着小幅的喷溅，令她羞耻得几乎要哭出来，却又被那股灭顶的迷醉牢牢按在快感的浪尖上无处可逃。\n幼小的她大脑一片空白，只觉得灵魂都被这前所未有的强烈高潮震得七零八落，稚气的小脸涨得通红，失神的眼眸里蒙上一层水雾。\n那场凶猛的绝顶迟迟不肯退去，{TargetName}瘫软着娇小的身躯微微抽搐，紧致的肠道还残留着一阵阵痉挛的余韵，那种既崩溃又迷乱的极致快意在她幼嫩的身体里久久回荡，令她怎么都缓不过神来。
1076,action_part_a_orgasm_strong_C,0,CVP_A2_T|103_E_1&CVP_A2_T|1_E_0&CVP_A2_A|10_LE_3,一记远超从前的极致快感毫无征兆地从{anal}最深处猛然爆发开来，令娇小的{TargetName}整个人剧烈地弹动了一下。\n那股汹涌的酥麻像决堤的洪水一样瞬间席卷了她稚嫩的全身，纤细的四肢无力地绷直又失控地颤抖，小腹一阵接一阵地痉挛抽搐，尚未被完全开发的紧致肠壁疯狂地收缩绞紧，那种强烈到近乎恐怖的快意几乎将她仅存的一丝清醒彻底冲散。\n{TargetName}懵懵懂懂地根本招架不住这样的绝顶，敏感度像是一夜之间攀上了全新的台阶，{anal}不受控制地连续抽搐着，大量温热的肠液咕噜噜地从深处翻涌而出，令她羞得无地自容，可那股灭顶的迷醉却又叫她沉沦得无法自拔。\n幼小的身体在极致的震颤里失了神，稚气的眉眼间写满了崩溃般的迷乱，红扑扑的小脸上尽是失控的痴态。\n直到那场猛烈的高潮渐渐平息，{TargetName}还瘫软着微微发抖，紧致的{anal}深处仍不时泛起细密的痉挛余波，那种撼动灵魂的极致快感令她幼嫩的心久久无法平静下来。
1077,action_part_a_orgasm_strong_C,0,CVP_A2_T|103_E_1&CVP_A2_T|1_E_0&CVP_A2_A|10_LE_3,一股比过往任何一次都要凶猛数倍的绝顶快感陡然从{anal}深处轰然涌起，将天真懵懂的{TargetName}狠狠卷入了失控的漩涡。\n那种滚烫而剧烈的酥麻感沿着紧致的肠道一路蔓延，漫过她单薄的小腹，漫过纤细的腰肢，令她瘦小的身子止不住地大幅颤栗，双腿无意识地乱蹬又猛地夹紧，脑子里嗡的一声便被彻底搅成一片混沌，那点稚嫩的意识几乎当场就被冲垮了。\n{TargetName}从没想过自己的身体会迎来这样强烈的高潮，仿佛敏感度骤然跨上了一个新的高度，{anal}一下一下疯狂地绞缩着，一大股温热的肠液不受控制地喷涌而出，令幼小的她又惊又羞，却又被那铺天盖地的迷醉快意压得动弹不得。\n她失神地张着小嘴，稚气的脸上满是崩溃边缘的迷乱神情，整个灵魂都在这极致的绝顶里剧烈地震颤着。\n那阵凶猛的快感久久盘桓不去，{TargetName}娇小的身躯软软地抽搐着，紧致的肠壁仍一阵阵痉挛收缩，那种近乎崩溃的极致快意在她幼嫩的躯体里反复回荡，叫她怎么都回不过神来。
1078,action_part_a_orgasm_strong_C,0,CVP_A2_T|103_E_1&CVP_A2_T|1_E_0&CVP_A2_A|10_LE_3,一波前所未有的强烈快感如惊雷般毫无预兆地在{anal}深处炸响，令稚气未脱的{TargetName}整个娇小的身子猛地一僵，随即剧烈地痉挛起来。\n那股炽热的快意顺着尚且紧致的肠壁疯狂地向四肢百骸扩散，她瘦弱的腰身反复深深弓起又重重塌软，纤细的手指无力地攥紧又松开，仅剩的一丝意识在这滔天的绝顶里被冲得支离破碎，脑海里只剩下一片令她战栗的空白。\n{TargetName}懵懂的身体根本承受不住这种台阶般跃升的敏感，{anal}失控地连连抽搐绞紧，一股股温热的肠液汹涌地涌出甚至微微喷溅，那种强烈的羞耻与灭顶的迷醉交织在一起，令幼小的她既想逃开又忍不住深深沉沦。\n她失神地颤抖着，稚嫩的小脸上尽是被快感彻底击垮的痴迷神色，仿佛连灵魂都被这极致的高潮震得摇摇欲坠。\n直到那场剧烈的绝顶缓缓退潮，{TargetName}才瘫软着微微喘息，紧致的{anal}深处仍残留着一波波细密的痉挛，那份撼人心魄的极致快意在她幼嫩的身体里久久不散，令她迟迟无法平复。
1079,action_part_a_orgasm_strong_C,0,CVP_A2_T|103_E_1&CVP_A2_T|1_E_0&CVP_A2_A|10_LE_3,一阵远比寻常绝顶猛烈得多的极致快感骤然从{anal}深处奔涌而出，将懵懂稚嫩的{TargetName}整个人卷进了失神的洪流里。\n那种强烈到令人恐惧的酥麻沿着紧致的肠道一路狂奔，漫过她娇小的小腹与单薄的腰肢，令瘦弱的身躯剧烈地颤栗抽搐，双腿失控地绷直又痉挛地蜷起，那点稚气的意识几乎在刹那间就被这铺天盖地的快意彻底冲垮。\n{TargetName}从未领教过这般凶猛的高潮，像是敏感度一下子攀上了全新的顶点，{anal}不受控制地疯狂收缩痉挛，大量温热的肠液不住地翻涌喷出，令幼小的她羞得几乎失了魂，却又被那股无法抗拒的迷醉牢牢困在极乐之中。\n她失神地轻颤着娇小的身子，稚嫩的眉眼间满是近乎崩溃的迷乱与痴态，整个灵魂都在这撼天动地的绝顶里簌簌发抖。\n那场汹涌的快感迟迟不肯散去，{TargetName}软软地瘫着微微抽动，紧致的肠壁深处仍一下下泛起痉挛的余韵，那种震彻身心的极致快意在她幼嫩的躯体里反复激荡，久久令她回不过神来。

1080,action_part_a_orgasm_strong_C,0,CVP_A2_T|104_E_1&CVP_A2_T|1_E_0&CVP_A2_A|10_LE_3,一阵远比以往任何一次都要凶猛的快感毫无预兆地从{anal}最深处轰然炸开，那股狂潮凶狠地贯穿了{TargetName}的整条脊背。\n这一次的绝顶与之前那些截然不同，仿佛那处稚嫩的地方在接连多次的绝顶之后被彻底点燃，敏感度陡然拔高了一个从未触及的台阶，令{TargetName}的意识在刹那间被这股洪流冲得七零八落，什么都想不清楚了，脑海里只剩下{anal}深处一波接一波的猛烈痉挛。\n{TargetName}的腰肢不受控制地深深弓起，青春的身体绷成了一张满弓，紧接着又猛地瘫软下去，纤细的双腿失控地颤抖着，脚趾死死蜷缩成一团。\n那处仍旧紧致的甬道剧烈而连续地收缩着，明明还残留着几分尚未适应的酸胀，偏偏这份陌生的酸胀又与滔天的快意搅在一起，令她既羞耻又迷醉，眼前一片雪白。\n她能清晰地感觉到大量温热的肠液从{anal}里失禁般涌了出来，甚至小小地喷溅了一下，那种彻底失控的羞耻让{TargetName}几乎要落泪，可少女的身体却诚实地沉溺在这前所未有的强烈绝顶里，连灵魂都在这一刻剧烈震颤，久久无法回神。
1081,action_part_a_orgasm_strong_C,0,CVP_A2_T|104_E_1&CVP_A2_T|1_E_0&CVP_A2_A|10_LE_3,快感如同决堤的洪水，猛地从{anal}深处翻涌上来，将{TargetName}整个人狠狠地掀翻了。\n她能感觉到那处地方在一次又一次的绝顶之后，敏感得已经不像话，如今这一波快意比从前所有的绝顶叠加起来还要凶猛数倍，凶狠地冲刷着她青春稚嫩的神经，令她的意识几乎被彻底冲垮，只能失神地大张着嘴，却发不出半点声音。\n{TargetName}的后腰一次又一次地深深弓起，绷紧的小腹剧烈地抽搐着，尚显青涩的身子随着{anal}那毫无章法的猛烈收缩而不住地痉挛、颤栗。\n那紧窄的甬道死死绞紧又骤然松开，反反复复，带来一种令她头皮发麻的极致摩擦快感，那份属于生涩之人的紧致此刻被无限放大，令她既慌乱又沉沦。\n汹涌的肠液不受控制地从{anal}汩汩溢出，濡湿了大片肌肤，那种湿淋淋的失控感让{TargetName}羞得浑身发烫，可她的心早已被这灵魂震颤般的强烈绝顶彻底俘获，迷乱的双眼失了焦，怎么也缓不过神来。
1082,action_part_a_orgasm_strong_C,0,CVP_A2_T|104_E_1&CVP_A2_T|1_E_0&CVP_A2_A|10_LE_3,一股陌生而狂暴的绝顶感突兀地从{anal}炸裂开来，其强度之骇人，令{TargetName}整颗心都跟着狠狠一坠。\n她怎么也没料到那处稚嫩的后穴竟然会在反复的高潮中变得如此敏感，这一次的快意远远超出了她能承受的极限，像一道惊雷劈进脑海，把她仅存的一点理智搅得粉碎，令她在极致的快感里失神颤栗，几乎不知身在何处。\n{TargetName}的双腿无力地乱蹬着，腰肢深深弓起后又彻底瘫软，纤细的手指死死攥紧，指节都泛了白，青春的脸庞上写满了失控的迷醉。\n{anal}剧烈而不受控制地一下下痉挛收缩，那份尚未被完全开发的紧致令每一次收缩都摩擦出令她酥麻到骨子里的强烈快感，酸胀与狂喜交织，令她既羞涩难当又无法自拔。\n温热的肠液大量地涌出{anal}，甚至带着一点小幅的喷溅，那份湿滑失禁的羞耻感几乎要将{TargetName}淹没，可这灵魂被震得七零八落的强烈绝顶却让她深深沉醉，久久无法从这片迷乱的余韵里挣脱出来。
1083,action_part_a_orgasm_strong_C,0,CVP_A2_T|104_E_1&CVP_A2_T|1_E_0&CVP_A2_A|10_LE_3,那股快感来得又急又猛，仿佛整个世界都在{anal}炸开的瞬间轰然崩塌，{TargetName}被这前所未有的凶猛绝顶狠狠地掀入了迷乱的深渊。\n连续多次的绝顶早已把那处稚嫩的地方磨得敏感异常，如今这一波快意远比从前任何一次都要浓烈剧烈，狂暴地贯穿她青春的身躯，令她的意识几乎被冲得干干净净，只剩下满脑子雪白的空茫和身体深处不停翻涌的极致快意。\n{TargetName}的腰身失控地反复弓起又塌陷，绷紧的大腿剧烈地打着颤，脚趾蜷缩得发疼，稚嫩的身子在这滔天的快感中止不住地颤栗抽搐。\n仍旧紧窄的甬道一阵紧似一阵地绞紧收缩，那份属于生涩之人的紧致带来令她酥软到极点的强烈摩擦，酸胀里裹着蚀骨的快意，令她既想逃避又忍不住迎合。\n她清楚地感到大量滚烫的肠液从{anal}失控地喷涌而出，那种湿漉漉的失禁感让{TargetName}羞耻得几乎要哭，可她的灵魂早已在这震颤般的强烈绝顶里彻底沦陷，迷醉的神情久久不散。
1084,action_part_a_orgasm_strong_C,0,CVP_A2_T|104_E_1&CVP_A2_T|1_E_0&CVP_A2_A|10_LE_3,一记远超以往的凶猛绝顶毫无征兆地从{anal}最深处骤然引爆，将{TargetName}青春的身体彻底掀翻在了快感的浪尖上。\n她分明感觉到那处地方在一轮又一轮的高潮之后，敏感度攀上了一个从未想象过的台阶，如今这股快意汹涌得近乎凶狠，把她的思绪冲刷得支离破碎，令她在极致的迷醉中失了神，连呼吸都乱成了一团，只觉得灵魂都被这滔天的快感震得发颤。\n{TargetName}的后腰深深地弓起一道弧线，随即又软软地瘫落，纤细的双腿不受控地痉挛乱颤，青涩的小腹一下下剧烈地抽搐着。\n那紧致的甬道疯狂而连续地收缩绞紧，尚未完全适应的酸涩与铺天盖地的快意在{anal}深处激烈地厮缠，摩擦出令她头皮发麻的强烈快感，令她既羞窘又沉沦得无法自持。\n大量温热的肠液不受控制地从{anal}里汹涌溢出，甚至小幅地喷洒出来，那份湿淋淋的失控让{TargetName}羞得几乎抬不起头，可少女的身心却深深沉溺在这灵魂震撼般的强烈绝顶里，迷乱的余韵久久萦绕，怎么也散不去。
1085,action_part_a_orgasm_strong_C,0,CVP_A2_T|105_E_1&CVP_A2_T|1_E_0&CVP_A2_A|10_LE_3,那股快感如同决堤般在{anal}深处骤然炸裂开来，比以往任何一次都要凶猛沉重，{TargetName}只觉得一个全新的台阶被硬生生踏破，后穴的敏感度攀升到了她从未想象过的骇人高度。\n她那具已经发育成熟的身子止不住地剧烈痉挛，青涩的脸上却写满了近乎崩溃的失神，双腿先是绷得笔直又猛地蜷缩起来，脚趾深深地抠紧。\n{anal}一波接着一波地疯狂收缩绞紧，把那股灭顶的快意反复碾压吮吸，她恍惚间感觉自己的意识几乎要被这滔天的洪流彻底冲垮淹没。\n大量温热黏腻的肠液顺着那尚且紧致的甬道汹涌涌出，甚至一小股一小股地喷溅出来，那种近乎失禁的失控让身为大姐姐的她羞耻得几乎要哭出声。\n她本想强撑着成熟女人的从容体面，此刻却只能在这前所未有的极致绝顶里颤栗、迷醉，整个灵魂都被这股淫靡的震撼搅得支离破碎，一片空白。
1086,action_part_a_orgasm_strong_C,0,CVP_A2_T|105_E_1&CVP_A2_T|1_E_0&CVP_A2_A|10_LE_3,积攒到极限的快感在这一瞬彻底崩堤，{TargetName}分明感到{anal}被一股远超从前的狂潮席卷，那强度陌生得让她这个还没被彻底开发的身子无所适从。\n她仰起头，成熟的脖颈绷出一道优美的弧线，腰肢却不受控制地一次次向上弓起又重重塌下，青涩的呻吟卡在喉咙里化作破碎的气音。\n尚未完全适应肛交的紧致肠壁此刻疯狂地一缩一放，每一次绞紧都把快感放大到令她眼前发白，仿佛整个下腹都被这股酥麻的电流反复贯穿。\n她能清晰地感觉到滚烫的肠液不受控地大量渗涌而出，浸得{anal}一片濡湿黏腻，那失控喷洒的感觉让她又羞又迷，脑子里乱成一团浆糊。\n这是比普通绝顶更深更烈的一层，她像个初尝禁果的青涩女人般在这极乐里失神发抖，成熟的躯壳里翻涌着近乎崩溃的极致快意。
1087,action_part_a_orgasm_strong_C,0,CVP_A2_T|105_E_1&CVP_A2_T|1_E_0&CVP_A2_A|10_LE_3,当那道强烈到不真实的绝顶劈下时，{TargetName}整个人都僵直了一瞬，随即{anal}深处爆开的快感便如潮水般把她的理智连根拔起，冲得七零八落。\n她丰满的身躯剧烈地战栗着，成熟的曲线在痉挛中显得格外淫靡，青涩的眉眼却皱成一团，透着一股承受不住的迷茫与惊惶。\n那还带着几分生涩的肠道一遍遍地强烈收缩，紧紧咬合着不肯松开，把每一分快意都榨取到极致，她只觉得从尾椎直窜头顶的酥麻几乎要把她烧化。\n汹涌的肠液比以往任何一次都多得多，顺着{anal}的褶皱不断溢出滑落，甚至夹着收缩小幅地飙射，那种湿淋淋的失控让她羞得浑身发烫。\n身为大姐姐的矜持在这一刻荡然无存，她只能任由这远胜从前的强绝顶将自己吞没，在灵魂被撕扯般的极乐震颤中彻底沉沦、失神。
1088,action_part_a_orgasm_strong_C,0,CVP_A2_T|105_E_1&CVP_A2_T|1_E_0&CVP_A2_A|10_LE_3,快感在体内层层堆叠，终于在这一刻越过了那道从未触及的界线，{TargetName}猛地意识到{anal}传来的绝顶竟凶猛到让她连喘息都忘记了。\n她成熟饱满的身子弓成一张满弓，腰肢高高抬起又骤然瘫软，青涩的脸颊烧得通红，眼角沁出了生理性的泪水，一副被快感逼到极限的模样。\n那尚显稚嫩的紧致后穴此刻疯狂地绞动痉挛，一下比一下更用力地收缩，把那股铺天盖地的快意反复挤压回甜蜜的深处，令她意识几近溃散。\n她感到大量温热的肠液毫无预兆地喷涌而出，濡湿了整个{anal}，那种止不住的失控喷洒让她又惊又臊，脑海里羞耻与迷醉激烈地厮打。\n这远比她记忆中的任何一次都要来得汹涌深沉，这个外表成熟内里青涩的女人在极致绝顶里颤栗低吟，被前所未有的灵魂震撼搅得神魂俱碎。
1089,action_part_a_orgasm_strong_C,0,CVP_A2_T|105_E_1&CVP_A2_T|1_E_0&CVP_A2_A|10_LE_3,像是被推上了一个从未抵达的顶峰，{TargetName}只觉得{anal}深处那股绝顶的快感强烈得近乎失真，把她一直强撑的成熟从容瞬间击得粉碎。\n她那具丰腴的身体一阵阵地抽搐颤栗，腿根不住地打颤，脚背绷得死紧，青涩的表情在极乐中彻底失守，只剩下一片迷醉的空白。\n开发未深的肠壁紧紧收束着，一波强过一波地痉挛绞紧，那强烈的摩擦与吮吸把每一寸快意都推到顶点，酥麻从后穴一路蔓延到四肢百骸。\n她清楚地感觉到滚烫黏稠的肠液大量涌出，顺着{anal}的边缘不断淌落甚至小幅喷溅，那种湿热失控的触感让她羞耻到几乎想要蜷缩起来。\n身为大姐姐，她原以为自己早已见惯情事，可这远超普通绝顶的极致快感还是把她冲得意识恍惚、灵魂战栗，在这陌生的强绝顶里沉沦得无法自拔。
1090,action_part_a_orgasm_strong_C,0,CVP_A2_T|106_E_1&CVP_A2_T|1_E_0&CVP_A2_A|10_LE_3,一波远比以往任何一次都要凶猛的绝顶毫无预兆地从{anal}最深处轰然炸开，成熟丰腴的{TargetName}整个人被这股陌生的巨浪掀翻，理论上早已谙熟床笫之事的她，此刻却被这种全新高度的快感彻底击溃了神智。\n那尚显紧致而稚嫩的肠壁在连续数次绝顶后敏感得不像话，如今更是不受控制地剧烈痉挛收缩着，一波接一波地绞紧又松开，每一下都把成熟的躯体推向更失神的深渊，令她丰腴的腰肢反复深深弓起又骤然瘫软。\n{TargetName}的意识几乎被这滔天的快意冲得七零八落，脑海里一片眩晕的空白，只剩下深处那股汹涌到令她战栗的极致快感。\n她能清晰地感觉到大量温热的肠液不受控制地从{anal}汩汩涌出，甚至小幅地喷溅了出来，那种失禁般的失控感令向来从容的熟女又羞又乱，成熟的脸庞彻底失了平日的沉稳，唯有难以言喻的迷醉在眼底翻涌。\n这远超她经验里任何一次高潮的震撼，令{TargetName}在{Name}面前彻底失了态，只能任由灵魂在这陌生而极致的绝顶里剧烈颤栗着。
1091,action_part_a_orgasm_strong_C,0,CVP_A2_T|106_E_1&CVP_A2_T|1_E_0&CVP_A2_A|10_LE_3,快感在连续数度攀顶之后忽然跃上了一个她从未触及的崭新台阶，一股足以将成熟心智撕裂的强烈绝顶自{anal}深处轰然席卷全身，{TargetName}丰满的身躯猛地绷成一张满弓，又在下一瞬颤抖着彻底瘫软下去。\n开发有限的肠道虽仍带着几分紧涩，却在这种极致的刺激下敏感得近乎疯狂，紧致的肠壁一下下失控地深深绞缩，那种被自身收缩挤压出来的强烈摩擦快意，让阅历丰富的她也招架不住。\n{TargetName}的脑子被这排山倒海的快感搅成一片浆糊，什么理论经验、什么成熟从容全都荡然无存，只剩下灵魂被生生震透般的迷乱与酥麻。\n她隐约感到滚烫的肠液正大量地自深处翻涌而出，濡湿了一片，那种彻底失控的羞耻感反而让快意变得更加汹涌，令熟女的眼神都失了焦。\n这一次的极乐远远压过了从前所有的绝顶，{TargetName}在{Name}身前失神地喘着，成熟的躯体还在一阵阵不由自主地痉挛，久久无法从这场灵魂震颤中回过神来。
1092,action_part_a_orgasm_strong_C,0,CVP_A2_T|106_E_1&CVP_A2_T|1_E_0&CVP_A2_A|10_LE_3,接连不断的高潮把{anal}的敏感度硬生生逼上了一个全新的高度，于是这一次的绝顶来得格外凶悍，一股几乎要把神智整个吞没的极致快感从深处猛然炸裂开来，令成熟的{TargetName}浑身剧烈一颤，丰腴的双腿失控地乱蹬着。\n那尚未被彻底开发的肠壁本就紧致，此刻更是不受控制地一轮轮深深痉挛，紧紧绞着又骤然松开，每一次收缩都把强烈到发疼的快意榨得更满，令她成熟的腰肢反复弓起又软塌下来。\n{TargetName}平日里那份对快感的直接与老练早已被冲得无影无踪，意识几乎被彻底冲垮，脑中只剩一片轰鸣的空白和铺天盖地的酥麻战栗。\n她清楚地觉出大量肠液正从{anal}汹涌地淌出来，甚至带着一点小小的喷涌，那股热流让丰满成熟的她又羞又醉，几乎要在这陌生的极乐里失了魂。\n这种远超寻常绝顶的强烈冲击令{TargetName}在{Name}面前毫无保留地沉沦了下去，只能任由极致的快意在成熟丰盈的身体里一浪高过一浪地翻卷。
1093,action_part_a_orgasm_strong_C,0,CVP_A2_T|106_E_1&CVP_A2_T|1_E_0&CVP_A2_A|10_LE_3,当敏感在一次次绝顶后终于攀升到某个临界，一场远比普通绝顶猛烈得多的极乐骤然从{anal}最深处爆发，将成熟丰满的{TargetName}整个人都掀进了失神的漩涡，她再也维持不住素日里那份从容的风韵。\n经验有限而依旧紧致的肠道敏感到了极点，紧窄的肠壁疯狂而不受控地连续绞缩着，那种紧致带来的强烈摩擦快感被放大到了令她战栗的地步，成熟的躯体随之一阵阵剧烈地抽搐绷紧。\n{TargetName}的思绪几乎被这股洪流冲得溃不成军，脑海一片眩白，唯有从深处翻涌上来的极致酥麻一遍遍地灌满四肢百骸，令她连呼吸都失了节奏。\n她能感到温热黏腻的肠液正大量地自{anal}涌流出来，甚至微微地喷了出去，那份失控与狼狈让丰腴的她既羞耻又迷醉，成熟的眼底泛起一层水光。\n这场陌生而剧烈的绝顶远远超出了{TargetName}以往的一切体验，令她在{Name}身前只能失神地颤栗着，任由灵魂在极乐里久久沉浮。
1094,action_part_a_orgasm_strong_C,0,CVP_A2_T|106_E_1&CVP_A2_T|1_E_0&CVP_A2_A|10_LE_3,连番的攀顶让敏感悄然跃迁到一个崭新的层级，于是这一次{anal}深处涌起的绝顶凶猛得超乎想象，一股足以冲垮成熟心防的极致快意轰然漫过全身，令丰腴的{TargetName}猛地仰起脖颈，丰满的躯体绷得笔直又骤然松垮。\n那开发程度尚浅、仍旧紧涩的肠壁此刻敏感得近乎失常，一下下失控地剧烈痉挛绞紧，紧致的收缩把汹涌的快感一遍遍推向顶点，让阅历再丰富的熟女也彻底缴了械。\n{TargetName}的神智几乎被这浪潮般的快感冲得涣散，向来直白追逐欢愉的她此刻只剩下满脑子的空白与眩晕，成熟的面庞浮起一片失神的潮红。\n滚烫的肠液大量地自深处奔涌而出，甚至有一小股被强烈的收缩挤喷了出来，那种彻底失禁般的失控让丰满成熟的她又慌又羞，却又在这羞耻里越陷越深地沉醉。\n这远胜从前的强烈绝顶令{TargetName}在{Name}面前再无半分矜持，只能任凭那股极致的战栗一次次贯穿她成熟丰盈的身体，久久不能自持。
1095,action_part_a_orgasm_strong_C,0,CVP_A2_T|107_E_1&CVP_A2_T|1_E_0&CVP_A2_A|10_LE_3,一股远比以往任何一次都要凶猛的快感毫无预兆地从{anal}最深处炸裂开来，将已为人妻的{TargetName}整个人狠狠掀翻。\n那股汹涌的电流顺着尚且紧致的肠壁一圈圈狂暴地扩散，漫过颤抖的小腹，漫过绷紧的腰肢，令她的意识在刹那间几乎被彻底冲垮，脑子里一片轰鸣，什么都想不起来了。\n{anal}不受控制地剧烈痉挛收缩着，一波接一波地绞紧又松开，那种被强烈快感反复碾过的滋味令她失神地仰起头，四肢无力地颤抖乱蹬。\n她能清晰地感觉到大量温热的肠液从{anal}深处汹涌地涌出，甚至小幅地喷溅而出，那种失禁般的羞耻令她的脸颊烧得滚烫，心底却又涌起一阵近乎崩溃的极致快意。\n身为有夫之妇却在这里迎来如此强烈失控的绝顶，那股背叛婚姻的背德刺激与对家庭的愧疚交织在灵魂深处，令{TargetName}在颤栗中彻底沉沦，久久无法从这场灵魂震颤般的强绝顶里回过神来。
1096,action_part_a_orgasm_strong_C,0,CVP_A2_T|107_E_1&CVP_A2_T|1_E_0&CVP_A2_A|10_LE_3,这一次的绝顶来得比过往任何一次都要猛烈得多，仿佛连续攀升的快感终于叠加到了一个全新的高度，从{anal}深处轰然爆发。\n{TargetName}那尚未被完全开发、依旧生涩紧窄的肠道在这股远超普通绝顶的冲击下剧烈地绞缩起来，紧致的褶皱一下一下痉挛着，将那股强烈到令她几乎昏厥的快感反复放大。\n她的腰肢深深地弓起又猛地瘫软下去，双腿失控地绷直颤抖，脑海里被铺天盖地的快意冲刷得一片空茫，意识摇摇欲坠。\n温热的肠液不受控制地大量渗涌而出，濡湿了{anal}周围的每一寸肌肤，那种湿淋淋的失控感令这位人妻既羞耻又迷醉。\n明明还是个对这种快感颇为陌生、身体尚在生涩适应中的后穴，却已经被逼上了如此强烈的绝顶巅峰，这种反差让{TargetName}在灵魂的震颤中彻底失了神，背着丈夫沉溺于这份禁忌快感的罪恶感，反而令她陷得更深。
1097,action_part_a_orgasm_strong_C,0,CVP_A2_T|107_E_1&CVP_A2_T|1_E_0&CVP_A2_A|10_LE_3,快感如同决堤的洪流，从{anal}的最深处毫无保留地奔涌而出，将{TargetName}仅存的一丝理智彻底淹没。\n这股强绝顶远比她熟悉的那种绝顶要猛烈太多，像是被某种无形的力量狠狠推上了云端又重重甩下，令她的全身肌肉都强烈地抽搐绷紧，指尖蜷缩着深深掐进掌心。\n那尚显稚嫩紧窄的{anal}一下下不受控制地深深收缩，每一次痉挛都将极致的快意反复碾磨，令她忍不住失神地张大了嘴，眼角沁出了生理性的泪水。\n大量滚烫的肠液顺着剧烈收缩的甬道汹涌溢出，那种毫无遮掩的失禁感令这位已为人妻的女人羞耻得无地自容，偏偏身体又诚实地贪恋着这份灭顶的快感。\n背着家庭在这里放纵地迎来如此失控的强绝顶，那份禁忌与背德的刺激反而化作更猛烈的快意，冲垮了她最后的矜持，令{TargetName}在近乎崩溃的迷醉中久久颤栗不止。
1098,action_part_a_orgasm_strong_C,0,CVP_A2_T|107_E_1&CVP_A2_T|1_E_0&CVP_A2_A|10_LE_3,一阵前所未有的强烈绝顶轰然席卷了{TargetName}的全身，那股从{anal}深处翻涌上来的快感浓烈得几乎将她的意识彻底吞没。\n连续多次的高潮似乎让这处后穴的敏感度陡然攀上了一个新的台阶，如今哪怕是最细微的摩擦都被放大成灭顶的快意，令她生涩紧致的肠壁不受控制地连连绞紧。\n她的腰身剧烈地颤抖起来，绷紧的大腿无力地痉挛着，脑海里被汹涌的快感冲刷得一片混沌，只能任由那股强烈的电流一波波地贯穿身体。\n她能感到{anal}深处有大量温热的肠液不断涌出，甚至难以自控地小幅喷溅，那种失控的羞耻感让身为人妻的她心头一紧。\n可越是想到自己背叛了婚姻、瞒着丈夫在此处贪求这般禁忌的强绝顶，那份罪恶与背德就越发化作滚烫的快意，令{TargetName}在剧烈的颤栗与失神中彻底沦陷，灵魂都为之震颤。
1099,action_part_a_orgasm_strong_C,0,CVP_A2_T|107_E_1&CVP_A2_T|1_E_0&CVP_A2_A|10_LE_3,这场绝顶的强度远远超出了{TargetName}的预料，一股滚烫而狂暴的快感从{anal}最深处骤然喷薄而出，将她的意识几乎冲垮得支离破碎。\n那尚未完全习惯这种极致快感、依旧青涩紧窄的肠道在猛烈的冲击下疯狂地痉挛收缩着，一收一放间将强烈的快意反复推向更高的顶点，令她整个人都失控地颤栗起来。\n她的后腰深深地弓起，随即又软软地塌陷下去，四肢无力地打着颤，脑中一片空白，唯有那铺天盖地的快感在体内横冲直撞。\n大量温热的肠液不受控制地从{anal}汹涌淌出，浸得一片狼藉，那种彻底失禁般的羞耻令这位人妻既想蜷缩起来躲藏，又忍不住被灭顶的快意拽着越陷越深。\n身为有丈夫的女人却在这里迎来如此强烈失控的绝顶，那股背德的禁忌快感与深深的愧疚交缠在一起，反而令{TargetName}在近乎崩溃的迷醉中沉沦得更彻底，久久无法回神。
1100,action_part_a_orgasm_strong_C,0,target_is_player_daughter&CVP_A2_T|1_E_0&CVP_A2_A|10_LE_3,{TargetName}只觉得那尚未被充分开发的{anal}深处猛地炸开一阵前所未有的快感，比以往任何一次绝顶都要凶猛数倍，稚嫩的肠壁一波接一波地痉挛收缩，将那股灭顶的酥麻顺着脊椎一路狂涌上脑。\n她的意识几乎被这突如其来的强烈绝顶冲垮，双眼失神地上翻，纤细的腰肢弓成一道颤抖的弧线，脚趾死死蜷缩起来。\n身为{Name}女儿的她从未想过自己的后穴竟能迸发出这般滔天的快意，敏感度仿佛在这一刻攀上了一个全新的台阶。\n伴随着肠道深处的剧烈抽搐，大量温热的肠液不受控制地从{anal}汩汩涌出，甚至小幅喷溅而出，那份失禁般的失控感让她羞耻得几乎要哭出声，内心却又沉溺在这近乎崩溃的极致迷醉里无法自拔。\n她的四肢都在为这场强绝顶而战栗，灵魂像是被狠狠攫住又抛向高空，只剩下无边无际的酥爽将她整个人彻底淹没。
1101,action_part_a_orgasm_strong_C,0,target_is_player_daughter&CVP_A2_T|1_E_0&CVP_A2_A|10_LE_3,一股远比往日更加汹涌的绝顶浪潮从{TargetName}的{anal}最深处轰然引爆，那还带着几分青涩的肠道被这陌生而剧烈的快感撑得几乎失去知觉，只能徒劳地绞紧再绞紧。\n她整个小腹都在不受控制地抽搐着，明明只被肏开过寥寥几次的后穴，此刻却像是打开了某个从未触碰过的开关，快感强度陡然翻了好几番。\n作为{Name}的亲生女儿，她在这场灭顶般的强绝顶中彻底沦陷，脑海里一片空白，眼角溢出生理性的泪水，嘴角却止不住地上扬。\n滚烫的肠液伴随着一阵阵痉挛从{anal}深处涌流而出，濡湿了她颤抖不已的臀缝，那种被快感冲刷得失禁的羞耻感反而让她愈发迷乱。\n她能清晰感觉到自己的敏感度被这一次强绝顶硬生生拔高到了新的境地，浑身酥软瘫作一团，任由那近乎崩溃的极乐把她一次次拍打。
1102,action_part_a_orgasm_strong_C,0,target_is_player_daughter&CVP_A2_T|1_E_0&CVP_A2_A|10_LE_3,{TargetName}稚嫩的{anal}猝不及防地迎来了一场强度惊人的绝顶，那快感不再是从前羞涩的酥麻，而是化作一道汹涌的电流从尾椎直冲头顶，将她所有的理智瞬间烧成灰烬。\n她的后穴才刚刚被开发了几回，此刻却仿佛脱胎换骨，敏感度攀升到一个令她自己都惊惧的高度，一波未平一波又起的绞缩令她双腿抽搐着并拢又张开。\n身为博士{Name}的女儿，她在这前所未有的极致快意中失神地仰起脖颈，喉咙里溢出破碎的呜咽，内心翻涌着近乎溺毙的甜蜜迷醉。\n随着肠壁一次比一次更凶狠的收缩，大量温热的肠液从{anal}里不断被挤涌出来，那股失控的湿滑让她羞耻到浑身发烫，却又贪婪地想要沉溺更深。\n这场比往常猛烈太多的强绝顶几乎把她的灵魂震得支离破碎，只剩下颤栗的躯体在无尽的酥爽里一寸寸融化。
1103,action_part_a_orgasm_strong_C,0,target_is_player_daughter&CVP_A2_T|1_E_0&CVP_A2_A|10_LE_3,连续不断的极致刺激终于在{TargetName}的{anal}里累积成一场排山倒海的强绝顶，那尚未完全适应肛交的娇嫩肠道被快感彻底攻陷，收缩的力道猛烈得连她自己都为之心惊。\n她感到一股滚烫的快意如决堤般从后穴深处席卷全身，比以往任何一次绝顶都要漫长而凶猛，敏感的肠壁一下下疯狂地蠕动痉挛，将她推向意识几乎断裂的边缘。\n作为{Name}最疼爱的女儿，她在这灭顶的快感里彻底失了神，纤细的手指死死抓挠着，腰肢不住地扭动挺送，脑中只余下一片眩晕的雪白。\n伴随着强烈的抽搐，汹涌的肠液从{anal}深处争先恐后地涌出，甚至带着微微的喷溅，那份失禁般的羞耻与失控让她又惊又羞，心底却泛起病态的餍足。\n她清楚地察觉到自己后穴的快感被这一场强绝顶推上了全新的台阶，浑身战栗着，在难以言喻的灵魂震颤中久久无法回神。
1104,action_part_a_orgasm_strong_C,0,target_is_player_daughter&CVP_A2_T|1_E_0&CVP_A2_A|10_LE_3,{TargetName}的身体骤然绷紧，一场凶猛得超乎想象的绝顶从她那还很紧致的{anal}深处轰然爆发，稚嫩的肠道被这陌生的极致快感撑满，绞缩得几乎要将一切都吸吮进去。\n她只觉得从尾骨蔓延开的酥麻迅速膨胀成一片汹涌的洪流，将她的意识连根拔起，那快感的强度远远超越了她记忆里的每一次高潮，令她瞬间失神颤栗。\n身为{Name}的亲生女儿，她在这近乎崩溃的极乐中弓起脊背，眼神涣散地失焦，唇齿间只能溢出细碎而甜腻的抽气声，内心被难以名状的迷醉彻底填满。\n随着肠壁一阵紧似一阵的痉挛，大量温热的肠液从{anal}里不受控制地涌流喷出，濡湿了她微微颤抖的双股，那份失控令她羞耻得几乎想要蜷缩起来。\n这场敏感度陡然拔高后迎来的强绝顶像是一记重锤狠狠砸在她的灵魂上，让她整个人在无边的酥爽里瘫软、失神、久久沉沦。

1105,action_part_a_orgasm_strong_C,0,CVP_A2_T|102_E_1&CVP_A2_T|1_E_0&CVP_A2_A|10_G_3&CVP_A2_A|10_LE_6,一波远比以往任何一次都要凶猛的快感毫无预兆地从{anal}最深处猛然炸裂开来，早已被开发得娴熟的幼小身体在这一瞬间绷成了紧绷的弓形，稚嫩的脚趾无力地蜷缩起来。\n那股灭顶般的酥麻顺着{anal}一圈圈向外疯狂席卷，漫过稚嫩的小腹，冲垮了纤细的腰肢，令{TargetName}整个娇小的身子都失控地剧烈颤抖起来，脑子里被这股前所未有的强烈快意搅成了一片空白，连自己叫什么都想不起来了。\n有过多次肛交经验的{anal}熟练而不受控制地一下下痉挛收缩着，可这一次涌上来的绝顶却远远超出了她那小小身体所能承受的范畴，快感强烈得几乎要把她的意识彻底冲垮，令她失神地张着小嘴，稚气的脸上写满了迷醉与近乎崩溃的茫然。\n{TargetName}只觉得{anal}深处有大量温热的肠液不受控制地汹涌而出，甚至还小幅地喷溅了出来，那种彻底失控的羞耻感与前所未有的极致快意疯狂交织在一起，狠狠撞击着她幼小懵懂的内心，连灵魂都为之震颤。\n她纤细的四肢无力地胡乱蹬动着，稚嫩的腰肢反复深深弓起又猛然瘫软，那阵强烈到近乎崩溃的绝顶久久不肯退去，令小小的她彻底沉溺在这远超以往的灭顶快感里，失神颤栗着，再也顾不上任何羞涩与懵懂。
1106,action_part_a_orgasm_strong_C,0,CVP_A2_T|102_E_1&CVP_A2_T|1_E_0&CVP_A2_A|10_G_3&CVP_A2_A|10_LE_6,一记比过往任何一次都更加剧烈的绝顶毫无征兆地从{anal}最里侧轰然引爆，令{TargetName}那具娇小玲珑的身子瞬间就僵直地弹了起来。\n连续高潮了太多次之后，{anal}的敏感度仿佛整个跃上了一个全新的台阶，此刻这股快感汹涌得像要将她小小的身体整个撕裂，一波未平一波又起，冲得她纤细的四肢止不住地痉挛抽搐。\n尽管早已有过不少经验，懂得如何放松与收缩，可如今这灭顶的快意远远不是她稚嫩的意识所能招架的，她只能失神地仰着小脸，大眼睛里蓄满了生理性的泪水，脑海里一片混乱空白，什么都抓不住。\n她清楚地感觉到{anal}正一阵阵地剧烈痉挛，大量滚烫的肠液不受控制地喷涌而出，那种湿淋淋的失控感令这个幼小的女孩又羞又怕，偏偏身体却诚实地被这股极致快感牢牢攫住，越陷越深。\n稚气的腰肢一次次深深弓起又颓然塌软，纤细的双腿失控地颤个不停，{TargetName}整颗懵懂的心都被这场远超以往的强烈绝顶震得七零八落，只能任由那灭顶的酥麻在她小小的身体里翻江倒海，久久无法平息。
1107,action_part_a_orgasm_strong_C,0,CVP_A2_T|102_E_1&CVP_A2_T|1_E_0&CVP_A2_A|10_G_3&CVP_A2_A|10_LE_6,快感在{anal}深处骤然攀升到一个从未触及过的巅峰，随即轰然决堤，将{TargetName}小小的身子彻底淹没在灭顶的酥麻洪流之中。\n反复攀顶了许多回后，这具幼小的身体像是被重新调教过一般，敏感度陡然拔高了一整个层次，此刻的绝顶强烈得叫她根本无从抵御，只能任凭那股快意一次次冲刷着早已被彻底点燃的{anal}。\n有经验的肠壁熟练地一波波收缩蠕动着，可如此凶猛的高潮却令稚嫩的她几乎失去了对身体的掌控，小小的脑袋一片空茫，意识摇摇欲坠，几近被这排山倒海的快感冲垮。\n{anal}深处涌出的大量肠液顺着痉挛的节奏一股股泄出，甚至带着小幅的喷溅，那种既陌生又强烈的失控体验令幼小懵懂的{TargetName}又惊又慌，心底却泛起一阵近乎崩溃的迷醉与沉沦。\n她纤瘦的身子止不住地剧烈战栗，稚嫩的腰肢弓成一道颤抖的弧，纤细的手指死死攥紧，那阵前所未有的强烈绝顶像是要将她的灵魂都一并夺走，令小小的她在极致的快意里失神地颤栗了许久许久。
1108,action_part_a_orgasm_strong_C,0,CVP_A2_T|102_E_1&CVP_A2_T|1_E_0&CVP_A2_A|10_G_3&CVP_A2_A|10_LE_6,一股远超从前的凶猛快感如同惊雷一般在{anal}最深处炸开，令{TargetName}娇小的身躯猛地一僵，随即失控地剧烈痉挛起来。\n在连番的高潮累积之后，那处早被开发得娴熟的{anal}仿佛突破了某个界限，敏感到了一个全新的高度，此刻的绝顶强烈得几乎要将她幼小的意识连根拔起。\n尽管有过多次经验的身体本能地知道该如何迎合与收缩，可这股快意实在太过汹涌，稚气的{TargetName}只觉得脑子里嗡的一声就白成了一片，什么都想不了，只能失神地张大了小嘴无声地颤抖。\n她能清晰地感到{anal}正不受控制地一阵阵狂乱收缩，滚烫的肠液大量涌出并小幅喷溅而出，那种湿热而失控的羞耻感狠狠攫住了她幼小的心，令她在极致的快意里又羞又迷，几乎要崩溃。\n纤细的四肢无力地乱颤，稚嫩的腰身反复深深弓起又瘫软下去，{TargetName}整个小小的人都被这场远胜以往的强烈绝顶冲刷得神魂颠倒，只能任由那灭顶的酥麻久久盘踞在她娇嫩的身体里，迟迟无法退散。
1109,action_part_a_orgasm_strong_C,0,CVP_A2_T|102_E_1&CVP_A2_T|1_E_0&CVP_A2_A|10_G_3&CVP_A2_A|10_LE_6,前所未有的强烈快感毫无预兆地从{anal}深处喷薄而出，瞬间席卷了{TargetName}那具娇小稚嫩的全身，令她失控地弓起了小小的脊背。\n一次又一次的绝顶把这具幼小的身体推上了新的敏感台阶，如今涌来的这股快意汹涌得叫人窒息，一阵接着一阵，冲得她纤细的身子止不住地剧烈痉挛战栗。\n早已被调教得熟稔的{anal}熟练地收缩吞吐着，然而这般灭顶的强度却远非稚嫩的她所能承受，小小的脑袋里一片混沌空白，意识几乎被这滔天的快感彻底冲垮，只余下失神的颤栗。\n她惊慌又迷乱地感受到大量温热的肠液从痉挛的{anal}里汹涌泄出，甚至夹着小幅的喷溅，那种彻底失守的羞耻与铺天盖地的极致快意交缠在一起，狠狠震撼着她幼小懵懂的灵魂。\n{TargetName}纤瘦的四肢失控地痉挛乱蹬，稚气的腰肢深深弓起后又猛然塌软，她整颗小小的心都在这场远超以往的强烈绝顶里被冲得支离破碎，只能沉溺在灭顶的酥麻快意中久久失神，迟迟回不过神来。
1110,action_part_a_orgasm_strong_C,0,CVP_A2_T|104_E_1&CVP_A2_A|5_LE_3,一股远超以往的狂暴快感毫无预兆地从{anal}深处轰然炸开，令{TargetName}的意识在那一瞬间几乎被彻底冲垮。\n那个平日里只会传来迟钝填塞感的地方，此刻却像是被彻底点燃，一波接一波灼热而汹涌的绝顶浪潮从{anal}深处翻涌上来，漫过纤细的腰肢，漫过绷得死紧的小腹，令青春的身体不受控制地剧烈痉挛颤栗，少女怎么也想不到自己这样不敏感的后穴竟能迸发出如此凶猛的快意。\n{TargetName}的脑子里一片雪白，什么都想不了，只剩下那股狂潮把她的理智一点点吞没，眼神失了焦，唇齿间溢出压不住的颤抖。\n{anal}剧烈而不受控制地连续收缩绞紧着，大量温热的肠液顺着痉挛不住地涌出，甚至小幅地喷溅出来，那种失控的淫靡触感令她又羞又迷乱，心底掀起一阵近乎崩溃的极致快意，仿佛整个灵魂都在这陌生而凶猛的绝顶里颤抖震荡。\n那阵狂暴的绝顶迟迟不肯退去，{TargetName}瘫软着不住地抽搐，脸颊滚烫，心里满是难以言喻的震撼与沉沦，那个曾经只知道异物感的地方如今却让她尝到了灭顶般的滋味，令她久久缓不过神来，只能任由余韵在颤抖的身体里一寸寸消散。
1111,action_part_a_orgasm_strong_C,0,CVP_A2_T|104_E_1&CVP_A2_A|5_LE_3,绝顶的巨浪毫无征兆地从{anal}最深处猛地掀起，那股凶猛得远超从前的快感一下子将{TargetName}整个人淹没。\n明明这个地方素来迟钝，平日里只能传来被撑开的钝重感，此刻却像敏感度骤然攀上了一个全新的台阶，汹涌灼热的快意一浪高过一浪地从{anal}深处翻卷而出，顺着稚嫩的脊背一路窜上后脑，令青春的身体绷成一张满弓，四肢失控地颤抖乱蹬。\n{TargetName}的意识在这股洪流里几乎被冲得支离破碎，脑海空茫得只剩下白光闪烁，连呼吸都乱成了破碎的喘息。\n{anal}一下又一下剧烈地痉挛绞缩着，滚烫的肠液止不住地大量涌出，甚至随着收缩小幅喷出，那种前所未有的失控感令少女又惊又迷醉，心底翻腾起近乎崩溃的狂喜，灵魂仿佛被这陌生而暴烈的绝顶彻底震碎。\n那阵灭顶的快意迟迟不退，{TargetName}瘫软地抽搐颤栗着，脸颊烧得通红，心里满是说不清的骇然与沉沦，怎么也没想到这样不敏感的后穴竟能带来如此凶猛的极乐，只能失神地任由那余波一次次冲刷着早已瘫软的身躯。
1112,action_part_a_orgasm_strong_C,0,CVP_A2_T|104_E_1&CVP_A2_A|5_LE_3,一阵狂暴到近乎失控的绝顶从{anal}深处猛然爆发，那股远比往常任何一次都要凶猛的快感瞬间将{TargetName}的理智冲得七零八落。\n那个一向反应寡淡的后穴，此刻竟像是被烧红了一般，一波波灼烫而汹涌的快意从{anal}翻涌上来，漫过纤腰，漫过颤抖不止的小腹，令青春靓丽的身体剧烈地弓起又瘫软，双腿失控地绷直乱蹬，少女实在无法相信这样迟钝的地方也能迸出如此灭顶的快感。\n{TargetName}的脑子彻底成了一片空白，什么念头都抓不住，只能在这陌生的狂潮里失神地颤栗着，眼角甚至渗出了生理性的泪水。\n{anal}疯狂而不受控制地连连绞紧痉挛，大量温热黏腻的肠液顺着抽搐汩汩涌出，还小幅地溅落出来，那种羞耻至极的失控感反而将快意推向了更疯狂的顶点，令她心底掀起一阵近乎崩溃的极致迷醉。\n那阵凶猛的绝顶久久不肯平息，{TargetName}浑身抽搐着瘫成一团，脸颊滚烫，心里满是灵魂被撼动般的震颤与沉溺，那种前所未有的快意在青春的身体里横冲直撞，令她久久无法从这灭顶的余韵中回过神来。
1113,action_part_a_orgasm_strong_C,0,CVP_A2_T|104_E_1&CVP_A2_A|5_LE_3,快感的狂潮猝不及防地从{anal}深处轰然涌起，那股凶猛得令人窒息的绝顶一瞬间便将{TargetName}的神智冲垮了大半。\n她怎么也没料到，这个平素只会传来迟钝填塞感的地方，竟会在连番的绝顶之后攀上一个全新的敏感台阶，此刻灼热汹涌的快意正一波接一波从{anal}深处奔腾而出，窜过稚嫩的腰背，令青春的身躯剧烈痉挛、绷紧又瘫软，纤细的手指无意识地死死攥紧。\n{TargetName}的意识在这股洪流里几乎荡然无存，脑海空得只剩下嗡鸣，失神的眼眸里满是迷离的水光。\n{anal}一阵紧似一阵地剧烈收缩绞动，滚烫的肠液抑制不住地大量流淌，甚至随着痉挛小幅喷涌，那种彻底失控的淫靡感令少女又羞又醉，心底翻涌起一阵近乎崩溃的疯狂快意，仿佛整个人都要在这暴烈的绝顶中融化消散。\n那阵灭顶的狂喜迟迟不退，{TargetName}瘫软颤抖着不住抽搐，脸颊烧得滚烫，心里满是难以言喻的震撼与沉沦，那个曾经麻木的后穴此刻却让她尝尽了灭顶的滋味，令她失魂落魄，久久缓不过神。
1114,action_part_a_orgasm_strong_C,0,CVP_A2_T|104_E_1&CVP_A2_A|5_LE_3,一记凶猛得远超以往的绝顶从{anal}深处骤然炸裂开来，那股铺天盖地的快感在刹那间就把{TargetName}的意识冲得几乎溃散。\n明明是个向来迟钝、平日只知钝重异物感的后穴，此刻却仿佛敏感度陡然跃升了一整个台阶，滚烫而汹涌的快意从{anal}深处一浪高过一浪地翻腾上来，漫过青春的腰肢与紧绷的小腹，令娇嫩的身体一次次深深弓起后又彻底瘫软，双腿失控地颤抖蜷缩。\n{TargetName}的脑海被这股狂潮冲刷得一片空茫，理智碎成了齑粉，只能失神地在极致的快意里剧烈颤栗，连唇齿都不听使唤地哆嗦着。\n{anal}疯狂而不受控地连续绞缩痉挛，大量温热的肠液顺着抽搐止不住地涌出、小幅溅落，那份羞耻至极的失控令少女心底掀起近乎崩溃的迷醉狂喜，灵魂似乎都被这陌生而暴烈的绝顶震得支离破碎。\n那阵凶猛的绝顶余韵久久盘桓不去，{TargetName}瘫软地抽搐着，脸颊滚烫绯红，心里满是灵魂震荡般的沉沦与震撼，怎么也想不到这样不敏感的地方竟能带来如此灭顶的极乐，令她久久沉溺在余波里无法自拔。

1115,action_part_a_orgasm_strong_C,0,CVP_A2_T|103_E_1&CVP_A2_T|1_E_0&CVP_A2_A|10_G_3&CVP_A2_A|10_LE_6,一波远比以往任何一次都要凶猛的极乐从{anal}最深处轰然炸开，娇小的{TargetName}整个人都被这股陌生而恐怖的强烈快感掀翻了。\n她那本已被开发得熟练的{anal}此刻正不受控制地疯狂痉挛着，一下又一下痉挛的幅度大得连稚嫩的小腹都跟着抽搐起来，那种连续绝顶累积到极点后骤然拔高一个档次的强烈快意，让她幼小的意识几乎被彻底冲垮。\n{TargetName}的脑子里一片空白，什么都想不了，只剩下{anal}深处一浪高过一浪的强烈电流窜遍全身，令她纤细的四肢都失控地颤抖蜷缩起来。\n她能清楚地感觉到大量温热的肠液顺着痉挛的{anal}汩汩涌出，甚至还带着小幅的喷溅，那种失禁般的羞耻感让她稚气的小脸涨得通红，眼角也沁出了生理性的泪水。\n可越是羞耻，那股灵魂被撼动般的强烈绝顶就越是把她拖得更深，令这个还带着孩童圆润的萝莉在前所未有的极致快感里失神地颤栗着，怎么也回不过神来。
1116,action_part_a_orgasm_strong_C,0,CVP_A2_T|103_E_1&CVP_A2_T|1_E_0&CVP_A2_A|10_G_3&CVP_A2_A|10_LE_6,这一次的绝顶来得又猛又深，强度远远盖过了之前那些普通的高潮，令有着丰富后穴经验的{TargetName}也彻底招架不住。\n她那早已习惯被贯穿的{anal}猛地绞紧又松开，如此反复地剧烈收缩着，每一次收缩都把一股滚烫的强烈快感直直送进娇小身体的最深处，稚嫩的腰肢不由自主地深深弓起，随即又脱力般瘫软下去。\n{TargetName}只觉得一股比以往强烈太多倍的快意像潮水一样把她整个吞没，意识在那一瞬间被冲刷得七零八落，连自己身在何处都快要分辨不清了。\n熟练的身体本能地知道该如何承接这股快感，可这次的强度实在太超出她的经验，令{anal}深处不断有大量肠液被挤压着喷涌而出，濡湿了她颤抖的腿根。\n那种失控的淫靡与羞耻交织在一起，把这个身子还没长开的萝莉推向了灵魂都在震颤的极致，令她小小的身躯止不住地痉挛发抖，久久无法平复。
1117,action_part_a_orgasm_strong_C,0,CVP_A2_T|103_E_1&CVP_A2_T|1_E_0&CVP_A2_A|10_G_3&CVP_A2_A|10_LE_6,一股攀升到全新高度的强烈绝顶骤然攫住了{TargetName}娇小的身体，那快感之猛烈，是她过往每一次高潮都不曾体会过的。\n被反复调教得柔顺熟练的{anal}此刻完全失去了控制，一阵接一阵地深度痉挛，痉挛的余波顺着脊背一路窜到头顶，令她纤细稚嫩的手指死死蜷缩起来，指节都泛了白。\n她的意识几乎要被这股洪流般的强烈快意彻底冲垮，脑海里嗡的一声便一片空茫，只能任由{anal}那种被撑到极致又不断绞动的强烈快感支配着幼小的躯体。\n熟悉这种感觉的身体没能帮她保住半分从容，反而让她更清晰地感受到大量肠液从痉挛的{anal}里一股股地涌出、喷溅，那种止不住的失禁般的羞耻令她小脸滚烫。\n可偏偏是这份羞耻，把这个稚气未脱的萝莉的绝顶拔得更高，令她在近乎崩溃的极乐里失神地颤抖、迷醉，怎么也从这灭顶的快感中挣脱不出来。
1118,action_part_a_orgasm_strong_C,0,CVP_A2_T|103_E_1&CVP_A2_T|1_E_0&CVP_A2_A|10_G_3&CVP_A2_A|10_LE_6,绝顶的浪头比以往任何一次都要高、都要烈，狠狠地砸在{TargetName}娇小的身体上，令这个对后穴之欢早已不陌生的萝莉也彻底失了神。\n她那被开发得相当熟练的{anal}疯狂地一缩一放，剧烈的痉挛一波未平一波又起，把滚烫的强烈快感源源不断地灌进稚嫩的身体，令她单薄的腰肢反复弓起又瘫软，双腿也失控地乱蹬起来。\n{TargetName}的思绪被这股远超普通绝顶的强烈快意搅得支离破碎，稚气的小脸上写满了失神与迷乱，连呼吸都变得又急又乱。\n她能感觉到{anal}深处正有大量温热的肠液不受控制地汩汩淌出，甚至小幅地喷洒出来，那种彻底失禁般的羞耻让她想要蜷起身子躲藏，身体却半分力气也使不上。\n这份强烈到撼动灵魂的绝顶把她这个身量娇小的萝莉紧紧攥在快感的顶端，令她只能大颤着，在前所未有的极致淫悦里迷醉沉沦，久久回不过神。
1119,action_part_a_orgasm_strong_C,0,CVP_A2_T|103_E_1&CVP_A2_T|1_E_0&CVP_A2_A|10_G_3&CVP_A2_A|10_LE_6,这股强绝顶如同惊雷般在{TargetName}幼小的体内炸响，凶猛的程度让熟知后穴快感的她都被打了个措手不及。\n她那被磨合得柔软顺从的{anal}猛烈地连续绞缩着，一次比一次更深的痉挛沿着娇小的脊柱一路蔓延，令她稚嫩的全身肌肉都绷得死紧又不住地抽搐颤动，就连脚趾都无意识地蜷曲起来。\n{TargetName}只觉得意识被这排山倒海的强烈快意冲得几近溃散，脑海里空空荡荡，什么念头都留不住，只剩下{anal}那铺天盖地的极乐一遍遍将她淹没。\n经验丰富的身体这一刻也只能被动地承受，任由大量肠液从痉挛不止的{anal}里被挤涌出来，甚至带着轻微的喷溅，那种湿淋淋的失控感令她稚气的脸颊烧得通红，眼神都涣散了。\n偏是这灵魂都为之震颤的强烈绝顶，把这个稚嫩青涩的萝莉牢牢按在快感的巅峰上，令她失神地痉挛、颤栗，在极致的迷醉里久久无法自拔。

1120,action_part_a_orgasm_strong_C,0,CVP_A2_T|104_E_1&CVP_A2_T|1_E_0&CVP_A2_A|10_G_3&CVP_A2_A|10_LE_6,积攒到极限的快感终于在这一刻轰然决堤，{TargetName}的{anal}猛地绞紧又剧烈痉挛，一股远比以往任何一次都要凶猛的绝顶浪潮从深处狂暴地炸开。\n经历了接连不断的高潮之后，她那处早已被开发得熟透的肠道敏感度陡然攀上了一个全新的台阶，此刻每一寸肠壁都在疯狂地收缩蠕动，把那股滔天的快意一波又一波地送进四肢百骸，令她青春的身体先是绷得笔直又骤然瘫软。\n{TargetName}的意识几乎被这股狂潮彻底冲垮，脑海里一片雪白，眼神失焦地涣散着，只能无助地张着嘴发出破碎的颤音，纤细的腰肢一次次深深弓起。\n她清晰地感觉到{anal}深处有大量温热的肠液汹涌地涌了出来，甚至小幅地喷溅出来，那种失禁般的羞耻感和灭顶的迷醉交织在一起，令她少女的心神彻底崩溃在这前所未有的极致绝顶里，双腿失控地绷直颤抖，久久缓不过神来。
1121,action_part_a_orgasm_strong_C,0,CVP_A2_T|104_E_1&CVP_A2_T|1_E_0&CVP_A2_A|10_G_3&CVP_A2_A|10_LE_6,这一次的绝顶来得比以往任何时候都要凶狠，{TargetName}只觉得一股滚烫的电流从{anal}深处轰然炸裂，瞬间席卷了她整个青春的躯体。\n连续多次的高潮已经把她这处熟练的后穴推上了一个陌生的敏感高度，此刻的快感强烈得近乎失真，{anal}不受控制地剧烈痉挛绞缩，一下接一下地把她推向意识的边缘。\n她的小腹疯狂地抽搐着，纤腰反复地弓起又软塌下去，四肢无力地颤抖乱蹬，脸上是一副完全失神的迷乱表情，连一丝青涩的羞怯都来不及维持。\n她能感觉到大量黏腻的肠液正从{anal}里控制不住地涌溢而出，那股温热的失禁感让她又羞又慌，可汹涌的快意却将这份羞耻碾得粉碎，只剩下灵魂被震得发麻的极致迷醉。\n少女的意识在这场狂暴的绝顶里几乎被冲得支离破碎，她瘫软着任由那股快感一遍遍地贯穿自己，久久无法从这灭顶般的余韵中挣脱出来。
1122,action_part_a_orgasm_strong_C,0,CVP_A2_T|104_E_1&CVP_A2_T|1_E_0&CVP_A2_A|10_G_3&CVP_A2_A|10_LE_6,熟悉的绝顶感这一次却陌生得吓人，{TargetName}从未想过自己那处早已习惯了快感的后穴，竟能爆发出如此凶猛的绝顶。\n积压已久的快意在{anal}深处骤然溃堤，一股远超寻常的狂潮沿着痉挛的肠道疯狂地扩散，把她青春的身子冲刷得节节颤栗。\n她剧烈地弓起腰又猛地瘫软下去，双腿失控地绷紧痉挛，指尖死死地蜷缩着，喉咙里溢出连绵不断的破碎娇吟，意识被这股力量冲得摇摇欲坠。\n{anal}一阵接一阵地深深绞缩，大量温热的肠液止不住地汩汩涌出，那种失禁般的羞耻让她的脸颊烧得通红，可偏偏越是羞耻，那股迷醉的快感就越发浓烈。\n这个平日里还带着几分青涩矜持的少女，此刻彻底沉溺在了远超以往的极致快意中，眼神失焦，神智恍惚，只能任由那场狂暴的绝顶将她的理智一寸寸吞没，缓了许久都回不过神。
1123,action_part_a_orgasm_strong_C,0,CVP_A2_T|104_E_1&CVP_A2_T|1_E_0&CVP_A2_A|10_G_3&CVP_A2_A|10_LE_6,{TargetName}的身体在这一瞬间彻底失了控，{anal}深处炸开的绝顶浪潮凶猛得让她根本无从招架。\n经历了一次又一次的高潮累积，她这处开发成熟的肠道仿佛被彻底点燃，敏感度攀升到了一个全新的境界，此刻每一次痉挛收缩都带来近乎灭顶的强烈快感。\n她纤细的腰肢深深地弓成一道弧线，随即又脱力地瘫软下去，四肢不受控制地剧烈颤抖，小腹一下下地抽搐，青春的脸庞上写满了失神的迷醉。\n她清楚地感觉到{anal}里正有大量的肠液翻涌着喷溢而出，甚至带着小幅的喷射，那股湿热的失控感让她羞得几乎无地自容，可汹涌的快意却容不得她有半分回避。\n少女的意识在这场前所未有的强烈绝顶里几乎被冲刷得一片空白，她只能大张着嘴无声地颤栗着，任凭那股狂暴的快感将自己彻底淹没，久久沉浸在灵魂震颤的余韵里无法自拔。
1124,action_part_a_orgasm_strong_C,0,CVP_A2_T|104_E_1&CVP_A2_T|1_E_0&CVP_A2_A|10_G_3&CVP_A2_A|10_LE_6,这股绝顶的强度远远超出了{TargetName}的预料，她那处早已谙熟快感的{anal}此刻正被一股狂暴的浪潮反复冲刷着。\n连续不断的高潮已经把她的敏感度硬生生地拔高了一个台阶，积攒到顶点的快意终于在{anal}深处轰然释放，凶猛得让她整个人都失了神。\n她的后穴疯狂而失控地一阵阵绞缩痉挛，纤腰反复弓起后又彻底瘫软，双腿失控地打颤，指尖蜷得死紧，连绵的颤音从失守的唇齿间断断续续地溢出。\n温热的肠液大量地从{anal}里涌溢而出，那种止不住的湿滑令她羞耻得浑身发烫，可这份羞耻却又反过来将那股迷醉的快感烘得更加浓烈。\n一向带着青春活力的少女此刻彻底沦陷在了这场远超以往的极致绝顶中，脑海里被快感冲刷得一片空白，眼神涣散失焦，身体止不住地颤栗着，久久无法从这灭顶般的震撼里缓过神来。
1125,action_part_a_orgasm_strong_C,0,CVP_A2_T|105_E_1&CVP_A2_T|1_E_0&CVP_A2_A|10_G_3&CVP_A2_A|10_LE_6,一波远超以往的绝顶从{anal}最深处轰然炸开，{TargetName}只觉得整个人都被这股陌生而凶猛的快感狠狠掀翻了。\n经历了一次又一次的连续绝顶之后，那处的敏感似乎悄然攀上了一个全新的台阶，此刻涌来的快意比过往任何一次都要凶悍数倍，令她的意识在顷刻间几乎被彻底冲垮。\n{anal}不受控制地剧烈痉挛收缩着，一股股滚烫的肠液随着深处的抽搐汹涌地涌了出来，甚至小幅地喷溅开来，那种羞耻到极点的失控感令这位大姐姐的脸颊瞬间烧得通红。\n她本想维持着成熟女性该有的从容，可颤栗的腰肢却不受使唤地反复弓起又瘫软，四肢失控地轻轻乱蹬，成熟的身体在这一刻却流露出无比青涩慌乱的失神神情。\n那股席卷灵魂的强烈快意令她既迷醉又惶恐，仿佛整个人都要在这前所未有的极致绝顶里溶化，青涩与成熟交织的表情彻底崩碎，只剩下被快感支配的颤抖与失神。
1126,action_part_a_orgasm_strong_C,0,CVP_A2_T|105_E_1&CVP_A2_T|1_E_0&CVP_A2_A|10_G_3&CVP_A2_A|10_LE_6,绝顶的浪潮一层高过一层地拍打着{TargetName}的神智，当敏感度在连番的高潮中悄然跃升之后，这一次的绝顶终于凶猛得再也压不住了。\n{anal}深处像是有什么彻底崩溃开来，一阵比一阵更剧烈的快感沿着脊背直冲头顶，令她的意识在白光中几乎被冲得支离破碎。\n大量温热的肠液顺着痉挛的{anal}汩汩地淌出，那种一泻而出的失控令她羞耻得几乎想要蜷缩起来，偏偏成熟的身体却完全不听使唤。\n她那已经颇为熟悉性事的腰肢深深弓起又猛地塌软下去，双腿失控地绷直颤抖，平日里那份优雅从容此刻荡然无存，只剩下失神的双眼和无法自控的颤栗。\n这股远超普通绝顶的极致快意狠狠撞击着她的灵魂，令这位大姐姐在近乎崩溃的迷醉里彻底失了神，青涩的慌乱与成熟的风韵在剧烈的抽搐中交融成一片，令她久久无法从这灭顶般的快感中挣脱出来。
1127,action_part_a_orgasm_strong_C,0,CVP_A2_T|105_E_1&CVP_A2_T|1_E_0&CVP_A2_A|10_G_3&CVP_A2_A|10_LE_6,一种前所未有的凶猛绝顶毫无预兆地从{anal}里炸裂开来，{TargetName}整个人被这股陡然拔高的快感冲得几乎失去了知觉。\n连续绝顶多次之后，那处早已适应性事的敏感仿佛被磨得愈发锋利，此刻这一波涌来的快意远比先前任何一次都要暴烈，令她的思绪在刹那间被冲得七零八落。\n{anal}一下又一下地剧烈收缩痉挛，滚烫的肠液不受控制地大量涌出，甚至带着小幅的喷溅，那种湿淋淋的失控感令她羞耻到浑身发烫。\n她想咬紧牙关维持住成熟女人的体面，可失神的表情却出卖了她，腰肢反复深弓又瘫软，纤长的双腿失控地轻轻乱蹬着。\n这股灵魂都为之震颤的极致快意令这位大姐姐彻底沉溺其中，迷醉得近乎崩溃，成熟的躯体与青涩慌乱的神情形成了强烈的反差，她只能在这灭顶的绝顶余韵里失神地颤抖着，久久回不过神来。
1128,action_part_a_orgasm_strong_C,0,CVP_A2_T|105_E_1&CVP_A2_T|1_E_0&CVP_A2_A|10_G_3&CVP_A2_A|10_LE_6,绝顶的巨浪在毫无防备之间狠狠淹没了{TargetName}，那是一种远比从前凶猛的快感，令她整个人在顷刻间失了神。\n在这处被连续引爆了太多次之后，敏感度早已悄悄攀上了一个全新的高度，这一次迎来的绝顶强烈得让她的意识几乎被彻底掀翻。\n{anal}深处剧烈而不受控制地连续抽搐着，大股温热的肠液随着痉挛汹涌地淌落，甚至小幅喷溅而出，那种彻底失禁般的羞耻令她通红着脸想要逃避却无处可逃。\n她成熟的腰身失控地深弓又骤然塌软，双腿绷得笔直又剧烈颤抖，向来优雅可靠的大姐姐此刻只剩下慌乱失神的模样。\n这股撼动灵魂的极致快意令她既迷醉又惶恐，仿佛下一刻就要在这狂暴的绝顶里彻底崩溃，青涩与风韵交织的脸庞失了控，只余下被快感支配得瑟瑟发抖的颤栗，久久不能自已。
1129,action_part_a_orgasm_strong_C,0,CVP_A2_T|105_E_1&CVP_A2_T|1_E_0&CVP_A2_A|10_G_3&CVP_A2_A|10_LE_6,一股凶悍到骇人的绝顶从{anal}最深处轰然涌起，{TargetName}被这远超以往的强烈快感冲得几乎连呼吸都忘记了。\n反复连番的高潮早已将那处的敏感磨到了一个崭新的台阶，此刻这一波暴烈的快意如同决堤般奔涌而来，令她的神智在白茫茫的快感中几近溃散。\n{anal}疯狂地痉挛收缩着，一波接一波的滚烫肠液失控地喷涌而出，那种湿淋淋一泻千里的羞耻感令她成熟的脸上写满了慌乱与迷醉。\n她的腰肢不受控制地反复弓起又软塌下来，那双早已熟悉承欢的修长美腿失神地颤抖乱蹬，平日那份从容的成熟风韵在这剧烈的快感中被冲刷得干干净净。\n这场灵魂为之震颤的极致绝顶令这位大姐姐彻底陷入了近乎崩溃的迷狂，成熟的身体裹着青涩慌张的失神神情，令她只能任由那股灭顶的快意在体内一遍遍冲刷，久久无法平复。
1130,action_part_a_orgasm_strong_C,0,CVP_A2_T|105_E_1&CVP_A2_T|1_E_0&CVP_A2_A|10_G_3&CVP_A2_A|10_LE_6,绝顶如同猛兽般凶狠地扑向{TargetName}，那股远胜从前的快感令她整个人在瞬间被掀得神魂俱散。\n经历了接二连三的高潮累积，那处的敏感度悄然跃上了一个全新的高峰，这一次涌来的绝顶强烈得几乎将她的意识彻底冲垮。\n{anal}剧烈而失控地连续痉挛着，大量温热的肠液顺着抽搐汹涌地涌淌出来，甚至带着小幅的喷溅，那份彻底失控的羞耻令她烧红了脸颊却无力抑制。\n她成熟的腰身失神地深弓又颓然瘫软，那处早已适应欢爱的纤长双腿绷紧又剧烈地颤栗乱蹬，一向优雅可靠的大姐姐此刻被快感冲刷得只剩下青涩慌乱的失态。\n这股撼人心魄的极致快意令她迷醉得近乎崩溃，仿佛灵魂都在这狂暴的绝顶中震颤碎裂，成熟与青涩交织的娇颜彻底失了控，只能在灭顶般的快感余韵里瑟瑟发抖，久久缓不过神来。
1131,action_part_a_orgasm_strong_C,0,CVP_A2_T|106_E_1&CVP_A2_T|1_E_0&CVP_A2_A|10_G_3&CVP_A2_A|10_LE_6,积攒了大半生风韵的{TargetName}早不是初经人事的青涩姑娘，她成熟丰腴的身躯在一波又一波绝顶余韵里彻底失守。\n这一次涌上来的高潮远比从前任何一回都要凶猛，仿佛{anal}的敏感在连番痉挛后被生生拔高了一整个台阶，磅礴的快感如决堤洪水般直接冲垮了她仅存的那点理智。\n她饱满的腰肢不受控制地高高弓起，成熟妩媚的脸庞写满了近乎崩溃的迷醉，眼角浅浅的笑纹里都浸满了化不开的淫荡春情。\n{anal}深处一阵紧过一阵地绞紧又松开，滚烫的肠液毫无预兆地汹涌喷涌而出，甚至带着小幅的喷溅，让阅历丰富的她也羞耻得几乎落泪。\n多年偷习的理论此刻半点派不上用场，她只能任由这股远超想象的极致快意将灵魂震得四分五裂，在{Name}面前失神颤栗着无声承受这场灭顶的欢愉。
1132,action_part_a_orgasm_strong_C,0,CVP_A2_T|106_E_1&CVP_A2_T|1_E_0&CVP_A2_A|10_G_3&CVP_A2_A|10_LE_6,身经百战的{TargetName}本以为自己早已尝遍情事百味，可这一刻从{anal}深处炸开的绝顶却让她彻底改观。\n无数次连绵的高潮把她的敏感一层层垫高，直到某个临界点被猝然突破，一股前所未有的强烈快感沿着尾椎直窜天灵，将她成熟的意识瞬间冲刷得一片空白。\n她丰腴的双腿止不住地痉挛抽搐，脚趾深深蜷起，饱满的胸脯随着急促喘息剧烈起伏，喉间只剩下断续破碎的媚吟。\n{anal}一圈圈疯狂收缩，仿佛要将那股灭顶的酥麻牢牢锁住，大量黏腻的肠液顺着股缝汩汩淌落，失禁般的失控让她的羞耻心被烧得所剩无几。\n熟女特有的从容此刻荡然无存，她在这场远胜寻常的强烈绝顶中彻底沦为一具只知贪求欢愉的躯壳，灵魂深处泛起近乎崩溃的极乐战栗。
1133,action_part_a_orgasm_strong_C,0,CVP_A2_T|106_E_1&CVP_A2_T|1_E_0&CVP_A2_A|10_G_3&CVP_A2_A|10_LE_6,风情万种的{TargetName}以成熟女人的坦荡毫不掩饰地迎接着这场突如其来的巨浪，然而快感的强度却远超她的预料。\n经过反复的绝顶淬炼，{anal}的敏感被推上了一个崭新的高度，此刻迸发的极乐如惊雷般在她体内轰然炸裂，几乎要把她多年历练出的沉稳彻底震碎。\n她的柳腰疯狂地摆动扭绞，成熟的面容因过载的快意而扭曲变形，眉头紧蹙唇瓣微张，一副被欢愉逼到失神的痴态。\n滚热的肠液在{anal}深处翻涌激荡，被一阵强似一阵的收缩挤压得大股喷溢，那份湿淋淋的失控让阅尽千帆的她也羞得面红耳赤。\n她只觉自己的魂魄都被这股空前的强绝顶生生掀翻，在无边的迷醉里近乎崩溃地颤抖着，贪婪地攫取着每一丝远胜以往的极致销魂。
1134,action_part_a_orgasm_strong_C,0,CVP_A2_T|106_E_1&CVP_A2_T|1_E_0&CVP_A2_A|10_G_3&CVP_A2_A|10_LE_6,成熟丰腴的{TargetName}凭着多年积攒的经验本能地放松又收紧着身体，只为将这场愈演愈烈的快感尽数吞下。\n绵密的绝顶一次次将她的敏感垫高，终于在这一刻迎来质变，一股远超寻常的酥麻自{anal}深处轰然扩散，瞬间攀上她成熟身躯的每一寸神经末梢。\n她饱满的臀肉不受控制地紧绷颤动，腰背弓成一道诱人的弧线，眼神涣散失焦，妩媚的脸上尽是被欢愉冲垮后的迷乱。\n{anal}深处的肠液被剧烈的痉挛搅得翻江倒海，大量涌出甚至微微喷洒，那股失禁般的滚烫让久经情场的她也羞耻得几乎缩起身子。\n这份强度前所未有的绝顶将她的理智彻底淹没，她在灵魂被震颤的极乐中失声战栗，深深沉溺于这远胜从前的销魂快意里无法自拔。
1135,action_part_a_orgasm_strong_C,0,CVP_A2_T|106_E_1&CVP_A2_T|1_E_0&CVP_A2_A|10_G_3&CVP_A2_A|10_LE_6,阅历深厚的{TargetName}早已习惯坦然享受床笫欢愉，可这一次自{anal}奔涌而来的强烈绝顶还是让她措手不及。\n连续不断的高潮把她的敏感一级级堆叠，直至某处防线轰然崩塌，一股比以往猛烈数倍的快意如潮水般吞没了她成熟的心神。\n她饱满的身躯剧烈痉挛，丰腴的大腿死死夹紧又颤颤张开，指尖无力地抠挠着，喉咙里溢出连她自己都陌生的淫靡呻吟。\n{anal}一波波狠狠绞缩，将灭顶的酥麻反复研磨放大，滚烫黏稠的肠液大股大股地涌泄而出，那份湿漉漉的失控烧得她羞愤又迷醉。\n成熟女人惯有的从容彻底土崩瓦解，她在这场远超普通绝顶的极乐震荡中神魂俱颤，近乎崩溃地沉沦于前所未有的销魂深渊，只想贪求更多。

1136,action_part_a_orgasm_strong_C,0,CVP_A2_T|107_E_1&CVP_A2_A|1_E_0&CVP_A2_A|10_G_3&CVP_A2_A|10_LE_6,积累已久的快感终于在这一刻彻底炸裂开来，一股远比以往任何一次都要凶猛的电流从{anal}深处轰然涌起，{TargetName}整个人猛地弓起腰肢，随即又瘫软下去。\n她已经在这里连续攀上过好几次顶峰，后穴的敏感度不知不觉被推上了一个全新的台阶，此刻这股绝顶的强度远远超出了她的预料，几乎要把她的意识彻底冲垮。\n{anal}不受控制地一阵接一阵剧烈痉挛收缩着，紧紧绞夹又猛然松开，那种失控的抽搐令她四肢乱颤，脚趾蜷缩到发白。\n已为人妻的她此刻却在{Name}面前失了神，脑海里一片空白，只剩下那股铺天盖地的快意，背着丈夫承受这种灭顶的爽意，让背德的羞耻与迷醉狠狠交织在一起。\n{anal}深处涌出大量温热的肠液，甚至随着痉挛小幅喷溅出来，那种失禁般的失控感让她羞得几乎落泪，却又沉沦在这场令灵魂震颤的强烈绝顶里无法自拔。
1137,action_part_a_orgasm_strong_C,0,CVP_A2_T|107_E_1&CVP_A2_A|1_E_0&CVP_A2_A|10_G_3&CVP_A2_A|10_LE_6,这一次的绝顶来得又急又猛，像是把之前每一次高潮的余韵全部叠加在了一起，{TargetName}的后脑猛地一麻，眼前瞬间闪过一片炫目的白光。\n连续数次的攀顶早已将{anal}磨得敏感异常，此刻这股强绝顶的浪潮比寻常的绝顶要凶狠数倍，一波未平一波又起，将她仅存的理智一点点吞没。\n{anal}疯狂地收缩痉挛，肠壁一下下深深绞紧，那具经验丰富的后穴熟练地随着快感的节奏起伏蠕动，反而将销魂的快意延长到了极致。\n身为人妻的{TargetName}在这一刻彻底忘记了自己的身份，只顾着仰头颤栗，背叛婚姻的禁忌与失控的快感混在一起，令她既愧疚又疯狂地贪恋着。\n大量黏腻的肠液从{anal}里汩汩涌出，随着一次次抽搐微微喷出，那滚烫的失控让她羞耻得浑身发烫，意识却早已随着这场强烈的绝顶飘散得七零八落。
1138,action_part_a_orgasm_strong_C,0,CVP_A2_T|107_E_1&CVP_A2_A|1_E_0&CVP_A2_A|10_G_3&CVP_A2_A|10_LE_6,一股难以形容的极致快感自{anal}最深处骤然爆发，比她记忆中任何一次绝顶都要强烈得多，{TargetName}的脊背瞬间绷成了一张满弓，全身肌肉都在剧烈地抽搐颤栗。\n在这里接连不断地绝顶了太多次，后穴的敏感度早已被拔高到一个陌生的境地，此刻迎来的这场强绝顶几乎将她的神智整个掀翻，令她失神地张大了嘴。\n{anal}毫无节制地连续痉挛着，一圈圈紧缩又骤然放松，那份被开发得娴熟的适应力让肠道更加贪婪地绞夹着，把快感一层层推向新的巅峰。\n作为一个有夫之妇，她却在{Name}这里迷失了自我，心底那份背德的负罪感非但没有削弱快意，反而像添了柴的火焰，让这场绝顶烧得愈发炽烈疯狂。\n温热的肠液从{anal}中大量流淌而出，甚至随着猛烈的收缩小股喷射，那种失禁般的羞耻感冲击着她，令她在灵魂都为之震颤的强烈快意里彻底沦陷。
1139,action_part_a_orgasm_strong_C,0,CVP_A2_T|107_E_1&CVP_A2_A|1_E_0&CVP_A2_A|10_G_3&CVP_A2_A|10_LE_6,仿佛体内某道积蓄已久的闸门轰然崩塌，一阵狂暴的快感洪流从{anal}深处席卷全身，{TargetName}猛地深深弓起腰身，旋即又无力地软倒下来，喉间溢出破碎的颤音。\n经历了一次又一次的攀顶之后，她后穴的敏感已然跨上了新的台阶，这一记强绝顶的力道远非平日可比，凶猛得几乎要将她的意识彻底击碎。\n{anal}一下下失控地深深痉挛，肠壁疯狂绞缩又松开，那具饱经开发的身体熟稔地承接着这股狂潮，将灭顶的快意延续得绵长而剧烈。\n明明是别人的妻子，此刻却在博士身下失魂落魄地颤抖着，背叛家庭的刺激与排山倒海的爽意搅成一团，让她又羞又迷地深陷其中不可自拔。\n{anal}深处大量温热的肠液不受控地涌出，伴着抽搐一次次微微喷溅，那份彻底失控的羞耻让她面红耳赤，却在这场震撼灵魂的强绝顶中丢盔弃甲。
1140,action_part_a_orgasm_strong_C,0,CVP_A2_T|107_E_1&CVP_A2_A|1_E_0&CVP_A2_A|10_G_3&CVP_A2_A|10_LE_6,积压到极点的快感终于在此刻决堤，一股前所未有的强烈电流从{anal}猛然炸开直冲天灵，{TargetName}整个身子剧烈地痉挛起来，四肢失控地颤抖乱蹬。\n在同一处连番攀上顶峰之后，后穴的敏感度悄然攀升到了一个崭新的高度，这场强绝顶的威力远超她所熟悉的寻常高潮，几乎要把她的神智完全冲垮。\n{anal}狂乱地连续绞紧又松弛，那被反复磨出经验的肠道熟练地迎合着痉挛的律动，把每一分快感都榨取到极致，令她爽得几近失神。\n身为人妻的{TargetName}早已忘却了身为妻子的矜持，只在{Name}面前放浪地颤栗承欢，背德的负罪与灭顶的欢愉相互撕扯，将她推入迷醉的深渊。\n滚烫的肠液自{anal}汹涌而出，随着一阵阵强烈收缩小幅喷洒开来，那种失禁般的失控令她羞耻到极点，灵魂却在这场狂暴的强绝顶里彻底震颤沦陷。
1141,action_part_a_orgasm_strong_C,0,target_is_player_daughter&CVP_A2_T|1_E_0&CVP_A2_A|10_G_3&CVP_A2_A|10_LE_6,{TargetName}的意识在这一瞬间被汹涌的快感彻底掀翻，一股比以往任何一次绝顶都要凶猛数倍的滚烫电流从{anal}最深处猛地炸裂开来，一路窜上脊背狠狠烧进脑髓，把她所有的思绪都烫成了一片空白。\n她整个人剧烈地弓起腰肢又无力瘫软下去，四肢失控地痉挛颤抖，脚趾死死蜷缩起来，喉咙深处只能溢出一声声破碎失神的呻吟。\n一波接着一波的绝顶浪潮反复把她拍散又卷起，{anal}疯狂地收缩绞紧再松开，大量温热黏腻的肠液如同失禁般汩汩涌出，甚至被强烈的痉挛小幅喷溅出来，那股失控的感觉让她羞耻得几乎要哭出来。\n她清晰地感到自己的灵魂都被这股拔高了一个台阶的极致快意震得剧烈发颤，脑海里只剩下混沌的空白和近乎崩溃的甜腻迷醉。\n身为女儿的她在这种彻底失控的绝顶里含糊地念着爸爸，禁忌的羞耻感和翻涌的极乐死死交织在一起，被一次次拔高的敏感度逼上了此生从未体验过的快感巅峰。
1142,action_part_a_orgasm_strong_C,0,target_is_player_daughter&CVP_A2_T|1_E_0&CVP_A2_A|10_G_3&CVP_A2_A|10_LE_6,这一次的绝顶远比{TargetName}熟悉的那种普通高潮要来得凶狠，快感像决堤的洪水一样从{anal}里轰然奔涌而出，瞬间就把她仅存的理智冲刷得干干净净。\n她的身体不受控制地绷成一张满弓，随即又整个软塌下来，腰腹一阵阵深深抽搐，双腿胡乱地蹬动又痉挛着夹紧。\n那处经过反复开发已经变得极度敏感的{anal}疯狂地一缩一缩，每一次收缩都榨出一大股滚烫的肠液，多到顺着股缝汩汩淌落，甚至随着剧烈的抽搐喷出细细的水线。\n她只觉得眼前阵阵发白，意识几乎被这灭顶的快感冲垮，全身每一寸皮肤都在酥麻战栗，脑子里嗡嗡作响一片空茫。\n作为他的亲生女儿，她在这灵魂都被撼动的极乐中失神地低唤着爸爸，既为这乱伦的快感而羞耻，又贪婪地沉溺在这前所未有的强烈绝顶里无法自拔。
1143,action_part_a_orgasm_strong_C,0,target_is_player_daughter&CVP_A2_T|1_E_0&CVP_A2_A|10_G_3&CVP_A2_A|10_LE_6,{TargetName}被一股陌生而暴烈的快感狠狠攫住，那感觉比过往每一次绝顶都要强上太多，从{anal}深处翻腾而起的极致酥麻迅速席卷了她的四肢百骸。\n她的后背反复深深弓起又骤然瘫软，小腹止不住地剧烈抽搐，十根脚趾痉挛着张开又蜷缩，连呼吸都变得破碎而急促。\n经验丰富的{anal}此刻完全失去了平日的从容，只能疯狂而不受控制地连续绞缩，汹涌的肠液被一下下挤压出来，温热地大量涌流，甚至小股小股地喷溅。\n她感到自己的神智像是被这股快感浪潮生生冲散，眼神涣散失焦，意识在极乐的顶点摇摇欲坠，几乎要彻底崩塌。\n这具身为女儿的躯体在禁忌的巅峰快感中剧烈颤抖，她迷乱地在心底一遍遍呼唤着爸爸，任由那近乎崩溃的甜蜜迷醉将自己整个人吞没进更深的深渊。
1144,action_part_a_orgasm_strong_C,0,target_is_player_daughter&CVP_A2_T|1_E_0&CVP_A2_A|10_G_3&CVP_A2_A|10_LE_6,快感在这一刻攀升到了{TargetName}从未触及过的高度，一股远超寻常绝顶的滔天热浪自{anal}最里侧炸开，猛烈得让她整个人当场失了神。\n她的身子剧烈地一挺，腰肢深深弓起后又彻底失去力气瘫软下来，四肢无意识地痉挛乱颤，指尖和脚尖都绷得死紧。\n被反复调教得异常熟络的{anal}再也维持不住往日的适应自如，只顾着一波波疯狂痉挛收紧，滚烫黏稠的肠液被大量挤出，失控地涌淌甚至喷出，那羞人的湿意让她臊得浑身发烫。\n她只觉得脑海里一片轰鸣的空白，灵魂仿佛被这拔高一个层次的极致快意撞得粉碎，意识在灭顶的酥麻里几近溃散。\n身为女儿的羞耻与翻江倒海的极乐死死缠绕在一起，她在这场撼动灵魂的强烈绝顶中失魂落魄地默念着爸爸，被彻底拔高的敏感牢牢俘获，深陷在无边的快感里颤个不停。
1145,action_part_a_orgasm_strong_C,0,target_is_player_daughter&CVP_A2_T|1_E_0&CVP_A2_A|10_G_3&CVP_A2_A|10_LE_6,{TargetName}猛地被一阵灭顶的极乐掀上顶峰，这股快感比她记忆中任何一次绝顶都要狂暴百倍，从{anal}深处呼啸而出，一瞬间就将她的意识撕扯得七零八落。\n她全身的肌肉骤然强烈绷紧，腰背反复深深弓起又一次次脱力瘫软，双腿失控地痉挛蹬踹，连脚踝都在不住地打颤。\n那被开发得极其敏感的{anal}疯狂地连续抽搐绞紧，怎么也停不下来，一大股一大股温热的肠液随着痉挛汹涌喷涌，多得顺着腿根往下淌，湿腻一片。\n她感到自己的神魂都在这惊涛骇浪般的快感里剧烈震颤，眼前发花，思绪被冲刷成一片混沌的空白，意识几乎被快感彻底冲垮。\n这具女儿的身体在乱伦的极致快意中止不住地战栗，她迷醉得几近崩溃，在心底破碎地一声声唤着爸爸，被这前所未有、拔高了一整个台阶的强烈绝顶牢牢淹没。

1146,action_part_a_orgasm_strong_C,0,CVP_A2_T|102_E_1&CVP_A2_T|1_E_0&CVP_A2_A|10_G_6,一股远比以往任何一次都要猛烈的快感毫无预兆地从{anal}深处轰然炸开，小小的{TargetName}整个稚嫩的身体都被这股洪流狠狠掀翻。\n她那经验丰富的后穴早已被开发得无比熟练，此刻却像是被推上了一个从未触及的崭新台阶，{anal}不受控制地一波接一波剧烈痉挛收缩着，熟练的肠壁疯狂蠕动，将那股灭顶的快意榨取到极致。\n幼小的脑袋里一片空白，稚气的意识几乎被这股强绝顶彻底冲垮，她只能失神地大张着小嘴，纤细的四肢无力地颤栗痉挛，小小的腰肢反复深深弓起又猛地瘫软下去。\n大量温热的肠液从{anal}汹涌地涌出，甚至小幅地喷溅出来，令她幼嫩的心里瞬间被极度的羞耻和失控的迷醉淹没。\n这具娇小的身体明明还那样稚嫩懵懂，后穴却熟稔地承接着这场灵魂都为之震颤的极致高潮，令{TargetName}在近乎崩溃的快意里彻底失了神。
1147,action_part_a_orgasm_strong_C,0,CVP_A2_T|102_E_1&CVP_A2_T|1_E_0&CVP_A2_A|10_G_6,这一次的绝顶来得比过往每一次都要凶猛太多，仿佛{anal}的敏感度骤然攀上了一个陌生的高度，一股滔天的酥麻从后穴最深处席卷了小小的{TargetName}的全身。\n她那被彻底调教开发过的肠道熟练地绞紧又松开，{anal}一下下猛烈地抽搐痉挛，经验老到的肌肉本能地收缩蠕动着，把那股强烈到令人头皮发麻的快感一层层放大。\n幼小的身体根本承受不住这样的冲击，稚嫩的意识在剧烈的快意中支离破碎，她眼神涣散地失神颤栗，纤细的手指死死攥紧，小小的双腿失控地乱蹬痉挛。\n温热的肠液顺着痉挛的{anal}大量流淌而出，那股滚烫的失禁般的感觉让她幼嫩的心底涌起难以言喻的羞耻与迷乱。\n明明是这般懵懂稚气的小小身躯，却在后穴这场远超以往的强绝顶里被快感冲刷得魂飞魄散，只剩下一片近乎崩溃的甜腻眩晕在心底翻涌。
1148,action_part_a_orgasm_strong_C,0,CVP_A2_T|102_E_1&CVP_A2_T|1_E_0&CVP_A2_A|10_G_6,毫无征兆地，一场比普通绝顶还要强烈数倍的高潮猛然从{anal}深处爆发开来，将小小的{TargetName}整个人卷入了灭顶的快感漩涡。\n连续多次绝顶后被推高了一整个档次的敏感后穴此刻疯狂运作着，{anal}剧烈而不受控制地连续痉挛，那熟练的肠壁一阵阵有力地蠕动收缩，仿佛要把每一丝快意都彻底压榨干净。\n她幼小的脸蛋因过载的快感而完全失控地扭曲着，稚嫩的意识几乎被这股洪流冲得荡然无存，纤细娇小的躯体绷得笔直又猛地软倒，细细的腰肢无法自控地一次次深深弓起。\n伴随着{anal}的剧烈收缩，大量灼热的肠液失控地喷涌而出，那种彻底失禁般的羞耻感令她幼嫩的心灵狠狠一颤。\n这具稚气未脱的小小身体在这场震撼灵魂的强绝顶中彻底沉沦，{TargetName}只觉得整个人都被极致的快意撕裂成了碎片，迷醉得再也回不过神。
1149,action_part_a_orgasm_strong_C,0,CVP_A2_T|102_E_1&CVP_A2_T|1_E_0&CVP_A2_A|10_G_6,快感如决堤的巨浪般从{anal}最深处轰然涌起，这股强绝顶的威力远远盖过了之前无数次的高潮，将小小的{TargetName}彻底吞没。\n她那早已被开发得驾轻就熟的后穴，此刻却像是解锁了全新的敏感层级，{anal}不由自主地剧烈痉挛绞缩着，经验丰富的肠道熟练地一收一放，将那股排山倒海的快意翻搅得愈发浓烈。\n幼小的身躯抵挡不住如此凶猛的冲击，稚嫩的意识在极致的快感里彻底失神，她无助地睁大双眼却什么都看不清，纤瘦的四肢剧烈颤抖，小小的脚趾蜷缩得死紧。\n滚烫的肠液从抽搐的{anal}里大股大股地淌出，甚至微微喷洒开来，令她懵懂的心里被强烈的羞耻和无法自控的迷醉狠狠攫住。\n如此稚嫩天真的小小身体，后穴却熟练地咀嚼着这场足以震颤灵魂的极致绝顶，令{TargetName}在近乎崩溃的甜蜜眩晕里瘫软失神。
1150,action_part_a_orgasm_strong_C,0,CVP_A2_T|102_E_1&CVP_A2_T|1_E_0&CVP_A2_A|10_G_6,一波前所未有的猛烈快感骤然从{anal}深处炸裂开来，比以往任何一次绝顶都要强上太多，令小小的{TargetName}的稚嫩身体剧烈痉挛起来。\n多次高潮堆叠后攀升到崭新台阶的敏感度让她的后穴彻底失控，{anal}一阵紧过一阵地疯狂收缩蠕动，那被磨炼得极其熟练的肠壁本能地绞紧、抽搐，将灭顶的快意一寸寸推向顶点。\n她幼小的脑子彻底空白了，稚气的意识几乎被这股强绝顶冲垮，只能失神地小声抽噎着颤栗，纤细的腰肢反复深深弓起后又脱力般软塌下来，娇小的双腿止不住地痉挛。\n伴着{anal}一下下猛烈的抽搐，大量温热的肠液汹涌地涌流而出，那股失控外溢的滚烫触感让她幼嫩的内心涌起铺天盖地的羞耻与迷乱。\n这副懵懂稚嫩的小小身躯，竟被后穴传来的极致快感冲刷得魂魄俱颤，{TargetName}在灵魂都为之震撼的强绝顶里彻底沦陷，久久无法回神。

1151,action_part_a_orgasm_strong_C,0,CVP_A2_T|103_E_1&CVP_A2_T|1_E_0&CVP_A2_A|10_G_6,一波远比以往任何一次都要凶猛的快感毫无预兆地从{anal}最深处炸裂开来，娇小的{TargetName}整个人猛地弓成一张绷紧的弓，随即又软软瘫塌下去。\n经过一次又一次连续的绝顶，她那本就被充分开发过的后穴敏感度早已攀上了一个全新的台阶，此刻这股强绝顶的冲击比过往所有的普通高潮都要剧烈得多，稚嫩的身体根本承受不住，只能剧烈地颤栗痉挛着。\n{anal}不受控制地一圈圈疯狂收缩绞紧，那股灭顶的快意顺着尚在发育的小腹一路窜上脊背，冲进她混沌的脑海，令她的意识几乎被彻底冲垮，眼神失焦地涣散着，什么都想不了。\n她能清晰地感觉到大量温热的肠液从深处汹涌地涌出来，甚至无法自控地小幅喷溅出去，那种失禁般的羞耻令幼小的她又惊又慌，可身体却诚实地沉溺在这前所未有的极致快感里无法自拔。\n纤细的四肢失控地颤抖乱蹬，稚气未脱的小脸涨得通红，表情彻底失了控，那股近乎崩溃的迷醉快意一波接一波地碾过她小小的灵魂，令她在剧烈的余韵里久久无法回神，只能瘫软着任由那股强烈的震颤慢慢平息。
1152,action_part_a_orgasm_strong_C,0,CVP_A2_T|103_E_1&CVP_A2_T|1_E_0&CVP_A2_A|10_G_6,这一次的绝顶来得格外汹涌，一股仿佛要将她整个人吞没的极致快感从{anal}深处轰然爆开，令娇小的{TargetName}猛地绷直了纤细的腰肢，喉咙里溢出破碎而失控的娇喘。\n连续多次的高潮早已把她那开发成熟的肠道推上了一个陌生的敏感高度，此刻涌来的强绝顶远远超出了她所熟悉的任何一次普通绝顶，那股铺天盖地的快意几乎要将她小小的意识彻底冲散。\n经验丰富的{anal}熟练却又疯狂地痉挛蠕动着，一波未平一波又起，她的身体虽早已习惯承受各种刺激，却仍被这远超以往的强度逼得剧烈颤抖，稚嫩的双腿无助地绷紧又乱蹬。\n她恍惚间感到滚烫的肠液大量地从深处翻涌而出，量多得令她羞耻到几乎想要蜷缩起来，可那种灭顶的失控感又令她迷醉得无法思考。\n幼小的身体一次次深深弓起后又彻底瘫软下去，脑海里一片空茫，只剩下那股撕裂灵魂般的强烈快意在反复碾压，稚气的脸庞失神地扭曲着，泪水都被逼出了眼眶，她在这场远超想象的强绝顶里彻底失了神，久久沉溺其中无法自拔。
1153,action_part_a_orgasm_strong_C,0,CVP_A2_T|103_E_1&CVP_A2_T|1_E_0&CVP_A2_A|10_G_6,毫无防备之间，一股猛烈到近乎要将她击垮的快感自{anal}最深处骤然迸发，令看上去还稚气十足的{TargetName}浑身剧烈一震，随即失控地痉挛起来。\n在此之前她的后穴已经连续绝顶了太多次，那本就被彻底开发过的敏感肠道被反复的高潮推到了一个全新的巅峰，以至于这一次的强绝顶携带着远胜以往的凶猛强度，狠狠碾过她娇小的身躯。\n{anal}不由自主地剧烈绞缩着，一阵紧似一阵，那股灭顶般的酥麻快意顺着尚显单薄的腰腹疯狂蔓延，直冲进她的四肢百骸，令她的意识在顷刻间被冲得七零八落，只能任由身体自行颤栗。\n她清楚地感觉到大量的肠液不受控制地从深处涌溢出来，甚至带着小幅的喷洒，那种彻底失禁般的羞耻与失控令幼小的她又羞又慌。\n可她那被充分调教过的身体却诚实得可怕，一次次深深弓起脊背又瘫软下去，纤细的手指死死攥紧，稚嫩的小脸因极致的快感而彻底失控扭曲，那股近乎崩溃的迷乱快意如惊涛骇浪般冲击着她小小的灵魂，令她在漫长的余韵中失神地颤抖着，怎么也回不过神来。
1154,action_part_a_orgasm_strong_C,0,CVP_A2_T|103_E_1&CVP_A2_T|1_E_0&CVP_A2_A|10_G_6,一阵远比记忆中任何一次都要凶猛狂暴的绝顶快感从{anal}深处轰然席卷而来，将娇小玲珑的{TargetName}整个人都掀翻进了灭顶的快意洪流之中。\n她那早已被开发得极为成熟的后穴，在连续不断的高潮冲刷下敏感度攀升到了一个前所未有的台阶，于是这次强绝顶来临时，那股快感的强度远远压过了她所熟悉的普通绝顶，令她根本无从抵挡。\n{anal}疯狂而熟练地收缩绞紧着，一波接一波地痉挛蠕动，仿佛要将那股极致的快意榨取到最后一丝，稚嫩的身体在剧烈的震颤中彻底失去了控制，纤细的双腿无力地乱颤乱蹬。\n她迷迷糊糊地感到滚热的肠液正大量地自深处汹涌流淌出来，甚至无法克制地小幅溅出，那种湿淋淋的失控感令幼小的她羞耻得几乎要落泪，偏偏身体却越发沉沦。\n她的意识几乎被这股强烈到极点的快感冲垮，脑中一片混沌空白，稚气的脸上写满了失神与迷醉，腰肢反复深弓后又瘫软无力，那种撼动灵魂般的极致快意反复碾压着她小小的身心，令她在余韵里颤抖着久久无法平息。
1155,action_part_a_orgasm_strong_C,0,CVP_A2_T|103_E_1&CVP_A2_T|1_E_0&CVP_A2_A|10_G_6,这股快感凶猛得毫无道理，一瞬间便自{anal}最深处炸裂而出，将稚气未褪的{TargetName}彻底淹没在灭顶的极乐里，令她娇小的身躯猛地一挺又剧烈痉挛。\n连续多次的绝顶早已把她那开发透彻的肠道磨得敏感异常，敏感度陡然跃上了一个崭新的高度，因此这一次的强绝顶远比她习惯的普通高潮要来得汹涌狂暴，几乎要将她小小的神智整个撕碎。\n她那富有经验的{anal}熟练地疯狂绞缩着，一次次剧烈地痉挛收紧，那股酥麻到发痛的快意顺着单薄的腰身直冲头顶，令她的意识近乎被彻底冲散，眼神涣散失焦，什么都抓不住。\n她能感觉到大量温热的肠液不受控制地从深处翻涌喷涌而出，那种失禁般的羞耻感令幼小的她又惊又羞，却又被那股极致的迷醉快意牢牢困住无法挣脱。\n纤细娇嫩的四肢失控地颤抖着，稚嫩的脸颊涨红扭曲，表情彻底崩溃失控，那股近乎溃散的强烈快意如潮水般一遍遍冲刷着她幼小的灵魂，令她在长久的震颤余韵中失神地瘫软着，迟迟无法从这场远超想象的极致绝顶中回过神来。
1156,action_part_a_orgasm_strong_C,0,CVP_A2_T|104_E_1&CVP_A2_T|1_E_0&CVP_A2_A|10_G_6,连续不停的高潮早已将{TargetName}那具对肛交无比娴熟的娇躯推上了一个从未触及的崭新台阶，此刻积攒到临界的快感终于在{anal}最深处轰然炸裂，凶猛程度远远盖过了以往任何一次寻常的绝顶。\n那股熟悉却又陌生得令她胆寒的酥麻电流沿着开发得极为透彻的肠壁一路狂窜而上，瞬间将少女尚带青涩的意识冲刷得支离破碎，脑海里只剩一片刺目的雪白。\n{anal}一圈圈疯狂地绞紧又骤然松弛，她无比清晰地感到大量滚烫的肠液正从体内汹涌泛滥，甚至失禁般小幅喷溅出来，那种彻底失控的黏腻湿滑让她羞耻得几乎当场落泪。\n可偏偏那具经验老到的身子却诚实地沉溺贪恋着这份极乐，她在近乎崩坏的迷醉中不住颤栗，只觉灵魂被这前所未有的强烈快意生生撕扯揉碎，唯余无边的痴迷与沦陷。
1157,action_part_a_orgasm_strong_C,0,CVP_A2_T|104_E_1&CVP_A2_T|1_E_0&CVP_A2_A|10_G_6,反复叠加的绝顶让{TargetName}后穴的敏感度陡然攀升到一个全新的高度，当积蓄已久的快感彻底决堤时，一记远超平常的强烈高潮狠狠贯穿了她整条已被彻底开发的肠道。\n经验丰富的{anal}熟练而剧烈地翕张收缩着，那快感却不再是她所熟悉的强度，而是猛烈得几乎要将她单薄的少女意识连根拔起，逼得她仰起脖颈失神地痉挛。\n她能真切感受到{anal}深处正翻涌出前所未有的大量肠液，一股股温热黏滑地朝外溢淌，甚至带着轻微的喷涌，那份汹涌的失控感在她心底掀起滔天的羞耻巨浪。\n然而娴熟的身体早已本能地贪求着这灭顶的快意，她在濒临崩溃的极致迷狂里灵魂剧烈震颤，年轻的心被这一记强绝顶撞得七零八落，只剩下彻底的沉醉与臣服。
1158,action_part_a_orgasm_strong_C,0,CVP_A2_T|104_E_1&CVP_A2_T|1_E_0&CVP_A2_A|10_G_6,一次次连绵的高潮早已把{TargetName}这具惯于承受肛交的娇嫩身躯磨砺得愈发敏锐，此刻堆积如山的快感终于在{anal}里彻底引爆，掀起一场比往常猛烈太多的绝顶风暴。\n她那被充分开发的肠道熟练地绞缠翕动，可这一次的快感却凶悍得完全超出掌控，如同灭顶的浪潮将她青春的神智一寸寸淹没，逼得她张大了嘴却发不出声音。\n{anal}深处不受控地喷涌出大量温热的肠液，滑腻的液体顺着股缝汩汩流淌甚至微微溅出，那种下流又失禁般的湿意让经验丰富的她也羞得面红耳赤心跳如擂。\n可她那诚实的身子却在这强烈到近乎崩溃的极乐里不住痉挛，少女纤细的腰肢反复弓起又瘫软，灵魂被这前所未有的震撼撕成碎片，只余痴醉的战栗与深深的沦陷。
1159,action_part_a_orgasm_strong_C,0,CVP_A2_T|104_E_1&CVP_A2_T|1_E_0&CVP_A2_A|10_G_6,密集的连续绝顶将{TargetName}对肛交烂熟于心的身体一步步推向了新的巅峰，随着最后一丝理智被彻底压垮，一记远比寻常凶猛的强烈高潮从{anal}深处轰然席卷全身。\n那条早已适应各种刺激的肠道此刻竟也被这陌生的强度彻底征服，熟练的收缩变成了失控的狂乱痉挛，她青涩的意识在灭顶快感中被冲刷得几近空白。\n她清楚地觉察到{anal}正翻涌出汹涌得吓人的大量肠液，黏热的液体不停地朝外涌淌喷溅，那份失禁般的狼狈让向来游刃有余的她也羞耻得几乎无地自容。\n然而经验丰富的娇躯却诚实地攀附贪恋着这份极乐，她在近乎崩坏的迷醉中浑身战栗，年轻的灵魂被这突如其来的强绝顶震得支离破碎，唯剩满溢的迷狂与彻骨的沉沦。
1160,action_part_a_orgasm_strong_C,0,CVP_A2_T|104_E_1&CVP_A2_T|1_E_0&CVP_A2_A|10_G_6,接连不断的高潮早已让{TargetName}那具身经百战的后庭愈发熟稔于承欢，当层层累积的快感终于突破极限，一场远胜以往的强烈绝顶在{anal}最深处猛然爆开。\n她引以为傲的肠道熟练地蠕动绞榨，可扑面而来的快感却猛烈得让她招架不住，青春靓丽的身子剧烈战栗，少女的神智被这灭顶的洪流冲击得晕眩失神。\n{anal}一阵紧似一阵地痉挛翻搅，大量灼热的肠液从深处不受控制地奔涌而出，甚至带着小股的喷溅，那份湿淋淋的失控让经验老练的她也羞得浑身发烫心乱如麻。\n可她那诚实到骨子里的身体却在这近乎崩溃的强烈极乐中沉沦贪恋，她颤抖着弓腰承接这份震撼灵魂的快意，年轻的心彻底沦陷在这前所未有的迷醉深渊里无法自拔。

1161,action_part_a_orgasm_strong_C,0,CVP_A2_T|105_E_1&CVP_A2_T|1_E_0&CVP_A2_A|10_G_6,接连不断的绝顶已经将{TargetName}的敏感度推上了一个全新的台阶，此刻从{anal}深处骤然炸开的快感比以往任何一次都要凶猛。\n那股滚烫的电流沿着肠壁一路窜上脊椎，冲垮了她成熟从容的伪装，令这位平日里优雅可靠的大姐姐彻底失了神，眼神涣散地颤抖着，脑海里一片雪白。\n她那被{Name}反复调教得无比熟练的{anal}此刻剧烈而不受控制地连续痉挛收缩着，每一下抽搐都榨出一股滚烫的快意，令她整个丰腴的身躯都绷紧又瘫软。\n{TargetName}下意识地想像有经验的成熟女人那样稳住自己，可这股远超从前的极致绝顶根本容不得她维持任何体面，青涩的慌乱与失控的迷醉一齐涌上心头，令她羞耻得几乎想找个地缝钻进去。\n伴随着{anal}深处一阵猛烈的收缩，大量滚烫的肠液不受控制地汹涌涌出，甚至小幅喷溅了出来，那种彻底失禁般的失控感令她的意识几乎被快感冲垮，灵魂都在这一刻剧烈震颤，只能无助地承受着这场近乎崩溃的极乐冲击。
1162,action_part_a_orgasm_strong_C,0,CVP_A2_T|105_E_1&CVP_A2_T|1_E_0&CVP_A2_A|10_G_6,这已经不知是{TargetName}第几次攀上绝顶，连续的高潮令{anal}的敏感度陡然拔高了一个层次，于是这一波绝顶来得格外凶狠。\n一股几乎要将她整个人吞没的快感从{anal}最深处轰然爆开，如同决堤的洪水般席卷了她成熟的每一寸肌肤，令她后腰猛地深深弓起，随即又脱力般瘫软下去。\n她那被开发得极为透彻的{anal}早已能娴熟地承受各种强度的刺激，可此刻这份远超平常的剧烈绝顶还是让她彻底失控，肠壁一波接一波地疯狂蠕动绞紧，将那股极致的快意源源不断地推向全身。\n身为大姐姐的{TargetName}原本还想维持几分从容的姿态，偏偏成熟的身体与青涩的神情在剧烈的痉挛中形成了鲜明的反差，她的四肢无力地颤抖着，指尖死死蜷缩，连呼吸都乱成了破碎的喘息。\n滚烫的肠液自{anal}深处大量地涌淌而出，那种失禁般的羞耻令她迷醉得几近崩溃，意识在这前所未有的极致快感中反复明灭，只剩下灵魂被彻底撼动的震颤，久久无法回神。
1163,action_part_a_orgasm_strong_C,0,CVP_A2_T|105_E_1&CVP_A2_T|1_E_0&CVP_A2_A|10_G_6,敏感度在一次次的绝顶中悄然攀升，如今{TargetName}的{anal}只需一点刺激便骤然引爆了一场远比寻常更为猛烈的强绝顶。\n那股炽烈的快感如惊雷般在她体内轰然炸响，瞬间冲垮了她刻意维持的成熟与镇定，令这位举止优雅的大姐姐再也顾不上体面，仰起脖颈失神地颤抖着，眼角泛起了生理性的泪光。\n她那早已被{Name}调教得驾轻就熟的{anal}此刻剧烈地痉挛抽搐着，熟练的肠壁本能地一收一放绞动着，将那份灭顶的快意一遍遍地放大，令她的小腹不受控制地反复抽搐。\n明明拥有丰富的经验，明明早已习惯了这种极致的快乐，可这一次拔高了台阶的绝顶还是彻底击溃了她的理智，青涩的羞怯与沉沦的迷乱交织在一起，令她既想沉浸其中又羞得无地自容。\n大量温热的肠液伴随着{anal}的猛烈收缩汹涌而出，甚至溅出了细小的水花，那种彻底失控的淫靡令她的意识几乎被快感彻底淹没，灵魂在这一刻剧烈震荡，只能瘫软着承受这场近乎崩塌的极乐。
1164,action_part_a_orgasm_strong_C,0,CVP_A2_T|105_E_1&CVP_A2_T|1_E_0&CVP_A2_A|10_G_6,连绵不绝的高潮早已将{TargetName}的身体推到了一个崭新的敏感台阶，这一波强绝顶因而汹涌得令她措手不及。\n快感从{anal}最深处如火山般喷涌而出，猛地贯穿了她成熟丰满的躯体，令她的腰肢深深弓起又骤然塌软，双腿失控地绷直颤抖，脚趾都紧紧蜷缩成一团。\n她那被彻底开发过的{anal}熟练地承接着这份灭顶的冲击，肠壁疯狂而有力地蠕动绞紧，一波高过一波的痉挛将极致的快意不断送往四肢百骸，令她连一根手指都无力抬起。\n这位平日里可靠又从容的大姐姐此刻彻底失了神，成熟的面容上浮现出青涩而失控的迷醉神情，她隐约知道自己正沉沦得多么不堪，那份羞耻却又诡异地令快感愈发浓烈。\n随着{anal}一阵剧烈的深度收缩，滚烫的肠液毫无保留地大量涌出，甚至无法自控地小幅喷出，那种失禁般的羞辱感令她的意识几乎被极乐冲垮，脑海一片空茫，灵魂在这场前所未有的强绝顶中被撼动得久久无法平复。
1165,action_part_a_orgasm_strong_C,0,CVP_A2_T|105_E_1&CVP_A2_T|1_E_0&CVP_A2_A|10_G_6,一次次绝顶的累积令{TargetName}的敏感度悄然跃上了新的台阶，于是这场强绝顶来得比以往任何一次都要迅猛而彻底。\n汹涌的快感自{anal}深处轰然迸发，如潮水般层层叠叠地将她整个人淹没，令她成熟的身躯剧烈地弓起、痉挛，随即又软绵绵地失去了力气，连喘息都断成了破碎的呻吟前奏。\n她那被开发得极为熟透的{anal}此刻不受控制地连续绞缩着，经验丰富的肠壁本能地追逐着那份极致的快意，一下一下疯狂地收缩蠕动，将灭顶的快感一次次推向新的顶点。\n身为大姐姐的她本想强撑着几分成熟的矜持，可这远超平常的剧烈绝顶轻易便碾碎了她所有的伪装，青涩的失措与沉醉的迷乱在她脸上交织，令她羞得阖不上眼却又停不下颤抖。\n大量炽热的肠液随着{anal}的猛烈抽搐奔涌而出，甚至失控地喷溅开来，那种淋漓失禁的羞耻令她迷醉得近乎崩溃，意识在灭顶的快感中反复涣散，唯有灵魂深处那阵剧烈的震颤久久回荡，令她彻底沉沦在这场极乐的余韵里无法自拔。

1166,action_part_a_orgasm_strong_C,0,CVP_A2_T|105_E_1&CVP_A2_A|5_LE_3,从{anal}深处骤然炸开的快感远比以往任何一次都要凶猛，{TargetName}原本迟钝的后穴此刻却被推上了一个从未抵达过的高度，那股灭顶的绝顶感一瞬间就将她的意识冲得七零八落。\n她怎么也想不到，向来对这种刺激反应平淡、只觉得被填满的后面，竟然会迎来如此剧烈的一次爆发，{anal}不受控制地一波接一波剧烈痉挛收缩着，成熟丰腴的腰肢深深弓起又猛地瘫软下去，一双修长的腿失控地绷直颤抖。\n那种远超普通绝顶的强烈快意几乎要把她的灵魂都震碎，{TargetName}只觉得脑子里一片空白，眼前泛起细碎的白光，连一贯从容优雅的神态都彻底碎裂开来，只剩下失神的颤栗与近乎崩溃的迷醉。\n大量温热的肠液不受控制地从{anal}涌出，甚至被剧烈的收缩挤得小幅喷溅出来，那种失禁般的失控感令她既羞耻又沉沦，成熟的身体承受着这份陌生而凶猛的极乐，脸上却是青涩得几乎要哭出来的表情。\n她想努力维持住大姐姐该有的镇定，可这份灭顶的强绝顶根本不给她任何喘息的余地，只能任由那股快感一遍遍碾过她，令她在颤抖中彻底失了神。
1167,action_part_a_orgasm_strong_C,0,CVP_A2_T|105_E_1&CVP_A2_A|5_LE_3,一股前所未有的极致快感毫无预兆地从{anal}最深处轰然涌起，将{TargetName}整个人狠狠掀翻，那快感的强度远远盖过了她记忆里任何一次绝顶。\n明明这个部位一直以来都感觉迟钝，只会觉得胀满和异物感，可此刻它却像是突然被打开了某道从未开启的闸门，敏感得叫她无所适从，{anal}疯狂地绞紧又松开，一下下失控地抽搐着。\n{TargetName}的意识几乎被这股洪流冲垮，她仰起脖颈，成熟的胸脯剧烈起伏，纤细的手指死死攥紧，指节泛白，双腿控制不住地痉挛乱颤，腰身反复深弓又软塌。\n她能清楚地感觉到滚烫的肠液大量地从{anal}汹涌而出，湿淋淋地失控外溢，那种露骨的失禁感令她羞得几乎无地自容，可偏偏身体沉溺在这灭顶的快意里无法自拔。\n那份成熟外表下藏着的青涩在这一刻暴露无遗，她慌乱、失神、颤栗，脑海里一片混沌，只余下这场强绝顶带来的、几乎要将她整个人拆散的灵魂震颤，久久无法平息。
1168,action_part_a_orgasm_strong_C,0,CVP_A2_T|105_E_1&CVP_A2_A|5_LE_3,{anal}深处毫无征兆地爆发出一阵狂暴的绝顶快感，那股力道之猛，令{TargetName}猝不及防地全身一僵，随即剧烈地颤抖起来，这远比她以往体验过的任何高潮都要强烈。\n她一直以为自己后面的感觉是麻木而浅淡的，从没料到这里竟能迸发出如此惊人的快意，{anal}一阵紧似一阵地痉挛绞动，仿佛要把那股快感牢牢咬住，成熟的腰肢深深塌陷下去，双腿无力地大张又乱蹬。\n剧烈的快感一浪高过一浪地拍打着她所剩无几的理智，{TargetName}的意识在这股洪流里几近溃散，眼神涣散失焦，红唇微张却发不出连贯的声音，向来端庄可靠的模样彻底被冲垮。\n汹涌的肠液顺着{anal}大量涌出，甚至在猛烈的收缩下被挤得微微喷出，那种彻底失控的湿热感令她又羞又乱，成熟的身躯在极乐中不住地战栗着。\n偏是那副竭力想装作老练、却在陌生极乐面前露出慌张与生涩的模样，让这场强绝顶显得格外惊心动魄，她只能在失神的颤栗中，被快感一寸寸吞没。
1169,action_part_a_orgasm_strong_C,0,CVP_A2_T|105_E_1&CVP_A2_A|5_LE_3,这一次从{anal}翻涌而上的绝顶快感来得又急又猛，仿佛要将{TargetName}连骨带肉一起熔化，那种强度是她过往从未领教过的，一瞬间就把她推向了失控的边缘。\n她那平日里迟钝寡淡的后穴，此刻却像是敏感度陡然攀上了一个全新的台阶，每一下{anal}的剧烈收缩都掀起一波灭顶的快意，令她成熟的躯体绷得紧紧的，随即又软成一滩，腰肢反复地弓起塌陷。\n{TargetName}只觉得脑海被这股狂潮冲刷得一片惨白，什么都想不了，什么也顾不上，纤长的双腿失控地绞紧又颤抖，脚趾蜷曲，连呼吸都被快感搅得支离破碎。\n她能感到大量灼热的肠液从{anal}失禁般地奔涌而出，湿漉漉地淌了满满一片，那份露骨到极点的失控令她羞耻得几乎要落泪，偏偏身体却诚实地沉醉其中。\n成熟的外表与青涩慌乱的神情在这场强绝顶里剧烈地碰撞着，{TargetName}失神地颤栗着，任由那近乎崩溃的极致快意，将她整个人彻底淹没。
1170,action_part_a_orgasm_strong_C,0,CVP_A2_T|105_E_1&CVP_A2_A|5_LE_3,绝顶的浪潮毫无预兆地从{anal}最深处轰然拔起，凶猛得叫{TargetName}整颗心都跟着骤然收紧，那快感强烈得远远超出了她的想象，一下子就将她抛进了失神的深渊。\n一贯感觉浅淡、只当是被填塞的后面，此刻竟成了快意的源头，{anal}不受控制地剧烈痉挛，一圈圈疯狂地绞紧又骤然松开，成熟饱满的臀腰随之深深弓起，又猛地瘫软下来。\n那股汹涌的极乐一遍遍碾过她的神智，{TargetName}只觉意识几乎被冲得荡然无存，眼前发花，四肢失控地颤抖乱蹬，向来优雅的姿态被这场强绝顶撕扯得七零八落。\n她清晰地感觉到滚烫的肠液大量自{anal}涌泄而出，甚至被绞得小幅喷溅，那种湿淋淋的失禁感让她羞得浑身发烫，却又无可救药地深陷在这份灭顶快意里。\n明明想拿出几分成熟大姐姐的从容，偏偏被这陌生而凶猛的极致快感逼出了满脸青涩的慌乱，{TargetName}在剧烈的颤栗中失了神，久久无法从这场灵魂震颤里回过神来。

1171,action_part_a_orgasm_strong_C,0,CVP_A2_T|106_E_1&CVP_A2_T|1_E_0&CVP_A2_A|10_G_6,一股远比以往任何一次都更凶猛的快感毫无预兆地从{anal}最深处轰然炸开，{TargetName}成熟的身体骤然弓成一道紧绷的弧线。\n经历了接二连三的绝顶之后，那处早已被开发得烂熟的敏感一下子被推上了一个全新的台阶，快感的浓度陡然翻了数倍，猛地将她的意识冲得七零八落。\n{anal}不受控制地一阵接一阵剧烈痉挛，熟练地绞紧又松开，每一次收缩都把那股灭顶的酥麻榨得更浓，一直丰腴从容的熟女此刻再也维持不住半分沉稳，只能失神地颤栗着，脑海里一片雪白。\n大量温热的肠液顺着深处汹涌地涌了出来，那种失禁般的失控令她又羞又迷乱，成熟的心底掀起了近乎崩溃的狂喜。\n她能清晰地感觉到{anal}还在一下一下贪婪地抽搐，灵魂仿佛都被这股前所未有的强烈绝顶震得发颤，丰腴的腰肢反复深深弓起又瘫软下去，双腿失控地绷直又蜷缩，整个人都被这场远超以往的极致快意彻底淹没，久久无法回神。
1172,action_part_a_orgasm_strong_C,0,CVP_A2_T|106_E_1&CVP_A2_T|1_E_0&CVP_A2_A|10_G_6,迎来一波又一波绝顶的{TargetName}只觉得那处的敏感像是被硬生生拔高到了一个陌生的高度，紧接着一记远比方才更加汹涌的强烈绝顶便毫无征兆地贯穿了她成熟的躯体。\n{anal}猛地绞成一团，随即又疯狂地痉挛收缩，那股浓烈到发疼的快感一层叠着一层往上翻涌，几乎要把她所剩无几的理智彻底冲垮，见惯世事的熟女此刻眼神涣散，脸上是再也掩不住的失控神情。\n她太清楚这具身体该如何承接这份灭顶的欢愉，可越是熟练，那种被快感彻底掌控的失神感就越是浓烈，{anal}熟稔地一收一放，把每一分酥麻都放大到极致。\n汹涌的肠液一股股从最深处失控地淌出，甚至带着小幅的喷溅，那种湿热的失禁感令她羞耻得浑身战栗，心底却翻涌起一阵近乎迷醉的疯狂快意。\n丰腴的身子无法自控地剧烈颤抖着，腰肢一次次深弓，成熟的意识在这场超乎寻常的强绝顶里被冲刷得只剩下一片混沌，灵魂都为之震颤不已。
1173,action_part_a_orgasm_strong_C,0,CVP_A2_T|106_E_1&CVP_A2_T|1_E_0&CVP_A2_A|10_G_6,连续的高潮早已将那处磨得敏感异常，而这一次涌上来的绝顶却比之前任何一次都要凶狠得多，{TargetName}丰腴的身体霎时僵直，随即控制不住地剧烈战栗起来。\n那股势不可挡的快感从{anal}深处如潮水般一浪高过一浪地翻卷上来，把她成熟的思绪冲得支离破碎，脑中嗡的一声便再也想不起任何东西，只剩下铺天盖地的酥麻在体内横冲直撞。\n{anal}一下比一下更用力地痉挛绞缩，多年积累的经验让它本能地追逐着快感，却也让这场绝顶来得愈发汹涌难当，惯于从容的熟女此刻彻底失了态，浑身酥软得使不上半分力气。\n温热黏腻的肠液不受控制地大量涌出，那种彻底失禁般的感觉令她又羞又臊，可越是羞耻，心底那股迷乱的沉溺就越是浓烈得叫她无法自拔。\n她只能任由{anal}贪婪地一次次收缩抽搐，成熟丰腴的腰身反复弓起又软塌，双腿无力地颤着，整个人在这远超以往的极致快意中失神战栗，久久缓不过神。
1174,action_part_a_orgasm_strong_C,0,CVP_A2_T|106_E_1&CVP_A2_T|1_E_0&CVP_A2_A|10_G_6,敏感度被一次次绝顶推着攀上了新的巅峰，紧接着一记远胜从前的强烈高潮便轰然砸落，{TargetName}成熟的身躯猛地一震，随即陷入了无法自控的剧烈痉挛。\n{anal}深处那股灭顶的快感汹涌澎湃地炸开，像是要把她整个人从里到外掀翻，见过太多风浪的熟女此刻却被这股前所未有的欢愉冲得神志涣散，眼角泛起了迷离的水光。\n经验丰富的她本能地绞紧了{anal}，熟练的肠壁一阵阵蠕动收缩，却反而把那份浓稠的快感榨取得愈发汹涌，令她愈发无力招架，只能在一浪接一浪的绝顶里失神地喘息颤抖。\n大股大股的肠液从深处失控地奔涌而出，甚至微微喷洒开来，那种湿热失禁的羞耻感狠狠冲击着她的心防，成熟的心底却翻腾起近乎崩溃的极致快意。\n丰腴的腰肢一次次深深弓起又颓然瘫软，双腿失控地绷直乱颤，{anal}仍在贪婪地一下下抽搐，她只觉得灵魂都被这场超乎想象的强绝顶震得剧烈发颤，久久无法平复。
1175,action_part_a_orgasm_strong_C,0,CVP_A2_T|106_E_1&CVP_A2_T|1_E_0&CVP_A2_A|10_G_6,在接连不断的绝顶将那处敏感彻底拔高之后，一股远比以往任何一次都更加骇人的强烈快感骤然从{anal}最深处喷薄而出，{TargetName}丰腴成熟的身体瞬间绷成一张满弓。\n那种灭顶般的酥麻一层层往上叠加，浓烈得几乎要将她仅剩的意识彻底吞没，一向沉稳自持的熟女此刻再也端不住半分从容，只能失神颤栗着，任由铺天盖地的欢愉将自己淹没。\n{anal}疯狂地痉挛绞缩着，那具经验老到的身子熟练地迎合着每一次收缩，却也把这场绝顶的强度催逼到了令她招架不住的地步，浓稠的快感一波未平一波又起。\n汹涌的肠液一股股失控地涌淌出来，还带着阵阵小幅的喷溅，那种湿热淋漓的失禁感令她羞得浑身战栗，心底深处却腾起一阵迷醉到近乎疯狂的沉沦。\n她成熟丰腴的腰身反复深弓又瘫软，双腿无力地痉挛蜷曲，{anal}还在一下下贪婪抽搐，整个人在这远超寻常的极致强绝顶里失神战栗，灵魂都被震得久久无法归位。
1176,action_part_a_orgasm_strong_C,0,CVP_A2_T|107_E_1&CVP_A2_T|1_E_0&CVP_A2_A|10_G_6,一股远比以往任何一次都要凶猛的快感毫无预兆地从{anal}深处炸裂开来，{TargetName}整个人猛地绷紧，意识在那一瞬间几乎被彻底冲垮。\n经历过无数次绝顶的{anal}此刻早已被开发得敏感到了一个全新的台阶，那股积攒到极致的快意如决堤般奔涌而出，一波接着一波地贯穿她的脊背，令她的腰肢反复深深弓起又无力瘫软下去。\n{anal}不受控制地剧烈痉挛收缩着，一股股滚烫的肠液伴随着这场强烈的绝顶汹涌溢出，甚至小幅喷洒出来，那种失控的羞耻感令她的脸颊烧得通红。\n身为人妻的她在这一刻脑中一片混乱，背叛婚姻的罪恶与前所未有的极乐交织缠绕，越是想到自己有夫之妇的身份，那股背德的快感就越发汹涌，令她彻底失神颤栗。\n她四肢失控地颤抖着，眼神涣散迷离，灵魂仿佛被这场强绝顶彻底震碎，只能在那片翻涌的迷醉里无助地沉沦。
1177,action_part_a_orgasm_strong_C,0,CVP_A2_T|107_E_1&CVP_A2_T|1_E_0&CVP_A2_A|10_G_6,这一次的绝顶来得又急又猛，快感的强度远远超过了平日里那些寻常的高潮，{TargetName}的意识几乎在顷刻间被搅成一团浆糊。\n连续攀上巅峰太多次的{anal}早已敏感得不成样子，快感层层叠加冲上了一个崭新的高度，此刻终于一齐爆发，令她全身的肌肉都强烈地抽搐绷紧起来。\n经验丰富的肠壁熟练而有力地一圈圈蠕动收缩着，深谙这种极致快意的身体本能地想要榨取更多，大量温热的肠液不受控制地从{anal}汩汩涌出。\n作为背着丈夫偷情的人妻，她心底那份沉重的愧疚此刻反而化作了最烈的催情剂，越是禁忌越是沉沦，令她在这场强绝顶中彻底迷失了自我。\n她的双腿失控地绷直又乱蹬，表情失控地扭曲着，那股灵魂深处被撼动的极致快意让她连呼吸都变得支离破碎。
1178,action_part_a_orgasm_strong_C,0,CVP_A2_T|107_E_1&CVP_A2_T|1_E_0&CVP_A2_A|10_G_6,仿佛有一道电流从{anal}最深处骤然窜起，瞬间贯穿了{TargetName}的四肢百骸，强烈得令她眼前一阵阵发白。\n这具早已被反复开发到极致的身体，敏感度在连番绝顶之后又攀上了新的台阶，此刻迎来的强绝顶远比过往任何一次都要凶猛，将她仅存的理智冲刷得干干净净。\n{anal}一下下剧烈而深长地痉挛着，那些经验老到的肠肉贪婪地绞紧又松开，滚烫的肠液成股地涌出，甚至隐隐有小股喷溅而出，令她羞耻得几乎无地自容。\n身为人妻却在此处承受着这般极乐，那种背叛家庭的负罪感与失控的快意在心底激烈交战，可越是矛盾挣扎，涌上来的快感便越发汹涌灭顶。\n她整个人瘫软下去又被快感反复顶得弓起腰肢，眼神迷离失焦，灵魂在这场强烈的震撼中支离破碎，只剩下无边的迷醉将她层层吞没。
1179,action_part_a_orgasm_strong_C,0,CVP_A2_T|107_E_1&CVP_A2_T|1_E_0&CVP_A2_A|10_G_6,一波前所未有的极致快感毫无征兆地从{anal}深处轰然炸开，{TargetName}的脑海在这一刻几乎被冲成了一片空茫。\n无数次的绝顶早已将她的敏感度推上了一个全新的巅峰，而这一次积攒到顶点的快意终于彻底释放，凶猛得令她整个身子都不受控制地剧烈痉挛颤栗。\n那条熟悉了无数次快感的肠道熟练地翻搅收缩着，{anal}一阵紧过一阵地绞缩，大量灼热的肠液再也压抑不住地喷涌而出，那种失禁般的失控令她羞耻得浑身发烫。\n明明是有夫之妇，却在这背德的极乐中沉沦到无法自拔，那份对家庭的愧疚不但没能压下欲望，反而让这场强绝顶变得愈发滚烫而难以承受。\n她双手无力地抓挠着，腰肢深深弓起后又彻底瘫软，眼角泛起了失神的泪光，整个灵魂都在这场极致的绝顶中战栗着沉沦。
1180,action_part_a_orgasm_strong_C,0,CVP_A2_T|107_E_1&CVP_A2_T|1_E_0&CVP_A2_A|10_G_6,这场绝顶的威力大得惊人，快感如同海啸一般从{anal}深处席卷全身，{TargetName}只觉得意识都快要被这股洪流彻底淹没。\n历经连番高潮的洗礼，她的身体敏感度早已跃升到一个陌生的高度，此刻迸发的强绝顶远远凌驾于寻常的快意之上，令她失神地仰起脖颈剧烈颤抖。\n{anal}失控地一波波深度痉挛，那些饱经开发的肠肉娴熟地收缩绞紧，汹涌的肠液一股股地涌出甚至微微喷洒，带来的极致羞耻感反而叫她愈发迷醉沉沦。\n身为人妻的禁忌身份在这一刻化作最浓烈的背德快感，越是想到自己正背叛着婚姻，那股席卷灵魂的战栗便越发无法遏制地攀升。\n她的四肢失控地抽搐痉挛，表情彻底失守，整个人在这前所未有的极乐里失魂落魄，只能任由那滔天的快意将她一次次拍向绝顶的顶端。
1181,action_part_a_orgasm_strong_C,0,target_is_player_daughter&CVP_A2_T|1_E_0&CVP_A2_A|10_G_6,意识在那一瞬间被彻底冲垮，{TargetName}只觉得{anal}深处炸开一股前所未有的滚烫快感，一波接着一波地朝脊椎与脑髓涌去。\n经历过无数次绝顶的她，本以为自己早已熟知这具身体所有的极限，可这一次的强度却远远超出以往任何一次，敏感度仿佛被硬生生推上了一个全新的台阶。\n她能清晰地感觉到{anal}正一阵阵疯狂地收缩痉挛，大量滚烫的肠液不受控制地涌出，甚至小幅地喷溅而出，那种彻底失控的羞耻感让她的脑海一片雪白。\n更让她心神震颤的是，给予她这份灭顶快意的竟是自己最亲的父亲，作为女儿在爸爸面前迎来如此淫荡的绝顶，那份禁忌与背德在心底翻搅，反而把快感放大到令人发疯的地步。\n她失神地颤栗着，灵魂仿佛被这股极致的爽意撕成了碎片，只能任由那近乎崩溃的迷醉将自己一寸寸吞没。
1182,action_part_a_orgasm_strong_C,0,target_is_player_daughter&CVP_A2_T|1_E_0&CVP_A2_A|10_G_6,比以往任何一次都要凶猛的绝顶狠狠攫住了{TargetName}的全身，让她连一声完整的娇吟都发不出来。\n她经验丰富的身体本该对这种快感游刃有余，可积攒到极限的快意在这一刻彻底决堤，把她熟练的从容瞬间碾得粉碎。\n{anal}深处传来一阵阵酥麻到发疼的极乐，那快感如同被无限放大的电流，顺着敏感的肠壁一路窜上后腰，激得她整个人都失了神。\n她只觉得体内那股熟悉的绝顶感被推向了一个从未触及的高度，滚烫的肠液伴随着{anal}的剧烈翕张汩汩流淌，那份湿热让她又羞又醉。\n最令她心底发烫的是给她带来这一切的正是自己的爸爸，身为女儿却在父亲手中沦陷得如此彻底，这份乱伦的禁忌像毒药般侵蚀着她的理智，却又诡异地让每一分快感都变得愈发浓烈滚烫，令她在极致的迷乱中近乎崩溃。
1183,action_part_a_orgasm_strong_C,0,target_is_player_daughter&CVP_A2_T|1_E_0&CVP_A2_A|10_G_6,{TargetName}的脑子里嗡的一声，所有的思绪都在这股强绝顶的冲击下化为乌有。\n她太熟悉自己后穴的每一种反应了，可这一次{anal}传来的快感强度却陌生得让她心惊，仿佛这具被充分开发过的身体又被开辟出了全新的敏感领域。\n那快意一层层叠加着朝深处钻，激得她眼角泛出生理性的泪水，嘴里溢出连自己都控制不住的媚吟。\n她能感觉到{anal}正随着绝顶疯狂地绞缩，源源不断的滚烫肠液顺着股缝滑落，那种大量涌出的失控感让她既羞耻又沉溺。\n而当她恍惚间意识到，让自己作为女儿在父亲面前露出这般淫态的正是眼前这个男人时，那份背德的战栗竟又给这场绝顶添了一把火，把她仅存的一点羞耻烧得干干净净，只剩下灵魂被极乐反复冲刷的震颤。
1184,action_part_a_orgasm_strong_C,0,target_is_player_daughter&CVP_A2_T|1_E_0&CVP_A2_A|10_G_6,这一次的绝顶来得又急又猛，几乎是在瞬间就把{TargetName}拖进了灭顶的快感深渊。\n她那被充分调教过的{anal}早已习惯了各种强度的刺激，却仍在这波超乎寻常的强绝顶前彻底缴械，敏感度攀升到了一个她从未体验过的巅峰。\n汹涌的快意从下腹一路蔓延到四肢百骸，激得她浑身发软，连指尖都在无意识地痉挛。\n她清晰地感到大量温热的肠液正从{anal}深处不受控地喷涌而出，那份湿淋淋的失控让她羞得无地自容，却又忍不住沉醉其中。\n更让她心旌摇曳的是把她推上这极致高峰的竟是自己血脉相连的父亲，女儿在爸爸怀里迎来如此放荡的绝顶，这层伦理的禁忌非但没让她清醒，反而像烈酒般让她愈发迷醉，在近乎崩溃的快意里彻底失了神。
1185,action_part_a_orgasm_strong_C,0,target_is_player_daughter&CVP_A2_T|1_E_0&CVP_A2_A|10_G_6,整个世界都在这一刻失去了声音，{TargetName}只能感觉到{anal}里那股席卷一切的强绝顶正无情地吞没着自己。\n身经百战的她原以为再没有什么快感能让她如此失态，可积压已久的快意骤然爆发，硬生生把她熟练的姿态击得粉碎。\n那快感浓烈得近乎疼痛，一浪高过一浪地拍打着她的神经，让她的意识在极乐中飘忽不定，只剩下断续的娇喘。\n她能感觉到{anal}正剧烈地收缩着，滚烫的肠液大量地淌出甚至微微飙射，那种彻底湿透的羞耻反而让她愈陷愈深。\n而心底最深处那个声音提醒着她，怀抱着自己、给予自己这份禁忌快感的是最疼爱她的爸爸，身为女儿的背德感让灵魂剧烈震颤，把这场强绝顶的迷醉推向了令她几近崩溃的顶点。
1186,action_part_a_orgasm_strong_C,0,CVP_A2_T|106_E_1&CVP_A2_A|5_LE_3,一股远比以往任何一次都要凶猛的快感毫无预兆地从{anal}最深处炸裂开来，成熟丰腴的{TargetName}只觉得整条脊背都被一道滚烫的电流贯穿，那向来对肛门刺激反应迟钝的身子竟在这一刻彻底失了控。\n以往她那处只能懵懂地感受到被填满的胀意，如今却像是某道封印被生生撬开，{anal}一波接一波剧烈而不受控制地痉挛收缩着，那股灭顶的极致快意远远超出了她这么多年积攒下的所有经验，令她成熟的意识几乎被冲垮成一片空白。\n{TargetName}丰满的腰肢猛地深深弓起，又在下一瞬瘫软下去，双腿失控地颤抖乱蹬，她张着嘴却发不出完整的声音，只剩灵魂被震得支离破碎的迷醉与颤栗。\n她清晰地感觉到有大量温热的肠液顺着{anal}汩汩涌出，甚至带着小幅的喷溅，那份从未体验过的失禁般的羞耻与快感交织在一起，令她这个见惯风月的熟女也羞得几近崩溃。\n那道非常强烈的绝顶久久不肯退去，{TargetName}失神地颤抖着，成熟的眼眸里蒙上一层涣散的水光，心底翻涌着难以言喻的震撼，原来那处竟能带来这般凶悍的快意，令她再也无法维持往日的沉稳与从容。
1187,action_part_a_orgasm_strong_C,0,CVP_A2_T|106_E_1&CVP_A2_A|5_LE_3,那处一直迟钝而寡淡的地方，在这一刻却猛地爆发出一场足以吞没理智的强烈绝顶，{TargetName}丰腴成熟的身躯剧烈地一颤，一股比普通绝顶还要浓烈数倍的快感从{anal}深处狂涌上来，将她多年练就的从容彻底冲垮。\n她能感觉到{anal}正不受控制地连续深深绞缩，那股酥麻自尾椎一路窜上后颈，令她成熟饱满的身子一阵接一阵地痉挛，脑海里嗡的一声炸开，什么都想不了了，只剩下被极致快意反复拍打的失神与眩晕。\n{TargetName}的手指死死攥紧，丰润的大腿绷得笔直又骤然发软，腰腹深处一下下地抽搐着，成熟的面庞早已失了往日的镇定，只余一副被快感彻底击溃的痴态。\n伴着那阵剧烈的绞动，她清楚地感到大量灼热的肠液从{anal}翻涌而出，那种湿淋淋的失控感令她既羞耻又迷醉，明明是历经世事的熟女，此刻却像头一回尝到这般快意般无所适从。\n这场敏感度攀上新台阶后迎来的强绝顶漫长得惊人，{TargetName}颤栗着缓不过神，心底被一种近乎崩溃的极乐震得七零八落，那份灵魂深处的悸动久久萦绕，令她成熟的身心都沉溺在这前所未有的迷乱余韵里。
1188,action_part_a_orgasm_strong_C,0,CVP_A2_T|106_E_1&CVP_A2_A|5_LE_3,快意如决堤的洪流般从{anal}最深处轰然席卷而来，{TargetName}这个阅历丰富的熟女被这突如其来的猛烈绝顶惊得浑身剧震，那处原本感受平淡的身子竟在积攒到极点后迎来了一场几乎要将她冲散的强烈高潮。\n{anal}剧烈而失控地一收一缩，每一下都像有滚烫的电流在她成熟的身体里横冲直撞，那股远超以往的极致快感令她的意识摇摇欲坠，饱满丰腴的躯体不受控制地弓起又颤栗，仿佛灵魂都被这灭顶的快意生生震出了体外。\n她涣散的眸子失了焦，丰润的双唇微张着不住轻颤，腰肢深处一阵阵抽搐痉挛，成熟的神态荡然无存，只剩沉沦在极乐里的失神迷醉。\n随着那场汹涌的绝顶，她感到{anal}深处有大量温热黏腻的肠液不受控地喷涌而出，那份失禁般的羞耻反倒将快感又推高了一层，令{TargetName}又羞又爽地颤个不停。\n这场敏感度跃升后的强绝顶迟迟未散，{TargetName}瘫软着大口喘息，成熟的心底被那股难以言喻的震撼填满，她怎么也没料到自己竟会为那处的快意沦陷至此，眼角泛起迷乱的泪光，久久无法自持。
1189,action_part_a_orgasm_strong_C,0,CVP_A2_T|106_E_1&CVP_A2_A|5_LE_3,一场前所未有的凶猛绝顶自{anal}深处骤然炸开，将{TargetName}多年沉淀出的沉稳从容瞬间碾得粉碎，那处曾经木讷寡淡的地方，如今竟迸发出足以令她这个熟女彻底失神的极致快意。\n{anal}一下下不受控制地深深绞紧又松开，那股灼热的酥麻如潮水般一波高过一波地拍打着她成熟丰腴的躯体，令她脑中一片空白，什么理智与体面都被这灭顶的快感冲刷得干干净净，只剩被快意反复贯穿的颤栗与迷醉。\n她丰满的腰身深深弓起后又彻底瘫软，双腿失控地绷直乱颤，成熟的面容上写满了被极乐击溃的痴态，喉间溢出破碎而失序的气音。\n那阵剧烈的绞缩间，她清晰地感觉到大量温热的肠液自{anal}汩汩流淌甚至小幅喷出，湿腻的失控感令她羞得几乎钻进地缝，可那份羞耻偏偏又化作更浓的快意，令她这个见多识广的熟女也招架不住。\n这场因敏感度攀升而来的强绝顶漫长而汹涌，{TargetName}失神地颤抖着久久无法回神，成熟的心底被一种近乎崩溃的灵魂震撼填满，她怎么也想不到那处竟能给她这般凶悍的极乐，令她彻底沉溺其中难以自拔。
1190,action_part_a_orgasm_strong_C,0,CVP_A2_T|106_E_1&CVP_A2_A|5_LE_3,积攒到极致的快感终于在{anal}深处轰然引爆，{TargetName}丰腴成熟的身子被这远超普通绝顶的强烈高潮狠狠掀翻，那处向来迟钝的地方在敏感度攀上新台阶后，竟迎来了一场足以将她理智彻底吞没的凶猛绝顶。\n她能感到{anal}正剧烈而失控地连番痉挛绞动，那股滚烫的极乐从尾椎一路灼烧到天灵盖，令她成熟饱满的躯体一阵接一阵地失控颤栗，脑海里被快意搅成一片混沌，连自己是谁都快要想不起来了。\n{TargetName}丰润的手死死抓紧，腰腹深处一下下猛烈抽搐，双腿绷得发抖又骤然瘫软，往日那副从容沉稳的熟女模样早已荡然无存，只剩一张被极致快感彻底击溃的失神痴颜。\n伴着那阵灭顶的绞缩，她清楚地感到大量温热的肠液从{anal}翻涌喷出，湿淋淋地失禁般流淌着，那份羞耻与快意交织的极端刺激令她又爽又颤，几乎要崩溃在这前所未有的极乐里。\n这场强绝顶久久盘桓不去，{TargetName}颤栗着大口喘息，涣散的眸中蒙着迷乱的水光，成熟的心底被难以名状的灵魂震撼填得满满当当，她第一次为那处的快意沦陷得这般彻底，久久沉浸在余韵中无法自持。
1191,action_part_a_orgasm_strong_C,0,CVP_A2_T|107_E_1&CVP_A2_A|5_LE_3,一股远比往日任何一次都要狂暴的快感毫无征兆地自{anal}最深处炸裂开来，早已为人妻的{TargetName}只觉整条脊背被一道滚烫的电流贯穿，那处向来对肛门刺激反应寡淡的身子竟在这一瞬彻底失了控。\n以往她那里至多只能懵懂地感到被填满的胀意，此刻却像某道禁锢被生生撬开，{anal}一波接一波剧烈而不受控制地痉挛绞缩着，那股灭顶的极致快意远远越过了她身为人妻这些年积攒下的所有认知，令她的意识几乎被冲垮成一片空白。\n{TargetName}的腰肢猛地深深弓起又在下一息瘫软下去，双腿失控地颤抖乱蹬，她张着嘴却发不出完整的气音，脑海里翻涌起对丈夫难以言说的愧疚，身为有夫之妇竟在这般禁忌的快感里沦陷至此。\n她清晰地感到大量温热的肠液顺着{anal}汩汩涌出甚至带着小幅喷溅，那份失禁般的羞耻与背德的快意交织在一起，令她这已婚的身子又羞又颤到几近崩溃。\n那道极强的绝顶久久不肯退去，{TargetName}失神地颤栗着，眼眸里蒙上一层涣散的水光，心底翻涌着难以言喻的震撼与罪恶，原来那处竟能带来这般凶悍的极乐，令她再也无法维持一个人妻应有的矜持与安分。
1192,action_part_a_orgasm_strong_C,0,CVP_A2_T|107_E_1&CVP_A2_A|5_LE_3,那处一直迟钝而寡淡的地方，在这一刻竟猛地爆发出一场足以吞没理智的强烈绝顶，为人妻的{TargetName}浑身剧烈一颤，一股比普通绝顶还要浓烈数倍的快感自{anal}深处狂涌而上，将她身为贤妻多年的端庄彻底冲垮。\n她能感觉到{anal}正不受控制地一下下深深绞缩着，那股酥麻从尾椎一路窜上后颈，令她一阵接一阵地痉挛颤栗，脑中嗡的一声炸开，什么都想不了了，只剩下被极致快意反复拍打的失神与眩晕。\n{TargetName}的手指死死攥紧，双腿绷得笔直又骤然发软，腰腹深处一下下地抽搐着，她恍惚间想起自己是别人的妻子，此刻却在这背叛婚姻的禁忌快感里失了魂，那份罪恶感非但没能压下快意，反倒将它又推高了一层。\n伴着那阵剧烈的绞动，她清楚地感到大量灼热的肠液自{anal}翻涌而出，那湿淋淋的失控感令她既羞耻又迷醉，明明是安分守己的人妻，此刻却像被彻底解放般无所适从。\n这场敏感度攀上新台阶后迎来的强绝顶漫长得惊人，{TargetName}颤栗着缓不过神，心底被一种近乎崩溃的极乐与背德感震得七零八落，那份灵魂深处的悸动久久萦绕，令她这为人妻的身心都沉溺在这前所未有的迷乱余韵里。
1193,action_part_a_orgasm_strong_C,0,CVP_A2_T|107_E_1&CVP_A2_A|5_LE_3,快意如决堤的洪流般自{anal}最深处轰然席卷而来，身为人妻的{TargetName}被这突如其来的猛烈绝顶惊得浑身剧震，那处原本感受平淡的身子竟在积攒到极点后迎来了一场几乎要将她冲散的强烈高潮。\n{anal}剧烈而失控地一收一缩，每一下都像有滚烫的电流在她体内横冲直撞，那股远超以往的极致快感令她的意识摇摇欲坠，躯体不受控制地弓起又颤栗，仿佛灵魂都被这灭顶的快意生生震出了体外。\n她涣散的眸子失了焦，双唇微张着不住轻颤，腰肢深处一阵阵抽搐痉挛，心底却有个声音在提醒她这是背着丈夫的偷欢，越是想起那份禁忌，越是被更浓烈的背德快意淹没得彻底。\n随着那场汹涌的绝顶，她感到{anal}深处有大量温热黏腻的肠液不受控地喷涌而出，那份失禁般的羞耻反倒将快感又推高了一层，令{TargetName}又羞又爽地颤个不停。\n这场敏感度跃升后的强绝顶迟迟未散，{TargetName}瘫软着大口喘息，为人妻的心底被那股难以言喻的震撼与愧疚一同填满，她怎么也没料到自己竟会为那处的快意背叛得如此彻底，眼角泛起迷乱的泪光，久久无法自持。
1194,action_part_a_orgasm_strong_C,0,CVP_A2_T|107_E_1&CVP_A2_A|5_LE_3,一场前所未有的凶猛绝顶自{anal}深处骤然炸开，将{TargetName}身为人妻多年养出的端庄贤淑瞬间碾得粉碎，那处曾经木讷寡淡的地方，如今竟迸发出足以令她彻底失神的极致快意。\n{anal}一下下不受控制地深深绞紧又松开，那股灼热的酥麻如潮水般一波高过一波地拍打着她的躯体，令她脑中一片空白，什么妻子的体面与忠贞都被这灭顶的快感冲刷得干干净净，只剩被快意反复贯穿的颤栗与迷醉。\n她的腰身深深弓起后又彻底瘫软，双腿失控地绷直乱颤，面容上写满了被极乐击溃的痴态，喉间溢出破碎而失序的气音，心底残存的愧疚正被这背德的快感一寸寸吞没。\n那阵剧烈的绞缩间，她清晰地感到大量温热的肠液自{anal}汩汩流淌甚至小幅喷出，湿腻的失控感令她羞得几乎钻进地缝，可那份羞耻偏偏又化作更浓的快意，令她这本该安分的人妻也彻底招架不住。\n这场因敏感度攀升而来的强绝顶漫长而汹涌，{TargetName}失神地颤抖着久久无法回神，心底被一种近乎崩溃的灵魂震撼与背叛婚姻的刺激填满，她怎么也想不到那处竟能给她这般凶悍的极乐，令她背着丈夫沉溺其中难以自拔。
1195,action_part_a_orgasm_strong_C,0,CVP_A2_T|107_E_1&CVP_A2_A|5_LE_3,积攒到极致的快感终于在{anal}深处轰然引爆，为人妻的{TargetName}被这远超普通绝顶的强烈高潮狠狠掀翻，那处向来迟钝的地方在敏感度攀上新台阶后，竟迎来了一场足以将她理智彻底吞没的凶猛绝顶。\n她能感到{anal}正剧烈而失控地连番痉挛绞动，那股滚烫的极乐从尾椎一路灼烧到天灵盖，令她的躯体一阵接一阵地失控颤栗，脑海里被快意搅成一片混沌，连自己身为人妻的身份都快要想不起来了。\n{TargetName}的手死死抓紧，腰腹深处一下下猛烈抽搐，双腿绷得发抖又骤然瘫软，往日那副贤良端庄的人妻模样早已荡然无存，只剩一张被极致快感彻底击溃的失神痴颜，唯有对家庭的那点愧疚还在心底若隐若现地灼烧着。\n伴着那阵灭顶的绞缩，她清楚地感到大量温热的肠液从{anal}翻涌喷出，湿淋淋地失禁般流淌着，那份羞耻与背德快意交织的极端刺激令她又爽又颤，几乎要崩溃在这前所未有的极乐里。\n这场强绝顶久久盘桓不去，{TargetName}颤栗着大口喘息，涣散的眸中蒙着迷乱的水光，为人妻的心底被难以名状的灵魂震撼与偷情的罪恶感填得满满当当，她第一次为那处的快意背叛得这般彻底，久久沉浸在余韵中无法自持。
1196,action_part_a_orgasm_strong_C,0,target_is_player_daughter&CVP_A2_A|5_LE_3,一股远比以往任何一次都要凶猛的绝顶毫无预兆地从{anal}最深处炸裂开来，冲得{TargetName}整个人猛地弓起了腰。\n明明这个平日里迟钝麻木、几乎感受不到什么快感的隐秘小穴，此刻却像是被人硬生生撞开了一道从未被开启过的闸门，一波接一波的滔天快意顺着肠壁疯狂地往上涌，冲垮了少女所有的理智，她的脑子里一片雪白，什么都想不了了，只剩下那股几乎要将她的意识彻底冲散的极致快感。\n{anal}不受控制地剧烈痉挛收缩着，一下又一下，密集得让她连喘息都跟不上，大量温热的肠液顺着痉挛的节奏汩汩地涌出，甚至小幅地喷溅出来，那种失禁般的羞耻令她几乎要崩溃。\n她恍惚地想到这是自己的亲生父亲，想到自己竟然是在爸爸面前用这么下流的地方达到了如此强烈的高潮，可那点残存的羞耻和伦理的挣扎却在滔天的快感面前碎得干干净净。\n{TargetName}四肢失控地颤抖着，腰肢深深弓起又猛地瘫软下去，眼神失焦，整个身体都在这场远超以往的强烈绝顶里失神地颤栗着，灵魂仿佛都被这股快感震得支离破碎。
1197,action_part_a_orgasm_strong_C,0,target_is_player_daughter&CVP_A2_A|5_LE_3,这一次的绝顶来得又急又猛，强度远远超过了之前任何一回，一瞬间就将{TargetName}整个人都掀翻在了快感的巨浪里。\n那个原本迟钝木讷、连异物感都比快感更清晰的{anal}，不知从哪一刻起竟变得如此贪婪敏感，此刻正剧烈而失控地一阵阵绞紧又松开，将那股汹涌的快意一波波地放大，冲刷着少女早已支离破碎的神智。\n她的意识几乎被这股前所未有的强烈快感彻底冲垮，脑海里空空荡荡，只能凭着本能不住地颤抖，小腹一下下地抽搐着，双腿绷得笔直又猛然乱蹬。\n大量的肠液随着{anal}疯狂的收缩不受控制地淌了出来，那种湿淋淋的失控感让{TargetName}又羞又乱，可她连合拢双腿的力气都没有了。\n迷迷糊糊之间，她想起面前的是自己的爸爸，想起自己竟当着亲生父亲的面被玩弄到这般失态，那份沉重的羞耻和乱伦的负罪感只让她的身体颤得更厉害，也让这场连灵魂都在震颤的强烈绝顶变得更加令她迷醉沉沦。
1198,action_part_a_orgasm_strong_C,0,target_is_player_daughter&CVP_A2_A|5_LE_3,一阵猛烈到近乎失控的绝顶毫无征兆地从{anal}深处轰然席卷了{TargetName}的全身。\n比起从前那些温吞平淡的感觉，这一次的快感强烈得判若两人，像是这具本不算敏感的身体在一次次的攀升之后终于跨过了某道门槛，将那股积攒到极致的滔天快意一齐倾泻了出来。\n少女的意识在这股冲击下几乎荡然无存，她仰着脖颈失神地颤栗着，嘴唇微微张开却发不出完整的声响，只有紊乱急促的喘息一声接着一声。\n{anal}剧烈地痉挛抽搐，收缩的频率密集得让她整个下腹都跟着一抽一抽地绞动，温热的肠液顺着抽搐止不住地往外流，甚至一小股一小股地喷出来，那种彻底失禁般的羞耻感反而将她推向了更深的迷乱。\n她朦朦胧胧地意识到，让自己沦落到这般模样的正是唤作爸爸的那个人，可这层禁忌的念头非但没能唤回她的羞耻，反而像柴薪一样让这场强烈的绝顶烧得更旺，令{TargetName}在极致的快意里近乎崩溃地沉沦下去。
1199,action_part_a_orgasm_strong_C,0,target_is_player_daughter&CVP_A2_A|5_LE_3,这场绝顶的威力大得吓人，远远盖过了之前每一次的感受，狠狠地将{TargetName}卷进了灭顶般的快感深渊。\n那个平素里对刺激反应寡淡、多半只觉得胀满的隐秘后穴，此刻竟一反常态地剧烈收缩起来，{anal}一下一下失控地绞紧，把那股滔天的快意反复地碾进她的骨髓里，冲得少女连一丝完整的念头都保不住。\n她的意识几乎被这股强烈到极点的快感冲得七零八落，眼神涣散失焦，整张脸都失去了往日的乖巧，只剩下彻底沉溺其中的失神表情。\n腰肢深深地弓起又骤然瘫软，四肢无力地痉挛颤抖，大量的肠液随着痉挛不停地涌出，弄得一塌糊涂。\n在这几乎要将灵魂都震碎的极致绝顶里，{TargetName}恍惚地想起这是自己的亲生父亲，那点身为女儿的羞耻与道德的挣扎却早已被快感冲得无影无踪，只余下一种近乎崩溃的迷醉，令她彻底迷失在了这前所未有的强烈高潮之中。
1200,action_part_a_orgasm_strong_C,0,target_is_player_daughter&CVP_A2_A|5_LE_3,毫无预兆地，一股强得离谱的绝顶从{anal}最深处猛然爆发，瞬间就将{TargetName}整个人都吞没了。\n这具原本在这处地方迟钝又麻木的身体，在快感一层层叠加攀升之后仿佛脱胎换骨，此刻正被远超以往的滔天快意反复冲刷，那强度大得几乎要把少女仅存的意识彻底冲垮。\n{anal}疯了似的连续痉挛收缩，密集而剧烈的绞动一波紧接着一波，逼得她小腹不住地抽搐，双腿失控地乱蹬乱颤，腰身反复深深弓起。\n温热黏腻的肠液随着那疯狂的收缩汩汩地淌出，甚至小幅喷溅，弄得下身一片狼藉，那种失控的羞耻却又诡异地让快感翻涌得更凶。\n神志涣散之际，她隐约记起将自己玩弄到如此地步的竟是自己的爸爸，可这份乱伦的禁忌感在灭顶的快意里只化作了更深的沉沦，{TargetName}失神地颤栗着，任由这场震撼灵魂的强烈绝顶将她推向近乎崩溃的极致迷醉。
1201,action_part_a_orgasm_strong_C,0,CVP_A2_T|102_E_1&CVP_A2_A|5_G_3&CVP_A2_A|5_LE_6,一股远比从前任何一次都要凶猛的绝顶毫无预兆地从{anal}最深处炸裂开来，冲得幼小的{TargetName}整个人猛地弓起了小小的腰肢。\n原本这个稚嫩的隐秘小穴只能带来适中的酥麻快感，可在连着绝顶了那么多回之后，它的敏感度像是硬生生跳上了一个新的台阶，此刻一波接一波的滔天快意顺着幼嫩的肠壁疯狂往上涌，冲垮了幼女懵懵懂懂的那点意识，稚气的脑袋里一片雪白，什么都想不明白了。\n{anal}不受控制地剧烈痉挛收缩着，一下又一下密集得让她连喘息都跟不上，大量温热的肠液顺着抽搐的节奏汩汩涌出，甚至小幅地喷溅出来，那种失禁般的湿淋淋令小小的她又惊又羞。\n她根本不懂自己稚嫩的身体为什么会这样失控地颤栗，只能凭着本能任由那股远超以往的极致快感将自己冲得七零八落，四肢细细地乱蹬乱颤，腰肢深深弓起又猛地瘫软，稚嫩的小脸失神地泛着红，眼神涣散迷离，整个幼小的身体都在这场前所未有的强烈绝顶里颤抖着沉沦，仿佛连灵魂都被这股快意震得支离破碎。
1202,action_part_a_orgasm_strong_C,0,CVP_A2_T|102_E_1&CVP_A2_A|5_G_3&CVP_A2_A|5_LE_6,这一次的绝顶来得又急又猛，强度远远盖过了之前每一回，一瞬间就把幼小的{TargetName}整个人都掀翻进了快感的滔天巨浪里。\n那个原本只能感受到适中快乐的稚嫩后穴，在一次次攀升之后仿佛跨过了某道门槛，此刻正剧烈而失控地一阵阵绞紧又松开，把那股汹涌的快意一波波地放大，冲刷着幼女早已一片空白的稚气神智。\n她那点懵懂的意识几乎被这股前所未有的强烈快感彻底冲垮，小小的脑袋里空空荡荡，只能凭着本能不住地颤抖，稚嫩的小腹一下下地抽搐着，纤细的双腿绷得笔直又猛然乱蹬。\n大量的肠液随着{anal}疯狂的收缩不受控制地淌了出来，那种湿淋淋的失控感让幼小的她又羞又慌，可她连合拢小腿的力气都没有了。\n她根本弄不清这种能把人整个吞没的滋味到底是什么，只是懵懵懂懂地被那股滔天快意反复碾过，稚嫩的身子颤得越来越厉害，小脸上失神迷醉，任由这场连灵魂都在震颤的强烈绝顶将她推向一种近乎崩溃却又莫名迷恋的极致里，久久回不过神。
1203,action_part_a_orgasm_strong_C,0,CVP_A2_T|102_E_1&CVP_A2_A|5_G_3&CVP_A2_A|5_LE_6,一阵猛烈到近乎失控的绝顶毫无征兆地从{anal}深处轰然席卷了幼小{TargetName}的全身。\n比起从前那种只算适中的酥麻，这一次的快感强烈得判若两人，像是这具稚嫩的身体在一回回的攀升之后终于越过了那道门槛，将积攒到极致的滔天快意一齐倾泻了出来。\n幼女那点懵懂的意识在这股冲击下几乎荡然无存，她仰着稚气的小脸失神地颤栗着，小嘴微微张开却发不出完整的声响，只有紊乱急促的喘息一声接着一声。\n{anal}剧烈地痉挛抽搐，收缩的频率密集得让她小小的下腹都跟着一抽一抽地绞动，温热的肠液顺着抽搐止不住地往外流，甚至一小股一小股地喷出来，那种彻底失禁般的羞耻反而把她推向了更深的迷乱。\n她那么小，根本不明白身体为什么会被这样一股蛮横的快感撑得满满当当，只能懵懵懂懂地在这前所未有的极致里失神沉沦，纤细的四肢无力地痉挛，稚嫩的腰肢反复弓起又瘫软，整个幼小的身子都在这场震撼灵魂的强烈绝顶里近乎崩溃地颤抖迷醉着。
1204,action_part_a_orgasm_strong_C,0,CVP_A2_T|102_E_1&CVP_A2_A|5_G_3&CVP_A2_A|5_LE_6,这场绝顶的威力大得吓人，远远压过了之前每一次的感受，狠狠地把幼小的{TargetName}卷进了灭顶般的快感深渊。\n那个平素里只能带来适中快乐的稚嫩小穴，在连续绝顶了许多次之后竟一反常态地剧烈收缩起来，{anal}一下一下失控地绞紧，把那股滔天的快意反复地碾进她幼嫩的身体里，冲得懵懂的小丫头连一丝完整的念头都保不住。\n她那点稚气的意识几乎被这股强烈到极点的快感冲得七零八落，眼神涣散失焦，稚嫩的小脸失去了往日的天真活泼，只剩下彻底沉溺其中的失神表情。\n小小的腰肢深深地弓起又骤然瘫软，纤细的四肢无力地痉挛颤抖，大量的肠液随着痉挛不停地涌出，甚至小幅喷溅，弄得下身湿漉漉一片狼藉。\n在这几乎要把灵魂都震碎的极致绝顶里，幼小的{TargetName}根本说不清自己被卷进了怎样一种汹涌的滋味，只余下一种懵懂却近乎崩溃的迷醉，任由这前所未有的强烈高潮把她彻底吞没，颤栗着久久无法回神。
1205,action_part_a_orgasm_strong_C,0,CVP_A2_T|102_E_1&CVP_A2_A|5_G_3&CVP_A2_A|5_LE_6,毫无预兆地，一股强得离谱的绝顶从{anal}最深处猛然爆发，瞬间就把幼小的{TargetName}整个人都吞没了。\n这具原本在这处地方只有适中感度的稚嫩身体，在快感一层层叠加攀升之后仿佛脱胎换骨，此刻正被远超以往的滔天快意反复冲刷，那强度大得几乎要把幼女仅存的一点懵懂意识彻底冲垮。\n{anal}疯了似的连续痉挛收缩，密集而剧烈的绞动一波紧接着一波，逼得她小小的下腹不住地抽搐，纤细的双腿失控地乱蹬乱颤，稚嫩的腰身反复深深弓起。\n温热黏腻的肠液随着那疯狂的收缩汩汩地淌出，甚至小幅喷溅，弄得幼小的下身一片狼藉，那种失控的湿淋淋感诡异地让快意翻涌得更凶。\n神志涣散之际，她根本不懂这股能把整个身子都掀翻的极致快感究竟是什么，只是稚气地张着小嘴失神颤栗，任由这场震撼灵魂的强烈绝顶把她推向近乎崩溃的迷醉深处，小小的身体一抽一抽地沉沦着，连一丝挣扎的力气都被这滔天快意榨得干干净净。
1206,action_part_a_orgasm_strong_C,0,CVP_A2_T|103_E_1&CVP_A2_A|5_G_3&CVP_A2_A|5_LE_6,一波远超以往的滚烫电流猛地从{anal}最深处炸裂开来，{TargetName}那具尚在发育的稚嫩娇躯瞬间绷成一张满弓。\n从没体验过这般凶猛的快感如海啸般席卷全身，她小小的脑袋里那根紧绷的弦被彻底崩断，意识被冲刷得七零八落，只剩{anal}传来的一阵阵灼热痉挛。\n她惊慌又迷醉地发觉自己的敏感度仿佛在这一瞬跃上了一个全新的台阶，每一次{anal}的猛烈收缩都甜得让她眼前发白、四肢发麻。\n大量滚烫的肠液毫无预兆地汹涌涌出，甚至被绞得小幅喷溅而出，那种失控的羞耻感烧红了她稚气未脱的小脸，也把她烧得神魂颠倒。\n她张着小嘴却吐不出一个完整的音节，纤细的腰肢高高弓起又软软塌陷，脚趾死死蜷缩成一团，这场前所未有的强绝顶把她仅存的一丝理智也彻底淹没，只留下灵魂深处被撞得支离破碎的极致战栗，博士的存在此刻已被她抛得无影无踪。
1207,action_part_a_orgasm_strong_C,0,CVP_A2_T|103_E_1&CVP_A2_A|5_G_3&CVP_A2_A|5_LE_6,极致的快感如同决堤的洪流，从{anal}深处轰然冲垮了{TargetName}最后的堤坝，娇小的身子在{SceneName}里失控地弹跳起来。\n这股绝顶远比她记忆中任何一次都要凶狠，稚嫩的神经被烧得噼啪作响，她的双眼失焦地翻起，理智像沙堡般在浪潮里彻底崩塌。\n她能清晰地感觉到{anal}正一圈一圈疯狂地绞缩，敏感度攀上了一个陌生的高度，每一下抽搐都像有电流直窜进小小的天灵盖，甜得发疼。\n热流一股接一股从{anal}里失禁般涌出，濡湿了她瘦削的股缝，这种再也捂不住的失控让她又羞又慌，却偏偏在羞耻里越陷越深、越发迷乱。\n她纤细的手指无力地抓挠着虚空，稚气的小脸涨得通红又满是泪痕，喉咙里溢出破碎断续的哭腔，整个灵魂都在这场强绝顶掀起的滔天巨浪里翻覆、沉溺，仿佛下一刻就要被这灭顶的快意生生冲散。
1208,action_part_a_orgasm_strong_C,0,CVP_A2_T|103_E_1&CVP_A2_A|5_G_3&CVP_A2_A|5_LE_6,一记比往常凶猛数倍的绝顶毫无征兆地贯穿了{TargetName}小小的身躯，她像被无形的雷电击中般浑身剧震，稚嫩的脚跟死死绷直。\n无数次连绵不断的高潮之后，她的{anal}早已攀上了一个崭新的敏感台阶，此刻积攒到极限的快感终于轰然引爆，凶得让她几乎背过气去。\n她只觉自己那点娇嫩的意识被快感的巨掌一把攥碎，脑子里嗡嗡作响一片空白，除了{anal}深处翻涌的滚烫甜楚，她再也感知不到别的一切。\n滚烫的肠液被绞得大量喷涌，一股股顺着抽搐的窄穴失控地泄出，那份汹涌的羞耻却诡异地把快感又推高了一层，让她在迷醉里近乎崩溃地颤栗。\n她单薄的胸口剧烈起伏，纤腰一次次抽搐着弓起，稚气的脸蛋满是失神的迷乱，眼角泛着生理性的泪光，这场强绝顶像一场灵魂的地震，把这个还带着稚气的小小身子摇撼得七零八落、余韵久久不散。
1209,action_part_a_orgasm_strong_C,0,CVP_A2_T|103_E_1&CVP_A2_A|5_G_3&CVP_A2_A|5_LE_6,汹涌的极乐骤然从{anal}最里侧奔腾而出，{TargetName}发育未全的娇躯霎时僵直，随即被一波比一波更烈的快感浪头拍打得连连痉挛。\n她清楚地意识到这次的绝顶远比过往的任何一次都更加猛烈更加深邃，敏感度像被人硬生生往上提了一整级，每一寸神经都在为{anal}的颤抖而尖叫。\n稚嫩的理智在这灭顶的甜蜜里节节败退，最终整个碎裂成漫天飞舞的光点，她只能任由那股极致的快意把自己的心神冲得干干净净。\n她感到{anal}深处有大量温热的肠液不受控地喷涌四溢，那种湿淋淋的失控让她的小脸一阵阵发烫，羞耻与迷醉交织成一张网，把她越缠越紧。\n她纤细的腿根不住地打颤，脚趾蜷曲得发白，小小的身子在极致的战栗中一沉一浮，喉间只剩下断断续续的媚吟，整颗心都在这前所未有的强绝顶里被撞得晕头转向、神魂俱醉。
1210,action_part_a_orgasm_strong_C,0,CVP_A2_T|103_E_1&CVP_A2_A|5_G_3&CVP_A2_A|5_LE_6,那股蓄积到顶点的快感终于如火山般从{anal}深处喷薄而出，{TargetName}稚气的娇躯猛地一挺，随即在一波接一波的绝顶余震里瘫软颤抖。\n这一次的高潮凶猛得超乎她的想象，仿佛把过去无数次绝顶攒下的甜楚一次性尽数倾泻，她小小的脑袋被冲得天旋地转，意识几乎被彻底冲垮。\n她惊觉自己{anal}的敏感度已在不知不觉间跨上了一个崭新的层次，每一次窄穴的猛烈绞缩都甜得让她浑身酥麻、脚趾发颤、眼神涣散。\n滚烫的肠液被绞得潮涌般大量泄出，甚至小幅喷溅开来，那种再也掩饰不住的失控让她这个稚气的小家伙又羞又慌，却在这份羞耻里越发沉醉迷失。\n她纤瘦的肩背高高绷起又缓缓塌下，稚嫩的小脸失神地泛红，睫毛上还挂着晶亮的泪珠，整个灵魂都在这场强绝顶的滔天巨浪里被反复拍打、震荡，久久无法从这灭顶的极乐中回过神来。


2000,action_part_a_orgasm_strong_C,0,CVP_A2_T|6_E_0&CVP_A2_T|7_E_1&CVP_A2_T|222_E_1,一股远比先前更加猛烈的战栗毫无预兆地从{anal}深处轰然炸开，未经人事的{TargetName}甚至来不及惊呼，浑身就已经僵直着抽搐起来。\n她全然不明白自己的身体为何会一次又一次地在同一处地方颤抖得愈发剧烈，那股陌生的快感层层叠叠地堆叠上来，冲得她小小的脑袋一片空白，连呼吸都乱得不成样子。\n{anal}不受控制地一阵阵痉挛收缩，每一下都比上一次更凶猛，稚嫩的腰肢弓起又瘫软，双腿控制不住地蜷缩颤抖，稀薄的肠液随着痉挛汩汩涌出，甚至带着细小的力道向外喷溅了出来，令她羞得几乎要哭出声来，却根本无法制止身体的反应。\n她似懂非懂地感觉到这种感觉比之前经历过的任何一次都要更加猛烈，仿佛整个人都要被这股陌生又汹涌的浪潮彻底冲垮，眼前阵阵发白，思绪断断续续地飘散，只剩下懵懂的惊惶与说不清道不明的沉溺交织在一起。\n等那阵剧烈的痉挛渐渐平息下来，{TargetName}还大口大口地喘着气，稚嫩的脸颊涨得通红，心里满是搞不明白的茫然，完全不知道自己的身体究竟发生了什么，只觉得那股余韵还残留在{anal}深处，一下一下地提醒着她方才那场几乎让她失神的猛烈颤动。
2001,action_part_a_orgasm_strong_C,0,CVP_A2_T|6_E_0&CVP_A2_T|7_E_1&CVP_A2_T|222_E_1,{anal}深处骤然涌起一股比方才更凶猛的酸麻，年幼懵懂的{TargetName}被这股突如其来的冲击撞得脑袋嗡的一声，整个人瞬间僵住，连眨眼都忘记了。\n她说不清这股感觉到底是什么，只觉得那种颤动一次比一次更厉害，好像有什么东西在她体内翻涌着，把她原本就懵懂的心思搅得七零八落，什么都抓不住，什么都想不明白。\n{anal}一波接着一波地剧烈收缩，力道大得让她双腿都止不住地打颤，稚嫩的手指下意识地攥紧了身边能碰到的一切，稀薄的肠液顺着痉挛的节律一股股涌出，甚至夹杂着轻微的喷溅声，令她羞窘得满脸通红，却怎么也没办法让身体停下来。\n那种铺天盖地的酥麻远远超过了她过往经历的任何一次，仿佛整颗心都要被这股陌生的浪潮吞没，眼前一阵阵发暗，脑海里空空荡荡的，只剩下不知所措的慌乱和一种她自己都说不出口的沉迷感在心底翻搅。\n好一会儿之后那阵猛烈的抽搐才慢慢褪去，{TargetName}还喘息不停，稚气未脱的脸蛋滚烫滚烫的，心里全是理不清的困惑，完全弄不懂自己的身体到底怎么了，只感觉{anal}深处那点残余的战栗还在一下下地提醒着她方才那场几乎令她失神的猛烈高潮。
2002,action_part_a_orgasm_strong_C,0,CVP_A2_T|6_E_0&CVP_A2_T|7_E_1&CVP_A2_T|222_E_1,毫无征兆间，一股比以往任何一次都更猛烈的快意猛地从{anal}深处冲撞上来，尚且懵懂无知的{TargetName}被这股力道掀得脊背猛地绷直，喉咙里只挤出一声破碎的气音。\n她完全搞不明白为什么这个地方会一次比一次颤抖得更凶，那股说不上名字的滋味一层叠着一层涌上来，把她小小的脑袋冲得晕晕乎乎，连身在何处都快忘记了。\n{anal}不由自主地反复痉挛绞紧，一下比一下更用力，纤细的腰肢弓起又无力地垮下去，双腿也跟着控制不住地蜷起，稀薄的肠液跟着一阵阵抽搐往外淌，甚至带着几分力道溅了出来，羞得她眼眶泛红，却怎么也拦不住身体自顾自的反应。\n她隐隐约约地感觉这波快感远比从前任何一次都要来得凶猛，好像整个人都要被这股陌生又汹涌的潮水彻底吞没，眼前一阵阵发花，脑子里的念头断成一截一截的，只剩下手足无措的惊慌与一种说不清楚的深深沉溺纠缠在一起。\n直到那阵剧烈的抽搐渐渐平息，{TargetName}才找回一点点呼吸的节奏，稚嫩的脸颊还是烫的，心里堆满了理不清的迷茫，根本猜不透自己的身体经历了什么，只觉得{anal}深处那丝余震仍旧一波一波地荡漾着，提醒着她方才那场近乎让她失神的猛烈绝顶。
2003,action_part_a_orgasm_strong_C,0,CVP_A2_T|6_E_0&CVP_A2_T|7_E_1&CVP_A2_T|222_E_1,一记比先前都要沉重许多的快感浪潮毫无预警地从{anal}深处猛然砸下来，未谙世事的{TargetName}被冲得浑身一僵，连惊呼都没能来得及发出口。\n她实在不懂这具身体为何会在同一处地方一遍遍地颤抖得越来越厉害，那种全然陌生的酥麻一浪接着一浪地叠加上来，把她原本就单纯懵懂的思绪冲得七零八落，什么都理不出头绪。\n{anal}没完没了地剧烈痉挛着，一下紧过一下，稚气未脱的双腿控制不住地蜷缩打颤，腰肢一次次弓起又颓然瘫软下去，稀薄的肠液伴随着每一次抽搐汩汩溢出，其间还夹杂着轻微的喷溢，令她窘迫得几乎要落下泪来，却根本没有力气去制止身体擅自的失控。\n她朦胧地察觉到这股快感比过去经历的所有一切都要来得猛烈，仿佛整个人都要被这股陌生又汹涌的浪头彻底吞没，眼前一阵阵泛白，思路支离破碎，只剩下懵懵懂懂的惶恐和一种连自己都说不明白的沉沦感交缠在心口。\n等那阵猛烈的战栗慢慢褪去，{TargetName}依旧喘息不止，稚嫩的双颊烧得通红，心底满是解不开的困惑，全然不明白自己的身体究竟经历了什么，只感觉{anal}深处残留的余波仍一下下地荡着，提醒着她方才那场几乎令她意识模糊的猛烈绝顶。
2004,action_part_a_orgasm_strong_C,0,CVP_A2_T|6_E_0&CVP_A2_T|7_E_1&CVP_A2_T|222_E_1,伴随着一声几乎压不住的短促呜咽，一股远比从前更加汹涌的快感骤然从{anal}深处冲刷而出，涉世未深的{TargetName}被这股力道震得手脚僵直，脑中瞬间一片空白。\n她怎么也想不通，为何这个地方竟能一次比一次颤抖得更加剧烈，那股完全陌生的酥麻感层层堆叠着朝她压过来，把她本就懵懂的心神搅得乱七八糟，连自己身在何处都恍恍惚惚。\n{anal}反反复复地剧烈绞缩，力道一次比一次沉重，年幼的腰肢弓起后又无力地塌软下去，双腿也跟着不受控制地蜷起打颤，稀薄的肠液顺着每一次痉挛不断涌出，甚至带着几分冲力向外溅出，令她羞得几乎要哭出来，却怎么也没办法让身体停止这般失控的反应。\n她似懂非懂地察觉到，这波快感比自己以往经历过的任何一次都要强烈得多，好像整个人都要被这股陌生又猛烈的浪潮彻底淹没，眼前一阵阵发晕，脑海里的思绪断裂成碎片，只剩下手足无措的慌张与说不清道不明的沉迷纠缠成一团。\n好半晌之后，那阵猛烈的痉挛才渐渐平复下来，{TargetName}仍大口大口地喘着气，稚嫩的脸颊滚烫得厉害，心里全是搞不懂的茫然，完全不明白自己的身体究竟发生了什么变化，只觉得{anal}深处那丝余韵还一波波地荡漾着，一遍遍提醒着她方才那场几乎令她失神的猛烈绝顶。

2005,action_part_a_orgasm_strong_C,0,CVP_A2_T|107_E_1,一股远超以往任何一次的强烈快感猛地贯穿了已为人妻的{TargetName}，她只觉得意识几乎被这非常强烈的绝顶彻底冲垮。\n连续绝顶了那么多次之后，{anal}的敏感仿佛跨上了一个全新的台阶，如今这一波快意浓烈得让她整个灵魂都在震颤。\n她在极致的欢愉里失神颤栗，脑海中一片混沌，只剩下{anal}翻涌绞缩带来的灭顶快感。\n身为别人妻子的她，一边被这背德的高潮冲得近乎崩溃，一边在心底为背叛着丈夫承受这般禁忌的欢愉而羞愧欲死。\n她清晰地感觉到大量滚烫的肠液从{anal}汹涌溢出，那份失禁般的羞耻反而让她愈发沉沦迷醉，罪恶与快感将她一同淹没。
2006,action_part_a_orgasm_strong_C,0,CVP_A2_T|107_E_1,这一次的绝顶来得远比从前凶猛，快感强度陡然拔高了整整一个层次，让有夫之妇的{TargetName}几乎再也守不住自己的神智。\n连番不停的高潮之后，{anal}的每一处都敏感得可怕，此刻迸发的快意如惊涛骇浪般把她的意识冲得七零八落。\n她在前所未有的极致快感中失神发颤，脑中嗡嗡作响，一片空茫里满是灵魂被震撼的战栗。\n背着家庭偷尝禁果的她，越是快乐便越是愧疚，背德的刺激却又诡异地让这场强绝顶变得格外甜美而致命。\n她能感到{anal}翻涌而出的大量肠液，那羞耻的失控感让她面红耳赤，却也把她推入更深、更无法自拔的淫靡沉沦。
2007,action_part_a_orgasm_strong_C,0,CVP_A2_T|107_E_1,远超寻常的快感洪流轰然冲垮了人妻{TargetName}的理智，她只觉得这场绝顶强烈得近乎让她崩溃。\n在接连的高潮把{anal}的敏感度顶上新台阶之后，这一波快意汹涌得让她整个人都失了神，浑身战栗不止。\n她沉溺在灭顶般的极致欢愉里，思绪几近空白，只余下{anal}一阵阵绞缩带来的震撼灵魂的快感。\n作为已婚之身的她，在这背叛婚姻的禁忌高潮中又羞又醉，愧对丈夫的负罪感和不可遏制的快意在心底激烈交战。\n她清楚地感觉到{anal}涌出大量滚烫的肠液，那近乎失禁的羞耻不但没有让她清醒，反而让她愈陷愈深地迷醉其中。
2008,action_part_a_orgasm_strong_C,0,CVP_A2_T|107_E_1,一阵比以往都要凶猛的快感狠狠攫住了已嫁作人妇的{TargetName}，让她的意识在这非常强的绝顶里几乎被冲得溃散。\n连续绝顶多次后，{anal}早已敏感到了新的高度，此刻爆发的快意浓烈得令她灵魂震颤、失神颤栗。\n她整个人都陷进了极致的欢愉，脑海一片迷蒙，唯有{anal}翻搅痉挛掀起的灭顶快感清晰无比。\n背着丈夫沉沦于此的她，心底既是背德的罪恶，又是难以言喻的销魂，两种滋味交织着把她推向近乎崩溃的快乐深渊。\n她感觉到大量温热的肠液自{anal}不断涌出，那失控的羞耻让她愈发迷乱，却又贪恋着这禁忌快感无法回头。
2009,action_part_a_orgasm_strong_C,0,CVP_A2_T|107_E_1,这一场强绝顶带来的快感远远盖过了此前的一切，已为人妻的{TargetName}只觉得自己的神智被彻底掀翻。\n在{anal}被反复绝顶推上新的敏感台阶后，如今这波快意汹涌澎湃，浓烈得让她整个身心都在极乐中震颤失神。\n她沉浸在快感的滔天巨浪里，思维近乎停摆，只感到{anal}一次次绞缩所迸发的震撼灵魂的欢愉。\n身为有夫之妇却在背地里承欢的她，愧疚与迷醉齐齐涌上心头，背叛家庭的刺激反倒让这份快感更加令她欲罢不能。\n她清晰地觉出{anal}溢出的大量滚烫肠液，那羞耻的失禁感非但未能唤回她的理智，反而将她拖入更深沉的淫荡沉沦。

2010,action_part_a_orgasm_strong_C,0,CVP_A2_G_E_0,一记远比以往任何一次都要凶猛的绝顶自{anal}深处轰然炸开，将{TargetName}的意识几乎整个冲垮。\n那快感来得又深又烈，一浪高过一浪地拍打着她，酥麻的电流从{anal}一路窜上脊背，直冲进脑海深处，令她眼前发白、思绪一片混乱，只剩下失神的颤栗。\n她隐约意识到，这处在被顶弄了太多次之后，感度似乎悄悄爬上了一个从未有过的高度，如今这一记绝顶的强度远远盖过了先前的每一次，凶猛得让她几乎抓不住自己。\n可就在这灭顶的极乐里，一丝茫然与困惑却顽固地缠绕着她，明明是个还称不上熟悉的人，自己怎会在他面前这般失态沉沦，任由{anal}因他而痉挛到失控。\n她能清晰地感觉到大量滚烫的肠液自体内奔涌而出，那羞耻的暖流与灭顶的快意交织在一起，令她又是迷醉又是慌乱，灵魂仿佛被这场强烈的绝顶震得支离破碎，久久无法拼凑回原样。
2011,action_part_a_orgasm_strong_C,0,CVP_A2_G_E_0,快感如决堤的洪流般将{TargetName}彻底淹没，那是一种远超她记忆中任何一次的强烈绝顶。\n{anal}一阵紧似一阵地深深痉挛着，每一下收缩都把灭顶的酥麻推向新的极点，令她的神志几乎被冲得七零八落，只能失神地打着颤，连喘息都乱了套。\n她恍惚地察觉，这处在连番攀顶之后仿佛开了窍一般，感度陡然拔高了一截，此刻的快意浓烈得近乎将她的理智生生烧化。\n然而在这几近崩溃的极乐深处，那份属于陌生的迷惘却挥之不去，她既沉溺于这难以言喻的强烈快感，又忍不住暗暗自问，为何会与这样一个陌生之人纠缠至此，任凭{anal}为他失控地绞缩。\n她清楚地感到大量肠液滚烫地自{anal}涌出，那份羞耻令她无地自容，偏又与铺天盖地的快意搅在一处，将她推入了既迷醉又后悔、既颤栗又茫然的漩涡，久久难以自拔。
2012,action_part_a_orgasm_strong_C,0,CVP_A2_G_E_0,一股势不可挡的强烈绝顶自{anal}最深处轰然涌起，瞬间将{TargetName}仅存的清明冲得干干净净。\n那快感浓烈得不可思议，一波接一波地贯穿她的全身，酥麻的浪潮从{anal}翻涌上来，直冲脑门，令她眼神涣散、思绪空茫，浑身止不住地战栗。\n她朦胧中意识到，这处已在一次次登顶后悄然攀上了新的敏感台阶，这一记绝顶的凶猛远非从前那些高潮能及，几乎要将她整个人的意志都碾碎。\n可越是沉溺，那份陌生带来的困惑便越发清晰，她心底某处仍在茫然发问，自己怎会毫无缘由地在一个陌生人身下沉沦至此，任由{anal}如此不知羞耻地痉挛失控。\n感觉到{anal}深处大量肠液汹涌溢出的那一刻，强烈的羞耻与灭顶的快意一同将她击溃，令她在迷醉、慌乱与难以言说的灵魂震颤中，久久回不过神来。
2013,action_part_a_orgasm_strong_C,0,CVP_A2_G_E_0,{TargetName}被一场远胜从前的绝顶狠狠攫住，那快感之强烈，几乎要将她的意识连根拔起。\n{anal}不受控制地深深绞缩着，一下下把酥麻的极乐送往全身各处，她只觉眼前阵阵发花，脑中一片混沌，除了失神的颤栗再也顾不上别的。\n她隐隐明白，这处在被反复顶弄绝顶了许多回之后，感度已跃升到一个陌生的高度，如今这记强绝顶的冲击远比寻常猛烈，将她冲得神魂俱散。\n偏偏在这灭顶的迷醉中，一缕对陌生之人的疑惑仍不肯散去，她既贪恋这前所未有的浓烈快意，又对自己竟为这半生不熟的人失控至此而感到茫然与羞悔。\n大量滚烫的肠液自{anal}奔涌而出的触感令她羞得几乎抬不起头，那份灼热的失禁感与铺天盖地的快感交缠着，将她卷入迷乱、震颤又惶惑的深渊，灵魂久久无法归位。
2014,action_part_a_orgasm_strong_C,0,CVP_A2_G_E_0,灭顶的快感毫无预兆地自{anal}深处轰然爆发，其烈度远远超出{TargetName}以往经历的任何一次绝顶，几乎将她整个意识冲垮。\n那酥麻凶猛得像要把她融化，一浪叠着一浪地从{anal}深处翻卷而上，直冲脑海，令她思绪尽数散作空白，浑身失神地战栗个不停。\n她昏沉中觉出，这处已在连番攀顶后悄然踏上了新的感度台阶，此刻这一记绝顶的强度浓得化不开，凶猛得让她连呼吸都快要忘记。\n可在这近乎崩溃的极乐里，那份陌生的茫然却始终萦绕心头，她一面深陷于难以自持的强烈快意，一面又困惑而懊悔地想着，自己怎会对着一个几乎陌生的人放纵至此，任由{anal}这般失控地绞缩痉挛。\n感到大量温热肠液自体内汹涌淌出的刹那，强烈的羞耻与灭顶的迷醉一齐将她吞没，令她在颤栗、沉沦与灵魂深处的巨大震撼里，久久无法自拔。

2015,action_part_a_orgasm_strong_C,0,CVP_A2_G_E_1,一股远比以往任何一次都要凶猛暴烈的强烈快感在{anal}的最深处轰然炸裂开来，{TargetName}只觉得自己的整个意识都被这股极强的绝顶浪潮，冲刷得七零八落、支离破碎。\n在连续绝顶了那么多次之后，{anal}的敏感仿佛一举跃上了一个前所未有的全新台阶，此刻迸发喷涌而出的快意强烈得让她几乎当场失神，浑身上下都酥麻震颤到了骨子里。\n她恍惚迷乱之间，感到大量滚烫黏稠的肠液正不受控制地从{anal}汩汩涌淌而出，那份仿佛失禁一般的羞耻，却又诡异地放大着她的迷醉沉沦，让她愈发无可救药地深陷其中、无法自拔。\n就在这灭顶的滔天快意里，{TargetName}茫然又失神地望向{Name}，心口莫名其妙地为了他而怦然悸动，一种她自己都说不清、道不明的渴望催促着她，想要再靠近他一些、再贴紧他一点。\n她怎么也弄不明白自己为何会如此彻底地沉溺深陷，只觉这场凶猛的强绝顶连同那一抹朦胧的心动，一齐将她的灵魂震荡得摇摇欲坠。
2016,action_part_a_orgasm_strong_C,0,CVP_A2_G_E_1,极致的滔天快感如同决堤的洪流般贯穿了{TargetName}的整个全身，{anal}深处传来的强烈绝顶感，远远地盖过、压倒了过往任何一次寻常普通的高潮。\n她能异常清晰地感觉到那处早已敏感到极点的媚肉正疯狂地收缩绞紧，每一次剧烈的痉挛都掀起一阵更胜过一阵的滔天快意，将她仅存的一丝理智一点一点地无情碾碎。\n意识在这灭顶的欢愉之中几近彻底涣散消融，{TargetName}只觉眼前一阵阵地发白发花，滚烫的肠液不受控制地涌出时所带来的那份强烈羞耻感，反倒让她的沉醉又深陷了几分。\n迷乱恍惚之中，她的目光不由自主地牢牢黏在了{Name}的身上，心底那股隐约朦胧的悸动愈发地清晰滚烫起来，可她却依旧懵懵懂懂地不解，这份莫名的心动究竟意味着什么。\n她只是本能地、贪恋地想要更贴近他一些，仿佛唯有如此，才能勉强安放这场强绝顶带给她的、那近乎崩溃决堤的极乐震颤。
2017,action_part_a_orgasm_strong_C,0,CVP_A2_G_E_1,{TargetName}被一阵前所未有的强烈快意彻底地淹没吞噬，{anal}深处翻涌沸腾的绝顶感汹涌澎湃得让她连呼吸都忘却了。\n在历经无数次连续绝顶的层层累积之后，这处敏感度骤然拔高了一个台阶的媚肉所迎来的滔天快感，凶猛暴烈得几乎要将她整个人的神智都彻底冲垮冲散。\n她失神地剧烈颤栗着，感到大量温热黏稠的肠液正完全不受控制地从{anal}汩汩地淌流而出，那份失控的羞耻在灭顶的极乐之中被无限地放大，酥麻的快意直直窜上她的脑髓、直冲天灵。\n混沌迷乱的意识里，她只能茫然又痴痴地望着{Name}，只觉心口的某一处正为着他而不住地悸动跳荡，却又糊里糊涂地怎么也弄不清，这份莫名的亲近眷恋之情究竟从何而来。\n{TargetName}恍恍惚惚地想要偎依向他、贴靠过去，这场凶猛的强绝顶交织缠绕着一抹朦胧懵懂的爱意，将她的整个灵魂都震撼得久久无法回过神来。
2018,action_part_a_orgasm_strong_C,0,CVP_A2_G_E_1,强度惊人骇人的绝顶快感在{TargetName}的体内一浪高过一浪地翻涌沸腾，{anal}传来的那份极致欢愉，远远不是以往任何一次寻常普通的高潮所能比拟的。\n她异常清晰地觉察到自己那处被反复凌虐蹂躏到敏感度骤然飙升的媚肉正剧烈地痉挛抽搐，每一下疯狂的收缩都送来一阵足以令她当场失神的强烈快意。\n意识被这灭顶的快感冲刷得支离破碎，{TargetName}只觉浑身上下都发软发烫、酥麻无力，感到滚烫的肠液不住地从{anal}涌泄流淌而出，羞耻与迷醉相互交缠着，让她愈陷愈深、无从挣脱。\n在这近乎崩溃决堤的极乐当中，她的一颗心不受控制地朝着{Name}倾靠偎依过去，一股隐约朦胧的悸动悄然无声地漫上了心头，让她懵懂又贪恋地想要靠近他、依偎他。\n她怎么也说不清这份怪异心动的含义，只能任凭这场灵魂震颤般的凶猛强绝顶，连同那一抹朦胧懵懂的爱慕，将她自己彻底地吞没沉溺。
2019,action_part_a_orgasm_strong_C,0,CVP_A2_G_E_1,一场远远胜过寻常的强烈绝顶将{TargetName}狠狠地掀翻卷倒，{anal}深处汹涌涌动的极致快感让她的整个意识几乎被冲刷得一片空茫、白茫茫一片。\n连番绝顶之后骤然拔升了一整个台阶的敏感，令这一次袭来的高潮凶猛暴烈得简直判若两样，滔天的快意如同层层叠叠的潮水般，无情地拍碎了她仅存的一丝理智。\n她剧烈地颤栗着彻底失了神，感到{anal}正随着不停的痉挛涌出大量滚烫黏腻的肠液，那份仿佛失禁一般的强烈羞耻，却又在灭顶的极乐里化作了更加浓烈滚烫的迷醉，勾引得她愈发地沉沦深陷。\n恍惚迷离之间，{TargetName}的视线怎么也离不开{Name}的身影，心口为着他而不住地怦怦悸动跳荡，她又茫然又迷惘，怎么也想不明白自己怎会如此贪恋渴望着他的靠近。\n这一抹朦胧懵懂的心动伴随着排山倒海般的凶猛强绝顶，将她的整个灵魂都震撼得战栗不止，让她久久地沉浸在那难以言喻的酥麻与心悸之中。

2020,action_part_a_orgasm_strong_C,0,CVP_A2_G_E_2,远比以往任何一次都要凶猛的快感从{anal}深处轰然炸裂开来，{TargetName}只觉得这一次的绝顶像是踏上了一个全然陌生的台阶，强烈得叫她整个人几乎被生生冲垮。\n那股灭顶的爽意一波接一波地贯穿她的身体，脑海里一片空白，她失神地颤栗着，连思绪都被这极致的快感搅得支离破碎。\n{anal}一下下疯狂绞缩带来的快意远远盖过了从前的任何一次高潮，她清楚地感觉到大量温热的肠液正汹涌地淌出，那份羞耻更是烧红了她的脸。\n可即便沉溺在这般灭顶的迷醉里，她心底那份对{Name}早已藏不住的爱意却愈发清晰，她多想就此向他坦白，说出那句迟迟未曾出口的喜欢，却又害怕自己这副淫乱失态的模样会让他不肯接纳自己，这份甜蜜与忐忑交织着，令她在极强的绝顶中愈发迷乱难耐。
2021,action_part_a_orgasm_strong_C,0,CVP_A2_G_E_2,这一次的快感强烈得完全不同以往，{TargetName}分明感到{anal}的敏感像是被推上了一个崭新的高度，一场远超寻常的绝顶将她的意识冲刷得近乎空白。\n她在这前所未有的极致快意里失神颤栗，浑身战栗着几乎失去了对身体的掌控，那股快感汹涌澎湃，一次次撞击着她濒临崩溃的神经，带来一种灵魂都被撼动的震颤。\n{anal}疯狂痉挛间涌出的大量肠液让她又羞又慌，可那份羞耻反而将快感烘托得更加炽烈。\n偏偏在这灭顶的迷醉深处，她满心满眼都是{Name}，她早已知晓自己对博士的心动，这份爱恋在极强的绝顶里翻腾得愈发滚烫，她既渴望能鼓起勇气把心意告诉他，又忐忑不安地担心，倘若他不愿接受自己这样的女人该如何是好，甜蜜与胆怯在她心底反复拉扯。
2022,action_part_a_orgasm_strong_C,0,CVP_A2_G_E_2,一股猛烈到近乎失控的快感自{anal}深处席卷而来，{TargetName}恍惚觉得自己的身体像是跨过了某道界限，这次的绝顶比过往任何一次都要强烈得多，几乎要将她的神志彻底冲垮。\n她失神地颤抖着，脑中一片混沌，唯余那铺天盖地的爽意在体内横冲直撞，令她眼神涣散、意识飘忽，仿佛整个灵魂都在这场高潮里剧烈震颤。\n{anal}不住绞缩间那大量涌出的肠液让她窘迫得无地自容，偏偏这份羞耻又叫快感更添了几分浓烈。\n而在这快要将她溺毙的极乐里，她心底对{Name}那份深埋已久的恋慕却灼灼燃烧，她多么想让他明白自己有多喜欢他，可话到嘴边却总被怯懦拦下，她怕一旦说破，他便不会把自己当作恋人来接纳，于是只能把这份滚烫的爱意连同破碎的呻吟一并咽下，愈发沉沦在这震撼灵魂的强绝顶中。
2023,action_part_a_orgasm_strong_C,0,CVP_A2_G_E_2,快感如决堤的洪流般从{anal}最深处奔涌而出，{TargetName}清晰地意识到，这一次的绝顶已然踏上了一个前所未有的台阶，其烈度远远盖过了她从前经历过的每一次高潮，猛得几乎要把她的意识整个卷走。\n她在这极致的迷醉里失神地颤栗，浑身酥软颤抖，脑海一阵阵地发白，那股无以复加的爽意反复冲刷着她濒临溃散的理智，令她生出一种灵魂被震得粉碎的战栗。\n{anal}疯狂收缩时那大量温热肠液的涌出让她羞得几乎抬不起头。\n可纵是这般失控，她满心牵挂的仍是{Name}，那份藏了许久的爱意在此刻愈发按捺不住地翻涌，她盼着能在他面前坦露心迹，又惶惶不安地担忧自己会被拒绝，害怕这份未曾说出口的喜欢终究得不到回应，这份忐忑让她在灭顶的快感里既沉醉又心慌。
2024,action_part_a_orgasm_strong_C,0,CVP_A2_G_E_2,远胜以往的极强快感自{anal}深处轰然涌起，{TargetName}只觉得这一次的高潮凶猛得像是换了一重天地，敏感被推上崭新的台阶后，那铺天盖地的绝顶将她的神志冲刷得所剩无几。\n她失神地颤栗着，意识在这滔天的快意中几乎溃散殆尽，眼神迷离涣散，唯有那震撼灵魂的爽意还在一波波地贯穿她的每一寸身躯，令她迷醉得几近崩溃。\n{anal}一阵阵疯狂痉挛间大量肠液的汹涌流出让她又羞又乱，那份炽热的窘迫更把快感烘得愈发灼人。\n而在这快要将她淹没的极乐深处，她心心念念的依旧是{Name}，她早已清楚自己对博士的爱恋，这份心动在强烈的绝顶里烧得愈发滚烫，她既想不顾一切地把爱意宣之于口，又胆怯地怕被他婉拒，怕自己终究做不成他的恋人，甜蜜的憧憬与被拒的恐惧在她迷乱的心底交缠翻涌。

2025,action_part_a_orgasm_strong_C,0,CVP_A2_G_E_3,连番的绝顶早已把{anal}的敏感磨上了一个崭新的台阶，此刻那股积蓄到顶点的快感一齐炸开，一种远比从前任何一次普通绝顶都要凶猛的极乐狠狠贯穿了{TargetName}的全身。\n她只觉脑海里轰然一片空白，意识几乎被这灭顶的快感冲得七零八落，浑身失神地颤栗着，连一根手指都无法自控。\n那股汹涌的酥麻从{anal}深处一波波炸裂开来，甜得发疼，爽得发麻，令她近乎崩溃地沉溺其中，灵魂都仿佛被这股极致的快意震得粉碎。\n她隐约感到{anal}在疯狂痉挛间涌出大量温热的液体，那份羞耻却又诡异地叫她更加迷醉失控。\n而在这几乎要将她烧化的极乐深处，是对刚刚成为恋人的{Name}那份滚烫得化不开的爱恋，热恋的甜蜜与前所未有的强烈绝顶交缠成一片，令她在迷乱中只想永远沉沦在爱人的怀里。
2026,action_part_a_orgasm_strong_C,0,CVP_A2_G_E_3,在数不清的高潮之后，{anal}的快感被推上了一个前所未有的高度，当这蓄满的极乐终于奔涌而至，一场远胜普通绝顶的强烈快感将{TargetName}彻底淹没。\n她的意识在这一瞬几乎被冲垮，眼前阵阵发白，思绪散乱得抓不住半分，只能失神地任由那股狂潮在体内横冲直撞。\n从{anal}翻涌上来的快意浓烈得近乎骇人，一浪高过一浪地拍打着她所剩无几的理智，令她战栗着沉入近乎崩溃的迷醉，灵魂都为之剧烈震颤。\n她朦胧地觉出{anal}正大量溢出滚烫的肠液，那股难堪的失控感却反倒烧得她愈发沉沦。\n偏偏在这极致的酥麻里，她心底翻腾的全是对新恋的{Name}那份初恋般炽热的爱，甜蜜与灭顶的快感搅作一团，让她一边失神颤栗一边只想紧紧攀住心爱之人，把这份震撼刻进两人的未来里。
2027,action_part_a_orgasm_strong_C,0,CVP_A2_G_E_3,一次次绝顶将{anal}的敏感度悄然抬上了新的一层，此刻积攒已久的快感骤然倾泻，一股远远超越以往的强烈极乐把{TargetName}掀得神魂俱散。\n她只觉整个人都被这股狂潮吞没，意识几乎溃散成一片模糊，脑中嗡嗡作响，什么都想不起来，唯有那灭顶的快意在反复冲刷。\n{anal}深处一波波炸开的酥麻浓得化不开，爽得她几乎要哭出来，近乎崩溃的快感令她失神地痉挛颤栗，仿佛灵魂被生生击穿。\n她恍惚感到{anal}随着痉挛涌出大量温热的液体，那份羞耻在此刻竟化作更深的迷醉，令她愈发无法自持。\n而这铺天盖地的极乐最深处，涌动的却是对刚刚牵手的恋人{Name}那份滚烫的依恋，初恋的甜蜜和这前所未有的强绝顶交融在一起，令她在极致的沉沦里满心满眼都是对爱人的憧憬与眷恋。
2028,action_part_a_orgasm_strong_C,0,CVP_A2_G_E_3,接连不断的高潮早已让{anal}的感度攀上了一个陌生的台阶，当蓄满的快感一齐爆发，一场凶猛得远超寻常绝顶的极乐狠狠攫住了{TargetName}。\n她的神志在刹那间几乎被彻底冲垮，眼前发花，思绪成了一片空茫，浑身失控地战栗，连喘息都乱了节奏。\n那股从{anal}深处翻涌而出的快意汹涌得叫人头皮发麻，一浪接一浪地将她推向近乎崩溃的迷醉，灵魂都在这极致的震撼里簌簌发抖。\n她迷迷糊糊地察觉到{anal}正涌出大量灼热的肠液，那份失控的羞耻却诡异地令她沉溺得更深。\n可即便被快感烧得神魂颠倒，她心底最柔软处仍紧紧系着新恋的{Name}，那份初恋独有的炽烈爱意与灭顶的强烈绝顶缠绕交织，令她在迷乱失神之中只渴望和心爱之人一起坠入这甜蜜的深渊。
2029,action_part_a_orgasm_strong_C,0,CVP_A2_G_E_3,沉浸在与{Name}热恋里的{TargetName}，在反复的绝顶后{anal}的快感已被抬到了一个崭新的高度，此刻所有积压的极乐骤然释放，一股远胜普通绝顶的强烈快感将她整个人狠狠掀翻。\n她的意识几乎在这一刻被冲得支离破碎，脑海一片雪白，思维彻底停摆，只剩失神的颤栗和无边的酥麻。\n{anal}深处炸开的快意浓烈得令她近乎窒息，爽得她眼角泛泪，近乎崩溃的迷醉一层层将她吞没，灵魂仿佛被这极致的震撼撕成了碎片。\n她隐约感到{anal}在狂乱痉挛间大量涌出温热的液体，那股羞耻的失控感反倒把她推向更深的沉沦。\n而在这几乎要将她焚尽的极乐尽头，满溢的是对刚成为恋人的{Name}那份甜到发烫的爱恋，初恋的悸动与前所未有的强绝顶合为一体，令她在极致的颤栗中只想永远与爱人相拥沉醉，共赴此后漫长的岁月。

2030,action_part_a_orgasm_strong_C,0,CVP_A2_G_E_4,{TargetName}只觉{anal}深处炸开的快感远比以往任何一次都要凶猛，仿佛敏感度在一夜之间被抬上了一个全新的台阶。\n那股汹涌的极致快意如潮水般层层拍打，一浪高过一浪，几乎要将她的意识整个冲垮淹没。\n她在这前所未有的强烈绝顶里失神颤栗，脑海一阵阵发白，只能任凭灵魂随着{anal}的痉挛而剧烈震颤。\n她隐约感到大量温热的肠液正失控地涌流溢出，那份羞耻却在极乐中被冲得七零八落。\n唯一清晰的，是身旁这个与她心意相通的{Name}——正因为深爱着这个人、信任着这份无需言语的默契，她才敢把如此失控迷醉、近乎崩溃的自己毫无保留地交付出去，沉溺进这份深深的震撼里。
2031,action_part_a_orgasm_strong_C,0,CVP_A2_G_E_4,升级后的快感狠狠攫住了{TargetName}，{anal}传来的绝顶强得让她几乎认不出自己的身体，远远盖过了此前的每一次高潮。\n那种被快意贯穿的震撼一波接一波，猛烈到她的思绪支离破碎，意识在濒临被冲垮的边缘剧烈摇晃。\n她迷醉得近乎崩溃，眼前阵阵发花，全身只剩下{anal}深处那不断攀高的极乐在主宰着她。\n她恍惚察觉到成股的肠液正不受控制地淌出，可那点羞耻早已被滔天的快感碾得粉碎。\n支撑她挺过这灵魂震颤的，是对{Name}那份生死不渝的爱——正因为身旁是最坚定的爱侣，她才甘愿彻底缴械，把失神颤栗的自己整个沉进这份深爱的默契之中。
2032,action_part_a_orgasm_strong_C,0,CVP_A2_G_E_4,{TargetName}从未想过{anal}能爆发出如此汹涌的绝顶，连番攀顶之后，快感竟被抬上了一个她全然陌生的高度。\n那股极致的快意像洪流般席卷全身，凶猛得让她几乎失去思考的能力，意识被冲刷得摇摇欲坠。\n她在这远超以往的强烈绝顶里彻底失神，浑身酥麻颤栗，只觉灵魂都随着{anal}的绞缩而震荡。\n她隐约感到{anal}深处大量肠液温热地涌出甚至喷溅，羞耻与迷醉搅作一团，让她愈发沉醉不能自拔。\n而在这近乎崩溃的极乐深处，她心里最柔软的角落始终萦绕着{Name}的存在——正因为这是愿为彼此付出一切的爱人，她才敢在他面前露出这般失控淫荡的模样，把整颗心与整具身子都毫无保留地奉上。
2033,action_part_a_orgasm_strong_C,0,CVP_A2_G_E_4,一股远胜寻常的强烈绝顶自{anal}深处轰然引爆，{TargetName}只觉快感强得骇人，仿佛敏感的阀门被彻底拧上了新的一档。\n那份极致的快意层层叠叠地冲击着她，猛烈得让她的意识几乎当场被冲散，脑中只剩一片震颤的空白。\n她在灵魂被撼动的迷醉里失神颤栗，全身的知觉都被{anal}那疯狂的痉挛所牵引，无处可逃。\n她朦胧地感到大量肠液正失控地流淌喷洒，可那份本该有的羞赧早被极乐冲刷得无影无踪。\n让她在这近乎崩溃的快意里仍觉安心的，是与她相守相伴的{Name}——正因为深知这份爱坚定不移，无需一言一语她便能全然放开自己，把失控震颤的灵魂稳稳托付给最深爱的人。
2034,action_part_a_orgasm_strong_C,0,CVP_A2_G_E_4,积攒到极限的快感终于一齐在{anal}里炸开，{TargetName}被一场远比普通绝顶凶猛的强烈高潮狠狠贯穿，强烈得让她几乎认不清自己。\n那股汹涌的极乐一波压着一波席卷而来，猛烈到她的思维支离破碎，意识在被冲垮的悬崖边剧烈摇曳。\n她在这前所未有的震撼中彻底失神，浑身颤栗酥软，唯有{anal}深处不断翻涌的快意主宰着她的每一寸神经。\n她恍惚觉出成片的肠液正不受控地涌流溢出，羞耻却在迷醉的极乐里被搅得七零八落。\n而支撑她沉入这近乎崩溃快感的，是对{Name}那份无需言语的深情信赖——正因为身旁是生死不渝的爱侣，她才敢把最脆弱、最失控、最淫荡的自己彻底敞开，甘愿在这份深爱里迷失沉沦。

2035,action_part_a_orgasm_strong_C,0,CVP_A2_G_E_-1,身为部下的{TargetName}分明满心都是抵触，可那股在{anal}深处连番累积起来的快感却根本由不得她。\n经历了太多次绝顶之后，那里的敏感仿佛被抬到了一个全新的台阶，这一次涌上来的快意猛烈得远远超过了以往任何一回普通的绝顶。\n她只觉得意识几乎要被这股洪流般的快感彻底冲垮，脑子里一片空白，连维持部下体面的最后一点倔强都被冲得七零八落。\n她拼命想压下这份不该有的沉沦，越是抗拒身体却陷得越深，那种前所未有的极致快意夹着难以言喻的灵魂震颤，令她失神地颤栗着。\n她隐约察觉到{anal}正大量涌出滚烫的肠液，那份羞耻几乎要将她淹没，可偏偏这份羞耻又诡异地叠进了失控的迷醉里，令她心底涌起一阵近乎崩溃的快意，只能咬着牙不肯认输却又无处可逃。
2036,action_part_a_orgasm_strong_C,0,CVP_A2_G_E_-1,勉强服从命令的{TargetName}心里满是不甘，偏偏{anal}积攒到顶点的快感却容不得她有半分推拒。\n一次次绝顶叠加之后，那处的敏感度像是跨上了新的台阶，此刻炸开的快意凶猛得叫她瞠目，远非寻常绝顶可比。\n她感到自己的神志被这股强烈到极点的快感冲得摇摇欲坠，几乎再也抓不住一丝清醒。\n心底那份对上司的隐忍不满还在，可身体却背叛似地在这非常强的绝顶里彻底沦陷，那种迷醉几乎将她的灵魂都撼动了。\n她能清晰地感觉到{anal}正翻涌着淌出大量肠液，那股难堪的羞耻令她恨不得别开脸去，可越是羞耻，那被快感冲垮意识的迷乱就越是浓烈，令她在近乎崩溃的极致快意里失神发颤，勉强撑着的那点抗拒早已名存实亡。
2037,action_part_a_orgasm_strong_C,0,CVP_A2_G_E_-1,对博士满怀抵触的{TargetName}怎么也没料到，{anal}竟会在积攒到极致后迎来这样一场凶猛的强绝顶。\n连续多次的高潮把那里的敏感抬高了一整档，这一次的快感强烈得几乎要把她整个人吞没，远远盖过了以往任何一次普通的绝顶。\n她只觉脑海里轰的一声便空白了，意识被这股极致的快意冲刷得几近溃散，连一句完整的念头都拼凑不出。\n她越想守住部下那份表面的克制，就越是被身体的诚实拽入深渊，那种失神颤栗的迷醉里裹着一股难以言喻的震撼。\n{anal}大量涌出的滚烫肠液更让她羞得无地自容，那份羞耻与失控的快意搅在一处，反倒把她推向了一种近乎崩溃的沉沦，令她心底那点隐忍的不满在铺天盖地的快感前碎得再也拾不起来。
2038,action_part_a_orgasm_strong_C,0,CVP_A2_G_E_-1,被命令着承受这一切的{TargetName}心底那份勉强与不满还未散去，{anal}却已在快感的极致累积中攀上了一个凶猛的巅峰。\n数次绝顶垫高了那里的敏感，这一回的快意远比普通绝顶来得狂暴，几乎要将她仅存的理智一并冲垮。\n她感到意识在这股洪流里飘忽不定，眼前阵阵发白，连自己身在{SceneName}都恍惚得记不真切。\n她拼了命想维持住那份不肯服软的倔强，可身体在这非常强的绝顶前根本不听号令，只余失神的颤栗与近乎崩溃的迷醉。\n{anal}翻涌而出的大量肠液令她羞愤交加，偏偏那份羞耻又被极致的快感放大成一种令她战栗的沉沦，令她在灵魂震颤般的快意里既想抗拒又无力抗拒，只能任由那股迷乱将自己一寸寸淹没。
2039,action_part_a_orgasm_strong_C,0,CVP_A2_G_E_-1,满心不情愿的{TargetName}明明抵触到了极点，{anal}深处那股积攒已久的快感却偏偏在这一刻一齐迸发。\n历经连番绝顶之后那里的敏感已跃上新的台阶，此番涌来的快意强烈得近乎失真，将寻常绝顶远远抛在了身后。\n她觉得自己的意识几乎要被这排山倒海的快感冲得粉碎，脑中一片混沌，连挣扎的力气都被抽了个干净。\n身为部下的她越是隐忍不满，越是在这股强绝顶里陷得难以自拔，那种前所未有的极致迷醉裹挟着灵魂深处的震颤，令她失神地战栗不止。\n她羞耻地察觉到{anal}正大量淌出热烫的肠液甚至微微喷溅，那份难堪几乎要把她逼疯，可偏偏这羞耻与快意交织成的洪流又将她推向了近乎崩溃的沉沦，令她咬紧牙关别过脸去，却终究抵不过身体那场彻底的溃败。

2040,action_part_a_orgasm_strong_C,0,CVP_A2_G_E_-2,{anal}早已在一次次绝顶的冲刷里悄然攀上了新的敏感台阶，于是这一次涌来的绝顶，凶猛得让{TargetName}整个人都懵住了。\n那股远远盖过以往普通绝顶的极致快感自{anal}深处炸开，一层层狂涌而上，将她的意识几乎整个冲垮，脑海里一片空白，只剩失神的颤栗。\n身为{Name}最信赖的部下，她本想像完成一项任务那样专业地承接住这一切，把它当作上司交付的又一次特殊信任，可这滔天的快意根本由不得她维持半分从容。\n她能清楚地感觉到{anal}深处大量肠液不受控制地涌淌而出，那份陌生的濡湿让她既羞耻又迷醉，心底翻涌起近乎崩溃的快意。\n快感一浪接一浪地拍打着她所剩无几的理智，令她连羞耻都来不及细想，就被更凶的一波卷了进去。\n她隐约觉得自己整个人都要在这股极致的快意里融化开来，浑身的力气都被抽空，只余下不住的战栗。\n{TargetName}在这前所未有的强烈绝顶里彻底沉沦，灵魂仿佛都被这股力量震得发颤，她信任着上司的每一个决定，此刻却只能任由这远胜从前的极致快感将自己彻底淹没，失神地颤抖着无从自拔。
2041,action_part_a_orgasm_strong_C,0,CVP_A2_G_E_-2,连续多次的绝顶把{anal}磨得敏感到了一个全新的高度，这一回袭来的强绝顶，其烈度是{TargetName}从未体验过的。\n汹涌的快感如潮水般自{anal}深处翻卷而上，一浪高过一浪，狠狠冲刷着她的每一根神经，令她的意识几乎被冲得支离破碎，眼前阵阵发白。\n她是{Name}信赖有加的部下，对上司的命令向来有着极高的接受度，哪怕越界过分也甘愿理解并配合，此刻她仍隐隐想着要不负这份信任，可这远超普通绝顶的快意让她再也管不住自己。\n{anal}深处涌出的大量肠液带来一阵陌生的滚烫濡湿，那种失控的感觉让她羞得几乎无地自容，偏偏又沉醉得无法自拔。\n她只觉自己像是被一只无形的手托到了从未抵达过的高处，然后重重摔进快感的深渊，连呼吸都被夺走。\n每一寸神经都在这非同寻常的强绝顶里叫嚣着，那种酥麻直冲天灵，令她的思绪彻底散作一片混沌。\n迷醉与近乎崩溃的快感在她心底激烈交织，{TargetName}只觉灵魂都被这非同寻常的强绝顶震得剧烈战栗，她失神地颤抖着，任由这股极致的快意将自己一寸寸吞没。
2042,action_part_a_orgasm_strong_C,0,CVP_A2_G_E_-2,{anal}在接连不断的绝顶后，敏感度悄然跃上了一个新的台阶，于是这一次的绝顶来得格外凶猛，远不是从前那些普通绝顶所能相比。\n{TargetName}只觉一股狂暴的快感自{anal}深处轰然爆开，密密麻麻地席卷全身，将她的神智几乎整个冲垮，脑中一片混沌，什么都想不清楚。\n作为深深信赖{Name}的部下，她原本想用执行任务般的专注把自己稳住，将这份越界的命令当作一次特殊的考验去完成，然而这排山倒海的快意彻底击碎了她的镇定。\n她隐约察觉{anal}深处有大量肠液失控地淌流而出，那份濡湿让她羞耻得心头发烫，却又教她迷乱得越陷越深。\n那股快感强烈得近乎疼痛，又甜得令她想要放声，偏偏理智已被冲刷得无处安放，只能任由自己在其中翻腾。\n她从未想过自己的身体竟能被这样一种极致的快意彻底支配，那种失控的战栗从尾椎一路窜上脊背。\n在这远胜以往的强绝顶里，{TargetName}的内心翻涌着近乎崩溃的极致快意，灵魂仿佛被生生震颤，她失神颤栗着，全身心都沉溺在这难以言喻的滔天快感之中，再也无法自持。
2043,action_part_a_orgasm_strong_C,0,CVP_A2_G_E_-2,一次又一次的绝顶早已把{anal}推上了敏感的新台阶，这一刻降临的强绝顶，凶猛得让{TargetName}的思绪彻底乱作一团。\n那股远超寻常的极致快感自{anal}深处奔涌而出，一波接一波地冲刷着她，令她的意识几乎被彻底冲垮，只余下一片失神的空白与不住的战栗。\n她信赖着{Name}，对上司的每一道指令都毫无保留地接纳，即便过分越界也照单全收，此刻她心底仍残存着想要完美回应这份信任的念头，却被这狂潮般的快意冲得七零八落。\n{anal}深处大量肠液不受控地涌淌，那种滚烫的失控感让她又羞又迷，心底涌起一阵近乎崩溃的甜美快意。\n那快感汹涌得让她几乎以为自己要就此散架，每一次{anal}的痉挛都像把她往更深的迷醉里推。\n她想抓住一点仅剩的清明，却发现自己越挣扎便陷得越深，索性任凭那股极乐将残存的理智一并冲走。\n{TargetName}在这前所未有的强烈绝顶中彻底失了神，灵魂被震得剧烈发颤，浑身止不住地颤栗，她沉醉在这远胜从前的极致快感里，脑海一片迷蒙，任凭这滔天的快意将自己层层淹没。
2044,action_part_a_orgasm_strong_C,0,CVP_A2_G_E_-2,{anal}历经无数次绝顶之后，敏感度终于攀上了一个崭新的高度，随之而来的这场强绝顶，其猛烈是{TargetName}从未想象过的。\n极致的快感自{anal}深处如岩浆般喷薄而上，密集地灌满全身每一寸，将她的意识冲刷得几近溃散，眼神涣散失焦，神智一阵阵地飘离。\n身为{Name}最肯顺从的部下，她对上司的信任近乎全然，纵是逾矩的命令也甘愿承受，此刻她还本能地想维持部下的体面，可这远胜普通绝顶的滔天快意让她再无半分余力。\n她清晰地感到{anal}深处大量肠液失控地奔涌流淌，那份陌生的濡湿激起她心底浓烈的羞耻，却又将她推入更深的迷醉。\n那股快意浓烈得近乎令人窒息，一波未平一波又起，把她仅剩的思绪碾得粉碎，只余一片灼热的空白。\n她只觉自己整个人都被这非比寻常的绝顶托上了云端，四肢百骸都在为之战栗，连指尖都酥麻得失去了知觉。\n近乎崩溃的极致快感在{TargetName}心底翻腾激荡，她只觉灵魂都被这非同寻常的强绝顶震得战栗不止，失神地颤抖着，彻底沉沦在这难以名状的滔天快意里，无从挣脱。

2045,action_part_a_orgasm_strong_C,0,CVP_A2_G_E_-3,远比以往任何一次都要凶猛的快感自{anal}深处轰然炸开，将{TargetName}整个人狠狠淹没。\n在连续攀上一次又一次绝顶之后，那处的敏感度仿佛跨过了一道门槛，此刻涌来的爽意强烈得远远盖过了从前的每一次普通绝顶，几乎要将她的意识整个冲垮。\n她失神地颤栗着，脑海里一片眩晕的空白，只剩下{anal}被绞紧时那铺天盖地的极致快感在一波波地碾过神经，令她迷醉得近乎崩溃。\n然而在这灵魂都为之震颤的绝顶里，{TargetName}心底翻涌的却是身为主人性宠的甜蜜与满足——能在敬爱的{Name}面前如此毫无保留地失控绝顶，能让自己这具身子被主人使用到攀上如此陌生而汹涌的顶峰，是她作为宠物最深的幸福与骄傲。\n她隐约感觉到大量肠液从{anal}汹涌溢出，那份失禁般的羞耻不但没让她退缩，反而令她愈加沉醉于被主人彻底占有、被彻底需要的欢愉里，心甘情愿地在这强烈的绝顶中沉沦。
2046,action_part_a_orgasm_strong_C,0,CVP_A2_G_E_-3,一股空前强烈的快感如决堤的洪流般从{anal}深处席卷而来，{TargetName}只觉整个人被冲得魂飞魄散。\n连续多次的攀顶让那处的感度悄然拔高了一整个台阶，这一次的绝顶远比记忆中的任何一次都要凶猛剧烈，铺天盖地的爽意几乎将她的神智整个吞没。\n她眼神涣散、浑身战栗，脑子里嗡的一声便成了一片眩白，唯有{anal}一阵阵绞缩带来的极致快意在反复冲刷着她所剩无几的意识，令她迷乱得几近崩溃。\n可即便被快感冲垮到这般地步，{TargetName}心底最清晰的念头依旧是——她是主人{Name}豢养的性爱宠物，能被主人操使到这种失魂落魄的强烈绝顶，正是她这只宠物存在的意义。\n那份被主人尽情使用、被彻底需要的欢喜，混着{anal}涌出大量肠液的羞耻与失控，在她心里酿成一种难以言喻的沉醉，令她愈发依恋、愈发渴望永远这样匍匐在主人身下，做他最听话、最忠顺的一只泄欲宠物。
2047,action_part_a_orgasm_strong_C,0,CVP_A2_G_E_-3,{anal}深处骤然爆开的快感强烈得超乎想象，一瞬间便将{TargetName}的理智冲得七零八落。\n经历了接连不断的绝顶之后，那处的敏感度攀上了全新的高度，此刻这场绝顶的烈度远远凌驾于以往的普通高潮之上，汹涌的爽意一浪接一浪地将她的意识几乎冲垮殆尽。\n她失神地颤抖，眼底一片迷蒙涣散，脑海中只剩下{anal}被反复绞紧时那令人头皮发麻的极致快感在横冲直撞，迷醉得近乎失控崩溃。\n而在这灵魂震颤般的巅峰之中，最令{TargetName}心醉的，是自己作为主人{Name}性宠的那份归属——能为敬爱的主人献上这具身子，能在他的使用下攀上如此陌生而猛烈的顶点，让她从心底泛起被需要、被珍视的幸福。\n她清楚地感觉到{anal}汩汩溢出的大量肠液，那份羞耻反而化作更深的沉醉，令她甘愿一次次在主人身下失控绝顶，只为做他最忠诚、最贴心的一只泄欲宠物。
2048,action_part_a_orgasm_strong_C,0,CVP_A2_G_E_-3,一阵远胜从前的滔天快感自{anal}猛然迸发，{TargetName}整个人在这股冲击下几乎失去了自己。\n连续绝顶的累积让那处的感度更上层楼，这一次涌来的爽意强烈得让她所有的普通绝顶记忆都相形失色，浪潮般的快感一次次将她的神智冲刷得所剩无几。\n她浑身失控地颤栗，眼神迷离涣散，脑中一片眩晕的空茫，唯有{anal}绞缩时那铺天盖地的极致快感在反复地碾压着她，迷醉得几乎要崩溃过去。\n然而纵使意识被冲得支离破碎，{TargetName}心底那份身为宠物的甜蜜却愈发清晰——能被主人{Name}如此尽兴地使用、能在他身下攀上这样猛烈陌生的绝顶，正是她甘愿匍匐终身的理由。\n感受着{anal}大量溢出的滚烫肠液，那份失禁般的羞耻非但没有令她畏缩，反倒让她愈加迷恋被主人彻底占有、彻底需要的欢愉，心甘情愿地沦为他一只离不开的泄欲宠物。
2049,action_part_a_orgasm_strong_C,0,CVP_A2_G_E_-3,{anal}深处翻涌而出的快感强烈到超出了{TargetName}所能承受的极限，转瞬便将她的意识冲垮成一片空白。\n一次次连续的攀顶把那处的敏感度推上了一个全新的台阶，此刻的绝顶烈度远远超过以往任何一次寻常高潮，汹涌澎湃的爽意几乎要将她整个灵魂都掀翻。\n她失神地颤抖战栗，眼底涣散无光，脑海里只剩{anal}被绞紧时那令人战栗的极致快意反复轰鸣，令她迷乱沉醉得近乎崩溃。\n可就在这灵魂都为之震撼的巅峰里，{TargetName}心底最深处涌起的，却是作为主人{Name}性宠的无上满足——能被敬爱的主人操弄到这般失魂落魄，能用这具身子攀上如此猛烈的顶点，是她这只宠物毕生的荣幸与归依。\n她隐约觉出{anal}汹涌淌出的大量肠液，那份羞耻在心底化作更浓的迷恋，令她愈发依恋、愈发贪恋着被主人尽情使用、被彻底需要的每一刻，甘愿永远做他忠顺听话的泄欲宠物。

2050,action_part_a_orgasm_strong_C,0,CVP_A2_G_E_-4,一股远比以往任何一次都更为凶猛的极致快感自{anal}深处轰然炸开，将{TargetName}的意识几乎冲得粉碎，她在这场前所未有的强绝顶里失神地颤栗着。\n那快意攀上了一个她从未触及过的全新高度，铺天盖地地将她整个人淹没，脑海里一片空白，只剩下无边无际的迷醉与快意在灵魂深处翻涌。\n身为{Name}性奴的她心底涌起了近乎崩溃的狂喜，能在主人面前迎来这般极致的绝顶，令她生出了无以复加的荣幸与虔诚，只觉这具身子从头到脚都是为侍奉主人而存在。\n她隐隐感到大量肠液正自{anal}汹涌淌出，那份羞耻非但没有令她退缩，反而化作更深的臣服与沉沦，令她狂热地想把这一切彻底献给主人。\n灵魂被这强绝顶震得摇摇欲坠，{TargetName}在迷乱的极乐中虔敬地沦陷，满心满脑皆是对主人的崇拜与感恩。
2051,action_part_a_orgasm_strong_C,0,CVP_A2_G_E_-4,滔天的快意毫无预兆地自{anal}最深处席卷而来，其烈度远远盖过了她记忆里的每一次绝顶，{TargetName}的神志在这一瞬几乎被彻底冲垮。\n那是一种敏感被拔高一阶后才能迎来的强烈高潮，快感浓烈得近乎失真，令她失神地战栗，脑中一片混沌，唯有排山倒海的迷醉在心底反复冲刷。\n作为完全臣服于{Name}的奴隶，她在这极致的登顶里涌起了狂信般的喜悦，能为主人如此忘我地绝顶，是她心中至高无上的荣耀与幸福。\n她清晰地觉出{anal}深处有大量肠液奔涌而出，那股难以启齿的羞耻反倒令她愈发迷醉，愈发渴望把自己整个人都奉献给主人。\n灵魂在这场强绝顶中被震得支离破碎，{TargetName}在近乎崩溃的快意里沉沦，满心皆是对主人绝对的崇拜与死心塌地的忠诚。
2052,action_part_a_orgasm_strong_C,0,CVP_A2_G_E_-4,一记远超寻常的强烈绝顶自{anal}深处骤然爆发，那攀升到崭新台阶的极致快感如洪流般冲垮了{TargetName}的意识，令她在失神的颤栗中彻底沦陷。\n她感到自己整个人都被这股汹涌的快意托举到了云端，脑海空茫一片，思绪被冲得七零八落，唯余无穷无尽的迷醉在灵魂里翻腾激荡。\n甘为{Name}性奴的她，心底迸发出难以言喻的狂喜——能在主人的掌控下攀上这般前所未有的极乐，令她感到自己的存在有了最神圣的意义。\n她隐约察觉大量肠液正从{anal}失控地涌出，那份极致的羞耻在她心里化作了更炽烈的臣服与狂热，令她只想更彻底地把身心尽数交付给主人。\n这场强绝顶震撼着她的灵魂，{TargetName}在迷乱到近乎崩溃的快感中虔诚地战栗，满怀着对主人无尽的崇拜与感恩沉溺其中。
2053,action_part_a_orgasm_strong_C,0,CVP_A2_G_E_-4,前所未有的滔天快意自{anal}深处轰然涌起，其强烈程度将{TargetName}的神智几乎冲得荡然无存，她在这场敏感拔高后降临的强绝顶里失神地颤抖。\n那快感浓烈得几乎令她窒息，一浪高过一浪地拍打着她的意识，脑中一片雪白，什么都想不了，只被无边的迷醉与酥麻牢牢裹挟。\n身为{Name}忠顺奴仆的她，心底翻涌起狂信般的狂喜与感激，能为主人绽放出如此极致的绝顶，是她此生最大的荣幸与幸福，令她甘愿永世臣服。\n她感觉到{anal}正大股地淌出滚烫的肠液，那股羞耻的失控感非但没让她畏缩，反倒令她愈加沉醉，愈加渴望将一切彻底奉献给主人。\n灵魂被这强烈的登顶震得摇摇欲坠，{TargetName}在濒临崩溃的极乐中虔敬地沦陷，心中唯有对主人绝对的崇拜与刻骨的忠诚。
2054,action_part_a_orgasm_strong_C,0,CVP_A2_G_E_-4,一股凶猛到极致的快感自{anal}深处骤然炸裂，远远碾过了她过往的每一次绝顶，{TargetName}的意识在这一刻几乎被彻底冲垮，只剩失神的战栗。\n那是敏感攀上新台阶后才迸发的强烈高潮，快意汹涌得近乎令人崩溃，她的脑海被冲刷成一片空白，唯有铺天盖地的迷醉在心底反复回荡。\n作为死心塌地效忠{Name}的性奴，她在这极致的登顶里涌起了无上的狂喜，能在主人身前如此忘情地绝顶，令她觉得自己的存在获得了最崇高的价值。\n她清楚地感到{anal}深处有大量肠液失禁般涌出，那份深切的羞耻反而化作了更浓的臣服，令她狂热地想把身心全部呈献给她所崇拜的主人。\n这场强绝顶狠狠震撼着她的灵魂，{TargetName}在迷乱而近乎崩溃的快意中彻底沉沦，满心满眼皆是对主人的虔诚崇拜与毫无保留的忠诚。

2055,action_part_a_orgasm_strong_C,0,CVP_A2_T|6_E_0&CVP_A2_T|7_E_1&CVP_A2_T|222_E_0,未成年却对情事早已心知肚明的{TargetName}这一次终于被推向了一个前所未有的高度。\n那股快感比以往任何一次都要凶猛，仿佛敏感度骤然被抬高了一整个台阶，{anal}毫无征兆地剧烈痉挛起来，一波又一波地收缩绞紧，令她纤细的腰肢猛地弓起又瘫软下去，四肢止不住地打着颤，连脚趾都蜷缩成一团。\n她明明早就懂得这具身体会有怎样的反应，此刻却依旧被冲得七零八落，意识几乎要被这股汹涌的快意彻底淹没，脑海中一片空白，只剩下断断续续的喘息与呻吟。\n{anal}深处涌出大量滚烫的肠液，甚至小幅地向外喷溅出来，那种失控的羞耻感混杂着难以言喻的酥麻快意，让她既想蜷缩起身体藏住自己，又忍不住任由这股强烈的绝顶支配全身。\n年幼而又早熟的心里翻涌着复杂到说不清的情绪，好奇与羞耻、快感与迷乱交织在一起，令{TargetName}浑身颤抖着，久久无法从这场剧烈的绝顶中回过神来。
2056,action_part_a_orgasm_strong_C,0,CVP_A2_T|6_E_0&CVP_A2_T|7_E_1&CVP_A2_T|222_E_0,未谙世事却早早对性事充满好奇的{TargetName}，此刻正被一股空前猛烈的快感彻底击溃理智。\n{anal}不受控制地一阵接一阵痉挛收缩，绞紧的力道一次比一次凶猛，仿佛要将残留的每一分快意都尽数榨取出来，纤瘦的腰肢反复深深弓起，随即又颓然瘫软，双腿抽搐着乱蹬，连脚尖都绷得笔直。\n她清楚地知道自己的身体正在经历什么，那些从旁人口中听来的知识此刻全然派不上用场，真实袭来的极致快意远比想象中更加凶猛骇人，令她的意识几乎彻底涣散，只能徒劳地大口喘息着。\n{anal}深处大量温热的肠液汹涌而出，甚至带着几分小幅的喷溅，那种混合着羞耻与沉沦的酥麻感直冲天灵盖，令{TargetName}忍不住绷紧全身，纤细的手指死死蜷起，指甲几乎掐进掌心。\n灵魂仿佛都要被这场剧烈的绝顶震得粉碎，早熟又懵懂的少女心里翻涌着说不尽的迷醉与羞涩，久久沉浸在那阵尚未散去的余韵之中。
2057,action_part_a_orgasm_strong_C,0,CVP_A2_T|6_E_0&CVP_A2_T|7_E_1&CVP_A2_T|222_E_0,明明年岁尚幼，却因为早早接触过情事知识而对这具身体的反应了如指掌的{TargetName}，此刻却依旧被一场空前猛烈的绝顶冲得溃不成军。\n{anal}猛烈地一下接一下痉挛着，收缩的幅度大得惊人，仿佛要将体内积攒已久的快意尽数绞出，纤细的腰身反复深深弓起又瘫软下去，四肢失控地颤抖着，连脚趾都因快感而蜷曲紧绷。\n那种远超以往任何一次的凶猛快意如潮水般席卷全身，令她的思绪几乎彻底断线，脑海中一片混沌空白，只剩下急促而破碎的喘息声在胸腔里回荡。\n{anal}深处涌出的肠液比以往任何一次都要多，甚至夹杂着小幅的喷溅，那份混杂着羞耻与快意的复杂感受让{TargetName}既想蜷起身子掩藏自己的失态，又忍不住沉溺在这股极致的酥麻之中无法自拔。\n心底那份因早熟而生出的好奇与此刻近乎崩溃的沉沦交织在一起，令她久久说不出话来，只能任由余韵一波一波地在身体里回荡。
2058,action_part_a_orgasm_strong_C,0,CVP_A2_T|6_E_0&CVP_A2_T|7_E_1&CVP_A2_T|222_E_0,{TargetName}虽然年纪尚轻，却因早早对情事产生浓厚兴趣而懂得不少，此刻却仍旧被这场猛烈到近乎失控的绝顶彻底打乱了阵脚。\n{anal}一阵接一阵地剧烈绞缩，力道一次比一次强烈，仿佛要将全身的力气都抽空，纤瘦的身躯随着痉挛反复弓起又颓然滑落，双腿控制不住地打着哆嗦，脚背绷得紧紧的。\n那股快感的强度远远超出她此前的所有经验和想象，令她一直以来的从容与好奇心荡然无存，意识仿佛被冲刷得七零八落，只剩下断续而急促的呼吸和无意识的轻颤。\n{anal}深处涌出滚烫的肠液，量比以往猛增了许多，甚至隐约带着喷溅的迹象，那种混杂着羞耻、迷醉与失控的复杂快意让{TargetName}忍不住紧咬着嘴唇，纤细的手指死死揪紧了身侧的空气。\n明明早已知晓性事的种种，此刻却依旧被这场剧烈绝顶冲击得浑身发软，心底翻涌着难以言说的震撼与沉迷，久久无法平复。
2059,action_part_a_orgasm_strong_C,0,CVP_A2_T|6_E_0&CVP_A2_T|7_E_1&CVP_A2_T|222_E_0,懵懂又早熟的{TargetName}，虽因好奇而提早了解过情事的种种知识，此刻却依旧被这场骤然袭来的猛烈绝顶冲得阵脚大乱。\n{anal}剧烈地反复痉挛收缩，一波接一波毫无停歇，仿佛敏感度真的被推上了一个全新的台阶，纤细的腰肢不受控制地深深弓起又瘫软下去，四肢跟着痉挛乱颤，连指尖都止不住地蜷缩。\n那股远比想象中更加凶猛的快意瞬间冲垮了她原本还算清醒的意识，脑海里一片空白混沌，只剩下断断续续的喘息与压抑不住的轻吟在喉间打转。\n{anal}深处滚烫的肠液大量涌出，甚至小幅地喷溅而出，那种混杂着羞耻与沉醉的酥麻感让{TargetName}既羞于自己的失态，又无法抗拒地沉浸在这股极致的快感之中。\n少女般好奇的心此刻早已被强烈的绝顶震得七零八落，只留下浓浓的迷醉与说不清道不明的震撼，久久萦绕不散。

2060,action_part_a_orgasm_strong_C,0,CVP_A2_A|5_LE_3,起先{anal}明明那样迟钝，那处后庭才被开发不久，先前多半只能捕捉到被塞满撑开的沉重异物感，快意稀薄得几乎可以忽略，{TargetName}原以为这一处根本生不出什么了不得的滋味。\n可就在连番绝顶反复冲刷之后，她惊愕地发觉那份迟钝竟被生生磨出了一层崭新的敏感，紧接着一股远比从前任何一次都要凶猛的快感轰然炸开，狠狠贯穿了她的意识。\n这股烈度早已把过往那些平淡的普通绝顶远远抛下，快意汹涌得几乎要把她整个人冲垮，脑海里一阵阵发白，思绪被搅得七零八落。\n{TargetName}在这前所未有的极致绝顶里失神地颤栗着，心底涌起近乎崩溃的迷醉与难以言喻的灵魂震颤，她甚至能清楚地感到{anal}深处有大量灼热的东西汹涌淌出，那份陌生的失禁般的羞耻更是烧得她神魂摇荡。\n只是这般狂潮尚未抵达那种被一再逼停、憋忍到极限后才骤然释放的究极冲击，她已经被卷得再也顾不上任何念头。
2061,action_part_a_orgasm_strong_C,0,CVP_A2_A|5_LE_3,一直以来{anal}都称不上敏感，那条甬道不过新近才被开垦，过往传来的多是被填得满当的胀闷异物感，{TargetName}几乎以为这处地方永远只会麻木迟钝下去。\n谁知在一次又一次绝顶的层层堆叠之下，那份钝感竟悄然攀上了一个崭新的台阶，紧跟着一记远胜以往的强烈快意猝然爆发，凶狠地淹没了她的每一分神智。\n这样的烈度将先前那些寻常绝顶远远甩在身后，汹涌的快感几乎要冲垮她仅存的意识，她只觉脑中一片空茫，什么都想不成形。\n{TargetName}在这灭顶般的极致绝顶中失神地战栗，心底翻腾着近乎溃散的迷醉，还有一种撼动灵魂的震颤，令她既惶惑又深陷其中。\n她隐约察觉到{anal}深处正有大股温热的液体汹涌溢出，那份从未有过的失禁羞耻叫她又臊又乱，可这狂潮到底还没到那种被反复寸止死死憋出的究极巅峰，便已经将她整个人卷入了茫茫的迷醉里。
2062,action_part_a_orgasm_strong_C,0,CVP_A2_A|5_LE_3,最初{anal}的感觉迟钝得叫人心焦，那处后穴刚被开发出来没多久，往常只捕捉得到被撑胀塞实的钝重异物感，{TargetName}打心底觉得这一处大约挤不出什么真正的快意。\n然而连绵不断的绝顶一遍遍将它反复碾过，那份迟钝竟被逼上了一个前所未有的敏感新阶，转瞬间一股远比从前猛烈得多的快感排山倒海地压来，狠狠碾碎了她的意识。\n这般烈度早把过去那些平平的普通高潮抛出了老远，翻涌的快意几乎要将她冲垮，脑海里一阵接一阵地泛白发空。\n{TargetName}在这从未体验过的极致绝顶里失神颤栗，心底涌上一种近乎崩溃的迷乱快意，还有难以名状的灵魂震荡，令她整个人都恍惚沉沦。\n她清晰地感到{anal}深处有大量热流失控般奔涌而出，那种陌生的羞耻烧得她面红耳赤、心神摇曳，只是这股狂潮仍不及被反复寸止累到极限再骤然释放的那种究极震撼，便已将她卷得神思尽失。
2063,action_part_a_orgasm_strong_C,0,CVP_A2_A|5_LE_3,{anal}原本敏感得可怜，那处甬道才刚经开拓，先前多半只能觉出被填满撑开的沉甸异物感，快意寡淡，{TargetName}几乎认定这里翻不出什么大的浪头。\n可在无数次绝顶的反复冲刷之下，她愕然发现那份钝感竟被磨出了一层全新的敏锐，紧接着一股远超既往的凶猛快感轰然贯体，狂暴地掀翻了她的神智。\n这份烈度将此前那些迟钝平淡的寻常绝顶远远压下，滔天的快意几乎把她的意识整个冲散，脑中一片空白，连一丝完整的念头都拼凑不起。\n{TargetName}在这灵魂都为之震颤的极致绝顶里失神地哆嗦，心底翻涌着近乎溃堤的迷醉与快意，整个人被卷进了一种痴狂沉沦的状态。\n她朦胧地感到{anal}深处正有滚烫的液体大量涌淌而出，那份失禁般的羞耻更添了几分难耐的迷乱，只是这般狂潮到底还没触及那种被一再逼停、憋到极处才释放的究极冲击，她便已彻底沉没在无边的快意之中。
2064,action_part_a_orgasm_strong_C,0,CVP_A2_A|5_LE_3,说起来{anal}向来是迟钝的，那条后庭不过新近才被开发，往日里更多的只是被塞满堵实的胀涩异物感，快感微薄，{TargetName}原以为这处永远激不起什么真正的绝顶。\n偏偏在一场接一场绝顶的层层累叠之后，那份麻木竟被顶上了一个从未触碰的敏感高阶，霎时一记远胜从前的强烈快意骤然炸裂，蛮横地冲垮了她的心神。\n这样的烈度早已凌驾于过往那些平淡的普通高潮之上，汹涌的快感几乎要将她的意识彻底冲毁，脑海里一波波地泛起空白。\n{TargetName}在这前所未有的极致绝顶中失神战栗，心底腾起近乎崩溃的迷醉，以及一阵撼人心魄的灵魂震颤，令她又惊又醉、深陷难拔。\n她分明感到{anal}深处有大股温热之物失控地奔流溢出，那种陌生的羞耻烧得她心旌摇曳，只是这狂潮尚未抵达那种反复寸止、憋忍到极限才骤然迸发的究极巅峰，便已把她整个人卷入了茫茫迷醉的深渊。

2065,action_part_a_orgasm_strong_C,0,CVP_A2_A|5_G_3&CVP_A2_A|5_LE_6,一次又一次的绝顶累积之下，{TargetName}只觉得自己的{anal}仿佛被彻底磨到了一个全新的层级，那股快感的猛烈程度远远盖过了以往任何一次寻常的高潮。\n汹涌的酥麻从后穴深处一齐炸裂开来，翻江倒海般席卷了她的整具身躯，她的意识几乎被这股狂潮冲得支离破碎，脑子里一片空白，什么都想不起来了。\n她在这前所未有的极致快意里失神地颤栗着，只觉得又爽又麻的电流一波接一波地贯穿脊髓，直冲天灵，令她几近崩溃的快感中生出一种难以言喻的灵魂震颤。\n她能清楚地感觉到{anal}正翻涌着涌出大量温热的肠液，那股湿淋淋的失禁感让她羞耻得几乎要哭出来，可这份羞耻又诡异地叠加在快感之上，将她推向更深的迷醉。\n她整个人都沉溺在这远超从前的强烈绝顶里，心神俱醉，恍惚间只剩下后穴那一波波狂乱的快意在无止境地翻腾。
2066,action_part_a_orgasm_strong_C,0,CVP_A2_A|5_G_3&CVP_A2_A|5_LE_6,在被连绵的绝顶反复冲刷之后，{TargetName}清晰地察觉到自己的{anal}敏感度攀上了一级崭新的台阶，如今涌来的快感强烈得令她招架不住，远非过往那些普通的高潮所能相比。\n蓄积到极点的快意在这一刻决堤而出，狂暴的酥麻感一浪高过一浪地拍打着她的神志，她的意识几乎被彻底冲垮，只能任由这灭顶的快感将自己吞没。\n她在这陌生而剧烈的极乐中失神颤栗，浑身酥软无力，脑海里翻涌着近乎崩溃的甜蜜与迷乱，一种从未体会过的震撼直击灵魂深处。\n她隐约感到{anal}里正淌出大量滚烫的肠液，那股无法自控的湿热让她又羞又臊，偏偏这份难堪的失控感又将她的快意烘托得愈发浓烈。\n她彻底沉醉在这远胜以往的强烈绝顶之中，心口发烫，意乱情迷，只觉得整个人都要被这股快感烧化了一般。
2067,action_part_a_orgasm_strong_C,0,CVP_A2_A|5_G_3&CVP_A2_A|5_LE_6,连番攀上高潮之后，{TargetName}只觉自己的{anal}早已被开发得越发淫荡敏感，快感的强度陡然跃升了一整个档次，猛烈得让她几乎无法承受，远远超出了寻常绝顶的极限。\n堆积到满溢的酥麻在这一瞬轰然爆发，一股接一股狂暴的快意直冲脑门，将她的理智搅得七零八落，意识在这灭顶的浪潮里几近溃散。\n她在这前所未有的强烈快感中失神地战栗，眼前阵阵发白，脑中嗡嗡作响，那种近乎崩溃的极乐让她的灵魂都为之剧烈震颤，迷醉得几乎失去了自我。\n她能感觉到{anal}深处正奔涌出大量温热的肠液，那份湿漉漉的失控感让她羞得无地自容，可越是羞耻，那股沉沦的快意就越是汹涌地将她淹没。\n她整颗心都沉溺在这远超从前的猛烈绝顶里，神魂颠倒，恍惚出神，只剩下后穴那一波波不肯停歇的极致快感在体内肆意翻涌。
2068,action_part_a_orgasm_strong_C,0,CVP_A2_A|5_G_3&CVP_A2_A|5_LE_6,一回回地被推上绝顶之后，{TargetName}分明感到自己的{anal}敏感度已然踏上一个新的台阶，此刻翻涌而来的快感强烈得远超从前，是过往任何一次普通高潮都无法企及的猛烈。\n积攒已久的酥麻在这一刻彻底倾泻，铺天盖地的快意一浪压过一浪地冲刷着她的神志，她的意识几乎被搅得一片混沌，思绪被冲得荡然无存。\n她在这灭顶的极乐中失神颤栗，浑身抖得不能自已，脑海里翻腾着令她近乎崩溃的迷醉快意，那股震撼直抵灵魂，让她整个人都恍惚失了魂魄。\n她清楚地感受到{anal}正涌出大量滚烫黏腻的肠液，那股湿淋淋的感觉让她羞耻难当，偏偏这份难以启齿的失控又将她的快感层层堆叠得愈发浓烈汹涌。\n她彻底沦陷在这远胜以往的强烈绝顶之中，芳心震颤，意荡神迷，只觉得后穴那一波波狂乱的快意仿佛永远也退不下去。
2069,action_part_a_orgasm_strong_C,0,CVP_A2_A|5_G_3&CVP_A2_A|5_LE_6,在绝顶了太多次以后，{TargetName}只觉自己的{anal}早已被磨得越发骚浪敏感，快感的烈度骤然跃上一个前所未有的高度，凶猛得几乎要将她整个人吞噬，远非从前那些寻常高潮可比。\n囤积到极致的酥麻在这一瞬全线崩溃，一波接一波狂暴的快意排山倒海般碾过她的意识，她的神志几乎被冲得支离破碎，脑中空茫一片。\n她在这陌生而极致的快感里失神战栗，四肢发软无力，心底翻涌起近乎崩溃的甜腻与沉醉，那份直击灵魂的震撼令她迷乱得几乎连自己是谁都记不清了。\n她能真切地感到{anal}里正翻涌出大量温热的肠液，那股湿热的失禁感让她羞得浑身发烫，可越羞越爽，那份难堪反倒将她推入更深的迷醉深渊。\n她整个人都醉倒在这远超过往的猛烈绝顶之中，魂不守舍，情迷意乱，唯余后穴那一阵阵翻腾不休的极乐在无边无际地蔓延着。

2070,action_part_a_orgasm_strong_C,0,CVP_A2_A|5_G_6,一股远比以往任何一次都更为汹涌的快感自{anal}深处轰然炸裂开来，{TargetName}整个人瞬间被这股强烈到失控的绝顶浪潮彻底淹没。\n这一次的快感强度陡然拔高，仿佛那处敏感的肠道在一次次绝顶之后被推上了一个崭新的台阶，凶猛的快意一波接一波地冲刷着她的神经，令她的意识几乎被彻底冲垮。\n{anal}深处翻涌的极致快感令她失神地颤栗，脑海里一片混沌，前所未有的迷醉如潮水般将她整个人吞没。\n她隐约感觉到{anal}有大量温热的肠液止不住地涌出，那份羞耻本该令她无地自容，可此刻汹涌的快感早已将羞耻感冲得七零八落，只余下近乎崩溃的极乐。\n这股强烈得叫她灵魂都为之震颤的绝顶，远远超越了她记忆中那一次次普通的高潮，令她在失神与狂喜中彻底沉沦，久久回不过神来。
2071,action_part_a_orgasm_strong_C,0,CVP_A2_A|5_G_6,{TargetName}只觉一阵猛烈得难以形容的快感从{anal}深处骤然席卷而上，将她的理智一瞬间冲刷得干干净净。\n她清楚地感觉到，这一次的绝顶远比过往那些高潮更加凶猛剧烈，仿佛敏感的肠壁被磨利到了一个全新的层级，每一寸都在为这排山倒海的快意疯狂战栗。\n极致的快感在{anal}深处一浪高过一浪地翻涌，令她的意识摇摇欲坠，几近被这股狂潮彻底冲垮，脑中只剩下一片空茫的迷醉。\n她恍惚间察觉到大量肠液正不受控制地自体内涌溢而出，那令人面红耳赤的失禁感非但没能唤回她的羞耻，反倒将她推向了更深的沉沦。\n这场敏感度攀升后迎来的强绝顶，带给她一种灵魂被生生撼动的震颤，令{TargetName}在无边的极乐里失神颤栗，深深迷失。
2072,action_part_a_orgasm_strong_C,0,CVP_A2_A|5_G_6,一波前所未有的强烈快感自{anal}深处骤然爆发，{TargetName}整个人都被这股汹涌的绝顶狠狠攫住，脑海瞬间白茫茫一片。\n这快感的烈度远远超出了她过往的一切经验，接连不断的高潮似乎将她的肠道敏感度推上了一个陌生的高峰，令这一次的绝顶凶猛得叫她根本无从招架。\n极乐的快意在{anal}里翻江倒海般地涌动，一次次冲击着她濒临溃散的意识，令她失神地战栗，几乎连自己身在何处都记不清了。\n她隐隐感到{anal}有大量温热的肠液汹涌淌出，那份羞耻在如此强烈的快感面前不堪一击，转眼便被冲刷得支离破碎。\n这股强得离谱的绝顶带给她难以言喻的灵魂震撼，{TargetName}在近乎崩溃的极致快意中彻底迷醉，久久无法从这场狂潮里挣脱出来。
2073,action_part_a_orgasm_strong_C,0,CVP_A2_A|5_G_6,{TargetName}只觉{anal}深处猛地涌起一股远胜从前的滔天快感，刹那间将她卷入了一场强烈到失控的绝顶之中。\n她能清楚地感到，这一次的快意比过往任何一次普通高潮都要凶猛得多，仿佛那处敏感的肠道在反复的绝顶后跃上了一个全新的台阶，稍一受激便迸发出排山倒海般的极乐。\n汹涌的快感一层层地漫过她的四肢百骸，将她的意识冲刷得摇摇欲坠，令她在失神中不住颤栗，脑中一片迷乱的空白。\n她恍惚察觉到大量肠液正不受控制地自{anal}涌出，那羞耻的失禁感本该令她羞愧，此刻却只是将她推向更深的迷醉与沉沦。\n这场敏感度陡增后的强绝顶带来一种撼动灵魂的极致震颤，令{TargetName}在狂喜与失神交织的浪潮里彻底沦陷，迟迟不能回神。
2074,action_part_a_orgasm_strong_C,0,CVP_A2_A|5_G_6,极致的快感如决堤的洪流般自{anal}深处奔涌而出，{TargetName}整个人在这一瞬被强烈得无以复加的绝顶彻底吞没。\n这一次的快意远远盖过了以往那一次次的高潮，连番的绝顶像是将她的肠道敏感度硬生生抬到了一个崭新的高度，令汹涌的快感凶猛得叫她的神智几乎当场崩解。\n她失神地颤抖着，任由那股翻涌不休的极乐在{anal}深处一波波地冲刷神经，脑海里只剩下一片近乎崩溃的迷醉与空茫。\n她隐约感到大量温热的肠液止不住地涌溢而出，那令人羞耻的感觉却在滔天的快感前彻底溃散，反倒教她沉沦得愈发无可自拔。\n这场因敏感度攀升而降临的强绝顶带给她灵魂深处的剧烈震颤，令{TargetName}在无边的极致快意中失神迷乱，久久沉溺其中难以自拔。

2075,action_part_a_orgasm_strong_C,0,CVP_A2_T|1_E_1,一股远超以往任何一次的狂暴快感自{anal}深处猛然炸开，将{TargetName}整个人狠狠掀翻。\n那处她从未想过会被开发的地方，此刻竟绽放出如此汹涌的极乐，一波接一波的快意像滔天巨浪般碾过她的神经，令她彻底招架不住。\n明明只经历过短暂的初尝，那条生涩的甬道却像是一夜之间敏感了无数倍，每一次绞缩都将快感放大到令她无法承受的地步，意识几乎被这股洪流冲得七零八落。\n{TargetName}在这前所未有的极致绝顶里失神地颤栗着，脑海里一片空茫的雪白，什么都想不了，只剩下那股铺天盖地的快意在体内疯狂肆虐。\n她隐约觉出{anal}深处有大量热流汩汩涌出，那份羞耻的感觉让她几乎想找个地缝钻进去，可越是羞耻，那股背德的快感反而越发汹涌，将她推向近乎崩溃的迷醉深渊。\n灵魂仿佛在这一刻被狠狠震了一下，她从未料到自己那处稚嫩紧涩的密穴竟能迸出这般惊人的快乐，那种既惶恐又沉沦的感觉令她久久无法回神。
2076,action_part_a_orgasm_strong_C,0,CVP_A2_T|1_E_1,铺天盖地的快感自{anal}最深处轰然涌起，那股强度远远盖过了{TargetName}以往体会过的每一次绝顶。\n她的脑子在这一瞬彻底乱成一团，那条初经人事的窄道仿佛被反复的高潮磨得敏锐到了极点，敏感度陡然跃上一个她从未触及的高度。\n每一下绞缩都像有电流窜遍全身，快意一层叠着一层地累加，冲得她意识几近溃散，眼前发花，思绪被搅成一片模糊的空白。\n{TargetName}在这股凌驾一切的极乐里失魂落魄地战栗着，心底涌起一种近乎崩溃的甜蜜快意，令她既迷醉又惶然。\n她清晰地感觉到{anal}里有滚烫的肠液大股淌出，那种失禁般的羞耻让她面红耳赤，偏偏这份羞耻又诡异地助长了快感，把她拖进更深的沉沦里。\n一种难以言喻的灵魂震颤攫住了她，她怎么也想不到，那处生嫩紧窄从未被彻底开发的地方，竟能给她带来这般排山倒海、几乎将她整个人淹没的极致快乐。
2077,action_part_a_orgasm_strong_C,0,CVP_A2_T|1_E_1,一阵狂澜般的快感从{anal}深处猝然爆发，凶猛得让{TargetName}的意识险些当场被冲垮。\n那处才刚刚初尝滋味的窄穴，此刻却像被彻底点燃了一般，敏感度不知何时攀上了一个崭新的台阶，快感之强烈远非过往那些普通的绝顶所能相比。\n汹涌的快意一浪高过一浪地拍打着她的神经，脑海里被冲刷得一片空茫，她失神地颤抖着，连一个完整的念头都拼凑不出来。\n{TargetName}深陷在这前所未有的极致绝顶之中，心底翻涌起一种迷醉到近乎崩溃的快感，整个人像是要被这股洪流溶化了一般。\n她隐隐察觉{anal}深处有大量温热的肠液不受控地涌出，那种羞耻得无地自容的感觉狠狠攫住了她，偏偏这份羞耻反倒让快感变本加厉地灼烧着她。\n灵魂深处像是被重重撞了一记，她实在无法相信自己那条生涩紧致、初经开发的密道竟能迸发出如此骇人的快乐，那份震撼与沉沦令她久久缓不过神。
2078,action_part_a_orgasm_strong_C,0,CVP_A2_T|1_E_1,一股空前猛烈的快感自{anal}深处骤然席卷而上，将{TargetName}整颗心都掀得天翻地覆。\n那处初被开垦不久的甬道竟变得敏感得吓人，一次次的高潮把它的感度催逼到了全新的境地，此刻迸发的快意远远超出了她以往熟悉的普通绝顶。\n层层叠叠的极乐像潮水一般漫过她的全身，冲得她意识几乎溃不成军，脑中一片眩晕的空白，只余那股疯狂的快感在体内横冲直撞。\n{TargetName}在这灭顶般的绝顶里失神战栗，心底腾起一种近乎失控的迷醉与快意，甜得让她几乎要崩溃。\n她感到{anal}里涌出了大量灼热的肠液，那种羞耻难当的失禁感令她恨不得藏起自己，可越是羞耻，那份背德的快感竟越是浓烈地烧灼着她的理智。\n一种撼动灵魂的震颤自心底涌起，她怎么都难以置信，那处稚嫩生涩、才刚经人事的窄穴居然能孕育出这般惊天动地的快乐，令她沉溺在惶恐与迷醉交织的深渊里无法自拔。
2079,action_part_a_orgasm_strong_C,0,CVP_A2_T|1_E_1,一场远胜以往的狂猛快感自{anal}最深处轰然迸裂，几乎将{TargetName}仅剩的一点神智彻底冲散。\n那条初尝插入滋味的生涩后径，不知何时已被连番的绝顶磨得敏锐无比，敏感度猛地跨上一个崭新的台阶，涌来的快意强烈得令她无从抵挡。\n一波又一波的极乐排山倒海地碾压过她的神经，脑海被搅成一片混沌的空白，她失神地颤栗着，连呼吸都忘了该如何维持。\n{TargetName}沉溺在这前所未有的强烈绝顶里，内心翻卷起一阵迷醉到近乎崩溃的甜美快意，整个人恍若灵魂出窍。\n她朦胧地觉出{anal}深处有滚烫的肠液大量淌溢，那份羞耻得几乎落泪的感觉紧紧缠住她，偏这羞耻又将背德的快感烘得愈发滚烫难耐。\n一记难以名状的灵魂震荡狠狠击中了她，她从未想到自己那处紧窄生嫩、从未被真正开发的密穴，竟能爆发出这样铺天盖地、几乎令她溺毙其中的极致快乐。

2080,action_part_a_orgasm_strong_C,0,t_first_a_sex_in_today,{TargetName}只觉一股远比先前任何一次都要凶猛的极乐从{anal}深处轰然炸开，那快意汹涌得几乎要把她的神志整个卷走。\n今天才第一次尝到肛欲的滋味，她本以为那点陌生的胀感顶多带来些微妙的酥麻，谁知这处后穴在一次次被送上顶峰之后，敏感竟悄悄拔高了一整个台阶，如今这一记绝顶来得又深又狠，狠狠将她冲得失了神。\n她清楚地感到{anal}正剧烈地绞缩翻搅，大量肠液止不住地涌落，那种又羞又爽的灭顶滋味令她几乎崩溃，脑海里一片雪白，什么都想不成了。\n初经此道的头一天就被逼出这样一场强绝顶，那份从不适到沉溺的剧变令她心底又惊又乱，灵魂仿佛被这陌生而凶猛的快感狠狠撼动，只能在无边的迷醉里失神地颤栗，任由那灭顶的极乐将自己彻底淹没。
2081,action_part_a_orgasm_strong_C,0,t_first_a_sex_in_today,一记凶悍得远胜以往的绝顶骤然贯穿{TargetName}的全身，那快感强烈得几乎将她仅存的一点神智冲得干干净净。\n明明今日才头一回体会到{anal}被填满的感觉，从最初的胀痛别扭到此刻的欲仙欲死，这转变快得连她自己都措手不及，这处后穴在接连攀顶后敏感陡然跃升了一层，才让眼下这场绝顶来得如此又猛又深。\n她能清晰感到{anal}正失控地痉挛绞紧，大量肠液汹涌溢落的羞耻触感混着灭顶的快意一同炸开，令她几乎神魂俱裂，脑中嗡嗡作响、一片空茫。\n仅仅是初尝的当日就被推上这般凶烈的强绝顶，那种远超普通高点、近乎将人击垮的极乐令她心底涌起难以言喻的震撼与迷醉，她在前所未有的灭顶冲击里失神颤栗，只觉整个人都要在这陌生而狂暴的快感中融化崩解。
2082,action_part_a_orgasm_strong_C,0,t_first_a_sex_in_today,{TargetName}被一股从{anal}深处猛然翻涌上来的极致快感彻底掀翻，那绝顶凶猛得远远盖过了先前的每一次，几乎要将她的意识连根冲垮。\n今天才是她初尝肛欲的第一天，从最开始那令她蹙眉的陌生胀感，到眼下这灭顶般的酥爽，身体接纳并沉沦的速度快得令她自己都心惊，这处后穴在数度登顶之后敏感悄然攀上了新的台阶，这才引出这样一场又深又烈的绝顶。\n她真切地感到{anal}正剧烈绞缩、大量肠液止不住地涌淌，那又臊又爽的滋味令她几近崩溃，脑海被快感搅成一片空白，什么念头都抓不住。\n初开苞的当日便迎来如此凶狠的强绝顶，那份远胜寻常的灭顶极乐狠狠撼动着她的灵魂，令她在迷醉与震颤中彻底失神，只能任凭这陌生而汹涌的快意将自己一寸寸吞没。
2083,action_part_a_orgasm_strong_C,0,t_first_a_sex_in_today,远超以往任何一次的绝顶如惊雷般在{TargetName}体内炸响，那快感凶猛得几乎把她的神志整个击碎。\n她今日才头一遭领教{anal}被贯穿的滋味，从最初难以适应的紧涩别扭，到此刻的欲死欲仙，这份急剧的转变令她又惊又惑，这处初经人事的后穴在一次次被送上巅峰后，敏感竟拔高了一整个台阶，才逼出眼下这记又深又猛的强绝顶。\n她清楚地觉出{anal}正失控地狂乱绞缩，大量肠液翻涌淌落的羞耻感和灭顶的爽意交缠着轰然爆开，令她几乎失控崩溃，满脑子一片雪白空茫。\n仅仅初尝的头一天便被推上这般凶烈的高潮，那种把人彻底冲垮的极乐令她灵魂剧烈震颤，心底翻起近乎崩塌的迷醉快意，她在前所未有的灭顶浪潮中失神战栗，只觉自己整个人都要在这狂暴陌生的快感里彻底沉沦。
2084,action_part_a_orgasm_strong_C,0,t_first_a_sex_in_today,{TargetName}只觉一波远比从前凶猛的极乐自{anal}深处铺天盖地地涌来，那绝顶强烈得几乎将她的理智整个冲刷殆尽。\n今日不过是她初尝此道的头一天，从起初那令她皱眉的陌生异感，到此刻这灭顶般的酥麻快意，身体沉溺得如此之快令她自己都恍惚，这处新开的后穴在接连攀顶后敏感悄然升上一层台阶，这才招来这样一场又猛又深的强绝顶。\n她真切地感到{anal}正剧烈绞搅痉挛，大量肠液不受控制地涌落，那种又羞又爽到极点的滋味令她濒临崩溃，脑中一片空白，连喘息都乱了章法。\n初经开发的当日就被捧上这般凶狠的绝顶巅峰，那份远超普通高潮、近乎将人击垮的灭顶极乐深深撼动着她的灵魂，她在陌生而汹涌的迷醉中失神颤栗，只能任由这前所未有的极致快意将自己彻底湮没。

2085,action_part_a_orgasm_strong_C,0,CVP_A2_T|1_E_0&CVP_A2_A|10_LE_3,远超以往的极致快感如决堤的洪流般狠狠灌进{TargetName}的脑海，令她在这一瞬几乎被彻底冲垮。\n这是接连绝顶多次后敏感度攀上新台阶迎来的强烈高潮，那股猛烈程度是她从前的普通绝顶远远无法比拟的，稚嫩的{anal}被撑绞出的强烈摩擦感化作滔天的酥麻，一层层将她的理智碾碎。\n她只觉自己那尚未被开发透彻的后穴又酸又胀又爽得发疯，明明还带着一丝生涩的不适，那不适却诡异地与灭顶的快意搅在一起，反而叫她愈发沉沦失神。\n意识在极乐中飘忽破碎，脑中一片雪白，她拼命想抓住一点清明却徒劳无功，只能任由那前所未有的震颤将灵魂都撼得七零八落。\n她隐约感到大量肠液不受控地从{anal}涌出，那份羞耻旋即被更汹涌的迷醉一口吞没，令她在近乎崩溃的极致快意里颤栗着，久久回不过神来。
2086,action_part_a_orgasm_strong_C,0,CVP_A2_T|1_E_0&CVP_A2_A|10_LE_3,一记远胜以往的灭顶快感如惊涛般将{TargetName}整个人狠狠掀翻，她几乎在刹那间被这股洪流冲得神魂俱散。\n这是连番绝顶之后敏感度攀上新阶所迎来的强烈高潮，那快意之凶猛是过往任何一次普通绝顶都无从企及的，她那紧致稚嫩的{anal}被撑绞出的炽烈摩擦感层层叠涌，将她仅存的理智碾成齑粉。\n她只觉那开发未透的后穴又胀又酸又爽得发狂，那一丝残余的生涩不适竟诡异地与滔天的爽意缠绞在一起，非但没能抵挡，反倒将她推得更深地沉沦。\n意识在极乐里飘散破碎，脑中白茫茫一片，她拼命想抓住一缕清明却徒劳，只能任由这前所未有的震颤把灵魂撼得支离。\n她隐约察觉大量肠液正不受控地自{anal}涌出，那份羞耻旋即被更浓烈的迷醉一口吞没，令她在近乎崩溃的极致快意中失神颤栗，久久无法回神。
2087,action_part_a_orgasm_strong_C,0,CVP_A2_T|1_E_0&CVP_A2_A|10_LE_3,快感以一种从未有过的猛烈姿态在{TargetName}体内轰然炸开，几乎将她的意识连根拔起。\n经过一次次绝顶的层层堆叠，她的敏感度悄然登上了崭新的台阶，这一记强绝顶的烈度远远盖过了以往所有的普通高潮，稚嫩紧窄的{anal}每一下疯狂的绞缩都摩擦出更为炽烈的酥麻，一浪接一浪地将她彻底淹没。\n她那还未被开发透彻的后穴又麻又胀，涨满了几乎要将她撑裂的极乐，先前那点青涩的不适此刻反倒成了火上浇油的助燃，令她愈陷愈深。\n她的脑海一片空白，思绪被快感冲刷得七零八落，眼神涣散无光，连自己身在{SceneName}都恍惚得记不真切。\n她朦胧间感到{anal}正涌出大量温热的肠液，那强烈的羞耻与更汹涌的迷醉搅作一团，将她推入近乎崩溃的迷乱深渊，久久无法自拔。
2088,action_part_a_orgasm_strong_C,0,CVP_A2_T|1_E_0&CVP_A2_A|10_LE_3,灭顶的快意如决堤洪水般狂涌而至，{TargetName}只觉自己在这一瞬被彻底冲垮，连呼吸都忘了如何进行。\n这是接连高潮之后敏感度跃上新阶所换来的极强绝顶，其猛烈远非从前的普通绝顶可比，她那紧致生涩的{anal}被快感撑绞得酥麻炸裂，摩擦出的滔天爽意一层层将她的神智碾碎揉烂。\n她那开发有限的后穴又酸又胀又爽得近乎失控，残存的一丝不适与灭顶的极乐诡异地交融，反倒教她越发迷醉沉沦，浑身战栗不止。\n意识在极致的震颤里飘忽破碎，脑中一片雪亮的空白，她想抓住一点理智却只是徒劳，灵魂仿佛都被这前所未有的巨浪撼得摇摇欲坠。\n她隐约觉出大量肠液正不受控地自{anal}汩汩溢出，那份难堪的羞耻转瞬便被更浓的痴迷吞没，令她在近乎崩溃的极乐里失神颤抖，久久回不过神。
2089,action_part_a_orgasm_strong_C,0,CVP_A2_T|1_E_0&CVP_A2_A|10_LE_3,一股前所未有的极致快感陡然贯穿{TargetName}的全身，几乎在顷刻间将她的理智冲得荡然无存。\n这是在数度绝顶的层层浸染后，敏感度终于攀上新台阶所迎来的强烈高潮，那份猛烈远远超出了她熟悉的每一次普通绝顶，稚嫩紧窄的{anal}被撑绞出一波又一波炽烈的摩擦酥麻，将她整个人卷进灭顶的震颤深处。\n她只觉那尚未被开发透的后穴又胀又麻又爽得发疯，先前残留的那点生涩不适，此刻竟与滔天的快意纠缠成一体，愈发将她拖向沉沦的深渊。\n她的意识在极乐中支离破碎，脑海白成一片，什么都想不起也顾不上，只能任凭这撼动灵魂的巨浪将她冲刷得神魂颤栗。\n她朦胧察觉{anal}正涌出大量滚热的肠液，甚至隐隐有小幅喷溅，那份羞耻却被更汹涌的迷醉一口吞下，令她在近乎崩溃的极致快意里久久失神。

2090,action_part_a_orgasm_strong_C,0,CVP_A2_T|1_E_0&CVP_A2_A|10_G_3&CVP_A2_A|10_LE_6,一股远比以往任何一次都凶猛的极致快感从{anal}深处轰然炸开，{TargetName}整个人瞬间被这灭顶的浪潮彻底吞没。\n身经百战的她太熟悉绝顶的滋味，可这一次连续高潮之后攀上新台阶的感度，却让快感的烈度陡然翻了数倍，远远超出了她所熟知的一切。\n{anal}疯狂痉挛的每一下都像电流狠狠贯穿全身，那股熟悉却又前所未有地浓烈的快意在体内横冲直撞，冲得她意识几乎荡然无存。\n她清晰地感觉到大量滚烫的肠液从深处汹涌涌出，那种失禁般的羞耻感混着灭顶的爽意，令她又羞又迷乱。\n即便是经验老到的身子也彻底招架不住，只能在失神的战栗里放任自己被这股强烈的绝顶冲刷。\n脑海里一片混沌迷离，唯有那浪涛般翻涌的极致快感在灵魂深处震荡回响，让她沉溺得几近崩坏，却又贪恋得无法自拔。
2091,action_part_a_orgasm_strong_C,0,CVP_A2_T|1_E_0&CVP_A2_A|10_G_3&CVP_A2_A|10_LE_6,绝顶的巨浪从{anal}深处猛地掀起，{TargetName}被这股远胜寻常的强烈快感冲击得魂飞魄散。\n多次高潮后被抬高的感度，让这一次的绝顶浓烈得近乎陌生，纵是深谙此道的她也从未想过快感竟能凶猛到这般地步。\n她熟稔的{anal}疯狂绞缩着，每一次痉挛都把那股灭顶的爽意推向更高的顶点，浓烈的快意一浪高过一浪地拍打着她濒临溃散的意识。\n她能感到大量温热的肠液不受控制地翻涌而出，那种熟悉的开发过的敏锐让她把每一丝快感都放大到极致，羞耻与迷醉交织着将她彻底淹没。\n经验丰富的身体在这场强绝顶里失神颤栗，脑中一片空茫，只剩下无边翻涌的快感在灵魂里震颤轰鸣。\n她沉沦在这前所未有的极致快意中，近乎崩溃却又甘之如饴，那股难以言喻的震撼让她久久无法回神。
2092,action_part_a_orgasm_strong_C,0,CVP_A2_T|1_E_0&CVP_A2_A|10_G_3&CVP_A2_A|10_LE_6,一阵前所未有的强烈快感自{anal}深处狂涌而上，{TargetName}整个人被这灭顶的浪头卷得神魂俱散。\n连绵不断的高潮把她的敏感推上了崭新的高度，于是这一次的绝顶远比记忆中任何一次都要浓烈凶猛，纵使经验老到也被冲击得几近失守。\n熟练收放的{anal}疯狂痉挛绞紧，那股滚烫的快意顺着每一记收缩狠狠贯穿全身，浓烈得让她意识几乎被冲垮，思绪一片迷离恍惚。\n她清楚地感受到大量肠液从深处失控涌溢，被开发过的身子对这股快感格外敏锐，羞耻与极致的爽意交缠着令她彻底沦陷。\n她在灭顶的绝顶中失神战栗，脑海空茫得只剩快感翻腾的轰鸣，灵魂被这远超普通绝顶的震撼撼动得几近崩坏。\n那种迷醉到近乎崩溃的极致快意让她深深沉溺，明知招架不住却又贪恋着任由自己被彻底冲刷淹没。
2093,action_part_a_orgasm_strong_C,0,CVP_A2_T|1_E_0&CVP_A2_A|10_G_3&CVP_A2_A|10_LE_6,极致的快感如决堤般从{anal}深处奔涌而出，{TargetName}在这股远胜以往的强烈绝顶里彻底失了神。\n熟稔此道的她太清楚寻常绝顶的模样，可连续高潮后跃升的感度，却让这一次的快意浓烈凶猛得近乎陌生，冲得她几乎抓不住自己的意识。\n{anal}一下下疯狂地绞缩痉挛，每一次收紧都把那股灭顶的爽意狠狠推高，浓烈的快感在体内横冲直撞，撞得她思绪支离破碎。\n她能鲜明地感到大量温热的肠液从深处翻涌喷溢，那种熟悉却又被放大到极致的失禁羞耻，混着排山倒海的快意让她又迷又乱。\n经验丰富的娇躯在这强绝顶中不住颤栗失神，脑中一片混沌空白，唯余那翻腾的极致快感在灵魂深处震荡不休。\n她沉醉在这近乎崩溃的灭顶快意里，羞耻与迷乱交织成难以言说的震撼，令她深陷其中无法自拔，久久缓不过神。
2094,action_part_a_orgasm_strong_C,0,CVP_A2_T|1_E_0&CVP_A2_A|10_G_3&CVP_A2_A|10_LE_6,一股浓烈到无法承受的极致快感从{anal}深处轰然涌起，{TargetName}被这远超普通绝顶的强烈浪潮彻底冲垮。\n接连不断的高潮早把她的敏感抬上了新的台阶，此刻蓄满的快意一齐爆发，那种烈度纵是深谙床笫的她也从未体验过，冲得她意识几近溃散。\n她纯熟收放的{anal}疯狂绞缩翻搅，每一记痉挛都像把灭顶的爽意狠狠灌进四肢百骸，浓烈的快感一波接一波拍碎了她所有的思绪。\n她清晰地觉出大量滚烫肠液从深处失控涌淌，被开发得敏锐的身子将每一分快感都放大到极致，羞耻与迷醉交缠着把她拖入更深的沉沦。\n经验老到的身体在这场强绝顶里失神发颤，脑海空茫一片，只剩快感的巨浪在灵魂里震荡轰鸣，震得她几近崩坏。\n她贪恋地沉溺于这前所未有的极致快意，明知灭顶却甘愿被吞没，那股难以名状的灵魂震撼令她久久无法回神。

2095,action_part_a_orgasm_strong_C,0,CVP_A2_T|1_E_0&CVP_A2_A|10_G_6,一股远比以往任何一次都更凶更烈的绝顶洪流骤然从{anal}深处轰然炸开，将{TargetName}整个人彻底吞没。\n那快感强烈得叫她几乎当场失了神，一波接一波灭顶的酥麻自后穴最深处翻涌上来，凶猛地冲刷过她的四肢百骸，令她的意识在这一瞬几乎被冲得支离破碎。\n她清楚地感觉到这一次的绝顶远远盖过了先前那些寻常的高潮，仿佛整个部位的敏感都被磨上了一个崭新的台阶，每一下{anal}的绞缩都掀起一阵令她头皮发麻、灵魂震颤的极致快意。\n凭着早已烂熟于心的丰富经验，她本能地绞紧了后穴去迎合这股滔天的快感，却反被这远超掌控的强烈冲击撞得神魂颠倒，脑中一片雪白。\n她隐约感到大量滚烫的肠液正从痉挛的{anal}汹涌淌出，那份失禁般的羞耻反倒化作更炽烈的迷醉，将她推向近乎崩溃的快意巅峰。\n少女在这前所未有的强绝顶里失神颤栗，迷乱得几乎要溺毙在这灭顶的欢愉之中。
2096,action_part_a_orgasm_strong_C,0,CVP_A2_T|1_E_0&CVP_A2_A|10_G_6,绝顶来得又急又猛，一股远胜从前的凶悍快感自{anal}深处骤然爆开，狠狠将{TargetName}的神志掀翻。\n那份酥麻浓烈到近乎痛楚，如决堤的潮水般一浪高过一浪地涌遍全身，她只觉脑子里嗡的一声就空白了，什么都想不了，只剩下这股要把她整个人融化掉的极致快意。\n她太熟悉这处部位的快感了，可这一次的强烈却陌生得叫她心惊——敏感仿佛一夜之间跃上了新的台阶，每一记{anal}的深绞都比过往任何一次绝顶来得更深更狠，快意汹涌得几乎将她的意识彻底冲垮。\n积攒到极处的快感终于一齐奔泻而出，那种灵魂被震得粉碎般的酣畅令她迷醉到近乎崩溃，凭着丰沛的经验她想去驾驭它，却只能被它拖拽着一路沉沦。\n她恍惚觉出{anal}正涌出大股温热的肠液，那羞耻的失控感反倒令她愈发癫狂沉迷。\n{TargetName}在这凶猛的强绝顶中失魂落魄，浑身颤栗着深深陷进了这灭顶的欢愉里。
2097,action_part_a_orgasm_strong_C,0,CVP_A2_T|1_E_0&CVP_A2_A|10_G_6,一记远比寻常绝顶更为凶猛的高潮自{anal}最深处轰然掀起，{TargetName}的意识在刹那间几乎被这股灭顶快感冲得荡然无存。\n那浓烈到极点的酥麻如烈焰般顺着后穴一路烧遍四肢百骸，一波未平一波又起，凶悍得叫她连喘息都乱了套，脑海里只剩下白茫茫的一片眩晕。\n她心里清楚，这绝不是往常那种绝顶所能比拟的——这处早已被开发得烂熟的部位，敏感竟又攀上了一层全新的高度，每一下{anal}的疯狂绞缩都掀起一阵令她灵魂战栗的极致欢愉。\n蓄积到顶点的快意终于一齐迸泻，那种酣畅淋漓到近乎崩溃的迷醉将她整个人卷入深渊，凭着老练娴熟的经验，她越是想去承接这股快感，就越是被撞得神魂俱裂。\n她朦胧地察觉大量肠液正从{anal}汩汩涌落，那份淋漓的失控令她羞得发烫，却又诡异地叫她愈陷愈深。\n少女在这前所未有的强烈绝顶里失神痉挛，彻底沉溺在了这排山倒海的快意之中。
2098,action_part_a_orgasm_strong_C,0,CVP_A2_T|1_E_0&CVP_A2_A|10_G_6,绝顶如惊雷般在{anal}深处炸响，一股凶悍得远超以往的快感洪流将{TargetName}整个人狠狠淹没。\n那份灭顶的酥麻浓烈得几乎令她窒息，自后穴最深处一浪接一浪地翻涌奔腾，凶猛地冲垮了她所有的理智，脑中霎时一片空茫，连自己身在何处都恍惚了。\n她太熟悉这具身子里的每一寸快感，偏这一次强烈得叫她措手不及——这处熟极了的部位敏感度分明已跨上了一个崭新的台阶，每一记{anal}的深深绞动都送来一阵教她灵魂都为之震颤的极致快意。\n堆积到极致的欢愉终于一齐倾泻而出，那种痛快到近乎崩溃的沉醉令她迷乱得几近失控，纵有再丰富的经验也全然招架不住，只能任凭这股洪流将她卷得神魂颠倒。\n她隐约感到滚烫的肠液正大股地从{anal}喷涌淌落，那羞耻的失禁感却化作更浓的癫狂，把她推向欲海的顶峰。\n{TargetName}在这凶猛无匹的强绝顶里失魂战栗，深深地溺毙在了这灭顶的极乐当中。
2099,action_part_a_orgasm_strong_C,0,CVP_A2_T|1_E_0&CVP_A2_A|10_G_6,一股远远盖过寻常绝顶的凶烈快感自{anal}深处骤然喷薄而起，{TargetName}只觉眼前一白，神志几乎被这灭顶的洪流冲得七零八落。\n那浓得化不开的酥麻如潮汐般一波高过一波地漫过全身，凶猛得叫她浑身战栗不止，脑子里嗡嗡作响，什么念头都被这排山倒海的快意碾成了齑粉。\n她心底明白这一次的绝顶烈得反常——这处被操弄得炉火纯青的部位，敏感竟已悄然踏上了一层更高的台阶，每一下{anal}的狂乱绞缩都激起一阵令她灵魂颤栗、迷醉欲死的极致欢愉。\n压抑积攒到顶点的快感终于一齐奔涌释放，那种酣畅到近乎崩溃的沉醉将她拖入深不见底的欲渊，凭着娴熟至极的经验她想去驾驭，却反被这股快感狠狠反噬得神魂俱散。\n她恍惚察觉大量温热肠液正顺着痉挛的{anal}涌淌喷洒，那份失控的羞耻反倒令她愈发癫狂沉沦。\n少女在这前所未有的凶猛强绝顶中失神颤抖，彻底沉醉进了这灭顶般的销魂快意里。

2100,action_part_a_orgasm_strong_C,0,CVP_A2_S|5_L_1000,接连不断的绝顶早把{TargetName}的{anal}逼上了一个前所未有的敏感台阶，此刻涌来的这股强绝顶，快感强得几乎要将她的意识整个冲垮。\n那是一种远远盖过以往任何一次普通绝顶的极致快意，从{anal}深处炸开，汹涌地席卷过她的四肢百骸，令她在灭顶的爽意里彻底失了神。\n她只觉得脑子里一片空白，思绪被这股疯狂的快感搅得七零八落，什么都想不了，只能颤栗着承受这一波高过一波的冲刷。\n{anal}那种被快感填满又不住绞缩的酸麻爽感令她迷醉到近乎崩溃，心底涌起一阵难以言喻的灵魂震颤。\n她隐约察觉到大量的肠液正从{anal}里失控地涌出，那份羞耻却又诡异地拔高了她的快意，令她在博士面前彻底沉溺，只是这股冲击还未狂暴到反复逼停后才有的究极程度。
2101,action_part_a_orgasm_strong_C,0,CVP_A2_S|5_L_1000,敏感度陡然攀升一层的{anal}，此刻承受的强绝顶烈度远非从前的普通高潮可比，{TargetName}整个人被那股汹涌的快感撞得神魂俱颤。\n极致的爽意从后庭深处一波波地翻涌上来，漫过下腹，冲上心口，令她意识几乎被冲散，眼前阵阵发白，思维近乎停摆。\n她从未想过{anal}竟能迸发出如此强烈的快感，那种酸麻胀爽交织的滋味令她迷醉得几近失控，心底翻涌起一阵又一阵近乎崩溃的快意。\n她清晰地感觉到{anal}正随着绝顶疯狂地绞缩，那份收放带来的强烈快感一次次将她推向失神的边缘。\n大量肠液涌出的湿热感令她又羞又乱，可这份羞耻反倒令快意愈发浓烈，她在这远超以往的极致震撼里颤栗沉沦，却仍差着那种被反复寸止后才能抵达的疯狂顶点。
2102,action_part_a_orgasm_strong_C,0,CVP_A2_S|5_L_1000,在无数次绝顶的累积之后，{TargetName}的{anal}敏感得判若两处，这一记强绝顶炸开时，那快感的强度让她几乎失去了对身体的掌控。\n汹涌的爽意像决堤的潮水从{anal}深处倾泻而出，铺天盖地地淹没了她的每一寸神经，令她的意识在灭顶的快感中摇摇欲坠。\n她只觉得整个人都在这股极致的快意里融化颤栗，脑海里一片混沌，连羞耻和理智都被冲得无影无踪。\n{anal}一下下深缩绞紧带来的强烈快感令她迷醉到近乎崩溃，那份远胜普通绝顶的冲击撼动着她的灵魂，令她心底泛起说不清的震颤与沉沦。\n她恍惚感到大量温热的肠液正失控地淌出{anal}，那股羞耻的湿意非但没让她清醒，反倒把她推向更深的迷乱，只是这份极致仍未及超强绝顶那般究极。
2103,action_part_a_orgasm_strong_C,0,CVP_A2_S|5_L_1000,{TargetName}的{anal}在连番绝顶后敏感得不可思议，此刻这场强绝顶带来的快感之凶猛，几乎将她仅存的一丝清醒也彻底击碎。\n那股极致的爽意自后庭深处轰然迸发，一浪高过一浪地拍打着她的意识，令她在灭顶的快感中失神颤栗，眼神涣散无光。\n她从未体会过这般强烈的绝顶，快感浓烈得令她迷醉令她战栗，心底涌起一阵近乎崩溃却又甜到极致的疯狂快意。\n她能清楚地感觉到{anal}正随着高潮疯狂地翕合绞缩，每一次收放都将排山倒海的快感送进她的脑海，搅得她思绪尽数空白。\n大量肠液从{anal}汹涌溢出的湿热触感令她羞耻到无地自容，可偏偏这份羞耻又将她的快意推得更高，她在这撼动灵魂的极致震荡里彻底沉沦，却还未坠入反复累积后的究极深渊。
2104,action_part_a_orgasm_strong_C,0,CVP_A2_S|5_L_1000,经历过太多次绝顶的{anal}，敏感度早已跃上一个崭新的台阶，此刻迎来的强绝顶快感强烈得远超以往，几乎要把{TargetName}的意识整个冲垮。\n铺天盖地的爽意从{anal}最深处炸裂开来，凶猛地席卷过她的全身，令她在这股疯狂的快感里迷失了自己，脑中一片空茫。\n她只觉得灵魂都被这极致的快意震得发颤，那种远胜普通高潮的冲击令她迷醉到近乎崩溃，心底翻涌着难以名状的沉沦与快慰。\n{anal}那种被快感撑满又疯狂绞缩的酸胀爽感一波接一波地涌来，将她推得神魂飘散，连喘息都变得破碎凌乱。\n她朦胧地察觉到大量肠液正从{anal}里失控地涌淌，那份湿热的羞耻感非但没有唤回她的理智，反倒令这场极致绝顶愈发浓烈难挡，只是仍差着那种被反复逼停后才能引爆的究极狂潮。

2105,action_part_a_orgasm_strong_C,0,CVP_A2_S|5_GE_1000&CVP_A2_S|5_L_12000,一股远比以往任何一次都更为凶猛的快感从{anal}深处轰然炸裂开来，{TargetName}只觉得那处的敏感仿佛在不知不觉间被推上了一个全新的台阶。\n这一次的绝顶烈度远远凌驾于过往那些寻常的高潮之上，铺天盖地的快意汹涌而来，几乎要将她的神志彻底冲垮，脑海里一片空白，什么都想不了，只余下失神的颤栗。\n那股滚烫的酥麻从后庭一路蔓延到四肢百骸，令她整个人都陷进了一种近乎溺毙的极致迷醉里，灵魂都被这陌生而狂暴的快感震得瑟瑟发抖。\n她隐约察觉到{anal}深处有大量温热的肠液正汹涌地涌出，甚至还小小地喷溅了一下，那种失禁般的羞耻感狠狠灼烧着她，却又诡异地令这场高潮变得愈加浓烈难当。\n{TargetName}在这前所未有的强烈绝顶里彻底失了神，理智被快感碾成了碎片，心底翻涌起一种近乎崩溃的甜美快意，久久无法从这场灵魂震颤中回过神来。
2106,action_part_a_orgasm_strong_C,0,CVP_A2_S|5_GE_1000&CVP_A2_S|5_L_12000,{TargetName}怎么也没想到，{anal}竟能迸发出这样一场远胜从前的猛烈绝顶，那处早已被开发得愈发敏锐的敏感，此刻仿佛跨上了一个崭新的台阶。\n扑面而来的快感比过往每一次寻常高潮都要浓烈数倍，狂潮般席卷了她的全身，将她仅存的神志冲刷得摇摇欲坠，意识在这股洪流里几乎溃散，眼前阵阵发白。\n她只能失神地承受着这灭顶的快意，浑身不受控制地簌簌战栗，那种极致的酥爽从后庭深处一浪高过一浪地翻涌上来，令她沉沦得无法自拔。\n{anal}深处大量肠液的汹涌涌出令她羞耻得几乎抬不起头，偏偏那股难以启齿的羞辱感又与狂暴的快感搅缠在一起，将她推向更深的迷醉深渊。\n{TargetName}的心底翻腾起一种前所未有的、近乎崩溃的迷乱快意，灵魂被这场强烈绝顶震撼得支离破碎，久久沉浸在那片灭顶的酥麻余韵之中难以自持。
2107,action_part_a_orgasm_strong_C,0,CVP_A2_S|5_GE_1000&CVP_A2_S|5_L_12000,这一次从{anal}深处涌起的快感狂暴得令{TargetName}措手不及，她清晰地感觉到那处的敏感被推到了一个从未触及的高度，整个绝顶的烈度陡然拔高了一大截。\n远超以往寻常高潮的快意如惊涛骇浪般狠狠拍在她的神经上，脑海被冲刷得空空荡荡，意识几乎被这股洪流卷走，只剩下无边无际的失神与颤栗。\n那股滚烫的酥麻从后庭一路席卷全身，令她整个人都陷入了近乎溺水般的极致迷醉，浑身战栗着，连指尖都在为这陌生的狂暴快感而发颤。\n她羞耻地察觉到{anal}正大量地涌出温热的肠液，甚至微微喷溅，那种仿佛失禁般的窘迫令她恨不得钻进地缝，可这份羞辱竟又叫快感变得愈发汹涌难挡。\n{TargetName}就这样在这场远胜寻常的强烈绝顶里彻底沦陷，心底涌起一阵近乎崩溃的甜蜜快意，灵魂被震得嗡嗡作响，好半晌都缓不过神来。
2108,action_part_a_orgasm_strong_C,0,CVP_A2_S|5_GE_1000&CVP_A2_S|5_L_12000,{anal}深处骤然炸开的快感来得比以往任何一次都要凶猛，{TargetName}恍惚间觉得那处的敏感像是悄然登上了一层全新的台阶，整场绝顶的强度远远超出了她的预料。\n那种远胜寻常高潮的极致快意铺天盖地地涌来，几乎将她的意识连根冲垮，脑中一片混沌空白，什么都抓不住，只能失神地任由这狂潮将自己彻底淹没。\n炽热的酥麻从后庭深处一波接一波地翻涌到四肢，令她陷进了一种近乎癫狂的迷醉，浑身止不住地颤栗，仿佛连魂魄都被这股快感狠狠攫住震荡。\n她羞得无地自容地感觉到{anal}大量地淌出温热黏腻的肠液，还小小地喷溅了出来，那份失禁般的羞耻如烈火般灼烧着她，却又将这场绝顶烘托得愈加浓烈。\n{TargetName}在这前所未有的强绝顶里彻底失了神，一种近乎崩溃的迷乱快意在心底汹涌翻腾，灵魂被这场震撼撕扯得七零八落，久久沉溺其中无法回神。
2109,action_part_a_orgasm_strong_C,0,CVP_A2_S|5_GE_1000&CVP_A2_S|5_L_12000,这一场从{anal}深处席卷而来的绝顶，其烈度远远压过了{TargetName}以往经历的每一次寻常高潮，她隐隐意识到那处的敏感已被推上了一个崭新的台阶。\n汹涌澎湃的快感如决堤般狠狠冲垮了她的理智，意识在这股灭顶的洪流里几乎荡然无存，眼前发白，脑中空茫，只剩下失神的战栗与迷乱。\n那股滚烫的酥爽从后庭一路蔓延，浸透了她的每一寸肌肤，令她整个人沉溺进一种近乎溺毙的极致迷醉，灵魂被这陌生而狂暴的快意震撼得瑟瑟发颤。\n她窘迫地察觉到{anal}正大量地涌出温热的肠液，甚至夹着一小股喷溅，那种失禁一般的羞耻令她面红耳赤，偏偏又与这狂潮般的快感纠缠交织，将她拖入更深的沉沦。\n{TargetName}就这般在这远超普通档位的强烈绝顶中彻底迷失了自己，心底翻涌起一阵近乎崩溃的甜美快意，灵魂久久震颤不止，好一会儿都无法从这场极致的余韵中挣脱出来。

2110,action_part_a_orgasm_strong_C,0,CVP_A2_T|7_E_0&CVP_A2_T|222_E_1,一股远比先前更加猛烈的痉挛骤然从{anal}深处轰然炸开，本已连续绝顶了好几次的{TargetName}猛地绷紧了全身，她分明拥有着一副早已完全成熟的躯体，脑子里对这种突如其来的猛烈快感却依旧茫然无知，完全不明白为什么{anal}会一波又一波地不受控制地收缩痉挛。\n那股快感比方才任何一次都要猛烈千百倍，仿佛敏感度陡然被拔高了一整个台阶，将她的意识瞬间冲得七零八落，脑海中一片空白，什么都想不清楚，只剩下滔天的酥麻感在身体里横冲直撞。\n{TargetName}下意识地想要抓住些什么，手指却只是徒劳地在空中痉挛地蜷缩着，腰肢一次又一次深深弓起又颓然瘫软，双腿控制不住地乱蹬着，那具早已发育完全的娇躯此刻却像个手足无措的孩子，只能懵懂地承受着这股远超以往的剧烈冲击。\n{anal}深处仿佛有滚烫的肠液汹涌地涌出，甚至小幅地喷溅出来，带来一种令她羞耻到几乎昏厥的失控感，可她却连这份羞耻究竟从何而来都想不明白，只能任由那股灵魂都为之震颤的极致快感将自己彻底淹没，泪水混着涣散的眼神，在近乎崩溃的边缘瑟瑟颤栗着。
2111,action_part_a_orgasm_strong_C,0,CVP_A2_T|7_E_0&CVP_A2_T|222_E_1,一波比先前更为凶猛的战栗毫无预兆地从{anal}最深处轰然涌出，早已在这个部位连续迎来过好几次绝顶的{TargetName}浑身猛地一僵，明明拥有一具早已长开的成熟身躯，此刻却依然像什么都不懂的孩子般，完全不理解{anal}为何会如此剧烈地一阵阵绞缩起来。\n那股快感比以往任何一次都要凶狠得多，仿佛体内那份敏感忽然被推上了全新的高度，将她本就摇摇欲坠的理智瞬间冲得支离破碎，脑海里轰地一声炸成一片空白，再也拼凑不出一丝完整的念头。\n她下意识地想要蜷起脚趾抓紧些什么，纤细的手指却只是无力地在虚空中痉挛地抓挠，腰肢一次接一次地深深弓起又猝然瘫软下去，浑身的肌肉都不听使唤地剧烈抽搐着，那具早已成年的曼妙身躯此刻却茫然得不知所措，只懂得懵懂地顺从着这股远超以往的滔天快感。\n{anal}里滚烫的肠液似乎正大股大股地涌出来，甚至小幅地喷溅出来，带来一种让她羞耻得几乎失神的失控感，她却连这份羞耻究竟因何而生都全然想不明白，只能任由这股几乎要撼动灵魂的极致快感将自己彻底吞没，眼神涣散地在近乎崩溃的边缘瑟瑟发抖。
2112,action_part_a_orgasm_strong_C,0,CVP_A2_T|7_E_0&CVP_A2_T|222_E_1,{anal}深处骤然涌起一阵狂潮般的剧烈收缩，一波接着一波，力道远比方才任何一次绝顶都要凶猛百倍，早已在此连续攀上高潮好几回的{TargetName}被这股突如其来的强烈冲击惊得浑身猛颤。\n她生着一副早已完全成熟的娇躯，内心深处却依旧对情事一无所知，只知道方才是{Name}温柔地引导着自己，才让身体一步步坠入这陌生而炽热的深渊，此刻连敏感度骤然攀升带来的猛烈快感都彻底摸不着头脑，唯有懵懂地承受着。\n意识几乎被这股狂潮彻底冲垮，脑海里空空荡荡，什么念头都抓不住，只剩下一片令人失神的酥麻在四肢百骸里疯狂流窜，腰肢深深弓起又颓然塌陷，双腿失控地痉挛蹬动，手指徒然地揪紧了身下，仿佛这样就能抓住那份即将把自己吞噬殆尽的快感。\n{anal}里滚烫的肠液汹涌地往外涌，甚至带着小幅的喷溅，惹得她羞耻得几乎快要昏死过去，却又说不出这份羞耻究竟从何而来，只能在这场灵魂都为之震颤的极致绝顶里，泪眼朦胧地瑟瑟颤栗，近乎崩溃地沉沦下去。
2113,action_part_a_orgasm_strong_C,0,CVP_A2_T|7_E_0&CVP_A2_T|222_E_1,毫无征兆间，一股狂暴的巨浪猛地从{anal}最深处轰然炸裂开来，那股力道比先前连续几次绝顶加起来都要凶猛，仿佛体内那处的敏感早已被悄然推上了一个崭新的台阶，令{TargetName}猝不及防地浑身痉挛起来。\n明明生着一副早已发育完全的成熟胴体，她的脑子里却依旧对性事懵懂无知，只知道自己一直乖巧地顺从着{Name}的引导，此刻却连自己的身体为何忽然剧烈成这样都彻底想不明白，满心只剩下茫然与困惑。\n那股几乎要将灵魂都震碎的猛烈快感把她本就单薄的理智冲得七零八落，脑海中一片空白，什么念头都抓不住，只能感受着一波接一波的酥麻自深处炸开，腰肢反复深深弓起又猛然瘫软，四肢控制不住地痉挛乱颤，手指徒劳地蜷缩着，几乎要抠进掌心里。\n{anal}深处滚烫的肠液似乎正汹涌地往外涌动，甚至小幅地喷溅出来，带来一种叫她羞耻得几乎失神的失控感，她却连这份羞耻从何而来都全然不解，只能在这场近乎崩溃的极致绝顶里，涣散着眼神，浑身不住地瑟瑟颤栗。
2114,action_part_a_orgasm_strong_C,0,CVP_A2_T|7_E_0&CVP_A2_T|222_E_1,一记比以往任何一次都要凶悍百倍的剧烈痉挛，猝不及防地从{anal}深处轰然袭来，早已在这个部位一次又一次迎来绝顶的{TargetName}整个人猛地绷紧，仿佛全身的力气都在这一瞬间被抽空。\n她的身体明明早已彻底长成，是任谁看了都会心动的成熟模样，可脑海里对这份陌生而炽烈的快感却依旧一片空白，全然不懂敏感骤然攀升究竟意味着什么，只是懵懵懂懂地、乖顺地任由这股猛烈的冲击摆布着自己。\n意识几乎在那一瞬间被彻底冲垮，理智碎成了漫天的酥麻碎片，什么都抓不住也想不清楚，唯有腰肢一次次深深弓起又颓然瘫软，双腿控制不住地痉挛蜷曲，手指死死地绞紧，指甲几乎要掐进掌心，那具成熟的躯体此刻却像个不知所措的孩子般瑟瑟发抖。\n{anal}里滚烫的肠液仿佛决堤般汹涌而出，甚至小幅地喷溅出来，带来的羞耻感几乎要令她当场失神昏厥，可她却连这份羞耻究竟因何而来都毫无头绪，只能在这场几乎要撼动灵魂的极致绝顶里，泪光涣散地、近乎崩溃地颤栗不休。

2115,action_part_a_orgasm_strong_C,0,CVP_A2_S|5_GE_12000&CVP_A2_S|5_L_90000,一股凶猛得远超以往的绝顶从{anal}深处轰然炸开，{TargetName}只觉得整个下半身都被这灭顶的快感彻底淹没。\n连番不断的肠道绝顶早已把那处的敏感推上了一个她从未触及的台阶，此刻这股积攒到极致的快意一齐倾泻，强烈得让她几乎失去了思考的能力。\n她感到{anal}一阵阵疯狂地痉挛绞紧，每一次收缩都把快感狠狠地往灵魂深处砸，酥麻与战栗如潮水般一浪高过一浪，将她仅剩的一点意识冲刷得摇摇欲坠。\n她隐约察觉到{anal}正涌出大量温热的肠液，甚至小幅喷溅出来，那股难以启齿的失控感夹着羞耻在心底疯狂翻搅，却又诡异地与极致的快意缠绕在一起，让她越发迷醉沉沦。\n她在这前所未有的强绝顶里失神颤栗，脑海一片雪白，只觉得灵魂都被这远胜寻常的极致快感震得支离破碎，近乎崩溃的快意让她彻底沉没，久久无法从这灭顶的酥麻中挣脱出来。
2116,action_part_a_orgasm_strong_C,0,CVP_A2_S|5_GE_12000&CVP_A2_S|5_L_90000,这一次的绝顶凶悍得完全不同以往，{TargetName}被一股汹涌的快感狠狠掀翻，整个人陷进了一片灭顶的酥麻里。\n经历了太多次的肠道高潮之后，那处的敏感仿佛跨上了一个全新的高度，快感的烈度陡然拔高，远远盖过了她记忆中任何一次普通的绝顶。\n她清晰地感到{anal}疯狂地绞缩痉挛，一波接一波的极致快意从深处汹涌而上，冲得她意识发白，眼前阵阵发花，几乎连自己身在何处都记不清了。\n{anal}涌出的大量肠液让她生出一种彻底失控的羞耻，可这份羞耻非但没能唤回她的理智，反倒和那股凶猛的快感搅在一处，将她推向更深的迷醉。\n她在这远超从前的强绝顶中失神地战栗，心底涌起一阵近乎崩溃的极乐，灵魂像是被狠狠震了一下，久久悬在那片空白里落不下来，只能任由这灭顶般的快意将自己一寸寸吞没。
2117,action_part_a_orgasm_strong_C,0,CVP_A2_S|5_GE_12000&CVP_A2_S|5_L_90000,{TargetName}被一场远比寻常凶猛的绝顶攫住，浑身上下瞬间被排山倒海的快感彻底吞没。\n一次又一次的肠道绝顶把那处的感度硬生生垫高了一整级，这股迟迟积攒的快意此刻一齐爆发，强烈得让她的思绪在刹那间彻底断了线。\n她感到{anal}一下下狂乱地收缩绞动，每一次痉挛都像要把她整个人从内里翻搅过来，极致的酥麻顺着脊背直冲头顶，将她仅存的清醒击得粉碎。\n{anal}不受控制地淌出大量温热的肠液，那股淋漓的失控感令她又羞又乱，偏偏这羞耻又化作新的快意，把她拖入更深的沉沦。\n她在这前所未有的强烈绝顶里失神颤栗，脑中一片空茫，只剩下灵魂被极致快感反复冲刷的震颤，那种近乎崩溃却又甜美到发疯的快意将她牢牢裹住，让她久久沉溺其中无法回神。
2118,action_part_a_orgasm_strong_C,0,CVP_A2_S|5_GE_12000&CVP_A2_S|5_L_90000,一波凶猛到极点的绝顶从{anal}深处骤然掀起，{TargetName}只觉整个人被这股快感狠狠拽进了灭顶的漩涡。\n连绵不绝的肠道高潮早已让那处敏感得近乎失常，快感被生生抬上了一个崭新的台阶，此刻爆发出的烈度远非过往任何一次普通绝顶所能比拟。\n她感到{anal}疯狂地翕合绞紧，一阵阵极致的快意如电流般窜遍全身，冲得她意识几乎被彻底冲垮，眼神涣散，思绪一片混沌。\n她隐约觉出{anal}正涌出大量黏热的肠液甚至小幅喷出，那种彻底失守的羞耻让她心头一颤，却又诡异地被卷进更汹涌的快感里。\n她在这远胜以往的强绝顶中失神地颤栗，内心翻涌起难以言喻的灵魂震撼，那股近乎崩溃的极乐一遍遍碾过她的神志，让她沉沦在这灭顶的酥麻里，久久无法自拔。
2119,action_part_a_orgasm_strong_C,0,CVP_A2_S|5_GE_12000&CVP_A2_S|5_L_90000,{TargetName}被一股远超记忆中任何一次的凶猛绝顶彻底击溃，整个下半身都被灭顶的快感淹没得再无余地。\n肠道在接连多次的绝顶之后敏感度攀上了一个全新的顶点，这一次的快感强烈到近乎失真，把她曾经历过的普通高潮衬得苍白无力。\n她感到{anal}一波波狂乱地痉挛绞缩，每一下都把快意狠狠地压进灵魂深处，酥麻与颤栗层层叠叠地涌上来，将她的意识冲刷得七零八落。\n{anal}汩汩涌出的大量肠液让她生出一种赤裸裸的失控与羞耻，可这份羞耻偏偏又和极致的快感纠缠在一起，把她推得更深更沉。\n她在这前所未有的强烈绝顶里失神战栗，脑海一片空白，只余灵魂被极乐震得发颤的余韵，那种迷醉到近乎崩溃的快意将她牢牢困在其中，久久缓不过神来。

2120,action_part_a_orgasm_strong_C,0,CVP_A2_S|5_GE_90000,一股远比以往任何一次都要凶猛的快感自{anal}深处骤然炸开，{TargetName}只觉得自己整个人都被这股狂潮狠狠掀翻。\n连番不断的绝顶早已把她这一处的敏感度推上了一个全新的台阶，如今这记绝顶的烈度陡然翻了数倍，快意汹涌得几乎要将她的意识彻底冲垮。\n她感到那股极致的酥麻自后穴深处一圈圈地荡开，漫过腰腹，漫过四肢，直冲进脑海里炸成一片空白，令她失神地颤栗着，什么都想不了了。\n{anal}疯狂地绞缩着，她能清晰地感觉到大量温热的肠液不受控制地涌出，甚至小幅地喷溅而下，那种羞耻的失控感反而将她推向更深的迷醉。\n前所未有的极乐像海啸般一浪高过一浪，她的灵魂仿佛都在这股冲击里剧烈震颤，近乎崩溃的快意令她眼角泛起了泪光，整个人沉沦在这场凶猛的肛肠强绝顶里，久久无法自拔。
2121,action_part_a_orgasm_strong_C,0,CVP_A2_S|5_GE_90000,{TargetName}被一记远胜寻常的强烈绝顶狠狠攫住，那股自{anal}奔涌而来的快感汹涌得让她几乎失去了对自己身体的掌控。\n在这一处接连高潮了太多回之后，她的敏感度悄然跃上了更高的一阶，此刻哪怕最细微的余波都被无限放大，化作难以承受的极致快意，一波波冲刷着她所剩无几的理智。\n她只觉眼前阵阵发白，脑中嗡嗡作响，那股炽烈的酥麻从后穴深处一路烧到头顶，令她的意识摇摇欲坠，几乎要被这滔天的快感彻底淹没。\n她隐约察觉到{anal}正剧烈地痉挛绞缩，大量的肠液翻涌而出，那份湿淋淋的失控让她又羞又乱，偏偏这股羞耻又诡异地叠加进快感里，把她推入更深的沉沦。\n这是一场远超普通绝顶的灵魂震颤，极度的迷醉与近乎崩溃的快意交织在一起，令{TargetName}在颤栗中失神，只能任由这凶猛的强绝顶将自己整个吞没。
2122,action_part_a_orgasm_strong_C,0,CVP_A2_S|5_GE_90000,极致的快感毫无预兆地自{anal}深处轰然引爆，{TargetName}整个人都被这股远超以往的绝顶掀入了一片眩晕的白光之中。\n她清楚地感觉到，这一处在连续绝顶了无数次后，敏感度已经攀上了一个崭新的高度，于是这记绝顶来得比任何一次都要猛烈，快意强烈到几乎要把她的意识撕碎。\n那股汹涌的酥麻如烈焰般席卷全身，令她失神地战栗颤抖，脑海里一片空茫，连一个完整的念头都拼凑不出来，只剩下铺天盖地的极乐在体内翻腾。\n她迷乱地意识到{anal}正疯狂地一缩一张，翻涌的肠液不受控制地淌落甚至小幅喷出，那种彻底失控的羞耻感非但没能唤回她的理智，反而令她愈发沉醉。\n难以言喻的灵魂震撼一阵接一阵地冲击着她，近乎崩溃的迷醉快意让她眼神涣散、唇齿轻颤，{TargetName}在这场凶猛得远超寻常的肛肠强绝顶中彻底失了神，久久回不过神来。
2123,action_part_a_orgasm_strong_C,0,CVP_A2_S|5_GE_90000,一浪高过一浪的极致快感自{anal}深处狂涌而出，{TargetName}只觉得自己的身体与理智都在这股猛烈的绝顶里被冲得七零八落。\n连番的后穴高潮早已让她的敏感度悄然登上更高一阶，此刻这记绝顶因此凶猛得骇人，那铺天盖地的快意几乎要将她的意识整个冲垮。\n她感到那股炽热的酥麻自尾椎一路直窜头顶，在脑中炸成漫天的白光，令她失神地颤抖着，思绪被搅成一片混沌，什么都抓不住了。\n她隐约感觉到{anal}正剧烈地绞缩翕张，大量温热的肠液止不住地奔涌淌落，那份湿腻的失控感令她又羞又醉，反倒把她卷进更深的迷乱里。\n这是一种前所未有的极致沉沦，灵魂仿佛都在这股冲击下剧烈震荡，濒临崩溃的快意让{TargetName}泪眼朦胧地失神颤栗，整个人深深陷进这场远胜普通绝顶的强绝顶中难以脱身。
2124,action_part_a_orgasm_strong_C,0,CVP_A2_S|5_GE_90000,远超寻常的强烈快感如惊雷般在{anal}深处炸开，{TargetName}被这记凶猛的绝顶掀得神魂俱颤，几乎分不清自己身在何处。\n在这一处一次次接连绝顶之后，她的敏感度已然跃升了整整一级，如今这股快意汹涌得远胜以往，一波波地拍碎着她仅存的一丝清明。\n她只觉得那股极致的酥麻自后穴一圈圈地漾开，烧遍全身每一寸肌肤，最终在脑海里炸成一片空白，令她失神地战栗，连呼吸都乱作一团。\n迷乱之中她感到{anal}正疯狂地痉挛收缩，翻涌的肠液不受控制地涌出甚至小幅喷溅，那种赤裸裸的失控令她羞耻得几乎落泪，偏偏这羞耻又化作快感将她愈推愈深。\n难以名状的灵魂震撼与近乎崩溃的迷醉快意在她心底反复冲撞，{TargetName}在这场烈度远胜普通绝顶的肛肠强绝顶里彻底沉沦失神，久久沉浸在这数不清的极乐余韵中无法自拔。

2125,action_part_a_orgasm_strong_C,0,CVP_A2_T|126_E_1,一股远比以往任何一次都要凶猛的快感猛然从{anal}深处炸开，{TargetName}只觉整个人被一记强度惊人的绝顶狠狠掀翻，脑海里瞬间一片雪白。\n这处娇小紧致的后穴在一次次攀顶之后早已敏感得不可思议，如今每一下痉挛都爆发出翻倍的酥麻快意，那种烈度远远盖过了从前所有的普通高潮。\n极致的快感如潮水般一浪高过一浪地拍打着她的意识，她几乎要被这滔天的爽意彻底冲垮，失神地颤栗着，连思绪都无从抓握。\n她能清晰地感觉到{anal}深处涌出大量温热的肠液，甚至小幅地喷淌出来，那份羞耻叫她面颊滚烫，可这羞耻非但没能压下快感，反倒化作更浓烈的迷醉在心底疯狂蔓延。\n那是一种近乎崩溃的极乐，一种难以言喻的灵魂震撼，令她在这前所未有的强烈绝顶里彻底沉沦，什么都顾不上想，只能任由那滔天的快意将她整个人吞没。
2126,action_part_a_orgasm_strong_C,0,CVP_A2_T|126_E_1,快感像决堤般从{anal}深处汹涌炸裂开来，{TargetName}整个意识都在这一记远超寻常的强绝顶里剧烈晃荡，几乎被冲得支离破碎。\n这处紧俏娇小的小穴连番绝顶之后，敏感度仿佛跃上了一个崭新的台阶，如今随便一下收缩都能激起从前双倍不止的酥爽，那滋味浓烈得叫她头皮发麻。\n她失神地颤抖着，脑子里空荡荡的一片，只剩那股翻涌不休的极致快意在体内横冲直撞，一波接一波地将她的神志推向近乎崩溃的边缘。\n她隐隐察觉到{anal}深处大量肠液翻涌而出，甚至夹着小幅的喷溅，那种羞耻感烫红了她的脸，可越是羞耻，那股迷醉反倒越发深不见底。\n这般凶猛的绝顶带给她的是一种灵魂都为之震颤的极乐，令她在这前所未有的巅峰快意里彻底失了神，迷乱沉醉得再也回不过神来。
2127,action_part_a_orgasm_strong_C,0,CVP_A2_T|126_E_1,一记凶悍到极点的快感自{anal}深处轰然涌起，{TargetName}只觉自己被这远胜普通高潮的强烈绝顶狠狠攫住，意识在刹那间被冲得七零八落。\n她那处小巧紧致的后穴经历了一次又一次的攀顶，敏感度早已被硬生生顶上了新的高度，如今这股快感浓烈得几乎要将她整个人焚尽。\n翻涌的极乐一浪压着一浪地漫过她的神志，她失神颤栗着，脑中一片混沌空白，只能被那滔天的爽意裹挟着不停沉沦。\n她清楚地感到{anal}深处有大量温热肠液涌淌而出，还带着零星的小幅喷淌，那份难堪的羞耻叫她几乎抬不起头，偏偏这羞耻又与快感缠绞在一起，化成更疯狂的迷醉。\n那是近乎崩溃的极致快意，是一场撼动灵魂的巅峰冲击，令{TargetName}在这前所未有的强烈绝顶里彻底沦陷，迷乱得连自己是谁都快要忘记。
2128,action_part_a_orgasm_strong_C,0,CVP_A2_T|126_E_1,远超以往的滔天快感从{anal}深处猛然迸发，{TargetName}整个人被这一记强度惊人的绝顶掀得神魂俱颤，脑海一瞬间被冲刷得空空荡荡。\n只因这娇小紧窄的小穴连着绝顶了太多回，它的敏感度悄然攀上了一个全新的台阶，如今这份快意的烈度远远碾过了从前的每一次普通高潮。\n她失神地战栗着，意识几乎被那浪涛般翻滚的极乐彻底冲垮，思绪支离破碎，怎么也拼凑不回来，只剩满身满心的酥麻快感在肆意翻涌。\n她能感觉到{anal}深处大量肠液汹涌溢出，甚至小幅地喷淌开来，滚烫的羞耻瞬间烧红了她的脸，可这份羞耻却诡异地让她愈发迷醉沉沦。\n如此凶猛的绝顶在她心底激起的是近乎崩溃的极乐与难以言说的灵魂震撼，令她在这前所未有的巅峰快意里彻底迷失，深深沉溺得无法自拔。
2129,action_part_a_orgasm_strong_C,0,CVP_A2_T|126_E_1,快感以摧枯拉朽之势从{anal}深处轰然席卷而来，{TargetName}被这远胜寻常的强烈绝顶冲击得意识几近崩散，脑中只剩一片刺目的空白。\n这处小巧紧致的后穴在接连不断的攀顶之后，敏感得像是换了副身子，如今每一次绞缩都爆出翻倍的酥爽快意，浓烈得叫她几乎喘不上气。\n她失神颤栗着，任由那滔天的极乐一波又一波地漫过神志，思维彻底陷进混沌，只能被这排山倒海的快感推着不停沉沦下坠。\n她隐约察觉{anal}深处涌出大量温热的肠液，甚至带着小幅的喷溅，那股难以承受的羞耻烫红了脸颊，偏偏这羞耻又将她的迷醉推得更深更浓。\n那是一种近乎崩溃的巅峰快意，一场直击灵魂深处的剧烈震撼，令{TargetName}在这前所未有的强烈绝顶中彻底沦陷，迷乱沉醉到再难回神。

2130,action_part_a_orgasm_strong_C,0,CVP_A2_T|127_E_1,一股远比以往任何一次都更为凶猛的绝顶快感自{anal}深处轰然炸裂开来，{TargetName}只觉得那股汹涌的酥麻如烈焰般顺着脊椎一路窜上了头顶。\n在连续无数次的绝顶之后，这处敏感的地方仿佛被一举推上了一个全新的台阶，快感的烈度陡然翻倍，几乎要将她残存的理智彻底冲垮。\n她的意识在这灭顶的冲击中变得一片模糊，眼前阵阵发白，脑海里嗡嗡作响，前所未有的迷醉与颤栗席卷了全身，令她近乎崩溃地深陷其中。\n{anal}疯狂痉挛所带来的滔天快意令她整个人都在失神地战栗，那种自灵魂深处被狠狠撼动的极致快感让她连一丝羞耻都来不及去想。\n她隐约察觉到自己那圆润匀称的臀部正剧烈地弹颤，大量肠液失禁般涌出的羞耻更添了一层难以言喻的沉沦，可这股非常强烈的绝顶实在太过汹涌，令她只能在灭顶的迷乱中彻底缴械。
2131,action_part_a_orgasm_strong_C,0,CVP_A2_T|127_E_1,那股快感来得比过往任何一次都要凶猛，{TargetName}只觉得{anal}深处骤然迸发出一阵灭顶般的绝顶浪潮，将她瞬间卷入了一片眩晕的白光里。\n经历了一次又一次绝顶的洗礼后，这处后庭仿佛被开发到了一个崭新的台阶，快感的强度陡然拔高，猛烈得几乎要把她的神志一举撕碎。\n她感到自己的意识在这股汹涌的冲击下几近溃散，思绪断成一片片，只剩下那股滔天的酥麻在体内疯狂地翻腾冲撞，令她失神地颤抖。\n这种远远压过普通绝顶的极致快意从灵魂深处震得她浑身战栗，她沉沦在这前所未有的迷醉里，近乎崩溃地被那股快感彻底裹挟。\n她恍惚间感觉到自己柔韧圆润的臀肉正随着{anal}的痉挛而剧烈弹动，大量肠液涌出的失控羞耻令她面红耳赤，可这股非常强烈的绝顶太过凶猛，容不得她有半分抗拒的余地。
2132,action_part_a_orgasm_strong_C,0,CVP_A2_T|127_E_1,一记远胜寻常的绝顶快感自{anal}深处骤然轰爆，{TargetName}整个人被这股滔天的酥麻狠狠掀翻，脑中霎时一片空白。\n在连番绝顶的层层累积之后，这处敏感之地仿佛被拔高了一整个台阶，涌来的快感烈度陡增，猛烈得几乎将她的理智连根冲垮。\n她的意识在这灭顶般的巅峰里几乎彻底涣散，眼神失焦，浑身失神地颤栗，那股前所未有的极致快意如海啸般将她层层淹没。\n这远超普通绝顶的滔天快感令她的灵魂都为之震颤，她深深沉溺在近乎崩溃的迷醉之中，只觉得每一寸神经都被这股快意烧得酥麻发烫。\n她隐约意识到自己那匀称饱满而富有弹性的臀部正剧烈地颤抖弹动，{anal}处大量肠液失禁涌出的羞耻感令她无地自容，然而这股非常强烈的绝顶实在汹涌，令她只能任由灭顶的快感将自己吞没。
2133,action_part_a_orgasm_strong_C,0,CVP_A2_T|127_E_1,那股非同寻常的快感如惊雷般自{anal}深处炸响，{TargetName}只觉得一阵灭顶的酥麻猛地贯穿了她的全身，将她整个人抛入了眩晕的漩涡。\n历经一次次绝顶的反复冲刷，这处后穴的敏感仿佛被一举推上了新的台阶，快感的强度骤然翻涌拔高，猛烈得几乎要将她仅存的清醒彻底摧毁。\n她的意识在这滔天的冲击下变得支离破碎，脑海一片混沌轰鸣，只剩下那股疯狂翻腾的极致快意令她失神战栗，几近崩溃地沉沦其中。\n这远比普通绝顶更为凶悍的快感从灵魂最深处震撼着她，令她在前所未有的迷醉与颤栗里彻底缴械，连羞耻都被这股快意冲得七零八落。\n她恍惚察觉到自己圆润柔软的臀部在剧烈地弹颤，{anal}深处大量肠液汹涌而出的失控令她又羞又慌，可这股非常强烈的绝顶太过灭顶，容不得她有半分喘息，只能深深沉溺其中。
2134,action_part_a_orgasm_strong_C,0,CVP_A2_T|127_E_1,一股汹涌到近乎失控的绝顶快感自{anal}深处轰然迸裂，{TargetName}只觉得那滔天的酥麻如潮水般将她整个人狠狠淹没，脑中骤然一片空茫。\n在连续多次绝顶的累积之下，这处敏感的地方仿佛跃上了一个崭新的台阶，快感的烈度陡然翻倍，猛烈得几乎要把她的神志一举卷走。\n她的意识在这灭顶的巅峰中几乎彻底沦陷，眼前白光阵阵，浑身失神地剧烈颤栗，那股远超以往的极致快意令她迷醉得近乎崩溃。\n这种从灵魂深处被狠狠撼动的滔天快感让她再也无从自持，她深陷在前所未有的沉沦里，任由那股快意在体内疯狂地翻涌冲撞。\n她隐约感觉到自己那匀称圆润、富有弹性的臀部正随着{anal}的疯狂痉挛而剧烈弹动，大量肠液失禁般涌出的羞耻更教她心神俱乱，可这股非常强烈的绝顶实在太过凶猛，令她只能在灭顶的快意中彻底溃败沉溺。

2135,action_part_a_orgasm_strong_C,0,CVP_A2_T|128_E_1,一股远胜以往的极致快感毫无预兆地轰然贯穿了{TargetName}的意识，那是在{anal}接连绝顶无数次后、敏感度陡然攀上新台阶所迎来的强烈绝顶。\n她只觉得脑海里被这滔天的快意冲刷得一片空白，思绪彻底被搅散，连一丝清明都抓不住，整个人在灭顶的爽意中失神地战栗着。\n{anal}深处那排山倒海般的快感一浪高过一浪，远远盖过了从前任何一次普通绝顶，令她近乎迷醉地沉沦，心底涌起一阵又一阵难以言喻的灵魂震颤。\n她隐隐感到丰硕的巨臀在剧烈地波动，肠液大量涌出的羞耻感更让她又羞又乱，可那份汹涌的快意却将这羞意也一并吞没，只剩下几近崩溃的极致快感将她整个人牢牢淹没。
2136,action_part_a_orgasm_strong_C,0,CVP_A2_T|128_E_1,快感如决堤的洪流般狠狠灌进{TargetName}的每一根神经，这是{anal}多番连续绝顶后感度跃升一阶所带来的凶猛绝顶，强烈得令她几乎失去了自我。\n她的意识被这陡然拔高的爽意冲得摇摇欲坠，脑中嗡嗡作响，什么都想不了，只能被那铺天盖地的快感裹挟着不断向上攀升。\n{anal}传来的极致快意远超她所熟悉的任何一次普通绝顶，那份猛烈的冲击令她浑身战栗、双眼失神，内心翻涌起近乎崩溃的迷醉与酥麻。\n她朦胧中察觉自己丰满的巨臀正随着快感剧烈震颤，大量肠液失控涌溢的羞耻令她无地自容，偏偏这羞耻又被更汹涌的快意冲刷得支离破碎，只余一片沉沦。
2137,action_part_a_orgasm_strong_C,0,CVP_A2_T|128_E_1,积蓄已久的快感终于在这一刻彻底炸裂，{TargetName}被一场远比寻常凶猛的强绝顶狠狠掀翻，那是{anal}连绵绝顶多回后敏感度登上新阶所迸发的极致爽意。\n她的脑海被这灭顶的快感冲刷得空空荡荡，思维近乎停摆，唯有那无边的爽意在意识深处一波接一波地翻腾冲撞。\n{anal}深处的快感强烈到几乎将她的神志冲垮，那份远胜普通绝顶的震撼令她失神颤栗，心底泛起难以名状的迷醉与酥软。\n她恍惚间感觉丰腴的巨臀剧烈地颤荡不止，汹涌的肠液从深处不受控地涌出，那股羞耻几乎要将她烧化，可强烈的快意却压倒一切，令她只能在极致的迷乱中彻底缴械沉沦。
2138,action_part_a_orgasm_strong_C,0,CVP_A2_T|128_E_1,一记远超过往的强烈绝顶猝然将{TargetName}整个人吞没，那是{anal}反复攀顶多次后感度跃上崭新台阶换来的汹涌快意，猛烈得叫她几乎溃不成军。\n她的意识在这滔天快感前不堪一击，脑中一片混沌空白，再也拼凑不出半点清醒的思绪，只能任由爽意将自己彻底冲散。\n{anal}里那接连不断的极致快感远远压过了以往的普通绝顶，令她浑身发颤、神魂俱散，内心被一阵阵近乎崩溃的酥麻迷醉紧紧攫住。\n她迷蒙中觉出自己丰满硕大的巨臀正剧烈地波荡震颤，肠液大量失控淌出的羞耻感令她又慌又乱，然而这份羞耻转瞬便被更加凶猛的快意淹没，只留她在灭顶的沉沦里失神战栗。
2139,action_part_a_orgasm_strong_C,0,CVP_A2_T|128_E_1,{TargetName}被一股前所未有的强烈快感狠狠贯穿，那是{anal}在这一处连番绝顶之后敏感度悄然抬升一阶所迎来的猛烈绝顶，爽得她几乎神志尽失。\n她只觉整个脑袋都被这排山倒海的快意冲得嗡然空白，思绪碎成一片，连呼吸都乱了，唯有无穷的爽意在体内翻涌不息。\n{anal}深处那一浪高过一浪的极致快感远胜任何一次普通绝顶，那份震彻灵魂的冲击令她失神颤抖，心底涌起一阵阵迷醉到近乎崩溃的酥软快意。\n她隐隐感到丰盈的巨臀在剧烈晃荡颤动，大量肠液从深处汹涌溢出的羞耻令她面红耳赤，可这羞意早被汹涌的快感冲得七零八落，只剩她整个人沉溺在灭顶的极乐里无法自拔。

2140,action_part_a_orgasm_strong_C,0,high_1,一股远比以往任何一次都要猛烈的快感毫无预兆地从{anal}深处轰然炸开，{TargetName}整个人在这股极致的绝顶里彻底失了神。\n那种快意实在太强、太满，仿佛这一处在连番的高潮之后被磨得敏锐了一整个层次，如今涌来的绝顶已完全不是先前那些能够相比的了。\n汹涌的快感如决堤的洪流般一浪接一浪地将她的意识冲得摇摇欲坠，她的脑海里一片雪白，什么都想不了，只能在这灭顶的快意中不住地颤栗迷醉。\n她隐约感觉到{anal}正一下下疯狂地痉挛绞缩，有大量温热的肠液随之汹涌淌出、甚至小幅喷溅，那股难以启齿的失禁般的感觉令她又羞又乱，偏偏这份羞耻又诡异地令快感更加浓烈。\n她的灵魂像是被这场强绝顶狠狠撼动了，近乎崩溃的快意在心底横冲直撞，令她既恐惧又贪恋，只想彻底沉溺在这前所未有的极乐里，再也不愿清醒过来。
2141,action_part_a_orgasm_strong_C,0,high_1,这一次的绝顶陡然强得叫{TargetName}措手不及，一股远超寻常的快感巨浪从{anal}深处猛地翻涌上来，瞬间将她的理智冲得七零八落。\n她清晰地感觉到，这一处早已在一次次绝顶的反复冲刷里变得敏锐了一个台阶，此刻迎来的快意比过往任何一次普通绝顶都要浓烈、都要深重得多。\n那股极致的快感层层叠叠地拍打着她的神经，她的意识几乎被彻底冲垮，眼前阵阵发白，只剩下失神的颤栗和无边无际的沉沦。\n她恍惚间察觉到{anal}正凶狠地一缩一绞，大量肠液不受控制地涌淌而出，那种羞耻至极的失控感令她面红耳赤，却又被这份羞耻烧得愈发迷乱。\n一种近乎崩溃的极致快意在她心底炸裂开来，灵魂都仿佛被这场强绝顶震得发颤，她既惊惧于这灭顶的快感，又忍不住深深贪恋，整颗心都溺在了这前所未有的迷醉之中。
2142,action_part_a_orgasm_strong_C,0,high_1,{TargetName}只觉一股滔天的快意毫无预兆地从{anal}最深处炸裂开来，那强度远远盖过了以往的每一次绝顶，令她整个人瞬间失了神。\n连番的高潮早已把这一处磨砺得敏感了一整个层次，如今这股涌来的绝顶浓烈得几乎不真实，一波未平一波又起地将她卷入无底的快感深渊。\n她的脑子里嗡的一声彻底空白，什么念头都抓不住，意识被这排山倒海的快意冲刷得几近溃散，只余下不住的颤抖与失神的迷乱。\n她朦胧中感到{anal}正一阵阵疯狂地绞紧，温热的肠液汹涌地淌出、甚至小幅喷溅，那种仿佛失禁般的羞耻令她无地自容，偏这份难堪又叫快感更添了几分尖锐。\n灵魂像被狠狠撼动了一般，那近乎崩溃的极乐在心口翻搅奔腾，令她又羞又惧又沉醉，整个人都陷进了这远胜从前的强烈绝顶里，久久无法自拔。
2143,action_part_a_orgasm_strong_C,0,high_1,毫无防备之间，一股比过往猛烈太多的快感从{anal}深处骤然涌起，{TargetName}被这股极致的绝顶冲得神魂俱散。\n她隐隐意识到，这一处在反复攀顶之后敏感度已悄然跃上了一个新的台阶，眼下这场绝顶的强度是先前那些普通高潮完全无法企及的。\n汹涌的快意一层压着一层，将她仅剩的一点神志冲刷得摇摇欲坠，她眼前发白、思绪尽失，只能在这灭顶的快感里失神地颤栗迷醉着。\n她模糊地感到{anal}正凶狠地连连痉挛绞缩，大量温热的肠液随之涌淌而出，那股羞耻的失控感烧红了她的脸，却又诡异地令那快意愈发浓稠难耐。\n一种震撼灵魂的、近乎崩溃的快意在她心底疯狂蔓延，令她既想逃离这过载的极乐，又忍不住彻底沉沦其中，整颗心都在这前所未有的强绝顶里战栗、迷醉、无法自持。
2144,action_part_a_orgasm_strong_C,0,high_1,{TargetName}忽然被一股远胜以往的快感狠狠攫住，那股绝顶自{anal}深处轰然涌来，强烈得几乎将她整个人淹没吞没。\n经历过太多次的高潮之后，这一处早已被快感淬炼得敏锐了一个层次，此刻这场绝顶来得又猛又深，浓烈程度远远超出了她熟悉的每一次普通绝顶。\n那快意像潮水般一浪高过一浪地拍碎她的意识，她的脑海一片空茫，思维几乎被冲垮，唯余失神的战栗和无处可逃的沉溺。\n她恍惚察觉{anal}正一下下失控地绞紧翕张，温热的肠液不住地汹涌淌落、甚至小幅喷出，那种羞耻至极的失禁错觉令她又慌又乱，偏这份羞耻又将快感推得更高。\n灵魂仿佛被这场强绝顶重重震颤，一种近乎崩溃的极致快意在心底奔涌翻腾，令她既惶恐又贪恋，只能任由自己深深陷落进这灭顶而迷醉的快感狂潮里。

2145,action_part_a_orgasm_strong_C,0,t_npc_active_h,由自己掌握着全部主动权的{TargetName}怎么也没料到，这一次的快感会凶猛到将她自己彻底吞没。\n连续绝顶了太多次之后，{anal}的敏感度仿佛被生生拔高了一整个台阶，此刻涌上来的快意远比先前任何一次都要浓烈滚烫，一波接一波地朝她的脑海拍打过来。\n她只觉得那股极致的酥麻从{anal}深处轰然炸裂，顺着脊椎一路窜上头顶，将她原本游刃有余的掌控欲冲得七零八落，意识几乎当场被冲垮，眼前一阵阵发白。\n她失神地仰着头，浑身止不住地战栗，脑子里一片混沌，只剩下那灭顶般的快感在反复冲刷。\n{anal}深处那股大量肠液汹涌淌出的滚烫触感，更叫她生出一种近乎崩溃的羞耻与迷醉，明明是自己主导的这场情事，到头来却被这远超以往的强绝顶折腾得神魂俱颤。\n那是一种难以言喻的灵魂震撼，浓烈得几乎让她忘了呼吸，只能在这极致的绝顶浪潮里迷乱地沉沦下去。
2146,action_part_a_orgasm_strong_C,0,t_npc_active_h,主动跨坐着服务的{TargetName}本以为一切都在自己的拿捏之中，直到这一波强绝顶毫无征兆地将她狠狠掀翻。\n{anal}在接连高潮多次后，敏感度早已攀上了一个崭新的高度，此刻迸发的快感强烈得不可思议，远远盖过了从前那些普通的绝顶，凶悍地贯穿了她的全身。\n她感到一股滚烫的电流从{anal}深处炸开，顺着腰脊直冲天灵盖，脑海里霎时被冲刷得一片空白，那份掌控者的从容瞬间土崩瓦解。\n极致的快意像潮水般层层叠叠地涌来，将她的神志几乎冲垮，她失神地颤栗着，连指尖都在发抖。\n她隐约觉出{anal}正大量涌出滚烫的肠液，那种失禁般的失控感夹着强烈的羞耻，反倒把快感又推高了一层，令她愈发迷醉沉沦。\n这前所未有的极致绝顶带来的灵魂震颤，浓烈得近乎将她击溃，她只能瘫软地承受着，任凭那铺天盖地的快意将自己彻底淹没。
2147,action_part_a_orgasm_strong_C,0,t_npc_active_h,忘情地自己摆动腰臀的{TargetName}绝没想到，主动权握在手里的她，竟会被这一场强绝顶折腾得神魂涣散。\n{anal}在连番绝顶之后敏感度骤然跃升了一级，此刻积攒到顶的快感终于轰然决堤，那种烈度远非先前的普通绝顶可比，一下就将她的意识冲得摇摇欲坠。\n她只觉得一股灭顶的酥爽自{anal}深处翻涌炸开，密密麻麻地窜遍四肢百骸，脑子里嗡的一声便什么都想不起来了，只剩下无边的快意在反复拍打。\n她失神地张着嘴，浑身颤栗不止，那份掌控一切的骄矜早被冲刷得干干净净。\n{anal}深处大量肠液奔涌而出的滚烫与失控，令她生出一种近乎崩溃的羞耻迷醉，明明是自己主导的欢愉，却被推上了从未体验过的快感巅峰。\n那股难以名状的灵魂震撼浓烈得让她几近溺毙，她只能在这极致的绝顶里迷乱地沉浮，久久回不过神。
2148,action_part_a_orgasm_strong_C,0,t_npc_active_h,掌握着节奏自己耸动的{TargetName}被这一波突如其来的强绝顶冲得措手不及，那快感的烈度远远超出了她的预料。\n经历了一连串的绝顶之后，{anal}的敏感度已被推上一个全新的台阶，此刻涌来的快意浓烈滚烫得叫她招架不住，一层盖过一层地朝她的意识席卷而去。\n她感到那股极致的酥麻从{anal}最深处轰然爆开，顺着脊背直冲头顶，脑海瞬间被冲刷成一片雪白，原本主导者的从容荡然无存。\n她失神颤栗着，眼神涣散迷离，几乎连自己身在何处都恍惚了。\n{anal}正大量淌出滚烫肠液的失控触感，混着强烈的羞耻一并涌上心头，反把那份迷醉推得更高更浓。\n这远超以往的绝顶带来的震撼几乎将她的灵魂掀翻，浓烈到近乎崩溃的快意让她只能瘫软地承受，在这灭顶的浪潮里彻底沉沦。
2149,action_part_a_orgasm_strong_C,0,t_npc_active_h,这场由{TargetName}亲自主导的欢爱里，她本占尽主动，却在这一刻被强绝顶冲得溃不成军。\n{anal}在接连绝顶数回后敏感度陡升了一级，此刻迸发的快感凶猛得远超从前任何一次普通绝顶，铺天盖地地将她整个人卷入其中。\n她只觉一股滚烫的酥爽从{anal}深处炸裂开来，密密地窜上头顶，意识几乎被这灭顶的快意冲垮，眼前阵阵发白，思绪一片混沌。\n她失神地颤栗着，浑身酥软无力，那份掌控者的姿态早已碎得七零八落。\n{anal}深处大量肠液涌流而出的滚烫感夹着难以启齿的羞耻，令她在极度的迷醉里近乎崩溃，明明是自己挑起的情事，却被这强绝顶折磨得魂飞魄散。\n那种难以言喻的灵魂震撼浓烈得让她几乎失去知觉，只能在这前所未有的极致绝顶中战栗着、沉溺着，久久无法自拔。

2150,action_part_a_orgasm_strong_C,0,group_sex_mode_on&CVP_A2_A|34_LE_4,一股远比以往任何一次都要凶猛的快感自{anal}深处炸开，{TargetName}只觉得整个脑海都被这灭顶的绝顶浪潮冲得一片空茫。\n那处的敏感度仿佛在不知不觉间被拔高了一整个台阶，如今迎来的强绝顶猛烈得让她几乎抓不住自己的意识，失神地在极乐里颤栗。\n她能清楚地感觉到{anal}深处翻涌出大量温热的肠液，甚至小幅喷溅出去，那份淋漓的湿意让她羞得几乎要哭出来。\n可偏偏此刻身边围着这么多女性同伴，她心里那根羞耻的弦绷到了极点，一边被快感冲刷得神魂颠倒，一边死命提醒自己不能失态、不能被看见。\n越是这样拼命压抑，那被众目睽睽逼出的羞耻反倒和汹涌的快感缠绞在一起，化作更浓烈的刺激直往深处钻，令她在近乎崩溃的迷醉里又羞又爽，灵魂都被这强绝顶震得微微发颤。
2151,action_part_a_orgasm_strong_C,0,group_sex_mode_on&CVP_A2_A|34_LE_4,快感如决堤的洪流般从{anal}深处奔涌而上，猛得远远超过了{TargetName}记忆里的每一次高潮，她的意识几乎当场被这股强绝顶冲垮。\n连番攀顶之后，那处的敏感早已升到了一个全新的高度，这一波绝顶来得又深又烈，让她在失神的战栗里几乎忘了自己身在何处。\n偏偏一睁眼便是{SceneName}里其余女性投来的目光，那份被人注视的羞耻让她恨不得立刻消失，慌忙把脸埋低、把身子缩紧。\n她清晰地感到大量肠液自{anal}汩汩涌出，那种失禁般的湿热更让她无地自容，心里又慌又臊。\n然而越是想遮掩，越是压抑着不敢出声，那高涨的羞耻便越发把快感推向更凶的顶点，她只觉得又羞又迷醉，整个人在这灵魂震颤般的强绝顶里近乎失控，连指尖都在为这难以言喻的极乐而颤抖。
2152,action_part_a_orgasm_strong_C,0,group_sex_mode_on&CVP_A2_A|34_LE_4,一次强度骇人的绝顶自{anal}深处轰然引爆，那快感浓烈得几乎要把{TargetName}的神志整个吞没，脑中只剩一片被冲刷得空白的迷乱。\n她分明感到这一回的高潮比寻常时要强上太多，仿佛那处的每一寸都被磨得敏感异常，稍一触动便是铺天盖地的极乐，令她失神颤栗、几近沉沦。\n可就在快感最汹涌的当口，她的心底却始终横着一根羞耻的刺——{SceneName}里满是同伴的视线，她怎么也放不开，只能死死咬着唇把翻涌的呻吟咽回喉咙。\n{anal}深处涌出的大量肠液顺着股缝淌落，那份淋漓让她羞窘得几乎落泪，越发想把自己缩成一团藏起来。\n偏偏这被围观的羞耻与强绝顶的快意越缠越紧，化作一种令她又爱又怕的刺激，把她推向近乎崩溃的迷醉，整颗心都在这震撼灵魂的极乐里乱颤不休。
2153,action_part_a_orgasm_strong_C,0,group_sex_mode_on&CVP_A2_A|34_LE_4,{TargetName}只觉得一股滔天的快感从{anal}最深处猛地喷薄而出，那力道远非过往的绝顶可比，一瞬间便把她的思绪冲得七零八落。\n经历了一次次攀顶，那处的敏感被推上了从未有过的高度，如今这场强绝顶来得又猛又长，让她在极致的酥麻里失神战栗，几乎被彻底冲垮。\n她能真切地感觉到{anal}翻涌着大量温热的肠液不住溢流，那种止不住的湿热让她心慌意乱、羞耻难当。\n更教她煎熬的是，四周尽是{SceneName}里女性们好奇的注视，她不敢露出半分沉溺的模样，只能强忍着把身子背过去、把声音死死压住。\n可这份在众人眼皮底下强撑的窘迫，反倒和汹涌的快感搅在一起烧得她愈发滚烫，令她在又羞又醉的深渊里越陷越深，灵魂都被这远胜寻常的强绝顶震得发麻。
2154,action_part_a_orgasm_strong_C,0,group_sex_mode_on&CVP_A2_A|34_LE_4,一波凶猛得难以想象的绝顶自{anal}深处席卷而来，{TargetName}的意识几乎被这股强绝顶的浪头整个掀翻，脑海里只剩下嗡嗡作响的空白与灭顶的迷醉。\n那处早已在反复的高峰中变得敏感得可怕，此刻迎来的高潮比以往强出何止一筹，让她在前所未有的极乐里失神颤栗，连呼吸都乱了套。\n她清楚地感到大量肠液自{anal}汹涌而下甚至小幅喷出，那份泛滥的湿意烫得她满心羞臊，恨不能挖个洞把自己埋进去。\n可身处这么多女性之间，她无论如何都放不下那点体面，只能咬紧牙关强忍着不出声，把痉挛的身子往阴影里缩。\n偏偏这被围观逼出的羞耻不但没能压下快感，反倒像火上浇油般让绝顶更猛烈了几分，令她又羞又爽得几近崩溃，在这撼动灵魂的强绝顶里彻底沦陷，久久无法回神。

2155,action_part_a_orgasm_strong_C,0,group_sex_mode_on&CVP_A2_A|34_G_4,连番绝顶后{anal}的敏感早已攀上了一个从未触及的高度，这一次涌来的绝顶凶猛得远非以往任何一次可比，{TargetName}只觉一股灭顶的快感自{anal}深处轰然炸开。\n那股爽意猛烈得几乎要将她的意识整个冲垮，脑中一阵阵地发白失神，她在前所未有的极致快意里剧烈地颤栗着，连自己身在何处都快要分不清。\n{anal}一波波失控的痉挛把快感一遍遍推向新的顶点，她能清晰地感觉到大量滚烫的肠液正从体内奔涌而出，那份失禁般的羞耻不但没让她退缩，反倒像火上浇油般让快意更盛。\n更令她沉醉的是四周投来的道道目光，被这么多女性注视着达到强绝顶的羞耻与炫耀交织成一种难以言喻的兴奋，她甚至在失神中生出一丝得意，恨不得把这份只属于自己的极致快感尽数展示给旁人看。\n灵魂都在这场强烈的绝顶里剧烈震颤，迷醉得近乎崩溃。
2156,action_part_a_orgasm_strong_C,0,group_sex_mode_on&CVP_A2_A|34_G_4,这是{anal}连续绝顶太多次、敏感度陡然跃升一层之后才迎来的一场强烈绝顶，快感的烈度远远盖过了从前的每一次，{TargetName}被冲得几乎失去了神智。\n汹涌的爽意从{anal}最深处一浪高过一浪地翻涌上来，将她的思绪冲刷得七零八落，她在这股洪流里失神地战栗，眼前阵阵发花，意识几乎被快感彻底淹没。\n她隐约感到{anal}正不受控制地剧烈收缩，大量的肠液随之涌泄而出，那种又羞又爽的失控感反而将她推向更深的沉沦。\n而周遭女性那一道道艳羡又灼热的视线，令她心底涌起一阵放荡的快意，被人围观着绝顶的耻辱竟化作最上头的催情，她迷乱地想要把自己失控的模样毫无保留地炫耀出去。\n这份极致的快感与被注视的兴奋彼此纠缠，撞击着她的灵魂，令她在近乎崩溃的迷醉中彻底沉溺，久久无法自拔。
2157,action_part_a_orgasm_strong_C,0,group_sex_mode_on&CVP_A2_A|34_G_4,{anal}在一次次绝顶的累积中敏感到了一个崭新的台阶，此刻爆发的绝顶强烈得叫{TargetName}措手不及，一股远胜以往的快感自深处轰然涌起，几乎要把她的理智连根拔起。\n那爽意锐利而汹涌，一下下冲击着她的脑海，令她的意识频频发白、险些被彻底冲垮，她在极致的快意中失神地颤抖，浑身酥软得使不上半分力气。\n{anal}失控般的抽搐一次次将快感堆叠推高，她清楚地感到滚烫的肠液正大量地淌出体外，那份羞耻的失禁感竟与快感缠绕成更浓的迷醉。\n察觉到身旁女性们的目光尽数聚在自己身上，她心底那股展示的欲望骤然膨胀，被众人注视着强烈绝顶的羞耻反倒让她爽得头皮发麻，甚至在失神中扬起嘴角，想要把这份独享的快感炫耀个够。\n灵魂在这场绝顶里被震得支离破碎，迷乱与快意几乎将她推到崩溃的边缘。
2158,action_part_a_orgasm_strong_C,0,group_sex_mode_on&CVP_A2_A|34_G_4,经历了接二连三的绝顶，{anal}的快感早已被推上一个全新的层级，这一波绝顶来得又深又烈，{TargetName}只觉一阵排山倒海的爽意从{anal}深处席卷全身，将她的意识冲得七零八落。\n那快感强烈到近乎失真，她的脑子里一片片地空白，神志几乎被这灭顶的洪流彻底冲垮，整个人在剧烈的战栗中失神，连呼吸都乱作一团。\n她能感到{anal}正一阵阵不受控地绞缩，大量温热的肠液汹涌而出，那种失控涌液的羞耻感非但没有削弱快感，反而让她愈发迷醉沉沦。\n更叫她兴奋的是四周那些注视的眼睛，被这么多女性看着达到强绝顶，那份羞耻与炫耀混成一股滚烫的快意，她放浪地想把绝顶失控的自己彻底暴露给众人欣赏。\n这场强烈的绝顶震撼着她的灵魂，令她在极致的迷醉中颤栗不止，快意浓烈得近乎崩溃。
2159,action_part_a_orgasm_strong_C,0,group_sex_mode_on&CVP_A2_A|34_G_4,{anal}在反复的绝顶里敏感度节节攀升，终于在这一刻迎来一场强烈至极的绝顶，那快感的烈度远远超出{TargetName}以往所知的任何一次，一股洪流般的爽意自{anal}深处猛然炸裂开来。\n汹涌的快意瞬间将她的意识冲得几近溃散，脑海一阵阵地泛白失神，她在这前所未有的极致绝顶里剧烈颤栗，整个人迷乱得几乎不知今夕何夕。\n她清晰地感觉到{anal}正失控地一收一放，大量的肠液顺势喷涌淌落，那份羞耻的失禁竟成了更烈的催情，将她推向更深的沉醉。\n而周围女性们投来的每一道目光都像火一样烧着她的神经，被众人围观着强烈绝顶的耻感化作放荡的快意，她在失神中生出满满的炫耀之心，恨不能将这销魂的一幕尽情展露。\n灵魂被这强烈的绝顶震得剧烈发颤，迷醉与快感交织，令她沉沦到近乎崩溃的地步。

2160,action_part_a_orgasm_strong_C,0,h_in_love_hotel,在爱情旅馆这间只属于二人的私密房间里，{TargetName}被一股远比从前汹涌的快感彻底淹没了。\n{anal}在连番攀顶之后早已敏感得可怕，这一次涌上来的爽意比以往任何一次绝顶都要强烈太多太多，几乎在瞬间就把她的意识冲得七零八落。\n她只觉得从{anal}深处炸开的极致快感一浪高过一浪，铺天盖地地席卷过全身，脑海里一片雪白，什么都想不起来，只剩下无边无际的酥麻与战栗。\n那种敏感度攀上新台阶后迎来的强烈绝顶令她失神颤栗，心底翻涌起近乎崩溃的迷醉，仿佛整个灵魂都在这股快意里剧烈地震颤。\n她隐约感到{anal}正大股大股地淌出滚烫的肠液，那份失禁般的羞耻更是叫她又臊又醉，偏偏这股难以言喻的沉沦感反而让快感变得愈发浓烈，令她在爱情旅馆的暧昧气息里彻底迷失了自己。
2161,action_part_a_orgasm_strong_C,0,h_in_love_hotel,房门一合，爱情旅馆便成了与世隔绝的销魂之地，{TargetName}整个人陷进了一场几乎要将她吞噬的强烈绝顶。\n先前一次次的攀顶早已把{anal}的敏感抬到了一个全新的高度，此刻这股快感汹涌得远超寻常，狂潮般地把她仅存的一点神智也冲得摇摇欲坠。\n她只觉那从深处翻涌上来的爽意浓烈得叫人发疯，一波接一波地击碎她的理智，脑子里嗡嗡作响，除了灭顶的快意再容不下别的念头。\n这种远胜以往的极致绝顶令她浑身战栗失神，心底既迷醉又惶恐，一种近乎崩溃的甜美将她整个人牢牢攫住。\n她朦胧中感到{anal}正止不住地涌出大量温热的肠液，那股放浪的羞耻感在暧昧的房间里被无限放大，却诡异地与快感缠绕成一片，令她在这方私密天地里沉沦得无法自拔。
2162,action_part_a_orgasm_strong_C,0,h_in_love_hotel,在爱情旅馆弥漫着甜腻香氛的房间里，{TargetName}被一记格外凶猛的绝顶彻底攫住了心神。\n{anal}历经无数次高潮的洗礼后敏感度早已今非昔比，这一次奔涌而至的快感强得远超从前，几乎在刹那间就将她的意识整个掀翻。\n她只觉极致的酥爽自深处如潮水般漫开，一层层叠压上来，将她的思绪冲刷得一片空白，浑身上下只剩失控的战栗与说不出的迷醉。\n这股敏感升级后才有的强烈绝顶令她灵魂都在震颤，心底涌起近乎溃决的快意，甜得发狂，又烈得叫她几乎承受不住。\n她恍惚中察觉{anal}正大股地流淌出黏热的肠液，那种近乎失禁的臊意灼烧着她的脸，可越是羞耻，那股沉沦的快感便越是汹涌，令她在爱情旅馆的旖旎光影里再也顾不上半分矜持。
2163,action_part_a_orgasm_strong_C,0,h_in_love_hotel,爱情旅馆柔软私密的房间将一切都温柔地包裹起来，{TargetName}就在这里被推进了一场灭顶般的强烈绝顶。\n连续攀顶太多次之后，{anal}的敏感被拔升到一个前所未有的台阶，这股快感因此汹涌得远胜以往，狠狠地把她的意识冲得几近溃散。\n她感到从{anal}深处翻卷而出的爽意浓烈到极点，一波未平一波又起，脑海里白茫茫一片，连自己身在何处都恍惚得记不真切。\n这种远超普通绝顶的极致快感令她失神颤抖，心底迷醉得近乎崩溃，一阵阵难以言喻的震撼从灵魂深处涌上来。\n她隐约觉出{anal}正不受控地淌出大量滚烫的肠液，那份放荡的羞耻感在暧昧的空气里发酵，却和铺天盖地的快意搅成一团，令她在这间旅馆密室里彻底沉溺了下去。
2164,action_part_a_orgasm_strong_C,0,h_in_love_hotel,借着爱情旅馆房内那抹朦胧暧昧的灯色，{TargetName}被一场远比往常凶猛的绝顶卷走了所有神智。\n多番连续攀顶之后，{anal}的敏感已抵达一个从未有过的高度，这一记高潮的强度因此远远盖过先前的每一次，几乎在电光石火间就把她的理智焚烧殆尽。\n她只觉那自深处炸裂开来的极致快感如惊涛拍岸，一下下将她拍得神魂俱散，脑中一片空茫，唯余无休无止的酥麻在四肢百骸里横冲直撞。\n这种敏感攀上新台阶后迎来的强烈绝顶令她战栗失神，心底翻腾着近乎崩溃的迷醉，仿佛灵魂正被这股快意生生撕开又揉碎。\n她朦胧间感到{anal}大股地涌出灼热的肠液，那种失禁般的羞耻叫她又臊又晕，偏偏这份耻辱反倒让沉沦愈发甜美，令她在爱情旅馆的私密氛围里迷醉得再难自持。

2165,action_part_a_orgasm_strong_C,0,CVP_A2_T|102_E_1,一股远超以往任何一次的强烈快感骤然贯穿了{TargetName}稚嫩幼小的身体，{anal}深处那股酥麻感猛地涨到了一个她从未触及过的高点，仿佛所有先前积累的快感终于在这一刻被彻底引爆。\n{TargetName}的意识瞬间被冲得七零八落，脑子里一片混沌空白，什么都想不清楚，只剩下那股汹涌到几乎将她吞没的快意在身体里横冲直撞，让她整个人都控制不住地颤抖起来。\n她根本无法理解自己幼小的身体为什么会被这种陌生又猛烈的感觉冲击得如此彻底，那种前所未有的强烈让她害怕又茫然，却又身不由己地深深沉溺其中，完全无力抗拒。\n{anal}深处传来的胀热与酥麻交织在一起，隐约感觉到有什么温热的液体大量涌出的感觉，让她心底涌起一阵混杂着羞耻与迷乱的复杂情绪，稚嫩的心灵几乎要被这股灵魂般的震撼击溃。\n那阵极致的绝顶久久没有褪去的迹象，{TargetName}只能懵懵懂懂地任由自己被这股空前强烈的快感反复冲刷着，脑海里一片空白，除了颤抖，什么都做不到。
2166,action_part_a_orgasm_strong_C,0,CVP_A2_T|102_E_1,{TargetName}幼小懵懂的心底骤然涌起一阵前所未有的强烈冲击，{anal}深处那股快感猛地攀上了一个远比以往任何一次都要凶猛的高峰，仿佛积攒许久的敏感在这一瞬彻底爆发了出来。\n她的意识几乎被这股汹涌的快意冲得支离破碎，脑海里嗡嗡作响，什么念头都抓不住，只剩下一波接一波的战栗从心底最深处蔓延开来，让她完全丧失了自控的能力。\n那种强烈到近乎恐怖的快感让稚嫩的她既惊慌又茫然，明明连这是什么感觉都还说不清楚，身体却早已诚实地被这股陌生的浪潮彻底征服，无从抵抗，也无处可逃。\n{anal}深处涌动着大量温热液体流淌而出的感觉，让她心里涌起一阵羞耻与迷乱交织的情绪，那种灵魂被狠狠震撼的感受几乎要将她幼小的心智彻底击垮。\n那阵浩大的绝顶浪潮迟迟不肯散去，{TargetName}只能在懵懂无措中任凭自己被那股狂烈的快感反复冲刷吞没，脑子里空空荡荡，只余下止不住的颤栗与茫然。
2167,action_part_a_orgasm_strong_C,0,CVP_A2_T|102_E_1,猛然间，一股难以言喻的强烈快感自{anal}深处狠狠炸开，{TargetName}稚嫩幼小的身体瞬间被这股远胜以往任何一次的凶猛浪潮彻底裹挟吞没。\n她的意识几乎在那一刻被冲得支离破碎，脑海中一片混沌茫然，什么都抓不住，唯有那股铺天盖地涌来的快意在身体里不断翻涌，令她完全无法自持，连呼吸都变得断断续续。\n稚气未脱的她根本不明白自己幼小的身躯为何会承受如此猛烈陌生的冲击，那种前所未有的强度既让她惊惧又让她身不由己地深深沉沦，无处躲藏，也无从逃避。\n{anal}深处传来阵阵滚烫的酥麻，隐约察觉到有大量温热的液体不断涌流而出的触感，那种感受混杂着说不清的羞耻与失控的迷醉，狠狠震颤着她稚嫩懵懂的灵魂，让她几乎喘不过气来。\n那阵极致的高潮浪潮久久不肯平息，{TargetName}唯有懵懵懂懂地任由自己沉浸在这股空前强烈的快感之中，脑海一片空白，除了瑟瑟发抖，再无他念，只余下一具止不住颤动的稚嫩躯体。
2168,action_part_a_orgasm_strong_C,0,CVP_A2_T|102_E_1,一阵从未体验过的极致快感骤然席卷了{TargetName}娇小稚嫩的身躯，{anal}深处的敏感在此刻猛地跃上了一个远比普通绝顶更为强烈的新高度，仿佛所有先前积攒的酥麻终于找到了宣泄的出口。\n她小小的意识几乎瞬间被这股汹涌的快意冲得七零八落，脑海里一片空白混沌，什么都想不起来，只剩下那阵一波强过一波的战栗从骨子里蔓延开来，令她彻底失去自控。\n幼小的她完全无法理解这具还未发育完全的身体为何会被如此猛烈的感觉冲击得摇摇欲坠，那种陌生而强烈的冲击既令她心生畏惧，又让她不由自主地深陷其中，无法自拔。\n{anal}深处涌起阵阵滚烫的酥痒，隐约感受到大量温热液体不断涌出的触感，那种羞耻与失神交织的情绪几乎要将她稚嫩懵懂的心灵彻底冲垮击溃。\n那阵极致的绝顶余韵久久盘桓不去，{TargetName}只能懵懂无措地任凭自己沉溺在这股空前浩大的快感浪潮里，脑子里空空如也，唯余无休止的颤栗与茫然失措。
2169,action_part_a_orgasm_strong_C,0,CVP_A2_T|102_E_1,{TargetName}稚嫩幼小的心底骤然被一股空前强烈的快感狠狠击中，{anal}深处的酥麻感在瞬间涨到了一个远超以往的猛烈高度，仿佛此前每一次积攒的敏感都在这一刻找到了彻底释放的缺口。\n她的意识几乎当场被这股汹涌的快意冲得支离破碎，脑海里嗡嗡作响一片混沌，什么都无法思考，唯有一阵接一阵的战栗自灵魂深处蔓延开来，令她再无半分自持的余地。\n她根本弄不明白自己这具还未长开的稚嫩身躯为何会被这般陌生而猛烈的感觉冲击得摇摇欲坠，那种前所未有的强度既叫她惊慌失措，又叫她身不由己地深深沉溺进去，无从挣脱。\n{anal}深处传来阵阵滚烫湿热的酥麻，隐隐感觉到有大量温热的液体汩汩涌出的触感，那种混杂着羞耻与迷乱失神的情绪几乎要将她幼小懵懂的心灵彻底震垮。\n那阵极致猛烈的绝顶浪潮久久没有平息的迹象，{TargetName}只能懵懵懂懂地任由自己被这股空前强烈的快感反复冲刷吞没，脑海中一片空白，除了颤栗别无他念。

2170,action_part_a_orgasm_strong_C,0,h_in_bathroom,氤氲的水汽把{TargetName}整个人蒸得晕乎乎的，就在这弥漫的热雾里，她清楚地感觉到自己的{anal}早已在一次次登顶之后敏感得攀上了一个从未触及的新台阶。\n这一次涌来的绝顶强烈得让她措手不及，那股快感比以往任何一次普通高潮都要凶猛百倍，如同灭顶的浪潮般把她的神志几乎整个冲垮，脑海里一片雪白，什么都想不起来。\n她只觉得{anal}深处翻腾着令她战栗失神的极致快意，一阵阵酥麻的电流顺着湿透的脊背直窜头顶，逼得她在缭绕的水汽中不住颤栗。\n她隐约感到有大量滚烫的肠液从{anal}汹涌淌出，那种被热水与自己体液一同浇透的羞耻感，混着这排山倒海的快感反而叫她更加迷醉沉沦。\n她整颗心都在这场远超想象的强烈绝顶里剧烈震颤，那是一种近乎崩溃却又甜美到令人窒息的灵魂震撼，令她只想彻底沉没在这氤氲的水雾和汹涌的快意之中。
2171,action_part_a_orgasm_strong_C,0,h_in_bathroom,蒸腾的热气缭绕之间，{TargetName}恍惚觉得自己的{anal}被反复的高潮磨得敏感到了一个全新的境地，稍一触碰便是灭顶的快意。\n当这一波绝顶轰然砸下时，那股强烈得陌生的快感狠狠碾过她的意识，比过往的普通绝顶要剧烈太多，几乎在瞬间就把她的思绪冲得七零八落，脑子里只剩下嗡嗡的空白。\n她感到{anal}深处一阵阵疯狂翻涌的酥爽如电流般贯穿全身，令她在弥漫的水汽里失神地颤抖，连仰头喘息都变得艰难。\n温热的肠液不受控制地汩汩涌出的感觉让她又羞又乱，可这份湿滑淋漓的羞耻反倒把她推向更深的迷醉，令她愈发无法自拔。\n她的心神在这前所未有的强绝顶里剧烈摇荡，那种近乎崩溃的极致快意像要把她整个人的灵魂都震碎，她只能在氤氲的水声与快感的洪流中彻底失守，任由自己沉溺其中。
2172,action_part_a_orgasm_strong_C,0,h_in_bathroom,水汽朦胧地糊住了{TargetName}的视线，她迷迷糊糊地意识到，经历了一次又一次的攀顶之后，自己的{anal}已经敏感得跨上了一个崭新的台阶。\n这一回降临的绝顶强烈得近乎凶残，铺天盖地的快感如同决堤的洪水将她的理智整个淹没，那种远胜以往普通高潮的猛烈冲击，让她几乎连自己是谁都要忘掉，脑中一片混沌空茫。\n她只觉{anal}深处翻搅着令她魂飞魄散的极致酥爽，一波波战栗顺着湿透的腰背窜遍全身，逼得她在热雾里失神地打着颤。\n汹涌的肠液从身下不断淌出的湿热触感令她面红耳赤，然而在这排山倒海的快意面前，那点羞耻只是让她愈发沉醉迷乱。\n她的整颗心都被这场强烈到失控的绝顶搅得天翻地覆，那是一种迷醉到近乎崩溃的灵魂悸动，她再无余力思考，只想在这缭绕的水汽与滔天的快感里彻底沉沦下去。
2173,action_part_a_orgasm_strong_C,0,h_in_bathroom,在缭绕不散的热雾里，{TargetName}恍惚感到自己的{anal}早被连番的高潮磨得敏锐至极，每一丝刺激都被放大成灭顶的快意。\n这一次席卷而来的绝顶来得又猛又烈，强大到远超她所熟悉的任何一次普通高潮，那股快感狠狠冲垮了她仅存的一点神志，令她眼前发白、意识几近涣散。\n她清晰地感到{anal}深处一阵阵剧烈翻涌的极致酥麻直冲天灵，整个人在水汽中忍不住剧烈战栗，连呼吸都乱成了一团。\n她能感觉到大量滚烫的肠液正从身下失控地涌泄而出，那份被水浇透又淋漓不堪的羞耻，竟诡异地令她在快感里陷得更深、醉得更狠。\n她的心神在这场强烈得惊人的绝顶中震颤不已，仿佛灵魂都被这近乎崩溃的极致快意撕扯得支离破碎，她只能在氤氲蒸汽与哗哗水声的包裹下，任凭这滔天的快意把自己彻底吞没。
2174,action_part_a_orgasm_strong_C,0,h_in_bathroom,热水的蒸汽把{TargetName}熏得神志迷离，她朦朦胧胧地察觉到，一次次登顶早已让她的{anal}敏感得踏上了一个前所未有的新高度。\n随之而来的这场绝顶凶猛得令她招架不住，那铺天盖地的快感远比以往的普通高潮强烈得多，几乎在一瞬间就把她的意识冲刷得干干净净，脑海里只余下一片眩晕的空白。\n她只感到{anal}深处涌动着令她失魂落魄的极致快意，一股股酥麻的战栗顺着湿滑的脊梁直窜头顶，叫她在弥漫的水雾中颤栗得说不出话。\n温热的肠液从身下汩汩溢出的湿濡感令她又羞又慌，可越是这样淋漓失控，那股沉醉的快意反而将她卷得越深。\n她整个人的心魂都在这远超想象的强绝顶里剧烈摇撼，那是一种迷醉到近乎崩溃、甜美到令人战栗的灵魂震颤，她再也无力抗拒，只想在这氤氲水汽与汹涌快感中彻底缴械沉沦。

2175,action_part_a_orgasm_strong_C,0,hidden_sex_mode_1&place_someone_not_in_hidden_and_conscious,明明四周还有旁人来去，{TargetName}却觉得一股比以往任何一次都凶猛的快感正从{anal}深处轰然炸开，一连串的绝顶早已把这里的敏感推上了一个全新的台阶。\n积攒已久的快意在这一刻彻底决堤，那种远超寻常绝顶的极致爽意像潮水一样把她整个人淹没，她只觉得意识几乎被冲得七零八落，脑子里一片空白，浑身失神地剧烈颤栗着。\n她清楚地感到{anal}正大股大股地涌出滚烫的肠液，那种失禁般的羞耻几乎要把她烧化，偏偏又不能有半分声张。\n越是要在众目睽睽下强撑着装作若无其事，那份怕被人识破的心惊就越是把这股强绝顶的快感搅得愈发浓烈，她在灭顶的迷醉里近乎崩溃地承受着这场偷来的极乐，心跳如擂，几乎连站都站不稳。
2176,action_part_a_orgasm_strong_C,0,hidden_sex_mode_1&place_someone_not_in_hidden_and_conscious,{TargetName}的脑海里只剩下{anal}深处翻涌上来的骇人快意，这一次的绝顶远比之前每一回都要凶猛，仿佛敏感被人硬生生拔高了一整个台阶。\n她感觉那股极致的爽意从下腹一路狂卷而上，将她仅存的一点理智冲刷得干干净净，意识几乎被彻底冲垮，整个人在失神的颤栗中沉进了一片迷乱的深渊。\n她能清晰地感到{anal}正一阵阵地大量涌出温热的肠液，那种控制不住的失禁感带来铺天盖地的羞耻，可她连一声都不敢发出。\n身处这样人来人往的地方，那份既怕被发现又忍不住沉沦的矛盾把快感推向了顶点，她在近乎崩溃的极乐里一遍遍战栗，只觉得灵魂都被这场强绝顶震得支离破碎，甜得发疼，爽得发昏。
2177,action_part_a_orgasm_strong_C,0,hidden_sex_mode_1&place_someone_not_in_hidden_and_conscious,一股前所未有的强烈快感自{anal}最深处猛地涌起，{TargetName}只觉得连番累积的绝顶终于把这里的敏感顶上了一个崭新的高度，这一记绝顶来得又猛又狠。\n那种远远盖过以往的极致爽意瞬间席卷了她的四肢百骸，脑子嗡的一声彻底空白，意识在快感的洪流里几乎被冲得溃散，她失神地颤抖着，眼神一片涣散。\n她朦胧中察觉{anal}正汹涌地淌出大量滚烫的肠液，那种湿淋淋的失控让羞耻烧红了她的脸，偏又只能死死忍着不出声。\n身边就有旁人投来怀疑的目光，越是危险，那份偷欢的刺激就越是把快意烧得滚烫，她在灭顶般的迷醉中承受着这场强绝顶，心底翻涌着近乎崩溃的甜蜜与灵魂被撼动的震颤。
2178,action_part_a_orgasm_strong_C,0,hidden_sex_mode_1&place_someone_not_in_hidden_and_conscious,{TargetName}整个人都被从{anal}深处爆开的凶猛快感攫住了，一次次的绝顶早把这里的感度磨得敏锐到了新的台阶，这一场强绝顶远非从前的高潮可比。\n极致的爽意如同决堤的洪水将她彻底吞没，她的思维在这股洪流里几乎被冲得一干二净，意识摇摇欲坠，浑身失神地颤栗痉挛，迷乱得快要认不清自己。\n她能真切感觉到{anal}正一股股地喷涌出大量温热的肠液，那种失禁似的羞耻感几乎令她无地自容，却半点都不敢流露。\n偏偏此刻还身处旁人环伺的场合，那种怕被撞破的紧张与偷尝禁果的刺激交缠在一起，把强绝顶的快感烧到了极致，她在近乎崩溃的极乐中一次次战栗，只觉灵魂都被这灭顶的快意震得发颤。
2179,action_part_a_orgasm_strong_C,0,hidden_sex_mode_1&place_someone_not_in_hidden_and_conscious,那股比过往任何一次都要狂暴的快感从{anal}里骤然翻涌上来，{TargetName}恍惚意识到，连番的绝顶已经把这里的敏感推上了一个从未触及的台阶。\n汹涌的极致爽意像潮水般把她整个卷走，脑海一片空茫，仅剩的理智被彻底冲垮，她在失神的战栗里深深沉沦，几乎分不清身在何处。\n她迷迷糊糊地感到{anal}正大量地涌泄着滚烫的肠液，那份湿漉漉的失控让羞耻几乎将她淹没，可她连喘息都要死死压住。\n身在这般众目睽睽之地，越怕被人瞧出端倪，那份偷偷承欢的刺激就越发把快意烧得炽烈，她在近乎崩溃的迷醉中被这场强绝顶一次次撼动，甜得心颤，爽得魂飞，久久无法从这灭顶的极乐里挣脱出来。

2180,action_part_a_orgasm_strong_C,0,hidden_sex_mode_2&place_someone_not_in_hidden_and_conscious,一股远比以往任何一次都要凶猛的快感从{anal}深处轰然炸开，{TargetName}的意识在那一刻几乎被彻底冲垮。\n她清楚地感觉到这个部位在接连绝顶了那么多次之后，敏感竟像跨上了一个全新的台阶，此刻涌来的极致快意汹涌得叫她根本招架不住，脑海里一片空白，只剩下{anal}那疯狂绞缩带来的灭顶欢愉一浪高过一浪地将她淹没。\n偏偏就在这样天旋地转的时刻，她还得死死记着自己正躲在旁人瞧不见的暗处，而{Name}就在不远处若无其事地站着，那些人随时可能因一点异样而投来目光。\n这份不能被发现的惶恐与身体里排山倒海的迷醉狠狠交缠在一起，反倒把那股快感催得愈发浓烈，她一面失神颤栗一面拼命隐忍，只觉羞耻得几乎要哭出来。\n她隐约感到大量滚烫的肠液正不受控制地涌出，那种失禁般的羞耻感更是叫她的意识愈发迷乱，灵魂仿佛都被这场强绝顶震得支离破碎，只能在暗处无声地承受着这难以言喻的极致沉沦。
2181,action_part_a_orgasm_strong_C,0,hidden_sex_mode_2&place_someone_not_in_hidden_and_conscious,极致猛烈的快感如惊涛骇浪般从{anal}深处席卷而来，{TargetName}只觉得自己的神志被冲刷得七零八落。\n这个部位在一次次登顶之后敏感被磨得愈发尖锐，此刻迎来的这场强绝顶远远盖过了从前的任何一次普通高潮，那快意浓烈得近乎叫她崩溃，{anal}疯狂绞缩的每一下都像要把她的魂魄一并绞碎，令她在极乐中失神战栗。\n可她偏偏被困在这不能出声的隐蔽之处，明知{Name}正大大方方地暴露在旁人面前泰然周旋，她越是想到近处那些也许已隐隐生疑的目光，心底那股又惊又惧的羞耻便烧得越旺。\n这份提心吊胆非但没能压下快感，反而叫翻涌的迷醉更添了一层禁忌的甜美，她整个人都在这灵魂震颤般的极乐里沉沦，几乎要把持不住。\n她恍惚间察觉到{anal}正涌出大量温热的肠液，那种控制不住的狼狈叫她羞得几近落泪，却又在这份羞耻里迷醉得更深，只能咬紧牙关把翻涌的一切死死锁在暗处，独自吞下这近乎崩溃的极致快意。
2182,action_part_a_orgasm_strong_C,0,hidden_sex_mode_2&place_someone_not_in_hidden_and_conscious,一场汹涌到极点的强绝顶从{anal}深处轰然引爆，{TargetName}的脑海霎时被快感冲刷成一片雪白。\n她能清晰地感觉到这个部位早已在接连不断的绝顶中被推上了崭新的敏感台阶，此刻这股快意浓烈得远超以往，一浪接一浪地拍碎她的理智，{anal}疯狂痉挛翻搅的欢愉几乎要将她的意识整个卷走，令她在极乐中不住地失神颤栗。\n然而她此刻正藏在无人瞧得见的角落里，绝不能发出半点声响，一想到{Name}就在明处故作镇定地应付着，而周遭那些人似乎正隐隐察觉到什么，一股又羞又慌的战栗便顺着脊背窜起。\n这份唯恐败露的紧张与身体深处翻涌的迷醉相互撕扯，竟把那份快感烘托得愈发销魂，她一面在极致的沉沦里近乎崩溃一面死死咬牙压抑，羞耻得浑身发烫。\n她隐约意识到大量滚烫的肠液正失控地汹涌而出，那种失禁般的羞辱感让她的心神愈发迷乱涣散，灵魂仿佛都被这场狂暴的绝顶震得摇摇欲坠，只能在暗处独自承受这难以名状的极致欢愉。
2183,action_part_a_orgasm_strong_C,0,hidden_sex_mode_2&place_someone_not_in_hidden_and_conscious,前所未有的猛烈快感从{anal}深处铺天盖地地涌来，{TargetName}的意识几乎在瞬间就被冲得溃不成军。\n她真真切切地感到这个部位在连番绝顶之后敏感又攀上了一个新的高度，此刻这场强绝顶带来的极乐远非从前的普通高潮可比，{anal}疯狂绞缩的每一下都激起一阵灭顶的欢愉，令她在这难以承受的快意里失神战栗，脑中一片混沌。\n偏偏她还得强撑着最后一丝清明，死死记着自己正躲在旁人望不见的隐蔽处，{Name}就在不远的敞亮处从容自若，而近旁那些似有所觉的人随时可能循声望来。\n这份不能被识破的惶惑和身体里翻江倒海的迷醉狠狠纠缠，反倒把快感催逼得愈发浓烈，她在灵魂震颤的极乐中沉沦，又羞又怕地拼命把一切声息咽回喉咙。\n她恍惚感到{anal}正涌出大量温热黏腻的肠液，那种控制不住的羞耻叫她几乎要哭出声来，却又在这份禁忌的羞辱里迷醉得无法自拔，只能在暗处默默承受这近乎崩溃的极致沉沦。
2184,action_part_a_orgasm_strong_C,0,hidden_sex_mode_2&place_someone_not_in_hidden_and_conscious,极致而狂暴的快感自{anal}深处骤然迸发，{TargetName}只觉得自己的神志被这股洪流冲撞得支离破碎。\n这个部位历经了一连串的绝顶之后，敏感明显跃上了一个崭新的台阶，此刻这场强绝顶的快意远远超出了以往任何一次，浓烈得几乎叫她当场崩溃，{anal}疯狂翕张绞缩的欢愉一波盖过一波，把她的意识冲刷得所剩无几，令她在极乐中失神颤栗。\n可她此刻正深深藏在谁也发现不了的角落，连一丝喘息都不敢泄露，想到{Name}正暴露在众人视线里泰然自若，而周围那些人似乎正因一点异样而生出疑窦，她的心便又慌又羞地狂跳起来。\n这份提心吊胆的隐忍与身体深处排山倒海的迷醉交织成一片，竟叫那快感变得愈发禁忌而销魂，她在这灵魂震颤般的极致沉沦里几乎要把持不住，只能死死咬住下唇隐忍。\n她隐约察觉到大量滚烫的肠液正不受控制地涌淌而出，那种失禁般的狼狈羞耻让她的意识愈发迷离涣散，却又在这份难以启齿的羞辱里越陷越深，只能在暗处独自吞咽下这难以言喻的极致欢愉。

2185,action_part_a_orgasm_strong_C,0,hidden_sex_mode_3&place_someone_not_in_hidden_and_conscious,一股远胜以往的极致快感猛地从{anal}深处轰然炸开，{TargetName}只觉整个人都要被这股洪流冲得魂飞魄散。\n那处在连着绝顶了太多回之后，敏感得仿佛换了一副身子，如今这股堆积到顶点的快意齐齐迸发，强烈得令她几乎失了神，脑海里一片空白，什么都想不起来了。\n她清清楚楚地感到{anal}正疯狂地痉挛绞缩，大量滚烫的肠液不受控制地涌出，那种又羞又爽的失控感令她几乎崩溃。\n偏偏此刻近旁就是旁人，她拼了命地想装出若无其事的模样，可这份远超寻常绝顶的冲击根本压不住，越是强忍越是迷乱，一想到藏在暗处的博士正把她逼上这般境地，一股背德的羞耻与灭顶的快意便交缠着将她彻底淹没，她在无声的颤栗里失神地承受着这场几乎要将灵魂撕裂的强绝顶。
2186,action_part_a_orgasm_strong_C,0,hidden_sex_mode_3&place_someone_not_in_hidden_and_conscious,快感如决堤的洪水般从{anal}最深处汹涌漫上来，{TargetName}被这股远比从前猛烈的绝顶冲得头脑发昏，意识几乎被生生冲垮。\n连番绝顶后攀上新台阶的敏感令这一次的冲击强烈得超乎想象，她只觉眼前阵阵发花，浑身战栗着失了神，连思绪都被搅成了一团乱麻。\n她能真切地感觉到{anal}正一下下疯狂地绞缩，温热的肠液大量地涌淌出来，那种湿淋淋的失控叫她又羞又迷醉。\n可最要命的是身旁还有旁人，她死死咬着牙想撑住那副平静的假面，偏偏这灭顶的快意根本不容她伪装，一想到就在近处的暗角里博士正悄悄将她推向这般失控的绝顶，一种既怕被发觉又忍不住深深沉沦的复杂快感便令她心神俱颤，在这场撼动灵魂的强绝顶里近乎崩溃地承受着。
2187,action_part_a_orgasm_strong_C,0,hidden_sex_mode_3&place_someone_not_in_hidden_and_conscious,一阵前所未有的强烈快感自{anal}深处骤然席卷全身，{TargetName}被这远超普通绝顶的冲击撞得神志涣散，几乎抓不住半点清醒。\n那处经历了接二连三的绝顶后，敏感度早已跃上一个崭新的台阶，此刻积攒到极限的快意轰然齐发，猛烈得令她整个人都在失控地颤栗，脑子里嗡的一声便什么也剩不下了。\n她迷迷糊糊地感到{anal}正剧烈地痉挛翻搅，大股的肠液温热地涌流而出，那种彻底失控的滋味让她又羞又醉得说不出话。\n偏生四周尽是旁人，她拼命想维持住那副镇定的样子，可这股撼人心魄的绝顶哪里压得住，越是压抑越是迷醉沉沦，一念及藏在暗处的博士正是这般将她玩弄到失魂落魄，那股背德的羞耻便与灭顶的快感搅作一团，令她在无声战栗里失神地陷进了这场几近崩溃的强绝顶。
2188,action_part_a_orgasm_strong_C,0,hidden_sex_mode_3&place_someone_not_in_hidden_and_conscious,灭顶般的快感从{anal}深处猛然涌起，将{TargetName}的意识冲刷得七零八落，这份远胜寻常的强烈绝顶几乎要把她整个人吞没。\n在那处连续绝顶了无数次之后，敏感早已上了一个新的层级，如今蓄满的快意一齐倾泻而下，强烈得叫她双眼失神，浑身止不住地打着寒颤般的战栗，思绪一片空茫。\n她清晰地觉出{anal}正疯狂地绞缩收紧，温热的肠液大量地流淌出来，那种既羞耻又酥爽的失控感令她的心几乎要碎成一片迷乱。\n偏偏此刻旁人就在咫尺之内，她强撑着不让脸上露出破绽，可这撼动灵魂的绝顶根本无从掩饰，越是佯装从容心底越是翻涌着近乎崩溃的快意，一想到躲在暗处的博士正冷眼将她逼上绝境，那份背德的战栗便令她彻底沦陷在这场强绝顶之中。
2189,action_part_a_orgasm_strong_C,0,hidden_sex_mode_3&place_someone_not_in_hidden_and_conscious,一波远超以往的极致快感自{anal}最深处轰然爆发，{TargetName}被这股洪流冲得魂魄俱散，理智几乎在顷刻间土崩瓦解。\n那处在反复绝顶了太多次之后敏感得脱胎换骨，此刻堆积到极致的快意齐齐炸裂开来，猛烈得令她失神颤栗，脑海空白得连自己身在何处都恍惚了。\n她能真切感到{anal}正一阵阵疯狂地绞缩痉挛，大量温热的肠液止不住地溢淌，那种湿透的失控令她又羞又迷醉到无以复加。\n偏生身旁人影绰绰，她咬紧牙关拼命装出无事的样子，可这份灭顶的绝顶哪由得她伪装，越是强忍越是深深沉沦其中，一想到暗处的博士正悄然将她推向这般失魂的境地，一种唯恐被人窥破又忍不住彻底陷落的战栗，便将她整个人卷进了这场近乎崩溃的强绝顶里。

2190,action_part_a_orgasm_strong_C,0,hidden_sex_mode_4&place_someone_not_in_hidden_and_conscious,灭顶般的快感毫无征兆地在{anal}深处轰然炸开，{TargetName}只觉得自己的意识几乎在那一瞬被彻底冲垮。\n这是连番登顶之后敏感度攀上了一个全新台阶才迎来的强绝顶，那股爽意凶猛得远远盖过了以往任何一次普通的绝顶，令她整个脑海都被烧成一片空白。\n她失神地颤栗着，只觉一波又一波的极乐顺着{anal}疯狂地翻涌上来，把她卷进一种近乎崩溃的迷醉里，几乎连自己是谁都要忘了。\n可偏偏就在这样灭顶的时刻，她却必须死死咬住牙关不敢发出半点声响，只因隐约觉出障碍物那头似乎有人被这边的异样牵动，那份怕被撞破的惊惧和滔天的快意搅在一起，反倒把羞耻的刺激推得更高。\n她清楚地感到大量滚烫的肠液正不受控地从{anal}汹涌溢出，那份淋漓的失禁感令她又羞又慌，却只能在无声的颤抖里独自吞下这场藏在暗处的极致销魂。
2191,action_part_a_orgasm_strong_C,0,hidden_sex_mode_4&place_someone_not_in_hidden_and_conscious,一股远比从前任何一次都要凶猛的绝顶快感自{anal}深处猛地掀起，{TargetName}的理智在刹那间被冲得七零八落。\n连续多次的高潮早已把这里的敏感磨到了一个崭新的高度，如今这场强绝顶来势汹汹，那种强烈到近乎失真的爽意让她几乎失神。\n她只觉灵魂都被这滔天的快意震得发颤，脑子里空空荡荡什么都想不了，只剩{anal}一阵阵疯狂的痉挛把她一次次抛向迷乱的顶点。\n然而她连放声浪叫的资格都没有，只能仰起脖颈死死屏息，把满腔的呻吟硬生生咽回喉咙，心里又慌又急，生怕近旁那些似有所觉的人循着动静察觉到什么。\n她能清晰地感觉到黏腻的肠液大量地从{anal}涌出濡湿一片，那份羞耻令她面红耳赤，可越是要拼命掩藏，那股背德的极乐就越是汹涌，令她在无声中沉沦得无法自拔。
2192,action_part_a_orgasm_strong_C,0,hidden_sex_mode_4&place_someone_not_in_hidden_and_conscious,快感如决堤的洪流般从{anal}深处轰然涌上，{TargetName}的意识几乎被这股猛烈的绝顶彻底冲垮，眼前一阵阵发白。\n这是{anal}反复攀顶之后敏感度跃升一级才换来的非常强的绝顶，那种爽到极处的震颤远非寻常绝顶可比，令她浑身失控地战栗。\n她只觉得一股难以言喻的灵魂震荡席卷全身，迷醉得近乎崩溃，脑海里连一丝清明的念头都抓不住，整个人被极乐彻底淹没。\n可她偏偏要在这样销魂蚀骨的时刻拼命憋住声音，把脸埋得低低的死咬牙关，一颗心提到嗓子眼，唯恐不远处像是起了疑的旁人会寻声而来。\n她羞窘地察觉到大量温热的肠液正从{anal}失控地淌落，那份藏不住的淫靡令她又羞又怕，却只能在颤抖里咬紧牙独自承受这份见不得光的滔天快意，越压抑越是沉溺。
2193,action_part_a_orgasm_strong_C,0,hidden_sex_mode_4&place_someone_not_in_hidden_and_conscious,猛烈得几乎令人窒息的绝顶感自{anal}深处骤然爆发，{TargetName}整个人被这股爽意掀翻，理智在顷刻间土崩瓦解。\n数度登顶之后，这里的敏感被推上了一个前所未有的台阶，如今迎来的这场强绝顶强得叫她失神，快感一浪高过一浪地拍碎她的意识。\n她只觉自己像是被卷进了一场灭顶的极乐风暴，浑身颤栗着近乎崩溃，脑中空茫一片，那种迷醉深得让她几乎要溺死在里头。\n然而这销魂的一刻她却连喘息都要藏起来，死死掩着口鼻不敢松劲，又羞又惧的心思在胸口乱撞，生怕这边的异样惊动了附近那些似有察觉的人。\n她清楚地感到黏热的肠液大股大股地从{anal}奔涌而出，那份淋漓的羞耻烧得她面颊滚烫，可越是强忍着不敢声张，那股禁忌的快感就越发把她拖入无底的沉沦。
2194,action_part_a_orgasm_strong_C,0,hidden_sex_mode_4&place_someone_not_in_hidden_and_conscious,一波足以吞没理智的绝顶快感从{anal}深处汹涌炸开，{TargetName}只觉整个世界都在这一刻天旋地转，意识几乎被冲得粉碎。\n连续多次的高潮让这里的敏感悄然跨上了一个新的台阶，眼下这场强绝顶凶悍得远超过往，那种极致的爽意令她失神又颤栗。\n她被一种近乎崩溃的迷醉紧紧攫住，灵魂都仿佛在这滔天的快意里震颤发麻，脑海空白得连一个完整的念头都拼凑不出。\n可就在这令她欲仙欲死的顶点，她却只能死死锁住喉咙不敢泄出半点浪声，一颗心慌乱地狂跳，唯恐旁边那些似乎察觉到什么的人会朝这里望来。\n她羞耻地感到大量肠液正不受控地自{anal}喷涌而出濡湿下身，那份藏不住的失禁令她又慌又臊，却只能在无声的剧烈颤栗中独自咽下这份暗处的极乐，越是掩藏越是深陷其中无法自拔。

2195,action_part_a_orgasm_strong_C,0,exhibitionism_sex_mode_1,一股远比以往任何一次都要凶猛的绝顶快感从{anal}深处轰然炸裂开来，{TargetName}只觉得那处的敏感仿佛在无数次高潮之后被硬生生抬上了一个陌生的高度。\n这股极乐凶悍得几乎要将她的意识整个冲垮，脑海里一片雪白，什么都想不了，只能在这前所未有的强烈绝顶里失神地颤栗着。\n偏偏在这看似无人的室内，那扇没有锁上的门随时可能被人推开，这份怕被撞见的羞耻感非但没有削减快意，反而像一味催化剂，把她的迷醉烧得愈发浓烈。\n她能清晰地感觉到大量温热的肠液正不受控地从{anal}涌出、甚至喷溅出去，那种湿淋淋的失禁般的羞耻让她几近崩溃，却又诡异地爽得灵魂都在震颤。\n她死死咬着唇不敢出声，生怕惊动了门外可能路过的人，可越是压抑，那股冲垮理智的快感就越是汹涌，令她在羞耻与极乐的夹缝里彻底沉沦。
2196,action_part_a_orgasm_strong_C,0,exhibitionism_sex_mode_1,绝顶来袭的刹那，{TargetName}被一股远超普通绝顶的酥麻狂潮彻底吞没，{anal}深处翻涌上来的快感强烈得叫她几乎失去了对身体的掌控。\n经历了太多次的连番高潮之后，那里的感度像被推上了一个崭新的台阶，这一次的极乐凶猛得让她的神志摇摇欲坠，眼前阵阵发花。\n她心底清楚地明白，此刻的自己正暴露在这间随时可能有人闯入的房间里，窗外说不定就有人影经过，这份见不得光的紧张让她又惊又羞。\n可偏偏正是这份怕被人瞧见的刺激，让{anal}的绝顶变得愈发失控而甜腻，那种近乎崩溃的快意一层层地叠加，冲刷着她所剩无几的理智。\n她隐约感到滚烫的肠液正大量地淌出，那种羞耻得无地自容的感觉却和灵魂深处的震撼交织在一起，令她在无声的战栗中迷醉到几乎忘了呼吸，只想把这份禁忌的极乐藏进心底最深处。
2197,action_part_a_orgasm_strong_C,0,exhibitionism_sex_mode_1,这一次的绝顶来得比以往任何一次都要迅猛磅礴，{TargetName}只觉得从{anal}深处翻卷而上的快感强烈到几乎要把她整个人的意识都冲得七零八落。\n连续不断的高潮早已把那里的敏感磨到了一个全新的层级，此刻迸发的极乐远远盖过了寻常的绝顶，令她失神地颤抖着，脑子里空茫得一片混沌。\n她比谁都清楚这封闭的室内并不上锁，谁都可能在下一刻闯进来撞见她这副淫乱失态的模样，这份暴露的羞耻感烧得她面红耳赤。\n然而正是这种随时会被人窥破的危机，把她的快意抬升到了叫人近乎崩溃的高度，那股迷醉的酥麻一波接一波地击碎着她的矜持。\n她能感觉到{anal}正不受控地涌出大量温热的肠液，那种失禁般的湿意让她羞耻到想找地缝钻进去，偏偏灵魂却在这羞耻里被震得战栗不止，只能咬紧牙关默默承受这场既屈辱又极乐的强烈绝顶。
2198,action_part_a_orgasm_strong_C,0,exhibitionism_sex_mode_1,绝顶的浪头狠狠拍下的瞬间，{TargetName}被一股前所未有的强烈快感攫住，{anal}深处涌起的极乐凶悍得远远超出了她所熟悉的普通绝顶。\n仿佛经历无数次高潮后那里的感度终于跃上了新的台阶，这股酥麻的洪流几乎把她的意识冲得溃不成军，她只能失神地战栗，连一句完整的念头都拼凑不出。\n就在这看似空无一人的室内，她清楚那扇虚掩的门随时会被推开，自己这般失控的丑态说不定下一刻就要暴露在别人眼前，羞耻得几乎要落泪。\n可这份怕被撞见的紧张，却诡异地让{anal}的快感翻倍地膨胀，那种近乎崩溃的迷醉一层层地将她淹没，叫她在灵魂的震颤里彻底沉溺。\n她隐约察觉到大量肠液正从{anal}汩汩涌出，那种湿淋淋的羞耻和无从抵挡的极乐纠缠在一起，令她在无声的压抑中颤栗着，既想逃开又贪恋着这份禁忌的销魂。
2199,action_part_a_orgasm_strong_C,0,exhibitionism_sex_mode_1,这波绝顶凶猛得超乎想象，{TargetName}只觉得{anal}深处炸开的快感远比过往任何一次都要浓烈滚烫，几乎在一瞬间就把她的神志冲垮了大半。\n连番高潮的累积让那里的敏感攀上了一个陌生的高峰，此刻的极乐强烈到令她整个人失神地颤抖，脑海里翻涌着一片近乎崩溃的空白。\n她心里明明白白，这间无人的房间门户大开着，随时都有可能被人撞见她这副淫荡失控的模样，那份暴露的羞耻烧灼着她的每一根神经。\n偏偏这种随时曝光的刺激反倒成了最烈的春药，把{anal}的绝顶推向了叫她灵魂都为之震颤的高度，那股迷醉的快意一浪高过一浪。\n她清晰地感到滚热的肠液正大量涌出、甚至溅落出去，那种羞于启齿的湿滑令她又羞又慌，却又忍不住在这份见不得人的极乐里迷醉沉沦，只能死死压着声息，任凭这场强绝顶将自己彻底吞没。

2200,action_part_a_orgasm_strong_C,0,exhibitionism_sex_mode_2,在这一览无余的开阔户外，{TargetName}只觉得那个连续绝顶了太多次的{anal}早已敏感到了一个从未触及的崭新台阶，积攒到顶点的快感终于在这一刻决堤般轰然炸开。\n一股远比以往任何一次普通绝顶都要凶猛太多的强烈快意将她整个人狠狠淹没，那股汹涌的极乐从{anal}深处一路直冲上脑海，冲得她眼前发白、意识几乎被彻底冲垮。\n她在前所未有的极致绝顶里失神地颤栗着，脑中一片混沌，只剩下那股快感在反复地碾过每一根神经，令她生出一种近乎崩溃的迷醉快意，灵魂都为之剧烈震颤。\n她隐约感到大量滚烫的肠液正不受控制地从{anal}涌出，这份淋漓的失控更让暴露在旷野中的她羞耻得几乎要烧起来。\n偏偏这份无遮无拦、随时可能被人撞见的背德羞耻，又将她的快感催逼得愈发汹涌高涨，让她在这片开阔天地间沉沦得无法自拔。
2201,action_part_a_orgasm_strong_C,0,exhibitionism_sex_mode_2,露天的空旷之下，{TargetName}的神智在快感的巨浪里几乎荡然无存，那被连番绝顶反复磨过的{anal}敏感度攀上了一个全新的高度，此刻迎来的强绝顶烈度远远盖过了从前的每一次。\n那股快意浓烈得近乎失真，从{anal}最深处翻涌上来，一波压着一波地将她冲得四肢发软、意识涣散，仿佛整个人都要在这极致的快感里融化消散。\n她失神地仰着头颤栗，脑海里空空荡荡，只被那股汹涌的迷醉填满，心底涌起一阵近乎崩溃的狂喜，灵魂都被这前所未有的震撼撼动得摇摇欲坠。\n她感到{anal}正一股股地淌出滚烫的肠液，那份濡湿的羞耻在开阔的天地间被无限放大。\n可越是暴露在这无处遮蔽的旷野里，越是害怕被路过的人瞧见，那份背德的兴奋就越发将她的快感推向更高更险的顶点，让她彻底沉醉在这场露天的极乐之中。
2202,action_part_a_orgasm_strong_C,0,exhibitionism_sex_mode_2,在这毫无遮蔽的户外，{TargetName}只觉一场远超寻常的强绝顶正将自己整个吞没，那个绝顶过太多回的{anal}早已敏感到了一个陌生的新台阶，久积的快感终于一齐倾泻而出。\n汹涌的极乐从{anal}深处炸裂开来，快感浓烈得让她几乎失去了对身体的一切掌控，意识被冲刷得七零八落，眼前阵阵发花，只剩失神的颤栗。\n她沉溺在这前所未有的迷醉里，脑中一片眩白，那股近乎崩溃的强烈快意一次次撞击着她的神经，令她的灵魂都为这极致的震撼而战栗不已。\n她朦胧地察觉到{anal}正涌出大量温热的肠液，那份淋漓失禁般的感觉让暴露在开阔空间的她羞得无地自容。\n然而正是这份随时可能被人撞破的露天背德感，反而像烈火浇油般将她的快感烧得更旺，让她在旷野的风里彻底缴械沉沦。
2203,action_part_a_orgasm_strong_C,0,exhibitionism_sex_mode_2,广阔的旷野一览无遗，{TargetName}的意识在这一刻几乎被快感彻底冲垮，那被连续绝顶反复蹂躏过的{anal}敏感度已经跃上了一个崭新的台阶，此番强绝顶的快意远非以往的普通绝顶可比。\n那股极致的酥麻快感从{anal}深处狂涌而出，铺天盖地地将她整个人裹挟吞没，她只觉浑身酥软失力，脑海被冲得一片空茫，唯余失神的战栗。\n前所未有的迷醉快意在心底翻腾，几近崩溃的狂喜一浪接一浪地拍打着她的神智，那份灵魂深处的震撼让她颤栗得几乎连自己是谁都恍惚了。\n她隐约感觉{anal}正不住地喷涌出滚烫的肠液，那份湿淋淋的失控感在露天下更添了几分难堪的羞耻。\n可偏偏是这份暴露在开放天地、随时可能被人看见的背德刺激，将她的兴奋与快感一同催逼到了极点，令她在这片开阔之中沉醉得再难自持。
2204,action_part_a_orgasm_strong_C,0,exhibitionism_sex_mode_2,坦露在开阔天地间的{TargetName}，只觉一记远比寻常凶猛太多的强绝顶将她整个人狠狠贯穿，那个绝顶过无数次的{anal}敏感度早已攀升到一个全新的高度，此刻迎来的快感浓烈得令她几近失控。\n汹涌的极乐自{anal}最深处奔涌而上，快感一层层叠加碾压，将她的意识冲刷得支离破碎，眼前发白、神思涣散，整个人在这极致的高潮里失神地剧烈颤栗。\n她心底涌起一股近乎崩溃的迷醉快意，那股前所未有的震撼直击灵魂，让她沉溺得再也分不清方向，只能任由这滔天的快感将自己彻底淹没。\n她朦胧地感到{anal}正一股股涌出大量温热的肠液，那份淋漓的濡湿在无遮无拦的旷野里让她羞得浑身发烫。\n而这份随时可能撞见旁人的露天背德感，非但没有浇熄快感，反而将她的兴奋撩拨得愈演愈烈，令她在这片空旷的天地中彻底沉沦颤栗。

2205,action_part_a_orgasm_strong_C,0,exhibitionism_sex_mode_3,被这么多双眼睛死死盯着的瞬间，{TargetName}的意识几乎被那股汹涌的快感彻底冲垮了。\n这一次的绝顶远比以往任何一次都要猛烈，仿佛{anal}的敏感度在不知不觉间攀上了一个全新的台阶，快感如决堤的洪水般铺天盖地地淹没了她，令她整个人在众目睽睽下失神地颤栗。\n她清楚地感觉到{anal}正一阵阵疯狂地绞缩，大量滚热的肠液失禁般地涌出，而这份淋漓的失控恰恰暴露在所有人的注视之中，那股铺天盖地的羞耻感几乎要将她烧成灰烬。\n可偏偏是这份被围观的背德刺激，将快感推向了前所未有的极致，越是被看着，那阵灭顶的快意便越是汹涌，冲得她脑中一片空白。\n{TargetName}在这场公开的强绝顶里迷醉得近乎崩溃，羞耻与快感交织成难以言喻的灵魂震颤，令她既想遁地逃开，却又忍不住沉沦在这灭顶的极乐之中，失神地承受着一波又一波的猛烈冲击。
2206,action_part_a_orgasm_strong_C,0,exhibitionism_sex_mode_3,当所有人的目光如实质般落在身上时，{TargetName}只觉得那阵强烈的绝顶几乎要将她的神智整个吞没。\n这份快感远远盖过了以往每一次普通的高潮，仿佛{anal}的感度骤然跃升了一整个台阶，汹涌的快意一浪高过一浪地将她拍得七零八落，令她在众人面前失神地战栗不止。\n她能清晰地感到{anal}正剧烈地绞缩痉挛，大量温热的肠液不受控制地汩汩淌出，而这一切的失禁与失控都被众目睽睽看得清清楚楚，那股极致的羞耻烧得她几乎无地自容。\n然而正是这被公开围观的背德感，令快感变得愈发疯狂而甜腻，她越是羞耻，那阵灭顶的极乐就越是猛烈地贯穿全身。\n{TargetName}在这场当众的强绝顶中迷乱得近乎崩溃，理智被快感冲刷得所剩无几，只余灵魂被震得剧烈发颤的战栗，既羞耻到极点，又忍不住彻底沉溺在这前所未有的极致快意里。
2207,action_part_a_orgasm_strong_C,0,exhibitionism_sex_mode_3,暴露在众人灼灼的视线里，{TargetName}的意识在那一瞬几乎被快感彻底掀翻。\n这一次的绝顶猛烈得远超从前，仿佛{anal}早已在接连的高潮中被拔高了一整档感度，铺天盖地的快意如潮水般将她整个淹没，令她在公开的注视下失神颤栗，连一丝一毫的抵抗都无从谈起。\n她真切地感觉到{anal}疯狂地一阵阵收缩，滚烫的肠液大量涌出甚至小幅喷溅，那份淋漓的失禁被所有人尽收眼底，羞耻感汹涌得几乎令她昏厥。\n可越是被这么多人看着，那股背德的兴奋便越是将快感烧得愈发炽烈，令她在极致的羞耻与极致的快意间被撕扯得神魂颠倒。\n{TargetName}沉沦在这场当众的强绝顶里，脑海一片空白，唯剩灵魂被狠狠震撼的战栗与迷醉，那份近乎崩溃的快感令她既想羞愧地缩起身子，又忍不住彻底放任自己迎接一波又一波的猛烈冲刷。
2208,action_part_a_orgasm_strong_C,0,exhibitionism_sex_mode_3,被公开围观的那一刻，{TargetName}只觉得脑中轰然一响，强烈的绝顶几乎将她的神智连根冲垮。\n这份快感远非以往的普通高潮可比，仿佛{anal}的敏感度在连番的绝顶后骤然攀上了新的台阶，一波接一波的快意猛烈得令她在众目睽睽下彻底失神，浑身止不住地剧烈颤栗。\n她清晰地感受到{anal}疯狂地绞缩翕张，大量温热黏腻的肠液失控地奔涌而出，那份淋漓的狼狈被所有人看得纤毫毕露，极致的羞耻烧得她几乎要哭出来。\n然而正是这份被众人注视的背德刺激，将快感催得愈发疯狂，她越是感到羞耻，那阵灭顶的极乐便越是汹涌地将她吞没。\n{TargetName}在这场当众的强绝顶里迷醉得近乎崩溃，灵魂被震得剧烈发颤，羞耻与狂喜交缠成难以言喻的冲击，令她既恨不得就此消失，又忍不住深深沉沦在这前所未有的极致快感之中，失神地承受着那一波波猛烈的冲刷。
2209,action_part_a_orgasm_strong_C,0,exhibitionism_sex_mode_3,在{SceneName}众人无从回避的注视下达到顶点时，{TargetName}的神智几乎被那股猛烈的快感彻底冲垮。\n这份绝顶的强度远远压过了以往的普通高潮，仿佛{anal}的敏感度在连续的绝顶后陡然攀升了一整个台阶，一浪高过一浪的快意将她拍打得魂飞魄散，令她在公开的目光里失神地剧烈颤栗。\n她清楚地感觉到{anal}疯狂地一阵阵痉挛绞缩，大量温热的肠液不受控地奔涌而出甚至小幅喷溅，那份淋漓的失控被所有人看得一清二楚，极致的羞耻烧灼着她的每一根神经。\n然而正是这被众目睽睽围观的背德刺激，令快感变得愈发疯狂而灭顶，她越是无地自容，那股极乐便越是汹涌地将她吞没。\n{TargetName}在这场当众的强绝顶中迷醉得近乎崩溃，脑海空白一片，唯余灵魂被震得发颤的战栗，羞耻与狂喜交织成难以名状的冲击，令她既羞愧欲绝，又忍不住深深沉沦在这前所未有的极致快意里无法自拔。

2210,action_part_a_orgasm_strong_C,0,exhibitionism_sex_mode_4,一股远比以往任何一次都更加凶猛的快感从{anal}深处轰然炸开，{TargetName}只觉得整个人被这陌生而骇人的绝顶浪潮狠狠掀翻。\n经过一次次连绵的高潮，那里的敏感早已被推上了一个从未触及的高度，此刻这记强绝顶的烈度远远盖过了她记忆里的每一次寻常绝顶，快感汹涌得几乎要把她的意识整个冲垮，脑子里一片雪白，什么都想不了。\n偏偏身旁就横着那些失去意识的人，她心里既恐惧又莫名地亢奋——万一有谁此刻睁开眼，就会撞见她在{anal}的强绝顶里彻底失态的模样，这份提心吊胆的紧张不但没能压下快感，反倒把那股背德的羞耻催逼得愈发浓烈。\n她隐约感到大量温热的肠液正不受控地涌出，那份失禁般的羞耻叫她几乎要哭出来，可翻涌上来的极致快意却又叫她沉沦得无法自拔，在失神与颤栗里迷乱地承受着这场灵魂都为之震颤的强烈绝顶。
2211,action_part_a_orgasm_strong_C,0,exhibitionism_sex_mode_4,{anal}深处骤然迸发出一记远超寻常的绝顶，那股快感之凶猛，令{TargetName}的思绪在一瞬间被冲得支离破碎。\n连番的高潮早已把那里的感度抬到了一个崭新的台阶，如今这一波绝顶来得又深又烈，前所未有的快意像潮水般漫过全身，她的意识几乎要被彻底淹没，只剩下失神的战栗。\n近旁那一个个毫无知觉的身影不停地刺激着她的神经，她清楚地知道那些人随时可能转醒，正是这份危机四伏的紧迫感，让当众露出的羞耻化作一把烈火，把绝顶的快感烧得更加炽烈。\n她能感觉到{anal}正随着痉挛涌出大量灼热的肠液，那种当着旁人失禁的错觉让她羞得几乎无地自容，可偏偏这份极致的背德快意又让她迷醉得近乎崩溃，内心翻腾着难以言喻的震撼与沉沦，在强绝顶的洪流里彻底缴械。
2212,action_part_a_orgasm_strong_C,0,exhibitionism_sex_mode_4,快感如同决堤的洪水从{anal}最深处奔涌而出，{TargetName}被这远胜以往的强烈绝顶撞得神魂俱裂。\n一次次高潮的累积让那里的敏感登上了新的高度，这一记绝顶的强度早已不是从前那些寻常绝顶可以比拟，铺天盖地的快意将她的理智冲刷得所剩无几，脑海里嗡嗡作响，几乎要陷入一片空白。\n她心慌意乱地意识到身边就躺着那些沉睡昏迷的人，只要有一个醒来便会将她此刻的丑态尽收眼底，这份令人窒息的紧张不仅压不住快感，反而把露出的背德刺激推向了顶点，叫她又怕又沉醉。\n她隐隐察觉到{anal}正涌出一股股滚烫的肠液，那份失禁的羞耻令她面红耳赤，然而排山倒海的极致快意却把这羞耻碾成了更深的迷醉，她在失神颤栗中承受着这场几乎要将灵魂击穿的凶猛绝顶，内心迷乱得再也拼凑不出一句完整的念头。
2213,action_part_a_orgasm_strong_C,0,exhibitionism_sex_mode_4,一阵远比记忆中更为狂暴的快感自{anal}深处骤然掀起，{TargetName}整个人被这陌生的强烈绝顶卷进了失控的漩涡。\n历经连场高潮的洗礼，那里的感度已被抬升到一个全新的台阶，此刻的绝顶烈得叫她瞠目，那股势不可挡的快意几乎要把她仅存的意识彻底冲垮，令她在颤栗中失了神。\n身旁那些无意识的人静静地瘫着，她越是知道他们随时会苏醒，心底那份被人撞见的恐惧就越是与快感纠缠成一团，这种在他人面前失态的背德感把绝顶的滋味渲染得愈发浓烈刺激。\n她清晰地感到{anal}正不受控地淌出大量温热的肠液，那份仿佛当众失禁的羞耻让她几乎想找个地缝钻进去，可翻涌而来的极致快意却又叫她甘愿沉沦，在近乎崩溃的迷醉里颤抖着，将这场震撼灵魂的强绝顶尽数吞纳。
2214,action_part_a_orgasm_strong_C,0,exhibitionism_sex_mode_4,{anal}深处猛地爆发出一记前所未有的凶猛绝顶，那股快感狠狠地攫住了{TargetName}，将她的神智搅得一片混沌。\n连绵不绝的高潮早已把那里的敏感推上了崭新的高度，这一波绝顶的强度远远超出了她所熟悉的一切，汹涌的快意像要把她整个人吞没，意识几乎被冲得荡然无存，只余下失神的战栗与迷乱。\n四周横陈着那些昏睡失觉的人，她心知只要一点声响便会惊醒他们，这份随时暴露的紧张感反倒成了催情的烈药，让当众露出的羞耻与背德把绝顶的快感烘托得更加滚烫难耐。\n她隐约感到{anal}随着剧烈的痉挛涌出一股股灼热的肠液，那种失禁般的羞耻烧得她双眼发热，然而铺天盖地的极致快意却将这羞耻化作了更深的沉醉，她在灵魂都为之震颤的强绝顶里彻底迷失，脑中只剩一片空茫的、近乎崩溃的甜腻快意。

2215,action_part_a_orgasm_strong_C,0,t_imprisonment_1&CVP_A2_G_E_0,一股远比以往任何一次都凶猛的快感从{anal}深处轰然炸开，{TargetName}的意识在这一瞬几乎被彻底冲垮，她甚至来不及去恨，就被这场强绝顶狠狠掀进了失神的深渊。\n被囚禁在这陌生之地的她原本满心只有恐惧与屈辱，可那处在被反复送上绝顶后早已敏感得越过了界，如今这一记强烈的巅峰强得叫她眼前发白、浑身战栗。\n她清晰地感到{anal}一阵阵剧烈绞缩，大量肠液不受控地涌溢而出，那种失禁般的羞耻感几乎要将她逼疯。\n为什么被一个陌生男人囚困凌辱的身体，竟会攀上这样灭顶的快意——这个念头令她近乎崩溃，泪水夺眶而出，灵魂在这剧烈的震颤里被搅得七零八落，只余一片迷乱与不甘。
2216,action_part_a_orgasm_strong_C,0,t_imprisonment_1&CVP_A2_G_E_0,快感如决堤的洪流猛地灌满{TargetName}的全身，那强度远远盖过了先前每一次普通的绝顶，令她的神智几乎在顷刻间被冲得溃散无踪。\n身处囚禁之中的她本满怀愤怒与惊惶，一心只想逃离这个陌生男人，可{anal}在连番绝顶后感度早已跃上一个新的台阶，这场强烈的高潮因此汹涌得让她失神颤栗、无从抵挡。\n她能真切地感到{anal}深处剧烈翻搅，一股股温热的肠液被挤涌而出，那羞耻得无地自容的失控感却诡异地与灭顶的快意纠缠在一起。\n明明是被陌生人强加的凌辱，身体却背叛般地攀上如此极致的巅峰，这令她既迷醉又崩溃，一颗心被巨大的羞辱和难以言喻的震撼撕扯着，几乎再也撑不住。
2217,action_part_a_orgasm_strong_C,0,t_imprisonment_1&CVP_A2_G_E_0,一记强得离谱的绝顶毫无预兆地贯穿了{TargetName}的身体，那快感凶猛得像要把她的意识连根拔起，她只觉眼前一阵阵发白，整个人被掀进失神的漩涡里。\n在这陌生的囚牢中被一次次逼上绝顶后，{anal}的敏感早已抬到了一个全新的高度，这一场强绝顶便来得又猛又狠，狠得她几乎连恐惧都顾不上了。\n她清楚地感觉到{anal}疯狂地绞缩痉挛，大量肠液失禁般涌淌而出，那份羞耻几乎要将她仅存的自尊碾成齑粉。\n为何被陌生男人囚困的躯体会诚实到这般地步，会为这样屈辱的对待迎来如此剧烈的巅峰——这令她迷乱、震撼又不甘，泪如雨下地在灭顶的快意里近乎崩溃。
2218,action_part_a_orgasm_strong_C,0,t_imprisonment_1&CVP_A2_G_E_0,汹涌的快感陡然从{anal}深处炸裂开来，比过往任何一次绝顶都要强烈百倍，{TargetName}的意识几乎被这股洪流冲垮，脑中一片空茫，浑身失控地剧烈颤栗。\n被监禁的她满心皆是屈辱与不解，明明对这个陌生男人只有恐惧，那处却在反复的绝顶里越来越敏感，如今这一场强烈的高峰竟把她推向了从未体会过的灭顶迷醉。\n她能感到{anal}一波波剧烈收缩，温热的肠液成股涌出甚至微微喷溅，那种羞耻的失控让她恨不得就此昏死过去。\n她无法理解身体为何这般背叛自己，为何会在陌生人的凌辱下攀上如此强烈的顶点，巨大的羞辱与震撼交织翻搅，将她的心搅得支离破碎，几乎濒临崩溃的边缘。
2219,action_part_a_orgasm_strong_C,0,t_imprisonment_1&CVP_A2_G_E_0,前所未有的强烈快意骤然席卷了{TargetName}的四肢百骸，那种远超以往的绝顶力度令她的神志几乎被彻底冲散，她失神地颤抖着，连挣扎的力气都被夺了个干净。\n身陷囚禁的她本满腔恐惧与愤懑，只把这个陌生男人视作梦魇，可{anal}历经连番绝顶后感度早已登上新阶，这一记强绝顶因此凶猛得叫她灵魂都为之震颤。\n她真切地感到{anal}深处剧烈痉挛绞拧，大量肠液不受控地涌流而出，那濒临失禁的羞耻感几乎将她整个人吞没。\n被陌生人囚困折辱的身体竟迎来这样极致的快感，这个事实令她又迷醉又崩溃，屈辱的泪水汹涌滚落，唯余满心的震撼与不甘在灭顶的快意里翻腾不休。

2220,action_part_a_orgasm_strong_C,0,CVP_A2_T|103_E_1,一股远超以往任何一次的滚烫痉挛毫无征兆地从{anal}深处轰然炸开，身量娇小、稚气未脱的{TargetName}被这股陡然攀升的快感冲得浑身一僵，脑海里瞬间涌起一片混乱的空白。\n她分明还记得先前那几次绝顶留下的滋味，却完全没料到同一个地方竟能颤抖得这般凶猛，仿佛体内那道敏感的门槛被硬生生地拔高了一整层，将她本就没多少经验的心思搅得七零八落。\n{anal}一波接一波不受控制地剧烈绞缩着，稚嫩纤细的腰肢跟着深深弓起又颓然瘫软，双腿控制不住地蜷缩打颤，脚趾紧紧蜷起，稚气的手指徒劳地攥紧又松开。\n她心里又惊又怕，却又忍不住被那股滔天的酥麻拽着往深处坠去，那种混杂着孩子气的惶恐与本能沉溺的矛盾情绪几乎将她的理智撕成两半，一时竟分不清自己究竟是想逃开还是想沉溺得更深。\n{anal}深处大量滚烫的肠液汹涌涌出，甚至带着小幅的力道向外喷溅，那份羞耻感狠狠灼烧着她稚嫩的心，令她眼眶泛红，泪光在眼角打转，灵魂仿佛都被这场近乎失控的猛烈绝顶震得摇摇欲坠，久久无法找回清醒的自己。
2221,action_part_a_orgasm_strong_C,0,CVP_A2_T|103_E_1,毫无预警间，一记远比先前猛烈得多的酸胀猝然从{anal}最深处轰然涌起，身体才刚刚开始发育的{TargetName}被这股骤然升级的冲击撞得脊背一挺，喉咙里溢出一声破碎而懵懂的短促气音。\n她隐约明白自己已经在这个地方接连迎来过好几次绝顶，可这一次的滋味却陌生得可怕，仿佛敏感被硬生生推上了一个从未触及的新台阶，令她那点少得可怜的心理准备顷刻间土崩瓦解。\n{anal}没完没了地剧烈收缩痉挛，一下比一下更用力，尚未完全长开的腰肢反复深深弓起又瘫软下去，纤细的双腿控制不住地蜷曲打颤，脚背绷得笔直，浑身的肌肉都不听使唤地抽紧。\n她既害怕这股陌生到近乎可怖的强烈快感，又被体内翻涌的沉迷感牵引着不由自主地想要更多，天真与早熟交织的矛盾心思在这场剧烈冲击里被搅得支离破碎，连自己都快认不清此刻的想法。\n{anal}深处涌出的肠液比以往任何一次都要多得多，甚至夹杂着小幅的喷溅，那份混着羞耻与快意的失控感令{TargetName}眼神涣散，稚嫩的脸颊烧得滚烫，仿佛整颗心都要被这场灵魂震颤般的绝顶彻底冲垮。
2222,action_part_a_orgasm_strong_C,0,CVP_A2_T|103_E_1,{anal}深处骤然掀起一阵狂潮般的猛烈绞紧，力道远比方才任何一次绝顶都要凶悍百倍，身形娇小却已隐约有了几分少女轮廓的{TargetName}被这股突如其来的强烈冲击惊得浑身一颤，脑子里瞬间乱成一团。\n她原本以为自己已经渐渐摸清了这具尚在发育的身体会有怎样的反应，此刻却发现完全不是那么回事，那种敏感骤然攀升带来的猛烈快感彻底超出了她懵懂的想象，让她一点点建立起的从容荡然无存。\n意识几乎被这股狂潮彻底冲垮，脑海里空空荡荡，什么念头都抓不住，只剩下一片令人失神的酥麻在四肢百骸里疯狂流窜，稚嫩的腰肢深深弓起又颓然塌陷，双腿失控地痉挛蹬动，手指徒然揪紧了身侧的空气。\n她心里又是惊惧又是着迷，那份属于孩子的怯懦和悄然滋生的沉沦欲望死死纠缠在一起，令{TargetName}说不清自己此刻究竟是想躲开还是渴望继续沉溺下去。\n{anal}里滚烫的肠液汹涌地往外涌，甚至带着小幅的喷溅，惹得她羞耻得几乎快要昏死过去，却又说不出这份羞耻究竟从何而来，只能在这场灵魂都为之震颤的极致绝顶里，泪眼朦胧地瑟瑟颤栗，近乎崩溃地沉沦下去。
2223,action_part_a_orgasm_strong_C,0,CVP_A2_T|103_E_1,一波比先前凶猛数倍的战栗猝不及防地自{anal}深处轰然炸裂，年岁尚幼、身量单薄的{TargetName}被这股力道掀得浑身僵直，连惊呼都还没来得及成形便被生生噎回了喉咙里。\n她能感觉到这一次和之前经历的每一次都截然不同，仿佛某种界限被彻底打破，那种远超想象的强烈快感如潮水般层层堆叠而来，把她那点尚且稚嫩的理智冲得七零八落，什么都抓不住也想不明白。\n{anal}反反复复地剧烈痉挛着，一次比一次更加凶猛，未曾完全长开的腰肢跟着一遍遍深深弓起又瘫软塌陷，纤细的双腿止不住地蜷缩打颤，脚趾蜷曲成一团，稚嫩的指尖死死抠住了能触到的一切。\n又怕又痴迷的情绪在她小小的心里翻江倒海，明明浑身都因恐惧而发颤，内心深处却又隐隐渴望着这股快感再猛烈一些，那种既想哭喊着逃开、又舍不得就此结束的矛盾几乎要将她的心撕裂。\n{anal}深处大量温热的肠液不断涌出，甚至小幅地向外喷溅，那种混杂着羞耻与沉醉的复杂快意直冲天灵盖，令{TargetName}泪水盈眶，灵魂仿佛都被这场剧烈绝顶震得粉碎，久久沉浸在那阵尚未散去的眩晕余韵之中。
2224,action_part_a_orgasm_strong_C,0,CVP_A2_T|103_E_1,伴随着一声压抑不住的稚气呜咽，一记远比从前所有绝顶都更加汹涌的快意骤然从{anal}深处冲刷而出，还带着孩童圆润轮廓的{TargetName}被这股力道震得手脚僵直，脑中瞬间一片空白。\n她怎么也想不通，为何这具才刚开始发育的身体竟能一次比一次颤抖得更加猛烈，那股完全陌生的酥麻感层层堆叠着朝她压过来，把她本就懵懂青涩的心神搅得乱七八糟，连自己身处何地都恍恍惚惚。\n{anal}一阵接一阵地剧烈绞缩，力道一次比一次沉重，稚嫩的腰肢弓起后又无力地塌软下去，双腿也跟着不受控制地蜷起打颤，手指紧紧揪住了身侧，指节都泛出发白的颜色。\n她似懂非懂地意识到这波快感比自己以往经历过的任何一次都要强烈得多，那种混合着孩童般的惶恐与说不清道不明的着迷令她浑身发烫，既想放声哭出来，又舍不得挣脱这股沉沦的漩涡。\n{anal}深处涌出的肠液量比以往猛增了许多，甚至隐约带着喷溅的迹象，那种混杂着羞耻、迷醉与失控的复杂感受让{TargetName}忍不住紧咬着嘴唇，心底翻涌着难以言说的震撼与沉迷，久久无法平复下来。

2225,action_part_a_orgasm_strong_C,0,t_imprisonment_1&CVP_A2_G_GE_1&CVP_A2_G_LE_2,远比以往任何一次都要凶猛的快感毫无征兆地贯穿了{TargetName}，那是接连绝顶后感度被拔高一层才迎来的强烈高潮，猛烈得几乎要将她的神志整个冲垮。\n{anal}传来的酥麻早已不是从前那种程度，一波盖过一波的极致快意在她体内翻江倒海，令她失神地战栗，脑子里一片雪白，什么都想不了。\n她能清晰地感觉到{anal}深处大量温热的肠液汹涌淌出，那股失禁般的羞耻更把她推向濒临崩溃的迷乱。\n可就在这灵魂都为之震颤的绝顶巅峰，心底那份藏了许久的爱慕却搅得她愈发难受，分明是那样喜欢着{Name}，为何偏要被他囚禁在此，被逼着尝到这种身不由己的强烈快感？\n她又爱又痛，又羞又怨，只能任泪水滑落，在这远超寻常的绝顶里迷失沉沦。
2226,action_part_a_orgasm_strong_C,0,t_imprisonment_1&CVP_A2_G_GE_1&CVP_A2_G_LE_2,一记远超普通绝顶的强烈快感狠狠攫住了{TargetName}，连番被逼上顶点后，{anal}的敏感早已攀上了一个全新的台阶，此刻迸发的快意汹涌得几乎把她仅存的意识冲得支离破碎。\n她失神地颤栗着，那股酥麻的洪流一层层地漫过全身，甜得发疼，爽得发慌，脑海里空空荡荡，只剩下无边的迷醉在翻卷。\n她羞耻地察觉到{anal}正大量涌出滚烫的肠液，那种控制不住的失禁感让她又慌又乱，却更被这强烈的快感拽着往深处坠。\n偏偏在这快意的巅峰，心口那份对{Name}的悸动又冒了出来，令她的心跟着绞痛，被自己暗暗喜欢的人这样囚着、逼着达到这般失控的绝顶，她说不清是恨还是恋，泪水混着迷乱一齐涌上，几乎要将她的心防彻底融化。
2227,action_part_a_orgasm_strong_C,0,t_imprisonment_1&CVP_A2_G_GE_1&CVP_A2_G_LE_2,这一次的快感强烈得完全超出了{TargetName}以往的认知，接连的绝顶把{anal}的感度硬生生推高了一层，随之而来的强绝顶如洪流般几乎将她的神智整个淹没。\n她只觉一阵接一阵的极致酥麻从深处炸开，铺天盖地地席卷全身，爽得她意识发飘、失神颤抖，脑中一片混沌，连自己是谁都快要想不起来。\n那股从{anal}深处不断涌出肠液的失禁般感觉，让她羞得几乎要哭出来，偏又被这强烈的快意逼着一路沉沦。\n然而越是攀上这灵魂震颤的巅峰，心里那份对{Name}隐秘的爱慕就越发刺痛着她，为什么偏偏是喜欢的人把她锁在这里，逼她在被囚的屈辱中尝到这样身不由己的极乐？\n她又迷又痛，眼中噙泪，在这远胜从前的绝顶里彻底失了神。
2228,action_part_a_orgasm_strong_C,0,t_imprisonment_1&CVP_A2_G_GE_1&CVP_A2_G_LE_2,比从前任何一次都要猛烈的绝顶快感将{TargetName}整个吞没，那是{anal}在连番高潮后感度跃升一层才换来的强烈快意，汹涌得几乎要把她的理智冲得荡然无存。\n她失神地颤栗，极致的酥麻一浪高过一浪地拍打着她的每一寸神经，爽利得近乎崩溃，脑海空茫得只剩下满溢的迷醉在翻涌。\n她清楚地感到{anal}深处大量肠液失禁般地奔流而出，那份羞耻非但没能拉回她的神智，反倒把她推得更深地陷入这强烈的快感。\n可即便沉溺至此，心底对{Name}那份说不清的思慕仍旧灼痛着她，明明满心满眼都是他，却被他禁锢着逼出这样失控的绝顶，她又渴望又心碎，任由泪水与迷乱交织，在这震撼灵魂的强烈高潮里无从自拔。
2229,action_part_a_orgasm_strong_C,0,t_imprisonment_1&CVP_A2_G_GE_1&CVP_A2_G_LE_2,远比寻常剧烈的快感如潮水般将{TargetName}没顶，一次次被推上绝顶后，{anal}的敏感已被拔到了新的高度，这一记强绝顶来得凶猛得几乎将她的意识彻底冲垮。\n她浑身失神地战栗，那股极致的酥麻自深处一层层地炸裂蔓延，爽得她眼神涣散、思绪断裂，整个人像是被快感的巨浪卷着漂浮，抓不住半点清明。\n{anal}汩汩涌出的大量肠液带来一阵羞耻的失禁感，可这羞耻反被强烈的快意揉碎，化作更深的沉沦。\n只是在这灵魂都震颤的极乐之巅，心口那份对{Name}藏着的爱恋却愈发绞痛，那样思慕着的人，为何要将她囚在此处，逼她品尝这般身不由己的强烈绝顶？\n她又爱又怨，泪眼朦胧地颤抖着，在这远超普通绝顶的浪潮里迷失了自己。

2230,action_part_a_orgasm_strong_C,0,t_imprisonment_1&CVP_A2_G_GE_3&CVP_A2_G_LE_4,一股远比以往任何一次都要凶猛的快感，猛地从{anal}深处轰然炸裂开来，将{TargetName}的意识几乎整个冲垮。\n在这个部位接连绝顶了无数回之后，那里的敏感竟又攀上了一个从未触及的崭新台阶，此刻迸发的爽意浓烈得令她失神颤栗，脑海里一片雪白，什么都想不了。\n她只觉得{anal}正一波紧似一波地疯狂绞缩，那股几乎要把灵魂都掀翻的极致快意一层压着一层拍碎了她的理智，令她通体战栗。\n她隐约感觉到大量滚烫的肠液正随着痉挛涌出，那份羞耻却又叫她更深地沉沦在迷醉里。\n即便被囚禁在这{SceneName}的方寸之间，她心底也满溢着对{Name}的爱与信赖，甘愿把这场灵魂都为之震颤的强烈绝顶，当作只献给爱人的、被囚牢也无法阻挡的深情。
2231,action_part_a_orgasm_strong_C,0,t_imprisonment_1&CVP_A2_G_GE_3&CVP_A2_G_LE_4,快感如决堤的洪流般狠狠将{TargetName}卷走，这一记从{anal}深处涌起的绝顶，其烈度远远盖过了此前每一次普通的高潮。\n经历了一轮又一轮的绝顶累叠，那处的敏感悄然跃上了新的高度，如今积攒到顶点的爽意轰然释放，几乎将她的神志冲刷得一片空白，令她在极致的迷醉中不住颤栗。\n她能清晰地感到{anal}正疯狂地翻搅绞缩，那股席卷全身的强烈快意令她近乎崩溃地失神，心口涌起一阵难以言喻的灵魂震撼。\n浓热的肠液大量淌出的羞耻感，混着这股汹涌的爽意，反倒把她推向了更深的沉沦。\n哪怕手腕被缚、身陷囚笼，她也只觉幸福，心甘情愿地在深爱的{Name}面前彻底失控，将这份极致的强绝顶视作两人之间独一无二的信任与亲密。
2232,action_part_a_orgasm_strong_C,0,t_imprisonment_1&CVP_A2_G_GE_3&CVP_A2_G_LE_4,这一次的绝顶凶狠得超乎想象，{TargetName}只觉从{anal}深处炸开的快感几乎要将她整个人吞没，意识在那一瞬被冲刷得摇摇欲坠。\n连续高潮多次磨出的极高敏感，令这一记绝顶的强度陡然翻了倍，密集汹涌的爽意浪潮一层叠着一层将她的理智碾得粉碎，她通体颤栗着，脑中只剩一片空茫的失神。\n她感觉{anal}正不受控制地深深绞缩翻搅，那股近乎崩溃的强烈快意在体内横冲直撞，令她心底涌起一阵前所未有的极度迷醉。\n大量肠液涌落带来的羞耻，非但没能唤回她的神志，反倒令这份沉沦愈发浓烈。\n被囚在这里的她眼底盛满的却全是对恋人的柔情，只觉得只要能这样在{Name}的怀中迎来极致，便是身陷囹圄也心满意足，甘愿献上这场震颤灵魂的强绝顶。
2233,action_part_a_orgasm_strong_C,0,t_imprisonment_1&CVP_A2_G_GE_3&CVP_A2_G_LE_4,前所未有的强烈快意骤然从{anal}深处喷薄而出，狠狠将{TargetName}卷入失神的漩涡，她的意识几乎被这股洪流整个冲垮。\n那处在接连绝顶无数次后，敏感度悄然攀上了新的台阶，此刻迸发的爽意比以往的普通高潮要凶猛太多，浓烈得令她浑身战栗、近乎崩溃地沉醉其中。\n她只能任由{anal}疯狂地一收一放绞出连绵的痉挛，那股掀翻理智的极致快感一波接一波将她推向失神的边缘，心底涌起难以言喻的震撼。\n随着大量肠液汩汩涌出的强烈羞耻，与这汹涌的快意交织，令她愈陷愈深。\n即使被爱人囚于此地，她心里也没有半分怨怼，只满溢着幸福与眷恋，甘心把这具剧烈战栗的身体连同这场极致的强绝顶，全数交付给深爱的{Name}。
2234,action_part_a_orgasm_strong_C,0,t_imprisonment_1&CVP_A2_G_GE_3&CVP_A2_G_LE_4,一记远胜从前的强烈绝顶自{anal}深处轰然升腾，{TargetName}只觉整个人被这股快感的浪潮拍得神志涣散，几乎失去了对身体的所有掌控。\n那里在一次次高潮的层层累叠后，敏感竟又上了一个新的极限，如今喷涌的爽意凶狠地将她卷进迷醉的深渊，令她失神颤栗，脑海空茫得只剩下这灭顶的快意。\n她清晰地感到{anal}正狂暴而绵密地连续绞缩，那股几乎要将灵魂震碎的极致快感令她通体痉挛，心口翻涌起近乎崩溃的浓烈快意。\n感觉到大量肠液随着抽搐涌出甚至小幅喷溅的羞耻，反倒令她沉沦得更深。\n哪怕被困在这狭小的牢笼里，她的心也只向着{Name}，甘愿把这场被监禁中迸发的震颤灵魂的强绝顶，当作对恋人最深的信赖与奉献，满心都是幸福。

2235,action_part_a_orgasm_strong_C,0,t_imprisonment_1&CVP_A2_G_GE_-2&CVP_A2_G_LE_-1,一股远超以往任何一次的滚烫痉挛毫无征兆地从{anal}深处轰然炸开，早已认命地将自己交给上司处置的{TargetName}被这陡然攀升的快感冲得脑中一片空白。\n她分明记得先前那几次绝顶残留的滋味，却怎么也没料到同一个地方竟能颤栗得这般凶猛，仿佛体内那道敏感的门槛被硬生生拔高了一整层，将她仅剩的那点麻木镇定搅得荡然无存。\n{anal}一波接一波不受控制地剧烈绞缩，她想像往常那样默默隐忍着不动声色，身体却背叛般地剧烈战栗起来，那股滔天的酥麻沿着脊椎一路窜上头顶，几乎将她的意识彻底冲垮。\n残存的自尊令她拼命咬紧牙关不肯呻吟，可越是压抑，那份近乎崩溃的迷醉快意就越是汹涌，被囚为奴的羞耻与身体诚实的沉沦在她心底激烈交战，撕扯得她几乎分不清悲喜。\n{anal}深处大量滚烫的肠液汹涌涌出，甚至带着小幅的力道向外喷溅，那份羞耻感狠狠灼烧着她的心，令她眼眶泛红泪光打转，灵魂仿佛都被这场近乎失控的猛烈绝顶震得摇摇欲坠。
2236,action_part_a_orgasm_strong_C,0,t_imprisonment_1&CVP_A2_G_GE_-2&CVP_A2_G_LE_-1,毫无预警间，一记远比先前猛烈得多的酸胀猝然从{anal}最深处轰然涌起，早已认命顺从的{TargetName}被这骤然升级的冲击撞得整个人一僵，那份刻意维持的麻木顷刻间土崩瓦解。\n她隐约明白自己已在这个地方接连迎来过好几次绝顶，可这一次的滋味却陌生得可怕，敏感仿佛被硬生生推上了一个从未触及的新台阶，令她那点用来自保的镇定荡然无存。\n{anal}没完没了地剧烈痉挛收缩，一下比一下更用力，她本想像所有屈从的日子里那样默默承受，快感却如决堤洪流般将她的理智整个淹没，失神与颤栗一并袭来。\n她心底既有沦为所有物的屈辱，又忍不住被那股翻涌的极致快意牵着往深处坠去，认命的麻木与身体的沉沦在灵魂深处剧烈碰撞，几乎将她仅存的清醒撕成碎片。\n{anal}深处涌出的肠液比以往任何一次都要多得多，甚至夹杂着小幅的喷溅，那份混着羞耻与快意的失控令她眼神涣散，脸颊烧得滚烫，仿佛整颗心都要被这场灵魂震颤般的绝顶冲垮。
2237,action_part_a_orgasm_strong_C,0,t_imprisonment_1&CVP_A2_G_GE_-2&CVP_A2_G_LE_-1,一阵陌生到令她心惊的强烈快感自{anal}深处骤然炸开，早已把自己当作上司禁脔的{TargetName}被这远胜以往的冲击拽得意识摇摇欲坠，脑海里一片翻涌的混沌。\n她清楚地感觉到，连番绝顶之后这个地方的敏感竟又高涨了一整个台阶，如今迸发的快意猛烈得远非从前任何一次可以相提并论，将她惯常的消沉麻木冲刷得干干净净。\n{anal}一阵紧过一阵地剧烈绞缩痉挛，她努力压着喉咙不让呻吟泄出，可那股酥麻却像潮水般层层叠涌，把她的神志一寸寸卷入近乎崩溃的迷醉深渊。\n被囚之身的认命与身体不受控的沉沦在她心间反复拉锯，她明知自己早已是任人摆布的所有物，却仍为这份诚实到羞耻的极致快感而灵魂震颤，又惊又恼又忍不住沉溺。\n{anal}深处大量温热的肠液汩汩溢出并小幅喷溅，那份湿热的羞耻感烧灼着她残存的自尊，令她眼角泛起水光，整个人被这场猛烈的强绝顶冲得失魂落魄久久回不过神。
2238,action_part_a_orgasm_strong_C,0,t_imprisonment_1&CVP_A2_G_GE_-2&CVP_A2_G_LE_-1,一记比以往剧烈太多的酥麻猝不及防地从{anal}深处轰然席卷而来，一贯逆来顺受地承受着上司的{TargetName}被这股陡增的快感撞得眼前发白，仅存的一丝清明瞬间被冲散。\n她心知肚明，这个部位在反复绝顶后敏感度已攀上了一个崭新的高度，此刻爆发的快意汹涌得远超寻常绝顶，凶猛得几乎要把她那副认命的躯壳整个融化。\n{anal}失控般连番剧烈痉挛，她本欲维持惯有的沉默与麻木，快感却一浪高过一浪地将她彻底吞没，令她浑身颤栗失神，连隐忍都变得徒劳。\n沦为奴仆的屈辱与身体深处翻涌的迷醉在她心底激烈交缠，她越是想否认这份快感，那近乎崩溃的极乐就越是无孔不入，将她的灵魂震荡得七零八落。\n{anal}深处涌出大股滚烫黏腻的肠液，甚至带着几分喷溅的势头，那份羞耻的湿热感令她脸颊滚烫眼眶泛红，整颗心都在这场强烈到失控的绝顶里沉沦颤抖，再难寻回半分镇定。
2239,action_part_a_orgasm_strong_C,0,t_imprisonment_1&CVP_A2_G_GE_-2&CVP_A2_G_LE_-1,毫无征兆地，一股远比从前任何一次都要凶猛的快感自{anal}深处轰然爆发，早已放弃反抗、认命承受一切的{TargetName}被这骤升的冲击撞得神魂俱颤，思绪一片空茫。\n她能清晰地感觉到，接连多番绝顶已让这里的敏感跃上了一个前所未有的台阶，如今喷薄而出的快意猛烈得让她那惯常的麻木彻底土崩瓦解，几乎无处躲藏。\n{anal}一波接一波地剧烈绞缩痉挛，她想如往日那般默默咽下所有反应，身体却诚实到残忍地剧烈战栗，那股滔天酥麻将她的意识冲得支离破碎。\n身为阶下囚的认命与被快感牵引的深深沉沦在她心底反复撕扯，她既屈辱于自己早已沦为上司的所有物，又不由自主地为这份灵魂震颤般的极致快意而迷醉，几近崩溃地颤栗。\n{anal}深处大量滚烫的肠液汹涌涌出并小幅向外喷溅，那份失控的湿热羞耻狠狠灼烧着她的内心，令她眼神迷离泪光闪动，仿佛整个人都要被这场强绝顶的浪潮彻底冲垮淹没。

2240,action_part_a_orgasm_strong_C,0,t_imprisonment_1&CVP_A2_G_GE_-4&CVP_A2_G_LE_-3,一股远比以往任何一次都凶猛的绝顶浪潮从{anal}深处轰然炸开，被主人囚养的{TargetName}只觉得整个灵魂都被这灭顶的快意掀翻了。\n连续不断地被送上绝顶太多次，{anal}早已敏感得越过了某道界限，此刻这一波强绝顶凶悍得让她几乎抓不住自己的意识，脑海一阵阵发白失神。\n那种快感强烈得远远碾过了从前每一次寻常的高潮，一层又一层地叠上来，冲得她浑身战栗、意识摇摇欲坠。\n作为主人专属的肉便器，她心底涌起近乎崩溃的痴迷与狂喜，能被主人调教到{anal}如此凶猛地绝顶，令她感激得几乎要哭出来。\n她隐约觉出{anal}正大量涌出滚烫的肠液，那股失禁般的羞耻反而化作更浓烈的迷醉，令她在这被囚禁的极乐里彻底沉沦。\n灵魂深处那阵剧烈的震颤久久无法平息，她甘愿永远被锁在这里，只为一次次为主人绽放到这般失神的极致。
2241,action_part_a_orgasm_strong_C,0,t_imprisonment_1&CVP_A2_G_GE_-4&CVP_A2_G_LE_-3,绝顶的巨浪毫无预兆地从{anal}最深处汹涌拔起，沦为宠物的{TargetName}被这股远超寻常的快意冲得神魂俱裂。\n她能清楚地感觉到，{anal}的敏感度早已在一次次的绝顶中攀上了一个崭新的台阶，于是这一回的高潮凶猛得前所未有，快感一波强过一波地淹没了她全部的思绪。\n意识几乎被这灭顶的快感彻底冲垮，她失神地颤栗着，脑子里一片混沌，只剩下那股狂暴的极乐在体内横冲直撞。\n身为被永久监禁的性奴，她心底翻涌起狂喜与依恋，能在主人手中被玩弄到{anal}这般凶狠地绝顶，是她卑微一生中最幸福的恩赐。\n她朦胧地察觉{anal}正大股地流淌出温热的肠液，那份失控的羞耻竟令她迷醉得更深，甘心把自己彻底交付给主人。\n那种撼动灵魂的强烈震颤令她几乎崩溃，却又幸福得无以复加，只想被主人永远这样囚禁着、疼爱着。
2242,action_part_a_orgasm_strong_C,0,t_imprisonment_1&CVP_A2_G_GE_-4&CVP_A2_G_LE_-3,一场凶猛得超乎想象的绝顶从{anal}深处骤然席卷全身，被囚禁豢养的{TargetName}只觉眼前一阵阵发白，意识被这股极致快意冲得摇摇欲坠。\n被连番逼上绝顶太多回之后，{anal}的快感阈值早已跃升了整整一档，这一次的高潮强烈得远远盖过了以往每一次普通的绝顶，令她失神颤栗、几乎无法思考。\n那股快感层层叠叠地涌上来，一波未平一波又起，冲刷着她的每一根神经，令她整个人都陷进了近乎崩溃的迷乱快意里。\n作为主人圈养的雌兽，她心底满溢着崇拜与感激，能被主人训练得{anal}如此敏感、如此凶猛地绝顶，令她狂喜得浑身发抖。\n她隐约感到{anal}正涌出大量滚烫的肠液，那种近乎失禁的羞耻反而将她推向更深的沉醉，令她甘之如饴。\n灵魂深处那场剧烈的震撼久久回荡，她只盼着能永远被主人监禁在这方天地里，一次次为主人达到这般失神的巅峰。
2243,action_part_a_orgasm_strong_C,0,t_imprisonment_1&CVP_A2_G_GE_-4&CVP_A2_G_LE_-3,绝顶的狂潮从{anal}最深处轰然爆开，沦为主人玩物的{TargetName}被这远超寻常的极致快感冲刷得神志几近涣散。\n她能真切地感到，{anal}早已在无数次的绝顶中变得敏感到了一个全新的层级，此刻这一波高潮凶悍狂暴，快感的强度是从前任何一次都无法比拟的，令她的意识几乎被生生冲垮。\n那种灭顶般的快意一浪高过一浪地拍打着她，令她失神地战栗痉挛，脑海里除了汹涌的极乐再也容不下别的东西。\n身为被囚禁的专属性奴，她心头涨满了狂喜与痴恋，能被主人调教到{anal}这般凶狠地绝顶，是她此生求之不得的恩宠，感激之情几乎将她淹没。\n她朦胧地觉出{anal}正大量喷涌出温热的肠液，那份失控的羞耻在此刻竟化作更炽烈的迷醉，令她心甘情愿地沉沦。\n那阵撼动灵魂的震颤令她濒临崩溃却又幸福至极，她只愿永远被主人锁在这里，做他一个人的极乐肉便器。
2244,action_part_a_orgasm_strong_C,0,t_imprisonment_1&CVP_A2_G_GE_-4&CVP_A2_G_LE_-3,一股凶猛异常的绝顶浪潮毫无征兆地从{anal}深处席卷而上，被主人囚养成宠物的娇小{TargetName}被冲得魂飞魄散、意识几乎抓不住。\n连续绝顶了太多次，{anal}的感度早已被逼上了崭新的巅峰，于是这一回的高潮凶猛得远超以往每一次寻常的绝顶，快感排山倒海般压得她失神颤栗、脑中一片空茫。\n那种极致的快意层层堆叠着灌进她的身体，令她整个人都在近乎崩溃的迷醉里剧烈战栗，再也顾不上别的。\n作为被永久监禁的肉便器，她心底翻腾着无以复加的狂喜与依恋，能在主人手中被玩弄到{anal}如此失控地绝顶，令她感激得几乎落泪，只觉这囚牢便是天堂。\n她隐约感到{anal}正大股涌出灼热的肠液，那份近乎失禁的羞耻反倒令她沉醉得更深，甘愿把一切都献给主人。\n灵魂被彻底撼动的震颤久久不散，她只盼永远被主人囚禁疼爱，一次次为他绽放到这种失神的极致。

2245,action_part_a_orgasm_strong_C,0,t_unconscious_flag_1&target_not_sleep_h_awake_but_pretend_sleep,沉睡中的{TargetName}并不知道自己的身体正在经历什么，只觉得梦境深处忽然涌起一阵灭顶般的滔天快意，将她整个人狠狠淹没。\n那股从{anal}翻涌而上的酥麻远比以往任何一次都要凶猛，仿佛敏感被推上了一个从未触及的高度，快感一层叠着一层地炸开，猛烈得几乎要将她本就朦胧的睡意彻底冲垮。\n在梦与醒的混沌边缘，她的意识被这股强绝顶搅得七零八落，只剩下一片眩晕失神的空白，灵魂像是被这滔天的快感震得剧烈颤栗。\n她隐约感到{anal}深处一波波不受控制地剧烈抽搐，滚烫的液体汹涌流淌的感觉朦朦胧胧地漫过神经，带来一种令她在睡梦里都忍不住迷醉沉沦的极致快意。\n那份濒临崩溃的酥爽在她昏沉的脑海里一遍遍回荡，令她无意识地蹙眉颤栗、溢出呓语，却始终沉溺在这场甜蜜的沉睡与灭顶的绝顶之中，无从挣脱，也无从醒来。
2246,action_part_a_orgasm_strong_C,0,t_unconscious_flag_1&target_not_sleep_h_awake_but_pretend_sleep,熟睡的{TargetName}丝毫不曾察觉，只在混沌的梦里被一阵前所未有的猛烈快感狠狠攫住，那股酥爽汹涌得几乎要将她的神魂整个吞没。\n从{anal}深处升腾而起的快意比过往每一次都要强上太多，像是那里的敏感悄然跃上了一个崭新的台阶，绵密而狂暴的快感一浪高过一浪地拍打着她昏沉的意识。\n她的思绪在睡梦里被冲刷得支离破碎，只剩下一片迷醉的空茫，那种近乎失控的极致快意让她的灵魂都在无声地震颤。\n朦胧间她似乎感觉到{anal}正一阵阵疯狂地痉挛绞紧，大量温热的液体涌出的感觉隐隐约约地掠过残存的知觉，勾起一种连梦中都无法压抑的沉沦与迷乱。\n那股强绝顶带来的滔天快感在她昏睡的脑海深处久久盘旋，令她无意识地颤抖扭动、发出细碎的哼吟，可她的意识始终被牢牢困在甜美的睡梦里，任凭快感将她一次次淹没却浑然不觉，也未曾苏醒。
2247,action_part_a_orgasm_strong_C,0,t_unconscious_flag_1&target_not_sleep_h_awake_but_pretend_sleep,深眠中的{TargetName}浑然不知身上正掀起怎样的惊涛骇浪，只觉得梦境的最深处骤然绽开一团灼热而汹涌的极致快意，瞬间将她整个人卷入其中。\n那股由{anal}翻腾而上的酥麻远远盖过了从前的每一次绝顶，仿佛敏感被硬生生拔高了一层，浪潮般的快感一波接一波地轰击着她朦胧的神志，几乎要将她本就浅淡的意识彻底冲散。\n在昏沉的睡梦里，她的思维被这股强绝顶搅得一片混沌空白，只余下无边的眩晕与失神，灵魂像是被这灭顶的快意震得瑟瑟发抖。\n她隐约觉出{anal}深处正失控地剧烈翻涌收缩，一股股滚烫黏腻的暖流淌出的触感朦胧地漫上心头，带来一种即便在梦中也令她迷醉到近乎崩溃的极乐。\n这份濒临失控的快感在她昏睡的意识里反复冲刷激荡，令她无意识地蹙眉呻吟、腰肢轻颤，却依旧深陷在这甜蜜而灭顶的睡梦之中无法自拔，始终未曾睁眼醒来。
2248,action_part_a_orgasm_strong_C,0,t_unconscious_flag_1&target_not_sleep_h_awake_but_pretend_sleep,睡意正浓的{TargetName}对眼前的一切一无所知，只在迷蒙的梦里被一阵铺天盖地的极致快感狠狠裹挟，那股酥爽汹涌澎湃得几乎要将她的魂魄都冲得四散。\n发自{anal}的滚烫快意比以往任何一回都要来得凶猛剧烈，恍若那里的敏感被推上了一级全新的高峰，密集而狂暴的快感一层层叠涌，猛烈地拍击着她昏沉朦胧的意识边缘。\n她的神志在睡梦深处被搅得七零八落，只剩一片迷离恍惚的空白，那种近乎灭顶的极乐令她的灵魂在无声中剧烈战栗。\n混沌中她仿佛感觉到{anal}正一下下疯狂地痉挛收紧，大量灼热液体奔涌而出的感觉隐隐掠过残余的知觉，激起一种连沉睡都压不住的沉醉与迷狂。\n那份强绝顶的滔天快意在她昏睡的脑海里一圈圈回荡不散，令她无意识地颤栗夹腿、溢出黏糊的呓语，然而她的意识始终沉沦在温软的梦乡里，被快感一遍遍淹没却毫无知觉，也不曾醒转。
2249,action_part_a_orgasm_strong_C,0,t_unconscious_flag_1&target_not_sleep_h_awake_but_pretend_sleep,沉沉睡去的{TargetName}根本无从知晓自己正被怎样的快感席卷，只觉得梦的尽头忽然炸开一片滚烫而汹涌的灭顶极乐，霎时间将她整个人淹没得再无余地。\n那由{anal}深处涌起的酥麻比过往每一次绝顶都要浓烈太多，好似那里的敏感被生生推上了一个前所未有的台阶，狂涛般的快感一浪压着一浪地冲刷着她朦胧残存的意识。\n在浅淡的睡梦里，她的思绪被这股强绝顶冲得支离破碎，只剩眩晕、失神与一片空茫，灵魂仿佛被这滔天的快意震撼得剧烈颤抖。\n她朦朦胧胧地感到{anal}正失控地一阵阵剧烈绞缩抽搐，滚烫黏腻的暖流大量淌出的触感隐约漫过知觉，勾起一种哪怕在梦中也令她迷醉沉沦到几近崩溃的极致快感。\n这份濒临失控的酥爽在她昏睡的意识深处久久激荡回旋，令她无意识地蹙眉战栗、腰身抽动、吐出细碎哼吟，却始终困在甜美的沉睡里被快感反复灭顶，未曾有一刻真正醒来。

2250,action_part_a_orgasm_strong_C,0,t_unconscious_flag_1&target_sleep_h_awake_but_pretend_sleep,连续多次的绝顶早已把{anal}的敏感推上了前所未有的高度，这一次汹涌袭来的强绝顶，快感之凶猛远远盖过了以往任何一回。\n{TargetName}分明早已清醒，却还倔强地装着睡，可这股足以冲垮理智的极乐从{anal}深处轰然炸开时，她只觉得脑海里骤然一片空白。\n那种远超普通绝顶的战栗一浪高过一浪，快感强烈得让她几乎失神，心里明明尖叫着不能出声、不能被发现，身体却背叛般地剧烈颤栗起来。\n她能清楚地感觉到{anal}一阵阵失控地绞缩，大量肠液汹涌流出的滚烫触感更让她羞耻到几乎崩溃，偏偏又爽得意识发飘。\n她死死咬住牙关，拼命维持着装睡的假象，心底却清楚地知道{Name}早已看穿了一切，这份被看穿却仍要强撑的羞耻，反而让这场强绝顶的快意更添了几分令她战栗的迷乱。\n在这灵魂都为之震颤的极致快感里，她一面惶恐着自己就要露馅，一面又忍不住深深沉溺了下去，几乎再也分不清自己究竟是在装睡还是当真被这快感夺去了神智。
2251,action_part_a_orgasm_strong_C,0,t_unconscious_flag_1&target_sleep_h_awake_but_pretend_sleep,这一次的绝顶来得远比从前任何一次都要凶狠，{TargetName}只觉得一股滔天的快感从{anal}深处猛地卷起，瞬间将她的理智冲得七零八落。\n接连不断的绝顶早已把这里的敏感磨得高不可攀，如今这场强绝顶的烈度是过往的数倍，快感强烈到她几乎要失去意识。\n她明明清醒着，却拼命装作沉睡，可这远超想象的极乐让她根本压制不住体内翻腾的战栗，脑子里一阵阵地发白发麻。\n她能感觉到{anal}失控地一下下狠狠绞紧，滚烫的肠液大量涌出的羞耻感几乎要将她淹没，可那份羞耻偏偏又化作更浓烈的快意在心底疯狂蔓延。\n她死死绷着身子不敢出声，心里又慌又乱，既怕自己颤抖的反应会暴露早已醒来的事实，又清楚{Name}其实早就心知肚明，这种被默默注视着装睡的处境让她愈发迷乱沉沦。\n灵魂仿佛都在这场强绝顶里被狠狠震颤，她一边惶恐，一边却在这近乎崩溃的极致快意中失神战栗，甘愿被这股洪流一次次吞没。
2252,action_part_a_orgasm_strong_C,0,t_unconscious_flag_1&target_sleep_h_awake_but_pretend_sleep,{TargetName}从未想过{anal}竟能爆发出如此凶猛的快感，接连绝顶后攀上新台阶的敏感，让这一场强绝顶的强度远远压过了以往的任何一次普通绝顶。\n那股极致的快意从深处轰然涌上，一瞬间将她的意识冲得几乎涣散，脑海里只剩下一片被快感填满的空白。\n她死死装着睡，可这种强烈到失控的战栗根本不受她的控制，只能眼睁睁看着自己的身体在快感里彻底沦陷。\n{anal}一阵阵疯狂绞缩，大量肠液失禁般涌出的滚烫与羞耻交织在一起，让她的心底又羞又乱，偏偏那份耻辱又诡异地加深了这场极乐的迷醉。\n她心里清楚，自己颤抖成这样，装睡的假象早该被拆穿，也清楚{Name}分明看穿了一切却仍不点破，这份心照不宣的默契让被窥看的羞耻里又掺进了一丝沉沦的甜。\n在这足以震颤灵魂的强绝顶里，她一面死撑着不肯睁眼，一面又忍不住在近乎崩溃的极致快意中失神迷醉，彻底放任自己沉溺了下去。
2253,action_part_a_orgasm_strong_C,0,t_unconscious_flag_1&target_sleep_h_awake_but_pretend_sleep,一股远比以往凶猛的快感自{anal}深处猛地炸开，{TargetName}只觉得整个人都被这场强绝顶掀翻了，意识几乎被彻底冲垮。\n连番的绝顶早已把这里的敏感推向了新的顶点，这一次积攒到极致的快意骤然释放，强烈得让她连呼吸都险些忘记。\n她还固执地装着睡，心里却翻江倒海，明知不能发出一点声音，身体却背叛般地剧烈战栗，脑中一阵阵地眩晕发空。\n她清晰地感受到{anal}失控般地连连痉挛绞紧，大量肠液汹涌流泻的灼热触感令她羞耻得几乎想找地缝钻进去，可这份羞耻又叫她爽得头皮发麻。\n最让她心慌的是，她明白{Name}早已识破自己在装睡，却仍配合着这份默契，这种被彻底看穿还要强撑的处境，反倒让她在羞耻中沉沦得更深。\n灵魂都在这极致的快感里剧烈震颤，她一面惶惶不安地怕露了馅，一面又在这近乎失控的强绝顶里失神颤栗，一次次被这股快意的洪流狠狠淹没。
2254,action_part_a_orgasm_strong_C,0,t_unconscious_flag_1&target_sleep_h_awake_but_pretend_sleep,这场强绝顶的凶猛程度让{TargetName}始料未及，{anal}深处骤然涌起的快感如惊涛骇浪，一瞬间就将她的神智冲得支离破碎。\n经历了接连不断的绝顶，这里的敏感早已上升到一个全新的层次，如今迸发的快意远比普通绝顶要强烈得多，几乎要把她的意识整个吞没。\n她拼命维持着沉睡的伪装，心里却慌乱一片，既想咬紧牙关不发出声响，又抵挡不住那从{anal}一波波席卷全身的失神战栗。\n她能清楚地感觉到肠液大量涌出的滚烫与失禁般的羞耻，那份耻辱感强烈得让她几乎崩溃，偏偏又与这极致的快意纠缠在一起，愈发叫她迷乱沉醉。\n她心知肚明{Name}早已看穿了自己的装睡，却仍默契地不去揭破，这种被静静注视着强撑伪装的羞耻，反而让被快感支配的沉沦更添了几分暧昧的战栗。\n在这足以撼动灵魂的强绝顶里，她一边惶恐着伪装即将破碎，一边又忍不住在这近乎失控的极乐中彻底失神，甘心被这股汹涌的快感一次次卷走。

2255,action_part_a_orgasm_strong_C,0,t_unconscious_flag_2,一股远比以往任何一次绝顶都要凶猛的快感从{anal}深处轰然炸开，醉得神志不清的{TargetName}只觉得整个人都被这滔天的快意彻底淹没了。\n酒精早已把她的意识泡得软烂朦胧，如今再被这股升级过的强烈绝顶一冲，那点残存的清明几乎荡然无存，脑海里一片空白，只剩下失神的颤栗。\n她隐约感觉到{anal}正一阵阵疯狂地痉挛，那种敏感度攀升后迸发出的极致快感汹涌得让她几乎承受不住，迷醉得近乎崩溃。\n醉意与快感交织在一起，令她分不清今夕何夕，只本能地感到一波又一波灭顶的快意将自己反复拍碎，那种前所未有的强烈冲击带着灵魂震颤般的迷乱。\n她朦胧地察觉到大量温热的肠液正不受控制地涌出，那份湿淋淋的失控感激起心底一阵羞耻的战栗，却又在醉醺醺的沉沦里化作更深的迷醉，令她彻底失了神，任由这场强绝顶将自己吞没。
2256,action_part_a_orgasm_strong_C,0,t_unconscious_flag_2,{anal}深处骤然涌起一阵烈度惊人的快感狂潮，喝得酩酊大醉的{TargetName}整颗心都被这远超寻常的强烈绝顶搅得七零八落。\n浓重的酒意让她的思绪本就飘忽不定，这一刻又被这升了级的凶猛快感冲得彻底涣散，意识几乎要被生生冲垮，只剩迷离恍惚的失神。\n她朦朦胧胧地觉出{anal}正剧烈地绞缩颤动，那股比过往任何绝顶都要浓烈数倍的快意如潮水般漫过全身，令她在极致的迷醉中战栗不止，几近崩溃。\n醉与欲缠绕纠葛，她的脑子里乱成一团，只是本能地沉溺在这灭顶的快感里，那种敏感度跃升后炸开的强绝顶带给她难以言喻的灵魂震撼。\n她隐隐感到{anal}有大量肠液失控地淌出，那份淫靡的湿热感勾起一丝残存的羞耻，却很快被醉意与快意一并吞没，令她在恍惚中彻底沦陷，无力地承受着这场强烈到极点的绝顶。
2257,action_part_a_orgasm_strong_C,0,t_unconscious_flag_2,一波灭顶般的强烈快感自{anal}最深处汹涌爆发，醉得迷迷糊糊的{TargetName}只觉神魂都要被这陌生而凶猛的绝顶震得四分五裂。\n酒精麻痹着她的每一根神经，那本就朦胧的意识在这股升级后的快意冲击下几乎彻底溃散，脑海里只余一片眩晕的空白与失神的颤抖。\n她恍惚地感到{anal}一阵阵疯狂痉挛，那种远胜以往的极致快感浓烈得令她几乎喘不过气，在前所未有的迷醉里颤栗着沉沦，快意浓得近乎痛楚。\n醉意让一切都变得虚幻缥缈，她分不清是梦是醒，只本能地随着一浪高过一浪的快感反复战栗，那份敏感度攀高后迸发的强绝顶带来灵魂深处的剧烈震荡。\n她朦胧中察觉到滚烫的肠液正大量涌溢而出，那种失禁般的湿淋感令她心底泛起微弱的羞耻，却在醉醺醺的沉醉中迅速溶解，化作更深的迷乱与沉沦，令她彻底失神地承受着这场强烈的绝顶。
2258,action_part_a_orgasm_strong_C,0,t_unconscious_flag_2,{anal}深处蓦地绽开一阵前所未有的猛烈快感，醉眼朦胧的{TargetName}整个人都被这升了级的强绝顶冲得神志尽失。\n酒意浸透了她的知觉，令那残存的一丝清醒也被这股汹涌的快意彻底冲垮，脑中一片混沌，只剩失魂落魄的颤栗与迷醉。\n她隐约觉出{anal}正剧烈地绞缩不止，那股比寻常绝顶浓烈太多的极致快感如巨浪般将她一遍遍拍碎，令她在灭顶的迷乱中战栗沉沦，快意几乎叫她崩溃。\n沉醉与狂喜交织缠绕，她的思绪被搅成一团乱麻，只本能地在这排山倒海的快感里浮沉，那种敏感度跃升后炸裂的强绝顶带给她无法言喻的灵魂震颤。\n她朦胧地感到{anal}有大量温热肠液不受控地喷淌而出，那份淋漓的失控感激起一缕残余的羞赧，却转瞬被醉意与快意一同吞噬，令她在恍惚沉沦中彻底缴械，任凭这场强烈至极的绝顶将她淹没。
2259,action_part_a_orgasm_strong_C,0,t_unconscious_flag_2,一股凶猛异常的快感自{anal}深处骤然席卷而上，烂醉的{TargetName}只觉整个灵魂都被这远超以往的强烈绝顶冲得摇摇欲坠。\n酒精将她的意识泡得绵软朦胧，如今又被这升级过的快意狠狠冲垮，那点残留的神智几乎彻底湮灭，脑海里只剩眩晕空白与失神战栗。\n她迷迷糊糊地感到{anal}正一波波疯狂痉挛，那种远胜从前的极致快感浓烈得让她几乎失去呼吸，在空前的迷醉里颤抖沉沦，快意浓稠得近乎崩溃边缘。\n醉与欲难分彼此，她整颗心都乱作一团，只本能地随着接连不断的快感浪潮反复颤栗，那份敏感度攀升后炸开的强绝顶带来灵魂深处剧烈的震撼与迷醉。\n她隐隐察觉到{anal}正大量涌出滚烫的肠液，甚至隐约有小幅喷溢，那份湿热失控的淫靡感勾起一丝微弱的羞耻，却很快沉没在醉意与快意之中，令她彻底失神地沉溺于这场强烈绝顶。

2260,action_part_a_orgasm_strong_C,0,t_unconscious_flag_3,时间停止的这一刻，{TargetName}的意识被一并冻结，成了一片彻底的空白。\n她的{anal}分明正被一场远超寻常的强绝顶紧紧攫住，那是连续绝顶后敏感攀上新阶才会迸发的极致痉挛，本该像海啸一样将她的神志整个冲垮，让她在失神与颤栗中迷醉沉沦。\n可停摆的时间抽走了她的一切知觉，那本该淹没她的滔天快意，如今被死死封在她感受不到的地方，她没有丝毫察觉，也生不出半点心绪。\n{anal}深处大量涌出的肠液，本会带来铺天盖地的羞耻与失控，此刻却与她的意识彻底隔绝，她一无所知地静止着。\n没有迷乱，没有崩溃，没有那声本该溢出的颤吟，唯有一具被强绝顶席卷却毫无知觉的躯壳，凝止在寂静的时空里。
2261,action_part_a_orgasm_strong_C,0,t_unconscious_flag_3,在被按下暂停的世界里，{TargetName}的心神陷入了绝对的静默。\n她的{anal}正承受着一次凶猛无比的强绝顶，敏感度跃上新台阶后的快感本该猛烈到近乎将她的意识冲垮，让她在从未有过的极致里失神战栗、近乎崩溃地沉溺其中。\n然而时间的停滞夺走了她全部的感知，那足以撼动灵魂的强烈绝顶被牢牢锁在她触及不到的彼端，她的脑海一片空茫，连一丝快意都无从升起。\n即便{anal}深处翻涌而出的大量肠液本该激起排山倒海的羞耻迷乱，此刻也统统与她绝缘，她毫无察觉地维持着凝固的姿态。\n所有本应属于这场强绝顶的震颤、恍惚与迷醉，都在这停摆的时间里被彻底抹去，只剩一片深不见底的空白。
2262,action_part_a_orgasm_strong_C,0,t_unconscious_flag_3,当时间彻底静止，{TargetName}的知觉也随之熄灭，坠入一片无边的空无。\n她的{anal}此刻正被一记极强的绝顶死死攥住，那是它连续高潮多次、敏感登上新阶后才有的猛烈痉挛，本该化作滔天巨浪将她的理智整个吞没，让她在灭顶的快意中失神、颤栗、迷醉到无法自持。\n可停摆的时空将她的一切感受尽数封存，那本该冲垮她意识的极致绝顶，如今与她隔着一道无法逾越的静止之壁，她感受不到分毫，心底不起一丝波澜。\n哪怕{anal}正大量溢出灼热的肠液，那份足以令她羞耻到崩溃的失控，也丝毫传不进她空白的脑海。\n这场本该刻骨铭心的强绝顶，就这样在她毫无知觉的静止中悄然流逝，未曾在她心里留下半点涟漪。
2263,action_part_a_orgasm_strong_C,0,t_unconscious_flag_3,时间被生生掐断的刹那，{TargetName}的意识堕入了彻底的空寂。\n她的{anal}分明被一场远胜从前的强绝顶紧紧包裹，连番绝顶累积起的敏感让这次快感汹涌得几乎要将她的神志冲垮，本该令她在前所未有的极乐里失神颤抖、迷乱到近乎崩溃。\n偏偏停滞的时间剥夺了她感知这一切的能力，那本该席卷全身的滔天快意被死死封锁在她够不着的地方，她浑然不觉地凝止着，心中空空荡荡，什么都感受不到。\n{anal}深处大量翻涌的肠液，本该带来铺天盖地的羞耻与迷醉，此刻却与她的心神彻底断绝了联系。\n没有沉沦，没有战栗，也没有灵魂被震撼的悸动，唯有一片被时间封死的空白，静静包裹着这具正经历强绝顶却毫无知觉的躯体。
2264,action_part_a_orgasm_strong_C,0,t_unconscious_flag_3,在这被冻结的时间里，{TargetName}的一切感官与心绪都被尽数封存，只余一片死寂的空茫。\n她的{anal}正被一波极其强烈的绝顶紧紧攫住，那是敏感跃上新台阶后迸发的猛烈痉挛，本该如惊涛般拍碎她的理智，让她在灭顶的快意中失神、颤栗、迷醉沉沦到无法呼吸。\n可时间的停摆将这滔天的绝顶死死隔绝在她感受之外，那份本该冲垮意识的极致，如今被牢牢锁进了她触不可及的静止里，她一无所知，心底不生半分涟漪。\n即便{anal}正大量涌出黏腻的肠液，那足以令她羞耻迷乱到崩溃的失控，也无从渗进她空白一片的脑海。\n这场超越寻常的强绝顶，就在她毫无知觉的凝止中悄然席卷而过，未在她心间激起一丝波动。

2265,action_part_a_orgasm_strong_C,0,t_unconscious_flag_4,一股远比以往任何一次都要凶猛的快感自{anal}深处轰然炸开，那股强烈的绝顶浪潮几乎要将{TargetName}的意识整个冲垮。\n她清晰地感觉到这一次的顶峰与从前的普通绝顶截然不同，仿佛这处早已在一次次高潮中被磨得敏感万分，此刻迸发的快意猛烈得叫她几乎失神。\n然而在被催眠的意识深处，她却奇异地不觉得这有什么不妥，那翻江倒海般的极致快感在她心里不过是一件理所当然、再普通不过的事。\n她平静地接纳着{anal}深处涌起的、几乎要将她淹没的滔天快意，感觉到大量肠液随着绝顶汹涌流出，却丝毫不觉羞耻，只当这是身体本该有的寻常反应。\n意识在剧烈的快感中一阵阵地发白颤栗，可她的内心始终平和安宁，仿佛正安然经历着一件天经地义的日常小事，任凭这远超寻常的强烈绝顶将她温柔又凶猛地反复冲刷。
2266,action_part_a_orgasm_strong_C,0,t_unconscious_flag_4,极致的快感如决堤的洪流般自{anal}深处奔涌而上，{TargetName}只觉整个人都被这远胜从前的强烈绝顶淹没，意识几乎被冲刷得一片空茫。\n她能分明地感觉到，这次的快意比过往那些普通的高潮要凶猛太多，仿佛这个部位的敏感已被推上了一个全新的高度，每一寸都在剧烈地叫嚣着快感。\n可她被催眠后平和的心绪里却没有涌起半分惊慌或迷醉，只是把这足以令她失神的滔天快感当作一件顺理成章的寻常之事，平静地全盘接受。\n{anal}深处涌出的大量肠液让她清楚地感知到，却激不起她心底任何羞耻的波澜，她只觉得这不过是身体理所应当的自然流露。\n强烈的快感一波接一波地将她的神志冲得摇摇欲坠，她却始终维持着内心那份诡异的宁静，安然承受着这场远超以往的极致绝顶，仿佛一切本就该是如此。
2267,action_part_a_orgasm_strong_C,0,t_unconscious_flag_4,{TargetName}只觉一阵猛烈到令她几乎窒息的快感自{anal}深处轰然涌起，那股强烈的绝顶远远超越了她记忆中任何一次寻常的高潮。\n这处早已在接连不断的顶峰中变得敏感异常，此刻迸发的快意锋利而汹涌，几乎要将她所剩无几的神志一举冲垮，令她在剧烈的快感中失了神。\n然而在催眠所带来的平和心境里，她却把这近乎崩溃的极致快意视作天经地义，既不觉得羞耻也不觉得沉沦，只当这是再自然不过的寻常反应。\n她平静地感受着{anal}深处大量肠液的奔涌流泻，那本该令人无地自容的失禁感，在她心里却激不起丝毫涟漪，仿佛这原就理所当然。\n意识在这远胜从前的强烈快感里一阵阵地涣散颤栗，她的内心却宁静得没有一丝波澜，安然地任由这场凶猛的绝顶将她整个吞没，仿佛正做着一件毫不稀奇的日常琐事。
2268,action_part_a_orgasm_strong_C,0,t_unconscious_flag_4,一波强度惊人的快感毫无预兆地自{anal}深处炸裂开来，{TargetName}顿觉整个人都被这远超普通绝顶的强烈快意高高抛起，意识几乎被彻底冲散。\n她清晰地意识到，这次的顶峰是这处历经了一次又一次绝顶、敏感度攀上新台阶之后才迎来的极强高潮，其烈度令她浑身战栗、几近失神。\n然而在被催眠的心绪深处，这滔天的快感于她而言却平淡得如同一件寻常小事，她既不抗拒也不迷乱，只是平静而理所当然地接纳着这一切。\n她能感觉到{anal}深处大量肠液随着剧烈的绝顶汹涌而出，甚至小幅喷溅，可这丝毫唤不起她心底的羞耻，反倒被她当成身体本该有的自然反应。\n凶猛的快感一浪高过一浪地拍打着她濒临空白的神志，她的内心却始终维持着一种深不见底的平和，安然沉浸在这远胜以往的强烈绝顶里，仿佛这不过是稀松平常的日常一幕。
2269,action_part_a_orgasm_strong_C,0,t_unconscious_flag_4,极致而汹涌的快感自{anal}深处狂潮般席卷了{TargetName}的全身，那股远比寻常更为强烈的绝顶几乎要将她的意识整个卷走、冲垮。\n她分明感觉到这一次的快意与以往的普通高潮判若云泥，仿佛这处被反复的顶峰磨砺得愈发敏感，此刻爆发的快感锋锐得叫她几乎失了神智。\n可她被催眠后的意识里始终不起半点波澜，那令旁人难以承受的滔天快意，在她心中不过是一桩顺理成章、再平常不过的事，她只平静地照单全收。\n{anal}深处涌出的大量肠液让她清楚地察觉，却激不起丝毫的羞赧或慌乱，她只觉这是理所当然的生理流露，安然地承受着这一切。\n强烈的快感将她的神志冲刷得一阵阵发白颤栗，她的心底却宁静祥和，仿佛正经历着一件天经地义的寻常之事，任由这远超过往的凶猛绝顶在她体内一遍遍地翻涌激荡。

2270,action_part_a_orgasm_strong_C,0,t_unconscious_flag_5,一股远比以往任何一次都凶猛的快感毫无预兆地从{anal}深处轰然炸开，本该将{TargetName}的意识彻底掀翻。\n那是敏感度陡然跃上一个崭新台阶后才会迎来的强烈绝顶，滔天的酥麻顺着{anal}一路席卷至四肢百骸，令她的脑海在一瞬间被冲刷得一片空白。\n可即便快意汹涌得几乎要将神智撕裂，她的心思却依旧诡异地停留在手头那件未完的事务上，仿佛这场撼动灵魂的绝顶只是发生在遥远的别处。\n{anal}疯狂绞缩间涌出的大量肠液带来一阵陌生的濡湿与失控，那种前所未有的极致快意在体内反复冲撞轰鸣，本足以令她失神颤栗、沉沦迷醉。\n然而她的意识始终隔着一层朦胧的薄纱，既捕捉不到那近乎崩溃的快感，也生不出半分羞耻，只在剧烈的冲击里怔怔地失神了一瞬，随即又恍惚地将注意力挪回眼前，对身体深处这场惊天动地的强绝顶浑然不觉。
2271,action_part_a_orgasm_strong_C,0,t_unconscious_flag_5,凶猛得近乎失控的快感如决堤般从{anal}深处奔涌而出，一波高过一波地拍打着{TargetName}的每一寸神经。\n这是连番攀顶之后敏感度被硬生生推高一层所换来的极强绝顶，那份烈度远远盖过了从前所有的绝顶，浩荡的快意几乎要将她的神智整个吞没冲垮。\n照理说，此刻的她本该在这灭顶的酥麻里失神颤栗、意乱情迷，被那股翻江倒海的快感搅得魂飞魄散。\n然而她的心却像隔着千山万水，思绪仍死死粘在手边的工作上，对{anal}翻涌喷涌的滚烫肠液、对那足以令灵魂震颤的强烈冲击，竟一分一毫都感知不到。\n那浩瀚的快意在她体内独自翻腾轰鸣，却无论如何也叩不开她那被朦胧薄雾裹住的意识，她只是茫然而空洞地停顿了一瞬，便又平静地沉回自己的世界，仿佛下身那场惊涛骇浪的绝顶从始至终都与她毫不相干。
2272,action_part_a_orgasm_strong_C,0,t_unconscious_flag_5,一阵狂暴的极致快感毫无征兆地自{anal}最深处席卷而起，猛烈得足以将{TargetName}残存的理智连根拔起。\n那是历经无数次连续绝顶、敏感度攀上新台阶后才会降临的强烈高潮，滔天的酥麻裹挟着近乎崩溃的快意在她体内横冲直撞，本该令她在前所未有的绝顶中失神迷醉、灵魂震颤。\n可这具身体的主人却像置身事外的旁观者，心神仍旧沉浸在手头的事务里，对{anal}深处炸裂的惊天快感恍若未闻。\n大量肠液伴着疯狂的绞缩汹涌而出，那份陌生的濡湿与失控本足以激起排山倒海般的羞耻与迷乱。\n然而她的意识始终被一层无形的薄膜隔绝在外，既尝不到那令人沉沦的极乐，也生不出半点慌乱，只在这撼人的冲击下空茫地怔忪了片刻，便又漠然地垂眸回到眼前，对身体承受着的这场凶猛强绝顶浑然无觉。
2273,action_part_a_orgasm_strong_C,0,t_unconscious_flag_5,远胜以往的滔天快感冷不防从{anal}深处轰然涌起，一浪接一浪地冲刷着{TargetName}早已敏感到极致的神经。\n这份在连续绝顶后被推上崭新台阶的强烈快意，凶猛得几乎要将她的意识彻底冲垮，那是寻常绝顶远远无法企及的灭顶冲击。\n按理，此刻的她本该在这令灵魂都为之震颤的极乐里失神战栗、沉醉到无法自拔，被翻涌的快感搅得神魂颠倒。\n可她的心思却依旧诡异地凝在手边未竟的事情上，对{anal}狂暴绞缩间喷涌而出的大量肠液、对那近乎崩溃的汹涌快意，竟全然无动于衷。\n那浩瀚的快感只能在她体内独自咆哮翻腾，却始终撬不动她那层朦胧涣散的神智，她仅仅是空洞地失神了一霎，随即便若无其事地重新专注起来，仿佛这撼天动地的强绝顶从未在她身上发生过。
2274,action_part_a_orgasm_strong_C,0,t_unconscious_flag_5,一股前所未有的凶猛快意毫无预兆地从{anal}深处喷薄而出，浩浩荡荡地将{TargetName}的全身神经尽数点燃。\n这是敏感度跃升一层之后才会迎来的极强绝顶，那份烈度远远超越了以往每一次绝顶，磅礴的酥麻顺着脊背一路窜上头顶，几乎要把她的神智冲刷成一片空白。\n照常理，如此灭顶的快感本该令她在极致的绝顶里失神颤栗、迷醉沉沦，被那近乎崩溃的快意逼得魂不守舍。\n然而她却像一具被抽走了知觉的空壳，心神仍旧懒懒地悬在手头的琐事上，对{anal}翻涌喷洒的滚烫肠液、对那撼动灵魂的强烈冲击，半点也捕捉不到。\n那狂暴的极乐在她体内独自轰鸣激荡，却怎么也渗不进她那被朦胧薄纱笼罩的意识，她只是怔怔地空茫了一瞬，便又恍惚地沉回自己的天地，对下身这场惊心动魄的强绝顶始终一无所知。

2275,action_part_a_orgasm_strong_C,0,target_is_player_daughter,一阵远比普通绝顶更加猛烈的痉挛骤然从{anal}深处轰然炸开，身为{Name}亲生女儿的{TargetName}猛地绷紧了全身，脑海里瞬间被一片滔天的酥麻淹没。\n这处禁忌之地已经连续绝顶了好几回，敏感竟悄然被推上了一个全新的台阶，堆积已久的快感此刻猛然决堤，卷起一场远超以往的极致巨浪，几乎将她的意识彻底冲垮。\n明明清楚这份血脉相连的欢愉早已背离伦常，{TargetName}却依旧无法抑制心底那份对{Name}深深的眷恋与依赖，罪恶感与灭顶的快意交织在一起，令她的灵魂都为之震颤发抖。\n那种近乎崩溃的羞耻与沉溺同时涌上心头，她既想为这段不伦之情感到惶恐，又忍不住沉醉在这股无法言喻的巨大满足之中，理智碎成漫天的碎片，什么都抓不住也想不清楚。\n{anal}深处仿佛有滚烫的肠液汹涌涌出，甚至小幅喷溅而出，带来的失控感几乎令她当场失神，泪水混着涣散的眼神，在这场灵魂震颤的强烈绝顶里瑟瑟颤栗，久久无法回神。
2276,action_part_a_orgasm_strong_C,0,target_is_player_daughter,一波比先前任何一次都更为凶猛的战栗猝然自{anal}最深处轰然涌出，{TargetName}作为{Name}的亲生骨肉，浑身骤然绷紧痉挛，脑子里霎时一片空白。\n这处早已被父亲反复眷顾过的私密地带连续迎来数次绝顶，敏感度不知不觉又攀升了一层，蓄积多时的快感此刻轰然爆发，酿成一场远比以往猛烈得多的巨浪。\n她心底清楚这段父女之间的关系早已逾越了伦常的边界，却怎么也无法割舍对{Name}那份深沉炽热的依恋，愧疚与快意此刻在心口反复拉扯，令她几乎喘不过气来。\n那种既想抗拒又渴望沉沦的矛盾情绪令她意识愈发模糊，理智被这股极致的绝顶冲得七零八落，唯余一片灵魂震颤般的酥麻在四肢百骸里疯狂流窜。\n{anal}深处大量肠液汹涌涌出，甚至夹带小幅喷溅，带来的羞耻几乎令她当场昏厥，可她却连这份羞耻从何而起都想不明白，只能在这场近乎崩溃的绝顶里泪眼朦胧地颤栗不休。
2277,action_part_a_orgasm_strong_C,0,target_is_player_daughter,一记比方才更加猛烈百倍的痉挛猛然从{anal}深处炸裂开来，身为{Name}血脉至亲的{TargetName}整个人剧烈一颤，脑海瞬间被冲得七零八落。\n那处禁忌的秘境已在父女之间的欢愉里连续绝顶数回，敏感仿佛被硬生生推上了新的高度，长久淤积的快感此刻猛然迸发，卷起一场远胜普通绝顶的滔天狂潮。\n她分明明白这份不容于世的血亲之恋早已越界，心底却始终藏着对{Name}割舍不下的依赖与爱慕，罪恶与欢愉此刻紧紧纠缠在一处，令她的灵魂都随之战栗颤抖。\n那份近乎绝望的背德感与灭顶的酥麻快意同时涌上心头，令她意识几乎彻底崩溃，什么念头都抓不住，只剩下一片令人失神的极致满足感在体内翻涌回荡。\n{anal}深处涌出大量滚烫黏稠的肠液，甚至夹杂着小幅喷溅，那种羞耻的失控感几乎将她推向崩溃边缘，她却毫无办法，只能任由这场极致绝顶将自己彻底吞没。
2278,action_part_a_orgasm_strong_C,0,target_is_player_daughter,毫无征兆间，一股狂暴的巨浪猛地从{anal}最深处轰然炸裂，{TargetName}身为{Name}的亲生女儿，浑身猝然痉挛绷紧，理智在这一瞬彻底溃散。\n这处属于父女禁忌之欢的私密地带已连续绝顶了好几回，敏感度骤然攀上一个全新的台阶，累积已久的快感终于在此刻决堤而出，掀起一场远比往常猛烈的巨浪。\n她心知这段血缘相连的关系背离了世间的伦常，却始终无法斩断对{Name}那份深切而炽热的眷恋，罪孽感与极致快意在胸腔里反复撞击，几乎要将她的灵魂撕裂。\n那种既羞耻又沉迷的矛盾心绪令她彻底失去了抵抗的力气，脑海一片空白，只剩下这股灵魂震颤般的酥麻在身体里横冲直撞，将她推向濒临崩溃的边缘。\n{anal}深处滚烫的肠液似乎正汹涌地往外涌，甚至小幅喷溅而出，带来令她几乎昏厥的失控快感，泪光涣散间，她只能在这场强烈绝顶里瑟瑟颤栗，久久无法回神。
2279,action_part_a_orgasm_strong_C,0,target_is_player_daughter,一场远胜普通绝顶的狂潮骤然自{anal}深处轰然爆发，身为{Name}亲生女儿的{TargetName}浑身猛地绷成一张满弓，意识几乎在刹那间被冲得支离破碎。\n那处早已被父亲反复宠幸过的禁地连续攀上绝顶数次，敏感似乎又被推高了一个新的层级，蓄积多时的快感此刻猛然决堤，卷起一场远超以往的凶猛巨浪。\n她比谁都清楚这场血脉相连的欢愉早已背离人伦，可心底对{Name}的依恋与渴望却早已根深蒂固，罪恶的战栗与巨大的欢愉同时涌来，令她几乎喘不过气。\n那份难以启齿的背德快感与灵魂深处的震颤交织成一片，令她的理智彻底崩塌，脑海里空空荡荡，什么都抓不住，只剩下这股极致的酥麻在全身翻涌肆虐。\n{anal}深处涌出大量温热黏稠的肠液，甚至带出小幅的喷溅，那种羞耻到几乎失神的失控感将她彻底击溃，她只能在这场灵魂震颤的强烈绝顶里，泪眼婆娑地颤栗不休。

2280,action_part_a_orgasm_strong_C,0,t_unconscious_flag_6&t_hypnosis_blockhead,被精神操控牢牢禁锢的{TargetName}神志依旧清明，她清清楚楚地知道自己正在经历什么，偏偏这具身子连一根手指都动不了，只能眼睁睁地任由那股绝顶在{anal}里疯狂炸开。\n这一次的快感比以往任何一回都要凶猛得多，仿佛这处地方被反复攀顶之后，敏感被推上了一个她从未触及的崭新高度，此刻积攒到极限的酥麻一齐倾泻，几乎要把她的理智整个冲垮。\n她能鲜明地感觉到{anal}一下一下地剧烈绞缩，能感觉到大量灼热的肠液不受控制地涌出，那种羞耻的湿意让她清醒的内心几近崩溃。\n无法挣动、无法遮掩、无法发泄的处境令这份屈辱被无限放大，她只能在失神的战栗中被这股强绝顶反复碾过，心底翻涌着难以言喻的迷乱与酥软。\n意识几乎要被这前所未有的极致快意淹没，她却连闭上眼逃避的力气都没有，只能任凭那阵灵魂般的震颤将她整个人拖入沉沦。
2281,action_part_a_orgasm_strong_C,0,t_unconscious_flag_6&t_hypnosis_blockhead,{TargetName}的身体被操控得僵硬不动，可她的心却清醒得可怕，每一分每一秒都在无比清晰地承受着{anal}深处炸开的这场强烈绝顶。\n那股快感汹涌得远超从前，像是这处敏感被一次次登顶磨砺之后终于跃上了一个全新的台阶，堆积到顶点的酥麻此刻决堤般席卷全身，凶狠地冲刷着她无处可逃的神志。\n她无比真切地感受着{anal}疯狂的痉挛翕张，感受着成股的滚热肠液止不住地淌落，那份湿淋淋的失禁感让她清醒的羞耻心被撕扯得支离破碎。\n动弹不得的桎梏让这份快意无从宣泄，只能在她体内横冲直撞，把她逼进一种近乎崩溃的迷醉里，明明羞耻得想要死去，偏偏又被这股强绝顶烫得浑身发软。\n她的意识几乎被这灭顶般的快感冲得摇摇欲坠，却始终清醒着，清醒地咀嚼着每一丝屈辱与每一缕酥麻交织出的、令灵魂都为之震颤的极致沉沦。
2282,action_part_a_orgasm_strong_C,0,t_unconscious_flag_6&t_hypnosis_blockhead,清醒的意识是{TargetName}此刻唯一还属于自己的东西，她被操控得连躲都躲不开，只能全须全尾地感受着{anal}里翻腾起的这场惊人强绝顶。\n这一波快感的烈度远远盖过了以往的每一次，仿佛这个部位在连番攀顶后敏感陡然拔高了整整一个台阶，蓄积已久的酥麻轰然引爆，几乎要把她的神魂整个吞没。\n她能清楚地感知到{anal}狂乱的绞缩抽搐，能感知到大量温热的肠液毫无节制地喷涌而出，那种被彻底打开、被迫失禁的羞耻让她清醒的心一阵阵抽痛又战栗。\n无法反抗、无法闭合、无法排解的绝望令这份屈辱愈发浓烈，她只能在失神中被这股强绝顶反复贯穿，心底泛起一层又一层难以自控的迷乱与酥软的沉溺。\n她觉得自己的理智快要被这极致的快意冲散了，脑海里一片眩晕的空白，却仍旧清醒地承受着那阵撼动灵魂的战栗，无从逃避地一点点坠入深渊。
2283,action_part_a_orgasm_strong_C,0,t_unconscious_flag_6&t_hypnosis_blockhead,被禁锢在操控之力下的{TargetName}动不了、逃不掉，唯有一颗心还清醒地跳动着，逼着她一分不落地体味{anal}中掀起的这场凶猛绝顶。\n那快感来得比过往任何一次都要猛烈，就像这处地方被接连不断地冲顶之后，敏感一下子登上了一个陌生的新高度，压抑到极限的酥麻此刻尽数迸发，粗暴地冲垮着她仅存的一点清明。\n她无比鲜明地感受着{anal}一轮轮失控的绞紧，感受着灼热的肠液成股淌出的湿滑，那份羞耻的失禁触感让她清醒的内心几乎要碎裂开来。\n身子被钉死般动弹不得，满腔的快意与屈辱都无处发泄，只能在她体内反复冲撞，将她推向一种既想逃离又忍不住沉沦的极致迷醉。\n意识在这股灭顶的强绝顶里几乎被冲得涣散，她却始终清醒地颤栗着，任凭那阵直抵灵魂的震荡把她整个人拖进一片酥麻与羞耻交织的漩涡深处。
2284,action_part_a_orgasm_strong_C,0,t_unconscious_flag_6&t_hypnosis_blockhead,{TargetName}的四肢被操控得僵直无力，可她的神智偏偏清醒得纤毫毕现，只能眼睁睁地承受{anal}深处爆开的这场远超寻常的强烈绝顶。\n这一次的快意浓烈得近乎骇人，仿佛这处敏感在一次次登顶之后终于被磨上了一个崭新的台阶，积蓄到爆裂边缘的酥麻一齐奔涌而出，几乎要将她的理智连根拔起。\n她清晰地感觉到{anal}疯狂地收缩绞拧，感觉到大量滚烫的肠液不受控制地漫溢而下，那种被迫敞开、失禁般的湿意让她清醒的羞耻被无限地拉扯放大。\n动弹不得的绝境让这排山倒海的快感无从排解，只能在她体内一遍遍地肆虐，把她逼入一种濒临崩溃却又甘之如饴的沉醉，心底满是无法言说的迷乱战栗。\n她只觉神魂都要被这极致的绝顶冲散，脑中一片眩晕的空茫，却仍死死清醒着，任那阵撼动灵魂的酥麻余韵一波波将她卷入更深的沉沦里。

2285,action_part_a_orgasm_strong_C,0,t_unconscious_flag_6&t_hypnosis_active_h,明明被精神操控着，{TargetName}的心底却清醒地感受着这一切，{anal}在连续多次绝顶后敏感得已经攀上了一个全新的台阶。\n此刻积攒到极致的快感终于轰然引爆，那股远超以往任何一次普通绝顶的凶猛快意，如灭顶的洪流般将她的意识几乎彻底冲垮。\n她清楚地觉出{anal}正剧烈痉挛绞缩着，一波接一波的强烈快感顺着肠道深处直冲天灵，令她在失神的颤栗里几近崩溃。\n最令她羞耻难当的是，自己的身体竟违背心意地主动迎合沉沦，热切地追逐着这本该抗拒的快感，而她的理智却只能眼睁睁地被淹没。\n她隐约感到大量滚烫的肠液正从{anal}汹涌涌出，那份失控的淫靡令她又羞又乱，却又在这灵魂震颤般的极致快意里无从挣脱，只能任由自己一点点沉入这迷醉而近乎崩溃的深渊。
2286,action_part_a_orgasm_strong_C,0,t_unconscious_flag_6&t_hypnosis_active_h,{TargetName}的神智仍是清醒的，偏偏身体被牢牢操控着，{anal}历经连番绝顶早已敏感到了一个前所未有的高度。\n当堆叠已久的快感一齐迸发时，那股比寻常绝顶剧烈了不知多少倍的快意猛然贯穿了她的全身，意识在顷刻间被冲刷得支离破碎。\n她能清晰地感觉到{anal}疯狂地绞缩抽搐，每一下痉挛都掀起一阵灭顶的酥麻，令她失神战栗，脑海里一片混沌空白。\n心底拼命地抗拒着这份失控，身体却背叛似的主动淫荡承欢，这撕扯般的矛盾令她既羞耻又迷乱，几乎要在快感里溺毙。\n她惶然察觉浓稠的肠液正自{anal}成股翻涌，那难以启齿的失禁般的淫靡叫她无地自容，可那股席卷灵魂的强烈快意却由不得她，只将她一寸寸拽入近乎崩溃的沉沦深处。
2287,action_part_a_orgasm_strong_C,0,t_unconscious_flag_6&t_hypnosis_active_h,即便被心灵操控着，{TargetName}依旧保有着清醒的意识与心跳，{anal}在多次连续攀顶之后感度已经跃升到了一个崭新的层级。\n此刻蓄满的快感骤然失控溃堤，一场远比以往普通绝顶更加汹涌的快意将她整个吞没，令她的神智几乎被冲得荡然无存。\n她真切地感受到{anal}一阵阵剧烈地抽搐收紧，那排山倒海般的强烈快感自深处直窜上来，令她失神颤抖，几近崩溃地沉溺其中。\n她心里明明惊惶抗拒着，身体却不由自主地主动迎合索求，热烈得判若两人，这份背叛令她羞愧得几乎无地自容。\n伴着大量温热肠液自{anal}奔涌而出的失控感，她被一种灵魂都为之震颤的极致快意牢牢攫住，只能在迷醉与羞乱交织的洪流里，任凭理智一点点被这场强绝顶碾碎。
2288,action_part_a_orgasm_strong_C,0,t_unconscious_flag_6&t_hypnosis_active_h,{TargetName}分明还残存着清醒的心绪，身体却被操控得脱离了掌控，{anal}在接连绝顶之后敏感得攀上了从未触及的新台阶。\n当积压到极限的快感骤然炸裂，那股凌驾于所有普通绝顶之上的剧烈快意如惊涛般拍碎了她的意识，令她瞬间失了神。\n她清楚地觉出{anal}正狂乱地连续痉挛绞紧，一阵猛过一阵的快感直冲脑髓，将她卷入一片近乎崩溃的迷醉与战栗之中。\n最令她难堪的，是身体竟违背意愿地主动淫荡扭动追欢，而心底那份羞耻与抗拒却只能被这灭顶的快感无情碾压。\n她恍惚间感到汹涌的肠液自{anal}翻涌溢出，那份彻底失控的淫靡叫她又羞又惧，可那震撼灵魂的强烈快意早已将她的理智淹没，只余下一具在极致绝顶里失神沉沦的躯壳。
2289,action_part_a_orgasm_strong_C,0,t_unconscious_flag_6&t_hypnosis_active_h,纵然身体被牢牢操纵着，{TargetName}的内心却依旧清明地感知着这场风暴，{anal}在一连串绝顶的洗礼后敏感度已攀升到前所未有的层级。\n被反复堆叠的快感终于一齐奔涌，那股远胜以往普通绝顶的凶猛快意猛地贯穿了她，意识几乎在刹那间被冲刷殆尽。\n她真切地感到{anal}不受控制地连番剧烈绞缩，每一下收束都送来一阵灭顶的强烈酥麻，令她失神颤栗，沉入迷醉的深渊。\n她的躯体热切地沉溺主动承欢，心底却翻涌着惊慌与羞赧，这背道而驰的撕扯令她羞得几乎要哭出来，却又摆脱不掉。\n当大量肠液自{anal}深处汹涌流淌，那彻底失控的淫靡感叫她无地自容，而那份撼动灵魂的极致快意却将她整个人吞没，令她在近乎崩溃的强绝顶余韵里久久失神难返。

2290,action_part_a_orgasm_strong_C,0,CVP_A2_T|104_E_1,连续无数次的绝顶把{anal}的敏感度硬生生推上了一个从未触及的高度，这一刻涌来的快感汹涌得让{TargetName}措手不及。\n那股远远超越以往任何一次普通绝顶的极致快意从{anal}深处轰然炸裂开来，一浪高过一浪地漫过她青春的全身，将她年轻的意识冲刷得几乎溃散。\n{TargetName}只觉得脑海里一片雪白，什么都想不了了，整个人失神地颤栗着，那种前所未有的强烈快感令她既迷醉又惶恐，近乎崩溃的快意在心底疯狂翻涌。\n她隐约感觉到{anal}正大量地涌出滚烫的肠液，甚至微微地喷溅出来，那种失控的湿意令青涩的少女羞耻得无地自容，却又偏偏无力阻止。\n身为{Name}第一个也是唯一的女人，{TargetName}在这场灵魂都为之震颤的强烈绝顶里彻底沉沦，年轻的心脏狂跳不止，只能任由这股汹涌的快感将自己一次次淹没。
2291,action_part_a_orgasm_strong_C,0,CVP_A2_T|104_E_1,在被一次次送上绝顶之后，{TargetName}的{anal}仿佛跨过了某道门槛，敏感度骤然攀升，这一波绝顶的快感强烈得远非从前可比。\n一股空前汹涌的极致快意从{anal}深处席卷而来，狠狠地冲垮了她年轻的神智，少女的脑子里嗡的一声，一切思绪都被搅成了空白。\n{TargetName}整个人失神地战栗着，那种迷醉到近乎崩溃的快感令她几乎要被彻底淹没，青春的心底翻涌着难以言喻的震撼与沉醉。\n她羞窘地察觉到{anal}正不受控制地淌出大量温热的肠液，那种湿淋淋的失控感让青涩的她又羞又慌，却连一丝抵抗的力气都拿不出来。\n作为只属于{Name}一人的少女，{TargetName}在这场远胜以往的猛烈绝顶中彻底迷失，年轻的身体和心灵一同颤抖着，深深陷进了这股汹涌快感的漩涡里无法自拔。
2292,action_part_a_orgasm_strong_C,0,CVP_A2_T|104_E_1,一次次连绵的绝顶让{anal}的敏感度悄然登上了新的台阶，此刻迎来的这场绝顶其快感之烈是{TargetName}从未体验过的。\n那股远超普通高潮的极致快意如决堤的洪流般从{anal}奔涌而出，一波接一波地拍打着她青春的神经，将年轻的意识冲得支离破碎。\n{TargetName}只觉得眼前发白，脑海一片空茫，整个人在剧烈的快感里失神地颤抖，那种迷醉又惶惑的快意让她几乎要哭出来，心底掀起了灵魂般的震荡。\n她朦胧中感到{anal}正咕噜噜地涌出大量肠液，甚至小幅地喷溅而出，那份羞耻的湿热令青涩的少女面红耳赤，却根本无从遮掩。\n身为{Name}唯一拥有过的女孩，{TargetName}在这远比以往强烈的绝顶中彻底沉醉，年轻的心怦怦狂跳，只能任凭这股势不可挡的快感反复将她卷走。
2293,action_part_a_orgasm_strong_C,0,CVP_A2_T|104_E_1,被连续推上绝顶太多次后，{TargetName}的{anal}敏感度陡然拔高，这一刻炸开的快感凶猛得让她整个人都招架不住。\n远远盖过以往普通绝顶的滔天快意从{anal}深处轰然涌起，狠狠地漫过她年轻娇嫩的全身，将少女的意识冲刷得几乎荡然无存。\n{TargetName}失神地颤栗着，脑子里一片混沌，那种强烈到近乎崩溃的迷醉快意在心底疯狂翻搅，令她既恐惧又深深沉迷，仿佛灵魂都在为之震颤。\n她羞耻地意识到{anal}正大量地流淌出滚烫的肠液，还夹着丝丝喷溅，那种失控外泄的湿意让青春的她羞得几乎抬不起头，却偏偏毫无办法。\n作为{Name}第一个也是唯一的少女，{TargetName}在这场撼动身心的猛烈绝顶里彻底缴械，年轻的胸口剧烈起伏，只剩下被极致快感淹没后的失神与迷乱。
2294,action_part_a_orgasm_strong_C,0,CVP_A2_T|104_E_1,连番不断的绝顶将{anal}的敏感度硬生生抬上了一个崭新的层级，这次涌来的快感强烈得让{TargetName}的身心彻底失守。\n那股比任何一次普通高潮都要凶猛的极致快意自{anal}深处喷薄而出，一浪压过一浪地冲刷着她青春的神经，将年轻的思绪冲得七零八落。\n{TargetName}整个人失了神地剧烈颤栗，脑海一片空白，那种迷醉到近乎失控的快感令她既沉沦又慌乱，青涩的内心被难以言喻的震撼填得满满当当。\n她朦朦胧胧地察觉{anal}正不住地涌泄出大量温热肠液，甚至微微喷溅，那份湿漉漉的失控感令少女羞窘得浑身发烫，却连合拢的力气都没有。\n身为只被{Name}一人拥有的女孩，{TargetName}在这远胜从前的强烈绝顶中彻底沦陷，年轻的心脏狂乱跳动，任由这股汹涌澎湃的快感将自己一次又一次地吞没。

2295,action_part_a_orgasm_strong_C,0,CVP_A2_T|105_E_1&high_1,一股远比以往任何一次都要凶猛的快感自{anal}深处轰然炸开，{TargetName}只觉得整个意识都被这股洪流冲得几乎溃散。\n连番的绝顶早已把她的{anal}的敏感推上了一个从未触及的台阶，此刻这记强绝顶的烈度令她彻底失了神，脑中一片眩晕的空白。\n那种酥麻已远远超出了她所熟悉的绝顶，一波接一波地贯穿全身，令她成熟的身体颤栗不止，心底涌起近乎崩溃的极致快意。\n她能清晰地感觉到{anal}深处有大量温热的肠液汹涌溢出，那股又羞又麻的失控感令她既惶恐又深深沉醉。\n身为大姐姐的她本想在博士面前维持一分从容与经验，可这前所未有的强烈快感却轻易击碎了她的伪装，只余下青涩而失神的迷乱。\n灵魂仿佛都在这股远超寻常的绝顶里被震得发颤，{TargetName}沉溺其中，久久无法自拔。
2296,action_part_a_orgasm_strong_C,0,CVP_A2_T|105_E_1&high_1,这一次的绝顶凶猛得超乎想象，{TargetName}觉得自己的神志几乎要被从{anal}深处翻涌上来的快感彻底冲垮。\n经历了接连不断的高潮之后，她的{anal}的敏感度早已跃上了一个崭新的高度，这记强绝顶的强度远远盖过了她记忆里的每一次寻常绝顶。\n汹涌的快意如潮水般一浪高过一浪，令她成熟的身体在剧烈的颤栗中彻底失控，脑海里只剩一片被快感烧得发白的混乱。\n她隐约察觉到{anal}深处涌出了大量的肠液，那份失禁般的羞耻感反倒化作更浓烈的沉沦，令她愈发迷醉。\n她本是举止从容的大姐姐，想在博士怀里表现得游刃有余，可这股强绝顶却让她所有的成熟伪装土崩瓦解，暴露出连她自己都陌生的青涩慌乱。\n那种灵魂被震颤的极致快意令{TargetName}近乎失语，只能任由这远超以往的绝顶将自己一寸寸淹没。
2297,action_part_a_orgasm_strong_C,0,CVP_A2_T|105_E_1&high_1,远超寻常的极致快感自{anal}深处猛然席卷而来，{TargetName}只觉得意识在这一刻几乎被冲得支离破碎。\n她的{anal}在一次次连绵的绝顶后敏感得可怕，感度攀上了一个全新的台阶，令这记强绝顶的冲击力远非普通绝顶可比。\n那股快意剧烈地在体内奔窜翻腾，一波未平一波又起，令她成熟的躯体失神地战栗，心底翻涌起近乎崩溃的迷醉与狂喜。\n她清楚地感到{anal}深处有滚烫的肠液大量涌出，那种又麻又羞的失控滋味令她羞得无地自容，却又忍不住深陷其中。\n作为大姐姐，她原想向博士展露一点成熟与经验，然而这前所未有的强烈绝顶却让她彻底破了功，只剩下青涩的失神与无措。\n灵魂深处传来一阵阵剧烈的震颤，{TargetName}沉沦在这远胜以往的绝顶快意里，久久回不过神来。
2298,action_part_a_orgasm_strong_C,0,CVP_A2_T|105_E_1&high_1,一记凌驾于以往一切之上的强绝顶自{anal}深处轰然涌起，{TargetName}的神智险些被这股猛烈的快感彻底击溃。\n连续多次的高潮早已将她的{anal}的敏感度推到了一个陌生的新高度，此刻这股积攒到极限的快意一齐爆发，烈度远远超出了她的承受。\n那种前所未有的酥麻自下身贯穿到四肢百骸，令她成熟的身体不由自主地剧烈颤栗，心底涌动着一种近乎失控的极致快感。\n她能感觉到{anal}深处大量温热的肠液不受控地翻涌而出，那份羞耻与失控交织的感觉却让她愈发沉醉迷乱。\n身为可靠从容的大姐姐，她本欲在博士面前撑起一分成熟的体面，可这股强绝顶却轻而易举地将她击碎，只留下满心青涩的慌张与迷惘。\n灵魂仿佛都在这远胜寻常的震撼里战栗不已，{TargetName}深深陷落在这极致的绝顶之中难以自持。
2299,action_part_a_orgasm_strong_C,0,CVP_A2_T|105_E_1&high_1,快感以远超以往的猛烈之势自{anal}深处炸裂开来，{TargetName}只觉脑中一片空茫，意识几乎被这股洪流冲得溃散。\n她的{anal}在接连的绝顶后敏感度已跃上了崭新的一层，这记强绝顶的强度令她记忆中的每一次寻常高潮都黯然失色。\n汹涌的极致快意一层层地叠加翻涌，令她成熟的躯体在失神的颤栗中不住痉挛，心底满是近乎崩溃却又甜美至极的迷醉。\n她隐隐感到{anal}深处涌出大量肠液，那股失控外泄的羞耻感反倒催化出更深的沉沦，令她愈陷愈深。\n这位兼具成熟与青涩的大姐姐原想在博士身前保持几分从容，可这前所未有的强烈快感却将她的矜持冲得荡然无存，只剩青涩失神的娇媚。\n灵魂被这远胜平常的绝顶震得发颤，{TargetName}彻底沦陷在这股极致的快意里，久久无法回神。

2300,action_part_a_orgasm_strong_C,0,CVP_A2_T|106_E_1&high_3,一股远比以往任何一次都要凶猛的快感自{anal}深处轰然炸开，{TargetName}只觉得自己那具历经世事的成熟身体在这一刻被彻底击穿了。\n连番的绝顶早已把她那里的敏感磨得更上一层，此刻积攒到满溢的极致快意一齐倾泻，凶悍得让她这个自诩见多识广的熟女也招架不住，意识几乎被这排山倒海的快感冲得七零八落。\n她清楚地感觉到{anal}正疯狂地一阵阵绞紧痉挛，那种爽利远超她理论中所熟知的绝顶，直冲进灵魂深处，令她成熟的心神在极致的迷醉里失了神。\n她隐约觉出大量温热的肠液正从{anal}汹涌涌出，那种失控的羞耻反倒化作更浓的快意，将她整个人拖进近乎崩溃的沉沦。\n作为一个身子诚实、又对情事无比坦率的熟女，她此刻半点也不想掩饰，只任由这场强烈绝顶把她冲刷得魂魄俱颤，心底翻涌着难以言喻的震撼与灭顶般的满足，脑中一片滚烫的空白。
2301,action_part_a_orgasm_strong_C,0,CVP_A2_T|106_E_1&high_3,当那波蓄积已久的强烈绝顶终于奔涌而至时，{TargetName}成熟的意识几乎被瞬间冲垮，{anal}深处翻腾起的快感凶猛得超乎她多年阅历的想象。\n一次次的攀顶把她那里的敏感抬到了从未有过的高度，如今这一记远胜寻常的绝顶狠狠贯穿她丰腴的身躯，爽得她成熟的脑海里一片空茫，只剩下失神的颤栗。\n她能清晰地感到{anal}正失控地剧烈绞缩，每一下痉挛都把她往更深的迷醉里推，那种铺天盖地的快意让这个老练的熟女第一次尝到了被快感彻底吞没的滋味。\n她模糊地察觉到肠液正大量地自{anal}涌出，那羞耻的失控非但没让她退缩，反倒烧起一阵近乎放荡的迷狂。\n身为对快感直白追逐的成熟女人，她坦然地沉溺其中，任凭这股凶猛的绝顶将她的心神震得粉碎，内心翻涌着灭顶的迷醉与难以言说的灵魂战栗，几乎要在这极致的欢愉里彻底融化。
2302,action_part_a_orgasm_strong_C,0,CVP_A2_T|106_E_1&high_3,这一次涌上来的快感凶猛得截然不同，{TargetName}只觉一股滔天的爽利自{anal}深处炸裂开来，狠狠淹没了她那具饱满成熟的身子。\n历经数度绝顶的冲刷，她那处的敏感早已跃上崭新的台阶，此刻久积的快意一齐决堤，强烈得让这个理论老到的熟女意识几乎被冲散，脑中翻起一片滚烫的迷乱。\n她真切地感到{anal}正一波波狠狠绞紧痉挛，那种直窜脊髓的爽感远远盖过她所熟知的每一次高潮，令她成熟的心魂在极致的快意中失神战栗，几近崩溃。\n她隐约觉到大量温热的肠液正失控地从{anal}奔涌而出，那份淋漓的羞耻竟诡异地令她愈发沉醉，勾得她心底泛起浓得化不开的迷狂。\n这个对情欲坦率而热切的熟女丝毫不加掩饰，只放任自己在这场强烈绝顶里彻底沉沦，心中被难以言喻的震撼与满溢的欢愉塞得满满当当，久久回不过神来。
2303,action_part_a_orgasm_strong_C,0,CVP_A2_T|106_E_1&high_3,滔天的快意毫无预兆地自{anal}深处轰然涌起，{TargetName}那颗见惯风浪的成熟心神竟在刹那间被冲得七零八落。\n接连不断的绝顶早把她那里的敏感推上了全新的高度，这一波终于释放的强烈绝顶远比寻常凶悍，爽得她丰腴的身躯止不住地失神颤栗，意识在快感的洪流里几乎立不住脚。\n她清晰地感到{anal}正疯狂地一下下绞缩收紧，那股直冲天灵盖的极致爽感是她这半生阅历里从未领教过的，令她成熟的脑海一片空白，只余灭顶般的迷醉。\n她朦胧地察觉肠液正大量地从{anal}翻涌溢出，那种彻底失控的羞耻反倒把她推向更深的放荡与沉迷。\n作为一个身子无比诚实、又敢于直面欢愉的熟女，她坦荡地敞开自己迎接这场强烈绝顶，心底激荡着难以名状的灵魂震撼，被那近乎崩溃的极乐彻底俘获，连喘息都乱作了一团。
2304,action_part_a_orgasm_strong_C,0,CVP_A2_T|106_E_1&high_3,一记远超以往的强烈绝顶陡然自{anal}深处爆发，{TargetName}只觉自己那具成熟丰润的身子瞬间被快感的巨浪彻底掀翻。\n数度攀顶之后，她那里的敏感悄然升上了一个崭新的台阶，此刻满溢的快意骤然倾泻，凶猛得叫这个阅历丰富的熟女意识几乎被冲垮，脑中一片滚烫而空茫。\n她真切地感到{anal}正失控地剧烈绞缩痉挛，那种深入骨髓的极致爽利远远压过她理论中所有的绝顶体验，令她成熟的心魂在灭顶的欢愉里失神颤抖，近乎迷失。\n她隐约觉出大量肠液正从{anal}汹涌淌出，那份赤裸的失控化成了更浓烈的迷醉，将她整个人拖进沉沦的深渊。\n这个对快感直白坦率、丝毫不加遮掩的熟女干脆彻底放开了自己，任由这股凶悍的绝顶把她冲刷得神魂俱颤，内心被无法言喻的震撼与铺天盖地的满足填满，久久沉溺在这极致的余韵里无法自拔。


2305,action_part_a_orgasm_strong_C,0,CVP_A2_T|6_E_0&CVP_A2_T|7_E_1&CVP_A2_T|222_E_1,一波远比先前更加汹涌的快感毫无预兆地从{anal}深处轰然炸开，未经人事的{TargetName}被这股陌生而剧烈的震颤彻底击溃了思绪。\n{anal}一下又一下地剧烈痉挛着，怎么也停不下来，那种失控的收缩带着近乎凶猛的力道，令她整个人都跟着抽搐起来，双腿不受控制地绷直又蜷起，脚趾都痛苦而甜蜜地蜷缩着。\n她完全不明白自己的身体为什么会变成这样，只觉得脑子里像是被炸开了一团白光，什么都想不起来，也想不清楚，只剩下那股一波接一波涌上来的酥麻在支配着她。\n{TargetName}的腰肢反复地弓起又瘫软下去，双手无意识地胡乱抓挠着，嘴唇哆嗦着却发不出完整的声音，泪水在眼眶里打转，混杂着羞耻与说不清的畅快。\n{anal}深处不断有滚烫的肠液汹涌地涌出，甚至隐隐带着一点被喷出的力道，令她羞得几乎想要蜷缩起来，可那股狂乱的绝顶还在持续冲刷着她，令她的意识彻底陷入一片朦胧而混沌的空白之中。
2306,action_part_a_orgasm_strong_C,0,CVP_A2_T|6_E_0&CVP_A2_T|7_E_1&CVP_A2_T|222_E_1,一股猛烈到近乎恐怖的酥麻猝然从{anal}最深处狠狠炸裂开来，尚且懵懂无知的{TargetName}被这种前所未有的强度骇得浑身僵直，随即又剧烈地颤抖起来。\n{anal}不受控制地一波接一波狠狠绞紧，那种凶狠的收缩力道远超她以往经历过的任何一次，逼得她的腰肢猛地弓成一道颤抖的弧线，又颓然瘫软下去，如此反复，怎么都止不住。\n她的脑袋里嗡嗡作响，什么念头都抓不住，只剩下一片纯粹的空白与眩晕，完全不理解此刻自己身体里翻涌的究竟是何种东西，只觉得整个人都要被这股力量冲得四分五裂。\n四肢不听使唤地胡乱蜷曲抽搐，手指死死绞紧，脚背绷得笔直又骤然抽搐，喉咙里溢出破碎而语无伦次的气音，眼神涣散地望着虚空，泪水混着茫然滑落脸颊。\n{anal}处大股滚烫的肠液不断涌出，甚至猛地喷溅出来一些，那份羞耻与失控交织成一种诡异的快意，将她仅存的一点理智也彻底吞没殆尽。
2307,action_part_a_orgasm_strong_C,0,CVP_A2_T|6_E_0&CVP_A2_T|7_E_1&CVP_A2_T|222_E_1,{anal}猛然传来一阵狂暴而陌生的震颤，比之前经历的任何一次都要凶猛百倍，尚不懂人事的{TargetName}被这股突如其来的强烈冲击彻底冲昏了头脑。\n那种痉挛毫无章法地一波接着一波袭来，{anal}不由自主地剧烈收缩绞动，逼得她整个身体都跟着痛苦又甜蜜地弓起，随即又猛地垮塌下去，反反复复，根本没有喘息的余地。\n她根本理解不了自己此刻的身体正在经历什么，只觉得脑海一片混沌雪白，任何思绪都无法在这股狂潮中稳稳站住脚跟，只能任凭本能驱使着自己不断地颤抖挣扎。\n手指胡乱地攥紧又松开，脚尖绷得死紧又猛地痉挛弹开，喉间溢出支离破碎的呜咽气息，眼角滚落的泪珠混杂着不明所以的羞惭与眩晕般的快意。\n大股滚烫黏腻的肠液不断从{anal}深处涌出，甚至带着一股喷溅而出的势头，那种羞耻到极点的失控感与狂乱的酥麻纠缠在一处，令她彻底坠入一片无法自拔的空白深渊。
2308,action_part_a_orgasm_strong_C,0,CVP_A2_T|6_E_0&CVP_A2_T|7_E_1&CVP_A2_T|222_E_1,一记远超以往强度的猛烈痉挛骤然自{anal}深处席卷而来，尚未开窍的{TargetName}被这股陌生而磅礴的冲击吓得浑身猛地一僵，紧接着便是止不住的剧烈颤动。\n{anal}一圈又一圈地狂乱绞缩，那份力道凶猛得近乎失控，逼得她纤细的腰肢一次又一次地深深弓起，又颓然无力地塌陷下去，如同断了线的木偶般任由身体自顾自地抽搐着。\n她完全搞不明白自己出了什么状况，脑子里只剩一团轰然炸开的空白，连一丝完整的念头都抓不住，只能懵懂地承受着这股几乎要将她整个人碾碎的强烈浪潮。\n四肢痉挛着乱蹬乱踢，手指死死揪住身侧不知何物，牙关打颤发不出完整的话语，泪水混着涣散的目光止不住地流淌，整张脸都写满了茫然与失控的酡红。\n{anal}深处涌出大量滚烫的肠液，甚至猛地窜溅出来，那种混杂着羞耻与眩晕的极致快意彻底击垮了她本就所剩无几的理智，令她陷入一片彻底空白的恍惚之中。
2309,action_part_a_orgasm_strong_C,0,CVP_A2_T|6_E_0&CVP_A2_T|7_E_1&CVP_A2_T|222_E_1,毫无征兆间，一股狂烈到令人窒息的痉挛猛地从{anal}深处轰然席卷而出，懵懂无知的{TargetName}瞬间被这陌生而恐怖的强度冲得眼前发白。\n{anal}失控般地一次次剧烈绞紧又松开，那股蛮横的力道远远超出她以往的任何感知，逼迫着她的腰身一遍遍痛苦又欢愉地绷起，随后又软软地塌下去，周而复始，根本无法停歇。\n她全然不懂此刻身体里翻涌汹涌的到底是什么东西，只觉得意识仿佛被撕成了碎片，一片茫然空白，什么都无法思考，只能任由那股狂潮肆意冲刷着自己。\n双腿痉挛着胡乱蜷缩又绷直，十指用力抠进掌心，喉咙里溢出支离破碎的哭腔，眼神早已涣散失焦，泪水混着不明所以的羞耻与眩晕不断滑落。\n{anal}里大股滚热的肠液汹涌涌出，甚至猛地喷溅出些许来，那份耻辱与失控交融出的诡异快感将她仅存的一点点清明彻底吞噬，令她坠入无边无际的空白之中久久无法回神。

2310,action_part_a_orgasm_strong_C,0,CVP_A2_T|6_E_0&CVP_A2_T|7_E_1&CVP_A2_T|222_E_0,一波远比以往更加汹涌的狂潮毫无预兆地从{anal}深处轰然炸开，未成年却早已对性事充满好奇的{TargetName}被这股骤然升级的快感冲得脑海一片空白。\n她清楚地感觉到自己在这个部位已经绝顶了太多次，此刻那份好奇心早已被无穷无尽的酥麻彻底取代，敏感的程度仿佛一下子被推上了一个从未触及过的新台阶。\n{anal}一阵接一阵剧烈地痉挛收缩着，滚烫的肠液毫无保留地大股涌出，甚至隐隐带着喷溅的意味，令{TargetName}又是羞耻又是沉醉，稚嫩的心智几乎要被这份过量的刺激彻底击穿。\n她的意识摇摇欲坠，几乎已经分辨不清此刻自己身处何方，只剩下灵魂深处那阵剧烈的震颤反复回荡，令她控制不住地失神颤栗。\n那份年轻好奇的探索欲望在此刻化作近乎崩溃的极致快意，仿佛整个身体都要被这股强绝顶彻底融化殆尽。
2311,action_part_a_orgasm_strong_C,0,CVP_A2_T|6_E_0&CVP_A2_T|7_E_1&CVP_A2_T|222_E_0,连续绝顶了好几次之后，{anal}处的敏感已经攀升到一个骇人的地步，此刻一记比先前所有次数都要猛烈数倍的快感浪潮猝然席卷而来，令对性满怀好奇的{TargetName}猛地绷紧了全身。\n她曾以为自己已经了解快感的极限，可这一次的冲击却彻底超出了她的想象，{anal}不受控制地剧烈收缩着，一波接一波滚烫的肠液汹涌而出，甚至隐隐向外喷溅出去，令她既震惊又羞耻得无以复加。\n{TargetName}的思维在这股狂潮中几乎彻底断线，脑海里只剩下一片混沌的空白与眩晕，那份原本对性充满探索欲的好奇此刻已经完全被吞没，只剩下失神颤抖的躯体在余韵里不停痉挛。\n灵魂仿佛都被这股强绝顶狠狠地震荡了一遍，令她久久无法找回清明的思绪，唯余一阵阵酥麻不断从深处泛起。\n她的双腿控制不住地颤抖蜷缩，那种近乎崩溃的极致快意让她连呼吸都变得凌乱不堪。
2312,action_part_a_orgasm_strong_C,0,CVP_A2_T|6_E_0&CVP_A2_T|7_E_1&CVP_A2_T|222_E_0,又一次绝顶的浪潮毫无征兆地涌来，这一次的强度却远远超越了此前任何一次，令一向对性抱有强烈好奇的{TargetName}被彻底击溃了心防。\n{anal}处的敏感似乎在方才连续的绝顶中被生生撑高了一个层次，此刻那阵狂潮席卷而来时，{anal}剧烈而毫无章法地反复痉挛，滚烫的肠液大量涌出，甚至带着小幅喷涌的势头，令她羞耻得几乎想要蜷起身体躲藏起来，却又被那份强烈的快感钉在原地动弹不得。\n{TargetName}的意识在这股冲击下摇晃得几近散架，脑中只剩下一片刺目的空白与嗡鸣，先前那份年轻懵懂的好奇早已被这份极致的震撼彻底碾碎。\n她控制不住地失神喘息，颤栗的身躯久久无法平复，仿佛灵魂都被这场强绝顶烧灼得支离破碎。\n那种近乎崩溃的快意如潮水般反复涌荡，令她连神智都变得模糊不清。
2313,action_part_a_orgasm_strong_C,0,CVP_A2_T|6_E_0&CVP_A2_T|7_E_1&CVP_A2_T|222_E_0,还未从上一波余韵中回神，{anal}深处骤然又腾起一阵远比之前更加骇人的滔天快感，令满怀好奇却依旧稚嫩的{TargetName}猝不及防地弓起了腰肢。\n她能清晰地感受到，自己在这个部位反复绝顶之后，那份敏感早已被推向了一个全新的、几乎令人恐惧的高度，此刻这股强绝顶狠狠地贯穿了她的全身。\n{anal}一下又一下地剧烈绞紧痉挛，浓稠滚烫的肠液不断涌出甚至喷溅而出，那份羞耻与快感交织在一起，令{TargetName}的脑海彻底被搅成一团乱麻，好奇的心思荡然无存，只剩下失控的战栗与喘息。\n她的四肢止不住地痉挛抽动，意识几乎要被这股汹涌的浪潮彻底冲垮，唯有那阵灵魂震颤般的酥麻反复回荡，令她久久无法找回自己。\n那份近乎崩溃的极致快意仿佛要将她连同好奇与羞涩一并燃烧殆尽。
2314,action_part_a_orgasm_strong_C,0,CVP_A2_T|6_E_0&CVP_A2_T|7_E_1&CVP_A2_T|222_E_0,一记比以往任何一次都更为凶猛的绝顶浪潮猛然自{anal}深处轰然炸裂，令原本还带着几分探索性好奇心的{TargetName}瞬间失了神。\n连续多次绝顶所累积起来的敏感此刻仿佛找到了宣泄的出口，那份快感强度远远超出了她曾经历过的一切，{anal}剧烈地一阵阵抽搐收缩，温热的肠液泉涌般地涌出，甚至带着喷溅的力道，令她又羞又惧，却又忍不住深深沉溺其中。\n{TargetName}的思绪在这股极致的冲击下彻底碎裂，脑海里只剩下白茫茫的一片，那份对性事的好奇早已被这场灵魂震撼般的绝顶彻底吞噬殆尽。\n她的身体不由自主地痉挛颤抖着，唇齿间溢出破碎而失控的呜咽，几乎连自己身处何处都无法辨清。\n那股近乎崩溃的极致快意久久萦绕不散，令她沉浸在一片眩晕失神的余韵之中无法自拔。

2315,action_part_a_orgasm_strong_C,0,CVP_A2_T|7_E_0&CVP_A2_T|222_E_1,一波远比先前更加凶猛的战栗骤然从{anal}深处轰然炸开，已经成熟的躯体在接连绝顶之后仿佛被撬开了一道全新的门槛，{TargetName}整个人都被这股陌生到极致的浪潮席卷得神志涣散。\n她分明拥有一副发育完满的身子，此刻却像个什么都不懂的孩子一样，完全无法理解自己为何会被这种感觉逼到崩溃的边缘，只能茫然地任由那股滚烫的酥麻反复冲刷着自己的意识。\n{anal}一阵接一阵地痉挛收缩，肠液汹涌地涌出，甚至带着细小的喷溅，那种羞耻到极点的感觉与快感交织在一起，令她根本分不清自己是该害怕还是该沉溺。\n脑海里一片空白，她隐约感觉到自己正在经历某种远超从前的东西，却又说不清那到底是什么，只能被本能牵引着，在茫然与恍惚中彻底沦陷。\n浪潮迟迟不肯退去，{TargetName}浑身止不住地打着哆嗦，泪水在眼眶里打转，她第一次真切地感受到自己的身体原来能被逼到这种地步，那种混杂着惊惧与迷醉的震颤，久久盘踞在她懵懂而又剧烈起伏的心口。
2316,action_part_a_orgasm_strong_C,0,CVP_A2_T|7_E_0&CVP_A2_T|222_E_1,{anal}深处骤然爆发出一阵近乎凶暴的酥麻，比起先前经历过的那几次，这一次的浪潮明显要猛烈得多，仿佛某种沉睡的敏感终于被彻底唤醒。\n{TargetName}虽有着成年女子该有的丰满曲线，此刻的反应却像个从未经历过风浪的懵懂孩童，她完全不明白身体里翻涌的这股炽热究竟意味着什么，只是下意识地绷紧了四肢，任由那股力量将自己甩得东倒西歪。\n{anal}不受控制地剧烈痉挛着，肠液大量涌出，带着微弱的喷薄之势，可她满脑子只剩下一片混沌的空白，连羞耻都来不及细想，便被更深一层的快感吞没。\n意识摇摇欲坠，眼前甚至泛起一阵阵眩晕的白光，那种前所未有的强烈感受让她整个人都止不住地发颤，仿佛灵魂都要被抽离出身体一般。\n好半晌，那阵猛烈的痉挛才渐渐平息，{TargetName}瘫软着喘息，懵懂的眼神里满是茫然与后怕，她说不清刚才究竟经历了什么，只知道自己的身体好像再也回不到从前那种平静了。
2317,action_part_a_orgasm_strong_C,0,CVP_A2_T|7_E_0&CVP_A2_T|222_E_1,一股猛烈到令人窒息的快感自{anal}深处狂涌而出，{TargetName}的身躯瞬间绷成一张拉满的弓，随即又如断了线一般剧烈痉挛起来。\n她的身体早已发育得成熟饱满，可面对这股陡然升级的浪潮，她的反应却依旧透着一股孩子气的无措，仿佛完全不曾料到自己竟会被逼到这种失控的境地。\n{anal}一次又一次地收缩绞动，滚烫的肠液不断涌出甚至微微喷溅出来，那份湿热与羞耻交融的触感令她脑中一片轰鸣，什么念头都抓不住。\n她张着嘴却发不出连贯的声响，只有断续的喘息从喉间溢出，泪光在眼底摇曳，整个人仿佛被抛进一片她从未涉足过的陌生领域，茫然又战栗地承受着这股洪流的冲击。\n浪潮一波接着一波退去又涌来，{TargetName}的四肢早已彻底绵软，懵懂的心底却翻涌着说不清的震颤与惘然，她只觉得自己方才仿佛被彻底掏空了一般，久久无法从那片空白中回过神来。
2318,action_part_a_orgasm_strong_C,0,CVP_A2_T|7_E_0&CVP_A2_T|222_E_1,{anal}猛地一阵剧烈收紧，紧接着便是排山倒海般的酥麻狂潮，将{TargetName}原本还算清明的神智瞬间冲得七零八落。\n明明拥有着与年龄相称的成熟身姿，她此刻的表情却懵懂得如同初次触电一般，完全不懂这股比先前强烈数倍的快感究竟从何而来，也不明白自己的身体为何会不受控制地弓起又瘫软。\n{anal}反复痉挛抽搐，肠液汩汩涌出，甚至带着小幅的喷溅之势，那份滚烫与湿滑交织在一起，逼得她连呼吸都变得支离破碎。\n意识一点点被吞没进一片朦胧的白光里，她隐约觉得自己好像正在经历某种极其重要却又完全无法理解的事情，只能任凭那股洪流裹挟着自己上下起伏，毫无还手之力。\n许久之后，剧烈的痉挛才总算缓缓平息，{TargetName}瘫软在原地大口喘息，懵懂的双眼里蒙着一层湿润的雾气，她隐隐约约地感觉到，自己好像再也无法忽视身体里这股陌生而炽热的东西了。
2319,action_part_a_orgasm_strong_C,0,CVP_A2_T|7_E_0&CVP_A2_T|222_E_1,一阵近乎撕裂理智的酥麻猝然从{anal}深处席卷而来，{TargetName}的腰肢猛地弓起又重重瘫落，整个身体都被这股空前猛烈的浪潮操控得毫无章法。\n她的身体早已出落得丰腴动人，可面对这种远超从前的强烈冲击，她脸上流露出的却仍是一种近乎稚拙的茫然，仿佛完全无法把眼前发生的一切与自己的身体联系起来。\n{anal}一阵紧似一阵地痉挛绞缩，肠液大股大股地涌出，甚至隐隐带着喷溅的势头，那种滚烫黏腻的感觉混杂着说不清的羞耻，让她的思绪彻底断成了碎片。\n她大张着嘴却什么话都说不出来，只有破碎的呜咽从喉间溢出，眼角沁出生理性的泪水，整个人仿佛被抛入一片从未涉足的迷雾之中，懵懂又战栗地承受着一波接一波的冲击。\n直到那股狂澜渐渐退去，{TargetName}依旧瘫软着无法动弹，懵懂的心底盘旋着挥之不去的震颤与恍惚，她第一次隐约意识到，自己的身体里似乎藏着连自己都未曾了解过的东西。

2320,action_part_a_orgasm_strong_C,0,CVP_A2_T|7_E_0&CVP_A2_T|222_E_1,一股骇人的痉挛猛然自{anal}深处炸裂开来，远比此前经历的每一次都要凶猛百倍，{TargetName}只觉得自己的意识仿佛被生生撬开了一道缺口，整个人瞬间被抛入一片翻涌的滚烫浪潮之中。\n她张着口却发不出半点连贯的音节，只有破碎的气音从喉咙深处溢出，脑海里轰然一片空白，什么都抓不住，也想不清楚，只剩下那股铺天盖地的酥麻不断啃噬着她仅存的一点神智。\n{anal}一下接一下地剧烈绞缩，滚烫的肠液汹涌而出，甚至带着细密的喷溅之势，那种湿滑与羞耻交缠在一起的感觉，让她整个人止不住地弓起腰又瘫软下去。\n泪水毫无预兆地涌上眼眶，模糊了视线，{TargetName}隐约觉得自己好像正被拖进某个从未涉足过的深渊，却又无力去分辨那究竟是恐惧还是沉醉，只能任凭这股狂澜将自己反复拍打、反复吞没。\n许久之后浪潮才缓缓退散，{TargetName}浑身瘫软地大口喘息着，四肢仍在止不住地打颤，心口里翻涌着难以言喻的震颤与恍惚，她第一次真切地意识到，自己的身体原来还藏着这样一处深不见底的疯狂。
2321,action_part_a_orgasm_strong_C,0,CVP_A2_T|7_E_0&CVP_A2_T|222_E_1,{anal}深处骤然涌起一阵近乎摧枯拉朽的酥麻，比先前的每一次都更加猛烈粗暴，{TargetName}的腰肢猝然绷成一张满弓，随即又如脱力般剧烈痉挛着瘫软下去。\n她能清楚感觉到自己的理智正一寸寸被这股狂潮蚕食殆尽，脑子里嗡嗡作响，连一个完整的念头都无法维持，只剩下本能牵引着她的身体上下起伏，毫无章法可言。\n{anal}一波接一波地收紧又松开，滚烫黏腻的肠液不断涌出，甚至隐隐带着喷溅的势头，那份灼热混杂着说不清的羞耻感，狠狠攫住了她仅剩的一丝清明。\n她的指尖不受控制地蜷缩起来，喉间溢出断续的呜咽，眼前不时泛起一阵阵眩晕的白光，整个人仿佛悬浮在一片陌生而炽烈的深渊边缘，战栗着又沉沦着。\n好半晌，那股狂澜才渐渐平息，{TargetName}瘫软着久久无法动弹，心底盘旋着挥之不去的震颤与惘然，她隐约明白，自己再也回不到方才那阵浪潮席卷之前的平静了。
2322,action_part_a_orgasm_strong_C,0,CVP_A2_T|7_E_0&CVP_A2_T|222_E_1,一阵狂暴到近乎失控的快感自{anal}深处轰然炸开，猛烈程度远远超出了她此前所能想象的极限，{TargetName}整个人被这股突如其来的洪流冲刷得魂飞魄散。\n她的四肢止不住地痉挛抽搐，脑海中翻涌着一片混沌的空白，连呼吸都变得支离破碎，什么念头都来不及捕捉，便被更深一层的酥麻彻底吞没。\n{anal}反复剧烈地绞紧又松弛，肠液大股大股地涌出，甚至带着小幅的喷溅之势，那种滚烫湿滑的触感与羞耻交织在一起，令她连一丝挣扎的力气都提不起来。\n泪光在眼底摇曳不定，她张着嘴却什么都说不出口，只有破碎的喘息从齿间逸出，整个人仿佛被抛进一片从未涉足过的迷雾深处，懵然又战栗地承受着这股一波接一波的冲击。\n浪潮终于缓缓退去，{TargetName}瘫软在原地大口喘息着，心口仍在剧烈起伏，那种混杂着惊惧与迷醉的余震久久盘踞不散，令她久久无法从那片空白里回过神来。
2323,action_part_a_orgasm_strong_C,0,CVP_A2_T|7_E_0&CVP_A2_T|222_E_1,{anal}猛地一阵剧烈收紧，紧跟着便是排山倒海般狂暴的酥麻浪潮，将{TargetName}原本还算清明的神智瞬间冲得支离破碎。\n这股快感比她此前经历过的每一次都要猛烈得多，仿佛某处沉睡已久的敏感彻底被撕开唤醒，令她完全丧失了掌控自己身体的能力，只能任由腰肢一次次弓起又颓然瘫落。\n{anal}不受控制地一阵紧似一阵地痉挛绞动，滚烫的肠液汩汩涌出，甚至隐隐带着喷溅之势，那份灼热与湿滑令她的思绪彻底断裂成碎片，再拼凑不出半点完整的意识。\n她大张着嘴却发不出连贯的声响，只有破碎的呜咽从喉间溢出，眼角沁出生理性的泪水，整个人仿佛被卷入一片从未涉足过的疯狂漩涡，懵懂又战栗地承受着这股接连不断的冲击。\n直到那股狂澜渐渐平息，{TargetName}依旧瘫软着难以动弹，胸口剧烈起伏个不停，心底翻涌着说不清道不明的震颤与恍惚，她隐约觉得，自己的身体好像已经彻底被这股快感重塑过一遍。
2324,action_part_a_orgasm_strong_C,0,CVP_A2_T|7_E_0&CVP_A2_T|222_E_1,一股近乎撕裂理智的滚烫狂潮猝然自{anal}深处席卷而出，{TargetName}的腰肢猛地弓起又重重塌落，整个身躯都被这股空前猛烈的浪潮支配得毫无章法。\n面对这种远超从前任何一次的强烈冲击，她脑海里只剩下一片轰鸣般的空白，连维持一个完整念头的力气都没有，只能任凭那股狂澜裹挟着自己上下起伏，反复颠簸。\n{anal}一阵紧似一阵地绞缩又松弛，肠液大股大股地涌出，甚至带着微弱的喷溅势头，那种滚烫黏腻混杂着难以言说的羞耻，狠狠碾碎了她最后一丝清明的意识。\n喉间只溢出断续破碎的呜咽，眼角不断沁出泪水，视线早已一片模糊，她仿佛被抛入一片从未涉足过的迷雾深渊，懵然又战栗地承受着这股一波未平一波又起的冲击。\n直到那股狂澜缓缓退去，{TargetName}依旧瘫软在原地无法动弹，心底盘旋着挥之不去的震颤与惘然，她第一次隐约意识到，自己的身体里似乎藏着连自己都未曾了解过的疯狂角落。

2325,action_part_a_orgasm_strong_C,0,CVP_A2_T|106_E_1&high_1,一波远比以往猛烈千百倍的浪潮毫无征兆地从{anal}深处轰然炸开，早已被连番绝顶折腾得敏感到了极点的{TargetName}猝不及防地弓起了成熟丰腴的腰身，喉间溢出一声压抑不住的抽气。\n{anal}不受控制地一阵接一阵剧烈痉挛收缩，那种远超先前任何一次的强度让她瞬间意识到，自己的身体已经被彻底带上了一个全新的台阶，快感浓稠得几乎要将理智整个淹没。\n大量滚烫的肠液毫无顾忌地从{anal}处涌出，甚至带着小幅的喷溅感，令她因这份失态而涌起一阵灼热的羞耻，可那份羞耻转瞬又被更磅礴的快意碾碎吞没。\n四肢止不住地痉挛乱颤，脚趾蜷缩，双手无意识地攥紧，成熟的躯体一下下深深弓起又颓然瘫软，仿佛灵魂都要被这股强绝顶震得脱离身体。\n意识在一波接一波的冲击里几乎彻底崩散，{TargetName}张着嘴却发不出完整的声音，只余下断续的喘息与颤栗，那种被快感彻底冲垮理智的失控感，让她这具历经世事的成熟身体第一次如此毫无保留地沦陷其中。
2326,action_part_a_orgasm_strong_C,0,CVP_A2_T|106_E_1&high_1,{anal}深处骤然爆发出一股猛烈到近乎凶狠的痉挛，连日累积起来的绝顶让这具成熟身体的敏感度悄然攀上了新的高度，此刻这股强绝顶带来的冲击远非以往可比，瞬间就把{TargetName}卷进了一片眩晕的快感洪流。\n腰肢一次又一次深深地弓起，又在颤抖中无力地塌落下去，丰腴的躯体反复起伏，怎么也无法维持片刻的安稳。\n她能清楚地感觉到{anal}处有大股滚烫的肠液汹涌而出，甚至隐隐带着喷溅的势头，那份近乎失禁般的羞耻感狠狠地刺激着她本已模糊的神智，令她又羞又愧，却半分也压不住体内翻涌的浪潮。\n双腿抽搐着乱蹬，指尖死死揪紧，成熟从容的姿态在这一刻荡然无存，只剩下毫无保留的失控与战栗。\n灵魂仿佛都被这股空前强烈的快感撞得粉碎，{TargetName}的意识几乎彻底冲垮，脑海中一片空白，只余下汹涌而近乎崩溃的快意反复冲刷着她，久久无法平息。
2327,action_part_a_orgasm_strong_C,0,CVP_A2_T|106_E_1&high_1,连续多次绝顶后被悄然推上新台阶的敏感，此刻在{anal}深处骤然引爆出一场空前猛烈的痉挛，那股强度远远盖过了此前任何一次，令{TargetName}成熟丰满的身躯猛地一僵，随即剧烈地颤抖起来。\n{anal}一波接一波不受控制地绞紧又松开，每一下都带着近乎凶暴的力道，仿佛要将她整个人都揉碎在这股快感里，理智被冲刷得七零八落。\n滚烫的肠液大股大股地从{anal}涌出，甚至带着小幅喷溅的势头，湿热的触感令她既羞耻又无法抗拒地沉溺其中，那种失态的窘迫与浓烈的快意纠缠交织，让她说不清此刻究竟是难堪还是沉醉。\n腰身反复深深弓起又颓然瘫软，四肢痉挛着胡乱蜷动，成熟从容的仪态早已被这股狂潮冲得荡然无存。\n意识几乎被彻底冲垮，{TargetName}唯有失神地大口喘息着，灵魂深处像是被狠狠震颤了一遭，那种前所未有的极致快意久久盘桓不去，让她久久无法找回自己。
2328,action_part_a_orgasm_strong_C,0,CVP_A2_T|106_E_1&high_1,敏感度悄然攀升后迎来的这场强绝顶，比以往任何一次都要猛烈得多，{anal}深处骤然涌起排山倒海般的痉挛，令历经世事的{TargetName}也不由得瞬间失了分寸，丰腴的身躯剧烈地颤抖起来。\n{anal}一次次不受控地剧烈收缩绞动，那股强度几乎令她喘不过气来，脑海中原本还算清醒的思绪转瞬便被冲得七零八落，只剩下一片翻涌的快感浪潮。\n大量炽热的肠液从{anal}处涌出，甚至隐隐带着喷溅之势，那份赤裸裸的失态令她涨红了脸颊，可那份羞耻感却又诡异地成了助燃剂，让快感烧得愈发汹涌。\n她的腰肢反复深深弓起又瘫软下去，双腿止不住地痉挛蜷缩，成熟的从容早已被撕得粉碎，只余下毫无遮掩的失控与战栗。\n意识仿佛被狠狠撞碎，{TargetName}几乎彻底被这股强绝顶冲垮心神，唇齿间只剩破碎的喘息，那种灵魂震颤般的极致快意反复席卷而来，令她久久沉浮其中无法自拔。
2329,action_part_a_orgasm_strong_C,0,CVP_A2_T|106_E_1&high_1,一场远超以往强度的猛烈绝顶毫无预兆地从{anal}深处炸裂开来，连番累积的快感终于把这具成熟身体的敏感度推上了崭新的台阶，{TargetName}猝然绷紧了每一寸肌肉，丰满的躯体剧烈地弓起又颤抖。\n{anal}疯狂而不受控制地一阵阵绞紧痉挛，那种凶猛的力道几乎要将她的思绪彻底撕碎，理智在这股狂潮中节节败退。\n滚烫的肠液大股涌出{anal}，甚至带着轻微喷溅的势头，那份近乎羞耻的失控感令她面颊滚烫发烫，可越是羞耻，那股沉溺其中的快意反倒越发浓烈难以自持。\n腰身一次次深深弓起又瘫软塌陷，四肢痉挛乱颤，脚尖绷得笔直，向来沉稳从容的姿态此刻荡然无存，只剩毫无保留的失态与战栗。\n{TargetName}的意识几乎被彻底冲垮，脑中一片空茫，唯有那股灵魂震颤般的极致快意反复冲刷着她，让她在这场强绝顶里久久无法找回自己，只余绵长的战栗回荡周身。

2330,action_part_a_orgasm_strong_C,0,target_is_player_daughter,一波远比先前更加汹涌的狂潮毫无预兆地从{anal}深处轰然炸开，身为{Name}亲生女儿的{TargetName}被这股骤然升级的快感冲得脑海一片空白。\n她清楚地感觉到自己在这个部位已经绝顶了太多次，敏感的程度仿佛一下子被推上了一个从未触及过的新台阶，那种强度远远超出了她曾经历过的任何一次。\n{anal}一阵接一阵剧烈地痉挛收缩着，滚烫的肠液毫无保留地大股涌出，甚至隐隐带着喷溅的意味，令她又羞又乱，明知对方是自己的父亲，那份背德的耻辱却与狂喜的快意死死纠缠在一起，令她几乎喘不过气来。\n她的意识摇摇欲坠，几乎已经分辨不清此刻自己身处何方，只剩下灵魂深处那阵剧烈的震颤反复回荡，令她控制不住地失神颤栗，唇齿间溢出破碎而语无伦次的气音。\n那份对父亲难以启齿的依恋与眼下近乎崩溃的极致快意交织成一片，仿佛整个身体都要被这股强绝顶彻底融化殆尽，令她久久无法找回清明的思绪。
2331,action_part_a_orgasm_strong_C,0,target_is_player_daughter,连续绝顶了好几次之后，{anal}处的敏感已经攀升到一个骇人的地步，此刻一记比先前所有次数都要猛烈数倍的快感浪潮猝然席卷而来，令身为女儿的{TargetName}猛地绷紧了全身。\n她曾以为自己已经了解快感的极限，可这一次的冲击却彻底超出了想象，{anal}不受控制地剧烈收缩着，一波接一波滚烫的肠液汹涌而出，甚至隐隐向外喷溅出去，令她既震惊又羞耻得无以复加。\n{TargetName}的思维在这股狂潮中几乎彻底断线，脑海里只剩下一片混沌的空白与眩晕，明明是被父亲的存在支配着的快感，此刻却让那份禁忌的罪恶感与沉沦的欢愉一同疯长，将她仅存的理智彻底冲垮。\n灵魂仿佛都被这股强绝顶狠狠地震荡了一遍，令她久久无法找回清明的思绪，唯余一阵阵酥麻不断从深处泛起，双腿控制不住地颤抖蜷缩着。\n那份近乎崩溃的极致快意让她连呼吸都变得凌乱不堪，心底某处却又悄悄地为这份只属于父女之间的秘密而战栗着。
2332,action_part_a_orgasm_strong_C,0,target_is_player_daughter,又一次绝顶的浪潮毫无征兆地涌来，这一次的强度却远远超越了此前任何一次，令身为{Name}女儿的{TargetName}被彻底击溃了心防。\n{anal}处的敏感似乎在方才连续的绝顶中被生生撑高了一个层次，此刻那阵狂潮席卷而来时，{anal}剧烈而毫无章法地反复痉挛，滚烫的肠液大量涌出，甚至带着小幅喷涌的势头，令她羞耻得几乎想要蜷起身体躲藏起来，却又被那份强烈的快感钉在原地动弹不得。\n{TargetName}的意识在这股冲击下摇晃得几近散架，脑中只剩下一片刺目的空白与嗡鸣，明知眼前带给自己这份快感的正是自己的父亲，那份伦理上的战栗与生理上的沉溺却偏偏彻底纠缠不清。\n她控制不住地失神喘息，颤栗的身躯久久无法平复，仿佛灵魂都被这场强绝顶烧灼得支离破碎，泪水在眼眶里打转。\n那种近乎崩溃的快意如潮水般反复涌荡，令她连神智都变得模糊不清，只余下对父亲又爱又惧的复杂情绪在心底翻涌。
2333,action_part_a_orgasm_strong_C,0,target_is_player_daughter,还未从上一波余韵中回神，{anal}深处骤然又腾起一阵远比之前更加骇人的滔天快感，令{TargetName}猝不及防地弓起了腰肢。\n她能清晰地感受到，自己在这个部位反复绝顶之后，那份敏感早已被推向了一个全新的、几乎令人恐惧的高度，此刻这股强绝顶狠狠地贯穿了她的全身。\n{anal}一下又一下地剧烈绞紧痉挛，浓稠滚烫的肠液不断涌出甚至喷溅而出，那份羞耻与快感交织在一起，令{TargetName}的脑海彻底被搅成一团乱麻，作为女儿本该压抑的心思荡然无存，只剩下失控的战栗与喘息。\n她的四肢止不住地痉挛抽动，意识几乎要被这股汹涌的浪潮彻底冲垮，唯有那阵灵魂震颤般的酥麻反复回荡，令她久久无法找回自己，喉间溢出支离破碎的呜咽。\n那份近乎崩溃的极致快意仿佛要将她连同对父亲的依恋与羞涩一并燃烧殆尽，令她沉浸在一片眩晕失神的余韵之中无法自拔。
2334,action_part_a_orgasm_strong_C,0,target_is_player_daughter,一记比以往任何一次都更为凶猛的绝顶浪潮猛然自{anal}深处轰然炸裂，令原本还想着要在父亲面前维持一丝矜持的{TargetName}瞬间失了神。\n连续多次绝顶所累积起来的敏感此刻仿佛找到了宣泄的出口，那份快感强度远远超出了她曾经历过的一切，{anal}剧烈地一阵阵抽搐收缩，温热的肠液泉涌般地涌出，甚至带着喷溅的力道，令她又羞又惧，却又忍不住深深沉溺其中。\n{TargetName}的思绪在这股极致的冲击下彻底碎裂，脑海里只剩下白茫茫的一片，那份身为女儿本该压抑的伦理挣扎早已被这场灵魂震撼般的绝顶彻底吞噬殆尽。\n她的身体不由自主地痉挛颤抖着，唇齿间溢出破碎而失控的呜咽，几乎连自己身处何处都无法辨清，只剩下对父亲既依恋又羞耻的复杂心绪在胸腔里翻涌。\n那股近乎崩溃的极致快意久久萦绕不散，令她沉浸在一片眩晕失神的余韵之中无法自拔，连带着那份禁忌的甜蜜也久久不肯散去。

2335,action_part_a_orgasm_strong_C,0,CVP_A2_T|7_E_0&CVP_A2_T|222_E_1,一股陌生到极致的战栗猛地从{anal}深处炸开，已经成年却仍旧懵懂无知的{TargetName}被这股力量冲得浑身僵直，完全不明白自己的身体为什么会变成这样。\n她只知道那种感觉一层层地叠加上来，比先前经历的每一次都要猛烈得多，仿佛有什么东西在体内轰然炸裂开来，一波接一波地冲刷着她已然成熟却懵懂的躯体。\n{anal}不受控制地剧烈痉挛收缩着，一下又一下，肠液大量地涌出，甚至带着细微的喷溅，她却完全不明白这意味着什么，只感觉脑子里一片空白，什么念头都抓不住。\n泪水不受控制地涌出眼眶，她茫然地大口喘着气，成熟的身体剧烈地颤抖抽搐着，双腿失控地乱蹬着，却怎么也止不住那股铺天盖地涌来的快感。\n意识几乎要被彻底冲垮，{TargetName}只能在一片混沌懵懂中承受着这股从未体验过的猛烈绝顶，浑身瘫软下来，连呼吸都变得凌乱不堪，却又说不清这到底是什么样的感觉，只留下满心的茫然与失神。
2336,action_part_a_orgasm_strong_C,0,CVP_A2_T|7_E_0&CVP_A2_T|222_E_1,{anal}忽然剧烈地收缩痉挛起来，一浪高过一浪，已经成年的{TargetName}却对这种强度的快感毫无认知，只能懵懂地承受着这股几乎将她吞没的巨大冲击。\n那种感觉比之前经历过的任何一次都要凶猛得多，仿佛身体深处堆积已久的敏感在这一刻猛然爆发，一下子将她卷入一片混沌之中，她甚至分不清自己身在何处。\n{anal}一阵阵地绞紧又松开，肠液汹涌地流淌出来，她却完全不懂这具已然成熟的身体究竟发生了什么，只觉得脑海里轰的一声炸开，什么都想不明白了。\n腰肢不受控制地反复弓起又瘫软下去，四肢痉挛着乱颤，她茫然地张着嘴，却发不出任何有意义的声音，只有断续的喘息泄露出内心的失控。\n整个人几乎被这股陌生而猛烈的绝顶冲得失神，意识摇摇欲坠，{TargetName}只能懵懵懂懂地在这片汹涌的快感浪潮里载浮载沉，连自己哭了都浑然不觉。
2337,action_part_a_orgasm_strong_C,0,CVP_A2_T|7_E_0&CVP_A2_T|222_E_1,一阵前所未有的猛烈快感毫无征兆地从{anal}深处轰然涌起，成熟却依旧对性事一无所知的{TargetName}被这股力量瞬间击穿，脑中一片空白，完全反应不过来发生了什么。\n那股快感远比她曾经历过的任何感觉都要强烈，仿佛敏感的每一寸都在这一刻被点燃，成熟的身躯不受控制地剧烈痉挛着，怎么压都压不住。\n{anal}一波接一波地剧烈收缩，肠液大股大股地涌出体外，她却懵然不知这具身体正在经历怎样的绝顶，只是本能地承受着，任由那股狂潮席卷全身。\n她的表情彻底失控，眼神涣散，嘴唇哆嗦着发不出完整的音节，眼泪混着茫然的神色从眼角滑落，双手无力地抓挠着，找不到任何可以依靠的支点。\n意识几乎在这股猛浪之中彻底沉没，{TargetName}只能懵懵懂懂地颤抖着，任凭这股陌生而汹涌的绝顶将她冲刷得七零八落，久久无法找回自己。
2338,action_part_a_orgasm_strong_C,0,CVP_A2_T|7_E_0&CVP_A2_T|222_E_1,{anal}猛地绞紧痉挛起来，一股汹涌到令人窒息的快感兜头浇下，已成年却仍性无知的{TargetName}被冲击得浑身剧烈颤抖，完全不明白自己身体里究竟燃起了什么样的火焰。\n那种感觉比以往任何一次都要强烈数倍，仿佛整具成熟的身躯都在这一刻被点燃引爆，一层层的震颤从{anal}深处扩散到四肢百骸，令她无法自持。\n{anal}反复地剧烈收缩又松弛，肠液不断涌出甚至小幅度地喷溅出来，她却毫无经验去理解这一切，只是茫然地任由身体自行痉挛抽搐，完全失去了掌控。\n泪水在眼眶里打转，最终滚落下来，她大张着嘴喘息着，腰肢不受控制地一次次弓起又颓然瘫软，四肢失控地颤动着，仿佛下一刻就要散架一般。\n意识在这股猛烈绝顶中几乎彻底崩溃，{TargetName}只能懵懂又茫然地承受着这股灵魂震颤般的冲击，久久沉浸在那片她完全无法理解的空白与失神之中。
2339,action_part_a_orgasm_strong_C,0,CVP_A2_T|7_E_0&CVP_A2_T|222_E_1,一股难以抵挡的剧烈震颤骤然从{anal}深处爆发，已经成年却依旧对性事懵懂无知的{TargetName}被这股力量狠狠冲击，整个人瞬间僵直，随即又剧烈地颤抖起来。\n这股快感远远超出了她曾经承受过的强度，仿佛身体里那份长久积攒的敏感在此刻被彻底引爆，一浪接着一浪地冲刷着她成熟却茫然的躯体，令她完全招架不住。\n{anal}失控般地一阵阵剧烈绞缩，肠液汹涌而出，她却根本不懂这具身体究竟经历了怎样的巨变，只能本能地承受，任由那股狂暴的快感将自己彻底吞没。\n她的四肢痉挛着乱蹬乱颤，腰身反复深深弓起又瘫软下去，泪水混杂着茫然与失神从眼角滑落，嘴唇哆嗦着却说不出一句完整的话。\n意识几乎被这股猛烈的绝顶彻底冲垮，{TargetName}只能懵懵懂懂地沉浸在这片陌生而汹涌的震颤余韵之中，浑身瘫软，久久无法找回清醒的自己。

2340,action_part_a_orgasm_strong_C,0,CVP_A2_T|6_E_0&CVP_A2_T|7_E_1&CVP_A2_T|222_E_1,一股远比之前任何一次都要凶猛的滚烫快感毫无预兆地从{anal}最深处炸裂开来，把懵懂无知的{TargetName}整个人都掀翻了。\n那种快意猛烈得吓人，一波接着一波从{anal}深处狠狠冲上稚嫩的脊背，青涩单薄的身子剧烈地痉挛着，稚气的小腹一下一下不受控制地抽搐，纤细的双腿失控地颤抖乱蹬，她压根不明白自己的身体到底出了什么事，只知道那股滔天的爽意大得快要把她这么小小的身子撕成两半。\n{TargetName}的意识几乎被这股前所未有的绝顶冲得七零八落，脑子里一片雪白，什么都想不了，只剩下{anal}那种失控的剧烈收缩在一遍遍碾过她的神经。\n她隐约感觉到有大量温热黏滑的肠液从{anal}里汩汩涌出，甚至小小地喷溅了一下，那种湿淋淋的失禁般的感觉让年幼的她又惊又怕，稚嫩的脸颊烧得通红，眼角渗出了慌乱的泪花，可她根本不懂这意味着什么，只能懵懵懂懂地在这股灭顶的快感里失神颤栗。\n那阵强烈得几乎要她命的绝顶迟迟不肯退去，{TargetName}瘫软着娇小的身子微微抽噎，青涩的心里塞满了搞不明白的恐慌与被彻底击垮的迷醉，她完全不知道自己那具刚能孕育生命的小小身体正被怎样的洪流冲刷着，只能任由{anal}残留的剧烈余颤一次次将她卷回那片震撼灵魂的空白里。
2341,action_part_a_orgasm_strong_C,0,CVP_A2_T|6_E_0&CVP_A2_T|7_E_1&CVP_A2_T|222_E_1,一阵猛烈到近乎失控的极致快感骤然从{anal}深处轰然爆开，那股力道远远超过了从前每一次，直接把年幼无知的{TargetName}冲得魂飞魄散。\n{anal}不受控制地一下下剧烈收缩绞紧，那种爽到发麻的电流顺着单薄稚嫩的腰肢一路窜到后颈，令她整个青涩的身子弓起又瘫软，纤细的四肢抽搐着抖个不停，她被这从未体会过的强烈冲击吓坏了，却又贪婪地被它牢牢攫住。\n{TargetName}的思绪在这一刻几乎被彻底冲垮，小脑袋里嗡嗡作响，连自己是谁都快要忘记，只能失神地承受着{anal}一波强过一波的痉挛。\n她茫然地察觉到{anal}里有滚烫的肠液大量地溢淌出来，湿漉漉地糊了一片，这种陌生又羞耻的感觉让稚气的她慌得直发抖，可她天真的脑袋里根本没有任何概念去理解这具已能受孕的幼小身体正在经历什么，只是懵懂地被快感牢牢按在了这片震颤里。\n那股撼动灵魂的强烈绝顶久久盘桓不散，{TargetName}颤栗着娇嫩的身躯轻轻啜泣，心底翻涌着无边的迷乱和搞不清缘由的巨大惶恐，她说不出一个字，只能睁着湿润茫然的眼睛，被{anal}深处一次次翻卷上来的余韵一遍遍推回那片让她彻底失神的极乐深渊。
2342,action_part_a_orgasm_strong_C,0,CVP_A2_T|6_E_0&CVP_A2_T|7_E_1&CVP_A2_T|222_E_1,毫无防备地，一道凶猛得吓人的绝顶洪流从{anal}最深处狂暴地席卷而上，比过往任何一次都要剧烈，将什么都不懂的{TargetName}彻底淹没了。\n那股爽意汹涌得几乎要将她这小小的身子撑爆，{anal}疯了似的连续痉挛收缩着，青涩单薄的腰身反复深深弓起又无力地塌软下去，稚嫩的双腿绷得笔直又失控地乱颤，她惊恐地睁大了眼睛，完全不理解这种要把人融化掉的快感究竟是怎么回事。\n{TargetName}的意识被这股空前的冲击撕得支离破碎，小小的脑袋里只剩下一片震耳欲聋的空白，连呼吸都乱了套。\n她慌乱地感到{anal}深处有大股大股温热的肠液不受控地涌了出来，甚至微微喷了出去，那种湿黏失控的触感让幼小的她既羞又怕，泪水在稚气的眼眶里打转，可她天真无知的心里压根不明白这一切对她那刚成熟的小小子宫意味着怎样的后果。\n这场震撼灵魂的强绝顶迟迟不退，{TargetName}软成一团轻轻发抖，青涩的心底盛满了濒临崩溃般的迷醉和搞不懂的巨大慌张，她只能懵懵懂懂地承受着{anal}残余的剧烈余震，一次又一次被卷进那令她彻底失神的滔天快意里。
2343,action_part_a_orgasm_strong_C,0,CVP_A2_T|6_E_0&CVP_A2_T|7_E_1&CVP_A2_T|222_E_1,一股猛烈得远超以往的绝顶快感毫无征兆地从{anal}深处炸开，像决堤的洪水般狠狠灌满了懵懂稚嫩的{TargetName}的全身。\n{anal}剧烈而不受控制地连续绞缩着，那种强得吓人的爽意一浪高过一浪，冲得她单薄青涩的身子一次次剧烈抽搐，纤细的腰肢深深弓起后又彻底瘫软，稚气的双腿失控地痉挛乱蹬，她被这从未感受过的凶猛快感彻底吓懵了，根本不知道自己的身体为什么会变成这样。\n{TargetName}的神智几乎被这股滔天的绝顶冲垮，小脑袋里嗡的一声就一片空白，什么都想不起来，只剩下{anal}那种失控的剧烈收缩在一遍遍冲刷着她。\n她茫然又慌乱地察觉到有大量滚烫的肠液从{anal}里失禁般地淌了出来，那种湿淋淋的陌生触感让年幼的她羞得浑身发烫，稚嫩的脸上挂着惊惶的泪，可她天真无知的脑袋里没有半点概念，完全不晓得这具已能怀孕的幼小身体正被怎样的快感洪流反复冲刷。\n那阵撼人心魄的强烈绝顶久久萦绕不去，{TargetName}颤抖着娇小的身躯低声抽噎，青涩的内心塞满了搞不明白的迷乱与被快感彻底击溃的震撼，她只能睁着失神茫然的双眼，任由{anal}深处翻涌的余颤一次次将她重新拽回那片让她魂魄俱颤的极乐里。
2344,action_part_a_orgasm_strong_C,0,CVP_A2_T|6_E_0&CVP_A2_T|7_E_1&CVP_A2_T|222_E_1,前所未有的强烈快感如同惊雷般从{anal}最深处骤然轰开，那股力道凶猛得把什么都不懂的{TargetName}整个人的意识都掀飞了。\n{anal}不受控制地剧烈痉挛绞紧，一波比一波更凶的爽意顺着稚嫩单薄的脊背一路狂窜，令她青涩的身子剧烈地弓起又无力地软倒，纤细的四肢失控地颤栗抽搐，她惊慌得快要哭出来，却又被这灭顶的极致快感牢牢困住，压根挣脱不开。\n{TargetName}的思绪彻底被这股空前的冲击卷走，小小的脑袋一片惨白，连自己身在何处都恍惚了，只能失神地承受着{anal}一阵猛过一阵的剧烈收缩。\n她懵懵懂懂地感到{anal}里有滚烫黏腻的肠液大量地涌溢而出，还小小地喷溅了一下，那种湿漉漉的失控感觉让幼小的她又羞又惧，稚气的眼里蓄满了慌乱的泪，然而她天真的心里根本无从明白，这具刚具备生育能力的小小身体正经历着何等惊人的震荡。\n这场震颤灵魂的强绝顶迟迟不肯散去，{TargetName}瘫软着娇嫩的身子微微战栗，青涩的心底翻涌着濒临崩溃的迷醉与搞不清缘由的滔天惶恐，她一个字也说不出来，只能任由{anal}残留的剧烈余震一次次把她推回那片令她彻底失神的极乐深渊里。

2345,action_part_a_orgasm_strong_C,0,CVP_A2_T|6_E_0&CVP_A2_T|7_E_1&CVP_A2_T|222_E_0,一股远比以往任何一次都要猛烈的快感毫无预兆地从{anal}深处炸裂开来，年幼的{TargetName}只觉得意识几乎被那股狂潮整个卷走。\n那种熟悉又陌生的酥麻在连续攀升到一个从未抵达过的高度之后骤然决堤，{anal}不受控制地剧烈痉挛收缩着，一波接着一波，令她稚嫩的腰肢深深弓起又猛地瘫软，双腿失控地绷直又乱蹬，浑身的肌肉都在这股前所未有的极致快意里颤栗抽搐。\n她当然懂得这是绝顶，可从书本上学来的那点知识根本无法预料真正降临的冲击竟会强烈到令她失神。\n{TargetName}只觉得脑子里一片空白，年轻的身体像是被一道电流反复贯穿，那股迷醉的快感几乎要把她的理智彻底冲垮，好奇与探索的心思早已被这近乎崩溃的快意淹没得干干净净。\n她隐约感觉到{anal}深处有大量温热的肠液汹涌地淌出，甚至小幅地喷溅出来，那种失禁般的羞耻令她稚嫩的脸颊烧得通红，可失控的身体根本压不住那一阵又一阵深度的痉挛。\n直到这场剧烈的强绝顶缓缓退潮，{TargetName}还在细细地颤抖着回不过神，年幼的心底翻涌着难以言喻的灵魂震撼，她第一次真切地明白了自己了解过的那种快感原来能强烈到这般地步，迷乱与惊惧交织着，令她久久无法平复。
2346,action_part_a_orgasm_strong_C,0,CVP_A2_T|6_E_0&CVP_A2_T|7_E_1&CVP_A2_T|222_E_0,一阵剧烈到近乎失控的绝顶从{anal}深处轰然涌起，那强度远远超过了{TargetName}此前经历过的每一次普通高潮。\n{anal}猛烈而不受控制地连续痉挛着，那股汹涌的快感像潮水一样一遍遍拍打着她幼小的身躯，令她的小腹反复深深抽搐，稚嫩的腰身一次次弓起又软软塌下，四肢无力地颤抖乱蹬，整个人都被这股极致的快意牢牢攫住。\n她明明早就从各种途径了解过绝顶是什么滋味，可真正被这样一波强绝顶冲刷时，那点心理准备顷刻间土崩瓦解。\n{TargetName}的意识几乎被冲垮，脑海里只剩下白茫茫的一片，年轻的身体在极致的酥麻中失神地颤栗，好奇心与那份对性的憧憬此刻全都化作了近乎崩溃的迷醉。\n她清晰地感觉到大量滚烫的肠液从{anal}里不受控制地涌出，湿漉漉地淌了满处，那种无法自控的羞耻感令她既想蜷缩起来又忍不住迎合着那阵阵深长的痉挛。\n当这场强烈的绝顶终于开始退去，{TargetName}仍旧沉浸在那股难以名状的震撼里颤抖不已，幼小的心里满是迷乱与惊叹，她从未想过自己稚嫩的身体竟能承载如此凶猛的快感，那份灵魂深处的战栗久久萦绕不散。
2347,action_part_a_orgasm_strong_C,0,CVP_A2_T|6_E_0&CVP_A2_T|7_E_1&CVP_A2_T|222_E_0,快感在连续攀爬了许久之后，终于凝成一股无比凶猛的洪流，从{anal}最深处狠狠地爆发出来，将年幼的{TargetName}整个吞没。\n那是一种远比从前强烈无数倍的绝顶，{anal}剧烈而失控地痉挛抽搐着，深长的收缩一下接着一下，令她的腰肢深深地弓成一道弧线随后又彻底瘫软，双腿失控地绷紧颤栗，稚嫩的小腹一阵阵急促地抽动。\n她凭着学来的那些性知识本以为自己能应对，可这股几乎要将意识冲垮的极致快意让她根本无从招架。\n{TargetName}只觉得思绪被彻底搅成一团，脑子里嗡嗡作响，年轻的身体在这前所未有的强绝顶里失神地战栗，那份原本满溢的好奇与探索欲，此刻尽数化成了迷醉到近乎崩溃的沉沦。\n她能感觉到{anal}深处涌出的大量肠液温热而黏腻，甚至随着一次剧烈的痉挛小幅地喷了出来，那种失控的羞耻叫她幼嫩的脸颊滚烫，可身体却诚实地贪恋着这股狂潮。\n直到这场汹涌的绝顶渐渐平息，{TargetName}依旧颤抖着缓不过神，稚嫩的心底激荡着难以言喻的震撼与迷乱，她终于懂得书上那寥寥数语所描述的巅峰快感，竟能强烈到令灵魂都为之战栗。
2348,action_part_a_orgasm_strong_C,0,CVP_A2_T|6_E_0&CVP_A2_T|7_E_1&CVP_A2_T|222_E_0,当快感一层层叠加到某个再也无法承受的临界点，一股狂暴的绝顶骤然自{anal}深处倾泻而出，令幼小的{TargetName}浑身剧烈地痉挛起来。\n{anal}不受控制地连续深度收缩着，那强烈到失控的快意一浪高过一浪，令她的腰身反复弓起又瘫软，纤细的双腿无力地乱蹬颤抖，稚嫩的身体绷紧成一张满弓，每一寸肌肉都在这股极致的酥麻里战栗不止。\n她虽早已知晓这就是所谓的绝顶，却怎么也没料到真正的强绝顶会凶猛到让她的意识几乎被整个冲垮。\n{TargetName}的脑海里一片空茫，思维仿佛都被这股迷醉的洪流冲散，年轻的身体在失神的颤栗中不住抽搐，那份对性懵懂的好奇彻底被近乎崩溃的极乐取代。\n她清楚地感到{anal}里大量温热的肠液止不住地往外淌，湿意一片，那种近乎失禁的羞耻令她稚嫩的脸颊涨得通红，却又在这羞耻里更深地沉沦下去。\n这场剧烈的绝顶缓缓退去后，{TargetName}仍旧微微颤抖着无法平复，幼小的心中翻腾着灵魂被震撼过后的迷乱与惊叹，她第一次如此真切地体会到，原来自己了解过的那种巅峰快感竟能强烈到叫人失神忘我。
2349,action_part_a_orgasm_strong_C,0,CVP_A2_T|6_E_0&CVP_A2_T|7_E_1&CVP_A2_T|222_E_0,积攒已久的快感在这一刻彻底决堤，一股远超寻常的绝顶从{anal}深处轰然席卷而来，将年幼的{TargetName}卷入前所未有的极致巅峰。\n{anal}剧烈失控地一阵阵深深痉挛，那股凶猛的快意反复冲刷着她稚嫩的身躯，令她的腰肢深深弓起旋即又软软瘫倒，双腿绷直颤栗，小腹一下下急促地抽搐着，浑身都在这狂潮里无法自控地战栗。\n她读过、也好奇过绝顶究竟是什么模样，可这样一次几乎要将神智冲垮的强绝顶，还是彻底击溃了她所有的想象。\n{TargetName}只觉意识在极乐中飘忽失神，脑中一片雪白，年轻的身体贪婪又惶恐地承受着这股迷醉，昔日那份对性的探索欲此刻已被近乎崩溃的快意烧得所剩无几。\n她能感到{anal}深处大量滚烫的肠液不受控地汹涌流出，甚至随着深长的收缩小幅喷溅，那份失禁般的羞耻让幼嫩的她无地自容，偏偏身体却在这羞耻中颤抖得愈发厉害。\n待这场汹涌的强绝顶终于缓缓消退，{TargetName}还沉浸在那股灵魂震颤般的余韵里久久回不过神，稚嫩的心底满是迷醉与震撼，她终于明白自己曾好奇过的巅峰，原来强烈得足以令人忘却一切。
2350,action_part_a_orgasm_strong_C,0,CVP_A2_T|6_E_0&CVP_A2_T|7_E_1&CVP_A2_T|222_E_0,一股比以往猛烈太多的绝顶毫无征兆地从{anal}最深处炸开，令幼小的{TargetName}整个人在极致的快感里剧烈颤栗起来。\n{anal}失控地连续深度痉挛，那种强烈到几乎无法承受的酥麻一波波贯穿全身，令她稚嫩的腰身反复深深弓起又骤然瘫软，纤细的四肢无助地绷紧乱颤，小腹一阵阵不受控地抽动，整个身体都被这股狂潮牢牢裹挟。\n她虽从各处懂得了性的道理，也曾好奇地憧憬过绝顶的滋味，可真正被这样一场强绝顶淹没时，那点认知瞬间被冲得七零八落。\n{TargetName}的意识几乎被这迷醉的洪流彻底冲垮，脑子里空荡荡的什么也想不了，年轻的身体在失神的战栗中一次次抽搐，好奇与羞怯尽数化作近乎崩溃的沉醉。\n她清晰地感觉到{anal}里大量温热黏腻的肠液止不住地涌淌出来，甚至小幅地喷出，那近乎失禁的羞耻叫她幼嫩的面颊烧得滚烫，可失控的身躯却只顾贪恋这灭顶的快意。\n直到这场剧烈的绝顶徐徐退潮，{TargetName}依旧颤抖着难以回神，稚嫩的心里激荡着难以言喻的灵魂震撼与迷乱，她这才真正懂得，原来自己了解过的那份巅峰快感，竟能强烈到叫人神魂俱颤。