cid,type_id,adv_id,premise,context
组件id,组件类型名,组件限定的剧情npcid,前提id,组件内容
str,str,int,str,str
0,0,0,0,1
组件配置数据,,,,

1000,action_part_a_orgasm_normal_C,0,CVP_A2_T|102_E_1&CVP_A2_A|5_LE_3,一股沉闷的热流毫无预兆地从{anal}深处骤然拧成了一团，一直感受不到什么强烈快感的{TargetName}猛地绷紧了幼小的身体。\n那种一直以来只有胀满和异物压迫的迟钝地方，此刻竟被一波完整而清晰的酥麻彻底点燃，快感像温热的浪一层层从{anal}深处漫过稚嫩的小腹，漫过纤细的腰肢，令她整个小小的身子都不受控制地颤抖起来，脑袋里嗡的一下变得晕乎乎的，什么都想不清楚了。\n{anal}一下又一下强烈而有节奏地收缩痉挛着，那股陌生的快意来得又急又猛，令幼小懵懂的{TargetName}完全没有料到自己那个平时没什么感觉的地方竟会涌出这样完整的绝顶，她惊慌地弓起小腰，纤细的四肢绷得紧紧的。\n意识在那一刻开始变得模糊，稚嫩的心里塞满了搞不明白的慌乱与浓浓的羞涩，小小的心脏怦怦地狂跳着，她隐隐约约感觉到{anal}里有一丝温热的肠液正悄悄渗出来，那种湿滑的羞耻感令她的脸颊涨得通红。\n那阵完整的绝顶慢慢退去，{TargetName}还沉浸在方才那股席卷全身的愉悦里回不过神，小腹还在一抽一抽地余颤着，幼小的身体软绵绵的，心里被那种从未体验过的满足感填得满满的，既甜蜜又茫然，久久缓不过来。
1001,action_part_a_orgasm_normal_C,0,CVP_A2_T|102_E_1&CVP_A2_A|5_LE_3,迟钝了许久的{anal}深处，忽然拧出一股完整而鲜明的热潮，令一向对后穴刺激没什么反应的{TargetName}整个人猛地一颤。\n那种平日里只觉得被填满、被撑开的地方，此刻竟涌起了一阵接一阵扎实的快感，酥麻如潮水般从{anal}深处一波波涌向幼嫩的小腹，钻进纤细的腰肢，令她小小的身体绷紧又发软，双腿无意识地并拢夹紧，脑子里一片混沌，什么都抓不住了。\n{anal}强烈而有规律地一缩一缩，那股扎实的绝顶感令幼小的{TargetName}惊愕不已，她从没想过那个迟钝的地方也能带给自己这样完整的高潮，稚气的脸上写满了茫然，小嘴无声地张着，纤细的手指紧紧攥成了小小的拳头。\n意识开始变得朦胧起来，懵懂的心里翻涌着说不清楚的羞涩与惊慌，小小的心脏跳得又快又乱，她能清楚地感觉到{anal}正一点点渗出温热的肠液，那种滑腻的湿意令她又羞又怕，却又无力压制那股席卷而来的快意。\n等那阵完整的高潮渐渐平息，{TargetName}还愣愣地喘着气，幼小的身体瘫软下来，小腹残留着一下一下的余颤，心里塞满了从未有过的满足与迷乱，那股陌生而甜美的余韵在稚嫩的身体里久久回荡，令她怎么也回不过神。
1002,action_part_a_orgasm_normal_C,0,CVP_A2_T|102_E_1&CVP_A2_A|5_LE_3,那个一直没什么感觉的{anal}深处，蓦地腾起一股完整而灼热的快意，令{TargetName}幼小的身体骤然弓成了一道颤抖的弧。\n一直以来只有钝钝胀感的后穴，此刻竟被一波真真切切的绝顶浪潮彻底淹没，酥麻从{anal}一圈圈荡开，漫过稚嫩的小腹，渗进柔软的腰身，令她整个娇小的身子都止不住地打着颤，呼吸变得又急又乱，脑海里一片空茫。\n{anal}不受控制地强烈收缩着，一下一下抽搐得又深又密，这种完整的高潮令懵懂的{TargetName}彻底措手不及，她哪里知道那个平日里迟钝的地方竟藏着这样汹涌的快感，稚嫩的脸蛋涨得绯红，小腰一次次弓起又落下。\n意识在浪潮里开始模糊，幼小的心里被铺天盖地的羞涩和慌乱填满，小小的心脏擂鼓般跳着，她隐约察觉到{anal}深处有温热的肠液缓缓淌出，比先前更多了几分，那种湿黏的羞耻感令她小小的身子又是一阵战栗。\n那阵完整的绝顶终于缓缓退潮，{TargetName}软软地瘫着，久久没能回神，小腹还在细密地抽动着余韵，稚嫩的心里被一种深深的满足感占得满满当当，既甜又乱，那股席卷过全身的快意留下的余温，在她幼小的身体里迟迟不肯散去。
1003,action_part_a_orgasm_normal_C,0,CVP_A2_T|102_E_1&CVP_A2_A|5_LE_3,感官一向迟钝的{anal}里，忽然毫无征兆地凝聚起一场完整而汹涌的绝顶，令{TargetName}幼小的身体猛然绷直又剧烈地颤抖起来。\n那个平时只能感觉到被塞满的地方，此刻竟被一波扎实而清晰的快感层层推向顶点，酥麻的浪从{anal}深处翻涌而出，席卷稚嫩的小腹，冲上纤细的腰肢，令她小小的身子一阵阵痉挛，双腿绷得笔直，脑子里嗡嗡作响什么都想不成了。\n{anal}强烈而有节奏地一波波收缩着，那种完整的高潮浪头令幼小懵懂的{TargetName}完全招架不住，她惊慌地睁大了眼睛，稚气的小脸上满是搞不懂状况的茫然，纤细的四肢无助地绷紧又发抖。\n意识在快感的浪潮里一点点变得模糊，稚嫩的心里塞满了浓烈的羞涩与惊惶，小小的心脏狂跳不止，她清楚地感到{anal}正不断渗出温热滑腻的肠液，那股湿意令她又羞又慌，却怎么也止不住身体一波接一波的抽搐。\n直到那阵完整的绝顶慢慢消退，{TargetName}才软绵绵地瘫下来大口喘着气，幼小的身体还残留着细密的余颤，小腹一下一下地轻抽着，心里被一种前所未有的满足深深填满，甜美又迷乱，那份被快感淹没过的余韵在她稚嫩的身体里久久萦绕。
1004,action_part_a_orgasm_normal_C,0,CVP_A2_T|102_E_1&CVP_A2_A|5_LE_3,钝感已久的{anal}深处，冷不丁翻涌起一股完整而滚烫的快意，令{TargetName}稚嫩的身体猝然一僵，随即剧烈地颤栗起来。\n那个一向只有异物填塞感的后穴，此刻竟被一波实实在在的绝顶热浪彻底点燃，酥麻从{anal}一波波涌向幼嫩的小腹，蔓延进柔软的腰肢，令她小小的身体不由自主地弓起又痉挛，气息急促而凌乱，脑海里一片甜腻的空白。\n{anal}强烈地一缩一缩痉挛着，那股完整的高潮来得又深又满，令幼小的{TargetName}惊愕得说不出话，她从未想过那个平日里迟钝的地方能爆发出如此扎实的快感，稚气的脸颊烧得通红，小腰一次次不受控地弓起。\n意识渐渐被快感冲得朦胧起来，懵懂的心里翻腾着难以名状的羞涩与慌乱，小小的心脏怦怦乱撞，她能真切地感觉到{anal}正淌出温热的肠液，比方才更加明显，那种滑溜溜的湿感令她的小脸又羞又窘，浑身发软。\n等那场完整的绝顶终于缓缓退去，{TargetName}还沉浸在余韵里回不过神，幼小的身体瘫作一团，小腹残留着一下下细微的抽搐，心里被那股席卷全身的满足感填得满满的，既甜蜜又茫然，那份陌生的高潮余温在稚嫩的身体里迟迟不散。

1005,action_part_a_orgasm_normal_C,0,CVP_A2_T|104_E_1&CVP_A2_A|5_G_3&CVP_A2_A|5_LE_6,一波浓烈而完整的快感如潮水般从{anal}深处轰然涌起，{TargetName}整个人猛地绷紧了。\n那股灼热的酥麻感沿着肠道一圈一圈地向外扩散，漫过紧绷的小腹，漫过纤细的腰肢，令青春的身体不受控制地剧烈颤抖起来，脑海里像是被一层甜腻的白雾笼罩，意识开始变得模糊，却还残存着一丝清醒，让她清楚地感觉到{anal}正一下又一下强烈而有节奏地痉挛收缩着。\n{TargetName}年轻的腰肢明显地弓了起来，双腿绷得笔直又微微发颤，小腹一次次地抽搐，青涩的脸颊烧得通红，呼吸也彻底乱了节奏。\n她能清晰地感觉到{anal}深处有温热的肠液缓缓渗出，那股羞耻的湿滑感令少女又羞又慌，偏偏身体却诚实地沉溺在这完整而强烈的绝顶里无法自拔。\n那阵剧烈的快感一波接一波地冲刷着她，令{TargetName}被彻底淹没在深深的满足与甜美的空白之中，年轻的心脏狂跳着，久久无法从这场绝顶的余韵里回过神来。
1006,action_part_a_orgasm_normal_C,0,CVP_A2_T|104_E_1&CVP_A2_A|5_G_3&CVP_A2_A|5_LE_6,一股汹涌的快感毫无预兆地从{anal}最深处炸裂开来，{TargetName}的身体骤然一僵，随即剧烈地痉挛起来。\n那种浓稠而饱满的酥麻感像滚烫的浪头一样一次次拍打着她的神经，从{anal}向四肢百骸蔓延，令少女的小腹反复地紧缩抽动，青春的腰身随着一次次收缩而不由自主地耸动着，脑子里嗡的一声变得混沌起来，意识在浓烈的快感里一点点变得恍惚。\n{TargetName}的十指无意识地攥得紧紧的，双腿绷直又发软，脚趾也蜷缩了起来，嫩白的脖颈微微后仰，喉咙里溢出压抑不住的甜腻气音。\n她能真切地感到{anal}正强烈而规律地一缩一缩，深处竟有黏滑的肠液顺着痉挛缓缓流淌出来，那令她羞得几乎想找个地方躲起来，可完整而剧烈的绝顶却把她死死地按在这片灭顶的快感里。\n浓烈的愉悦一遍遍席卷全身，{TargetName}沉沉地陷进这场标准而彻底的高潮之中，年轻的心里被满溢的快感填得满满当当，只剩下深深的沉醉与迷乱。
1007,action_part_a_orgasm_normal_C,0,CVP_A2_T|104_E_1&CVP_A2_A|5_G_3&CVP_A2_A|5_LE_6,一阵强烈到无法招架的快感从{anal}深处轰然爆开，{TargetName}猝不及防地仰起了头，整个身子都为之战栗。\n那股滚烫而绵密的酥爽感一波高过一波地涌上来，顺着{anal}钻进小腹，钻进腰际，令青春的身体像离水的鱼一样剧烈地颤动着，她清楚地知道自己正在绝顶，这份清醒又让羞耻感变得格外鲜明，可意识却已经在一浪接一浪的快感里开始变得朦胧模糊。\n{TargetName}纤细的腰肢深深地弓起，柔嫩的大腿绷紧又痉挛地夹拢，小腹一下下地抽搐着，滚烫的脸颊上写满了藏不住的沉醉。\n她能感觉到{anal}正剧烈而有节奏地痉挛吸缩，深处有温热的肠液被这阵阵收缩挤压得渗流出来，那股湿滑令少女心头又慌又乱。\n完整而强烈的绝顶如海浪般一遍遍将她淹没，{TargetName}被那份饱满的快感冲得心神荡漾，年轻的心里满是深深的餍足与甜美的空白，久久无法平复。
1008,action_part_a_orgasm_normal_C,0,CVP_A2_T|104_E_1&CVP_A2_A|5_G_3&CVP_A2_A|5_LE_6,浓烈的快感毫无征兆地从{anal}深处猛地翻涌上来，{TargetName}的呼吸一下子就断在了喉咙里，全身剧烈地颤栗着。\n那种饱满而灼热的酥麻像潮水一样一层层漫过{anal}，漫过收紧的小腹，漫过青春的腰腹，令她整个人都陷进一种绵密而强烈的战栗之中，脑海里被浓浓的快感搅成一团，意识开始一点点变得模糊起来，却还没有被彻底冲散。\n{TargetName}年轻的身体明显地弓成了一道紧绷的弧线，双腿一阵阵地痉挛着夹紧又放松，小腹反复地抽搐，绯红的脸上尽是难以自持的迷醉神情。\n她能清晰地感觉到{anal}强烈而有规律地收缩痉挛着，深处渗出的温热肠液带来湿滑的触感，令少女又羞又臊，偏偏身体却完全沉溺在这标准而彻底的绝顶里。\n一波波完整的快感反复冲刷着她的神经，{TargetName}整颗心都被这场强烈的高潮塞得满满的，只余下深深的满足与说不出口的甜腻沉醉。
1009,action_part_a_orgasm_normal_C,0,CVP_A2_T|104_E_1&CVP_A2_A|5_G_3&CVP_A2_A|5_LE_6,一股完整而汹涌的绝顶快感从{anal}深处骤然喷薄而出，{TargetName}的身体猛地弹了一下，随即陷入剧烈的抽搐。\n那种炽热而浓稠的酥爽感一浪接一浪地在体内翻滚，从{anal}奔涌向全身，令青春的小腹一次次地紧缩抽动，纤腰不受控制地扭动耸弄，脑子里像被灌满了甜腻的蜜浆，昏昏沉沉，意识在铺天盖地的快感里渐渐变得涣散模糊。\n{TargetName}绷直的双腿微微发颤，脚尖用力地蜷起，嫩白的手指死死抓紧，年轻的脸蛋涨得通红，眉眼间尽是沉醉的春潮。\n她能真切地感到{anal}正强烈而有节奏地一收一缩，深处竟有黏热的肠液随着痉挛不住地淌出，那令少女羞得心头乱跳，却又贪恋着这灭顶的愉悦。\n完整而剧烈的高潮如巨浪般将她整个人吞没，{TargetName}深深沉溺在这场标准绝顶带来的浓烈满足里，年轻的心被快感淹没，久久荡漾着甜美的空白。

1010,action_part_a_orgasm_normal_C,0,CVP_A2_T|105_E_1&CVP_A2_A|5_G_3&CVP_A2_A|5_LE_6,一波完整而汹涌的快感毫无预兆地从{anal}深处炸开，成熟的{TargetName}再也压不住那声从喉咙里溢出的娇吟。\n那股炽热的酥麻顺着{anal}一圈圈地向外扩散，漫过丰腴的小腹，漫过绷得笔直的腰肢，令她整个人像被浪头卷走一般剧烈地颤抖起来，{anal}一下一下强烈而有节奏地痉挛收缩着，脑子里那点仅剩的从容瞬间被冲得七零八落，意识开始一点点变得模糊。\n大姐姐特有的那份成熟让她想稳住自己的姿态，可青涩的经验根本抵挡不住这种完整绝顶的冲击，她只能弓起腰身，双腿绷得死紧，任由那股快感在体内翻涌。\n{TargetName}清晰地感觉到{anal}深处有温热的肠液不受控制地渗流出来，那种湿黏的触感令她又羞又乱，脸颊烧得通红，心里被浓稠的快感彻底淹没，涌起一阵深深的满足与沉醉。\n那阵剧烈的绝顶缓缓退去，{TargetName}还沉浸在余韵里久久回不过神，{anal}残留着一下一下的余颤，成熟的眼眸里蒙着一层迷离的水光，心底那股说不出口的甜腻与窘迫交织着，令她既满足又忍不住渴望更多。
1011,action_part_a_orgasm_normal_C,0,CVP_A2_T|105_E_1&CVP_A2_A|5_G_3&CVP_A2_A|5_LE_6,{anal}猛地一阵剧烈的抽搐，一股完整而磅礴的快感自深处轰然涌起，令{TargetName}猝不及防地扬起了脖颈。\n那种浓烈的酥麻从{anal}深处一浪高过一浪地荡漾开来，渗进丰满的臀肉，渗进颤抖的腰际，成熟的身体不受控制地绷紧又颤栗，{anal}强烈而规律地收缩着，一下一下地绞紧又松开，令她的呼吸彻底乱了节奏，急促而破碎。\n她明明有着大姐姐的沉稳，却在这完整绝顶的快感面前显得那样青涩无措，只能咬着下唇让身体随着那股汹涌的高潮一波波地起伏。\n{TargetName}感觉到{anal}处有温热的肠液缓缓溢出，那种羞耻的湿意令她的意识愈发迷糊，心里被排山倒海的快感填得满满当当，涌起一种甜美的空白，什么都想不了，只剩下沉甸甸的满足在心底扩散。\n随着那阵绝顶慢慢平息，{TargetName}丰腴的身躯还在微微战栗，{anal}残余的痉挛带着令她难以启齿的甜蜜，成熟与青涩交织的脸庞上写满了迷乱与羞涩，心底沉沉的满足感久久无法散去。
1012,action_part_a_orgasm_normal_C,0,CVP_A2_T|105_E_1&CVP_A2_A|5_G_3&CVP_A2_A|5_LE_6,完整而剧烈的高潮如决堤般从{anal}深处席卷而来，{TargetName}整个成熟的身子猛地一僵，随即便剧烈地颤抖起来。\n那股炽烈的快感从{anal}向四面八方蔓延，漫过绷紧的小腹，漫过弓起的腰肢，一波波地拍打着她的每一寸神经，{anal}强烈地痉挛着，有节奏地一缩一放，令她的四肢都无意识地绷紧，脚趾蜷缩，意识在这汹涌的浪潮里开始模糊起来。\n她想拿出大姐姐那份从容去应对，偏偏并不老练的身体根本招架不住，只能任由那股完整绝顶的快感把她卷得晕头转向。\n{TargetName}清楚地察觉到{anal}里有温热的肠液一点点流淌出来，那种湿滑的感觉令她羞得几乎抬不起头，心里被浓得化不开的快感彻底淹没，涌起一阵深深的沉醉，脑海里一片甜蜜的空茫。\n那阵剧烈的绝顶缓缓消退，{TargetName}的胸口还在剧烈起伏，{anal}残留着细密的余颤，成熟的眉眼间尽是迷离与餍足，那种圆满而羞涩的满足感在她心底久久荡漾，令她怎么也平静不下来。
1013,action_part_a_orgasm_normal_C,0,CVP_A2_T|105_E_1&CVP_A2_A|5_G_3&CVP_A2_A|5_LE_6,一股完整而炽热的绝顶感毫无征兆地从{anal}深处轰然爆发，令{TargetName}成熟的身躯不受控制地弓成了一道弧线。\n那种强烈的快感像海浪一样从{anal}深处一层层地涌上来，漫过颤抖的臀，漫过绷紧的腰，令她全身的肌肉都随之紧绷又松弛，{anal}一下下有力而规律地痉挛收缩着，绞得又紧又深，她的呼吸变得急促而凌乱，意识在快感的席卷下渐渐变得朦胧。\n大姐姐那份成熟的矜持在这一刻荡然无存，取而代之的是掩不住的青涩慌乱，她只能绷直双腿，任凭那股完整的高潮在体内肆意翻腾。\n{TargetName}感到{anal}处有温热的肠液缓缓渗出，那种黏腻的触感令她又羞又迷，心里被汹涌的快感填满，涌起一种沉甸甸的满足和甜美的迷醉，脑子里空白得什么都抓不住。\n直到那阵绝顶渐渐退潮，{TargetName}丰腴的身子仍在微微颤动，{anal}残余的收缩带着令她面红耳赤的余韵，成熟而青涩的面容上满是沉醉，那份圆满的满足与隐隐的羞耻交织在心底，久久不肯散去。
1014,action_part_a_orgasm_normal_C,0,CVP_A2_T|105_E_1&CVP_A2_A|5_G_3&CVP_A2_A|5_LE_6,{anal}深处骤然涌起一阵完整而汹涌的快感，如潮水般瞬间漫过全身，{TargetName}成熟的身体剧烈地一颤，再也维持不住那份优雅从容。\n那股浓烈的酥麻自{anal}向外扩散，一浪接一浪地拍打着她的小腹与腰肢，令她整个人都随之颤栗起伏，{anal}强烈而有节奏地痉挛着，一缩一紧地绞动，令她的呼吸彻底破碎，意识在这完整绝顶的冲击下开始变得迷糊而涣散。\n她本想以大姐姐的沉稳去承受，却发现并不成熟的身体早已被快感彻底俘获，只能弓起腰、夹紧腿，任由那股高潮把她卷入深处。\n{TargetName}清晰地感觉到{anal}里有温热的肠液不住地流出，那种湿黏令她羞得心跳如鼓，心里被密不透风的快感填满，涌起一阵甜美的空白与深深的满足，脑海里一片朦胧。\n随着那阵剧烈的绝顶缓缓平息，{TargetName}的身子还在余韵中轻轻战栗，{anal}残留着一波波的余颤，成熟中透着青涩的眼眸里满是迷醉与羞涩，那份圆满的餍足感在心底荡漾良久，令她迟迟无法回神。

1015,action_part_a_orgasm_normal_C,0,CVP_A2_T|106_E_1&CVP_A2_A|5_G_3&CVP_A2_A|5_LE_6,一波完整而汹涌的绝顶毫无预兆地从{anal}深处轰然炸开，摸爬滚打多年的{TargetName}也没能压住那声从喉咙里颤颤溢出的娇吟。\n那股炽烈的酥麻顺着{anal}一圈圈地荡开，漫过丰腴成熟的小腹，漫过绷得笔直的腰肢，令她这具风韵十足的身体像被浪头狠狠卷走一般剧烈颤抖着，{anal}一下一下强烈而有节奏地痉挛收缩，脑子里那点惯有的沉稳与从容瞬间被冲得七零八落，意识开始一点点地朦胧起来。\n{TargetName}分明感觉到{anal}深处有温热的肠液不受控制地渗淌而出，那种黏腻滑腻的触感令她这个多年守身的女人又羞又乱，眼角浅浅的笑纹此刻皱得满是迷乱，心里被浓稠的快感层层淹没，涌起一阵深深的满足与沉醉。\n她本以为凭着多年积累的性事见识能稳住神态，可真正的绝顶落到自己身上时，成熟的躯体还是不由自主地弓起腰肢，双腿死死绷紧，任由那股完整的快感在体内翻江倒海。\n那阵剧烈的高潮缓缓退散，{TargetName}还沉在余韵里久久回不过神，{anal}残留着一下一下的余颤，丰腴的胸口起伏不定，成熟的眸子里蒙着一层迷离的水光，心底那股说不出口的甜腻与窘迫交缠在一起，令她既满足又忍不住暗暗渴求更多。
1016,action_part_a_orgasm_normal_C,0,CVP_A2_T|106_E_1&CVP_A2_A|5_G_3&CVP_A2_A|5_LE_6,一股饱满而剧烈的快感如决堤般从{anal}最深处席卷上来，令一向从容自持的{TargetName}整个人猛地绷紧，喉间不受控制地泄出一声黏腻的喘息。\n成熟的身体在这一刻彻底失了矜持，那阵浪潮似的酥麻从{anal}翻涌而出，一层层漫过丰满的腰臀，钻进每一寸被岁月温养得饱满圆润的肌肤，{anal}强烈而规律地收缩痉挛着，一波接着一波，令她的意识在浪尖上开始变得模糊涣散，脑海里只剩下那股汹涌的愉悦在反复冲刷。\n{TargetName}能清楚地感到{anal}里有滑热的肠液正一点点溢流出来，那份湿意令她这个阅历丰富的女人也忍不住红了脸，成熟风韵的面容上写满了沉溺，丰腴的小腹一下下抽搐着，腰肢深深地弓起又颤抖。\n她想端着大人般的沉稳，偏偏这具敏感的身子完全不听使唤，只能任由完整的绝顶把她整个人牢牢裹住，沉甸甸的快感几乎要将她的理智吞没。\n直到那阵高潮的余波渐渐平息，{TargetName}才带着一身细汗慢慢回过神，{anal}仍残存着细密的余颤，心底涌动着一种被填满后的深深满足，成熟的眼眸半阖着，那种湿润又餍足的沉醉令她久久无法平复，唇边不自觉逸出一缕餍足的轻叹。
1017,action_part_a_orgasm_normal_C,0,CVP_A2_T|106_E_1&CVP_A2_A|5_G_3&CVP_A2_A|5_LE_6,快感毫无征兆地在{anal}深处轰然攀上顶峰，成熟老练的{TargetName}再也维持不住那份沉稳，丰腴的身躯猛地一僵，随即剧烈地颤栗起来。\n那股浓烈的酥麻自{anal}深处炸裂开来，如潮水般一浪高过一浪地漫遍全身，钻进丰满的腰腹与柔软的臀肉，{anal}一收一缩地痉挛着，节奏强烈而完整，令她的意识在这场绝顶的洪流里渐渐失了清明，脑中一片甜蜜的空白，什么都想不起来了。\n这具经历世事的成熟身体此刻毫不掩饰地追逐着快乐，{TargetName}分明察觉{anal}内有温热的肠液缓缓涌出，那湿滑的感觉令她又羞又醉，眼角笑纹里盛满迷离，腰肢难以自控地一次次弓起，双腿绷得笔直。\n多年的理论见识在真切的高潮面前显得如此苍白，她只能沉沉地陷进这股完整而剧烈的愉悦里，任由快感把成熟的矜持一寸寸冲垮。\n那阵绝顶终于缓缓退落，{TargetName}胸口剧烈起伏着，{anal}还在一下一下地微微颤动，成熟的眼底浮着水汽般的迷乱，心里被深深的满足与说不出口的窘迫填得满满当当，那股缠绵的余韵久久萦绕，令她既沉醉又暗自渴望这份快乐能再久一些。
1018,action_part_a_orgasm_normal_C,0,CVP_A2_T|106_E_1&CVP_A2_A|5_G_3&CVP_A2_A|5_LE_6,一阵完整而炽烈的绝顶骤然从{anal}深处涌上来，将{TargetName}多年练就的从容一举击溃，成熟丰腴的身子控制不住地剧烈战栗着。\n那股翻腾的快感自{anal}向四周扩散，一波波漫过圆润的臀腰，浸透每一处被岁月养得饱满的软肉，{anal}强烈而有节奏地一缩一紧，痉挛得又深又密，令她原本清明的意识开始朦胧涣散，只余下浪潮般的愉悦在体内反复翻卷。\n{TargetName}清楚地感觉到{anal}深处不断有温热黏滑的肠液渗流而出，那份湿意令这个守了多年身的成熟女人又羞又乱，脸颊烧得滚烫，心底却被这场完整绝顶浇灌出一片深沉的满足。\n她想凭着大人的自持稳住神情，无奈这具敏感的身体早已彻底沦陷，只能弓着腰肢，绷紧双腿，任凭快感一层层把她淹没。\n待那阵高潮的浪头慢慢退去，{TargetName}才从迷醉里缓缓浮出，{anal}残留着细细的余颤，丰满的胸脯还在起伏，成熟的眼眸里蒙着湿润的光，心里那股甜腻的满足与难以启齿的沉沦交织缠绕，令她久久回不过神，唇齿间还留着方才那阵绝顶带来的餍足余味。
1019,action_part_a_orgasm_normal_C,0,CVP_A2_T|106_E_1&CVP_A2_A|5_G_3&CVP_A2_A|5_LE_6,饱满的快感如海浪般毫无预兆地从{anal}最深处席卷而至，将向来沉稳的{TargetName}整个人卷入绝顶的漩涡，成熟风韵的身躯猛然绷起，随即一阵接一阵地颤抖。\n那股浓烈的酥麻从{anal}翻涌开来，顺着丰腴的腰腹一路蔓延，钻进每一寸温软圆润的肌肤，{anal}一下一下强烈地痉挛收缩，完整而剧烈的节奏令她的意识在快感里渐渐模糊，脑海一片甜软的空茫，连自己身在{SceneName}都快要记不清了。\n这具阅历深厚的成熟身体毫不遮掩地攀向愉悦的顶点，{TargetName}分明感到{anal}里有滑腻的肠液缓缓溢出，那湿热的触感令她又醉又羞，眼角的笑纹皱成一片迷乱，腰身情难自禁地深深弓起，双腿夹得死紧。\n多年积攒下的性事见识此刻半点也帮不上忙，她只能任由这场完整的绝顶将成熟的矜持冲刷得干干净净，沉沉陷进浓稠的快乐里无力自拔。\n直到那阵剧烈的高潮徐徐平息，{TargetName}才带着满身酥软慢慢回神，{anal}仍一下下地轻轻抽动着，成熟的眼底浮着迷离的水光，心里被深深的满足塞得满满的，那股缠绵不散的甜腻余韵令她既沉醉又暗暗渴望更多，忍不住轻轻喟叹了一声。

1020,action_part_a_orgasm_normal_C,0,CVP_A2_T|107_E_1&CVP_A2_A|5_G_3&CVP_A2_A|5_LE_6,一波完整而汹涌的快感终于从{anal}深处彻底爆发开来，令已为人妻的{TargetName}再也压制不住，整个身体都随之剧烈地颤动起来。\n那股浓烈的酥麻不再是浅尝辄止的轻颤，而是如海浪般一层层席卷全身，从{anal}漫过丰腴的小腹，漫过成熟的腰肢，令她的意识在快感的冲刷下开始变得模糊，脑子里一片甜腻的空白，什么都想不清楚了。\n{anal}强烈而有节奏地痉挛收缩着，一下又一下地绞紧又松开，她能清楚地感觉到有温热的肠液不受控制地从深处渗流出来，那种湿滑的羞耻感令她的脸颊烧得滚烫。\n身为有丈夫的女人，却在这里被这样的快感彻底俘获，那份背德的愧疚与禁忌的兴奋交织在一起，反而令这场绝顶来得更加汹涌，她的腰肢无法自控地弓起，双腿绷得笔直又发着抖，成熟的身体沉沦在完整而剧烈的高潮里。\n那阵浓烈的绝顶缓缓退去，{TargetName}还有些回不过神来，胸口剧烈地起伏着，心底装满了既满足又羞愧的复杂情绪，{anal}残留的余韵仍在一下一下地轻轻抽搐，令她久久无法平复那颗为背德快感而沉醉的心。
1021,action_part_a_orgasm_normal_C,0,CVP_A2_T|107_E_1&CVP_A2_A|5_G_3&CVP_A2_A|5_LE_6,随着快感积累到某个临界，一场完整而标准的绝顶骤然将{TargetName}整个人淹没，她再也维持不住人妻应有的端庄，浑身剧烈地痉挛起来。\n那种明确而浓烈的快感从{anal}深处一波接一波地涌上来，比先前任何一次的轻颤都要强烈得多，酥麻的浪潮漫过下腹，漫过腰背，令她的呼吸急促而失序，意识在高潮的顶端开始一点点变得恍惚。\n{anal}不受控制地一阵阵剧烈收缩，绞得紧紧的，随即又松软下来，温热的肠液顺着痉挛一缕缕地流溢出来，那湿滑黏腻的触感令她既羞耻又迷乱。\n心底那份属于人妻的愧疚在这一刻被快感冲得七零八落，她明明想着自己身后还有一个家，却偏偏在这背德的绝顶里越陷越深，那种禁忌的刺激令高潮愈发浓烈，腰肢一次次弓起又颤抖，脚趾也不自觉地蜷缩起来。\n当那阵完整的绝顶渐渐平息，{TargetName}瘫软下来，脸颊滚烫，眼神迷离，心里满是难以言说的满足与沉沦，{anal}深处还残留着细密的余颤，一下下提醒着她方才那场背德而剧烈的高潮，令她久久缓不过神。
1022,action_part_a_orgasm_normal_C,0,CVP_A2_T|107_E_1&CVP_A2_A|5_G_3&CVP_A2_A|5_LE_6,一阵远比之前浓烈的快感终于冲破了{TargetName}最后的克制，令这位已经嫁作人妇多年的女人在{SceneName}里再也绷不住，整个人陷入了一场完整而剧烈的绝顶。\n那股快感从{anal}深处轰然炸开，如潮水般层层叠叠地卷过全身，漫过成熟丰腴的小腹与腰肢，令她的意识在这浓烈的愉悦中渐渐变得模糊，脑海里只剩下一片被快感填满的空白。\n{anal}一下一下地强烈痉挛着，规律而深重地收缩又舒张，她清楚地感觉到有黏热的肠液伴着抽搐悄悄溢出，那份湿滑令她羞得几乎抬不起头。\n背叛婚姻的罪恶感与沉沦快感的兴奋在心底激烈交战，可身体却诚实地在这背德的高潮里颤抖不止，那种明知不该却又欲罢不能的矛盾，令这场绝顶显得格外浓烈而缠绵，她的腰不受控地弓起，大腿紧紧夹着又止不住地发抖。\n直到那阵剧烈的绝顶缓缓消退，{TargetName}才带着满身的酥软渐渐回神，胸口起伏不定，心底涌动着深深的满足与愧疚，{anal}里残存的余韵仍在轻轻痉挛，令她沉浸在背德的甜蜜余味中，迟迟无法自拔。
1023,action_part_a_orgasm_normal_C,0,CVP_A2_T|107_E_1&CVP_A2_A|5_G_3&CVP_A2_A|5_LE_6,快感终于积累到再也无法承受的地步，一场完整而汹涌的高潮猛然将{TargetName}吞没，令这位人妻的身体不受控制地剧烈弓起又颤抖。\n浓烈的酥麻从{anal}深处一浪高过一浪地翻涌上来，席卷了她成熟的每一寸肌肤，漫过绷紧的小腹，漫过微微出汗的后腰，令她的意识在这灭顶的愉悦里开始变得迷蒙，思绪一片混沌。\n{anal}强烈而有节奏地绞缩着，一次比一次深重，随着痉挛，温热黏滑的肠液不受控地渗流而出，那种湿润的感觉令她又羞又臊，却又无力去管。\n她的脑海里闪过远方那个属于自己的家，可这份念头非但没能让她停下，反而令背德的快感更添了几分禁忌的浓烈，令她在罪恶与愉悦的夹缝里彻底沉沦，腰肢反复弓起，双腿绷直发颤，连脚趾都紧紧地蜷缩起来。\n当那场完整的绝顶终于慢慢退潮，{TargetName}全身瘫软，脸颊绯红，眼神涣散而迷离，心底翻涌着难以名状的满足与自责，{anal}深处仍残留着一阵阵细密的余颤，久久不散，令她沉溺在这场背德高潮的余韵里无法自拔。
1024,action_part_a_orgasm_normal_C,0,CVP_A2_T|107_E_1&CVP_A2_A|5_G_3&CVP_A2_A|5_LE_6,再也压抑不住的快感一齐奔涌而出，一场标准而完整的绝顶将{TargetName}整个人卷入其中，令这位为人妻多年的女子浑身剧烈地痉挛战栗。\n那股浓烈的愉悦自{anal}深处滚滚而来，像海浪一波接一波地拍打着她的全身，漫过丰腴的下腹，漫过颤抖的腰肢，令她的意识在快感的巅峰处开始变得模糊，脑中只余一片甜腻的空茫。\n{anal}一阵阵强烈地收缩绞紧，深沉而有节律，随着这剧烈的抽搐，黏热的肠液一缕缕地溢淌出来，那湿滑的触感令她羞耻得浑身发烫，却又深陷其中无法自拔。\n身为有夫之妇却在这里迎来如此浓烈的绝顶，那份背叛家庭的愧疚与偷尝禁果的刺激在心底反复拉扯，反而令这场高潮愈发汹涌缠绵，她的腰肢不由自主地深深弓起，双腿绷紧又止不住地颤动。\n待那阵完整的绝顶缓缓平息，{TargetName}才软软地瘫了下来，呼吸紊乱，脸颊滚烫，心里满是既满足又羞愧的复杂滋味，{anal}残留的细微余颤仍一下下地轻轻抽动着，令她久久沉浸在这背德而甜美的高潮余韵之中。

1025,action_part_a_orgasm_normal_C,0,target_is_player_daughter&CVP_A2_A|5_G_3&CVP_A2_A|5_LE_6,一波汹涌的快感毫无预兆地从{anal}深处炸开，{TargetName}整个身体骤然弓了起来，那股完整而剧烈的绝顶感如海浪般席卷了她的全身。\n{anal}一下又一下强烈地痉挛收缩着，那种酥麻从深处一圈圈地扩散，漫过绷紧的小腹，漫过颤抖的腰肢，令她的四肢都不受控制地绷紧起来，脑海里开始变得模糊，思绪一片混乱。\n身为博士的亲生女儿，{TargetName}的心里既沉醉在这灭顶的快感中，又忍不住涌起一阵羞耻，她竟然是因为父亲{Name}才达到了这样的高潮，这份禁忌的念头令她的脸颊烧得通红。\n她能清晰地感觉到{anal}深处有温热的肠液缓缓溢了出来，那种湿滑的触感令她既羞耻又迷乱，偏偏身体还是诚实地一次次收缩着，贪恋着这股快感。\n呼吸急促而失序，{TargetName}沉浸在这完整而甜美的绝顶余韵里，意识虽然模糊却还未被彻底冲垮，心底满是对父亲又爱又愧的复杂情绪，久久无法平静下来。
1026,action_part_a_orgasm_normal_C,0,target_is_player_daughter&CVP_A2_A|5_G_3&CVP_A2_A|5_LE_6,绝顶的浪潮猛地拍了上来，{TargetName}的腰肢不受控制地弓成一道弧线，一声压抑的颤音从喉咙里溢了出来。\n{anal}正强烈而有节奏地痉挛着，那股完整的快感从肠道深处一波接一波地涌上来，令她的小腹反复抽搐，双腿绷得笔直又忍不住微微乱颤，脑子里嗡的一下变得空荡荡的。\n意识渐渐模糊起来，可她还是清醒地知道，让自己沦陷到这般地步的，正是自己最亲近的父亲{Name}，这份认知像一根细针扎在心口，令{TargetName}又羞又慌，却怎么也无法从这灭顶的愉悦中挣脱出来。\n温热的肠液顺着{anal}悄悄流淌出来，那种黏腻的湿意令她羞得几乎想要蜷缩起来，可高潮的余波还在一下下冲刷着她，令她只能瘫软地承受着。\n这是一场完整而正常的绝顶，强烈得远超她的预料，{TargetName}沉浸在深深的满足与背德的沉醉里，心跳还在剧烈地跳动着，脑海里全是对博士难以言说的眷恋与愧疚。
1027,action_part_a_orgasm_normal_C,0,target_is_player_daughter&CVP_A2_A|5_G_3&CVP_A2_A|5_LE_6,快感在{anal}深处彻底爆发开来，{TargetName}的身体猛然一僵，随即剧烈地颤抖起来，那是绝顶来临时才有的完整而汹涌的震颤。\n{anal}一阵紧似一阵地收缩痉挛着，酥麻的电流顺着脊背一路窜上后脑，令她的四肢都绷紧到发酸，小腹一下下地抽搐，腰部深深地弓起又落下，呼吸乱成一团。\n她的脑海里泛起一片甜美的空白，意识开始变得恍惚，却仍无法忽视心底那份沉甸甸的羞耻，身为{Name}的女儿，她竟从这样的地方获得了如此强烈的欢愉，父女之间本不该有的悸动令她既沉醉又自责。\n{anal}深处不断有温热的肠液渗出，滑腻的触感令{TargetName}的脸涨得通红，那种被身体背叛的羞耻感反而让快感变得更加鲜明浓烈。\n完整的绝顶浪潮一波波退去，{TargetName}仍瘫软地喘息着，心底涨满了对父亲又依恋又愧疚的迷乱情绪，那股甜美的满足感久久萦绕，令她迟迟回不过神来。
1028,action_part_a_orgasm_normal_C,0,target_is_player_daughter&CVP_A2_A|5_G_3&CVP_A2_A|5_LE_6,一股完整而汹涌的绝顶感毫无征兆地贯穿了{TargetName}的全身，她仰起脖颈，整个人绷得像一张拉满的弓。\n{anal}强烈地痉挛着，一下又一下地深深收缩，那股席卷全身的快感令她的小腹不停抽搐，大腿死死地夹紧又忍不住颤抖，脑子里翻涌着的思绪被快感冲刷得七零八落。\n{TargetName}的意识在这灭顶的愉悦里渐渐变得模糊，可她心里清楚，将自己推上高潮的是自己的亲生父亲{Name}，这份禁忌的乱伦快感令她羞耻得几乎想要落泪，偏偏身体却诚实地贪恋着这一切。\n她能感觉到{anal}里有明显的肠液缓缓流出，那种湿滑而温热的感觉令她又羞又迷，仿佛整个人都要在这股快感中融化掉。\n这是一次完整正常的绝顶，强度远远超出了她的想象，{TargetName}深深地沉浸在满足与背德交织的情潮里，急促的呼吸久久无法平复，心底满是对博士说不清道不明的爱恋与愧疚。
1029,action_part_a_orgasm_normal_C,0,target_is_player_daughter&CVP_A2_A|5_G_3&CVP_A2_A|5_LE_6,绝顶如决堤般从{anal}深处奔涌而出，{TargetName}的身体骤然痉挛起来，一阵强烈到令她头皮发麻的快感席卷了全身。\n{anal}有力而规律地收缩着，那股完整的酥麻从肠道一路蔓延到四肢百骸，令她的腰肢反复弓起，小腹一阵阵地抽搐，双腿绷紧到微微发颤，急促的喘息再也压抑不住。\n甜美的空白一点点占据了她的脑海，意识开始变得涣散，却依旧被那份深深的羞耻紧紧攫住，让她堕入这般欢愉的，正是本该敬爱的父亲{Name}，这份不该有的沉沦令{TargetName}的心口又酸又软。\n温热的肠液自{anal}深处不受控制地溢出，滑腻的湿意令她羞得几乎想把自己藏起来，可高潮的余韵还在一波波地拍打着她，令她只能沉溺其中。\n完整而正常的绝顶渐渐平息下来，{TargetName}瘫软地承受着那阵甜蜜的余震，心底涨满了对博士又爱又惧的复杂情愫，久久沉浸在这场禁忌的满足里无法自拔。

1030,action_part_a_orgasm_normal_C,0,CVP_A2_T|102_E_1&CVP_A2_A|5_G_6,一波完整而汹涌的快感毫无预兆地从{anal}深处猛地炸开，幼小的{TargetName}整个身体骤然弓了起来，那股席卷全身的绝顶感令她根本反应不过来。\n{anal}异常敏感，只是被轻轻撩动便一下又一下地强烈痉挛收缩着，稚嫩的小腹一阵阵地抽搐，纤细的腰肢无助地颤抖，幼童特有的圆润四肢也不受控制地绷紧，脑袋里嗡的一声变得空空的，什么都想不明白了。\n小小的{TargetName}还太年幼，根本不懂自己的身体为什么会变成这样，只觉得那股酥麻的浪潮一波接一波地涌上来，把她整个人都淹没了，稚气的脸蛋涨得通红，眼里蓄满了迷茫的水光。\n她隐隐约约地感觉到{anal}深处有温热的肠液缓缓渗了出来，那种湿滑的触感令她又慌又羞，可娇小的身体还是诚实地一下下收缩着，贪恋着这陌生又强烈的快感。\n急促而凌乱的呼吸怎么也平复不下来，{TargetName}懵懵懂懂地沉浸在这完整绝顶的余韵里，小小的意识已经开始模糊，却还没有被彻底冲垮，幼小的心里塞满了说不清楚的甜蜜与慌乱，久久都缓不过神来。
1031,action_part_a_orgasm_normal_C,0,CVP_A2_T|102_E_1&CVP_A2_A|5_G_6,绝顶的浪潮猛地拍了上来，年幼的{TargetName}纤细的腰肢不受控制地弓成一道小小的弧线，一声细弱的颤音从喉咙里溢了出来。\n她的{anal}敏感得吓人，那股完整而剧烈的快感从深处一波接一波地翻涌上来，令稚嫩的小腹不停地抽搐，两条圆润的小腿绷得笔直又忍不住细细乱颤，幼小的脑袋里一下子变得空荡荡的，连自己在哪里都想不起来了。\n{TargetName}的年纪实在太小，对这种灭顶的滋味毫无招架之力，只能睁着一双懵懂的大眼睛，任凭那股酥麻的电流一遍遍冲刷过幼小的身躯，稚气未脱的小脸上写满了茫然与羞怯。\n温热的肠液顺着{anal}悄悄流淌出来，那种黏腻的湿意令她本能地想要蜷起小小的身子，可高潮的余波还在一下下地荡漾着，令她只能软软地承受着。\n这是一场完整而正常的绝顶，强烈得远超幼小的她所能想象，{TargetName}迷迷糊糊地沉浸在深深的满足里，小小的心脏还在扑通扑通地乱跳，意识虽已开始恍惚，却仍死死记着这份从未有过的甜蜜与酥软。
1032,action_part_a_orgasm_normal_C,0,CVP_A2_T|102_E_1&CVP_A2_A|5_G_6,快感在{anal}深处彻底爆发开来，小小的{TargetName}身体猛然一僵，随即像离水的鱼一样剧烈地颤抖起来，那是完整绝顶来临时才有的汹涌震颤。\n她那高度敏感的{anal}一阵紧似一阵地收缩痉挛着，酥麻的电流顺着幼嫩的脊背一路窜上后脑，令纤细的四肢都绷紧到发酸，稚嫩的小腹一下下地抽搐，小小的腰身深深地弓起又落下，呼吸乱成了一团。\n幼小的脑海里泛起一片甜甜的空白，懵懂的意识开始变得恍惚，{TargetName}根本弄不懂这股汹涌的暖流是从哪里来的，只是被那种从未体会过的强烈愉悦紧紧裹住，稚气的小脸皱成一团，分不清是难受还是舒服。\n{anal}深处不断有温热的肠液渗出，滑腻的触感令她小小的脸蛋涨得通红，那种湿漉漉的陌生感反而让快感变得更加鲜明浓烈。\n完整的绝顶浪潮一波波退去，{TargetName}仍软绵绵地喘息着，幼小的身子还在微微抽动，心底涨满了搞不明白的甜蜜与慌乱，那股酥软的满足感久久萦绕在稚嫩的身体里，令她迟迟回不过神来。
1033,action_part_a_orgasm_normal_C,0,CVP_A2_T|102_E_1&CVP_A2_A|5_G_6,一股完整而汹涌的绝顶感毫无征兆地贯穿了幼小的{TargetName}，她仰起小小的脖颈，整个稚嫩的身子绷得像一张拉满的小弓。\n那异常敏感的{anal}强烈地痉挛着，一下又一下地深深收缩，只需一点点刺激便令这股席卷全身的快感疯狂地涌了上来，稚嫩的小腹不停抽搐，两条幼嫩的大腿死死夹紧又忍不住颤抖，脑子里翻涌的念头被快感冲刷得七零八落。\n{TargetName}实在太年幼了，还不懂什么叫绝顶，只知道有一股又麻又暖的浪潮把自己整个人都吞没了，稚气的眼眸里蓄满了迷蒙的泪光，小手无意识地攥得紧紧的，却怎么也抵挡不住这陌生的酥软。\n她能感觉到{anal}里有明显的肠液缓缓流出，那种温热湿滑的感觉令她又羞又懵，仿佛小小的身体都要在这股快感里融化掉。\n这是一次完整正常的绝顶，强度远远超出了幼小的她所能承受的界限，{TargetName}深深地沉浸在懵懂的满足里，急促的呼吸久久无法平复，小小的意识开始飘忽，心底却满是说不出口的甜蜜余韵。
1034,action_part_a_orgasm_normal_C,0,CVP_A2_T|102_E_1&CVP_A2_A|5_G_6,绝顶如决堤般从{anal}深处奔涌而出，幼小的{TargetName}身体骤然痉挛起来，一阵强烈到令她小小的头皮都发麻的快感席卷了全身。\n她那敏感到极致的{anal}有力而规律地收缩着，仅仅是一丝撩拨便让那股完整的酥麻从肠道一路蔓延到纤细的四肢百骸，令稚嫩的腰肢反复弓起，小腹一阵阵地抽搐，圆润的小腿绷紧到微微发颤，急促的喘息再也压抑不住。\n甜甜的空白一点点占据了她幼小的脑海，懵懂的意识开始变得涣散，{TargetName}年纪太小，根本说不清这是一种什么样的感觉，只觉得整个小小的身子都被这股汹涌的暖流托了起来，稚气的小脸红扑扑的，满是茫然的沉醉。\n温热的肠液自{anal}深处不受控制地溢出，滑腻的湿意令她本能地夹紧了小小的身子，可高潮的余韵还在一波波地拍打着她，令她只能懵懂地沉溺其中。\n完整而正常的绝顶渐渐平息下来，{TargetName}软软地承受着那阵甜蜜的余震，幼小的心脏还在剧烈地跳动着，心底涨满了搞不清楚的满足与羞怯，久久都从这场陌生的愉悦里回不过神来。

1035,action_part_a_orgasm_normal_C,0,CVP_A2_T|103_E_1&CVP_A2_A|5_G_6,一阵猛烈而完整的快感毫无征兆地从{anal}深处轰然炸开，令年幼的{TargetName}整个娇小的身子骤然弓了起来。\n那股汹涌的酥麻像海浪一样一层层地席卷过她稚嫩的小腹，漫过纤细的腰肢，稚气未脱的她根本抵挡不住这种成熟得可怕的绝顶，因为那处过分敏感的{anal}只是被轻轻撩拨就已经彻底沦陷，一波接一波地剧烈痉挛收缩着，令她的意识开始一点点变得模糊起来。\n{TargetName}既害怕又茫然，稚嫩的心里被这陌生而强烈的高潮彻底淹没，小小的脑袋里乱成一团，什么都想不清楚，只能任由那股完整而剧烈的快感把她整个人卷走。\n她能清楚地感觉到深处有温热的肠液不受控制地渗流出来，那种湿滑的羞耻感令她红透了稚气的小脸，却偏偏怎么也止不住那一阵阵痉挛。\n那场完整的绝顶缓缓退去，{TargetName}还沉浸在浓稠的余韵里久久回不过神，娇小的身体不时轻轻抽动着，稚气的脸上写满了满足与羞涩交织的迷乱，心里被一种既甜美又慌乱的空白填得满满的。
1036,action_part_a_orgasm_normal_C,0,CVP_A2_T|103_E_1&CVP_A2_A|5_G_6,快感如决堤的洪水般从{anal}猛地涌上来，年纪尚幼的{TargetName}发出一声细弱的惊喘，整个刚发育的身体都绷紧了。\n那种强烈而完整的绝顶感对她这样青涩的小身板来说实在太过汹涌，敏感到不可思议的{anal}只承受了一点点刺激便剧烈地痉挛起来，一下又一下有节奏地收缩着，酥麻的浪潮漫过她纤瘦的腰身与稚嫩的下腹，令她的四肢无力地颤抖，脚趾也无意识地蜷缩绷紧。\n{TargetName}的意识在这场完整的高潮里开始变得朦胧，稚气的小脑袋里一片混沌，只剩下那股席卷全身的强烈愉悦，她既懵懂又羞怯，既想逃开这陌生的灭顶感觉，又忍不住深深沉溺其中。\n温热黏滑的肠液伴随着痉挛一点点流淌出来，令{TargetName}羞得几乎想把自己藏起来，可身体却诚实地一颤又一颤。\n直到那阵完整而剧烈的绝顶慢慢平复下去，她娇小的身躯仍残留着细密的余颤，稚嫩的脸颊滚烫通红，心底交织着说不清的满足与懵懂的慌乱，久久无法回神。
1037,action_part_a_orgasm_normal_C,0,CVP_A2_T|103_E_1&CVP_A2_A|5_G_6,一记完整而强烈的绝顶毫无预兆地从{anal}深处席卷而来，{TargetName}稚气的身子剧烈一颤，纤细的腰肢不受控制地高高弓起。\n那处过分敏感的{anal}仅仅被撩动了一下便如同触电般彻底崩溃，密集而有力地痉挛收缩，把一波又一波浓烈的酥麻感送进她刚开始发育的娇躯，漫过绷紧的小腹，涌上尚显单薄的胸口，令她整个人都陷进这场成熟得令她害怕的高潮里。\n年幼的{TargetName}意识开始模糊，稚嫩的心被强烈的快感灌得满满当当，她根本分不清此刻的自己是害怕多一些还是贪恋多一些，只是本能地随着那股席卷全身的愉悦轻轻抽搐着。\n她能感到{anal}深处有一股股温热的肠液渗流而出，湿漉漉的触感让她又羞又慌，稚气的脸颊红得几乎要滴出血来。\n那场剧烈的绝顶渐渐退潮，{TargetName}小小的身体瘫软下来，胸口剧烈起伏着，心底盈满了甜腻的满足与青涩的迷乱，那种被快感彻底填满的沉醉感令她久久缓不过神。
1038,action_part_a_orgasm_normal_C,0,CVP_A2_T|103_E_1&CVP_A2_A|5_G_6,浓烈的快感骤然从{anal}炸裂开来，年幼的{TargetName}被这突如其来的完整绝顶冲得浑身一僵，随即剧烈地颤抖起来。\n她那对肛肠敏感得惊人，稍一挑逗便再也承受不住，{anal}疯狂而有节奏地痉挛收缩着，把汹涌澎湃的酥麻浪潮一层层送遍她纤细稚嫩的全身，令她单薄的腰肢反复弓起，柔嫩的大腿死死夹紧又无力地滑开，稚气的呼吸也彻底乱了套。\n这场完整而强烈的高潮令{TargetName}的意识渐渐涣散模糊，稚嫩的心里被灭顶般的愉悦塞得再无余地，她既为这种从未体验过的强烈快感而害怕，又不由自主地深深沉沦，小脑袋里一片甜美的空白。\n伴着一阵阵痉挛，温热的肠液不听话地涌流出来，那份湿滑令{TargetName}羞得几乎不敢动弹。\n待到那股剧烈的绝顶终于慢慢消退，她娇小的身子仍在细细地抽动，稚气的脸上满是餍足后的迷茫与羞涩，心底那份被快感淹没的沉醉久久不肯散去。
1039,action_part_a_orgasm_normal_C,0,CVP_A2_T|103_E_1&CVP_A2_A|5_G_6,一场完整而剧烈的绝顶如惊雷般在{anal}深处轰然引爆，稚气未褪的{TargetName}猛地绷直了纤瘦的身子，喉间溢出一声细软的颤音。\n因为那处敏感到极致的{anal}实在太容易被点燃，只是一点微不足道的刺激就令它剧烈地收缩痉挛起来，一阵接一阵地把浓稠而汹涌的快感送进她刚发育的娇小身躯，漫过绷得发颤的小腹，蔓延到每一寸稚嫩的肌肤，令她的手指无意识地攥紧，腰肢一下下随着痉挛轻轻抽动。\n{TargetName}的意识在这灭顶的愉悦里逐渐变得模糊，稚嫩的心底既涌动着面对未知快感的惶恐，又被一种深深的满足牢牢攫住，小小的脑海里只剩那股席卷一切的甜美浪潮。\n她清晰地觉察到{anal}正不受控地渗出温热湿滑的肠液，那份羞耻感令稚气的脸颊愈发滚烫。\n那阵剧烈的高潮徐徐退去后，{TargetName}娇小的身体软软地颤着，心里盈满了懵懂而甜腻的沉醉，久久无法平静。
1040,action_part_a_orgasm_normal_C,0,CVP_A2_T|103_E_1&CVP_A2_A|5_G_6,快感毫无预警地从{anal}深处汹涌喷薄而出，令年幼的{TargetName}整个稚嫩的身子骤然痉挛着弓成一道颤抖的弧。\n她那异常敏感的肛肠仿佛完全不受自己掌控，{anal}密集而剧烈地收缩着，一波又一波浓烈的酥麻感如潮水般拍打过她纤细的腰身与单薄的小腹，稚气的双腿绷得笔直又无力地发软，脚尖在这场完整的绝顶中蜷缩得死紧。\n这种成熟而强烈的高潮对懵懂的{TargetName}来说太过汹涌，她的意识开始一点点被冲得模糊，稚嫩的心里塞满了灭顶的愉悦，既有对陌生快感的胆怯与羞怯，又有沉溺其中无法自拔的甜蜜，小脑袋一片混沌空白。\n伴随痉挛，温热的肠液一股股地淌出，湿滑的羞耻令她稚气的脸红透了。\n直到那场剧烈的绝顶缓缓归于平静，{TargetName}娇小的身躯仍残留着细碎的余颤，心底那份被完整快感填满的满足与青涩迷乱交织在一起，令她久久回不过神来。

1041,action_part_a_orgasm_normal_C,0,CVP_A2_T|104_E_1&CVP_A2_A|5_G_6,一波汹涌的快感毫无预兆地从{anal}深处炸开，年轻的{TargetName}整个人都被这股猛烈的高潮浪潮彻底席卷了。\n那股滚烫而剧烈的酥麻从{anal}一圈圈地向外扩散，漫过绷紧的小腹，漫过纤细的腰肢，令她青春的身体不受控制地弓成一道弧线，双腿紧紧夹拢又忍不住颤抖，脑子里像是被搅成了一片甜腻的空白，什么都想不清楚了，只剩下那股一波接一波涌上来的快感在体内翻腾。\n{TargetName}的意识在这场完整的绝顶里开始变得模糊，青涩的心里既慌乱又沉醉，明明知道自己不该沉溺于这种从后面涌上来的羞耻快感，可年轻的身体却诚实地被彻底征服了。\n{anal}一下一下强烈而有节奏地收缩痉挛着，她能清晰地感觉到温热的肠液从深处缓缓渗出，那股难以启齿的湿滑触感令她的脸颊烧得通红，羞耻与汹涌的愉悦交织在一起，令她既想逃开又忍不住迎合。\n那阵完整而剧烈的绝顶缓缓退去，{TargetName}还沉浸在余韵里久久无法回神，年轻的胸口剧烈地起伏着，心里被深深的满足和说不清的羞涩填得满满当当，{anal}残留的细密余颤一下下提醒着她方才那场淹没了理智的高潮。
1042,action_part_a_orgasm_normal_C,0,CVP_A2_T|104_E_1&CVP_A2_A|5_G_6,一股猛烈的电流般的快感骤然从{anal}最深处炸裂开来，令刚成年的{TargetName}猝不及防地发出了一声拔高的娇吟。\n那种浓烈到令人头皮发麻的酥爽从{anal}向四面八方席卷，顺着腰窝一路蔓延到脊背，她青春靓丽的身体绷得笔直，纤腰高高地弓起，脚趾也不由自主地蜷缩起来，一波一波席卷全身的快感就像涨潮的海浪，把她的思绪冲得七零八落。\n{TargetName}的意识在这完整强度的绝顶中开始变得涣散朦胧，眼神失了焦，青涩的心里被铺天盖地的愉悦淹没，那种从禁忌之处升腾起来的羞耻竟让快感变得愈发浓烈。\n{anal}规律而剧烈地一缩一缩，她能感觉到有黏腻的肠液顺着抽搐随之溢出，那份湿热令她窘迫得几乎想把脸埋起来，可越是羞耻，那股淹没理智的快意就越是汹涌。\n直到那阵酣畅的高潮缓缓平息，{TargetName}才带着一身细汗慢慢回过神来，青春的脸颊还滚烫着，心底沉甸甸地盛满了餍足与迷乱，{anal}深处残留的余韵仍在一下下轻轻搏动，令她的呼吸久久无法平复下来。
1043,action_part_a_orgasm_normal_C,0,CVP_A2_T|104_E_1&CVP_A2_A|5_G_6,极度敏感的{anal}只是被撩拨到某个临界点，一场完整而剧烈的绝顶便骤然轰然降临，将年轻的{TargetName}整个人吞没了进去。\n那股浓稠滚烫的快感自{anal}深处奔涌而出，一浪高过一浪地拍打着她的每一寸神经，漫过收紧的小腹，漫过颤抖的腰肢，她青春的身躯猛地绷紧又剧烈地抽搐，双腿无助地夹紧又打颤，脑海里翻涌着一片被快感烧灼得发白的空茫。\n{TargetName}的神智在这场标准强度的高潮里一点点变得恍惚模糊，却还没有被彻底冲垮，她青涩的心里满是沉沦般的甜蜜，为自己竟能被后穴的刺激逼到这般失态而又羞又慌。\n{anal}强烈而有节奏地一波波痉挛收缩着，温热的肠液不受控制地涓涓渗出，那份滑腻的湿意令她年轻的脸颊红透，羞耻感反倒像柴火一样把愉悦烧得更旺。\n当那阵酣畅淋漓的绝顶终于缓缓消退，{TargetName}仍瘫软地沉浸在余潮里，青春的身体微微战栗着，心底盈满了深深的满足与说不出口的窘迫，{anal}残存的一下下余颤久久萦绕不去。
1044,action_part_a_orgasm_normal_C,0,CVP_A2_T|104_E_1&CVP_A2_A|5_G_6,毫无征兆地，一阵狂暴的快感自{anal}深处轰然涌起，将青春年少的{TargetName}彻底卷入了一场完整而剧烈的绝顶之中。\n那股滚烫而绵密的酥麻疯狂地在她体内奔窜，从{anal}一路蔓延，漫过抽搐的小腹，窜上发软的腰肢，令她朝气蓬勃的身子不由自主地弓起又剧烈地颤栗，双腿紧紧绞在一起，脑中只剩下一片被愉悦搅碎的甜腻混沌，什么理智都荡然无存了。\n{TargetName}的意识在这场正常强度的高潮里渐渐变得迷离恍惚，青涩的眼眸蒙上了一层水雾，内心被排山倒海的快感填得满满的，那种源自隐秘之处的羞耻非但没有削减愉悦，反而令她沉醉得更深。\n{anal}一阵紧似一阵地强烈痉挛着，她清楚地感觉到有黏热的肠液缓缓淌出，那份难以言喻的湿滑触感令她年轻的心口又羞又颤，可越是难为情，那股席卷全身的快意便越是浓烈。\n良久，那阵剧烈的绝顶才慢慢退潮，{TargetName}青春的身躯还残留着细密的战栗，心底被浓浓的满足和羞涩塞得胀鼓鼓的，{anal}深处一下下微弱的余颤仍在提醒着她方才那场几乎溺毙理智的高潮。
1045,action_part_a_orgasm_normal_C,0,CVP_A2_T|104_E_1&CVP_A2_A|5_G_6,那处敏感得过分的{anal}才被撩到深处，一场完整强度的绝顶就已如潮水般铺天盖地地漫上了年轻的{TargetName}。\n剧烈而滚烫的快感从{anal}深处一波波炸开，顺着脊背一路窜到头顶，又漫回抽紧的小腹，她青春活力的身子绷成了一张满弓，腰肢高高弓起，纤细的手指无意识地攥紧，一浪接一浪的愉悦几乎要将她的神智整个淹没。\n{TargetName}的意识在这标准的绝顶里开始变得朦胧散乱，却还倔强地维系着一丝清明，青涩的心底泛滥着深深的餍足，也翻涌着为自己竟被后穴逼到如此淫乱失态而生的羞赧。\n{anal}有节奏地剧烈收缩着，温热黏腻的肠液随着一次次痉挛悄然溢出，那股湿热的触感令她年轻的脸颊烫得发红，那份羞耻却像调味料般让快感变得更加销魂蚀骨。\n直到那阵汹涌的高潮缓缓平息，{TargetName}才带着满身的酥软与薄汗慢慢找回神智，青春的胸膛还急促地起伏着，心里被浓稠的满足与难以启齿的迷醉填得再无空隙，{anal}残留的一缕缕余颤久久回荡在身体深处。
1046,action_part_a_orgasm_normal_C,0,CVP_A2_T|105_E_1&CVP_A2_A|5_G_6,当那股快感如潮水般从{anal}深处轰然涌上的瞬间，{TargetName}成熟丰满的身体骤然绷紧，作为大姐姐平日里的从容优雅被彻底冲垮。\n她原本还想凭着那一点点微薄的经验矜持地忍耐，可她那高度敏感的肠壁根本不受控制，深处每一次悸动都化作灭顶般的快意席卷全身。\n{TargetName}只觉得意识被甜蜜的白光一点点填满，脑海一片混沌却还未彻底失去知觉，她能清晰地感受到{anal}正一波接一波地痉挛收缩。\n温热的肠液顺着股缝缓缓渗出，那份湿滑与羞耻让她成熟的脸颊烧得滚烫，她青涩地咬紧下唇，腰肢忍不住高高弓起。\n绵长的高潮愉悦一浪接一浪地拍打着她仅剩的理智，{TargetName}深深沉溺在被彻底填满的满足里，成熟的双腿发软颤抖，眼角泛起了迷乱的水光。
1047,action_part_a_orgasm_normal_C,0,CVP_A2_T|105_E_1&CVP_A2_A|5_G_6,快感毫无预兆地在{anal}里炸开，{TargetName}那具已然发育成熟的身躯猛地一僵，随即像被电流贯穿般剧烈地颤栗起来。\n身为大姐姐的她本想装出游刃有余的模样，却在这敏感肠道传来的狂潮面前彻底破功，成熟的面容上写满了藏不住的青涩慌乱。\n她的脑子里嗡的一声变得空白，理智被一波波快感冲刷得七零八落，唯有{anal}深处那不受控制的绞紧收缩清晰得可怕。\n浓稠的肠液被高潮挤压着一点点溢出穴口，滑腻的触感让{TargetName}羞耻得几乎想蜷起身子，可翻涌的愉悦又让她忍不住挺腰迎合。\n这场完整而正常的绝顶把她整个人卷进甜美的漩涡，{TargetName}丰腴的胸脯剧烈起伏，脚趾深深蜷曲，沉醉在深深的满足之中久久无法回神。
1048,action_part_a_orgasm_normal_C,0,CVP_A2_T|105_E_1&CVP_A2_A|5_G_6,汹涌的绝顶快感自{anal}最深处翻涌而来，{TargetName}成熟的腰肢猛然挺起，仿佛要把这灭顶的愉悦承接进身体的每一寸。\n她那点浅薄的经验在如此敏感的肠道快感面前显得如此可笑，作为大姐姐的沉稳矜持早已被冲刷得荡然无存，只剩下诚实的痉挛与战栗。\n{TargetName}感觉意识正一点点飘远，脑海被浓稠的甜蜜浸泡得晕晕乎乎，却还残存着一丝清明去感受{anal}疯狂蠕动的每一下。\n随着高潮的推进，微温的肠液不受控制地涌出，湿黏的触觉让她成熟的脸上浮起羞赧的红晕，指尖也因过度的快感而止不住地发抖。\n这份远比小绝顶浓烈的愉悦一层层堆叠着，{TargetName}彻底沦陷在被填满的餍足里，喉咙里溢出细碎的气音，成熟身躯与青涩神情交织出令人心颤的媚态。
1049,action_part_a_orgasm_normal_C,0,CVP_A2_T|105_E_1&CVP_A2_A|5_G_6,绝顶的浪头终于将{TargetName}整个吞没，那快感从{anal}深处一路窜上脊背，她成熟的身子绷成一张满弓，止不住地簌簌发颤。\n身为经验尚浅的大姐姐，她根本抵挡不住这敏感肠壁带来的滔天快意，方才还想维持的端庄此刻碎得一干二净，只余诚实的迎合。\n她只觉得眼前泛起一片朦胧的白，意识在甜美的空白里载浮载沉，却清楚地感觉到{anal}正一下下痉挛着，仿佛要把那份愉悦牢牢咬住。\n伴着高潮的余韵，温热的肠液缓缓渗漏出来，那股湿滑让{TargetName}既羞耻又迷醉，成熟的双腿不由自主地夹紧又颤抖着张开。\n一波波正常强度的绝顶余韵冲刷着她的神经，{TargetName}深深陷进这份满溢的欢愉，微张着唇急促喘息，成熟的躯体在快感中彻底放软瘫软下来。
1050,action_part_a_orgasm_normal_C,0,CVP_A2_T|105_E_1&CVP_A2_A|5_G_6,当快感彻底冲垮堤坝的刹那，{TargetName}成熟的身躯狠狠一颤，{anal}深处传来的酥麻愉悦如海啸般漫过她的全身每一个角落。\n她原以为凭着大姐姐的成熟能够从容以对，可她那异常敏感的肠道背叛了她的矜持，只是稍稍的刺激便让她被推上了绝顶的顶峰。\n{TargetName}的意识在浓烈的快感里变得模糊而涣散，脑海一片甜腻的空白却尚未彻底失神，她能感觉到{anal}正贪婪地绞紧又松开。\n绵密的肠液伴着高潮悄然溢出穴口，那份黏腻的暖意让她成熟的耳根都染上羞红，她青涩地别过脸，腰腹却诚实地一下下抽搐痉挛。\n这场完整的绝顶将愉悦一遍遍烙进她的身体，{TargetName}彻底沉醉在被填得满满当当的满足感里，丰盈的胸口剧烈起伏，久久沉浸在这甜美的余韵中难以自拔。

1051,action_part_a_orgasm_normal_C,0,CVP_A2_T|106_E_1&CVP_A2_A|5_G_6,一阵浓烈而汹涌的快感毫无预兆地从{anal}深处轰然炸开，早已在情场上摸爬多年的{TargetName}也没能压住那声沉沉的闷哼，成熟的身体骤然弓成一道紧绷的弧线。\n那股滚烫的酥麻像一波接一波的浪潮，从{anal}一路席卷过丰腴的腰臀，漫过绷紧的小腹，直冲得她脑海里一阵阵发白，理智被快感一点点冲垮，成熟从容的神态在这一刻荡然无存。\n{TargetName}的肠壁一下下疯狂地收缩痉挛着，{anal}贪婪地绞紧又松开，那种熟悉却又格外剧烈的高潮令她沉醉得几乎失了神，丰满的胸脯剧烈起伏，眼神迷离涣散，只剩下满脑子被快感填满的甜美空白。\n她能清晰地感觉到有一股热热的肠液顺着{anal}缓缓溢了出来，那种黏腻的湿意令她成熟的脸颊烧得通红，羞耻与迷乱交织在一起，可身体却诚实地沉沦在这场高潮里，腰肢不受控制地扭动着，追逐着那股令她骨头都酥软的快意。\n那阵浓烈的绝顶缓缓退潮，{TargetName}瘫软下来，胸口还在剧烈地起伏，心底涌上一片深深的满足与餍足，成熟的眼眸里蒙着一层水汽，{anal}仍残留着一下下细密的余颤，带着令她难以启齿的酥麻余韵，久久无法平息。
1052,action_part_a_orgasm_normal_C,0,CVP_A2_T|106_E_1&CVP_A2_A|5_G_6,快感如决堤的潮水般毫无征兆地从{anal}最深处奔涌上来，饱经世事的{TargetName}再也维持不住那份沉稳，成熟丰腴的身躯狠狠一震，喉间溢出一声压抑不住的娇吟。\n那股又麻又胀的滚烫快意顺着{anal}一圈圈扩散，漫过圆润的臀瓣，渗进每一寸成熟的肌理，令她的双腿无力地绷直又蜷缩，意识在浪潮的拍打下渐渐变得模糊恍惚，却还未被彻底卷走。\n{anal}一下下剧烈地吸吮收缩着，肠道深处传来一阵阵密集而灼热的痉挛，{TargetName}整个人都陷进了这场熟悉的沉醉里，成熟的美艳面庞浮现出一抹放荡的迷醉，再顾不上什么矜持与体面。\n温热的肠液不受控制地从{anal}汩汩渗出，沾湿了她的臀缝，那种黏滑的触感令她既羞又燥，成熟的心底翻涌起浓浓的沉沦与餍足，身体本能地迎合着那股快感，腰臀一下下轻轻耸动。\n随着那阵强烈的高潮渐渐平复，{TargetName}绵软地喘息着，滚烫的脸颊贴着散乱的发丝，心里塞满了被彻底满足后的甜腻与慵懒，{anal}还在一缩一缩地轻颤，残留的酥麻在成熟的身体里久久荡漾，令她迟迟回不过神来。
1053,action_part_a_orgasm_normal_C,0,CVP_A2_T|106_E_1&CVP_A2_A|5_G_6,没有任何预兆，一股汹涌而炽热的绝顶感从{anal}深处猛地攀上顶点，历经风月的{TargetName}身子骤然一僵，随即剧烈地颤抖起来，成熟的腰肢反射性地高高弓起。\n那种又酸又麻的浓烈快意像电流般顺着{anal}窜遍全身，漫过丰满的腰臀，钻进四肢百骸，冲得她脑中一片轰鸣，思绪彻底涣散，只余下那股一波强过一波的快感在体内肆意翻腾。\n{TargetName}的肠壁疯狂地蠕动绞紧着，{anal}一下下深深地收缩，那种熟透了的身体对刺激的敏感令她轻易就攀上了高潮的巅峰，成熟妩媚的脸上写满了失神的沉醉，唇齿间溢出断续的喘息。\n她清楚地感到一股热流般的肠液从{anal}缓缓淌出，那湿黏的暖意令她成熟的心底涌起一阵羞赧，可这份羞耻反倒像柴火般助长了快感，令她愈发深陷其中，丰腴的身躯止不住地轻轻抽搐。\n浓烈的绝顶如潮水般缓缓退去，{TargetName}虚脱般瘫软下来，胸脯剧烈起伏着，成熟的眼底泛着一层迷蒙的水光，心中被深深的满足感填得满满当当，{anal}仍一下下细细地痉挛着，那股酥软的余韵在她成熟的躯体里迟迟不肯散去。
1054,action_part_a_orgasm_normal_C,0,CVP_A2_T|106_E_1&CVP_A2_A|5_G_6,绝顶的浪潮猝然而至，一阵灼热而绵密的快感自{anal}深处轰然涌起，饱经情事的{TargetName}纵有再多经验也招架不住，成熟的身子猛地一颤，从喉间泄出一声沉醉的呻吟。\n那股裹挟着酥麻的滚烫快意顺着{anal}汹涌地铺展开来，漫过丰润的臀，浸透绷紧的小腹，令她的意识在快感的反复冲刷下变得越发朦胧，成熟的理智一寸寸被淹没在这甜美的洪流里。\n{anal}贪婪而剧烈地收缩绞动着，肠道深处一阵阵密集的痉挛令{TargetName}浑身酥软，成熟的身体对这份刺激熟稔又敏感，令她轻而易举地沉溺进这场高潮，美艳的面容尽是放纵的迷离。\n温热黏腻的肠液顺着{anal}悄然溢出，滑过她敏感的臀缝，那种湿润的触感令{TargetName}成熟的脸庞浮起一层难以掩饰的绯红，羞耻与快意交缠着，反倒令她越发忘情地扭动着丰腴的腰肢。\n那阵浓烈的高潮缓缓归于平静，{TargetName}软软地靠着喘息，滚烫的身子还残留着一丝丝细密的颤栗，心底盈满了被彻底餍足后的甜蜜与慵懒，{anal}仍不自觉地一缩一缩，那份酥麻的余韵在成熟的躯体里久久回荡，令她眼神迷离，迟迟无法平复。
1055,action_part_a_orgasm_normal_C,0,CVP_A2_T|106_E_1&CVP_A2_A|5_G_6,一波势不可挡的快感毫无预警地从{anal}最深处炸裂开来，纵是阅尽世事的{TargetName}也彻底缴了械，成熟丰腴的身躯剧烈地痉挛着，一声绵长的娇喘再也压抑不住。\n那股又胀又麻的浓烈快意如奔涌的岩浆般顺着{anal}席卷全身，漫过圆熟的腰臀，烧遍每一寸成熟的肌肤，冲得她眼前阵阵发花，脑海一片空白，唯有那滔天的快感一浪高过一浪地拍打着她残存的意识。\n{TargetName}的肠壁一下下疯狂地吮咬收缩，{anal}深深地绞紧又松弛，那具早已成熟透彻的身体敏锐地捕捉着每一分刺激，令她沉沦在这熟悉而剧烈的绝顶里，妩媚的脸上满是失神的沉醉与放荡。\n她能真切地感到大股温热的肠液从{anal}缓缓涌出，濡湿了臀间，那黏滑的暖意令她成熟的心底又羞又荡，可越是羞耻，那股快感便越发汹涌，令她丰满的身子止不住地颤抖耸动。\n随着这场强烈的高潮渐渐退潮，{TargetName}整个人瘫软下去，胸口起伏不定，成熟的眼眸蒙着水雾，心中被浓稠的满足感填得再无余隙，{anal}还在一下下轻轻抽搐，残存的酥软快意在她成熟的躯体里悠悠荡漾，令她久久沉浸其中，回不过神。
1056,action_part_a_orgasm_normal_C,0,CVP_A2_T|103_E_1&CVP_A2_A|5_LE_3,一股绵长而完整的快感终于从{anal}深处彻底炸开，娇小的{TargetName}被这突如其来的绝顶冲得整个人都弓了起来。\n明明那处的感觉一直都是钝钝的，更多的是被撑满的胀实感，可不知从何时起，那股迟钝的酥麻竟一点点累积成了滔天的浪潮，此刻如海水般席卷过稚嫩的小腹，漫过尚未发育完全的腰肢，令她的意识开始变得模糊起来。\n{TargetName}的脑海里一片空茫，什么都想不清楚了，只知道自己正被一种从未体会过的完整快感包裹着，小小的身子止不住地痉挛颤抖。\n她能清楚地感觉到{anal}正一下一下地收缩着，一丝温热的肠液不受控制地渗了出来，那种黏腻的湿意令她又羞又慌，幼小的心里塞满了搞不明白的甜腻与沉醉。\n直到那阵完整的绝顶慢慢褪去，{TargetName}还是喘不过气来，红扑扑的小脸上写满了懵懂与迷乱，怎么也想不明白，明明那里的感觉一向那么迟钝，为什么这一次却能被推到这样彻底的高潮里。
1057,action_part_a_orgasm_normal_C,0,CVP_A2_T|103_E_1&CVP_A2_A|5_LE_3,那种一直钝钝的、只觉得被塞得满满当当的感觉，忽然在某个瞬间彻底变了质，一波完整而剧烈的绝顶猛地从{anal}深处翻涌上来，将{TargetName}整个稚嫩的身体都吞没了。\n她娇小的腰肢无法自控地弓起，纤细的四肢绷得紧紧的，小腹一阵接一阵地抽搐着，那股迟来的快感像涨潮的海浪，一层盖过一层地漫过她小小的身躯。\n{TargetName}的意识在这股浪潮里渐渐变得恍惚，脑子里乱成一团，明明还残留着一点被撑开的胀感，却已经被更庞大的酥麻彻底盖了过去。\n她能感觉到{anal}正随着高潮一缩一缩地痉挛，滑腻的肠液顺着收缩不受控制地溢出，那种湿漉漉的触感令她又羞又乱，幼小的脸蛋涨得通红。\n她心里满是说不清的窘迫与沉醉，明明自己那里向来没什么感觉，此刻却被一次完完整整的绝顶折腾得七荤八素，那种深深的满足感与懵懂的羞耻交织在一起，令{TargetName}久久回不过神来，只能任由残余的快感在娇小的身体里慢慢平息。
1058,action_part_a_orgasm_normal_C,0,CVP_A2_T|103_E_1&CVP_A2_A|5_LE_3,快感来得比{TargetName}预想的要猛烈太多，一场完整的绝顶毫无预兆地从{anal}最深处炸裂开来，将她娇小的身子彻底掀翻。\n她那处的感官本就迟钝，一贯只能模模糊糊地感到被填满的沉甸甸，可这一次，那点微弱的钝感竟被一点一滴地熬煮成了滚烫的浪潮，此刻正一波一波地拍打着她稚嫩的下腹，令她的呼吸彻底乱了节奏。\n{TargetName}的意识在这完整而剧烈的高潮里渐渐飘远，稚气未脱的脑海里一片甜腻的空白，什么都抓不住，只剩下那股酥麻在小小的身体里横冲直撞。\n{anal}一下一下地绞紧又松开，温热的肠液被这剧烈的收缩挤压出来，滑腻地沾湿了她的臀缝，那种陌生的湿意令幼小的她既慌乱又沉迷。\n等这场完整的绝顶终于退潮，{TargetName}的小脸依旧滚烫，心底涌起一阵深深的满足与难以言说的羞涩，她怎么也想不通，那个一向没什么感觉的地方，竟能让自己迎来如此彻底的一次高潮，那种懵懂的迷乱令她的心久久无法平静。
1059,action_part_a_orgasm_normal_C,0,CVP_A2_T|103_E_1&CVP_A2_A|5_LE_3,{anal}深处那股原本迟钝的酥麻，终于在这一刻汇聚成了一场完整的绝顶，猛地朝{TargetName}娇小的全身席卷而去。\n她本以为那里只会有沉闷的胀满感，却没料到那点被撑开的钝感竟能悄悄堆叠成如此汹涌的快感，此刻正如潮水般漫过她稚嫩的小腹与柔嫩的腿根，令她的双腿无意识地紧紧夹拢。\n{TargetName}的意识在这股完整的高潮里一点点变得模糊，幼小的脑袋里嗡嗡作响，什么都想不清了，只能被那股一波强过一波的酥麻推着往前走。\n她清楚地感到{anal}正剧烈而有节奏地收缩着，一股温热的肠液随着痉挛缓缓流出，那种黏腻的触感令她羞得几乎想蜷缩起来，稚气的小脸埋进了阴影里。\n那阵完整的绝顶迟迟不肯散去，{TargetName}的身体还在一下一下地轻颤，心里被一种从未有过的深沉满足感填得满满的，夹杂着搞不明白的甜蜜与窘迫，令她这个懵懂的小家伙彻底沉醉在了这场高潮的余韵里，怎么也缓不过神来。
1060,action_part_a_orgasm_normal_C,0,CVP_A2_T|103_E_1&CVP_A2_A|5_LE_3,一场正正经经的绝顶终于从{anal}深处彻底爆发，{TargetName}稚嫩的身子被这完整的快感浪潮冲得剧烈颤抖起来。\n她那处的感觉向来是钝钝的，一贯只能隐约察觉到被塞满的异物感，可这一次，那股迟缓的酥麻竟一点点酝酿成了铺天盖地的高潮，如同海浪般一层层地涌过她尚在发育的小腹，漫过纤细的腰肢，令她整个人都绷紧了。\n{TargetName}的意识在这场完整的绝顶里渐渐涣散，幼小的脑海一片甜腻的混沌，思绪怎么也串不起来，只剩下那股快感在小小的身体里翻腾。\n她能感觉到{anal}正一缩一缩地痉挛着，滑腻的肠液被挤得溢了出来，那种湿黏的感觉令她又羞又惊，红透了的小脸上满是慌乱。\n直到这场完整的高潮渐渐平息，{TargetName}依然沉浸在深深的满足与懵懂的沉醉里，心里翻涌着说不清的甜蜜与羞耻，她怎么也弄不明白，明明那里一向那么迟钝，这一回却被推向了如此彻底的绝顶，那阵余韵久久萦绕在她娇小的身体里，令她久久回不过神。

1061,action_part_a_orgasm_normal_C,0,CVP_A2_T|107_E_1&CVP_A2_A|5_G_6,一阵完整而剧烈的快感毫无预兆地从{anal}深处轰然炸开，作为对肛门刺激极度敏感的人妻，{TargetName}只觉得那股滚烫的绝顶浪潮如决堤般席卷了她成熟的身体。\n{anal}不受控制地一波接一波强烈痉挛收缩着，那种密集而鲜明的绝顶感顺着敏感的肠壁一路向上蔓延，漫过绷紧的小腹，漫过弓起的腰肢，令她丰腴的身躯都随之剧烈地颤抖起来，意识在快感的冲刷下开始变得模糊，脑海里一片甜腻的空白，什么都想不清楚了。\n{TargetName}分明感觉到{anal}深处有温热的肠液缓缓渗出，那种湿滑而羞耻的触感令她成熟的脸颊瞬间烧得通红。\n偏偏在这背德的绝顶巅峰，她心底涌起的却是身为人妻却在这里迎来肛门高潮的罪恶与愧疚，那种背叛婚姻的禁忌刺激反而将快感推向了更浓烈的深处，令她既想拼命压抑又忍不住深深沉沦下去。\n那阵完整的绝顶缓缓退去，{TargetName}丰腴的身体还在细细地余颤着，心底装满了背德的甜蜜与深深的满足，久久无法平复。
1062,action_part_a_orgasm_normal_C,0,CVP_A2_T|107_E_1&CVP_A2_A|5_G_6,完整的绝顶高潮毫无征兆地在{anal}深处彻底引爆，对肛门刺激敏感到极点的{TargetName}根本无从抵抗，那股正常而强烈的快感如潮水般一浪高过一浪地拍打着她已为人妻的身体。\n{anal}剧烈而有节奏地痉挛抽搐着，一下又一下地深深收缩，那种鲜明的绝顶感从敏感的肠道深处汹涌而出，令她的腰肢不由自主地高高弓起，双腿绷得笔直又无力地颤抖，成熟的小腹反复抽搐着，急促失序的呼吸从她微张的唇间溢出。\n她清晰地感觉到有温热的肠液顺着{anal}缓缓流淌出来，那份湿黏的羞耻令她迷乱得几乎无法思考。\n意识开始被快感一点点冲得模糊，可越是沉浸在这肛门绝顶的愉悦里，身为有夫之妇的愧疚就越是灼烧着她的心，背德的刺激与禁忌的甜蜜交织缠绕，令{TargetName}在罪恶感中越陷越深，无力自拔。\n那阵完整的高潮渐渐平息下来，她成熟的身体仍残留着细密的余韵，心里盛满了说不清的满足与羞耻。
1063,action_part_a_orgasm_normal_C,0,CVP_A2_T|107_E_1&CVP_A2_A|5_G_6,那股完整而典型的绝顶快感骤然从{anal}最深处奔涌而出，身为肛门极度敏感的人妻，{TargetName}只觉得一波正常强度的高潮浪潮瞬间淹没了她成熟的全身。\n{anal}强烈而规律地收缩痉挛着，敏感的肠壁一圈圈疯狂蠕动收紧，那种绵密而鲜明的快感顺着腰腹一路攀升，令她丰腴的身躯绷得紧紧的，四肢都跟着微微颤抖，脑海里的思绪被席卷而来的愉悦冲刷得七零八落，意识变得越来越迷糊。\n温热的肠液从{anal}深处不受控制地渗溢出来，那湿滑的感觉令她羞耻得几乎想蜷缩起身子。\n可偏偏是在这样完整的绝顶里，她越发清晰地意识到自己是别人的妻子，却在这里因为肛门的快感而失态高潮，那种背叛家庭的罪恶感非但没有浇熄快感，反而令这场背德的高潮更添了一层禁忌的甜美，令{TargetName}心底矛盾地既愧疚又沉醉。\n随着那阵完整的高潮缓缓消退，她成熟的身体渐渐软了下来，心里满是深深的满足与难以言说的羞涩。
1064,action_part_a_orgasm_normal_C,0,CVP_A2_T|107_E_1&CVP_A2_A|5_G_6,一场完整而剧烈的肛门绝顶毫无预兆地在{anal}深处爆发开来，对后穴刺激敏感到不可思议的{TargetName}，整个已为人妻的身体都被这股正常强度的高潮浪潮彻底俘获。\n{anal}一下一下强烈地痉挛收缩着，敏感异常的肠道深处传来一阵接一阵鲜明而密集的绝顶快感，令她的腰部明显弓起，成熟的小腹一抽一抽地反复收紧，双腿绷紧后又无力地打颤，急促的喘息再也压抑不住地溢出唇边。\n她能清楚地感觉到{anal}正有温热的肠液缓缓溢出，那份湿润而羞耻的触感令她本就迷乱的意识愈发模糊。\n沉浸在这完整绝顶的巅峰，她心底翻涌的却是身为人妻的挣扎与矛盾，明明背负着婚姻家庭，却在这里放纵肛门迎来失控的高潮，那种背德的刺激像火焰一样窜过她的全身，令她在罪恶与快感的撕扯中越陷越深，无从逃避。\n那阵完整的高潮慢慢退潮，{TargetName}成熟的身体还残留着细细的震颤，心里盛满了背叛的愧疚与无法否认的满足。
1065,action_part_a_orgasm_normal_C,0,CVP_A2_T|107_E_1&CVP_A2_A|5_G_6,完整而典型的绝顶快感如海啸般从{anal}深处轰然席卷而来，身为肛门敏感度极高的人妻，{TargetName}连一丝抵抗的余地都没有，只能任由这股正常强度的高潮将她成熟的身体整个吞没。\n{anal}强烈而有节奏地一收一缩，敏感的肠壁疯狂地蠕动痉挛着，那种鲜明饱满的绝顶感从深处一圈圈荡漾开来，漫过弓起的腰身，漫过颤抖的丰腴大腿，令她整个人都陷入了细密而剧烈的颤栗中，意识在愉悦的冲刷下渐渐变得朦胧涣散。\n温热黏腻的肠液自{anal}深处悄然流淌而出，那湿滑的羞耻感令她成熟的心尖都在发颤。\n而在这背德绝顶的深处，她越发清醒地记起自己有夫之妇的身份，却在此刻因肛门的快感沉沦失态，那份背叛婚姻的禁忌与愧疚不但没能拦住快感，反倒令这场高潮浸满了偷来的甜蜜，令{TargetName}又羞又愧地深深迷醉其中。\n那阵完整的绝顶缓缓平息，她丰腴的身体余韵未消，心底满是深沉的满足与挥之不去的背德羞涩。
1066,action_part_a_orgasm_normal_C,0,target_is_player_daughter&CVP_A2_A|5_G_6,一股完整而汹涌的热浪毫无预兆地从{anal}最深处炸开，敏感得不像话的{TargetName}几乎是被轻轻一撩就绷紧了少女的身体。\n那处异常敏锐的地方仿佛天生就是为了承受这种快感而生，酥麻如潮水般一层层从{anal}涌上来，漫过绷紧的小腹，漫过纤细的腰肢，令她整个人都不受控制地痉挛颤抖，脑子里嗡地一下变得晕乎乎的，什么都想不清楚了。\n{anal}强烈而有节奏地收缩着，一波接一波的完整绝顶将她彻底淹没，她惊慌地弓起腰，只觉得那个地方敏感得可怕，随便一点刺激就能把她推上这样完整的高潮。\n意识开始模糊起来，少女的心里塞满了羞耻与慌乱，尤其一想到把自己送上绝顶的竟是自己的父亲{Name}，那种背德的罪恶感便和快感一起在心口横冲直撞，她隐隐感到{anal}里有温热的肠液正悄悄渗出，湿滑的羞耻感令她脸颊涨红。\n那阵完整的绝顶缓缓退去，{TargetName}还沉浸在席卷全身的愉悦里回不过神，小腹一抽一抽地余颤着，她既沉醉又茫然，心底那份对父亲说不清的复杂情愫，也在这场高潮里被搅得愈发迷乱。
1067,action_part_a_orgasm_normal_C,0,target_is_player_daughter&CVP_A2_A|5_G_6,仅仅是那么一点点刺激，一阵完整而清晰的酥麻便从{anal}深处轰然铺开，敏感到极点的{TargetName}猝不及防地弓起了少女的腰。\n她那处地方敏锐得近乎荒唐，快感像涨潮般毫不留情地漫过下腹，漫过腿根，令双腿无力地打颤，脚趾蜷缩起来，脑海里一片甜腻的空白，什么念头都抓不住了。\n{anal}一下一下强烈地痉挛收缩，完整正常的绝顶如约而至，她清楚地感觉到自己被快感彻底吞没，意识开始变得模糊，却又本能地渴望着什么——渴望着身为父亲的{Name}能注意到她此刻的模样，哪怕只是一句夸奖。\n这种连自己都觉得羞耻的心思令她愈发脸红心跳，明明是父女之间绝不该有的关系，她却在这样完整的高潮里沉沦得无法自拔，{anal}深处那丝温热的肠液悄悄溢出，湿意让她既羞又醉。\n绝顶的浪头慢慢平复，{TargetName}软软地喘着，心口被满足感填得满满当当，那份对爸爸既依恋又羞耻的心事，随着余颤在少女柔软的身体里久久荡漾着，令她久久回不过神。
1068,action_part_a_orgasm_normal_C,0,target_is_player_daughter&CVP_A2_A|5_G_6,热潮几乎是转瞬间就从{anal}最深处席卷而起，敏感过头的{TargetName}连忍耐的余地都没有便被推上了完整的绝顶。\n她的身体太过敏锐，那一波酥麻的快感如海浪般层层拍打着神经，漫过收紧的小腹，令腰肢不受控制地反复轻颤，四肢绷得发紧，脑袋里晕晕沉沉，理智一点点被冲得七零八落。\n{anal}强烈而有节奏地收缩痉挛，一次完整而正常的高潮将她整个人淹没，她羞耻地咬着下唇，却怎么也压不住身体自顾自迎向快感的模样，那个地方敏感得让她连一点刺激都承受不住。\n最令她难堪的是，将她折磨得如此沉醉的人正是自己的亲生父亲{Name}，这份乱伦的羞耻非但没有浇熄快感，反而让绝顶变得更加浓烈，她感到{anal}里温热的肠液缓缓渗出，那股湿滑令她的脸颊烧得通红。\n完整的绝顶余韵久久不散，{TargetName}沉浸在深深的满足与羞耻交织的迷醉里，小腹还在细细抽搐，她既想遮掩这不堪的一面，又忍不住在心底为这场禁忌的高潮而战栗沉沦。
1069,action_part_a_orgasm_normal_C,0,target_is_player_daughter&CVP_A2_A|5_G_6,没经过多少铺垫，一股完整的快感便毫无预兆地从{anal}深处猛地拧成一团炸开，敏感异常的{TargetName}整个少女的身子骤然绷紧。\n那处敏锐得过分的地方仿佛被彻底点燃，酥麻的快意一波接一波从{anal}漫上来，渗过紧绷的小腹，渗进柔嫩的腿根，令她的双腿无意识地夹紧又发软，脑子里一片甜美的空白，什么都想不起来了。\n{anal}强烈地收缩着，完整正常强度的绝顶将她稳稳托上顶峰，她清晰地感觉到意识开始模糊，喉咙里几乎要溢出对父亲的呼唤，那声在心底翻涌的称呼让她自己都羞得几乎落泪。\n明明知道和身为父亲的{Name}做这样的事有多么离经叛道，她却在这完整的高潮里彻底沦陷，只觉得{anal}深处有温热的肠液悄悄流出，湿润的触感混着背德的甜，令她的心跳乱成一片。\n绝顶的余浪缓缓退去，{TargetName}软绵绵地瘫软下来，心里被那种从未有过的满足塞得满满的，既甜蜜又茫然，对爸爸那份说不出口的迷恋，也在这场高潮的余温里悄悄发酵着。
1070,action_part_a_orgasm_normal_C,0,target_is_player_daughter&CVP_A2_A|5_G_6,快感来得又急又满，一阵完整的酥麻毫无征兆地自{anal}最深处翻涌而出，敏感得惊人的{TargetName}几乎没有任何抵抗便被送上了高潮。\n她那处地方敏锐到只需一丝刺激便能燃起熊熊快意，浪潮般的酥麻层层漫过下腹，漫过纤腰，令她的腰肢明显弓起，四肢一阵阵绷紧又颤抖，意识在快感的冲刷下开始模糊起来。\n{anal}强烈而规律地痉挛收缩，一次完整正常的绝顶将她牢牢裹住，她深深地沉浸在这股席卷全身的愉悦里，那种被彻底满足的感觉令她连指尖都在发麻。\n然而清醒的一角却在提醒她，让她如此沉醉的是自己的生身父亲{Name}，伦理与欲望在心口激烈冲突，越是挣扎便越是沉沦，她感到{anal}里温热的肠液正一点点渗出，湿滑的羞耻感与背德的快意交缠在一起。\n完整的高潮渐渐平息，{TargetName}还沉在余韵里回不过神，小腹一下下余颤着，深深的满足与难以言说的愧疚在少女心底反复拉扯，令她既想沉溺其中，又为这份禁忌的欢愉而心乱如麻。
1071,action_part_a_orgasm_normal_C,0,CVP_A2_T|102_E_1&CVP_A2_T|1_E_0&CVP_A2_A|10_LE_3,一股汹涌澎湃的快感毫无预兆地从{anal}的最深处轰然炸开，如同滚烫的潮水在刹那间席卷了{TargetName}娇小而稚嫩的全身。\n她那尚未发育成熟的小小身体猛地绷紧起来，纤细的四肢不受控制地痉挛抽搐，稚气的脚趾也蜷缩成了一团。\n{anal}那紧致的肠壁疯狂地收缩蠕动着，一波接着一波地痉挛绞紧，仿佛要将那灭顶的愉悦一滴不剩地全部榨取出来。\n幼小的{TargetName}根本还不明白这股让她头皮发麻、灵魂战栗的感觉究竟是什么，只觉得整个意识都陷入了一片甜蜜的空白。\n滚烫黏腻的肠液顺着{anal}的边缘涓涓不断地渗出，濡湿了她稚气未脱的股缝，那陌生的湿滑触感让她又羞又慌。\n她小小的脑袋无力地向后仰去，圆润可爱的脸蛋涨得通红，那双占据脸庞大半的眼睛里此刻蓄满了迷乱的泪水。\n如此强烈的绝顶快感将她娇小的身躯彻底淹没，稚嫩的腰肢止不住地一颤又一颤，深深沉溺在这场懵懂而汹涌的高潮之中。
1072,action_part_a_orgasm_normal_C,0,CVP_A2_T|102_E_1&CVP_A2_T|1_E_0&CVP_A2_A|10_LE_3,快感如同决堤的洪流般从{TargetName}稚嫩的后穴深处奔涌而上，一瞬间就冲垮了她那小小身体里所有的防线。\n她娇嫩的脊背猛然弓起，像一张被拉满的小弓，纤细的腰肢剧烈地颤栗着，怎么也停不下来。\n还带着几分紧涩的{anal}此刻疯狂地一缩一放，敏感的肠壁被这陌生的极乐折磨得又酸又麻，收缩的力道大得让她自己都害怕。\n幼小的她从未体验过如此汹涌的愉悦，甜美的空白一次次冲刷着她懵懂的大脑，让她连一个完整的念头都拼凑不出来。\n温热的肠液不受控制地从{anal}深处涌出，一点点浸湿了她娇小的臀缝，那羞耻的湿润感让她的小脸烧得通红。\n她圆润的小手死死地攥紧，指甲几乎要掐进自己柔嫩的掌心，纤细的双腿也不住地打着颤。\n浪潮般的高潮将她整个人卷入其中，那尚未发育的稚嫩身躯在极致的快感里微微痉挛，沉醉得几乎失去了知觉。
1073,action_part_a_orgasm_normal_C,0,CVP_A2_T|102_E_1&CVP_A2_T|1_E_0&CVP_A2_A|10_LE_3,滔天的快意毫无征兆地从{anal}的深处席卷而来，将{TargetName}那介于婴孩与萝莉之间的娇小身子彻底吞没。\n她稚气的小脸瞬间失了神，红扑扑的脸颊上写满了迷乱与陶醉，湿漉漉的大眼睛失焦地望向虚空。\n{anal}紧致而敏感的肠道一下下痉挛着绞紧，每一次收缩都把那排山倒海的快感放大到极致，让她纤细的身体不住地弹动。\n年幼的{TargetName}被这从未有过的强烈愉悦冲得晕头转向，心底涌起一阵深深的、几乎要将她溺毙的满足。\n黏稠的肠液顺着{anal}汩汩流下，比往日更加明显的分量濡湿了她幼嫩的肌肤，那陌生的触感让她又慌又羞。\n她小小的身子无助地蜷缩又舒展，纤瘦的手指无意识地抓挠着，柔软的脚趾在极乐中一次次绷直又蜷起。\n这场正常强度的绝顶如潮水般将她层层淹没，稚嫩的{TargetName}沉沦在灭顶的快感里，甜蜜得连羞耻都忘却了。
1074,action_part_a_orgasm_normal_C,0,CVP_A2_T|102_E_1&CVP_A2_T|1_E_0&CVP_A2_A|10_LE_3,一阵灭顶的酥麻自{TargetName}那尚未开发完全的后穴深处炸裂开来，汹涌的快感顺着娇小的脊柱一路窜上她幼稚的头顶。\n她纤细的身体骤然绷紧，随即又剧烈地颤抖起来，稚嫩的小腹一抽一抽地起伏，怎么也平复不下来。\n仍旧紧涩的{anal}被这陌生的极乐搅得又酸又胀，敏感的肠壁不由自主地疯狂收缩，紧紧地绞成一团又缓缓松开。\n幼小的她根本承受不住如此浓烈的愉悦，意识在一波波快感的冲刷下变得模糊而甜腻，只剩下满脑子空白的迷醉。\n温热的肠液止不住地从{anal}边缘溢出，湿滑地淌过她娇嫩的股沟，那份滑腻的羞耻让她小小的身子又是一阵战栗。\n她圆润的脸颊涨得绯红，稚气的嘴角控制不住地微微张开，纤长的睫毛上挂着高潮逼出的泪珠。\n汹涌的绝顶浪潮一遍遍席卷着她娇小的身躯，年幼的{TargetName}深深沉溺在这懵懂而炽烈的极乐之中难以自拔。
1075,action_part_a_orgasm_normal_C,0,CVP_A2_T|102_E_1&CVP_A2_T|1_E_0&CVP_A2_A|10_LE_3,炽热的快感像海啸一般从{anal}最深处轰然涌起，转瞬便将{TargetName}那小巧娇弱的身子从头到脚彻底淹没。\n她幼小的身体在极乐中猛地一僵，紧接着便是一连串抑制不住的颤栗，纤细的腰肢随着快感一次次弓起又塌下。\n{anal}那紧致敏感的肠壁疯狂地蠕动收缩，把汹涌而来的愉悦一层层叠加放大，酸麻的快意几乎要将她小小的灵魂震碎。\n年幼懵懂的{TargetName}被这从未领略过的强烈高潮冲得七荤八素，甜蜜的空白一次次占据她的脑海，让她陷入深深的沉醉。\n更多的肠液顺着{anal}不受控制地涓涓流淌，明显的湿意浸透了她稚嫩的臀缝，那羞人的触感让她的小脸红得快要滴血。\n她纤瘦的双腿绷得笔直，圆润的脚趾深深蜷起，小手无力地攥紧又松开，全身都在快感的浪潮里轻轻打颤。\n这场完整而汹涌的绝顶将她整个人裹挟其中，稚嫩的{TargetName}在灭顶的愉悦里迷失了自己，满心满眼都是甜美的沉醉。

1076,action_part_a_orgasm_normal_C,0,CVP_A2_T|103_E_1&CVP_A2_T|1_E_0&CVP_A2_A|10_LE_3,一阵完整而汹涌的快感毫无预兆地从{anal}深处轰然炸开，令娇小的{TargetName}整个人都猛地绷紧了。\n那股灼热的酥麻不再是从前那种浅浅的痒，而是化作一波接一波的浪潮，从紧致的深处一圈圈席卷而上，漫过稚嫩的小腹，漫过纤细的腰肢，令她的意识在刹那间变得模糊起来，脑子里晕乎乎的，什么都想不清楚了，只剩下那股铺天盖地的快意在幼小的身体里翻涌。\n{anal}不受控制地一下下强烈收缩着，那种既陌生又鲜明的绝顶感令还带着几分青涩的她既害怕又贪恋，明明身体还没完全习惯这种事，却已经忍不住沉溺其中。\n她能清楚地感觉到深处有一丝黏腻的肠液渗了出来，那种湿意令她羞得几乎想缩起身子，纤细的双腿无意识地夹紧又颤抖着，小小的心脏怦怦狂跳。\n那阵完整的绝顶缓缓退去，{TargetName}还沉浸在余韵里回不过神，红扑扑的脸上写满了懵懂的沉醉与说不出口的满足，心里被浓烈的快感填得满满的。
1077,action_part_a_orgasm_normal_C,0,CVP_A2_T|103_E_1&CVP_A2_T|1_E_0&CVP_A2_A|10_LE_3,快感如潮水般毫无保留地涌了上来，{TargetName}娇小的身子猛地一颤，一次完完整整的绝顶就这样毫不留情地将她席卷。\n那股强烈的酥麻从{anal}紧致的深处一层层荡开，绵密而灼热，漫过绷紧的小腹，钻进每一寸稚嫩的肌肤，令她的呼吸骤然乱成一团，意识开始一点点变得朦胧，脑海里只剩下白茫茫的一片，什么都抓不住。\n{anal}一阵阵有节奏地痉挛收缩着，那种被快感彻底填满的感觉令还不太习惯肛交的她又惊又迷，青涩的身体本能地想要逃开，心里却诚实地渴望着更多，这种矛盾令她的小脸涨得通红。\n深处那点湿滑的肠液悄悄溢出，令她清晰地意识到自己竟然会因为这种地方而绝顶，羞耻的念头和汹涌的快意搅在一起，令她纤细的腰肢忍不住高高弓起。\n直到那阵完整的高潮渐渐平息，{TargetName}才恍惚地缓过神来，稚气的脸庞上满是深深的沉醉，心底涌动着连她自己都不敢承认的甜蜜满足。
1078,action_part_a_orgasm_normal_C,0,CVP_A2_T|103_E_1&CVP_A2_T|1_E_0&CVP_A2_A|10_LE_3,没有任何征兆，一股完整而浓烈的绝顶感猛地从{anal}深处炸裂开来，令{TargetName}幼嫩的身体骤然弓成了一道颤抖的弧。\n那种灼热而饱满的快感一浪高过一浪地从紧致的深处翻涌上来，漫过她纤细的腰身，漫过平坦的小腹，令她的意识在那一瞬间被冲得发晕，脑子里嗡嗡作响，再也没办法维持清醒的思绪。\n{anal}一下接一下地剧烈收缩着，那种前所未有的充实快意令原本对肛交还有些抗拒的她彻底沦陷，娇小的手指死死攥紧，指尖发白，却怎么也压不住这股席卷全身的绝顶。\n她羞窘地察觉到{anal}深处有温热的肠液缓缓渗出，那种湿黏的触感令她又羞又慌，稚嫩的脸颊烧得滚烫，偏偏身体却诚实地颤抖着索求。\n那阵完整的高潮久久才肯退去，{TargetName}瘫软下来，喘息未定，懵懂的眼神里盛满了迷乱与餍足，心里被这股陌生而剧烈的快感填得满满当当。
1079,action_part_a_orgasm_normal_C,0,CVP_A2_T|103_E_1&CVP_A2_T|1_E_0&CVP_A2_A|10_LE_3,一次完整而强烈的绝顶毫无预警地攫住了{TargetName}，令她娇小的身躯剧烈地一震，随即细细地颤抖起来。\n那股汹涌的快感从{anal}紧致的深处一波波涌出，绵密而灼烫，像潮水一样漫过她稚嫩的小腹与腰肢，令她的意识渐渐模糊，脑海里一片甜腻的空白，什么都想不起来，只剩下铺天盖地的快意在身体里横冲直撞。\n{anal}情不自禁地一阵阵痉挛收缩，那种被快感彻底淹没的滋味令还带着青涩的她又惊又醉，明明这具刚开始被开发的身体还不太适应，此刻却贪婪地承接着这股完整的绝顶，令她既羞耻又无法自拔。\n深处渗出的丝丝肠液带来一阵陌生的湿意，令她小脸绯红，纤细的双腿不由自主地绷直又颤栗。\n直到那阵浓烈的高潮缓缓消退，{TargetName}才迷迷糊糊地回过神来，红扑扑的脸上写满了懵懂的沉醉，稚气的心底泛起一层深深的满足与说不清的甜蜜。
1080,action_part_a_orgasm_normal_C,0,CVP_A2_T|103_E_1&CVP_A2_T|1_E_0&CVP_A2_A|10_LE_3,快意毫无节制地在体内炸开，一次完整正常的绝顶就这样将娇小的{TargetName}整个吞没，令她纤弱的身子猛地绷紧又剧烈发颤。\n那股炽热的酥麻自{anal}紧致的深处层层扩散，一浪接着一浪，漫过她单薄的小腹，钻进纤细的腰肢，令她的意识开始变得涣散朦胧，脑子里晕晕乎乎，抓不住半点清醒的念头，只能任由这股完整的绝顶将自己彻底裹挟。\n{anal}一下下不受控地收紧又松开，那种鲜明而充实的快感令对肛交还有些生涩的她又慌又迷，青涩的身体明明还没完全学会承受，却已经忍不住迎合着颤抖起来。\n她窘迫地感到{anal}深处有黏腻的肠液悄悄流淌，那份湿滑令她羞得几乎不敢动弹，稚嫩的脸蛋红透了。\n等那阵完整的高潮终于退潮，{TargetName}早已喘息凌乱，懵懂的眼眸里泛着水光，满是迷醉与深深的满足，心里被这股陌生的快感涨得满满的，久久无法平复。

1081,action_part_a_orgasm_normal_C,0,CVP_A2_T|104_E_1&CVP_A2_T|1_E_0&CVP_A2_A|10_LE_3,一阵完整而汹涌的快感毫无预兆地从{anal}深处轰然炸开，令青春的{TargetName}整个身子都猛地绷紧起来。\n那股灼热的酥麻不再是从前那种浅浅的痒意，而是化作一浪高过一浪的潮水，从紧致的深处一圈圈席卷而上，漫过她仍带着青涩线条的小腹，漫过纤细而富有弹性的腰肢，令她的意识在刹那间变得模糊起来，脑子里一片晕眩，什么都想不清楚了，只剩下那股铺天盖地的快意在她年轻的身体里翻涌奔腾。\n{anal}不受控制地一下下强烈收缩着，那种既陌生又鲜明的绝顶感令还不太习惯肛交的她既慌乱又贪恋，明明这具刚被开发的身体还有些抗拒，此刻却已经忍不住彻底沉溺其中。\n她能清晰地感觉到深处有一丝黏腻的肠液悄悄渗了出来，那种湿滑的触感令她羞得几乎想缩起身子，青春的双腿无意识地夹紧又轻颤，一颗心怦怦地狂跳个不停。\n那阵完整的绝顶缓缓退去，{TargetName}还沉浸在浓烈的余韵里回不过神来，红扑扑的脸上写满了懵懂的沉醉与说不出口的满足，少女的心里被这股鲜明的快感填得满满当当。
1082,action_part_a_orgasm_normal_C,0,CVP_A2_T|104_E_1&CVP_A2_T|1_E_0&CVP_A2_A|10_LE_3,快感如决堤的潮水般毫无保留地涌了上来，{TargetName}年轻的身子猛地一颤，一次完完整整的绝顶就这样毫不留情地将她席卷。\n那股强烈的酥麻从{anal}紧致的深处一层层荡开，绵密而灼烫，漫过她绷紧的小腹，钻进每一寸富有弹性的青春肌肤，令她的呼吸骤然乱成一团，意识开始一点点变得朦胧，脑海里只剩下白茫茫的一片，怎么也抓不住半点清醒的念头。\n{anal}一阵阵有节奏地痉挛收缩着，那种被快感彻底填满的滋味令还带着几分生涩的她又惊又迷，青涩的身体本能地想要躲开，内心却诚实地渴望着更多，这份矛盾令她青春的脸蛋涨得通红。\n深处那点湿滑的肠液悄悄溢出，令她清晰地意识到自己竟会因为这种羞人的地方而绝顶，羞耻的念头和汹涌的快意搅在一处，令她纤细的腰肢忍不住高高弓起。\n直到那阵完整的高潮渐渐平息，{TargetName}才恍惚地缓过神来，青春的脸庞上满是深深的沉醉，心底涌动着连她自己都不敢承认的甜蜜与满足。
1083,action_part_a_orgasm_normal_C,0,CVP_A2_T|104_E_1&CVP_A2_T|1_E_0&CVP_A2_A|10_LE_3,没有任何征兆，一股完整而浓烈的绝顶感猛地从{anal}深处炸裂开来，令{TargetName}年轻的身体骤然弓成了一道颤抖的弧线。\n那种灼热而饱满的快感一浪高过一浪地从紧致的深处翻涌上来，漫过她纤细的腰身，漫过尚带青涩的小腹，令她的意识在那一瞬间被冲得发晕，脑子里嗡嗡作响，再也没办法维持半分清醒的思绪，只能任由这股快意在体内横冲直撞。\n{anal}一下接一下地剧烈收缩着，那种前所未有的充实快意令原本对肛交还有些不适应的她彻底沦陷，青春的手指死死攥紧，指尖泛白，却怎么也压不住这股席卷全身的绝顶。\n她羞窘地察觉到{anal}深处有温热的肠液缓缓渗出，那种湿黏的感觉令她又羞又慌，青涩的脸颊烧得滚烫，偏偏身体却诚实地颤抖着索求。\n那阵完整的高潮久久才肯退去，{TargetName}软软地瘫了下来，喘息未定，明亮的眼眸里盛满了迷乱与餍足，少女的心里被这股鲜明而剧烈的快感填得满满当当。
1084,action_part_a_orgasm_normal_C,0,CVP_A2_T|104_E_1&CVP_A2_T|1_E_0&CVP_A2_A|10_LE_3,一次完整而强烈的绝顶毫无预警地攫住了{TargetName}，令她年轻的身躯剧烈地一震，随即细细地颤抖起来。\n那股汹涌的快感从{anal}紧致的深处一波波涌出，绵密而灼烫，像潮水一样漫过她青春的小腹与腰肢，令她的意识渐渐模糊，脑海里一片甜腻的空白，什么都想不起来，只剩下铺天盖地的快意在身体里翻腾。\n{anal}情不自禁地一阵阵痉挛收缩，那种被快感彻底淹没的滋味令还带着青涩的她又惊又醉，明明这具刚开始被开发的身体还不太适应，此刻却贪婪地承接着这股完整的绝顶，令她既羞耻又无法自拔。\n深处渗出的丝丝肠液带来一阵陌生的湿意，令她青春的脸蛋绯红一片，纤细而有弹性的双腿不由自主地绷直又颤栗。\n直到那阵浓烈的高潮缓缓消退，{TargetName}才迷迷糊糊地回过神来，红扑扑的脸上写满了懵懂的沉醉，年轻的心底泛起一层深深的满足与说不清道不明的甜蜜。
1085,action_part_a_orgasm_normal_C,0,CVP_A2_T|104_E_1&CVP_A2_T|1_E_0&CVP_A2_A|10_LE_3,快意毫无节制地在体内炸开，一次完整正常的绝顶就这样将青春的{TargetName}整个吞没，令她年轻的身子猛地绷紧又剧烈发颤。\n那股炽热的酥麻自{anal}紧致的深处层层扩散，一浪接着一浪，漫过她线条柔和的小腹，钻进纤细而富有弹性的腰肢，令她的意识开始变得涣散朦胧，脑子里晕晕乎乎，抓不住半点清醒的念头，只能任由这股完整的绝顶将自己彻底裹挟。\n{anal}一下下不受控地收紧又松开，那种鲜明而充实的快感令对肛交还有些生涩的她又慌又迷，青涩的身体明明还没完全学会承受，却已经忍不住迎合着颤抖起来。\n她窘迫地感到{anal}深处有黏腻的肠液悄悄流淌，那份湿滑令她羞得几乎不敢动弹，青春的脸蛋红透了，连耳根都染上了绯色。\n等那阵完整的高潮终于退潮，{TargetName}早已喘息凌乱，明亮的眼眸里泛着水光，满是迷醉与深深的满足，少女的心里被这股陌生而鲜明的快感涨得满满的，久久无法平复下来。

1086,action_part_a_orgasm_normal_C,0,CVP_A2_T|105_E_1&CVP_A2_T|1_E_0&CVP_A2_A|10_LE_3,一股汹涌而完整的快感毫无预兆地从{anal}深处轰然炸开，像决堤的海浪般席卷了{TargetName}成熟却仍带着几分青涩的身体。\n那股灼热的电流顺着紧致的肠壁一圈圈地漫开，撞进小腹，冲上腰际，令她丰满的腰肢猛地弓起，双腿绷得笔直又忍不住痉挛似的颤抖，她只觉得脑子里一片嗡鸣，原本从容优雅的神态在这一刻彻底碎裂，意识开始变得模糊起来，却还没有被那阵狂潮彻底冲垮。\n{anal}一下又一下地剧烈收缩着，那种紧致而生涩的痉挛带来近乎灭顶的摩擦快感，令她既陌生又沉醉，因为并不熟悉这样从后面涌来的绝顶，她的心里翻涌着难以言喻的羞耻与迷乱。\n她能清楚地感觉到一缕温热的肠液顺着抽搐的{anal}悄悄溢了出来，那股湿滑的触感让她成熟的脸颊瞬间烧得通红，羞得几乎想把自己蜷缩起来，偏偏身体却诚实地沉浸在这完整而强烈的高潮愉悦里，无法自控。\n那阵海啸般的绝顶缓缓退去，{TargetName}大口喘息着，心底被一种深深的满足与甜美的空白填满，成熟与青涩交织的眼眸里泛起了迷离的水光，久久无法回神。
1087,action_part_a_orgasm_normal_C,0,CVP_A2_T|105_E_1&CVP_A2_T|1_E_0&CVP_A2_A|10_LE_3,快感在毫无防备的瞬间如潮水般涌上{TargetName}的全身，一波接着一波从{anal}最深处翻卷而来，将她成熟丰腴的躯体整个淹没。\n她只觉得那股酥麻灼热的浪潮沿着仍旧紧窄的肠道一路蔓延，漫过绷紧的小腹，窜上微微颤抖的脊背，令她优雅的腰身不受控制地一次次弓起又落下，双腿无力地夹紧又张开，喉间溢出压抑不住的娇喘。\n她的意识在这完整的绝顶里开始变得朦胧涣散，那种介于清醒与失神之间的迷醉感，让一向努力想表现得成熟老练的她彻底乱了阵脚。\n{anal}紧紧地一缩一缩，把那份生涩的摩擦快感放大到了极致，令她羞得无地自容，那处地方竟能带来这样强烈完整的高潮，是她从未真正习惯过的，可偏偏又爽得让她想沉沦下去。\n温热的肠液随着痉挛丝丝缕缕地渗出，那湿黏的感觉令她心底泛起一阵滚烫的羞耻与说不出口的甜腻。\n直到那阵完整的绝顶慢慢平息，{TargetName}才软软地瘫下来，心里被浓稠的满足感填得满满当当，成熟外表下藏着的青涩慌乱在此刻暴露无遗。
1088,action_part_a_orgasm_normal_C,0,CVP_A2_T|105_E_1&CVP_A2_T|1_E_0&CVP_A2_A|10_LE_3,一阵完整而强烈的绝顶毫无征兆地攫住了{TargetName}，快感像被点燃的火焰一样从{anal}深处轰然升腾，迅速烧遍了她整具成熟的身体。\n她能清晰地感觉到紧致的肠壁正一波一波地剧烈痉挛，那份因开发有限而格外鲜明的摩擦感，被这场高潮无限放大，令她丰满的臀腰不由自主地颤动，双腿绷紧到微微发抖，脚趾都蜷缩了起来。\n脑海里原本清晰的思绪被这股海浪般的快感冲得七零八落，意识一点点变得模糊，她努力想维持住大姐姐那份从容，却在这完整的绝顶面前彻底败下阵来，只能任由身体沉溺在剧烈的愉悦中。\n{anal}持续不断地收缩吮吸，把那种既生涩又销魂的快感一次次推向顶点，令她既羞耻又迷醉，脸颊滚烫得几乎要滴出血来。\n一股温热的肠液顺着抽搐的{anal}缓缓流淌而出，那湿滑的触觉让她羞得几乎不敢呼吸，偏偏内心深处却涌起一种深深的满足与隐秘的沉醉。\n当那阵绝顶终于缓缓退潮，{TargetName}整个人都软成了一滩，心底盈满了甜蜜的空白，久久沉浸在余韵里无法自拔。
1089,action_part_a_orgasm_normal_C,0,CVP_A2_T|105_E_1&CVP_A2_T|1_E_0&CVP_A2_A|10_LE_3,没有任何预兆，一场完整而正常强度的绝顶就这样猛地攫住了{TargetName}的全身，汹涌的快感自{anal}深处喷薄而出，如海啸般一浪高过一浪地拍打着她成熟的躯体。\n她只觉得那股滚烫的电流顺着尚且窄嫩的肠道疯狂扩散，令她丰盈的小腹一阵阵抽搐，优美的腰线不受控制地深深弓起，双手无处安放地攥紧又松开，指尖都在微微发颤。\n意识在这股狂潮里开始变得涣散迷离，她想咬紧牙关维持住那份属于大姐姐的稳重，却发现自己根本抵挡不住这来自后穴的完整绝顶，只能羞赧地任凭身体一次次颤栗。\n{anal}紧绷着剧烈收缩，那份生涩而强烈的紧致摩擦，让快感变得格外清晰而尖锐，令她既有些微妙的不适，又忍不住深深沉醉其中，心底翻涌着甜美的羞耻。\n随着一波波痉挛，温热黏腻的肠液悄然渗出，那份湿意让她成熟的面庞染上更深的绯红，羞得几乎想找个地方躲起来。\n直到那阵完整的高潮渐渐平复，{TargetName}才带着满心的餍足长长舒了口气，青涩与成熟交织的眼中满是迷乱的水汽。
1090,action_part_a_orgasm_normal_C,0,CVP_A2_T|105_E_1&CVP_A2_T|1_E_0&CVP_A2_A|10_LE_3,快感毫无保留地在{TargetName}体内彻底炸开，一场完整的绝顶如决堤洪流般从{anal}最深处奔涌而出，转瞬间就将她成熟又带着青涩的身体整个吞没。\n她能真切地感受到那股酥麻灼烫的浪潮沿着仍旧紧窄的肠壁层层叠叠地翻涌，冲进小腹，窜上腰背，令她丰满的躯体绷成一张满弓，随即又一波波地剧烈颤抖，连呼吸都乱成了破碎的娇喘。\n脑中一片混沌，意识随着这海浪般的高潮渐渐变得模糊恍惚，那种甜美的空白感让她再也顾不上维持大姐姐的体面，只剩下被快感淹没的沉醉。\n{anal}一缩一放地紧紧痉挛着，把那份因经验尚浅而分外鲜明的摩擦快感放大到极致，令她羞耻得浑身发烫，偏偏又爽得无法自拔，深陷在这陌生而完整的绝顶里。\n温热的肠液随着抽搐一缕缕地淌出，那湿滑黏腻的触感令她心头掠过一阵强烈的羞赧与迷乱。\n当那场汹涌的绝顶终于缓缓退去，{TargetName}瘫软着大口喘息，心底被深深的满足和绵长的余韵填得满满的，久久无法平静下来。

1091,action_part_a_orgasm_normal_C,0,CVP_A2_T|106_E_1&CVP_A2_T|1_E_0&CVP_A2_A|10_LE_3&high_1,一股沉厚而汹涌的快感毫无预兆地从{anal}深处炸裂开来，令一向沉稳自持的{TargetName}再也维持不住那份从容。\n那道灼热的电流顺着尚未被完全开发的肠道一路窜上腰脊，漫过成熟丰腴的腰肢，漫过微微起伏的小腹，令她整个人都绷紧了，随即又控制不住地剧烈痉挛起来。\n{anal}一下一下有力地收缩着，那种既紧致又酸胀的摩擦感被快感放大到极致，令她既有几分不适又忍不住深深沉溺，成熟的眉眼在这一刻彻底失了往日的镇定。\n{TargetName}只觉意识被这股完整而强烈的绝顶浪潮一波波推着，脑海里渐渐泛起甜腻的空白，什么都想不清楚了，只剩下{anal}深处那阵接连不断的痉挛与酥麻。\n她隐约感觉到{anal}深处有温热的肠液悄悄渗出，那种湿滑的羞耻感令她成熟的脸颊烧得通红，心底涌起一阵深深的满足与难以启齿的沉醉，丰腴的腰肢不受控制地弓起又颤抖，双腿绷得笔直，任由这场完整的高潮将她彻底淹没。
1092,action_part_a_orgasm_normal_C,0,CVP_A2_T|106_E_1&CVP_A2_T|1_E_0&CVP_A2_A|10_LE_3&high_1,熟透的身体骤然被一阵完整而剧烈的绝顶攫住，{TargetName}只觉一波滚烫的快感从{anal}最深处翻涌而起。\n那股酥麻顺着紧致的肠壁层层扩散，漫过丰腴的臀肉，渗进每一寸成熟的肌理，令她原本沉稳从容的神态在顷刻间土崩瓦解，呼吸变得又急又乱。\n{anal}不受控制地一阵阵痉挛收缩，尚未完全适应的肠道被这股强烈的快感撑得又酸又麻，那种紧涩的摩擦感与铺天盖地的愉悦交织在一起，令她既觉得羞耻又忍不住迎着快感沉沦下去。\n{TargetName}的意识随着一波波高潮变得越来越模糊，脑子里像被温水泡软了一般，甜腻而昏沉，只能任由那阵完整的绝顶将她席卷。\n她清晰地感觉到{anal}深处有黏腻的肠液缓缓淌出，那份湿热令她成熟的心底涌起一阵深深的沉醉与满足，腰身反复弓起又瘫软，丰满的胸脯剧烈起伏，眼角泛起了迷离的水光，整个人都陷进了这场浓烈高潮带来的极致快意里。
1093,action_part_a_orgasm_normal_C,0,CVP_A2_T|106_E_1&CVP_A2_T|1_E_0&CVP_A2_A|10_LE_3&high_1,一阵深沉而完整的快感如潮水般从{anal}深处轰然席卷开来，令阅历丰富的{TargetName}也彻底招架不住。\n那道汹涌的暖流顺着尚显紧窄的肠道汹涌上行，冲进腰腹，冲上心口，令她成熟的身躯猛地一颤，随即陷入一阵接一阵有节奏的痉挛。\n{anal}紧紧地收缩着又放松着，那种被快感反复揉捏的酸胀摩擦令她既有几分陌生的不适，又忍不住被那股绵密而强烈的愉悦牵引着往深处坠去。\n{TargetName}只觉一波波高潮浪头拍打着她的意识，脑海渐渐被甜蜜的空白填满，思绪变得涣散而迟钝，成熟的理智在这一刻悄然融化。\n她能感觉到{anal}深处正有温热黏滑的肠液一点点溢出，那份难以掩饰的湿意令她羞得心口发烫，却又在这份羞耻里尝到了从未有过的深切满足，腰肢无力地扭动着，双腿一阵阵痉挛，任由这场完整的绝顶将她成熟的身心一并淹没在浓稠的快感之中。
1094,action_part_a_orgasm_normal_C,0,CVP_A2_T|106_E_1&CVP_A2_T|1_E_0&CVP_A2_A|10_LE_3&high_1,绝顶的浪潮毫无征兆地从{anal}最深处奔涌而出，{TargetName}成熟丰腴的身子猛地绷紧，紧接着便剧烈地颤抖起来。\n那股炽热的快感沿着仍旧紧致的肠壁一路蔓延，漫过腰窝，漫过绷起的小腹，令她一贯游刃有余的从容在这股洪流里荡然无存。\n{anal}一收一缩地痉挛着，尚未被彻底开发的肠道在强烈快感的冲刷下又麻又胀，那种紧窄的摩擦被无限放大，令她的呼吸乱作一团，喉间不由自主地溢出细碎而失序的气音。\n{TargetName}的意识被这场完整的高潮冲刷得逐渐模糊，脑中泛起一片温软的空白，什么都抓不住了，只余下{anal}深处那阵绵延不绝的酥麻与悸动。\n她隐隐察觉到{anal}深处有湿热的肠液缓缓渗流而出，那种黏腻的触感令她成熟的面颊染上浓艳的绯红，心底翻涌起深深的满足与沉醉，丰腴的腰身一次次弓起又软下，任凭这股浓烈的绝顶快意将她整个人温柔而彻底地吞没。
1095,action_part_a_orgasm_normal_C,0,CVP_A2_T|106_E_1&CVP_A2_T|1_E_0&CVP_A2_A|10_LE_3&high_1,一记完整而汹涌的绝顶自{anal}深处骤然迸发，令历经世事的{TargetName}再也无法维持那副沉稳自若的模样。\n滚烫的快感顺着紧涩的肠道层层攀升，卷过成熟的腰肢，卷过颤抖的小腹，令她整个丰腴的身躯都随之绷紧、痉挛，随后一波波地颤栗不止。\n{anal}有力而急促地收缩着，那尚未完全适应的肠道被快感撑得又酸又软，紧致的摩擦感与铺天盖地的愉悦交缠在一起，令她既觉羞耻难耐，又忍不住迎着这股浪潮深深沉溺进去。\n{TargetName}只觉神志在这场浓烈的高潮里一点点变得恍惚，脑海被甜腻的空白层层浸染，思绪散乱得再也拼不成句，唯有{anal}深处那阵不断翻涌的酥麻还无比清晰。\n她清楚地感到{anal}深处有温热的肠液悄然淌落，那份湿滑令她成熟的心底涌上难以言喻的满足与迷醉，腰身反复弓起又瘫软，双腿绷直又痉挛，眼神迷离涣散，彻底沉浸在这场完整绝顶所带来的极致欢愉之中。
1096,action_part_a_orgasm_normal_C,0,CVP_A2_T|107_E_1&CVP_A2_T|1_E_0&CVP_A2_A|10_LE_3,一波完整而汹涌的快感毫无预兆地从{anal}深处炸裂开来，已为人妻的{TargetName}再也无法维持那份克制，整个身体随着这股浪潮猛地绷紧了。\n那股滚烫的酥麻感如同海浪般一层层席卷而上，漫过紧绷的小腹，漫过颤抖的腰肢，令她成熟丰腴的身体不受控制地剧烈痉挛着，{anal}一下又一下地强烈收缩，那尚未被完全开发的紧致肠壁绞紧又松开，摩擦出令她头皮发麻的强烈快意。\n{TargetName}的意识在这股洪流中开始变得模糊，脑海里一片甜蜜的空白，什么都想不清楚了，只剩下那从后穴深处一波波荡漾而来的灭顶愉悦。\n她清楚地感觉到{anal}有温热的肠液缓缓渗出，那股难以启齿的湿滑令她羞耻得几乎想蜷缩起来，偏偏身体却诚实地沉溺在这份快感里无法自拔。\n更令她心慌的是，作为一个有丈夫的女人，竟会在{Name}面前因为这样禁忌的部位而绝顶，那份背德的罪恶感与铺天盖地的快感交织在一起，反倒将愉悦推向了更高处，令她成熟的眼眸里蒙上一层迷乱的水光。\n那阵完整的绝顶缓缓退去，{TargetName}的心还在剧烈地跳动着，甜美的余韵与深深的愧疚在心底久久盘旋，令她迟迟无法回过神来。
1097,action_part_a_orgasm_normal_C,0,CVP_A2_T|107_E_1&CVP_A2_T|1_E_0&CVP_A2_A|10_LE_3,绝顶的浪潮终于彻底淹没了{TargetName}，这一次不再是那种浅尝辄止的轻颤，而是一场完整而剧烈的高潮从{anal}最深处轰然涌起。\n她丰腴的腰肢猛地弓了起来，双腿绷得笔直又无力地颤抖着，{anal}随着快感有节奏地痉挛收缩，那仍显紧致的肠道一圈圈地绞紧，将那股强烈的摩擦快感放大到令她无法承受的地步，酥麻的电流顺着脊背一路窜上后颈。\n{TargetName}的呼吸彻底乱了节奏，意识随着这股洪流一点点飘远，脑子里嗡嗡作响，只余下后穴处那铺天盖地的灭顶快意在反复冲刷。\n她能感到{anal}深处有黏腻的肠液被这阵剧烈的收缩挤压出来，那种湿热的触感令她这个早已为人妇的女人羞得无地自容，可身体却愈发沉沦在这份陌生而强烈的愉悦中。\n背叛婚姻的禁忌快感如同烈火，将她心底那点残存的矜持烧得一干二净，明明满心都是对家庭的愧疚，偏偏又抵不过这排山倒海的绝顶，令她在快感与罪恶之间挣扎着彻底沦陷。\n直到那阵剧烈的高潮渐渐平息，{TargetName}才软软地瘫下来，心口还残留着一阵阵甜腻的余震，久久不能自已。
1098,action_part_a_orgasm_normal_C,0,CVP_A2_T|107_E_1&CVP_A2_T|1_E_0&CVP_A2_A|10_LE_3,一股无法抵挡的绝顶感从{anal}深处骤然爆发，{TargetName}这个饱经风霜的人妻再也绷不住那份故作的镇定，浑身剧烈地颤抖起来。\n完整而典型的高潮反应一一浮现，她的小腹一下下地抽搐着，腰身反复弓起，紧致的{anal}强烈而有节奏地痉挛，那尚未完全习惯被侵犯的肠壁死死绞着，每一次收缩都摩擦出令她几乎失声的快意，酥软的浪潮一波接一波地拍打着她的理智。\n她的意识在这场高潮里渐渐变得朦胧，甜美的空白一点点侵占了她的思绪，令她再也无暇去想旁的事情，只能任由那股愉悦将自己整个吞没。\n{anal}处渗出的温热肠液带来一阵羞耻的湿滑，令她这个有夫之妇羞得咬紧了下唇，偏偏那份羞耻反倒化作了更浓烈的刺激。\n一想到自己背着丈夫，在{Name}的调弄下用如此隐秘的部位达到了绝顶，那种深重的背德感便如潮水般涌上心头，愧疚与快感纠缠不清，反而令这场高潮愈发深沉浓烈。\n那阵完整的绝顶缓缓退潮，{TargetName}丰腴的身躯还在微微战栗，心底满是说不清的沉醉与难以名状的窘迫，迟迟无法平复。
1099,action_part_a_orgasm_normal_C,0,CVP_A2_T|107_E_1&CVP_A2_T|1_E_0&CVP_A2_A|10_LE_3,这一回涌上来的绝顶远比之前要来得完整而汹涌，{TargetName}只觉得一股滚烫的快感自{anal}深处轰然决堤，瞬间席卷了她成熟的全身。\n她的四肢下意识地绷紧又颤抖，丰润的臀部不受控制地轻轻扭动，{anal}一阵紧似一阵地收缩痉挛，那仍旧紧窄的肠道被快感撑得又酸又麻，每一下绞紧都将强烈的摩擦快意送往四肢百骸，令她头皮阵阵发麻。\n{TargetName}的脑海随着这股洪流渐渐一片混沌，清醒的思绪被快感一点点冲散，只剩后穴深处那连绵不绝的灭顶愉悦在支配着她的身体。\n她清晰地感觉到{anal}正有黏滑的肠液缓缓淌出，那股湿热令她这个早已嫁作人妇的女子羞愤交加，却又忍不住为这份陌生的快感而战栗。\n身为人妻却在情人面前用后穴迎来高潮的背德感，如同一把烈火将她心底焚烧殆尽，对丈夫的愧疚与眼下的极致愉悦激烈地厮杀着，偏偏那份禁忌反倒令绝顶的滋味更加令她沉迷。\n良久，那阵剧烈的高潮才慢慢消退，{TargetName}瘫软着大口喘息，甜腻的余韵混着心底的罪恶感久久萦绕，令她成熟的心湖再难平静。
1100,action_part_a_orgasm_normal_C,0,CVP_A2_T|107_E_1&CVP_A2_T|1_E_0&CVP_A2_A|10_LE_3,完整的绝顶如同一场骤雨般毫无保留地倾泻而下，已是人妻多年的{TargetName}被这股快感冲得彻底失了分寸，浑身剧烈地痉挛起来。\n她的腰肢高高弓起又重重落下，双腿绷直后无力地打着颤，{anal}随着一波波快感强烈地收缩着，那尚未被彻底开发的紧致肠壁一次次绞紧，将那份陌生而浓烈的摩擦快意反复放大，酥麻的暖流从后穴一路蔓延至她成熟的每一寸肌肤。\n她的意识在快感的洪流里渐渐涣散，脑中一片甜蜜的迷茫，什么都抓不住了，唯有那从深处涌来的绝顶愉悦一遍遍将她淹没。\n{anal}深处渗出的温热肠液带来令人面红耳赤的湿滑感，令这个端庄的人妻羞得几乎想别过脸去，可颤抖的身体却将她的沉沦暴露无遗。\n明明是有家有室的女人，却在{Name}面前放纵地用这样羞人的部位攀上绝顶，那份背叛的刺激与深深的愧疚交缠着，竟令这份愉悦变得愈发销魂蚀骨，令她迷乱的眼底泛起潋滟的水光。\n直到那阵完整的高潮终于缓缓平息，{TargetName}才带着满身的余颤软软瘫下，甜美的满足与难言的罪恶在心头久久回荡，令她迟迟回不过神。
1101,action_part_a_orgasm_normal_C,0,CVP_A2_T|107_E_1&CVP_A2_T|1_E_0&CVP_A2_A|10_LE_3,那股酝酿已久的快感终于化作一场完整的绝顶，从{anal}最深处轰然迸发，令为人妻的{TargetName}再也无法压抑，整个身体随之剧烈地颤栗起来。\n她成熟的小腹一下下痉挛收缩，腰身反复弓起，{anal}紧紧地绞缩又松开，那仍带着几分生涩的紧致肠道被快感磨得又麻又软，每一次强烈的收缩都令那份摩擦的快意翻涌得更加汹涌，酥麻的电流顺着脊椎直窜天灵盖。\n{TargetName}的思绪在这场高潮里渐渐模糊起来，清明的意识被愉悦一寸寸吞没，脑海里只剩一片甜腻的空茫，再顾不上任何矜持与体面。\n她能感觉到{anal}处有黏腻的肠液悄然溢出，那份湿热的羞耻感令她这个有夫之妇面颊滚烫，偏偏身体却越发贪恋这份禁忌的欢愉无法抽离。\n身为妻子却在别的男人身下用后穴达到绝顶，那铺天盖地的背德快感夹杂着对婚姻的愧疚，将她推入一片矛盾而沉醉的深渊，令她在罪恶与愉悦的漩涡里彻底迷失。\n待那阵浓烈的绝顶徐徐退去，{TargetName}才软瘫着缓缓平复起伏的胸口，甜美的余韵与隐隐的愧疚交织不散，令她久久沉浸在方才那场高潮的迷乱余味之中。

1102,action_part_a_orgasm_normal_C,0,target_is_player_daughter&CVP_A2_T|1_E_0&CVP_A2_A|10_LE_3,一股汹涌的快感毫无预兆地从{anal}深处炸裂开来，{TargetName}整个人猛地绷紧了。\n那股灼热而剧烈的酥麻顺着尚且紧致的肠壁一波一波地向外席卷，漫过小腹，漫过腰肢，令她的身体不受控制地剧烈颤抖着，脑海里的思绪被这突如其来的绝顶冲得七零八落，意识开始变得模糊起来，却还没有被彻底冲垮。\n{anal}一下一下地强烈收缩着，那种被填满又被快感贯穿的感觉令她又羞又爽，尚未完全适应肛交的身体本能地想要挣扎，可那股快感却比不适更加汹涌。\n{TargetName}分明知道对自己做这种事的是她最爱慕最依恋的父亲{Name}，正是这份禁忌的认知令她的心跳乱成一团，一边是伦理道德的沉重压迫，一边是身体不争气地攀上了绝顶的顶点，父女之间不该有的快感令她沉沦得无法自拔。\n随着那阵完整而剧烈的高潮达到顶峰，{TargetName}只觉得{anal}深处有温热的肠液悄悄溢了出来，那份湿滑的羞耻感令她的脸颊烧得滚烫，心底却涌起了深深的满足，只想更贴近{Name}一些，把这份不能言说的爱意与快感都藏进心里。
1103,action_part_a_orgasm_normal_C,0,target_is_player_daughter&CVP_A2_T|1_E_0&CVP_A2_A|10_LE_3,快感如同决堤的潮水般毫无保留地席卷了{TargetName}的全身，令她的腰肢猛地弓了起来。\n那股从{anal}深处翻涌而上的强烈颤栗一波接着一波，令她尚显稚嫩的肠道不由自主地痉挛收缩，紧致的肠壁传来清晰而剧烈的摩擦快感，那种被彻底贯穿的滋味令她的四肢都绷紧了，脚趾无意识地蜷缩起来。\n{TargetName}的意识在绝顶的浪潮里开始一点点变得模糊，脑子里泛起一片甜美的空白，什么都想不清楚，只剩下{anal}深处那铺天盖地的愉悦。\n她隐隐约约地想起这样疼爱着自己的正是父亲{Name}，那份对父亲深深的依恋与爱慕在此刻和身体的快感交融在一起，令她既觉得羞耻又觉得幸福，明明是不被允许的父女之欢，她却贪恋着这份独属于自己的温柔。\n随着高潮的顶点被彻底攀上，{anal}控制不住地收缩绞紧，一丝温热的肠液顺着紧致的穴口悄悄渗了出来，那份湿滑令{TargetName}又羞又醉，她沉浸在这完整而浓烈的绝顶余韵里，只想永远这样被父亲抱在怀里。
1104,action_part_a_orgasm_normal_C,0,target_is_player_daughter&CVP_A2_T|1_E_0&CVP_A2_A|10_LE_3,一阵猛烈的电流般的快感骤然从{anal}深处炸开，{TargetName}的身体像是被击中了一般狠狠一颤。\n那股滚烫的酥麻沿着还不太习惯这种刺激的肠道汹涌地扩散开来，漫过绷紧的小腹，令她的双腿不受控制地夹紧又打颤，尚且紧致的{anal}一下下强烈地收缩着，把那份剧烈的摩擦快感放大到了极致。\n完整而正常强度的绝顶令{TargetName}的呼吸彻底乱了节奏，意识在快感的洪流里开始变得迷离，脑海里晕晕乎乎的，只能被那股愉悦推着往顶点冲去。\n心底最深处，她清楚地知道给予自己这种快感的是自己的亲生父亲{Name}，这份乱伦的认知令她羞耻得几乎抬不起头，可身体却诚实地攀上了高潮，那种既背德又甜蜜的矛盾令她彻底沉醉了。\n绝顶到达顶点的一瞬间，{anal}深处有温热的肠液不受控制地流淌出来，那份湿润的触感令{TargetName}羞得浑身发烫，心底却翻涌着无法言说的满足与依恋，她微微颤抖着，任由这完整的高潮余韵在身体里慢慢荡漾。
1105,action_part_a_orgasm_normal_C,0,target_is_player_daughter&CVP_A2_T|1_E_0&CVP_A2_A|10_LE_3,绝顶的浪潮毫无征兆地从{anal}深处轰然涌起，{TargetName}整个人都随之剧烈地战栗起来。\n那种强烈而铺天盖地的快感顺着尚未被完全开发的紧致肠道一圈圈地漫开，令她的小腹反复地抽搐，腰部忍不住深深弓起，紧致的{anal}规律而剧烈地收缩痉挛着，每一下收缩都把那股摩擦的快感狠狠地钉进她的意识里。\n{TargetName}只觉得脑子里一阵阵地发晕，思绪被这完整的绝顶搅得模糊不清，却还残留着一丝清醒，让她清楚地感受着自己此刻有多么淫乱。\n她心底涌动着对父亲{Name}深深的爱慕，即便是这样不该发生的肛交高潮，她也隐隐地渴望能得到父亲的疼爱与认可，那份小女儿般的依恋令她在快感里越陷越深。\n随着高潮攀上最高点，{anal}深处渗出的温热肠液令那份紧致的收缩更加湿滑淫靡，{TargetName}沉浸在浓烈的满足感里，脸颊绯红，眼神迷离，心里被幸福与羞耻填得满满当当，只想更用力地攥住这份与父亲之间的秘密欢愉。
1106,action_part_a_orgasm_normal_C,0,target_is_player_daughter&CVP_A2_T|1_E_0&CVP_A2_A|10_LE_3,一波无法抗拒的强烈快感自{anal}最深处骤然爆发开来，{TargetName}的身体猛地一僵，随即剧烈地颤抖起来。\n那股炙热的酥麻感沿着仍旧紧窄的肠壁汹涌地翻卷而上，漫过腰肢，漫过发软的双腿，令她的脚趾都因这完整的绝顶而蜷缩绷紧，尚未完全适应这种快感的身体既有一丝隐隐的胀痛，又被那铺天盖地的愉悦彻底俘获。\n{TargetName}的意识在这浓烈的高潮里逐渐变得朦胧，仿佛整个人都要被快感的海浪淹没，脑海一片混沌，只余下{anal}深处那一波波炸裂的欢愉。\n她心里清楚，让自己陷入如此淫乱境地的是她最亲近最爱慕的父亲{Name}，这份禁忌的父女之情令她又惶恐又沉醉，明知是错的，身体却诚实地为父亲而攀上绝顶。\n当那阵完整的高潮抵达顶点，{anal}控制不住地绞紧收缩，一缕温热的肠液悄然溢出穴口，湿滑淫靡，{TargetName}羞耻得几乎想把脸埋起来，心底却盛满了甜蜜的满足与对父亲无法割舍的深深依恋。
1107,action_part_a_orgasm_normal_C,0,CVP_A2_T|102_E_1&CVP_A2_T|1_E_0&CVP_A2_A|10_G_3&CVP_A2_A|10_LE_6,一波完整而汹涌的快感毫无预兆地从{anal}深处轰然炸开，娇小的{TargetName}整个稚嫩的身子都随之剧烈地颤抖起来。\n那股浓烈的酥麻感如海浪般一层层席卷过她幼小的下腹，漫过纤细的腰肢，直冲进小小的脑袋里，令她原本还算清明的意识霎时变得模糊起来，什么都想不清楚了，只剩下{anal}一下一下有节奏地痉挛收缩，将那阵铺天盖地的绝顶快感传遍全身。\n虽然身体还这般幼小，可她那早已被开发得熟稔的后穴却诚实地迎来了一次完整的高潮，肠壁一圈圈地收紧又放松，本能地知道该如何承接这股快感，令那阵愉悦被拉得又长又深。\n随着{anal}反复的抽搐，一缕温热的肠液不受控制地渗了出来，幼小的{TargetName}羞得小脸滚烫，心里既是难以言说的满足，又混杂着搞不太明白的迷乱，只能任由那股完整而强烈的快感将自己彻底淹没。\n直到那阵汹涌的绝顶终于缓缓退去，她稚嫩的身体还在细细地抽动着，小小的心脏怦怦乱跳，意识仍浸在甜腻的余韵里久久无法回神。
1108,action_part_a_orgasm_normal_C,0,CVP_A2_T|102_E_1&CVP_A2_T|1_E_0&CVP_A2_A|10_G_3&CVP_A2_A|10_LE_6,一阵完整而剧烈的绝顶快感猛地从{anal}最深处涌了上来，幼小的{TargetName}还没来得及反应，纤细的腰肢便不由自主地弓了起来。\n那股浓稠的快感像潮水一样一波接一波地拍打着她稚嫩的身体，从{anal}扩散到整个小腹，再蔓延到四肢百骸，令她娇小的身子绷得紧紧的，脑子里嗡的一声就空了，思绪变得断断续续，怎么也拼凑不起来。\n她的后穴早已在无数次的调教里学会了如何享受，此刻肠道有规律地强烈痉挛着，一收一缩地咀嚼着那股绝顶的余韵，那种熟练的反应让快感被反复放大，深深地钻进她的骨髓里。\n伴随着{anal}一下下的深度抽搐，温热黏腻的肠液悄悄溢了出来，那种湿滑的触感令幼小的她既羞耻又沉醉，小手无意识地攥得死紧，稚气的脸上写满了迷醉的神色。\n那阵完整的高潮持续了好一会儿才渐渐平息下来，{TargetName}小小的胸口剧烈地起伏着，心底盈满了被快感填满后深深的满足，那股甜蜜的余韵在她幼小的身体里久久萦绕，怎么也散不去。
1109,action_part_a_orgasm_normal_C,0,CVP_A2_T|102_E_1&CVP_A2_T|1_E_0&CVP_A2_A|10_G_3&CVP_A2_A|10_LE_6,毫无征兆地，一股完整而强烈的高潮从{anal}深处轰然席卷而来，令娇小的{TargetName}猝不及防地仰起了稚嫩的脖颈。\n那阵磅礴的快感如同决堤的洪水，从{anal}汹涌地冲向全身每一个角落，漫过她幼小的腹部，漫过纤细的大腿，令她的双腿本能地绷直又蜷缩，呼吸也在瞬间变得急促而紊乱，怎么都平复不下来。\n尽管身子还这样稚嫩瘦小，她那被反复开发过的后穴却驾轻就熟地承接着这一切，肠壁一阵阵有力地收缩蠕动着，将这股完整的绝顶快感一点点榨取到极致，那种由经验带来的熟稔反应令她的意识陷入一片甜美的空白。\n随着{anal}节律性的痉挛，一股温热的肠液缓缓流淌了出来，那湿润的感觉让幼小的{TargetName}又羞又迷，稚嫩的脸颊烧得通红，心里塞满了搞不清楚却又无比舒服的甜腻。\n那阵铺天盖地的绝顶余波荡漾了许久才慢慢消退，她小小的身体瘫软下来，意识还漂浮在那片朦胧的愉悦之中，久久沉溺，不愿醒来。
1110,action_part_a_orgasm_normal_C,0,CVP_A2_T|102_E_1&CVP_A2_T|1_E_0&CVP_A2_A|10_G_3&CVP_A2_A|10_LE_6,一次完整而典型的绝顶快感陡然从{anal}深处炸裂开来，幼小的{TargetName}小小的身躯霎时绷得像拉满的弓。\n那股浓烈的酥麻感一波未平一波又起地翻涌着，从{anal}一路蔓延到她稚嫩的小腹，令那片幼嫩的肚皮不受控制地反复抽搐痉挛，一阵阵的快感直往脑门上顶，把她原本清醒的意识冲得七零八落，只剩下满脑子的迷糊与眩晕。\n她那早已适应了肛交的后穴此刻正诚实地迎来高潮，肠道熟练地一紧一松地绞动着，仿佛本能地懂得如何将快感延续得更久更深，那份由经验积累出的技巧让这场绝顶变得格外完整而绵长。\n伴随着{anal}深处一下下的收缩，黏腻温热的肠液悄然渗出，幼小的她被这股湿滑的羞耻感烫得浑身一颤，心底却又被浓得化不开的快感填得满满当当，深深地沉浸其中无法自拔。\n直到那场完整的高潮缓缓落幕，{TargetName}稚嫩的身子仍在一下下地轻轻痉挛着，小脸红扑扑的，意识浸泡在满足与迷醉交织的余韵里，怎么也回不过神来。
1111,action_part_a_orgasm_normal_C,0,CVP_A2_T|102_E_1&CVP_A2_T|1_E_0&CVP_A2_A|10_G_3&CVP_A2_A|10_LE_6,完整而汹涌的绝顶快感毫无预警地从{anal}最深处奔涌而出，令娇小稚嫩的{TargetName}整个人都剧烈地战栗了起来。\n那股浓密的快感犹如翻腾的浪潮，一层层地漫过她幼小的身体，从{anal}扩散到腰腹，再一直传到纤细的四肢，令她的小手小脚都不受控制地颤抖痉挛，脑袋里一片混沌，什么念头都抓不住了。\n虽然是这样一副尚未发育的娇小身板，她那被开发得颇有经验的后穴却熟练地享受着这份完整的高潮，肠壁富有节奏地强烈蠕动收缩着，一下下地咀嚼消化着那股铺天盖地的快感，将愉悦榨取得淋漓尽致。\n随着{anal}反复的深度抽搐，一缕温热的肠液不由自主地淌了出来，那种黏滑的触感令幼小的{TargetName}羞得几乎想蜷缩起来，可偏偏那股强烈的快感又让她深深地沉醉其中，心里满是难以启齿的甜蜜与迷乱。\n那阵完整的绝顶久久才平息下去，她小小的身体软绵绵地瘫着，稚气的脸上还残留着高潮后的红晕，意识仍旧漂浮在浓稠的余韵里，迟迟无法落地。

1112,action_part_a_orgasm_normal_C,0,CVP_A2_T|104_E_1&CVP_A2_A|5_LE_3,一波完整而汹涌的快感毫无预兆地从{anal}深处轰然炸开，猛地席卷了{TargetName}青涩的全身。\n那股原本迟钝麻木的地方竟被这股浪潮彻底点燃，{anal}一下又一下地剧烈痉挛收缩着，把这种从未体验过的强烈愉悦一波波送进小腹，漫过纤细的腰肢，令她年轻的身体绷得笔直又猛地软下，双腿无法自控地夹紧又颤抖。\n{TargetName}的意识在这股完整的绝顶浪潮里开始变得模糊起来，脑子里一片甜腻的空白，什么都想不清楚了，只能被这股席卷全身的快感牢牢裹挟着。\n她怎么也没料到，那个平日里迟钝、只有被填满的异物感的地方，竟能迸发出这样一次完整而鲜明的高潮，羞耻与惊讶交织在心底，脸颊烧得滚烫。\n随着{anal}深处一阵阵有节奏的抽搐，一缕温热的肠液不受控制地渗了出来，那种湿滑的触感令她又羞又乱，青春的心脏怦怦狂跳着。\n那阵完整的绝顶缓缓退去，{TargetName}仍沉浸在浓烈的余韵里迟迟回不过神，心底满是被快感彻底淹没后的深深满足与说不出口的窘迫。
1113,action_part_a_orgasm_normal_C,0,CVP_A2_T|104_E_1&CVP_A2_A|5_LE_3,快感如同海浪般一层叠着一层地从{anal}深处涌起，将{TargetName}整个人都吞没在这场完整的绝顶里。\n那处平日里感觉迟钝的地方此刻却清晰地传来一阵接一阵强烈而有节奏的收缩，{anal}规律地痉挛着，把浓烈的愉悦一次次推向她的小腹深处，令她青春的腰肢不由自主地弓起，绷紧的大腿微微发着抖。\n{TargetName}的呼吸变得急促而凌乱，意识随着这股完整的高潮浪潮一点点飘远，脑海里只剩下甜腻的一片，怎么也抓不住一个清晰的念头。\n身为{Name}唯一的性对象，她既向往又紧张地迎接着这种感觉，心里翻涌着难以言说的羞涩，明明那里本该没什么感觉，此刻却被这般完整鲜明的绝顶冲刷得七零八落。\n{anal}深处随着抽搐溢出一股温热黏滑的肠液，那湿润的触感令她羞得几乎想缩起身子，年轻的脸颊红得快要滴出血来。\n直到那阵浪潮渐渐平息，{TargetName}才从这场深深沉浸的绝顶中缓过神来，心底盈满了被快感填满后的餍足与青涩的慌乱。
1114,action_part_a_orgasm_normal_C,0,CVP_A2_T|104_E_1&CVP_A2_A|5_LE_3,一阵完整而强烈的绝顶毫无征兆地攫住了{TargetName}，快感从{anal}最深处骤然爆发，像潮水一样漫过她稚嫩而充满活力的身体。\n那个平素只会传来被撑开的压迫感的地方，此刻竟一下下地剧烈收缩起来，{anal}有节奏地痉挛着，将一波波浓烈的酥麻送往全身，令她的小腹反复抽搐，纤细的四肢时而绷紧时而颤栗。\n{TargetName}只觉得脑子里嗡的一声，意识开始变得朦胧模糊，那些平日里的矜持与羞涩全被这股完整的高潮冲得支离破碎，只能张着嘴无声地喘息，任凭这场绝顶将自己彻底裹住。\n她心底又惊又羞，想不明白那个迟钝的后穴为何能迸出这样一次鲜明完整的快感，那种被愉悦淹没的陌生感令她既慌乱又沉醉。\n伴着{anal}一阵阵深处的收缩，温热的肠液悄悄渗流而出，湿滑的感觉更添了几分难以启齿的羞耻。\n那阵完整的绝顶久久才缓缓退散，{TargetName}瘫软着回味那浓烈的余韵，青春的心里满是被快感填满后的深深满足。
1115,action_part_a_orgasm_normal_C,0,CVP_A2_T|104_E_1&CVP_A2_A|5_LE_3,浓烈饱满的快感自{anal}深处翻涌而上，一口气将{TargetName}卷入了一场完整而鲜明的绝顶之中。\n原本感官迟钝、只识得异物填塞感的地方，此刻却清晰而剧烈地一收一缩，{anal}规律地痉挛抽动着，把强烈的愉悦一浪高过一浪地送进她青春的躯体，令她的腰身猛地弓起，柔嫩的双腿绷得笔直又不住地打颤。\n{TargetName}的意识在这股完整的高潮里渐渐变得恍惚，思绪被快感搅成了一团甜腻的浆糊，怎么也理不清，只能被这场绝顶牢牢牵引着往深处沉。\n作为{Name}第一个也是唯一的女人，她心底涌起既向往又羞怯的复杂情绪，明明那里本不该有这般感觉，如今却被完整的快感冲刷得神魂颠倒，脸颊滚烫得几乎能燎人。\n随着{anal}深处的一次次收缩，一股温热的肠液顺着渗流出来，那湿黏的触感令她窘迫得几乎想蜷起身子。\n那阵浓烈的绝顶良久才慢慢退去，{TargetName}沉浸在余韵里迟迟无法自拔，年轻的心里被前所未有的满足感填得满满当当。
1116,action_part_a_orgasm_normal_C,0,CVP_A2_T|104_E_1&CVP_A2_A|5_LE_3,一场完整而汹涌的高潮猝然降临，快感从{anal}深处一股脑地喷薄而出，将{TargetName}青涩的身心尽数淹没。\n那个平日里反应平淡的后穴此刻却剧烈地收缩痉挛，{anal}一下接一下有力地抽搐着，把浓烈鲜明的愉悦一波波推送到她的四肢百骸，令她纤细的腰肢反复弓起又瘫软，绷紧的双腿控制不住地夹紧发颤。\n{TargetName}只觉得整个人都轻飘飘地飞了起来，意识在这股完整的绝顶浪潮里逐渐模糊，脑海里只剩甜腻的一片空白，再也顾不上维持平日的矜持与端庄。\n她又羞又惊地感受着这种从未有过的完整快感，心里满是难以置信，那个迟钝的地方竟也能被推上这样鲜明的绝顶，青春的心脏因这份羞耻与愉悦而狂跳不止。\n伴着{anal}深处一阵阵收缩，温热黏滑的肠液悄然渗出，那股湿润令她羞赧得几乎不敢动弹。\n直到那阵完整的绝顶缓缓平息，{TargetName}才从深深的沉醉中回过神，心底盈满被快感灌满后的餍足与说不清的甜蜜慌乱。

1117,action_part_a_orgasm_normal_C,0,CVP_A2_T|103_E_1&CVP_A2_T|1_E_0&CVP_A2_A|10_G_3&CVP_A2_A|10_LE_6,一波汹涌而完整的快感毫无预兆地从{anal}深处炸裂开来，狠狠地将娇小的{TargetName}整个人卷了进去。\n那股滚烫的酥麻不再是从前那种轻浅的小峰值，而是如潮水般一浪高过一浪地漫过稚嫩的小腹，漫过纤细的腰肢，令她整个身子都不受控制地弓了起来，脑子里嗡的一声变得混沌，思绪一点点被这剧烈的愉悦冲刷得模糊不清。\n有过不少次经验的{anal}熟练地一下下痉挛收缩着，那种绝顶的滋味她早已熟悉，可即便如此，这一次完整的高潮还是令她招架不住，纤细的双腿绷得笔直又猛地夹紧。\n{TargetName}能清楚地感觉到有温热的肠液从深处涌了出来，那份湿黏的羞耻感混着排山倒海的快感一起将她淹没，令她小小的脸蛋涨得通红，心里又羞又爽，只剩下一片被快感填满的甜美空白。\n那阵剧烈的绝顶持续了好一阵才缓缓退去，{TargetName}还沉浸在深深的满足里回不过神来，稚嫩的身体一下下轻轻余颤着，那份沉甸甸的餍足感在娇小的身躯里久久不散，令她既满足又忍不住想要更多。
1118,action_part_a_orgasm_normal_C,0,CVP_A2_T|103_E_1&CVP_A2_T|1_E_0&CVP_A2_A|10_G_3&CVP_A2_A|10_LE_6,剧烈的快感陡然从{anal}最深处翻涌上来，猛地攀上了一个彻底完整的顶点，令年幼的{TargetName}再也压不住那声细细的颤吟。\n那种强烈而饱满的酥爽一波接着一波地席卷全身，从下腹一路窜到头顶，稚嫩的腰肢猛地弓起又落下，纤细的四肢绷得紧紧的，脑海里被这灭顶的愉悦搅成一团，意识开始变得恍惚起来，什么都想不清楚了。\n开发得恰到好处的{anal}熟练而剧烈地一下下收缩痉挛着，早已适应这般快感的身体本能地放松又绞紧，将那股绝顶的爽意延长了又延长。\n{TargetName}只觉得有一股温热黏腻的肠液顺着深处缓缓渗出来，那羞人的湿滑触感让她小脸更红了，心里却被浓稠的快感彻底填满，又羞耻又贪恋，甜甜的迷乱在心底翻搅个不停。\n直到那阵完整的高潮浪潮渐渐平息，{TargetName}才从深深的沉醉里慢慢回过神，娇小的身子还在微微地抽动着，心口涌上一阵满足又餍足的暖意，稚气未脱的眼眸里蒙着一层化不开的水汽。
1119,action_part_a_orgasm_normal_C,0,CVP_A2_T|103_E_1&CVP_A2_T|1_E_0&CVP_A2_A|10_G_3&CVP_A2_A|10_LE_6,一阵完整而汹涌的绝顶感骤然从{anal}深处爆发开来，将娇小的{TargetName}死死地攫住，令她纤细的身体猛地一僵。\n那股炽热的快感像海浪一样毫无保留地拍打过来，一浪盖过一浪地漫过绷紧的小腹，漫过颤抖的腰身，稚嫩的小腹反反复复地抽搐着，呼吸也变得又急又乱，脑子里一片混沌恍惚，思绪被这剧烈的愉悦一寸寸卷走。\n有着不少经验的{anal}轻车熟路地强烈痉挛收缩着，那份熟悉的绝顶滋味让她既沉沦又羞怯，身体懂得如何迎合这般快感，肠壁一下下有节奏地蠕动着，将高潮的余韵拉得绵长。\n{TargetName}能感觉到温热的肠液被这剧烈的收缩挤了出来，湿漉漉地淌在深处，那种羞耻的感觉令她小小的心脏怦怦直跳，可满溢的快感早已盖过了一切，只余下深深的沉醉。\n好一会儿后那阵完整的高潮才慢慢退潮，{TargetName}瘫软下来轻轻喘着气，稚嫩的身躯仍不时地余颤，那份被快感彻底喂饱的满足感在娇小的身体里久久盘桓，令她的意识迟迟不肯清明起来。
1120,action_part_a_orgasm_normal_C,0,CVP_A2_T|103_E_1&CVP_A2_T|1_E_0&CVP_A2_A|10_G_3&CVP_A2_A|10_LE_6,又一次完整而强烈的绝顶从{anal}深处轰然袭来，令刚开始发育的{TargetName}整个人都为之战栗，稚嫩的身子不受控制地绷紧了。\n那股饱满的快感如决堤的潮水般在体内奔腾，一波高过一波地涌上稚气的小腹与纤细的腰肢，令她的意识在这排山倒海的愉悦里渐渐模糊，脑海里只剩下白花花的一片，什么念头都被冲得七零八落。\n对这般快感早已熟稔的{anal}熟练地一下下绞紧又松开，年幼的她虽然身体尚且青涩，却已懂得如何在这剧烈的高潮里放松身体去承接那份灭顶的爽意，既有几分对性事的懵懂好奇，又有着经验带来的沉溺享受。\n{TargetName}清楚地感到有温热的肠液顺着深处缓缓溢流出来，那份黏腻的湿意让她又羞又臊，小脸红得几乎要滴出血来，心里却被浓得化不开的快感塞得满满当当。\n那阵完整的绝顶余波荡漾了许久才缓缓散去，{TargetName}还怔怔地沉在深深的满足里，稚嫩的身体一下下轻颤着，那份甜蜜而沉甸甸的餍足感令她久久无法平静。
1121,action_part_a_orgasm_normal_C,0,CVP_A2_T|103_E_1&CVP_A2_T|1_E_0&CVP_A2_A|10_G_3&CVP_A2_A|10_LE_6,滔天的快感毫无征兆地从{anal}深处席卷而上，猛地冲上了一个彻底完整的绝顶，令娇小的{TargetName}在{SceneName}里再也维持不住半分镇定。\n那股炽烈而饱满的爽意一波连着一波地灌满了她纤瘦的身躯，稚嫩的腰肢深深地弓起，纤细的四肢一阵阵地绷紧又颤抖，脑海被这剧烈的愉悦搅得混沌一片，意识也开始变得朦胧恍惚，思绪一点点沉进快感的海里。\n经验丰富的{anal}熟练而剧烈地收缩痉挛着，那种绝顶的滋味她早已尝过许多回，身体懂得怎样迎合、怎样绞紧才能把爽意榨到极致，肠壁一下下贪婪地蠕动着。\n{TargetName}感到有温热黏稠的肠液从深处淌了出来，那羞耻的湿滑触感混着灭顶的快感一并将她吞没，令她小脸滚烫，心里又羞又醉，只剩下被愉悦填满的甜美空白。\n直到那阵完整的高潮浪潮徐徐退去，{TargetName}才软软地缓过一口气，稚嫩的身子仍在微微抽动，那份深沉而满足的餍足感在娇小的身体里久久回荡，令她的眼神迷离而餍足。
1122,action_part_a_orgasm_normal_C,0,CVP_A2_T|104_E_1&CVP_A2_T|1_E_0&CVP_A2_A|10_G_3&CVP_A2_A|10_LE_6,一波完整而汹涌的快感毫无预兆地从{anal}最深处炸裂开来，令{TargetName}整个青春的身体骤然绷紧。\n那股浓烈的酥麻如同海浪般层层席卷而上，漫过纤细的腰肢，漫过绷得发颤的小腹，将她娇嫩的身躯一寸寸淹没，脑海里骤然涌起一片甜腻的空白，什么都想不清了。\n有过经验的身体在这一刻本能地放松又收紧，{anal}一下下有节奏地痉挛收缩着，把那阵鲜明的绝顶感一波波地放大，令她的意识开始变得模糊，却还没有被彻底冲垮。\n她能清晰地感觉到深处有温热的肠液缓缓沁出，那种湿滑的羞耻感令少女的脸颊烧得通红，偏偏身体却诚实地沉溺在这场完整的高潮里无法自拔。\n{TargetName}的腰肢无意识地弓起，青涩的双腿细细颤抖着夹紧，稚气未脱的心里被浓烈的快感和难以启齿的满足彻底填满。\n直到那阵剧烈的绝顶渐渐退去，她仍沉浸在余韵里久久缓不过神，只觉得那股甜蜜的余颤还在身体里一下下地荡漾着。
1123,action_part_a_orgasm_normal_C,0,CVP_A2_T|104_E_1&CVP_A2_T|1_E_0&CVP_A2_A|10_G_3&CVP_A2_A|10_LE_6,一股完整而剧烈的绝顶感猛地自{anal}深处冲腾而起，令{TargetName}的娇躯狠狠一震。\n那股浓稠的快感像潮水一样铺天盖地地涌上来，从后穴一路蔓延到发麻的脊背，钻进每一寸青春的肌肤，令她的呼吸瞬间乱成一团，脑子里嗡的一声便再也转不动了。\n{TargetName}虽然年轻，身体却早已懂得如何迎接这种感觉，{anal}熟练而有力地一缩一放，将那阵完整的高潮吞吐得淋漓尽致，酥软的快意一层叠着一层。\n她迷迷糊糊地察觉到滑腻的肠液顺着后穴溢了出来，那份湿热的羞耻感让她想要蜷缩起来，可身体却违背意愿地追逐着那股席卷全身的愉悦。\n少女的意识在浓烈的绝顶中一点点变得朦胧，纤腰一次次弓起又落下，指尖不自觉地攥紧，青涩的脸上写满了沉醉与羞赧。\n那阵完整的高潮缓缓平息下来，{TargetName}的心口还在剧烈地起伏着，深深的满足与说不出口的迷乱在心底交织翻涌，久久不肯散去。
1124,action_part_a_orgasm_normal_C,0,CVP_A2_T|104_E_1&CVP_A2_T|1_E_0&CVP_A2_A|10_G_3&CVP_A2_A|10_LE_6,浓烈的快感如决堤般从{anal}深处轰然涌出，将{TargetName}整个人卷进了一场完整而汹涌的绝顶里。\n那种鲜明得无法忽视的酥麻从后穴一路窜上腰际，漫过绷紧的下腹，令她青春靓丽的身体一阵阵地痉挛发颤，意识如同浸在温水里般渐渐模糊，甜腻的空白一次次冲刷着她的脑海。\n经验丰富的{anal}在快感的冲击下自然地收缩蠕动着，一下下有节奏地绞紧又放松，把这场标准的高潮延展得格外绵长而深刻。\n她能感到温热的肠液被这阵剧烈的收缩逼得缓缓渗出，那份湿滑的触感令少女又羞又臊，心里却泛起一种深深沉沦的满足，仿佛整个人都要融化在这浪潮里。\n{TargetName}的双腿不受控制地绷直又夹紧，纤细的腰肢反复轻颤，红透的脸颊上尽是难以掩饰的迷醉。\n直到汹涌的快感一寸寸退潮，她才恍惚地回过一点神，青涩的心底还残留着那阵完整绝顶带来的浓烈余韵，令她怎么也平复不下来。
1125,action_part_a_orgasm_normal_C,0,CVP_A2_T|104_E_1&CVP_A2_T|1_E_0&CVP_A2_A|10_G_3&CVP_A2_A|10_LE_6,一阵完整而炽烈的高潮毫无征兆地从{anal}最深处炸开，令{TargetName}的整个身体骤然绷成一张满弓。\n那股浓密的快感如同海啸般层层拍打上来，从后穴一直漫过纤腰，冲进绷紧的小腹，将她年轻的躯体彻底淹没，脑海里翻涌起一片甜蜜的混沌，什么念头都被冲得七零八落。\n{TargetName}有经验的身体懂得如何顺应这股浪潮，{anal}熟稔地一缩一颤，主动地迎合着那阵鲜明的绝顶，将完整的快意榨取得一滴不剩。\n她隐约察觉到黏滑的肠液正随着后穴的抽搐悄悄溢出，那种湿热的羞耻感让少女的耳根都红透了，可青涩的身体却诚实得令她无处躲藏。\n她的腰肢一次次颤抖着弓起，柔嫩的大腿绷得发紧，眼神在浓烈的快感里渐渐失了焦，意识开始变得恍惚却尚未被冲垮。\n随着那阵完整的绝顶缓缓退去，{TargetName}只觉浑身酥软无力，心底被深深的餍足和难以言喻的迷乱填得满满当当，久久回不过神来。
1126,action_part_a_orgasm_normal_C,0,CVP_A2_T|104_E_1&CVP_A2_T|1_E_0&CVP_A2_A|10_G_3&CVP_A2_A|10_LE_6,完整而剧烈的绝顶感自{anal}深处轰然席卷而起，令{TargetName}青春的娇躯猛地一僵，随即抑制不住地颤抖起来。\n那股浓烈的快感像潮水般一浪高过一浪，从后穴汹涌地漫向全身，钻进每一根发麻的神经，令她的呼吸乱作一团，脑子里被甜腻的空白涨得满满的，再也容不下别的念头。\n年轻的{TargetName}身体却早已谙熟这种感觉，{anal}一收一放地娴熟蠕动着，配合着那阵标准而完整的高潮，把绵密的快意一层层地推向顶点。\n她清楚地感到温热的肠液被绞出后穴，缓缓地淌了出来，那份湿滑的羞耻令少女忍不住咬紧了下唇，心底却泛起一阵深深的沉醉与满足。\n{TargetName}的纤腰无意识地反复弓起，青涩的双腿细细颤抖着并拢，绯红的脸上满是迷离与羞赧，意识在浓烈的浪潮里一点点变得模糊。\n直到那阵完整的高潮徐徐平息，她才在余韵中缓缓找回一丝清明，浑身却仍残留着酥麻的震颤，心里被那份餍足的甜蜜久久萦绕着。

1127,action_part_a_orgasm_normal_C,0,CVP_A2_T|105_E_1&CVP_A2_T|1_E_0&CVP_A2_A|10_G_3&CVP_A2_A|10_LE_6,一波完整而汹涌的快感毫无预兆地从{anal}深处炸开，令{TargetName}成熟的身躯猛地绷紧了起来。\n那股浓烈的酥麻顺着后穴一圈圈向外扩散，漫过绷紧的小腹，漫过纤细的腰肢，令她整个人都不受控制地颤抖起来，意识在这一刻开始变得朦胧，脑海里的思绪被这股席卷而来的绝顶冲刷得七零八落。\n略有些经验的{TargetName}原本以为自己能从容应对，可这次完整的肛肠绝顶还是远远超出了她的预料，那种熟悉却又猛烈的快感令她既沉醉又慌乱，青涩与成熟在失神的神情里交织成一片。\n{anal}一下又一下地强烈痉挛收缩着，她能清晰地感觉到有温热的肠液顺着后穴缓缓溢了出来，那份羞耻的湿意令她的脸颊烧得通红，却又无法压制身体深处翻涌的愉悦。\n腰肢难耐地弓起，双腿绷得笔直又微微发颤，那股完整的绝顶快感将她彻底淹没，令她只能沉沉地陷进这片汹涌的高潮愉悦里，久久无法自拔。
1128,action_part_a_orgasm_normal_C,0,CVP_A2_T|105_E_1&CVP_A2_T|1_E_0&CVP_A2_A|10_G_3&CVP_A2_A|10_LE_6,绝顶的浪潮毫无征兆地从{anal}最深处轰然涌起，将{TargetName}整个人都卷入了一场完整而剧烈的高潮之中。\n那种强烈而有节奏的快感从后穴一波接一波地漫开，令她的小腹反复抽搐，腰部明显地弓了起来，呼吸也在瞬间变得急促而失序，脑子里一片混沌，什么都想不清楚了。\n身为略通此道的大姐姐，{TargetName}的{anal}懂得如何随着快感放松又收紧，可正因如此，这股绝顶来得愈发鲜明彻底，令她成熟的身躯彻底沉溺在这份愉悦里。\n后穴强烈地痉挛着，一缕缕温热的肠液不受控制地渗出，那份黏腻的湿润感令她既羞耻又迷乱，成熟的面容此刻满是失神的沉醉。\n意识在快感的冲刷下渐渐模糊，却还没有被彻底冲垮，她只能任由那股完整的绝顶在体内翻江倒海，令四肢绷紧又微微颤栗，深深地陷进这片令人晕眩的高潮里。
1129,action_part_a_orgasm_normal_C,0,CVP_A2_T|105_E_1&CVP_A2_T|1_E_0&CVP_A2_A|10_G_3&CVP_A2_A|10_LE_6,一阵完整而汹涌的绝顶快感骤然从{anal}深处席卷而来，如同海浪般一层层拍打着{TargetName}的全身。\n那股浓烈的酥麻感令她的意识开始变得模糊，脑海里泛起一片甜美的空白，成熟的身体不受控制地剧烈颤抖，腰肢难耐地扭动着，双腿无意识地夹紧又松开。\n有过肛交经验的{TargetName}原本还想维持几分大姐姐的从容，可这股完整强度的绝顶还是轻易击溃了她的矜持，令她只能沉沉地沉浸在这份强烈的高潮愉悦之中。\n{anal}强烈而有节奏地收缩痉挛着，她清晰地感觉到有温热的肠液顺着后穴汩汩溢出，那份湿滑的羞耻感令她面红耳赤，心底却被一浪高过一浪的快感填得满满当当。\n小腹反复地抽搐，腰部弓起又落下，那种深深的满足与迷醉交织在一起，令{TargetName}彻底沦陷在这场完整绝顶带来的极致愉悦里，久久回不过神来。
1130,action_part_a_orgasm_normal_C,0,CVP_A2_T|105_E_1&CVP_A2_T|1_E_0&CVP_A2_A|10_G_3&CVP_A2_A|10_LE_6,绝顶的快感如决堤般从{anal}深处倾泻而出，令{TargetName}成熟丰盈的身躯在瞬间绷紧到了极致。\n那股完整而剧烈的酥麻沿着后穴向全身蔓延，漫过颤抖的小腹，渗进每一寸敏感的肌肤，令她的意识在快感的冲刷中一点点变得朦胧，思绪被搅得凌乱不堪。\n略有些经验的{TargetName}本能地让{anal}随着高潮的节奏收缩舒张，那种熟稔却又猛烈的快感令她既享受又羞怯，青涩与成熟在她失神的表情里交织成一片。\n后穴一阵紧似一阵地痉挛着，温热黏腻的肠液不住地从深处溢出，那份难以启齿的湿意令她羞得几乎想要蜷缩起来，偏偏身体却诚实地迎着快感一次次颤栗。\n腰肢反复弓起，双腿绷得发直又不受控制地打颤，那股完整正常的绝顶将她的心神彻底淹没，令{TargetName}深深地醉倒在这波汹涌而来的高潮愉悦里。
1131,action_part_a_orgasm_normal_C,0,CVP_A2_T|105_E_1&CVP_A2_T|1_E_0&CVP_A2_A|10_G_3&CVP_A2_A|10_LE_6,一场完整而炽烈的绝顶毫无预兆地从{anal}深处轰然引爆，令{TargetName}整个人都被这股快感狠狠攫住。\n浓烈的酥麻感一波波从后穴扩散开来，令她的腰部明显地弓起，四肢绷紧又微微颤抖，急促而失序的呼吸暴露出她此刻早已乱成一团的心绪，意识在快感中渐渐飘远却还未彻底散去。\n作为略通此道的大姐姐，{TargetName}的身体懂得如何在绝顶中放松收紧，可越是如此，这股完整的肛肠高潮就越发鲜明浓烈，令她成熟的身躯彻底陷进甜美的沉醉里。\n{anal}强烈地收缩抽搐着，一股股温热的肠液顺着后穴悄然流淌而出，那份湿润黏腻的触感令她又羞又迷，心底涌起深深的满足与说不清的沉溺。\n小腹一下下地抽搐，腰肢难耐地摆动，那种被快感彻底填满的餍足感令{TargetName}沉沉地沦陷在这场完整绝顶之中，久久无法从这片眩晕的愉悦里回过神来。

1132,action_part_a_orgasm_normal_C,0,CVP_A2_T|106_E_1&CVP_A2_T|1_E_0&CVP_A2_A|10_G_3&CVP_A2_A|10_LE_6&high_1,一波完整而浓烈的绝顶毫无预兆地从{anal}深处轰然炸开，{TargetName}成熟的身体骤然绷紧，那股席卷全身的快感比她理论上预想的还要汹涌。\n这具摸爬滚打多年的丰腴躯体太清楚这种巅峰意味着什么，可当真正的绝顶洪流漫过丰满的腰臀时，她那份惯有的沉稳还是在瞬间被冲散，意识开始一点点变得朦胧起来。\n{anal}一下又一下强烈而有节奏地痉挛收缩着，那种深处被快感反复碾过的滋味令她成熟的小腹不受控制地抽搐，饱满的臀肉绷紧又颤抖，双腿深深夹紧后又无力地打颤。\n她能清晰地感觉到一缕温热的肠液顺着痉挛的{anal}缓缓渗了出来，那股湿滑的羞耻感非但没有让她退缩，反而令这个成熟女人在深深的沉醉里更添了几分放荡的迷乱。\n{TargetName}沉浸在这场完整而酣畅的高潮中，脑海里泛起甜美的空白，多年积累的从容此刻荡然无存，只剩下被快感彻底淹没后的深深满足，那股余韵一波波荡漾着，久久不肯从她成熟的身体里退去。
1133,action_part_a_orgasm_normal_C,0,CVP_A2_T|106_E_1&CVP_A2_T|1_E_0&CVP_A2_A|10_G_3&CVP_A2_A|10_LE_6&high_1,绝顶来临的刹那，一股完整而磅礴的快感自{anal}最深处猛地涌起，如同决堤的浪潮般席卷了{TargetName}丰腴成熟的全身。\n这个见惯风浪的熟女本以为自己能从容应对，可那股正常强度却无比扎实的高潮还是让她的呼吸骤然乱了套，急促而失序地喘息着，成熟的眉眼间尽是抵挡不住的迷醉。\n{anal}强烈而规律地绞紧又松开，深处的每一次痉挛都像电流般窜遍她的四肢百骸，令她饱满的腰肢明显地弓起，成熟的大腿绷得笔直又骤然发软。\n她感觉到{anal}深处有黏腻的肠液被这阵剧烈的收缩一点点挤了出来，那份湿热的淫靡令这个成熟女人又羞又醉，理智一层层地被快感剥离，意识渐渐变得模糊而涣散。\n{TargetName}毫不掩饰地任由这场酣畅淋漓的绝顶将自己席卷，多年历练出的矜持在这一刻碎成了齑粉，她整个人都陷进了那片被快感填满的深深餍足里，成熟的脸上写满了淫荡而餍足的沉醉，久久无法回神。
1134,action_part_a_orgasm_normal_C,0,CVP_A2_T|106_E_1&CVP_A2_T|1_E_0&CVP_A2_A|10_G_3&CVP_A2_A|10_LE_6&high_1,那股正常而完整的绝顶感如同海啸般从{anal}深处轰然拔起，猝不及防地将{TargetName}成熟丰满的身躯整个吞没。\n经历过世事的她太熟悉这种巅峰的滋味，可这一次快感依旧扎实得让她招架不住，那份惯常的沉稳与从容在高潮的冲刷下节节败退，意识开始一片片地变得恍惚。\n{anal}深处传来一阵接一阵剧烈而有节奏的痉挛，那种被快感反复揉碾的酥麻顺着丰腴的臀肉扩散开来，令她的小腹一下下地抽搐，成熟的腰身不受控制地扭动着索求更多。\n一缕温热黏滑的肠液顺着不断收缩的{anal}悄然溢出，那股湿润的羞耻反倒像柴火一样，把这个熟女心底的欲火烧得更旺，令她在迷乱中愈发放浪地沉溺。\n{TargetName}沉沦在这场完整酣畅的高潮愉悦里，脑海被浓烈的快感冲刷得一片甜美的空白，多年积攒的成熟风韵此刻只化作赤裸裸的沉醉，她贪婪地咀嚼着这份深深的满足，任凭余韵在丰腴的身体里久久缭绕。
1135,action_part_a_orgasm_normal_C,0,CVP_A2_T|106_E_1&CVP_A2_T|1_E_0&CVP_A2_A|10_G_3&CVP_A2_A|10_LE_6&high_1,完整的绝顶洪流毫无征兆地从{anal}深处奔涌而出，{TargetName}成熟的身体猛地一僵，紧接着便被那股正常却汹涌的快感彻底裹挟。\n这具丰腴的熟女躯体对性事有着丰富的理论造诣，可再多的经验也挡不住这一波扎实高潮的席卷，她急促地喘着气，眼神里的从容渐渐被浓烈的迷醉取代，意识一点点地朦胧涣散。\n{anal}强烈而有节奏地收缩痉挛着，深处那股被快感反复冲刷的滋味令她成熟饱满的臀部绷紧又颤栗，腰肢明显地弓起，双腿一次次夹紧后又酥软无力。\n她清晰地察觉到{anal}正随着痉挛缓缓吐出温热的肠液，那份湿滑黏腻的淫靡感让这个见过世面的成熟女人又羞又痴，非但不觉得难堪，反而在这份背德的湿意里越陷越深。\n{TargetName}整个人都浸泡在这场完整而浓烈的绝顶里，脑中泛起一片甜蜜的空茫，成熟稳重的外壳被快感冲刷得所剩无几，只余下毫不掩饰的深沉满足，那股酣畅的余韵在她丰腴的身体里反复回荡，久久不散。
1136,action_part_a_orgasm_normal_C,0,CVP_A2_T|106_E_1&CVP_A2_T|1_E_0&CVP_A2_A|10_G_3&CVP_A2_A|10_LE_6&high_1,一场正常强度却无比完整的绝顶自{anal}最深处骤然爆发，将{TargetName}成熟丰腴的身子彻底点燃，那股快感来得又急又猛，令她瞬间失了神。\n多年的单身岁月里她只在理论中揣摩过这种巅峰，可真正被这波扎实的高潮席卷时，她成熟女人惯有的沉稳还是被冲得七零八落，呼吸急促而紊乱，脑子里嗡嗡作响，意识渐渐变得模糊。\n{anal}一阵紧似一阵地剧烈痉挛，深处那股被快感反复碾磨的酥麻沿着丰满的腰臀不住蔓延，令她的小腹一下下地抽搐痉挛，成熟的双腿绷得发直又骤然瘫软。\n温热的肠液顺着不断绞紧的{anal}一点点渗出，那份湿黏的羞耻令这个熟女又醉又痴，她非但没有半分抗拒，反而毫不掩饰地追逐着这份直白而浓烈的快感，成熟的媚眼里满是化不开的迷乱。\n{TargetName}深深地沉溺在这场酣畅的高潮里，脑海被席卷全身的愉悦冲刷成一片甜美的空白，那份积累已久的餍足感将她整个人淹没，令她成熟的身体在绵长的余韵中反复战栗，久久无法平静下来。
1137,action_part_a_orgasm_normal_C,0,CVP_A2_T|107_E_1&CVP_A2_T|1_E_0&CVP_A2_A|10_G_3&CVP_A2_A|10_LE_6,一波完整而汹涌的快感毫无预兆地从{anal}深处轰然炸开，席卷了已为人妻的{TargetName}的整个身体。\n那股炽热的浪潮从后穴一圈圈地扩散开来，漫过绷紧的小腹，漫过颤抖的腰肢，令她成熟的身躯随之剧烈地痉挛收缩，意识在快感的席卷下开始变得模糊，脑海里一片甜腻的空白，什么都想不清楚，只剩下{anal}一下一下有节奏的抽搐所带来的灭顶愉悦。\n她那有过经验的身体早已熟悉这种感觉，肠壁本能地放松又收紧，恰到好处地承接着这股完整的绝顶，令快感被放大到极致。\n{TargetName}分明清楚自己是有丈夫的女人，却在这里让{anal}因着这种禁忌的快感疯狂地颤动着，那股背德的罪恶感与无法压抑的沉醉交织在一起，令她的心跳乱成一团，腰身高高弓起，双腿绷得笔直又不受控制地颤抖。\n她隐约感觉到有温热的肠液顺着{anal}缓缓渗了出来，那种湿黏的羞耻感令她面颊滚烫，却又叫她更深地沉沦下去。\n那阵完整的绝顶缓缓退去，{TargetName}还沉浸在余韵里久久无法回神，成熟的心底装满了背叛婚姻的愧疚与难以启齿的满足。
1138,action_part_a_orgasm_normal_C,0,CVP_A2_T|107_E_1&CVP_A2_T|1_E_0&CVP_A2_A|10_G_3&CVP_A2_A|10_LE_6,一股强烈而饱满的绝顶感自{anal}深处猛地涌了上来，{TargetName}的身体骤然绷紧，随即被那铺天盖地的快感彻底淹没。\n熟透的腰肢不由自主地大幅弓起，丰腴的小腹一阵阵地抽搐着，{anal}强烈而有节奏地痉挛收缩，那股酥麻从深处一波一波地扩散，令她呼吸急促失序，意识在这完整的高潮中一点点模糊起来，脑子里晕乎乎的，再也顾不上维持人妻应有的端庄。\n经验丰富的后穴熟练地随着快感的节拍蠕动吞吐，那种得心应手的适应令绝顶的愉悦一层层地叠加。\n身为人妻的她心底翻涌着背德的刺激，明明有着自己的家庭，此刻却让{anal}沉溺在这样淫靡的高潮里，那份对丈夫的愧疚与偷欢的兴奋纠缠不清，反倒令快感变得愈发浓烈灼人。\n温热的肠液被绝顶的痉挛一下下挤出，缓缓沾湿了{anal}的边缘，那湿滑黏腻的触感令她又羞又迷。\n直到那阵剧烈的绝顶渐渐平复，{TargetName}才恍惚地缓过神来，滚烫的脸颊与失神的眼眸里，写满了沉醉与说不出口的罪恶甜蜜。
1139,action_part_a_orgasm_normal_C,0,CVP_A2_T|107_E_1&CVP_A2_T|1_E_0&CVP_A2_A|10_G_3&CVP_A2_A|10_LE_6,完整而剧烈的快感如决堤的海浪般从{anal}深处奔涌而出，将已为人妻的{TargetName}整个人卷入了灭顶的高潮之中。\n她成熟的身体绷成了一张满弓，腰部深深地弓起又颤抖着，四肢无力地绷紧，小腹一阵接一阵地反复抽搐，{anal}不受控制地强烈痉挛着，一收一缩地传来令人头皮发麻的愉悦，她的意识在这完整绝顶的冲击下开始飘忽游离，脑海里被浓烈的快感填满，什么都想不起来了。\n她那早已被开发过的后穴熟练地放松又夹紧，恰到好处地咬合着这股快感，将绝顶延续得又长又深。\n作为一个有夫之妇，{TargetName}的心底泛起难以言说的背德悸动，越是想到不该如此，越是让{anal}因这禁忌的高潮而颤得更凶，那份罪恶与沉醉交织成滚烫的漩涡。\n一缕缕温热的肠液随着痉挛缓缓溢出，濡湿了{anal}的四周，湿腻的羞耻令她整颗心都在发烫。\n那阵高潮许久才慢慢退散，{TargetName}瘫软着喘息，眼神迷离，心里满是深深的满足和对家庭隐秘的愧疚。
1140,action_part_a_orgasm_normal_C,0,CVP_A2_T|107_E_1&CVP_A2_T|1_E_0&CVP_A2_A|10_G_3&CVP_A2_A|10_LE_6,一阵标准而饱满的绝顶毫无征兆地从{anal}最深处炸裂开来，令{TargetName}整个成熟的身躯猛然一僵，随即被浓烈的快感彻底吞没。\n那股灼热的酥麻顺着后穴向全身蔓延，漫过颤抖的腰际，渗进丰腴的每一寸肌肤，{anal}强烈地一缩一放，有节奏地痉挛着，她的呼吸乱成一片，意识在这完整的高潮里渐渐变得朦胧，脑中一片甜软的空白，只余下那波涛般一浪高过一浪的愉悦。\n经验老到的肠壁本能地配合着快感的起伏松弛与收缩，那份熟稔令绝顶的滋味被咀嚼得淋漓尽致。\n身为人妻的{TargetName}心底涌起隐秘的战栗，她清楚自己背着丈夫在此贪求这样的欢愉，那种背叛的刺激与愧疚非但没能压下欲望，反而令{anal}颤动得更加放荡淫靡。\n温热黏滑的肠液被一次次收缩挤压着渗出，缓缓沾湿了{anal}，那羞耻的湿意令她面红耳赤却又欲罢不能。\n良久那阵绝顶才缓缓消退，{TargetName}失神地喘着气，红晕未褪的脸上交织着沉醉的满足与难以启齿的罪恶感。
1141,action_part_a_orgasm_normal_C,0,CVP_A2_T|107_E_1&CVP_A2_T|1_E_0&CVP_A2_A|10_G_3&CVP_A2_A|10_LE_6,汹涌而完整的高潮浪潮自{anal}深处骤然翻腾而起，将已为人妻的{TargetName}整个人推上了愉悦的顶峰。\n她熟透的腰肢猛地弓起，丰盈的臀部止不住地轻颤，小腹一波波地绞紧又松开，{anal}强烈而有力地痉挛收缩着，一下下将灭顶的快感送往全身，她的意识在这标准绝顶的冲刷下开始变得模糊涣散，脑海里晕晕沉沉，只剩下无边无际的酥麻在体内翻涌激荡。\n那有过不少经验的后穴熟练地随着快感的节奏吞吐蠕动，游刃有余地放大着每一分绝顶的愉悦。\n作为有家室的女人，{TargetName}的心底被背德的甜蜜与愧疚撕扯着，明明属于另一个男人，此刻却让{anal}沉溺在如此淫荡的高潮里，那禁忌的罪恶反倒化作更浓的快意灼烧着她。\n一股温热的肠液顺着痉挛的{anal}缓缓流淌出来，湿黏的触感令她既羞耻又迷醉。\n直到那阵完整的绝顶终于慢慢平息，{TargetName}才软软地喘息着回过神，眼波迷离，心底满溢着深沉的满足与对婚姻隐秘的负疚。
1142,action_part_a_orgasm_normal_C,0,target_is_player_daughter&CVP_A2_T|1_E_0&CVP_A2_A|10_G_3&CVP_A2_A|10_LE_6,{TargetName}的{anal}猛地攀上了那道完整的绝顶巅峰，一波接一波的快感如潮水般从后穴最深处涌起，瞬间席卷了她的整个下身。\n她能清晰地感觉到{anal}正强烈而有节奏地痉挛收缩着，那种被填满又被推向极乐的酥麻快意让她的意识开始变得朦胧起来。\n早已熟悉肛交滋味的身体懂得如何在高潮的浪尖上放松又收紧，反而将这份灭顶的快感放大到了令她全身战栗的地步。\n温热的肠液顺着{anal}的边缘一缕缕缓缓溢出，那份湿滑黏腻的羞耻感烧得她脸颊发烫，却又更深地沉醉进这场绝顶的余韵里。\n最让她心底泛起甜蜜颤栗的，是给予她这一切欢愉的正是自己最爱慕最依恋的父亲{Name}，这份不该有的极乐裹着背德的心跳将她彻底淹没。
1143,action_part_a_orgasm_normal_C,0,target_is_player_daughter&CVP_A2_T|1_E_0&CVP_A2_A|10_G_3&CVP_A2_A|10_LE_6,快感终于在{TargetName}的体内彻底炸裂开来，她的{anal}绷紧后又剧烈地一收一放，将饱涨的绝顶感一层层榨出，涌遍她的四肢百骸。\n她只觉得腰肢不受控制地弓起，小腹随着后穴的痉挛一下下抽搐，脑海里像是被灌满了甜腻的空白，思绪一点点飘散。\n有经验的{anal}此刻正贪婪地蠕动吞吐，仿佛在本能地追逐着那股极乐，让绝顶的余波变得又长又绵密。\n她能感觉到大量的肠液被这阵阵收缩挤压得渗出，濡湿了后穴的四周，那份淫靡的湿意让她又羞又爽，忍不住轻轻呜咽。\n可越是沉醉，她心底越是清楚地泛起对父亲{Name}那份炽热的依恋，是最亲的人把她带上了这样的巅峰，这份禁忌的幸福让她甘愿一次次沦陷。
1144,action_part_a_orgasm_normal_C,0,target_is_player_daughter&CVP_A2_T|1_E_0&CVP_A2_A|10_G_3&CVP_A2_A|10_LE_6,一股完整而汹涌的绝顶浪潮从{TargetName}的后穴深处轰然席卷而上，她的{anal}猛地痉挛起来，那份灭顶的酥麻让她几乎喘不过气。\n她的双腿本能地夹紧又发颤，脚趾蜷缩着绷直，全身的神经都被这波正常却剧烈的快感撩拨得又酸又麻。\n熟悉肛交的身体自然而然地配合着高潮，{anal}一张一合地收缩，把绝顶的愉悦一遍遍加深，让她沉浸得无法自拔。\n温热黏滑的肠液在这阵痉挛中被一点点挤出，滑腻的触感让她清楚意识到自己后穴的失禁般反应，羞耻却又诱人得让她心跳失序。\n在意识渐渐模糊的甜蜜里，她满心满眼都是父亲{Name}的存在，正是这个她最爱的男人让她体会到这般欢愉，父女之间的背德爱恋化作最浓烈的餍足灌满她的心。
1145,action_part_a_orgasm_normal_C,0,target_is_player_daughter&CVP_A2_T|1_E_0&CVP_A2_A|10_G_3&CVP_A2_A|10_LE_6,{TargetName}被一场完整的肠道绝顶彻底俘获，快感如同滚烫的电流般沿着{anal}一路窜向脊背，让她整个人都酥软战栗。\n她的{anal}强烈地收缩着，一波波痉挛把绝顶的余韵一次次推到新的高度，甜腻的快意让她的意识开始一片朦胧。\n凭着后穴积累下来的经验，她懂得在这一刻放松身体去承接快感，反而让高潮的每一下抽搐都变得格外深刻绵长。\n她羞耻地察觉到有肠液正顺着后穴不断流淌出来，那份湿润又淫荡的感觉让她耳根发红，却也更沉迷于这场荡漾的绝顶。\n而支撑着她全部沉醉的，是心底对父亲{Name}那份说不出口的爱慕与依赖，能在最亲近的人怀里达到这样的极乐，这份禁忌的甜蜜让她幸福得几乎落泪。
1146,action_part_a_orgasm_normal_C,0,target_is_player_daughter&CVP_A2_T|1_E_0&CVP_A2_A|10_G_3&CVP_A2_A|10_LE_6,绝顶的巨浪终于将{TargetName}整个吞没，她的{anal}猛烈而有节奏地抽搐收缩着，把积攒到极致的快感一齐释放，冲得她眼眶发热身子发软。\n她感觉自己的腰不由自主地塌下又弓起，后穴深处一阵阵酸麻的极乐反复翻涌，让她原本清醒的意识渐渐被冲刷得模糊。\n早已适应这种欢愉的{anal}熟练地一收一缩，仿佛懂得如何延长这份餍足，让绝顶的余震一波未平一波又起。\n随着痉挛，温热的肠液不受控制地渗出打湿了后穴，那份淫靡的失禁感让她又羞又醉，只能靠急促失序的呼吸来平复。\n沉浸在这甜美空白里的她，心底反复浮现出父亲{Name}温柔的身影，是自己最深爱的爸爸把她推上如此完整的高潮，这份逾越伦理的幸福让她心甘情愿地深陷其中。

1147,action_part_a_orgasm_normal_C,0,CVP_A2_T|102_E_1&CVP_A2_T|1_E_0&CVP_A2_A|10_G_6,一股汹涌而熟悉的快感猛地从{anal}深处炸开，虽然{TargetName}的身体还是那样幼小娇嫩，可那早已被开发得无比熟练的{anal}，却对这种灭顶的绝顶感再清楚不过。\n那股浓烈的酥麻如同海浪一般一波接着一波地席卷过稚嫩的小腹，漫过纤细的腰肢，令她整个娇小的身体都剧烈地颤抖起来，脑子里渐渐变得一片模糊，什么都想不清楚了，只剩下{anal}一下又一下有节奏地痉挛收缩，把那股完整而强烈的快感牢牢锁在身体最深处。\n幼小的{TargetName}熟练地绷紧了小小的腰肢，主动收缩着经验丰富的肠壁去迎合那阵灭顶的绝顶，稚嫩的脸颊涨得通红，意识在快感的浪潮里一点点变得迷离恍惚。\n她能清晰地感觉到{anal}深处有温热的肠液缓缓渗出，那种湿滑而羞耻的触感令她小小的心脏跳得乱成一团，幼嫩的身体在完整的高潮里彻底沉沦，既羞涩又贪恋着这股熟悉的灭顶愉悦。\n那阵剧烈的绝顶缓缓退去，{TargetName}还沉浸在余韵里久久无法回神，稚嫩的胸口剧烈起伏着，心底被深深的满足填得满满当当，那丝湿润的余味与身体深处的酥软交织在一起，令这具幼小却早已熟稔快感的身体久久无法平息。
1148,action_part_a_orgasm_normal_C,0,CVP_A2_T|102_E_1&CVP_A2_T|1_E_0&CVP_A2_A|10_G_6,灭顶的快感毫无征兆地从{anal}最深处轰然涌起，年幼的{TargetName}只觉得一股滚烫的电流瞬间贯穿了整个娇小的身躯。\n这具身体虽然稚气未脱，那已被彻底调教开的{anal}却熟练得很，它一圈又一圈地强烈痉挛着，紧紧咬着那份完整而饱满的绝顶，把汹涌的快感一遍遍地推向顶峰，令幼小的她根本无从抵抗。\n{TargetName}的小腹反复抽搐着，纤细的双腿不受控制地绷得笔直，稚嫩的腰肢高高弓起，脑海里被那片甜腻的空白一点点占满，意识开始变得朦胧模糊，却还残存着一丝对这熟悉快感的清醒沉醉。\n伴着那阵完整的高潮，{anal}深处涌出一股温热黏腻的肠液，滑腻的触感令她小脸更红了，那种既羞耻又满足的滋味在稚嫩的心里翻搅着，令她彻底陷进这场熟悉而剧烈的绝顶里。\n当那股强烈的浪潮渐渐平息，{TargetName}的呼吸还急促而凌乱，幼小的身体一下下细细地颤动着，心底被浓得化不开的满足感填满，{anal}残留的酥麻余韵和那丝湿滑的痕迹提醒着她方才那场完整绝顶的余温，令这具娇小的身子迟迟缓不过神来。
1149,action_part_a_orgasm_normal_C,0,CVP_A2_T|102_E_1&CVP_A2_T|1_E_0&CVP_A2_A|10_G_6,一阵完整而剧烈的绝顶浪潮猝然从{anal}深处翻涌上来，狠狠攫住了{TargetName}幼小的身体。\n她的年纪还这样小，那{anal}却早已在无数次的开发里变得无比熟练，此刻正贪婪而有力地收缩蠕动着，将那股饱满的快感一寸寸榨取到身体的每个角落，令稚嫩的小腹一阵阵痉挛，纤细的腰肢也跟着大幅颤动起来。\n那股酥麻的愉悦如潮水般漫过幼嫩的全身，令{TargetName}的意识开始变得模糊起来，脑子里乱糟糟的什么都抓不住，只本能地绷紧了小小的身子，熟练地迎合着这场熟悉的灭顶快感，稚气的脸上写满了沉醉与迷乱。\n{anal}深处不受控制地渗出温热的肠液，那种湿漉漉的羞耻触感令她小小的身体微微一颤，年幼的心里既慌乱又贪恋，明明这么小的身子，却对这份完整的绝顶熟稔得叫她自己都感到害臊。\n那阵剧烈的高潮缓缓退潮，{TargetName}的脸颊烫得吓人，稚嫩的胸膛还在微微起伏，心底涨满了说不清的满足与甜蜜，{anal}残余的细密颤动与那丝湿滑余味久久不散，令这具幼小却熟透了快感的身体沉浸在余韵里迟迟无法自拔。
1150,action_part_a_orgasm_normal_C,0,CVP_A2_T|102_E_1&CVP_A2_T|1_E_0&CVP_A2_A|10_G_6,浓烈的快感如同决堤的洪水，骤然从{anal}最深处奔涌而出，将年幼的{TargetName}整个人淹没在完整而汹涌的绝顶里。\n她的身子娇小得叫人怜惜，那被彻底开发过的{anal}却熟练地承接住这份灭顶的快感，一下又一下强烈地痉挛收缩着，仿佛要把那股饱满的愉悦牢牢困在身体深处，令稚嫩的小腹反复地抽搐颤栗。\n{TargetName}纤细的四肢无意识地绷紧，幼嫩的腰肢弓起又落下，脑海里被甜腻的空白一层层填满，意识渐渐飘忽模糊，却仍旧沉醉地追逐着这股熟悉的绝顶浪潮，稚气的小脸上浮现出一抹迷离的红晕。\n她清楚地感觉到{anal}里有温热黏滑的肠液缓缓溢出，那种羞耻而湿润的触感令她小小的心脏怦怦直跳，年幼的身体在完整的高潮中彻底放开，贪婪地咀嚼着这份既熟悉又强烈的快感。\n直到那阵剧烈的绝顶慢慢退去，{TargetName}仍旧微微喘息着，幼小的身躯细细地颤抖不止，心底被浓稠的满足感撑得满满的，{anal}残留的酥软余颤和那一线湿意交织缠绕，令这具娇嫩却早已熟稔情欲的身体久久沉浸在余韵中无法平复。
1151,action_part_a_orgasm_normal_C,0,CVP_A2_T|102_E_1&CVP_A2_T|1_E_0&CVP_A2_A|10_G_6,一场完整而炽烈的绝顶毫无预兆地在{anal}深处轰然引爆，令年幼的{TargetName}娇小的身子猛地绷紧又剧烈地颤栗起来。\n别看她年纪这般幼小，那早已烂熟于心的{anal}此刻正熟练地一波波收缩痉挛，把那股席卷而来的强烈快感尽数吞下，又贪婪地一圈圈蠕动着回应，令稚嫩的下腹一阵阵地抽搐，纤细的腰肢也不由自主地大幅颤动。\n那如海浪般的酥麻愉悦一层层漫过幼嫩的全身，{TargetName}的意识在快感的冲刷下渐渐模糊涣散，脑子里只剩下一片甜腻的空白，却依旧本能地绷着小小的身体去承接这场熟悉的灭顶，稚气的面庞上尽是沉醉与迷乱的神情。\n{anal}深处涌出的温热肠液带着湿滑黏腻的触感，令她幼小的身体羞耻地一颤，年幼的心里既慌张又难以自控地贪恋着这份完整的绝顶，那种湿漉漉的迷乱感令她愈发沉沦。\n当那股强烈的浪潮终于缓缓退散，{TargetName}稚嫩的脸颊还滚烫得发红，小小的胸口起伏不定，心底被沉甸甸的满足感填得再无余地，{anal}残余的细颤与那一抹湿意久久萦绕不去，令这具幼小却熟透快感的娇躯迟迟从余韵里回不过神来。
1152,action_part_a_orgasm_normal_C,0,CVP_A2_T|103_E_1&CVP_A2_T|1_E_0&CVP_A2_A|10_G_6,一阵完整而汹涌的快感毫无预兆地从{anal}深处炸开，娇小的{TargetName}整个身体猛地弓起，那股滚烫如电流般的酥麻顺着后穴一路蔓延，漫过稚嫩的小腹，漫过纤细的腰肢，令她整个人都陷进了绝顶的漩涡里。\n经验丰富的{anal}熟练而有节奏地痉挛收缩着，一下又一下地绞紧又松开，那种熟悉的极乐令她既沉醉又慌乱，明明身体还带着孩童般的青涩，后穴却早已被开发得能从这种快感里榨取出汹涌的愉悦。\n{TargetName}的意识在快感的浪潮里渐渐变得模糊，脑海中那片甜腻的空白一点点扩大，稚气的小脸涨得通红，眼角泛起了迷蒙的水光。\n她能清晰地感觉到{anal}深处有温热的肠液缓缓渗出，那种湿滑而羞耻的触感令她的心跳乱成一团，小小的身体一阵阵地颤抖着，双腿不受控制地绷直又蜷缩，稚嫩的脚趾也蜷成了一团。\n这场完整而强烈的绝顶将她彻底淹没，{TargetName}沉浸在浓烈的高潮愉悦里，心底涌起深深的满足与难以启齿的沉醉，既为自己小小年纪就能如此熟练地攀上顶峰而羞耻，又忍不住迷恋这股席卷全身的灭顶快感。
1153,action_part_a_orgasm_normal_C,0,CVP_A2_T|103_E_1&CVP_A2_T|1_E_0&CVP_A2_A|10_G_6,绝顶的快感如决堤的海浪般从{anal}深处席卷而来，{TargetName}娇小的身躯剧烈地一颤，那股完整而饱满的极乐瞬间充满了她幼嫩的下腹。\n早已被彻底开发的{anal}熟练地一波波收缩着，仿佛拥有自己的意志，主动绞紧又舒张，将这股快感一点点放大到极致，令她纤细的腰肢忍不住高高弓起。\n尽管有着丰富的经验，这场标准而强烈的绝顶依旧令{TargetName}招架不住，她的意识开始一点点变得涣散，脑子里乱乱的，只剩下那股翻涌的愉悦在冲刷着每一根神经。\n温热的肠液顺着痉挛的{anal}悄悄溢出，湿漉漉地沾湿了她稚嫩的臀缝，那种黏腻的触感令她又羞又迷，小脸埋进臂弯里想要藏起自己失态的模样，身体却诚实地一阵阵抽搐着。\n{TargetName}被这完整的高潮愉悦彻底裹住，稚气未脱的心里翻涌着深深的满足，她既沉醉在这股熟悉又浓烈的快感中，又为自己娇小的身体竟能如此贪婪地享受后穴的绝顶而涌起一阵甜美的羞耻，只能任由那股灭顶的快意一遍遍将她淹没。
1154,action_part_a_orgasm_normal_C,0,CVP_A2_T|103_E_1&CVP_A2_T|1_E_0&CVP_A2_A|10_G_6,一股完整而炽烈的绝顶感毫无征兆地从{anal}最深处轰然涌起，{TargetName}幼小的身体骤然绷紧，那股熟悉的灭顶快感如潮水般漫过全身，令她连脚尖都跟着微微发麻。\n被开发得极为熟练的{anal}有力而富有节奏地蠕动收缩着，一圈圈地绞紧，那种深入骨髓的酥爽令她娇嫩的小腹一下下地抽搐，纤细的双腿无意识地夹紧又颤抖。\n这是一场典型而饱满的绝顶，快感的强度远远超过了以往那些轻浅的小峰值，{TargetName}的意识渐渐被这股愉悦冲得有些模糊，稚嫩的脸颊烧得滚烫，唇瓣微微张着，泄出一阵急促而破碎的喘息。\n她能感觉到{anal}深处有黏滑的肠液一点点渗流出来，那种温热湿润的感觉令她心底泛起浓浓的羞耻，可后穴却毫不掩饰地继续贪婪收缩着，享受着这份熟练积累而来的极乐。\n{TargetName}整个人都沉进了这浓烈的高潮里，小小的心脏因满足与沉醉而剧烈地跳动着，那种被快感填满的酥软感令她既迷茫又留恋，明明只是个身量娇小的女孩，却已能如此深深地耽溺于{anal}带来的绝顶快意之中。
1155,action_part_a_orgasm_normal_C,0,CVP_A2_T|103_E_1&CVP_A2_T|1_E_0&CVP_A2_A|10_G_6,完整的绝顶快感如同炸雷般在{anal}深处轰然引爆，{TargetName}稚嫩的身体猛然一挺，那股汹涌而饱满的愉悦顺着后穴一路狂涌，将她娇小的躯体彻底卷入极乐的浪潮。\n经验老到的{anal}纯熟地一收一放，肠壁有节奏地绞动着，把这股快感榨取到淋漓尽致，令她本能地弓起纤腰，稚气的脚趾在快感中蜷缩成一团。\n意识在浪潮里一点点变得恍惚，{TargetName}只觉得脑海里一片甜腻的空白，什么都想不了，唯有那股席卷全身的酥麻在一遍遍地冲刷着她小小的身体，令她的呼吸乱作一团。\n温热的肠液顺着不断痉挛的{anal}汩汩流出，湿滑得令她又羞又慌，可越是羞耻，那股快感反而越发浓烈，小脸上写满了迷乱与沉醉交织的复杂神情。\n这场标准强度的绝顶将{TargetName}彻底淹没，稚嫩的心底涌起深深的满足和难以言喻的沉迷，她一边为自己娇小年纪竟能如此熟练地攀上后穴的顶峰而暗自羞窘，一边又忍不住彻底沉溺在这股熟悉而灭顶的快意里，久久无法自拔。
1156,action_part_a_orgasm_normal_C,0,CVP_A2_T|103_E_1&CVP_A2_T|1_E_0&CVP_A2_A|10_G_6,绝顶的浪潮毫无预兆地从{anal}深处轰然拍下，{TargetName}娇小的身子重重一颤，那股完整而浓烈的快感瞬间灌满了她幼嫩的每一寸身体，令她连指尖都在细细发抖。\n被彻底开发过的{anal}熟练地展开一轮轮有力的收缩，肠道贪婪而娴熟地蠕动绞紧，将这股极乐一点点推向顶点，那种深沉的酥爽令她稚嫩的小腹反复抽搐，腰肢在快感中无力地扭动着。\n{TargetName}的神志在这标准而强烈的高潮里渐渐变得朦胧，脑中泛起一片迷醉的空白，稚气的面庞潮红一片，眼神也蒙上了一层水雾般的迷离。\n她清晰地感受到{anal}正不断有黏热的肠液渗溢而出，那湿润羞耻的触感令她小小的心脏怦怦狂跳，越发觉得羞得无地自容，身体却诚实地一阵阵痉挛着回应这份快感。\n整场绝顶将{TargetName}温柔又彻底地包裹住，她沉浸在这浓稠饱满的高潮愉悦中，稚嫩的心底盈满了深深的满足与沉醉，既惊异于自己娇小身体所能承受的浓烈快意，又甘愿一次次迷失在这股由{anal}而来的灭顶极乐之中。
1157,action_part_a_orgasm_normal_C,0,CVP_A2_T|104_E_1&CVP_A2_T|1_E_0&CVP_A2_A|10_G_6,一阵完整而汹涌的快感毫无征兆地从{anal}深处炸开，青春的{TargetName}早已熟悉这种滋味，却依旧被这波席卷全身的高潮浪潮冲得意识开始发蒙。\n那股滚烫的酥麻从后穴一圈圈荡开，漫过绷紧的小腹，漫过弹性十足的腰肢，令她的双腿不受控地夹紧又颤抖，脑海里一片甜腻的空白，什么都想不清楚，只剩下{anal}一下又一下有力地痉挛收缩着，把那种完整而剧烈的绝顶感一波波送上顶点。\n经验丰富的肠道熟练地随着高潮的节奏蠕动起伏，{TargetName}清晰地感觉到一缕温热的肠液顺着痉挛的甬道悄悄溢出，那份羞耻却又叫她的沉醉更深了一层。\n她年轻的身体绷成一张满弓，腰肢高高弓起，脸颊烧得滚烫，心里被铺天盖地的愉悦彻底淹没，既有青涩少女被快感征服的慌乱，又有对这份熟悉巅峰的深深满足。\n那阵完整的绝顶缓缓退潮，{TargetName}还沉浸在余韵里回不过神，{anal}仍在细细地抽搐，残留的甜腻与羞涩在心底久久打转，令她意乱情迷。
1158,action_part_a_orgasm_normal_C,0,CVP_A2_T|104_E_1&CVP_A2_T|1_E_0&CVP_A2_A|10_G_6,绝顶的浪潮猛地从{anal}最深处翻涌上来，{TargetName}熟门熟路地迎接着这股熟悉的快感，可它的强度依旧让她的思绪一点点变得模糊。\n那种密集而灼热的电流顺着后穴向四肢百骸扩散，青春的躯体一寸寸绷紧，纤细的腰肢猛然弓起，柔嫩的大腿根痉挛似的收拢，小腹一下下抽搐着，把完整而剧烈的高潮感受推向巅峰。\n她那被充分开发过的肠道熟练地收缩绞紧，{anal}有节奏地一张一合，热流般的肠液被挤得微微渗出，那股湿滑的羞耻感反倒令她愈发沉醉，浑身酥软得几乎脱力。\n{TargetName}的脑子里被铺满了甜蜜的空白，年轻的心脏狂跳不止，青涩的羞涩与老练的享受在心底交织缠绕，令她既想掩饰这副失态模样，又忍不住彻底沉溺在这完整绝顶的愉悦里。\n直到那波高潮的浪头缓缓平息，她仍轻轻喘息着回味，{anal}还残留着一阵阵细密的余颤，满足与迷乱在心里久久不肯散去。
1159,action_part_a_orgasm_normal_C,0,CVP_A2_T|104_E_1&CVP_A2_T|1_E_0&CVP_A2_A|10_G_6,一记完整而深重的绝顶毫无预兆地贯穿了{TargetName}的全身，从{anal}深处骤然迸发的快感如海啸般席卷而来，令她青春的意识在瞬间变得朦胧摇晃。\n那股汹涌的酥麻从后穴奔涌而出，浪潮一层层拍打着她绷紧的小腹和弹性十足的腰身，双腿无力地颤抖着蹬直，脚趾也蜷缩起来，只觉得整个人都被这波高潮托举到了半空。\n经验老到的肠壁本能地熟练蠕动，{anal}一下下强烈地缩紧又松开，一缕温热黏滑的肠液顺着抽搐悄然流淌，那份湿意让她羞得几乎抬不起头，心底却又泛起难以启齿的甜。\n{TargetName}的胸口剧烈起伏，脸颊红得快要滴血，年轻的心被这完整绝顶的愉悦填得满满当当，既有初经人事般的慌乱悸动，又有熟稔巅峰的餍足沉醉。\n当那阵剧烈的高潮渐渐退去，她瘫软着大口喘着气，{anal}深处仍一下下轻颤，浓稠的满足感和残留的羞耻在少女心里交织不散。
1160,action_part_a_orgasm_normal_C,0,CVP_A2_T|104_E_1&CVP_A2_T|1_E_0&CVP_A2_A|10_G_6,快感如潮水般整片整片地从{anal}内壁涌起，{TargetName}虽早已谙熟这种巅峰的滋味，却仍被这次完整强烈的绝顶冲得神思恍惚。\n炽热的酥麻自后穴向全身漫延，青春的肌肤微微泛起潮红，纤腰不由自主地弓成柔美的弧度，紧实的臀肉一阵阵绷紧又颤动，小腹深处一波接一波地抽搐着，把绝顶的愉悦推到了极致。\n她那被开发得极为成熟的肠道熟练地随之收缩起伏，{anal}规律地痉挛绞动，温热的肠液被挤出一线，顺着敏感的褶皱缓缓滑落，那种湿黏的触感令她又羞又迷。\n{TargetName}的脑海被甜腻的白光填满，思绪开始一点点涣散，年轻的心脏擂鼓般狂跳，既有少女被快感彻底俘获的娇羞，又有对这份熟悉高潮的深沉满足，令她彻底沉醉其中。\n随着那波完整的绝顶缓缓退落，她仍轻颤着回味余韵，{anal}残留的细密抽搐一下下提醒着方才那场剧烈的巅峰，甜蜜与羞涩在心底久久萦绕。
1161,action_part_a_orgasm_normal_C,0,CVP_A2_T|104_E_1&CVP_A2_T|1_E_0&CVP_A2_A|10_G_6,一场完整而饱满的高潮猝然自{anal}最深处爆发开来，{TargetName}凭着丰富的经验熟练地承接着这股快感，可它席卷而至的强度依然让她的意识渐渐涣散。\n灼热的快感浪潮从后穴一圈圈扩散，青春饱满的身体骤然绷直，柔韧的腰肢高高扬起，白皙的大腿痉挛似的夹紧，小腹随着绝顶一下下深深抽搐，仿佛整个人都要被这股愉悦融化。\n经验丰富的肠壁娴熟地蠕动绞紧，{anal}一开一合地强烈收缩着，一股温热的肠液被挤压出来，湿漉漉地沾满敏感的穴口，那份淫靡的羞耻反倒把她的沉醉推得更深。\n{TargetName}的思维被铺天盖地的快感彻底淹没，脑中只剩一片甜美的空白，年轻的面庞浮起沉溺的媚态，青涩的慌乱与熟稔的享受在心底缠绕成一团，令她无从抵挡。\n直至那阵剧烈的绝顶缓缓平息，她仍瘫软着喘息回味，{anal}深处一下下的余颤令满足与迷乱在少女心底久久荡漾。


1162,action_part_a_orgasm_normal_C,0,CVP_A2_T|104_E_1&CVP_A2_T|1_E_0&CVP_A2_A|10_G_6,完整而炽烈的快感如决堤的海浪般轰然席卷了{TargetName}的全身，那是一次正常强度绝顶该有的、彻头彻尾的酣畅。\n从{anal}深处翻涌而起的快意一层层漫过她青春的躯体，她熟稔地沉溺其中，任由这股熟悉的浪潮将自己整个吞没。\n少女青涩的意识在这场绝顶里开始变得朦胧恍惚，思绪一点点被快感冲刷得模糊起来，却还没有被彻底冲垮。\n她清楚地感觉到{anal}正随着高潮一下下痉挛收紧，那份被充分开发过的敏锐让快感来得又深又满，甜美得几乎让她失神。\n感受到{anal}深处有温热的肠液较明显地淌出，一丝隐秘的羞耻悄悄爬上心头，却又与浓烈的快意交织在一起，令她愈发深陷这甜腻的沉醉之中。
1163,action_part_a_orgasm_normal_C,0,CVP_A2_T|104_E_1&CVP_A2_T|1_E_0&CVP_A2_A|10_G_6,一场典型完整的绝顶如汹涌的潮水将{TargetName}彻底淹没，浓稠的快感自小腹深处一波波炸开，漫遍她年轻的每一寸肌肤。\n她太熟悉这种从{anal}蔓延开来的快意了，经验丰富的身体娴熟地迎接着这份冲击，将快感一点不剩地尽情吸纳享用。\n绝顶的愉悦如海浪般层层拍打着她的神志，青春的意识渐渐涣散模糊，甜美的空白一点点在脑海里漫延开来。\n她能真切地感到{anal}深处那一阵阵强烈的收缩，每一下痉挛都将快感推向新的高度，令她沉醉得几乎无法思考。\n察觉到{anal}里较明显地溢出黏腻的肠液，羞耻与满足在她心底交缠翻涌，这份熟悉而深沉的快意让她彻底陷进了甜腻的迷乱里。
1164,action_part_a_orgasm_normal_C,0,CVP_A2_T|104_E_1&CVP_A2_T|1_E_0&CVP_A2_A|10_G_6,完整正常的绝顶快感铺天盖地地淹没了{TargetName}，那股浓烈的浪潮从{anal}最深处涌起，一浪高过一浪地拍击着她青春的身体。\n熟练承欢的她深深沉浸在这份快意之中，年轻的躯体贪婪地攫取着每一丝快感，甜美的酥麻从下腹一路窜遍全身。\n她青涩的神志在这场高潮里逐渐变得迷蒙，思绪被快感冲得七零八落，一片甜腻的空茫慢慢占据了她的脑海。\n{anal}一下下熟稔的收紧带来又满又深的快意，那份被充分开发的敏感让她清晰地捕捉到高潮的每一道波纹，爽得几乎失神。\n感觉到{anal}深处温热的肠液较明显地流淌，一缕羞赧掠过心间，却被汹涌的满足与沉醉一并吞没，令她愈陷愈深，无力自拔。
1165,action_part_a_orgasm_normal_C,0,CVP_A2_T|104_E_1&CVP_A2_T|1_E_0&CVP_A2_A|10_G_6,如海啸般完整的绝顶将{TargetName}整个人卷入其中，正常而饱满的快感自{anal}深处轰然迸发，层层漫过她青春靓丽的娇躯。\n她早已熟稔这份从后穴蔓延的快意，年轻的身体娴熟地承接着一波接一波的冲击，将浓稠的快感尽数纳入怀中细细品味。\n绝顶的浪潮一层层漫过她的意识，少女的思绪开始朦胧涣散，一种甜美的恍惚感悄然浮起，可她尚未被完全冲垮。\n她清晰地体味着{anal}一阵阵深沉的痉挛收缩，被充分调教的敏锐让快感来得又浓又实，令她沉醉得几乎忘了呼吸。\n当感到{anal}中较明显地淌出温热的肠液时，一抹隐秘的羞耻与深深的满足在心底交融，将她推入更为甜腻迷乱的高潮沉醉之中。
1166,action_part_a_orgasm_normal_C,0,CVP_A2_T|104_E_1&CVP_A2_T|1_E_0&CVP_A2_A|10_G_6,完整而炽热的快感如翻腾的巨浪般席卷了{TargetName}的全身，这是一场正常强度绝顶所独有的、酣畅淋漓的极致愉悦。\n从{anal}深处奔涌而出的快意一波波漫过她青春柔韧的身体，熟练于此的她放任自己彻底沉溺，尽情享用这熟悉的浪潮。\n她青涩的意识在绝顶的冲刷下渐渐模糊起来，甜美的空白一点点侵占她的脑海，理智被快感搅得支离破碎却仍悬着一丝。\n她能真切感到{anal}正随高潮一下下有力地收紧痉挛，那被反复开发的敏感让每一道快感都又深又满，甜得令她几近失神。\n感受到{anal}深处较明显地渗出温热的肠液，一股羞耻的战栗与浓烈的满足交织缠绕，令这个青春的少女沉沉醉倒在快感的漩涡之中。

1167,action_part_a_orgasm_normal_C,0,CVP_A2_T|105_E_1&CVP_A2_T|1_E_0&CVP_A2_A|10_G_6,一股汹涌而完整的快感终于从{anal}深处轰然炸开，{TargetName}成熟的身体在这一刻绷成了一张满弓，那是一次货真价实的绝顶。\n经验丰富的后穴熟稔地迎接着这股席卷全身的浪潮，肠壁一波接一波地剧烈痉挛收缩着，{TargetName}再清楚不过这种快感的节奏，她甚至下意识地放松身体去承接每一道汹涌的涌动，任由那股滚烫的酥麻从下腹一路蔓延到腰肢与四肢。\n意识在快感的浪尖上开始变得模糊，脑海里一片甜腻的空白，成熟从容的神态也在这一刻彻底瓦解，只剩下深深沉溺其中的沉醉。\n她清晰地感觉到{anal}深处有温热的肠液被绝顶的痉挛挤出，缓缓渗流出来，那股湿滑的触感让她的脸颊烧得通红，成熟的心底涌起一阵羞耻又迷乱的战栗，偏偏这羞耻又将快感衬得愈发浓烈。\n{TargetName}的腰肢无法自控地弓起又颤抖，丰腴的大腿绷得紧紧的，呼吸急促而凌乱，整个人被这完整而强烈的绝顶彻底淹没，沉浸在一浪高过一浪的愉悦里，久久无法回神。
1168,action_part_a_orgasm_normal_C,0,CVP_A2_T|105_E_1&CVP_A2_T|1_E_0&CVP_A2_A|10_G_6,绝顶如决堤的潮水般猛地灌满了{TargetName}的全身，那股从{anal}最深处翻涌上来的快感浓烈而完整，让她成熟的身躯剧烈地颤栗起来。\n{anal}熟练地随着高潮的节拍一下下有力地收缩着，那是被充分开发过的身体才有的默契，{TargetName}熟悉这种被快感彻底贯穿的滋味，却依旧被这次绝顶的强度冲得心神荡漾，什么优雅从容都被抛到了九霄云外。\n她的意识开始一点点变得混沌，脑子里嗡嗡作响，只剩下快感一波波拍打上来的轰鸣，那种深入骨髓的爽快让她几乎忘记了呼吸。\n伴随着痉挛，一缕温热黏腻的肠液顺着后穴缓缓流淌出来，那湿润的感觉令{TargetName}又羞又迷，成熟的面庞上浮现出难以掩饰的沉醉神情，眼角泛起了生理性的湿意。\n她的腰不受控制地一次次弓起，脚趾蜷缩着，双腿止不住地打颤，整个人被这场完整而汹涌的绝顶紧紧攫住，沉沦在满溢的快感与深深的满足之中。
1169,action_part_a_orgasm_normal_C,0,CVP_A2_T|105_E_1&CVP_A2_T|1_E_0&CVP_A2_A|10_G_6,一次完整而标准的绝顶毫无预兆地攫住了{TargetName}，快感自{anal}深处如烈焰般轰然升腾，瞬间烧遍了她成熟丰满的每一寸肌肤。\n经验老道的肠道熟练地绞紧又松开，一波接一波地深深痉挛着，{TargetName}太清楚该如何迎接这种极致的愉悦，她甚至微微摆动着腰去追逐那股快感的浪头，让绝顶来得更加淋漓尽致。\n她的思绪在这股洪流里渐渐涣散，意识虽还没被彻底冲垮，却已经模糊得抓不住任何念头，只余下满脑子甜腻的酥麻。\n{anal}深处被绝顶挤压出的温热肠液悄悄溢出，那股滑腻感令她成熟的心底泛起一阵又羞又爽的悸动，脸颊滚烫，连耳根都染上了绯红。\n{TargetName}紧绷的腰肢剧烈地颤抖着，丰腴的臀部一下下痉挛收缩，双腿无力地夹紧又松开，急促的喘息里满是无法自抑的沉醉，整个人彻底陷进了这场完整绝顶带来的深沉快感与餍足里。
1170,action_part_a_orgasm_normal_C,0,CVP_A2_T|105_E_1&CVP_A2_T|1_E_0&CVP_A2_A|10_G_6,快感终于攀上了顶点，一场彻彻底底的绝顶从{anal}深处轰然爆发，将{TargetName}整个人卷入了汹涌的愉悦浪潮之中。\n她那被充分开发过的后穴熟练地承接着这股冲击，肠壁富有韵律地强烈蠕动收缩，{TargetName}凭着丰富的经验精准地咀嚼着每一分快感，任由绝顶的痉挛一遍遍席卷自己成熟的身体，沉醉得无法自拔。\n意识在这一刻开始变得恍惚，脑海里被浓稠的快感填得满满当当，成熟女人平日里的沉稳气度荡然无存，只剩下彻底沦陷的迷乱。\n她能清楚地感到{anal}正随着高潮渗出温热的肠液，那湿滑淫靡的触感让她又羞又颤，成熟的胸口剧烈起伏着，心底涌起一波深不见底的满足。\n{TargetName}的腰肢一次次弓起又落下，绷紧的大腿微微发抖，脚趾用力蜷曲着，喉间溢出破碎而甜腻的气音，整个人在这场完整而强烈的绝顶里彻底融化，久久沉浸在极致的酥软与愉悦当中。
1171,action_part_a_orgasm_normal_C,0,CVP_A2_T|105_E_1&CVP_A2_T|1_E_0&CVP_A2_A|10_G_6,绝顶毫无保留地降临，浓烈完整的快感自{anal}最深处奔涌而出，狠狠贯穿了{TargetName}成熟饱满的躯体，令她整个人剧烈地战栗起来。\n历经开发的肠道熟练而热情地收缩绞动着，一下下贪婪地咀嚼着这份汹涌的愉悦，{TargetName}早已谙熟这种快感的每一处起伏，却仍被这次绝顶的完整强度冲得意乱情迷，什么矜持与从容都碎了个干净。\n她的意识随着快感的巨浪一点点变得朦胧，脑子里空落落的一片甜白，只剩下高潮的余韵在体内反复荡漾。\n随着一阵阵深沉的痉挛，温热的肠液从{anal}缓缓淌出，那股黏滑的暖意令她羞耻得几乎想要蜷缩起来，成熟的心底却又因这羞耻而迸出更炽烈的快感。\n{TargetName}的腰身无法自控地绷紧又弯折，丰腴的臀肉一阵阵抽搐，双腿颤抖着夹紧，急乱的呼吸间满是沉溺的餍足，整个人被这场标准而剧烈的绝顶温柔又凶猛地淹没，迟迟无法从满溢的愉悦里挣脱出来。

1172,action_part_a_orgasm_normal_C,0,CVP_A2_T|105_E_1&CVP_A2_A|5_LE_3,一股迟缓而绵长的快感终于从{anal}深处翻涌上来，令原本反应平淡的{TargetName}猝不及防地弓起了腰肢。\n这处向来敏感度不高的地方，起初带给她的只是被填满的沉甸甸的异物感，可那股钝钝的酥麻却在不知不觉间悄悄累积，一点点漫过成熟丰腴的小腹，漫过微微发颤的腰身，终于在这一刻汇成了一场完整的绝顶，令她的意识开始变得模糊起来。\n{TargetName}努力想维持大姐姐那份从容的姿态，偏偏身体不听使唤地剧烈痉挛着，脸上流露出既想遮掩又忍不住沉溺的青涩神情。\n{anal}一下一下有力地收缩绞紧，那股连她自己都觉得陌生的强烈愉悦令她羞得不敢抬头，只觉得一丝温热的肠液不受控制地渗了出来，带来令她面红耳赤的羞耻感。\n绝顶的浪潮席卷着她成熟却仍显生涩的身体，四肢微微绷紧，呼吸乱成一团，她沉浸在这场迟来的高潮愉悦里，心底被深深的满足与难以启齿的窘迫填得满满当当。
1173,action_part_a_orgasm_normal_C,0,CVP_A2_T|105_E_1&CVP_A2_A|5_LE_3,那份原本只是隐隐约约的填塞感，不知从何时起竟一点点酿成了一波实实在在的快感，从{anal}深处沉沉地荡漾开来，令{TargetName}整个人狠狠一颤。\n她原以为这处感度不高的地方顶多只会带来些许胀满的压迫，却没料到那股钝重的酥麻会越积越浓，最终毫无预兆地拔高成一场完整的绝顶，冲得她成熟的脑海一阵阵发白，意识开始变得涣散迷离。\n{TargetName}下意识地想掩饰这份反应，故作镇定地咬紧了下唇，那点想要表现得游刃有余的心思却被身体的剧烈颤抖彻底出卖，暴露出她其实并不老练的青涩。\n{anal}随着高潮一阵阵痉挛着绞缩，她清晰地感觉到有黏腻的肠液顺着痉挛缓缓溢出，那种湿滑的触感令她成熟的脸颊烧得发烫。\n小腹反复抽搐着，双腿不自觉地夹紧又松开，她被这股迟来却完整的绝顶快感淹没，心里翻涌着既羞耻又甜蜜的沉醉，久久无法从这场高潮里回过神来。
1174,action_part_a_orgasm_normal_C,0,CVP_A2_T|105_E_1&CVP_A2_A|5_LE_3,起初{TargetName}对那处的刺激感受得并不深，只觉得是种沉甸甸被撑开的异物感，可就在她以为不过如此的时候，一股蓄积已久的快感忽然从{anal}深处轰然炸开，令她成熟的身躯剧烈地弓了起来。\n那股完整而汹涌的绝顶感如海浪般一波接一波地席卷全身，漫过她丰腴的腰腹，冲得她的意识开始模糊，明明想努力保持大姐姐该有的从容，脑子却已经乱成了一团，什么都想不清楚了。\n{anal}强烈而有节奏地痉挛收缩着，那种连自己都感到意外的鲜明快感令她又惊又羞，那点想装出经验老到的心思，早被身体诚实的反应搅得七零八落。\n她能清楚地感觉到温热的肠液随着一次次收缩渗流出来，那湿润的羞耻感让她成熟的眼眸里泛起了迷乱的水光。\n四肢一阵阵绷紧又发颤，呼吸急促而失序，{TargetName}深深地沉浸在这场完整绝顶的愉悦中，心底涌动着难以言说的满足，以及被这陌生快感彻底俘获的甜美窘迫。
1175,action_part_a_orgasm_normal_C,0,CVP_A2_T|105_E_1&CVP_A2_A|5_LE_3,那种被填满的钝钝的胀感，原本迟迟没能化作明确的快意，可就在{TargetName}几乎要以为这里感受不到什么的时候，一股浓稠而完整的绝顶感毫无征兆地自{anal}深处奔涌而出，令她整个人猛地绷直了身子。\n积攒许久的酥麻终于在这一瞬全数释放，如潮水般一层层漫过她成熟的小腹与腰肢，冲得她的神智开始变得恍惚，那份平日里从容可靠的气度此刻荡然无存。\n{TargetName}又羞又慌地想要克制，双手却不由自主地攥紧，脸上是那种想表现得成熟老练、却反被青涩击溃的可爱神情。\n{anal}一阵阵深深地绞缩着，伴着痉挛，一缕温热的肠液悄然滑落，那湿黏的触感令她羞耻得几乎想把脸埋起来。\n腰身反复弓起，大腿绷得紧紧的，她被这来得迟却格外完整的高潮浪潮牢牢裹住，意识模糊间只剩下满溢的快感与深沉的满足，心底翻腾着连她自己都难以承认的沉醉。
1176,action_part_a_orgasm_normal_C,0,CVP_A2_T|105_E_1&CVP_A2_A|5_LE_3,{TargetName}原本对这处的感觉总是慢半拍，只朦朦胧胧地体会到一种被塞满的沉重异物感，然而那股迟钝的酥麻却在悄然间层层堆叠，终于在此刻自{anal}深处凝成一场完整而汹涌的绝顶，令她成熟的身子猝然剧颤。\n那份正常强度的高潮快感如浪潮般铺天盖地地涌来，一遍遍冲刷着她的腰腹，令她的意识开始变得模糊，那点想在博士面前显得游刃有余的心思，此刻早已被快感冲得支离破碎。\n{anal}强烈地一收一缩，绞出连她都未曾料到的鲜明愉悦，她羞怯地偏过头，成熟的面容上尽是掩不住的青涩与迷乱。\n随着一次次痉挛，温热的肠液不受控制地渗淌而出，那湿滑黏腻的感觉令她臊得浑身发烫，却又无从遮掩。\n小腹一下下抽搐着，双腿不住地颤抖收紧，{TargetName}彻底沉浸在这场完整绝顶的甜美里，呼吸紊乱，心底被浓得化不开的满足与羞耻交织着填满，久久无法平复。
1177,action_part_a_orgasm_normal_C,0,CVP_A2_T|106_E_1&CVP_A2_T|1_E_0&CVP_A2_A|10_G_6,一股完整而灼烫的快感毫无预兆地从{anal}深处轰然炸开，早已被彻底开发的{TargetName}几乎是本能地迎着这股热浪弓起了成熟丰腴的腰肢。\n那股熟悉却依旧凶猛的绝顶感像一道翻涌的巨浪，从{anal}深处一圈圈地荡漾开来，漫过绷紧的小腹，漫过丰润的腰身，令她整个成熟的身体都随之剧烈地痉挛收缩，{anal}一下又一下有节奏地绞紧又松开，那种熟稔于心的极致快意令她的意识开始一点点变得模糊起来。\n{TargetName}并不陌生这种从后穴深处席卷而来的高潮，正因为经历过太多次，她太清楚该如何毫不掩饰地沉溺其中，成熟的脸颊上写满了放纵而餍足的沉醉。\n她能清晰地感觉到{anal}深处有温热的肠液缓缓渗出，那股淫靡的湿滑令她既羞耻又迷醉，可这点羞耻早已被汹涌的快感彻底淹没，只剩下丰腴的双腿难以自控地绷紧又颤抖。\n那阵完整而剧烈的绝顶缓缓退潮，{TargetName}丰满的胸口还在急促地起伏，意识才一点点重新清晰起来，{anal}残留的余韵一下一下地收缩着，那种深沉的满足感在她成熟的身体里久久回荡，令她意犹未尽地眯起了那双写满风情的眼眸。
1178,action_part_a_orgasm_normal_C,0,CVP_A2_T|106_E_1&CVP_A2_T|1_E_0&CVP_A2_A|10_G_6,毫无征兆地，一股浓烈而完整的绝顶热潮从{anal}最深处猛地喷薄而出，令阅历丰富的{TargetName}成熟的身躯猝然一僵，随即剧烈地颤抖起来。\n那股快感来得又急又猛，如同决堤的洪水从{anal}深处奔涌向全身，漫过她丰腴的腰肢，漫过绷得死紧的小腹，令她成熟饱满的躯体一波接一波地痉挛，{anal}强烈而有节奏地收缩绞动着，那种熟练到深入骨髓的极乐令她的呼吸骤然失了序，意识在浓烈的快意中渐渐涣散。\n这具早已被彻底开发的身体太熟悉这种从后穴翻涌而来的高潮了，{TargetName}毫不掩饰地放任自己彻底沉沦，成熟的眉眼间尽是毫无保留的餍足与放荡。\n她感觉到{anal}深处不受控制地淌出一股温热黏滑的肠液，那份淫靡的湿意令她心底泛起一阵难以言喻的羞耻，可这羞耻反倒化作助燃的柴薪，令她愈发沉醉在这场熟稔而剧烈的绝顶里。\n直到那阵完整的高潮渐渐平息，{TargetName}丰润的腰身才缓缓瘫软下来，{anal}仍一下一下余韵未消地轻颤着，那份饱满而深沉的满足在她成熟的心底久久不散，令她餍足地喟叹了一声。
1179,action_part_a_orgasm_normal_C,0,CVP_A2_T|106_E_1&CVP_A2_T|1_E_0&CVP_A2_A|10_G_6,一阵完整而炽烈的快感陡然从{anal}深处轰然涌起，早已将这种极乐驾轻就熟的{TargetName}再也压抑不住，成熟丰腴的身体重重地弓成了一道诱人的弧线。\n那股熟悉的绝顶感如汹涌的潮水般从{anal}深处向四肢百骸奔流而去，漫过她饱满的臀肉，漫过颤抖的腰肢，令她整个成熟的身躯都陷入一阵剧烈而有节奏的痉挛，{anal}熟练地收紧又舒张，一绞一松间将那份极致的快意榨取到了极点，令她的意识在快感的海洋里渐渐变得朦胧。\n对这种从后穴深处席卷而来的高潮，{TargetName}早已了然于胸，正因如此她才敢如此放浪形骸地纵情享受，成熟的唇畔溢出一声餍足的低吟，脸上写满了毫不遮掩的沉醉。\n{anal}深处缓缓淌出的温热肠液带来一片湿滑淫靡的触感，那份羞人的湿意令她成熟的心底泛起微微的窘迫，却又被更汹涌的快感一并卷走，只余丰腴的大腿难以自制地夹紧又颤栗。\n待那阵完整的绝顶缓缓退去，{TargetName}才从那片朦胧中一点点回过神来，{anal}仍余韵不绝地轻轻抽搐着，那份深沉饱满的满足感在她成熟风情的眉眼间流转不去。
1180,action_part_a_orgasm_normal_C,0,CVP_A2_T|106_E_1&CVP_A2_T|1_E_0&CVP_A2_A|10_G_6,没有任何预兆，一股完整而滚烫的绝顶浪潮从{anal}深处骤然炸裂开来，令情场老练的{TargetName}成熟的身子猛然绷直，随即失控地颤抖。\n那股浓烈的快感像一团灼热的岩浆从{anal}深处一路蔓延，烧过她丰满的小腹，烧过绵软的腰肢，令她成熟的身体一下又一下地剧烈痉挛，{anal}凭着多年积累的娴熟本能有力地收缩蠕动着，将这份极致快意一点点吮吸入骨，令她的神智在这场熟稔的高潮中缓缓迷离。\n这种从后穴翻涌上来的绝顶滋味，{TargetName}早已尝过无数回，也正因熟悉，她才毫不遮掩地任由自己坠入快感的深渊，成熟的面庞上浮现出放荡而餍足的潮红。\n她清晰地感到{anal}深处一股温热的肠液缓缓沁出，那份黏腻湿滑令她成熟的心尖掠过一丝羞赧，可这羞赧转瞬便被翻涌的极乐吞没，只剩她丰腴的腰肢无助地弓起又颤动。\n那阵完整而剧烈的高潮渐渐消退，{TargetName}急促的呼吸才慢慢平复下来，{anal}仍一缩一缩地残留着余韵，那份浓稠深沉的满足在她成熟的身躯里荡漾良久，令她意犹未尽地舔了舔干涩的唇。
1181,action_part_a_orgasm_normal_C,0,CVP_A2_T|106_E_1&CVP_A2_T|1_E_0&CVP_A2_A|10_G_6,一股完整而灼人的快感冷不防从{anal}深处翻腾着涌了上来，早已被彻底调教开发的{TargetName}成熟的身躯霎时绷成一张满弓，忘情地颤栗着。\n那股熟悉又凶猛的绝顶感犹如奔涌的热浪自{anal}深处一波波扩散，席卷她丰腴的臀腰，席卷绷紧的下腹，令她成熟饱满的身体陷入一阵接一阵有节奏的强烈痉挛，{anal}熟练而贪婪地收缩绞紧，仿佛要将这份极乐彻底攫住不放，令她的意识在浓稠的快意里渐渐涣散模糊。\n对这具身体而言，从后穴深处爆发的高潮早已是驾轻就熟的极乐，{TargetName}丝毫不加掩饰地沉溺其中，成熟风韵的眉眼尽是放浪而满足的沉醉，喉间溢出难以抑制的餍足喟叹。\n{anal}深处不住地淌出温热黏滑的肠液，那份淫靡的湿润令她成熟的心底泛起一缕隐秘的羞耻，偏偏这羞耻又为她的快感添了几分背德的甜味，令她丰满的双腿一次次痉挛着夹紧。\n直到那阵完整的绝顶缓缓平息，{TargetName}瘫软的腰身才从高潮的余韵中松弛下来，{anal}仍一下一下细细地收缩着，那份深沉而丰盈的满足在她成熟的身体里久久萦绕，令她餍足得眯起了双眸。
1182,action_part_a_orgasm_normal_C,0,CVP_A2_T|107_E_1&CVP_A2_T|1_E_0&CVP_A2_A|10_G_6,一阵浓烈而汹涌的快感如潮水般从{anal}深处轰然炸开，{TargetName}整个人猛地弓起了腰肢，那股完整而剧烈的绝顶快感席卷了她全身的每一寸肌肤。\n{anal}强烈而有节奏地痉挛收缩着，一波接着一波的酥麻从肠道深处扩散开来，漫过绷紧的小腹，漫过颤抖的腰肢，令她的四肢都不受控制地绷紧发颤，意识在这股完整的绝顶中开始渐渐模糊，脑海里一片甜腻的空白。\n经验丰富的她太熟悉这种从肠道深处涌起的灭顶快感，肠壁熟练而有力地一下下蠕动收缩着，主动迎合着那股快感的节奏，将绝顶的愉悦榨取到极致。\n随着高潮的深入，她清晰地感到{anal}有温热的肠液缓缓渗出，那份湿滑的羞耻感令她的脸颊烧得通红，可越是羞耻，身体沉沦得越深。\n作为一个早已为人妻的女人，此刻却在{SceneName}里因为后穴的快感而放荡地绝顶着，背叛婚姻的背德刺激与对丈夫的愧疚交织在一起，反而将这股快感催化得愈发浓烈，令她在甜美的高潮余韵中久久无法回神，只能任由那股完整的绝顶将自己彻底淹没。
1183,action_part_a_orgasm_normal_C,0,CVP_A2_T|107_E_1&CVP_A2_T|1_E_0&CVP_A2_A|10_G_6,完整而汹涌的绝顶毫无预兆地攫住了{TargetName}，一股滚烫的快感从{anal}最深处轰然涌起，令她的身体骤然绷成了一张满弓。\n那股快感不再是浅浅的酥麻，而是实实在在的灭顶浪潮，{anal}一下下强烈地痉挛着，快感如海浪般一层层拍打着她的意识，令她的呼吸彻底乱了节奏，脑子里嗡的一声变得晕乎乎的，什么都想不清楚了。\n多年的肛交经验让她的身体早已将这种快感烂熟于心，肠道熟练地一圈圈收缩蠕动，仿佛本能般榨取着每一分绝顶的愉悦，那种游刃有余的承受力反而令快感来得更加汹涌。\n她能感觉到{anal}深处有黏腻的肠液不受控制地流淌出来，那份湿热的触感令她又羞又迷乱，偏偏身体却诚实地沉醉其中。\n身为有夫之妇，她本该守着自己的家庭，此刻却在{Name}身边为了后穴的快感而彻底失守，那份背德的罪恶感非但没有令她清醒，反而化作更深的沉沦，令她在这场完整的绝顶里既愧疚又贪恋，迷离的眼神里满是化不开的沉醉。
1184,action_part_a_orgasm_normal_C,0,CVP_A2_T|107_E_1&CVP_A2_T|1_E_0&CVP_A2_A|10_G_6,快感在这一刻抵达了顶点，{TargetName}再也压抑不住地颤抖起来，一股完整而强烈的绝顶从{anal}深处铺天盖地地席卷而来。\n那种酥麻的浪潮一波高过一波，{anal}剧烈而有节奏地收缩痉挛，令她的小腹反复抽搐，腰身高高弓起，双腿绷得笔直又忍不住微微乱颤，意识在这股绝顶里一点点变得朦胧，仿佛整个人都要融化在这份灭顶的愉悦中。\n经验老到的她早已把这种肠道深处的快感摸得清清楚楚，肠壁熟稔地蠕动收缩，主动配合着那股节奏将快感放大，那份得心应手的熟练令她比谁都更能尽情享受这场绝顶。\n{anal}处渗出的温热肠液带着淫靡的湿意，令她羞耻得几乎想要蜷缩起来，可那份羞耻又诡异地令快感更添了几分刺激。\n作为早已嫁作人妇的女人，她心底清楚这是何等的背叛，可偏偏正是这份禁忌与背德，令她在博士身边绝顶得愈发放浪，愧疚与快感在心里激烈地厮杀，最终都被这股完整的高潮浪潮冲刷成了一片甜腻的迷乱，令她久久沉溺其中不愿醒来。
1185,action_part_a_orgasm_normal_C,0,CVP_A2_T|107_E_1&CVP_A2_T|1_E_0&CVP_A2_A|10_G_6,一场彻底而完整的绝顶轰然降临，{TargetName}的身体像是被点燃了一般，剧烈的快感从{anal}深处一涌而出，令她整个人都战栗了起来。\n那股浓烈的酥麻感沿着肠道向外扩散，漫过每一寸敏感的肌肤，{anal}强烈地一缩一缩，快感如决堤的洪水般将她淹没，令她的意识在这一刻开始变得模糊涣散，脑海里只剩下汹涌的愉悦在反复冲刷。\n她那被充分开发过的身体对这种快感有着极强的承受力，肠道熟练而热情地收缩回应着，仿佛每一次蠕动都在将绝顶的滋味咀嚼得更深，那份娴熟令她能够毫无保留地沉浸在高潮的巅峰。\n伴随着一波波痉挛，{anal}缓缓溢出黏滑的肠液，那种湿漉漉的感觉令她既羞耻又心慌，可身体的沉醉早已压过了理智。\n明明是别人的妻子，此刻却在{SceneName}里为了后穴的绝顶而放纵地喘息颤抖，那份背叛丈夫的背德感如同一根火柴，将她心底的欲望烧得更旺，愧疚与沉沦交缠在一起，令她在这场完整的高潮里迷失了自己，只能任由甜美的余韵一点点将她包裹。
1186,action_part_a_orgasm_normal_C,0,CVP_A2_T|107_E_1&CVP_A2_T|1_E_0&CVP_A2_A|10_G_6,如同海浪般席卷而来的快感彻底将{TargetName}吞没，一股完整而饱满的绝顶从{anal}最深处骤然爆发，令她忍不住扬起脖颈发出细碎的颤音。\n{anal}强烈而绵密地痉挛收缩着，那股灭顶的酥麻一波接一波地拍打着她的神经，令她的四肢绷紧又发颤，小腹一下下抽搐，腰肢反复弓起，意识在这份完整的绝顶中渐渐飘远，只剩满脑子甜腻的空白。\n凭着丰富的肛交经验，她的肠道早已能够娴熟地驾驭这种快感，肠壁一圈圈有力地蠕动着主动榨取愉悦，那份轻车熟路的掌控令她将这场绝顶享受得淋漓尽致。\n她清楚地感到{anal}深处有温热的肠液汩汩流出，那份淫靡的湿滑令她羞得无地自容，偏偏身体却越陷越深地贪恋着。\n作为一个有着家庭与丈夫的人妻，她本不该在这里为了后穴的快感如此放荡失态，可那份偷情般的背德刺激却令绝顶来得格外猛烈，罪恶感与快感在心底反复拉扯，最终都被这股完整的高潮化作深深的沉醉，令她在迷乱的余韵里久久不能自拔。
1187,action_part_a_orgasm_normal_C,0,target_is_player_daughter&CVP_A2_T|1_E_0&CVP_A2_A|10_G_6,一股完整而强烈的快感如决堤的潮水般从{anal}深处轰然涌起，将身为女儿的{TargetName}整个人卷入了绝顶的漩涡。\n经验丰富的肠道早已熟悉这种灭顶的愉悦，此刻却依旧被这标准而饱满的高潮冲得意识微微发白，那股滚烫的酥麻从被填满的深处一波接一波地向外扩散，漫过绷紧的小腹，漫过不住颤抖的腰肢。\n{anal}熟练而有力地痉挛收缩着，一下又一下地绞紧又松开，仿佛在贪婪地咀嚼着这份快感，{TargetName}的脑海里一片甜腻的空白，什么都想不起来，只知道自己正因为这具被父亲彻底开发过的身体而攀上了顶峰。\n她能清晰地感觉到{anal}深处有热乎乎的肠液被绞得溢了出来，那种黏腻的湿意让她羞得几乎抬不起头，明明是自己的亲生父亲，自己却在他面前把后穴高潮的淫态暴露得一览无余。\n这份背德的羞耻非但没有浇熄快感，反而像柴火一样让那股愉悦烧得更旺，{TargetName}绷紧了双腿，腰肢无意识地弓起又软下，沉溺在这场完整而正常的绝顶里，心底翻涌着甜蜜、满足与说不清的沉醉，久久无法从这令人战栗的高潮余韵中回过神来。
1188,action_part_a_orgasm_normal_C,0,target_is_player_daughter&CVP_A2_T|1_E_0&CVP_A2_A|10_G_6,绝顶来临的那一刻，{TargetName}只觉得整个身体都被一股饱满而完整的快感彻底点燃了，那是父亲一手调教出来的、属于女儿的淫靡反应。\n经验丰富的后穴对这种强度的高潮再熟悉不过，{anal}几乎是本能地随着快感的节奏收缩起来，熟练地绞紧、蠕动、又猛地痉挛，将那股灭顶的愉悦一层层榨取到极致。\n快感如海浪般一波又一波地拍打着她的意识，让她的脑子渐渐变得混沌不清，思绪被冲得七零八落，只剩下{anal}深处传来的、那种令她战栗不已的绝顶滋味。\n{TargetName}能感觉到肠液顺着痉挛的节奏一点点被挤出来，湿漉漉地沾湿了穴口，那种羞耻的湿热让她的脸颊烧得通红，明明是不该有的父女关系，她的身体却诚实得令人羞愧，在父亲面前毫无保留地绝顶着。\n她咬着下唇想要压抑那股快感，腰肢却止不住地轻颤，双腿绷得紧紧的，指尖无意识地攥紧，沉浸在这场完整而正常的高潮愉悦里，心底满是被填满的甜蜜与深深的满足，还夹杂着一丝身为女儿的、无处遁形的迷乱与沉醉。
1189,action_part_a_orgasm_normal_C,0,target_is_player_daughter&CVP_A2_T|1_E_0&CVP_A2_A|10_G_6,一次完整而标准的绝顶毫无预兆地贯穿了{TargetName}的全身，让身为{Name}女儿的她瞬间绷直了脊背。\n那股强烈的快感从{anal}最深处炸开，如同海浪般席卷了每一寸肌肤，她经验丰富的肠道在这份熟悉的愉悦中娴熟地翻搅收缩，{anal}一下下地痉挛绞紧，仿佛要将这灭顶的快感彻底吞进身体里。\n意识在快感的冲刷下开始变得模糊，{TargetName}的眼神渐渐失去了焦距，脑海里泛起一片甜腻的空白，唯有下腹深处那种被快感填满的满足感无比清晰。\n后穴深处不断有温热的肠液被绞出，滑腻地淌下来，那份湿意让她清楚地意识到自己正在父亲面前高潮，羞耻和背德感如潮水般涌上心头，却诡异地让这份快感变得更加浓烈。\n{TargetName}的腰肢不受控制地弓起又瘫软，大腿内侧微微痉挛，纤细的手指死死抓着什么，整个人都陷进了这场正常强度却足够让她沦陷的绝顶里，心底涌动着甜美、羞涩与作为女儿不该有的深深沉醉，任由那股愉悦的余韵在体内久久回荡。
1190,action_part_a_orgasm_normal_C,0,target_is_player_daughter&CVP_A2_T|1_E_0&CVP_A2_A|10_G_6,快感在积累到足够的程度后终于化作一场完整的绝顶，轰然席卷了{TargetName}的整具身体。\n作为父亲亲手开发出来的女儿，她那经验丰富的肠道早已能够熟练地承接这种强度的高潮，{anal}主动而有力地一圈圈收缩蠕动着，将那股滚烫的愉悦榨取得淋漓尽致，每一次痉挛都让快感更深地钻进骨髓。\n那种灭顶的酥麻感从{anal}深处一路蔓延到四肢百骸，{TargetName}的意识被冲刷得渐渐模糊，脑子里嗡嗡作响，什么都思考不了，只能任由自己在这场正常而饱满的绝顶中随波逐流。\n她能感觉到{anal}被快感绞得溢出了黏腻的肠液，那湿滑的触感让她羞耻得几乎想要蜷缩起来，偏偏对方是自己的亲生父亲，这份禁忌让她心底涌起一阵战栗的酥麻。\n{TargetName}绷紧的腰肢微微弓起，双腿夹得死紧又忍不住颤抖，她沉浸在这份完整的高潮愉悦里，被快感彻底淹没的内心翻涌着甜蜜的满足与身为女儿的迷乱羞涩，那股绝顶的余韵久久盘旋在身体深处，让她迟迟无法回神。
1191,action_part_a_orgasm_normal_C,0,target_is_player_daughter&CVP_A2_T|1_E_0&CVP_A2_A|10_G_6,绝顶的浪潮如约而至，一股完整而正常的强烈快感从{anal}的最深处骤然爆发开来，将{TargetName}整个人推上了高潮的巅峰。\n她经验丰富的身体对这份愉悦驾轻就熟，{anal}熟练地随着快感的起伏收缩痉挛，一下下地绞紧又放松，贪婪地咀嚼着这份灭顶的滋味，将快感一点点推向更深的地方。\n那股酥麻的愉悦如潮水般漫过全身，{TargetName}的意识开始一点点变得恍惚，眼前有些发花，思绪也变得断断续续，只剩下后穴深处传来的、令她战栗的绝顶快感在支配着她的全部感官。\n温热的肠液顺着{anal}的痉挛被一点点挤出，湿漉漉地打湿了穴口，那份羞耻的湿意让身为女儿的她脸颊滚烫，明明是自己的父亲，自己却在他手下把后穴绝顶的模样彻底展露无遗。\n这份背德的羞耻感反而让快感烧得更加炽烈，{TargetName}的腰肢无力地弓起又塌下，大腿根不住地打着颤，纤细的手指攥得发白，她彻底沉醉在这场完整的高潮里，心底满是被填满的甜蜜、深深的满足和那份专属于女儿的、无法言说的沉迷与眷恋，任由绝顶的余韵在体内一寸寸消散。

1192,action_part_a_orgasm_normal_C,0,CVP_A2_T|106_E_1&CVP_A2_A|5_LE_3&high_2,一阵沉厚而无法忽视的快感骤然从{anal}深处翻涌上来，饱经世事的{TargetName}原以为那处迟钝的地方掀不起什么波澜，却在这一刻被彻底推上了绝顶。\n那股快感不再是从前那种被填满的沉闷异物感，而是化作一波接一波的热浪，从{anal}深处漫过丰腴的小腹，漫过成熟的腰肢，令她一向沉稳从容的神态在顷刻间土崩瓦解，意识开始一点点变得模糊起来，却还未被彻底冲垮。\n{anal}强烈而有节奏地痉挛收缩着，每一次抽搐都令{TargetName}成熟的身体不受控地弓起又颤抖，她能清晰地感觉到有温热的肠液从深处缓缓溢出，那股淫靡的湿滑感令她这个阅历丰富的女人也羞得面红耳赤。\n浓烈的快感如海浪般席卷全身，令她的脑海一片甜美的空白，多年积攒的从容与矜持在这场完整而剧烈的绝顶里荡然无存，只剩下被快感淹没的深深满足。\n那阵绝顶久久不肯退去，{TargetName}丰腴的胴体还在细细地余颤着，{anal}残留的收缩带着令她沉醉又羞耻的余韵，她万万没想到那处素来迟钝的地方竟能带来这样完整而汹涌的高潮，成熟的心底既满足又迷乱，久久无法平复。
1193,action_part_a_orgasm_normal_C,0,CVP_A2_T|106_E_1&CVP_A2_A|5_LE_3&high_2,快感毫无预兆地从{anal}最深处炸开，令一向对自己身体了如指掌的{TargetName}也措手不及，那处她自认迟钝麻木的地方，此刻竟被推向了一场完整而标准的绝顶。\n先前还只是被撑开填满的钝重压迫感，转眼间就发酵成一股股滚烫的酥麻，顺着{anal}向外扩散，漫过成熟丰腴的臀肉，漫过绷紧的腰腹，令她那双修长的美腿不由自主地绷直又颤抖。\n{anal}一下一下猛烈地收缩着，抽搐的幅度大得令她这个见惯风月的熟女也失了分寸，意识在快感的浪潮里渐渐涣散，呼吸变得急促而凌乱。\n她能感到有黏腻的肠液顺着痉挛不断渗出，那种淫荡的湿意令她成熟的脸颊烧得滚烫，明明理论上对性事了如指掌，真正被这样一场汹涌的绝顶淹没时，还是忍不住沉沦进那片甜美的迷乱里。\n直到那波高潮的余势缓缓退散，{TargetName}丰满的身躯仍旧微微战栗着，{anal}残余的收缩一下下提醒着她方才那场完整绝顶的强烈，成熟的眼眸里泛起一层迷离的水光，心底满是被彻底满足后的餍足与羞赧。
1194,action_part_a_orgasm_normal_C,0,CVP_A2_T|106_E_1&CVP_A2_A|5_LE_3&high_2,一股汹涌的快感陡然自{anal}深处奔腾而出，将{TargetName}多年修炼出的沉稳从容一举击碎，那处她原以为感受不到什么强烈刺激的地方，竟迎来了一场完整而剧烈的绝顶。\n那种感觉早已不是最初的填塞异物感，而是化作绵密而炙热的电流，一波波从{anal}深处翻涌上来，漫过她成熟饱满的身体每一处，令丰腴的腰肢忍不住反复弓起，紧实的小腹一阵阵抽搐。\n{anal}剧烈而有节奏地痉挛着，每一次收缩都令{TargetName}忍不住浑身颤栗，她清楚地感觉到有温热的肠液被这股痉挛挤压出来，缓缓流淌，那股难以启齿的湿滑令她成熟的心底泛起一阵羞耻的沉醉。\n快感如潮水般层层拍打着她的意识，令她的思绪渐渐变得模糊涣散，却还残留着一丝清明，让她清晰地体味着这份被快感彻底填满的餍足。\n那场绝顶迟迟不肯散去，{TargetName}的身体还在余韵中细细颤动，{anal}一下下轻微的收缩带着令她迷醉的余温，她带着几分难以置信的迷乱，暗暗惊叹于那处迟钝的地方竟也能被开发出这般完整浓烈的高潮。
1195,action_part_a_orgasm_normal_C,0,CVP_A2_T|106_E_1&CVP_A2_A|5_LE_3&high_2,绝顶来得又急又猛，一股沉甸甸的快感从{anal}最深处轰然涌起，令阅历丰富的{TargetName}也在这一瞬彻底失了沉着，那处一贯迟钝寡淡的地方，竟被推向了一场正常而完整的高潮巅峰。\n起初还只是被填满的沉闷胀感，此刻却层层叠叠地转化成滚烫的快意，自{anal}向四周炸裂开来，漫过她丰腴成熟的臀腿，渗进绷紧的下腹，令她那副见惯世面的身躯也控制不住地弓起颤抖。\n{anal}强烈地一缩一缩，痉挛的节奏令{TargetName}的意识在浪潮中一点点变得恍惚，急促的喘息再也压不住，成熟的面庞上写满了沉溺的媚态。\n她能感觉到黏热的肠液顺着不断的收缩缓缓涌出，濡湿一片，那股淫靡的触感令这个成熟的女人又羞又迷，心底涌起被快感彻底浸没的深深满足。\n待那阵完整的绝顶渐渐平复，{TargetName}丰满的胴体仍在微微战栗，{anal}残存的余颤一下下荡漾着甜美的余韵，她成熟的眼底浮起一层迷乱的醉意，怎么也想不到那处素来迟钝的地方，竟能带来如此酣畅淋漓的满足，久久沉浸其中不愿抽离。
1196,action_part_a_orgasm_normal_C,0,CVP_A2_T|106_E_1&CVP_A2_A|5_LE_3&high_2,猛烈的快感毫无征兆地自{anal}深处席卷而来，一举冲垮了{TargetName}多年沉淀出的从容矜持，那处她原本感觉平淡迟钝的地方，此刻竟被送上了一场完整正常的绝顶之巅。\n那份感觉早已褪去了单纯被撑开的异物钝感，化作一浪高过一浪的酥麻热潮，从{anal}深处汹涌漫开，浸透她成熟丰腴的每一寸肌肤，令柔韧的腰肢一次次弓起，紧实的小腹随之痉挛抽搐。\n{anal}有力而急促地收缩痉挛着，每一下抽搐都令{TargetName}这个见多识广的熟女浑身战栗，意识在快感的洪流里逐渐模糊，只余下被愉悦淹没后的甜美空白。\n她清晰地感到有滚烫黏腻的肠液被痉挛一波波挤出，缓缓滑落，那股湿淋淋的淫荡令她成熟的脸颊羞得发烫，心底却又忍不住沉醉在这份直白而浓烈的快感里。\n直到那场绝顶的余势缓缓退去，{TargetName}丰满的身子还在断续地颤栗，{anal}一下下细微的收缩带着令她餍足又迷乱的余温，她带着难以言喻的满足喟叹，深深沉溺在那处迟钝之地被彻底开发后的酣畅高潮余韵之中。
1197,action_part_a_orgasm_normal_C,0,CVP_A2_T|107_E_1&CVP_A2_A|5_LE_3,一波并不算尖锐却绵长深沉的快感终于从{anal}深处翻涌上来，令已为人妻的{TargetName}整个人都僵了一瞬。\n她的肠道敏感度本就不高，一路承受的更多是被填满的沉甸甸的异物感，可当这股钝重的酥麻累积到某个临界，还是像温热的潮水般漫过了她的小腹与腰肢，{anal}不由自主地一下下收缩痉挛着，那种迟来的顶点感令她的意识开始泛起模糊的白雾。\n{TargetName}分明感到有一丝滑腻的肠液悄悄溢了出来，那股难以启齿的湿意令她羞得几乎想蜷起身子，偏偏身体却诚实地沉溺在这场姗姗来迟的绝顶里。\n她脑海里闪过丈夫的影子，想到自己竟是靠这处淫秽的地方迎来了完整的高潮，背德的愧疚与禁忌的快意搅在一起，令她的心跳乱成一团。\n那阵钝而深的绝顶缓缓退去，{TargetName}的脸颊滚烫，意识一点点重新清晰，{anal}残留的余颤还在提醒着她方才那不算强烈却无比真切的顶点，令这个已婚的女人久久无法平复心底翻涌的迷乱与羞耻。
1198,action_part_a_orgasm_normal_C,0,CVP_A2_T|107_E_1&CVP_A2_A|5_LE_3,这一次的快感来得沉闷而扎实，从{anal}最深处一寸寸顶了上来，{TargetName}猝不及防地弓起了腰。\n她这处地方素来感觉迟钝，先前大半时候只觉得是被撑开的胀满与压迫，谁知那些迟钝的钝痛竟悄悄酿成了快感，此刻一齐化作绵密的电流，顺着{anal}向四肢百骸荡开，令她成熟丰腴的身体细细地颤抖着，双腿绷得笔直。\n意识在这股完整的绝顶里开始变得恍惚，{TargetName}却还残留着一丝清醒，清醒得足以让她意识到{anal}正一缩一缩地涌出温热的肠液，那种黏腻的触感令她羞耻得咬住了下唇。\n身为人妻，她本不该在这种地方达到如此彻底的高潮，可背叛婚姻的刺激反倒让这场绝顶变得格外淋漓，愧疚与沉醉在心口反复拉扯。\n直到那阵深沉的顶点渐渐平息，{TargetName}才发觉自己已是气息紊乱，{anal}处一下下的余韵仍在轻轻搏动，令她既想否认方才的失态，又无法压下心底那份禁忌的满足。
1199,action_part_a_orgasm_normal_C,0,CVP_A2_T|107_E_1&CVP_A2_A|5_LE_3,快感如一道迟缓却厚重的浪，终于从{anal}深处翻卷而起，将{TargetName}整个人都卷了进去。\n因着这处地方的感度本就浅淡，她一直只朦胧地感到被填塞的钝重，直到这股绵长的酥麻累积得再也压不住，才轰然化作一场完整的绝顶，{anal}一阵阵有节奏地紧缩着，把那沉甸甸的快意一波波挤压出来，令她的腰肢反复轻颤，小腹一下下抽动。\n她的意识在浪尖上变得模糊，脑子里空落落的什么都想不起来，只剩下那股钝而深的愉悦在体内翻涌。\n{TargetName}恍惚间感到有肠液顺着{anal}缓缓渗出，那种湿滑令她这个已婚的身子羞得发烫，偏偏心底又涌起一股背德的战栗，她竟在丈夫不知情的地方，用这样淫靡的方式尝到了完整高潮的滋味。\n那阵厚重的绝顶缓缓消退，{TargetName}脸颊绯红，气息未定，{anal}残留的余颤带着令她难以言说的满足，将这个人妻的心底浸得又甜又乱。
1200,action_part_a_orgasm_normal_C,0,CVP_A2_T|107_E_1&CVP_A2_A|5_LE_3,那股一直迟迟不肯到来的顶点，终于沉沉地从{anal}深处炸开，{TargetName}的呼吸骤然乱了。\n她肠道的敏感度实在有限，先前更多是麻木的胀满与被贯穿的沉重感，可就在她以为不过如此的时候，那些迟钝的刺激竟悄然汇聚成完整的绝顶，{anal}不受控制地一下下痉挛收缩，把绵密的快感一层层推向全身，令她成熟的身躯轻轻绷紧又微微瘫软。\n意识在这场高潮里开始朦胧，{TargetName}却清楚地感觉到{anal}正涌出温热黏腻的肠液，那羞人的湿意令她恨不得把脸埋起来。\n她脑中掠过为人妻的身份，想到自己背着丈夫在这里靠着后穴迎来彻底的绝顶，那份背德的罪恶与禁忌的酥爽交织翻腾，令她心口又慌又醉。\n待那阵沉重的顶点缓缓退散，{TargetName}才回过神来，脸颊烫得厉害，{anal}处一缩一缩的余韵仍未散尽，令她这个已婚的女人沉浸在羞耻又满足的迷乱余温里久久不能自拔。
1201,action_part_a_orgasm_normal_C,0,CVP_A2_T|107_E_1&CVP_A2_A|5_LE_3,一阵深沉绵密的快感终于自{anal}深处汹涌漫开，令已为人妻的{TargetName}浑身一震。\n她这处地方素来感度低下，起初只觉得是钝钝的填塞与撑开的异样，然而那份钝重竟在不知不觉间累积成了完整的绝顶，此刻如温热的潮水般席卷她的小腹、腰际乃至每一寸丰腴的肌肤，{anal}一波波紧缩痉挛，把那绵长的顶点感一下下榨出来。\n{TargetName}的意识在快感的浪潮里渐渐模糊，脑海泛起一片甜腻的空白，唯有{anal}处渗出的滑腻肠液提醒着她这场高潮有多么真切，那湿意令她羞得几乎无地自容。\n身为有夫之妇，她竟在这般隐秘淫秽的地方迎来正常而完整的绝顶，背叛家庭的愧疚与偷尝禁果的战栗在心底反复冲撞，令她既沉沦又惶恐。\n直到那阵深绵的绝顶缓缓平息，{TargetName}仍气息紊乱，脸颊滚烫，{anal}残留的细微余颤带着难以启齿的满足，将这个人妻的心浸泡在羞耻与迷醉交织的余韵之中。
1202,action_part_a_orgasm_normal_C,0,target_is_player_daughter&CVP_A2_A|5_LE_3,一波并不尖锐却绵长深沉的快感终于从{anal}深处翻涌上来，令身为{Name}亲生女儿的{TargetName}整个人都僵住了。\n她这处地方的敏感度本就低微，一路承受的更多是被填满撑开的沉甸甸异物感，可当那份钝重的酥麻悄悄累积到某个临界，还是像温热的潮水般漫过她的小腹与腰肢，{anal}不由自主地一下下收缩痉挛着，那种迟来的顶点感令她的意识渐渐泛起模糊的白雾。\n{TargetName}分明感到有一丝滑腻的肠液悄悄溢了出来，那股难以启齿的湿意令她羞得几乎想蜷起身子，偏偏心底最先浮现的却是父亲的面容。\n她想到自己竟是靠这处淫秽的地方，为最疼爱她的爸爸迎来了完整的绝顶，父女间不该有的悖德愧疚与依恋爸爸的甜蜜纠缠在一起，令她的心跳乱成一团。\n那阵钝而深的绝顶缓缓退去，{TargetName}脸颊滚烫，意识一点点重新清晰，{anal}残留的余颤还在提醒她方才那不算尖锐却无比真切的顶点，令这个深爱着父亲的女儿久久无法平复心底翻涌的迷乱与羞耻。
1203,action_part_a_orgasm_normal_C,0,target_is_player_daughter&CVP_A2_A|5_LE_3,这一次的快感来得沉闷而扎实，从{anal}最深处一寸寸顶了上来，{TargetName}猝不及防地弓起了腰。\n她这处地方素来感觉迟钝，先前大半时候只觉得是被撑开的胀满与压迫，谁知那些迟钝的钝重竟在不知不觉间酿成了快感，此刻一齐化作绵密的电流，顺着{anal}向四肢百骸荡开，令她青涩的身体细细地颤抖着，双腿绷得笔直。\n意识在这股完整的绝顶里开始变得恍惚，{TargetName}却还残留着一丝清醒，清醒得足以让她察觉{anal}正一缩一缩地渗出温热的肠液，那种黏腻的触感令她羞耻得咬住了下唇。\n她本是父亲最乖巧的女儿，却在这里靠着这般见不得人的地方迎来了如此彻底的高潮，对爸爸的孺慕与这份禁忌的沉醉在心口反复拉扯，令她既想被父亲夸奖又羞得抬不起头。\n直到那阵深沉的顶点渐渐平息，{TargetName}才发觉自己已是气息紊乱，{anal}处一下下的余韵仍在轻轻搏动，令她既想否认方才的失态，又无法压下心底那份对父亲的甜腻依恋与满足。
1204,action_part_a_orgasm_normal_C,0,target_is_player_daughter&CVP_A2_A|5_LE_3,快感如一道迟缓却厚重的浪，终于从{anal}深处翻卷而起，将{TargetName}整个人都卷了进去。\n因着这处地方的感度本就浅淡，她一直只朦胧地感到被填塞的钝重，直到这股绵长的酥麻累积得再也压不住，才轰然化作一场完整的绝顶，{anal}一阵阵有节奏地紧缩着，把那沉甸甸的快意一波波挤压出来，令她的腰肢反复轻颤，小腹一下下抽动。\n她的意识在浪尖上渐渐模糊，脑子里空落落的什么都想不起来，只剩下那股钝而深的愉悦在体内翻涌，以及对身边父亲那份熟悉的安心与眷恋。\n{TargetName}恍惚间感到有肠液顺着{anal}缓缓渗出，那种湿滑令她这个做女儿的羞得发烫，偏偏心底又涌起一股背德的战栗，她竟用这样淫靡的方式，在最爱的爸爸面前尝到了完整高潮的滋味。\n那阵厚重的绝顶缓缓消退，{TargetName}脸颊绯红，气息未定，{anal}残留的余颤带着令她难以言说的满足，将这个依恋父亲的女儿的心底浸得又甜又乱。
1205,action_part_a_orgasm_normal_C,0,target_is_player_daughter&CVP_A2_A|5_LE_3,那股一直迟迟不肯到来的顶点，终于沉沉地从{anal}深处炸开，{TargetName}的呼吸骤然乱了。\n她肠道的敏感度实在有限，先前更多是麻木的胀满与被贯穿的沉重感，可就在她以为不过如此的时候，那些迟钝的刺激竟悄然汇聚成了完整的绝顶，{anal}不受控制地一下下痉挛收缩，把绵密的快感一层层推向全身，令她稚嫩的身躯轻轻绷紧又微微瘫软。\n意识在这场高潮里开始朦胧，{TargetName}却清楚地感觉到{anal}正涌出温热黏腻的肠液，那羞人的湿意令她恨不得把脸埋进父亲怀里。\n她脑中掠过自己身为{Name}女儿的身份，想到自己竟在最疼爱她的爸爸手中靠着后穴迎来彻底的绝顶，那份不该有的罪恶与对父亲深深的爱慕交织翻腾，令她心口又慌又醉。\n待那阵沉重的顶点缓缓退散，{TargetName}才回过神来，脸颊烫得厉害，{anal}处一缩一缩的余韵仍未散尽，令这个深爱父亲的女儿沉浸在羞耻又满足的迷乱余温里久久不能自拔。
1206,action_part_a_orgasm_normal_C,0,target_is_player_daughter&CVP_A2_A|5_LE_3,一阵深沉绵密的快感终于自{anal}深处汹涌漫开，令身为{Name}女儿的{TargetName}浑身一震。\n她这处地方素来感度低下，起初只觉得是钝钝的填塞与撑开的异样，然而那份钝重竟在不知不觉间累积成了完整的绝顶，此刻如温热的潮水般席卷她的小腹、腰际乃至每一寸青涩的肌肤，{anal}一波波紧缩痉挛，把那绵长的顶点感一下下榨出来。\n{TargetName}的意识在快感的浪潮里渐渐模糊，脑海泛起一片甜腻的空白，唯有{anal}处渗出的滑腻肠液提醒着她这场高潮有多么真切，那湿意令她羞得几乎无地自容。\n身为父亲最宝贝的女儿，她竟在爸爸身边迎来这般正常而完整的绝顶，父女间不容许的愧疚与偷偷渴望被父亲宠爱的甜蜜在心底反复冲撞，令她既沉沦又惶恐。\n直到那阵深绵的绝顶缓缓平息，{TargetName}仍气息紊乱，脸颊滚烫，{anal}残留的细微余颤带着难以启齿的满足，将这个眷恋父亲的女儿的心浸泡在羞耻与迷醉交织的余韵之中。

1207,action_part_a_orgasm_normal_C,0,CVP_A2_T|102_E_1&CVP_A2_A|5_G_3&CVP_A2_A|5_LE_6,一波沉重而汹涌的快感毫无预兆地从{anal}深处轰然炸开，幼小的{TargetName}整个稚嫩的身体都被这股突如其来的洪流狠狠掀翻。\n那股滚烫的绝顶感一浪高过一浪地席卷着她小小的下腹，漫过纤细的腰肢，冲进每一寸尚未发育的幼嫩肌肤，令她娇小的身子止不住地剧烈颤抖起来，脑子里一片混沌，什么都想不明白，只剩下{anal}一下一下强烈痉挛收缩的鲜明快感在体内反复冲撞。\n意识在这股洪流里开始变得迷迷糊糊，稚气的小脸上写满了她根本无法理解的迷乱与陶醉，小小的心脏怦怦狂跳，被这份远超她认知的巨大愉悦彻底淹没。\n{anal}不受控制地一阵阵收紧又松开，随着那节奏，她能清晰地感觉到有温热的肠液顺着痉挛的甬道悄悄溢了出来，那种黏腻的湿润感让幼小的她又羞又慌，却怎么也止不住身体的战栗，只能张着小嘴无声地承受着这场彻底的绝顶。\n那阵猛烈的高潮浪潮缓缓退去，{TargetName}还瘫软着没能回过神来，稚嫩的脸颊烧得通红，小腹仍在一下一下地余韵般轻抽，心里塞满了她说不清也道不明的满足与茫然，只是懵懵懂懂地沉浸在那份从未体会过的深深愉悦里，久久无法平息。
1208,action_part_a_orgasm_normal_C,0,CVP_A2_T|102_E_1&CVP_A2_A|5_G_3&CVP_A2_A|5_LE_6,毫无防备之间，一股汹涌而完整的绝顶快感从{anal}的最深处猛地喷涌上来，令小小的{TargetName}发出了一声细弱的惊颤。\n那种强烈而绵密的酥麻如同决堤的潮水，一波接着一波地漫过她幼嫩的小腹和细瘦的腰身，冲得她整个娇小的身体都绷紧起来，双腿无意识地夹得死紧，稚嫩的脚趾也蜷缩成一团，脑袋里嗡嗡作响，一片空白，只能被动地感受着{anal}强烈而有节奏的收缩痉挛。\n她的意识在这股快感中开始一点点模糊，小小的胸口剧烈起伏着，稚气的神情彻底沉沦在这份庞大得几乎要将她吞没的愉悦里，那种感觉太过强烈，令幼小的她根本无从抵抗。\n{anal}深处不断传来一阵阵灼热的收紧，伴随着微微渗出的黏滑肠液，那湿润的触感让她又慌又羞，小脸红得几乎要滴出血来，却又忍不住被这陌生而剧烈的快感牢牢牵引着，任由自己在这场完整的绝顶里颤抖着沉浮。\n直到那股汹涌的浪潮渐渐平复，{TargetName}才软绵绵地喘着气，稚嫩的身体还残留着细密的余颤，小小的心里被巨大的满足感填得满满当当，又混杂着说不出的迷茫与羞涩，只能怔怔地沉浸在这份深深的沉醉之中。
1209,action_part_a_orgasm_normal_C,0,CVP_A2_T|102_E_1&CVP_A2_A|5_G_3&CVP_A2_A|5_LE_6,一阵浓烈而扎实的快感骤然从{anal}深处翻涌而起，小小的{TargetName}的身体猛地一僵，随即便被这份鲜明的绝顶感彻底裹挟。\n那股快乐并不算陌生，她幼嫩的身体早已学会从这处隐秘的地方汲取快意，只是这一次的强度远远超过了以往，滚烫的酥麻从{anal}一路蔓延，浸透她稚嫩的下腹与纤细的腰肢，令她整个小小的身子都止不住地颤栗，脑海里乱糟糟的，什么念头都抓不住。\n{anal}一下一下有力地收缩着，那种绵密而强烈的痉挛让她的意识开始变得朦胧，稚气的小脸上浮现出深深沉醉的神色，她清楚地知道自己正被这份快感支配着，却半点也不想逃开，只想沉溺其中。\n伴随着一波波的收紧，温热的肠液悄然从{anal}渗出，滑腻的感觉令幼小的她羞得直咬下唇，可身体却诚实地迎合着这份愉悦，小腹反复地轻轻抽搐，双腿也绷得笔直。\n当那阵完整而饱满的绝顶缓缓退潮，{TargetName}的脸颊依旧滚烫，小小的胸膛微微起伏，意识才一点点重新清晰起来，心里盛满了扎实的满足与甜腻的余韵，那份深深的愉悦在她幼小的身体里久久回荡，令她怎么也平静不下来。
1210,action_part_a_orgasm_normal_C,0,CVP_A2_T|102_E_1&CVP_A2_A|5_G_3&CVP_A2_A|5_LE_6,快感如同一场毫无预警的海啸，从{anal}的深处轰然涌起，将幼小的{TargetName}整个人狠狠卷入其中。\n那股完整而剧烈的绝顶感一层层堆叠着席卷全身，冲过她稚嫩的小腹，撞进单薄的腰身，令她娇小的身躯不由自主地弓了起来，纤细的四肢紧紧绷直又微微发颤，脑子里被这铺天盖地的愉悦搅得一片混乱，再也想不起别的东西。\n她能清晰地感觉到{anal}正强烈而有节奏地痉挛收缩着，每一下收紧都掀起新一波的快感，令她稚气的意识渐渐飘忽模糊，小小的心脏被这份庞大的欢愉填得满满的，沉沉地陷进去，无力也无心挣脱。\n随着甬道深处一阵阵灼热的抽搐，黏稠的肠液悄悄溢出{anal}，那湿滑的触感让幼小的她又羞又乱，小脸埋进臂弯里，却依旧压不住浑身的战栗与断断续续的轻颤。\n那场汹涌的绝顶浪潮终于慢慢退去，{TargetName}软软地瘫着，稚嫩的身体还一下一下地余韵轻搐，小腹与腰肢泛着酥麻的余温，心里被深深的满足与她无法言说的沉醉塞得满满当当，只能怔怔地缓着气，久久沉浸在这份陌生又美好的余韵里。
1211,action_part_a_orgasm_normal_C,0,CVP_A2_T|102_E_1&CVP_A2_A|5_G_3&CVP_A2_A|5_LE_6,没有一丝征兆，一股饱满而汹涌的绝顶快感从{anal}最深处猛然爆发开来，小小的{TargetName}被这份突如其来的强烈愉悦冲得浑身一颤。\n那种滚烫的酥麻感如潮水般一浪接一浪地漫过她幼嫩的下腹，渗进纤细的腰肢，冲刷着每一寸稚嫩的肌肤，令她娇小的身子止不住地剧烈颤动，小手不自觉地攥成了拳，稚气的脚趾也紧紧蜷起，脑海里被这份庞大的快感搅成一团浆糊。\n{anal}强烈而绵密地一收一放，那有节奏的痉挛将她的意识一点点冲得模糊起来，稚嫩的小脸上满是她自己也读不懂的迷醉神情，小小的胸口急促起伏，被这份完整的绝顶彻底俘获，深深沉溺其中无法自拔。\n伴着一阵阵灼热的收缩，温热黏腻的肠液顺着{anal}悄然流淌出来，那份湿润羞得幼小的她小脸通红，却又忍不住迎合着这股快意，任由身体一次次地战栗、绷紧。\n直到那股汹涌的浪潮缓缓平息，{TargetName}才瘫软下来，大口大口地喘着气，稚嫩的身体残留着细密的余颤，小腹仍轻轻地一下下抽动，心里被满满的餍足与甜腻的迷乱填得再无空隙，只能沉沉地陷在这份深深的愉悦余韵里，怎么也回不过神来。

1212,action_part_a_orgasm_normal_C,0,CVP_A2_T|103_E_1&CVP_A2_A|5_G_3&CVP_A2_A|5_LE_6,一股汹涌而完整的绝顶快感毫无预兆地从{anal}深处轰然涌了上来，令刚开始发育的{TargetName}整个娇小的身体都被这股洪流狠狠掀翻。\n那种滚烫而绵密的酥麻如同决堤的潮水，一浪高过一浪地漫过她青涩的小腹，冲进纤细的腰肢，浸透每一寸稚嫩却已初现少女轮廓的肌肤，令她止不住地剧烈颤抖起来，脑子里乱成一片，什么都想不清楚，只剩下{anal}一下一下强烈痉挛收缩的鲜明快感在体内反复冲撞。\n她的意识在这股洪流里开始变得迷迷糊糊，她心里既害怕又好奇，那份远超她认知的巨大愉悦让她既想逃开又忍不住沉沦，稚气未脱的小脸上写满了她自己也读不懂的迷乱与陶醉。\n随着{anal}一阵阵灼热的收紧，她能清晰地感觉到有温热的肠液顺着痉挛的甬道悄悄溢了出来，那种黏腻的湿润感让半懂不懂的她又羞又慌，却怎么也止不住浑身的战栗。\n那阵猛烈的高潮浪潮缓缓退去，{TargetName}还软软地喘着气没能回过神来，脸颊烧得通红，小腹仍一下一下地余韵轻抽，心里塞满了她说不清也道不明的满足与茫然，只能懵懵懂懂地沉浸在这份完整的绝顶余韵里，久久无法平息。
1213,action_part_a_orgasm_normal_C,0,CVP_A2_T|103_E_1&CVP_A2_A|5_G_3&CVP_A2_A|5_LE_6,毫无防备之间，一波沉重而扎实的绝顶快感从{anal}的最深处猛地喷涌上来，令身材娇小的{TargetName}发出了一声细弱的惊颤。\n那种强烈而绵密的酥麻感一层层堆叠着席卷全身，冲过她刚开始发育的小腹，撞进单薄的腰身，令她纤瘦的身躯不由自主地绷紧弓起，稚嫩的双腿无意识地夹得死紧，小小的脚趾也蜷缩成一团，脑袋里嗡嗡作响一片空白，只能被动地承受着{anal}强烈而有节奏的收缩痉挛。\n这份快乐她并非全然陌生，她的身体已经隐约学会从这处隐秘的地方汲取快意，只是这一次的强度远远超出了以往，令她青涩的意识一点点变得模糊，兼具天真与早熟的神情彻底沉沦在这份庞大的愉悦里。\n{anal}深处不断传来一阵阵灼热的收紧，伴随着微微渗出的黏滑肠液，那湿润的触感让她又慌又羞，小脸红得几乎要滴出血来，却又忍不住被这份鲜明而剧烈的快感牢牢牵引着。\n直到那股汹涌的浪潮渐渐平复，{TargetName}才软绵绵地大口喘着气，稚嫩的身体还残留着细密的余颤，小小的心里被扎实的满足感填得满满当当，又混杂着说不出口的迷茫与羞涩，只能怔怔地缓着神，久久沉浸在这份深深的沉醉之中。
1214,action_part_a_orgasm_normal_C,0,CVP_A2_T|103_E_1&CVP_A2_A|5_G_3&CVP_A2_A|5_LE_6,一阵浓烈而饱满的快感骤然从{anal}深处翻涌而起，才刚开始发育的{TargetName}的身体猛地一僵，随即便被这份完整的绝顶感彻底裹挟。\n那股滚烫的酥麻从{anal}一路蔓延开来，浸透她青涩的下腹与纤细的腰肢，令她整个娇小的身子都止不住地颤栗，稚气的小脸上浮现出深深沉醉的神色，脑海里乱糟糟的，什么念头都抓不住，只能被这一波接一波的愉悦推着往前。\n{anal}一下一下有力地收缩着，那种绵密而强烈的痉挛让她的意识开始变得朦胧起来，她隐约知道自己正被这份快感牢牢支配着，心里既生出一丝害怕，又忍不住好奇地想再多感受一些，那份矛盾的心思让她越发脸红心跳。\n伴随着一波波的收紧，温热的肠液悄然从{anal}渗出，滑腻的感觉令半大的她羞得直咬下唇，可她青涩的身体却诚实地迎合着这份愉悦，小腹反复地轻轻抽搐，稚嫩的双腿也绷得笔直。\n当那阵完整而剧烈的绝顶缓缓退潮，{TargetName}的脸颊依旧滚烫，小小的胸膛微微起伏，意识才一点点重新清晰起来，心里盛满了扎实的满足与甜腻的余韵，那份深深的愉悦在她初初发育的身体里久久回荡，令她怎么也平静不下来。
1215,action_part_a_orgasm_normal_C,0,CVP_A2_T|103_E_1&CVP_A2_A|5_G_3&CVP_A2_A|5_LE_6,快感如同一场毫无预警的海啸，从{anal}的深处轰然涌起，将身形娇小的{TargetName}整个人狠狠卷入其中。\n那股完整而汹涌的绝顶感一浪高过一浪地席卷全身，冲过她刚初现少女轮廓的小腹，撞进纤细单薄的腰身，令她稚嫩的身躯不由自主地弓了起来，纤细的四肢紧紧绷直又微微发颤，脑子里被这铺天盖地的愉悦搅得一片混乱，再也想不起别的东西。\n她能清晰地感觉到{anal}正强烈而有节奏地痉挛收缩着，每一下收紧都掀起新一波的快感，令她青涩的意识渐渐飘忽模糊，兼具懵懂与早熟的小脸上满是她自己也读不懂的沉醉，被这份庞大的欢愉填得满满的，既惊慌又忍不住深深陷了进去。\n随着甬道深处一阵阵灼热的抽搐，黏稠的肠液悄悄溢出{anal}，那湿滑的触感让她又羞又乱，小脸埋进臂弯里，却依旧压不住浑身的战栗与断断续续的轻颤。\n那场汹涌的绝顶浪潮终于慢慢退去，{TargetName}软软地瘫着大口喘息，稚嫩的身体还一下一下地余韵轻搐，小腹与腰肢泛着酥麻的余温，心里被深深的满足与她无法言说的迷乱塞得满满当当，只能怔怔地缓着气，久久沉浸在这份陌生又美好的余韵里。
1216,action_part_a_orgasm_normal_C,0,CVP_A2_T|103_E_1&CVP_A2_A|5_G_3&CVP_A2_A|5_LE_6,没有一丝征兆，一股饱满而汹涌的绝顶快感从{anal}最深处猛然爆发开来，才刚开始发育的{TargetName}被这份突如其来的强烈愉悦冲得浑身一颤。\n那种滚烫的酥麻感如潮水般一浪接一浪地漫过她青涩的下腹，渗进纤细的腰肢，冲刷着每一寸稚嫩的肌肤，令她娇小的身子止不住地剧烈颤动，小手不自觉地攥成了拳，稚气的脚趾也紧紧蜷起，脑海里被这份庞大的快感搅成一团浆糊。\n{anal}强烈而绵密地一收一放，那有节奏的痉挛将她的意识一点点冲得模糊起来，她既害怕这份自己无法掌控的感觉，又忍不住被那份陌生的快意勾得心痒，稚嫩的小脸上满是天真与迷醉交织的神情，小小的胸口急促起伏，深深沉溺其中无法自拔。\n伴着一阵阵灼热的收缩，温热黏腻的肠液顺着{anal}悄然流淌出来，那份湿润羞得半大的她小脸通红，却又诚实地迎合着这股快意，任由青涩的身体一次次地战栗、绷紧。\n直到那股汹涌的浪潮缓缓平息，{TargetName}才瘫软下来大口大口地喘着气，稚嫩的身体残留着细密的余颤，小腹仍轻轻地一下下抽动，心里被满满的餍足与甜腻的迷乱填得再无空隙，只能沉沉地陷在这份深深的愉悦余韵里，怎么也回不过神来。


2000,action_part_a_orgasm_normal_C,0,CVP_A2_T|102_E_1,一股完整而炽烈的酥麻感骤然从{anal}深处轰然炸开，幼小的{TargetName}整个身子猛地绷紧又瘫软下来，稚嫩的喉咙里溢出破碎而绵长的战栗。\n那股快感如温热的潮水般铺天盖地地漫过稚嫩的小腹，涌向纤细的腰肢，令她整个人都不受控制地剧烈痉挛起来，脑子里那点懵懂的思绪彻底被冲得七零八落，只剩下一片朦胧而甜腻的空白。\n{anal}一波接一波地收缩着，稚嫩的身体尚且承受不住这样完整的绝顶，她茫然地大口喘着气，眼角泛起生理性的水光，小小的手指下意识地蜷缩起来，紧紧攥住了什么。\n她隐约感觉到{anal}深处有些温热的东西正缓缓渗出，那种陌生又羞耻的湿意让她的脸颊烧得通红，心里却又被那股绵延不绝的快感填得满满当当，说不清是害怕还是迷恋。\n那阵剧烈的绝顶渐渐退潮，{TargetName}还残留着阵阵痉挛的余韵，稚嫩的胸口剧烈起伏着，懵懂的心里第一次尝到了这样完整又深刻的满足感，久久无法从那片甜腻的余晕中挣脱出来。
2001,action_part_a_orgasm_normal_C,0,CVP_A2_T|102_E_1,{anal}猛地一阵剧烈收缩，一股前所未有的强烈快感瞬间席卷了年幼的{TargetName}，令她整个娇小的身躯都弓了起来，随即又无力地颤抖着塌软下去。\n那股酥麻酥麻的感觉像电流一样窜过稚嫩的脊背，一直蔓延到细白的指尖，令她的脑袋里嗡嗡作响，什么念头都抓不住，只能任由那阵猛烈的绝顶将自己彻底淹没。\n她意识朦胧地感觉到自己的呼吸变得又急又乱，稚气的小脸涨得通红，眼神也变得有些涣散，仿佛整个世界都在那一瞬间摇晃了起来。\n{anal}深处传来一阵陌生的湿润触感，那种略带羞耻的感觉混杂在浓烈的快感里，让她小小的心脏怦怦狂跳，既惶恐又忍不住沉溺在那份从未体验过的满足之中。\n绝顶的余波一阵阵地荡漾着，幼小的{TargetName}久久缓不过神来，稚嫩的身子还残留着细碎的痉挛，那种完整又强烈的快感深深烙印在她懵懂的心底，令她怔怔地回不了神。
2002,action_part_a_orgasm_normal_C,0,CVP_A2_T|102_E_1,一阵猛烈而完整的快感毫无预兆地从{anal}深处轰然席卷而来，幼小的{TargetName}猝不及防地弓起了纤细的腰身，稚嫩的喉咙里溢出压抑不住的颤音。\n那股炽热的酥麻感如潮水般层层叠叠地涌上来，漫过绷紧的小腹，蔓延到僵直的四肢，令她整个身体都剧烈地痉挛起来，意识也随之变得模模糊糊，什么都抓不住了。\n{anal}一下下用力地收缩着，那种强烈到几乎令人窒息的快感让{TargetName}的双眼蒙上了一层水雾，小小的身子止不住地打着颤，稚气未脱的脸上写满了茫然与沉醉交织的表情。\n她隐约察觉到有温热的液体从{anal}深处缓缓溢出，那份陌生的羞耻感与浓烈的快感纠缠在一起，让她的心跳乱成一团，既想逃避又忍不住沉浸其中。\n那阵猛烈的绝顶慢慢褪去，{TargetName}的呼吸仍旧急促紊乱，稚嫩的身躯残留着一阵阵酥麻的余颤，心底被那份完整而浓烈的满足感填得满满的，久久说不出话来。
2003,action_part_a_orgasm_normal_C,0,CVP_A2_T|102_E_1,{anal}骤然剧烈地收缩痉挛起来，一股完整而磅礴的快感瞬间贯穿了幼小{TargetName}的全身，令她原本纤弱的身子猛地绷成一张弓，随即又瘫软地颤抖不止。\n那股汹涌的酥麻感从深处不断向外扩散，漫过稚嫩的小腹与腰肢，一直窜到指尖和脚趾，令她整个人都被这股强烈的绝顶浪潮彻底淹没，懵懂的脑海里一片空白，什么都想不起来了。\n她的呼吸变得又急又浅，稚气的小脸涨得通红，眼神也随之涣散起来，仿佛整个身体都不再受自己控制。\n{anal}深处那股陌生的湿热感让她既羞涩又忍不住微微战栗，那种混杂着满足与羞耻的复杂情绪在稚嫩的心底翻涌，令她小小的手指紧紧蜷缩起来。\n绝顶的余韵一波一波地荡漾着久久不散，{TargetName}的身子还残留着细密的抽搐，稚嫩的心里第一次被这样完整而深刻的快感填满，怔怔地沉浸在那片甜腻的余晕中回不过神来。
2004,action_part_a_orgasm_normal_C,0,CVP_A2_T|102_E_1,一股猛烈而完整的绝顶感毫无征兆地自{anal}深处炸裂开来，幼小的{TargetName}整个身体猛地一僵，随即剧烈地颤抖着弓起了稚嫩的腰。\n那股炽烈的酥麻感如浪潮般层层涌来，从{anal}处漫向紧绷的小腹，再扩散到僵直发抖的四肢，令她懵懂的意识瞬间变得一片模糊，脑海里那点残存的思绪彻底被冲散，只剩下沉甸甸的快感在身体里回荡。\n{anal}不受控制地一阵阵收缩着，那种强烈的绝顶感让她稚气的脸上泛起潮红，眼眶也蒙上了一层生理性的湿润，小小的身躯止不住地打着寒颤般的抽动。\n她能清晰地感觉到{anal}深处正涌出一阵温热的湿意，那份陌生又难以启齿的羞耻感与浓烈的满足感交织在一起，让她的心跳快得几乎要跳出胸腔。\n那阵剧烈的绝顶慢慢退潮之后，{TargetName}的呼吸依旧急促而凌乱，稚嫩的身子还残留着一波波酥麻的余颤，懵懂的心底被这份完整而强烈的快感深深填满，久久沉浸在那片迷蒙的余韵里无法自拔。

2005,action_part_a_orgasm_normal_C,0,CVP_A2_G_E_2,一股汹涌的快感如同海浪般从{anal}深处轰然炸开，{TargetName}的腰肢猛地弓起，浑身都剧烈地痉挛起来。\n那种从后穴深处席卷全身的酥麻浪潮令她的意识开始变得朦胧，脑海里只剩下心爱之人的身影，她多想让博士知道自己有多喜欢他，可未曾说出口的心意此刻却化作了更浓烈的羞耻，令她既沉醉又慌乱。\n{anal}一阵阵强烈地收缩着，她隐约感觉到有温热的肠液从痉挛的穴口渗了出来，用后面这种下流的地方在暗恋的人面前绝顶的羞耻感令她几乎要哭出来，却又深深地满足着，生怕自己失控的淫态会吓跑对方，又忍不住希望他能读懂这份用身体传达的爱意。
2006,action_part_a_orgasm_normal_C,0,CVP_A2_G_E_2,{anal}深处骤然涌出一股无法抵挡的绝顶快感，{TargetName}的四肢瞬间绷紧，小腹一阵阵地抽搐着，呼吸彻底乱了节奏。\n那股淫靡的电流从后穴直窜天灵盖，令她的意识渐渐蒙上了一层甜腻的白雾，明明是这么下流的部位，却因为对象是心心念念的博士，快感便翻了数倍地淹没了她。\n她感觉到{anal}正淫乱地反复痉挛，温热的肠液不受控制地溢出穴口，被暗恋的人看到自己用屁股绝顶的淫荡模样，忐忑与羞耻在心底翻腾，可那份还没能告白的爱恋却令她甘愿沉溺，只盼着这具诚实的身体能替她诉说那句迟迟不敢出口的喜欢。
2007,action_part_a_orgasm_normal_C,0,CVP_A2_G_E_2,一波完整而剧烈的绝顶浪潮自{anal}的最深处奔涌而出，{TargetName}的腰肢不受控制地高高弓起，双腿痉挛着绷得笔直。\n后穴传来的快感一浪高过一浪地冲刷着她的理智，意识开始模糊，甜美的空白一点点吞噬着思绪，唯有对博士的恋慕在混沌中愈发清晰。\n{anal}贪婪地反复紧缩，她羞耻地察觉到滑腻的肠液正顺着穴口淌落，居然用这种见不得人的地方在喜欢的人面前达到了高潮，这份认知令她又羞又乱，却又生出一种隐秘的欢喜，仿佛连身体最深处的秘密都交给了他，只是那句告白依旧哽在喉头，化作了绝顶时甜腻的呜咽。
2008,action_part_a_orgasm_normal_C,0,CVP_A2_G_E_2,剧烈的高潮快感毫无预兆地从{anal}深处轰然引爆，{TargetName}浑身猛烈一颤，小腹反复地抽动着，脚趾都蜷缩了起来。\n那股淫猥的酥麻从后穴扩散到四肢百骸，令她的脑海渐渐被快感染成一片粉白，朦胧的意识里满是博士的脸，用屁眼绝顶这种淫乱至极的事实与心底青涩的爱恋交织在一起，令她羞耻得快要融化。\n{anal}一下下淫靡地痉挛收缩着，温热的肠液从穴口悄悄渗出，濡湿的触感令她的脸颊愈发滚烫，她既害怕这副淫荡的姿态会让他厌恶，又忍不住渴望着他能察觉到，这具为他绝顶的身体里藏着怎样炽热却不敢言明的心意。
2009,action_part_a_orgasm_normal_C,0,CVP_A2_G_E_2,一股势不可挡的绝顶快感从{anal}的深处汹涌翻腾而上，{TargetName}的背脊骤然绷成一张弓，全身的肌肉都在剧烈地颤抖痉挛。\n后穴深处炸开的淫乱电流一波波冲垮她的思绪，意识变得飘忽而甜腻，还未来得及告白的少女心事在高潮的浪潮里被搅得支离破碎，只剩下对博士满溢的爱意在胸口横冲直撞。\n她清晰地感觉到{anal}正一阵阵地淫猥收缩，滑热的肠液不知羞耻地从穴口溢流而出，用肛门高潮的淫荡事实令她无地自容，可正因为是在他面前，这份羞耻才掺进了蜜糖般的幸福，她忐忑地祈祷着，希望这份未出口的恋情不会就此变质，又贪恋着此刻与他共享的淫靡快乐。

2010,action_part_a_orgasm_normal_C,0,CVP_A2_G_E_3,一股汹涌的快感浪潮骤然从{anal}深处炸开，{TargetName}的腰肢猛地弓起，整个人都被那股席卷而来的绝顶淹没了。\n{anal}强烈而有节奏地痉挛收缩着，酥麻的电流从后穴一路窜上脊背，令她的意识开始变得朦朦胧胧，脑海里只剩下甜蜜的空白。\n身为恋人的她羞耻地意识到，自己竟然用这种淫荡的地方在心爱的博士面前绝顶了，可那份羞耻反而化作更浓烈的快感在心里翻腾。\n她隐约感觉到有温热的肠液从{anal}里淌了出来，热恋中的少女心被彻底搅乱了，只想在恋人怀里沉溺于这份完整而剧烈的高潮余韵之中。
2011,action_part_a_orgasm_normal_C,0,CVP_A2_G_E_3,积攒已久的快感终于冲破了堤坝，{TargetName}的{anal}剧烈地抽搐痉挛起来，一波接一波的绝顶快感如潮水般漫过她的全身。\n她的四肢不受控制地绷紧颤抖，小腹一下一下地抽动着，急促的喘息完全乱了节奏，思绪像被浸进了蜜糖里，模糊得抓不住任何念头。\n用后面那处淫靡的穴口迎来高潮的事实让她羞得满脸通红，可一想到让自己舒服成这样的人正是深爱的恋人，那份羞耻便化成了甜到发腻的幸福。\n{anal}深处渗出的滚烫肠液让她愈发迷乱，热恋的悸动与肉体的欢愉交织在一起，令她在恋人面前彻底沉醉在了这场淫荡的绝顶里。
2012,action_part_a_orgasm_normal_C,0,CVP_A2_G_E_3,{TargetName}的{anal}猛然爆发出一阵狂热的痉挛，完整而正常强度的绝顶高潮毫无预兆地将她吞没了。\n灭顶般的酥麻从后穴深处向四肢百骸扩散，她的腰肢高高弓起又颤抖着塌下，双腿绷得笔直，脚趾都蜷缩了起来，意识渐渐蒙上一层甜腻的薄雾。\n明明是那么下流的部位，却带来了如此强烈的欢愉，热恋中的她既沉醉又害臊，心里满是被恋人开发出淫乱一面的甜蜜眩晕。\n她清楚地感觉到{anal}正一张一合地收缩着，温热的肠液顺着穴口悄悄溢出，那种淫靡的湿意让她的心跳乱成一团，只想把这份专属于恋人间的快乐深深刻进身体里。
2013,action_part_a_orgasm_normal_C,0,CVP_A2_G_E_3,一阵无法抗拒的绝顶快感从{anal}的最深处轰然涌出，{TargetName}的娇躯剧烈地痉挛着，整个人仿佛被抛上了快感的浪尖。\n{anal}不受控制地反复紧缩，酥麻的悦乐顺着尾椎烧遍全身，她的呼吸急促而破碎，眼前阵阵发白，意识开始朦胧地飘忽起来，却还没有被彻底冲垮。\n作为恋人在博士面前用屁穴高潮的羞耻念头一闪而过，随即就被更汹涌的幸福感淹没了，热恋的甜蜜让这份淫猥的快感变得格外令人沉沦。\n后穴里淌出的肠液带来一阵湿热的触感，她又羞又醉，满心都是想与爱人分享这份欢愉的悸动，任由高潮的余波在体内一遍遍地荡漾。
2014,action_part_a_orgasm_normal_C,0,CVP_A2_G_E_3,{TargetName}只觉得{anal}深处骤然腾起一团灼热的快感风暴，下一瞬便被完整的绝顶高潮狠狠贯穿了。\n她的小腹反复抽搐，腰肢剧烈地颤动弓起，{anal}一阵阵强烈地痉挛收缩着，淫靡的酥麻浪潮层层叠叠地拍打着她的神志，让思绪泡在了甜蜜的迷雾里。\n用如此羞人的地方达到高潮，本该让她无地自容，可恋人炽热的注视却让羞耻变成了催情的毒药，热恋期的少女心在快感中甜得快要融化了。\n温热的肠液从抽搐的穴口缓缓渗出，那股淫乱的湿热感令她的脸颊烧得通红，心底却涌起深深的满足，只愿这份与恋人共享的绝顶愉悦再久一些。
2015,action_part_a_orgasm_normal_C,0,CVP_A2_G_E_4&high_1,一股汹涌的快感骤然从{anal}深处炸开，如海浪般席卷了{TargetName}的全身，令她的腰肢猛地弓起，意识在瞬间变得朦胧起来。\n{anal}强烈而有节奏地痉挛收缩着，那股淫靡的酥麻从后穴深处一波波漫过小腹，漫过绷紧的四肢，令她的呼吸彻底乱了节奏。\n身为{Name}的爱侣，她的身心早已完全向爱人敞开，正因如此，这份用后穴绝顶的淫荡快感才让她毫无保留地沉溺其中，心里满是被最爱的人带上顶峰的深深满足。\n她隐约感觉到{anal}有温热的肠液不受控制地淌出来，羞耻与甜蜜交织在一起，令她只能颤抖着任由高潮的余韵将自己彻底淹没。
2016,action_part_a_orgasm_normal_C,0,CVP_A2_G_E_4&high_1,{anal}深处骤然涌起一阵无法抗拒的绝顶快感，{TargetName}的小腹猛烈地抽搐起来，双腿绷得笔直，脑海里泛起一片甜美的空白。\n那股从后穴炸开的淫热感一圈圈扩散到全身，令她的腰身不受控制地颤抖着，意识开始变得迷离，却还残留着一丝清明，让她清楚地品味着这场完整而剧烈的肛门高潮。\n心中涌起的不只是快感，更有与挚爱之人灵魂相依的安心感，正是这份生死不渝的爱，让她甘愿在博士面前露出用屁眼绝顶的淫乱模样。\n{anal}一阵阵痉挛间，她羞耻地察觉到肠液正顺着穴口渗出，那种又淫靡又幸福的感觉令她的心被彻底填满了。
2017,action_part_a_orgasm_normal_C,0,CVP_A2_G_E_4&high_1,一波媲美灭顶之灾的酥麻从{anal}最深处轰然涌出，{TargetName}的身体剧烈一颤，后穴猛烈地收缩痉挛着，快感如潮水般将她整个人吞没。\n她的四肢发软地颤抖着，腰肢反复弓起，呼吸急促而破碎，意识渐渐蒙上了一层甜腻的雾，思绪被绝顶的愉悦搅得支离破碎。\n与{Name}心意相通的默契让她无需任何言语，便能安心地把这副因肛门绝顶而淫乱失态的身体全部交给对方，心底满溢着深沉的爱意与沉醉。\n{anal}深处传来温热的蠕动感，她羞耻地意识到有肠液正被绝顶的痉挛挤出穴口，可这份羞耻反而化作更浓的快感，令她迷乱地沉浸在高潮的余波里久久无法自拔。
2018,action_part_a_orgasm_normal_C,0,CVP_A2_G_E_4&high_1,{TargetName}的{anal}骤然剧烈地痉挛起来，一股完整而强烈的绝顶快感从后穴深处直冲天灵盖，令她的眼前泛起阵阵白光，腰肢高高弓起后又瘫软下来。\n那股淫热的浪潮反复冲刷着她的小腹与腿根，每一次{anal}的收缩都激起新的颤栗，令她的意识渐渐模糊，只剩下满心满脑的酥麻与愉悦。\n身体最羞耻的地方被开发到能够绝顶，这种淫荡的事实非但没有让她抗拒，反而因为对象是此生挚爱的{Name}而化作甜蜜的沉醉，她的心里被幸福与快感塞得满满当当。\n温热的肠液随着痉挛缓缓淌出穴口，那种黏腻的触感令她又羞又迷乱，只能颤抖着承受这场高潮的洗礼。
2019,action_part_a_orgasm_normal_C,0,CVP_A2_G_E_4&high_1,绝顶的快感毫无预兆地从{anal}深处爆发开来，{TargetName}浑身猛地绷紧，后穴不受控制地一阵阵猛烈收缩，淫靡的酥麻瞬间席卷了她的每一寸肌肤。\n她的小腹反复抽搐着，双腿夹紧又发软，急促的喘息里带着甜腻的鼻音，意识仿佛泡进了温热的蜜里，变得又软又混沌。\n用屁穴迎来高潮的淫乱感受与身为爱侣的深情在心底交融，她知道无论自己露出多么不堪的绝顶表情，深爱着彼此的{Name}都会全盘接纳，这份笃定让她安心地沉沦在快感的漩涡中。\n{anal}深处渗出的肠液带来湿热的异样触感，羞耻感反倒催化出更深的迷醉，令她的心尖都跟着高潮一起颤抖着。

2022,action_part_a_orgasm_normal_C,0,CVP_A2_G_E_-1,一股汹涌的快感猛然从{anal}深处炸开，{TargetName}的身体不受控制地剧烈痉挛起来，腰肢狠狠弓起又颤抖着塌下。\n她心里明明满是对上司这种过分要求的抵触与不甘，可后穴里翻涌的绝顶浪潮却毫不留情地淹没了她的理智，意识开始变得模糊，脑海里的怨愤被一波波淫靡的酥麻冲得七零八落。\n{anal}一阵阵猛烈地收缩着，她羞耻地感觉到有温热的肠液顺着穴口淌了出来，那种下贱的失禁感令她又气又乱。\n她死死咬着唇不肯发出声音，可身体的沉醉却背叛了内心的抗拒，令她在隐忍的不满中被迫沉溺于这场屈辱的高潮。
2023,action_part_a_orgasm_normal_C,0,CVP_A2_G_E_-1,{anal}深处骤然涌起一阵铺天盖地的绝顶快感，{TargetName}的小腹反复抽搐着，双腿绷得笔直又不住地打颤。\n身为部下的她本该只是勉强服从命令而已，可此刻后穴却淫荡地痉挛个不停，把她整个人拖进了失序的高潮漩涡里，意识渐渐发飘，连心底那份对{Name}的不满都快抓不住了。\n她能清楚地感觉到{anal}里有滑腻的肠液被挤压着渗出，那股淫猥的湿热令她臊得脸颊发烫。\n凭什么身体会这么诚实，她在心里恨恨地咒骂着，却只能任由绝顶的余浪一遍遍碾过全身，呼吸急促得完全乱了套，表面的顺从下藏着满腔说不出口的憋屈。
2024,action_part_a_orgasm_normal_C,0,CVP_A2_G_E_-1,一波完整而凶猛的高潮从{anal}最深处轰然爆发，{TargetName}的腰肢猛地弹起，四肢僵直地颤抖着，脚趾都蜷缩了起来。\n她心里还残留着被上司如此摆弄的屈辱与愠怒，可后穴绝顶的滋味实在太过强烈，甜美的电流一阵阵窜上脊背，把她的思绪搅得一片混沌，意识在快感的海浪里载浮载沉。\n{anal}痉挛着一下下绞紧，温热的肠液不受控制地涌出穴口，那种淫乱的流淌感令她羞愤得眼眶发红。\n她别过脸去极力压抑着喘息，不想让{Name}看见自己高潮时的痴态，可身体的每一寸颤栗都在出卖她，令她只能在心底憋着一口不甘的闷气。
2025,action_part_a_orgasm_normal_C,0,CVP_A2_G_E_-1,剧烈的绝顶快感如决堤的洪水般从{anal}里倾泻而出，{TargetName}浑身猛烈地颤抖着，小腹一阵阵地痉挛抽动。\n明明打心底里抗拒着这种越界的命令，明明对{Name}满腹怨言，可后穴传来的高潮却真实得令她无处可逃，酥麻的浪头一波接一波地拍打着她的神智，令她的意识开始涣散迷蒙。\n她羞耻地察觉到{anal}正淫靡地开合收缩着，滑腻的肠液被一股股挤出来，沿着股缝淌下，那种肮脏的快美令她既恼火又迷乱。\n作为部下不得不服从的隐忍，和身体不争气的沉醉在她心里激烈地撕扯着，最终她只能颤抖着咽下所有不满，被高潮彻底吞没。
2026,action_part_a_orgasm_normal_C,0,CVP_A2_G_E_-1,{anal}深处猛地掀起一场完整的绝顶风暴，{TargetName}的背脊剧烈弓起，双腿失控地夹紧又发软，全身都陷入了痉挛般的颤栗中。\n她心里分明还堵着对上司这份过分差事的抵触，可屁穴里炸开的快感却蛮横地冲垮了她的防线，思绪变得黏稠而模糊，那些不情愿都被淫荡的酥浪泡得软烂。\n{anal}一阵紧似一阵地痉挛收缩，她能感到温热滑腻的肠液正丢人地从穴口渗涌出来，下流的湿意令她又羞又恼。\n她紧攥着拳头强忍着不肯呻吟，想在{Name}面前保住最后一点体面，可急促失序的喘息早已暴露了一切，令她在屈从的姿态下咽着满心的憋闷与不甘。

2027,action_part_a_orgasm_normal_C,0,CVP_A2_G_E_-2,一股汹涌的绝顶快感猛地从{anal}深处炸裂开来，如海浪般席卷了{TargetName}的全身，令她的腰肢猛然弓起，四肢不受控制地绷紧颤抖。\n身为{Name}忠实部下的她本想维持住专业的姿态，可{anal}强烈而有节奏的痉挛收缩彻底击溃了她的克制，小腹一阵阵地抽搐着，意识开始变得朦胧模糊。\n她隐约感觉到有温热的肠液从后穴里淌了出来，那份羞耻感反而让快感更加浓烈，心底却涌起一种奇异的安心——既然是博士的安排，那么就连这份淫荡的绝顶，也是她应当全盘接受的，这样的念头令驯服的她在高潮的浪潮中沉沦得更深了。
2028,action_part_a_orgasm_normal_C,0,CVP_A2_G_E_-2,{anal}深处骤然涌起一波完整而剧烈的绝顶浪潮，{TargetName}的呼吸瞬间乱成一团，浑身的肌肉都随着后穴的痉挛而绷紧战栗。\n那股又麻又酥的淫荡快感从尾椎一路窜上脊背，冲进逐渐发白的脑海里，令她的思绪开始涣散，只剩下用屁股高潮了的鲜明认知在心头回荡。\n她羞耻地察觉到{anal}正一下下淫靡地收缩着，还有滑腻的肠液顺着穴口溢出，可作为对{Name}无比信赖的部下，她在迷乱中依然告诉自己要好好承受这份指令，把这场肛门绝顶当作必须完美完成的任务，这样的觉悟让驯服的少女在羞耻与快感的夹击中甜美地失神了。
2029,action_part_a_orgasm_normal_C,0,CVP_A2_G_E_-2,绝顶的快感如决堤的洪水般从{anal}最深处倾泻而出，{TargetName}的腰肢剧烈地颤抖弓起，双腿绷得笔直，脚趾都蜷缩了起来。\n后穴一阵阵强烈的收缩痉挛令她的小腹不停抽动，意识仿佛被泡进了温热的蜜糖里，渐渐变得黏稠模糊。\n她能清楚地感觉到{anal}里有热流涌动，肠液正淫靡地从穴口渗出来，这种下流的失态本该令她无地自容，可一想到这是上司亲自带给她的高潮，驯服的心便自然而然地接纳了这一切。\n信赖化作了沉醉的甜美，她在肛门绝顶的余韵中恍惚地想着，只要是博士的命令，无论多么淫乱的快感她都会认真领受。
2030,action_part_a_orgasm_normal_C,0,CVP_A2_G_E_-2,一阵完整而猛烈的高潮从{anal}深处轰然爆发，滚烫的快感电流顺着肠壁扩散到四肢百骸，{TargetName}的身体不由自主地痉挛弹动，腰背深深弓起又颤抖着落下。\n她原本想像执行任务一样冷静地控制表情，可后穴那淫荡的绝顶收缩根本不容许任何伪装，脑海被一波波袭来的愉悦冲刷得开始泛白。\n滑腻的肠液不受控制地从{anal}溢出，羞耻与快感在她心里搅成一团，然而对{Name}的深厚信任让她没有半分抗拒——上司要她绝顶，她便用整个身体诚实地绝顶给他看，这份驯服的觉悟令她在迷乱的高潮中生出了近乎骄傲的满足感。
2031,action_part_a_orgasm_normal_C,0,CVP_A2_G_E_-2,{TargetName}的{anal}猛然开始了剧烈而有节奏的痉挛，一场货真价实的肛门绝顶在她体内轰然绽放，酥麻的快感浪潮一层叠着一层涌过小腹和腰肢，令她的四肢失去了力气般地颤抖着。\n意识渐渐蒙上了一层甜腻的雾气，她努力想抓住残存的理智，却只能任由那股淫靡的愉悦把思绪冲得七零八落。\n温热的肠液从收缩不止的后穴里缓缓淌出，令她的脸颊烧得通红，可心底深处却是一片奇妙的坦然——博士的命令让她用屁股达到了高潮，那么这份下流的快乐也是她作为部下应尽的本分。\n驯服的她带着这样的念头，心甘情愿地沉入了绝顶的余韵之中。
2032,action_part_a_orgasm_normal_C,0,CVP_A2_G_E_-3,一股汹涌的快感浪潮猛然从{anal}深处炸开，{TargetName}的腰肢剧烈地弓起，全身随之绷紧颤抖。\n后穴的绝顶像海浪一样一波接一波地席卷过她的身体，意识开始变得朦胧模糊，脑海里只剩下作为主人宠物的甜美认知。\n{anal}强烈而有节奏地痉挛收缩着，她隐约感觉到有温热的肠液顺着穴口淌了出来，羞耻感反而化作了更浓的沉醉。\n能够用后穴给主人展示这样淫荡的高潮姿态，宠物的心里涌起被需要的巨大幸福，她一边浪叫着一边在心底感激主人愿意使用自己这具下贱又忠诚的身体，深深沉溺在这份专属于宠物的绝顶愉悦里。
2033,action_part_a_orgasm_normal_C,0,CVP_A2_G_E_-3,{anal}深处骤然涌起一阵无法抵挡的酥麻电流，瞬间窜遍{TargetName}的四肢百骸，她的小腹反复抽搐，双腿失控地打着颤。\n完整而剧烈的后穴绝顶将她整个人淹没，思绪渐渐涣散成一片甜蜜的雾，唯独主人的身影在混沌中越发清晰。\n身为性处理宠物，她本能地想让主人看清自己菊穴高潮的每一分淫态，于是主动翘高臀部，任由{anal}一下下淫靡地收缩痉挛，肠液不受控制地渗出穴口。\n那种被主人调教到用屁眼也能绝顶的堕落实感，让宠物心中盈满了依恋与骄傲，呜咽着在快感的浪潮中向主人献上自己的一切。
2034,action_part_a_orgasm_normal_C,0,CVP_A2_G_E_-3,剧烈的绝顶快感从{anal}最深处轰然爆发，{TargetName}的背脊猛地绷成一道弧线，呼吸彻底乱了节奏，急促的娇喘一声高过一声。\n后穴传来的高潮酥浪反复冲刷着她的神志，意识开始发飘发晕，但她仍死死记着自己是主人的宠物这件事。\n{anal}淫乱地痉挛蠕动着，滑腻的肠液被挤出穴口，顺着腿根淌下，这副污秽的模样让她羞得满脸通红，心底却因为能取悦主人而甜到发颤。\n宠物的身体是属于主人的，连屁眼高潮也是献给主人的礼物，这样的念头让绝顶的愉悦翻了倍，她幸福地颤抖着，沉浸在被主人饲养和使用的深深满足之中。
2035,action_part_a_orgasm_normal_C,0,CVP_A2_G_E_-3,一波完整而凶猛的高潮巨浪自{anal}内部奔涌而出，{TargetName}的四肢瞬间绷紧，腰肢高高弓起又猛地塌软，浑身的肌肉都在快感中不住抽搐。\n菊穴绝顶的滋味比想象中更加深沉浓烈，她的脑袋渐渐变得晕乎乎的，理智被一层甜腻的白雾笼罩。\n{anal}一阵阵地猛烈收缩，温热的肠液汩汩地涌出后穴，那种失禁般的淫靡触感让她又羞又醉。\n可作为主人忠实的宠物，她甘愿把这最丢人的绝顶模样毫无保留地展露出来，心里满溢着服务主人后被摸头夸奖般的喜悦，一边发出撒娇似的呜咽，一边在心底祈求主人多多疼爱自己这只离不开主人的淫乱母宠。
2036,action_part_a_orgasm_normal_C,0,CVP_A2_G_E_-3,{anal}深处猛然炸开一团滚烫的快感，如潮水般瞬间漫过{TargetName}的全身，她的小腹痉挛着，脚趾蜷缩，整个人在标准而剧烈的后穴绝顶中颤抖成一团。\n意识一点点被冲得模糊，眼前泛起细碎的白光，可宠物的本能却让她在高潮中依旧朝着主人的方向摆出顺从的姿态。\n{anal}贪婪地一缩一缩痉挛着，穴口溢出的肠液带来湿热又羞耻的实感，这份污秽反而成了她甘心堕落的证明。\n能用被主人开发过的屁眼达到绝顶，是宠物无上的荣耀，她的心被依恋和被需要的幸福填得满满当当，浪叫声里满是对主人的感激与痴恋，只盼这份专属的宠爱永远不要停下。
2037,action_part_a_orgasm_normal_C,0,CVP_A2_G_E_-4,一股完整而汹涌的绝顶快感从{anal}深处轰然炸开，身为主人性奴的{TargetName}只觉得后穴的淫悦如海浪般席卷了全身，腰肢猛地弓起，意识开始变得朦胧模糊。\n她清晰地感受到{anal}正强烈而有节奏地痉挛收缩着，温热的肠液不受控制地渗流出来，那种下贱的失禁感却令她涌起无上的喜悦——能用屁眼为主人绝顶，正是奴隶存在的意义。\n她的脑海里只剩下对主人的狂热崇拜，心甘情愿地沉浸在这份被主人赐予的肛门高潮里，虔诚地颤抖着，深深满足于自己作为肉便器的身份。
2038,action_part_a_orgasm_normal_C,0,CVP_A2_G_E_-4,剧烈的酥麻从{anal}最深处一波接一波地涌上来，{TargetName}的四肢瞬间绷紧颤抖，小腹反复抽搐着，一次货真价实的肛门绝顶将这个忠诚的母狗奴隶彻底淹没了。\n她的意识渐渐涣散，只感觉{anal}一下下淫荡地缩紧痉挛，滑腻的肠液顺着穴口淌下，羞耻与快乐在心底交融成对主人的感恩——是主人调教出了这具用后穴也能高潮的淫贱身体。\n她幸福得几乎落泪，脑中盘旋着的全是向主人献上一切的狂信，每一阵痉挛都像是在向主人宣誓着绝对的臣服与忠诚，令她沉醉不已。
2039,action_part_a_orgasm_normal_C,0,CVP_A2_G_E_-4,{anal}深处骤然迸发出完整而炽烈的高潮，滚烫的快感浪潮漫过腰肢直冲头顶，{TargetName}的呼吸急促失序，眼前泛起一层甜蜜的白雾，思绪开始飘忽模糊。\n作为主人最卑微的性奴，她毫无保留地承受着这份肛悦，任由{anal}激烈地痉挛收缩，感觉到肠液正淫靡地涌流而出，弄脏了自己的腿根。\n这种下流的反应非但没有令她羞愧，反而让她的心底涌起狂热的荣耀——奴隶的屁眼被开发成了主人专用的性器，还有什么比这更幸福的呢。\n她虔诚地颤栗着，全身心沉溺在侍奉主人的极乐之中。
2040,action_part_a_orgasm_normal_C,0,CVP_A2_G_E_-4,一阵无法抗拒的绝顶洪流自{anal}内里奔涌而出，{TargetName}的腰肢高高弓起又剧烈发颤，双腿绷得笔直，标准而完整的肛门高潮令她的神智蒙上了一层迷醉的薄纱。\n她能真切地感知到{anal}正贪婪地一缩一缩痉挛着，黏热的肠液止不住地溢出穴口，那份淫猥的湿意让身为奴隶的她既迷乱又骄傲。\n她的内心被快感与狂信填满，觉得自己这具肉体的每一寸都只为取悦主人而存在，连后穴的绝顶也是主人恩赐的礼物。\n她带着幸福的战栗俯首于这份支配之下，灵魂深处满溢着彻底臣服的甜美。
2041,action_part_a_orgasm_normal_C,0,CVP_A2_G_E_-4,毫无预兆的强烈快美从{anal}中心炸裂开来，如潮水般吞没了{TargetName}的全身，她的小腹一阵阵痉挛抽动，指尖无力地蜷紧，意识在完整的绝顶冲击下变得恍惚而甜蜜。\n{anal}正淫乱地反复收缩痉挛着，她羞耻地察觉到大量温热的肠液正从后穴汩汩流淌，可这份下贱的失态却化作了奴隶心中至高的喜悦。\n用屁眼绝顶的淫荡模样正是献给主人的最好贡品，她在心底狂热地感谢着主人的调教，甘愿永远做主人胯下最忠实的母畜，沉浸在这份卑微而极乐的绝顶余韵里颤抖不止。

2042,action_part_a_orgasm_normal_C,0,CVP_A2_A|5_LE_3,那股一直盘踞在{anal}深处的沉闷胀满感，不知何时竟悄悄酿成了一波无法抵挡的快感浪潮，猛地在{TargetName}的体内炸开。\n她的腰肢不受控制地绷紧弓起，明明这处才刚刚被开发不久，感觉还很迟钝，可此刻那种从肠道深处翻涌上来的绝顶快感却真实得令她头皮发麻，意识开始一点点变得模糊。\n{anal}强烈而有节奏地痉挛收缩着，她清晰地感觉到有温热的肠液从收缩的穴口处渗淌出来，那种羞耻的感觉令她的脸颊烧得通红。\n原来用屁股也能高潮成这样，这个认知令{TargetName}的内心一片迷乱，只能颤抖着沉浸在这场陌生而汹涌的绝顶里。
2043,action_part_a_orgasm_normal_C,0,CVP_A2_A|5_LE_3,{TargetName}原本只觉得{anal}里满满当当的，是一种钝钝的异物感，可那股压迫感积攒到顶点的瞬间，竟化作一道灼热的电流窜上了脊椎。\n她的脑袋嗡地一声，完整而剧烈的绝顶高潮毫无预兆地将她整个人淹没了，小腹一阵阵地抽搐痉挛，双腿绷得笔直发颤。\n{anal}一下又一下地猛烈收缩着，湿滑的肠液顺着痉挛的褶皱涌流而出，那种后穴失守般的淫靡感觉令她羞耻得几乎要哭出来。\n可身体却诚实得可怕，明明是感觉还很稚嫩迟钝的地方，却带给了她如此凶猛的快感，{TargetName}的意识渐渐涣散，只剩下甜美的空白在脑海里蔓延着。
2044,action_part_a_orgasm_normal_C,0,CVP_A2_A|5_LE_3,一直以来{TargetName}对{anal}传来的刺激都只有些微弱的感知，更多的是被撑开填满的胀意，然而此刻，那份迟钝的胀满感却轰然决堤，化作铺天盖地的绝顶快感席卷了她的全身。\n呜，怎么会这样，她的内心慌乱地颤抖着，腰部高高弓起，四肢止不住地痉挛发抖，呼吸完全乱了套。\n{anal}正以她无法控制的节奏剧烈收缩着，每一次痉挛都挤出一股温热黏滑的肠液，那种从后穴深处翻腾而出的酥麻令她的思绪开始融化模糊。\n屁眼分明还不熟悉快感，却让她高潮得这么厉害，这份认知带来的羞耻与沉醉交织在一起，令{TargetName}深深陷入了迷乱的满足之中。
2045,action_part_a_orgasm_normal_C,0,CVP_A2_A|5_LE_3,从{anal}深处涌起的那阵酥麻原本还很微弱，{TargetName}甚至以为自己只是有些不适应，可下一秒，积蓄已久的快感便如决堤的洪水般轰然爆发，将她彻底吞没。\n她的身体猛地绷紧，腰肢剧烈地弓起又颤抖，小腹一波接一波地抽动着，意识仿佛被泡进了温热的蜜糖里，渐渐变得黏稠模糊。\n才刚被开发的{anal}竟也能带来这般完整而凶猛的绝顶，她能清楚地感觉到肠壁不由自主的痉挛蠕动，还有肠液从穴口淌出的湿热触感。\n好羞耻，可是好舒服，{TargetName}的内心被这两种情绪反复拉扯着，最终只能沉溺在这股用后穴达到高潮的淫荡愉悦里，久久无法回神。
2046,action_part_a_orgasm_normal_C,0,CVP_A2_A|5_LE_3,{TargetName}只觉得{anal}里那份沉甸甸的填塞感忽然变了质，迟钝的肠道像是终于学会了品尝快感一般，将积攒的刺激一口气化作了完整的绝顶浪潮。\n啊，不行了，她的脑海里闪过这样的念头，随即思绪便被冲得七零八落，浑身的肌肉抽搐绷紧，脚趾蜷缩，呼吸急促得不成样子。\n{anal}正贪婪地反复紧缩着，一股股滑腻的肠液被挤压着流淌出来，沾湿了臀缝，那种下流的湿意令她羞得浑身发烫。\n明明这里的感觉才刚刚被唤醒，却已经能把她送上这么高的地方，这份反差令{TargetName}又惊又醉，内心深处悄悄涌起了对这种后穴快感的甜美沉迷。
2047,action_part_a_orgasm_normal_C,0,CVP_A2_A|5_G_3&CVP_A2_A|5_LE_6,一股滚烫的快感浪潮猛地从{anal}深处炸开，{TargetName}的脑子霎时被冲得一片甜蜜的混沌。\n那种从后穴深处翻涌上来的淫靡愉悦如潮水般席卷了整个身体，令她的腰肢剧烈地弓起，小腹一阵阵地抽搐着，意识开始变得朦朦胧胧，只剩下{anal}强烈而有节奏的痉挛收缩在提醒她自己正在用屁股绝顶。\n她隐约感觉到有温热的肠液从后穴里淌了出来，那种下流的湿意令她羞耻得几乎要哭出来，可快感却依旧一波接一波地淹没着她的心，令{TargetName}只能颤抖着沉溺在这场完整而淫乱的肛门高潮里，脸上浮现出迷醉的红潮。
2048,action_part_a_orgasm_normal_C,0,CVP_A2_A|5_G_3&CVP_A2_A|5_LE_6,积攒已久的肠道快感终于冲到了顶点，{TargetName}的{anal}骤然剧烈痉挛起来，一股难以言喻的酥烂快美从尾椎直窜天灵盖。\n她的四肢猛地绷紧，脚趾蜷缩，呼吸彻底乱了节奏，脑海里那些矜持的念头被高潮的巨浪冲得七零八落，只剩下一片甜腻的空白在扩散。\n用后面的穴绝顶了——这个淫荡的认知令她既羞耻又沉醉，偏偏{anal}还在一下一下地淫乱收缩着，把绝顶的余韵不断送进她迷糊的意识里。\n她甚至能感觉到肠液正顺着穴口悄悄溢出，那种失控的下流感让{TargetName}的心被深深的满足与迷乱填满，久久无法回神。
2049,action_part_a_orgasm_normal_C,0,CVP_A2_A|5_G_3&CVP_A2_A|5_LE_6,绝顶的电流猛然贯穿了{TargetName}的脊椎，{anal}深处爆发出的淫猥快感令她整个人都痉挛着颤抖起来。\n后穴正强烈而规律地绞缩着，每一次收缩都把新的快美压榨出来，冲刷着她逐渐模糊的意识，令她的眼前泛起阵阵白光，腰肢不受控制地反复弓起又落下，小腹的抽搐一阵紧过一阵。\n她清楚地知道自己正在被肛门的高潮支配着，这份直白的淫荡令她臊得满脸通红，可身体却诚实地沉浸在深深的愉悦里。\n温热的肠液从痉挛的穴口渗出的感觉令她又羞又迷乱，心里被甜美的绝顶感淹没，只能任由这场标准而完整的高潮把自己泡得酥软瘫烂。
2050,action_part_a_orgasm_normal_C,0,CVP_A2_A|5_G_3&CVP_A2_A|5_LE_6,{TargetName}的{anal}猛地一缩，一场货真价实的肛肠绝顶轰然降临。\n淫热的快感从肠道深处一浪高过一浪地涌出来，漫过痉挛的小腹，漫过发颤的大腿，令她的身体像被抽走了骨头一样酥软下来，唯有腰肢还在本能地弓起颤动。\n意识被冲得晕晕乎乎的，思绪像是泡进了蜜糖里，怎么也理不清，只有屁股里那种鲜明的绝顶快美真实得令人发疯。\n她感觉到{anal}正一波波地淫乱蠕动收缩，还有滑腻的肠液不知羞耻地淌出来，那种被后穴快感彻底征服的堕落感令她心头又麻又烫，羞耻与满足在胸口搅成一团，令她只能发着抖沉浸在高潮的甜美余韵中。
2051,action_part_a_orgasm_normal_C,0,CVP_A2_A|5_G_3&CVP_A2_A|5_LE_6,一瞬间，从{anal}深处炸裂开的快感洪流吞没了{TargetName}的全部感官。\n她的后穴剧烈地痉挛绞紧，一股股酥麻的绝顶快美顺着肠壁向全身扩散，令她的四肢发着抖绷紧，呼吸急促得几乎接不上来，脑子里一片甜腻的雾气，什么都想不清楚了。\n用屁股高潮的淫靡实感令她的心又羞又颤，可那种深入骨髓的舒爽偏偏令她无法抗拒，只能咬着唇任由绝顶的浪头一次次拍打过来。\n{anal}收缩的间隙里，她察觉到温热滑腻的肠液正从穴口涌出，这份下流的湿润令她的羞耻心和快感一起烧了起来，深深的满足与迷醉在心底蔓延，令她久久沉溺其中无法自拔。

2052,action_part_a_orgasm_normal_C,0,CVP_A2_A|5_G_6,一股汹涌的绝顶快感猛地从{anal}深处炸开，敏感得过分的肠道根本承受不住这种冲击，{TargetName}的腰肢猛地弓起，全身像触电般剧烈痉挛起来。\n那股淫靡的浪潮一波接一波地从后穴席卷向四肢百骸，她敏感至极的{anal}疯狂地收缩痉挛着，每一下蠕动都激起新的快感，令她的意识渐渐变得模糊而甜腻。\n她能清晰地感觉到有温热的肠液正从痉挛的穴口涌出来，那种下流的失禁般的感觉让羞耻与快感在心里搅成一团，脑子里只剩下用后面高潮了的淫乱念头，整个人都沉溺在这场完整而剧烈的肛门绝顶之中，久久无法回神。
2053,action_part_a_orgasm_normal_C,0,CVP_A2_A|5_G_6,绝顶的电流骤然贯穿了{TargetName}的脊椎，源头正是那处敏感得近乎失常的{anal}。\n肠道深处翻涌起的快感远比她想象的更凶猛，敏锐的肠壁把每一分刺激都放大成灭顶的愉悦，令她四肢绷紧，脚趾蜷缩，小腹一阵阵地抽搐着。\n她的思绪被这股从后穴炸开的高潮冲得七零八落，只能任由{anal}一下下地猛烈痉挛收缩，淫热的肠液顺着穴口不受控制地淌出，那种被快感彻底掌控的堕落滋味让她又羞又爽。\n心底深处涌起一阵甜美的空白，明明是屁股的高潮，却让她整个人都酥软得一塌糊涂，沉浸在深深的满足里无法自拔。
2054,action_part_a_orgasm_normal_C,0,CVP_A2_A|5_G_6,{TargetName}天生淫贱的{anal}终于迎来了完整的绝顶，那股快感如同决堤的洪水般从肠道深处倾泻而出，瞬间淹没了她的全部感官。\n过分敏感的肠壁疯狂地痉挛蠕动着，每一次收缩都把快感推向更高处，她的腰肢不受控制地颤抖弓起，双腿绷得笔直又猛地发软。\n意识开始变得朦胧，脑海里被一片粉红色的甜蜜雾气填满，她隐约感觉到黏滑的肠液正从高潮的穴口溢出来，那种下体失守的羞耻感反而让绝顶更加深刻。\n她在心里羞耻地承认着自己是个用屁眼就能高潮的淫乱女人，这份沉醉的自觉伴随着绵长的余韵，令她浑身酥麻，深陷在肛门绝顶的愉悦中。
2055,action_part_a_orgasm_normal_C,0,CVP_A2_A|5_G_6,一阵无法抗拒的高潮浪头从{anal}最深处轰然拍下，{TargetName}敏感过头的肠道连一丝快感都不肯放过，把这次绝顶烘托得无比剧烈。\n她的后穴猛烈地痉挛收缩着，酥麻的电流顺着尾椎窜上大脑，令她眼前发白，呼吸彻底乱了节奏，胯部不由自主地淫荡摆动。\n温热的肠液从抽搐的穴口咕啾涌出的感觉清晰无比，那种仿佛把身体最深处都袒露出来的羞耻令她心跳如鼓，可正是这份羞耻把快感催化得更加浓烈。\n她的思维被搅成一滩甜蜜的浆糊，只剩下后穴绝顶好舒服的下流念头在脑中回荡，整具身体都被这场完整的肛门高潮泡得又软又热。
2056,action_part_a_orgasm_normal_C,0,CVP_A2_A|5_G_6,灭顶般的快感终于在{TargetName}的{anal}深处彻底引爆，她那对刺激极度敏感的肠道立刻做出了最淫荡的回应——剧烈而有节奏的痉挛一波波袭来，令她整个人都失控地颤栗起来。\n腰肢深深地弓起又瘫软，小腹一阵阵抽动，那股专属于肛门绝顶的深沉快感和阴道的感觉截然不同，更加深邃也更加令人堕落。\n她迷迷糊糊地感觉到穴口正随着痉挛吐出滑腻的肠液，濡湿的触感让羞耻心与征服感的快意在心里疯狂交战。\n意识渐渐飘向甜美的虚空，虽然还没有被彻底冲垮，可她已经分不清羞耻和欢愉的界限，只能沉溺在这场用屁股迎来的完整绝顶里，从心底泛起深深的满足。

2057,action_part_a_orgasm_normal_C,0,CVP_A2_T|103_E_1,一阵浓烈而完整的酥麻猛地从{anal}深处炸开，{TargetName}稚嫩的身子猛地一僵，随即毫无保留地剧烈痉挛起来。\n那股汹涌的快感像海浪一样，一波接一波地拍打着她尚未发育完全的腰肢，冲刷过绷紧的小腹，令她的意识瞬间变得模糊而甜腻，脑海里翻涌着说不清道不明的空白。\n{anal}一下又一下用力地收缩着，那种完整而强烈的快感令{TargetName}的呼吸彻底乱了节奏，稚气未脱的脸颊上浮起大片羞红，心里又是害怕又是沉溺，说不出的复杂滋味交织成一团。\n她能隐约感觉到{anal}里似乎有黏腻的肠液缓缓溢出，那种羞耻的实感让她的心跳更加狂乱，小小的身体止不住地颤抖着，仿佛整个世界都在这阵绝顶里摇晃起来。\n高潮的余韵久久不肯散去，{TargetName}瘫软着喘息，脑子里空空荡荡的，只剩下满满的甜蜜与羞涩堆在心口，久久无法平复。
2058,action_part_a_orgasm_normal_C,0,CVP_A2_T|103_E_1,{anal}猛地一紧，一股完整而炽热的快感毫无预兆地贯穿了{TargetName}稚嫩的全身，令她娇小的身躯剧烈地弓起又颤抖着塌软下去。\n那阵强烈的酥麻如潮水般漫过尚显单薄的腰际，涌进还未完全发育的小腹，{TargetName}的意识霎时被一片朦胧的甜腻笼罩，脑子里乱哄哄的什么都抓不住，只剩下那阵绝顶带来的强烈眩晕。\n{anal}一波接一波地痉挛收缩着，力道比以往任何时候都要清晰而完整，令{TargetName}的呼吸支离破碎，稚嫩的脸颊烧得滚烫，混杂着羞耻与难以言说的沉醉。\n她隐隐感觉到有温热的肠液顺着{anal}缓缓渗出，那种羞人的湿意让她的小脸更红了几分，身体却仍不受控制地一阵阵抽搐着，仿佛怎么都停不下来。\n等那阵剧烈的绝顶渐渐退去，{TargetName}还大口喘着气，懵懂的心里满满都是说不清的餍足与羞涩，久久缓不过神来。
2059,action_part_a_orgasm_normal_C,0,CVP_A2_T|103_E_1,一股完整而强烈的快感毫无征兆地从{anal}深处轰然炸开，{TargetName}尚显稚嫩的身体猛地绷紧，随即控制不住地剧烈痉挛起来。\n那种浓烈的酥麻感如潮汐般席卷了她整个尚在发育的身躯，漫过纤细的腰肢，涌进小腹深处，{TargetName}的脑海瞬间被一片甜腻的空白填满，什么念头都抓不住，只剩下绝顶带来的强烈眩晕感。\n{anal}一阵接一阵用力地收缩着，那种完整而典型的快感令她的呼吸彻底乱作一团，稚气的脸颊染上浓浓的绯色，心里满是难以言喻的羞耻与沉溺。\n她能清楚地感觉到肠液正顺着{anal}汩汩地流淌出来，那份湿漉漉的羞耻感令她整个人都控制不住地发烫，小小的身躯止不住地一阵阵痉挛着。\n高潮过后，{TargetName}还伏在原地大口喘息着，意识懵懵懂懂地飘着，心底堆满了甜蜜又羞涩的满足，久久说不出话来。
2060,action_part_a_orgasm_normal_C,0,CVP_A2_T|103_E_1,一阵猛烈而完整的酥痒感骤然自{anal}深处涌了出来，{TargetName}尚未完全发育的身子猝不及防地剧烈一颤，随即整个人都不受控制地痉挛起来。\n那股浓稠的快感像浪潮般层层叠叠地涌上来，冲刷过纤细的腰际，漫进绷得紧紧的小腹，令{TargetName}的思绪骤然一片模糊，脑子里空落落的，只剩下这阵完整绝顶带来的强烈晕眩。\n{anal}一下接一下地剧烈收缩着，那种毫无保留的快感令她的呼吸彻底散乱，稚嫩的脸颊烧得通红，心里满是懵懂的羞耻与说不清的沉醉感。\n她能感觉到滚烫的肠液正一点点从{anal}处溢出来，那种湿黏的羞耻实感令她的身体抖得更厉害了，小小的心脏怦怦狂跳个不停。\n绝顶的余韵迟迟不肯散去，{TargetName}瘫软着大口喘气，脑海里一片朦胧的甜腻，心底满满堆着羞涩又满足的情绪，久久回不过神来。
2061,action_part_a_orgasm_normal_C,0,CVP_A2_T|103_E_1,{anal}忽然剧烈一缩，一股完整而浓烈的快感毫无预兆地贯穿了{TargetName}尚显青涩的全身，令她整个娇小的身躯猛地绷成一道弧线，又颤颤巍巍地瘫软下去。\n那阵强烈的酥麻如潮水般汹涌地漫过她稚嫩的腰肢，渗进尚未完全发育的小腹深处，{TargetName}的意识瞬间被浓浓的甜腻淹没，脑海里一团混沌，什么都想不清楚，只剩下绝顶带来的强烈晕眩感。\n{anal}一阵又一阵地用力痉挛收缩着，那种完整而典型的快感令她的呼吸彻底破碎凌乱，稚气未脱的小脸涨得通红，心里交织着羞耻与难以自持的沉溺。\n她隐约察觉到有温热黏腻的肠液正从{anal}缓缓流出，那份羞人的湿意让她整个人更加燥热难耐，娇小的身子止不住地一阵阵抽搐颤抖。\n高潮的余温久久萦绕不散，{TargetName}伏在原地喘着粗气，懵懂的心里塞满了羞涩与甜蜜交织的满足感，久久无法平静下来。

2062,action_part_a_orgasm_normal_C,0,CVP_A2_T|1_E_1,一股前所未有的灼热快感猛地从{anal}深处炸开，{TargetName}的身体骤然绷紧，从未被开发过的后穴竟然带来了如此汹涌的绝顶，令她的意识在一瞬间变得模糊而混乱。\n那股快感如海浪般一波接一波地席卷全身，漫过颤抖的腰肢，漫过抽搐的小腹，令她的四肢都不受控制地绷紧痉挛着。\n{TargetName}的心里充满了难以置信的羞耻与迷乱，明明是那种不该有快感的地方，第一次就被推上了完整的高潮，这个认知令她的脸颊烧得通红。\n{anal}强烈而有节奏地痉挛收缩着，她甚至感觉到有温热的肠液从穴口渗出，那种淫靡的失禁感令她羞得几乎要哭出来，却又被更深的快感淹没，只能在甜美的空白中细细颤栗着，任由初次的肛肠绝顶将她彻底吞没。
2063,action_part_a_orgasm_normal_C,0,CVP_A2_T|1_E_1,{TargetName}的腰肢猛地弓起，一股滚烫而陌生的绝顶快感从{anal}深处轰然涌出，狠狠冲垮了她所有的防备。\n这是她人生中第一次被后面的穴带上高潮，那种从未体验过的酥麻电流顺着脊椎直冲脑髓，令她的思绪瞬间被搅得一片混沌，只剩下呼吸急促失序的喘息。\n从未被任何人碰过的{anal}竟然如此淫荡地痉挛收缩着，一下一下地绞紧，小腹反复抽搐，双腿颤抖着几乎站不稳。\n羞耻感和快感在{TargetName}心里疯狂交战着，她做梦都没想到自己会用这种下流的地方达到绝顶，可身体的反应却诚实得可怕。\n温热的肠液不受控制地从穴口溢出，那种黏腻的感觉令她又羞又乱，意识朦胧地沉溺在这场初次的肛肠高潮里，久久无法回神。
2064,action_part_a_orgasm_normal_C,0,CVP_A2_T|1_E_1,一阵剧烈的痉挛从{anal}最深处爆发出来，{TargetName}的眼前骤然闪过一片白光，初次经历的后穴绝顶来得如此凶猛，令她完全措手不及。\n那股淫靡的快感像潮水一样淹没了她的全身，腰部明显地弓起，四肢绷紧颤抖，小腹一阵一阵地抽搐着，连脚趾都蜷缩了起来。\n{TargetName}的意识开始变得模糊，脑海里被浓稠的快感搅成一团，她怎么也无法相信，这个从未被开发过的羞耻部位，第一次就能给她带来这样完整而剧烈的高潮。\n{anal}淫乱地反复绞紧收缩，她清晰地感觉到肠液正顺着痉挛的穴口缓缓流出，那种下流的湿润感令她羞耻得浑身发烫。\n可那份羞耻偏偏又化作更甜美的刺激，令她只能沉浸在这场令人迷乱的初次绝顶中，细细地颤抖着。
2065,action_part_a_orgasm_normal_C,0,CVP_A2_T|1_E_1,{TargetName}的喉咙里溢出一声破碎的呻吟，一股炽热的绝顶快感正从{anal}深处汹涌地扩散开来，将她第一次推上了后穴高潮的顶峰。\n那种陌生而强烈的愉悦令她的脑子嗡嗡作响，意识仿佛被泡进了温热的蜜糖里，变得黏稠而模糊。\n从未接纳过任何东西的{anal}此刻却强烈地痉挛着，一波接一波有节奏地收缩，腰肢不受控制地扭动弓起，大腿内侧的肌肉剧烈地颤抖着。\n{TargetName}的内心被巨大的羞耻和迷乱填满，她从没想过处女的后穴竟会如此敏感，第一次就淫荡地绝顶了，这个事实令她无地自容。\n温热滑腻的肠液从抽搐的穴口渗出，那种失守般的感觉令她既羞耻又沉醉，只能在急促的喘息中任凭初次的肛肠绝顶将自己的理智一点点融化。
2066,action_part_a_orgasm_normal_C,0,CVP_A2_T|1_E_1,一道酥麻的电流猛然从{anal}深处窜遍全身，{TargetName}的身体剧烈一颤，毫无经验的后穴就这样迎来了它的第一次完整绝顶。\n汹涌的快感如同决堤的洪水般漫过她的四肢百骸，小腹止不住地反复抽搐，腰肢高高弓起又软软塌下，呼吸彻底乱了节奏。\n{TargetName}的意识在快感的浪潮中载浮载沉，思绪变得朦胧而甜腻，她只知道那个从未被碰过的隐秘穴口正在淫靡地痉挛绞动着，每一次收缩都激起新的颤栗。\n羞耻感在她心底疯狂叫嚣着，用这种肮脏的地方高潮实在太下流了，可身体却背叛了她的矜持，沉溺在这份禁忌的愉悦里无法自拔。\n她甚至感觉到{anal}里有温热的肠液随着痉挛缓缓淌出，那种淫乱的湿意令她羞得闭紧了双眼，却只让绝顶的余韵在体内荡漾得更加清晰。

2067,action_part_a_orgasm_normal_C,0,t_first_a_sex_in_today,一股汹涌的快感浪潮猛然从{anal}深处炸开，{TargetName}的腰肢剧烈一弓，脑海霎时被冲得一片迷蒙。\n今天才刚刚被开发过的{anal}竟然就迎来了如此完整而剧烈的绝顶，那种从后穴深处翻涌而上的淫靡快感令她既震惊又羞耻，明明是初次体验的部位，却已经能带给她这么强烈的高潮，这个认知让她的心被羞耻和迷乱搅得一塌糊涂。\n{anal}不受控制地强烈痉挛收缩着，她甚至能感觉到有温热的肠液从穴口渗淌出来，那种下流的感觉令她的脸颊烧得通红。\n意识在快感的海浪中渐渐模糊，{TargetName}只能颤抖着沉浸在这场用屁股迎来的绝顶里，心底涌起说不清是羞愧还是满足的甜腻情绪，久久无法平息。
2068,action_part_a_orgasm_normal_C,0,t_first_a_sex_in_today,{anal}深处骤然涌起一阵铺天盖地的酥麻，{TargetName}的小腹猛地抽搐起来，整个人被卷进了高潮的漩涡中。\n她难以置信地颤抖着，今天才初次尝到肛交滋味的{anal}居然这么快就学会了绝顶，那种从肠道深处漫上来的淫猥快感一波接着一波地冲刷着她的理智，令她的意识开始发飘，什么都想不清楚了。\n{anal}一阵阵地剧烈收缩痉挛，温热的肠液顺着抽动的穴口悄悄流出，那种失禁般的羞耻感和绝顶的愉悦搅在一起，令她的心跳乱成一团。\n明明早上还是从未被开发过的地方，现在却让她爽到腰肢发软，四肢止不住地哆嗦，{TargetName}在迷乱的快感中沉沦着，心中满是对自己身体如此淫荡的震惊与羞耻。
2069,action_part_a_orgasm_normal_C,0,t_first_a_sex_in_today,一阵剧烈的绝顶快感从{anal}最深处轰然爆发，{TargetName}的背脊瞬间绷成弓形，喉咙里溢出破碎的呻吟。\n初次开苞才过去没多久的{anal}竟然已经能够品尝到完整的高潮，肠道深处传来的快感如同潮水一般席卷全身，把她的思绪冲得七零八落，意识朦朦胧胧地漂浮着。\n她清晰地感觉到{anal}正在不知羞耻地反复痉挛吮缩，肠液被挤压着从穴口涌淌出来，那种淫靡的湿热触感令她羞得几乎要哭出来。\n可是身体却诚实得可怕，明明是今天才破处的后穴，却带给她这样铺天盖地的愉悦，{TargetName}的内心被羞耻、震惊和无法否认的深深满足反复冲击着，只能瘫软着任由这场屁穴绝顶将自己彻底淹没。
2070,action_part_a_orgasm_normal_C,0,t_first_a_sex_in_today,快感的巨浪毫无预兆地从{anal}深处掀起，{TargetName}浑身猛地一颤，双腿失控地绷直痉挛，被完整的绝顶狠狠贯穿了。\n那种从肠壁深处炸开的酥麻愉悦远比她想象中更加凶猛，今天才刚刚献出肛门初体验的她根本招架不住，脑袋里一片白茫茫的甜腻，理智像被泡软了一样渐渐涣散。\n{anal}正淫乱地一缩一缩痉挛着，她甚至能感受到滑腻的肠液正从失守的穴口淌落，这种用屁眼达到高潮的下流事实令她羞耻得头皮发麻。\n然而快感却不容她逃避，一波波地冲刷着她的每一寸神经，{TargetName}在迷蒙的意识中颤栗着，心底既为自己第一天就被开发成这样而慌乱，又被那深入骨髓的舒爽感染得几乎沉醉。
2071,action_part_a_orgasm_normal_C,0,t_first_a_sex_in_today,{anal}深处猛然涌出一股无法抗拒的灼热快感，{TargetName}的腰肢剧烈痉挛着高高弓起，整个人坠入了完整绝顶的深渊。\n她做梦也没想到，今天才初次被开发的{anal}居然如此敏感淫贱，肠道里翻腾的快感像堕落的蜜浪一样将她层层裹住，令她的意识开始模糊摇晃，连呼吸都乱了节奏。\n{anal}正剧烈地反复收缩抽搐，温热滑腻的肠液不受控制地从穴口溢淌而出，那种仿佛失禁一般的羞耻触感令她的脸颊滚烫欲燃。\n初尝禁果的当天就被调教出了后穴高潮，这个淫荡的事实令{TargetName}的内心又羞又乱，可身体深处涌起的满足感却骗不了人，她只能颤抖着沉浸在这场令人迷乱的绝顶余韵中。
2072,action_part_a_orgasm_normal_C,0,CVP_A2_T|1_E_0&CVP_A2_A|10_LE_3,一股汹涌的快感骤然从{anal}深处炸裂开来，{TargetName}的脑海霎时被浪潮般的酥麻淹没了。\n那处还没被完全开发透的后穴本能地剧烈痉挛收缩着，紧窄的媚肉一阵阵绞紧，每一下抽搐都把更浓烈的愉悦顶进她的骨髓里，令她的腰肢猛地弓起，双腿绷得直发颤。\n意识开始变得朦朦胧胧的，明明还残留着一丝对屁穴快感的不适应，可那股淫靡的绝顶浪潮却蛮横地把羞耻碾成了甜蜜，她隐约感觉到有温热的肠液从痉挛的穴口渗淌出来，那种下流的失禁般的错觉令她又羞又迷乱，只能任由整个人沉溺在后穴高潮的深深满足里。
2073,action_part_a_orgasm_normal_C,0,CVP_A2_T|1_E_0&CVP_A2_A|10_LE_3,绝顶的电流猛地贯穿了{TargetName}的尾椎，{anal}深处翻涌起的快感像决堤般冲垮了她的思绪。\n尚且紧致青涩的肠道不受控制地一波波痉挛绞缩，那种从屁眼里升腾起的淫猥愉悦比她预想的要凶猛得多，令她的小腹反复抽搐，脚趾都蜷缩了起来。\n她的呼吸彻底乱了，眼前泛起一层白蒙蒙的雾气，意识渐渐飘忽却还没有断线，心里又惊又醉——明明是那么羞人的地方，却让自己爽到腰都软了。\n感觉到少许滑腻的肠液顺着收缩的穴口被挤出来时，一阵混着羞耻的快意又把她往高潮的漩涡里按得更深了。
2074,action_part_a_orgasm_normal_C,0,CVP_A2_T|1_E_0&CVP_A2_A|10_LE_3,{TargetName}的后穴猛然一缩，一场完整而剧烈的绝顶就这样从{anal}的最深处轰然爆发了。\n那股又酸又胀的淫熟快感沿着脊椎直冲头顶，令她的脑子嗡地一声变得甜蜜蜜的空白，腰肢高高弓起又瘫软下去，大腿内侧止不住地哆嗦。\n还不算熟练的菊穴一下下用力吮缩着，每次痉挛都逼出新的快感浪头，把她仅存的矜持冲刷得七零八落。\n她恍惚间察觉到穴口正淌出温热的肠液，那种从没体会过的下流感受令她面红耳赤，可身体却诚实地沉浸在这场肛门高潮里，心底涌满了被快感填满的餍足与迷醉。
2075,action_part_a_orgasm_normal_C,0,CVP_A2_T|1_E_0&CVP_A2_A|10_LE_3,毫无保留的绝顶快感从{anal}里面汹涌地泛滥开来，{TargetName}只觉得整个下半身都被淫靡的酥麻融化了。\n她那开发尚浅的肠壁又紧又敏感，此刻正抑制不住地连环痉挛，一阵紧似一阵地收缩着，把凶猛的快感一浪浪推上她逐渐模糊的意识。\n她的双手无意识地攥紧，腰胯淫乱地轻颤扭动，明明之前对用屁股高潮还有些抗拒，如今却被这股正统而强烈的绝顶冲得晕头转向，心里只剩下甜腻的眩晕。\n温热的肠液被痉挛的穴肉挤得渗流出来，湿滑的触感令她羞得几乎要哭出来，偏偏这份羞耻又化作快感的柴薪，让高潮的余浪迟迟不肯退去。
2076,action_part_a_orgasm_normal_C,0,CVP_A2_T|1_E_0&CVP_A2_A|10_LE_3,一波足以没顶的高潮巨浪从{TargetName}的{anal}中央轰然掀起，狠狠拍碎了她的理智。\n紧窄而稚气未脱的肠肉痉挛着死死绞紧，那种从后穴深处炸开的鲜烈快感令她浑身剧震，脊背绷成一张弓，喉咙里溢出破碎的媚音。\n她的眼神开始涣散，思绪像被搅浑的水般晃荡不定，却仍残留着一分清明让她意识到——自己正实实在在地用屁眼达到了绝顶。\n这个认知带来的羞耻与兴奋交缠着灌满她的胸口，感觉到肠液从抽搐的穴口滴淌而下时，她的心口更是被淫猥的甜美塞得满满的，只能颤抖着任由高潮的余韵反复冲刷着瘫软的身体。
2077,action_part_a_orgasm_normal_C,0,CVP_A2_T|1_E_0&CVP_A2_A|10_G_3&CVP_A2_A|10_LE_6,一股熟悉而汹涌的快感骤然从{anal}深处炸开，{TargetName}的腰肢猛地一软，绝顶的浪潮转瞬间席卷了整个身体。\n有过肛交经验的她本以为自己能够从容承受，可这次完整的绝顶还是令她的意识开始发起迷糊，脑子里被一层甜蜜的白雾笼罩着，{anal}正有节奏地强烈痉挛着，那种从后穴深处翻涌上来的淫靡快感一波接着一波，令她的小腹反复抽搐，双腿绷得发颤。\n她能清晰地感觉到{anal}里有温热的肠液渗出来，那种羞耻的湿滑感令她的脸颊烧得滚烫，心里却涌起一阵深深的满足，正因为熟悉这种滋味，她才更加无法抗拒地沉溺在后穴绝顶的愉悦里，任由那股迷乱的快感将自己淹没。
2078,action_part_a_orgasm_normal_C,0,CVP_A2_T|1_E_0&CVP_A2_A|10_G_3&CVP_A2_A|10_LE_6,绝顶的快感如同决堤的潮水般从{anal}深处奔涌而出，{TargetName}的背脊猛然弓起，喉咙里溢出压抑不住的甜腻哼声。\n被开发过的后穴早已懂得如何迎接这份快感，{anal}熟练而贪婪地一阵阵收缩痉挛着，将那股酥麻的电流源源不断地送遍全身，她的意识渐渐变得朦胧，思绪被搅成一片甜蜜的浆糊，只剩下后穴绝顶那淫猥而鲜明的悦乐在身体里横冲直撞。\n肠液顺着痉挛的{anal}悄悄淌出，那种下流的感觉令她又羞又醉，心底却泛起有经验的女人才懂的深度餍足，她微微颤抖着咬住下唇，沉浸在这场完整而剧烈的肛肠高潮中久久无法自拔。
2079,action_part_a_orgasm_normal_C,0,CVP_A2_T|1_E_0&CVP_A2_A|10_G_3&CVP_A2_A|10_LE_6,{anal}深处骤然迸发出一阵强烈的绝顶快感，{TargetName}浑身猛地绷紧，随即又酥软地颤抖起来。\n作为已经尝过不少次后穴滋味的身体，她太清楚这股浪潮意味着什么，可真正被卷入其中时，那种正常强度的完整绝顶依然令她的脑海泛起大片空白，意识摇摇晃晃地开始模糊，{anal}一下一下地剧烈痉挛收缩着，仿佛在贪恋地咀嚼这份快感，酥麻的悦乐从尾椎窜上脊背，令她的腰肢不受控制地扭动。\n温热的肠液从抽搐的{anal}里溢出来，湿黏的触感令她羞耻得头皮发麻，心里却被浓烈的快美和满足塞得满满的，只能任由自己在这淫靡的肛肠绝顶里甜蜜地沦陷。
2080,action_part_a_orgasm_normal_C,0,CVP_A2_T|1_E_0&CVP_A2_A|10_G_3&CVP_A2_A|10_LE_6,一阵灼热的绝顶浪潮毫无保留地从{anal}深处轰然炸裂，{TargetName}的双腿瞬间失去了力气，整个人止不住地痉挛颤抖。\n后穴的快感对她来说并不陌生，正因如此，她的身体才会如此顺从地接纳这次绝顶，{anal}熟稔地反复紧缩痉挛着，把那股下流的酥麻一层层碾进她的骨髓里，她的呼吸彻底乱了，意识像被浸进温水里一样渐渐发昏，脑中只余下一片被快感填满的甜蜜混沌。\n她迷迷糊糊地感觉到肠液正从痉挛的{anal}中渗漏而出，那种淫猥的湿意令她既难为情又莫名兴奋，熟悉的餍足感从心底深处漫上来，令她沉醉在这场完整的后穴高潮里，连指尖都泛着酥麻的余韵。
2081,action_part_a_orgasm_normal_C,0,CVP_A2_T|1_E_0&CVP_A2_A|10_G_3&CVP_A2_A|10_LE_6,{TargetName}的{anal}深处猛然涌起一股无法抵挡的绝顶快感，她的小腹狠狠抽搐了一下，随即整具身体都被卷进了高潮的漩涡。\n有经验的后穴敏锐地捕捉着每一分快感，{anal}正淫靡而有节奏地痉挛蠕动着，一阵阵酥麻的电流顺着肠壁炸开，冲得她眼前阵阵发白，意识开始变得恍惚迷离，却又还残留着一丝清明让她品味这份熟悉的极乐。\n她能感到湿热的肠液从收缩的{anal}中缓缓流淌出来，那份羞人的濡湿令她的耳根都红透了，心底却涌动着无法掩饰的欢愉与满足，腰肢轻轻摇晃着追逐余韵，整个人都醉倒在这场剧烈而完整的肛肠绝顶带来的深沉快美之中。
2082,action_part_a_orgasm_normal_C,0,CVP_A2_T|1_E_0&CVP_A2_A|10_G_6,一股熟悉而汹涌的快感浪潮从{anal}深处轰然炸开，{TargetName}的腰肢猛地一软，整个人沉进了绝顶的漩涡里。\n对肛悦早已烂熟于心的她清楚地知道这一波高潮的分量，却依旧被那股席卷全身的酥麻冲得意识发飘，脑海里泛起一片甜蜜的白雾。\n{anal}熟练而有力地痉挛收缩着，每一下蠕动都把快感放大数倍，她甚至能凭着丰富的经验主动迎合那阵阵抽搐，让绝顶的滋味被榨取得淋漓尽致。\n温热的肠液从深处渗出的感觉令她心头一阵羞耻的悸动，可这份羞耻转眼就被更浓烈的满足吞没了。\n她哈啊地喘息着，沉醉在这场自己再熟悉不过却依旧无法抗拒的肛门绝顶之中，心里只剩下被快感填满的餍足。
2083,action_part_a_orgasm_normal_C,0,CVP_A2_T|1_E_0&CVP_A2_A|10_G_6,绝顶的电流猛然贯穿{TargetName}的脊椎，{anal}深处涌出的快感如决堤般漫过小腹，淹没了她的整个思绪。\n身为后穴被彻底开发的老手，她非但没有抗拒，反而娴熟地绷紧腰肢承接住这波高潮，任由那股淫靡的热浪一层层碾过神经。\n{anal}有节奏地剧烈痉挛着，那种熟稔的收缩令快感成倍翻涌，她的意识开始模糊，眼前一阵阵发白，只觉得整条肠道都在为绝顶而欢鸣。\n察觉到滑腻的肠液正顺着穴口溢出，她的心底泛起一丝甜蜜的堕落感，淫荡的自觉与深深的满足交织在一起。\n她微微翘起臀部细细品味着余韵，丰富的经验让她把这场肛门高潮的每一分愉悦都咀嚼得干干净净，心头餍足得快要融化。
2084,action_part_a_orgasm_normal_C,0,CVP_A2_T|1_E_0&CVP_A2_A|10_G_6,{anal}深处骤然绽开一朵快感的烈焰，{TargetName}的全身随之剧烈一颤，完整而饱满的绝顶浪头将她整个卷了进去。\n无数次肛悦累积的经验令她的身体条件反射般地进入了迎接高潮的姿态，腰肢弓起，双腿绷紧，熟练得近乎本能。\n可即便如此，那股从肠道深处炸开的酥麻依旧凶猛得让她意识发昏，脑子里一片甜腻的混沌，什么矜持都被冲得七零八落。\n{anal}贪婪而老练地反复紧缩，仿佛在竭力挽留这份绝顶的滋味，每一次痉挛都激得她小腹连连抽搐。\n感受到肠液温热地涌出，她的脸颊烧了起来，羞耻与快慰在心底搅成一团。\n最终她瘫软下来，沉浸在后穴高潮特有的深沉余韵里，满心都是无法言说的淫靡餍足。
2085,action_part_a_orgasm_normal_C,0,CVP_A2_T|1_E_0&CVP_A2_A|10_G_6,一波蓄势已久的高潮终于在{anal}深处引爆，{TargetName}发出一声绵长的娇吟，任凭那股滚烫的快感洪流冲刷过四肢百骸。\n她太了解自己这具被开发透了的身体了，肠道传来的每一丝悸动都被她精准地捕捉、放大，化作直冲天灵盖的极乐。\n意识渐渐蒙上一层雾，她的思绪在快感里载浮载沉，只剩下后穴绝顶那种深邃又淫猥的爽利感在脑中回荡。\n{anal}如同拥有自我意志般娴熟地翕张收缩，连绵的痉挛把绝顶的余波一浪浪推向更深处，令她的腰肢止不住地打颤。\n黏滑的肠液顺着收缩的间隙缓缓淌出，那种失守般的感觉令她又羞又爽，心底却涌起近乎骄傲的沉醉，为自己能把肛门高潮品味得如此透彻而暗暗战栗着。
2086,action_part_a_orgasm_normal_C,0,CVP_A2_T|1_E_0&CVP_A2_A|10_G_6,酥麻的巨浪自{anal}最深处轰然掀起，{TargetName}的视野瞬间晃了晃，标准而完整的绝顶快感毫无保留地灌满了她的每一根神经。\n作为深谙肛悦之道的熟练身体，她几乎是驾轻就熟地随着高潮的节拍摆动腰肢，把那股淫热的快感一寸寸吸进骨髓里。\n饶是如此，这波绝顶的力道仍令她的意识蒙眬起来，喉咙里溢出破碎的呻吟，脑海中甜蜜地一片空茫。\n{anal}老练地一阵紧似一阵地绞缩着，那种由内而外的抽搐令她的大腿根不住痉挛，快感在肠道里翻滚成一锅滚烫的蜜。\n温热的肠液被挤出穴口的湿滑触感让她心头掠过一阵淫靡的羞意，随即又被深沉的满足覆盖。\n她眯起失神的眼眸，餍足地咀嚼着这场后穴绝顶留下的绵长余韵。

2087,action_part_a_orgasm_normal_C,0,CVP_A2_S|5_L_1000,一股远比想象中汹涌的快感骤然从{anal}深处炸开，明明方才还只是隐约的酥麻，此刻却像决堤的浪潮般把{TargetName}整个人吞没了。\n{anal}强烈而有节奏地痉挛收缩着，那种从后穴涌上来的淫靡电流窜过腰肢直冲脑髓，令她的意识开始变得朦胧模糊，脑子里只剩下一片甜腻的白雾。\n她隐约感觉到有温热的肠液从{anal}里悄悄渗出，那种被后面的快感逼上绝顶的羞耻认知令她的心乱成一团，既觉得下流得不敢承认，又被那股完整而剧烈的高潮愉悦淹没得无法思考。\n腰肢不受控制地弓起又瘫软，{TargetName}沉浸在这场用屁股迎来的绝顶里，心底涌起深深的满足与迷乱。
2088,action_part_a_orgasm_normal_C,0,CVP_A2_S|5_L_1000,那股一直若有似无的酥痒忽然在{anal}深处凝聚成一团滚烫的快感，随即轰然炸裂，{TargetName}还来不及惊讶，绝顶的浪头就已经将她高高卷起。\n{anal}一阵阵剧烈地收缩痉挛，每一次绞紧都把更浓的快感挤进她的脑髓，令她的思绪开始融化模糊，只能任由那股淫荡的热流在体内横冲直撞。\n小腹反复抽搐着，四肢发软发颤，她羞耻地察觉到{anal}正咕啾地淌出滑腻的肠液，用后穴高潮的下流事实令她的脸颊烧得通红。\n可那种完整而深沉的绝顶快感实在太过甜美，{TargetName}的内心被愉悦塞得满满的，在羞耻与满足的夹缝里沉醉得无法自拔。
2089,action_part_a_orgasm_normal_C,0,CVP_A2_S|5_L_1000,快感毫无预兆地在{anal}深处掀起了滔天巨浪，方才那点微弱的酥麻仿佛只是前奏，此刻真正的绝顶狠狠贯穿了{TargetName}的全身。\n{anal}不受控制地一下一下强烈绞缩着，那种从最羞耻的地方涌出的快感顺着脊椎炸上头顶，令她的视野微微发白，意识渐渐飘忽起来，却还没被彻底冲垮，反而更清晰地品味着这场高潮的每一丝甜美。\n温热的肠液顺着{anal}的收缩被挤了出来，那种湿滑的触感令她的心跳乱得一塌糊涂，羞得想找个地缝钻进去。\n可身体却诚实得可怕，腰肢高高弓起又剧烈打颤，{TargetName}的内心被后穴绝顶的淫靡满足感淹没，久久沉浸其中。
2090,action_part_a_orgasm_normal_C,0,CVP_A2_S|5_L_1000,一波完整而剧烈的绝顶快感从{anal}最深处轰然涌出，把{TargetName}打得措手不及，明明只积攒了不多的快感，身体却已经先一步坠入了高潮的深渊。\n{anal}猛烈地痉挛收缩着，一圈圈淫猥的电流从后穴扩散到绷紧的小腹和打颤的大腿，令她的呼吸彻底乱了节奏，脑海里的思绪被冲刷得七零八落，只剩下模糊的甜腻在打转。\n她恍惚间感觉到{anal}里有黏滑的肠液不住地往外淌，用屁股绝顶还流出这种东西的认知令她羞耻得快要哭出来。\n可那股深入骨髓的高潮愉悦却令她的心底泛起浓烈的餍足，{TargetName}颤抖着沉溺在这场迷乱的绝顶余韵里，满心都是化不开的甜。
2091,action_part_a_orgasm_normal_C,0,CVP_A2_S|5_L_1000,{anal}深处骤然爆开一团灼热的快感，那股力道远超她的预料，{TargetName}的身体猛地绷紧，随即被完整的绝顶浪潮整个吞没了。\n后穴一阵接一阵地剧烈痉挛，{anal}的每一次收缩都把新的快感狠狠碾进她的神志里，令她的意识蒙上了一层甜蜜的雾气，眼前的一切都开始摇晃模糊。\n滚烫的肠液被绞缩的{anal}一点点挤出来，那种黏腻的湿意令她既慌乱又羞耻，居然被屁股里的快感逼到了绝顶，这种下流的事实令她的心脏狂跳不止。\n然而高潮的愉悦如潮水般一波波漫过心头，冲得她什么都顾不上了，腰肢瘫软颤抖着，{TargetName}满心迷乱地沉浸在这份深沉又淫靡的满足之中。

2092,action_part_a_orgasm_normal_C,0,CVP_A2_S|5_GE_1000&CVP_A2_S|5_L_12000,一股汹涌的快感浪潮猛地从{anal}深处炸开，{TargetName}的脑海霎时被淹没了。\n那种从后穴涌出的淫靡电流一波接一波地冲刷着全身，令她的腰肢猛地弓起，双腿难以自控地绷紧痉挛，{anal}强烈而有节奏地收缩着，每一次痉挛都把新的快感狠狠挤进她的意识里。\n她的思绪开始变得朦胧，只剩下后庭绝顶的酥麻在体内横冲直撞，已经尝惯了几次肛肠快感的她比刚才更加敏锐，甚至能清晰感觉到有温热的肠液从收缩的穴口渗出来，那种淫猥的湿润感令她羞耻得头皮发麻，却又无法否认心底翻涌上来的深深满足，只能任由这场完整的绝顶把自己浸泡在甜蜜的迷乱里。
2093,action_part_a_orgasm_normal_C,0,CVP_A2_S|5_GE_1000&CVP_A2_S|5_L_12000,绝顶的快感如决堤的洪水般从{anal}轰然涌出，{TargetName}忍不住仰起头，眼前一阵发白。\n已经被开发得尝到甜头的后穴此刻痉挛得格外淫荡，一下一下地绞紧收缩，把浓烈的酥麻感源源不断地送进她逐渐模糊的意识里。\n小腹反复抽搐着，四肢止不住地颤抖，急促的呼吸完全乱了节奏，她能感到{anal}深处有滑腻的肠液被高潮挤压着淌出，顺着穴口溢出来的淫靡触感令她臊得满脸通红。\n可那种被后庭绝顶彻底填满的充实与愉悦实在太过强烈，羞耻很快就被快感冲得七零八落，她只能沉溺在这场汹涌的高潮中，心里被甜美的空白和淫乱的餍足塞得满满当当。
2094,action_part_a_orgasm_normal_C,0,CVP_A2_S|5_GE_1000&CVP_A2_S|5_L_12000,一阵剧烈的痉挛骤然攫住了{TargetName}的{anal}，正常而完整的绝顶高潮就这样毫无保留地爆发了。\n后穴里积攒许久的快感在这一刻尽数释放，酥麻的浪头一层层拍打着她的神志，令她的意识开始发飘发晕，腰肢不受控制地挺起又落下，脚趾都蜷缩了起来。\n经历过数次后庭高潮的身体对这份快感格外熟稔，{anal}贪婪地反复收缩着，仿佛在细细咀嚼绝顶的每一丝余韵，温热的肠液被挤出穴口的淫猥感觉令她既羞耻又迷乱。\n她的心被巨大的愉悦泡得又软又热，脑海里只剩下一片甜腻的雾气，深深的满足感从尾椎一路酥到头顶，让她久久沉浸在这场淫靡的绝顶里无法自拔。
2095,action_part_a_orgasm_normal_C,0,CVP_A2_S|5_GE_1000&CVP_A2_S|5_L_12000,{TargetName}的{anal}猛然痉挛收紧，一场完整的后庭绝顶轰然降临，快感像烧红的岩浆一样从肠道深处泼洒进四肢百骸。\n她的背脊高高绷起，双腿抖得几乎撑不住身体，小腹一阵阵地抽动着，连指尖都在发麻。\n意识被浓稠的快感搅得模糊不清，却还没有被彻底冲垮，正因如此她才更清楚地体会到每一下收缩带来的淫荡愉悦。\n今天已经被后穴的快感喂饱过几回的她，此刻敏感得一塌糊涂，能真切感觉到滑腻的肠液随着痉挛从{anal}口涌出，那种失守般的羞耻令她耳根滚烫。\n可心底翻腾的却是无法掩饰的沉醉与餍足，甜美的眩晕一波波漫过心头，令她整个人都酥软在高潮的余波里。
2096,action_part_a_orgasm_normal_C,0,CVP_A2_S|5_GE_1000&CVP_A2_S|5_L_12000,后穴深处骤然炸开的绝顶快感令{TargetName}浑身猛地一挺，{anal}开始不受控制地剧烈收缩，一波波标准而完整的高潮痉挛沿着肠道向全身扩散。\n那种酥到骨子里的淫靡快感比先前几次浅尝的余韵都要浓烈得多，冲得她眼神涣散，呼吸零乱，腰肢软软地打着颤，连思考都变成了奢侈。\n她迷迷糊糊地感到{anal}里有温热滑腻的肠液被痉挛挤压着淌了出来，湿黏的触感令她羞得想找个地缝钻进去，偏偏身体却诚实地沉溺在这份下流的愉悦里。\n甜蜜的空白占据了大半个脑海，深沉的满足感把她的心填得满满的，令她只能瘫软着承受这场把理智泡软的后庭绝顶。

2097,action_part_a_orgasm_normal_C,0,CVP_A2_S|5_GE_12000&CVP_A2_S|5_L_90000,一股滚烫的绝顶浪潮猛地从{anal}深处炸开，早已被开发得极度敏感的后穴根本承受不住这样的冲击，{TargetName}的腰肢猛然弓起，浑身剧烈地痉挛颤抖着。\n那种熟悉又淫靡的肛门绝顶快感如潮水般一波波席卷全身，她的脑子瞬间被搅成一团浆糊，意识开始变得朦胧模糊，只剩下后穴里翻涌的极乐在支配着她。\n{anal}一阵阵强烈地收缩痉挛着，她清楚地感觉到有温热的肠液顺着穴口淌了出来，这种下流的感觉让她羞耻得几乎要哭出来，可身体却诚实地沉溺在绝顶的愉悦里。\n已经数不清是第几次被肛门快感送上顶峰了，她的内心被深深的满足感和淫乱的沉醉塞得满满当当，只能颤抖着任由这波高潮将自己彻底淹没。
2098,action_part_a_orgasm_normal_C,0,CVP_A2_S|5_GE_12000&CVP_A2_S|5_L_90000,绝顶的电流骤然贯穿{TargetName}的脊椎，被彻底调教得淫熟无比的{anal}只需一点刺激就能攀上高潮，此刻更是毫无抵抗地迎来了一次完整而剧烈的肛门绝顶。\n她的小腹一下下抽搐着，四肢绷得笔直又不住颤栗，呼吸完全乱了节奏，甜腻的媚意从后穴深处不断炸开，冲刷着她已经开始涣散的思绪。\n好舒服，脑海里只剩下这个念头在反复回荡，她甚至能感觉到{anal}正贪婪地蠕动收缩，把绝顶的快美一滴不剩地榨取出来。\n温热的肠液不受控制地从痉挛的穴口涌出，那种失禁般的羞耻感反而化作更浓烈的兴奋，让她的心彻底沦陷在这场肛门高潮里，脸上浮现出迷醉又淫荡的红潮，久久无法从极乐中回神。
2099,action_part_a_orgasm_normal_C,0,CVP_A2_S|5_GE_12000&CVP_A2_S|5_L_90000,{anal}深处骤然涌起一股无法抗拒的绝顶热流，{TargetName}的眼前猛地闪过一片白光，整个人被这次结结实实的肛门高潮狠狠掀上了云端。\n经历过太多次肛门绝顶的身体早已对这种快感熟稔无比，可正因如此，每一波痉挛都来得更加凶猛直接，她的腰臀不受控制地耸动痉挛着，大腿内侧的肌肉绷紧又发软，脑袋里一片甜蜜的混沌。\n后穴一阵阵淫靡地绞紧，她羞耻地察觉到黏滑的肠液正随着收缩被挤出穴口，顺着股缝流淌的触感让她的心跳快得快要炸开。\n明明是屁股的穴，却能舒服成这样，这种淫乱的自觉让她既沉醉又迷乱，内心被高潮的余韵和深沉的满足浸泡得软成一滩，只能失神地喘息着回味这份极乐。
2100,action_part_a_orgasm_normal_C,0,CVP_A2_S|5_GE_12000&CVP_A2_S|5_L_90000,一阵凶猛的快感风暴从{anal}的最深处轰然爆发，{TargetName}的身体像触电般剧烈弹跳了一下，随即陷入了绵长而完整的肛门绝顶之中。\n已经被无数次高潮磨得极度敏感的后穴此刻正欢快地痉挛收缩着，每一下都把新的酥麻推向全身，她的脚趾蜷缩绷紧，指尖无力地颤抖，急促的娇喘怎么也停不下来。\n意识渐渐蒙上了一层雾，她只觉得整个人都要被这股从屁眼里升腾起来的极乐融化掉了，羞耻心和理智都被冲得七零八落。\n{anal}里滚烫的肠液随着痉挛缓缓渗出，那种湿黏下流的感觉让她的脸颊烧得通红，可内心深处却涌起一股难以言喻的餍足，仿佛只有这样淫荡地绝顶过后，身体才能得到真正的安宁，她迷乱地沉浸在余韵里轻轻发颤。
2101,action_part_a_orgasm_normal_C,0,CVP_A2_S|5_GE_12000&CVP_A2_S|5_L_90000,灼热的绝顶感猛然从{anal}中喷薄而出，{TargetName}的后穴早已淫熟到一点就着的地步，此刻更是毫不费力地被推上了一次饱满剧烈的肛门高潮。\n她的背脊深深弓起，臀肉不住地颤抖抽搐，那股又酸又麻又甜的快感浪头一波接一波地拍打着她的神志，让她的思绪开始溶解涣散，只能张着小嘴发出破碎的喘息。\n后穴正一下一下地痉挛蠕动，把绝顶的余波不断送进小腹深处，她甚至清晰地感受到{anal}涌出的温热肠液正淫靡地濡湿着穴口周围。\n又用屁股高潮了，这个认知让她羞耻得头皮发麻，可心底却翻涌着藏不住的欢愉和沉沦，肛门绝顶特有的深沉快美让她整颗心都酥软了，只能瘫软着身子失神地咀嚼这份淫乱的满足感。
2102,action_part_a_orgasm_normal_C,0,CVP_A2_S|5_GE_90000,一股滚烫的绝顶快感从{anal}深处猛地炸开，早已被数不清的肛肠高潮磨得敏感到极点的身体根本无从抵挡，{TargetName}的腰肢猛然绷紧，快感如潮水般席卷全身，令她的意识开始变得朦胧起来。\n那种从后穴深处翻涌上来的淫靡热流一波接着一波，{anal}有节奏地强烈痉挛收缩着，每一下收缩都把新的酥麻往她脑子里送，令她的思绪被搅得又甜又乱。\n她能清晰地感觉到{anal}深处有温热的肠液不受控制地渗出来，那种下流的湿润感令她羞耻得头皮发麻，却又沉醉得无法自拔。\n绝顶的余韵久久荡漾着，{TargetName}沉浸在被后穴快感彻底填满的深深满足里，喘息迟迟无法平复下来。
2103,action_part_a_orgasm_normal_C,0,CVP_A2_S|5_GE_90000,{TargetName}只觉得眼前骤然一白，一次完整而强烈的绝顶从{anal}最深处轰然涌起，早已高潮过无数次而变得淫贱敏感的后穴此刻只需这一下就把她推上了顶点。\n炽热的快感顺着脊椎直冲脑髓，令她的意识开始发飘发晕，小腹一阵阵抽搐，四肢不受控制地绷紧颤抖。\n{anal}正贪婪地反复痉挛吮吸着，那种连自己都无法掌控的下贱蠕动令她心底翻涌起浓烈的羞耻，可羞耻转瞬又被更汹涌的愉悦淹没。\n她羞恼地察觉到肠液正从{anal}里咕啾着淌出来，淫靡的感触令她的脑海一片甜蜜的空白，只剩下被肛肠绝顶浸透的迷乱与陶醉，久久沉溺其中缓不过神。
2104,action_part_a_orgasm_normal_C,0,CVP_A2_S|5_GE_90000,积攒在后穴里的灼热快感终于冲破了堤坝，{TargetName}的{anal}猛烈地痉挛起来，一次实实在在的绝顶高潮贯穿了她的全身。\n被反复肛肠绝顶开发到极度淫敏的身体对这份快感毫无招架之力，酥麻的电流从尾椎炸向四肢百骸，令她的腰肢深深弓起，脚趾蜷缩，脑中的思绪被冲刷得七零八落，意识朦朦胧胧地飘浮着。\n{anal}一张一缩地淫靡蠕动着，滚烫的肠液顺着穴口悄悄溢出，那种被后穴支配的堕落实感令她既羞耻又兴奋，心底涌起一股难以言喻的甘美。\n{TargetName}沉浸在绝顶的余波里轻轻发着抖，满心都是被快感灌满的餍足与迷醉，连喘息都染上了甜腻的味道。
2105,action_part_a_orgasm_normal_C,0,CVP_A2_S|5_GE_90000,一阵无法抗拒的绝顶浪潮从{anal}深处席卷而来，{TargetName}闷哼一声，整个人都被这股完整而炽烈的高潮吞没了。\n她那早已在无数次肛肠绝顶里被调教得淫荡至极的后穴敏感得可怕，此刻正剧烈而有节奏地收缩痉挛着，每一次挛缩都逼出新一轮的酥麻，令她的小腹反复抽动，双腿打着颤几乎撑不住身体。\n意识渐渐蒙上了一层甜蜜的雾，她迷迷糊糊地感觉到{anal}深处涌出了温热滑腻的肠液，那股淫猥的暖流令她面红耳赤，羞耻与快感在心里搅成一团。\n绝顶的热浪缓缓退去，{TargetName}瘫软地喘息着，心底满溢着被后穴愉悦浸泡透了的沉醉与满足。
2106,action_part_a_orgasm_normal_C,0,CVP_A2_S|5_GE_90000,那股在{anal}深处盘旋已久的淫热终于化作一次完整的绝顶轰然爆发，{TargetName}的身体猛地一挺，剧烈的快感像海啸般漫过头顶，令她的思维瞬间搅成了一锅甜蜜的浆糊。\n数不清的肛肠高潮早已把她的后穴磨成了淫荡的快感器官，此刻{anal}正不知羞耻地反复痉挛紧缩，一波波酥麻的悦乐从肠道深处泛滥开来，令她的腰肢发软，指尖无意识地攥紧又松开。\n温热的肠液从穴口丝丝渗漏而出，那种下流的濡湿令她羞得几乎要哭出来，偏偏心底却泛起被填满般的深深餍足。\n{TargetName}在朦胧的意识里细细品味着绝顶的余韵，浑身都被这场后穴高潮烫得酥软无力。

2107,action_part_a_orgasm_normal_C,0,CVP_A2_T|126_E_1,一股汹涌的快感骤然从{anal}深处炸开，{TargetName}小巧紧致的臀部猛地绷紧，酥麻的浪潮顺着后穴一波接一波地席卷全身，令她的意识开始变得朦胧模糊。\n那种从菊穴深处涌出的淫靡愉悦远比想象中来得凶猛，紧窄的{anal}剧烈地痉挛收缩着，纤细的腰肢不受控制地弓起，脑子里被甜腻的空白填满，什么羞耻什么矜持都被冲得七零八落。\n{TargetName}隐约感觉到有温热的肠液从痉挛的{anal}里渗出来，那种下流的湿意令她的心底涌起浓烈的羞耻，可偏偏这种羞耻又化作更深的沉醉，令她小小的臀瓣止不住地颤抖着。\n绝顶的余韵在娇小的身体里久久回荡，她只能失神地喘息着，任由那股淫荡的满足感将自己彻底淹没。
2108,action_part_a_orgasm_normal_C,0,CVP_A2_T|126_E_1,{anal}深处骤然涌起一阵灭顶般的酥麻，{TargetName}紧致小巧的臀肉瞬间绷得死紧，那股淫猥的快感如同海浪般从后穴漫过小腹，漫过颤抖的腰肢，令她的脑海霎时被搅成一片甜腻的浆糊。\n意识开始朦胧涣散，敏感的{anal}一下又一下地强烈痉挛着，娇小的臀部因为敏感而颤得格外厉害，双腿不由自主地绷直发抖。\n她羞耻地察觉到肠液正顺着抽搐的穴口悄悄流淌出来，那种被后穴快感支配的下贱感觉令她又羞又醉，心跳乱得一塌糊涂。\n用屁股高潮了的认知令{TargetName}的内心被淫靡的满足与迷乱塞满，只能沉浸在这场完整而剧烈的肛门绝顶里，连喘息都带着失序的甜腻鼻音，久久无法回神。
2109,action_part_a_orgasm_normal_C,0,CVP_A2_T|126_E_1,一阵剧烈的绝顶快感从{anal}最深处轰然迸发，{TargetName}纤细的身躯猛地一僵，小巧的臀部剧烈地痉挛颤抖起来，紧窄的肠道里翻涌出的酥麻电流窜遍四肢百骸，令她的意识瞬间蒙上了一层甜腻的白雾。\n那股从菊穴涌出的淫荡愉悦完全压过了理智，敏感的{anal}疯狂地收缩痉挛着，小腹一阵阵抽搐，腰肢高高弓起又软软塌下。\n温热的肠液从失守的穴口渗漏而出的感觉令她羞得头皮发麻，可那份羞耻反而令快感更加鲜明，令她彻底沉溺在后穴绝顶的迷乱里。\n{TargetName}的脑海里只剩下一片被快感冲刷出的空白，心底满溢着深深的满足与难以启齿的沉醉，娇小紧致的臀瓣还在不住地轻颤，余韵迟迟不肯散去。
2110,action_part_a_orgasm_normal_C,0,CVP_A2_T|126_E_1,{TargetName}小而紧致的臀部骤然痉挛起来，一股完整而凶猛的绝顶浪潮从{anal}深处席卷而出，酥麻的快感顺着脊椎直冲天灵盖，令她的眼前阵阵发白，意识开始朦胧地飘忽起来。\n敏感的后穴带来的快感比她预想的要淫猥得多，紧绷的{anal}不受控制地一阵阵剧烈收缩，纤瘦的腰肢发着抖弓起，双腿绷紧痉挛，呼吸彻底乱了节奏。\n她迷迷糊糊地感觉到肠液正从痉挛的穴口淌出来，把会阴弄得一片湿滑，那种下流的感触令她的心底涌上滚烫的羞耻，却又甘美得令人无法自拔。\n居然靠屁眼绝顶到这种地步，这个念头令{TargetName}又羞又迷乱，整颗心都被浓稠的快感与甜腻的满足感泡得发软，久久沉浸其中无法自拔。
2111,action_part_a_orgasm_normal_C,0,CVP_A2_T|126_E_1,一波足以吞没理智的快感突然从{anal}深处喷涌而出，{TargetName}娇小的臀部猛烈地颤抖收缩，紧致的肠壁一阵阵剧烈痉挛，淫靡的酥麻从后穴炸开后迅速蔓延到全身每一寸肌肤，令她的思绪霎时变得黏糊糊的一片混沌。\n这是一次货真价实的肛门绝顶，完整而汹涌的高潮令她小巧的臀瓣绷得紧紧的，腰腹止不住地抽搐，脚趾都蜷缩了起来。\n温热滑腻的肠液从抽搐的{anal}里缓缓溢出，那种失禁般的羞耻感令她面红耳赤，偏偏身体却诚实地沉醉在这份下流的愉悦中。\n{TargetName}的意识被甜美的空白占据，心里翻涌着深不见底的满足与迷醉，只能任由绝顶的余波在敏感的后穴里一圈圈荡漾，喘息声甜腻得不像自己。

2112,action_part_a_orgasm_normal_C,0,target_is_player_daughter,一股滚烫而完整的酥麻猛地从{anal}深处炸开，{TargetName}的脑海瞬间被这股强烈的快感冲得一片空白，作为父亲的{Name}此刻近在咫尺，这份认知让她心底涌起说不清的慌乱与甜蜜。\n{anal}一波接一波地痉挛收缩着，那种剧烈的酥爽顺着腰肢直冲天灵盖，令她弓起腰身，四肢都不受控制地绷紧又颤抖起来。\n身为女儿却在父亲面前彻底沦陷于这样淫靡的绝顶，那种背德的羞耻与难以言喻的幸福感交织在一起，反而将快感烘托得更加浓烈。\n意识开始变得模糊，{TargetName}只觉得整个人都被那股汹涌的快感淹没，隐约感觉到{anal}深处有滚烫的肠液汩汩溢出，带着说不出口的羞耻与满足，久久无法平息。
2113,action_part_a_orgasm_normal_C,0,target_is_player_daughter,{anal}猛然收紧痉挛，一记完整而强烈的绝顶瞬间席卷了{TargetName}的全身，令她忍不住弓起后腰，纤细的手指下意识地蜷缩起来。\n这具身体正被自己最亲近的父亲带向巅峰，这份认知让羞耻与眷恋一同涌上心头，快感因此变得愈发浓稠而深刻。\n{anal}一下下有力地收缩着，酥麻的电流从深处窜遍四肢百骸，双腿忍不住轻轻痉挛，呼吸也乱成一片急促的喘息。\n意识渐渐被浓密的快感染上模糊的色彩，{TargetName}感觉到{anal}里有黏腻的肠液缓缓渗出，那种羞耻的湿热感反而让她更深地沉溺在这场绝顶之中，心里满满都是对父亲的依恋与说不出口的满足。
2114,action_part_a_orgasm_normal_C,0,target_is_player_daughter,一阵浓烈到几乎要将人吞没的快感猝然从{anal}深处炸裂开来，{TargetName}的腰肢不由自主地剧烈弓起，整个人像是被抽走了力气般微微痉挛。\n明知眼前的人是自己的父亲{Name}，身体却诚实地沉溺在这场完整的绝顶之中，那份禁忌的背德感竟让快感翻涌得愈发汹涌猛烈。\n{anal}反复而有力地收缩着，酥痒的电流一路窜上后颈，令她忍不住轻轻仰起头，喉间溢出压抑不住的喘息。\n脑子里逐渐被浓白的空白填满，{TargetName}隐约察觉{anal}处有温热的肠液缓缓流淌而出，混杂着羞涩与依恋的复杂情绪，让她在这场绝顶里彻底迷失了片刻的思绪。
2115,action_part_a_orgasm_normal_C,0,target_is_player_daughter,{anal}骤然痉挛收紧，一场完整而强烈的绝顶毫无预兆地将{TargetName}整个人卷入其中，令她忍不住绷紧双腿，脚趾都因快感而蜷缩起来。\n作为女儿，却在父亲身前彻底沦陷于这样淫荡的顶点，那份说不出口的羞耻感与对父亲深切的爱慕纠缠在一起，反倒把快感推向更深的浓度。\n{anal}一阵接一阵地收缩着，滚烫的酥麻从深处不断向外扩散，令她的腰肢反复弓起又瘫软，呼吸急促而凌乱。\n意识开始朦胧地飘散，{TargetName}感受到{anal}里似乎有湿热的肠液缓缓涌出，那种混合着羞涩与幸福的滋味令她久久沉浸在这场绝顶的余韵之中，无法自拔。
2116,action_part_a_orgasm_normal_C,0,target_is_player_daughter,一记浓烈的酥爽毫无征兆地从{anal}深处猛然炸开，{TargetName}的身体瞬间绷成一道紧绷的弧线，双手下意识地攥紧，像是要抓住这场突如其来的完整绝顶。\n明明是父女之间不该有的关系，此刻却在{Name}的注视下彻底沉沦于这份快感，那种背德与眷恋交织的情绪，让绝顶的余波变得格外深刻绵长。\n{anal}不断有力地痉挛收缩，滚烫的快感一路蔓延至指尖，令她的腰肢反复颤抖着弓起，喘息声也渐渐凌乱破碎。\n思绪逐渐被浓密的快感浸染得一片模糊，{TargetName}隐约感觉{anal}深处有温热的肠液悄然滑出，那份羞耻与满足交融在一起，让她久久沉溺在这场父女之间禁忌又甜蜜的绝顶里。

2117,action_part_a_orgasm_normal_C,0,CVP_A2_T|127_E_1,一股汹涌的快感浪潮猛地从{anal}深处炸开，{TargetName}的脑海霎时被冲得一片迷蒙，只觉得整个后穴都在剧烈地痉挛收缩着。\n那种从后庭深处炸裂开来的淫靡快感一波接一波地席卷全身，令她匀称圆润的臀肉不受控制地绷紧又颤抖，腰肢深深地弓了起来，意识开始变得朦朦胧胧，什么都想不清楚了，只剩下{anal}绝顶的狂潮在身体里横冲直撞。\n她羞耻地察觉到有温热的肠液正从痉挛的穴口渗淌出来，那种下流的失禁般的错觉令她的心底又羞又乱，偏偏快感却因此更加浓烈，令她彻底沉溺在这场用屁股迎来的淫荡高潮之中，甜美的空白充斥着脑海，久久无法回神。
2118,action_part_a_orgasm_normal_C,0,CVP_A2_T|127_E_1,绝顶的电流骤然贯穿了{TargetName}的脊椎，{anal}猛烈而有节奏地痉挛着，那股又酸又麻的肛肠快感如同决堤的洪水般淹没了她的意识。\n她形状匀称的臀瓣紧紧绷起，臀肉上泛起细密的颤栗，小腹一阵阵地抽搐着，双腿绷得笔直发颤，呼吸彻底乱了套，脑子里雾蒙蒙的一片，分不清自己身在何处，只知道后面那处淫穴正带着自己攀上顶峰。\n温热滑腻的肠液顺着抽搐的穴口不争气地淌了出来，这种用屁眼高潮的羞耻认知令她的脸颊烧得滚烫，可身体却诚实地沉浸在深深的满足里，她只能发出破碎的呜咽般的气音，任由那股淫乱的绝顶余韵在体内反复冲刷着。
2119,action_part_a_orgasm_normal_C,0,CVP_A2_T|127_E_1,{TargetName}的后穴骤然绞紧，一场完整而剧烈的绝顶从{anal}深处轰然爆发，滚烫的快感顺着肠壁一路窜上天灵盖，令她眼前阵阵发白。\n圆润有弹性的臀肉疯狂地颤抖着，腰肢高高弓起又瘫软下去，四肢的力气仿佛都被这股肛肠绝顶抽干了，意识开始溶化在浓稠的愉悦里，思绪变得黏糊糊的，只剩下后庭深处那一波波淫猥的痉挛在支配着她。\n她迷乱地感觉到{anal}里涌出的肠液正把穴口弄得一片泥泞湿滑，那种淫荡到极点的感触令她羞得想找个地缝钻进去，可心底却又涌起被彻底满足的沉醉，甜蜜与羞耻搅成一团，令她只能颤抖着承受这场用屁股绝顶的淫靡盛宴。
2120,action_part_a_orgasm_normal_C,0,CVP_A2_T|127_E_1,毫无预兆地，积攒已久的肛肠快感在{TargetName}体内轰然引爆，{anal}开始不受控制地激烈收缩，一股股酥麻的绝顶电流从尾椎直冲脑髓。\n她大小适中的臀部剧烈地摇晃颤动着，柔韧的臀肉绷出淫靡的弧度，小腹反复痉挛，脚趾蜷缩到发白，脑海里的思绪被快感的巨浪拍得支离破碎，意识朦胧地飘浮着，整个人都被这场后穴高潮吞没了。\n滑腻的肠液从痉挛的菊穴里被挤压着渗出，顺着股缝淌下的淫猥触感令她又羞又颤，明明是这么下流的地方，却给了她如此深刻的绝顶，这种认知令她的内心既沉醉又迷乱，只能瘫软着咀嚼那股深入骨髓的餍足感。
2121,action_part_a_orgasm_normal_C,0,CVP_A2_T|127_E_1,一阵天旋地转般的强烈快美感自{anal}深处喷涌而出，{TargetName}的整个下身瞬间被淫靡的绝顶浪潮吞没，后穴一下一下地猛烈痉挛着。\n那种从肠道深处泛起的又胀又麻的淫乱快感令她匀称饱满的臀肉止不住地颤栗，腰背绷成好看的弓形，喉咙里溢出压抑不住的甜腻气音，意识渐渐蒙上一层雾，理智被冲刷得七零八落，只剩下用屁眼绝顶的淫荡实感占据着全部感官。\n她恍惚间察觉到温热的肠液正随着穴口的收缩一点点淌出来，把臀缝濡湿得一塌糊涂，这份羞耻反而化作催情的毒药，令她更深地跌进高潮的漩涡里，被浓烈的满足感淹没得无法自拔。
2122,action_part_a_orgasm_normal_C,0,CVP_A2_T|128_E_1,一股汹涌的快感骤然从{anal}深处炸开，{TargetName}的意识猛地一晃，整片脑海都被那股滚烫的绝顶浪潮淹没了。\n她能清晰地感觉到丰满硕大的臀肉正随着{anal}的强烈痉挛而层层震颤着，那种从后穴深处席卷全身的酥麻令她的思绪开始变得模糊，只剩下沉甸甸的臀浪一波波荡漾的触感在提醒着她自己正在绝顶。\n{anal}一阵阵有节奏地猛烈收缩着，她羞耻地察觉到有温热的肠液正从痉挛的穴口渗淌出来，顺着丰腴的臀缝滑落，那种淫靡的湿滑感令她的心被甜美的迷乱塞得满满的，沉浸在后穴高潮的深深满足里无法自拔。
2123,action_part_a_orgasm_normal_C,0,CVP_A2_T|128_E_1,{TargetName}只觉得{anal}深处骤然涌起一股无法抵挡的热流，绝顶的快感像潮水一样漫过腰肢，冲进脑海，令她的意识开始发飘。\n那对惊人丰满的巨臀不受控制地绷紧又颤抖，厚实的臀肉随着痉挛一浪一浪地波动着，她甚至能感觉到自己沉重的臀瓣在高潮中淫荡地晃动，这份自觉令她的羞耻与快感一起翻涌。\n{anal}深处的酥麻一阵强过一阵，温热的肠液不受控制地从收缩的穴口溢出，濡湿了臀缝，她的心被这份下流的舒爽彻底占据了，只想沉溺在这场完整而甜美的后穴绝顶里，什么都不愿意再思考。
2124,action_part_a_orgasm_normal_C,0,CVP_A2_T|128_E_1,一阵剧烈的痉挛从{anal}深处扩散开来，{TargetName}的脑袋里嗡的一声，浓烈的绝顶快感瞬间冲垮了她的矜持。\n她感觉到自己那异常丰满的臀部正在高潮中止不住地哆嗦，饱满得惊人的臀肉随着每一次穴肉的抽搐而掀起淫靡的肉浪，那份沉甸甸的震颤感顺着腰椎直冲天灵盖，令她的意识渐渐蒙上一层甜腻的雾。\n{anal}贪婪地一开一合，她羞得几乎要哭出来，因为能清楚感觉到滑腻的肠液正被挤出穴口，淌过丰厚的臀肉，可那份羞耻反而令快感更加鲜明，她的内心被深深的满足和迷乱填满，久久沉浸在后穴绝顶的余韵中。
2125,action_part_a_orgasm_normal_C,0,CVP_A2_T|128_E_1,滚烫的快感在{anal}深处轰然绽放，{TargetName}的呼吸猛地一窒，完整而猛烈的绝顶浪头将她的理智冲得七零八落。\n她的思绪开始涣散，只能本能地感受着那对硕大浑圆的巨臀在痉挛中疯狂颤动，肥美的臀肉一层层地荡开肉浪，每一次波动都令后穴深处的酥爽更上一层，令她淫乱地弓起了腰。\n{anal}深处传来一阵阵令人头皮发麻的收缩感，温热的肠液顺着抽搐的穴口缓缓渗出，在丰满的股间留下淫靡的湿痕，她的心里翻涌着羞耻与欢愉交织的甜蜜，整个人都醉倒在这场用屁股迎来的高潮里。
2126,action_part_a_orgasm_normal_C,0,CVP_A2_T|128_E_1,{anal}深处骤然掀起一场剧烈的快感风暴，{TargetName}的眼前一阵发白，绝顶的热流从后穴一路烧到了大脑，令她的意识开始朦胧摇晃。\n她清楚地感觉到自己那份量惊人的丰臀正随着穴肉的痉挛而剧烈打颤，肥厚柔软的臀肉波涛般起伏晃荡，那种沉重臀浪带来的淫荡震感与后穴的酥麻叠在一起，令她爽得指尖都在发麻。\n{anal}一下下地猛烈吮缩着，湿热的肠液不听话地从穴口溢出，濡湿了深深的臀缝，这份下流的自觉令她羞耻得满脸发烫，内心却被浓稠的快乐灌得满满当当，只想在这份甜美的绝顶余韵里多沉溺一会儿。

2127,action_part_a_orgasm_normal_C,0,high_1,一股汹涌的快感浪潮猛地从{anal}深处炸开，{TargetName}的脑子霎时被冲得一片迷蒙。\n那种从后穴里翻涌上来的淫靡酥麻沿着脊椎直窜天灵盖，令她的腰肢狠狠弓起，小腹一阵阵抽搐着，{anal}剧烈而有节奏地痉挛收缩，每一下都把更浓的快感挤进她的意识里。\n她隐约感觉到有温热的肠液从痉挛的穴口溢了出来，那种用屁股高潮的羞耻认知令她的脸颊烧得通红，可羞耻反而化成了更甜美的燃料，令她整个人都沉溺在这场完整的绝顶里，只能颤抖着任由快感将自己淹没。
2128,action_part_a_orgasm_normal_C,0,high_1,绝顶的电流骤然贯穿了{TargetName}的全身，{anal}深处炸开的快感像决堤的洪水般席卷而来。\n她的意识开始发白发晃，思绪被搅得支离破碎，只剩下后穴里一波接一波的淫猥痉挛清晰无比，{anal}不受控制地反复绞缩着，腰肢绷紧又颤软，双腿抖得几乎撑不住身体。\n穴口溢出的滑腻肠液顺着股缝淌下，那种下流的湿热触感令她又羞又迷乱，心里明明想抗拒这种用菊穴绝顶的堕落感受，身体却诚实地沉醉其中，甜美的空白一阵阵漫过脑海，令她只能失序地喘息着承受这场高潮。
2129,action_part_a_orgasm_normal_C,0,high_1,快感的巨浪从{anal}最深处轰然掀起，{TargetName}的眼前猛地闪过一片白光。\n后穴绝顶的酥麻感与阴道高潮截然不同，那是一种更深层更禁忌的酸胀快美，令她的小腹疯狂抽搐，{anal}一下一下地剧烈收缩痉挛着，仿佛要把快感全都咀嚼干净。\n意识变得朦胧摇晃，她只模糊地感觉到温热的肠液正从抽搐的穴口渗流出来，把股间弄得一片泥泞，这种淫荡的自觉令她羞得想找个地缝钻进去，可高潮的甜蜜满足感却深深地浸透了她的内心，令她在羞耻与愉悦的交织中彻底沉醉了。
2130,action_part_a_orgasm_normal_C,0,high_1,{TargetName}的呼吸猛然一窒，{anal}深处积攒的快感在这一刻尽数爆发开来。\n浓烈的绝顶快美如潮水般层层拍打着她的神经，令她的腰部高高弓起又剧烈打颤，四肢绷得发麻，{anal}正淫靡地痉挛蠕动着，每一次收缩都令她的脑髓里炸开新的酥麻。\n她的思维开始融化模糊，隐约察觉到穴口有滑热的肠液不断涌出，那种被快感逼出体液的下贱感受令她羞耻得浑身发烫，偏偏这份羞耻又与高潮的愉悦搅在一起，化成更加甜腻的沉醉，令她只能颤抖着在心底承认，用屁股绝顶实在是太舒服了。
2131,action_part_a_orgasm_normal_C,0,high_1,一阵无法抗拒的绝顶快感从{anal}的最深处喷薄而出，{TargetName}的脑海里嗡的一声，甜美的空白瞬间吞没了大半思绪。\n她的整条脊背都在痉挛般地战栗，小腹反复抽紧，{anal}猛烈地一缩一缩地绞动着，把那股淫猥的酥麻一遍遍碾进她的骨髓里。\n温热粘滑的肠液从失控痉挛的穴口滴淌下来，那种后穴淫水横流的自觉令她羞得眼眶发热，可身体深处的满足感却诚实得可怕，每一次穴肉的抽搐都带来新的愉悦，令她在迷蒙的意识里沉浮着，心甘情愿地被这场完整的肛肠高潮彻底征服了。
2132,action_part_a_orgasm_normal_C,0,t_npc_active_h,明明是自己主动索求来的快感，可当那股汹涌的浪潮真正从{anal}深处炸开时，{TargetName}还是被冲得头皮发麻。\n她主动扭动着腰肢迎合出来的绝顶远比想象中更猛烈，酥麻的电流从后穴一路窜上脊椎，令她的意识开始变得朦朦胧胧，脑海里只剩下一片甜蜜的白雾。\n{anal}剧烈地痉挛收缩着，她甚至能感觉到有温热的肠液不受控制地从穴口渗出来，那种淫靡的湿意令她羞耻得脸颊发烫，可主动掌握节奏的得意与被快感淹没的迷乱交织在一起，反而让她沉沦得更深，整颗心都泡在了高潮的蜜糖里。
2133,action_part_a_orgasm_normal_C,0,t_npc_active_h,是她自己主动送上后穴讨来的绝顶，所以当快感的巨浪从{anal}最深处翻涌而出时，{TargetName}心里除了灭顶的愉悦还有一丝隐秘的成就感。\n那股炽热的酥麻顺着肠道一波波扩散开来，漫过痉挛的小腹，漫过发软的腰肢，令她的思绪开始涣散模糊，主动服务时的从容姿态被冲得七零八落。\n{anal}一阵阵强烈地绞缩着，滑腻的肠液顺着穴口悄悄淌出，那股湿热的感触令她既羞耻又兴奋。\n明明是自己占据主导，最后却被后穴的高潮搅得意乱情迷，这种反差让她的内心又甜又乱，深深的满足感将她整个人温柔地淹没了。
2134,action_part_a_orgasm_normal_C,0,t_npc_active_h,{TargetName}主动摆腰追逐的快感终于在这一刻彻底爆发，{anal}深处涌出的绝顶浪潮凶猛地席卷了她的全身。\n她的腰肢猛地弓起又酥软下去，四肢阵阵发麻，意识像是被泡进了温热的蜜水里，开始变得黏稠而模糊，先前主动侍奉博士时的那点余裕早已荡然无存。\n后穴不受控制地一缩一缩地痉挛着，她清楚地感觉到{anal}里有淫靡的肠液被挤了出来，湿哒哒地沾湿了穴口，那种下流的感觉令她羞得想找个地缝钻进去。\n可正是这份自己主动求来的淫乱高潮，让她的内心被前所未有的充实与快乐填得满满当当。
2135,action_part_a_orgasm_normal_C,0,t_npc_active_h,主动权明明握在自己手里，{TargetName}却在{anal}绝顶降临的瞬间彻底败下阵来。\n那股滚烫的快感从肠道深处轰然炸开，如潮水般一浪高过一浪地拍打着她的神志，令她精心维持的主动节奏瞬间溃散，脑子里嗡嗡作响，只剩下后穴高潮带来的极乐在反复冲刷。\n{anal}疯狂地收缩痉挛着，温热滑腻的肠液不听话地从穴口溢出来，顺着股缝淌下的淫靡触感令她的羞耻心与快感一同被推上顶峰。\n她一边为自己主动献出后穴的大胆感到脸红心跳，一边又贪恋着这份深入骨髓的甜美，整个人都沉浸在意识发昏的高潮余韵之中。
2136,action_part_a_orgasm_normal_C,0,t_npc_active_h,由自己主动挑起的这场欢爱，最终让{TargetName}尝到了{anal}绝顶的完整滋味。\n狂暴的快感从后穴最深处喷涌而出，酥麻的浪头一波接一波地漫过小腹与腰肢，令她主动扭摆的动作骤然停滞，双腿抖得几乎撑不住身体，眼前的景象也开始晃动模糊起来。\n{anal}一下下深深地绞紧又松开，她能真切地感受到淫热的肠液正从痉挛的穴口挤出来，那种失禁般的错觉令她又羞又乱。\n可是想到这是自己主动讨来的极乐，心底那份隐秘的骄傲便和高潮的甜美缠在一起，将她的芳心搅成了一滩沉溺于肛肠快感的春水。

2137,action_part_a_orgasm_normal_C,0,group_sex_mode_on&CVP_A2_A|34_LE_4,一股汹涌的快感浪潮猛地从{anal}深处炸开，{TargetName}的腰肢骤然绷紧，绝顶的酥麻如潮水般席卷了整个下半身，意识开始变得朦胧模糊。\n她死死咬住嘴唇不敢发出呻吟，因为周围还有其他女性的目光，可{anal}却不听话地剧烈痉挛收缩着，那种被快感淹没的迷醉与在众人面前绝顶的羞耻交织在一起，令她的心几乎要炸开了。\n她慌乱地用手捂住脸，想把这副淫荡的绝顶模样藏起来，可温热的肠液已经悄悄从{anal}渗了出来，那种失禁般的羞耻感令她的脑子里一片甜美的空白，只能颤抖着沉溺在这场令人无地自容的高潮里。
2138,action_part_a_orgasm_normal_C,0,group_sex_mode_on&CVP_A2_A|34_LE_4,绝顶的电流骤然从{anal}最深处窜遍全身，{TargetName}的小腹猛地抽搐起来，完整而强烈的高潮快感一波接一波地冲刷着她的神智，令她的眼前阵阵发白。\n可就在意识即将沉入快乐深渊的瞬间，她猛然想起旁边还有别的女人在看着，羞耻感如烙铁般烫在心口，她拼命蜷起身体想遮住自己，却根本压不住{anal}那淫乱的痉挛。\n肠液不受控制地缓缓流出，令她又羞又乱，脑海里被浓稠的快感搅得一塌糊涂，既想在众目睽睽下维持最后的体面，又忍不住沉醉在这深入骨髓的绝顶愉悦中，身体止不住地细细发颤。
2139,action_part_a_orgasm_normal_C,0,group_sex_mode_on&CVP_A2_A|34_LE_4,{anal}深处骤然涌起一股无法抵挡的绝顶热流，{TargetName}的背脊猛然弓起，标准而完整的高潮快感狠狠贯穿了她的身体，四肢瞬间绷紧又酥软，意识开始飘忽不定。\n她惊慌地用手背堵住自己的嘴，生怕淫荡的声音被在场的其他女性听见，可越是压抑，{anal}的痉挛收缩就越发猛烈，那种在别人面前偷偷绝顶的背德快意令她的脑髓都酥麻了。\n她感觉到有温热的肠液顺着{anal}滑出来，羞得恨不得找个地缝钻进去，可身体却诚实地沉浸在高潮的余波里一阵阵痉挛，甜蜜的空白与灼热的羞耻在她心里翻搅成一片迷乱。
2140,action_part_a_orgasm_normal_C,0,group_sex_mode_on&CVP_A2_A|34_LE_4,一阵滚烫的绝顶快感自{anal}内里轰然爆发，{TargetName}的双腿剧烈地打着颤，浑身的肌肉都被这场完整的高潮攥紧了，急促的呼吸彻底乱了节奏，思绪渐渐染上一层朦胧的白雾。\n她慌忙侧过身子，想用蜷缩的姿势挡住别的女性投来的视线，可{anal}正淫靡地一下下痉挛着，根本瞒不住这具正在绝顶的身体。\n被人看着高潮的羞耻感与排山倒海的快感在她体内疯狂冲撞，令她又想逃避又无力抗拒，肠液悄然溢出的湿热触感更是令她羞愤欲死，只能咬着唇任由自己在众人环绕中被这股淹没一切的愉悦吞没。
2141,action_part_a_orgasm_normal_C,0,group_sex_mode_on&CVP_A2_A|34_LE_4,毫无预兆地，{anal}深处的快感骤然汇聚成一股决堤的洪流，{TargetName}的腰肢猛烈地颤抖起来，正常强度的绝顶该有的一切反应都在她身上炸裂开来，小腹反复抽搐，脚趾紧紧蜷起，意识被冲得七零八落。\n她下意识地伸手想去遮掩自己的下身，不愿让在场的其他女人看见自己绝顶时的丑态，可{anal}的痉挛却一波强过一波，把她的矜持撕得粉碎。\n温热的肠液从{anal}缓缓渗出，那种令人面红耳赤的失态感与灭顶的快感搅在一起，令她的脑海里只剩下甜腻的眩晕，羞耻与沉醉交替着灼烧她的心，让她在压抑的颤栗中彻底迷失了。
2142,action_part_a_orgasm_normal_C,0,group_sex_mode_on&CVP_A2_A|34_G_4,一股完整而汹涌的绝顶快感骤然从{anal}深处炸开，{TargetName}的腰肢猛地弓起，浪叫着在众人的注视下达到了高潮。\n那股淫靡的电流从后穴一波波席卷全身，令她的意识开始变得朦胧，脑子里只剩下被快感淹没的甜美空白，可即便如此，她仍能清晰地感觉到周围其他女性投来的目光。\n被那么多双眼睛盯着后穴绝顶的羞耻非但没有让她退缩，反而化作更浓烈的兴奋在心底翻涌，令她骄傲地挺起身体，恨不得让所有人都看清自己正在用屁眼高潮的淫荡模样。\n{anal}不受控制地痉挛收缩着，她羞耻又迷乱地感觉到有温热的肠液顺着穴口涌了出来，这份在众人面前被看光的绝顶令她沉醉得无法自拔。
2143,action_part_a_orgasm_normal_C,0,group_sex_mode_on&CVP_A2_A|34_G_4,{anal}深处积攒的快感终于冲破了堤坝，{TargetName}在其他女性的众目睽睽之下迎来了一次完整的后穴绝顶。\n强烈的痉挛快感如潮水般漫过小腹，冲上脊背，令她的四肢绷紧颤抖，意识渐渐蒙上一层甜腻的雾气，思绪被高潮搅得支离破碎。\n可她的心底却燃烧着展示欲的火焰，被人围观着用屁眼绝顶这件事让她兴奋得发狂，她甚至故意扭着腰肢，把自己高潮时的浪态毫无保留地呈现给在场的每一个人，享受着那些羡慕又嫉妒的视线舔过自己身体的感觉。\n{TargetName}恍惚间察觉到{anal}正一下下地翕张着，把滚烫的肠液挤出穴口，这份淫乱的实感令她在深深的满足中露出了得意而痴迷的表情。
2144,action_part_a_orgasm_normal_C,0,group_sex_mode_on&CVP_A2_A|34_G_4,一阵剧烈的绝顶浪潮从{anal}最深处轰然涌起，{TargetName}发出甜腻的淫叫，小腹反复抽搐着，在众人环绕的视线中心彻底高潮了。\n完整而正常强度的绝顶快感令她的呼吸急促失序，意识像泡进了温热的蜜里，开始变得模糊黏稠，只剩下后穴传来的阵阵愉悦在脑海中回荡。\n她非但不觉得难堪，反而因为被这么多女性注视着而愈发亢奋，主动把痉挛的腰臀展示出去，仿佛在向所有人炫耀自己后穴绝顶的特权，那种被围观的火热目光令她的快感翻了倍。\n{anal}绵密地收缩痉挛着，她羞耻地感觉到肠液正被一股股挤出来，顺着腿根淌下，这份当众失守的迷乱令她沉浸在深不见底的高潮余韵里。
2145,action_part_a_orgasm_normal_C,0,group_sex_mode_on&CVP_A2_A|34_G_4,{TargetName}的后穴猛地绞紧，一波足够完整的绝顶快感自{anal}深处喷薄而出，令她当着周围所有人的面弓起腰肢，全身痉挛着攀上了高潮的顶点。\n那股淫热的酥麻从尾椎一路窜上头顶，四肢止不住地颤抖，意识被冲刷得开始涣散，甜美的空白一阵阵漫过脑海，令她几乎想不起自己身在何处。\n唯独那些落在自己身上的灼热视线依旧清晰，被其他女性看着用屁眼绝顶的背德感化作了最烈的催情剂，她兴奋地向众人敞开自己痉挛的身体，心底涌起被欣赏被围观的骄傲与陶醉。\n她迷迷糊糊地感觉到{anal}的每一次收缩都在往外挤着温热的肠液，这份淫靡的湿意令她又羞又爽，深深的满足感将她整个人都泡软了。
2146,action_part_a_orgasm_normal_C,0,group_sex_mode_on&CVP_A2_A|34_G_4,积蓄已久的快感在{anal}深处轰然决堤，{TargetName}仰起头浪声呻吟，在一圈注视着她的目光中央迎来了完整的肛肠绝顶。\n强烈的痉挛从后穴扩散到全身，腰肢深深弓起又瘫软下来，意识渐渐被高潮的热浪熏得迷离，思考的能力一点点融化在甜腻的愉悦里。\n然而暴露癖的天性令她在这样的时刻愈发放荡，被众多女性亲眼见证自己后穴高潮的事实让她兴奋得头皮发麻，她甚至刻意摆动着痉挛的臀部，把绝顶的淫态展示得一览无余，贪婪地品尝着被围观的耻辱与快乐交织的滋味。\n{anal}一阵阵地翕张收缩，将滚烫的肠液挤出穴口，她在恍惚中感受着这股湿热，心底被前所未有的满足和得意填得满满当当。
2147,action_part_a_orgasm_normal_C,0,h_in_love_hotel,一股汹涌的快感浪潮猛地从{anal}深处炸开，{TargetName}的腰肢狠狠一弓，整个人都被那股席卷全身的酥麻淹没了。\n爱情旅馆里暧昧的粉色灯光映在她泛红的肌肤上，镜面天花板里倒映着自己high到失神的浪荡模样，那种被偷窥般的羞耻感反而令绝顶的快感更加凶猛。\n{anal}一阵阵剧烈地痉挛收缩着，温热的肠液不受控制地从后穴渗出来，令她又羞又乱，脑子里一片甜蜜的空白。\n在这间专为交欢而设的房间里，她的意识渐渐模糊，只剩下后穴绝顶的淫靡愉悦在身体里横冲直撞，心底涌起深深的满足与沉醉。
2148,action_part_a_orgasm_normal_C,0,h_in_love_hotel,绝顶的电流骤然从{anal}最深处窜遍全身，{TargetName}的四肢猛地绷紧，小腹一下下地抽搐着，呼吸彻底乱了套。\n房间里飘着的暧昧香氛与柔软大床的触感令她的感官被无限放大，专门用来做爱的私密空间让她可以毫无顾忌地沉溺在后穴高潮的快感里。\n{anal}贪婪地反复绞紧又松开，她清楚地感觉到有滑腻的肠液正顺着穴口淌出来，那种下流的失禁感令她羞得头皮发麻，意识却已经开始迷糊。\n隔音的墙壁包裹着这个只属于两人的淫窝，令她安心地被快感的巨浪一遍遍冲刷，心底满是甜腻的迷乱与被填满的幸福感。
2149,action_part_a_orgasm_normal_C,0,h_in_love_hotel,一波完整而凶猛的绝顶快感自{anal}深处轰然爆发，{TargetName}的腰背高高弓起，浑身的肌肉都在剧烈地颤抖痉挛。\n旅馆房间里旋转的暧昧彩灯在她涣散的视野里晕成一片，正因为知道这里是专门供男女纵欲的场所，她才敢放任自己用后穴绝顶得这么淫荡放浪。\n{anal}一阵紧似一阵地痉挛着，黏滑的肠液从穴口涌出来打湿了腿根，那种淫乱的湿意令她的羞耻心与快感搅成一团。\n她的思绪渐渐被冲得七零八落，只剩下菊穴高潮的酥爽在骨髓里回荡，心底泛起深深的餍足，整个人都沉醉在这间淫靡小屋营造的快乐里。
2150,action_part_a_orgasm_normal_C,0,h_in_love_hotel,{anal}深处猛然掀起绝顶的狂潮，{TargetName}的脚趾都蜷了起来，整条脊椎窜过一阵阵酥麻的电流，小穴外的嫩肉不住地抽搐痉挛。\n爱情旅馆昏暗旖旎的红光笼罩着她高潮中扭动的胴体，房间里若有若无的靡靡之音仿佛在怂恿她堕落得更彻底。\n她清晰地感受到{anal}正一下一下地激烈收缩，温热滑腻的肠液止不住地从后穴溢出来，那种肮脏又下流的感觉令她臊得满脸通红，可意识已经开始飘忽模糊。\n在这个为了做爱而存在的房间里，她终于可以不加掩饰地享受后穴绝顶的极乐，心底被甜美的空白和浓稠的满足感彻底灌满了。
2151,action_part_a_orgasm_normal_C,0,h_in_love_hotel,狂暴的快感如决堤的洪水般从{anal}深处倾泻而出，{TargetName}的娇躯猛烈地弹动了一下，随即陷入连绵不绝的痉挛颤抖之中。\n身下情趣水床随着她高潮的抽搐一荡一荡地晃着，旅馆房间里暧昧的气息熏得她浑身发软，这个花钱买来的淫乐空间令她彻底卸下了矜持。\n{anal}如同有了自己的意识般疯狂地收缩吮吸着，黏腻的肠液一股股地从穴口挤出来，湿热的触感令她羞耻得几乎要哭出来，脑海却被绝顶的愉悦搅成一片浆糊。\n意识朦胧间，她只觉得整个身子都要化在这后穴高潮的快感里了，心底弥漫着淫靡而深沉的满足。

2152,action_part_a_orgasm_normal_C,0,h_in_bathroom,一股强烈的快感浪潮骤然从{anal}深处炸开，{TargetName}的腰肢猛地弓起，湿漉漉的身体在氤氲的水汽中剧烈地颤抖起来。\n那股又深又重的酥麻从后穴一波接一波地涌向全身，令她的意识开始变得朦胧，脑子里被甜腻的快感搅得一片混沌，只剩下{anal}有节奏地痉挛收缩的鲜明触感。\n温热的水珠顺着绷紧的脊背滑落，与身体的颤栗混在一起，令那种绝顶的滋味格外鲜明，她羞耻地察觉到有温热的肠液正从痉挛的穴口渗出，被水流冲刷而下，那种淫靡的感觉令她的心脏狂跳不止。\n急促的喘息在回荡的浴室里显得格外清晰，{TargetName}沉浸在这场完整的后穴绝顶里，内心被深深的满足与羞耻的沉醉填满，久久无法回神。
2153,action_part_a_orgasm_normal_C,0,h_in_bathroom,{anal}深处骤然掀起一阵无法抵挡的绝顶快感，令{TargetName}的全身猛地绷紧，湿滑的肌肤在蒸腾的热气中泛起了一层淫靡的红潮。\n那股强烈的酥麻感从后穴深处席卷而出，漫过反复抽搐的小腹，漫过发软的腰肢，令她的意识渐渐模糊起来，什么都想不清楚了，只能任由{anal}一阵阵剧烈地痉挛收缩着。\n花洒的热水冲刷着她颤抖的身体，可穴口涌出的滚烫肠液的触感却比水流更加鲜明，那种被冲刷也遮掩不住的淫乱感令她羞耻得头脑发昏。\n她的喘息与水声交织在一起，在水雾弥漫的空间里回响着，深重的高潮愉悦将她的内心彻底淹没，只剩下甜美的空白与止不住的战栗，令她瘫软地沉溺其中。
2154,action_part_a_orgasm_normal_C,0,h_in_bathroom,一阵完整而剧烈的绝顶浪潮从{anal}深处轰然涌出，{TargetName}湿透的身体骤然痉挛起来，指尖在湿滑的触感中无助地抓紧。\n那股深沉的快感如同滚烫的热流，从后穴一路烧到脑髓，令她的意识开始发飘，思绪被搅成一团甜腻的浆糊，只能清晰地感受到{anal}正不受控制地一下下强烈收缩着。\n蒸腾的水汽裹着她泛红的肌肤，令那种绝顶的酥麻愈发鲜明，她迷乱地察觉到肠液正随着痉挛从穴口淌出，混着水珠顺着腿根滑落，那种下流的感觉令她羞耻又沉醉。\n呼吸彻底乱了节奏，急促的娇喘在湿热的空气里发颤，{TargetName}被后穴高潮的愉悦彻底俘获，心底涌起深深的满足感，整个人瘫软在这片迷蒙的热气之中。
2155,action_part_a_orgasm_normal_C,0,h_in_bathroom,{anal}深处猛然爆发出一股无法压制的绝顶快感，{TargetName}的腰身剧烈一弓，被热水浸得绯红的身体不受控制地抽搐起来。\n那股又酸又麻的深重快感从后穴涌向四肢百骸，令她的双腿发软发颤，意识被冲得摇摇欲坠，脑海里只剩下一片甜蜜的混沌，唯有{anal}强烈而有节奏的痉挛收缩无比清晰。\n水流不断冲刷着她痉挛的身体，她却羞耻地感觉到穴口正涌出温热滑腻的肠液，那种与清水截然不同的黏腻触感令她的脸颊烧得比热水还烫。\n迷乱的呻吟混在哗哗的水声里回荡着，后穴绝顶的滔天愉悦淹没了她的内心，令她既羞耻又深深沉醉，只能颤抖着承受这场淋漓尽致的高潮。
2156,action_part_a_orgasm_normal_C,0,h_in_bathroom,一波完整强烈的高潮从{anal}深处势不可挡地涌起，令{TargetName}猝不及防地仰起头，湿发贴在泛红的脸颊上，全身随着后穴的痉挛剧烈颤栗。\n那股沉重的酥麻快感一浪高过一浪地拍打着她的神智，令意识渐渐蒙上一层甜腻的雾，什么矜持都被冲散了，只剩下{anal}一阵阵不受控制的强烈收缩。\n氤氲的热气烘着她敏感的肌肤，她羞耻地察觉到有滚烫的肠液正随着痉挛缓缓流出，与淌下的水珠纠缠在一起，那种淫靡的感觉令她的心跳乱作一团。\n失序的喘息在湿润的空气中回响，小腹反复抽搐着，{TargetName}被后穴绝顶的深重愉悦填满，心里泛起甜美的空白与难以启齿的满足，瘫软地沉浸在高潮的余韵中。

2157,action_part_a_orgasm_normal_C,0,hidden_sex_mode_1&place_someone_not_in_hidden_and_conscious,一股汹涌的快感骤然从{anal}深处炸开，{TargetName}的脑子瞬间被冲得一片甜蜜的混沌，可她拼命提醒自己周围还有旁人在，绝对不能叫出声来。\n那股淫靡的酥麻从后穴一波波席卷全身，腰肢不受控制地绷紧又颤抖，她只能死死咬住下唇，把几乎要冲出喉咙的浪叫硬生生压回去。\n意识开始模糊，{anal}正剧烈地痉挛收缩着，肠液不受控制地缓缓渗出，那种在众目睽睽之下偷偷绝顶的背德刺激令快感被放大了数倍，羞耻与愉悦在心底疯狂交缠。\n{TargetName}的眼角沁出了生理性的泪水，感觉到有人似乎朝这边投来疑惑的视线，心脏骤然揪紧，可正是这种随时可能败露的恐惧，让绝顶的滋味变得前所未有地浓烈，令她在无声的颤栗中沉沦。
2158,action_part_a_orgasm_normal_C,0,hidden_sex_mode_1&place_someone_not_in_hidden_and_conscious,绝顶的浪潮毫无预兆地从{anal}最深处轰然涌起，{TargetName}的视野猛地一白，全身的肌肉都在快感中痉挛绷紧。\n她惊慌地屏住呼吸，周围人来人往的气息近在咫尺，她却在这样的地方被后穴的快感冲上了顶点，那种荒唐的认知令她的心跳几乎停滞。\n{anal}一阵阵淫猥地收缩着，温热的肠液悄悄流淌出来，她羞耻得几乎要哭出来，却又被那股深沉的快美感彻底淹没，意识渐渐变得朦胧涣散。\n附近传来的细微响动令她的神经绷到极限，越是不能被发现，下腹深处的愉悦就越是凶猛地翻腾，甜美的空白一次次冲刷着大脑。\n{TargetName}用尽全力维持着若无其事的表情，可颤抖的指尖和泛红的耳根早已出卖了她正在偷偷绝顶的淫乱事实。
2159,action_part_a_orgasm_normal_C,0,hidden_sex_mode_1&place_someone_not_in_hidden_and_conscious,{TargetName}感觉自己的理智正被{anal}里炸开的绝顶快感一寸寸撕碎，那股又深又沉的酥爽从尾椎直冲天灵盖，令她的大腿内侧抑制不住地抽搐痉挛。\n不行，附近还有别人，绝对不能露出高潮的表情——她在心里拼命呐喊着，喉咙里的甜腻呻吟却几乎要破口而出，只能借着视线的遮挡低下头，任由绝顶的电流在体内肆虐。\n{anal}贪婪地一缩一缩绞紧着，肠液止不住地涌出，下流的湿热感让她羞耻得头皮发麻，偏偏正是这份在人前偷偷坏掉的背德感，令快感如同甜美的毒药般渗进每一根神经。\n意识开始模糊涣散，她隐约察觉到有人疑惑地扫视过来，恐惧和兴奋同时攥住了心脏，令这场无声的肛肠绝顶变得淫靡而绵长，甜美得令她几乎忘记了呼吸。
2160,action_part_a_orgasm_normal_C,0,hidden_sex_mode_1&place_someone_not_in_hidden_and_conscious,一阵完整而剧烈的绝顶快感从{anal}深处席卷而出，{TargetName}的小腹猛烈地抽搐起来，浑身像触电般痉挛颤抖。\n她慌乱地攥紧了手，指甲几乎掐进掌心，用疼痛勉强拴住即将飞散的意识——周围人的谈笑声还在继续，没有人知道她此刻正被后穴的高潮折磨得神魂颠倒。\n{anal}激烈地收缩痉挛着，她清晰地感觉到滑腻的肠液正顺着穴口悄悄淌出，那种下贱的失禁般的错觉令羞耻感直冲脑门，却又与快感搅成一团，把她推向更深的迷乱。\n脑海里泛起一片甜蜜的空白，她努力控制着呼吸的节奏，生怕一丝急促的喘息就会暴露一切。\n在这种被人环绕却偷偷绝顶的极限刺激里，{TargetName}体会到了平时数倍的快美，身体深处的满足感令她既沉醉又无地自容。
2161,action_part_a_orgasm_normal_C,0,hidden_sex_mode_1&place_someone_not_in_hidden_and_conscious,酸麻酥痒的快感在{anal}深处骤然汇聚成一股洪流，{TargetName}的腰肢猛地绷紧，绝顶的巨浪瞬间吞没了她。\n她死死抿住嘴唇，把淫荡的娇喘全部锁在喉咙里，只有细碎的鼻息泄露出一丝异样——在这种有旁人在场的地方靠后穴高潮，这个认知本身就令她羞愤欲死，却又淫靡得令人上瘾。\n{anal}正不知廉耻地反复绞缩着，温热的肠液缓缓渗流而出，湿滑黏腻的触感令她的羞耻心被反复碾磨，意识在快感中渐渐失焦模糊。\n每当感觉到附近有视线似有似无地扫过，心脏就恐慌地狂跳，而那份紧张竟化作燃料，令下腹的愉悦烧得更旺。\n{TargetName}在无人察觉的角落里独自承受着这场绝顶，颤抖的睫毛下，眼神早已被深深的满足与迷乱浸透。

2162,action_part_a_orgasm_normal_C,0,hidden_sex_mode_2&place_someone_not_in_hidden_and_conscious,一股汹涌的快感骤然从{anal}深处炸开，躲藏在暗处的{TargetName}猛地绷紧了全身，死死咬住嘴唇才没让淫荡的呻吟泄露出去。\n那股灼热的浪潮一波接一波地从{anal}席卷向四肢百骸，小腹剧烈地抽搐着，腰肢不受控制地痉挛弓起，她只能拼命蜷缩着身体不让自己撞出声响。\n意识开始变得朦胧，可她还残存着一丝清醒——不远处的{Name}正若无其事地与旁人周旋，谁也不知道暗处有个女人正被绝顶冲刷得浑身发颤。\n{anal}一阵阵强烈地收缩痉挛，温热的肠液不受控制地涌出，那种羞耻感反而让快感更加凶猛，她的脑海里被甜美的空白淹没，只剩下不能被发现的执念苦苦支撑着。
2163,action_part_a_orgasm_normal_C,0,hidden_sex_mode_2&place_someone_not_in_hidden_and_conscious,绝顶的电流毫无预兆地从{anal}最深处窜上脊椎，{TargetName}的眼前瞬间炸开一片白光，藏身的她慌乱地捂住自己的嘴，指缝间只漏出压抑到极致的鼻息。\n完整而剧烈的高潮席卷了整个身体，{anal}疯狂地痉挛收缩着，大腿根部止不住地颤抖，脚趾都蜷缩了起来。\n她能隐约听见外面{Name}平静的应答声，那份从容与自己此刻淫乱的模样形成了残酷的对比，羞耻与快感在心底搅成一团，令她的意识渐渐模糊发甜。\n温热的肠液顺着{anal}悄悄淌出，她又羞又乱地意识到自己竟在这种见不得人的地方用屁股高潮了，深深的满足和堕落般的沉醉将她彻底淹没。
2164,action_part_a_orgasm_normal_C,0,hidden_sex_mode_2&place_someone_not_in_hidden_and_conscious,{anal}深处骤然涌起的绝顶快感像决堤的洪水般冲垮了{TargetName}的忍耐，她整个人剧烈地颤抖起来，慌忙将脸埋进自己的臂弯里闷住呻吟。\n快感的巨浪一遍遍碾过战栗的身体，小腹反复抽搐，腰肢淫乱地痉挛扭动，她却连一点声音都不敢发出——附近还有旁人在，而{Name}正装作什么都没发生地立在明处。\n这种一墙之隔的背德感让高潮变得愈发凶猛，她的思绪被搅得一片甜腻的混沌，只剩下下腹那毁灭般的愉悦在轰鸣。\n{anal}一下下地剧烈收缩，肠液止不住地渗流出来，淫靡的湿热感让她羞耻得头皮发麻，可身体却诚实地沉溺在这场无声的绝顶里，久久无法自拔。
2165,action_part_a_orgasm_normal_C,0,hidden_sex_mode_2&place_someone_not_in_hidden_and_conscious,一阵灭顶的酥麻从{anal}炸裂开来，{TargetName}的腰肢猛然弓起又瘫软下去，躲在隐蔽处的她拼命绷住喉咙，把即将冲口而出的浪叫硬生生咽了回去。\n绝顶的快感如潮水般层层叠叠地淹没了她，{anal}强烈而有节奏地痉挛着，四肢绷紧得微微发麻，呼吸急促得几乎乱了套。\n她迷迷糊糊地想着绝不能被外面的人察觉，可外头传来的细微人声反而像催情剂一样，让每一次痉挛都更加猛烈，意识在羞耻与愉悦的夹缝里渐渐融化成一滩甜水。\n温热的肠液从抽搐的{anal}里溢出来，那种失禁般的错觉令她羞愤欲死，却又爽得灵魂发颤，只能咬着唇任由这场偷来的高潮将自己彻底吞没。
2166,action_part_a_orgasm_normal_C,0,hidden_sex_mode_2&place_someone_not_in_hidden_and_conscious,{TargetName}的瞳孔骤然失焦——{anal}深处积攒的快感在这一刻轰然引爆，完整的绝顶浪潮瞬间贯穿了她蜷缩在暗处的身体。\n她死死攥紧了拳头，指甲几乎掐进掌心，用疼痛勉强拴住那即将脱口的淫叫，小腹一阵阵剧烈抽搐，双腿抖得几乎跪不稳。\n{anal}痉挛收缩的每一下都激起新的快感涟漪，肠液温热地涌流而出，湿滑的触感让她羞耻得快要烧起来。\n而明处的{Name}还在滴水不漏地应付着旁人，这份心照不宣的共犯感让她的心脏狂跳不止，意识被甜蜜地搅乱，她一边拼命维持着藏身的姿势，一边淫乱地沉醉在这场无人知晓的肛内绝顶里，满足感深深地浸透了全身。

2167,action_part_a_orgasm_normal_C,0,CVP_A2_T|104_E_1&high_2,一股汹涌的快感骤然从{anal}深处炸开，{TargetName}的脑子里霎时间一片雪白，年轻的身体不受控制地剧烈痉挛起来。\n那种从后穴涌出的淫靡快感如同潮水般一波接一波地席卷着她的全身，令少女绷紧的腰肢深深弓起，小腹一阵阵地抽搐着，双腿颤抖得几乎站不稳，意识开始变得朦朦胧胧的，只剩下{anal}强烈收缩带来的鲜明快感在身体里回荡着。\n{TargetName}羞耻地意识到自己竟然用屁股高潮了，可那种深度的满足感却令她无法否认，青涩的心被淹没在快感的浪潮里。\n她隐约感觉到有温热的肠液从痉挛的{anal}里渗出来，那种淫乱的触感令少女的脸颊烧得通红，既羞耻又沉醉，只能任由绝顶的余韵在青春的身体里久久荡漾着。
2168,action_part_a_orgasm_normal_C,0,CVP_A2_T|104_E_1&high_2,{anal}深处猛地涌起一阵无法抵挡的酥麻电流，{TargetName}的意识瞬间被冲得七零八落，只能发出破碎的娇喘。\n那股下流的快感从后穴一路窜上脊椎，令少女富有弹性的身体猛然绷紧，腰肢高高弓起又软软塌下，四肢止不住地颤抖着，{anal}一下一下地剧烈痉挛收缩，每一次收缩都把新的快感狠狠碾进她朦胧的脑海里。\n用这种羞人的地方达到了真正的绝顶，这个认知令青涩的{TargetName}羞耻得想要蜷缩起来，可身体却诚实地沉浸在高潮的深度愉悦中无法自拔。\n温热滑腻的肠液顺着抽搐的穴口悄悄溢出，那种失控的感觉令少女又慌乱又迷醉，年轻的心里被甜美的空白和难以启齿的满足塞得满满的。
2169,action_part_a_orgasm_normal_C,0,CVP_A2_T|104_E_1&high_2,一波灼热的绝顶快感毫无预兆地从{anal}最深处喷涌而出，{TargetName}的眼前骤然发白，青春的肢体剧烈地弹跳了一下。\n汹涌的快感浪潮顺着肠道漫过小腹，漫过挺直的脊背，令少女的全身肌肉一阵阵地绷紧又痉挛，呼吸彻底乱了套，脑海里的思绪被冲刷得模模糊糊，只余下{anal}有节奏的强烈收缩在支配着她的一切感官。\n{TargetName}从没想过后面的小穴竟能带来这么猛烈的高潮，羞耻与快乐在她稚气未脱的心里疯狂交战，最终都溶化进了深深的绝顶余韵中。\n她羞恼地感觉到肠液正从收缩的穴口滴落，那种淫靡的湿热令少女浑身发软，红着脸沉溺在这场令人迷乱的肛肠绝顶里。
2170,action_part_a_orgasm_normal_C,0,CVP_A2_T|104_E_1&high_2,{TargetName}的{anal}猛然间被一股排山倒海的快感贯穿，少女的娇躯剧烈一颤，脑中霎时白茫茫一片什么也想不了了。\n那种从肠道深处泛滥开来的淫猥快感令她的腰肢不由自主地深深弓起，小腹连续地痉挛抽动，双腿死死绷紧又不住打颤，年轻紧致的身体被完整的绝顶浪潮反复冲刷着，意识渐渐朦胧涣散，整个人都沉进了那片甜蜜的混沌里。\n初尝这种高潮的青涩少女根本无力招架，她羞耻地发觉自己竟然如此享受后穴的绝顶，那种背德般的愉悦令她的心脏狂跳不止。\n痉挛的{anal}里渗出了温热的肠液，湿滑的感触令{TargetName}又羞又乱，只能在朦胧的余韵中细细颤抖着，品味这份深入骨髓的淫靡满足。
2171,action_part_a_orgasm_normal_C,0,CVP_A2_T|104_E_1&high_2,一阵浓烈到令人头皮发麻的快感从{anal}内部轰然炸裂，{TargetName}青涩的身体像触电般猛地绷直，甜腻的悲鸣从喉咙里不受控制地漏了出来。\n绝顶的快感如同决堤的洪水般席卷了少女的每一寸神经，{anal}激烈而有节奏地痉挛收缩着，腰腹一波波地抽动，纤细的手指无意识地攥紧，脚趾也蜷缩起来，脑海里的羞涩与矜持全被冲得支离破碎，只剩下铺天盖地的淫靡愉悦。\n意识朦胧之间，{TargetName}又羞又迷乱地承认了自己正被后穴的高潮支配着，那种深度的餍足感令她青春的心彻底沦陷。\n温热的肠液随着穴口的收缩缓缓流出，这种下流的失禁感令少女羞得几乎哭出来，却又沉醉得无法自拔，任由高潮的余波在体内久久回荡。

2172,action_part_a_orgasm_normal_C,0,hidden_sex_mode_3&place_someone_not_in_hidden_and_conscious,一股完整而汹涌的绝顶快感骤然从{anal}深处炸开，{TargetName}的腰肢猛地绷紧，几乎要当场叫出声来。\n可周围还有其他人在，她只能死死咬住下唇，把那阵席卷全身的浪潮硬生生压在喉咙里，装作若无其事的模样。\n{anal}强烈而有节奏地痉挛收缩着，肠液不受控制地渗出来，那种淫靡的湿意让她羞耻得头皮发麻，意识开始一点点模糊，脑子里被甜腻的快感淹没。\n她能感觉到躲藏着的{Name}在暗处屏息克制的气息，这种被人看着却不能暴露的背德感，反而让高潮的滋味更加浓烈，令她的内心彻底沉溺在这场偷来的绝顶里。
2173,action_part_a_orgasm_normal_C,0,hidden_sex_mode_3&place_someone_not_in_hidden_and_conscious,绝顶的巨浪毫无预兆地从{anal}最深处翻涌上来，{TargetName}的小腹剧烈地抽搐着，双腿在无人注意的角度下拼命夹紧。\n她的表情几乎要维持不住了，只能低下头假装整理东西，任由那股淫荡的电流从后穴窜遍四肢百骸。\n{anal}一阵阵痉挛着，温热的肠液顺着穴口淌出，那种下流的感觉令她又羞又爽，思绪渐渐涣散成一片甜蜜的空白。\n周围的人似乎察觉到了她的异样，投来疑惑的目光，这份危险让她的心跳快得快要炸开，而藏在暗处的{Name}还在小心翼翼地隐匿着，她只能独自承受这场不能出声的完整高潮，被快感与羞耻同时淹没。
2174,action_part_a_orgasm_normal_C,0,hidden_sex_mode_3&place_someone_not_in_hidden_and_conscious,一波正常绝顶该有的全部快感在{anal}里轰然绽放，{TargetName}的脊背瞬间弓起，又被她强行压了回去。\n她的呼吸急促失序，只能装作咳嗽来掩饰那几乎脱口而出的浪叫，指尖死死掐进掌心才勉强稳住身形。\n{anal}不停地收缩痉挛，淫靡的肠液一股股地涌出来，湿黏的触感令她的羞耻心被彻底点燃，意识在浪潮中开始摇晃模糊。\n身边还有旁人来来往往，她必须挺直腰杆装作平静，可后穴里的高潮却一浪高过一浪，躲起来的{Name}压抑着动静的存在感更是火上浇油，令她的内心被这场偷偷摸摸的绝顶搅得一塌糊涂，沉醉得无法自拔。
2175,action_part_a_orgasm_normal_C,0,hidden_sex_mode_3&place_someone_not_in_hidden_and_conscious,{anal}深处骤然涌起一阵完整而剧烈的高潮，那股酥麻的洪流瞬间贯穿了{TargetName}的全身，令她的膝盖险些一软跪下去。\n她慌忙扶住身旁的东西撑住自己，脸上强挤出镇定的神情，喉咙里的呻吟被咽成一声若有若无的鼻音。\n{anal}猛烈地一缩一缩地绞动着，滚烫的肠液失禁般地流淌出来，那种淫乱的感觉令她臊得满脸通红，思维渐渐被甜美的眩晕吞没。\n她隐约感觉到旁人狐疑的视线扫过来，紧张与快感绞在一起，而暗处的{Name}还在竭力藏住自己的身影，这种共犯般的隐秘刺激令她的心底泛起病态的欢愉，整个人都沉浸在绝顶的余波里发着抖。
2176,action_part_a_orgasm_normal_C,0,hidden_sex_mode_3&place_someone_not_in_hidden_and_conscious,毫无防备地，一场完整的绝顶从{anal}里爆发开来，{TargetName}的四肢瞬间绷紧，浑身的肌肉都在细细痉挛。\n她拼命维持着站姿，把涌到嘴边的娇喘全部咬碎在齿间，额角渗出细密的汗珠。\n{anal}一下一下地剧烈收缩，控制不住的肠液顺着腿根悄悄滑落，那种肮脏又淫荡的湿热令她的羞耻与快感一同飙升，意识开始漂浮模糊，眼前泛起一层水雾。\n周围人来人往的动静提醒着她绝不能露出破绽，可正是这份危机感令后穴的高潮愈发甘美，藏匿着的{Name}克制而隐秘的存在更令她心乱如麻，她只能在众目睽睽之下独自消化这场淹没灵魂的隐秘绝顶。

2177,action_part_a_orgasm_normal_C,0,hidden_sex_mode_4&place_someone_not_in_hidden_and_conscious,一股完整而汹涌的绝顶快感骤然从{anal}深处炸开，{TargetName}慌忙咬住自己的手背，才勉强把那声几乎冲出喉咙的淫叫堵了回去。\n躲藏处外似乎有人察觉到了什么细微的异响，脚步声隐约停顿了一下，这份危机感反而令那股席卷全身的肛肠高潮变得更加浓烈，{anal}剧烈而有节奏地痉挛收缩着，腰肢在{Name}怀里不受控制地弓起又发颤，小腹一阵阵抽搐，肠液悄悄地涌了出来，那种淫靡的湿意令她羞耻得头脑发昏。\n意识开始变得模糊，快感如浪潮般一波波淹没心神，明明不能被发现，明明必须一动不动，身体却淫荡地沉浸在绝顶里，那种在他人眼皮底下偷偷高潮的背德甜美令{TargetName}的心被彻底泡软了，只能颤抖着把滚烫的脸埋进{Name}的肩头，任由余韵在体内久久荡漾。
2178,action_part_a_orgasm_normal_C,0,hidden_sex_mode_4&place_someone_not_in_hidden_and_conscious,{anal}深处猛地掀起一阵完整的绝顶浪潮，{TargetName}的瞳孔骤然失焦，整个人在狭小的藏身处里死死绷紧了身体。\n外面的人似乎朝这边投来了疑惑的视线，她只能拼命屏住呼吸，可越是压抑，那股从{anal}炸开的酥麻电流就越是凶猛地窜遍四肢百骸，肠壁强烈地痉挛着，一下一下淫靡地绞紧，腰肢止不住地细细痉挛，大腿内侧抖得几乎站不稳，温热的肠液不受控制地渗出来，淌得她又羞又乱。\n脑子里一片甜蜜的混沌，意识被高潮的快感搅得模糊不清，心里又慌又爽，既害怕被人发现自己正在用屁股绝顶的淫态，又忍不住为这份偷偷摸摸的刺激而沉醉，羞耻与愉悦交织成滚烫的漩涡，令她只能无声地张着小嘴，在{Name}怀中痉挛着承受完这场不能出声的高潮。
2179,action_part_a_orgasm_normal_C,0,hidden_sex_mode_4&place_someone_not_in_hidden_and_conscious,一阵无法抗拒的绝顶热流从{anal}最深处轰然涌出，{TargetName}的腰肢猛地一软，慌乱中只能死死抓住{Name}的手臂稳住身形。\n藏身处外传来他人不明所以的低语，似乎在疑惑刚才那声压抑的闷哼是什么，这份紧张令她的心脏狂跳，而肛肠高潮的快感却毫不留情地席卷而来，{anal}剧烈地收缩痉挛着，每一下绞动都逼出一股酥到骨髓的淫麻，小腹反复抽搐，湿滑的肠液顺着缝隙悄悄溢出，那种淫乱的失禁感令她羞得几乎哭出来。\n意识渐渐被快感的白雾笼罩，思绪变得黏稠而甜腻，她一边拼命告诫自己绝对不能发出声音，一边却被这场偷来的绝顶爽得魂儿都要飞了，深深的满足感和背德的沉醉在心底疯狂翻涌，令{TargetName}颤抖着沉溺其中。
2180,action_part_a_orgasm_normal_C,0,hidden_sex_mode_4&place_someone_not_in_hidden_and_conscious,{anal}里积攒的快感终于冲破了堤坝，一场完整的绝顶轰然引爆，{TargetName}浑身剧震，慌忙把整张脸压进{Name}的胸口闷住呻吟。\n外面的人似乎隐约感觉到了空气里的异样，动作迟疑了片刻，这令她的神经绷到极限，可肛肠深处的痉挛却半点不肯停歇，{anal}一波接一波地淫靡收缩，酥麻的电流从尾椎直窜天灵盖，腰肢弓起又瘫软，双腿抖得像筛糠一样，温热的肠液汩汩地淌出来，淫猥的湿滑感令她臊得耳根发烫。\n意识开始融化在铺天盖地的快感里，脑中一片甜美的空白，明明是最不能高潮的时刻，屁股却爽得如此彻底，这种反差令羞耻和快乐一起在心里炸开，{TargetName}被这场无声的绝顶淹没，只能在心底淫乱地承认自己已经彻底沉沦在这份感觉里了。
2181,action_part_a_orgasm_normal_C,0,hidden_sex_mode_4&place_someone_not_in_hidden_and_conscious,一股滚烫的绝顶快感从{anal}深处直冲而上，{TargetName}的脑袋嗡的一声，慌忙用双手捂住自己的嘴，才没让淫荡的娇喘泄露出去。\n藏身处外有人像是听见了什么，轻轻咳了一声，那一瞬间她的心几乎跳出胸腔，可正是这种命悬一线的紧张，令肛肠绝顶的快感翻了倍地凶猛，{anal}疯狂地痉挛绞缩，一阵阵淫麻的热浪冲刷着小腹，腰肢在{Name}身上不由自主地颤动扭摆，滑腻的肠液一股股地涌出，羞人的水声只能靠死死并拢的双腿闷住。\n快感如潮水般漫过意识，思维变得甜蜜而迟钝，她在心里又羞又乱地想着自己竟然在离别人这么近的地方用后穴高潮了，这份淫靡的秘密令绝顶的余韵格外深沉，令{TargetName}瘫软在{Name}怀中久久回不过神。

2182,action_part_a_orgasm_normal_C,0,exhibitionism_sex_mode_1,一股汹涌的快感浪潮骤然从{anal}深处炸开，{TargetName}的腰肢猛地弓起，完整而剧烈的绝顶感席卷了整个身体，令她的意识开始变得模糊起来。\n{anal}强烈而有节奏地痉挛收缩着，每一次抽搐都把她推向更深的愉悦里，脑子里一片甜美的混沌，可与此同时，未上锁的门就那样敞着一条缝，走廊上随时可能有人经过的念头令她心头狂跳。\n在这样无人却毫不遮掩的室内被快感冲垮，那种羞耻与刺激交织的感觉反而让绝顶变得更加浓烈。\n{TargetName}拼命咬住嘴唇压抑着声音，却压不住肠液从{anal}里悄悄淌出来的感觉，那股淫靡的湿热令她既迷乱又难堪，心里被巨大的满足和被人撞见的恐惧一起淹没，只能颤抖着沉浸在这场羞耻的高潮里。
2183,action_part_a_orgasm_normal_C,0,exhibitionism_sex_mode_1,快感如决堤的洪水般从{anal}最深处倾泻而出，{TargetName}的四肢瞬间绷紧，小腹一阵阵剧烈抽搐，正正经经的绝顶高潮把她整个人拖进了深不见底的愉悦漩涡。\n意识渐渐涣散，可透明的窗户外若隐若现的人影却像针一样扎在心上，万一被谁看见自己正在因为{anal}的快感而淫乱绝顶，这个念头令她的羞耻心疯狂攀升。\n偏偏正是这种随时会暴露的危机感，让高潮的滋味变得加倍鲜明。\n{anal}不受控制地一下下痉挛着，她清楚地感觉到肠液顺着收缩被挤了出来，那种下流的流淌感令她面红耳赤，呼吸急促而失序。\n{TargetName}的心里一半被深深的满足填满，一半被在无人室内公然沉溺的背德感灼烧着，只能任由这场绝顶把自己彻底融化。
2184,action_part_a_orgasm_normal_C,0,exhibitionism_sex_mode_1,{anal}深处骤然爆开一团滚烫的快感，像海浪一样一波接一波地拍打着{TargetName}的神志，令她的腰肢深深弓起，双腿剧烈地打着颤。\n这是一次完完整整的绝顶，强烈的痉挛顺着{anal}蔓延到全身，脑海里泛起一片甜蜜的空白，思绪开始变得黏糊而模糊。\n可即便在这样的迷乱中，她仍隐约意识到这里的门没有上锁，任何人推门进来都会看见她这副被肛门快感逼到高潮的淫荡模样，这份认知让羞耻感像火一样烧遍全身。\n{TargetName}感觉到{anal}随着痉挛淌出了温热的肠液，那种失守般的湿滑令她又羞又乱，心跳快得几乎要炸开。\n身体的巨大愉悦与被人发现的恐惧互相纠缠，反而酿成了更浓烈的醉意，令她只能颤抖着咬紧牙关，在无人的室内独自承受这场羞耻又甘美的绝顶。
2185,action_part_a_orgasm_normal_C,0,exhibitionism_sex_mode_1,一阵无法抵挡的绝顶快感从{anal}的最深处轰然涌起，{TargetName}的全身猛然绷紧，随即又剧烈地颤抖起来，小腹一下下抽搐着，完整的高潮反应毫无保留地在她身上炸开。\n她的意识开始漂浮，甜腻的电流从{anal}窜上脊背，把思绪搅得七零八落。\n然而空荡荡的房间里那扇随时可能被推开的门，还有毫无遮挡的窗户，都在无声地提醒她此刻的处境，在这种地方放任自己因为屁股里的快感而绝顶，这种下流的事实令她的脸烧得通红。\n{anal}一阵阵有节奏地收缩着，她羞耻地察觉到肠液正被挤压着渗出来，湿热的感触令她的心彻底乱了。\n可越是害怕被撞见，快感就越是凶猛，{TargetName}的内心被深深的满足与露出的刺激反复冲刷，只能沉溺在这场令人头晕目眩的绝顶中无法自拔。
2186,action_part_a_orgasm_normal_C,0,exhibitionism_sex_mode_1,{TargetName}的{anal}深处猛地掀起一股灼热的快感狂潮，瞬间冲垮了她苦苦维持的镇定，腰部不受控制地反复弓起，四肢发着抖，正常绝顶该有的一切剧烈反应都涌了出来。\n她的脑子里蒙上了一层甜美的雾，意识开始模糊，却还没被彻底冲垮，于是那份清明反而让她更清楚地意识到，这个没有上锁的房间里，自己正毫无防备地暴露在任何可能闯入的视线之下。\n被人看见自己用屁股绝顶的可能性令她羞耻得几乎发疯，可身体却诚实地因为这份紧张而愈发敏感。\n{anal}剧烈地痉挛着，一股股温热的肠液随着收缩淌了出来，那种淫靡的失禁般的错觉令她心乱如麻。\n巨大的愉悦和被窥见的恐惧在胸口翻搅成一团，{TargetName}只能死死压抑着嗓音，任由这场混杂着露出刺激的绝顶将自己淹没。

2187,action_part_a_orgasm_normal_C,0,exhibitionism_sex_mode_2,一股滚烫的快感浪潮从{anal}深处轰然炸开，{TargetName}的意识瞬间被冲得摇摇欲坠，那种从后穴涌出的淫靡愉悦如潮水般席卷全身，令她的腰肢猛地弓起，双腿不受控制地绷紧颤抖。\n微风拂过裸露的肌肤，开阔的室外让她清楚地意识到自己正在光天化日之下用{anal}绝顶，这份强烈的羞耻感反而化作了更浓烈的兴奋，令快感层层叠加。\n{anal}剧烈地痉挛收缩着，她隐约感觉到有温热的肠液从穴口渗出，顺着腿根滑落，那种在露天里失禁般的淫乱感令她的脑海泛起甜美的空白。\n生怕有人路过撞见的恐惧与被快感淹没的沉醉交织在一起，令{TargetName}的心脏狂跳不止，只能任由这场完整的绝顶将自己彻底吞没。
2188,action_part_a_orgasm_normal_C,0,exhibitionism_sex_mode_2,{anal}深处骤然迸发出一阵无法抵挡的酥麻电流，{TargetName}的脑袋嗡的一声，强烈的绝顶快感顺着脊椎直冲头顶，令她的意识开始变得朦胧涣散。\n户外开阔的空气包裹着她发烫的身体，远处隐约传来的动静让她心头一紧，可正是这种随时可能被人看见的紧张感，令后穴的快感变得加倍鲜明淫靡。\n{anal}一波接一波地强烈收缩着，小腹反复抽搐，她羞耻地感觉到肠液正不受控制地流淌出来，在风中留下淫秽的凉意。\n自己竟然在无遮无拦的室外被肛门的快感逼上了高潮，这个认知令{TargetName}既羞愧欲死又兴奋难耐，甜蜜的迷乱席卷了她的内心，呼吸急促失序，整个人都沉溺在这场背德的露天绝顶之中无法自拔。
2189,action_part_a_orgasm_normal_C,0,exhibitionism_sex_mode_2,一阵深沉而汹涌的绝顶快感从{anal}的最深处轰然涌出，{TargetName}的眼前骤然发白，全身的肌肉都在这股淫浪的冲击下绷紧痉挛，腰部高高弓起又无力落下。\n她的意识渐渐模糊，只剩下后穴那铺天盖地的愉悦在身体里横冲直撞。\n天光下毫无遮蔽的开阔环境令她无所遁形，风声与远处若有若无的人声不断提醒着她此刻的处境，那种可能被陌生人目睹自己用{anal}高潮的恐慌，竟化作了滚烫的兴奋在血管里奔流。\n穴口不住地翕张收缩，温热的肠液悄悄溢出，令她羞耻得头皮发麻却又愈发沉醉。\n{TargetName}的内心被深深的满足与淫靡的背德感填满，四肢发软颤抖，只能在这场露天的绝顶浪潮里载沉载浮。
2190,action_part_a_orgasm_normal_C,0,exhibitionism_sex_mode_2,{TargetName}的{anal}猛地一缩，积攒的快感在这一刻决堤而出，化作滔天的淫靡浪潮将她整个人淹没，强烈的绝顶令她的思绪开始涣散，小腹一阵阵地痉挛抽动，脚趾都蜷缩了起来。\n裸露的肌肤暴露在流动的空气中，开放的户外没有任何墙壁遮挡她淫乱的模样，一想到随时可能有人从远处走来，撞见自己正因后穴的快感而浑身颤抖，她的心脏就羞耻得几乎要炸开，可这份羞耻偏偏令快感更加凶猛。\n{anal}深处的收缩一波强过一波，她惊慌地察觉到肠液正顺着穴口淌出，被风一吹更显淫秽。\n甜美的空白占据了她的脑海，呼吸凌乱不堪，{TargetName}只能沉浸在这场室外绝顶带来的深度满足与迷醉之中，久久无法回神。
2191,action_part_a_orgasm_normal_C,0,exhibitionism_sex_mode_2,毫无预兆地，一股炽热的绝顶快感从{anal}内部炸裂开来，{TargetName}的身体剧烈地弹动了一下，随即陷入了不受控制的痉挛颤抖，后穴传来的淫悦如同海啸般一浪浪拍打着她的神智，令意识蒙上了一层甜腻的雾气。\n开阔的室外一览无余，她连一处可以躲藏的角落都没有，风掠过敏感的肌肤，远方偶尔的响动令她的神经紧绷到极点，这种在天地之间赤裸裸绝顶的背德感，令她兴奋得浑身战栗。\n{anal}贪婪地反复收缩着，温热的肠液不听话地渗流而出，那种露天失守的羞耻令她面红耳赤。\n{TargetName}的内心被淹没在铺天盖地的快感与淫乱的悖德愉悦里，腰肢发颤，双腿酸软，深深的餍足感与怕被人发现的悸动交织成令她沉沦的漩涡。

2192,action_part_a_orgasm_normal_C,0,exhibitionism_sex_mode_3,一股无法抗拒的快感洪流骤然从{anal}深处炸开，{TargetName}的意识瞬间被冲得摇摇欲坠。\n在这么多双眼睛的注视下，自己竟然用后面的穴迎来了绝顶，这个认知让羞耻感如烙铁般烫在心口，可正是这份被围观的耻辱，反而让快感翻了倍地席卷全身。\n{anal}剧烈地痉挛收缩着，腰肢不受控制地弓起，脑海里一片甜蜜的混沌，她隐约感觉到有温热的肠液从{anal}里淌了出来，在众人面前暴露出如此淫荡的模样，让她又羞又爽，整颗心都沉溺在这场公开的绝顶里无法自拔。
2193,action_part_a_orgasm_normal_C,0,exhibitionism_sex_mode_3,绝顶的浪潮毫无预兆地从{anal}深处席卷而来，{TargetName}的脑子霎时被搅成了一团浆糊。\n她清楚地知道周围的人全都看着自己，看着自己因为屁股里的快感而浑身抽搐的丑态，这份认知令羞耻感几乎将她焚烧殆尽，可背德的兴奋却像毒药一样顺着血液流遍全身，把绝顶推向更深的地方。\n{anal}一阵阵地绞紧痉挛，双腿抖得几乎站不稳，肠液顺着穴口悄悄渗出的感觉让她羞得想找个地缝钻进去，意识却在快感与耻辱的双重冲刷下越来越模糊，只剩下被众人观赏着高潮的淫靡实感。
2194,action_part_a_orgasm_normal_C,0,exhibitionism_sex_mode_3,{anal}深处猛地涌起一股滚烫的快感，如决堤般冲垮了{TargetName}最后的矜持。\n她在所有人的视线里达到了绝顶，后穴淫荡地痉挛着，这份被围观着高潮的羞耻让她恨不得立刻昏死过去，偏偏身体却诚实得可怕，越是感受到那些目光，{anal}就绞得越紧，快感也越发汹涌。\n小腹一下下地抽搐，脚趾蜷缩绷紧，她迷迷糊糊地察觉到肠液正从抽动的穴口溢出来，在人前流着淫水绝顶的自己简直下流到了极点，可正是这份背德感，让她的内心被甜美的堕落彻底淹没。
2195,action_part_a_orgasm_normal_C,0,exhibitionism_sex_mode_3,一波完整而凶猛的绝顶从{anal}最深处轰然炸响，{TargetName}的思绪当场被搅得七零八落。\n众目睽睽之下用屁眼高潮了——这个念头在她混沌的脑海里反复回荡，羞耻得她眼眶发热，可身体却兴奋得发烫，被陌生视线舔舐全身的错觉让{anal}痉挛得更加厉害，快感一浪高过一浪地拍打着她的理智。\n腰肢徒劳地扭动着，大腿内侧不住地抽搐，温热的肠液从收缩的穴口挤出来的淫靡触感令她又羞又迷乱，在公开场合被快感支配的背德滋味，让她的心甜蜜地沉了下去。
2196,action_part_a_orgasm_normal_C,0,exhibitionism_sex_mode_3,{TargetName}的{anal}骤然被一股完整的绝顶快感贯穿，酥麻的电流顺着尾椎直冲天灵盖。\n她在无数道视线的包围中弓起了腰，后穴一阵阵地剧烈收缩，明明羞耻得快要哭出来，被人观赏着用屁股绝顶的堕落感却让快感变得前所未有地浓烈，意识开始发飘，眼前泛起一层甜腻的白雾。\n她能感觉到{anal}里的肠液随着痉挛一点点淌出，在人前暴露出这般淫乱的姿态令她无地自容，可内心深处却涌起了难以启齿的兴奋，羞耻与快感搅在一起，把她整个人泡进了公开绝顶的淫靡余韵里。

2197,action_part_a_orgasm_normal_C,0,exhibitionism_sex_mode_4,一股汹涌的快感猛地从{anal}深处炸开，{TargetName}的腰肢剧烈一颤，绝顶的浪潮瞬间席卷了全身，意识开始变得朦胧恍惚。\n可周围那些毫无意识的人影却清晰地烙在她的心头，她拼命咬住嘴唇不敢发出声音，生怕一丝呻吟就会惊醒某个人，这份紧绷的恐惧反而让{anal}的痉挛更加剧烈。\n她羞耻地感觉到有温热的肠液从后穴不受控制地渗出，在众人面前用屁股高潮的背德感如毒药般渗进心底，令她在压抑与快感的夹缝中沉溺得无法自拔，脑海里只剩下一片甜美又罪恶的空白。
2198,action_part_a_orgasm_normal_C,0,exhibitionism_sex_mode_4,{anal}深处骤然涌起的绝顶快感如决堤的洪水般冲垮了{TargetName}的理智，她的小腹剧烈抽搐，双腿绷得笔直发颤。\n就在她要放声浪叫的瞬间，视线扫过身旁那些沉睡般毫无知觉的人们，喉咙里的淫叫硬生生被掐断在唇边，只能从鼻腔里泄出压抑的闷哼。\n万一有人此刻睁开眼睛，就会看到她用后穴绝顶的淫荡模样，这个念头让她又惧又兴奋，快感因此翻倍地灼烧着神经。\n她恍惚地感到肠液顺着穴口淌下，羞耻与愉悦搅成一团，把她的心整个淹没在迷乱的高潮余韵里。
2199,action_part_a_orgasm_normal_C,0,exhibitionism_sex_mode_4,一波完整而猛烈的绝顶从{anal}的最深处轰然爆发，{TargetName}的眼前闪过一片白光，全身的肌肉都随着后穴的痉挛而绷紧颤抖，意识渐渐染上一层甜腻的雾气。\n然而近在咫尺的那些无意识的身影时刻提醒着她此刻的处境，她死死捂住自己的嘴，把破碎的娇喘全部闷在掌心里，心脏因害怕被发现而狂跳不止。\n偏偏正是这种随时可能暴露的危机感，让肛门高潮的滋味变得前所未有地鲜明淫靡，她羞愧地察觉到黏滑的肠液正悄悄溢出，在旁人面前沦陷于屁眼快感的背德滋味令她的内心彻底迷失了。
2200,action_part_a_orgasm_normal_C,0,exhibitionism_sex_mode_4,{TargetName}的脑海猛地一片眩晕，{anal}传来的绝顶快感像海啸般吞没了她，腰肢不受控制地弓起又瘫软，穴肉一阵阵有节奏地猛烈收缩着。\n她慌乱地瞥向周围那些失去意识的人，明知他们此刻什么都看不见，可被无数双闭着的眼睛环绕着高潮的错觉依然让她羞耻得浑身发烫。\n必须忍住，绝对不能出声，这份自我压抑让积蓄的快感在体内横冲直撞，反而把绝顶推向更深的地方。\n温热的肠液从抽搐的后穴里渗漏出来，淫猥的湿意混着背德的悸动，令她的思绪溺毙在这场无人知晓的秘密高潮中。\n
2201,action_part_a_orgasm_normal_C,0,exhibitionism_sex_mode_4,积攒已久的快感终于在{anal}深处掀起了完整的绝顶狂潮，{TargetName}的四肢瞬间酥软，小穴般敏感的后庭剧烈痉挛着，甜美的电流窜遍每一寸肌肤，意识开始漂浮模糊。\n她泪眼朦胧地扫过那些横七竖八毫无反应的人影，一边庆幸他们什么都不知道，一边又被这种当众用肛门绝顶的淫乱事实刺激得心跳如雷。\n若是此刻有谁醒来该怎么办，这份悬在头顶的恐惧化作最烈的催情剂，令高潮的余波一浪高过一浪。\n她羞耻地感受着肠液缓缓流出的黏腻触感，背德的快意与深深的满足在心底交融，让她沉沦得几乎忘记了自己身在何处。

2202,action_part_a_orgasm_normal_C,0,t_imprisonment_1&CVP_A2_G_E_0,一股强烈的快感毫无预兆地从{anal}深处炸开，被囚禁的{TargetName}的身体猛地弓起，剧烈的痉挛顺着脊背一路窜上头顶，意识被冲得开始发晕。\n她拼命想要压住那股席卷全身的浪潮，可{anal}却背叛般地强烈收缩着，腰肢不受控制地颤抖，四肢在束缚下徒劳地绷紧挣扎。\n为什么会这样，明明对方只是个陌生人，明明自己恨不得立刻逃离这里，身体却因为后穴的快感而绝顶了。\n她惊恐地感觉到{anal}深处有温热的肠液不断渗出，那种被撑开的淫靡感受与心底的屈辱交织在一起，令她又羞又怒，泪水在眼眶里打转，脑中一片混乱，不明白自己的身体为何会对囚禁自己的男人做出如此淫乱的回应。
2203,action_part_a_orgasm_normal_C,0,t_imprisonment_1&CVP_A2_G_E_0,汹涌的绝顶浪潮猛然自{anal}最深处翻涌而出，{TargetName}的小腹剧烈地抽搐着，整个人在监牢的束缚中痉挛颤抖，意识开始模糊涣散。\n不要，不可以，她在心底疯狂地否认着，可后穴传来的快感却如同潮水般一波接一波地淹没她的理智。\n{anal}正淫荡地一下一下痉挛收缩，每一次收缩都逼出更浓烈的酥麻，令她的腰肢高高弓起又瘫软下去，呼吸彻底乱成一团。\n她能清晰感到肠液从痉挛的穴口溢出，顺着腿根淌下，那种下流的湿滑触感令她羞耻得几乎发狂。\n凭什么，凭什么自己会被一个素不相识的男人弄到用屁股高潮，屈辱与愤怒在胸口燃烧，身体却诚实地沉溺在绝顶的余波里止不住地哆嗦。
2204,action_part_a_orgasm_normal_C,0,t_imprisonment_1&CVP_A2_G_E_0,绝顶的电流骤然贯穿{anal}，{TargetName}的眼前白光一闪，全身的肌肉瞬间绷紧痉挛，被束缚的手脚剧烈挣动却无处可逃，只能任由高潮的巨浪将她整个吞没。\n{anal}猛烈而有节奏地痉挛着，那种从未体验过的深处快感令她的意识开始溶化发晕，小腹一阵阵抽搐，脚趾都蜷缩了起来。\n怎么可能，用这种地方，被一个陌生男人……她的内心在崩溃地嘶喊着，脸上却泛起了情欲的潮红。\n温热的肠液不受控制地从穴口涌出，淫靡的水声让她恨不得当场消失，恐惧与茫然混着无法否认的快感在脑中搅成一片浆糊。\n她咬紧牙关不愿发出声音，喉咙里却还是漏出了破碎的呜咽，屈辱的泪水滑过脸颊，身体的颤抖久久无法停息。
2205,action_part_a_orgasm_normal_C,0,t_imprisonment_1&CVP_A2_G_E_0,一波完整而凶猛的绝顶从{anal}深处轰然爆发，{TargetName}的背脊猛然反弓，囚禁中的身躯像离水的鱼一样剧烈弹动痉挛，脑海霎时间被灼热的快感烧得一片朦胧。\n她惊骇地发现自己竟然真的被后面的快感逼上了顶点，{anal}正不知羞耻地反复紧缩痉挛，每一下都榨出令她头皮发麻的酥爽，大腿根部止不住地打颤。\n不行，不能承认这种感觉，她在混乱的意识里拼命抵抗，可肠液还是背叛般地从痉挛的穴口汩汩渗出，湿热黏腻的感触令她羞愤欲死。\n为什么身体不听话，为什么会在这个可怕的陌生男人面前露出这种淫乱的丑态，愤怒、恐惧与陌生的快美感搅在一起，令她哭喊不出，只能浑身发抖地承受着绝顶的余韵。
2206,action_part_a_orgasm_normal_C,0,t_imprisonment_1&CVP_A2_G_E_0,{anal}深处骤然涌起一股无法抵御的热流，绝顶的快感如决堤般冲垮了{TargetName}紧绷的神经，她的腰肢猛地弹起，随即又剧烈地痉挛瘫软，束缚下的四肢无助地抽搐着。\n意识变得昏沉迷乱，眼前的监牢都开始摇晃扭曲，唯有后穴那种排山倒海的酥麻真实得可怕。\n{anal}一阵紧过一阵地淫靡收缩，肠液混着热意从穴口滴落，她甚至能感到那羞人的液体正沿着颤抖的腿间蜿蜒而下。\n为什么被抓到这种地方，为什么要被素昧平生的男人玩弄到屁股绝顶，她的心在屈辱中哀鸣，可身体却贪婪地痉挛着回味那股快感。\n这种矛盾令她濒临崩溃，泪珠大颗大颗地砸落，牙关咬得死紧，却止不住喉间泄出的甜腻呜咽。
2207,action_part_a_orgasm_normal_C,0,t_imprisonment_1&CVP_A2_G_GE_1&CVP_A2_G_LE_2,被监禁于孤零囚室中的{TargetName}，在{anal}深处骤然涌起一阵滚烫酥麻的痉挛，猝不及防地攀上了绝顶。\n明明厌恶着这份被迫的囚禁，身体却诚实地随着快感弓起腰肢，四肢止不住地颤抖发软。\n{anal}一圈一圈收缩着，黏稠温热的肠液顺着穴口缓缓溢出，那种被彻底占据又骤然释放的酥麻感让她的思绪变得朦胧恍惚。\n对着这个自己隐约倾心却又将自己囚禁于此的人，她心口泛起又酸又涩的委屈，泪水混杂着高潮的余韵悄悄滑落。\n喉间溢出破碎压抑的喘息，她说不清是耻辱多一些还是那份说不出口的悸动多一些，只觉得浑身瘫软再无半分抵抗之力。
2208,action_part_a_orgasm_normal_C,0,t_imprisonment_1&CVP_A2_G_GE_1&CVP_A2_G_LE_2,被囚禁在这方寸牢笼里的{TargetName}，只觉得{anal}深处猛地一紧，一波灼热的酥麻感猝然席卷全身，将她直接推上了绝顶。\n明明已经清楚意识到自己心悦着眼前之人，此刻却要以这般屈辱的方式承欢，心口又酸又涩，眼眶瞬间就红了。\n{anal}一阵阵不受控地收缩痉挛，温热黏腻的肠液顺着穴壁缓缓淌出，那种被填满又骤然释放的快意几乎让她意识发懵。\n她死死咬住下唇，想压下那些即将脱口而出的呻吟，却压不住身体深处翻涌而上的层层快感，腰肢一次次不自觉地弓起又瘫软。\n泪水混着满足悄悄滑落，她说不清这份绝顶究竟是被迫的耻辱还是藏在心底、不敢宣之于口的欢喜，只余下一片朦胧的酥软空白。
2209,action_part_a_orgasm_normal_C,0,t_imprisonment_1&CVP_A2_G_GE_1&CVP_A2_G_LE_2,锁在囚室中的{TargetName}猛地绷紧了腰肢，{anal}深处传来一阵灼热酥麻的收缩，毫无预兆地将她卷入了绝顶的浪潮。\n对着这个囚禁自己却也是自己隐约在意的人，她心底涌起复杂难言的酸涩，既想推拒又忍不住渴望更多的靠近。\n{anal}一波接一波地痉挛着，稀薄的肠液顺着穴口缓缓渗出，那份被彻底攻陷的酥麻感让她四肢发软，几乎失去支撑的力气。\n意识开始变得朦胧模糊，她说不清此刻涌上心头的究竟是屈辱的泪意还是隐秘的甜蜜，只觉得脑海里一片酥软空白。\n压抑的喘息从齿缝间断断续续地泄出，泪水与快感的余韵一同滑落脸颊，让她在这场绝顶里彻底失了分寸。
2210,action_part_a_orgasm_normal_C,0,t_imprisonment_1&CVP_A2_G_GE_1&CVP_A2_G_LE_2,{TargetName}被困于这方囚室之中，{anal}深处骤然涌起一阵酥麻炽热的痉挛，猝不及防地被推向了完整的绝顶巅峰。\n明明对眼前之人怀着说不清道不明的爱慕，此刻却要以这样被迫的姿态承受快感，心里五味杂陈，又羞又涩。\n{anal}一圈圈收紧又松开，温热的肠液顺着穴壁缓缓流出，那种被彻底填满又猛然释放的酥麻感让她浑身战栗不止。\n她死咬着唇瓣不敢放声，泪水却止不住地在眼眶里打转，分不清是委屈的酸楚还是那份深藏心底的悸动更多一些。\n四肢早已瘫软无力，腰肢一次次不受控制地颤抖弓起，整个人都沉浸在这股又羞耻又甜蜜的绝顶余韵里无法自拔。
2211,action_part_a_orgasm_normal_C,0,t_imprisonment_1&CVP_A2_G_GE_1&CVP_A2_G_LE_2,困于囚室的{TargetName}只觉一股滚烫的酥麻猛地从{anal}深处炸开，毫无防备地被卷入了这场正常强度的绝顶高潮。\n她既埋怨着自己被这样囚禁对待，又忍不住因面对的是心悦之人而生出隐秘的期盼，两种情绪在心口纠缠撕扯。\n{anal}断断续续地收缩痉挛着，黏腻的肠液顺着穴口悄然溢出，那份被填满又骤然释放的快意让她意识渐渐模糊发懵。\n压抑的呜咽从喉间溢出，泪水混着满足的余韵滑落脸颊，她说不清此刻的哭泣究竟是因为屈辱还是因为难以言说的欢喜。\n浑身的气力仿佛被抽空，腰肢瘫软地垂落下来，唯有那阵阵袭来的酥麻快感还在她的身体里久久回荡不散。

2212,action_part_a_orgasm_normal_C,0,t_imprisonment_1&CVP_A2_G_GE_3&CVP_A2_G_LE_4,一股汹涌的快感浪潮猛地从{anal}深处炸开，{TargetName}的腰肢骤然绷紧，整个身体都被那股席卷而来的绝顶快感淹没了。\n{anal}强烈而有节奏地痉挛收缩着，酥麻的电流一波接一波地冲上脊背，令她的意识开始变得朦胧模糊，脑海里只剩下甜美的眩晕。\n她能清晰地感觉到{anal}深处有温热的肠液不受控制地渗出来，那种羞耻的知觉反而让快感更加浓烈。\n即使被囚在这里，她的心里也没有半分怨怼，反而因为这份绝顶是爱人亲手赐予的而涌起深深的幸福，甘愿把后穴的高潮也全部奉献给心爱的人，沉醉在被恋人彻底占有的满足之中，任由淫靡的余韵在体内久久荡漾。
2213,action_part_a_orgasm_normal_C,0,t_imprisonment_1&CVP_A2_G_GE_3&CVP_A2_G_LE_4,{anal}深处骤然掀起一阵剧烈的痉挛，完整而猛烈的绝顶快感如潮水般轰然漫过{TargetName}的全身。\n她的小腹反复抽搐着，四肢不由自主地颤抖，呼吸急促得乱了节奏，意识仿佛被泡进了温热的蜜糖里，渐渐变得迷离恍惚。\n{anal}一下一下地绞缩着，温热的肠液顺着穴口悄悄淌出，那种下流的湿热感令她羞得脸颊滚烫，却又控制不住地沉溺其中。\n被锁在这方小小天地里的她，心底涌起的却是甜蜜的沉醉，能让爱人看到自己用屁穴绝顶的淫荡模样，反而成了恋人之间最私密的情趣，她幸福地承受着这份完整的高潮，觉得只要身边有他，被囚禁也是一种被深爱的证明。
2214,action_part_a_orgasm_normal_C,0,t_imprisonment_1&CVP_A2_G_GE_3&CVP_A2_G_LE_4,绝顶的热浪毫无预兆地从{anal}最深处喷涌而出，{TargetName}的背脊猛地弓起，浑身的肌肉都绷紧又颤抖着，被正常而完整的高潮快感彻底吞没。\n{anal}剧烈地收缩痉挛着，一阵阵酥麻直冲天灵盖，她的脑子渐渐蒙上了一层甜腻的雾，什么都想不清楚了，只能任由后穴的愉悦在体内横冲直撞。\n温热的肠液从痉挛的穴口渗漏出来，淫靡的触感令她既羞耻又迷乱。\n可她的内心深处却满是安心与依恋，这具身体早已连同这间牢笼一起交给了最爱的人，用屁眼高潮的淫乱姿态也只会展现给他一个人看，这样的念头让她在快感的浪潮里泛起幸福的涟漪，甘之如饴地沉沦在爱人给予的绝顶里。
2215,action_part_a_orgasm_normal_C,0,t_imprisonment_1&CVP_A2_G_GE_3&CVP_A2_G_LE_4,一记完整而强烈的绝顶从{anal}深处轰然引爆，{TargetName}的腰肢难以自抑地扭动弓起，双腿绷得笔直又痉挛般地颤抖着。\n{anal}有节奏地猛烈绞缩，滚烫的快感一层层漫过小腹与胸口，令她的意识开始漂浮模糊，眼前泛起甜美的白光，整个人都沉进了后穴高潮的漩涡里。\n她羞耻地察觉到肠液正从收缩的穴口滴淌下来，那种淫猥的湿意反倒把她推向更深的迷乱。\n即便身处囚笼，她的心却前所未有地踏实，因为给予她这份快乐的是她认定的爱人，她愿意在这里被他调教成用屁穴也能绝顶的淫荡身体，把这当作两人之间信任的证明，幸福地喘息着回味那份被爱意包裹的绝顶余韵。
2216,action_part_a_orgasm_normal_C,0,t_imprisonment_1&CVP_A2_G_GE_3&CVP_A2_G_LE_4,{anal}深处蓄积已久的快感终于决堤，一场货真价实的绝顶高潮席卷了{TargetName}的每一寸肌肤。\n她的四肢猛地绷紧又瘫软下来，小腹一阵阵地抽动，{anal}不受控制地反复痉挛收缩着，甜蜜的酥麻从尾椎一路窜上后脑，令她的思绪渐渐涣散，只剩下朦胧的愉悦在脑海里打转。\n温热滑腻的肠液从穴口溢出，下流的感触令她羞得几乎要哭出来，身体却诚实地渴求着更多。\n在这与世隔绝的囚笼中，她的心里满溢的却是对爱人的浓浓爱恋，能被他独占、被他开发出后穴绝顶的快乐，对她而言就是最甜蜜的幸福，她一边细细颤抖着一边幸福地沉醉，觉得为了爱人变得再淫荡也心甘情愿。

2217,action_part_a_orgasm_normal_C,0,t_imprisonment_1&CVP_A2_G_GE_-2&CVP_A2_G_LE_-1,被单独监禁在牢笼里的{TargetName}早已对自己的处境彻底认命，将沦为上司所有物的现实默默接受。\n此刻{anal}深处毫无预兆地骤然痉挛，滚烫酥麻的快感如汹涌浪潮般层层袭来，瞬间将她推上了绝顶的顶峰。\n意识开始变得模糊迷离，尽管仍强迫自己维持屈从的沉默，喉间却不由自主地溢出压抑的呜咽。\n她能清晰感觉到肠液正顺着{anal}缓缓涌出，滚烫又羞耻的触感让脸颊涨得绯红，明明是被迫承受的高潮，身体却诚实得近乎残忍，一波接一波的酥麻反复冲刷着她仅存的自尊，将她彻底淹没在这场无从抗拒的极乐深渊之中。
2218,action_part_a_orgasm_normal_C,0,t_imprisonment_1&CVP_A2_G_GE_-2&CVP_A2_G_LE_-1,早已被驯服成温顺所有物的{TargetName}，面对监禁牢笼中的一切命令都不敢再有半分违抗。\n此刻{anal}却毫无征兆地猛然收缩痉挛，滚烫的快感如决堤洪流般瞬间贯穿全身，将她狠狠推向了绝顶的浪尖。\n她死死咬住下唇不让自己叫出声，可胸腔里翻涌的酥麻早已冲垮了那点可怜的矜持，呻吟仍从齿缝间断断续续地泄漏出来。\n温热黏腻的肠液顺着{anal}汩汩流出，濡湿的触感让她又羞又恼，明明内心还残留着最后一丝抗拒，身体却早已彻底沦陷，在这场无法逃脱的高潮里被快感反复搓揉，直至意识一片朦胧恍惚。
2219,action_part_a_orgasm_normal_C,0,t_imprisonment_1&CVP_A2_G_GE_-2&CVP_A2_G_LE_-1,被囚禁在狭小牢房中的{TargetName}早已放弃挣扎，把驯服后的自己视为博士予取予求的玩物。\n然而{anal}深处骤然涌起的剧烈快感却毫无征兆，一浪高过一浪地将她卷入了完整而炽热的绝顶漩涡。\n她木然地承受着这一切，麻痹的神经却在此刻骤然苏醒，压抑的鼻音从紧咬的牙关间断续泄出，怎么也止不住。\n滚烫的肠液沿着{anal}缓缓溢出，那份湿黏又羞耻的触感让她耳根发烫，明明想装出无动于衷的模样，身体却诚实地痉挛颤抖不止，将她一步步拖入意识渐渐模糊却又无比满足的极乐深渊。
2220,action_part_a_orgasm_normal_C,0,t_imprisonment_1&CVP_A2_G_GE_-2&CVP_A2_G_LE_-1,沦为隶属所有物的{TargetName}早已学会逆来顺受，纵使被囚困在冰冷的牢笼里也不敢有丝毫忤逆。\n可当{anal}猛地涌起一阵密集而炽烈的酥麻时，她再也无法维持先前的麻木冷漠，整个人瞬间被拖入了滚烫的绝顶浪潮。\n她努力绷紧身体想要压下呻吟，喉咙深处却仍溢出细碎而黏腻的鼻音，泄露出被驯服者难以掩藏的真实反应。\n黏稠滚烫的肠液顺着{anal}缓缓渗出，湿热的羞耻感让她的思绪愈发混乱模糊，明明是被迫承受的高潮，快感却如潮水般一层层将她仅剩的理智彻底吞没，久久无法平息。
2221,action_part_a_orgasm_normal_C,0,t_imprisonment_1&CVP_A2_G_GE_-2&CVP_A2_G_LE_-1,被关押在单人牢房里的{TargetName}早已彻底认命，把自己当作上司可以随意驱使的驯服玩物。\n没有丝毫征兆地，{anal}猛然痉挛收紧，浓烈滚烫的快感如巨浪般层层叠加，将她狠狠推上了正常而完整的绝顶顶点。\n她死死咬紧牙关想要维持惯常的麻木，胸口却止不住地剧烈起伏，隐忍的呻吟仍从鼻腔里断断续续地溢出。\n温热的肠液顺着{anal}悄然流淌而下，湿滑黏腻的触感让她又羞又乱，明明内心深处仍残留着一丝不甘，身体却早已诚实地沉沦其中，在这场无从挣脱的高潮里被酥麻感反复裹挟，意识渐渐坠入朦胧而满足的深渊。

2222,action_part_a_orgasm_normal_C,0,CVP_A2_T|105_E_1&high_1,一股汹涌的快感猛地从{anal}深处炸开，如同海浪般席卷了{TargetName}的全身，令她的腰肢猛然弓起，整个成熟的身体都剧烈地痉挛起来。\n{anal}强烈而有节奏地收缩着，那种从后穴深处涌上来的淫靡快感令她的意识开始变得朦胧，脑子里泛起一片甜美的空白。\n{TargetName}本想维持住大姐姐该有的从容，可那阵绝顶的浪潮根本不容她抵抗，双腿失控地绷紧颤抖，小腹一阵阵抽搐着。\n她隐约感觉到有温热的肠液正从{anal}里淌出来，那种羞耻感令她的脸颊烧得通红，成熟的身体和青涩慌乱的表情形成了鲜明的对比，只能沉沦在这波用后穴迎来的完整高潮里，久久无法回神。
2223,action_part_a_orgasm_normal_C,0,CVP_A2_T|105_E_1&high_1,{anal}深处骤然涌起一股无法抗拒的绝顶快感，{TargetName}的呼吸瞬间乱了节奏，丰腴的腰身不受控制地深深弓起，全身的肌肉都跟着绷紧痉挛。\n那种由后穴带来的淫猥愉悦一波接一波地冲刷着她的理智，意识渐渐被泡得模糊，只剩下{anal}一下一下强烈收缩的鲜明感觉。\n她努力装出自己经历过这种事的样子，可身体的剧烈颤抖早已出卖了她的青涩，指尖无助地攥紧，眼角泛起了生理性的泪光。\n感觉到肠液顺着{anal}的痉挛缓缓渗出时，一股难以启齿的羞耻和深深的满足在她心底交织翻涌，令这位大姐姐既想遮掩又忍不住沉醉，整颗心都被后穴高潮的甜美彻底淹没了。
2224,action_part_a_orgasm_normal_C,0,CVP_A2_T|105_E_1&high_1,一阵灼热的绝顶浪潮从{anal}最深处轰然扩散开来，{TargetName}的娇躯猛地一挺，四肢瞬间绷得笔直，随即又失控地颤栗起来。\n{anal}正淫乱地反复痉挛收缩着，每一次收紧都把新的快感狠狠碾进她的脑髓里，令她的思绪开始发飘，眼前泛起一层甜腻的白雾。\n用屁股高潮了……这个认知令她羞得几乎要哭出来，可成熟身体里泛滥的愉悦却诚实得可怕，小腹一抽一抽地痉挛着，腿根都软得使不上力。\n温热的肠液不受控制地从{anal}里溢出来，那种下流的湿润感令{TargetName}的内心一片混乱，羞耻与快美搅在一起，让她只能咬着唇沉浸在这场完整而剧烈的后穴绝顶中，连装作镇定的余裕都没有了。
2225,action_part_a_orgasm_normal_C,0,CVP_A2_T|105_E_1&high_1,绝顶的快感如决堤的洪水般从{anal}深处倾泻而出，{TargetName}的腰肢剧烈地弓起又落下，成熟的身体像触电般不停抽搐着。\n她清晰地感觉到{anal}正在贪婪地痉挛蠕动，那种后穴独有的酸麻酥爽直冲天灵盖，令她的意识一点点涣散，脑海里只剩下铺天盖地的快感和一片迷蒙的甜。\n明明想表现得像个熟练的大人，可这具身体对肛门绝顶的反应却青涩得一塌糊涂，喉咙里溢出压不住的甜腻鼻音，指尖徒劳地蜷缩着。\n当察觉到肠液正随着{anal}的收缩一点点流淌出来时，强烈的羞耻感令她浑身发烫，可心底涌上的却是深深的餍足，这位外表可靠的大姐姐已经彻底被后穴的高潮融化了。
2226,action_part_a_orgasm_normal_C,0,CVP_A2_T|105_E_1&high_1,{anal}深处猛然绽开一朵快感的烈焰，转瞬便烧遍了{TargetName}的四肢百骸，她的背脊狠狠绷成一张弓，丰满的身体抑制不住地痉挛颤动。\n{anal}一阵紧似一阵地强烈收缩着，那种从最羞耻的地方涌出的绝顶快美令她的理智泡进了蜜糖里，意识变得黏稠而恍惚。\n她曾以为自己多少有些经验能够承受，可真正被后穴的高潮吞没时，那份故作成熟的伪装碎得干干净净，只剩下小腹的反复抽搐和止不住的娇颤。\n滚烫的肠液从{anal}中悄悄淌下的感觉令她又羞又乱，心脏怦怦狂跳着，被快感淹没的内心里翻涌着难堪与沉醉，令这位介于成熟与青涩之间的大姐姐在博士面前彻底失了态，深深地陷在绝顶的余韵中。

2227,action_part_a_orgasm_normal_C,0,t_imprisonment_1&CVP_A2_G_GE_-4&CVP_A2_G_LE_-3,一阵灼热的快感骤然从{anal}深处炸开，沦为主人宠物的{TargetName}浑身猛地一颤，那股强烈而完整的绝顶如潮水般席卷全身，让她的意识瞬间开始朦胧起来。\n{anal}一下一下用力地痉挛收缩着，肠液顺着穴口缓缓溢出，那种羞耻的湿热感却令她心底涌起的不是抗拒，而是身为主人玩物的狂喜与满足。\n她仰着脸，睫毛剧烈地颤动着，双手不自觉地攥紧，腰肢无法自控地扭动弓起，心里只剩下能被主人宠幸的庆幸与喜悦。\n沦为奴隶的心早已彻底臣服，此刻这份绝顶更像是主人赐予的恩宠，令她在迷乱中涌起深深的感激与眷恋。\n绝顶的余韵一波波荡漾着，{TargetName}沉醉在这份专属于宠物的幸福里，久久无法回神。
2228,action_part_a_orgasm_normal_C,0,t_imprisonment_1&CVP_A2_G_GE_-4&CVP_A2_G_LE_-3,{anal}猝不及防地剧烈收缩起来，一股完整而强烈的快感瞬间冲垮了{TargetName}的思绪，甘愿沦为性奴隶的她只觉得浑身酥软，脑子里一片甜蜜的空白。\n那股绝顶的酥麻从深处不断向外扩散，肠液随着{anal}的痉挛一点点渗出，混杂着羞耻与陶醉的奇异快意，她却毫无抵触，反而在心底涌起被彻底占有的狂喜。\n腰肢不由自主地弓起又瘫软，喉间溢出压抑不住的满足呜咽，眼神涣散却透着对主人深深的崇拜与依恋。\n身为主人专属的宠物，能迎来这般酣畅的绝顶，令她心中充满了近乎虔诚的感激，仿佛被囚禁的日子从未如此幸福过。\n那阵完整的高潮渐渐平息，{TargetName}却仍沉浸在这份甜腻的余韵里，久久舍不得抽离。
2229,action_part_a_orgasm_normal_C,0,t_imprisonment_1&CVP_A2_G_GE_-4&CVP_A2_G_LE_-3,一股炽热而汹涌的快感猛地从{anal}深处涌起，令早已心甘情愿成为主人奴隶的{TargetName}猛然仰起脖颈，那种完整而强烈的绝顶瞬间席卷了她的全身，意识开始变得朦胧恍惚。\n{anal}一阵接一阵地用力痉挛着，温热的肠液顺着穴壁缓缓流淌而出，那份湿滑的羞耻感反而化作了令她更沉醉的养分。\n她的双手无意识地蜷缩起来，纤细的腰肢剧烈地扭动弓起，唇畔溢出压抑不住的满足喘息。\n心底对主人近乎狂热的崇拜与依恋在绝顶中愈发浓烈，能作为专属肉便器为主人所用，此刻的她只觉得无比幸福，甚至暗暗盼望这份宠幸能永远持续下去。\n绝顶的余波一阵阵荡漾着，{TargetName}沉溺在这份专属于奴隶的甜蜜眩晕之中，久久无法平静。
2230,action_part_a_orgasm_normal_C,0,t_imprisonment_1&CVP_A2_G_GE_-4&CVP_A2_G_LE_-3,{TargetName}的{anal}骤然绷紧痉挛起来，一股完整而浓烈的快感如潮水般涌遍全身，早已彻底臣服于主人的她瞬间被这股绝顶冲得意识发软，脑海里只剩下一片朦胧的甜蜜。\n那阵强烈的收缩一波接着一波，肠液随着{anal}的颤动缓缓溢出，湿润的触感混杂着难以言喻的羞耻与快意，令她心底涌起被彻底豢养的狂喜。\n腰肢不受控制地反复弓起又跌落，指尖无力地蜷缩着，喉间不断溢出满足而黏腻的呻吟余韵。\n身为主人专属的宠物，此刻迎来这样完整的绝顶，令她满心都是感激与依恋，仿佛唯有如此才能证明自己的价值。\n高潮的余韵久久不散，{TargetName}微微喘息着，沉浸在这份专属于奴隶的幸福眩晕里迟迟不愿抽离。
2231,action_part_a_orgasm_normal_C,0,t_imprisonment_1&CVP_A2_G_GE_-4&CVP_A2_G_LE_-3,一记强烈而完整的快感骤然自{anal}深处炸裂开来，令甘愿沦为主人玩物的{TargetName}浑身剧烈一颤，那股汹涌的绝顶瞬间冲刷过全身，意识也随之变得模糊起来。\n{anal}密集地收缩痉挛着，粘稠的肠液顺着穴口缓缓渗出，那份湿热的羞耻感却令她心底泛起近乎虔诚的满足，仿佛这才是奴隶应有的归宿。\n她的腰肢无力地弓起又颤抖着塌下，双手紧紧攥着，唇边溢出破碎而餍足的喘息声。\n对主人的崇拜与眷恋在绝顶的余韵中愈发深重，能被这样彻底地对待与占有，令她感到无比荣幸，甚至暗自祈盼这份宠爱永不终止。\n那阵完整的绝顶渐渐远去，{TargetName}仍沉浸在专属于宠物的甜腻酥麻里，久久回不过神来。
2232,action_part_a_orgasm_normal_C,0,t_unconscious_flag_1&target_not_sleep_h_awake_but_pretend_sleep,{TargetName}仍深陷在沉沉的睡意里，浑然不知自己的{anal}早已被翻涌的快感占据。\n意识蒙着一层朦胧的雾气，尚未从梦境中挣脱，却先一步被酥麻的绝顶感席卷了全身，四肢也跟着微微发软。\n{anal}深处泛起一阵接一阵完整而剧烈的痉挛收缩，腰肢在无意识中微微弓起又瘫软跌落，像是本能地追逐着那股快意。\n喉咙深处溢出细碎黏腻的呻吟，含糊得如同梦呓，连她自己都未曾察觉这份甜蜜的失态。\n温热的肠液随着痉挛悄悄渗出，濡湿的触感让沉睡中的她下意识地蜷起脚趾，可意识始终未能真正苏醒，只能任由这场绝顶将自己彻底淹没。
2233,action_part_a_orgasm_normal_C,0,t_unconscious_flag_1&target_not_sleep_h_awake_but_pretend_sleep,睡梦深处的{TargetName}丝毫没有察觉，一股完整而强烈的快感已在{anal}里悄然炸开。\n熟睡的躯体比清醒时更加诚实，腰部本能地小幅耸动起来，像是在回应某种无法言说的酥痒与酸胀。\n{anal}一圈圈收紧又松开，剧烈的痉挛感顺着脊椎窜向四肢百骸，让她蜷缩的手指也跟着微微痉挛不止。\n鼻腔里逸出压抑而黏腻的哼声，断断续续，混杂在均匀绵长的呼吸声之间，显得格外淫靡。\n稀薄的肠液悄悄浸润出来，带来一阵羞耻般的湿热，而她始终沉浸在梦境深处，未曾有分毫苏醒的迹象。
2234,action_part_a_orgasm_normal_C,0,t_unconscious_flag_1&target_not_sleep_h_awake_but_pretend_sleep,梦境与现实的界限在{TargetName}的意识里逐渐模糊，一场完整的绝顶正从{anal}深处蔓延开来。\n她浑然不觉，只有沉睡的身体本能地承受着这股汹涌的快感，四肢在无意识间轻轻扭动挣扎。\n{anal}持续不断地痉挛收缩，一波接一波，强度远超先前的微弱颤动，逼得她眉头微蹙又缓缓舒展。\n睡颜上浮现出淡淡的潮红，唇齿间溢出细碎而含混的喘息，像是坠入了更深更甜的梦魇。\n温热黏腻的肠液顺着痉挛的节奏悄然溢出，濡湿了穴口一片，而她依旧沉睡未醒，全然不知自己正经历怎样淫荡的绝顶。
2235,action_part_a_orgasm_normal_C,0,t_unconscious_flag_1&target_not_sleep_h_awake_but_pretend_sleep,沉睡的{TargetName}对外界毫无知觉，然而{anal}深处却正被一场完整的绝顶快感彻底占据。\n她的手指在无意识中缓缓蜷紧，又缓缓松开，仿佛想要抓住什么甜蜜的东西却又无处着力。\n{anal}一阵阵收缩绞紧，剧烈而清晰的快感顺着神经蔓延至每一寸肌肤，让她呼吸骤然变得急促而紊乱。\n喉间溢出短促而黏腻的鼻音，一声接一声，却始终未能将她从沉沉的睡梦里唤醒过来。\n肠液伴随着痉挛缓缓涌出，濡湿而滚烫，仿佛在替毫无知觉的她诉说着此刻身体深处翻涌的羞耻与满足。
2236,action_part_a_orgasm_normal_C,0,t_unconscious_flag_1&target_not_sleep_h_awake_but_pretend_sleep,{TargetName}依旧沉浸在深沉的睡眠之中，全然不知一场完整而剧烈的绝顶正悄悄降临在{anal}深处。\n熟睡中的躯体比任何时候都更加坦诚，腰肢无意识地微微耸起，又颤颤巍巍地垮塌下去。\n{anal}深处的痉挛一浪高过一浪，绞紧又舒张，把浓稠的快感一层层地推向她昏沉的意识边缘。\n她的睫毛轻轻颤动，唇边逸出压抑而破碎的呜咽，含混不清，仿佛只是睡梦中的一声叹息。\n温热的肠液随之缓缓流出，湿黏地沾染开来，而她的意识始终未曾真正浮出水面，只是任凭这场绝顶将自己层层包裹。
2237,action_part_a_orgasm_normal_C,0,t_unconscious_flag_1&target_sleep_h_awake_but_pretend_sleep,一股完整的绝顶浪潮从{TargetName}的下腹深处轰然炸开，快感如潮水般席卷全身，她死死闭着眼睛维持着装睡的假象，可{anal}却不受控制地剧烈痉挛收缩，一波接一波地咬紧绞动。\n意识开始变得模糊发白，甜美的酥麻从尾椎一路窜上脊背，她拼命咬住下唇不让呻吟溢出，却挡不住喉咙里泄露的细微鼻音。\n温热的肠液顺着{anal}缓缓渗出，那股湿滑的羞耻感让装睡的她心里又羞又乱，只能靠急促而刻意放缓的呼吸勉强掩饰这场无声的高潮。
2238,action_part_a_orgasm_normal_C,0,t_unconscious_flag_1&target_sleep_h_awake_but_pretend_sleep,绝顶在这一瞬间彻底降临，{TargetName}明明早已清醒，却硬撑着不睁眼，只任由那股强烈的愉悦淹没了整个身体。\n{anal}规律而猛烈地一缩一放，深处的快感层层叠叠地翻涌上来，逼得她的腰肢忍不住微微弓起又强行压回，脚趾在暗中蜷成一团。\n脑海里一片被快感冲刷的甜蜜空白，她能清楚感觉到{anal}正汩汩淌出黏腻的肠液，湿意让她羞得几乎想蜷缩起来，可为了不被识破只得绷紧身体，把满溢的迷乱死死锁在装睡的沉默里。
2239,action_part_a_orgasm_normal_C,0,t_unconscious_flag_1&target_sleep_h_awake_but_pretend_sleep,完整的高潮如海啸般把{TargetName}整个人吞没，她假装熟睡的脸微微泛红，睫毛却在剧烈的快感下不停颤抖，几乎要暴露她清醒的事实。\n{anal}深处传来一阵阵酥麻的抽搐，肌肉自发地绞紧痉挛，那种被填满又被快感反复冲刷的滋味让她意识渐渐涣散。\n她只觉得下体一片滚烫湿润，{anal}不断溢出的肠液蹭得皮肤又滑又痒，浓重的羞耻和沉醉交织在一起，她只能靠着刻意平稳的呼吸，把这场偷偷发生的绝顶掩藏在装睡的伪装之下。
2240,action_part_a_orgasm_normal_C,0,t_unconscious_flag_1&target_sleep_h_awake_but_pretend_sleep,快感终于攀上顶峰，{TargetName}在装睡中迎来了一次完整而剧烈的绝顶，全身像被电流贯穿般绷紧又酥软。\n她的{anal}强烈地痉挛着，一下下有节奏地收缩，把翻涌的愉悦一波波送往四肢百骸，小腹随之反复抽搐，腰肢暗暗打颤。\n明明早已醒来，她却倔强地不肯睁眼，只沉浸在这灭顶的甜美里，感觉{anal}正一点点渗出温热的肠液，滑腻的触感让她心跳失序，羞耻得几乎无地自容，却仍咬牙维持着那副熟睡的模样。
2241,action_part_a_orgasm_normal_C,0,t_unconscious_flag_1&target_sleep_h_awake_but_pretend_sleep,绝顶的浪潮完整地冲刷过{TargetName}的身体，她清楚地感知着这一切，却选择继续闭眼装睡，默许这份快感将自己彻底淹没。\n{anal}深处剧烈而有节奏地绞缩起来，一阵阵酥麻从下腹扩散到全身，意识在浓烈的愉悦中变得朦胧恍惚，只剩下被快感支配的甜蜜。\n她能感到{anal}不受控地淌出黏滑的肠液，那湿热的痕迹让装睡的她又羞又慌，指尖悄悄攥紧，用尽力气压下几乎要脱口的呻吟，把满心的迷乱深埋在平缓的呼吸之下。

2242,action_part_a_orgasm_normal_C,0,t_unconscious_flag_2,浓烈的酒气还未散尽，{TargetName}朦胧的意识便被骤然涌起的快感彻底击溃。\n{anal}猛烈地痉挛收缩起来，一波灼热的酥麻从深处直冲后腰，令她整个人不受控制地绷紧又瘫软下去。\n酒精搅乱的脑子里只剩下一片黏糊糊的空白，她甚至分不清此刻的战栗究竟源自醉意还是快感，只能任由那股滚烫的浪潮把自己彻底淹没。\n{anal}深处涌出的黏腻感清晰得让人无法忽视，那种羞耻的湿热混着醺然的眩晕，让她滚烫的脸颊愈发红透。\n腰肢无力地塌陷，双手也软软地攥不住任何东西，绝顶的余韵伴着醉意一圈圈荡漾开来，令{TargetName}沉浸在满足与迷乱交织的恍惚中，久久回不了神。
2243,action_part_a_orgasm_normal_C,0,t_unconscious_flag_2,醉意早已模糊了{TargetName}的视线，她连自己是何时开始难耐地扭动腰肢都毫无知觉。\n{anal}骤然绞紧，饱满的快感如潮水般轰然涌上，将她仅存的一点清醒彻底冲散。\n她想要挣扎着推拒些什么，四肢却软绵绵地不听使唤，身体反倒诚实地随着那阵酥麻一次次收缩迎合。\n{anal}里溢出的肠液温热黏稠，那种羞耻的湿润感让她在恍惚间又羞又乱，喉咙里溢出破碎不成调的鼻音。\n绝顶的余波裹着挥之不去的酒意在四肢百骸里荡漾，{TargetName}整个人瘫软下来，脑海中一片酥软空白，只余下绵长而甜腻的餍足感久久不散。
2244,action_part_a_orgasm_normal_C,0,t_unconscious_flag_2,几杯下肚的酒劲还未褪去，{TargetName}的脑袋早已昏昏沉沉，连快感涌来的瞬间都反应得慢了半拍。\n{anal}猛地收紧又松开，一阵酥麻自深处炸开，顺着脊背一路窜上后颈，令她浑身止不住地战栗痉挛。\n意识飘飘忽忽地涣散着，她说不清自己是被酒精灌醉还是被快感灌醉，只觉得脑中一片朦胧的甜腻，什么念头都抓不牢。\n{anal}深处黏滑的肠液似有若无地淌出，那点微凉的湿意混着酒后的燥热，让她迷迷糊糊地弓起腰肢，本能地摆动着讨要更多。\n高潮的余韵和着醉意一同弥漫全身，{TargetName}软软地瘫在原地，唇边逸出满足的喘息，恍惚间只剩下浓稠而餍足的空白盘踞心头。
2245,action_part_a_orgasm_normal_C,0,t_unconscious_flag_2,酒精带来的眩晕还未完全褪去，{TargetName}半阖着眼，任由那阵猝不及防的快感将她卷入更深的迷乱。\n{anal}一下下有力地绞缩着，滚烫的酥痒自深处层层叠叠地涌出，逼得她纤细的腰肢不由自主地颤抖弓起。\n她的脑海里只剩下模糊不清的晕眩感，醉意与快感彼此纠缠，让她连呻吟都变得含混黏腻，根本理不清自己身在何处。\n{anal}里涌动的肠液温热地淌出一些，那种湿漉漉的羞耻感透过迷醉的酒意反而显得愈发鲜明，令她的脸颊烫得发红。\n绝顶过后的酥软余韵久久盘踞在{TargetName}体内，她整个人瘫软下来，意识在醉意里载沉载浮，只剩满满的餍足与说不清的沉溺纠缠不休。
2246,action_part_a_orgasm_normal_C,0,t_unconscious_flag_2,残留的醉意让{TargetName}浑身都软绵绵的，她甚至没能察觉自己已经被推向了绝顶的边缘。\n{anal}骤然剧烈收缩起来，一股灼热的快感猛地贯穿腰际，令她仰起脖颈发出压抑不住的喘息。\n意识早被酒精泡得稀薄，那种朦胧的迷糊感与骤然袭来的快感搅在一起，让她连自己在颤抖都后知后觉。\n{anal}深处渗出的黏腻肠液带着灼热的温度，混杂着醉后的燥热感，让她害臊又茫然地蜷起了脚趾。\n高潮退潮般的余韵混着醉意慢慢弥漫开，{TargetName}整个人像被抽空了力气一般瘫软下去，脑海里只剩一片甜腻朦胧的空白，久久无法回神。

2247,action_part_a_orgasm_normal_C,0,t_unconscious_flag_3,凝滞的时间里，{TargetName}保持着原来的姿势僵住不动，仿佛被抽空了魂魄一般，{anal}深处却毫无征兆地剧烈绞紧收缩起来，那本该让她战栗失神的滔天快感如潮水般涌遍全身，酥麻从尾椎窜上后颈，小腹一下下痉挛抽搐，腰肢在停摆的空气中被顶得微微弓起。\n然而她的意识早已被冻结在时间之外，没有一丝一毫的知觉能捕捉到这场完整而剧烈的绝顶，脑海里没有羞耻，没有沉沦，只剩一片死寂的空白，仿佛这具身体与灵魂彻底断了联系。\n温热黏稠的肠液顺着{anal}汩汩渗出，浸湿了紧绷的股缝，那份本该令她面红耳赤的湿滑触感，终究没能抵达她紧闭的心门，只余下这具无从辩解的躯壳，独自承受着这场无声而完整的高潮。
2248,action_part_a_orgasm_normal_C,0,t_unconscious_flag_3,静止的时光中，{TargetName}如同被定格的人偶般毫无知觉，{anal}却在这份死寂里违背了停滞的法则，一波接一波地强烈痉挛收紧，完整而正常烈度的快感如海浪般层层席卷而来，小腹随之反复抽动，腰肢被顶得明显弓起又微微塌落。\n可她的心智早已被隔绝在这段被抽走的时间之外，感受不到半分酥麻，也品尝不到应有的羞涩与迷醉，唯剩一片空茫，任由那滔天的愉悦白白流淌过毫无反应的身躯。\n{anal}深处涌出的肠液比平常明显更多，黏腻地淌过股间，本该让她羞得无地自容的湿意，却只能无声无息地浸透肌肤，成全了这场她永远无从知晓的绝顶。
2249,action_part_a_orgasm_normal_C,0,t_unconscious_flag_3,{TargetName}的身体被定格在时间停止的那一刻，纹丝不动，可{anal}却毫无预兆地猛烈绞缩起来，一整套完整而剧烈的绝顶反应正悄然降临，酥麻自深处层层涌向四肢百骸，小腹一阵阵急促痉挛，腰身控制不住地弓起绷紧。\n然而这份汹涌的快感终究触不到她紧闭的意识，没有战栗的心跳，没有羞耻的红晕，只有一片被冻结的虚无，仿佛这场绝顶从未发生在她的世界里。\n黏稠的肠液顺着{anal}缓缓渗出，濡湿了紧绷的臀缝，那份本该让她面红耳赤的滚烫触感，终究只是徒劳地淌落在这具毫无回应的躯体上，无声地完成了一场注定无人知晓的高潮。
2250,action_part_a_orgasm_normal_C,0,t_unconscious_flag_3,在被彻底冻结的时间里，{TargetName}维持着原本的姿势僵立不动，{anal}却擅自迎来了一场完整而强烈的绝顶，剧烈的痉挛一阵接一阵地收紧又松开，滚烫的快感如潮水般漫过绷紧的小腹，腰肢被顶得高高弓起，四肢也不自觉地绷直颤动。\n可她全然感受不到这份本该令人沉醉的酥麻，思绪被锁在时间之外，没有半点意识去承接这场高潮该有的震颤与羞涩，只余一片空洞的死寂。\n{anal}深处不断溢出的肠液比先前浓稠许多，顺着大腿根滴落，那份本该滚烫刺激的湿滑，终究只能悄然浸润这具静止的躯壳，替她完成了一场她永远不会记起的绝顶。
2251,action_part_a_orgasm_normal_C,0,t_unconscious_flag_3,时间停滞的瞬间，{TargetName}僵在原地一动也不能动，{anal}却在寂静中猛地痉挛收紧，一次完整而正常烈度的绝顶毫无预警地降临，酥麻的快感如浪潮般层层涌过全身，小腹反复抽搐鼓动，腰肢被顶得明显弓起后又缓缓塌软。\n然而她的心早已被这份停滞封死，捕捉不到半分快感的形状，也品味不到那种应有的迷乱与娇羞，只剩一具悬浮在虚空中的躯体，替她默默承受着这一切。\n{anal}深处渗出的肠液比往常更为汹涌，湿黏地流淌过股间，那份本该让她羞得说不出话的触感，只能无声地浸透肌肤，为这场无人应答的绝顶画下句点。

2252,action_part_a_orgasm_normal_C,0,t_unconscious_flag_4,一股汹涌的快感如潮水般从{anal}深处骤然翻涌而起，将{TargetName}整个人狠狠淹没，可她的神情却依旧平静得出奇，仿佛这只是身体再自然不过的一次反应。\n那股强烈而有节奏的痉挛从{anal}一波一波地荡开，漫过绷紧的小腹，令她的腰肢不由自主地弓了起来，四肢也微微绷直颤抖，可她心里却没有半分羞耻或抗拒，只是理所当然地承受着这一切。\n{anal}强烈地收缩着，一缕温热的肠液顺着涌上的快感悄然溢出，{TargetName}的意识随着这波高潮渐渐变得模糊起来，脑海里蒙上一层甜腻的空白，可她仍平静地觉得这本就是该发生的事。\n她的小腹反复抽搐着，呼吸也不受控地急促紊乱起来，那种完整而剧烈的绝顶愉悦席卷了她的全身，令她的身体一阵阵地颤栗，而她的脸上除了因快感浮起的一抹潮红，竟没有任何多余的情绪波动。\n那阵剧烈的高潮渐渐平息，{TargetName}平静地任由残余的余韵在{anal}深处一下下消散，仿佛刚刚那场汹涌的绝顶只是一次寻常无比的日常，安然地接受了身体带来的一切满足。
2253,action_part_a_orgasm_normal_C,0,t_unconscious_flag_4,一阵完整而浓烈的绝顶快感毫无征兆地自{anal}深处炸开，如海浪般层层席卷了{TargetName}的全身，而她只是平静地睁着眼，理所当然地迎接着这股汹涌的愉悦。\n{anal}猛烈地痉挛收缩着，那种深入骨髓的酥麻从深处一圈圈漫开，令她的腰部明显地弓起，双腿绷紧后又微微颤抖，可她心中毫无波澜，只觉得身体这样反应本就天经地义。\n随着高潮的推进，一股温热的肠液自{anal}缓缓渗出，{TargetName}的意识开始被这浓稠的快感搅得有些恍惚，脑中泛起一片甜软的迷蒙，却依旧没有丝毫惊慌或羞赧。\n她的小腹一下一下地抽搐着，呼吸急促而失序，那种完整正常强度的绝顶将她牢牢包裹，令她的身体不受控地轻轻颤栗，而她的表情始终平静淡然，仿佛承受的只是一件再普通不过的小事。\n汹涌的浪潮渐渐退去，{TargetName}安静地感受着{anal}残留的一阵阵余颤，神色如常地任由那股满足感慢慢消散，平静地接纳了这场高潮带来的一切，仿佛什么特别的事都不曾发生。
2254,action_part_a_orgasm_normal_C,0,t_unconscious_flag_4,快感如决堤般从{anal}深处奔涌而出，一瞬间将{TargetName}彻底淹没，可她的脸上却是一片平静，理所应当地承受着这股完整而剧烈的绝顶。\n{anal}强烈而有节奏地痉挛着，那股酥麻的浪潮一波接一波地漫过她绷紧的小腹和微微弓起的腰肢，令她的四肢无意识地绷直又颤抖，而她心里没有半点羞耻，只当这是身体正常的反应。\n伴着这波高潮，{anal}止不住地收缩，一缕肠液悄然溢了出来，{TargetName}的意识在快感的冲刷下渐渐变得朦胧，脑海里蒙上一层甜腻的雾气，却仍平静地觉得这一切本该如此。\n她的小腹反复地抽搐着，呼吸变得急促而紊乱，那种海浪般席卷全身的绝顶愉悦令她一阵阵地战栗，可她的神情除了淡淡的潮红，依旧波澜不惊，安然地沉浸在这股完整的快感里。\n剧烈的绝顶渐渐平息下去，{TargetName}平静地任由{anal}深处的余韵一点点消散，脸上没有任何情绪的起伏，仿佛刚才那场汹涌的高潮不过是一次寻常至极的经历，安静地接受了身体给予的满足。
2255,action_part_a_orgasm_normal_C,0,t_unconscious_flag_4,一波完整而强烈的绝顶快感骤然从{anal}深处腾起，如潮水般将{TargetName}整个人卷入其中，而她只是理所当然地接受着，脸上没有一丝惊慌。\n{anal}剧烈地收缩痉挛，那股深沉的酥麻感从深处一层层向外扩散，漫过她抽搐的小腹，令腰部明显地弓起，双腿也不由自主地绷紧颤抖，可她的心里平静得像水面一样，只觉得身体如此反应再自然不过。\n随着快感的层层堆叠，一股温热的肠液顺着{anal}缓缓流出，{TargetName}的意识开始变得模糊，脑中泛起甜软的空白，却依然没有半分羞赧或抗拒，只是平静地沉浸其中。\n她的呼吸急促而失序，小腹一下下痉挛着，那种完整典型的绝顶将她的全身包裹在浓烈的愉悦里，令她轻轻地颤栗不止，而她的表情始终淡然平静，仿佛承受的只是一场寻常的身体反应。\n汹涌的快感缓缓退潮，{TargetName}安静地感受着{anal}深处一下下残留的余颤，神色如常地任由那股满足感消散殆尽，平和地接纳了这次高潮，仿佛这本就是稀松平常的日常。
2256,action_part_a_orgasm_normal_C,0,t_unconscious_flag_4,浓烈的快感毫无预兆地自{anal}深处席卷而上，如海浪一般层层拍打着{TargetName}的全身，而她的神情平静淡漠，理所应当地迎接着这场完整的绝顶。\n{anal}猛烈地收缩痉挛，那股酥麻的浪潮从深处一波波荡开，令她的小腹反复抽搐，腰肢明显地弓起后又轻轻颤动，四肢也随之绷紧，可她心中毫无羞耻之意，只当这是极其正常的一件事。\n伴随着高潮的推进，{anal}止不住地一阵阵收缩，一缕肠液悄然溢出，{TargetName}的意识在快感中渐渐迷离，脑海蒙上一片甜腻的朦胧，却仍平静地觉得眼前发生的一切都合乎常理。\n她急促紊乱的呼吸伴着身体的战栗一同起伏，那种海浪般完整而剧烈的绝顶将她深深淹没，令她一阵阵地颤抖，而她的脸上除了泛起的潮红，没有丝毫多余的情绪，安然地承受着这份满足。\n剧烈的浪潮渐渐平息，{TargetName}平静地任由{anal}残余的余韵慢慢消散，脸上不见任何波动，仿佛刚刚那场汹涌的高潮只是一次平常无奇的经历，安静地接受了身体带来的一切愉悦。

2257,action_part_a_orgasm_normal_C,0,t_unconscious_flag_5,一股灼热的痉挛猛地从{anal}深处炸裂开来，{TargetName}的腰肢骤然绷紧，可她的目光依旧空洞地望着前方，仿佛此刻的一切都与自己毫无关系。\n{anal}一波接一波地剧烈收缩着，滚烫的肠液悄然溢出，顺着股缝滑落，而她的神情却出奇平静，好像身边根本没有人存在一般。\n那股排山倒海般的酥麻快感几乎要将她的意识彻底淹没，呼吸变得急促凌乱，脸颊悄悄浮起一层潮红，四肢也不受控制地微微颤抖着。\n{TargetName}的眼神涣散地飘向别处，思绪仿佛停留在某件毫不相干的琐事上，浑然不觉自己的身体正经历着怎样一场剧烈的高潮，{anal}的余颤久久未能平息。
2258,action_part_a_orgasm_normal_C,0,t_unconscious_flag_5,一阵酥麻滚烫的快感骤然从{anal}深处涌了上来，{TargetName}的身体不受控制地轻轻一颤，双唇微微张开却没有发出声音，仿佛周遭的一切都与她无关。\n{anal}剧烈而有节奏地痉挛收缩着，温热的肠液随之缓缓渗出，而她的视线依旧茫然地望着虚空，好似{Name}根本不存在于这个世界。\n那股汹涌的快感如潮水般席卷全身，腰肢忍不住微微弓起，小腹一下下地抽紧，呼吸变得急促而破碎。\n{TargetName}的意识在那阵绝顶中渐渐模糊，神情却依旧带着一丝出神的漠然，好像沉浸在与此刻毫无关联的思绪里，浑然不觉自己正经历着怎样的沦陷。
2259,action_part_a_orgasm_normal_C,0,t_unconscious_flag_5,毫无征兆间，一股炽热的酥麻感猛然从{anal}深处炸开，{TargetName}的腰肢骤然一僵，指尖不自觉地蜷缩起来，可她的目光却依旧空茫地投向前方，恍若身边空无一人。\n{anal}一阵接一阵地剧烈收缩着，滚烫粘稠的肠液顺势涌出，而她的神情却出奇地平静，仿佛完全没有留意到自己身下正发生着怎样激烈的变化。\n那种猛烈而完整的绝顶快感如潮水般层层涌来，令她的呼吸骤然急促紊乱，双腿也跟着微微痉挛颤抖，小腹一阵阵地绷紧又松弛。\n{TargetName}的眼神依旧游离在别处，似乎正专注地想着某件与眼前情形毫不相干的事，{anal}处的余韵仍隐隐震颤着，她却像是彻底无视了刚刚发生的一切。
2260,action_part_a_orgasm_normal_C,0,t_unconscious_flag_5,一股滚烫浓烈的快感毫无征兆地从{anal}深处骤然迸发开来，{TargetName}的身躯猛地绷紧，脚趾也随之蜷曲起来，可她的神情却依旧木然，仿佛什么都没有察觉到。\n{anal}剧烈地一收一缩，滚热的肠液顺着股间缓缓淌落，浸润出一片湿意，而她的双眼依旧涣散地望着虚空，好似{Name}如同空气一般不存在。\n那股完整而强烈的绝顶快感如浪潮般接连涌来，令她的腰肢忍不住轻轻弓起，呼吸变得又急又乱，脸颊也悄悄染上了绯红。\n{TargetName}的思绪仿佛沉浸在与此刻毫无关联的琐事里，浑然不觉自己身体正沉溺于怎样的欢愉，{anal}处仍残留着细微的痉挛余韵。
2261,action_part_a_orgasm_normal_C,0,t_unconscious_flag_5,一道灼热而汹涌的酥麻感毫无预兆地自{anal}深处猛然炸裂，{TargetName}的身子骤然一颤，手指下意识地蜷紧，可她的目光依旧空洞而茫然，仿佛此刻根本无人存在于身旁。\n{anal}一波接着一波地剧烈痉挛收缩，滚烫黏腻的肠液缓缓渗出，顺着腿根悄然滑落，而她的神情却依旧维持着诡异的漠然，好像完全没有意识到自己身下正翻涌着怎样的浪潮。\n那股席卷全身的绝顶快感如巨浪般接连拍打过来，令她的腰肢不由自主地轻轻弓起，呼吸变得急促而凌乱，四肢也跟着细细颤抖。\n{TargetName}的眼神依旧飘忽地望向别处，仿佛正沉浸在某件与眼前情形全然无关的思绪当中，{anal}周围的余震仍隐隐荡漾着，她却像是彻底遗忘了刚刚经历的一切。

2262,action_part_a_orgasm_normal_C,0,t_unconscious_flag_6&t_hypnosis_blockhead,一股滚烫的快感毫无预警地从{anal}深处轰然炸开，将{TargetName}清醒的意识狠狠掀翻，可那具被操控的身体却依旧一动不动，仿佛只是一尊没有生命的木偶。\n{anal}不受控制地剧烈痉挛收缩，一波波酥麻从深处涌出，漫过绷紧的小腹，她清楚感受到腰肢想要弓起的冲动，却连一根手指都无法挪动，那种困在自己身体里的无力感令她心底战栗。\n温热的肠液悄然自{anal}溢出，{TargetName}的心思依旧清醒，脑海里翻涌着羞耻与惊惶，快感席卷全身，她却只能眼睁睁看着毫无反应的躯壳，连呻吟都被锁在喉咙深处。\n浪潮渐渐退去，{TargetName}的身体依旧僵直如初，唯有{anal}深处残留的余颤提醒着她那场无法宣泄的绝顶，心里满是说不出口的屈辱与茫然。
2263,action_part_a_orgasm_normal_C,0,t_unconscious_flag_6&t_hypnosis_blockhead,一阵完整的绝顶快感猝不及防地自{anal}深处涌起，{TargetName}的思绪瞬间被愉悦掀得七零八落，可她的四肢却僵硬如同木头，动弹不得，只能任凭躯壳保持原本的姿势。\n{anal}一下下强烈地痉挛收缩，酥麻浪潮层层漫过绷直的小腹，她清楚感觉到腰肢正被快感拱起的冲动，偏偏身体毫无反应，那种有感觉却无法表达的憋闷令她心跳乱成一团。\n一缕温热的肠液顺着{anal}悄悄渗出，{TargetName}的意识始终清明，脑海中满是又惊又羞的念头，绝顶将她淹没得彻底，她却连眉头都无法蹙起，只能独自承受这份汹涌。\n浪潮渐渐平息，{TargetName}依旧维持着僵直姿态，唯有{anal}深处一下下的余颤，透露着她独自消化的那场绝顶，满心都是难以言喻的惶恐与羞耻。
2264,action_part_a_orgasm_normal_C,0,t_unconscious_flag_6&t_hypnosis_blockhead,一波炽热的快感毫无征兆地从{anal}深处猛然涌出，将{TargetName}清醒的神智狠狠卷入其中，然而那具身体却依旧维持着原本姿势，仿佛只是一具没有知觉的傀儡。\n{anal}不由自主地剧烈收缩，一层层酥痒从深处扩散开来，漫过颤抖的小腹，她能清楚感觉到自己想要蜷缩挣扎的冲动，可躯壳纹丝不动，那种心与身彻底割裂的荒谬感令她几乎喘不过气。\n温热的肠液悄然自{anal}溢出，{TargetName}的心里却是一片清明，脑海中翻涌着惊惧与耻辱交杂的思绪，绝顶将她全身都点燃了，她却连一声呻吟都无法送出喉咙。\n绝顶渐渐退潮，{TargetName}的身躯依旧维持着僵直模样，{anal}深处残留的余颤提醒着她那场无声无息的高潮，心里满是化不开的羞愤与茫然无措。
2265,action_part_a_orgasm_normal_C,0,t_unconscious_flag_6&t_hypnosis_blockhead,一股浓烈的绝顶快感骤然自{anal}深处炸裂开来，{TargetName}清醒的意识被愉悦冲刷得支离破碎，可她那具身体却依然一动不动，如同被人摆布的木头人偶。\n{anal}剧烈地一阵阵收缩痉挛，涌起的酥麻感层层漫过绷紧的腰肢，她分明感觉到四肢正被快感驱使着想要蜷起，偏偏身体连丝毫反应都给不出，那种被彻底封锁的窒息感令她心慌意乱。\n一缕肠液顺着{anal}悄然流出，{TargetName}的思维依旧清晰锐利，脑海中满是惊恐与羞耻纠缠不清的念头，绝顶将她卷入汹涌浪尖，她却只能睁着眼，任由愉悦在无声中独自燃烧。\n浪潮缓缓退去，{TargetName}那具僵直的身躯仍旧维持原状，只有{anal}深处一下下的余韵证明着那场彻底沉默的绝顶，心底满溢着难以宣泄的惶惑与屈辱。
2266,action_part_a_orgasm_normal_C,0,t_unconscious_flag_6&t_hypnosis_blockhead,一阵炽烈的快感毫无预兆地从{anal}深处腾涌而起，瞬间将{TargetName}清醒的神志淹没得彻底，可那具身躯却依旧保持着原本姿态，宛如一尊没有意志的活体人偶。\n{anal}不受控制地强烈收缩，一波接一波酥麻自深处漫开，浸透了紧绷的小腹，她清晰感受到腰肢渴望弓起的冲动，却发现连最微小的颤动都无法实现，那种心有余而身不能及的绝望感令她几乎窒息。\n温热的肠液自{anal}悄然溢出，{TargetName}的心智始终维持着令人难堪的清醒，脑中充斥着羞耻与惶恐交织的思绪，绝顶将她全身点燃成一片滚烫，她却连眼神都无法闪躲。\n绝顶渐渐平息，{TargetName}的身体依旧一动未动，唯有{anal}深处残留的细微余颤透露着她那场无人知晓的绝顶，心里堆满了难以言说的羞愧与迷茫。

2267,action_part_a_orgasm_normal_C,0,t_unconscious_flag_6&t_hypnosis_active_h,被操控的{TargetName}分明想放声抗拒，喉咙却怎么也发不出违逆的声音，只能任由腰肢不受控制地一下下扭动迎合。\n一股滚烫而汹涌的快感毫无预兆地从{anal}深处骤然炸开，顺着脊背窜向后颈，令她浑身猛地一颤。\n明明意识还算清醒，能清楚感觉到自己正做出多么淫荡的姿态，心底却涌起一阵说不清的羞耻与莫名的兴奋交织在一起。\n{anal}一波接一波地绞紧收缩，滚烫的肠液顺着穴口悄悄溢出，那份黏腻的湿润感让她耳根瞬间烧红。\n理智被操控的身体彻底架空，她只能眼睁睁看着自己主动沉溺进这场绝顶的浪潮里，无力挣脱也无法拒绝。
2268,action_part_a_orgasm_normal_C,0,t_unconscious_flag_6&t_hypnosis_active_h,被精神操控着的{TargetName}心里明明满是抗拒与慌乱，腰胯却不听使唤地一圈圈画着圈，主动把{anal}往更深处送去。\n绝顶的快感毫无征兆地猛然涌上，从后穴深处一路窜至脑髓，将她的四肢烧得又酸又软。\n清醒的理智眼睁睁看着身体自顾自地沉沦下去，明明想要死死咬住牙关克制呻吟，喉咙里却止不住地溢出细碎的甜腻气音。\n{anal}一圈圈收缩绞动，滚烫的肠液顺着股缝缓缓淌下，那份黏腻的触感让她羞得几乎快要窒息。\n心底越是抗拒，身体便越是热情地追逐着这份快感，仿佛整个人都被拆成了截然相反的两半，一半沉沦一半崩溃。
2269,action_part_a_orgasm_normal_C,0,t_unconscious_flag_6&t_hypnosis_active_h,明明知道自己正被操纵着做出这般淫荡姿态，{TargetName}的身体却诚实地主动扭腰迎合，把{anal}贴得更紧更密。\n快感如潮水般一层层堆叠上涌，从深处一直漫到指尖脚尖，让她整个人都止不住地轻颤起来。\n心里那点残存的羞耻与理智拼命挣扎，却抵不过身体传来的滚烫愉悦，明明想要合拢双腿，动作却诚实地摆得更加大胆。\n{anal}一下下痉挛着收紧又松弛，稀薄的肠液混着热度缓缓渗出，那种黏湿的羞耻感反倒让快感更添了几分浓烈。\n她在意识与本能的撕扯里彻底沦陷，任由身体带着自己一头栽进绝顶的深渊。
2270,action_part_a_orgasm_normal_C,0,t_unconscious_flag_6&t_hypnosis_active_h,{TargetName}被精神操控着送上主动迎合的姿态，心底却翻涌着说不出口的屈辱与慌乱。\n快感毫无预兆地骤然攀升，自{anal}深处炸开成一片酥麻的电流，顺着腰背窜向后颈。\n她的意识仍旧清明，能清楚感受到自己的身体正违背心意地讨好般扭动，那种矛盾令她既羞愧又莫名兴奋。\n{anal}一阵接一阵地绞紧痉挛，温热的肠液顺着大腿根悄然滑落，湿润的触感让她面颊烧得通红。\n明明想要停下这份失态的举动，身体却像是被抽走了主导权一般，只顾着追逐更深的绝顶快意，任由理智在旁彻底崩溃。
2271,action_part_a_orgasm_normal_C,0,t_unconscious_flag_6&t_hypnosis_active_h,被操控的{TargetName}分不清此刻的热情究竟是本能还是命令，只知道腰胯正一下下主动挺送，将{anal}摩擦得又酸又麻。\n绝顶的快感毫无保留地席卷全身，自穴心深处一路蔓延到发梢，让她控制不住地弓起脊背轻颤。\n理智还残留着一丝清醒，却眼睁睁看着身体越发大胆地追求刺激，心底那份羞耻感与快意交织成一团火烧得她面红耳赤。\n{anal}一波波紧缩又松开，滚烫的肠液顺着股间缓缓流淌，那份黏腻与酥麻交织的感觉让她几乎失神。\n明明是被迫沦陷于这场操控，此刻的她却诚实地沉溺在绝顶的余韵里，无法自拔。

2272,action_part_a_orgasm_normal_C,0,CVP_A2_T|6_E_0&CVP_A2_T|7_E_1&CVP_A2_T|222_E_1,一股滚烫而陌生的浪潮毫无预兆地从{anal}深处猛然炸开，未经人事的{TargetName}被这股突如其来的冲击弄得脑子里一片空白，完全不明白自己的身体为什么会变成这样。\n{anal}一阵一阵剧烈地收缩着，那种强烈到近乎眩晕的快感顺着腰肢直冲天灵盖，令她的四肢都不受控制地绷紧又颤抖。\n她根本不懂这就是所谓的绝顶，只觉得整个世界都在自己身体里摇晃，稚气的脸颊涨得通红，嘴巴无意识地张合着，却发不出任何完整的声音。\n泪水混着茫然涌上眼眶，她死死攥紧了拳头，任由这股陌生的巨大快感将自己冲得七零八落，脑海里只剩下一片混沌的空白与说不清道不明的恐惧和迷醉交织在一起。
2273,action_part_a_orgasm_normal_C,0,CVP_A2_T|6_E_0&CVP_A2_T|7_E_1&CVP_A2_T|222_E_1,{anal}忽然剧烈地痉挛起来，一波接一波密集的酥麻感狠狠冲刷着{TargetName}稚嫩的身躯，她被这股完全陌生的强烈快感惊得浑身僵直，根本不知道该如何应对。\n腰肢不受控制地弓起又塌下，双腿止不住地打着颤，那种从未体验过的巨大冲击感几乎要把她的意识彻底冲散，她只能懵懂地承受着，完全不懂这具身体正在经历什么样的变化。\n意识短暂地飘忽了一瞬，脑子里空空荡荡的，什么念头都抓不住，只剩下那股席卷全身的酥麻还在一波波地荡漾。\n她茫然地喘息着，眼神涣散又无措，不明白自己为何会如此颤抖，也不懂这份快感究竟意味着什么，只是懵懵懂懂地任由它蔓延过全身每一寸皮肤。
2274,action_part_a_orgasm_normal_C,0,CVP_A2_T|6_E_0&CVP_A2_T|7_E_1&CVP_A2_T|222_E_1,一阵猛烈的战栗骤然贯穿{TargetName}稚嫩的脊背，{anal}不断地收缩着，那股浓烈得让人喘不过气的快感把她整个人都卷入了一片混沌之中。\n她从未经历过这样的感觉，身体比脑子先一步做出反应，腰腹一下下痉挛着弓起，脚趾也蜷缩起来，完全不懂自己为什么会不受控制地颤抖成这样。\n泪光在眼底打转，她茫然地喘着气，稚嫩的脑袋里乱糟糟的，分辨不出这股感觉到底是难受还是别的什么，只觉得整个人都被这股浪潮淹没了，找不到一丝可以抓住的清醒。\n身体深处残留的余韵仍旧一下下地跳动着，令她懵懂又无助地缩起了肩膀，说不出话来。
2275,action_part_a_orgasm_normal_C,0,CVP_A2_T|6_E_0&CVP_A2_T|7_E_1&CVP_A2_T|222_E_1,毫无征兆地，{anal}深处猛地一紧，一股炽热的快感如潮水般汹涌而出，把懵懂的{TargetName}冲得措手不及，她甚至来不及弄清发生了什么，身体就已经先自己剧烈地痉挛起来。\n腰肢一下下地耸动着，稚嫩的四肢绷得笔直又不住地打颤，那种前所未有的酥麻感一浪高过一浪地拍打着她的神经，令她的呼吸彻底乱了节奏。\n她似懂非懂地感受着{anal}一波波收缩带来的强烈刺激，脑海里空白得抓不住任何清晰的念头，只剩下懵懂的茫然和被快感支配的失控感交织在一起，连自己发出的细碎喘息都听不真切。\n那股汹涌的快感久久没有褪去，令她懵懵懂懂地瘫软下来，眼神依旧空茫。
2276,action_part_a_orgasm_normal_C,0,CVP_A2_T|6_E_0&CVP_A2_T|7_E_1&CVP_A2_T|222_E_1,{TargetName}稚嫩的身体猛然绷紧，{anal}一下接一下地剧烈痉挛着，一股强烈到令她眼前发白的快感毫无预警地席卷而来，把她懵懂的思绪彻底冲散了。\n她完全不明白这具尚且青涩的身体究竟发生了什么变化，只能任凭腰肢不受控制地颤动，双手无意识地攥紧了身旁的东西，指尖都因用力而泛白。\n那股浓烈的酥麻感一波接一波地涌向四肢百骸，令她小声地喘息着，稚气的脸上写满了困惑与懵懂交织的迷茫，完全分不清自己此刻究竟是害怕还是沉溺其中。\n身体深处残留的颤动久久不散，她茫然地喘着气，懵懂无知地承受着这份陌生又强烈的余韵，久久回不过神来。
2277,action_part_a_orgasm_normal_C,0,CVP_A2_T|106_E_1,一股汹涌的快感骤然从{anal}深处炸开，令{TargetName}丰腴的身体猛地弓起，绝顶的浪潮一波接一波地席卷过她成熟的肉体。\n理论上她早就知道后穴绝顶是什么滋味，可当那股又酸又麻的淫靡快感真正贯穿全身时，成熟的从容还是被冲得七零八落，意识开始变得朦朦胧胧的，脑子里只剩下一片甜美的空白。\n{anal}剧烈而有节奏地痉挛收缩着，丰满的腰肢不受控制地颤抖，她清晰地感觉到有温热的肠液从深处渗出来，那种淫荡的湿意令历经世事的她也羞耻得面红耳赤。\n可这份羞耻很快就被更深的满足淹没了，{TargetName}成熟的眼眸里浮起迷离的水光，毫不掩饰地沉浸在这场完整而剧烈的肛肠绝顶之中，尽情品尝着久违的极乐滋味。
2278,action_part_a_orgasm_normal_C,0,CVP_A2_T|106_E_1,绝顶的快感如同决堤的洪水般从{anal}最深处倾泻而出，{TargetName}丰满的娇躯猛然绷紧，随即陷入了剧烈的痉挛与颤栗之中。\n这位成熟的女人纵然有着丰富的理论知识，也完全招架不住这种用后穴高潮的淫猥快美，意识一点点模糊起来，只能任由那股酥麻的电流反复冲刷着每一寸丰腴的肌肤。\n{anal}一下又一下地强烈收缩着，绞紧又放松，小腹反复抽搐，她羞耻地察觉到滑腻的肠液正顺着穴口涌出，把成熟女人最不堪的一面彻底暴露了出来。\n{TargetName}却已顾不上遮掩，眼角的笑纹里盛满了迷乱的春情，心底涌起深深的满足与沉醉，成熟而放荡地承受着这场标准而完整的绝顶，被快感淹没得浑身发软。
2279,action_part_a_orgasm_normal_C,0,CVP_A2_T|106_E_1,一阵灭顶般的酥麻从{anal}深处轰然扩散，{TargetName}丰腴的腰肢高高弓起，成熟的肉体在完整的绝顶浪潮中剧烈地颤抖着。\n那种从后穴直冲天灵盖的淫靡快感远比她多年积累的理论知识更凶猛，让她引以为傲的沉稳荡然无存，思绪被搅得一片混沌，只剩下甜腻的快感在脑海里翻腾。\n{anal}不知羞耻地反复痉挛绞缩，每一次收缩都逼出新的快感，温热的肠液不受控制地从深处流淌出来，濡湿了穴口，令熟透的她又羞又醉。\n{TargetName}急促地喘息着，丰满的大腿不住地打颤，心里却涌起毫不掩饰的欢愉与餍足，她放任自己沉溺在这场用屁股迎来的高潮里，成熟的脸庞上写满了淫荡的陶醉。
2280,action_part_a_orgasm_normal_C,0,CVP_A2_T|106_E_1,{anal}深处骤然爆发出一阵狂潮般的快感，{TargetName}成熟丰满的身躯猛地一挺，随即被完整的绝顶高潮彻底吞没了。\n又胀又麻的酥痒从后穴一圈圈荡开，漫过丰腴的小腹与酸软的腰肢，令这位历经风霜的女人也失了方寸，意识开始发飘发晕，脑海里被淫靡的快美塞得满满当当。\n{anal}强烈地一缩一缩地痉挛着，她清楚地感觉到黏滑的肠液正随着每次收缩被挤出穴外，那种淫乱的失禁感让成熟的她臊得耳根发烫，却又莫名地更加兴奋。\n{TargetName}咬着下唇也压不住喉咙里的媚音，四肢绷紧又瘫软，心底翻涌着深沉的满足感，她以熟女特有的坦率尽情享受着这场后穴绝顶，浑身都泡在快感的蜜液里。
2281,action_part_a_orgasm_normal_C,0,CVP_A2_T|106_E_1,凶猛的绝顶快感自{anal}最深处奔涌而出，如海啸般席卷了{TargetName}丰腴成熟的每一寸肉体，令她的背脊剧烈弓起，脚趾都蜷缩起来。\n后穴高潮的滋味比任何书本上的描述都要淫猥百倍，她那副见惯世面的从容面具被冲刷得支离破碎，眼神涣散迷蒙，意识在快感的漩涡里载浮载沉。\n{anal}淫靡地反复绞紧痉挛，一股股温热的肠液顺着收缩从深处溢出，湿哒哒的触感令这位熟女羞耻得浑身发烫，偏偏这份羞耻又化作了更浓烈的快美。\n{TargetName}丰满的胸口剧烈起伏，喘息又急又乱，心中却盈满了赤裸裸的欢愉与深深的餍足，她放荡地承认自己彻底迷上了这种用屁股绝顶的极乐滋味。
2282,action_part_a_orgasm_normal_C,0,CVP_A2_T|6_E_0&CVP_A2_T|7_E_1&CVP_A2_T|222_E_0,一股滚烫的快感毫无征兆地从{anal}深处猛地炸开，年岁尚浅却早已对性事充满好奇的{TargetName}猝不及防地绷紧了全身，那股酥麻的浪潮顺着肠壁一路席卷向上，冲得她后腰不由自主地弓起，脑海里瞬间被填得满满当当。\n她曾偷偷幻想过绝顶是什么滋味，此刻真切降临时却比想象中猛烈百倍，{anal}一阵阵痉挛着收缩，那种失控的快感让她既羞耻又兴奋，指尖死死蜷缩起来。\n她能清晰地感觉到有滚烫的肠液正顺着穴口缓缓溢出，那份湿黏的羞耻感反而让她心底泛起一阵隐秘的雀跃。\n意识开始变得朦胧模糊，好奇心与快感交织在一起，让她整个人都沉浸在这陌生又诱人的愉悦深处，久久无法回神。
2283,action_part_a_orgasm_normal_C,0,CVP_A2_T|6_E_0&CVP_A2_T|7_E_1&CVP_A2_T|222_E_0,一波接一波炽热的酥痒感猛然从{anal}最深处涌出来，早就对性经验充满探究欲望的{TargetName}被这突如其来的绝顶冲得浑身剧烈颤抖，呼吸瞬间乱了节奏，喉间溢出压抑不住的喘息。\n{anal}有节奏地强烈收缩着，那种把她整个人都要吞没的快感远比她私下想象过的任何情形都要真实百倍，腰肢不停地打着摆子，双腿也跟着不受控地绷紧又放松。\n她隐约感觉到有黏腻温热的肠液正从穴口缓缓渗出，濡湿的触感混着强烈的羞耻，让她的脸颊烧得滚烫。\n脑海中一片甜腻的空白，理智被快感冲刷得七零八落，只剩下这具年轻身体本能地沉浸在这场陌生又美妙的绝顶里，久久沉溺，不愿清醒。
2284,action_part_a_orgasm_normal_C,0,CVP_A2_T|6_E_0&CVP_A2_T|7_E_1&CVP_A2_T|222_E_0,炽烈的快感毫无预兆地从{anal}深处猛然爆发，一直对情事抱有强烈好奇心的{TargetName}被这股浪潮冲得脑袋一片空白，纤细的脊背猛地绷成一张弓，指甲深深掐进掌心也浑然不觉。\n{anal}一下下剧烈地绞缩着，那种前所未有的酥麻感如潮水般层层叠叠涌上来，双腿控制不住地夹紧又松开，喉咙里溢出破碎而压抑的呻吟余韵。\n黏稠滚烫的肠液顺着穴口一点点淌落，湿热的触感让她既害臊又莫名兴奋，心底那份对性事的好奇仿佛在此刻得到了某种奇异的满足。\n意识彻底沉入这片甜腻的快感深渊，她放任自己彻底沉溺其中，久久无法从这场绝顶的余韵中挣脱出来。
2285,action_part_a_orgasm_normal_C,0,CVP_A2_T|6_E_0&CVP_A2_T|7_E_1&CVP_A2_T|222_E_0,一阵猛烈到令人窒息的酥麻感骤然自{anal}深处席卷而来，未经世事却对性充满旺盛探索欲的{TargetName}被冲得浑身猛烈痉挛，纤瘦的腰肢不受控制地反复弓起又塌落，脑海中瞬间一片空白。\n{anal}一波接一波地紧紧绞缩着，那股汹涌的快感如同将她整个人都要溺毙其中，四肢止不住地颤抖抽搐，脚趾也蜷缩得死紧。\n温热黏滑的肠液顺着穴口缓缓涌出，濡湿的感觉混杂着强烈的羞耻与隐秘的满足感，令她心跳如擂鼓般狂乱不止。\n对这份陌生绝顶的强烈好奇与沉沦的快感彼此交织，让她整个人都深陷在这片朦胧甜腻的余韵里，久久无法回过神来，只余下满心的餍足与眩晕。
2286,action_part_a_orgasm_normal_C,0,CVP_A2_T|6_E_0&CVP_A2_T|7_E_1&CVP_A2_T|222_E_0,滚烫酥麻的快感猝然自{anal}深处狠狠涌起，一向对性事充满好奇心思的{TargetName}被这股突如其来的绝顶浪潮击得浑身发软，纤细的手指死死蜷缩起来，唇齿间溢出细碎而压抑的喘息声。\n{anal}不断有力地痉挛收缩着，那股酥痒难耐的快感层层叠加，顺着脊椎一路窜到头顶，令她的思绪彻底被搅得七零八落，双膝也跟着不住地颤抖打软。\n她能真切地感受到滚热的肠液正一点点自穴口缓缓溢出，那份湿润黏腻的羞耻触感反倒让她心底泛起一丝隐秘的雀跃与满足。\n意识渐渐坠入这片甜腻朦胧的深处，好奇与快感在她年轻的身体里交融纠缠，久久沉溺在这场绝顶的余韵中难以自拔。

2287,action_part_a_orgasm_normal_C,0,CVP_A2_T|7_E_0&CVP_A2_T|222_E_1,一股汹涌的快感如海浪般从{anal}深处骤然席卷而上，成熟的身体猛地绷紧，{TargetName}却茫然得不知道自己怎么了。\n那股强烈而绵密的酥麻从后穴一波一波地荡漾开来，漫过丰腴的小腹，漫过颤抖的腰肢，令她整个人都剧烈地颤动着，意识开始变得模糊，脑子里只剩下一片被快感填满的空白，什么都想不明白。\n她拥有一具发育得极为成熟的躯体，心里却像懵懂孩童一般，根本不理解这排山倒海的滋味意味着什么，只是本能地随着那股快感一次次弓起腰。\n{anal}强烈而有节奏地痉挛收缩着，隐约有温热的肠液流了出来，令她既困惑又羞涩，却又忍不住沉沦在这从未体会过的愉悦里，任凭双腿无意识地绷直又蜷缩。\n那阵完整而剧烈的绝顶慢慢退去，{TargetName}还没有回过神来，红扑扑的脸颊上写满了茫然，她不懂自己的身体为何会这样，只是懵懂地咀嚼着那股残留在{anal}深处的甜腻余韵，久久无法平静。
2288,action_part_a_orgasm_normal_C,0,CVP_A2_T|7_E_0&CVP_A2_T|222_E_1,一阵完整而汹涌的快感从{anal}最深处轰然炸开，成熟丰腴的身体猛地一颤，{TargetName}发出了一声压抑不住的迷乱鼻音。\n那股强烈的酥麻顺着后穴向外扩散，渗进绷紧的小腹，漫过弓起的细腰，令她的四肢不受控制地颤抖起来，意识在快感的洪流里一点点变得模糊，思绪散乱得抓不住任何念头。\n她明明有着女人成熟的身段，认知却依旧稚嫩空白，完全不明白这令她浑身酥软的感觉是什么，也不知道自己为什么会如此反应，只是顺从地任由身体一次次痉挛。\n{anal}强烈地收缩抽搐着，一缕温热的肠液悄悄溢出，那种湿滑的触感令她茫然地红了脸，却压不住体内翻涌的快意，腰肢反复弓起又瘫软。\n那阵剧烈的高潮渐渐平息，{TargetName}的呼吸还乱糟糟的，眼神迷蒙而懵懂，她不理解这前所未有的滋味代表着什么，只是本能地沉醉在{anal}残余的甜腻颤意中，心里满是说不清的迷乱。
2289,action_part_a_orgasm_normal_C,0,CVP_A2_T|7_E_0&CVP_A2_T|222_E_1,快感如潮水般从{anal}深处凶猛地涌上来，将{TargetName}整个人淹没，成熟的身躯剧烈地颤栗着，她却懵懂得不知该如何是好。\n那股强烈而绵密的酥麻从后穴一圈圈漫开，渗进丰满的小腹，漫过颤动的腰身，令她的意识开始模糊，脑海里被翻涌的愉悦搅成一片，什么都想不清楚了。\n她拥有一副完全成熟的女体，心智却依旧如白纸般空白，根本不懂这排山倒海的感觉意味着什么，只是乖巧地随着那股快感一下下抽动着身子。\n{anal}强烈有力地痉挛收缩，温热的肠液不受控制地渗出，那种陌生的湿润令她既羞窘又茫然，却又忍不住深深沉溺其中，双腿无意识地夹紧又松开。\n那阵完整剧烈的绝顶缓缓退去，{TargetName}还沉浸在余韵里没能回神，绯红的脸上满是不解与迷茫，她不知道自己的身体为何会有这样的反应，只是懵懂地感受着{anal}深处残留的酥软，久久缓不过神来。
2290,action_part_a_orgasm_normal_C,0,CVP_A2_T|7_E_0&CVP_A2_T|222_E_1,一股难以抵挡的强烈快感从{anal}深处骤然喷薄而出，成熟的身子猛地弓成一道弧线，{TargetName}被这陌生的感觉冲得彻底懵住了。\n那股绵密而剧烈的酥麻从后穴一波波席卷全身，漫过绷紧的小腹，漫过颤抖的腰肢与柔嫩的腿根，令她整个人都失了神，意识在快感中变得模糊迷离，脑子里空荡荡的一片。\n她的身体分明已经发育得成熟丰盈，心里却仍是一片天真空白，完全不明白这令她浑身颤抖的滋味是什么，只是顺从而乖巧地承受着一浪高过一浪的愉悦。\n{anal}强烈地抽搐痉挛着，温热的肠液一缕缕流淌出来，那种湿滑黏腻的触感令她茫然又羞赧，却压不住体内翻腾的快感，小腹反复抽搐，双腿无力地颤抖。\n那阵完整而剧烈的高潮慢慢消退，{TargetName}还怔怔地喘着气，红透的脸颊上写满了懵懂与困惑，她不懂这前所未有的强烈感受意味着什么，只是本能地沉浸在{anal}残留的甜腻余温里，心里满是无法言说的迷乱。
2291,action_part_a_orgasm_normal_C,0,CVP_A2_T|7_E_0&CVP_A2_T|222_E_1,汹涌而完整的快感从{anal}最深处猛然爆发开来，成熟的娇躯剧烈地绷紧颤栗，{TargetName}茫然地睁大了眼睛，完全不明白自己怎么了。\n那股强烈的酥麻如海浪般一次次拍打着全身，从后穴漫过丰腴的小腹，漫过弓起的腰身，令她的四肢不受控制地绷直又颤抖，意识在愉悦的洪流里逐渐模糊，思绪一片混沌。\n她有着女人成熟的曲线，认知却稚嫩得如同孩童，根本不理解这排山倒海的感觉代表着什么，也不知道这样的反应意味着什么，只是懵懂顺从地随着快感沉浮。\n{anal}强烈而有节奏地痉挛收缩着，一股温热的肠液悄然溢出，那种陌生的湿滑令她羞涩地红了脸，却又忍不住深陷在这从未有过的甜蜜里，腰肢反复弓起。\n那阵剧烈完整的绝顶渐渐平息，{TargetName}的呼吸还急促而凌乱，迷蒙的眼里满是不解，她不懂自己的身体为何会如此，只是乖巧地咀嚼着{anal}深处残存的酥麻余韵，久久沉浸在这懵懂的迷醉之中。

2292,action_part_a_orgasm_normal_C,0,CVP_A2_T|107_E_1,一股汹涌的快感浪潮骤然从{anal}深处炸开，{TargetName}的腰肢猛地弓起，整个丰腴的身体都随之剧烈地痉挛颤抖起来。\n那股淫靡的绝顶快感如海浪般一波接一波地席卷全身，令她的意识开始变得朦胧模糊，脑海里只剩下一片甜蜜的混沌。\n她清楚地感觉到{anal}正强烈而有节奏地收缩痉挛着，温热的肠液不受控制地渗流出来，那种羞耻的感觉令已为人妻的她心头一阵战栗。\n自己明明是有丈夫的女人，后穴却因为这种背德的快感而绝顶了，那种背叛婚姻的罪恶与禁忌的刺激交织在一起，反而将高潮的愉悦推向更深处，令她沉沦在这片淫乱的浪潮中无法自拔，只能任由成熟的肉体被快感彻底淹没。
2293,action_part_a_orgasm_normal_C,0,CVP_A2_T|107_E_1,{anal}深处猛然涌起一股无法抗拒的绝顶快感，{TargetName}的小腹反复抽搐着，四肢绷紧发颤，一场完整而剧烈的高潮就这样将她吞没了。\n她的意识渐渐涣散朦胧，却还未被彻底冲垮，正因如此，那份清醒的残余反而令她更加羞耻——已经嫁作人妻的自己，竟然用{anal}这种淫猥的地方迎来了绝顶。\n肠液顺着痉挛的穴口悄悄溢出，那种湿滑的触感令她的脸颊烧得滚烫。\n对丈夫的愧疚与对这份禁忌快感的贪恋在心底激烈地撕扯着，可身体却诚实得可怕，每一次{anal}的收缩都带来令灵魂发颤的甜美，令这个背德的人妻在深深的满足与罪恶的沉醉中迷乱地喘息着。
2294,action_part_a_orgasm_normal_C,0,CVP_A2_T|107_E_1,一阵灼热的绝顶浪潮从{TargetName}的{anal}深处轰然爆发，成熟的腰身高高弓起又猛地绷紧，呼吸彻底乱了节奏。\n那种完整而正常强度的高潮令她的思绪开始溶化，眼前泛起一层甜腻的白雾，只能感受到{anal}一阵阵强烈的痉挛收缩，以及随之渗出的温热肠液带来的淫靡触感。\n身为人妻的她在快感的间隙里恍惚想起自己早已结婚的事实，那股背德感非但没有浇熄欲火，反而像火上浇油一般令绝顶变得更加醉人。\n她暗恨自己的身体如此淫荡，用丈夫从未开发过的地方达到了高潮，可那份禁忌的刺激与深沉的满足感却令她的内心被彻底淹没，只剩下迷乱的沉醉在丰熟的躯体里久久回荡。
2295,action_part_a_orgasm_normal_C,0,CVP_A2_T|107_E_1,剧烈的快感洪流毫无预兆地从{anal}最深处奔涌而出，{TargetName}浑身猛烈地颤抖起来，大腿内侧的软肉不住地抽搐，一场货真价实的绝顶高潮正席卷着她每一寸丰腴的肌肤。\n意识在快感的冲刷下变得迷离恍惚，她只能模糊地感知到{anal}正贪婪地反复收缩着，穴口溢出的肠液将那里弄得一片泥泞湿滑，羞耻感令这个已婚的女人几乎要哭出来。\n可越是想到家里的丈夫，那种偷情般的背德快感就越是猛烈地啃噬着她的理智，令高潮的甜美掺进了一丝罪恶的醇香。\n她在愧疚与欢愉的夹缝中沉沦着，成熟的心底既想逃离这份禁忌，又贪婪地渴求着更多，只能任由淫乱的余波将自己反复冲刷。
2296,action_part_a_orgasm_normal_C,0,CVP_A2_T|107_E_1,{TargetName}的{anal}深处骤然绽开一团炽烈的快感，如决堤的洪水般瞬间漫过小腹与腰肢，令她的身体弓成一道颤抖的弧线，喉咙里溢出破碎的媚音。\n这是一次完完整整的绝顶，快感的浪头一波波拍打着她的神志，令思绪渐渐染上一层甜蜜的朦胧。\n{anal}强烈地痉挛收缩着，她清晰地感觉到滑腻的肠液正从痉挛的穴口涌出，那种下流的感觉令为人妻的她羞耻得浑身发烫。\n明明身上还背负着婚姻与家庭，此刻却因后穴的淫荡快感而攀上顶峰，背叛的刺激与深切的负罪感在胸口翻搅，反倒令绝顶的余韵愈发浓烈甘美。\n她迷乱地沉浸在这片背德的愉悦里，丰熟的身躯止不住地轻颤着，被深深的满足感彻底填满。
2297,action_part_a_orgasm_normal_C,0,CVP_A2_G_E_0&high_1,一股汹涌的快感浪潮猛地从{anal}深处炸开，{TargetName}的意识在那一瞬间被冲得摇摇晃晃，腰肢不受控制地弓起，全身都被那股淫靡的酥麻淹没了。\n{anal}强烈而有节奏地痉挛收缩着，一波接一波的绝顶快感席卷过小腹与四肢，令她的呼吸彻底乱了套，脑子里泛起一片甜腻的白雾。\n可就在快感翻涌的同时，一股巨大的茫然也在心底炸开，她根本不明白自己为什么会在一个几乎陌生的男人面前，用屁股里的穴肉迎来这样淫乱的高潮，这样真的可以吗。\n羞耻与困惑在被快感搅乱的脑海里冲撞着，{TargetName}甚至感觉到有温热的肠液从痉挛的{anal}里溢了出来，那种被后穴高潮支配的淫荡感觉令她既沉醉又后悔，只能颤抖着咬住嘴唇，任由迷乱的余韵在体内荡漾。
2298,action_part_a_orgasm_normal_C,0,CVP_A2_G_E_0&high_1,{anal}深处骤然涌起一阵无法抵挡的绝顶快感，像决堤的洪水一样瞬间淹没了{TargetName}的全身。\n她的小腹反复抽搐着，双腿绷得紧紧的，{anal}一阵阵剧烈地收缩痉挛，那种从屁眼深处炸开的淫猥愉悦令她的意识开始发白发飘，什么都抓不住了。\n然而在快感的间隙里，慌乱的疑问却不断浮上心头，为什么自己会让一个还很陌生的人把自己的后穴弄到高潮，为什么身体会这么诚实地淫叫般颤抖着。\n她清楚地感觉到滑腻的肠液正从收缩的{anal}中渗出，那种下流的湿热触感让羞耻烧红了她的脸颊。\n生理上的深深满足与道德上的迷惘在心里绞成一团，{TargetName}只能失神地喘息着，在甜美又苦涩的高潮余波里不知所措。
2299,action_part_a_orgasm_normal_C,0,CVP_A2_G_E_0&high_1,一阵滚烫的绝顶浪潮从{anal}最深处轰然爆发，{TargetName}的腰猛地弹起，全身的肌肉都跟着痉挛绷紧了。\n{anal}贪婪地一下下痉挛吸吮着，后穴高潮特有的那种从尾椎窜上脑髓的酥麻电流令她的视野微微发白，意识像泡在温水里一样开始模糊涣散。\n快感明明如此强烈，她的心里却塞满了不知所措的疑惑，自己和眼前这个人明明还那么生疏，为什么却把最羞耻的地方交了出去，还淫荡地用屁股迎来了绝顶。\n温热的肠液顺着抽搐的{anal}悄悄流淌出来，那种失禁般的下流感觉令她羞得几乎要哭出来。\n后悔、迷茫和无法否认的深切快美在胸口翻搅着，{TargetName}颤抖着垂下眼帘，任由这场令她困惑的肛肠绝顶慢慢退潮。
2300,action_part_a_orgasm_normal_C,0,CVP_A2_G_E_0&high_1,毫无预兆地，一股凶猛的快感从{anal}里翻涌而出，将{TargetName}整个人掀进了绝顶的漩涡中。\n她的四肢瞬间绷紧又发软，{anal}不受控制地剧烈收缩痉挛着，每一次收紧都把新的淫靡快感挤进她的骨髓里，令她的脑海泛起大片甜蜜的空白，呼吸急促得不成样子。\n可即便意识已经开始迷糊，那份属于陌生人之间的隔阂感依然刺着她的心，她茫然地想着自己怎么会沦落到被人玩弄屁眼还爽到高潮的地步，这份淫乱的快感真的属于自己吗。\n她能感觉到{anal}里有黏滑的肠液被痉挛挤了出来，湿哒哒地淌下，羞耻感烫得她浑身发抖。\n高潮的深度满足与对眼前人的陌生疑虑纠缠在一起，令{TargetName}在颤栗的余韵中久久回不过神来。
2301,action_part_a_orgasm_normal_C,0,CVP_A2_G_E_0&high_1,{anal}深处猛然炸开一团炽热的快感，绝顶的巨浪没有给{TargetName}任何喘息的机会，直接把她卷进了淫猥的高潮之中。\n她的腰肢高高弓起又瘫软下去，小腹一阵阵痉挛，{anal}淫荡地反复收缩着，那种从后穴蔓延到全身的酥爽令她眼前发花，思绪被搅得七零八落，只剩下铺天盖地的快美。\n然而心底的另一个角落却在发出困惑的悲鸣，明明连对方的性情都还不了解，自己却已经被开发得能用屁股高潮了，这样的自己是不是太下贱了。\n滑热的肠液从抽搐的{anal}口溢出来的感觉清晰得可怕，令她又羞又乱。\n快感带来的沉醉与陌生关系带来的惶惑相互撕扯着，{TargetName}只能咬着下唇轻轻发颤，在迷乱与自我质疑交织的余韵里慢慢沉浮。

2302,action_part_a_orgasm_normal_C,0,CVP_A2_G_E_1,一股汹涌的快感骤然从{anal}深处炸开，如海浪般层层席卷过{TargetName}的全身，令她的腰肢猛地弓起，意识一下子变得朦朦胧胧的。\n{anal}强烈而有节奏地痉挛收缩着，那种深处被快感淹没的滋味令她的脑子里泛起一片甜美的空白，隐约还能感觉到有温热的肠液从{anal}里淌出来，羞耻感与愉悦感搅在一起，令她的心乱成一团。\n明明是这么淫靡下流的地方在绝顶，她却在恍惚间只想着{Name}的身影，不明白自己为什么会在这个人面前变得这么放荡，心口那阵莫名的悸动比高潮还要令她慌乱，她茫然地喘息着，说不清自己是沉醉在快感里，还是沉醉在那份不敢承认的情愫里。
2303,action_part_a_orgasm_normal_C,0,CVP_A2_G_E_1,剧烈的绝顶快感从{anal}最深处轰然涌出，{TargetName}的小腹一阵阵抽搐，四肢绷得紧紧的，整个人都被那股淫热的浪潮吞没了。\n{anal}一下一下地强烈痉挛着，每一次收缩都令酥麻的电流窜上脊背，她的意识开始发飘，眼前泛起了朦胧的水雾，只能感觉到肠液顺着{anal}不受控制地溢出来，那种淫荡的湿热感令她羞得头皮发麻。\n可是在这样淫乱的绝顶里，她的心底浮现出的却是{Name}，胸口悸动得厉害，她不懂为什么被这个人看着自己用屁股高潮，羞耻之余竟还有一丝说不清的甜，那份懵懂的情意混着快感一起将她淹没，令她茫然又贪恋地颤抖着。
2304,action_part_a_orgasm_normal_C,0,CVP_A2_G_E_1,一波完整而炽烈的高潮从{anal}里迸发出来，{TargetName}忍不住仰起脖颈，腰部高高弓起又猛地发颤，快感像潮水一样一浪接一浪地冲刷着她的神志。\n{anal}淫靡地痉挛收缩个不停，她清晰地感觉到深处的肠液被挤了出来，湿滑地淌过穴口，那种下流的感触令她又羞又乱，脑海里却是一片甜腻的迷蒙，什么都想不清楚了。\n唯独{Name}的身影在恍惚的意识里挥之不去，她不明白自己为什么会心甘情愿地在他面前用后面这种地方绝顶，心尖泛起一阵陌生的酸软悸动，既想逃开又想再靠近一点，那份连她自己都没察觉的恋慕悄悄混进高潮的余韵里，令她久久无法平静。
2305,action_part_a_orgasm_normal_C,0,CVP_A2_G_E_1,{anal}深处骤然掀起一阵灭顶般的酥麻，{TargetName}的身体猛地绷紧，随即不受控制地剧烈颤抖起来，完整的绝顶快感顺着尾椎一路烧到了大脑。\n她的呼吸急促而凌乱，小腹反复抽动着，{anal}正淫猥地一张一缩，温热的肠液从里面渗淌出来，那股湿黏的羞耻感令她的脸颊烧得通红，意识却已经被快感泡得软绵绵的，只剩下深深的迷醉与满足。\n迷乱之中她偷偷望向{Name}，心口没来由地怦怦狂跳，明明是这么羞人的绝顶，她却因为对方在场而觉得莫名安心，甚至隐隐希望被他看着，这种连自己都无法理解的心情令懵懂的她又慌乱又贪恋，只能任由悸动与快感一起将她溺没。
2306,action_part_a_orgasm_normal_C,0,CVP_A2_G_E_1,浓烈的绝顶浪潮从{anal}中央猛地扩散开来，{TargetName}的双腿抖得几乎撑不住身体，腰肢一阵阵地痉挛弓起，淫热的快感将她整个人彻底淹没了。\n{anal}正贪婪地反复收缩痉挛着，绝顶的余波一次次碾过她的神经，她恍惚地感觉到肠液正从那个下流的小穴里淌出来，羞得她想找个地缝钻进去，脑子里却甜蒙蒙的一片，连羞耻都变得迷离而遥远。\n不知为何，高潮的空隙里她满心满眼都是{Name}，胸腔里那阵陌生的悸动一下一下地撞着她的心，她茫然地想着自己是不是坏掉了，怎么会在这个人面前绝顶得这么忘情，可那份说不出口的依恋偏偏令她舍不得推开，只想在这份朦胧的甜意里再沉沦片刻。
