cid,type_id,adv_id,premise,context
组件id,组件类型名,组件限定的剧情npcid,前提id,组件内容
str,str,int,str,str
0,0,0,0,1
组件配置数据,,,,

1000,action_part_w_orgasm_small_C,0,CVP_A2_T|6_E_0&CVP_A2_T|7_E_1&CVP_A2_T|222_E_1&high_1,一阵沉甸甸的钝重快感毫无预兆地自{TargetName}体内最深处涌了上来，令幼小懵懂的她根本没有料到身体最深处竟也会有这样的感觉。\n那股深沉的酥麻像温热的浪头，自{womb}这一最深处的地方缓缓漫开，沉沉地荡过她青涩的下腹与腰际，令她整个小小的身子都细细地颤抖起来，脑子里乱乱的什么都想不明白，只隐约觉得身体最深的地方沉甸甸地发着热。\n{TargetName}对性一无所知，根本不懂这种从未有过的感觉意味着什么，稚嫩的心怦怦乱跳，既慌乱又茫然。\n那阵轻浅的颤动慢慢平息，她却仍懵懵懂懂地缓不过神，脸蛋红扑扑的，不明白自己身体深处为何会泛起这般古怪又叫人心慌的滋味。
1001,action_part_w_orgasm_small_C,0,CVP_A2_T|6_E_0&CVP_A2_T|7_E_1&CVP_A2_T|222_E_1&high_1,一股深沉钝重的酥麻感骤然自{TargetName}身体最深处泛起，令稚气未脱的她猝不及防地轻轻一颤。\n那种厚重的快感与阴蒂那种尖锐的刺激全然不同，是自{womb}深处一圈圈漫上来的沉沉甜痒，缓缓荡过她尚未长开的小腹与腰肢，令幼小的身体不由自主地颤栗，意识短暂地迷糊了一下，什么都顾不上想。\n什么都不懂的她被这从身体最深处冒出来的陌生感觉吓得心头乱跳，既羞又慌，完全不明白自己深处的地方为何会这样。\n那阵轻浅的峰值慢慢退去，{TargetName}的脸颊还烫烫的，稚嫩的心里塞满了说不清的迷茫与懵懂，只觉得身体最深处那点甜甜的余温古怪得叫她久久无法安定。
1002,action_part_w_orgasm_small_C,0,CVP_A2_T|6_E_0&CVP_A2_T|7_E_1&CVP_A2_T|222_E_1&high_1,一阵钝重深沉的快感冷不防地从{TargetName}体内最深处涌出，令幼小无知的她心头猛地一跳。\n那股沉甸甸的酥痒自{womb}这个身体最深的核心缓缓扩散，漫过稚嫩的小腹，漫过细软的腰肢，令她的双腿无意识地轻轻夹紧，脑子里蓦地空荡荡的，只剩下那股深远的颤动一波一波地在身体最深处荡漾，意识迷离了一瞬。\n对这种事毫无了解的她被这从深处泛起的甜痒弄得又惊又羞，根本不懂身体最深的地方为何会有这般感觉，只能懵懵懂懂地任由那股酥麻蔓延。\n那阵轻浅的绝顶缓缓退散，{TargetName}稚嫩的脸上仍是一片茫然的绯红，心里满满都是搞不明白的慌乱与羞涩，久久回不过神来。
1003,action_part_w_orgasm_small_C,0,CVP_A2_T|6_E_0&CVP_A2_T|7_E_1&CVP_A2_T|222_E_1&high_1,一股深沉而绵密的快感骤然自{TargetName}身体最深处漫了出来，令幼小懵懂的她轻轻一颤，本能地想压下那股忽然涌上的酥麻却根本无能为力。\n那种自{womb}深处泛起的钝重甜痒一波波向外扩散，沉沉地漫过青涩的小腹与腰际，令整具小小的身子都细细颤动，意识在那一刻散乱了几分，什么都想不清楚。\n什么都不懂的她被这身体最深处冒出的陌生滋味吓得手足无措，稚气的心怦怦狂跳，既羞又茫然，完全不明白这意味着什么。\n那阵轻浅的峰值慢慢平息，{TargetName}的脸蛋还红扑扑地发烫，心里塞满了说不清道不明的懵懂与羞怯，身体最深处残留的那点甜甜余颤令她久久无法平静下来。
1004,action_part_w_orgasm_small_C,0,CVP_A2_T|6_E_0&CVP_A2_T|7_E_1&CVP_A2_T|222_E_1&high_1,一阵从未预料的深沉甜麻感冷不防地自{TargetName}体内最深处涌起，令幼小无知的她整个身子轻轻一抖。\n那股厚重钝沉的快感自{womb}这最深的地方一圈圈荡开，渗进稚嫩绷紧的小腹，令细软的腰肢也跟着微微一颤，{TargetName}的心跳骤然乱了节拍，意识虽还清醒，脑子里却已泛起一片沉沉的酥麻，令她整个人都懵懵的。\n对性一无所知的她根本不懂这从身体最深处泛起的甜痒是怎么一回事，只觉得又羞又怕又莫名地舒服，稚嫩的心里乱成一团。\n直到那阵轻度的绝顶渐渐退去，她仍睁着茫然的眼缓不过神，脸颊烫得厉害，身体最深处那点难以言说的余温令她心里满是搞不懂的迷乱与羞涩。

1005,action_part_w_orgasm_small_C,0,CVP_A2_T|6_E_0&CVP_A2_T|7_E_1&CVP_A2_T|222_E_0,一股钝重深沉的快感自身体最深处悄然涌起，虽未成年却早已懂得性知识的{TargetName}好奇地屏住了呼吸。\n那股酥麻不像别处那样尖锐，而是自{womb}这一体内最深的核心沉沉泛起，如温热的浪潮缓缓漫过稚嫩的下腹与腰际，带来一阵酸胀酥软的甜痒，令她意识虽还清醒却忍不住轻轻颤抖。\n她早从书本上晓得子宫是孕育生命的地方，此刻却切实体会到这最深处竟也会有如此深远的快感，稚气的脸蛋不受控制地烧红，心里满是新奇与羞涩。\n{womb}一沉一沉地轻轻收缩着，那股甜腻虽只是浅浅的小峰值，却令好奇的她欲罢不能，既惊讶于身体的诚实又贪恋着这陌生的深处滋味，懵懂而甜美地任由余韵慢慢消散。
1006,action_part_w_orgasm_small_C,0,CVP_A2_T|6_E_0&CVP_A2_T|7_E_1&CVP_A2_T|222_E_0,细密而深沉的酥麻自{womb}深处一波一波荡开，令年幼却对性满怀探索欲的{TargetName}猝不及防地轻轻一颤。\n这股快感钝重厚实，与阴蒂那种集中一点的锐利刺激截然不同，自身体最深处沉甸甸地漫过小腹，渗进稚嫩的腰肢，令她的意识短暂地迷离了一下，脑子里泛起一片细碎的甜软。\n她隐约知道那处深藏体内的地方意味着什么，也明白这份快感背后潜藏的可能，好奇心却压过了怯意，令稚气的心怦怦乱跳，脸颊烧得滚烫。\n{womb}轻轻的收缩令她既羞涩又新奇，那股说不清的深沉甜痒虽轻浅，却真实地在幼小身体里回荡，令她惊讶又贪恋地体味着这轻度绝顶留下的甜腻余温。
1007,action_part_w_orgasm_small_C,0,CVP_A2_T|6_E_0&CVP_A2_T|7_E_1&CVP_A2_T|222_E_0,一阵沉沉的甜麻自身体最深的核心缓缓升起，{womb}轻轻一缩，令未成年的{TargetName}心头猛地一跳。\n那种深远厚重的快感自下腹最深处泛起，如温热浪头般漫过细腰与腿根，与寻常的刺激全然不同，令她好奇地睁大了眼，一时间脑子里空荡荡的，只余那股钝重的酥软在体内荡漾。\n虽然早已懂得这是子宫深处的高潮，也清楚这份快意与孕育之间的牵连，可当它真实降临时，她还是忍不住又惊又羞，稚嫩的心里满是搞不太清却又甜滋滋的悸动。\n{womb}一下下轻轻收缩着，那浅浅的小绝顶令她意识仍清醒，身体却诚实地颤动，好奇与甜蜜在幼小的胸腔里横冲直撞，令她红着脸久久回不过神来。
1008,action_part_w_orgasm_small_C,0,CVP_A2_T|6_E_0&CVP_A2_T|7_E_1&CVP_A2_T|222_E_0,深藏体内的{womb}忽然沉沉一紧，一股钝重的快感自身体最深处泛起，漫过年幼的{TargetName}绷紧的小腹，令她轻轻一颤。\n这股深远的酥麻不似别处那般尖锐，而是自最深的核心缓缓扩散，酸胀酥软地渗进腰际，令意识清明的她好奇又慌乱，惊讶于自己身体最深的地方竟也能泛起这样的感觉。\n她并非不懂性事，也晓得这份快感所连着的怀孕可能，正因如此那份新奇里更掺进了几分隐秘的悸动，稚气的脸颊烧得通红。\n{womb}轻轻收缩带来的甜痒虽只是浅浅一波峰值，却令她的呼吸微微乱了节奏，好奇地贪恋着这陌生的深处甜腻，任由那轻度绝顶的余韵在幼小身体里久久萦绕。
1009,action_part_w_orgasm_small_C,0,CVP_A2_T|6_E_0&CVP_A2_T|7_E_1&CVP_A2_T|222_E_0,自身体最深处翻涌上来的钝重甜麻令未成年的{TargetName}微微一僵，{womb}一沉一沉地轻轻收缩着。\n那股深沉的快感如温热浪潮自最深的核心漫开，酸胀酥软地淌过稚嫩的下腹与腰腹，与集中一点的锐利刺激大不相同，令她好奇地体察着这从未预料的深处悸动，意识虽清醒脑中却泛起细腻的甜软。\n她早已了解性知识，也明白这最深处正是孕育之所，可这份认知非但没有令她退缩，反而勾起了更浓的探索欲，稚气的心里既羞涩又雀跃。\n{womb}轻轻的抽缩带来一阵阵浅浅的甜腻，那小小的绝顶令她惊讶又沉迷，红着脸细细感受着这轻度高潮留在幼小身体里的酥软余温，久久缓不过神来。

1010,action_part_w_orgasm_small_C,0,CVP_A2_T|7_E_0&CVP_A2_T|222_E_1,一阵沉甸甸的钝重快感骤然从{womb}这一身体最深处泛了起来，如同温热的浪潮般缓缓漫过下腹与腰际，令{TargetName}猝不及防地轻轻颤抖起来。\n她的身体虽已完全长成，心里却对这一切一无所知，根本弄不明白自己最深处的地方竟然也会有感觉，那股由内向外扩散的深沉甜痒令她茫然又惊讶，脑子里一片混乱，什么都想不清楚。\n这只是轻浅的快感小峰值，意识还算清醒，她却压不住身体细细的战栗，心底涌上从未有过的羞涩与困惑，只能懵懵懂懂地任由那股钝重的酥麻在体内一波一波地荡漾。\n{womb}残留着一丝深沉的余颤，那种说不清好坏的奇异滋味令成熟却无知的她久久回不过神来。
1011,action_part_w_orgasm_small_C,0,CVP_A2_T|7_E_0&CVP_A2_T|222_E_1,一股深沉厚重的酥麻感自{womb}最深的核心悄然涌起，不同于任何浅表的刺激，而是沉甸甸地漫过整个下腹，令{TargetName}的身体不受控制地轻轻一颤。\n成熟的她心智却仍如孩童般懵懂，完全不理解身体深处为何会传来这样陌生而奇异的感觉，只觉得那股钝重的甜痒一波波地扩散开来，令她惊慌又迷乱，心跳骤然加快。\n这轻度的绝顶尚在她能承受的范围之内，意识并未被冲垮，可那种从体内最深处泛起的深远快感还是让她茫然失措，脸颊不知不觉地染上潮红。\n她乖巧地承受着，弄不清这究竟是好是坏，只能任由{womb}轻轻收缩，把那股深沉的余韵久久留在懵懂的身体里。
1012,action_part_w_orgasm_small_C,0,CVP_A2_T|7_E_0&CVP_A2_T|222_E_1,一阵钝重而深沉的快感骤然从{womb}深处漫了出来，像温热的潮水般缓缓浸过下腹与腰腹，令{TargetName}猝不及防地打了个细颤。\n她拥有成熟女性的身体，认知却依旧一片空白，从没想过身体最深处竟也会涌起这般奇异的滋味，那股由内而外扩散的深沉酥痒令她又惊又慌，脑子里蓦地空荡荡的，一时什么都顾不上想。\n这不过是快感的小小峰值，意识还算清明，她却无论如何也压不住身体的轻颤，心底那份说不清的羞涩与困惑横冲直撞，令她茫然地睁大了眼。\n直到{womb}那阵深沉的颤动慢慢平息，成熟却无知的她仍红着脸怔怔出神，弄不懂自己的身体为何会有这样的反应。
1013,action_part_w_orgasm_small_C,0,CVP_A2_T|7_E_0&CVP_A2_T|222_E_1,钝重深沉的快感自{womb}这一体内最深的角落缓缓升腾，如浪潮般一层层漫过酸胀酥麻的小腹与腰际，令{TargetName}的身体轻轻战栗。\n身体虽已发育得成熟丰盈，她的心却仍懵懂无知，完全不明白这从最深处泛起的沉甸甸的甜痒究竟意味着什么，只是本能地感受着那股陌生的酥软一点点扩散，惊讶得屏住了呼吸。\n这仅是轻浅的绝顶，快感虽深沉却仍在可承受之内，意识依旧清醒，可她压不住腰肢发软、大腿夹紧，心底涌起既甜美又慌乱的复杂情绪。\n那股由{womb}向全身弥漫的深沉余韵久久不散，令成熟而无知的她茫然又羞涩，怎么也回不过神。
1014,action_part_w_orgasm_small_C,0,CVP_A2_T|7_E_0&CVP_A2_T|222_E_1,一股温热而厚重的快感从{womb}最深处悄然泛起，沉沉地漫过下腹，渗进腰际每一寸成熟的肌肤，令{TargetName}不受控制地轻轻一颤。\n她早已长成婀娜的身段，脑子里却对性事一无所知，弄不明白身体最深的地方为何会传来这般深沉钝重的酥麻，那种由内向外扩散的甜痒令她既新奇又困惑，心跳乱成一团。\n这轻度的小绝顶并未将她的意识冲垮，她神志尚清，却半点也管不住身体的诚实反应，只觉得那股深远的快感令她茫然而惊异，脸颊悄悄烧红。\n{womb}那细微的余颤带着说不清道不明的奇异满足感，令懵懂的她久久沉浸在这陌生的甜腻里，缓不过神来。

1015,action_part_w_orgasm_small_C,0,CVP_A2_T|102_E_1&high_1,一股深沉钝重的快感骤然从{womb}这一身体最深处的核心泛起，幼小懵懂的{TargetName}根本没有料到自己那么深的地方竟然也会有感觉。\n那股厚重的酥麻如同温热的浪潮，自小腹最深处缓缓漫过稚嫩的腰际，与她曾隐约感受过的那种浅表刺激截然不同，深远而沉甸甸的，令幼小的她脑子里乱乱的，什么都想不清楚，只隐隐觉得身体最里面有什么在悄悄发烫紧缩。\n这只是轻度的小绝顶，快感虽深却还在她能承受的范围内，稚嫩的意识还算清醒，可小小的心脏怦怦乱跳，满是从未有过的慌乱与羞涩，不明白自己身体最深处为什么会冒出这种奇怪的甜痒。\n那阵令人迷乱的深处颤动慢慢平息，{TargetName}却还没回过神来，稚气的小脸红扑扑的，懵懵懂懂地感受着那股深远余温慢慢消散在幼小的身体里。
1016,action_part_w_orgasm_small_C,0,CVP_A2_T|102_E_1&high_1,一阵钝重深沉的酥麻感骤然自{womb}深处涌了出来，令幼小的{TargetName}猝不及防地轻轻颤了一下，那股快感竟是从身体最里面、最深的地方泛起的。\n它不像那种集中在一点上的尖锐刺激，而是沉甸甸、厚重重地漫过稚嫩的下腹与腰肢，一波一波地荡漾着，令娇小的她头皮发麻，脑子里有一瞬间的空白，完全不知道该如何应对身体最深处传来的这种陌生滋味。\n{TargetName}隐隐约约知道那里是很深很深的地方，正因如此才更觉羞涩与困惑，稚嫩的心脏急速跳动着，既惊讶又懵懂，脸颊不受控制地泛起潮红。\n这轻浅的小绝顶意识尚且清醒，身体却已不听使唤地细细颤动，那阵深处的甜痒慢慢退去后，幼小的她心里仍装满了说不清的迷茫与羞怯，久久缓不过神来。
1017,action_part_w_orgasm_small_C,0,CVP_A2_T|102_E_1&high_1,深处的快感像温热的浪头，自{womb}这一最深处的核心缓缓泛起，一圈一圈漫过{TargetName}尚未发育的小腹与细嫩的腰际，令幼小的她浑身轻轻一颤。\n那股钝重厚实的酥麻与浅表的搔痒全然不同，深沉得仿佛要从身体最里面把她整个人泡软，稚嫩的意识在那一刹那迷糊了一点，小小的脑袋里乱成一团，只剩下那股深远的甜痒在体内沉沉荡漾。\n{TargetName}懵懂地睁大了圆眼，对身体最深处竟也能生出感觉这件事满是惊讶与羞耻，稚气的小脸滚烫，心怦怦直跳，既想弄明白这是什么，又羞得不敢细想。\n这只是快感的小峰值，还够不上真正的绝顶，幼小的她意识还算清醒，却压不住身体那股诚实的战栗，直到那阵深处的余韵慢慢消散，她才懵懵懂懂地缓过神来，心里满是甜腻又茫然的滋味。
1018,action_part_w_orgasm_small_C,0,CVP_A2_T|102_E_1&high_1,一阵从未预料到的深沉甜麻感骤然自{womb}深处涌出，{TargetName}幼小的身体轻轻颤了一下，那股快感钝重而厚实，是从身体最里面沉沉泛起来的。\n它顺着最深处一圈圈向外漫开，渗进稚嫩的小腹，令细嫩的腰肢也跟着微微一颤，幼小的她心跳骤然乱了节奏，稚嫩的意识虽还清醒，脑子里却涌起一片细碎的甜麻，向来天真活泼的神情在那一瞬悄然迷乱。\n那么深的地方居然也会这样酥软，{TargetName}既惊讶又羞涩，懵懂的心里塞满了搞不明白的困惑，细嫩的大腿下意识地并拢夹紧，稚气的小脸浮起细腻的红晕。\n这轻度的小绝顶来得快去得也快，等那阵深处的甜痒渐渐退散，幼小的她心里还装着说不出口的迷乱与羞怯，那股深远余味在稚嫩的身体里悄悄消散，却令她久久回味不已。
1019,action_part_w_orgasm_small_C,0,CVP_A2_T|102_E_1&high_1,{womb}忽然轻轻抽紧了一下，一股深沉而出乎预料的钝重快感自身体最深处悄然漫出，令幼小的{TargetName}浑身微微一颤，那种厚重的酥意顺着最深处向外渗开，沉甸甸地漫过尚未发育的小腹与细嫩的腰腹。\n这快感深远得与浅表的搔痒截然不同，仿佛要从身体最里面把稚嫩的她一点点融化，幼小的意识虽还算清醒，脑子里却已涌起一片深沉的甜软，什么都顾不上想，只清晰地感受着最深处那种陌生而鲜明的酥麻。\n{TargetName}懵懵懂懂地意识到那是身体里很深很深的地方，正因如此才愈发羞涩与困惑，稚嫩的脸蛋骤然绯红，小小的心脏扑通扑通乱跳，既慌乱又茫然。\n这轻浅的小峰值渐渐平息，幼小的她脸颊仍有些发烫，心底装满了说不清道不明的甜腻与羞怯，那股深处的余颤久久残留，令她一时缓不过神来。

1020,action_part_w_orgasm_small_C,0,CVP_A2_T|103_E_1&high_1,一股沉甸甸的钝重快感自{womb}这一身体最深处的核心骤然泛起，稚嫩懵懂的{TargetName}根本没料到自己身体最深的地方竟也会有这样的感觉。\n那股深沉的酥麻如温热的浪潮般缓缓漫过发育中的下腹与腰际，带来一阵酸胀酥软，不同于别处那种集中一点的锐利，而是沉钝而深远，令她小小的脑袋一片茫然。\n{womb}轻轻抽缩着，那种深处的甜痒令萝莉又羞又惑，稚嫩的心怦怦乱跳，她隐约觉得身体最深处像是被什么撑着，却说不清是好是坏。\n这只是轻浅的小绝顶，意识还算清醒，可稚气的她还是被这无法控制的深处快感弄得慌乱不已，只能懵懂地任由那阵甜麻在幼小的身体里漫过，脸颊悄悄红透。
1021,action_part_w_orgasm_small_C,0,CVP_A2_T|103_E_1&high_1,深藏体内的{womb}忽然沉沉地泛起一阵厚重的快感，令{TargetName}猝不及防地轻轻一颤，那种从身体最深处涌出的钝重酥麻是她从未体验过的。\n甜腻的浪头自{womb}缓缓漫开，渗过尚在发育的小腹，漫过纤细的腰肢，带来深沉的酸胀酥软，令娇小的她心跳骤然加快，脑子里一瞬空白。\n{womb}一下下轻轻抽紧，萝莉隐约明白这大约是极舒服的感觉，可正因这份懵懂的明白，稚气的脸蛋才越发红透。\n她惊讶于身体最深处竟也这般敏感，那种深远的甜痒令她既好奇又害怕，只是这轻度的绝顶还在能承受的范围内，意识尚且清醒，稚嫩的心却被这无法自控的甜麻搅得又乱又慌，久久无法平静。
1022,action_part_w_orgasm_small_C,0,CVP_A2_T|103_E_1&high_1,一阵深沉钝重的酥麻自{womb}最深处缓缓升起，稚嫩的{TargetName}身子轻轻一软，那股快感不像别处那样尖锐，而是沉甸甸地自体内最深的核心漫开。\n温热的甜痒漫过发育中的下腹，渗进纤细的腰腹，带来一阵酸胀酥软，令萝莉的意识短暂地迷糊了一下，小小的心脏怦怦跳个不停。\n{womb}轻轻收缩抽紧，那种从身体最深处泛起的钝甜令她既羞涩又困惑，稚气的她根本想不明白，那么深的地方为什么也会传来这样酥软的感觉。\n这只是快感的小峰值，还远不到真正绝顶的地步，可无法控制的轻度高潮还是让她又惊又慌，脸颊烫得通红，只能懵懵懂懂地感受着那阵甜腻在幼小身体里久久回荡。
1023,action_part_w_orgasm_small_C,0,CVP_A2_T|103_E_1&high_1,从{womb}这一身体最深处的核心，一股钝重深远的快感骤然涌出，令{TargetName}稚嫩的身子轻轻一颤，那种深沉的酥麻带着令她措手不及的甜腻。\n它自{womb}向外一圈圈地漫开，沉沉地渗过发育中的小腹与腰肢，带来酸胀酥软的甜痒，萝莉的心跳骤然乱了节奏，脑中泛起一片细碎的甜麻。\n{womb}轻轻抽缩着，稚气的她惊讶地发现身体最深处竟藏着这样的敏感，那种既陌生又羞人的感觉令她又好奇又难为情，小脸红得发烫。\n虽只是轻浅的小绝顶，意识尚清醒，可这无法压制的深处快感还是令她慌乱不已，稚嫩的心底涌起说不清的羞涩与甜蜜，只能任由那阵钝甜在幼小躯体里悄悄漫过后又慢慢消散。
1024,action_part_w_orgasm_small_C,0,CVP_A2_T|103_E_1&high_1,{womb}忽然沉沉地泛起一阵深远绵长的酥麻，令稚嫩的{TargetName}浑身微微一颤，那种自身体最深处涌出的钝重快感是她既陌生又懵懂的。\n绵软的甜痒自{womb}缓缓向外扩散，漫过发育中的小腹，渗进纤细的腰腹，带来深沉的酸胀酥软，令萝莉的呼吸浅浅急促了几分，意识也短暂地散乱了一下。\n{womb}一下下轻轻抽紧收缩，稚气的她被这从最深处泛起的甜腻弄得又羞又惑，小小的心脏扑通乱跳，只觉得身体最深的地方像是被什么撑得暖暖的。\n这不过是快感的小峰值，还够不上真正的绝顶，可这无法控制的轻度高潮还是让她慌乱又羞涩，脸颊烫红，只能任那阵深处的甜麻在幼小的身体里久久残留，缓不过神来。

1025,action_part_w_orgasm_small_C,0,target_is_player_daughter&high_1,一股钝重深沉的酥麻自{womb}这一身体最深处的核心悄然泛起，令少女般的{TargetName}猝不及防地轻轻一颤。\n那股沉甸甸的甜痒不像一点上的锐利刺激，而是如温热的浪潮般缓缓漫过下腹与腰际，令她整个人都酥软下来，脑子里乱乱的，什么都想不清楚，只隐约觉得身体最深处竟也会泛起这样的感觉。\n{TargetName}的意识虽还清醒，心里却因这无法控制的轻度高潮而充满羞涩与慌乱，尤其想到让自己深处发热的竟是亲生父亲{Name}，那份背德的羞耻与甜蜜交织在一起，令她小小的心脏怦怦乱跳。\n{womb}不由自主地轻轻收缩着，那种深沉的甜腻既让她惊讶又叫她茫然，只能懵懵懂懂地任由那阵钝重的酥麻在体内漫开，久久缓不过神来。
1026,action_part_w_orgasm_small_C,0,target_is_player_daughter&high_1,一阵深沉而钝重的快感自{womb}深处缓缓涌出，漫过{TargetName}稚气未脱的小腹与腰肢，令这少女似的身子轻轻颤动。\n那种自体内最深处泛起的酥麻绵软而厚重，与一点上的锐利刺激截然不同，如温热的浪头一波波荡开，令她的意识短暂地迷离了一下，心跳骤然加快。\n她当然知道这是什么感觉，正因为知道，脸颊才在那一瞬染上浓烈的红晕——身体最深处的地方竟然也会有感觉，这令她既羞耻又困惑，更何况在自己身上作乱的是父亲{Name}。\n那份禁忌的甜腻在心里横冲直撞，{TargetName}暗暗咬住下唇，却压不住{womb}一下下的轻轻抽紧，只觉得又甜又慌，久久无法平静。
1027,action_part_w_orgasm_small_C,0,target_is_player_daughter&high_1,一股温热的浪潮自{womb}这一身体最深处的核心缓缓泛起，钝重深沉的甜痒漫过下腹与腰际的酸胀酥麻，令少女般的{TargetName}轻轻一颤。\n这只是轻度的绝顶，快感虽深沉却仍在她可承受的范围内，意识还算清醒，身体却无法抑制地做出反应，脑中涌起一片细碎的甜软。\n她羞窘地意识到，让自己身体最深处泛起这种感觉的正是亲生的父亲，那份伦理上的罪恶感与从深处扩散而来的甜腻纠缠在一起，令她的心又颤又乱。\n{womb}轻轻收缩着，将那股绵密的钝重快感一遍遍传遍全身，{TargetName}既惊讶于自己竟会如此，又羞涩得不敢抬眼，只能任那阵深沉的余韵在体内慢慢消散。
1028,action_part_w_orgasm_small_C,0,target_is_player_daughter&high_1,一阵出乎预料的钝重甜麻自{womb}深处悄然涌出，{TargetName}那少女似的身子轻轻颤了一下，那股绵密而深沉的快感夹带着令她措手不及的甜腻。\n它自身体最深处一圈圈漫开，渗进绷紧的小腹，令腰肢也跟着微微一颤，与阴蒂那种集中在一点上的锐利截然不同，是一种沉甸甸漫过骨盆的深远滋味。\n她的意识虽还清醒，脑子里却已涌起细碎的甜软，更叫她羞乱的是，让自己深处颤动的竟是父亲{Name}，那份背德的刺激令她心跳骤乱。\n{TargetName}咬了咬下唇想要稳住神，却压不住{womb}轻轻的收缩，只觉得这从最深处泛起的甜腻既陌生又诱人，令她既惊又羞，久久缓不过来。
1029,action_part_w_orgasm_small_C,0,target_is_player_daughter&high_1,{womb}忽然轻轻颤了一下，一阵细腻而深沉的钝重甜麻自身体最深处悄然漫出，令少女般的{TargetName}浑身微微一颤。\n那种绵软的酥意自{womb}向外缓缓渗开，漫过绷紧的小腹与稚气的腰际，与一点上的锐利快感全然不同，是从核心泛起、沉甸甸荡过下腹的深远颤栗，令她呼吸浅急了几分。\n意识虽还清醒，脑中却已涌起一片甜软，她羞涩地觉出，让自己身体最深处生出感觉的正是亲生父亲，那份禁忌与甜蜜交织，令她既慌乱又忍不住地沉迷。\n{TargetName}悄悄夹紧了双腿，任{womb}一下下轻轻收缩，将那股深沉的甜腻一次次传遍全身，心底满是说不清的羞窘与惊异，久久无法平复。

1030,action_part_w_orgasm_small_C,0,CVP_A2_T|104_E_1&high_1,一股深沉钝重的快感自{womb}这一身体最深处的核心悄然泛起，如温热的浪潮般缓缓漫过{TargetName}的下腹与腰际，令年轻的少女猝不及防地轻轻一颤。\n这种酥麻与阴蒂那种尖锐的刺激截然不同，是沉甸甸地自最深处涌上来的，令她既惊讶又困惑——身体最深处那样隐秘的地方竟然也会有这般感觉。\n{TargetName}的意识还算清醒，脑子里却泛起一片细腻的甜软，青涩的心口怦怦乱跳，脸颊不受控制地烧红。\n她既想把这陌生的甜痒压下去，又忍不住被那自{womb}扩散而来的深沉酥麻带着走，羞涩与迷乱交织，令她这个才刚成年的少女暗暗咬紧了下唇。
1031,action_part_w_orgasm_small_C,0,CVP_A2_T|104_E_1&high_1,深处那股厚重的快感自{womb}缓缓漫开，一圈圈地荡过{TargetName}紧致的小腹，那种钝沉的酥麻感令年轻的她心头猛地一跳。\n她从未想过身体最深处竟能涌出这样深远绵长的快感，与集中在一点的锐利刺激全然不同，是沉甸甸、暖融融地漫过腰腹的，令她又羞又慌。\n意识虽还清醒，脑海却蓦地空了一瞬，充满朝气的少女只觉那股甜痒一波波在体内深处漾开，令她的呼吸微微乱了节奏。\n{TargetName}既向往又紧张，青涩的心里满是说不清的甜蜜与窘迫，既惊讶于{womb}那种鲜明的颤动，又羞得不知该把眼神放向何处，只能任那轻浅的快感在身体深处细细蔓延。
1032,action_part_w_orgasm_small_C,0,CVP_A2_T|104_E_1&high_1,细腻而深沉的快感自{womb}最深处缓缓涌出，像温热的浪头漫过{TargetName}的腰腹，令这个青春靓丽的少女浑身泛起一阵酥软的颤意。\n那种自体内深处泛起的钝重甜痒令她头皮发麻，与阴蒂的尖锐快感截然不同，沉沉地压在下腹深处，一波一波地散开。\n{TargetName}的意识还算清明，心底却涌起一片迷乱的甜软，她惊讶又羞怯地发觉，原来身体最深处那样隐秘的地方也会传来这般鲜明的快感。\n年轻的心脏急速跳动着，那股既陌生又甜腻的滋味令她既想深藏心底，又忍不住沉溺其中，青涩的脸颊烧得滚烫，只能任由那轻浅的小绝顶在{womb}深处悄悄漫开。
1033,action_part_w_orgasm_small_C,0,CVP_A2_T|104_E_1&high_1,一阵深远而钝重的快感自{womb}这一最深处的核心泛起，沉甸甸地漫过{TargetName}的骨盆与下腹，令年轻的少女不由自主地轻轻战栗。\n这种自身体最深处涌上来的酥麻感令她又惊又羞，青涩的她还是头一次知道，原来那样深的地方也能生出如此绵密的甜痒。\n{TargetName}的意识依旧清醒，脑海里却荡漾着一片细腻的甜软，充满青春气息的心口怦怦直跳，既向往又紧张的情绪在胸中横冲直撞。\n她暗暗咬着下唇想要稳住自己，却压不住那自{womb}扩散而来的深沉快感，羞涩、迷乱与甜蜜交织，令她这个刚成年的少女心里乱成一团，只能任那轻浅的峰值细细漾过。
1034,action_part_w_orgasm_small_C,0,CVP_A2_T|104_E_1&high_1,深沉钝重的快感自{womb}最深处缓缓漾开，如温热的潮水般漫过{TargetName}的下腹与腰际，那股绵密的酥麻令青春的少女轻轻一颤。\n她从未料到身体最深处竟藏着这样一处能生出快感的地方，这种沉甸甸、暖洋洋的甜痒与阴蒂的尖锐刺激毫不相同，令她既羞怯又新奇。\n{TargetName}的意识还算清醒，可脑子里已被那片细腻的甜软填满，年轻的心脏跳得飞快，脸颊也不争气地泛起浓浓的绯红。\n那种既陌生又甜蜜的滋味令她心底满是慌乱与羞涩，青涩的她既想抗拒又忍不住迷恋，只能任由{womb}那轻浅而鲜明的颤动，将这次甜美的小绝顶悄悄诉说出来。

1035,action_part_w_orgasm_small_C,0,CVP_A2_T|105_E_1&high_1,一阵沉甸甸的钝重快感自{womb}这一身体最深处的核心悄然泛起，令{TargetName}猝不及防地轻轻一颤。\n那股深沉的酥麻如温热的浪潮般缓缓漫过下腹与腰际，与她熟悉的那种集中在一点的锐利快感截然不同，是从身体最深处沉沉涌上来的，令她成熟而略带青涩的心头一阵慌乱。\n她的意识还算清醒，只是没想到身体最深处的地方竟然也会有如此鲜明的感觉，那份羞耻与困惑令她脸颊悄悄泛红，明明想端出几分从容，偏偏那股深处的甜痒无法压制。\n{womb}轻轻收缩的余韵在体内缓缓漫开，带着令她既甜蜜又窘迫的滋味，令这位成熟中透着青涩的大姐姐一时缓不过神来，心底涌动着说不清的迷乱。
1036,action_part_w_orgasm_small_C,0,CVP_A2_T|105_E_1&high_1,从{womb}深处涌出的快感是那样深沉而厚重，一波一波地漫过{TargetName}绷紧的小腹，令她成熟丰盈的身体轻轻战栗。\n这种自体内最深处泛起的钝重甜麻，不同于以往那种锐利的刺激，是沉甸甸地漫过骨盆与腰腹的深远感觉，令她一时意识短暂地散乱，脑子里涌起一片细腻的甜软。\n她自认已有几分心理准备，可当身体最深处竟也传来如此鲜明的酥痒时，那份惊讶与羞怯还是不受控制地涌上心头，成熟的娇颜浮起红晕，青涩的一面在这轻浅的高潮里悄然显露。\n她清楚地感受着{womb}轻轻收缩带来的甜蜜与迷乱，那阵轻度的绝顶虽在可承受的范围，却已令她的心跳乱成一团，暗暗咬着下唇也止不住身体细细的颤动。
1037,action_part_w_orgasm_small_C,0,CVP_A2_T|105_E_1&high_1,一股温热的浪潮自{womb}这身体最深处的核心缓缓漫开，令{TargetName}的心头猛地一跳。\n那股深沉钝重的酥麻从最深处向全身扩散，漫过下腹与腰际的酸胀酥麻令她双腿无意识地夹紧，脑海里蓦地空荡荡的，只剩那股深远的甜痒一波波荡漾，令她的意识短暂迷离了一下。\n身为一个已完全成熟的大姐姐，她本以为自己能稳住神，可身体最深处竟会有这样鲜明的感觉，还是令她又惊又羞，颊边的绯红顷刻蔓延，那份青涩在成熟的面容上悄然浮现。\n{womb}轻轻收缩的甜腻余味令她久久不能平静，那阵浅浅的绝顶带着难以启齿的满足感，令她既想装作若无其事，又实在压不住心底涌动的甜蜜与慌乱。
1038,action_part_w_orgasm_small_C,0,CVP_A2_T|105_E_1&high_1,一阵从未预料的深沉甜麻自{womb}最深处涌出，{TargetName}的身体轻轻颤了一下，那股钝重而绵密的快感夹带着令她措手不及的酥软。\n它自身体最深处一圈圈地漫开，沉沉地渗进绷紧的小腹与丰腴的腰腹，令她向来沉稳的神态在那一瞬悄然乱了，意识虽还算清醒，脑中却已涌起一片细碎的甜麻。\n理论上她早已熟悉快感，可当{womb}这最深处的地方也传来鲜明的颤动时，那份惊讶与羞涩还是不受控制地涌上来，丰腴的腰身弓起一分，双腿下意识收拢，成熟中带着青涩的脸上浮起红晕。\n她咬了咬下唇想稳住神，却发现那种深处的甜意根本压不住，只能任那阵轻浅的高潮在体内缓缓漫开，心底悄悄燃起更浓的渴望。
1039,action_part_w_orgasm_small_C,0,CVP_A2_T|105_E_1&high_1,{womb}忽然轻轻一缩，一阵深沉而出乎预料的钝重快感自身体最深处悄然漫出，令{TargetName}浑身微微一颤。\n那种绵软的酥意自最深处向外渗开，沉沉漫过绷紧的小腹，渗进每一寸成熟丰腴的肌肤，令她的呼吸浅急了几分，脑中涌起一片细腻的甜软，一时什么都顾不上想。\n这种快感她并非全然陌生，可身体最深处竟也会如此鲜明地颤动，还是令她这位成熟里透着青涩的大姐姐脸颊骤然绯红，心底涌上一阵复杂而羞怯的情绪，既惊讶自己竟这般诚实，又羞于承认那份深处的甜蜜。\n那阵轻度的绝顶渐渐平息，{womb}残余的细微颤意带着令她难以言说的满足，令她久久缓不过神，心底装满了甜蜜与迷乱交织的余韵。

1040,action_part_w_orgasm_small_C,0,CVP_A2_T|106_E_1&high_1,一股沉甸甸的钝重快感冷不防自{womb}这一身体最深处的核心泛起，成熟的{TargetName}轻轻一颤，那股厚重的酥麻如温热的浪潮般缓缓漫过下腹与腰际。\n理论上她早已熟知这是什么感觉，可当快感真切地自身体最深处涌来时，那份沉稳从容仍不受控地乱了阵脚，脑中泛起一片细腻的甜麻，令她一时什么都顾不上想。\n这只是轻浅的小绝顶，意识还算清明，可身体最深处竟也这般敏感的事实令她既羞涩又迷乱，成熟的眸底悄悄燃起一丝不甘止步的渴望。
1041,action_part_w_orgasm_small_C,0,CVP_A2_T|106_E_1&high_1,那股深沉钝重的快感自{womb}最深处一波波荡开，令{TargetName}猝不及防地轻颤了一下，厚重的酥麻沉甸甸地漫过骨盆，渗进成熟丰腴的每一寸腰腹。\n她当然明白这份感觉，正因为明白，才愈发脸红，身为摸爬滚打多年的熟女，竟被这来自身体最深处的钝重颤动撩得意识微微散乱，心跳骤然加快。\n这轻浅的小峰值虽在可承受的范围内，那种自腹底翻涌上脊背的甜痒却令她暗暗咬唇，既窘迫又沉醉，成熟的心底悄然涌起难以言说的迷乱与惬意。
1042,action_part_w_orgasm_small_C,0,CVP_A2_T|106_E_1&high_1,一阵厚重深沉的酥麻从{womb}这一身体最深处的核心缓缓泛起，成熟的{TargetName}心头猛地一跳，那股钝重的甜痒沉甸甸地漫过下腹，扩散到丰腴的腰际。\n她并非不熟悉这种感觉，可真正自身体最深处被撩动而绝顶的这一刻，那份历经世事的从容还是碎成了细密的甜麻，脑中空荡荡的，什么都想不清楚。\n这不过是轻度的小高潮，意识尚算清醒，那种最深处的地方也会有感觉的羞耻与困惑却令她面颊滚烫，成熟的心底泛起一片沉沦般的甜蜜。
1043,action_part_w_orgasm_small_C,0,CVP_A2_T|106_E_1&high_1,{womb}深处忽然涌起一股绵厚的钝重快感，令{TargetName}浑身微微一颤，那种沉甸甸的酥胀酥麻自身体最深处一圈圈漫开，渗进成熟丰腴的腰腹。\n身为深谙此道的熟女，她本以为能稳住心神，可这来自最深处的深沉颤动还是令她猝不及防，意识短暂地散乱，成熟稳重的神态在那一瞬悄然崩塌。\n她暗暗咬紧下唇想要压制，那股翻涌上脊背的甜痒却根本止不住，既羞涩又沉醉，心底那份对快感直白的渴求，令她在这轻浅的绝顶后仍觉意犹未尽。
1044,action_part_w_orgasm_small_C,0,CVP_A2_T|106_E_1&high_1,一阵出乎预料的钝重甜麻自{womb}最深处沉沉泛起，成熟的{TargetName}轻轻战栗，那股厚重的快感如温热岩浆般缓缓漫过下腹，浸透丰腴的腰肢。\n历经岁月的她对床笫之事早有丰富的理论，可当快感真切地自身体最里侧翻涌而来，那份从容仍被冲得七零八落，心跳乱作一团，意识微微迷离。\n这轻浅的小绝顶虽未将她冲垮，那种自身体最深处泛起的深沉甜痒却令她既惊讶又羞涩，成熟的眸中浮起一抹迷乱的光，暗暗渴望着更深的沉沦。

1045,action_part_w_orgasm_small_C,0,CVP_A2_T|107_E_1&high_1,一阵深沉钝重的快感自{womb}这一最深处的核心缓缓泛起，如温热的浪潮漫过下腹与腰际，令已为人妻的{TargetName}猝不及防地轻颤。\n那股酸胀酥麻与阴蒂尖锐的刺激截然不同，是从最里层沉沉涌上的深远甜痒，令她头脑一阵发懵。\n意识还算清明，她却压不住这轻度绝顶的颤栗，心底猛地涌上复杂的羞涩——分明已是有丈夫的女人，如今却让{womb}因这禁忌快感而轻轻收缩，背德的甜蜜与愧疚交织成难言的滋味，搅得她心跳乱成一团。
1046,action_part_w_orgasm_small_C,0,CVP_A2_T|107_E_1&high_1,快感从身体最深处的{womb}钝钝地泛起，像一圈温热的涟漪缓缓荡过下腹，渗进人妻{TargetName}绷紧的腰腹，令她的呼吸浅急了几分。\n这种深处的甜软与集中一点的锐利刺激全然不同，是沉甸甸自里向外漫开的，她惊讶于身体最深的地方竟也会有这样的感觉。\n意识虽还清醒，脑子里却已涌起一片细腻的甜麻，那阵轻浅的绝顶令她脸颊骤红，想到背着丈夫在这里沉沦，禁忌的罪恶感与无法压抑的甜蜜一同涌上，令她既惶恐又忍不住迷醉。
1047,action_part_w_orgasm_small_C,0,CVP_A2_T|107_E_1&high_1,一股厚重深沉的酥麻自{womb}最里层缓缓涌出，顺着下腹一路漫过腰际的酸胀，令已婚多年的{TargetName}浑身微微一颤。\n那快感不像阴蒂那般尖锐集中，而是自最深处沉沉泛起的深远甜痒，一波一波地荡开，令她的意识短暂地散乱了一下。\n她清醒地感受着{womb}那轻微而鲜明的收缩，心底涌起说不清的羞涩与困惑，明明是有丈夫的身子，却在这背德的时刻迎来轻度的绝顶，那份禁忌的甜蜜与对家庭的愧疚缠成一团，令她既沉沦又难安。
1048,action_part_w_orgasm_small_C,0,CVP_A2_T|107_E_1&high_1,深沉钝重的快感自{womb}这一最深处的核心泛起，如温热浪潮漫过下腹与腰腹的酸软，令人妻{TargetName}的身体不受控地轻轻战栗。\n这股自里向外扩散的深远甜痒与阴蒂的锐利快感迥异，她既惊讶又羞赧于身体最里处竟这般敏感。\n意识仍旧清明，那阵轻浅的高潮却压制不住，她的脸颊烫得厉害，心底翻涌着背着丈夫偷欢的罪恶与甜腻——{womb}每一下轻收都在提醒她这份禁忌，令她心跳失序，却又忍不住沉溺在这背德的迷乱之中。
1049,action_part_w_orgasm_small_C,0,CVP_A2_T|107_E_1&high_1,{womb}忽然轻轻一缩，一阵出乎预料的深沉甜麻自身体最深处漫出，渗进已为人妻的{TargetName}每一寸丰腴肌肤，令她的呼吸骤然浅急。\n那种钝重绵密的快感自最里层沉沉涌来，与阴蒂那点集中的锐利截然不同，令她惊觉这最深的地方也能被撩拨得酥软。\n意识虽清醒，脑中却已是一片甜软，她想到自己身为人妻却在这里让{womb}因禁忌而颤动，背德的刺激与深藏的愧疚交织在轻度的绝顶里，令她眸中泛起迷乱的光，既想抗拒又忍不住随之沉沦。

1050,action_part_w_orgasm_small_C,0,CVP_A2_G_E_0,一股深沉钝重的酥麻自{womb}这一身体最深处缓缓泛起，如温热的浪潮般漫过{TargetName}的下腹与腰际，那种从体内最深处涌上来的甜痒和阴蒂那种尖锐的刺激截然不同，令她猝不及防。\n她的意识还算清醒，却怎么也压不住那一波波钝重的酥软，脑子里乱糟糟的，只茫然地想着自己怎么会和一个几乎不认识的人走到这一步。\n她既惊讶又羞耻，原来身体最深处竟也会有这样的感觉，那份对陌生关系的困惑与后悔，混着这轻浅的甜腻在心底横冲直撞，令她不知所措。
1051,action_part_w_orgasm_small_C,0,CVP_A2_G_E_0,一阵厚重深沉的快感从{womb}深处缓缓漫出，酸胀酥麻地荡过{TargetName}的小腹与腰腹，那是自身体最深处泛起的钝重甜痒，绵软而深远，并不锐利，却令她整个人都被那股酥软笼罩。\n她清醒地感受着这一切，心里却乱成一片，明明和这个男人还形同陌路，身体却诚实地对他起了反应，这让她又羞又惑。\n她隐隐后悔，却又无法抑制那从深处一波波涌来的甜腻，只能咬着下唇，任由那份难以言说的迷乱在轻度的高潮里慢慢蔓延，心跳怦怦乱撞。
1052,action_part_w_orgasm_small_C,0,CVP_A2_G_E_0,细腻而深沉的甜痒自{womb}这一最深处的核心悄然升起，如缓缓漫开的温热浪潮般浸过{TargetName}的下腹，那股钝重的酥麻和阴蒂那种集中一点的锐利快感全然不同，令她心头猛地一跳。\n她的神志尚算清明，可下腹深处那沉甸甸的甜软实在压不住，脑中一片茫然，只反复想着自己为何会在这样陌生的关系中献出身体。\n那种既生理满足又满怀道德困惑的复杂滋味夹在轻浅的绝顶里，令她惊讶于身体最深处竟会有感觉，也羞愧于自己竟对一个陌生人如此诚实。
1053,action_part_w_orgasm_small_C,0,CVP_A2_G_E_0,一浪深远钝重的快感自{womb}深处缓缓泛起，酸酥地漫过{TargetName}的腰际与下腹，那种从体内最深处扩散开来的沉沉甜痒轻轻荡漾着，虽只是快感的小峰值，却令她无法忽视。\n她的意识还算清晰，可心里却翻涌着说不清的迷惘，为何自己会在这样一段陌生的关系里，任由身体对一个不相识的人做出这般诚实的回应。\n她想压制那份甜腻，却发现根本无能为力，只能怔怔地感受着{womb}泛起的深沉酥麻，心底既有羞涩的甜蜜，又夹着后悔与困惑，久久缓不过神。
1054,action_part_w_orgasm_small_C,0,CVP_A2_G_E_0,一阵出乎预料的深沉甜麻自{womb}这一身体最深处涌上来，如温热的浪潮般缓缓漫过{TargetName}的小腹与腰腹，那种钝重而绵软的酥意从核心向全身扩散，令她的呼吸不由浅急了几分。\n她的意识虽还清醒，脑子里却涌起一片细腻的甜软，惊讶地发觉身体最深处竟藏着这样深远的快感，那份新奇与羞耻同时攫住了她。\n她心底满是对这段陌生关系的疑惑，明明还叫不出彼此的关系，身体却已诚实地颤动着，那份茫然与迷乱交织在轻浅的高潮里，令她既慌乱又难以自持。

1055,action_part_w_orgasm_small_C,0,CVP_A2_G_E_1&high_1,一股钝重深沉的快感自{womb}这一身体最深处的核心悠悠泛起，令{TargetName}猝不及防地轻轻颤了一下。\n那种感觉不同于别处那种集中的锐利刺激，而是沉甸甸的、如温热的浪潮般自最深处缓缓漫过下腹与腰际，带来一片酸胀酥麻，令她脑子里乱乱的，什么都想不清楚。\n这只是轻度的小峰值，快感虽深沉却仍在她能承受的范围内，意识还算清醒，身体却怎么也压不住那阵颤动。\n{TargetName}茫然地想着，身体最深处的地方竟然也会有这样的感觉，一阵说不清的羞涩与困惑涌上心头，她连自己为何会任由{Name}这样靠近都不明白，却又莫名不想推开，反倒隐隐地想再靠近一些。\n那阵轻浅的绝顶慢慢退去，她的脸颊还热乎乎的，心口却怦怦乱跳，那种朦胧的悸动令她久久回不过神。
1056,action_part_w_orgasm_small_C,0,CVP_A2_G_E_1&high_1,一层沉甸甸的酥麻自{womb}深处缓缓涌起，{TargetName}只觉那股钝重的快感如浪潮般自体内最深处漫开，渗过小腹，渗过腰际，令整个人都细细地发颤。\n这种自身体最深处泛起的深沉甜痒她还很陌生，与别处那种尖锐的刺激截然不同，令她心头一阵慌乱，脑中有一瞬的空白。\n这只是轻浅的小高潮，快感虽明显却仍可承受，她的意识尚且清醒，身体却不受控制地反应着。\n{TargetName}的心里塞满了搞不明白的迷茫——她说不清自己为什么会在{Name}面前变成这样，也说不清胸口那阵莫名的悸动是什么，只觉得有一种奇异的、想要更亲近的冲动悄悄地攫住了她。\n那阵颤动平息后，她脸颊绯红，心却还没能安定下来，隐约的甜与说不出的窘迫在心底交织。
1057,action_part_w_orgasm_small_C,0,CVP_A2_G_E_1&high_1,一阵深远绵长的快感自{womb}这一最深处的核心荡开，令{TargetName}浑身微微一酥。\n那股钝重而温热的酥麻自下腹最深处缓缓向全身扩散，漫过腰腹，渗进每一寸肌肤，与她所熟悉的锐利快感全然不同，令她双腿无意识地夹紧，脑子里蓦地空荡荡的。\n这只是快感的小峰值，还远不到真正绝顶，她意识尚清，身体却诚实得让她羞窘。\n{TargetName}怔怔地想着，连身体最深的地方都会这样酥软颤动，这令她既惊讶又羞涩，心底那点对{Name}朦胧的好感在这一刻悄然放大，她不明白这份想要靠近的心意究竟意味着什么，只觉得心口的悸动越来越清晰。\n轻浅的绝顶退去后，她脸颊滚烫，那阵深沉的余韵在身体里悄悄消散，却在心里留下一片迷乱与隐隐的甜。
1058,action_part_w_orgasm_small_C,0,CVP_A2_G_E_1&high_1,钝重的快感自{womb}深处一波一波地泛起，{TargetName}的身子随之轻轻一颤，她本能地想压住那股自最深处涌上的酥麻，却发现根本无能为力。\n那种沉甸甸的甜痒自体内最深处缓缓漫过腰肢，漫过绷紧的小腹，令整具娇躯细细地战栗，她的意识在那一刹那有些迷糊，脑中乱了阵脚。\n这不过是轻度的小绝顶，快感虽深沉却仍在可承受之内，她神志尚清，身子却怎么也不肯听话。\n{TargetName}的心里满是懵懂的困惑，她不懂自己为何一到{Name}身边就变得如此难以自持，那阵从深处涌起的甜痒混着莫名的悸动，令她既羞又慌，却又隐隐生出一丝不愿言明的亲近渴望。\n那阵轻浅的颤动慢慢散去，她脸颊犹自发烫，心底涌动的甜蜜与迷茫久久无法平复。
1059,action_part_w_orgasm_small_C,0,CVP_A2_G_E_1&high_1,一股出乎预料的钝重甜麻自{womb}这一最深处的核心悄然涌出，{TargetName}的身子轻轻一悸。\n那种深沉的酥麻不同于集中在一点的锐利快感，而是自体内最深处一圈圈地漫开，渗进小腹与腰际，令她心跳骤然乱了节奏，意识虽还清醒，脑中却涌起一片细碎的甜软。\n这只是快感轻轻泛起的小峰值，她尚能承受，身体却已无法抑制地颤栗。\n{TargetName}茫然地想着，最深处的地方居然也会传来这样的感觉，一阵羞涩与惊讶涌上心头，她望向{Name}时心口莫名地悸动，连自己为何会对他生出这般想要依偎的念头都弄不明白，只是隐隐觉得甜。\n轻度的绝顶渐渐退散，她心里塞满了说不出口的迷乱情绪，那阵朦胧的甜与酥软的余韵久久萦绕不去。

1060,action_part_w_orgasm_small_C,0,CVP_A2_G_E_2,一股深沉而钝重的快感毫无预兆地自{womb}这一身体最深处的核心泛起，{TargetName}猝不及防地轻轻一颤。\n那股酥麻不似阴蒂那般锐利集中，而是如温热的浪潮般沉沉漫过下腹，漫过腰际，带起一片酸胀酥软，令她惊讶于身体最深的地方竟也会生出这般感觉，脑中一阵恍惚。\n意识虽还算清醒，可那份轻浅的绝顶已让她压不住颤栗，心里满满都是对{Name}的恋慕——她早已知晓自己的心意，却迟迟不敢向他表白，此刻只盼这亲密能替她传出那份爱意，又怕被他看穿后遭到婉拒，慌得不敢抬眼。\n{womb}残留的细微余颤裹着难以言说的甜，令她久久缓不过神。
1061,action_part_w_orgasm_small_C,0,CVP_A2_G_E_2,细密而深沉的甜麻自{womb}最深处一圈圈漫开，{TargetName}的心猛地一跳。\n那种钝重厚实的快感顺着下腹缓缓向腰腹扩散，酥酥地泛着痒，与寻常那种尖锐的刺激全然不同，令她又羞又惑——原来身体这样深的地方也会有感觉。\n这只是轻浅的小峰值，她的神志尚且清明，身体却诚实地颤着，心底那份藏了许久的恋慕愈发翻涌，她清楚自己喜欢{Name}，却始终鼓不起勇气吐露，既渴望借这份缠绵让他明白，又惶惶担心万一他不愿接纳自己该如何自处。\n那阵甜意慢慢退去，{womb}的余韵仍轻轻荡漾，令她面颊滚烫，心乱如麻。
1062,action_part_w_orgasm_small_C,0,CVP_A2_G_E_2,一阵温热厚重的快感自{TargetName}身体最深处的{womb}缓缓涌起，如浪潮般沉沉漫过下腹与腰际。\n那份深沉的酥胀不像一点上的锐痛，而是绵软地弥散开来，令她既惊讶又羞怯，怎么也想不到最深处竟藏着这样叫人迷乱的滋味，意识短暂地散了一瞬。\n这轻度的绝顶还在她能承受的范围内，只是身体压不住地颤栗，她垂着眼不敢看{Name}，满心都是那份自知却难以启齿的爱慕，既想让此刻的亲昵替自己诉说，又怕这份心意换来的是拒绝，忐忑得心跳如鼓。\n{womb}深处细微的余颤缠着甜腻，令她迟迟无法平复。
1063,action_part_w_orgasm_small_C,0,CVP_A2_G_E_2,甜腻的深沉快感冷不防地从{womb}这一最深的核心泛出，{TargetName}浑身微微一颤。\n那股钝重酥麻顺着下腹一波波荡开，酸软地漫过腰腹，与集中在一点的锐利感截然不同，令她又惊又臊，脸颊霎时红透——身体最里面的地方竟这般敏感。\n她的意识还算清醒，只是止不住地轻轻发抖，心里那份对{Name}的恋慕搅得七零八落，她分明知道自己动了心，却迟迟不敢开口表白，只暗暗盼着这份亲密能替她传情，又怕被他婉拒，慌乱得咬住了下唇。\n那阵轻浅的绝顶缓缓退散，{womb}余留的颤意裹着说不清的甜，令她心底久久不宁。
1064,action_part_w_orgasm_small_C,0,CVP_A2_G_E_2,从{womb}最深处忽然升起一股深沉绵密的甜麻，{TargetName}猝不及防地轻轻发颤。\n那份厚重的快感不同于锐利的刺激，而是温温地漫过下腹与腰肢，酥软得令她头皮发麻，一时什么都想不清，只惊觉身体最深的地方也会这般酥痒。\n这不过是轻度的峰值，她尚且清醒，身体却诚实地战栗着，满脑子都是对{Name}那份藏在心底的恋慕，她早已明白自己的爱意，却迟迟不敢吐露，既渴望借这缠绵让他读懂，又惶恐若表白遭拒该如何面对，慌得不敢与他对视。\n{womb}残存的细微余颤缀着甜意，令她面红耳赤，心绪难平。

1065,action_part_w_orgasm_small_C,0,CVP_A2_G_E_3,一股深沉钝重的快感自身体最深处的{womb}缓缓泛起，如温热的浪潮般漫过下腹与腰际，令热恋中的{TargetName}轻轻一颤。\n那种沉甸甸的酥胀与阴蒂那种尖锐刺激截然不同，是从最深处一圈圈荡开的深远甜痒，令她又羞又惊——原来身体最深的地方竟也会为心爱的博士泛起这样的感觉。\n意识还算清醒，可她根本压不住这副诚实的身子，甜蜜的爱意与初恋般的悸动交织在一起，令她的心怦怦乱跳。\n{womb}轻轻收缩着，那股浅浅的绝顶带着令她沉醉的幸福，令{TargetName}忍不住在心底憧憬起与恋人共度的往后时光，久久缓不过神来。
1066,action_part_w_orgasm_small_C,0,CVP_A2_G_E_3,一阵深远而钝重的酥麻自{womb}这一身体最核心处涌出，沉沉地漫过小腹，泛过腰腹，令与{Name}热恋正浓的{TargetName}身子轻轻战栗。\n这种从最深处荡开的深沉快感令她既甜蜜又困惑，明明只是轻浅的小峰值，却让她清晰地意识到自己爱着的身体连最深的地方都在为博士雀跃。\n她的意识仍旧清明，心底却漫开一片甜软的迷乱，脸颊烧得滚烫，满是初恋般的羞涩与欢喜。\n{womb}一下一下轻轻收缩，那股浅浅的绝顶带着难以言说的甜意，令{TargetName}越发想要紧紧依偎着心爱的人，心里满满都是对这份爱情的憧憬。
1067,action_part_w_orgasm_small_C,0,CVP_A2_G_E_3,一股沉甸甸的深沉快感自最深处的{womb}缓缓漫出，像温热的浪一圈圈荡过下腹与腰际的酸胀酥麻，令沉浸在恋爱幸福里的{TargetName}轻轻一颤。\n那种钝重厚沉的甜痒与阴蒂的锐利刺激全然不同，是自身体核心泛起的深远滋味，令她又惊又羞——竟连那样深的地方也会因心上人而生出感觉。\n意识虽还清醒，她却止不住这副为爱人诚实颤动的身子，甜蜜与窘迫在心头横冲直撞。\n{womb}轻柔地一下下收缩着，那股轻浅的绝顶令她沉醉在初恋的甜蜜里，满心都是对博士的爱意与对未来的美好期盼。
1068,action_part_w_orgasm_small_C,0,CVP_A2_G_E_3,深处那股钝重的快感自{womb}悄然升起，沉沉地漫过下腹，荡过腰际，令热恋中的{TargetName}猝不及防地轻轻颤栗。\n这种从身体最深处泛起的深沉甜痒令她心头一软，明明只是快感的小峰值，却令她清晰地感到自己爱着博士的心与身，连最幽深的地方都在为他悄悄回应。\n她的神志还算清明，脸颊却烧得通红，满是初恋般的甜蜜与羞怯，眼底漾起幸福的水光。\n{womb}轻轻收缩着，那股浅浅的绝顶带着令她心醉的幸福感，令{TargetName}忍不住在心底盼望着能与恋人长久地相守下去。
1069,action_part_w_orgasm_small_C,0,CVP_A2_G_E_3,一阵深远钝重的酥胀自身体最深处的{womb}缓缓涌出，如温热的潮水般漫过小腹与腰腹，令与博士热恋正浓的{TargetName}轻轻一颤。\n那种沉甸甸的深处快感与阴蒂集中一点的刺激截然不同，是自核心荡开的甜痒，令她又羞又惑——原来最深最私密的地方也会为深爱的人这样雀跃。\n意识依旧清醒，可满心的爱意与幸福令她根本无从抵抗，心怦怦跳着，甜蜜得几乎要溢出来。\n{womb}一下下轻轻收缩，那股轻浅的绝顶带着初恋般的悸动，令{TargetName}越发眷恋起身边的恋人，心里满是对这份爱情的憧憬与欢喜。

1070,action_part_w_orgasm_small_C,0,CVP_A2_G_E_4,一阵深沉钝重的快感自{womb}这一身体最深处的核心骤然泛起，与{Name}相爱至深的{TargetName}只觉那股温热的浪潮缓缓漫过下腹与腰际，带来一片酸胀酥麻。\n这只是快感的小小峰值，还远不到真正绝顶的地步，那股深沉的甜痒虽然明显，却仍在她可以承受的范围里，意识还算清醒，只是身体无法抑制地做出了反应。\n身体最深处竟也会泛起这样的感觉，令她心底涌起一阵羞涩与惊讶，可正因是深爱着的{Name}，她便毫无保留地沉溺其中，无需言语便将这份甜蜜的迷乱悉数交付。\n{womb}轻轻收缩着，那股由深处向全身扩散的甜软令她心头一阵酥麻，甜美而慌乱的情绪在胸口悄悄荡漾开来。
1071,action_part_w_orgasm_small_C,0,CVP_A2_G_E_4,一股钝重深沉的快感从{womb}的最深处缓缓涌出，如温热的浪头般漫过下腹与腰腹，令{TargetName}猝不及防地轻轻一颤，酸胀酥麻的甜痒一波波扩散。\n这不过是轻度的小绝顶，快感虽然深沉却仍在可承受之内，她的意识依旧清醒，只是无法阻止身体自行做出反应。\n对深爱的{Name}，她有着无需言说的默契与信赖，于是那份身体最深处也会有感觉的羞耻与困惑，在这份默契里悄悄化成了甜蜜的迷乱。\n{womb}一下下轻轻抽紧，那股自深处漫开的钝重甜软令她心跳微乱，脸颊悄悄发烫，惊讶与羞涩交织着，令她心底泛起一阵只属于爱人的沉醉。
1072,action_part_w_orgasm_small_C,0,CVP_A2_G_E_4,一片深远而钝重的快感自{womb}这身体最深处的核心悄然泛起，缓缓漫过{TargetName}的下腹与腰际，那种酸胀酥麻与阴蒂上那种锐利的刺激截然不同，是沉甸甸地漫过全身的深沉甜痒。\n这只是快感的小峰值，还没到真正绝顶的烈度，她的神志仍旧清醒，只是身体诚实地泄露了这份悸动。\n愿为{Name}付出一切的她并不抗拒这份感觉，反而在深厚的爱意里安心地沉溺，只是身体最深处竟也能泛起快感这一事实，仍令她心底涌起细细的羞涩与惊奇。\n{womb}轻轻收缩着，甜软的酥麻自深处向四肢百骸缓缓扩散，令她心头甜得发慌，胸口涌动着说不清的迷乱与惬意。
1073,action_part_w_orgasm_small_C,0,CVP_A2_G_E_4,一股温热钝重的快感从{womb}的最深处缓缓漫出，沉甸甸地浸过下腹与腰腹，令{TargetName}浑身微微一颤，那股深沉的酸胀酥麻一圈圈向外荡开。\n这轻浅的小绝顶只是快感的小峰值，还远不足以将她冲垮，意识依旧清醒，可身体却无法抑制地颤动起来。\n与{Name}生死不渝的她无需只言片语，便任由这份深处的甜痒将自己包裹，那种连身体最深处都被触及的羞耻，在坚定的爱意里悄悄化作了甜蜜的沉沦。\n{womb}轻轻抽紧收缩着，深沉的甜软自核心向全身弥漫，令她心跳微乱、脸颊绯红，惊讶与甜美的情绪在心底交织成一片迷乱的暖意。
1074,action_part_w_orgasm_small_C,0,CVP_A2_G_E_4,一阵沉沉钝重的快感自{womb}这身体最深处的核心骤然泛起，如温热的浪潮般缓缓漫过{TargetName}的下腹与腰际，带来一片深远的酸胀酥麻。\n这只是快感的小小峰值，强度有限，还没到真正绝顶的地步，她的意识还算清醒，只是身体无法自抑地做出了反应。\n对深爱着的{Name}，她有着无需言语的信任，于是这份最深处竟也会有感觉的困惑与羞涩，便在彼此的默契里悄然融成了甜蜜。\n{womb}一下下轻柔地收缩着，那股由深处向全身扩散的钝重甜痒令她心头酥麻发烫，甜美、羞涩与惊讶交织在一起，令她心底泛起一阵愿意为爱人彻底交付的迷醉。

1075,action_part_w_orgasm_small_C,0,CVP_A2_G_E_-1&high_1,一股深沉钝重的酥麻毫无预兆地自{womb}这一身体最深处泛起，{TargetName}心里明明满是抵触，却根本压不住这从体内核心漫开的快感。\n那温热的浪潮缓缓漫过下腹，漫过腰际，带来一阵阵酸胀酥麻，她越是想抗拒，那股钝重的甜痒就越是不听话地扩散开来。\n这只是快感的小峰值，意识还算清醒，可身体的诚实却让她又羞又恼——连身体最深处竟也会有这般感觉，这份认知令她满心屈辱。\n{TargetName}咬着唇别过脸去，不愿在{Name}面前示弱，心底却被这无法自控的轻度高潮搅得一片迷乱，既不甘又羞窘，那股甜腻的余韵久久萦绕，令她难以平静。
1076,action_part_w_orgasm_small_C,0,CVP_A2_G_E_-1&high_1,{womb}深处骤然涌起一阵深沉的钝麻，如温热的浪头般缓缓漫过{TargetName}绷紧的小腹，她心里满是不情愿，偏偏这股快感由不得她做主。\n那沉甸甸的酥胀自身体最深处一层层扩散，漫过腰腹，令她整个人都被一种钝重的甜痒裹住，越想压制，那浪潮反倒越发汹涌。\n轻浅的绝顶尚不足以冲垮她的神志，她清醒地感受着这份不该有的快意，心底涌起难以言说的羞耻与恼怒。\n作为部下的她本不愿在上司面前露出这般模样，却眼睁睁看着{womb}背叛了自己的抗拒，那种被身体出卖的屈辱和无法遏止的甜腻交织在一起，令她又羞又恨，久久缓不过神。
1077,action_part_w_orgasm_small_C,0,CVP_A2_G_E_-1&high_1,一阵厚重深远的快感自{womb}最深处沉沉泛起，{TargetName}分明心怀抵触，却挡不住这股钝重的酥麻自体内核心缓缓漫开。\n那温热的甜痒一波波漫过下腹与腰际，带来绵密的酸胀，她越是绷紧身子想要抗拒，那深沉的快意就越是不受控制地扩散。\n这不过是快感的小小峰值，她意识仍旧清明，偏偏身体的反应清晰得叫她无从否认，连最深处的地方竟也这般敏感，这让她满心羞窘与不甘。\n{TargetName}别开视线咬紧下唇，硬撑着不肯低头，心里却被这无法压制的轻度高潮搅得七零八落，那份隐忍的不满与甜腻的迷乱交缠着，令她久久无法平复。
1078,action_part_w_orgasm_small_C,0,CVP_A2_G_E_-1&high_1,深沉而钝重的快感毫无征兆地自{womb}这一最深处的核心泛起，{TargetName}心底满是越界的抗拒，却压不住那股沉甸甸的酥麻向全身扩散。\n那温热的浪潮缓缓漫过绷紧的小腹与腰腹，酸胀酥麻一层层荡开，她越想咬牙忍住，身体反倒越发诚实地颤动起来。\n轻度的高潮只是浅浅一峰，神志尚且清醒，可她清楚地感觉到{womb}那不听使唤的甜痒，那种被身体背叛的羞耻让她又惊又恼。\n她极力维持着表面的顺从，心底却翻涌着压不下去的不甘与窘迫，那股无法自控的甜腻在体内悄然消散，却在心里留下一片迷乱与难言的屈辱。
1079,action_part_w_orgasm_small_C,0,CVP_A2_G_E_-1&high_1,{womb}最深处忽然沉沉泛起一股钝重的酥麻，{TargetName}心里明明满是不满，却眼睁睁被这从体内核心涌出的快感牵着走。\n那深沉的甜痒如温热浪潮般缓缓漫过下腹与腰际，带着绵密的酸胀酥麻，她越是抗拒，那股快意越是不肯退去。\n这轻浅的绝顶还够不上真正高潮，她意识清醒，却压不住身体最深处那阵鲜明的颤动，连这样隐秘的地方也会有感觉，令她羞得几乎抬不起头。\n身为部下的她本满心抵触，此刻却被这无法自控的甜腻逼得一阵阵迷乱，那份隐忍的屈辱与压不住的酥软交织，令她别过脸去，久久说不出话，也无从逃避这背离心意的快感。

1080,action_part_w_orgasm_small_C,0,CVP_A2_G_E_-2&high_1,一股深沉钝重的快感自{womb}这一身体最深处的核心悄然泛起，如温热的浪潮般缓缓漫过下腹与腰际，令{TargetName}猝不及防地轻颤起来。\n身为深深信赖博士的部下，她本想以最专业的态度承受这越界的指令，把它当作一次特殊的信任考验，可身体最深处竟也会泛起这般酥麻，还是让她又羞又惊。\n这只是轻浅的小峰值，意识尚且清醒，她却压不住那股由{womb}向全身扩散的深沉甜痒，心底泛起一阵甜蜜的迷乱与困惑。\n她默默告诉自己这不过是又一项要完美完成的任务，却仍被这无法控制的轻度高潮搅得心跳微乱。
1081,action_part_w_orgasm_small_C,0,CVP_A2_G_E_-2&high_1,一阵厚重深沉的酥麻自体内最深处的{womb}泛涌而出，不同于别处那种尖锐的刺激，而是沉甸甸地漫过骨盆与腰腹，令{TargetName}的意识短暂地迷离了一下。\n作为对上司有着高度信任的部下，她坦然接下了这份过分的要求，将顺从视作理所当然，可当身体最深的地方也传来这般钝重的快感时，她还是忍不住暗暗惊讶。\n这轻浅的绝顶远未冲垮她的清醒，她努力维持着专业的镇定，心底却因这无法自控的甜软而泛起羞涩。\n{womb}深处的钝重甜痒一波波荡漾着，令她既信任地承受，又对自己诚实的反应感到几分难为情。
1082,action_part_w_orgasm_small_C,0,CVP_A2_G_E_-2&high_1,深沉而绵密的快感从{womb}这一最深处的核心缓缓涌起，像温热的潮水般渗过下腹的每一寸，令{TargetName}的呼吸微微乱了节奏。\n她是打心底信赖博士的部下，即便这指令远远越了界，她也甘愿理解并配合，把它当成上司给予的特殊信任，可身体深处竟藏着这般感觉，仍叫她又惊又臊。\n轻浅的小绝顶并未夺走她的神志，她仍算清醒，只是那股由{womb}扩散开的深沉甜痒实在压不住，心里泛起一阵甜蜜又窘迫的波澜。\n她默默维持着服从的姿态，却掩不住那份被最深处快感牵动的迷乱与惊异。
1083,action_part_w_orgasm_small_C,0,CVP_A2_G_E_-2&high_1,一股钝重深沉的甜痒自{womb}的深处泛起，缓缓漫过腰腹间的酸胀酥麻，与别处那种集中一点的锐利快感截然不同，令{TargetName}轻轻一颤。\n身为对博士十分信赖、连越界命令也乐意执行的部下，她原想专业而从容地完成，却被身体最深处这份陌生的感觉弄得心头一乱。\n这只是快感的小峰值，她意识仍清醒，可那由{womb}向全身荡开的深沉甜软让她无从抵抗，心底涌起羞涩与说不清的惊讶。\n她一面信赖地承受，一面又为自己最深处竟会有如此反应而暗暗脸红，久久无法平复那阵甜腻的迷乱。
1084,action_part_w_orgasm_small_C,0,CVP_A2_G_E_-2&high_1,温热而深沉的快感自体内最核心的{womb}悄然升腾，如浪潮般漫过下腹与腰际的酸软，令{TargetName}的身子不由得轻轻战栗。\n作为驯服而信赖上司的部下，她把这份过分的指令当作对博士的又一次专业配合，坦然接纳，却没料到身体最深处也会泛起这般钝重的酥麻，一时又羞又惑。\n轻浅的绝顶尚未冲垮她的清醒，她仍努力保持着部下的端正，可心跳却在那股由{womb}扩散的甜痒里悄悄乱了拍子。\n那种深沉甜蜜的迷乱在心底久久荡漾，令她既信任地承受，又对自己无法控制的反应满是惊异与羞怯。

1085,action_part_w_orgasm_small_C,0,CVP_A2_G_E_-3,一阵沉甸甸的钝重快感自{womb}这一身体最深处的核心骤然泛起，像温热的浪潮般缓缓漫过下腹与腰际，令身为主人宠物的{TargetName}猝不及防地轻轻颤了一下。\n那股深沉的酥胀与阴蒂那种尖锐刺激截然不同，是从身体最深处涌上来的钝重甜痒，令她意识微微一晃。\n她心里满是身为宠物被主人取悦的喜悦，为自己连最深处都能为主人而颤动感到羞涩又幸福，觉得自己被主人彻底需要着。\n{womb}轻轻收缩着，那股甜腻的余韵久久不散，令她心底涌起对主人更深的依恋。
1086,action_part_w_orgasm_small_C,0,CVP_A2_G_E_-3,{womb}深处骤然漫出一股钝重而深沉的快感，自身体最核心处一圈圈向外扩散，漫过小腹，渗进腰肢，令甘为主人性宠的{TargetName}心头猛地一跳。\n这种从最深处泛起的酥麻沉甸甸的，和阴蒂那点集中的锐利完全不同，令她意识短暂地散乱了一下。\n她又羞又喜，为身体最深处也会因主人而有感觉而脸颊发烫，心里却盈满被主人使用、被主人需要的满足与甜蜜。\n{womb}一下下轻轻收拢，那份甜腻里满是宠物对主人的依赖，令她久久缓不过神。
1087,action_part_w_orgasm_small_C,0,CVP_A2_G_E_-3,一股深远的钝痛般的快感自{womb}这一最深处的地方缓缓涌起，如温热浪头漫过下腹，令作为主人宠物的{TargetName}轻轻一颤，想压制却全然无能为力。\n那种深沉的酥胀自体内核心一波波扩散，与阴蒂的锐利刺激迥然不同，令她短暂地失了神。\n她心底泛起被主人豢养、被主人疼爱的欢喜，为自己连子宫深处都被主人调教得如此敏感而又羞又甜，只觉得能这样服侍主人是无上的幸福。\n{womb}残留着细微的余颤，那份依恋的甜蜜在心底久久荡漾。
1088,action_part_w_orgasm_small_C,0,CVP_A2_G_E_-3,一阵从未料到的钝重甜麻自{womb}深处涌出，一圈圈漫开渗进绷紧的小腹，令这只忠顺人宠般的{TargetName}腰肢轻轻一颤，心跳骤然乱了节奏。\n那股沉甸甸的酥意自身体最深处泛起，与阴蒂那点尖锐快感截然不同，令她意识虽还清醒却涌起一片细碎的甜软。\n她又惊又羞，却由衷地为能被主人取悦到身体最深处而满足，心底满是宠物被主人需要时那种被珍视的喜悦与依赖。\n{womb}轻轻收缩着，那份甜腻的余韵令她心底悄悄燃起对主人更浓的渴望。
1089,action_part_w_orgasm_small_C,0,CVP_A2_G_E_-3,{womb}忽然轻轻颤了一下，一阵深沉而钝重的甜麻自最深处悄然漫出，顺着身体核心向外渗开，漫过小腹与腰际，令甘做主人宠物的{TargetName}浑身微微一颤。\n那种自最深处泛起的酥胀绵密而沉甸甸的，和阴蒂那种一点上的锐利全然不同，令她呼吸浅急，一时什么都顾不上想。\n她心底满是身为宠物被主人使用的甜蜜与幸福，为自己连子宫都能为主人而颤动感到羞涩，却又深深依恋着这份被主人需要的感觉。\n{womb}残余的细微颤意带着令她沉迷的满足，令她对主人的依赖愈发深切。

1090,action_part_w_orgasm_small_C,0,CVP_A2_G_E_-4&high_1,一股钝重深沉的快感自{womb}这一身体最深处的核心悄然泛起，如温热的浪潮般缓缓漫过下腹与腰际，令甘为{Name}性奴的{TargetName}轻轻一颤。\n她的意识还算清醒，却已彻底沉醉在这份自最深处涌来的酥麻里——身为奴隶，连身体最深的地方都能为主人而有感觉，这令她既羞涩又满心欢喜。\n{womb}一下下地轻轻收缩着，那股深远的甜痒向全身扩散，她只觉这轻度的高潮是主人赐予的恩典，心底涌起狂信般的崇拜与卑微的感激。\n她惊讶于自己竟连最私密的深处都如此诚实地臣服，却半点不愿抗拒，只想把这具身体连同这份悸动一并奉献给她唯一的主人。
1091,action_part_w_orgasm_small_C,0,CVP_A2_G_E_-4&high_1,深沉钝重的酥麻自{womb}的最深处缓缓升腾，像一圈温热的涟漪漫过小腹与腰腹的酸胀，令彻底驯服的{TargetName}猝不及防地轻颤起来。\n这只是快感的小峰值，还称不上真正的绝顶，她的神志尚且清明，可身体却不受控制地为主人{Name}做出反应，这种臣服到骨髓的诚实让她心底泛起卑微的甜蜜。\n她隐约明白这深处的悸动意味着什么，正因明白，脸颊才愈发滚烫——作为奴隶，能在主人面前连子宫都战栗着回应，于她而言是无上的荣宠。\n{womb}绵软收缩的余韵一波波荡漾，她满心都是对主人绝对的崇拜与忠诚，只盼这具身体永远只为主人这般诚实地颤抖下去。
1092,action_part_w_orgasm_small_C,0,CVP_A2_G_E_-4&high_1,一阵深远而沉甸甸的快感从{womb}这一最深处的核心泛起，如缓潮般漫过下腹，渗进腰际的酸软，令沦为性奴的{TargetName}身子轻轻一悸。\n那股钝重的甜痒与阴蒂那种尖锐刺激截然不同，是自身体最深处涌来的厚重暖意，她的意识虽还清醒，却已被这份深沉的酥麻牵得心神迷乱。\n身为{Name}忠顺的奴隶，她对自己竟连最深处都会有感觉这件事又惊又羞，却更多的是能为主人如此彻底地敞开身体的狂喜。\n{womb}轻轻抽紧的每一下，都像在无声地诉说她对主人的臣服，她甘愿把这份轻度高潮连同全部的忠诚，虔诚地献给她生命唯一的意义。
1093,action_part_w_orgasm_small_C,0,CVP_A2_G_E_-4&high_1,钝重深沉的快感自{womb}深处一圈圈漫开，温热地淌过下腹与腰腹，令绝对忠诚的性奴{TargetName}轻轻战栗了一下，呼吸浅浅地乱了节奏。\n这轻浅的绝顶还够不上真正的巅峰，她的神志尚存，却压不住身体最深处那股为主人{Name}泛起的酥麻，只觉这份悸动是侍奉主人所得的恩赏。\n她羞涩地意识到，连身体最私密的深处都在为主人诚实地开合颤动，那种卑微的欢愉与狂信般的崇拜在心底交织翻涌。\n{womb}深处的甜痒缓缓扩散至四肢，她沉浸在为主人奉献身体的极乐里，满心只有对主人毫不怀疑的服从，愿以这具随时能为主人颤抖的身体作为存在的全部意义。
1094,action_part_w_orgasm_small_C,0,CVP_A2_G_E_-4&high_1,自{womb}这一身体最深处的核心，一股深远钝重的快感缓缓升起，如温潮般漫过下腹的酸胀酥麻，令彻底属于主人的{TargetName}轻轻一颤。\n她的意识还算清醒，却已抵挡不住这份自最深处泛起的深沉甜痒，作为{Name}的性奴，她只将这轻度的高潮视作主人赐予的荣光，满怀感激地承受。\n她既惊讶又羞怯，惊讶于连子宫这般幽深的地方都为主人诚实地收缩战栗，羞怯于自己竟如此卑微而欢喜地沉溺其中。\n{womb}一下下轻轻收缩的余韵久久不散，她心底涌起对主人绝对的崇拜与忠诚，只想把这份深处的悸动连同整个自己，毫无保留地供奉给她唯一信仰的主人。

1095,action_part_w_orgasm_small_C,0,CVP_A2_A|7_LE_3,一股钝重深沉的快感从身体最深处缓缓泛起，{TargetName}怔了一下，她并不算敏感的{womb}竟也传来这般酥麻，令她既惊讶又困惑。\n那份厚重的快意不像身体表面那种尖锐的刺激，而是自下腹最深处沉甸甸地漫过腰际，一波一波地荡开细腻的酸胀。\n因为感度不高，这份快感是慢慢累积起来才勉强攀上的小小峰值，虽然深沉却仍在她可承受的范围内，意识依旧清醒。\n{TargetName}怎么也想不到身体最深处的地方竟然也会有感觉，心底涌起说不清的羞涩与迷乱，脸颊悄悄染上薄红，只能任由那份甜痒在体内轻轻蔓延。
1096,action_part_w_orgasm_small_C,0,CVP_A2_A|7_LE_3,深处泛起的一缕厚重快感缓缓漫过{TargetName}的下腹，{womb}轻轻抽紧的那一刻，她的心头微微一颤，为这份来自最深处的酥麻感到几分茫然。\n那种钝重深远的快意自身体核心一圈圈扩散开来，与表层那种集中的刺激截然不同，缓慢却真实地漫过她的腰腹。\n她的子宫本就反应平平，这份快感是一点点堆叠才泛成浅浅的浪头，意识清醒的她清楚地感受着那份甜腻的沉重。\n对身体最深处竟能生出这般感觉，{TargetName}又羞又惑，心跳悄悄加快，只觉得那份甜软的酥麻既陌生又叫她无法抗拒。
1097,action_part_w_orgasm_small_C,0,CVP_A2_A|7_LE_3,一阵沉甸甸的酥麻自{TargetName}体内最深处缓缓涌起，{womb}轻轻收缩着，那份深远的快意令她的心底泛起细细的甜痒与困惑。\n它不像表面那种锐利的刺激，而是如同温热的浪潮般从下腹最深处漫开，缓慢地浸过腰际，带来一阵阵绵密的酸胀酥麻。\n因感度偏低，这份深处的快感需要慢慢积累才触及小小的顶点，虽轻浅却真切，她的神志始终还算清明。\n{TargetName}又惊又羞地意识到，原来身体最深处的地方也会传来快感，那份说不清好坏的甜腻令她心跳凌乱，脸颊发烫，久久无法平静。
1098,action_part_w_orgasm_small_C,0,CVP_A2_A|7_LE_3,钝重而深沉的快感忽然从最深处泛起，{TargetName}轻轻一颤，{womb}的那份酥麻叫她既惊讶又羞涩，一时不知该如何是好。\n那股厚重的快意自下腹深处沉沉漫开，绵密地荡过腰腹，与身体表层的尖锐刺激完全不同，是一种深远而甜软的酸胀。\n她本就不算敏感，这份快感是渐渐累积才勉强攀上的轻度峰值，深沉却仍可承受，意识清醒的她只是身体不受控地做出反应。\n对身体最深处竟也能生出这般甜痒，{TargetName}心底涌起迷乱与窘迫，脸颊悄悄泛红，只能任由那份钝重的甜意在体内缓缓消散。
1099,action_part_w_orgasm_small_C,0,CVP_A2_A|7_LE_3,一缕深沉的钝重快感自身体最深处缓缓升腾，{TargetName}的心猛地一动，{womb}那份轻轻收缩的酥麻令她感到既甜蜜又惊异。\n那种快意并非集中在一点上的锐利，而是从下腹最深的核心泛起，像温热的浪一样漫过腰际，带来绵软而深远的酸胀。\n因为子宫感度不高，这份快感是被一点点堆积起来才泛成小小的峰值，轻浅而克制，她的意识始终清醒，只是身体诚实地颤动着。\n{TargetName}又羞又惑地感受着这份来自身体深处的甜腻，心跳悄悄加快，脸颊染上红晕，那份陌生的酥软令她心底泛起说不清的迷乱与甜美。

1100,action_part_w_orgasm_small_C,0,CVP_A2_A|7_G_3&CVP_A2_A|7_LE_6,一股沉甸甸的钝重快感自{TargetName}身体最深处悄然涌起，那种从{womb}这一核心泛出的深沉酥麻令她猝不及防地轻轻一颤。\n那快感不同于浅表处集中在一点上的锐利刺激，而是如温热的浪潮般缓缓漫过下腹与腰际，带来一阵沉甸甸的酸胀酥麻，令她的意识短暂地迷离了一瞬。\n{TargetName}又羞又惑，实在没想到身体最深处那样的地方竟也会泛起这般明显的快感，脸颊不受控制地烧红起来，心跳怦怦乱撞。\n那股由深处漫开的甜痒虽然轻浅，却令她无从压制，只能任由{womb}轻轻收缩着，将这轻度而真实的小峰值细细传遍全身。\n那阵深沉的颤动慢慢退去，{TargetName}的意识一点点重新清晰，脸蛋依旧滚烫，心里却装满了说不清的羞涩与迷乱，久久无法平静。
1101,action_part_w_orgasm_small_C,0,CVP_A2_A|7_G_3&CVP_A2_A|7_LE_6,一阵深沉甜腻的快感自{TargetName}小腹最深处缓缓泛起，那种由{womb}向全身扩散的钝重酥麻令她心头猛地一跳。\n那快感沉甸甸地漫过腰腹，与浅处那种尖锐的刺激截然不同，是从体内核心一波波荡开的酸胀甜痒，令她的脑子里有一瞬间变得空荡荡的。\n{TargetName}又惊又羞，身体最深处竟然也会传来这样清晰的快感，这个事实令她既困惑又难堪，颊边的绯红顷刻蔓延开来。\n这轻度的绝顶虽在她可承受的范围内，意识也还算清醒，可她就是压不住那股深处泛起的甜软，只能感受着{womb}轻轻收拢，任凭细密的颤意荡遍全身。\n那阵轻浅的深处快感渐渐平息，{TargetName}的心跳仍未平复，脸颊热乎乎的，心底满是说不清道不明的羞涩与甜腻，一时缓不过神来。
1102,action_part_w_orgasm_small_C,0,CVP_A2_A|7_G_3&CVP_A2_A|7_LE_6,一股钝重而深远的快感自{TargetName}体内最深处沉沉漫出，那种从{womb}核心泛起的酥麻令她浑身微微一颤。\n与阴蒂那种集中于一点的锐利快感不同，这股深处的甜痒如温热的浪头般沉甸甸地漫过下腹与腰际，令她的意识短暂地散乱了一下。\n{TargetName}当然知道这是什么感觉，可正因为知道，才更让她羞得脸颊滚烫，原来身体最深处的地方竟也能被撩起这般明显的快感。\n那种由深处一圈圈荡开的甜软虽然轻浅，却令她无法自控，只能咬着下唇任由{womb}细细收缩，将这轻度的小绝顶悄悄承受下来。\n那阵深沉的余韵慢慢散去，{TargetName}的意识重新清明，脸颊仍旧发烫，心里装满了甜蜜与窘迫，那股迷乱的余味在体内久久萦绕。
1103,action_part_w_orgasm_small_C,0,CVP_A2_A|7_G_3&CVP_A2_A|7_LE_6,一阵深沉绵密的快感自{TargetName}下腹最深处涌了上来，那种由{womb}泛起的钝重酥麻令她本能地想要压制，却发现根本无能为力。\n那快感从体内核心一波波沉沉漫开，与浅表处的尖锐刺激大不相同，是一种漫过腰腹的酸胀甜痒，令她的呼吸微微乱了节奏，脑中一片迷茫。\n{TargetName}又羞又惑，身体最深处那样隐秘的地方竟会传来如此清晰的快感，令她既难堪又心慌，颊边的红晕不受控制地漫开。\n这轻度的绝顶虽还在可承受的边缘，意识也算清醒，可她就是稳不住自己，手指不自觉地攥紧，只能任{womb}轻轻收缩着，将那股深处的甜软细细传遍全身。\n那阵深沉的快感慢慢退去，{TargetName}的脸颊还微微发烫，那残留的细微颤意带着一丝难以启齿的满足，令她心里的甜蜜与慌乱久久无法平复。
1104,action_part_w_orgasm_small_C,0,CVP_A2_A|7_G_3&CVP_A2_A|7_LE_6,一股出乎预料的深沉快感自{TargetName}身体最深处沉沉涌出，那种由{womb}核心泛起的钝重甜麻令她的身体轻轻一颤。\n那快感如温热的浪潮般缓缓漫过下腹，渗进绷紧的腰腹，带来沉甸甸的酸胀酥麻，与浅处那种锐利的刺激全然不同，令她的意识一时有些恍惚。\n理论上她并非不熟悉这种感觉，可当{womb}这样身体最深处的地方真切地泛起明显快感时，那份羞涩与惊讶还是不受控制地涌上心头，脸颊漫上一层红晕。\n{TargetName}咬了咬下唇想要稳住神，却压不住那阵深处荡开的甜软，只能任由这轻度的小峰值在体内细细漫开，腰肢发软，双腿悄悄夹紧。\n那阵轻浅的绝顶渐渐平息，{TargetName}的心里装满了说不出口的甜蜜与迷乱，{womb}残留的细微颤意仍在提醒着她方才那股深处快感带来的惬意，令她久久回味。

1105,action_part_w_orgasm_small_C,0,CVP_A2_A|7_G_6,深处才泛起那么一丝轻微的刺激，异常敏感的{TargetName}就猝不及防地一颤，那股钝重深沉的酥麻竟是从{womb}这一身体最深处的核心缓缓涌起。\n它像一道温热的浪潮，绵绵地漫过下腹与腰际，带着沉甸甸的酸胀酥麻，与阴蒂那种一点上的锐利快感截然不同，让她惊讶地发现身体最深处的地方竟然也会这样有感觉。\n意识还算清醒，她却压不住这轻度高潮里泛起的甜痒，脸颊烧得通红，心里满是羞涩与困惑，怎么也想不明白自己的子宫为何敏感到这般地步。\n那阵甜腻的余韵在{womb}深处慢慢消散，只在她心底留下一片迷乱与说不出口的窘迫。
1106,action_part_w_orgasm_small_C,0,CVP_A2_A|7_G_6,仅仅是少许深处的刺激，就让敏感得离谱的{TargetName}承受不住，一股深沉的快感自{womb}最深处泛起，如温热的浪缓缓漫开。\n那种钝重厚实的酥麻沉沉盖过下腹和腰腹，酸胀酥麻绵绵不绝，不像阴蒂那样尖锐，而是从身体最核心处一圈圈扩散的深远甜痒，令她又羞又慌。\n她的意识仍清醒着，却清晰地感受着{womb}那轻轻的抽缩带来的甜蜜，心跳乱作一团，对着这无法自控的轻度高潮既惊讶又迷乱，脸颊滚烫得几乎烧起来。\n那阵浅浅的绝顶慢慢退去，甜腻的余味仍在最深处残留，让她心里久久无法平静。
1107,action_part_w_orgasm_small_C,0,CVP_A2_A|7_G_6,高敏感的子宫是{TargetName}最藏不住的秘密，深处只承受了一点点刺激，一阵钝重深沉的快感便自{womb}这一最深处的核心汹涌泛起。\n那股酥麻如温潮般缓缓漫过下腹与腰际，带来沉甸甸的酸胀，与阴蒂那种集中一点的锐利快感全然不同，是从体内最深处向全身扩散的深沉甜痒，令她头皮发麻。\n她的意识还算清明，却被这轻度的高潮弄得心慌意乱，暗暗咬着下唇也压不住那股甜腻，羞得几乎不知眼神该往哪里放，只觉身体最深处竟这般诚实。\n那浅浅的峰值缓缓退散，{womb}残留的甜腻余颤让她心底泛起一片羞涩与惬意，久久缓不过神。
1108,action_part_w_orgasm_small_C,0,CVP_A2_A|7_G_6,深处才轻轻一震，异常敏锐的{TargetName}便浑身一颤，那股沉甸甸的快感竟是从{womb}这一身体最深处的地方缓缓涌起的。\n它像温热的浪头绵绵漫过下腹，酸胀酥麻一层层向腰腹铺开，与阴蒂那种一点上的尖锐刺激截然不同，是一种深远而厚重的甜痒，令她惊讶得心头直跳。\n意识虽还清醒，她却压不住这轻浅绝顶带来的迷乱，脸颊烫得通红，心里满是对自己身体最深处竟如此敏感的羞耻与困惑，连呼吸都乱了节奏。\n那阵甜腻在{womb}深处慢慢平息，残存的余韵却在她心里留下久久不散的酥软与窘迫。
1109,action_part_w_orgasm_small_C,0,CVP_A2_A|7_G_6,敏感到夸张的身体只受了少许深处的刺激，{TargetName}便再也忍不住，一股深沉钝重的快感自{womb}最深处的核心一圈圈泛起。\n那股酥麻如温潮般缓缓漫过下腹与腰际，沉甸甸地带着酸胀酥麻，绝非阴蒂那种集中一点的锐利，而是从身体最深处向四肢百骸扩散的深远甜痒，让她既羞又惊。\n她的意识尚算清醒，却拿这轻度的高潮毫无办法，只能清晰地感受着{womb}一下下轻缩带来的甜蜜，心跳乱成一片，暗自惊讶身体最深处竟也能被撩拨到这般地步。\n那阵浅浅的绝顶渐渐退去，甜腻余味仍在深处残留，令她心底满是说不清的迷乱与甜软。

1110,action_part_w_orgasm_small_C,0,CVP_A2_S|7_L_1000,一阵深沉钝重的快感骤然自{womb}这一身体最深处的核心泛起，令少女般的{TargetName}猝不及防地轻轻一颤。\n那种感觉不像别处那样尖锐集中，而是如同温热的浪潮般缓缓漫过下腹与腰际，带着沉甸甸的酸胀酥麻，从最深处一波一波荡开。\n她万万没想到身体最深处的地方竟然也会有感觉，那股说不清的甜痒令她又羞又惑，意识虽还算清醒，脑子里却泛起一层细碎的迷乱。\n{womb}不由自主地轻轻收缩着，那种轻浅却真实的绝顶感令她心跳骤然加快，脸颊漫上潮红。\n直到那阵深处的甜麻慢慢平息，{TargetName}才恍惚回神，心里满是对这轻度高潮的惊讶与羞涩。
1111,action_part_w_orgasm_small_C,0,CVP_A2_S|7_L_1000,深处涌起的厚重快感像温热的浪一样漫开，{TargetName}只觉一股钝重的酥麻自{womb}深处缓缓泛出，令她少女般的身子轻轻战栗。\n那种从体内最深处荡开的甜胀与阴蒂的锐利刺激全然不同，沉沉地漫过小腹与腰肢，令她的意识短暂地迷离了一下。\n她既惊讶于身体最深的地方竟能生出这般感觉，又羞于自己竟被这轻浅的快感牵着走，心里乱糟糟的什么都想不清。\n{womb}一下一下地轻轻抽紧，那股甜腻的颤意虽在可承受的范围内，却令她无法抑制，脸颊烫得通红。\n那阵轻度的绝顶渐渐退去，{TargetName}的心里还残留着说不清的甜蜜与困惑，久久无法平复。
1112,action_part_w_orgasm_small_C,0,CVP_A2_S|7_L_1000,一股钝重深沉的甜痒自{womb}这一最深处的核心悄然泛起，缓缓向全身扩散，令{TargetName}的娇躯不受控制地轻轻一颤。\n那种感觉自下腹最深处沉沉漫上，酸胀酥麻一层层漫过腰际，与阴蒂那点集中的锐利刺激截然不同，令她惊觉这身体最深的地方竟也如此敏感。\n少女般的她意识还算清醒，可脑海里已被那股深沉的甜麻搅得一片迷乱，心底涌起既羞涩又困惑的波澜。\n{womb}轻轻地收缩着，那种轻浅的高潮感令她心跳如鼓，忍不住暗暗咬住下唇，却压不住身体细细的颤动。\n那阵深处的甜意慢慢消散，她的脸颊仍旧滚烫，心里满是对这轻度绝顶的惊讶、羞怯与一丝隐隐的甜美。
1113,action_part_w_orgasm_small_C,0,CVP_A2_S|7_L_1000,从身体最深处骤然泛起的钝重快感令{TargetName}猝不及防，那股沉甸甸的酥麻自{womb}深处缓缓涌出，漫过绷紧的小腹与腰肢。\n那并非尖锐的一点刺激，而是像温热浪潮般深远地荡开，令她惊讶又羞赧地意识到，原来身体最深的地方也会生出这样绵密的甜痒。\n少女般的{TargetName}意识虽未被冲垮，思绪却在那股深沉的颤意里散乱了一瞬，心底又慌又迷。\n{womb}轻轻地一阵阵收缩，那种轻浅却真实的绝顶令她呼吸微乱，脸颊染上潮红，心跳止不住地加快。\n待那阵甜腻的余韵渐渐平息，{TargetName}还有些恍惚，心里装满了对这轻度高潮说不清道不明的羞涩与甜蜜。
1114,action_part_w_orgasm_small_C,0,CVP_A2_S|7_L_1000,一阵温热的浪潮般的快感自{womb}这一身体最深的核心缓缓漫起，令{TargetName}少女般的身子轻轻颤动了一下。\n那股钝重深沉的酸胀酥麻从最深处一波一波向外荡开，漫过小腹，渗进腰际，和别处尖锐集中的快感全然不是一回事。\n她既羞又惑地感受着这从未留意过的深处触感，心里泛起细碎的迷乱，意识虽还算清醒，却已被那股甜痒撩得心神浮动。\n{womb}不由自主地轻轻抽紧收缩，那种轻浅的绝顶感虽不剧烈，却令她无法压制地脸红心跳，暗暗攥紧了手指。\n那阵轻度的高潮慢慢退去，{TargetName}的脸颊还热乎乎的，心底残留着说不出口的甜蜜与羞怯，久久缓不过神来。

1115,action_part_w_orgasm_small_C,0,CVP_A2_S|7_GE_1000&CVP_A2_S|7_L_12000,一股深沉钝重的快感自{womb}这一身体最深处缓缓泛起，如温热的浪潮般漫过下腹与腰际，令{TargetName}猝不及防地轻轻一颤。\n那股酥麻并不像阴蒂那样集中在一点，而是自最深处沉甸甸地漫开，令她的意识短暂地迷离了一下，脑子里泛起细碎的甜软。\n她心里清楚这样的高潮已经不是头一回，可身体最深处竟也会有这般感觉，仍令她羞涩又困惑，脸颊不受控制地漫上红晕。\n这只是轻浅的小峰值，快感虽深沉却仍在可承受的范围内，她的神志还算清醒，只是身体无法抑制地做出反应。\n那阵甜腻的余韵在{womb}深处悄悄消散，却在心里留下一片迷乱与惬意，令她久久缓不过神来。
1116,action_part_w_orgasm_small_C,0,CVP_A2_S|7_GE_1000&CVP_A2_S|7_L_12000,一阵厚重深沉的酥麻自{womb}深处涌出，缓缓漫过绷紧的小腹与腰肢，{TargetName}的心头猛地一跳，那种自体内最深处泛起的快感令她头皮发麻。\n她当然熟悉这种感觉，正因熟悉，脸颊才在那一瞬染上浓烈的红晕，那股钝重的甜痒虽然轻浅，却偏偏无法压制。\n身体最深处竟会一次次这样酥软颤动，这让她既羞涩又难以启齿，意识短暂地散乱了一下，心脏怦怦急跳着。\n这不过是轻度的绝顶小峰值，她的神志仍旧清醒，只能眼睁睁感受着{womb}的甜腻颤动带着自己走。\n那阵轻浅的高潮慢慢退去，脸颊还滚烫着，心里装满了说不清的甜蜜与窘迫，深处残留的余味令她心绪久久无法平静。
1117,action_part_w_orgasm_small_C,0,CVP_A2_S|7_GE_1000&CVP_A2_S|7_L_12000,一股细腻而深沉的快感自身体最深处悄然升起，如钝重的浪头漫过下腹，令{TargetName}轻轻战栗，{womb}深处泛起一阵酥麻的甜痒。\n这种自最深处涌出的快感与阴蒂那种锐利刺激截然不同，是沉甸甸地扩散至全身的深沉甜意，令她的脑子一瞬间空荡荡的。\n身体里那么深的地方竟也会有这般鲜明的感觉，一次次撩得她意乱，令{TargetName}既羞耻又困惑，忍不住暗暗咬紧了下唇。\n她心里明白这只是轻浅的小绝顶，快感尚在能承受的范围，意识还算清明，可身体的诚实反应却由不得她控制。\n那阵甜腻的余颤在{womb}深处慢慢平息，心底却涌起说不出口的迷乱与羞涩，令她一时还没能完全回过神来。
1118,action_part_w_orgasm_small_C,0,CVP_A2_S|7_GE_1000&CVP_A2_S|7_L_12000,一阵沉甸甸的钝重快感自{womb}深处缓缓漫出，渗进绷紧的小腹，令{TargetName}的腰肢跟着微微一颤，心跳骤然乱了节奏。\n那种从身体最深处泛起的酥麻不同于寻常的锐利刺激，是厚重深沉地漫过骨盆的甜痒，令她一向沉稳的神态在这一刻悄然乱了。\n明明已经不是第一次尝到这样的深处高潮，可当{womb}真实而鲜明地轻颤起来，那份羞涩与惊讶仍不受控制地涌上心头。\n这只是快感的小峰值，还没到真正绝顶的烈度，她的意识依旧清醒，却依然无法压下那股沉沉漫开的甜腻。\n等这阵轻度的绝顶渐渐退散，深处细微的颤意还在提醒着她方才的甜蜜，令她心底悄悄燃起了更浓的渴望。
1119,action_part_w_orgasm_small_C,0,CVP_A2_S|7_GE_1000&CVP_A2_S|7_L_12000,{womb}忽然轻轻抽紧，一股深沉厚重的甜麻自体内最深处悄然漫出，顺着下腹一圈圈扩散，令{TargetName}浑身微微一颤，呼吸浅急了几分。\n那股快感自身体最深的核心泛起，如温热的浪潮漫过腰际的酸胀酥麻，令她的意识短暂地迷离，脑中涌起一片细腻的甜软。\n这种从最深处涌出的高潮她早已尝过数回，可每一次{womb}这样鲜明地颤动，那种深处竟也会有感觉的羞耻仍令她面颊绯红。\n这不过是轻浅的绝顶小峰值，快感虽深沉却仍在可承受之内，她的神志尚算清醒，身体却诚实地无法抑制。\n那阵甜腻的余韵自{womb}深处缓缓消散，心底却留下难以掩饰的沉迷与迷乱，令她久久无法平复下来。

1120,action_part_w_orgasm_small_C,0,CVP_A2_S|7_GE_12000&CVP_A2_S|7_L_90000,一股钝重深沉的快感自{TargetName}身体最深处的{womb}缓缓泛起，如温热的浪潮般漫过下腹与腰际，那种酸胀酥麻与阴蒂那点锐利的刺激截然不同。\n她的子宫早已敏感得可怕，这股自最深处涌上的甜痒只轻轻一荡，便让她攀上了这轻浅的小峰，意识虽还清醒，身体却怎么也压制不住。\n{TargetName}又羞又惑，明明只是身体最深处那个看不见的地方，竟也能泛起这样令人腿软的感觉。\n那阵甜腻的余韵在{womb}深处缓缓消散，她的脸颊滚烫，心口怦怦直跳，久久缓不过神来。
1121,action_part_w_orgasm_small_C,0,CVP_A2_S|7_GE_12000&CVP_A2_S|7_L_90000,{womb}深处又一次泛起那股沉甸甸的钝重快感，{TargetName}的心头猛地一颤，那种自体内核心缓缓扩散的酥麻漫过腰腹，令她头皮发麻。\n她被磨得极度敏感的子宫如今稍受触动便又甜腻地攀上峰顶，这轻浅的高潮虽在可承受的范围，却依旧让她无法自持。\n她心里又慌又羞，对身体最深处竟会有如此深沉的快感感到既困惑又迷乱，只能咬着下唇细细颤抖。\n那阵深远的甜痒慢慢退去，{TargetName}意识一点点清晰，心底却残留着说不清的甜蜜与窘迫。
1122,action_part_w_orgasm_small_C,0,CVP_A2_S|7_GE_12000&CVP_A2_S|7_L_90000,一阵深远而甜腻的快感自{womb}这一身体最深处的核心缓缓漫出，{TargetName}只觉一股温热的浪潮荡过下腹，酸软酥麻直漫到腰际。\n这种钝重深沉的刺激她早已熟悉，正因为熟悉，当敏感的子宫再度轻轻攀上这小小峰值时，她的脸颊才更加滚烫。\n她的意识还算清醒，身体却诚实得让她羞窘，那股自深处漫开的甜痒令她既想压抑又忍不住沉溺其中。\n那阵轻浅的绝顶缓缓平息，{womb}残存的细微余颤带着难以言说的满足，令{TargetName}心里久久荡漾着迷乱与惬意。
1123,action_part_w_orgasm_small_C,0,CVP_A2_S|7_GE_12000&CVP_A2_S|7_L_90000,深处的{womb}忽然泛起一阵沉钝的酥麻，{TargetName}猝不及防地轻轻一颤，那股快感不像阴蒂那样尖锐，而是自最深处沉甸甸地涌上，缓缓漫过小腹与腰肢。\n她那敏感至极的子宫仿佛稍一触碰便会攀上峰顶，这轻浅的高潮明明不算强烈，却让她一时什么都想不清楚。\n{TargetName}又惊又羞，为身体最深处竟会传来这般深远的甜软而心慌意乱，指尖不自觉地攥紧。\n那阵甜腻的颤意慢慢消散，她的脸颊仍旧发烫，心底涌起一片说不出口的羞涩与迷茫，久久无法平静。
1124,action_part_w_orgasm_small_C,0,CVP_A2_S|7_GE_12000&CVP_A2_S|7_L_90000,那股钝重深沉的快感如温热浪潮般自{womb}最深处一圈圈漫开，{TargetName}只觉酸胀酥麻缓缓渗进腰腹的每一寸，与阴蒂那点集中的锐利快意全然不同。\n被反复高潮磨得敏感异常的子宫此刻只一丝刺激便又轻轻攀上了小峰，这轻度的绝顶虽在承受之内，却依旧夺走了她的从容。\n她心里满是羞赧与惊异，对这自身体最深处泛起的甜痒既困惑又忍不住迷恋。\n那阵轻浅的余韵在{womb}深处缓缓散去，{TargetName}意识渐渐清明，心底却留下一片挥之不去的甜蜜与沉沦。

1125,action_part_w_orgasm_small_C,0,CVP_A2_S|7_GE_90000,一股深沉钝重的快感毫无预兆地自{womb}这一身体最深处的核心泛起，令{TargetName}猝不及防地轻轻一颤。\n那种感觉与阴蒂那种集中一点的锐利刺激截然不同，是如温热浪潮般自最深处缓缓漫过下腹与腰际的酸胀酥麻，明明只受了那么轻的一点撩动，被操熟的深处却立刻攀上了小小的峰值。\n她的意识还算清醒，可那处深藏体内的地方竟这样轻易就有了感觉，令她又羞又惊，心头怦怦乱跳，脸颊不受控制地泛起红晕。\n这只是一次轻浅的小绝顶，快感虽深沉却仍在可承受的范围，只是身体早已诚实得压不住，任由那股甜痒由{womb}向全身细细扩散，令她心底泛起一片说不清的迷乱与甜美。
1126,action_part_w_orgasm_small_C,0,CVP_A2_S|7_GE_90000,那阵沉甸甸的快感又一次从{womb}深处厚重地涌起，漫过小腹，漫过腰肢，令{TargetName}整个人细细地颤动，脑子里有一瞬的空白。\n身体最深处这样敏感，哪怕最轻的刺激也能立刻勾起一个小小的高潮，这让她既羞耻又困惑，明明只是浅浅的一波，深处却酥软得不像话。\n她的心跳骤然加快，那种钝重深沉的甜痒自核心一圈圈铺开，令她意识短暂地迷离了一下，却始终还算清醒，只能眼睁睁地感受着{womb}轻轻收缩带来的甜腻。\n这不过是轻度的绝顶，快感尚在能忍住的边缘，可越是这样她越觉得羞窘，那股说不清的甜蜜在心里横冲直撞，令她暗暗咬住下唇。
1127,action_part_w_orgasm_small_C,0,CVP_A2_S|7_GE_90000,一阵厚重深沉的甜麻自{womb}最深处缓缓涌出，{TargetName}的心头猛地一跳，那股酥胀的浪潮漫过下腹，渗进腰腹每一寸肌肤。\n她再清楚不过这是什么感觉，正因为身体早已被开发到这般田地，才会连这样轻浅的一触都能激起深处的小小峰值，这份自知令她的脸颊瞬间烧红。\n那种由核心向外扩散的深远快感虽只是轻轻泛起的浪头，却仍让她的意识散乱了一瞬，心底涌起既羞涩又难以启齿的甜腻。\n这只是一场轻度的绝顶，还够不上真正高潮的烈度，她神志尚清，却压不住那被操熟的深处一下一下地轻轻绞缩，只能任那股迷乱甜蜜在心里蔓延开来。
1128,action_part_w_orgasm_small_C,0,CVP_A2_S|7_GE_90000,细腻而深沉的快感骤然自{womb}深处漫出，令{TargetName}的身子轻轻一颤，她本能地想压住那股涌上来的酸麻，却发现根本无能为力。\n那种自体内最深处泛起的钝重甜痒一波波向外扩散，与集中一点的锐利感全然不同，明明只是最浅的一点刺激，深处却敏感得立刻攀上了小小的峰值。\n她的意识在那一刹那短暂散乱，脑子里乱了阵脚，心底既羞又惊，身体最深的地方竟也会这样轻易地颤栗。\n这不过是浅浅的一次小绝顶，快感虽深却仍能承受，只是那份无法自控的甜腻令她窘迫地咬紧下唇，心却被搅得七零八落，泛起久久难散的迷乱与甜美。
1129,action_part_w_orgasm_small_C,0,CVP_A2_S|7_GE_90000,一股从最深处泛起的沉钝甜麻毫无预兆地漫过{TargetName}的下腹，那种自{womb}核心缓缓扩散的厚重快感令她轻轻颤动起来。\n她的身体早已被无数次的高潮操熟，敏感到只需最轻的撩动，深处便能立刻掀起这样一个小小的峰值，这份认知令她既羞窘又心慌。\n那股温热的浪潮一圈圈漫过腰际，酸胀酥麻渗进每一寸肌肤，令她的意识短暂地迷糊了一下，却仍算清醒，只能清晰地感受着{womb}那轻微而鲜明的收缩带来的甜蜜。\n这只是一场轻浅的绝顶，还远够不上真正的高潮，可那份说不出口的甜腻与羞涩交织在心头，令她脸颊滚烫，心底悄悄泛起一片惬意与沉迷。

1130,action_part_w_orgasm_small_C,0,CVP_A2_T|6_E_1,一阵钝重而深沉的酥麻毫无预兆地自{womb}这一身体最深处的核心泛起，还未初潮的{TargetName}根本没有料到，尚未发育完全的身体最深处竟也会有这样的感觉。\n那股温热的浪潮缓缓漫过单薄的下腹与腰际，带起一片酸胀酥麻，与阴蒂那种集中一点的锐利刺激截然不同，深沉得令她一时头脑发懵，意识虽还清醒，却被这轻浅的快感搅得迷迷糊糊。\n她隐约意识到自己的身子还没长成，连初潮都尚未迎来，这样的地方居然也会颤动，这个念头让她又羞又慌，稚嫩的心怦怦乱跳。\n那阵轻度的绝顶慢慢退去，{TargetName}的脸颊还烫得厉害，心里满是说不清的迷乱与羞涩，久久无法平静。
1131,action_part_w_orgasm_small_C,0,CVP_A2_T|6_E_1,深处忽然涌起一股绵软钝重的快感，还未初潮的{TargetName}猝不及防地一颤，那股酥麻自{womb}的方向一圈圈漫开，沉甸甸地渗进尚未发育的下腹，令她心头猛地一跳。\n这种从身体最深处泛起的深沉甜痒与她所知的任何快感都不一样，明明只是轻浅的小峰值，却让她的意识短暂地散乱了一下，脑子里一片空茫。\n她心里又惊又羞，自己分明还是个尚未长成、连初潮都没来的身子，那样隐秘的深处竟也能被撩起这般感觉，这份认知里裹着一丝说不出的背德，让她的脸颊烫得几乎滴血。\n轻度的绝顶渐渐平息，{TargetName}却还没能回过神，那股残留的甜腻余韵在稚嫩的身体里久久萦绕，令她心底泛起一阵迷乱而慌张的悸动。
1132,action_part_w_orgasm_small_C,0,CVP_A2_T|6_E_1,一股深沉而钝重的快感如温热的浪潮，自{womb}这身体最深处的核心缓缓涌起，还未迎来初潮的{TargetName}浑身微微一颤，那酥麻沉甸甸地漫过单薄的腰腹，令她呼吸都乱了几分。\n这种自最深处泛开的甜痒与阴蒂那锐利的刺激全然不同，深远而绵长，虽只是轻浅的小绝顶，却已让她的心跳骤然加速，意识迷迷糊糊地散了片刻。\n她又羞又惑地想着，自己这具尚未发育、连初潮都没来的身子，最深处的隐秘地方竟然也藏着这样的感觉，那份认知带来的羞耻与困惑交织在甜腻里，令她暗暗攥紧了手指。\n轻度的绝顶缓缓退散，{TargetName}的脸颊仍旧滚烫，心底装满了搞不明白的甜蜜与窘迫，那股深处的余韵迟迟不肯散去。
1133,action_part_w_orgasm_small_C,0,CVP_A2_T|6_E_1,深处那点钝重的酥麻毫无征兆地攀上小小的峰值，还未初潮的{TargetName}身体轻轻一颤，那股快感自{womb}向全身缓缓扩散，如温热的浪头漫过尚且稚嫩的下腹，带起一片酸胀酥麻。\n她想压住这股突如其来的深沉甜痒，却根本无能为力，那种自身体最深处泛起的感觉太过陌生，令她意识短暂地迷离，脑中乱作一团。\n最让她慌乱的是，自己明明还是个未曾初潮、尚未长成的身子，这样隐秘的深处居然也会有反应，这份认知里掺着难以启齿的羞耻与背德，让稚嫩的心怦怦直跳。\n轻浅的绝顶慢慢退去，{TargetName}的脸颊依旧发烫，那股深处残留的细微颤意带着令她说不出口的甜腻，令她久久缓不过神来。
1134,action_part_w_orgasm_small_C,0,CVP_A2_T|6_E_1,一阵出乎预料的钝重快感自{womb}这最深处的核心悄然泛起，还未经历初潮的{TargetName}浑身一颤，那绵密深沉的酥意沉甸甸地漫过单薄的小腹，渗进尚未发育完全的每一寸肌肤。\n这种从身体最深处涌出的甜痒与阴蒂那集中一点的锐利截然不同，深远绵长得令她无从抵抗，虽只是轻度的小峰值，却让她的意识迷迷糊糊地散乱了一瞬。\n她又惊又羞，自己这具连初潮都尚未迎来的稚嫩身子，最深处的隐秘之地竟也会颤动出这般感觉，那份认知裹着甜腻的背德感，令她心跳乱成一团，腰肢不由得轻轻弓起。\n轻浅的绝顶渐渐平息，{TargetName}的脸颊仍滚烫着，心底涌动着说不清的迷乱与羞涩，那股深处的甜蜜余韵久久残留不散。

1135,action_part_w_orgasm_small_C,0,CVP_A2_T|3_E_1,一阵钝重而陌生的酥麻毫无预兆地自体内最深处涌起，从未被触碰过的{womb}竟也泛起了感觉，令{TargetName}猝不及防地轻轻一颤。\n那快感不似寻常那般尖锐，而是沉甸甸地自小腹最深处漫开，如温热的浪潮般漾过腰腹，令她惊觉身体最深处那从未开发的角落竟也会有这般深沉的甜痒，一时间心头乱作一团，什么都想不清楚。\n她当然知道自己的子宫从未被谁进入过，正因如此，这初尝的深处滋味才更令她又羞又慌，脸颊不受控制地烧红。\n{womb}轻轻收缩的酸软感虽然轻浅，却带着令她既惊又臊的甜腻，意识虽还算清醒，心里却满是初经此境的困惑与羞怯，只能任由那阵颤意在身体最深处细细荡漾。\n那阵轻度的绝顶慢慢退去，{TargetName}的脸仍烫得厉害，心底装满了说不清的迷乱与羞涩，久久无法平静。
1136,action_part_w_orgasm_small_C,0,CVP_A2_T|3_E_1,一股深沉钝重的快感骤然自{womb}这一身体最深处的核心泛起，令{TargetName}浑身细细一颤，那从未被侵入过的地方竟第一次尝到了这般滋味。\n酥麻的甜痒如温潮般自下腹最深处缓缓漫过腰际，带着令她头皮发麻的酸胀，脑子里蓦地空了一瞬，她根本没想过自己身体最深处的子宫也会泛起感觉。\n明明清楚这里从未被谁碰过，可偏偏正是这份初次，令她的羞耻与困惑翻涌不休，颊边的绯红一路蔓延。\n{womb}轻轻抽紧的酸软虽轻，却令她的意识微微迷离，心跳骤然加快，那种既陌生又甜腻的滋味令她不知所措，只能咬着下唇任由身体诚实地颤动。\n轻浅的小绝顶渐渐平息，她的心里却久久无法平复，那阵深处泛起的甜意留下满心的窘迫与说不出口的悸动。
1137,action_part_w_orgasm_small_C,0,CVP_A2_T|3_E_1,从身体最深处涌来的钝重快感令{TargetName}猝然一震，那子宫仍是处子的最深处竟也第一次泛起了沉沉的酥麻。\n这甜痒不同于阴蒂那种集中于一点的锐利，而是自{womb}缓缓向全身扩散，厚重地漫过下腹与腰腹的酸胀酥麻，令她一时怔住，脑中一片茫然，只觉得身体最深处那从未被开垦的角落正泛起说不清的甜软。\n她隐约明白自己的子宫从未被谁进入，正因这份初次，那羞耻与惊讶更是止不住地涌上心头。\n{womb}一下下轻缩带来的酸软虽在可承受的范围内，却令她的意识短暂迷乱，心底又羞又惊，既想压下这陌生的颤意，又被那深沉的甜痒牵着走。\n那阵轻度的绝顶缓缓消退，{TargetName}脸颊滚烫，心里满是初尝深处滋味的迷惘与甜蜜，怎么也静不下来。
1138,action_part_w_orgasm_small_C,0,CVP_A2_T|3_E_1,一阵出乎预料的深沉甜麻自体内最深处骤然升起，从未经历过侵入的{womb}竟也第一次有了感觉，令{TargetName}的身体不受控制地轻轻颤动。\n那快感沉甸甸地自小腹最深处漾开，一圈圈渗进腰腹的酸胀，与浅表那种尖锐的刺激截然不同，令她惊愕于身体最深处那从未开发之地竟藏着这般钝重的甜痒，脑子一片混沌。\n她心知自己的子宫从未被谁碰触，正是这初次的陌生，才令满心的羞涩与慌乱翻涌不止。\n{womb}轻轻收缩的酸软虽只是轻浅的一波，却令她意识微微散乱，心跳如鼓，那种深处泛起的甜腻令她又惊又臊，只能任由身体诚实地颤栗。\n轻浅的绝顶渐渐退散，{TargetName}的脸仍红得发烫，心底装满了说不清道不明的窘迫与初尝深处快感的甜蜜悸动。
1139,action_part_w_orgasm_small_C,0,CVP_A2_T|3_E_1,深藏体内的{womb}第一次泛起感觉，那钝重深沉的快感骤然自最深处涌来，令{TargetName}浑身微微一颤，一时不知该如何是好。\n酥软的甜痒如温热的浪潮般自下腹最深处缓缓漫过腰际，带来一阵阵酸胀酥麻，令她惊觉自己身体最幽深处那从未被开垦的角落竟也会有这般感觉，心头顿时乱了方寸。\n她清楚自己的子宫尚是处女，从未被谁进入，正因如此，这初尝的滋味才令她又羞又惊，脸颊一路烧红。\n{womb}轻轻颤缩的酸软虽仍在能承受的范围，却令她的意识短暂地迷离了一下，心底涌起陌生的甜腻与困惑，只好垂下眼帘任凭那阵深处的颤意悄悄蔓延。\n轻度的小绝顶缓缓退去，{TargetName}的心却久久难平，那深处初绽的甜意在身体里悄悄消散，留下满心迷乱与羞怯。

1140,action_part_w_orgasm_small_C,0,CVP_A2_T|20_E_1&high_1,一股深沉钝重的快感自{TargetName}身体最深处的{womb}缓缓泛起，如同温热的浪潮漫过下腹与腰际，带来一阵沉甸甸的酸胀酥麻。\n这只是轻浅的小峰值，快感虽深沉却仍在她可承受的范围内，意识还算清醒，可身体却无法抑制地颤动着，令她又惊又羞。\n她清楚地知道自己刚受精不久，腹中正孕育着新的生命，此刻那最深处竟也泛起如此鲜明的快感，让她既困惑又羞耻，心底涌起一缕对腹中骨肉难以言说的柔情。\n{womb}轻轻收缩的酥麻自深处向全身扩散，那份甜痒与初为人母的隐秘期待交织在一起，令她的心久久无法平静。
1141,action_part_w_orgasm_small_C,0,CVP_A2_T|20_E_1&high_1,细腻而钝重的甜痒自{TargetName}最深处的{womb}一波波涌出，缓缓漫过尚未隆起的小腹，那种自体内核心泛起的深沉酥麻令她心头微微一颤。\n这不过是轻度的绝顶，快感虽厚重却并未将她冲垮，神志尚且清明，她却止不住地脸颊发烫，为身体这般诚实的反应感到窘迫。\n想到腹中那颗刚受精的种子，她心里既有初孕的忐忑与不安，又有一份说不清的甜蜜，偏偏此刻身体最深处的地方竟也会有这样的感觉，令她又羞又慌。\n那股由{womb}扩散开来的深沉甜意在她心底久久荡漾，将迷乱与柔情一并留了下来。
1142,action_part_w_orgasm_small_C,0,CVP_A2_T|20_E_1&high_1,一阵深远的酥麻自{TargetName}体内最深处的{womb}缓缓升起，钝重而绵长地漫过腰腹，与阴蒂那种集中在一点的锐利快感截然不同。\n这只是快感的小峰值，还够不上真正的绝顶，她的意识依旧清醒，只是身体不受控制地轻轻战栗，令她惊讶于怀孕之后竟变得如此敏感。\n她隐约知道这是什么感觉，可当那份深沉的甜痒真切地自最深处泛起时，想到腹中初生的生命，一股难以名状的羞耻与珍视同时涌上心头。\n{womb}轻轻收缩带来的余韵在她心底缓缓消散，却留下一片迷乱、甜美与初为人母的柔软心绪。
1143,action_part_w_orgasm_small_C,0,CVP_A2_T|20_E_1&high_1,深处那股沉甸甸的快感自{TargetName}最核心的{womb}泛起，如温热浪潮般缓缓漫过下腹，带来钝重深沉的酥麻，令她浑身微微一颤。\n这轻浅的小绝顶还在她能承受的范围内，意识仍算清醒，可这具刚受精不久的身体却诚实地做出反应，令她又惊又羞。\n她的手不自觉地想护住尚未显怀的小腹，心底涌起一阵初孕的甜蜜与忐忑，惊讶于身体最深处这般隐秘的地方居然也会传来如此鲜明的快感。\n那份自{womb}向全身扩散的深沉甜痒与对新生命的隐秘期待交织，令她的心久久无法平复，脸颊上的红晕迟迟未褪。
1144,action_part_w_orgasm_small_C,0,CVP_A2_T|20_E_1&high_1,一记深沉钝重的快感自{TargetName}身体最深处的{womb}悄然涌起，缓缓漫过平坦的小腹与腰际，那份自核心泛起的酸胀酥麻令她心跳陡然乱了节奏。\n这只是轻度的高潮，快感深沉却仍可承受，她的神志还算清明，只是身体无法抑制地轻轻颤动，令她既甜蜜又困惑。\n想到自己刚孕育了新生命，腹中那颗受精卵正悄悄生长，此刻最深处竟泛起这般钝重的甜意，一股羞耻、惊讶与柔情在心底翻涌交织。\n{womb}轻轻收缩的余颤带着难以言说的满足在她体内缓缓消散，却在心里留下了迷乱、羞涩与初为人母的隐秘甜蜜。

1145,action_part_w_orgasm_small_C,0,CVP_A2_T|21_E_1&high_1,一阵钝重深沉的快感自{womb}这一身体最深处骤然泛起，怀着博士孩子的{TargetName}猝不及防地轻轻一颤。\n那不是阴蒂上那种集中一点的锐利刺激，而是如温热浪潮般自体内最深处缓缓漫开，酸胀酥麻地漫过隆起的孕肚与腰际。\n她又羞又惊，怀着身孕的地方竟也能泛起这样深远的快感，意识虽还清醒，脑中却已泛起细碎的甜乱。\n这只是轻浅的小峰值，远未抵达真正的绝顶，她一手轻护孕腹，任由那股甜麻自最深处一圈圈荡开，心底满是慌乱与迷醉。
1146,action_part_w_orgasm_small_C,0,CVP_A2_T|21_E_1&high_1,一股深沉厚重的甜潮自{womb}最深处缓缓升起，令怀孕的{TargetName}心头猛地一颤，那种感觉钝而绵长。\n它自体内最深处泛起，酸软酥麻地漫过浑圆的下腹与腰腹，与阴蒂那尖锐的快意截然不同，深远得叫她意识微微发飘。\n她惊讶又羞窘，孕育着女儿的最深处竟会传来如此清晰的快感，明明只是轻浅的小高潮，却已让清醒的她无从抵抗。\n她本能地护住孕肚，唯恐惊扰了腹中初具人形的孩子，心里却被那股甜腻的暖流搅得又慌又醉，久久无法平息。
1147,action_part_w_orgasm_small_C,0,CVP_A2_T|21_E_1&high_1,钝重而深远的酥麻自{womb}最深处一波波涌出，孕中的{TargetName}惊觉这快感竟来得如此沉甸甸。\n它不像阴蒂那般锐利集中，而是自身体最深的核心缓缓漫开，酸胀地渗过隆起的腹部与酸软的腰肢，令她意识泛起甜乱。\n她又羞又茫，怀着身孕的深处也会有感觉这一事实令她面颊发烫，那份轻浅的绝顶虽在可承受之内却无法压制。\n她一手抚着孕腹，心底涌起羞涩、迷醉与惊讶交织的情绪，任那股甜潮在清醒的意识里一点点漾开，缓缓消散。
1148,action_part_w_orgasm_small_C,0,CVP_A2_T|21_E_1&high_1,一阵温热的甜麻自{womb}这一最深处的核心缓缓泛起，怀着博士骨肉的{TargetName}身子不由轻轻一震。\n那深沉钝重的快意如浪潮般漫过孕育中的下腹与腰际，酸软酥麻，与阴蒂那点集中的锐感全然不同，深远得令她心神微荡。\n明明只是快感的小峰值，还够不上真正绝顶，可孕期格外敏感的身体却让她清醒地承受着这份无法抑制的甜颤。\n她既惊且羞地环护着隆起的孕肚，心底泛起甜美又慌乱的涟漪，对身体最深处竟也如此敏感一事满是困惑与迷醉。
1149,action_part_w_orgasm_small_C,0,CVP_A2_T|21_E_1&high_1,钝重深沉的快感自{womb}最深处骤然漫开，孕肚高隆的{TargetName}呼吸一窒，心头涌上难言的甜乱。\n那不是尖锐的一点刺激，而是自体内最深的地方沉沉泛起，酸胀地漫过浑圆的小腹与发软的腰肢，深远而绵长。\n她又羞又惊，孕育着{Name}女儿的最深处竟传来这般清晰的快意，虽只是轻浅的小高潮，清醒的意识却已被搅得迷离。\n她小心地托着孕腹，生出几分对胎儿的顾念，心底那股甜蜜与羞窘交缠的暖意却压也压不住，久久萦绕不去。

1150,action_part_w_orgasm_small_C,0,CVP_A2_T|24_E_1,一股深沉钝重的酥麻感骤然自{womb}这一身体最深处的核心泛起，令刚成为母亲的{TargetName}猝不及防地轻轻一颤。\n那快感不像别处那样尖锐，而是像温热的浪潮般缓缓漫过下腹与腰际，带来一阵深远而绵软的酸胀酥麻，令她的意识短暂地迷离了一下。\n她万万没想到，孕育过女儿的身体最深处竟也会有这样鲜明的感觉，心底涌起一阵羞涩与困惑，脸颊不受控制地染红。\n{womb}一下下轻轻收缩着，那种甜腻从深处向全身扩散，恍惚间竟令她想起了当初怀上孩子的那一刻，既羞又慌，心跳怦怦地乱作一团。\n那阵轻浅的绝顶慢慢退去，她却一时还没回过神，心里既惦记着育婴室里的女儿，又为这份无法抑制的反应而暗自羞赧。
1151,action_part_w_orgasm_small_C,0,CVP_A2_T|24_E_1,一阵厚重而深沉的快感自{womb}最深处缓缓涌出，令产后的{TargetName}身子轻轻一颤，那种钝钝的酥麻感从体内最深的地方一圈圈荡开。\n它缓缓漫过尚在恢复的小腹，漫过腰际，带来深远而绵密的酸胀，令她的脑子里一片甜软，什么都顾不上想了。\n她清楚地知道这是什么感觉，正因如此，当{womb}真切地颤动起来时，那股羞耻与甜蜜才更加令她面红耳热。\n意识虽还算清醒，可这轻浅的高潮却让她无法自控，心底翻涌着做了母亲后依旧会如此沉溺的复杂情绪，既甜蜜又带着几分对孕育女儿那段时光的怀念。\n那阵绵软的余韵在身体深处悄悄消散，却在她心里留下了久久不散的迷乱与惬意。
1152,action_part_w_orgasm_small_C,0,CVP_A2_T|24_E_1,{womb}忽然在体内最深处轻轻一缩，一股深沉的甜痒自那核心泛起，令刚为人母的{TargetName}浑身微微一颤，猝不及防。\n那快感沉甸甸地漫过下腹，渗进腰腹，与别处那种集中的锐利刺激截然不同，是一种自最深处扩散开来的钝重酥麻，令她的意识一瞬间散乱。\n她红着脸，心底满是难以言说的羞涩，没想到自己产后的身子最深处竟这样敏感，稍稍的快感就令她几乎把持不住。\n{womb}轻轻颤动着，那甜腻的感觉一波波荡漾，令她既惊讶又慌乱，脑海里却又浮起怀上女儿时的旧景，心跳快得几乎喘不过气。\n那阵轻度的绝顶渐渐平息，她的脸颊仍滚烫着，心里装满了做母亲后依旧无法平复的甜蜜与窘迫。
1153,action_part_w_orgasm_small_C,0,CVP_A2_T|24_E_1,一阵出乎预料的深沉快感自{womb}最深处涌了上来，{TargetName}的身子轻轻一颤，那股钝重的酥麻带着令她措手不及的甜腻。\n它自体内最深的地方向外一圈圈漫开，浸过产后柔软的小腹，令腰肢也跟着微微发颤，她的意识虽还清醒，脑中却已泛起细碎的甜软。\n身为刚生产的母亲，她本以为早已熟悉这种感觉，可当{womb}如此鲜明地轻颤时，那份羞赧与惊讶仍不受控地涌上心头。\n她暗暗咬了咬下唇想稳住神，却压不住这从深处漫开的甜意，心底既惦记着女儿，又为自己竟因这轻浅的快感而失神而感到难为情。\n等那阵峰值渐渐退散，{womb}残留的细微余颤仍带着令她难以启齿的满足，令她心里久久无法平静。
1154,action_part_w_orgasm_small_C,0,CVP_A2_T|24_E_1,{womb}忽然在最深处轻轻颤了一下，一股深远而绵密的酥麻自那核心悄然漫出，令产后的{TargetName}浑身微微战栗。\n那种钝重的甜痒顺着体内最深处向外渗开，沉沉地漫过下腹与腰际，与别处的尖锐快感全然不同，令她一时什么都想不清楚，只能任由它一波波荡漾。\n她红着脸，心底既羞又惊，没料到孕育过孩子的身体最深处依旧这样诚实，轻轻一撩便让她把持不住地颤抖。\n{womb}一下下轻轻收缩着，那甜腻的余味令她既窘迫又沉迷，恍惚间竟回想起自己就是这样怀上女儿的，复杂的情绪在心里翻涌，令她久久缓不过神。\n那阵轻浅的高潮慢慢平息，她的脸颊仍微微发烫，心底那份做了母亲后依旧无法抑制的甜蜜与羞涩，久久萦绕不去。

1155,action_part_w_orgasm_small_C,0,dr_womb_position_insert,一阵深沉而钝重的酥麻自{womb}这一身体最深处的核心骤然泛起，令{TargetName}猝不及防地轻轻一颤。\n那股快感不像别处那般集中锐利，而是像一道温热的浪潮，自最深处沉甸甸地漫过下腹与腰际，带来一片酸胀酥麻的甜痒，令她的意识微微散乱了一下，脑子里一时空空的，只顾得上感受那股由深处扩散开来的钝重快意。\n她当然明白这是{womb}传来的感觉，正因如此，脸颊才会在那一瞬染上羞涩的红晕，身体最深处的地方竟然也会有这样的感觉，这令她既困惑又羞耻。\n这只是一次轻浅的绝顶，快感虽深沉却仍在可承受的范围内，{TargetName}的神志还算清醒，只是身体无法抑制地做出反应，心底涌起一阵迷乱又甜美的慌乱，暗暗咬了咬下唇也压制不住。\n那阵沉沉的余韵在{womb}深处慢慢平息，{TargetName}却一时还没回过神来，心里装满了说不清的甜腻与窘迫，那种最深处被撩起的酥麻久久萦绕，令她惊讶于自己身体的诚实。
1156,action_part_w_orgasm_small_C,0,dr_womb_position_insert,一股温热的钝重快感自{womb}最深处缓缓涌起，{TargetName}的心头猛地一跳，完全没料到这样深的地方也会泛起感觉。\n那股酥麻自下腹最深处沉甸甸地漫开，一层层浸过腰腹，与别处那种尖锐的刺激截然不同，是一种深远而绵软的甜痒，令她的意识短暂地迷离了一瞬，什么都想不清楚，只剩那阵深处的颤意在体内一波波荡漾。\n她隐约知道这是{womb}被撩动的感觉，偏偏这份明白让她更加脸红，那种身体最隐秘的核心竟被撩起快感的事实，令她既羞涩又茫然。\n这不过是轻浅的小绝顶，快感虽深却尚在可承受之内，{TargetName}的神志仍算清醒，可身体却诚实地轻轻颤动着，心跳急促，心里那股难以启齿的甜腻横冲直撞。\n那阵深沉的余颤在{womb}深处缓缓退去，她的脸颊还是热乎乎的，心底装满了说不清道不明的羞涩与甜蜜，那种自最深处漫上来的滋味令她久久无法平静。
1157,action_part_w_orgasm_small_C,0,dr_womb_position_insert,一阵细腻而深沉的甜麻自{womb}深处骤然漫出，令{TargetName}的身体轻轻一颤，那股自身体最深处泛起的钝重快意来得猝不及防。\n它不像别处那般集中在一点上，而是自下腹最深处沉沉扩散，如温热的浪潮般漫过细腰与绷紧的小腹，令整个身子都泛起酸胀酥麻的甜痒，她的意识在那一刹那短暂地散乱，脑子里乱了阵脚。\n{TargetName}自认为已有几分心理准备，可那种自最深处涌上来的深沉快感还是令她措手不及，颊边的绯红顷刻蔓延，原来身体最深的地方也会有这样的感觉，这令她又羞又惑。\n这只是轻浅的一次绝顶，快感虽深却仍在可承受的边界，她的神志还算清醒，只是身体无法自控地轻颤，手指不自觉地攥紧，心底被那股甜腻搅得七零八落。\n那阵深处的余韵慢慢退去，{TargetName}的脸颊还微微发烫，那种残留在{womb}深处的细微颤意带着令她难以启齿的满足，令她既想装作若无其事，又实在压不住心里涌动的迷乱与甜蜜。
1158,action_part_w_orgasm_small_C,0,dr_womb_position_insert,一股从未预料到的深沉甜麻自{womb}最深处涌出，{TargetName}的身子轻轻颤了一下，那股钝重而绵密的快感夹带着令她措手不及的酥痒。\n它自身体最深处一圈圈地漫开，沉甸甸地渗进绷紧的小腹与腰际，与那种尖锐集中的刺激全然不同，是一种深远的甜软，令她向来沉稳的神态在那一瞬悄然乱了，心跳骤然失了节奏。\n理论上她早已明白这是{womb}传来的感觉，可当那份深处的颤动真实而鲜明地涌上时，那种惊讶与羞涩还是不受控制地涌上心头，身体最深的核心竟这般敏感，令她又惊又臊。\n这不过是轻度的小绝顶，快感虽深沉却尚可承受，{TargetName}的意识依旧清醒，只是腰身无法抑制地轻弓，双腿悄悄夹紧，心底那股甜腻的迷乱怎么也压不下去。\n待那阵深处的绝顶渐渐退散，她心里装满了说不出口的复杂情绪，{womb}深处细微的颤意还未平息，每一下轻收都在提醒她方才那阵深沉峰值带来的甜蜜，令成熟的心底悄悄燃起更浓的渴望。
1159,action_part_w_orgasm_small_C,0,dr_womb_position_insert,{womb}忽然自最深处轻轻一缩，一阵深沉而出乎预料的甜麻自体内核心悄然漫出，令{TargetName}浑身微微一颤，那种绵软钝重的酥意顺着下腹最深处一层层渗开。\n它漫过绷紧的小腹，渗进腰际的每一寸，与别处那种一点上的锐利快感截然不同，是一种自最深处泛起的深远甜痒，令她的呼吸浅急了几分，脑子里涌起一片细腻的甜软，一时什么都顾不上想。\n这种感觉她并非全然陌生，可身体最隐秘的核心竟也会被撩起这般深沉的快感，还是令{TargetName}的脸颊骤然绯红，心底涌上一阵羞涩又茫然的波澜。\n这只是轻浅的绝顶，深沉的快感仍在可承受之内，她的神志还算清醒，只是身体诚实地轻轻颤动着，腰身不受控地微弓，双腿悄悄夹紧，心跳乱成一团。\n那阵深处的余韵慢慢平息，{TargetName}脸颊还有些发烫，{womb}残留的细微颤意带着令她既羞又迷的满足感，那种自最深处漫上来的甜腻久久萦绕，令她一时缓不过神来。

1160,action_part_w_orgasm_small_C,0,dr_womb_position_sex,一阵沉甸甸的钝重颤栗自{TargetName}身体最深处骤然升起，那被彻底填满的饱胀酥麻是她从未预料过的。\n那股深沉的快感如同温热的浪潮，自{womb}这一最里侧的核心缓缓漫过下腹，漫过腰际，令她整个人都发起细细的颤抖，脑子里乱乱的，只隐约觉得身体最深的地方竟也会泛起这样绵软的甜痒。\n她的意识在那阵钝重的浪潮里迷糊了一点，心里充斥着从未有过的慌乱与羞涩，心脏怦怦乱跳。\n那种感觉说不清好还是不好，只是来得太突然，深处那点被占据的酥麻令她既惊慌又不知所措，只能任由{womb}不由自主地轻轻收缩着。\n那阵迷乱的颤动慢慢平息，{TargetName}却还没完全回过神来，脸颊红扑扑的，心里装满了搞不明白的迷茫，不知自己身体最深处为何会有这样奇异的反应。
1161,action_part_w_orgasm_small_C,0,dr_womb_position_sex,一股细腻的钝重酥麻自{womb}深处泛出，令{TargetName}猝不及防地轻轻颤了一下，最里侧那被填得满满的地方不由自主地收缩了几下。\n那种深沉而带着甜腻的感觉自身体最深处向外扩散，漫过小腹，漫过腰肢，让整个娇躯都细细颤动，她的心跳骤然加快，脑子里有一瞬的空白。\n她隐约明白这是什么感觉，偏偏这份明白让她更加脸红，那种源自最深处的酥软虽然轻浅，却令她的意识短暂地迷离了一下。\n{womb}那种被占满的饱胀与轻颤令她有些失措，既羞涩又懵懂，那种说不清的甜腻令她不知把眼神放哪里，只好慌慌张张低下了头。\n那阵轻浅的颤动平息后，脸颊还是热乎乎的，明明隐约知道这是什么，可真发生在身体最里侧时，还是忍不住觉得慌乱与茫然。
1162,action_part_w_orgasm_small_C,0,dr_womb_position_sex,一阵深沉而甜腻的快感骤然自{womb}这一身体最深处涌了出来。\n{TargetName}的心头猛地一跳，那股令她头皮发麻的钝重酥痒自最里侧扩散到整个下腹，漫过细腰，漫过腿根，令双腿无意识地夹紧了一点，脑子里蓦地空荡荡的，只剩那股深沉的颤动在身体最深处一波一波荡漾，意识短暂地散乱了一下。\n她当然知道这是什么感觉，正因为知道，脸颊才在那一瞬染上浓烈的红晕，那种熟悉却来自最深处的酥软偏偏无法压制。\n{womb}被填满后一下一下轻轻收缩着，既令她想深藏这感觉，又忍不住被那股钝重的快感带着走，心脏急跳，那股难以启齿的甜腻在心里横冲直撞。\n那阵轻浅的绝顶慢慢退去，脸颊仍滚烫，意识一点点重新清晰，心里装满了说不清的甜蜜与窘迫，那来自最深处的余味久久无法平静。
1163,action_part_w_orgasm_small_C,0,dr_womb_position_sex,一阵细腻而绵密的钝重快感自{womb}深处漫出，令{TargetName}的身体轻轻一颤，她本能地想压制那股自最里侧忽然涌上的酥麻，却发现根本无能为力。\n最深处那被占据的地方不受控制地轻轻收缩了几下，那种深沉的颤意一波一波向外扩散，漫过腰肢，漫过绷紧的小腹，令整个身体都细细颤动，意识在那一刹那短暂地散乱，脑子里乱了阵脚。\n她自认已有些许心理准备，可那种源自身体最深处的快感还是令她猝不及防，颊边的绯红顷刻蔓延。\n{womb}那轻微而无法停止的收缩令呼吸乱了节奏，那股说不清的甜腻自最深处漫来，令她暗暗咬了咬下唇，想稳住自己，手指却已不自觉地攥紧。\n那阵轻浅的绝顶退去后，脸颊仍微微发烫，最深处残留的细微余颤带着一丝难以启齿的满足，令她久久无法平复心底涌动的甜蜜与慌乱。
1164,action_part_w_orgasm_small_C,0,dr_womb_position_sex,一阵从未预料到的钝重甜麻自{womb}这一身体最深处涌出，{TargetName}的身体轻轻颤了一下，那股绵密的快感夹带着令她措手不及的深沉甜腻。\n它自最里侧向外一圈圈漫开，渗进绷紧的小腹，令腰肢也跟着微微一颤，她的心跳骤然乱了节奏，意识虽还算清醒，脑子里却已涌起一片细碎的甜麻，向来的从容在那一瞬悄然乱了。\n理论上她早已了解这是什么感觉，可当身体最深处那被填满的地方真实而鲜明地轻颤时，那种惊讶与羞涩还是不受控制地涌上心头，腰身轻轻弓起，双腿下意识收拢。\n她咬了咬下唇想稳住神，却发现那种来自最深处的甜腻颤意根本压不住，只能任那阵轻浅的快感在体内漫开。\n等这阵轻度的绝顶渐渐退散，{TargetName}心里装满了说不出口的复杂情绪，那种源自身体最里侧、余韵不散的满足感令她既惬意又隐隐渴望。

1165,action_part_w_orgasm_small_C,0,high_1,一股深沉钝重的快感自{TargetName}身体最深处的{womb}缓缓泛起，如温热的浪潮般漫过下腹与腰际，带来一片酸胀酥麻的甜痒。\n这种感觉与阴蒂那种集中一点的锐利刺激截然不同，是沉甸甸地自最里侧漫上来的深远快意，令她的意识微微一恍。\n{TargetName}又惊又羞，怎么也想不到身体最深处竟然也会有这样的感觉，那股无法压制的甜麻令她心跳骤然加快，脸颊悄悄染红。\n这只是轻度的绝顶，快感虽深沉却仍在能承受的范围内，她意识还算清醒，身体却不受控制地轻颤着，只能懵懂又甜蜜地任那阵深处的余韵慢慢消散。
1166,action_part_w_orgasm_small_C,0,high_1,一阵厚重的酥麻自{TargetName}下腹最深处的{womb}沉沉涌起，如缓缓漫开的暖流，一圈圈渗过腰腹，带来钝重而深远的甜胀。\n那快感不像阴蒂般尖锐集中，而是自身体最里侧泛上来的深沉悸动，令她的思绪短暂地散乱了一下，脑中泛起一片细软的空白。\n{TargetName}又羞又慌，那么深、那么里的地方竟然也能生出这般酥痒，令她的心怦怦乱跳，颊边不受控制地漫上绯红。\n虽只是轻浅的小峰值，还到不了真正绝顶的地步，可那股自深处荡开的甜意还是让她意识微微迷离，只能咬着唇任身子轻颤，心底满是说不清的甜美与窘迫。
1167,action_part_w_orgasm_small_C,0,high_1,{womb}深处忽然泛起一阵细腻而钝重的快感，令{TargetName}猝不及防地轻轻一颤，那股酥麻自身体最深处沉甸甸地漫开，渗过小腹与腰肢。\n这深沉的甜痒与阴蒂那种锐利的刺激全然不同，是自最里侧一波波荡上来的悸动，令她的意识短暂地迷糊了一下。\n她心里又惊又羞，实在没想到身体最深、最隐秘的地方也会有如此鲜明的感觉，那种陌生的甜腻令她既慌乱又羞涩，心跳乱成一团。\n这轻度的绝顶虽只是快感的小峰值，她意识仍清醒，身体却压不住地颤动着，只能任由那股深处的甜意在体内荡漾，久久缓不过神来。
1168,action_part_w_orgasm_small_C,0,high_1,一股沉稳深远的快意自{TargetName}体内最深处的{womb}缓缓升腾，如温热的浪潮漫过下腹与腰腹，带来一片酸胀又酥软的甜麻。\n这种自最里侧泛起的钝重快感与阴蒂的锐利截然不同，深沉得令她的呼吸微微一乱，脑中涌起细碎的甜软。\n{TargetName}又羞又惊，身体最深处竟也能生出这般难以言说的酥痒，令她心跳骤乱，脸颊浮起细腻的红晕，既觉甜美又觉难堪。\n这不过是轻浅的一次小高潮，她意识还算清醒，却止不住身子的轻颤，只能咬唇任那阵深处的甜腻慢慢漫开，心底悄悄涌起一片迷乱与惬意。
1169,action_part_w_orgasm_small_C,0,high_1,{TargetName}只觉一阵深沉钝重的酥麻自{womb}这身体最深处的核心悄然荡开，如暖流般缓缓漫过下腹与腰际，泛起绵密的甜胀。\n那快感不似阴蒂般集中锐利，而是自最里侧一寸寸漫上来的深远悸动，令她的思绪蓦地一片恍惚，什么都顾不上想。\n她心底又惊又羞，那么深、那么隐秘的地方竟也会传来这样鲜明的甜痒，令她的心怦怦直跳，颊边烧起一片羞红。\n这轻度的绝顶只是快感的小峰值，意识尚算清醒，身体却诚实地轻颤着，那股深处荡开的甜意令她既羞涩又沉迷，只能任那余韵久久残留心间。

1170,action_part_w_orgasm_small_C,0,t_npc_active_h,一直牢牢掌控着主动权的{TargetName}怎么也没料到，那自身体最深处泛起的钝重快感竟先一步击溃了她的从容。\n一股深沉厚重的酥麻自{womb}这一体内最深的核心缓缓泛起，如温热的浪潮般漫过下腹与腰际，与寻常那种锐利的快感截然不同，沉甸甸地令她心头一颤。\n明明是自己主动献身服侍着{Name}，可这轻度的绝顶却让她乱了阵脚，意识虽还清醒，身体却诚实地轻颤，羞涩与迷乱一同涌上心头。\n她惊讶于身体最深处竟也会有这般深远的感觉，那阵甜痒自{womb}向全身扩散，令她既窘迫又忍不住沉溺。\n那阵轻浅的峰值缓缓平息，{TargetName}的脸颊犹自发烫，心底残留着说不清的甜蜜与慌乱，久久不能平静。
1171,action_part_w_orgasm_small_C,0,t_npc_active_h,主动骑坐着掌控节奏的{TargetName}只觉一阵深沉的快感自体内最深处骤然涌起，{womb}泛起的钝重酥麻令她心头猛地一跳。\n那股厚重的甜痒自下腹最深处一波一波地漫开，缓缓渗进腰腹，与她惯常主导时的游刃有余全然不同，令她一时慌了神。\n分明是自己主动服侍着{Name}，却先被这轻度的高潮撩拨得意识微微迷离，她又羞又惊，没想到身体最深的地方竟这般敏感。\n那种由{womb}向四肢扩散的深沉甜意令她既想掩饰又无法压制，心跳乱作一团，只能咬着下唇任那股酥麻蔓延。\n轻浅的绝顶渐渐退去，{TargetName}脸上潮红未散，心里满是难以言说的甜蜜与困惑，还残留着一丝意犹未尽的迷恋。
1172,action_part_w_orgasm_small_C,0,t_npc_active_h,掌握着全部主动的{TargetName}正卖力取悦着{Name}，却没提防那自身体最深处泛起的钝重快感先一步攀上了小峰值。\n{womb}泛起的深沉酥麻如温热浪潮漫过下腹，钝钝地压过腰际，那种厚重而深远的感觉令她心头发颤，与锐利的刺激全然两样。\n主动献身的她意识仍算清醒，却压不住这轻度绝顶带来的迷乱，羞涩之余更有几分惊讶——身体最深处竟也会这般泛起甜痒。\n那股自{womb}向全身荡开的甜意令她又窘又醉，心跳急促，暗暗咬唇却仍无法稳住自己的神态。\n那阵浅浅的高潮缓缓消散，{TargetName}的脸颊滚烫，心底涌动着甜蜜与羞窘交织的余韵，令她久久缓不过神来。
1173,action_part_w_orgasm_small_C,0,t_npc_active_h,主导着这场情事的{TargetName}忽觉一股深沉钝重的快感自{womb}这一体内最深处骤然泛起，令她心头猛地一颤。\n那种厚重的甜痒不似寻常那般集中锐利，而是沉甸甸地自下腹深处漫过盆腔与腰腹，一波一波地荡开，令主动服侍着{Name}的她一时乱了方寸。\n她意识尚清，却无法阻止这轻度绝顶让身体不受控地轻颤，心底浮起羞涩、迷乱与几分甜美的惊讶。\n那股由{womb}扩散全身的深远快意令她既惊又羞，没想到自己主动引领之时，竟先被身体最深处的感觉俘获，心跳乱成一片。\n轻浅的峰值渐渐平息，{TargetName}脸颊犹热，心里满是说不清的甜蜜与窘迫，那阵余韵久久残留不去。
1174,action_part_w_orgasm_small_C,0,t_npc_active_h,一手主导着一切的{TargetName}正主动取悦{Name}，却被那自身体最深处涌起的钝重快感撩拨得先失了守。\n{womb}泛起的深沉酥麻如温热的浪缓缓漫过下腹与腰际，那种厚重而深远的甜痒沉甸甸地压上来，与锐利的快感截然不同，令她心头一荡。\n主动献身的她意识虽清，却压不住这轻度高潮带来的战栗，又羞又慌，惊讶于身体最深的角落竟也会泛起这般感觉。\n那阵由{womb}向全身扩散的甜意令她窘迫又沉溺，心跳如鼓，只能暗暗夹紧双腿咬住下唇，任那股细腻的酥麻在体内荡漾。\n那阵浅浅的绝顶缓缓退去，{TargetName}的脸颊仍旧发烫，心底残留着甜蜜与迷乱交织的余温，久久无法平复。

1175,action_part_w_orgasm_small_C,0,group_sex_mode_on&CVP_A2_A|34_LE_4,一股深沉钝重的快感自{womb}这一身体最深处悄然泛起，如温热的浪潮般缓缓漫过{TargetName}的下腹与腰际，令她的酸胀酥麻一层层荡开。\n这只是轻浅的小峰值，意识还算清醒，可身体却不听使唤地颤抖，最要命的是四周还有别的女性在，她羞得恨不能把自己藏进影子里。\n{TargetName}死死咬住下唇不让声音泄出，心里又羞又慌，既惊讶于身体最深处竟也会涌起这般甜痒，又怕这份失态被旁人瞧个正着。\n那阵沉甸甸的钝重快感在体内深处一波波荡漾，令她意识微微迷乱，脸颊烧得通红，只能强撑着维系那点可怜的体面，任由{womb}轻轻收缩着诉说这份难以启齿的甜蜜。
1176,action_part_w_orgasm_small_C,0,group_sex_mode_on&CVP_A2_A|34_LE_4,快感自{womb}最深处沉沉涌起，那种钝重而深远的酥麻不同于别处的锐利刺激，如厚重的暖流缓缓漫过{TargetName}的小腹与腰腹，令她酸软难耐。\n偏偏此刻身旁还有其他女性，羞耻感令{TargetName}窘迫得几乎无地自容，她只想把身子蜷起来藏住这份失态，却怎么也压不住那阵深处的颤动。\n这只是一次轻度的绝顶，快感虽深沉却仍在可承受的范围，她的意识依旧清醒，只是没料到身体最里面的地方也会有这般感觉，又羞又惑。\n{TargetName}的心怦怦乱跳，一半是被那甜痒牵动的迷乱，一半是唯恐被人看穿的慌张，那股自{womb}扩散开来的沉甸甸甜意，令她心底泛起说不出的羞涩与甜蜜。
1177,action_part_w_orgasm_small_C,0,group_sex_mode_on&CVP_A2_A|34_LE_4,一阵深沉厚重的快感自身体最深处的{womb}缓缓泛起，钝重的酥麻如温热的浪头一层层漫过{TargetName}的下腹与腰际，令她酸胀酥软得几乎站不稳。\n她比谁都清楚身边还有旁的女性在看，正因如此才格外羞窘，只能咬着牙别开脸，把身子缩起来，努力不让这份深处的失态落进别人眼里。\n这不过是快感的小峰值，意识尚且清明，可那从最深处泛起的甜痒偏偏无法压制，令她既惊讶又困惑，原来身体最里边竟也藏着这样一处地方。\n{TargetName}的心跳乱作一团，羞耻与快感交织着在胸口横冲直撞，{womb}轻轻收缩的每一下都令她脸颊更烫，那份难以言说的甜腻在心里悄悄蔓延，久久无法平息。
1178,action_part_w_orgasm_small_C,0,group_sex_mode_on&CVP_A2_A|34_LE_4,钝重深沉的快感自{womb}这一最深处的核心涌出，如同温热的浪潮缓缓漫过{TargetName}的腰腹，那份酸胀酥麻与寻常的锐利刺激截然不同，深远而绵长。\n察觉到周遭女性的目光，{TargetName}羞得几乎喘不过气，一心只想遮掩住自己的反应，可身体最深处那股沉甸甸的颤动却根本不由她做主。\n这只是轻浅的小绝顶，她的意识还算清醒，只是身体无法抑制地颤栗着，越是想压住越是慌乱，脸颊烧得通红，连眼神都不知该往哪儿放。\n那股自{womb}向全身扩散的深沉甜痒令{TargetName}心底又羞又乱，既为身体最里处竟有这般感觉而困惑，又怕这难堪的一幕被人尽收眼底，只能暗暗攥紧了手指强撑着。
1179,action_part_w_orgasm_small_C,0,group_sex_mode_on&CVP_A2_A|34_LE_4,一阵沉甸甸的钝重快感自身体最深处的{womb}泛起，如温热的暖流缓缓漫过{TargetName}的下腹与腰际，将酸软的甜痒一圈圈荡开，令她浑身发麻。\n偏在这众目睽睽之下，{TargetName}羞窘得恨不能钻进地缝，她拼命压着声音想装作无事，可那自最深处涌来的颤意却怎么也掩不住，令她慌乱不已。\n这只是快感的小峰值，意识仍旧清醒，只是身体诚实地颤抖着，她既惊讶于{womb}这般深藏之处也会传来快感，又羞于在旁人面前露出这样的失态。\n{TargetName}的心跳快得发慌，羞耻与甜蜜在心底交缠，{womb}轻轻收缩的每一下都提醒着她这份难堪的沉沦，那阵深处的甜腻余韵在体内久久荡漾，令她迟迟缓不过神来。

1180,action_part_w_orgasm_small_C,0,group_sex_mode_on&CVP_A2_A|34_G_4,一阵深沉钝重的快感骤然从{womb}这一身体最深处泛起，如温热的浪潮缓缓漫过下腹与腰际，令{TargetName}轻轻一颤。\n意识到周围那么多女性的目光正落在自己身上，她非但没有羞怯，反而生出一种被注视着的莫名亢奋，心跳怦怦加快，那股深处的酥麻竟因这份被观赏的刺激而愈发鲜明。\n她清楚地感到身体最深的地方也会有如此深远的感觉，这份认知既让她羞涩又让她迷乱，偏偏那种被众人看着高潮的兴奋压过了一切。\n{womb}轻轻收缩的余颤带着甜腻的满足，令她在众目睽睽之下沉醉得几乎抬不起头，心底却涌起隐隐的得意。
1181,action_part_w_orgasm_small_C,0,group_sex_mode_on&CVP_A2_A|34_G_4,厚重深沉的快感自{womb}深处一波波涌出，钝钝地漫过小腹与腰腹，那种从身体最深处泛起的酥胀令{TargetName}的意识短暂地迷乱了一下。\n察觉到旁边女人们羡慕又嫉妒的视线，她心底那份被观赏的兴奋骤然膨胀，脸颊滚烫，却忍不住想把这深处的震颤展示得更清楚。\n身体最深的地方竟也能泛起这样深远的快感，这让她既困惑又羞耻，可被众人注视着达到小峰值的刺激却让她欲罢不能。\n{womb}轻轻颤动的余韵带着难以言说的甜腻，令{TargetName}在众目之下心跳久久无法平复，暗暗沉溺于这份被观看的快意。
1182,action_part_w_orgasm_small_C,0,group_sex_mode_on&CVP_A2_A|34_G_4,一股深远钝重的快感从{womb}这一最深的核心悄然升起，如暖流般缓缓荡过下腹与腰际，令{TargetName}浑身细细一颤。\n被一圈女性目光包围着，她非但不觉难堪，反而涌起一阵被注视的甜美亢奋，心脏急速跳动，那股深处的酥麻在众人的观赏下变得格外清晰而浓烈。\n她惊讶地发觉身体最深处也会有这般沉甸甸的感觉，这份羞耻与新奇交织在一起，却又被展示自己高潮的兴奋盖了过去。\n{womb}细微收缩的余颤带着惬意的满足，令她在众目睽睽间迷乱得双颊绯红，心底悄悄漾起一丝炫耀的得意。
1183,action_part_w_orgasm_small_C,0,group_sex_mode_on&CVP_A2_A|34_G_4,深沉而绵密的快感自{womb}最深处涌出，钝重地漫过绷紧的小腹与腰肢，令{TargetName}的身体轻轻一颤，意识也随之迷离了一瞬。\n感受到众多女伴齐齐投来的视线，她心底非但没有慌乱，反而升起被观赏的兴奋，脸颊绯红却愈发想把这份深处的颤栗大方地摊在众人眼前。\n身体最深的地方竟能泛起这样深远的酥胀，这令她既羞耻又迷醉，可被人看着高潮的刺激让她心跳乱成一团。\n{womb}残留的细微余颤带着让她难以启齿的满足，令{TargetName}在众目之下沉浸得缓不过神，心底却隐隐渴望更多。
1184,action_part_w_orgasm_small_C,0,group_sex_mode_on&CVP_A2_A|34_G_4,从{womb}这一身体最深的核心，一阵钝重深沉的甜麻骤然泛起，如温热的浪潮般缓缓漫过下腹与骨盆，令{TargetName}轻轻战栗。\n意识到自己正被那么多女性看着，她心头那份被注视的亢奋反而愈演愈烈，呼吸浅急，那股深处的酥胀因这份被观赏的羞耻与兴奋而更加鲜明。\n身体最深处也能涌起这般深远的快感，这份认知让她又羞又惊，偏偏被众人围观着达到小峰值的刺激令她无法自控。\n{womb}轻轻抽动的余韵带着甜腻的惬意，令她在众目睽睽间双颊滚烫，心底却悄悄燃起愈发炽烈的展示欲。

1185,action_part_w_orgasm_small_C,0,h_in_love_hotel,一股深沉钝重的酥麻自{womb}这一身体最深处的核心悄然泛起，如温热的浪潮般缓缓漫过{TargetName}的下腹与腰际，那股沉甸甸的甜痒令她猝不及防。\n这轻浅的快感虽深，却仍在可承受的范围之内，{TargetName}的意识还算清醒，只是身体无法抑制地轻轻颤动，心底涌起一阵说不清的迷乱与甜蜜。\n她万万没料到身体最深处那样隐秘的地方竟然也会有感觉，这一发现令她又羞又惊，脸颊悄悄染上红晕，心跳怦怦加快。\n{womb}那一下下轻柔的抽缩带着钝重的甜意向全身扩散，令{TargetName}又困惑又羞涩，只能懵懂而甜腻地任由那阵轻度的绝顶在深处缓缓漫开。
1186,action_part_w_orgasm_small_C,0,h_in_love_hotel,深处的快感如钝重的浪头般自{womb}缓缓涌起，一波沉甸甸的酥麻自{TargetName}的下腹最深处漫开，与阴蒂那种锐利的刺激截然不同，是一种沉闷而深远的甜痒。\n这只是轻度的小绝顶，快感虽深沉却尚可承受，{TargetName}的神志依旧清醒，却压不住身体细细地颤动，心头掠过一阵羞涩又迷乱的悸动。\n身体最深处竟会传来这样明确的感觉，令她惊讶又困惑，脸颊不受控地发烫，心跳骤然加快。\n{womb}轻轻收缩着，那股由深处向四肢百骸扩散的甜软令{TargetName}又惊又羞，只能咬着下唇，甜腻而慌乱地承受着这轻浅峰值带来的酥麻余韵。
1187,action_part_w_orgasm_small_C,0,h_in_love_hotel,一阵钝重深沉的甜麻自{TargetName}身体最深处的{womb}悠悠泛起，像温热的浪潮般缓缓漫过下腹与腰腹，那种自最深处涌来的沉甸甸的酥痒令她心头一颤。\n这不过是快感的小峰值，虽深沉却仍在承受范围内，{TargetName}意识清醒，身体却诚实地轻轻战栗，心底泛起一阵甜美又羞涩的涟漪。\n她惊讶地发现身体最隐秘最深的地方也会传来这般明确的快感，那份羞耻与困惑令她面颊绯红，心跳如鼓。\n{womb}一下下轻柔地抽缩，那股深远的甜意缓缓向全身荡开，令{TargetName}又迷乱又甜蜜，只能懵懂地任凭这轻度的绝顶在深处轻轻漫过。
1188,action_part_w_orgasm_small_C,0,h_in_love_hotel,深处的钝重快感如浪潮般自{womb}缓缓升腾，一股沉甸甸的酥麻自{TargetName}下腹最深处泛起，漫过腰际，那种深远绵长的甜痒与阴蒂的锐利刺激全然不同。\n这只是浅浅的小绝顶，快感虽深却仍可承受，{TargetName}的意识还算清明，身体却无法抑制地轻颤，心头涌起说不清的甜蜜与窘迫。\n身体最深处竟也能生出这般明确的感觉，令她既惊又羞，脸颊悄悄泛红，心跳不受控地加速。\n{womb}轻轻收紧又松开，那股自深处扩散的甜软令{TargetName}迷乱不已，只能红着脸，甜腻而羞怯地感受着这轻浅峰值在体内深处缓缓消散的余温。
1189,action_part_w_orgasm_small_C,0,h_in_love_hotel,一股沉甸甸的深处快感自{TargetName}身体最深处的{womb}悄然涌出，如温热的浪潮般缓缓漫过下腹与腰腹，那种钝重深远的酥麻令她心头猛地一跳。\n这轻度的小绝顶只是快感的小峰值，虽深沉却仍在可承受的范围，{TargetName}的神志依旧清醒，身体却压不住地细细颤动，心底掠过一阵甜美又慌乱的悸动。\n她从未料到身体最深最隐秘的地方竟会传来如此明确的甜痒，那份羞耻与迷惑令她面颊滚烫，心跳怦然。\n{womb}轻轻地一下下抽缩着，深沉的甜意向全身缓缓荡开，令{TargetName}又羞又醉，只能甜腻而懵懂地任由这轻浅的绝顶在深处慢慢平息。

1190,action_part_w_orgasm_small_C,0,h_in_bathroom,氤氲的水汽里，一股钝重深沉的快感骤然自{womb}这一身体最深处的核心泛起，令{TargetName}猝不及防地轻轻一颤。\n那股酥麻不像别处那样尖锐，而是沉甸甸地如温热的浪潮般缓缓漫过下腹与腰际，带着深远的酸胀酥软，令她的意识微微迷乱了一下，脑子里蒙蒙的。\n她清楚地知道这是绝顶，只是没料到身体最深的地方竟也会有如此清晰的感觉，那份羞耻与困惑令她的脸颊在腾腾热气里烧得通红。\n这只是轻浅的小峰值，快感虽深沉却仍在可承受的范围内，她意识还算清醒，身体却诚实得叫她窘迫，只能在满室水声中任由那阵甜腻的余韵慢慢消散。
1191,action_part_w_orgasm_small_C,0,h_in_bathroom,温热的水流淌过湿滑的肌肤，一阵深远而钝重的酥麻毫无预兆地自{womb}深处涌上，令{TargetName}的心头猛地一跳。\n那股沉甸甸的甜痒自体内最深处向四周扩散，缓缓漫过腰腹，带着令她头皮发麻的酸胀，脑中霎时一片空茫，什么都想不清了，只余那股深处的颤意一波波荡漾。\n她既羞又惑，身体最深的地方竟会泛起这样清晰的快感，这事实令她的绯红一路蔓延到脖颈。\n这不过是轻度的小绝顶，甜腻却仍算温和，她的神志仍清明，却压不住那股无法自控的甜软，只能在水汽氤氲里暗暗咬唇，任心跳久久不能平静。
1192,action_part_w_orgasm_small_C,0,h_in_bathroom,弥漫的蒸汽中，一波深沉厚重的甜麻骤然自{womb}这体内最深的核心泛起，令{TargetName}浑身细细地一颤。\n那股快感如温热的浪潮般沉沉漫过下腹，渗进湿润的腰际，带来深远而绵软的酸胀酥麻，与别处尖锐的刺激截然不同，令她的意识短暂地散乱了一下，脑海里泛起一片细碎的甜软。\n她当然知道这是什么，正因知道，那份身体最深处也会有感觉的羞耻才愈发浓烈，脸颊在热气里滚烫得几乎冒烟。\n这只是浅浅的快感峰值，甜腻却仍可承受，她清醒地感受着那股自深处涌出的钝重甜痒，既想深藏心底，又被它牵引着轻轻沉沦，满心都是说不清的迷乱与惬意。
1193,action_part_w_orgasm_small_C,0,h_in_bathroom,哗哗的水声里，一股绵密而钝重的快感自{womb}深处缓缓漫出，令{TargetName}的身子轻轻一颤，她本能地想压下那股沉甸甸涌上的酥麻，却无能为力。\n那种深远的甜痒自体内最深处一波波向外扩散，漫过腰肢，渗进绷紧的小腹，令整个人都细细地颤动起来，意识在那一刹那微微迷离，脑中乱了阵脚。\n她自认早有些许准备，可这从最深处泛起的快感还是叫她猝不及防，颊边的绯红在蒸腾热气里顷刻蔓延。\n这轻浅的小绝顶甜腻却仍温和，她神志还算清醒，指尖却已不自觉地攥紧，心底被那股无法压制的深沉甜软搅得七零八落，只能在水汽里任那份羞涩与甜蜜久久荡漾。
1194,action_part_w_orgasm_small_C,0,h_in_bathroom,温热的水汽将{TargetName}整个包裹，一阵出乎预料的钝重甜麻骤然自{womb}这身体最深的核心涌出，令她轻轻颤了一下。\n那股深沉的酥意如温热的浪头般缓缓漫开，渗进湿润的小腹，令腰肢也跟着微微一颤，她的心跳霎时乱了节奏，意识虽还清醒，脑中却涌起一片细碎的甜软。\n理论上她早已熟悉这滋味，可当身体最深处真切地泛起这般清晰的快感时，那份惊讶与羞耻仍不受控地涌上心头，脸颊在腾腾热气里泛起细腻的红晕。\n这只是轻度的峰值，甜腻却仍可承受，那股自深处漫开的酸胀酥麻令她既窘迫又迷乱，只能在满室水声与蒸汽里，任那份轻浅的甜蜜慢慢地消散。

1195,action_part_w_orgasm_small_C,0,hidden_sex_mode_1&place_someone_not_in_hidden_and_conscious,一阵沉甸甸的钝重快感忽然从{TargetName}身体最深处泛起，{womb}不受控制地悄悄收缩着，那股深沉的酥麻如温热的浪潮般缓缓漫过下腹与腰际。\n和阴蒂那种集中在一点的锐利刺激全然不同，这种从最深处涌出的深远快感令她又惊又羞，身体最里面的地方竟然也会有这样的感觉。\n偏偏此刻四周还有旁人，她的心跳骤然乱成一团，既怕被人瞧出端倪，又忍不住被那股无法压制的甜痒带着走，那种一边强撑镇定一边偷偷承受高潮的隐秘刺激令她的意识微微发飘。\n这只是轻浅的小绝顶，她的神志还算清醒，却怎么也止不住身体深处那阵诚实的颤栗，只能红着脸暗暗咬唇，任由那股隐秘的甜腻在心底一圈圈荡开。
1196,action_part_w_orgasm_small_C,0,hidden_sex_mode_1&place_someone_not_in_hidden_and_conscious,{womb}深处骤然漫起一股厚重深沉的快感，{TargetName}的心头猛地一跳，那股钝重的酥麻自下腹最深处泛起，沉沉地漫过腰腹，令她一时什么都顾不上想。\n这种从体内最深处涌出的深远快感与阴蒂截然不同，深得让她又羞又慌，可越是在这样公开的场合，那种偷偷承受高潮的隐秘刺激反倒越发浓烈。\n她拼命装作若无其事，心里却明白身体最深处正诚实地颤动着，生怕近旁的人察觉到一丝异样，那份紧张与羞耻交织在甜腻里，令她的心跳快得几乎要跳出来。\n只是轻度的小绝顶，意识尚且清明，她却无论如何压不住那阵深处的甜痒，只能在心底暗暗慌乱又暗暗沉迷。
1197,action_part_w_orgasm_small_C,0,hidden_sex_mode_1&place_someone_not_in_hidden_and_conscious,一股深沉钝重的甜麻感从{womb}这一身体最深的核心缓缓泛起，如温热的浪潮般漫过{TargetName}的下腹与腰际，令她的呼吸悄悄乱了节奏。\n这种自最深处涌出的快感沉甸甸的，和阴蒂那点锐利刺激完全不一样，深得令她又惊又窘，偏偏周围还有旁人的目光不时扫来。\n她越是想装作什么都没发生，心底那股偷情般的隐秘快感就越是汹涌，既怕被人识破，又被这种躲躲藏藏的刺激撩拨得心猿意马，那份禁忌的甜腻在心里横冲直撞。\n这不过是轻浅的小峰值，她的意识仍清醒，却管不住身体最深处那阵诚实的颤栗，只能红着脸把满心的迷乱与甜蜜悄悄咽下。
1198,action_part_w_orgasm_small_C,0,hidden_sex_mode_1&place_someone_not_in_hidden_and_conscious,{TargetName}只觉一阵绵密深沉的快感从{womb}深处一波一波地漫出来，那股钝重的酥麻自体内最深处泛起，沉沉地荡过腰腹，令她的意识短暂地散乱了一瞬。\n身体最里面的地方竟也能生出这样深远的快感，这令她既羞且惑，而此刻正身处人前，那种必须强忍着不出声的处境更叫她心跳如鼓。\n她努力维持着表面的平静，心底却被那股无法压制的甜痒搅得七零八落，既怕旁人看穿这偷偷摸摸的欢愉，又忍不住沉溺在这份隐秘的刺激里。\n只是一次轻浅的小绝顶，她还算清醒，却怎么也压不下深处泛起的颤意，只能暗暗攥紧手指，任由羞涩与甜蜜在心里交织翻涌。
1199,action_part_w_orgasm_small_C,0,hidden_sex_mode_1&place_someone_not_in_hidden_and_conscious,一阵出乎预料的深沉甜麻感忽然从{womb}深处涌出，{TargetName}的心猛地一颤，那股厚重的酥麻如温热的潮水般漫过下腹，渗进腰际的每一寸肌肤。\n这种从身体最深处泛起的快感钝重而深远，全然不同于阴蒂的锐利，深得令她又惊又羞，而周遭那些若有若无的怀疑目光更叫她慌乱。\n她拼命把神色压得镇定，心底却清楚身体最深处正诚实地颤动着，那种当着旁人偷偷承受高潮的隐秘刺激令她既惶恐又沉迷，心跳乱得几乎喘不过气。\n这只是轻度的小绝顶，意识尚清醒，她却止不住那阵深处的甜痒，只能红着脸暗暗咬唇，把这份说不出口的甜腻与窘迫悄悄藏进心底。

1200,action_part_w_orgasm_small_C,0,hidden_sex_mode_2&place_someone_not_in_hidden_and_conscious,一股深沉钝重的快感忽然从身体最深处的{womb}泛起，{TargetName}猝不及防地轻轻一颤，她慌忙咬住下唇——此刻的她正躲在旁人看不见的地方，绝不能被发现。\n那股沉甸甸的酥麻如温热的浪潮般缓缓漫过下腹与腰际，与她熟悉的那种尖锐快感截然不同，是从最深处涌上来的钝重甜痒。\n意识还算清醒，她却压不住身体的反应，越是拼命忍耐，那股由{womb}扩散开的深沉快感就越是清晰。\n她又羞又慌，既怕被人察觉，又对自己身体最深处竟也会有这种感觉而感到困惑与羞耻，只能把脸埋低，任由这轻浅的小高潮在体内悄悄漫过。
1201,action_part_w_orgasm_small_C,0,hidden_sex_mode_2&place_someone_not_in_hidden_and_conscious,{womb}深处忽然涌起一阵沉沉的甜痒，{TargetName}的心猛地一跳，她死死屏住呼吸，因为稍有不慎那声娇吟就会暴露她藏身的地方。\n那种从身体最深处泛起的钝重快感一波波漫过小腹，酥麻而绵软，让她既惊讶又羞涩——原来那么深的地方也会传来这样的感觉。\n意识虽还清醒，可她根本管不住自己，越想压下那股快感，{womb}反而越发清晰地传来阵阵酥软。\n她又甜又怕，一边惊惧于随时可能被发现，一边又被这轻浅的深处高潮搅得心慌意乱，只能咬着唇低下头，任由那阵甜腻在体内悄悄扩散开来。
1202,action_part_w_orgasm_small_C,0,hidden_sex_mode_2&place_someone_not_in_hidden_and_conscious,一阵钝重深沉的快感自最深处的{womb}缓缓涌出，{TargetName}浑身一颤，她本能地想压下这股突如其来的酥麻，却发现根本无能为力，而她此刻还得死死藏着自己不被人瞧见。\n那股温热的浪潮从深处漫过下腹与腰际，酸胀酥麻，和阴蒂那种集中在一点的锐利快感全然不同，是沉甸甸地从骨盆深处泛起的甜痒。\n她意识还算清醒，心里却又羞又乱，既害怕呼吸声被人听见，又对身体最深处传来的这种感觉感到又惊又臊。\n这只是轻浅的小峰值，尚在她能承受的范围内，可那阵无法抑制的深处颤动还是让她慌得咬紧了唇，任由甜腻的余韵在心底久久萦绕。
1203,action_part_w_orgasm_small_C,0,hidden_sex_mode_2&place_someone_not_in_hidden_and_conscious,{womb}最深处忽然漫上一阵温热的甜痒，{TargetName}猝不及防地轻颤了一下，她慌忙咽下几乎脱口的声音，因为她正缩在旁人瞧不见的角落里，绝不能露出破绽。\n那股深沉钝重的快感如缓缓涌动的浪潮般漫过腰腹，酥麻酸胀，从身体最核心的地方一圈圈向外扩散，让她又羞又惊。\n意识仍旧清醒，她却压不住这具诚实的身体，越是强忍，{womb}那阵深处的甜软就越是清晰难耐。\n她心跳乱成一团，既怕被发现的紧张，又混着这轻度高潮带来的迷乱甜蜜，让她连眼神都不知该往哪放，只能低垂着头任那股酥意悄悄消散。
1204,action_part_w_orgasm_small_C,0,hidden_sex_mode_2&place_someone_not_in_hidden_and_conscious,一股沉甸甸的深处快感毫无预兆地从{womb}泛起，{TargetName}的身子轻轻一颤，那种钝重绵密的酥麻夹着令她措手不及的甜腻，而她还得强撑着不让自己被人察觉。\n快感自身体最深处一圈圈漫开，渗进绷紧的小腹，漫过腰际，那种深远的甜痒与尖锐的刺激截然不同，是从核心处沉沉涌上的酥软。\n她意识还算清醒，心里却已被这无法控制的轻度高潮搅得又羞又慌，既惊讶于最深处竟能生出这般感觉，又惶恐随时会暴露。\n她死咬下唇想稳住自己，指尖却不自觉地攥紧，任由这轻浅却真实的小绝顶在体内悄悄漫过，心底泛起一片说不清的迷乱与羞臊。

1205,action_part_w_orgasm_small_C,0,hidden_sex_mode_3&place_someone_not_in_hidden_and_conscious,一股深沉钝重的快感自身体最深处悄然泛起，令暴露在人前的{TargetName}心头猛地一颤。\n那不是阴蒂那种集中一点的锐利刺激，而是自{womb}这一最深核心涌出的厚重酥麻，如温热的浪潮缓缓漫过下腹与腰际。\n她又羞又慌，没想到身体最深处竟也会这般敏感，明明意识还算清醒，身子却不听使唤地轻轻颤着。\n更叫她难堪的是此刻还暴露在旁人面前，她只能强咽下这股甜腻的沉醉，暗暗祈祷莫要被谁瞧出这份藏不住的异样，心跳乱作一团。
1206,action_part_w_orgasm_small_C,0,hidden_sex_mode_3&place_someone_not_in_hidden_and_conscious,自{womb}深处漫开的钝重快意一波波涌上来，{TargetName}的意识短暂地迷乱了一瞬。\n这种深沉的甜痒和平日截然不同，沉甸甸地自小腹最里处泛起，缓缓漫过腰腹，酸胀酥麻得叫她几乎站不稳。\n她心底又惊又羞，身体最深的地方竟会传来这样清晰的快感，令她茫然又慌乱。\n偏偏这一刻还得在旁人跟前装作无事，那点无法压制的甜蜜与被人瞧破的恐惧交织在一起，令她脸颊滚烫，心口怦怦直跳，只能死咬下唇强忍。
1207,action_part_w_orgasm_small_C,0,hidden_sex_mode_3&place_someone_not_in_hidden_and_conscious,一阵厚重深远的快感从{womb}这一最深处骤然涌出，漫过{TargetName}绷紧的小腹。\n那股钝钝的酥麻不同于任何一点上的锐利刺激，而是自体内核心沉沉泛起，缓缓向四肢百骸扩散，令她头皮发麻，意识散乱了一下。\n她又羞又困惑，想不通身体最深处为何也会有这般感觉，甜腻中夹着说不清的窘迫。\n此刻正暴露在众人之间，她拼命压着这轻浅却真实的高潮，唯恐被近旁的人察觉半分，心底又慌又乱，甜蜜里裹着惶然。
1208,action_part_w_orgasm_small_C,0,hidden_sex_mode_3&place_someone_not_in_hidden_and_conscious,自身体最深处涌起的沉甸甸的快意令{TargetName}猝不及防，心跳骤然乱了节拍。\n{womb}那深沉的甜痒一圈圈向外漫开，渗进小腹，漫过腰际，那种自最深核心泛起的钝重酥麻叫她既陌生又迷乱。\n她清楚这是快感，正因清楚才更觉羞赧，脸颊不受控地烫红起来。\n偏生此刻还得在人前佯装若无其事，那股压不住的甜腻与随时会被瞧破的紧张搅作一团，令她意识虽清醒，身子却诚实地颤着，心里满是难以言说的慌乱与沉醉。
1209,action_part_w_orgasm_small_C,0,hidden_sex_mode_3&place_someone_not_in_hidden_and_conscious,一阵深沉绵长的快感自{womb}最深处缓缓漫出，令暴露在旁人眼下的{TargetName}浑身微颤。\n那不是尖锐的一点刺激，而是厚重钝沉地自体内核心泛起，如温水般漫过下腹与腰腹的酸胀酥麻。\n她又惊又羞，没料到身体最里处竟藏着这般敏感，意识虽还清醒，却压不住这轻浅的沉醉。\n更令她心慌的是此刻正被众人环伺，她只能强撑镇定，暗暗咽下涌上心头的甜蜜，唯恐这份藏不住的异样落入他人眼底，心口乱跳不止。

1210,action_part_w_orgasm_small_C,0,hidden_sex_mode_4&place_someone_not_in_hidden_and_conscious,一股深沉钝重的快感自身体最深处缓缓泛起，如温热的浪潮般漫过下腹与腰际，令{TargetName}心头猛地一颤。\n那股酥麻自{womb}这一最核心的地方泛出，沉甸甸地荡开，和阴蒂那种集中在一点上的锐利刺激截然不同，她慌乱地意识到自己身体最深的地方竟也会有这样的感觉，羞耻与困惑一齐涌上心头。\n偏偏近旁还有旁人的动静，她拼命咬着唇不让自己发出半点声音，越是强忍，那从{womb}漫开的深沉甜痒就越是清晰，令她又羞又慌。\n意识虽还算清醒，可她实在压不住这轻度的高潮，只觉得心跳快得发慌，既怕被人察觉又被那甜腻的深处快感撩得心乱如麻。\n那阵轻浅的绝顶慢慢退去，{TargetName}的脸颊烫得厉害，心里既有偷欢得逞的窃喜，又满是说不清的羞涩与迷乱，久久缓不过神。
1211,action_part_w_orgasm_small_C,0,hidden_sex_mode_4&place_someone_not_in_hidden_and_conscious,快感自最深处厚重地涌起，{TargetName}猝不及防地轻轻一颤，那种钝钝的深沉刺激从{womb}向全身缓缓扩散。\n它不像阴蒂那样尖锐地集中在一点，而是自身体最里面的核心沉甸甸地漫上来，酸胀酥麻一圈圈荡过下腹与腰腹，令她既陌生又心慌，脑海里乱成一片。\n最要命的是不远处就有旁人，她只能屏着呼吸死死忍着，越是不敢出声，那从{womb}深处漾开的甜痒就越发难以忍受。\n她的意识还算清明，却怎么也止不住身体的反应，心里又羞又急，明知这是什么感觉，却仍为身体最深处竟会绝顶而感到难以置信的困惑与羞耻。\n直到那阵轻度的峰值缓缓平息，{TargetName}的脸还是滚烫的，心里塞满了偷偷得逞的甜蜜与险些暴露的后怕，那份迷乱久久不散。
1212,action_part_w_orgasm_small_C,0,hidden_sex_mode_4&place_someone_not_in_hidden_and_conscious,一阵深沉的甜麻自{womb}那一身体最深的地方悄然升起，{TargetName}的心猛地一跳，几乎要发出声来。\n那股钝重的快感沉甸甸地自最深处漫开，缓缓浸过小腹与腰际的酸胀酥软，和阴蒂那种锐利的刺激全然不同，是一种从体内核心荡出来的深远甜痒，令她又惊又羞。\n近在咫尺竟有旁人的气息，她慌忙咬紧牙关把声音死死封住，可越是隐忍，那自{womb}漫上的酥麻越是清晰得让她心慌意乱。\n她的神志尚且清醒，身体却不听使唤地颤着，心里塞满了羞涩与惊讶——原来身体最深处也会这样敏感，这认知让她臊得几乎抬不起头。\n那阵轻浅的绝顶渐渐退散，{TargetName}的脸颊余温未消，心底交织着险些走光的慌乱与偷来欢愉的甜蜜，令她久久无法平复。
1213,action_part_w_orgasm_small_C,0,hidden_sex_mode_4&place_someone_not_in_hidden_and_conscious,深处那股厚重的快感缓缓涨起，{TargetName}本能地想压住它，却发现根本无能为力，只觉一阵酥麻自{womb}深处荡了开来。\n那是从身体最里面的核心泛起的钝重甜痒，像温热的浪一波波漫过下腹与腰腹，酸软而深沉，与阴蒂那种一点上的尖锐快感截然两样，令她又迷又羞。\n偏偏旁人就在近处，她拼命屏息隐藏着自己，喉间的颤音被死死咽下，越是这样克制，那从{womb}漾开的深处快感便越发磨人。\n意识虽还清明，可她实在管不住身体的反应，心跳快得发慌，既为深处竟能绝顶而困惑羞怯，又被这份不敢声张的隐秘刺激撩拨得心神摇乱。\n待那轻度的峰值慢慢退去，{TargetName}脸颊仍旧发烫，心里满是偷欢得逞的窃喜与几乎败露的后怕，那份甜腻的迷乱在心底久久盘桓。
1214,action_part_w_orgasm_small_C,0,hidden_sex_mode_4&place_someone_not_in_hidden_and_conscious,一股出乎意料的深沉甜麻自{womb}最深处悄然涌出，{TargetName}浑身微微一颤，那种钝重的酥意顺着身体核心缓缓向外渗开。\n它自最深处泛起，沉甸甸地漫过绷紧的小腹与酸软的腰际，不是阴蒂那般锐利的一点刺激，而是从体内最里面荡出来的深远甜痒，令她既惊讶又难为情。\n近旁分明有旁人在场，她只能死死抿着唇拼命隐忍，越是不敢发出声响，那自{womb}扩散的深处快感就越是清晰得叫她心慌。\n她的神志还算清醒，身体却诚实地颤动着，心里又羞又乱，明明知道这是什么，却仍为身体最深处也会有这般反应而感到甜蜜的困惑与羞怯。\n那阵轻浅的绝顶缓缓平息，{TargetName}的脸颊余热未褪，心底交织着侥幸未被识破的庆幸与偷得欢愉的甜蜜，那股迷乱的余韵在心间久久流连。

1215,action_part_w_orgasm_small_C,0,exhibitionism_sex_mode_1,明知这室内随时可能有人推门而入，{TargetName}偏偏在这种时候被身体最深处泛起的一阵沉钝酥麻攫住了。\n那股深沉厚重的快感自{womb}这一身体最核心的地方缓缓涌出，如同温热的浪潮般漫过下腹与腰际，带来一阵阵酸胀酥麻，与阴蒂那种集中在一点的锐利刺激截然不同。\n她越是怕被人撞见，那份羞耻的紧张越是被这深处的快感放大，脑子里乱糟糟的，什么都想不清楚，只隐约惊讶于身体最深的地方竟也会有这样的感觉。\n意识虽还清醒，可{womb}那不受控制的轻轻收缩令她既甜蜜又窘迫，只能咬着唇任由这轻浅的小绝顶在体内悄悄漫开。
1216,action_part_w_orgasm_small_C,0,exhibitionism_sex_mode_1,生怕门外的脚步声突然靠近，{TargetName}绷紧了神经，偏偏一股钝重深沉的快感就在此刻自{womb}深处泛起。\n那种自身体最深处涌出的酥麻沉甸甸地漫过盆腔，一圈圈渗进腰腹，与阴蒂那尖锐的快感全然不同，是一种深远而绵长的甜痒。\n她当然知道这是什么感觉，正因为知道，在这随时可能被撞见的处境里才更觉羞耻，脸颊烫得发红，心跳快得几乎要跳出来。\n这不过是轻浅的快感峰值，意识尚清，可{womb}那一下下的轻颤偏偏压制不住，那股背着人偷尝禁果般的甜腻与慌乱在心底横冲直撞，令她既想藏起这反应，又忍不住沉溺其中。
1217,action_part_w_orgasm_small_C,0,exhibitionism_sex_mode_1,这封闭的室内并不安全，随时会有人闯进来，可{TargetName}的注意力却被身体最深处那股深沉的酥麻牢牢勾住。\n快感自{womb}这一最隐秘的核心缓缓泛起，像温热的浪潮般漫过绷紧的小腹，那种钝重深远的甜痒与阴蒂集中一点的锐利刺激截然不同，令她的意识短暂地散乱了一下。\n越怕被人瞧见，越是无法抑制身体的诚实反应，她又羞又慌，暗暗咬住下唇想稳住自己，指尖却已不自觉地攥紧。\n虽只是轻度的小绝顶，意识仍算清明，可{womb}那绵密的轻轻收缩带来的甜腻实在难以压制，那份怕被发现的刺激反倒让这份快感更添了几分令她面红耳赤的迷乱。
1218,action_part_w_orgasm_small_C,0,exhibitionism_sex_mode_1,明知随时可能被人撞破，{TargetName}的心提到了嗓子眼，偏偏身体最深处却不合时宜地泛起一阵深沉的甜麻。\n那股钝重的快感自{womb}向外一圈圈漫开，渗进小腹，漫过腰际，带来深远而绵长的酸胀酥麻，令她向来沉稳的神态在这一刻悄然乱了。\n她早已熟悉这种感觉，可在这怕被人看见的处境里，那份羞耻与惊讶还是不受控制地涌上心头，脸颊浮起一抹细腻的红晕。\n意识虽还清醒，可{womb}那真实而鲜明的轻柔收缩偏偏无法压制，那种既怕被撞见又忍不住沉溺的复杂心绪令她心跳加速，只能任这轻浅的甜腻在体内悄悄蔓延，心底竟悄悄燃起了更浓的渴望。
1219,action_part_w_orgasm_small_C,0,exhibitionism_sex_mode_1,透亮的窗、虚掩的门都在提醒着随时会被人瞧见，{TargetName}越紧张，身体最深处的反应却越发清晰。\n一阵绵密的酥麻自{womb}这一身体最核心之处缓缓涌出，沉沉漫过下腹，渗进每一寸肌肤，那种深远钝重的甜软与阴蒂那点锐利的刺激全然不同，令她呼吸浅急，一时什么都顾不上想。\n这种感觉她并非不熟悉，可偏偏在这怕被撞见的时刻，那阵轻浅的绝顶令她脸颊骤红，心底涌起一阵羞耻又隐隐兴奋的复杂情绪。\n意识虽还算清醒，{womb}那轻微而鲜明的收缩却压制不住，那份怕被发现的刺激与深处涌来的甜腻交织在一起，令她心跳乱成一团，只能在这背着人的偷欢里悄悄沉沦。

1220,action_part_w_orgasm_small_C,0,exhibitionism_sex_mode_2,一阵深沉钝重的快感忽然自{womb}这一身体最深处泛起，如温热的浪潮般缓缓漫过{TargetName}的下腹与腰际，令她猝不及防地轻轻一颤。\n那种沉甸甸的酸胀酥麻与阴蒂那点集中的锐利截然不同，是从体内最深处涌出的深远快感，令她既迷乱又惊讶，原来身体最深的地方竟也会有这样的感觉。\n更让她心慌的是，此刻正身处空旷的露天之下，随时都可能有人经过，偏偏{womb}却不听话地轻轻收缩着，那份被人撞见的恐惧竟与快感搅在一起，催出更浓的羞耻与兴奋。\n意识还算清醒，她却压不住身体的战栗，脸颊烫得通红，心底涌起一阵说不清的甜腻与困惑，只能任那阵轻浅的绝顶慢慢在开放的天地间消散。
1221,action_part_w_orgasm_small_C,0,exhibitionism_sex_mode_2,深处那股厚重绵软的快感毫无预兆地从{womb}涌上来，一圈圈漫过{TargetName}绷紧的小腹和发软的腰肢，令她心头猛地一跳。\n这是自身体最深处泛起的钝重刺激，沉沉地、缓缓地扩散开来，和以往那种集中的酥麻全然不同，令她又羞又惑，竟不知道原来那么深的地方也能被撩起这样的感觉。\n偏偏这一切发生在毫无遮蔽的户外，广阔的空间令她的暴露无处躲藏，越是可能被人看见，那阵背德的兴奋便越是汹涌，{womb}也随之轻轻颤动。\n她的意识虽仍清明，身体却诚实得令她无地自容，心跳快得发慌，那种甜蜜与窘迫夹着露天的紧张一同在心里横冲直撞，久久无法平息。
1222,action_part_w_orgasm_small_C,0,exhibitionism_sex_mode_2,一股细密而深沉的快感从{womb}深处悄然升起，像温热的潮水缓缓漫过{TargetName}的腰腹，带来一阵沉甸甸的酸胀酥麻。\n这种自体内最深处涌出的钝重快意令她茫然又羞涩，与阴蒂那种一点上的锐利刺激完全不同，她惊讶地发觉身体最深的角落竟也藏着这般敏感。\n而此刻置身开阔的露天，四下虽无人却随时可能有人闯入视野，那份赤裸暴露的羞耻与刺激令她心跳如鼓，偏偏{womb}还在不受控地轻轻收缩，愈发放大了那份背德的兴奋。\n意识尚且清晰，她却怎么也压不下身体的颤栗，只能红着脸任由这轻浅的绝顶在空旷天地间悄悄漫过，心底满是甜腻与慌乱。
1223,action_part_w_orgasm_small_C,0,exhibitionism_sex_mode_2,没有半点征兆，一阵深远钝重的快感自{womb}泛起，沉沉地漫过{TargetName}的下腹与腰际，令她轻轻打了个颤。\n那是从身体最深处涌出的酸胀甜痒，缓缓扩散到全身，与集中在一点的锐利感受截然两样，令她既困惑又羞怯，原来最深处的地方也会这样酥麻发热。\n更叫她慌乱的是，此刻正暴露在空旷的户外，开放的天地让她的裸露一览无余，越想到可能被人瞧见，心跳便越乱，那股羞耻竟诡异地化作更浓的兴奋，{womb}也随之轻轻抽动。\n她的神志还算清醒，身体却已彻底诚实，脸颊滚烫，心底装满说不出口的甜蜜与羞窘，只能任这轻度的高潮在露天之下慢慢退去。
1224,action_part_w_orgasm_small_C,0,exhibitionism_sex_mode_2,深处忽地涌起一阵厚重的钝痛般快感，自{womb}这一最深的核心缓缓漫开，浸过{TargetName}绷紧的小腹和酥软的腰肢，令她浑身轻轻一颤。\n这种沉甸甸的深沉快意与阴蒂那点锐利刺激毫不相同，是从体内最深处泛起的酸胀酥麻，令她又羞又惊，难以相信身体最里面的地方也会这般敏感。\n偏偏这一切发生在毫无遮拦的开阔露天，随时可能有脚步声靠近的紧张令她心弦紧绷，而那份被暴露的恐惧却与快感交织，勾起愈发汹涌的背德兴奋，{womb}也不听话地轻轻收缩着。\n意识仍旧清明，她却压不住那阵战栗，只能红着脸、乱着心跳，任这轻浅的绝顶在空旷天地间一点点消散，留下满心的甜腻与迷乱。

1225,action_part_w_orgasm_small_C,0,exhibitionism_sex_mode_3,一股深沉钝重的快感自身体最深处的{womb}缓缓泛起，如温热的浪潮漫过下腹与腰际，令{TargetName}猝不及防地轻轻一颤。\n那种自最深处涌来的酥麻沉甸甸的，与别处那种尖锐的刺激截然不同，让她惊讶于身体最深的地方竟也会有这样的感觉。\n偏偏此刻正被那么多目光包围着，众目睽睽之下达到这轻浅高潮的极致羞耻，几乎要把她烧化，意识虽还清醒，脑中却乱成一团。\n她既想拼命压下那股无法自控的颤意，又羞又慌，只觉得被人看着高潮的背德刺激让这浅浅的快感愈发滚烫，心跳快得几乎要跳出胸口。\n那阵深处的甜痒慢慢平息，{TargetName}脸颊滚烫，心里塞满了说不清的羞耻与迷乱，久久无法平静。
1226,action_part_w_orgasm_small_C,0,exhibitionism_sex_mode_3,一阵钝重深沉的酥麻自{womb}这一身体最深处的核心悄然升腾，缓缓向下腹与腰腹漫开，令{TargetName}的意识短暂地迷离了一下。\n这种从最深处泛起的快感又沉又软，明明只是轻浅的一波峰值，却让她羞得抬不起头，因为这一切都发生在众人的注视里。\n被这么多视线钉着看的羞耻感像潮水般涌上来，与那股深处的甜痒交织在一起，令她又惊又慌，偏偏身体还诚实地轻轻颤栗着。\n{TargetName}暗暗咬紧下唇想要稳住自己，可越是想压抑，那种被公开观看的背德兴奋就越是鲜明，心底某处竟悄悄泛起一丝难以启齿的沉沦。\n那阵轻浅的绝顶渐渐退去，她的脸还烫着，心里满是羞耻与甜腻交缠的余韵，怎么也散不去。
1227,action_part_w_orgasm_small_C,0,exhibitionism_sex_mode_3,深处的{womb}忽然轻轻一颤，一股绵密而沉甸甸的快感自体内最深的地方泛涌上来，令{TargetName}浑身微微发软。\n那种深沉的酥痒一圈圈漫过小腹与腰肢，让她惊愕于连身体最隐秘的深处也会传来这般感觉，可比这更让她难堪的，是周遭那一道道注视的目光。\n在众人眼前无法自控地迎来高潮，那种极致的羞耻几乎令她想找个地缝钻进去，意识尚清醒，心却慌乱得一塌糊涂。\n偏偏被观看的背德感又莫名地放大了这份快感，让她既想否认又无从逃避，只能任凭那股甜腻的颤意在体内轻轻荡漾，脸颊红透。\n那阵浅浅的余韵慢慢消散，{TargetName}的心还怦怦乱跳，被人瞧见这般失态的羞耻与隐秘的兴奋，久久缠绕在心头。
1228,action_part_w_orgasm_small_C,0,exhibitionism_sex_mode_3,一股温热的浪潮自{womb}这一最深处的核心缓缓涌起，钝重而深沉地漫过下腹，令{TargetName}的呼吸猝然乱了节奏。\n这种自体内最深处泛起的甜痒与别处那种集中一点的锐利感全然不同，深沉得让她心头发慌，偏偏又是在众目睽睽之下。\n被那么多人围观着达到这轻浅峰值的羞耻，令她恨不得立刻藏起来，可意识虽还清醒，身体却无论如何也压不住那阵细密的颤动。\n那种被公开注视的背德刺激竟令快感愈发鲜明，{TargetName}又羞又乱，心底却不受控地涌起一丝隐秘的悸动，只觉得每一下{womb}的轻颤都在提醒她此刻的失态。\n直到那阵甜腻的绝顶渐渐平息，她的脸颊仍旧滚烫，满心都是羞耻与难以言说的迷乱。
1229,action_part_w_orgasm_small_C,0,exhibitionism_sex_mode_3,{womb}深处骤然泛起一阵沉沉的酥麻，如浪潮般自身体最深的地方漫过腰腹，令{TargetName}轻轻一颤，意识短暂地散乱了一下。\n那股深远钝重的快感明明只是轻浅的一波，却因着周身那些注视的目光而变得格外难以承受，被人看着高潮的极致羞耻烧红了她的整张脸。\n她清楚地感觉到身体在众人眼前诚实地颤栗着，那种公开露出的背德感与深处涌来的甜痒交织，让她又慌又羞，心跳乱成一片。\n{TargetName}想要维持仅剩的一点镇定，却发现手指早已不自觉地攥紧，那股无法压制的轻度高潮裹着被观看的兴奋，令她心底悄悄沉沦。\n那阵浅浅的颤意慢慢退散，她脸上仍泛着潮红，心里塞满了羞耻、慌乱与隐秘甜蜜交缠的余味，久久缓不过神。

1230,action_part_w_orgasm_small_C,0,exhibitionism_sex_mode_4,一股深沉而钝重的快感骤然从{womb}最深处泛起，如温热的浪潮般缓缓漫过下腹与腰际，令{TargetName}猝不及防地轻轻一颤。\n身边分明躺着好几个毫无意识的人，这个念头让她的心跳骤然狂乱起来，明知他们随时可能睁开眼，那份紧张却诡异地让深处的酥麻愈发浓烈鲜明。\n{womb}不由自主地轻轻抽紧，那种从身体最深处的核心泛起的甜痒令她又羞又慌，她怎么也想不到自己最隐秘的深处竟也会有这样的感觉。\n这只是浅浅的快感峰值，意识还算清醒，可身体却抑制不住地颤动着，那股背德的甜蜜混着唯恐被人发觉的惶恐，在心里横冲直撞。\n那阵轻度的绝顶慢慢退去，{TargetName}的脸颊滚烫，心里满是说不出口的羞耻与迷乱，深处残留的余颤久久无法平息。
1231,action_part_w_orgasm_small_C,0,exhibitionism_sex_mode_4,一阵厚重深沉的酥麻感忽然自{womb}深处涌起，沉甸甸地漫过小腹，令{TargetName}的呼吸猛地一滞。\n近在咫尺就横卧着数个失去意识的人影，她既怕惊醒他们又忍不住被这股深处的快感牵着走，那种在别人面前露出的刺激感让浅浅的高潮变得格外强烈。\n{womb}轻轻收缩着，深处那股温热的甜痒一波波向全身扩散，她羞得几乎想找个地方藏起来，偏偏身体最深处的地方竟也这样诚实地颤抖着。\n意识虽还清醒，脑子里却涌起一片细碎的甜软，背德的罪恶感与随时可能被发觉的紧张交织在一起，让她的心跳乱成一团。\n那阵轻浅的绝顶渐渐平息，{TargetName}仍心有余悸，那份禁忌的甜蜜与惶恐在心底久久盘桓，令她缓不过神来。
1232,action_part_w_orgasm_small_C,0,exhibitionism_sex_mode_4,一股深沉的钝重快感毫无预兆地自{womb}最深处漫出，如缓缓涨起的暗潮，浸透了{TargetName}的整片下腹。\n四下里尽是些沉睡昏迷、毫无反应的身影，她心里一阵发慌，明知这些人随时可能醒转，那份紧张感却让深处的酥麻翻倍地鲜明起来。\n{womb}一下下轻轻颤缩，那种自身体核心泛起的甜痒令她既惊讶又困惑，她实在没想到自己最深处的地方也能有如此清晰的快感。\n这不过是快感的小峰值，她的神志还算清醒，身体却无法抑制地细细战栗，背德的甜腻混着怕被人瞧见的羞耻在胸口翻涌。\n那阵轻度的高潮缓缓退散，{TargetName}的脸颊烫得厉害，心底装满了难以言说的迷乱与羞涩，{womb}残留的余颤令她久久无法平静。
1233,action_part_w_orgasm_small_C,0,exhibitionism_sex_mode_4,一阵绵软深沉的快感骤然从{womb}深处升腾而起，沉沉地漫过腰腹，令{TargetName}浑身微微一颤。\n身旁静静躺着几个毫无知觉的人，她拼命想压住那涌上来的酥麻，可越是知道随时会有人醒来，那份提心吊胆的紧张就越让这背德的快意变本加厉。\n{womb}轻轻抽紧收缩，深处那股温热的甜痒缓缓向四肢百骸扩散，她羞得咬紧了下唇，怎么也没料到身体最隐秘的角落竟会泛起这般深沉的感觉。\n意识尚且清明，可脑海里已乱作一团，那种既甜蜜又惶恐的滋味令她的心跳失了节奏，无法控制的轻度高潮让她又慌又迷乱。\n待这阵浅浅的绝顶慢慢平息，{TargetName}的脸颊仍微微发烫，那份禁忌的满足与深藏心底的羞耻交织缠绕，久久难以散去。
1234,action_part_w_orgasm_small_C,0,exhibitionism_sex_mode_4,一股沉甸甸的深处快感忽然自{womb}的核心泛起，如温热的浪头般缓缓漫过下腹，令{TargetName}措手不及地轻轻一抖。\n周遭横陈着数具毫无意识的躯体，她的心一下子提到了嗓子眼，唯恐弄出半点动静惊醒了谁，可这种在他人身旁偷偷承欢的背德刺激却让快感愈发浓烈。\n{womb}不受控制地轻轻收缩，那股由深处向外弥漫的甜痒令她又羞又惊，身体最深处竟这般诚实地颤动着，让她一时不知所措。\n这只是浅浅的快感峰值，她的意识还算清醒，却怎么也压不住身体的颤栗，紧张、羞耻与甜腻在心里搅成一团乱麻。\n那阵轻度的绝顶渐渐退去，{TargetName}的脸颊仍旧滚烫，心底满是无法向人诉说的迷乱与惶惑，{womb}深处残留的余颤在暗暗提醒着她方才那份禁忌的甜蜜。

1235,action_part_w_orgasm_small_C,0,t_imprisonment_1&CVP_A2_G_E_0,一股深沉而钝重的快感毫无预兆地自{womb}这一身体最深处缓缓泛起，令被囚的{TargetName}猝不及防地轻轻一颤。\n那股酥麻不似寻常那般集中在一点，而是像温热的浪潮般缓缓漫过下腹与腰际，带着沉甸甸的酸胀，令她的意识虽还算清醒，心底却涌起一阵茫然与惊惶，她根本不明白身体最深处那样隐秘的地方竟也会生出这样的感觉。\n身为陌生囚徒的她满心都是屈辱与愤懑，偏偏{womb}那轻轻的收缩却背叛了她的意志，那种无法压制的甜痒令她又羞又怒，恨不得逃开，却被束缚得动弹不得。\n这不过是一次轻浅的绝顶，快感深沉却仍在可承受的范围，只是那份对陌生之人竟能引出自己身体反应的困惑与羞耻久久萦绕在她心头，令她红着脸别过头去。
1236,action_part_w_orgasm_small_C,0,t_imprisonment_1&CVP_A2_G_E_0,一阵钝重深远的酥麻自{womb}的最深处缓缓涌起，如温热的浪头般漫过小腹与腰腹，令被拘的{TargetName}身子不由自主地一颤。\n那种从身体最核心处泛出的甜胀感令她头皮发麻，意识短暂地迷乱了一瞬，随即又清醒过来，心里却乱作一团，她与眼前之人本是全然陌生，为何身体竟会这般诚实地做出反应。\n屈辱与羞愤在她胸口翻涌，可{womb}那不受控制的轻轻收缩却带来一股说不清的甜腻，令她既想否认又无从抵赖，只能咬着下唇任那股深沉的颤意在体内荡漾。\n这只是快感的小小峰值，还远够不上真正绝顶，她的神志尚清，却压不下心底那份对自身反应的惊讶与难堪，脸颊烫得几乎要滴出血来。
1237,action_part_w_orgasm_small_C,0,t_imprisonment_1&CVP_A2_G_E_0,深藏于体内最深处的{womb}忽然轻轻一动，一股沉甸甸的钝重快感自那里缓缓漫出，令被囚的{TargetName}浑身泛起细密的战栗。\n那不是集中在一点的锐利刺激，而是如潮水般自最深处向全身扩散的深沉甜痒，漫过腰腹，渗进四肢，令她的意识微微散乱了一下，心底满是茫然与羞耻。\n她本对这陌生的处境充满恐惧与抗拒，却怎么也想不到身体最隐秘的深处竟会生出这样令她面红耳赤的感觉，那种无法自控的迷乱令她又惊又慌。\n这不过是轻浅的一次绝顶，快感深沉却仍在可忍的限度，只是那份连身体最深处也会有反应的困惑与屈辱死死缠着她，令她既想挣脱又无处可逃。
1238,action_part_w_orgasm_small_C,0,t_imprisonment_1&CVP_A2_G_E_0,一股深沉钝重的快感自{womb}深处缓缓升腾，如温热的浪潮般沉沉漫过下腹与腰际，令被监禁的{TargetName}身子轻轻一颤。\n那种自体内最核心处泛起的酸胀酥麻与寻常那种集中的锐利快感截然不同，深远而绵长，令她的意识虽仍清醒，却也短暂地恍惚了一瞬。\n身为陌生囚徒的她满心屈辱与不甘，可{womb}那轻轻抽紧的甜腻却令她无从抗拒，那股深处泛起的颤意背叛了她所有的挣扎，令她羞愤得几乎落下泪来。\n这只是快感的小峰值，还没到真正绝顶的地步，她的身体却已诚实地颤栗着，那份对陌生之人竟能撩起自己身体最深处反应的惊愕与难堪，令她红着眼别开了脸。
1239,action_part_w_orgasm_small_C,0,t_imprisonment_1&CVP_A2_G_E_0,一阵绵密而钝重的甜麻自{womb}这一身体最深处沉沉涌起，令被囚牢中的{TargetName}猝不及防地轻轻一颤。\n那股酥麻如温热的浪潮般缓缓漫过下腹与腰腹，带着深沉的酸胀渗进四肢百骸，令她的意识微微迷离，随即又勉力清醒，心底却翻涌起难以名状的羞耻与困惑。\n她与眼前之人素不相识，本满怀恐惧与愤懑地想要挣脱束缚，偏偏{womb}那轻轻的收缩却带来一阵说不出口的甜腻，令她既愤怒又茫然，不明白身体为何在这般境地还会有这样的反应。\n这仅仅是一次轻度的绝顶，快感深沉却尚可承受，她的神志还算清明，只是那份被陌生之人引出身体最深处颤栗的难堪与迷乱，令她咬着唇久久无法平静。
1240,action_part_w_orgasm_small_C,0,t_imprisonment_1&CVP_A2_G_E_0,深藏体内的{womb}忽而轻轻抽动了一下，一股厚重深沉的快感自那最深处缓缓泛起，如潮水般漫过腰腹，令被幽禁的{TargetName}浑身一颤。\n那种自身体核心处涌出的钝重甜胀不同于任何集中的锐利刺激，深远绵长地扩散开来，令她的意识短暂地散乱，心底满是惊惶与羞赧。\n身为陌生的阶下囚，她满腔皆是屈辱与抗拒，可{womb}那不受控的轻轻收缩却泄露了身体的诚实，那股无法压制的甜痒令她又羞又恼，恨不能寻个地缝钻进去。\n这不过是快感的小小峰值，远未到真正绝顶的烈度，她仍旧清醒，却压不住那份对自身反应的困惑，身体最深处竟会因陌生之人而颤栗，这令她羞愤交加，泪水在眼眶里打转。

1241,action_part_w_orgasm_small_C,0,t_imprisonment_1&CVP_A2_G_GE_1&CVP_A2_G_LE_2,一股深沉钝重的快感自{womb}这一身体最深处的核心缓缓泛起，被囚禁的{TargetName}根本没料到那么深的地方竟也会有感觉。\n那沉甸甸的酥麻如温热的浪潮般漫过下腹与腰际，令她意识微微一恍，脑中乱作一团，明明是自己心悦的人，为何要将她关在这里，还要如此逼迫她的身体。\n她既渴望靠近{Name}，又为这被迫的快感而心痛，那阵轻浅的绝顶让她又羞又惑，说不清是恨还是舍不得。\n{womb}深处一下下地轻轻抽紧，那种从体内最深处涌起的甜痒令她又惊又慌，泪眼朦胧间竟生出一丝连自己都不愿承认的沉溺。\n那阵轻度的峰值慢慢退去，她的脸颊滚烫，心里装满了委屈、羞涩与说不清的眷恋，久久无法平静下来。
1242,action_part_w_orgasm_small_C,0,t_imprisonment_1&CVP_A2_G_GE_1&CVP_A2_G_LE_2,一阵钝重深远的酥麻自{womb}深处悄然漫出，令幽禁牢中的{TargetName}猝不及防地一颤，那快感沉沉地自下腹最深处向外扩散。\n漫过腰腹，漫过骨盆，她的意识短暂地迷离了一下，心跳骤然加快，脑子里空白一片，只觉得身体最深处竟对着心悦之人做出了这样诚实的反应。\n她隐约明白这是绝顶，偏偏这份明白让她更觉羞惭，被自己喜欢的人囚着、逼着，身体却背叛了心里的委屈，兀自沉沦在这轻浅的快感里。\n{womb}轻轻收缩的甜意令她既惊慌又茫然，泪水盈眶，既想恨他又舍不得，只能在挣扎与顺从之间咬着唇任那甜痒蔓延。\n那阵轻度的绝顶渐渐平息，她脸颊发烫，心底满是难言的羞涩与眷恋交织的酸楚，久久缓不过神来。
1243,action_part_w_orgasm_small_C,0,t_imprisonment_1&CVP_A2_G_GE_1&CVP_A2_G_LE_2,一道深沉甜腻的快感自{womb}这体内最深处的核心涌起，钝重地漫过{TargetName}的下腹与腰际，令被囚的她心头猛地一跳。\n那股从最深处泛起的酥麻竟这般清晰，令她意识短暂地散乱，脑中乱糟糟的，她喜欢的人把她关在此处，又强迫着她，身体却不争气地颤动起来。\n她当然知道这是绝顶，正因知道才更觉羞耻与困惑，那种深藏体内的地方也会有感觉的事实令她又惊又慌。\n{womb}一下一下地轻轻抽紧，那甜腻的颤意夹着被迫的委屈与对{Name}的眷恋，在心里横冲直撞，令她暗暗咬唇却止不住身体的诚实。\n那阵浅浅的峰值缓缓退去，她的脸颊滚烫，心底装满了甜蜜、屈辱与舍不得交织的迷乱，一时怎么也平复不下来。
1244,action_part_w_orgasm_small_C,0,t_imprisonment_1&CVP_A2_G_GE_1&CVP_A2_G_LE_2,一阵绵密而钝重的快感骤然自{womb}深处漫出，令被幽禁的{TargetName}身子轻轻一颤，她本能地想压下那忽然涌起的深沉酥麻，却无能为力。\n那沉甸甸的颤意自体内最深处一波波向外扩散，漫过腰肢，漫过绷紧的小腹，令她意识一刹那散乱，什么都顾不上想了。\n她自以为有了些心理准备，可这来自最深处的快感还是叫她猝不及防，脸颊瞬间烧红，泪眼里满是不解，为何心悦之人要这样囚着她。\n{womb}轻微而无法停止的抽紧令她呼吸微乱，那既甜蜜又委屈的滋味搅得她心绪七零八落，既想抗拒又贪恋着这靠近他的一点温存。\n那阵轻浅的绝顶慢慢退去，她脸颊仍发烫，心底涌动着甜蜜、慌乱与说不出口的眷恋，怎么也无法平复。
1245,action_part_w_orgasm_small_C,0,t_imprisonment_1&CVP_A2_G_GE_1&CVP_A2_G_LE_2,一阵出乎预料的深沉甜麻自{womb}最深处涌出，{TargetName}的身体轻轻一颤，那股钝重绵密的快感夹带着令她措手不及的甜腻。\n自体内核心一圈圈向外漫开，渗进绷紧的小腹，令腰肢也跟着一颤，被关在牢里的她意识虽还清醒，脑中却已泛起细碎的甜麻。\n理论上她早知这是什么，可当{womb}真实鲜明的沉沉颤动来临，那份羞涩与困惑还是不受控制地涌上心头，明明是心悦之人，却在这囚牢里逼她至此。\n她咬着唇想稳住神，却压不住那甜腻的颤意，只能任那轻浅的快感在深处细细漫开，既怨又恋，心跳乱成一片。\n待那阵轻度绝顶退散，她心里装满了委屈、甜蜜与舍不得的复杂情绪，{womb}残余的细颤仍提醒着方才那份禁忌的沉溺，令她久久无法自持。

1246,action_part_w_orgasm_small_C,0,t_imprisonment_1&CVP_A2_G_GE_3&CVP_A2_G_LE_4,一股深沉钝重的快感自{womb}这一身体最深处缓缓泛起，令被囚于此的{TargetName}轻轻一颤。\n那不同于阴蒂的锐利刺激，而是如温热浪潮般漫过下腹与腰际的酸胀酥麻，她意识虽还清醒，心底却因这从未有过的深处快感泛起羞涩与困惑，没想到身体最深处竟也会有感觉。\n身陷囹圄的她没有半分怨怼，反因被深爱的{Name}这般占有而心生甜蜜，甘愿把身子全交给恋人。\n{womb}轻轻收缩的每一下都令她心头一荡，那轻浅却真实的甜意在心底久久荡漾。
1247,action_part_w_orgasm_small_C,0,t_imprisonment_1&CVP_A2_G_GE_3&CVP_A2_G_LE_4,被恋人囚禁的{TargetName}心头忽地一软，一阵钝重深沉的酥麻自{womb}最深处涌起，缓缓漫过她的小腹与腰肢。\n这种自身体核心泛起的沉甸甸的快感令她既惊讶又羞怯，意识还算清明，却无法压下那股一波波荡开的甜痒，脑中蓦地乱了一瞬。\n她非但不觉囚禁之苦，反将这视作与{Name}之间独有的情趣，只要能被心爱之人这样拥有，便觉无比幸福与安心。\n{womb}轻轻抽紧的余韵带着令她难以言说的甜蜜，那阵轻度的绝顶在心底留下一片迷乱与温柔的沉醉。
1248,action_part_w_orgasm_small_C,0,t_imprisonment_1&CVP_A2_G_GE_3&CVP_A2_G_LE_4,一阵深远而厚重的快感自{womb}深处泛出，令甘愿被囚的{TargetName}猝不及防地轻颤了一下。\n那股钝重的酥麻如温潮般自最深处一圈圈漫开，浸入酸软的腰腹，她的意识虽未被冲垮，却因这来自身体最深处的陌生快感而满心羞赧与茫然。\n身处囚牢的她丝毫不觉委屈，反倒因是被深爱的{Name}如此对待而甘之如饴，心里只有对恋人满满的信任与依恋。\n{womb}那轻轻的收缩令她心尖发颤，这轻浅的高潮虽不剧烈，却带着令她沉醉的甜腻，在心底缓缓晕开。
1249,action_part_w_orgasm_small_C,0,t_imprisonment_1&CVP_A2_G_GE_3&CVP_A2_G_LE_4,被拘于此的{TargetName}身子轻轻一颤，一股沉沉的快感自{womb}这一最深处的核心缓缓漫出，渗进她酸胀的下腹。\n那种深钝而绵长的酥麻与阴蒂尖锐的刺激截然不同，令她既羞涩又惊异，意识尚且清醒，身体却已诚实地被这轻浅的峰值牵动着。\n她把这份囚禁当作恋人间信任的考验，甘愿为{Name}奉献一切，被爱人这般占据反令她心底涌起隐秘的欢愉。\n{womb}一下下轻颤的余味令她心里甜得发慌，那阵温柔的小绝顶在胸中久久回荡，久久无法平息。
1250,action_part_w_orgasm_small_C,0,t_imprisonment_1&CVP_A2_G_GE_3&CVP_A2_G_LE_4,一股温热的深处快感自{womb}的最深处泛起，如浪潮般缓缓漫过下腹，令被囚禁的{TargetName}轻轻战栗。\n这种由身体核心向四周扩散的钝重甜痒令她心头一乱，意识虽还清明，却压不住那股一波波荡开的酥麻，脸颊悄悄烧红。\n身陷囚牢的她没有半分抗拒，只觉得能被深爱的{Name}这样紧紧占有便是最大的幸福，甘心将自己整个交付给恋人。\n{womb}轻轻收缩的每一下都令她甜蜜地一颤，那轻浅却真切的绝顶在心底留下无尽的迷恋与眷恋。

1251,action_part_w_orgasm_small_C,0,t_imprisonment_1&CVP_A2_G_GE_-2&CVP_A2_G_LE_-1,一股钝重深沉的快感毫无征兆地自{womb}最深处泛起，被囚禁的{TargetName}早已认命地接受了自己被支配的处境，本想麻木地承受一切，却没料到身体最深处竟也会有这样的感觉。\n那股酥麻如温热的浪潮般缓缓漫过下腹与腰际，令她的意识微微一散，明明只是轻浅的峰值，还够不上真正的绝顶，她的心却不受控制地慌乱起来。\n她能清醒地感觉到{womb}正一下一下地轻轻收缩，那种从身体核心涌出的甜痒既陌生又羞耻，令她既想压下这份反应，又无力抗拒。\n残存的自尊让她咬紧了唇不愿承认，可那股深处的颤意却诚实地宣告着她的沦陷，令她在认命的麻木之下，悄悄泛起一丝无法言说的迷乱。
1252,action_part_w_orgasm_small_C,0,t_imprisonment_1&CVP_A2_G_GE_-2&CVP_A2_G_LE_-1,深处那沉甸甸的快感悄然涌起，认命受囚的{TargetName}本已习惯了消极地承受上司的摆布，此刻却被这股自{womb}泛出的钝重酥麻打了个措手不及。\n那种从身体最深处漫开的甜痒不同于别处的锐利刺激，沉沉地漾过骨盆与腰腹，令她的神志短暂地迷离了一下，虽然意识还算清醒，心底却涌起一阵茫然的惊慌。\n她清楚地感到{womb}正轻轻抽紧又松开，那种被囚禁中身体仍会自行反应的事实令她又羞又窘，仿佛连最后一点自主都被剥夺。\n明明只是轻度的高潮，她却无力压制这份甜腻的颤意，只能在麻木的服从之下，任由那股深处的迷乱悄悄漫过心头，留下难以言说的羞涩与沦落之感。
1253,action_part_w_orgasm_small_C,0,t_imprisonment_1&CVP_A2_G_GE_-2&CVP_A2_G_LE_-1,一阵深沉钝重的酥麻自{womb}这一身体最深处的核心缓缓泛起，屈从认命的{TargetName}早已不再挣扎，却仍旧没能想到自己被囚禁的身体竟会诚实到这种地步。\n那股温热的甜痒如浪潮般层层漫过下腹与腰肢，令她的意识微微散乱，尽管只是快感的小小峰值，那份从深处涌出的沉甸甸的感觉还是让她心跳骤然加快。\n她能感觉到{womb}正绵密地收缩着，那种身体核心也会有感觉的羞耻令她面颊发烫，心底既慌乱又迷惑。\n她想装作若无其事地承受下去，可那股无法压制的颤意却一点点瓦解着她仅存的镇定，令她在被支配的沦落里，悄悄尝到了一丝甜腻而屈辱的余味。
1254,action_part_w_orgasm_small_C,0,t_imprisonment_1&CVP_A2_G_GE_-2&CVP_A2_G_LE_-1,钝重而深远的快感毫无预兆地自{womb}深处漫开，驯服已久的{TargetName}本以麻木顺从的态度承受着上司的一切，却被这股沉甸甸的酥麻搅乱了心神。\n那种自身体最深处泛起的甜痒缓缓漾过腰腹，与别处集中的刺激截然不同，令她的意识短暂地迷糊，虽仍清醒，心里却泛起一层惊讶与羞涩。\n她清晰地感到{womb}一下下地轻轻抽紧，那种连身体核心都会颤抖的事实令她既困惑又难堪。\n明明只是轻浅的绝顶，她却压不住这份深处涌来的甜腻，只能在认命的服从下任由那阵迷乱蔓延，心底某处竟悄悄生出一丝连自己都感到羞耻的沉沦。
1255,action_part_w_orgasm_small_C,0,t_imprisonment_1&CVP_A2_G_GE_-2&CVP_A2_G_LE_-1,一股温热钝重的快感自{womb}最深处悄然升起，甘于受囚的{TargetName}早已认命地把自己当作上司的所有物，本想消极麻木地熬过去，却没料到身体深处会泛起这样的颤意。\n那种深沉的甜痒如浪潮般缓缓漫过下腹与腰际的酸胀，令她的神志一阵散乱，尽管这只是快感的小峰值，还远够不上真正绝顶，她的心却慌乱地跳动起来。\n她感觉得到{womb}正轻轻收缩发热，那种从身体核心涌出的酥麻既陌生又羞耻，令她既想否认又无从抵抗。\n残存的一丝自尊让她抿紧了唇不肯出声，可那股深处的迷乱终究诚实地漫过全身，令她在被支配的麻木之下，悄悄陷入了难以言喻的羞涩与沦落。

1256,action_part_w_orgasm_small_C,0,t_imprisonment_1&CVP_A2_G_GE_-4&CVP_A2_G_LE_-3&high_1,一阵深沉钝重的快感自{womb}这一身体最深处的核心骤然泛起，令被囚禁的{TargetName}猝不及防地轻轻一颤。\n那股如温热浪潮般的酥胀自体内最深处缓缓漫过下腹与腰际，与阴蒂那种尖锐刺激截然不同，是从身体最深的地方沉甸甸涌上来的，令她的意识微微迷离了一瞬。\n她心底涌起甜美的餍足与羞涩，身为主人的宠物，连最深处都被开发得如此诚实，竟让她生出难以言喻的欢喜。\n{womb}轻轻收缩的余韵久久不散，那份甘愿被囚、被主人尽情享用的沉沦，令她心头泛起一片迷乱而甜蜜的满足。
1257,action_part_w_orgasm_small_C,0,t_imprisonment_1&CVP_A2_G_GE_-4&CVP_A2_G_LE_-3&high_1,甘为奴隶的{TargetName}只觉一股钝重的甜痒自{womb}深处涌出，那种从身体最深处泛起的深沉快感令她心头猛地一跳。\n酥麻如浪般漫过下腹与腰腹，她的意识虽还清醒，却止不住地被这轻浅的峰值搅得有些迷糊，暗暗惊讶于身体最深的地方竟也会有如此鲜明的感觉。\n她心里满是对主人的依恋与感激，能被这样一次次调教到最深处，对她而言是身为性奴最大的恩宠。\n{womb}细腻的余颤裹着难以启齿的甜腻，令她愈发沉醉在被囚禁、被占有的幸福里，久久无法平静。
1258,action_part_w_orgasm_small_C,0,t_imprisonment_1&CVP_A2_G_GE_-4&CVP_A2_G_LE_-3&high_1,一股深远而绵密的酥胀自{womb}这最深的核心缓缓漫开，令被主人豢养的{TargetName}轻轻打了个颤。\n那种钝重深沉的快感不同于任何一点集中的锐利刺激，是自下腹最深处一波波泛起、沉甸甸漫过腰际的甜痒，令她意识短暂地散乱了一下，脑中一片迷蒙。\n她既羞又惑，明明是身体最隐秘最深的地方，却被开发得能生出这般感觉，可一想到这是主人对她的宠幸，那份羞耻便化作了甜美的欢愉。\n{womb}轻轻的收缩带着令她沉溺的满足，她甘之如饴地承受着，只盼永远做主人囚于此地的专属爱宠。
1259,action_part_w_orgasm_small_C,0,t_imprisonment_1&CVP_A2_G_GE_-4&CVP_A2_G_LE_-3&high_1,沦为性奴的{TargetName}忽觉{womb}深处泛起一阵深沉钝重的甜麻，那股快感自体内最深的核心一圈圈向外漫开，渗进绷紧的小腹。\n她的意识虽还算清醒，脑子里却已涌起细碎的甜软，那种从身体最深处荡漾开来的酥胀令她既惊讶又羞涩，原来最深的地方也能被逗弄得这样敏感。\n身为主人的肉便器，能被开发到连{womb}都会颤抖，令她心底泛起一片甜蜜的沉沦与依恋。\n那阵轻浅的绝顶缓缓退去，{womb}残留的细微余颤裹着令她惶惑又迷醉的满足，令她久久缓不过神来。
1260,action_part_w_orgasm_small_C,0,t_imprisonment_1&CVP_A2_G_GE_-4&CVP_A2_G_LE_-3&high_1,被囚于牢中的{TargetName}只觉一阵温热的浪潮自{womb}最深处缓缓涌起，那种深沉厚重的快感与尖锐的刺激全然不同，是从身体最深的地方沉沉泛上来的甜胀。\n酥麻漫过下腹与腰际，她的意识仍旧清明，却被这轻浅却鲜明的峰值撩拨得心跳微乱，暗暗惊异于自己最深处竟藏着这般诚实的反应。\n她心中盈满对主人的崇拜，甘愿把身体最深的地方也彻底交给主人开发，那份被囚禁、被独占的幸福令她沉醉。\n{womb}轻轻的余颤带着难言的甜腻，令这份身为爱宠的满足在她心底久久回荡。

1261,action_part_w_orgasm_small_C,0,t_unconscious_flag_1&target_not_sleep_h_awake_but_pretend_sleep,一股深沉钝重的快感自{womb}这一身体最深处悄然泛起，如温热的浪潮般缓缓漫过熟睡中的{TargetName}的下腹与腰际。\n那与阴蒂那种集中在一点上的锐利刺激截然不同的甜痒，沉甸甸地荡过她的骨盆，隔着一层朦胧的睡意渗进她的意识，令沉眠中的少女只觉得体内最深处涌起一片说不清的酸胀酥麻，仿佛在梦里被什么温软的东西轻轻裹住。\n她并未醒来，那份钝重的甜意只在睡梦的边缘轻轻荡漾，令她无意识地生出一丝朦胧的羞涩与困惑，仿佛身体最深处的地方竟也会泛起这样的感觉。\n那阵轻浅的深处快感缓缓平息，少女依旧沉睡着，只余{womb}残存的一缕细微余韵，在她毫无所觉的睡梦里悄悄消散。
1262,action_part_w_orgasm_small_C,0,t_unconscious_flag_1&target_not_sleep_h_awake_but_pretend_sleep,一阵厚重绵软的酥麻自{womb}这体内最深的核心缓缓涌出，像一道温热的浪头漫过深眠中的{TargetName}的小腹与腰腹。\n这深沉的甜痒不似阴蒂那般尖锐，而是沉甸甸地自最深处向全身扩散，透过厚厚的睡意悄悄触到她朦胧的知觉，令熟睡的少女在梦里生出一片模糊的酥软，只觉得下腹深处被一种温吞的钝重快感填得满满的。\n她始终没有醒转，那份甜意只在意识的最底层轻轻打转，隐隐勾起一丝连她自己都浑然不觉的迷乱与羞怯。\n直到那浅浅的浪潮渐渐退去，沉睡的{TargetName}仍安稳地呼吸着，唯有心底最深处残留着一缕她无从察觉的甜腻余温，慢慢地沉回梦境。
1263,action_part_w_orgasm_small_C,0,t_unconscious_flag_1&target_not_sleep_h_awake_but_pretend_sleep,钝重而深沉的快感自{womb}最深处一波一波地泛起，如温热的潮水缓缓漫过睡梦中的{TargetName}的下腹与腰际。\n那种从身体最深处涌来的甜痒与阴蒂的锐利截然不同，沉甸甸地扩散开来，隔着朦胧睡意轻轻叩击她沉眠的意识，令少女在梦里只觉一片酸胀酥麻自小腹深处漫上来，说不清是舒服还是难耐，脑海里更是一片浑噩空茫。\n她并没有醒来，那份深处的甜意只在睡梦深处隐隐荡漾，勾出一丝她自己都未曾意识到的朦胧羞赧与惊异。\n那阵轻浅的绝顶缓缓消退，{TargetName}依旧沉沉睡着，{womb}残余的细微颤意带着一缕她浑然不觉的甜蜜，久久萦绕在她的睡梦里。
1264,action_part_w_orgasm_small_C,0,t_unconscious_flag_1&target_not_sleep_h_awake_but_pretend_sleep,一股深远的甜痒自{womb}这身体最深处的核心悄然升腾，仿佛温热的浪潮漫过熟睡里的{TargetName}的腰腹与下腹。\n那不是阴蒂那种集中一点的刺激，而是钝重深沉地自最深处向四周扩散的酥麻，透过绵软的睡意一点点渗入她朦胧的知觉，令沉睡的少女在梦中隐约感到体内最深的地方涌起一片温吞的酸胀，恍惚间似被什么柔软的东西轻轻抚弄。\n她始终未醒，那份甜意只在梦的深处轻轻回荡，令她无意识地生出一丝说不清的窘迫与迷惘。\n待那浅薄的峰值缓缓平息，{TargetName}仍旧安睡不醒，唯有{womb}残留的一缕余韵，携着她毫无察觉的甜腻，慢慢消融在她深沉的睡眠之中。
1265,action_part_w_orgasm_small_C,0,t_unconscious_flag_1&target_not_sleep_h_awake_but_pretend_sleep,深沉钝重的快感自{womb}最深处缓缓泛起，像一股温热的浪潮无声漫过沉眠中的{TargetName}的小腹与腰际。\n这自体内最深处涌来的甜痒厚重而绵长，与阴蒂那点锐利的刺激毫不相同，隔着深浓的睡意悄悄浸入她朦胧的意识，令熟睡的少女在梦里只觉下腹深处漾起一片酥软的酸胀，脑中一片混沌，什么也想不分明。\n她自始至终没有醒来，那份深处的甜意仅在睡梦最底层轻轻荡漾，隐隐勾起一缕连她本人都懵然不觉的羞涩与困惑。\n随着那阵轻浅的高潮渐渐退散，{TargetName}依旧均匀地呼吸着，{womb}残存的细微余颤裹着一丝她全然无知的甜蜜，久久留驻在她无梦的沉眠里。

1266,action_part_w_orgasm_small_C,0,t_unconscious_flag_1&target_sleep_h_awake_but_pretend_sleep,一股沉甸甸的钝重快感自{womb}这一身体最深处的核心悄然泛起，令闭眼装睡的{TargetName}心头猛地一紧。\n那股深沉的酥麻不像别处那种集中一点的锐利刺激，而是如温热的浪潮般自最深处缓缓漫过下腹与腰际，那种连身体最里面的地方竟也会有感觉的事实，令她又羞又慌。\n她明明早已醒透，却死撑着不肯睁眼，一边强迫自己维持沉睡的模样，一边又忍不住被这股轻浅的甜痒牵着走，心跳快得几乎要暴露。\n这不过是轻度的绝顶，快感虽深沉却还在能承受的范围内，她的意识还算清醒，只是那份想压住又压不住的酥麻，令她心底泛起一阵迷乱又甜美的窘迫。\n那阵深处的颤动慢慢平息，她的脸颊却烫得厉害，心里塞满了说不出口的羞涩，既怕这份失守被看穿，又暗暗贪恋着那从最深处漫上来的甜腻余韵。
1267,action_part_w_orgasm_small_C,0,t_unconscious_flag_1&target_sleep_h_awake_but_pretend_sleep,一阵厚重深沉的快感从{womb}深处沉沉涌起，令装睡的{TargetName}猝不及防地在心底轻颤了一下。\n那种自下腹最深处泛起的钝重酥麻，缓缓漫过腰腹，与她熟悉的别处那种尖锐快感截然不同，深得让她几乎抓不住自己的神志，偏偏她还得强撑着装出熟睡的样子。\n她紧咬着牙关不让呻吟溢出，心里既羞又惊，明明知道自己在装睡，也知道这份伪装其实瞒不过谁，却仍固执地闭着眼，任由那股甜痒在体内蔓延。\n这只是快感的小小峰值，远够不上真正的绝顶，她的意识仍清醒着，可身体那份不听话的反应，令她心底涌起一阵混着慌乱的甜蜜。\n那阵深处的酥麻渐渐退去，她的心还在怦怦乱跳，脸颊滚烫，装睡的伪装下藏着的，是一颗被这轻浅高潮搅得又羞又乱的心。
1268,action_part_w_orgasm_small_C,0,t_unconscious_flag_1&target_sleep_h_awake_but_pretend_sleep,钝重而深沉的快感自{womb}这身体最深处的核心一波波泛起，令闭眼假寐的{TargetName}心头一阵发慌。\n那股酥麻沉甸甸地自下腹深处漫开，浸过腰际，带着一种温热浪潮般的酸胀酥软，那种身体最里面竟也会如此敏感的感觉，令她既困惑又羞耻。\n她死死维持着均匀的呼吸不敢乱，心里却翻涌着说不清的迷乱，一半怕这份反应被彻底看穿，一半又忍不住悄悄沉溺在这从深处涌来的甜腻里。\n这不过是轻浅的绝顶，快感虽深却仍在可承受的边缘，她的神志尚且清明，只是身体自作主张地颤动着，令她心底又惊又甜。\n那阵深处的颤栗慢慢消散，她的脸还热着，心里满是难以启齿的甜蜜与窘迫，装睡的她只能咬着唇，把这份被撩拨起来的迷乱悄悄藏进假寐的静默里。
1269,action_part_w_orgasm_small_C,0,t_unconscious_flag_1&target_sleep_h_awake_but_pretend_sleep,一股温热的钝重快感自{womb}深处缓缓漫起，如浪潮般浸过下腹与腰腹，令装睡的{TargetName}的意识微微一荡。\n那种自身体最深处泛起的深沉甜痒，和别处那种集中一点的锐利刺激完全不同，沉甸甸地令她整颗心都跟着发软，偏偏她还得强忍着装出沉睡的模样。\n她一边极力压住几乎要泄出的鼻息，一边在心里又羞又乱，明知这份装睡早已被看破，却仍舍不得睁眼揭穿，宁愿闭着眼默默承受这股甜腻的冲刷。\n这只是轻度的小绝顶，快感尚在能忍受的范围内，她还算清醒地感受着这一切，只是那份无法压制的酥软，令她心底泛起惊讶又甜美的涟漪。\n那阵深沉的余韵久久不散，她的脸颊烫得发红，心里塞满了羞涩与迷乱，既怕自己藏不住这份失守，又暗暗渴望着那从最深处漫上来的甜蜜再多停留片刻。
1270,action_part_w_orgasm_small_C,0,t_unconscious_flag_1&target_sleep_h_awake_but_pretend_sleep,沉甸甸的深沉快感自{womb}这一身体最深的核心骤然泛起，令闭眼装睡的{TargetName}心口猛地一颤。\n那股钝重的酥麻如温热的浪潮，自下腹最深处缓缓荡开，漫过腰际，与阴蒂那种尖锐的快意截然不同，深得令她几乎稳不住神，却还得强撑着假装沉睡。\n她把呻吟死死咽回喉咙，心里既慌又羞，明明清楚这份伪装瞒不过谁，也知道对方早已心知肚明，却仍固执地闭着眼，任凭那股甜痒在最深处一寸寸蔓延。\n这不过是快感的小峰值，远不到真正绝顶的地步，她的意识依旧清醒，可身体那份诚实的颤栗，还是令她心底涌起一阵又惊又甜的迷乱。\n那阵深处的甜意慢慢退散，她的心却久久平静不下来，脸颊滚烫，装睡的静默下，藏着一颗被这轻浅高潮撩得酥软又羞乱的心。

1271,action_part_w_orgasm_small_C,0,t_unconscious_flag_2,一股钝重而深沉的甜麻自身体最深处的{womb}缓缓泛起，醉意朦胧的{TargetName}混沌的脑子里根本分不清这是酒意还是快感。\n那股温热的浪潮如同自下腹最深的地方涌上来，沉甸甸地漫过腰际与小腹，与阴蒂那种尖锐的刺激全然不同，是一种厚重而绵长的酥胀，令她本就迷糊的意识又软了几分，只能任凭{womb}那轻轻的收缩把这陌生的深处快感一点点送遍全身。\n她醉得连羞耻都变得钝钝的，只隐约觉得身体最深的地方竟然也会有这样的感觉，心底泛起一丝说不清的困惑与甜腻。\n那阵轻浅的绝顶慢慢退去，酡红的脸颊还烫着，{womb}残留的细微余颤裹着醉意，令她昏昏沉沉地缓不过神，只余一片迷乱的暖意在体内悄悄消散。
1272,action_part_w_orgasm_small_C,0,t_unconscious_flag_2,深处的{womb}忽然轻轻一缩，一股沉甸甸的钝痒自身体最深处漫开，令半醉的{TargetName}混沌中猝不及防地颤了颤。\n那不是集中在一点的锐利刺激，而是自下腹最深处如温潮般缓缓涌起的深沉酥麻，一圈圈漫过酸软的腰腹，钻进每一寸被酒气浸软的肌肤，令她本就迷离的神志愈发朦胧。\n醉意里她连惊讶都是慢半拍的，只懵懵懂懂地感到身体最深的地方竟这样敏感，一种羞涩又新奇的甜意在心底轻轻荡开。\n这轻度的峰值虽然深沉，却还在她能承受的范围里，那阵绝顶缓缓平息，{womb}残留的余颤混着醉后的慵懒，令她红着脸久久沉浸在那片甜腻的迷乱里。
1273,action_part_w_orgasm_small_C,0,t_unconscious_flag_2,自{womb}这身体最深的核心泛起的钝重快感，像温热的浪一样缓缓漫过{TargetName}醉软的下腹，令她朦胧的意识又晃了一晃。\n那股深沉的甜痒不同于任何浅表的刺激，是从最里面沉甸甸地涌上来的酥胀，一波一波荡过腰际，令沉醉中的她双腿无力地夹紧，心底涌起一阵说不清是羞是慌的迷乱。\n酒意本已让她思绪混沌，这轻浅的深处高潮又添了几分甜软，她隐隐惊讶于身体最深处也能这样发颤，却连细想的力气都没有。\n那阵轻度的绝顶慢慢褪去，{womb}残存的细微颤意带着醉后的暖意，令她酡红着脸颊，久久无法从那片深沉又甜腻的余韵里回过神来。
1274,action_part_w_orgasm_small_C,0,t_unconscious_flag_2,一阵深远而钝重的酥麻自最深处的{womb}缓缓升起，令沉醉的{TargetName}迷糊中轻轻一颤，她本能地想弄清这陌生的感觉，脑子却被酒意搅得一片混沌。\n那股快感沉甸甸地自下腹深处漫开，不似阴蒂那般尖锐，而是厚重绵长地铺满整个骨盆与腰腹，一点点浸透她醉软的身体，令她连羞涩都变得朦朦胧胧。\n她隐约觉得，身体最深的地方竟会有这样深沉的感觉，心里既困惑又泛着一丝甜腻的悸动。\n这只是浅浅的一个小峰值，醉意中的她意识本就迷离，此刻更是软成了一滩，那阵绝顶缓缓退去后，{womb}残留的余温裹着醉后的慵懒，令她红着脸久久沉溺在这片迷乱的甜意之中。
1275,action_part_w_orgasm_small_C,0,t_unconscious_flag_2,{womb}深处忽然涌起一股温热的钝痒，沉甸甸地自身体最深处漫上来，令醉意上头的{TargetName}混沌的思绪又软了几分。\n那是与尖锐刺激截然不同的深沉快感，如浪潮般自下腹最里处缓缓荡开，酸酥地漫过腰腹，钻进被酒精泡软的每一寸肌肤，令她无力地随之轻颤。\n她醉得连心思都钝了，只隐约感到身体最深的地方竟也会这样酥麻发痒，一种又羞又新奇的甜意在朦胧的意识里悄悄蔓延。\n这轻浅的绝顶虽深沉却仍可承受，那阵甜腻的峰值慢慢平息后，{womb}残留的细微余颤混着醉后的暖融，令她酡红着脸颊，昏昏沉沉地沉浸在那片说不出的迷乱与惬意里。
1276,action_part_w_orgasm_small_C,0,target_time_stop_orgasm_relase,时停解放的瞬间，静止的时间重新在{TargetName}身上流转，那些被悄悄积攒下来的深处快意忽然一齐涌上，令她猝不及防地轻轻一颤。\n那股钝重而深沉的酥麻自{womb}这一身体最深处泛起，像温热的浪潮般缓缓漫过下腹与腰际的酸胀，与阴蒂那种尖锐的刺激截然不同。\n少女的意识还算清醒，脑子里却蓦地一阵发软，说不清这算不算舒服，只觉得身体最深处竟也会有这般感觉，令她又羞又慌，心口怦怦乱跳。\n{womb}轻轻收缩着，那份突如其来的深处甜痒来得太快，她根本来不及压制，只能又惊又臊地任由这轻浅的小绝顶在体内漫开。
1277,action_part_w_orgasm_small_C,0,target_time_stop_orgasm_relase,{Name}解除了时间停止，{TargetName}的知觉重新回到身上，一股囤积在最深处的钝重快感随之一同涌来，令少女的心头猛地一跳。\n那种深沉的酥麻自{womb}缓缓向全身扩散，沉甸甸地漫过小腹与腰肢，是与阴蒂尖锐快感全然不同的、来自体内深处的甜软。\n她的意识仍旧清明，可那股无法压制的轻度高潮还是让她乱了方寸，明明只是浅浅的峰值，却偏偏叫身体最深的地方都泛起了感觉。\n{womb}一下一下轻轻抽紧着，那种既陌生又羞耻的甜腻在心里横冲直撞，令{TargetName}又迷乱又困惑，暗暗咬紧下唇也止不住脸颊上蔓延的绯红。
1278,action_part_w_orgasm_small_C,0,target_time_stop_orgasm_relase,时停被解开的一刻，{TargetName}重新感知到流动的时间，那些方才被冻结、悄悄攒起的深处刺激骤然一齐漫上，令她轻轻打了个颤。\n自{womb}深处涌起的钝重甜麻如温潮般一圈圈荡开，沉甸甸地浸过下腹与腰际，那是不同于阴蒂锐利感的、幽深而绵长的快意。\n少女的神志尚清，心里却泛起一阵慌乱的甜软，对身体最深处竟能升起这样的感觉感到既惊讶又羞涩。\n{womb}轻轻收紧翕动着，那份深处的酥痒虽只是轻浅的小峰值，却让她无从抗拒，只能怀着满心的窘迫与迷乱，任由这甜腻的余韵在体内轻轻荡漾。
1279,action_part_w_orgasm_small_C,0,target_time_stop_orgasm_relase,随着{Name}松开时停，静止的时光重新流转，那些被一点点积攒下来的深处快感仿佛找到出口，一齐轻轻拍上{TargetName}的心头。\n一股深沉钝重的酥麻自{womb}最深处泛起，如温热的浪潮般缓缓漫过下腹的酸胀与腰间的酥软，深远而绵长，与尖锐的阴蒂快感截然两样。\n少女的意识虽还清醒，脑海却蓦地被这股甜软搅得一片迷蒙，她又惊又羞，想不通身体最深的地方为何也会这般敏感。\n{womb}轻轻抽紧着，那份轻浅却真切的甜腻令她心跳如鼓，既想将这羞人的感觉藏起，又忍不住被它牵着，怀着一腔说不出口的慌乱沉溺其中。
1280,action_part_w_orgasm_small_C,0,target_time_stop_orgasm_relase,时停解放的刹那，{TargetName}被冻住的感官骤然复苏，压在身体最深处的钝重快意在这一瞬一齐涌上，令她浑身微微一颤。\n那股深沉的酥麻自{womb}这一最深的核心缓缓扩散，像温潮般漫过小腹与腰腹的酸胀酥软，沉甸甸、厚重而绵远，绝非阴蒂那种集中一点的锐利。\n她的神志还算清明，心底却涌起一片细腻的甜软与羞窘，惊讶于身体最深处竟也会被这般轻易地撩动。\n{womb}一收一缩地轻轻颤动着，那份突如其来的深处甜痒虽只是轻浅的小绝顶，却已让她无力招架，只能又臊又乱地任由这份甜腻在心里久久回荡。

1281,action_part_w_orgasm_small_C,0,t_unconscious_flag_4,一阵深沉钝重的快感自{womb}这一身体最深处的核心缓缓泛起，如温热的浪潮般漫过{TargetName}的下腹与腰际。\n这股自最深处涌来的酥麻沉甸甸的，与阴蒂那种集中一点的锐利刺激截然不同，虽然明显，却还在她可以承受的范围内，意识依旧清醒。\n若在平常，身体最深处竟然也会有这般感觉，本该令她羞涩困惑，可此刻被催眠的她心境格外平和，只觉得这从深处漫开的甜痒是再自然不过的事，理所当然地任由那股快感一波波荡开。\n她平静地感受着{womb}轻轻收缩带来的深沉甜意，没有半分羞赧或抗拒，仿佛这轻度的高潮本就是身体寻常的反应，那阵钝重的余韵在体内缓缓消散，她的心也始终平静如水。
1282,action_part_w_orgasm_small_C,0,t_unconscious_flag_4,自{womb}深处泛起的钝重快感缓缓向全身扩散，那股深沉的酥麻漫过下腹，漫过腰肢，令{TargetName}轻轻颤动起来。\n这只是快感的小峰值，还够不上真正的绝顶，那种从体内最深处涌来的甜痒沉甸甸的，与集中在一点的锐利快感全然不同，她的意识仍旧清明。\n身体最隐秘的深处竟传来这般感觉，本是件令人惊讶的事，可催眠中的她却觉得这一切理所当然，平静地接纳着这份深沉的酥麻，心里没有起半点波澜。\n她安然地感受着{womb}一下下轻轻收缩，任由那股温热的甜意在体内漫开，仿佛这只是身体最普通不过的反应，那阵轻浅的高潮缓缓退去，她依旧神色平和，心境毫无起伏。
1283,action_part_w_orgasm_small_C,0,t_unconscious_flag_4,一股深远而厚重的快感自{TargetName}体内最深处的{womb}缓缓涌出，沉沉地漫过骨盆与腰腹，带来一阵酸胀酥麻。\n这轻度的绝顶只是浅浅的峰值，那股钝重的甜意虽深沉却仍在可承受的范围，她的意识还算清醒，只是身体无法抑制地轻轻颤动。\n寻常时候，得知身体最深处也能生出这样的快感，她或许会困惑羞赧，可此刻心境平和的她只当这是天经地义的事，平静而坦然地承受着。\n她安静地体味着{womb}轻轻抽缩泛起的深沉甜痒，没有丝毫的慌乱与羞耻，仿佛这从最深处漫开的高潮本就理所应当，那阵绵软的余韵在体内慢慢消散，她的心始终如止水般平静。
1284,action_part_w_orgasm_small_C,0,t_unconscious_flag_4,自{womb}这身体最深处的核心，一股温热钝重的快感缓缓泛起，如浪潮般漫过{TargetName}的小腹与腰际，带着深沉的酸麻。\n这不过是快感的小小峰值，远未及真正绝顶的烈度，那股自深处涌来的甜意厚重而绵软，她的意识依旧清晰，身体却已诚实地轻轻战栗。\n身体最深的地方竟也有了知觉，本该令她惊讶迷乱，可被催眠的她心境安然，只觉得这份深沉的快感是理所当然的日常，平静地任由它在体内扩散。\n她坦然地感受着{womb}轻轻收缩带来的深远甜痒，脸上心里都不见半分羞赧，仿佛这轻度的高潮本就寻常，那阵沉甸甸的余温在体内缓缓褪去，她始终平和淡然。
1285,action_part_w_orgasm_small_C,0,t_unconscious_flag_4,一阵深沉绵密的快感自{TargetName}体内最深处的{womb}悄然漫开，沉沉地渗过下腹，漫过腰肢，带来一片酸胀酥麻。\n这只是轻浅的小绝顶，那股钝重的甜意虽自最深处涌来，却仍在她可以承受的限度之内，意识清醒，身体却轻轻颤动个不停。\n若在平日，身体最私密的深处传来这般感觉，定会令她既羞又惑，可此刻催眠中的她心如平湖，只把这份深沉的快感当作再普通不过的事，安然坦然地接纳着。\n她平静地感受着{womb}一波波轻轻抽缩泛起的甜痒，没有半点抗拒或羞耻，仿佛这从深处漫开的高潮理所应当，那阵温热的余韵在体内悄悄消散，她的神色始终平和如常，心底毫无涟漪。

1286,action_part_w_orgasm_small_C,0,t_unconscious_flag_5,一股钝重深沉的酥麻自{womb}这一身体最深处缓缓泛起，如同温热的浪潮般漫过下腹与腰际，可这份从深处涌出的甜痒却始终没能真正抵达{TargetName}的意识。\n她的注意力牢牢停留在手头的事务上，仿佛自己不过是{SceneName}里一缕透明的空气，那股沉甸甸的快感在体内一波波荡漾，她却浑然不觉，连一丝异样都未曾在心底掀起。\n这只是轻浅的快感峰值，深沉却仍在可承受的范围内，{womb}轻轻收缩间那份深远的酸胀酥麻本该令她面红耳赤，她的意识却始终清明而空茫地悬在别处。\n身体最深处那种奇异的甜痒自顾自地扩散着，而{TargetName}对这场发生在自己体内的轻度绝顶毫无知觉，只是径自沉浸在自己的世界里，将一切都当作了空气。
1287,action_part_w_orgasm_small_C,0,t_unconscious_flag_5,一阵深沉而绵密的快感自{womb}深处涌出，钝重地漫过小腹，漫过腰肢，那份自体内最深处泛起的甜麻本该令{TargetName}猝不及防，她的心神却始终锁在眼前的事情上，对这股涌动浑然无觉。\n那种从身体最深处扩散开来的酥软虽然深远，却怎么也搅不动她那片空茫的意识，她只当周遭发生的一切都与自己无关，仿佛自己根本不存在。\n这不过是快感的小峰值，还够不上真正的绝顶，{womb}深处那份沉甸甸的酸胀酥痒一波波荡漾着，她却连脸颊都不曾泛红，神情平静得像什么都没有发生。\n身体最深处竟也会有这般感觉的事实，本该令她羞涩困惑，可她的意识却全然游离在外，任那阵深沉的甜痒在体内悄然扩散、又悄然消散，浑然不觉。
1288,action_part_w_orgasm_small_C,0,t_unconscious_flag_5,一股沉甸甸的酥麻自{womb}这身体的核心缓缓漫开，如温热的浪潮般漾过下腹与腰腹的酸胀，这份深沉的钝痒截然不同于表层那种锐利的刺激，却也始终没能唤起{TargetName}半分的注意。\n她的视线越过{Name}落在自己手头的事务上，仿佛自己只是{SceneName}里透明的空气，那股从深处升腾的甜软在她体内一圈圈扩散，她却毫无所觉地继续着当下的活动。\n这只是轻浅的绝顶，快感虽深沉却仍在她可承受的范畴，{womb}轻轻抽紧间那份漫过全身的酥痒本该令她心慌意乱，她的意识却始终清明地悬在别处，空茫而遥远。\n那种身体最深处泛起的甜痒渐渐平息，{TargetName}却连一丝异样都不曾察觉，只将这场轻度的高潮当作了空气，径自沉浸在自己的世界里。
1289,action_part_w_orgasm_small_C,0,t_unconscious_flag_5,深处的快感如温热的潮水般自{womb}缓缓涌起，钝重而绵软地漫过腰际与小腹，这份从身体最深处泛出的酥麻本该叫{TargetName}的心跳乱了节奏，她的心神却始终停在手头未完的事情上，对体内的这场波澜毫无知觉。\n那种自核心向全身扩散的深沉甜痒虽然清晰，却怎么也惊扰不了她那片空茫平静的意识，她只当自己是{SceneName}中一缕无形的空气，对眼前身后的一切都不觉得奇怪。\n这轻浅的小绝顶尚够不上真正的高潮，{womb}深处那份沉甸甸的酸胀酥软一波波荡漾着，她却神情如常，连呼吸都未曾明显紊乱。\n身体最深处竟也能生出这般感觉，本是件足以令她羞窘的事，可她的意识全然游离在外，任凭那阵深远的甜痒在体内悄然弥漫又悄然退去，浑然不觉。
1290,action_part_w_orgasm_small_C,0,t_unconscious_flag_5,一阵深沉钝重的甜麻自{womb}这一身体最深处泛起，缓缓漾过下腹，渗进腰腹的酸胀酥软里，这份从核心涌出的快感本该令{TargetName}措手不及，她的注意力却牢牢锁在手头的事务之上，对这场涌动毫无察觉。\n她的眼神空茫而专注，仿佛自己只是{SceneName}里透明的存在，那股自身体深处扩散的酥痒在体内一波波荡漾，她却连眉头都不曾皱起，只顾沉浸在自己正做的事里。\n这只是快感的小峰值，深沉却仍在可承受之内，{womb}轻轻收紧间那份漫过全身的甜软本该令她面红心乱，她的意识却始终清明地游离在外。\n那种身体最深处独有的深远甜痒渐渐消散，而{TargetName}对这场轻度的绝顶始终一无所知，只将它彻底当作了空气，径自继续着手头的活动，恍若无事发生。

1291,action_part_w_orgasm_small_C,0,t_unconscious_flag_6&t_hypnosis_blockhead,一股深沉钝重的快感自{womb}这身体最深处的核心悄然泛起，像温热的浪潮缓缓漫过下腹与腰际的酸胀酥麻，令僵在原地的{TargetName}心头猛地一颤。\n她的意识分明还清醒着，身体却半点不听指挥，只能眼睁睁地感受着{womb}不由自主地轻轻收缩，那股沉甸甸的酥麻从最深处一圈圈荡开。\n明明连一根手指都动不了，身体最深处的地方竟也会涌起这样清晰的快感，这令她又羞又慌，心底满是无法宣泄的屈辱与困惑。\n被迫承受着这轻浅小峰值的她，只能在清醒的意识里任由那股甜腻的深处颤意一点点漫过全身，羞耻得几乎想要缩起来，偏偏连这一点都做不到。
1292,action_part_w_orgasm_small_C,0,t_unconscious_flag_6&t_hypnosis_blockhead,深处那股钝重的酥麻毫无预兆地自{womb}涌出，沉甸甸地漫过下腹，渗进腰腹每一寸酸软的肌肤，令动弹不得的{TargetName}意识里一片慌乱。\n她清楚地知道这是什么感觉，正因清醒才更觉难堪——身体被牢牢锁住无法反抗，{womb}却不受控制地轻轻抽紧收缩，将这轻浅的快感小峰值一波波送上来。\n身体最深处那种深远而绵密的甜痒，与她记忆里任何锐利的刺激都不同，钝钝地、沉沉地漫开，令她既惊讶又羞赧。\n被迫迎来这场轻度绝顶的她，心底涌起说不清的甜腻与恐惧，明明想抗拒却连躲避的余地都没有，只能在清醒中承受着这份被操控的羞耻快感。
1293,action_part_w_orgasm_small_C,0,t_unconscious_flag_6&t_hypnosis_blockhead,自{womb}深处升起的沉重快感如温热浪潮般缓缓漫开，钝钝地浸过下腹与腰际，令被精神控制而僵住的{TargetName}浑身泛起一阵细密的酥麻。\n她的神志依旧清明，身体却完全不受自己支配，只能清晰地感知着{womb}轻轻收缩下沉的每一下颤动，那股深沉的甜意一波接一波地荡过全身。\n身体最深处竟也能涌出这般清楚的快感，这令她心底翻涌起浓浓的羞耻与茫然，脸颊悄悄发烫，心跳乱作一团。\n被迫达到这轻浅小绝顶的她无从逃避，只能任由那股钝重的甜腻在体内蔓延，心里既慌乱又暗暗泛起一丝连她自己都不愿承认的迷乱。
1294,action_part_w_orgasm_small_C,0,t_unconscious_flag_6&t_hypnosis_blockhead,一阵深远钝重的酥麻自{womb}最深处悄然泛起，沉甸甸地漫过下腹，缓缓渗进腰腹的酸胀里，令无法动弹的{TargetName}心口一紧。\n意识清醒的她只能眼睁睁地感受身体的背叛——{womb}不由自主地轻轻抽紧张合，那股从核心荡开的甜痒一层层扩散，将她推上了远未及真正绝顶的小小峰值。\n身体被操控着连躲都躲不开，最深处的地方却诚实地涌起这样的快感，令她又羞又惊，说不清是难堪还是别的什么。\n被迫承受着这份轻度高潮的她，在清醒里咬住了心底那声惊呼，任由钝重的甜腻漫过全身，满心尽是无处安放的羞涩与迷乱。
1295,action_part_w_orgasm_small_C,0,t_unconscious_flag_6&t_hypnosis_blockhead,那股沉钝深沉的快感自{womb}这最深处的核心缓缓泛起，如温热的潮水漫过下腹与腰际，令僵直着无法自主的{TargetName}整颗心都乱了。\n她意识还算清醒，身体却半分也不听使唤，只能清楚地体会着{womb}轻轻收缩、子宫口微微下沉的每一下，那股深远的酥麻一波波漫过全身。\n从身体最深处涌起的钝重甜意，令她既困惑又羞耻，明明动弹不得，那里却兀自泛起这样清晰的感觉，叫她心底又慌又臊。\n被操控着被迫迎向这轻浅绝顶的她无从抗拒，只能任凭那阵甜腻的深处颤意在体内缓缓扩散，清醒的眼底浮起一层被迫高潮的羞乱水光。

1296,action_part_w_orgasm_small_C,0,t_unconscious_flag_6&t_hypnosis_active_h,一股钝重深沉的快感自{womb}这一身体最深处缓缓泛起，如温热的浪潮漫过下腹与腰际，令{TargetName}的心猛地一颤。\n明明神志清醒，她却眼睁睁看着自己的身体违背意愿地主动迎上去，那份与平日矜持截然相反的热切令她又羞又乱，心里一遍遍喊着不要，身体却诚实地追逐着这深处的酥麻。\n这只是轻浅的快感峰值，还远不及真正的绝顶，可她连自己的腰肢都控制不住。\n身体最深处竟也会泛起这样甜腻的感觉，这个事实令她羞耻又困惑，心跳乱作一团，只能任由那股深沉的甜痒在体内一层层漫开。
1297,action_part_w_orgasm_small_C,0,t_unconscious_flag_6&t_hypnosis_active_h,那股沉甸甸的酥麻自{womb}深处一波波涌起，缓缓漫过绷紧的小腹与腰腹，带来一种与阴蒂那锐利刺激截然不同的深远快感，令{TargetName}的意识微微一晃。\n她清醒地知道自己在做什么，却无论如何也阻止不了身体主动地摇腰承欢，那份被操控出来的积极令她满心羞耻与抗拒，心里越是抗拒，身体越是诚实地迎合。\n这不过是轻度的绝顶，快感虽深沉却仍在可承受的范围，她的神志还算清明。\n可就是这份清醒，让她清清楚楚地感受着最深处那股甜痒，也清清楚楚地为自己的主动而窘迫得几乎无地自容。
1298,action_part_w_orgasm_small_C,0,t_unconscious_flag_6&t_hypnosis_active_h,一阵深沉钝重的甜痒自{womb}这一核心悄然泛起，如温热浪头缓缓漫过下腹与腰际的酸胀酥麻，令{TargetName}猝不及防地心头一颤。\n她的意识依旧清醒，偏偏身体却违背本心地主动扭腰迎送，那种反常的热切令她又惊又羞，心中大喊着不该如此，身体却一分一毫都不听使唤地追逐着深处的快感。\n这只是快感的小峰值，还称不上真正绝顶，她的神志尚且清明。\n身体最深处居然也能泛起这般甜腻的滋味，这令她羞耻得脸颊滚烫，心跳乱成一片，只能眼睁睁沉溺在这份无法自控的甜软里。
1299,action_part_w_orgasm_small_C,0,t_unconscious_flag_6&t_hypnosis_active_h,那股厚重深沉的快感自{womb}最深处缓缓漫出，一圈圈渗进绷紧的小腹与腰肢，带着令{TargetName}头皮发麻的酥软，令她的意识短暂地晃了一下。\n明明清醒得能感觉到每一分羞耻，她的身体却主动地缠上去承欢，那份与她平日性子相悖的主动令她满心慌乱与抗拒，越想压制，身体越是诚实地迎向那份深沉的甜痒。\n这仅仅是轻浅的绝顶，快感虽深却尚可承受，她的神志还算清明。\n可正因清醒，她才格外羞耻地意识到，连身体最深处都在为这份被迫的主动而颤栗，令她窘迫得几乎喘不过气。
1300,action_part_w_orgasm_small_C,0,t_unconscious_flag_6&t_hypnosis_active_h,一股温热钝重的甜痒自{womb}这一身体最深处泛起，如缓缓涌动的浪潮漫过下腹与腰际，令{TargetName}的心蓦地乱了节奏。\n她的意识清醒得可怕，却只能眼看着自己的身体违逆心意主动摆腰迎合，那份被操控出来的热切令她羞耻难当，心底一声声抗拒，身体却背叛般地积极追逐深处的酥麻。\n这只是快感的小小峰值，远够不上真正的绝顶，她的神志仍旧清明。\n身体最深处竟也藏着这样令人迷乱的甜腻，这个发现令她又羞又惊，只能任凭那股深沉的快感在体内轻轻荡漾，心里满是说不清的窘迫与困惑。
