cid,type_id,adv_id,premise,context
组件id,组件类型名,组件限定的剧情npcid,前提id,组件内容
str,str,int,str,str
0,0,0,0,1
组件配置数据,,,,

1000,action_part_a_orgasm_normal_B,0,CVP_A2_T|102_E_1&CVP_A2_A|5_LE_3,幼小的{TargetName}稚嫩的娇躯猛地绷紧起来，{anal}开始强烈而有节奏地痉挛收缩，小小的括约肌一圈圈地反复翕张绞紧，稚嫩的菊蕾随着这股收缩的节律不停地开合抽搐。\n她纤细的腰肢明显地向上弓起了一道弧线，稚嫩的小腹随之反复地向内深深抽缩，圆嫩的肚皮不受控制地一下下起伏颤动。\n细若嫩藕的双腿本能地绷得笔直，小小的膝盖因为用力而颤巍巍地并拢在一起，纤细的脚趾骤然向内蜷曲扣紧，脚踝处的稚嫩肌肉也一同绷起。\n随着{anal}一波波有力的绞缩，一缕温热的肠液较为明显地从穴口溢流而出，顺着幼小的臀缝与稚嫩的大腿内侧缓缓淌下，沾湿了一小片嫩白的皮肤。\n她急促失序的呼吸让稚嫩的胸口大幅起伏，细嫩的手指死死攥紧，指节因为用力而泛白，整个幼小的身躯在这场完整的高潮里不住地颤抖，直到{anal}的痉挛渐渐平息才慢慢松软下来。
1001,action_part_a_orgasm_normal_B,0,CVP_A2_T|102_E_1&CVP_A2_A|5_LE_3,随着一阵猛烈的战栗袭来，娇小的{TargetName}整个稚嫩的身子骤然弓成了紧绷的弧形，{anal}猛地收紧，随即强烈而规律地痉挛抽搐起来，幼嫩的括约肌一下下地绞紧又松开。\n她小小的腰身高高弓起，稚气未脱的小腹反复地向内瘪缩抽动，柔嫩的腹肌一阵阵地绷紧又颤抖，圆润的小臀跟着收缩的节奏用力地夹紧。\n两条细嫩的小腿绷得笔直而僵硬，稚嫩的脚趾用力向内蜷成一团，纤细的脚背反射性地向下绷直，细弱的膝盖不受控制地颤抖着相互抵紧。\n伴着{anal}一波接一波的绞缩，温热黏腻的肠液较为明显地从翕张的穴口渗流而出，沿着幼小的股缝蜿蜒淌落，在稚嫩的大腿内侧留下一道湿润的痕迹。\n她的呼吸变得急促而紊乱，稚嫩的胸膛一起一伏地剧烈喘动，一双小手无意识地攥成了拳，稚气的面庞上泛起潮红并微微失神，直至{anal}的抽搐彻底缓和，那副娇小的身躯才慢慢瘫软平复下来。
1002,action_part_a_orgasm_normal_B,0,CVP_A2_T|102_E_1&CVP_A2_A|5_LE_3,幼小的{TargetName}忽然爆发出一阵剧烈的颤栗，稚嫩的身躯不受控制地绷紧，{anal}强烈地收缩起来，一圈幼嫩的括约肌有节奏地反复翕张绞紧，稚嫩的菊穴随着高潮的节律不停地开合抽搐。\n她细嫩的腰肢明显地向上弓起，幼小的小腹一下下地深深内缩，柔软的肚皮随着肌肉的抽搐不停地起伏颤动，圆嫩的臀肉一阵阵地用力收夹。\n纤细娇小的四肢齐齐绷紧颤抖，细弱的手臂僵直地撑着，两条嫩藕似的小腿并拢夹紧，稚嫩的脚趾深深向内勾扣蜷曲，脚踝处绷出细细的紧张线条。\n随着{anal}一次次有力的痉挛绞缩，一股温热的肠液较为明显地自穴口溢淌流出，顺着幼小的臀沟与嫩滑的腿根缓缓滑落，浸湿了一小片稚嫩的肌肤。\n急促而失序的呼吸令她小小的胸口不住起伏，细嫩的手指反复收拢攥紧，指尖微微泛白，稚气的脸颊漫上一层红晕，整个幼小的身躯在这完整的绝顶里持续颤抖，待{anal}的收缩渐次平息才慢慢舒展松弛。
1003,action_part_a_orgasm_normal_B,0,CVP_A2_T|102_E_1&CVP_A2_A|5_LE_3,一阵强烈的痉挛毫无预兆地贯穿了娇小的{TargetName}，她稚嫩的身子猛然一僵，{anal}随即强烈而有节奏地收缩绞紧，幼嫩的括约肌一圈圈地翕张开合，稚嫩的后穴不停地抽搐颤动。\n她纤瘦的腰肢明显向上弓起了一道弧度，随后又反复地起落，稚嫩的小腹一下下向内抽缩，柔嫩的腹部肌肤随着收缩不停地颤动起伏。\n细小的双腿绷得僵直，稚气的膝盖颤颤巍巍地紧贴，纤细的脚趾骤然蜷缩扣紧，圆嫩的小臀绷紧收夹，随着{anal}的抽搐节律一下下地用力夹拢又松开。\n伴着一波波有力的绞缩，温热的肠液较为明显地从翕动的穴口渗溢而出，沿着幼小娇嫩的臀缝缓缓淌落，在稚嫩的大腿内侧留下一道晶亮的湿痕。\n她急促紊乱的呼吸让小小的胸膛剧烈起伏，一双稚嫩的小手死死攥住，指节泛出白色，稚气的面容微微失神并浮起潮红，整副娇小的身躯在这场完整的高潮中反复颤抖，直到{anal}的痉挛彻底平复才慢慢松软下来。
1004,action_part_a_orgasm_normal_B,0,CVP_A2_T|102_E_1&CVP_A2_A|5_LE_3,娇小稚嫩的{TargetName}身躯霎时绷成一张满弓，{anal}猛烈地收缩起来，幼嫩的括约肌一下下地反复绞紧又翕张，稚嫩的菊蕾随着高潮的节奏不停地开合抽动，小小的后穴规律地痉挛颤栗。\n她细嫩的腰身明显地向上弓起，稚气未消的小腹反复地向内深陷抽缩，柔软圆嫩的肚皮不受控制地一阵阵起伏，圆润的小屁股跟着收紧的节律用力夹拢。\n两条细若嫩藕的小腿绷得笔直而僵硬，纤细的脚趾深深向内勾曲扣紧，稚嫩的脚背反射性地向下绷直，细弱的膝盖抖动着相互抵紧，全身的稚嫩肌肉一齐绷紧颤抖。\n随着{anal}一波接一波的用力绞缩，温热黏腻的肠液较为明显地自穴口溢流而出，顺着幼小的股缝与嫩白的腿根缓缓淌下，将一小片稚嫩的皮肤浸润得湿漉漉的。\n她的呼吸急促而失序，稚嫩的胸口不住地大幅起伏喘动，细嫩的十指反复蜷拢攥紧，指节微微发白，稚气的脸蛋泛起薄红且略显失神，整个幼小的身子在这完整的绝顶里久久颤抖，待{anal}的收缩渐渐止息才缓缓瘫软平静下来。
1005,action_part_a_orgasm_normal_B,0,CVP_A2_T|104_E_1&CVP_A2_A|5_G_3&CVP_A2_A|5_LE_6,青春靓丽的{TargetName}娇躯陡然绷紧起来，{anal}猛地发起一阵强烈而有节律的痉挛收缩，紧致的括约肌不受控制地反复翕张绞紧，一圈圈地向内深深收拢吸吮。\n青涩紧实的小腹随着这剧烈的收缩节律反复向内抽搐凹陷，光洁富有弹性的腹部肌肤一下下地绷紧又松弛，细密的颤动顺着腰腹一路蔓延开来。\n两条匀称修长的嫩腿本能地并拢绷直，青春紧实的大腿内侧肌肤紧紧相贴摩挲，纤秀的脚踝绷出细腻的线条，小巧的脚趾用力地向内蜷缩勾拢。\n伴随着{anal}一下下有力的绞缩翻绞，较为明显的一股肠液顺着穴口缓缓地渗涌溢出，沿着青春圆润的臀缝蜿蜒滑落，在光滑细嫩的皮肤上留下一道湿亮的痕迹。\n少女挺翘的胸脯随着急促失序的呼吸剧烈起伏，纤细灵活的手指死死攥紧成拳，指节因用力而微微泛白，整具青春的娇躯在这场完整而剧烈的高潮中不住地颤栗抽动。
1006,action_part_a_orgasm_normal_B,0,CVP_A2_T|104_E_1&CVP_A2_A|5_G_3&CVP_A2_A|5_LE_6,{TargetName}那副洋溢着青春活力的身子突然剧烈地一颤，{anal}强烈地痉挛起来，一下接着一下有节奏地收缩绞紧，紧窄的括约肌反复地翕合翻绞，绞得死死的又猛地松开。\n光滑紧致的小腹随着这波波高潮反应而不停地向内抽缩，富有弹性的腹肌一阵阵地绷紧颤动，细密的抽搐从下腹一直传导到纤细柔韧的腰肢之上。\n两条青春纤长的美腿绷得笔直，圆润的膝盖颤巍巍地相互抵紧，光洁的脚背向下绷成弓形，秀气的脚趾无法自控地向内扣拢蜷曲。\n随着{anal}一波波强烈的收缩绞紧，一缕明显的肠液自翕张的穴口缓缓渗涌而出，顺着青春饱满的臀瓣缓缓淌落，在嫩滑光洁的肌肤上留下湿润发亮的痕迹。\n少女柔韧的后背绷成一道明显的弧线，纤细的双臂紧绷发抖，急促而紊乱的呼吸让青春的胸膛剧烈起伏，整个充满朝气的躯体在这场完整的绝顶里颤抖抽动个不停。
1007,action_part_a_orgasm_normal_B,0,CVP_A2_T|104_E_1&CVP_A2_A|5_G_3&CVP_A2_A|5_LE_6,青涩曼妙的{TargetName}娇躯骤然弓紧，{anal}猛烈而有规律地收缩痉挛，一圈圈地向内绞拢，紧实的括约肌一张一合地反复绞紧翕张，绞缩的力道明显而有力。\n纤秀柔韧的腰身猛地向上弓起一道弧度，青春紧致的小腹随着高潮的节律反复向内抽搐凹陷，平坦光滑的腹部肌肉一下下地紧绷又颤动。\n两条洋溢青春线条的修长细腿失控地绷直夹紧，弹嫩的大腿内侧肌肤相互贴合摩挲，紧致的脚踝绷紧，秀气的脚趾用力地向内蜷曲扣紧。\n伴着{anal}一次次深沉有力的绞缩，较为明显的肠液顺着穴口一点点溢淌而出，缓缓地流过青春圆润的股缝，将那一小片光滑细嫩的皮肤浸得湿润发亮。\n少女灵活的手指痉挛似地攥紧又松开，纤细紧绷的四肢止不住地颤抖发绷，急乱的呼吸声一阵紧过一阵，整具充满活力的娇躯在这场完整绝顶中剧烈地颤栗着。
1008,action_part_a_orgasm_normal_B,0,CVP_A2_T|104_E_1&CVP_A2_A|5_G_3&CVP_A2_A|5_LE_6,{TargetName}青春窈窕的身体陡然一僵，紧接着剧烈地颤抖起来，{anal}强烈地一缩一放地痉挛收缩，紧窄的括约肌不由自主地反复绞紧翕张，深深浅浅地向内吸拢绞合。\n青涩紧实的小腹随着一波波高潮而反复抽动收紧，弹嫩的腹皮一下下地凹陷又鼓起，细细的颤栗顺着纤柔的腰际一路荡漾开来。\n两条青春修长的嫩腿本能地并拢绷紧，圆润的膝头颤抖着相互抵住，纤秀的脚尖向下绷直，秀气的脚趾无声地蜷缩勾拢，整条腿都被细密的抖动笼罩。\n随着{anal}一下下有节律的强力绞缩，明显的一股肠液自穴口缓缓溢出淌落，沿着青春饱满圆润的臀瓣蜿蜒滑下，在细腻光洁的肌肤上留下一道湿润的水痕。\n少女柔韧的脊背绷成一道弯弓，纤细的手死死抓紧，指节泛出淡淡的白，凌乱急促的呼吸让青春的胸脯剧烈起伏，整个娇躯在这场完整剧烈的高潮里不住抽搐颤动。
1009,action_part_a_orgasm_normal_B,0,CVP_A2_T|104_E_1&CVP_A2_A|5_G_3&CVP_A2_A|5_LE_6,随着高潮汹涌而至，{TargetName}青春纤秀的身躯猛然绷紧颤抖，{anal}强烈而有节奏地痉挛绞缩起来，紧致的括约肌一波接一波地反复收紧翕张，一圈圈地向内深深绞拢吸吮。\n青春紧实的小腹随着这剧烈的收缩节律反复向内抽搐凹陷，平坦弹嫩的腹部肌肤一下下地绷紧又颤动，细密的抽动一路蔓延至纤柔的腰肢。\n两条洋溢活力的修长细腿绷得笔直又向内紧夹，弹嫩的大腿肌肉一阵阵地颤抖绷紧，秀气的脚趾用力地蜷曲扣紧，纤细的脚踝也随之绷出了紧绷的线条。\n伴着{anal}一下下深沉有力的绞缩翻绞，较为明显的肠液缓缓地自穴口渗涌溢出，顺着青春光滑的股沟一路淌落，在嫩滑富有弹性的皮肤上留下湿亮的痕迹。\n少女柔韧的腰身高高弓起后又缓缓落下，纤细的双手攥成小小的拳，急促而失序的喘息让青春的胸口剧烈起伏，整具充满朝气的身躯在这场完整的绝顶中颤栗抽搐不止。
1010,action_part_a_orgasm_normal_B,0,CVP_A2_T|105_E_1&CVP_A2_A|5_G_3&CVP_A2_A|5_LE_6,{TargetName}成熟饱满的娇躯陡然绷紧，{anal}猛地发起一阵强烈而有节律的痉挛收缩，紧致的括约肌不受控制地反复翕张绞紧，一圈圈地向内深深收拢吸吮。\n丰盈圆润的小腹随着这剧烈的收缩节律反复向内抽搐凹陷，光洁细腻的腹部肌肤一下下地绷紧又松弛，细密的颤动顺着成熟流畅的腰腹一路蔓延开来。\n两条丰满修长的腿本能地并拢绷直，成熟丰腴的大腿内侧肌肤紧紧相贴摩挲，圆润的膝盖颤抖着相互抵紧，修长的脚踝绷出细腻的线条，脚趾用力地向内蜷缩勾拢。\n伴随着{anal}一下下有力的绞缩翻绞，较为明显的一股肠液顺着穴口缓缓渗涌溢出，沿着丰腴圆润的臀缝蜿蜒滑落，在光滑丰润的肌肤上留下一道湿亮的痕迹。\n成熟挺翘的胸脯随着急促失序的呼吸剧烈起伏，修长的手指死死攥紧成拳，指节因用力而微微泛白，眉宇间那一丝未褪的青涩与成熟的身姿交织，整具丰盈的娇躯在这场完整而剧烈的高潮中不住地颤栗抽动。
1011,action_part_a_orgasm_normal_B,0,CVP_A2_T|105_E_1&CVP_A2_A|5_G_3&CVP_A2_A|5_LE_6,{TargetName}那副成熟丰盈的身子突然剧烈地一颤，{anal}强烈地痉挛起来，一下接着一下有节奏地收缩绞紧，紧窄的括约肌反复地翕合翻绞，绞得死死的又猛地松开。\n光滑丰腴的小腹随着这波波高潮反应而不停地向内抽缩，成熟饱满的腹肌一阵阵地绷紧颤动，细密的抽搐从下腹一直传导到成熟流畅的腰肢之上。\n两条丰满修长的美腿绷得笔直，圆润饱满的膝盖颤巍巍地相互抵紧，光洁的脚背向下绷成弓形，脚趾无法自控地向内扣拢蜷曲。\n随着{anal}一波波强烈的收缩绞紧，一缕明显的肠液自翕张的穴口缓缓渗涌而出，顺着成熟饱满的臀瓣缓缓淌落，在丰润光洁的肌肤上留下湿润发亮的痕迹。\n{TargetName}成熟柔韧的后背绷成一道明显的弧线，丰润的双臂紧绷发抖，急促而紊乱的呼吸让丰盈的胸膛剧烈起伏，成熟的面庞上却掠过一丝尚显青涩的失神，整个丰腴的躯体在这场完整的绝顶里颤抖抽动个不停。
1012,action_part_a_orgasm_normal_B,0,CVP_A2_T|105_E_1&CVP_A2_A|5_G_3&CVP_A2_A|5_LE_6,成熟曼妙的{TargetName}娇躯骤然弓紧，{anal}猛烈而有规律地收缩痉挛，一圈圈地向内绞拢，紧实的括约肌一张一合地反复绞紧翕张，绞缩的力道明显而有力。\n成熟柔韧的腰身猛地向上弓起一道弧度，丰盈紧致的小腹随着高潮的节律反复向内抽搐凹陷，光滑饱满的腹部肌肉一下下地紧绷又颤动。\n两条散发成熟线条的修长美腿失控地绷直夹紧，丰腴的大腿内侧肌肤相互贴合摩挲，圆润的脚踝绷紧，脚趾用力地向内蜷曲扣紧。\n伴着{anal}一次次深沉有力的绞缩，较为明显的肠液顺着穴口一点点溢淌而出，缓缓地流过成熟圆润的股缝，将那一片光滑丰润的皮肤浸得湿润发亮。\n{TargetName}修长的手指痉挛似地攥紧又松开，丰腴紧绷的四肢止不住地颤抖发绷，急乱的呼吸声一阵紧过一阵，成熟的眉眼间仍透着几分未脱的稚气，整具丰盈的娇躯在这场完整绝顶中剧烈地颤栗着。
1013,action_part_a_orgasm_normal_B,0,CVP_A2_T|105_E_1&CVP_A2_A|5_G_3&CVP_A2_A|5_LE_6,{TargetName}成熟窈窕的身体陡然一僵，紧接着剧烈地颤抖起来，{anal}强烈地一缩一放地痉挛收缩，紧窄的括约肌不由自主地反复绞紧翕张，深深浅浅地向内吸拢绞合。\n丰盈紧实的小腹随着一波波高潮而反复抽动收紧，成熟饱满的腹皮一下下地凹陷又鼓起，细细的颤栗顺着成熟纤柔的腰际一路荡漾开来。\n两条成熟修长的丰腴美腿本能地并拢绷紧，圆润的膝头颤抖着相互抵住，修长的脚尖向下绷直，脚趾无声地蜷缩勾拢，整条腿都被细密的抖动笼罩。\n随着{anal}一下下有节律的强力绞缩，明显的一股肠液自穴口缓缓溢出淌落，沿着成熟饱满圆润的臀瓣蜿蜒滑下，在细腻丰润的肌肤上留下一道湿润的水痕。\n{TargetName}成熟柔韧的脊背绷成一道弯弓，丰润的手死死抓紧，指节泛出淡淡的白，凌乱急促的呼吸让成熟的胸脯剧烈起伏，那张成熟的脸上却漾出一抹青涩的迷离，整个丰盈的娇躯在这场完整剧烈的高潮里不住抽搐颤动。
1014,action_part_a_orgasm_normal_B,0,CVP_A2_T|105_E_1&CVP_A2_A|5_G_3&CVP_A2_A|5_LE_6,随着高潮汹涌而至，{TargetName}成熟丰盈的身躯猛然绷紧颤抖，{anal}强烈而有节奏地痉挛绞缩起来，紧致的括约肌一波接一波地反复收紧翕张，一圈圈地向内深深绞拢吸吮。\n成熟紧致的小腹随着这剧烈的收缩节律反复向内抽搐凹陷，光滑饱满的腹部肌肤一下下地绷紧又颤动，细密的抽动一路蔓延至成熟纤柔的腰肢。\n两条丰腴修长的美腿绷得笔直又向内紧夹，成熟饱满的大腿肌肉一阵阵地颤抖绷紧，脚趾用力地蜷曲扣紧，圆润的脚踝也随之绷出了紧绷的线条。\n伴着{anal}一下下深沉有力的绞缩翻绞，较为明显的肠液缓缓地自穴口渗涌溢出，顺着成熟光滑的股沟一路淌落，在丰润饱满的肌肤上留下湿亮的痕迹。\n{TargetName}成熟柔韧的腰身高高弓起后又缓缓落下，丰润的双手攥成拳，急促而失序的喘息让成熟的胸口剧烈起伏，眉梢却挂着一缕尚未褪尽的青涩神情，整具丰盈成熟的身躯在这场完整的绝顶中颤栗抽搐不止。
1015,action_part_a_orgasm_normal_B,0,CVP_A2_T|106_E_1&CVP_A2_A|5_G_3&CVP_A2_A|5_LE_6,成熟丰韵的{TargetName}娇躯骤然绷紧，{anal}猛地掀起一阵强烈而富有节律的痉挛收缩，成熟紧致的括约肌不受控制地反复翕张绞紧，一圈圈地向内深深绞拢吸吮。\n丰腴圆润的小腹随着这剧烈的收缩节奏反复向内抽搐凹陷，光洁细腻却透着岁月温润的腹部肌肤一下下地绷紧又松弛，细密的颤动顺着丰盈流畅的腰腹一路荡漾开来。\n两条丰满修长的成熟美腿本能地并拢绷直，丰腴的大腿内侧肌肤紧紧相贴摩挲，圆润饱满的膝盖颤抖着相互抵紧，修长的脚踝绷出细腻的线条，脚趾用力地向内蜷曲勾拢。\n伴随着{anal}一下下有力的绞缩翻绞，一股较为明显的肠液顺着穴口缓缓渗涌溢出，沿着丰腴圆翘的臀缝蜿蜒滑落，在成熟光润的肌肤上留下一道湿亮的痕迹。\n成熟饱满的胸脯随着急促失序的呼吸剧烈起伏，圆润的手指死死攥紧成拳，指节因用力而微微泛白，成熟从容的眉宇间此刻尽是深陷的沉溺，整具丰韵的娇躯在这场完整而剧烈的高潮里不住地颤栗抽动。
1016,action_part_a_orgasm_normal_B,0,CVP_A2_T|106_E_1&CVP_A2_A|5_G_3&CVP_A2_A|5_LE_6,{TargetName}那副成熟丰腴的身子突然剧烈地一颤，{anal}强烈地痉挛起来，一下接着一下有节奏地收缩绞紧，成熟紧韧的括约肌反复地翕合翻绞，绞得死紧又猛地松开。\n光滑丰润的小腹随着这一波波高潮反应不停向内抽缩，成熟饱满的腹肌一阵阵地绷紧颤动，细密的抽搐从下腹一直传导到丰盈流畅的腰肢之上。\n两条成熟修长的美腿绷得笔直，圆润饱满的膝盖颤巍巍地相互抵紧，光洁的脚背向下绷成弓形，脚趾无法自控地向内扣拢蜷曲，整条腿都随之绷紧发抖。\n随着{anal}一波波强烈的收缩绞紧，一缕明显的肠液自翕张的穴口缓缓渗涌而出，顺着成熟饱满的臀瓣缓缓淌落，在丰润光洁的肌肤上留下湿润发亮的痕迹。\n{TargetName}成熟柔韧的后背绷成一道明显的弧线，丰润的双臂紧绷发抖，急促而紊乱的呼吸让丰盈的胸膛剧烈起伏，成熟的面庞上漫开一片深沉的潮红与失神，整个丰腴的躯体在这场完整的绝顶里颤抖抽动个不停。
1017,action_part_a_orgasm_normal_B,0,CVP_A2_T|106_E_1&CVP_A2_A|5_G_3&CVP_A2_A|5_LE_6,成熟妩媚的{TargetName}娇躯骤然弓紧，{anal}猛烈而有规律地收缩痉挛，一圈圈地向内绞拢，成熟紧实的括约肌一张一合地反复绞紧翕张，绞缩的力道明显而沉实。\n成熟柔韧的腰身猛地向上弓起一道弧度，丰盈紧致的小腹随着高潮的节律反复向内抽搐凹陷，光滑饱满的腹部肌肉一下下地紧绷又颤动，细颤沿着腰际一路蔓延。\n两条散发成熟风韵的修长美腿失控地绷直夹紧，丰腴的大腿内侧肌肤相互贴合摩挲，圆润的脚踝绷紧，脚趾用力地向内蜷曲扣紧，整条腿的线条一并绷收起来。\n伴着{anal}一次次深沉有力的绞缩，较为明显的肠液顺着穴口一点点溢淌而出，缓缓地流过成熟圆润的股缝，将那一片光润丰腴的皮肤浸得湿润发亮。\n{TargetName}修长圆润的手指痉挛似地攥紧又松开，丰腴紧绷的四肢止不住地颤抖发绷，急乱的呼吸声一阵紧过一阵，成熟的眉眼间尽是深深的迷醉沉沦，整具丰韵的娇躯在这场完整绝顶中剧烈地颤栗着。
1018,action_part_a_orgasm_normal_B,0,CVP_A2_T|106_E_1&CVP_A2_A|5_G_3&CVP_A2_A|5_LE_6,{TargetName}成熟窈窕的身体陡然一僵，紧接着剧烈地颤抖起来，{anal}强烈地一缩一放地痉挛收缩，成熟紧窄的括约肌不由自主地反复绞紧翕张，深深浅浅地向内吸拢绞合。\n丰盈紧实的小腹随着一波波高潮而反复抽动收紧，成熟饱满的腹皮一下下地凹陷又鼓起，细细的颤栗顺着成熟丰润的腰际一路荡漾开来。\n两条成熟修长的丰腴美腿本能地并拢绷紧，圆润饱满的膝头颤抖着相互抵住，修长的脚尖向下绷直，脚趾无声地蜷缩勾拢，整条腿都被细密的抖动笼罩。\n随着{anal}一下下有节律的强力绞缩，明显的一股肠液自穴口缓缓溢出淌落，沿着成熟饱满圆润的臀瓣蜿蜒滑下，在细腻丰润的肌肤上留下一道湿润的水痕。\n{TargetName}成熟柔韧的脊背绷成一道弯弓，丰润的手死死抓紧，指节泛出淡淡的白，凌乱急促的呼吸让成熟的胸脯剧烈起伏，那张成熟的脸上漾出一抹深浓的迷离，整个丰盈的娇躯在这场完整剧烈的高潮里不住抽搐颤动。
1019,action_part_a_orgasm_normal_B,0,CVP_A2_T|106_E_1&CVP_A2_A|5_G_3&CVP_A2_A|5_LE_6,随着高潮汹涌而至，{TargetName}成熟丰盈的身躯猛然绷紧颤抖，{anal}强烈而有节奏地痉挛绞缩起来，成熟紧致的括约肌一波接一波地反复收紧翕张，一圈圈地向内深深绞拢吸吮。\n成熟紧致的小腹随着这剧烈的收缩节律反复向内抽搐凹陷，光滑饱满的腹部肌肤一下下地绷紧又颤动，细密的抽动一路蔓延至成熟丰润的腰肢。\n两条丰腴修长的美腿绷得笔直又向内紧夹，成熟饱满的大腿肌肉一阵阵地颤抖绷紧，脚趾用力地蜷曲扣紧，圆润的脚踝也随之绷出了紧绷的线条。\n伴着{anal}一下下深沉有力的绞缩翻绞，较为明显的肠液缓缓地自穴口渗涌溢出，顺着成熟光滑的股沟一路淌落，在丰润饱满的肌肤上留下湿亮的痕迹。\n{TargetName}成熟柔韧的腰身高高弓起后又缓缓落下，丰润的双手攥成拳，急促而失序的喘息让成熟的胸口剧烈起伏，眉梢眼角尽是沉醉入骨的餍足神情，整具丰盈成熟的身躯在这场完整的绝顶中颤栗抽搐不止。
1020,action_part_a_orgasm_normal_B,0,CVP_A2_T|107_E_1&CVP_A2_A|5_G_3&CVP_A2_A|5_LE_6,已为人妻的{TargetName}那副被岁月养熟的娇躯骤然绷紧，{anal}猛地掀起一阵强烈而富有节律的痉挛收缩，成熟紧致的括约肌不受控制地反复翕张绞紧，一圈圈向内深深绞拢吸吮。\n丰腴圆润的小腹随着这剧烈的收缩节律反复向内抽搐凹陷，那片被家庭滋养得温润饱满的腹部肌肤一下下绷紧又松弛，细密的颤动顺着丰盈流畅的腰腹一路荡漾开来。\n两条被岁月磨得丰满修长的美腿本能地并拢绷直，成熟丰腴的大腿内侧肌肤紧紧相贴摩挲，圆润饱满的膝盖颤抖着相互抵紧，修长的脚踝绷出细腻线条，脚趾用力向内蜷曲勾拢。\n伴随着{anal}一下下有力的绞缩翻绞，一股较为明显的肠液顺着穴口缓缓渗涌溢出，沿着丰腴圆翘的臀缝蜿蜒滑落，在人妻那身成熟光润的肌肤上留下一道湿亮的痕迹。\n成熟饱满的胸脯随着急促失序的呼吸剧烈起伏，圆润的手指死死攥紧成拳，指节因用力而微微泛白，那张已为人妇的眉宇间此刻满是深陷的失神，整具丰韵娇躯在这场完整剧烈的高潮里不住颤栗抽动。
1021,action_part_a_orgasm_normal_B,0,CVP_A2_T|107_E_1&CVP_A2_A|5_G_3&CVP_A2_A|5_LE_6,身为人妻的{TargetName}那副丰腴成熟的身子突然剧烈一颤，{anal}强烈地痉挛起来，一下接一下有节奏地收缩绞紧，被养熟的紧韧括约肌反复翕合翻绞，绞得死紧又猛地松开。\n光滑丰润的小腹随着一波波高潮反应不停向内抽缩，那片人妻特有的成熟饱满腹肌一阵阵绷紧颤动，细密的抽搐自下腹一直传导到丰盈流畅的腰肢之上。\n两条成熟修长的美腿绷得笔直，圆润饱满的膝盖颤巍巍相互抵紧，光洁的脚背向下绷成弓形，脚趾无法自控地向内扣拢蜷曲，整条腿都随之绷紧发抖。\n随着{anal}一波波强烈的收缩绞紧，一缕明显的肠液自翕张的穴口缓缓渗涌而出，顺着人妻那成熟饱满的臀瓣缓缓淌落，在丰润光洁的肌肤上留下湿润发亮的痕迹。\n那被家室滋养得柔韧的后背绷成一道明显弧线，丰润的双臂紧绷发抖，急促而紊乱的呼吸让丰盈胸膛剧烈起伏，成熟的面庞上漫开一片深沉的潮红与失神，整个丰腴躯体在这场完整绝顶里颤抖抽动个不停。
1022,action_part_a_orgasm_normal_B,0,CVP_A2_T|107_E_1&CVP_A2_A|5_G_3&CVP_A2_A|5_LE_6,已婚多年的{TargetName}那副妩媚娇躯骤然弓紧，{anal}猛烈而有规律地收缩痉挛，一圈圈向内绞拢，被岁月养熟的紧实括约肌一张一合反复绞紧翕张，绞缩的力道明显而沉实。\n人妻特有的柔韧腰身猛地向上弓起一道弧度，丰盈紧致的小腹随着高潮节律反复向内抽搐凹陷，光滑饱满的腹部肌肉一下下紧绷又颤动，细颤沿着丰润的腰际一路蔓延。\n两条散发人妇风韵的修长美腿失控地绷直夹紧，丰腴的大腿内侧肌肤相互贴合摩挲，圆润的脚踝绷紧，脚趾用力向内蜷曲扣紧，整条腿的线条一并绷收起来。\n伴着{anal}一次次深沉有力的绞缩，较为明显的肠液顺着穴口一点点溢淌而出，缓缓流过那成熟圆润的股缝，将人妻那片光润丰腴的皮肤浸得湿润发亮。\n修长圆润的手指痉挛似地攥紧又松开，丰腴紧绷的四肢止不住颤抖发绷，急乱的呼吸声一阵紧过一阵，那张已为人妇的眉眼间尽是深深的失魂，整具丰韵娇躯在这场完整绝顶中剧烈颤栗着。
1023,action_part_a_orgasm_normal_B,0,CVP_A2_T|107_E_1&CVP_A2_A|5_G_3&CVP_A2_A|5_LE_6,为人妻室的{TargetName}那窈窕成熟的身体陡然一僵，紧接着剧烈地颤抖起来，{anal}强烈地一缩一放地痉挛收缩，被养熟的紧窄括约肌不由自主地反复绞紧翕张，深深浅浅地向内吸拢绞合。\n丰盈紧实的小腹随着一波波高潮反复抽动收紧，那片人妻的成熟饱满腹皮一下下凹陷又鼓起，细细的颤栗顺着丰润的腰际一路荡漾开来。\n两条成熟修长的丰腴美腿本能地并拢绷紧，圆润饱满的膝头颤抖着相互抵住，修长的脚尖向下绷直，脚趾无声地蜷缩勾拢，整条腿都被细密的抖动笼罩。\n随着{anal}一下下有节律的强力绞缩，明显的一股肠液自穴口缓缓溢出淌落，沿着人妻那成熟饱满圆润的臀瓣蜿蜒滑下，在细腻丰润的肌肤上留下一道湿润的水痕。\n那被家室磨得柔韧的脊背绷成一道弯弓，丰润的手死死抓紧，指节泛出淡淡的白，凌乱急促的呼吸让成熟胸脯剧烈起伏，那张人妇的脸上漾出一抹深浓的迷离，整个丰盈娇躯在这场完整剧烈的高潮里不住抽搐颤动。
1024,action_part_a_orgasm_normal_B,0,CVP_A2_T|107_E_1&CVP_A2_A|5_G_3&CVP_A2_A|5_LE_6,随着高潮汹涌而至，人妻{TargetName}那丰盈成熟的身躯猛然绷紧颤抖，{anal}强烈而有节奏地痉挛绞缩起来，被岁月养熟的紧致括约肌一波接一波反复收紧翕张，一圈圈向内深深绞拢吸吮。\n成熟紧致的小腹随着这剧烈的收缩节律反复向内抽搐凹陷，那片人妇的光滑饱满腹肤一下下绷紧又颤动，细密的抽动一路蔓延至丰润的腰肢。\n两条丰腴修长的美腿绷得笔直又向内紧夹，成熟饱满的大腿肌肉一阵阵颤抖绷紧，脚趾用力蜷曲扣紧，圆润的脚踝也随之绷出紧绷的线条。\n伴着{anal}一下下深沉有力的绞缩翻绞，较为明显的肠液缓缓自穴口渗涌溢出，顺着人妻那成熟光滑的股沟一路淌落，在丰润饱满的肌肤上留下湿亮的痕迹。\n那被家庭滋养得柔韧的腰身高高弓起后又缓缓落下，丰润的双手攥成拳，急促失序的喘息让成熟胸口剧烈起伏，眉梢眼角尽是深陷的失神，整具丰盈成熟的人妇身躯在这场完整绝顶中颤栗抽搐不止。
1025,action_part_a_orgasm_normal_B,0,target_is_player_daughter&CVP_A2_A|5_G_3&CVP_A2_A|5_LE_6,身为博士亲生女儿的{TargetName}那具青涩稚嫩的娇躯猛地绷紧，{anal}掀起一阵强烈而富有节律的痉挛收缩，年轻紧窄的括约肌不受控制地反复翕张绞紧，一圈圈向内深深绞拢吸吮。\n少女平坦柔嫩的小腹随着这收缩的节律反复向内抽搐凹陷，那片尚带稚气的腹部肌肤一下下绷紧又松弛，细密的颤动顺着纤细的腰肢一路荡漾开来。\n两条初显修长的嫩腿本能地并拢绷直，青涩柔嫩的大腿内侧肌肤紧紧相贴摩挲，圆嫩的膝盖颤抖着相互抵紧，纤细的脚踝绷出稚嫩线条，脚趾用力向内蜷曲勾拢。\n伴随着{anal}一下下有力的绞缩翻绞，一股较为明显的肠液顺着穴口缓缓渗涌溢出，沿着少女圆翘稚嫩的臀缝蜿蜒滑落，在那身细白光润的肌肤上留下一道湿亮的痕迹。\n单薄的胸脯随着急促失序的呼吸剧烈起伏，稚嫩的手指死死攥紧成拳，指节因用力而微微泛白，那张年轻的脸上此刻满是深陷的失神，双唇无声地翕动似在唤着爸爸，整具青涩娇躯在这场完整剧烈的高潮里不住颤栗抽动。
1026,action_part_a_orgasm_normal_B,0,target_is_player_daughter&CVP_A2_A|5_G_3&CVP_A2_A|5_LE_6,身为{Name}亲女的{TargetName}那副娇小玲珑的身子突然剧烈一颤，{anal}强烈地痉挛起来，一下接一下有节奏地收缩绞紧，年轻紧韧的括约肌反复翕合翻绞，绞得死紧又猛地松开。\n少女嫩滑平坦的小腹随着一波波高潮反应不停向内抽缩，那片稚气未脱的腹肌一阵阵绷紧颤动，细密的抽搐自下腹一直传导到纤细稚嫩的腰肢之上。\n两条初长成的修长嫩腿绷得笔直，圆嫩的膝盖颤巍巍相互抵紧，光洁的脚背向下绷成弓形，脚趾无法自控地向内扣拢蜷曲，整条腿都随之绷紧发抖。\n随着{anal}一波波强烈的收缩绞紧，一缕明显的肠液自翕张的穴口缓缓渗涌而出，顺着那稚嫩挺翘的臀瓣缓缓淌落，在细白光洁的肌肤上留下湿润发亮的痕迹。\n单薄柔嫩的后背绷成一道明显弧线，纤细的双臂紧绷发抖，急促而紊乱的呼吸让稚嫩的胸口剧烈起伏，年轻的面庞上漫开一片深沉的潮红与失神，整个青涩身躯在这场完整绝顶里颤抖抽动个不停。
1027,action_part_a_orgasm_normal_B,0,target_is_player_daughter&CVP_A2_A|5_G_3&CVP_A2_A|5_LE_6,与{Name}血脉相连的女儿{TargetName}那副稚嫩娇躯骤然弓紧，{anal}猛烈而有规律地收缩痉挛，一圈圈向内绞拢，年轻紧实的括约肌一张一合反复绞紧翕张，绞缩的力道明显而沉实。\n少女柔韧纤细的腰身猛地向上弓起一道弧度，平坦嫩滑的小腹随着高潮节律反复向内抽搐凹陷，稚气的腹部肌肉一下下紧绷又颤动，细颤沿着单薄的腰际一路蔓延。\n两条青涩纤长的美腿失控地绷直夹紧，稚嫩的大腿内侧肌肤相互贴合摩挲，圆嫩的脚踝绷紧，脚趾用力向内蜷曲扣紧，整条腿的线条一并绷收起来。\n伴着{anal}一次次深沉有力的绞缩，较为明显的肠液顺着穴口一点点溢淌而出，缓缓流过那圆润稚嫩的股缝，将少女那片细白娇嫩的皮肤浸得湿润发亮。\n纤细稚嫩的手指痉挛似地攥紧又松开，单薄绷紧的四肢止不住颤抖发绷，急乱的呼吸声一阵紧过一阵，那张年轻的脸蛋眉眼间尽是深深的失魂，唇齿微张似要喊出爸爸却只溢出破碎气音，整具青涩娇躯在这场完整绝顶中剧烈颤栗着。
1028,action_part_a_orgasm_normal_B,0,target_is_player_daughter&CVP_A2_A|5_G_3&CVP_A2_A|5_LE_6,身为博士女儿的{TargetName}那窈窕青涩的身体陡然一僵，紧接着剧烈地颤抖起来，{anal}强烈地一缩一放地痉挛收缩，年轻紧窄的括约肌不由自主地反复绞紧翕张，深深浅浅地向内吸拢绞合。\n平坦紧实的小腹随着一波波高潮反复抽动收紧，那片稚嫩柔滑的腹皮一下下凹陷又鼓起，细细的颤栗顺着纤瘦的腰际一路荡漾开来。\n两条初显修长的嫩腿本能地并拢绷紧，圆嫩的膝头颤抖着相互抵住，纤细的脚尖向下绷直，脚趾无声地蜷缩勾拢，整条腿都被细密的抖动笼罩。\n随着{anal}一下下有节律的强力绞缩，明显的一股肠液自穴口缓缓溢出淌落，沿着少女那稚嫩圆翘的臀瓣蜿蜒滑下，在细腻娇嫩的肌肤上留下一道湿润的水痕。\n单薄柔嫩的脊背绷成一道弯弓，纤细的手死死抓紧，指节泛出淡淡的白，凌乱急促的呼吸让稚嫩胸脯剧烈起伏，那张年轻的脸上漾出一抹深浓的迷离，整个青涩娇躯在这场完整剧烈的高潮里不住抽搐颤动。
1029,action_part_a_orgasm_normal_B,0,target_is_player_daughter&CVP_A2_A|5_G_3&CVP_A2_A|5_LE_6,随着高潮汹涌而至，{Name}的亲生女儿{TargetName}那青涩稚嫩的身躯猛然绷紧颤抖，{anal}强烈而有节奏地痉挛绞缩起来，年轻紧致的括约肌一波接一波反复收紧翕张，一圈圈向内深深绞拢吸吮。\n稚嫩平坦的小腹随着这剧烈的收缩节律反复向内抽搐凹陷，那片尚显青涩的腹肤一下下绷紧又颤动，细密的抽动一路蔓延至纤细的腰肢。\n两条初长成的修长嫩腿绷得笔直又向内紧夹，稚嫩柔滑的大腿肌肉一阵阵颤抖绷紧，脚趾用力蜷曲扣紧，圆嫩的脚踝也随之绷出稚嫩的线条。\n伴着{anal}一下下深沉有力的绞缩翻绞，较为明显的肠液缓缓自穴口渗涌溢出，顺着少女那细滑挺翘的股沟一路淌落，在娇嫩饱满的肌肤上留下湿亮的痕迹。\n单薄柔嫩的腰身高高弓起后又缓缓落下，纤细的双手攥成拳，急促失序的喘息让稚嫩胸口剧烈起伏，眉梢眼角尽是深陷的失神，双唇无声开合似在低唤爸爸，整具青涩稚嫩的身躯在这场完整绝顶中颤栗抽搐不止。
1030,action_part_a_orgasm_normal_B,0,CVP_A2_T|102_E_1&CVP_A2_A|5_G_6,幼小的{TargetName}那具尚未发育的娇嫩身躯骤然绷紧，{anal}猛地掀起一阵强烈而富有节律的痉挛收缩，稚嫩紧窄的括约肌不受控制地反复翕张绞紧，一圈圈向内深深绞拢。\n幼女平坦稚气的小腹随着这收缩的节律反复向内抽搐凹陷，那片圆嫩的腹皮一下下绷紧又松弛，细密的颤动顺着纤细幼小的腰肢一路荡漾开来。\n两条幼童特有的圆润细腿本能地并拢绷直，稚嫩柔软的大腿内侧紧紧相贴，圆嫩的小膝盖颤抖着相互抵紧，纤小的脚踝绷出稚嫩线条，小脚趾用力向内蜷曲勾拢。\n伴随着{anal}一下下有力的绞缩翻绞，一股较为明显的肠液顺着穴口缓缓渗涌溢出，沿着幼小圆翘的臀缝蜿蜒滑落，在那身细白光润的稚嫩肌肤上留下一道湿亮的痕迹。\n单薄稚嫩的小胸脯随着急促失序的呼吸剧烈起伏，幼小的手指死死攥紧成拳，指节因用力而微微泛白，整具娇小懵懂的身躯在这场完整剧烈的高潮里不住颤栗抽动。
1031,action_part_a_orgasm_normal_B,0,CVP_A2_T|102_E_1&CVP_A2_A|5_G_6,娇小玲珑尚显稚气的{TargetName}身子突然剧烈一颤，{anal}强烈地痉挛起来，一下接一下有节奏地收缩绞紧，稚嫩紧韧的括约肌反复翕合翻绞，绞得死紧又猛地松开。\n幼女嫩滑平坦的小腹随着一波波高潮反应不停向内抽缩，那片稚气未脱的圆润腹肌一阵阵绷紧颤动，细密的抽搐自下腹一直传导到纤细幼小的腰际。\n两条婴儿般圆润的短嫩小腿绷得笔直，圆嫩的膝头颤巍巍相互抵紧，光洁的小脚背向下绷成弓形，稚嫩的脚趾无法自控地向内扣拢蜷曲，整条腿都随之绷紧发抖。\n随着{anal}一波波强烈的收缩绞紧，一缕明显的肠液自翕张的穴口缓缓渗涌而出，顺着那稚嫩挺翘的小臀瓣缓缓淌落，在细白光洁的幼嫩肌肤上留下湿润发亮的痕迹。\n单薄柔嫩的小后背绷成一道明显弧线，纤细的小臂紧绷发抖，急促而紊乱的呼吸让稚嫩的胸口剧烈起伏，整个懵懂娇小的身躯在这场完整绝顶里颤抖抽动个不停。
1032,action_part_a_orgasm_normal_B,0,CVP_A2_T|102_E_1&CVP_A2_A|5_G_6,天真稚嫩的{TargetName}那副娇小身躯骤然弓紧，{anal}猛烈而有规律地收缩痉挛，一圈圈向内绞拢，稚嫩紧实的括约肌一张一合反复绞紧翕张，绞缩的力道明显而沉实。\n幼小柔韧的腰身猛地向上弓起一道浅弧，平坦稚气的小腹随着高潮节律反复向内抽搐凹陷，圆润的腹部肌肉一下下紧绷又颤动，细颤沿着单薄幼小的腰际一路蔓延。\n两条纤细圆嫩的小腿失控地绷直夹紧，稚嫩的大腿内侧肌肤相互贴合摩挲，圆嫩的脚踝绷紧，小脚趾用力向内蜷曲扣紧，整条幼腿的线条一并绷收起来。\n伴着{anal}一次次深沉有力的绞缩，较为明显的肠液顺着穴口一点点溢淌而出，缓缓流过那圆润稚嫩的小股缝，将幼女那片细白娇嫩的皮肤浸得湿润发亮。\n幼小稚嫩的手指痉挛似地攥紧又松开，单薄绷紧的四肢止不住颤抖发绷，急乱的呼吸声一阵紧过一阵，整具娇小懵懂的身躯在这场完整绝顶中剧烈颤栗着。
1033,action_part_a_orgasm_normal_B,0,CVP_A2_T|102_E_1&CVP_A2_A|5_G_6,稚气未脱的{TargetName}那娇小玲珑的身体陡然一僵，紧接着剧烈地颤抖起来，{anal}强烈地一缩一放地痉挛收缩，稚嫩紧窄的括约肌不由自主地反复绞紧翕张，深深浅浅地向内吸拢绞合。\n平坦幼嫩的小腹随着一波波高潮反复抽动收紧，那片稚嫩柔滑的腹皮一下下凹陷又鼓起，细细的颤栗顺着纤瘦幼小的腰际一路荡漾开来。\n两条幼童圆润的短细腿本能地并拢绷紧，圆嫩的小膝头颤抖着相互抵住，纤小的脚尖向下绷直，稚嫩脚趾无声地蜷缩勾拢，整条腿都被细密的抖动笼罩。\n随着{anal}一下下有节律的强力绞缩，明显的一股肠液自穴口缓缓溢出淌落，沿着幼女那稚嫩圆翘的小臀瓣蜿蜒滑下，在细腻娇嫩的肌肤上留下一道湿润的水痕。\n单薄柔嫩的小脊背绷成一道弯弓，幼小的手死死抓紧，指节泛出淡淡的白，凌乱急促的呼吸让稚嫩胸脯剧烈起伏，整个娇小懵懂的身躯在这场完整剧烈的高潮里不住抽搐颤动。
1034,action_part_a_orgasm_normal_B,0,CVP_A2_T|102_E_1&CVP_A2_A|5_G_6,随着高潮汹涌而至，尚未发育的幼女{TargetName}那稚嫩身躯猛然绷紧颤抖，{anal}强烈而有节奏地痉挛绞缩起来，稚嫩紧致的括约肌一波接一波反复收紧翕张，一圈圈向内深深绞拢吸吮。\n幼小平坦的小腹随着这剧烈的收缩节律反复向内抽搐凹陷，那片圆嫩稚气的腹肤一下下绷紧又颤动，细密的抽动一路蔓延至纤细娇小的腰肢。\n两条幼童般圆润的短嫩小腿绷得笔直又向内紧夹，稚嫩柔滑的腿肉一阵阵颤抖绷紧，小脚趾用力蜷曲扣紧，圆嫩的脚踝也随之绷出稚嫩的线条。\n伴着{anal}一下下深沉有力的绞缩翻绞，较为明显的肠液缓缓自穴口渗涌溢出，顺着幼女那细滑挺翘的小股沟一路淌落，在娇嫩饱满的稚嫩肌肤上留下湿亮的痕迹。\n单薄柔嫩的小腰身高高弓起后又缓缓落下，幼小的双手攥成小拳，急促失序的喘息让稚嫩胸口剧烈起伏，整具娇小稚嫩的身躯在这场完整绝顶中颤栗抽搐不止。

1035,action_part_a_orgasm_normal_B,0,CVP_A2_T|103_E_1&CVP_A2_A|5_G_6,幼小的{TargetName}娇躯毫无预兆地剧烈弹动了一下，{anal}猛地强烈而有节奏地痉挛收缩起来，稚嫩的括约肌一圈圈反复翕张绞紧，一下一下地向内深深绞缩。\n单薄的小腹随着这阵收缩反复地向内抽搐，稚嫩的肚皮不受控制地起伏鼓动，纤细的腰肢明显地向上弓起了一道弧线，随后又颤巍巍地软落下去。\n细若嫩藕的双腿本能地绷得笔直，小小的膝盖因用力而剧烈打颤，稚气的脚趾死死向内蜷曲扣紧，脚踝处紧绷出一道细嫩的线条。\n伴随着{anal}那一波接一波的绞紧翕动，一股温热的肠液较为明显地从穴口溢出，顺着幼嫩的臀缝缓缓淌下，在稚嫩的肌肤上洇出湿润的痕迹。\n娇小的身躯从头到脚被一阵不受控制的颤抖笼罩，急促而失序的喘息接连不断，直到{anal}的痉挛渐渐平息，幼小的躯体才在余波中慢慢瘫软下来。
1036,action_part_a_orgasm_normal_B,0,CVP_A2_T|103_E_1&CVP_A2_A|5_G_6,纤细娇小的{TargetName}身子骤然绷紧，{anal}毫无征兆地发出一连串强烈而规律的痉挛，稚嫩的括约肌一开一合地反复绞紧翕张，将穴口一下下地向内深深吸缩。\n刚开始发育的小腹随着收缩节奏一阵阵地凹陷抽搐，嫩滑的腹部肌肤剧烈地起伏鼓动，幼细的腰身高高地弓起，脊背绷成一道紧张的弧线。\n两条青涩的细腿死死向内并拢又剧烈发颤，稚嫩的脚背反射性地向下绷直，小巧的脚趾一根根蜷曲扣拢，纤细的手指也无意识地收拢攥成小小的拳。\n随着{anal}反复不停的绞缩翕动，黏腻温热的肠液较为明显地渗涌而出，沿着幼嫩的腿根内侧缓缓流淌，在细白的肌肤上留下一道湿亮的痕迹。\n幼小娇躯在这阵完整而剧烈的高潮中不住地颤栗，急促紊乱的呼吸夹着轻颤，直到痉挛的余波散尽，稚嫩的身体才一点点松弛平复。
1037,action_part_a_orgasm_normal_B,0,CVP_A2_T|103_E_1&CVP_A2_A|5_G_6,{TargetName}幼小的娇躯猛然一僵，{anal}紧接着强烈地痉挛抽搐起来，稚嫩的括约肌一圈圈剧烈地翕张绞紧，穴口有节奏地反复向内深深绞缩收拢。\n单薄稚气的小腹随着这波收缩不停地向内抽紧，嫩白的肚皮剧烈地颤动起伏，纤细的腰肢反复地弓起又软落，娇小的臀肉也跟着一下下地绷紧收缩。\n细嫩的双腿绷得死直并剧烈打颤，小小的膝盖抖个不停，稚嫩的脚趾向内深深蜷缩扣紧，脚踝绷出紧张的细线，纤瘦的手臂也随之绷紧发颤。\n伴着{anal}一波波的绞缩翕动，温热的肠液比先前更明显地从穴口溢淌而出，顺着幼嫩的股缝蜿蜒淌落，在稚嫩细腻的肌肤上洇开一片湿润。\n幼小的身躯在这场完整的绝顶里从头颤到脚，急促失序的喘息一声接着一声，待到{anal}的抽搐彻底缓和，娇小的躯体才在余韵中缓缓瘫软。
1038,action_part_a_orgasm_normal_B,0,CVP_A2_T|103_E_1&CVP_A2_A|5_G_6,娇小稚嫩的{TargetName}浑身猛地一颤，{anal}随即爆发出一阵强烈而有节律的痉挛收缩，幼嫩的括约肌反复地翕张绞紧，一下一下地将穴口向内绞吸得死紧。\n才刚发育的小腹配合着收缩节奏反复地向内抽搐凹陷，嫩滑的腹部肌肤不受控制地鼓动起伏，稚气的腰身高高弓起后又颤巍巍地塌落。\n纤细的双腿本能地夹紧又绷直，稚嫩的膝盖相互磕碰着发颤，小巧的脚尖向下绷直，脚趾一根根向内勾扣蜷曲，细嫩的十指也攥得紧紧发白。\n随着{anal}不住地绞缩翕动，一缕温热黏滑的肠液较为明显地自穴口渗出，缓缓顺着幼嫩的大腿内侧淌下，在细白娇嫩的皮肤上留下湿润的痕迹。\n幼小的娇躯在这阵剧烈的颤栗中反复抽搐，短促而紊乱的喘息接连溢出，直到{anal}的痉挛慢慢趋于平息，稚嫩的身子才在余波里一寸寸软化下来。
1039,action_part_a_orgasm_normal_B,0,CVP_A2_T|103_E_1&CVP_A2_A|5_G_6,{TargetName}幼小的身躯毫无防备地弹动了一下，{anal}猛地强烈痉挛起来，稚嫩的括约肌一圈接一圈地反复绞紧翕张，穴口有节奏地向内深深收缩吸吮。\n单薄的小腹随着这波收缩一下下地向内抽紧，幼嫩的肚皮剧烈地颤动鼓起，纤细的腰肢明显地向上弓成弧线，随后又不受控制地软软落回。\n两条稚嫩的细腿绷得笔直而剧烈发抖，小小的膝盖并拢着颤个不停，脚背反射性地绷直，稚气的脚趾深深向内蜷曲扣紧，细弱的手指也蜷起攥成小拳。\n伴随{anal}那一阵阵的绞缩翕动，温热的肠液明显地从穴口溢出淌落，沿着幼嫩的臀缝与腿根缓缓流下，在稚嫩的肌肤上洇出一小片亮晶晶的湿痕。\n娇小的躯体在这场完整绝顶中从头到脚地颤抖抽搐，急促失序的喘息断断续续，直到{anal}的收缩渐渐平缓，幼小的身子才在余韵中慢慢松弛瘫软。

1040,action_part_a_orgasm_normal_B,0,CVP_A2_T|104_E_1&CVP_A2_A|5_G_6,青春靓丽的{TargetName}娇嫩的身躯猛然剧烈地绷紧起来，{anal}强烈而有节奏地痉挛收缩，一圈稚嫩的括约肌反复翕张绞紧，那圈充满青春活力的软肉以明显的幅度一开一合地抽搐着，绞缩的动作又快又密。\n少女纤细紧实的腰肢高高弓起，绷成一道紧张的弧线，随即又猛地塌落下去，青春的小腹随着{anal}的收缩节奏反复向内抽搐，光滑平坦的腹肌一下下痉挛起伏。\n两条匀称修长的嫩腿本能地绷得笔直，脚尖用力向下绷紧，脚趾蜷缩着紧紧扣拢，纤细的脚踝处绷起一道道紧张的线条，双腿的肌肉不受控制地一阵阵剧烈颤抖。\n伴着{anal}一次次强烈的绞缩，一缕黏腻温热的肠液较为明显地从穴口溢出，顺着饱满圆翘的臀缝缓缓淌下，在细嫩的臀肉上留下一道湿润的痕迹。\n少女的呼吸骤然变得急促而失序，青春的胸膛剧烈起伏，纤细的十指死死攥紧，指节因用力而泛白，整副青春的娇躯在这场完整的绝顶里反复颤栗抽搐，好一阵才渐渐平息。
1041,action_part_a_orgasm_normal_B,0,CVP_A2_T|104_E_1&CVP_A2_A|5_G_6,{TargetName}正值花季的紧致身子毫无预兆地猛地一挺，{anal}立刻剧烈地绞缩起来，敏感的括约肌一下下用力翕合，收得又紧又急，那圈嫩红的软肉以极大的幅度飞快地开合痉挛。\n青春的腰身猛地向上弓成一道深弧，紧接着又软软地砸落，紧实平坦的小腹跟着{anal}的节律反复凹陷抽紧，一层薄薄的腹肌不停地抖动起伏。\n两条青涩修长的腿绷直后又剧烈打颤，膝盖不住地哆嗦，光洁的大腿内侧一阵阵抽搐，脚背反射性地向下压绷，脚趾用力蜷成一团。\n{anal}每一次高频的绞紧都逼出更多温热黏滑的肠液，明显地从穴口涌淌而出，顺着青春紧翘的臀瓣蜿蜒淌落，濡湿了一片细腻的嫩肉。\n少女的胸口随着零乱急促的喘息大幅起伏，白皙的颈项与脸颊迅速泛起潮红，纤细的手臂绷紧发颤，五指攥得死紧，整个花季的娇躯在一波接一波的绞缩抽搐中完整地绝顶着，久久无法自控。
1042,action_part_a_orgasm_normal_B,0,CVP_A2_T|104_E_1&CVP_A2_A|5_G_6,花样年华的{TargetName}青春的躯体骤然一僵，随即剧烈地颤动开来，{anal}一波强过一波地痉挛收缩，稚嫩的括约肌反复地绞紧又松开，那圈鲜嫩的穴口以明显可见的幅度急促地翕张搐动。\n少女柔韧的腰肢重重地向上弓起，绷成紧张的弓形，紧实的臀肉随之向内猛地收夹，青春的下腹一下下深深凹陷抽搐，平坦的小腹肌肉密集地痉挛跳动。\n两条纤长的嫩腿绷得笔直又不住颤抖，脚踝绷紧，脚趾蜷曲扣紧，膝头因为用力而微微打战，整条腿从根到尖都笼在细密的抖动里。\n随着{anal}一轮轮强烈的绞缩，较为明显的肠液温热黏腻地自穴口溢流而出，顺着圆润紧翘的臀缝一路淌下，在青春细嫩的肌肤上留下亮晶晶的湿痕。\n少女急促紊乱的呼吸一声接一声，青涩的胸脯剧烈起伏，纤细的手指死死抓紧，指节泛白发颤，整副青春洋溢的娇躯在这场完整而剧烈的高潮中反复痉挛绷紧，迟迟不能平复。
1043,action_part_a_orgasm_normal_B,0,CVP_A2_T|104_E_1&CVP_A2_A|5_G_6,{TargetName}青春的娇躯毫无征兆地猛烈弹动了一下，{anal}便强烈而密集地痉挛绞缩起来，一圈娇嫩的括约肌一下下用力收紧又翕开，那圈嫩滑的软肉以极其明显的幅度飞快地一收一放。\n少女紧致的腰身高高弓起后又骤然塌软，青春平坦的小腹随着{anal}的节奏反复向内抽紧，细嫩的腹肌一阵阵剧烈地颤搐起伏，连纤细的腰肢也不停地打颤。\n两条修长紧实的嫩腿本能地绷成笔直，随即剧烈发抖，脚尖死死向下绷绞，脚趾蜷缩成团，纤细脚踝绷起紧绷的筋线，膝盖也止不住地哆嗦。\n{anal}一次次高强度的绞缩把温热的肠液一股股较明显地挤淌出来，顺着青春饱满的臀沟缓缓流淌，在紧翘细嫩的臀肉上洇开一片湿意。\n少女的呼吸乱成一片急促的喘息，青春的胸脯大幅耸动，白净的面颊迅速漫上潮红，纤细的双手攥得死紧，指节泛白，整副青春的身子在一波波完整的绝顶痉挛中反复绷紧又颤栗。
1044,action_part_a_orgasm_normal_B,0,CVP_A2_T|104_E_1&CVP_A2_A|5_G_6,青春稚气未脱的{TargetName}娇小紧实的身躯陡然剧烈地一颤，{anal}随即强烈而有节律地痉挛收缩，一圈鲜嫩的括约肌反复用力绞紧翕张，那圈青涩的软肉以明显的幅度一下下急促地开合抽搐。\n少女苗条的腰肢猛地向上弓成一道紧绷的弧线，紧接着又无力地软落，青春的下腹随着{anal}的收缩一次次深深凹陷抽搐，平坦细嫩的小腹肌肉密集地颤跳。\n两条青葱般修长的腿绷得笔直而剧烈发颤，膝盖相互靠拢着哆嗦，光洁的大腿一阵阵抽紧，脚背向下绷直，脚趾用力向内蜷扣成一团。\n伴着{anal}一轮又一轮的强烈绞缩，温热黏腻的肠液较为明显地自穴口涌溢而出，顺着青春圆翘的臀缝缓缓淌落，濡湿了一片细腻紧致的嫩肉。\n少女的呼吸急促而紊乱，青涩饱满的胸口剧烈起伏，纤细的手指死死掐紧攥成拳，指节因用力而泛白发颤，整副洋溢着青春气息的娇躯在这场完整的绝顶里反复痉挛绷紧，好久才慢慢缓和下来。

1045,action_part_a_orgasm_normal_B,0,CVP_A2_T|105_E_1&CVP_A2_A|5_G_6,成熟丰盈的{TargetName}娇躯猛地绷紧，{anal}骤然剧烈而有节奏地痉挛收缩起来，一圈括约肌反复地翕张绞紧，一收一放间挤压出连绵的抽搐。\n她饱满圆润的腰肢高高弓起，脊背绷成一道紧张的弧线，成熟修长的双腿一齐绷直又微微发颤，脚趾用力向内蜷曲扣拢，脚踝处的肌肉线条紧紧绷起。\n丰腴圆翘的臀肉随着{anal}的收缩节奏一下下猛地夹紧又松开，光洁的小腹反复地向内抽搐凹陷，腹部那片柔软肌肤不受控制地起伏颤动。\n伴随着一阵阵密集的绞缩，温热黏腻的肠液较明显地从{anal}边缘溢淌出来，顺着丰腴的腿根内侧缓缓流下，在成熟的肌肤上留下一道湿亮的痕迹。\n她的呼吸骤然急促而失序，丰满的胸膛剧烈起伏，成熟的面庞漫开一层深重潮红，眼神微微涣散失焦，却仍带着一丝未褪尽的腼腆青涩，四肢在这场完整的高潮里止不住地轻轻颤抖。
1046,action_part_a_orgasm_normal_B,0,CVP_A2_T|105_E_1&CVP_A2_A|5_G_6,{TargetName}成熟的身子在这一瞬彻底失去了从容，{anal}一阵紧似一阵地抽搐绞缩，括约肌不受控制地反复收拢又张开，一圈圈地向内深深绞紧。\n她的腰部猛然弓起离开原处，随后又重重塌落，如此反复了好几次，成熟饱满的大腿绷得笔直，膝盖微微打颤，脚尖死死向下绷直。\n圆润紧实的臀部随着每一下痉挛骤然收夹，小腹一抽一抽地凹陷抽搐，光滑的腹肌连成一片细密的颤动，连丰满的胸口也随着急促的喘息大幅耸动。\n随着{anal}一波接一波的绞缩，黏稠的肠液明显地渗涌而出，一缕缕顺着股缝滑落，沾湿了大腿内侧成熟温润的肌肤，留下湿漉漉的水光。\n她成熟的面容此刻带着几分失神，唇瓣微微张开急促地喘着气，眉心轻蹙，那份想要维持成熟姿态却被高潮冲得露出青涩慌乱的模样，令四肢都跟着一阵阵绷紧又发软。
1047,action_part_a_orgasm_normal_B,0,CVP_A2_T|105_E_1&CVP_A2_A|5_G_6,一阵剧烈的绞紧毫无预兆地攫住了{TargetName}成熟的躯体，{anal}以强烈而规律的频率痉挛收缩，肠壁一圈圈地向内翕合，括约肌反复地绞拢又松弛。\n她丰盈的腰肢不由自主地向上顶起，脊柱绷成紧张的弓形，成熟修长的四肢先是猛地绷紧，继而止不住地细细颤抖，脚趾蜷缩得死紧。\n浑圆丰满的臀瓣随着{anal}的抽搐一下下收缩发硬，平坦的小腹反复地向内抽搐塌陷，腹部肌肤连成一片不受控制的痉挛起伏。\n伴着密集的绞缩节奏，温热的肠液较为明显地自{anal}处溢出流淌，缓缓淌过丰腴的腿根，将成熟细腻的肌肤浸出一片湿意。\n她的呼吸急促得几乎跟不上节拍，丰满的胸脯剧烈起伏，成熟的脸颊烧起深红，眼角沁出细小的泪光，眼神开始涣散模糊，那副既想端着成熟从容又被冲得流露青涩的神情，让整副身躯都在完整的高潮浪潮里颤个不停。
1048,action_part_a_orgasm_normal_B,0,CVP_A2_T|105_E_1&CVP_A2_A|5_G_6,{TargetName}丰满成熟的身躯骤然一僵，紧接着{anal}便剧烈地痉挛起来，一收一缩地绞紧翕张，括约肌一圈圈地深陷收拢，抽搐得连绵不绝。\n她的腰身猛地弓起一道深深的弧度，随即又软软地塌下去，反复起伏了数次，两条成熟丰腴的长腿绷直发颤，脚背向下紧绷，脚趾用力抠拢。\n圆翘饱满的臀肌随着每一阵绞缩骤然夹紧，成熟的小腹一下下向内抽动凹陷，腹部柔软的肌肉连成细密的痉挛，微微鼓动又收紧。\n随着{anal}反复的深深绞缩，黏腻的肠液明显地一股股溢淌而出，顺着丰润的腿缝蜿蜒滑下，把成熟温软的大腿内侧浸得湿亮一片。\n急促紊乱的呼吸从她微张的唇间逸出，丰盈的胸膛大幅耸动，成熟的面庞泛起潮红，眉眼间浮现一丝失神，那种成熟风韵中透出的青涩慌乱交织在一起，令她四肢都随着高潮的余波一阵阵绷紧又颤抖。
1049,action_part_a_orgasm_normal_B,0,CVP_A2_T|105_E_1&CVP_A2_A|5_G_6,高潮的浪头彻底攫住了{TargetName}成熟的娇躯，{anal}强烈而有节奏地一下下痉挛绞紧，括约肌反复地翕张收拢，一圈圈向内绞缩得密不透风。\n她丰满的腰肢高高弓离，脊背绷成一道紧绷的弧线，随后又缓缓瘫软下去，成熟修长的双腿绷得笔直，膝头微颤，脚趾蜷曲扣紧。\n她圆润丰腴的臀肉随{anal}的收缩一阵阵夹紧发硬，光洁的小腹反复地向内抽搐收缩，腹部的肌肤连成一片颤动的涟漪，起起伏伏。\n伴着一波波绵密的绞缩，温热的肠液较明显地从{anal}边缘溢流出来，缓缓滑过成熟丰腴的腿根内侧，留下一道蜿蜒的湿痕。\n她的呼吸急促而凌乱，丰满的胸口剧烈起伏，成熟的脸颊烧得通红，眼神微微失焦涣散，唇瓣轻颤地张合着，那份想维持成熟从容却被冲得青涩外露的模样，让四肢在这完整而剧烈的高潮中不停地绷紧又颤栗。

1050,action_part_a_orgasm_normal_B,0,CVP_A2_T|106_E_1&CVP_A2_A|5_G_6,成熟丰盈的{TargetName}腰身骤然剧烈地向上弓挺起来，{anal}强烈而有节奏地痉挛收缩，紧致的括约肌反复地翕张绞紧，一圈圈地向内绞拢又松开，节律分明地密集抽搐个不停。\n她丰腴修长的双腿骤然绷得笔直，圆润饱满的大腿肌肉一阵阵地紧绷颤抖，脚趾无法自控地向内蜷曲扣紧，脚踝处成熟的肌肉线条一根根凸起绷紧。\n成熟温软的小腹随着{anal}的收缩节奏反复地向内深深抽搐，丰盈的腹肌一下下地起伏抽动，圆翘丰满的臀肉也跟着一阵阵地夹紧又松开。\n伴随着{anal}那一波波强烈有力的绞缩，温热黏腻的肠液较为明显地从深处溢淌流出，顺着丰腴的臀缝缓缓渗淌而下，将成熟的肌肤浸出一片湿润的痕迹。\n她成熟的胸膛随着急促失序的喘息大幅起伏，丰润的面庞上漫开一片深重的潮红，眉头紧蹙，双眼微微失焦，成熟的躯体在不受控制的颤抖中反复痉挛了好一阵才渐渐平复。
1051,action_part_a_orgasm_normal_B,0,CVP_A2_T|106_E_1&CVP_A2_A|5_G_6,敏感至极的{TargetName}成熟娇躯毫无预兆地剧烈颤栗起来，{anal}猛地发出一连串强烈而规律的痉挛收缩，敏感的肠壁一波接一波地绞紧蠕动，括约肌急促地翕合翻搅个不停。\n她丰腴的腰肢深深地向上弓起一道弧线，成熟圆润的臀部高高抬离又向内狠狠一夹，饱满的臀肉随着{anal}的抽搐节奏反复地收缩颤动。\n两条丰满的大腿绷紧后又不住地打颤，膝盖微微弯折着相互挤靠，脚趾死死地向内抠蜷，成熟的足背绷成一道紧张的弧度。\n随着{anal}一下下有力的绞缩翕张，较为明显的温热肠液自敏感的深处涌淌而出，蜿蜒着流过丰腴的股缝，在成熟细腻的肌肤上留下一道湿亮的痕迹。\n她的呼吸彻底乱作一团，急促的喘息一声接一声，丰满的胸脯剧烈起伏，成熟的面容上泛起潮红与薄汗，双手无意识地攥紧收拢，整副丰盈的躯体在阵阵抽搐中反复痉挛。
1052,action_part_a_orgasm_normal_B,0,CVP_A2_T|106_E_1&CVP_A2_A|5_G_6,{TargetName}成熟饱满的身躯陡然向内蜷缩绷紧，{anal}强烈地一阵阵痉挛绞缩，敏感的肠道深处规律地翕动收紧，紧致的括约肌反复地绞拢又翻张，密集而有力地抽搐着。\n她丰腴的腰腹猛地弓起，成熟温软的小腹随着{anal}的收缩节律一下下地深深抽搐凹陷，圆润的肚皮不受控制地起伏颤动。\n丰满修长的双腿骤然绷直又剧烈颤抖，圆腻的腿肉一波波地紧绷抽搐，脚趾用力向内蜷曲，成熟的脚踝绷起了细密的肌肉纹路。\n伴着{anal}那连绵有节奏的绞缩，明显的温热肠液从敏感的深处溢淌而出，顺着丰腴圆翘的臀肉缓缓淌落，将成熟的肌肤浸湿成一片。\n她成熟的面颊涨得通红，眉头深锁，双眼微微涣散失神，急促失序的呼吸使丰盈的胸膛剧烈起伏，成熟的手指蜷缩攥紧，整个丰腴的躯体在剧烈的痉挛颤抖中久久无法平息。
1053,action_part_a_orgasm_normal_B,0,CVP_A2_T|106_E_1&CVP_A2_A|5_G_6,骤然被强烈快感攫住的{TargetName}成熟躯体剧烈地弹动了一下，{anal}紧接着发出强而有力的规律痉挛，敏感的肠壁一圈圈地绞缩蠕动，括约肌急速地翕张翻搅，一下下地绞紧又松开。\n她成熟丰腴的腰身高高弓挺起来，圆润饱满的臀部向内深深一夹，丰满的臀肉随着{anal}的抽搐节奏反复地收紧颤抖，脊背绷成一道紧张的弧线。\n两条丰满的美腿绷得笔直又不住地颤栗，成熟圆腻的大腿内侧肌肉一阵阵地紧绷抽动，脚趾狠狠地向内抠蜷，脚踝处凸起绷紧。\n随着{anal}一波波强烈的绞缩翕合，较为明显的温热肠液自深处汩汩溢淌而出，沿着丰腴的股沟缓缓渗流，在成熟细腻的肌肤上晕开一片湿痕。\n她的喘息急促而紊乱，丰盈的胸膛起伏不定，成熟的面庞潮红失神，眉眼间尽是难以自控的痉挛之态，整副成熟丰满的身躯在一波波抽搐中反复颤动良久才缓缓松弛。
1054,action_part_a_orgasm_normal_B,0,CVP_A2_T|106_E_1&CVP_A2_A|5_G_6,{TargetName}丰盈成熟的娇躯猛地一僵，随即剧烈地颤动起来，{anal}强烈而富有节奏地痉挛收缩，敏感异常的肠道深处一波波地绞紧翕动，紧致的括约肌不受控制地反复绞拢翻张。\n她成熟的腰肢深深地向上弓起，丰腴圆翘的臀部高高绷起又向内狠夹，饱满的臀肉一下下地随着{anal}的节律紧缩颤抖。\n丰满修长的双腿骤然绷直，成熟圆润的腿肉一阵阵痉挛发颤，膝盖相互夹紧，脚趾向内蜷曲扣拢，成熟的足弓绷成紧张的弧度。\n成熟温软的小腹随着{anal}的收缩反复深深抽搐，伴着一波波有力的绞缩，明显的温热肠液从敏感的深处溢淌流出，顺着丰腴的臀缝缓缓渗淌，将成熟的肌肤浸润出湿亮的痕迹。\n她急促失序地喘息着，丰满的胸脯剧烈起伏，成熟的面容上潮红弥漫、双眼失焦，眉头紧蹙，双手攥紧收拢，整副丰盈的躯体在连续不断的抽搐痉挛中久久震颤，才一点点归于平静。

1055,action_part_a_orgasm_normal_B,0,CVP_A2_T|103_E_1&CVP_A2_A|5_LE_3,尚在发育的{TargetName}纤细娇躯猛地绷成一条紧弦，{anal}强烈而有节奏地痉挛收缩起来，稚嫩的括约肌一圈圈翕张绞紧，反复地收拢又松开。\n初现少女轮廓的小腹随着这阵抽搐一下下地向内深深瘪陷，嫩滑的肚皮被牵动得剧烈起伏颤动。\n两条初显苗条的细腿本能地绷得笔直，稚气未褪的膝盖因为过度用力而颤巍巍地并拢打颤，纤薄的脚背向后反绷，脚趾一根根蜷缩勾紧。\n刚开始发育的腰肢明显地向上弓起了一道弧线，单薄的脊背离开原处高高挺立，随后又随着一波波收缩软软塌落回去。\n伴着{anal}那连串绞缩的节律，一缕缕温热的肠液较为明显地从穴口溢淌出来，顺着稚嫩的臀缝与初展曲线的大腿内侧缓缓向下流淌，沾湿了一小片嫩白的皮肤。\n她纤细的手指死死攥拢成拳，指节因用力泛出青白，急促而失序的呼吸从半张的小嘴里断断续续地喷出，整具娇躯在这场完整的绝顶里剧烈地颤抖着，直到{anal}的痉挛渐渐平息才慢慢松软下来。
1056,action_part_a_orgasm_normal_B,0,CVP_A2_T|103_E_1&CVP_A2_A|5_LE_3,一阵猛烈的战栗骤然袭过，娇小的{TargetName}整个初显少女感的身子弓成了紧绷的弧形，{anal}猛地收紧，随即强烈而规律地痉挛抽搐，稚嫩的括约肌一下下地绞紧又松开。\n她纤细的腰身高高弓起，初现曲线的小腹反复地向内瘪缩抽动，柔嫩的腹肌一阵阵地绷紧又颤抖，圆润小巧的臀瓣跟着收缩的节奏用力地夹紧。\n两条刚刚抽条的细腿绷得笔直而僵硬，稚气的脚趾用力向内蜷成一团，纤薄的脚背反射性地向下绷直，纤弱的膝盖不受控制地颤抖着相互抵紧。\n随着{anal}一波接一波的绞缩，温热黏腻的肠液较为明显地从翕张的穴口渗流而出，沿着娇小的股缝蜿蜒淌落，在初现柔嫩的大腿内侧留下一道湿润的痕迹。\n她的呼吸变得急促而紊乱，尚在发育的胸口一起一伏地剧烈喘动，一双小手无意识地攥成了拳，稚气中透着几分少女味的面庞上泛起潮红并微微失神，直至{anal}的抽搐彻底缓和，那副娇小的躯体才慢慢瘫软平复。
1057,action_part_a_orgasm_normal_B,0,CVP_A2_T|103_E_1&CVP_A2_A|5_LE_3,身量尚小的{TargetName}忽然浑身一僵，紧接着{anal}便强烈而有节律地痉挛绞缩起来，稚嫩的括约肌反复地翕张收拢，一圈圈地绞紧又骤然松弛。\n她那初露少女轮廓的小腹随着收缩的节拍反复深深地向内抽陷，嫩白的腹肌不受控制地一阵阵抽搐颤动，圆嫩的肚皮被牵动得起伏不定。\n初显纤长的双腿骤然绷紧夹拢，稚气的膝盖颤抖着相互抵靠，脚趾用力向内扣曲蜷成一团，纤细的脚踝也随之绷起细嫩的线条。\n单薄的脊背明显地弓成一道弧度，尚显稚嫩的腰肢向上高高挺起又缓缓落回，纤细的手臂绷得僵直，小手攥紧成拳，指节泛出浅浅的青白。\n随着{anal}那连绵有力的绞缩，一股温热的肠液较为明显地自穴口溢流而出，沿着稚嫩的臀缝缓缓向下渗淌，浸润了一小片嫩滑的肌肤。\n她急促失序的呼吸让初发育的胸口大幅起伏，稚气的小脸涨得通红，整具正在抽条的娇躯在这场完整的高潮里止不住地颤栗，直到{anal}的痉挛平复才慢慢舒展开来。
1058,action_part_a_orgasm_normal_B,0,CVP_A2_T|103_E_1&CVP_A2_A|5_LE_3,还带着几分孩子气的{TargetName}娇躯猛地一颤，{anal}随即陷入强烈而规律的痉挛，稚嫩的括约肌一下下地用力绞紧，翕张收缩的幅度明显大过寻常的轻颤。\n她初现少女弧度的腰身向上弓起一道明显的弯，稚嫩的小腹配合着收缩的节奏反复向内抽瘪，柔嫩的腹肌绷得紧紧的又一阵阵松颤。\n两条纤细修长的小腿绷直发僵，稚气的膝头颤颤地并拢在一处，脚背反射性地向下绷成一条直线，纤细的脚趾一根根用力向内勾蜷。\n伴随{anal}反复的翕张绞缩，温热的肠液较为明显地从收缩的穴口一缕缕溢出，顺着娇小的股沟蜿蜒淌下，在初显柔美的大腿内侧留下一道晶亮的湿痕。\n她那双初褪稚嫩的小手死死抓拢攥成拳，指节因用力而发白，急促紊乱的喘息从微张的唇间断续溢出，尚显单薄的胸膛剧烈地一起一伏，整个初长成的娇躯在这场绝顶里剧烈颤抖，直至{anal}的收缩渐次平息方才软软松落。
1059,action_part_a_orgasm_normal_B,0,CVP_A2_T|103_E_1&CVP_A2_A|5_LE_3,青涩娇小的{TargetName}身子骤然绷成一张满弓，{anal}强烈而有节奏地痉挛收紧，稚嫩的括约肌一波波地绞缩翕张，规律地开合抽动个不停。\n她刚显少女曲线的腰肢明显地向上挺起，初露轮廓的小腹随着痉挛的频率反复深深内陷，嫩滑的腹肌不受控制地抽搐颤栗，圆嫩的肚皮跟着一下下起伏。\n两条初抽条的细腿本能地并拢绷直，纤弱的膝盖颤巍巍地相互贴紧，脚趾骤然向内蜷缩扣紧，稚嫩的脚踝也一同绷起细细的肌肉线条。\n单薄的背脊高高弓离，随后又随着{anal}一阵阵的绞缩缓缓塌软回落，纤细的手指下意识地收拢攥成小拳，指节泛出淡淡青白。\n随着{anal}持续而有力的收缩，温热黏腻的肠液较为明显地从翕张的穴口溢流而下，顺着稚气犹存的臀缝缓缓淌落，在初现柔嫩的腿根内侧留下一道湿润的痕迹。\n她急促失序的呼吸让初发育的胸口不住起伏，稚嫩的面庞涨红并微微失神，整具正在长成的娇躯在这场完整的高潮中剧烈地颤动，直到{anal}的痉挛彻底缓和才慢慢平复下来。
1060,action_part_a_orgasm_normal_B,0,CVP_A2_T|107_E_1&CVP_A2_A|5_G_6,已为人妻的{TargetName}成熟丰盈的身躯猛然剧烈地弓挺起来，{anal}强烈而有节奏地痉挛收缩，一圈括约肌反复翕张绞紧，随着每一下抽搐深深地向内吸吮又骤然缩拢。\n丰腴饱满的双腿本能地绷直又向内夹拢，成熟圆润的大腿内侧肌肤紧紧贴合挤压，脚趾用力向内蜷曲扣拢，脚踝处绷起细腻的筋络，两条腿在痉挛中不受控制地微微颤抖。\n丰润圆翘的臀肉一下下地收紧又松开，配合着{anal}的收缩节律深深内陷，一缕温热黏腻的肠液较为明显地从{anal}边缘溢淌而出，顺着丰腴的股缝缓缓流下，在成熟的肌肤上拖出一道湿亮的痕迹。\n成熟流畅的腰肢高高弓起一道深弧，小腹那片柔软丰腴的肌肉反复地抽搐收缩，丰满的胸脯随着急促失序的呼吸大幅起伏，纤长的手指痉挛似地收拢攥成了拳，指节因用力而根根泛白。\n成熟的面庞上迅速漫开一片深浓的潮红，眼角沁出细密的水光，丰润的双唇微微张开无声地颤动，整副丰盈成熟的躯体在这场完整而剧烈的高潮里一波波地绷紧又抽搐。
1061,action_part_a_orgasm_normal_B,0,CVP_A2_T|107_E_1&CVP_A2_A|5_G_6,人妻{TargetName}成熟的娇躯只是被浅浅地一撩便骤然剧烈地绷紧，敏感至极的{anal}立刻强烈而急促地痉挛起来，一圈软肉有节奏地绞缩翕张，一下比一下更深地向内吸吮咬合。\n丰满圆润的臀部剧烈地一收一放，成熟丰腴的腰肢深深地向上弓成一道弧线，随即又猛地软塌下去，如此反复地弓起又落回，小腹处那片温软丰盈的肌肉不受控制地一阵阵抽搐收紧。\n两条成熟修长的美腿本能地大幅绷直，脚背向下猛地绷直，脚趾痉挛似地向内深深蜷曲，大腿内侧丰腴的肌肉一阵阵地颤栗紧绷，膝盖颤抖着相互靠拢又分开。\n伴着{anal}那一轮轮强烈的绞缩，明显增多的温热肠液顺着敏感的穴口断续地溢流而出，沿着丰润的股沟蜿蜒滑落，在成熟细腻的肌肤上浸出一片湿润的亮泽。\n呼吸在剧烈的颤抖中彻底乱了节拍，成熟的胸膛急促地大起大伏，绯红漫上了脸颊与颈项，双手痉挛地攥紧又松开，整副丰熟的躯体在完整的高潮浪潮中反复地绷紧、颤栗、又抽搐。
1062,action_part_a_orgasm_normal_B,0,CVP_A2_T|107_E_1&CVP_A2_A|5_G_6,身为人妻的{TargetName}丰熟身躯陡然剧烈地一震，极其敏感的{anal}立时强烈地收缩绞紧，环状的括约肌一圈圈有节奏地翕合抽搐，深深地内吸又骤然缩拢，反应剧烈得远超寻常。\n成熟丰腴的腰身高高弓挺起来，脊背绷成一道深深的弧线，随后随着{anal}一轮轮的痉挛缓缓落下又再度弓起，丰满圆翘的臀瓣紧随节律一下下地深陷内收。\n两条丰润饱满的长腿绷得笔直又向内并拢挤压，大腿内侧成熟温软的肌肤紧紧相贴，脚趾用力地向内抠蜷，整条腿从根到趾都笼罩在一阵阵不受控的细密颤抖里。\n随着{anal}强而有力的绞缩节律，较为明显的温热肠液一缕缕地自穴口溢淌流出，顺着丰腴的臀缝缓缓滑淌向下，在成熟白皙的肌肤上留下一道道湿亮的痕迹。\n小腹处丰盈柔软的肌肉反复地抽搐痉挛，急促失序的呼吸令成熟的胸脯剧烈起伏，深浓的潮红蔓上面庞，眼角泛起水光，纤指蜷曲攥紧，整副丰熟躯体在这完整剧烈的绝顶中一波接一波地颤栗绷紧。
1063,action_part_a_orgasm_normal_B,0,CVP_A2_T|107_E_1&CVP_A2_A|5_G_6,已是人妻的{TargetName}成熟饱满的身子霎时剧烈地抽搐起来，敏感异常的{anal}强烈而规律地痉挛绞缩，一圈软肉反复地翕张咬合，随着每一下收缩深深地内吸又猛然缩拢，反应之剧烈教人一望便知那处的敏感。\n丰腴圆润的双腿骤然绷直又用力向内夹合，成熟温润的大腿内侧肌肤紧紧贴挤，脚踝绷起紧实的筋络，脚趾深深地向内蜷曲扣紧，两腿在剧烈的痉挛里不住地打颤。\n丰满翘挺的臀肉跟着{anal}的节律一下下地收紧内陷，成熟流畅的腰肢深深弓起，小腹那片丰盈的软肉一阵阵剧烈地抽缩起伏。\n伴着{anal}一轮轮强烈的绞紧，明显可见的温热肠液自敏感的穴缘断续溢出淌下，顺着丰腴的股缝缓缓蜿蜒，将成熟细腻的肌肤浸润出一片湿亮。\n急促而紊乱的呼吸让丰满的胸膛大幅起伏，深重的绯红迅速染满脸颊与脖颈，眼角沁出点点水汽，丰润的双唇无声地翕动颤抖，双手痉挛似地收拢攥成半拳，整副成熟丰盈的躯体在这场完整绝顶里反复地绷紧又颤栗。
1064,action_part_a_orgasm_normal_B,0,CVP_A2_T|107_E_1&CVP_A2_A|5_G_6,人妻{TargetName}丰熟的腰身猝然剧烈地向上弓挺，敏感到极点的{anal}即刻强烈地痉挛收紧，一圈括约肌有节奏地绞缩翕张，一下深过一下地向内吸吮咬合，那处稍受触动便反应得格外剧烈。\n成熟丰腴的双腿大幅地绷直颤抖，随即又向内紧紧夹拢，丰润的大腿内侧肌肤相互挤压贴合，脚尖向下猛地绷直，脚趾痉挛地向内深深蜷缩，腿部的线条一阵阵地紧绷收缩。\n圆润饱满的臀瓣紧随{anal}的节律一收一放地深深内陷，成熟的腰肢反复地弓起又软落，小腹处那片柔软丰盈的肌肤不受控制地一波波抽搐痉挛。\n随着{anal}强烈而绵密的绞缩，较为明显的温热肠液一股股地自穴口溢流淌落，顺着丰腴的臀沟缓缓滑下，在成熟白皙的肌肤上洇开一道湿润的亮痕。\n呼吸急促得彻底失了序，丰满的胸脯剧烈地起伏喘动，浓浓的潮红漫上成熟的面庞，眼角泛起濡湿的水光，十指痉挛着蜷曲攥紧，整副丰盈丰熟的躯体在完整而剧烈的高潮中一次次地绷直、颤栗、又深深抽搐。

1065,action_part_a_orgasm_normal_B,0,CVP_A2_A|5_G_6&target_is_player_daughter,{TargetName}青涩的娇躯毫无预兆地剧烈弓起，{anal}猛地绞紧，随即有节奏地一阵阵痉挛收缩，括约肌反反复复地翕张绞缩，一圈圈用力地箍拢又松开。\n稚嫩的小腹随着那深处的抽搐反复向内缩紧，平坦的肚皮不受控制地一起一伏，两条纤细的少女长腿绷得笔直，脚尖狠狠向下勾绷，脚趾一根根痉挛着蜷缩扣拢。\n纤瘦的腰肢高高弓离原处，背脊绷成一道紧绷的弧线，久久不肯落下，细嫩的十指死死攥紧，指节因为用力而根根泛白，手臂上浮起一层细密的颤栗。\n随着{anal}一波接一波地强烈缩弄，一股温热的肠液较明显地从穴口溢出，顺着夹得紧紧的股缝缓缓淌流，在稚嫩的臀肉上留下一道湿亮的痕迹。\n她的呼吸骤然急促而失序，胸口大幅地起伏喘动，四肢绷紧后又不住地细细颤抖，青嫩的躯体在这一阵完整而剧烈的高潮浪潮里反复抽搐颤栗，好一会儿才随着{anal}收缩的平息而缓缓瘫软下来。
1066,action_part_a_orgasm_normal_B,0,CVP_A2_A|5_G_6&target_is_player_daughter,娇小的{TargetName}身体猛然一僵，紧接着{anal}便一下下强烈地痉挛收紧，穴口的括约肌反复地绞拢又翕张，一阵阵有节奏地箍缩起来。\n少女平坦稚嫩的小腹随着深处的抽动一次次向内抽搐，纤细的腰身猛地向上弓起，脊背离开原处绷成紧绷的弓形，两片嫩白的臀瓣不受控制地夹紧又颤抖。\n两条细直的长腿骤然绷直用力，膝盖微微内扣，脚背向下狠狠绷紧，脚趾痉挛着一根根蜷曲扣拢，小腿肚上的肌肉一下下地抽跳。\n伴随{anal}持续而剧烈的绞缩，较为明显的一缕肠液自穴口溢淌而出，顺着紧夹的股沟蜿蜒滑落，将稚嫩的臀缝浸得湿润发亮。\n她急促紊乱地喘息着，胸膛剧烈起伏，纤细的手指死死抓紧，指尖用力到泛出青白，青涩的躯体在这场完整的高潮里绷紧、抽搐、颤抖，直到{anal}的收缩渐渐缓和才慢慢松弛平复。
1067,action_part_a_orgasm_normal_B,0,CVP_A2_A|5_G_6&target_is_player_daughter,{TargetName}稚嫩的躯体毫无征兆地绷紧起来，{anal}深处骤然掀起一阵强烈而规律的痉挛，环状的括约肌一圈圈用力地收拢绞紧，又倏地翕张开来，如此反复不休。\n少女单薄的胸口急促地起伏喘动，纤细的腰肢一下下痉挛着向上耸弓，光洁平坦的小腹随之反复地向内抽紧，肚脐周围的嫩肉细密地抽搐颤动。\n她的两条长腿绷得笔直，大腿根本能地夹拢并紧，脚踝绷出紧张的线条，一双脚趾无法自控地蜷缩勾扣，连脚心都跟着一阵阵抽搐。\n随着{anal}一波波强烈的收缩绞弄，温热的肠液较为明显地渗流而出，顺着并拢的腿缝缓缓淌落，在细嫩的臀肉与大腿内侧留下一道湿漉漉的亮痕。\n纤细的十指用力抠攥住手边，指节根根泛白，四肢在绷紧之后又不住地细细颤栗，整副青嫩的身躯在这完整剧烈的绝顶浪潮中反复抽动，许久才随着穴口的痉挛止歇而缓缓平静下来。
1068,action_part_a_orgasm_normal_B,0,CVP_A2_A|5_G_6&target_is_player_daughter,娇嫩的{TargetName}忽地全身一颤，纤瘦的躯体骤然向后弓起，{anal}猛然绞成一团，随即一下接一下地强烈痉挛，括约肌反复用力地翕合绞缩，箍紧了又松开。\n她的小腹剧烈地一抽一抽向内缩紧，稚嫩的腰身高高弓离，背脊绷成一张紧绷的弓，两瓣浑圆的嫩臀不由自主地夹紧又颤动个不停。\n两条细长的少女腿绷得又直又紧，膝头微微内并，脚尖用力向下勾绷，脚趾一根根痉挛蜷曲，小腿上的嫩肉随之一跳一跳。\n伴着{anal}一阵接一阵剧烈的缩弄，一道温热的肠液较为明显地从穴口涌溢而出，沿着紧夹的股缝缓缓流淌，将稚嫩的臀沟浸润得湿亮一片。\n她的呼吸急促而凌乱，单薄的胸膛大幅起伏喘动，纤细的手指死死攥紧，指节泛白，四肢绷直后又细细地颤抖不止，青涩的娇躯在这场完整而剧烈的高潮里反复抽搐，好一阵才随{anal}收缩的平息缓缓软落。
1069,action_part_a_orgasm_normal_B,0,CVP_A2_A|5_G_6&target_is_player_daughter,{TargetName}青嫩的身子毫无防备地猛然绷紧，{anal}深处骤然爆发出一阵强烈而有节奏的痉挛收缩，穴口的括约肌一下下地绞拢又翕张，反复用力地箍缩起来。\n少女纤细的腰肢一次次痉挛着向上弓耸，脊背离地绷成紧绷的弧线，光滑平坦的小腹随着深处的抽动反复向内缩紧，嫩白的肚皮不受控制地起伏颤跳。\n她两条修长的细腿骤然绷直，大腿本能地并拢夹紧，脚背向下狠狠绷起，脚趾一根根蜷曲勾扣，连纤细的脚踝都绷出紧张的筋线。\n随着{anal}持续而强烈地一波波绞缩，较为明显的一缕温热肠液自穴口溢流而下，顺着夹紧的腿缝蜿蜒滑落，在稚嫩细嫩的臀肉上洇开一片湿润的水光。\n她急促紊乱地喘着气，单薄的胸口剧烈起伏，纤嫩的十指用力抓攥，指尖泛出青白，四肢绷紧后又阵阵细细颤栗，整副青涩娇小的躯体在这完整剧烈的绝顶中反复抽动颤抖，久久方才随穴口痉挛的止息而缓缓平复下来。
1070,action_part_a_orgasm_normal_B,0,CVP_A2_T|102_E_1&CVP_A2_T|1_E_0&CVP_A2_A|10_LE_3,幼小的{TargetName}娇躯毫无预兆地猛然绷直起来，稚嫩的{anal}开始强烈而有节奏地痉挛收缩，紧致的括约肌一圈圈反复翕张、绞紧，将本就窄小的稚嫩穴口一下下密密地收拢又松开，绞缩的力道比先前明显强了许多。\n小小的腰肢清晰地向上弓起一道弧线，圆嫩的肚皮上那片幼童特有的软肉反复向内抽搐，一起一伏地随着{anal}收缩的节奏剧烈起落。\n细若嫩藕的两条小腿死死地向内绷紧夹拢，稚嫩的膝盖颤巍巍地并贴在一起，纤细的脚尖用力向下绷直，白嫩的脚趾一根根蜷缩着紧紧扣拢。\n伴随着{anal}一次次深深的绞缩，一缕黏腻的肠液较为明显地从紧窄的穴口溢淌而出，顺着幼小的臀缝缓缓向下流淌，将稚嫩的臀肉浸出一道湿痕。\n娇小的身躯不受控制地阵阵剧烈颤抖，急促而失序的呼吸让稚嫩的胸口大幅起伏，稚气的小脸上泛起大片潮红，纤细的手指下意识攥紧，眼神也在这场绝顶里渐渐涣散、模糊了起来。
1071,action_part_a_orgasm_normal_B,0,CVP_A2_T|102_E_1&CVP_A2_T|1_E_0&CVP_A2_A|10_LE_3,纤细娇小的{TargetName}忽然浑身一僵，随即稚嫩的{anal}便强烈地痉挛起来，紧致而未经开发的肠壁一波波有节奏地绞紧收缩，稚嫩的括约肌反复用力翕张，将小小的后穴一下下抽搐着收窄。\n幼小的腰腹猛地向上挺弓，平坦稚嫩的小腹随着每一次绞缩深深地向内凹陷、抽动，柔软的肚皮上肌肉一阵阵紧绷又松弛。\n两条纤细的幼腿无法自控地向内并拢绷直，圆润的小膝盖相互死死抵贴，脚背反射性地向下压绷，稚嫩的脚趾痉挛似的向内蜷曲成一团。\n随着{anal}收缩的节奏，较为明显的肠液自紧窄的穴口一缕缕渗溢而出，沿着幼小圆嫩的臀瓣内侧蜿蜒淌落，在细嫩的皮肤上留下湿润的痕迹。\n稚嫩的娇躯一下下失序地抽颤，小小的胸膛伴着急促紊乱的喘息急剧起伏，稚气的面庞绯红一片，微张的小嘴不受控制地轻颤，涣散的目光透出一丝失神的迷蒙。
1072,action_part_a_orgasm_normal_B,0,CVP_A2_T|102_E_1&CVP_A2_T|1_E_0&CVP_A2_A|10_LE_3,小小的{TargetName}稚嫩身躯毫无防备地骤然绷紧，未曾被开发透彻的{anal}猛烈而规律地痉挛绞缩起来，紧致的肠壁一圈圈收拢，稚嫩的括约肌一张一翕地用力咬合，窄小的穴口被反复吸吮般地抽动着。\n幼嫩的腰肢明显地弓起，圆滚滚的小腹随之向内一收一放地深深抽搐，那片柔软稚气的肚皮起伏得格外剧烈。\n纤细的双腿死死向内夹紧，稚嫩的大腿内侧紧紧贴合，小小的脚掌绷直，脚趾用力向内抠蜷，连细嫩的脚踝都紧绷出浅浅的线条。\n{anal}每一次深深绞紧，都有黏腻的肠液较为明显地从紧窄的穴口溢出，顺着幼小的股缝缓缓滑落，将稚嫩的臀肉浸润得一片湿亮。\n娇小的身子随着绝顶一阵阵不受控制地颤栗，急促失序的呼吸让稚嫩的胸口一下下猛烈起伏，小脸涨得通红，纤嫩的十指紧紧攥握，明亮的双眸也在剧烈的高潮中渐渐失焦、涣散开来。
1073,action_part_a_orgasm_normal_B,0,CVP_A2_T|102_E_1&CVP_A2_T|1_E_0&CVP_A2_A|10_LE_3,{TargetName}幼小的身躯猛然一震，随即稚嫩的{anal}便进入了强烈而有节奏的痉挛，紧窄的肠道一波接一波地收缩绞紧，稚气的括约肌反复用力翕张、绞拢，将本就细小的穴口一次次密实地收束。\n小小的腰身高高弓起，稚嫩平坦的小腹随着收缩的律动深深地向内抽搐凹陷，柔嫩的腹部肌肉绷紧又松开，起伏格外分明。\n细嫩的双腿无意识地绷直向内夹合，圆润的膝头颤抖着相抵，纤细的脚尖向下用力绷直，稚嫩的脚趾一根根痉挛着蜷起扣紧。\n伴着{anal}一下下的绞缩，明显增多的肠液自紧致的穴口缕缕淌出，沿着幼小柔嫩的臀缝缓缓流下，在稚嫩的肌肤上洇开一片湿润。\n幼小娇嫩的躯体一阵阵剧烈地打颤，紊乱急促的喘息使稚嫩的小胸口起伏不定，稚气的脸颊烧得绯红，细小的手指痉挛似地收拢，眼神也随着这场绝顶一点点变得涣散迷离。
1074,action_part_a_orgasm_normal_B,0,CVP_A2_T|102_E_1&CVP_A2_T|1_E_0&CVP_A2_A|10_LE_3,稚嫩的{TargetName}娇小身躯毫无征兆地骤然弓起，未被彻底开发的{anal}剧烈地痉挛收缩着，紧致的肠壁一阵阵有力地绞紧，稚气的括约肌一圈圈反复翕合，将幼小紧窄的后穴一下下抽搐着收拢又张开。\n小小的腰肢明显地向上挺弓成弧，圆嫩的小腹随着{anal}的收缩节奏深深地向内抽动，柔软稚嫩的肚皮起起伏伏地颤动不止。\n两条纤细的幼腿死死向内并拢绷紧，娇小的膝盖用力抵贴在一处，脚背反射性地向下绷直，白嫩的脚趾蜷缩扣拢成一团。\n{anal}每一次绞缩都将黏腻的肠液较为明显地挤溢出来，一缕缕顺着幼小圆润的臀缝缓缓淌落，把稚嫩细腻的肌肤浸出一道道湿痕。\n娇小的身子随着高潮一波波失控地颤抖，急促而紊乱的呼吸令稚嫩的胸膛剧烈起伏，稚气的小脸绯红滚烫，纤嫩的双手无意识地攥紧，清澈的眼眸也在绝顶的冲刷下渐渐涣散、蒙上一层失神的水汽。

1075,action_part_a_orgasm_normal_B,0,CVP_A2_T|103_E_1&CVP_A2_T|1_E_0&CVP_A2_A|10_LE_3,娇小的{TargetName}身躯猛地一僵，随即剧烈而有节奏地颤抖起来，{anal}强烈地痉挛收缩着，稚嫩的括约肌一圈圈反复翕张绞紧，随着一波波收缩的节律不受控制地开合。\n初现少女轮廓的小腹反复向内深深抽搐，尚未发育丰满的腹部肌肤一起一伏地绷紧又松开，纤细的腰肢明显向上弓起了一道弧度。\n两条细嫩的小腿本能地绷得笔直，稚气的膝盖因用力而微微发颤，纤巧的脚尖向内勾绷，脚趾一根根蜷缩扣拢。\n随着{anal}一次次有力的绞缩，一缕黏腻的肠液较明显地从穴口溢淌而出，顺着娇嫩的臀缝缓缓流下，在稚嫩的肌肤上留下湿润的痕迹。\n单薄的胸口随急促失序的呼吸大幅起伏，小脸涨得通红，稚嫩的眉头紧紧蹙起，纤细的手指无意识地攥紧收拢，指节因用力而泛白，整具娇小的身躯在这场完整的绝顶中不住地颤栗抽动。
1076,action_part_a_orgasm_normal_B,0,CVP_A2_T|103_E_1&CVP_A2_T|1_E_0&CVP_A2_A|10_LE_3,{TargetName}幼嫩的身子骤然绷紧，紧接着一阵阵剧烈的战栗自腰腹深处蔓延开来，{anal}强而有节律地痉挛绞缩，稚嫩紧致的括约肌反复收紧又松弛，一下下有力地翕合着。\n刚开始发育的小腹随之反复向内抽搐，柔嫩平坦的腹肌一收一放地颤动起伏，娇小的腰背明显地向上弓成一道弧线，随后又缓缓回落。\n纤细的双腿不受控制地绷直颤抖，稚嫩的大腿内侧紧紧夹拢，小小的脚掌向下绷伸，脚趾用力地蜷曲扣紧。\n伴着{anal}密集有力的收缩，温热的肠液较为明显地渗涌而出，沿着幼嫩的股缝一路淌下，将娇小的臀丘浸出一片湿意。\n瘦削的肩背随失序的喘息不住耸动，稚气的小脸绷得发红，唇瓣微微张开无声地颤抖，纤嫩的十指死死攥紧，整副娇弱的身躯在完整的高潮浪潮里剧烈地抽颤着。
1077,action_part_a_orgasm_normal_B,0,CVP_A2_T|103_E_1&CVP_A2_T|1_E_0&CVP_A2_A|10_LE_3,还带着孩童圆润的{TargetName}忽然剧烈地一颤，娇小的身躯抑制不住地抽搐起来，{anal}一波接一波地痉挛紧缩，尚显稚嫩的括约肌反复绞紧又翕开，收缩的幅度明显而有力。\n初现曲线的小腹一下下深深地向内瘪陷，柔软的腹部肌肤随收缩的节奏剧烈起伏，纤瘦的腰身高高弓起，随后又颤巍巍地软塌下去。\n两条稚气的细腿绷得笔直而僵硬，圆润的膝盖并拢着不停打颤，小巧的脚背向下绷直，脚趾深深蜷缩成一团。\n随着{anal}反复的绞缩翕张，黏滑的肠液较明显地一缕缕流溢出来，沿着幼嫩饱满的臀缝蜿蜒滑落，把娇嫩的皮肤浸得湿漉漉的。\n单薄的胸膛随紊乱急促的呼吸剧烈起伏，稚嫩的脸颊涨成绯红，眼角沁出细细的水光，小手无意识地抓紧攥拢，指节泛出苍白，整个娇小的身子在完整而剧烈的绝顶里不停地痉挛颤栗。
1078,action_part_a_orgasm_normal_B,0,CVP_A2_T|103_E_1&CVP_A2_T|1_E_0&CVP_A2_A|10_LE_3,身量娇小的{TargetName}倏地全身一紧，紧跟着便剧烈地抽搐痉挛开来，{anal}强烈而规律地收缩绞紧，稚嫩的括约肌一圈圈反复翕合，随着一阵阵高潮的浪头有力地开阖不休。\n才刚发育的小腹反复地向内深深抽紧，平坦柔嫩的腹肌随之一鼓一瘪地颤动，纤细的腰肢明显地拱起弓成弧形，又随收缩趋缓而缓缓塌落。\n两条纤瘦的小腿紧绷发颤，幼嫩的大腿内侧死死并拢挤压，娇小的脚掌用力向下绷伸，脚趾一根根紧紧扣蜷。\n随着{anal}密集的痉挛绞缩，温热黏腻的肠液较为明显地渗流而出，顺着稚嫩的股沟缓缓淌下，在娇嫩的臀肉上留下一道湿润的印痕。\n瘦弱的肩头随失序的喘息剧烈地耸动，稚气的面庞泛起浓重的潮红，唇齿微张无声地哆嗦，纤细的指头蜷曲攥紧掐住身边，指节因用力而发白，整具娇嫩的身躯在这场完整的绝顶中一下下地剧烈抽颤。
1079,action_part_a_orgasm_normal_B,0,CVP_A2_T|103_E_1&CVP_A2_T|1_E_0&CVP_A2_A|10_LE_3,娇弱的{TargetName}冷不丁地绷紧了脊背，稚嫩的躯体随即不受控制地剧烈颤动，{anal}有力而富有节奏地痉挛收缩，尚且紧致稚嫩的括约肌反复地绞紧松开，一次次密集地翕张绞吸。\n初显少女弧线的小腹反复向内狠狠抽搐，娇嫩的腹部肌肤随之明显地起伏鼓瘪，单薄的腰背高高向上弓挺，继而又颤颤地回落下去。\n纤细稚气的双腿本能地僵直绷紧，柔嫩的膝头相抵着不住地打颤，纤小的脚尖向内勾绷，脚趾用力地蜷曲扣紧成一团。\n伴着{anal}一下下有力的绞缩翕合，一股股黏滑的肠液较明显地溢淌而出，沿着幼嫩的臀缝缓缓流泻，将娇小的臀丘浸润出湿亮的水痕。\n瘦削的胸口随急促紊乱的呼吸大幅起伏，稚嫩的小脸憋得通红，眉心紧蹙眼角含泪，纤嫩的双手死死攥紧收拢，指节泛白微微发颤，整副娇小的身子在完整剧烈的高潮里不住地痉挛抽动。

1080,action_part_a_orgasm_normal_B,0,CVP_A2_T|104_E_1&CVP_A2_T|1_E_0&CVP_A2_A|10_LE_3,{TargetName}青春的娇躯骤然剧烈地绷紧起来，{anal}强烈而有节奏地痉挛收缩，稚嫩紧致的括约肌一圈圈反复翕张绞紧，将窄小的甬道一下下密密地箍缩起来。\n她少女纤细的腰肢猛地向上弓起一道明显的弧度，光洁的小腹随着{anal}的抽搐节奏反复向内抽紧，青涩平坦的腹部肌肤一波波急促地起伏颤动。\n两条匀称的嫩腿本能地向内绷直夹拢，圆润的膝盖因用力而颤颤地相互抵紧，纤细的脚尖向内勾绷，脚趾一根根蜷缩扣紧。\n随着{anal}一次次有力的绞缩，一缕微浊的肠液较为明显地从穴口溢淌出来，顺着紧夹的臀缝缓缓渗流，沾湿了大腿根内侧一小片嫩白的肌肤。\n她青春的胸膛随着失序而急促的呼吸大幅起伏，纤秀的手指死死攥紧，指节因用力而泛白，眉头轻蹙，神情随着这阵完整的高潮而微微涣散。\n直到{anal}的痉挛渐渐趋缓，绷紧的少女娇躯才一寸寸松懈下来，只余下未散的颤栗与穴口那道湿润的痕迹。
1081,action_part_a_orgasm_normal_B,0,CVP_A2_T|104_E_1&CVP_A2_T|1_E_0&CVP_A2_A|10_LE_3,充满青春朝气的{TargetName}忽然浑身战栗着僵直起来，{anal}猛地收紧，稚嫩狭窄的肠壁强烈而规律地一阵阵痉挛，紧致的括约肌不受控制地翕合绞拧，将那处窄小的入口反复吸缩得死紧。\n她苗条的腰身重重地弓起，随即又颤抖着起伏，年轻紧实的小腹一下下深深地向内抽缩，嫩滑的腹肌随着{anal}的节律急促地绷紧又松弛。\n她圆翘稚嫩的臀肉随着痉挛节奏一颤一颤地绷紧，两瓣臀丘用力地向内夹拢，青春的大腿肌肤紧紧相贴挤压。\n伴着{anal}一轮轮的收缩，温热的肠液从紧窄的穴口较明显地渗涌溢出，沿着少女光滑细嫩的腿根蜿蜒淌下，留下一道湿亮的痕迹。\n她的呼吸变得急促而凌乱，纤细的四肢绷得笔直又不住地颤抖，脚趾深深蜷扣，稚气的面庞泛起潮红，眼神在这波完整的高潮里逐渐失焦。\n待{anal}的翕张一点点平息，那具青涩的娇躯才慢慢瘫软下来，残留着细密的余颤。
1082,action_part_a_orgasm_normal_B,0,CVP_A2_T|104_E_1&CVP_A2_T|1_E_0&CVP_A2_A|10_LE_3,{TargetName}正值花季的身子毫无预兆地剧烈一挛，{anal}紧接着强烈而有节奏地抽搐收缩，尚未被充分开发的稚嫩肠壁一圈圈紧紧绞拧，狭窄紧致的括约肌反复翕张吸缩，密密地箍紧了那处窄小的甬道。\n她少女的腰肢明显地向上弓起，绷成一道紧张的弧线，平坦青涩的小腹随着{anal}的痉挛反复向内抽紧，嫩白的腹部肌肤急促而不规则地起伏抽动。\n两条纤细修长的腿绷得笔直，膝盖颤巍巍地相互抵紧，脚背向下绷直，脚趾一根根痉挛似的蜷曲扣拢。\n随着{anal}一下下有力的绞缩，微浊温热的肠液较为明显地自穴口溢出，顺着夹紧的稚嫩臀缝与大腿内侧缓缓淌落，浸湿一小片光洁的皮肤。\n她青春的胸口随着失序急促的喘息大幅起伏，纤秀的双手死死攥握成拳，指节泛白，眉心微蹙，稚气未脱的神情在这场完整的绝顶里渐渐涣散模糊。\n直至{anal}的收缩逐渐舒缓，那副青春靓丽的躯体才缓缓松弛下来，留下未褪的颤意与湿润。
1083,action_part_a_orgasm_normal_B,0,CVP_A2_T|104_E_1&CVP_A2_T|1_E_0&CVP_A2_A|10_LE_3,娇小青涩的{TargetName}猛地一僵，紧接着{anal}便强烈而有律地痉挛起来，稚嫩窄小的肠道一阵阵急促地收缩绞紧，紧致的括约肌不住地翕张吸拢，将那处尚显生涩的入口一遍遍箍缩得紧密。\n她年轻柔韧的腰肢深深弓起，随后又颤颤地软落，平坦紧实的小腹随{anal}的抽搐反复向内深陷抽缩，青春的腹肌一波波急促起伏。\n她稚气的双腿本能地向内并紧绷直，浑圆的膝盖用力相抵，少女嫩滑的大腿内侧紧紧贴合挤压，脚尖绷直，脚趾蜷曲扣紧。\n伴着{anal}一轮轮的绞缩，温热微浊的肠液较明显地从紧窄穴口渗淌而出，顺着圆翘臀丘的缝隙缓缓流下，沾湿了嫩白腿根的一小片肌肤。\n她的呼吸急促而紊乱，青春的胸脯剧烈起伏，纤细的手指紧紧攥住手边之物，指节因用力泛白，稚嫩面庞浮起深深潮红，眼神在这波完整的高潮中逐渐失神。\n待{anal}的痉挛悉数平复，那具娇嫩的身躯才一点点松软下来，余韵未消。
1084,action_part_a_orgasm_normal_B,0,CVP_A2_T|104_E_1&CVP_A2_T|1_E_0&CVP_A2_A|10_LE_3,{TargetName}稚嫩的娇躯冷不防剧烈地弹动了一下，{anal}随即强烈而有节奏地收缩痉挛，青涩紧致的肠壁一圈圈密密绞紧，狭窄的括约肌反复翕合吸缩，将那处窄小的甬道一下下箍得死紧。\n她少女纤细的腰身猛然向上弓成弧形，光洁的小腹随着{anal}的节律反复向内抽紧痉挛，青春平坦的腹部肌肤急促而失序地起伏颤动。\n两条匀称的嫩腿绷直向内夹拢，稚嫩圆润的膝盖颤抖着相互紧抵，纤秀的脚踝绷起细线，脚趾一根根向内蜷扣。\n随着{anal}一次次有力的翕张绞缩，一缕温热的肠液较为明显地自紧窄穴口溢淌流出，顺着少女紧夹的臀缝与大腿内侧缓缓渗下，留下一道湿润的印痕。\n她青春的胸膛随急促失序的呼吸剧烈起伏，纤细的手指痉挛似的收拢攥紧，指节泛白，柳眉轻蹙，青涩的神情在这场完整的绝顶中渐渐涣散。\n直到{anal}的收缩慢慢趋于平息，那副稚嫩青春的身躯才缓缓平复下来，只残留着细微的余颤和穴口的湿意。

1085,action_part_a_orgasm_normal_B,0,CVP_A2_T|105_E_1&CVP_A2_T|1_E_0&CVP_A2_A|10_LE_3,{TargetName}成熟匀称的娇躯毫无预兆地绷紧了起来，{anal}猛地开始一阵强烈而富有节奏的痉挛收缩，尚且紧致的括约肌反复地翕张绞缩，一圈圈用力地向内箍紧又松开。\n她饱满圆润的臀肉随着这股节律狠狠地夹紧颤动，成熟修长的双腿本能地绷直又蜷曲，脚趾深深地向内抠拢，脚踝处绷起了细腻紧实的肌肉线条。\n那一片平坦却带着成熟弧度的小腹不受控制地反复抽搐着，腰肢明显地向上弓起了一道弧线，脊背随之绷成紧张的弓形，久久不肯落下。\n伴着{anal}一下下用力的绞紧，一缕黏腻温热的肠液被挤压着从紧窄的穴口较为明显地溢淌而出，顺着丰腴的臀缝缓缓流淌下去。\n她的呼吸骤然急促而失序，成熟的面庞上漫开一片深重的潮红，青涩与成熟交织的眉眼微微蹙起，纤长的手指死死攥紧，指节因用力而微微泛白，整副娇躯在这场完整的绝顶里剧烈地颤抖着。
1086,action_part_a_orgasm_normal_B,0,CVP_A2_T|105_E_1&CVP_A2_T|1_E_0&CVP_A2_A|10_LE_3,随着高潮的浪潮彻底涌上，{TargetName}成熟饱满的身子止不住地剧烈战栗起来，{anal}强烈而有节奏地一缩一放，那仍显紧窄的肠壁一层层地绞紧痉挛，紧致的括约肌反复收束翕张个不停。\n她圆翘丰润的臀部高高地绷紧夹拢，成熟的大腿内侧柔嫩的肌肤相互挤压贴合，两条修长的腿一会儿绷直一会儿又蜷缩，膝盖颤巍巍地相互磕碰。\n光洁的小腹一下一下地向内抽紧收缩，纤细的腰身猛地弓起，成熟流畅的脊背绷成了紧张的弧度，随后又随着一波波收缩而微微起伏。\n{anal}每一次用力的绞缩都将温热的肠液较为明显地挤涌出来，黏腻的液体沾湿了紧窄穴口周围那一片细腻的肌肤。\n急促失序的喘息从她微张的唇间不住地漏出，成熟的面容上泛起深深的绯红，带着几分青涩的表情失神地皱起，双手无措地攥紧了触手可及的一切，全身的肌肉都在不受控制地颤抖抽搐。
1087,action_part_a_orgasm_normal_B,0,CVP_A2_T|105_E_1&CVP_A2_T|1_E_0&CVP_A2_A|10_LE_3,{TargetName}那具发育成熟的娇躯猛地弹动了一下，随即陷入一阵完整而剧烈的高潮反应，{anal}用力地痉挛收缩起来，紧致的肠道一圈圈地绞紧又松开，尚未被完全开发的括约肌反复地翕张绞缩着。\n成熟圆润的臀瓣紧紧地向内夹拢颤抖，修长匀称的双腿骤然绷直又本能地蜷起，纤秀的脚趾狠狠地向内蜷曲扣拢，脚背反射性地向下绷直。\n她成熟平坦的小腹随着{anal}的节律反复地向内抽缩，柔韧的腰肢明显地向上弓成一道弧线，整条脊背都因这股力道而紧绷战栗。\n伴着一下下有力的绞缩，温热黏腻的肠液从紧窄的穴口较明显地溢流而出，顺着成熟丰腴的臀缝一路蜿蜒淌下。\n她的呼吸变得急促而凌乱，成熟中透着青涩的脸颊上飞起浓重的红晕，眼角隐隐沁出水汽，丰润的双唇微微抿紧又颤抖着张开，纤长的十指痉挛般地收拢攥紧，整副成熟身躯在这场标准的绝顶中不住地颤动。
1088,action_part_a_orgasm_normal_B,0,CVP_A2_T|105_E_1&CVP_A2_T|1_E_0&CVP_A2_A|10_LE_3,高潮如约而至，{TargetName}成熟窈窕的身躯毫无保留地剧烈颤抖起来，{anal}一波接一波地强烈痉挛，仍带着紧致感的肠壁用力地收缩绞紧，紧窄的括约肌一张一合地反复绞缩翕动。\n她丰盈圆翘的臀肉随之绷紧夹颤，成熟修长的双腿时而绷直时而蜷曲，两条腿在颤抖中反复摩挲夹拢，脚趾深深地向内抠蜷。\n成熟平滑的小腹一下一下地剧烈抽搐收紧，纤细的腰肢猛然向上弓起，脊背绷成了一道紧绷的弓形，随着{anal}的节律久久起伏不定。\n每一次用力的绞紧都将黏腻温热的肠液较为明显地挤压出来，从紧致的穴口缓缓溢淌，濡湿了成熟臀缝间那一片细嫩的皮肤。\n她的胸口随着急促失序的喘息大幅起伏，成熟的面庞上潮红蔓延，青涩未褪的眉眼失神地蹙紧，双手无力地攥住身边之物，指节泛白，浑身的肌肉都陷入不受控制的痉挛颤栗之中。
1089,action_part_a_orgasm_normal_B,0,CVP_A2_T|105_E_1&CVP_A2_T|1_E_0&CVP_A2_A|10_LE_3,{TargetName}成熟丰盈的娇躯骤然崩紧，一场完整的绝顶高潮席卷而来，{anal}猛烈而有节奏地痉挛绞缩，尚且紧窄的肠道一圈圈地箍紧又松弛，紧致的括约肌不受控制地反复翕张收束。\n她圆润饱满的臀部用力地向内一夹再夹，成熟修长的大腿绷得笔直又忽而蜷起，纤秀的脚趾狠狠向内勾拢，脚踝绷起紧实的线条。\n那片成熟柔韧的小腹反复地向内抽紧痉挛，柔美的腰身明显地弓起一道弧度，整条脊背绷紧战栗，随着一波波收缩而起伏不止。\n随着{anal}一下下有力的绞缩，温热的肠液被明显地挤涌出穴口，黏腻地顺着丰腴成熟的臀缝缓缓淌落，留下湿润的痕迹。\n急促而紊乱的呼吸从她唇间溢出，成熟的脸颊泛起深浓的绯红，带着一丝青涩的神情微微失神，纤长的手指痉挛着收拢攥紧，指节隐隐泛白，整副发育成熟的身子在这标准的绝顶余韵里久久颤抖不息。
1090,action_part_a_orgasm_normal_B,0,CVP_A2_T|106_E_1&CVP_A2_T|1_E_0&CVP_A2_A|10_LE_3,成熟丰盈的{TargetName}腰身骤然剧烈一挺，{anal}猛地发起一阵强烈而有节奏的痉挛收缩，成熟的括约肌反复翕张绞紧，一圈圈地向内箍缩，丰腴圆润的臀肉随之绷紧又抽搐，一下下地夹合颤动。\n她成熟饱满的小腹反复向内深深抽缩，柔韧的腹肌一波接一波地起伏收紧，丰润修长的双腿本能地绷直又蜷曲，圆腻的大腿内侧肌肤紧紧夹合挤压，脚趾用力地向内蜷扣。\n她成熟流畅的腰肢明显向上弓起，脊背绷成一道紧张的弧线，随后又随着{anal}的痉挛节奏反复起落，双手死死攥紧，指节因用力而根根泛白，浑身的肌肉都不受控制地颤抖起来。\n伴随着{anal}那一阵阵有力的绞缩翕张，较为明显的一缕缕温热肠液从紧致的褶皱深处缓缓溢淌而出，顺着丰腴的臀缝蜿蜒滑落，将成熟的肌肤浸润出一道湿亮的痕迹。\n她成熟的面庞上迅速漫开一片深重的潮红，呼吸急促而失序，丰润的胸膛剧烈起伏，眼角沁出点点水光，直到{anal}的痉挛渐渐平息，整副丰盈成熟的躯体才从这场完整的高潮余韵中缓缓回落。
1091,action_part_a_orgasm_normal_B,0,CVP_A2_T|106_E_1&CVP_A2_T|1_E_0&CVP_A2_A|10_LE_3,{TargetName}那成熟丰满的身躯毫无预兆地剧烈绷紧，{anal}强烈地痉挛起来，紧致的肠壁一圈圈有节奏地绞缩翕张，成熟的括约肌反复收紧又松开，将残存的缝隙密密箍拢，丰满圆翘的臀部随之一下下地抽动夹紧。\n她丰腴的小腹一次次向内猛烈抽搐，柔韧的腹部肌肉密集地起伏收缩，两条成熟修长的美腿绷得笔直又猛地蜷起，圆润的膝盖颤抖着相互抵靠，脚背反复绷直，脚趾深深地向内抠蜷。\n成熟的腰肢高高弓起一道明显的弧度，整条脊背随着{anal}的绞缩反复弓起又落下，修长的手指痉挛般地攥成拳，手背的筋脉根根凸起，全身的肌肉不受控制地阵阵颤栗抽搐。\n随着{anal}那连续有力的收缩，明显增多的温热肠液从紧窄的深处一股股溢流而出，顺着丰润的腿根内侧缓缓淌落，在成熟的肌肤上留下一片湿漉漉的痕迹。\n她成熟的脸颊涨得通红，呼吸紊乱地急促喘息，丰盈的胸脯大幅起伏，双唇微张失神，直到那阵剧烈的痉挛慢慢缓和下来，成熟丰腴的身体才逐渐松弛平复。
1092,action_part_a_orgasm_normal_B,0,CVP_A2_T|106_E_1&CVP_A2_T|1_E_0&CVP_A2_A|10_LE_3,成熟妩媚的{TargetName}忽然浑身一僵，{anal}猛然收紧，随即发起一阵强烈而规律的痉挛绞缩，紧致的肠壁反复箍紧翕张，成熟的括约肌一下下地向内深深收拢，丰腴饱满的臀肉紧绷着不住地抽搐颤抖。\n她成熟圆润的腹部反复深深地向内抽缩，一层层柔韧的腹肌接连起伏绷紧，两条丰满的大腿本能地并拢夹紧，圆腻温润的腿肉相互挤压贴合，脚踝绷起紧张的线条，脚趾一根根蜷曲扣紧。\n丰润的腰身明显地向上弓起，脊背在高潮的浪潮里反复弓起又软落，成熟修长的双手死死掐住手边，指节因用力而泛出根根白痕，整副成熟的躯体都被密集的颤抖所笼罩。\n伴着{anal}那有节律的强烈绞缩，较为明显的黏腻肠液自紧致的褶皱间缓缓渗涌而出，顺着丰腴的臀沟一路蜿蜒滑淌，把成熟的肌肤浸得湿润发亮。\n她成熟的面容潮红失神，急促失序的喘息一声接一声，丰满的胸膛剧烈起伏，眼角泛起晶莹的水光，直至{anal}的痉挛渐次平息，这具丰盈成熟的身躯才从完整的绝顶中慢慢舒缓下来。
1093,action_part_a_orgasm_normal_B,0,CVP_A2_T|106_E_1&CVP_A2_T|1_E_0&CVP_A2_A|10_LE_3,{TargetName}成熟的娇躯陡然剧烈地颤栗起来，{anal}强烈而有节奏地痉挛收缩，紧窄的肠道一圈圈用力绞紧，成熟饱满的括约肌反复翕张箍拢，丰腴的臀部一收一放地抽搐夹合，圆润的臀肉紧绷着不停颤动。\n她成熟丰盈的小腹一次次剧烈地向内抽搐，柔韧的腹部肌肉波浪般地起伏收紧，两条丰润修长的腿绷得笔直，随后又猛地向内蜷缩，光滑的大腿内侧紧紧夹合，脚趾用力地向下绷蜷。\n成熟流畅的腰肢深深地弓起，整条背脊随着{anal}的收缩反复弓起又瘫软落下，修长的十指痉挛似地攥握成拳，手背筋络凸显，全身的肌肉一阵阵不受控制地绷紧又颤抖。\n随着{anal}那一波波强劲的绞缩翕张，明显可见的温热肠液从紧致深处一缕缕溢淌而出，顺着丰腴腿根的曲线缓缓流下，在成熟的肌肤上留下湿润晶亮的痕迹。\n她成熟的脸颊烧得绯红，呼吸急促而凌乱，丰盈的胸脯起伏不定，双眸微微失神，眼尾沁出细密的水光，待到{anal}的痉挛逐渐止息，整副成熟丰腴的身体才慢慢从绝顶的余波里平复。
1094,action_part_a_orgasm_normal_B,0,CVP_A2_T|106_E_1&CVP_A2_T|1_E_0&CVP_A2_A|10_LE_3,成熟风韵的{TargetName}身子毫无征兆地猛然一挺，{anal}骤然强烈痉挛，紧致的肠壁密集而有节奏地绞缩起来，成熟的括约肌一下下地向内箍紧翕张，丰满圆翘的臀肉随之绷紧抽搐，一下下地夹合颤抖不止。\n她丰腴成熟的腹部反复用力地向内抽缩，紧实柔韧的腹肌接连起伏收紧，两条成熟饱满的美腿绷得笔直，膝盖颤巍巍地相互抵紧，脚背反复绷直又蜷起，脚趾深深地向内抠拢扣紧。\n成熟丰润的腰肢高高弓起一道弧线，脊背随着{anal}的强烈绞缩反复弓起又落回，双手死死攥紧不放，指节根根泛白，整副成熟的躯体都在密集的痉挛中不住地颤栗抽搐。\n伴随着{anal}那连绵有力的收缩翕张，较为明显的温热肠液从紧窄的褶皱间缓缓涌溢而出，沿着丰腴的臀缝一路滑落，将成熟细腻的肌肤浸润出一片湿亮的水痕。\n她成熟的面庞漫上深深的潮红，急促失序的喘息不断溢出，丰盈的胸膛大幅起伏，眼角泛出盈盈水光，直到{anal}的痉挛慢慢平息，这具丰盈成熟的身躯才从这场完整的高潮里缓缓沉静下来。

1095,action_part_a_orgasm_normal_B,0,CVP_A2_T|107_E_1&CVP_A2_T|1_E_0&CVP_A2_A|10_LE_3,已为人妻的{TargetName}成熟饱满的娇躯毫无预兆地剧烈弓起，{anal}猛地发起一阵强烈而有节奏的痉挛收缩，括约肌反复翕张绞紧，一圈圈地向内深深吸吮又骤然缩拢。\n她丰腴修长的双腿本能地绷得笔直，随即又不受控制地大幅颤抖起来，圆润的膝盖时而并拢时而张开，脚趾用力向内蜷曲扣紧，成熟的腿肉一阵阵地绷紧又松弛。\n那尚且紧致稚嫩的肠壁一下下强劲地绞缩着，随着这剧烈的收缩节奏，一缕缕温热黏腻的肠液较为明显地从{anal}深处溢淌而出，顺着丰腴的臀缝缓缓向下流淌。\n成熟丰满的小腹反复地向内深深抽搐，圆腻的腰身明显地弓起又落下，丰润圆翘的臀肉一收一放地痉挛颤动，脊背绷成一道紧张的弧线。\n她的呼吸陡然急促而失序，丰盈的胸膛大幅起伏喘动，双手无意识地攥紧攥死，成熟的面庞上肌肉不受控制地细密颤抖，直到那阵强烈的收缩才渐渐平复下去。
1096,action_part_a_orgasm_normal_B,0,CVP_A2_T|107_E_1&CVP_A2_T|1_E_0&CVP_A2_A|10_LE_3,身为人妻的{TargetName}丰腴的腰肢骤然向上狠狠一挺，{anal}紧接着有节奏地剧烈痉挛起来，紧致稚嫩的肠壁一波接一波地强劲绞缩，括约肌一开一合地反复翕张吮咬。\n她成熟修长的两腿猛地向内夹拢又倏地绷直，圆润的大腿肌肉一阵阵地颤抖收紧，纤长的脚背反复向下绷直，脚趾无声地蜷曲又张开，整条腿都被剧烈的战栗笼罩。\n丰润饱满的臀瓣随着{anal}的收缩节奏一下下地绷紧又抽动，尚未完全适应的肠道深处溢出一股股温热的肠液，明显地从穴口渗淌而出，沾湿了成熟丰腴的股缝。\n她圆腻的小腹随着高潮的节拍反复地深深内缩，腰腹间的软肉密密地抽搐痉挛，脊背一次次地弓起又软落，双肩不受控制地耸动颤栗。\n急促失序的喘息从她微张的唇间断续溢出，成熟丰满的胸脯剧烈起伏，十指用力地掐进掌心，直到那一阵阵强烈的绞缩渐渐趋于平息，娇躯才慢慢松弛下来。
1097,action_part_a_orgasm_normal_B,0,CVP_A2_T|107_E_1&CVP_A2_T|1_E_0&CVP_A2_A|10_LE_3,人妻{TargetName}丰盈成熟的身躯突然剧烈地绷紧战栗，{anal}发起一连串强烈而规律的痉挛收缩，那圈仍旧紧致稚嫩的肠肉反复地深深绞拢，括约肌一缩一放地不停翕张吸吮。\n她成熟饱满的双腿本能地大幅颤抖，圆腻的大腿内侧一次次地相互夹紧又松开，膝盖颤巍巍地并靠在一起，脚趾骤然向内扣紧蜷曲，脚踝处绷起细腻的肌肉线条。\n随着这剧烈的收缩律动，一道道温热黏腻的肠液较为明显地自{anal}深处涌溢而出，顺着丰腴圆润的臀肉缓缓淌落，在成熟的肌肤上留下濡湿的痕迹。\n她丰满的小腹一下下地向内狠狠抽搐，成熟流畅的腰身反复弓起又瘫软下去，圆翘的臀部随着高潮的节奏抽动痉挛，整条脊背绷成紧张的弓形。\n她的呼吸急促而杂乱，丰盈的胸膛随喘息大幅起伏，双手死死抓紧攥住，面部肌肉不受控制地抽动颤抖，直到那波强烈的绞缩慢慢退去，身躯才逐渐恢复了平缓。
1098,action_part_a_orgasm_normal_B,0,CVP_A2_T|107_E_1&CVP_A2_T|1_E_0&CVP_A2_A|10_LE_3,已为人妻多年的{TargetName}成熟娇躯猛然一僵，随即剧烈地颤动起来，{anal}强劲而有节奏地一次次绞缩收拢，尚显紧致稚嫩的肠壁密密地翕张吸吮，括约肌反复地绞紧又松弛。\n她修长丰腴的双腿绷得笔直，随即又失控般地大幅颤抖，圆润饱满的大腿一阵阵地夹紧收缩，脚趾用力地向内蜷曲扣拢，纤长的脚背反复向下绷直又放松。\n伴着{anal}一波波强劲的痉挛，温热的肠液较为明显地从深处溢淌而出，一缕缕地顺着成熟圆润的股缝缓缓滑落，将丰腴的臀肉浸润出湿亮的水光。\n她成熟丰满的小腹反复地深深向内抽缩，圆腻的腰肢明显地弓起又软软落回，丰润圆翘的臀瓣一收一放地颤动痉挛，脊背绷出一道紧绷的弧线。\n急促而失序的呼吸从她唇间不断溢出，丰盈的胸脯剧烈起伏喘动，双手无意识地攥紧成拳，成熟的面庞上肌肉细密颤栗，直至那阵剧烈的收缩渐渐平复，娇躯方才慢慢松软下来。
1099,action_part_a_orgasm_normal_B,0,CVP_A2_T|107_E_1&CVP_A2_T|1_E_0&CVP_A2_A|10_LE_3,人妻{TargetName}丰满成熟的腰身骤然向上高高弓起，{anal}随之爆发出一阵强烈而有节奏的痉挛绞缩，那圈仍旧紧致稚嫩的肠肉一波波地深深收拢，括约肌反复地翕张开合，绞紧又缓缓松开。\n她丰腴修长的两腿无法自控地剧烈颤抖，圆润的大腿内侧一下下地相互夹紧挤压，膝盖并拢着轻轻打颤，脚趾骤然向内蜷曲，脚踝紧绷出成熟细腻的肌肉线条。\n随着这一阵阵强劲的收缩节律，一股股温热黏腻的肠液较为明显地从{anal}深处溢流而出，顺着丰腴饱满的臀缝蜿蜒淌下，濡湿了成熟的肌肤。\n她圆腻丰满的小腹反复地深深内缩抽搐，成熟的腰腹软肉密密地痉挛颤动，脊背一次次地弓起后又缓缓瘫落，双肩不由自主地耸动战栗。\n她的呼吸变得急促而紊乱，丰盈的胸膛随喘息大幅起伏，十指用力地掐进掌心攥紧，面部肌肉不受控制地抽搐颤栗，直到那波强烈的绞缩慢慢消退，成熟的身躯才逐渐归于平静。

1100,action_part_a_orgasm_normal_B,0,target_is_player_daughter&CVP_A2_T|1_E_0&CVP_A2_A|10_LE_3,稚嫩的{TargetName}娇小的身躯猛地绷紧起来，{anal}强烈而有节奏地痉挛收缩，尚且紧致的括约肌一圈圈地反复翕张绞紧，朝着深处一下下深深收拢。\n单薄的小腰不受控制地向上弓起了一道明显的弧度，幼嫩的小腹随着收缩的节奏反复向内抽搐凹陷，嫩滑的肚皮一下下地起伏震颤。\n纤细的双腿绷得笔直，稚嫩的大腿内侧肌肉紧紧夹拢又剧烈地颤抖着，小小的脚趾用力向内蜷缩扣拢，细嫩的脚踝处绷起了一根根紧绷的筋线。\n随着{anal}一波接一波地绞缩翕合，温热的肠液较为明显地从那紧窄的穴口溢淌而出，顺着稚嫩的臀缝缓缓淌下，沾湿了一小片幼嫩细白的肌肤。\n幼嫩的手指死死地攥紧收拢，指节因为用力而微微泛白，急促失序的呼吸从半张的唇间断断续续地喷出，年幼的娇躯在这场完整的绝顶里剧烈颤抖了好一阵，才慢慢平复下来。
1101,action_part_a_orgasm_normal_B,0,target_is_player_daughter&CVP_A2_T|1_E_0&CVP_A2_A|10_LE_3,{TargetName}稚气未脱的娇躯骤然剧烈地绷直，{anal}强而有力地成波成浪地痉挛起来，青涩紧致的括约肌一下下地翕张绞紧，将中央那点紧紧地朝内绞拢又松开。\n年幼的腰肢明显地向上弓成一道弧线，随后又重重地塌落下去，稚嫩的小腹一阵阵地向内深深抽缩，紧实的腹肌隔着嫩白的皮肤反复地跳动收紧。\n两条稚嫩的细腿无意识地绷紧又颤栗，稚气的膝盖抖个不停地相互磕碰，脚背反射性地向下绷直，纤细的脚趾无声地蜷曲抠紧。\n伴着{anal}密集有力的绞缩，一股股温热黏腻的肠液较为明显地从收缩的穴口涌溢而出，顺着幼嫩的股沟蜿蜒淌下，在稚嫩的臀肉上留下湿亮的一道痕迹。\n稚嫩的脊背一阵阵地绷紧又颤抖，急促紊乱的喘息不成节奏地从微启的唇齿间溢出，年幼的手掌攥成了小小的拳，整副青涩的躯体在这场典型而完整的绝顶中反复痉挛震颤。
1102,action_part_a_orgasm_normal_B,0,target_is_player_daughter&CVP_A2_T|1_E_0&CVP_A2_A|10_LE_3,幼嫩的{TargetName}整个人猛地一僵，紧接着{anal}便强烈而规律地抽搐收缩起来，那圈青涩紧窄的括约肌反反复复地绞紧翕张，一圈圈地向着深处密密收拢。\n稚嫩的腰身向上高高弓起，绷成了一道紧张的弧度，幼小的肚腹随着一波波收缩而深深地向内抽凹，嫩滑的小腹肌肉不受控制地一下下抽搐痉挛。\n两条纤细稚嫩的腿绷得死紧，大腿内侧幼嫩的肌肤紧紧夹合又剧烈地打颤，稚气的脚趾用力向内抠蜷，脚踝与小腿一同绷起细密的颤动。\n随着{anal}一阵紧似一阵的绞缩翕合，温热的肠液较为明显地自紧致的穴缘溢淌流出，沿着稚嫩圆翘的臀瓣缓缓渗流，濡湿了一片幼嫩细腻的肌肤。\n幼嫩的十指痉挛般地收拢攥紧，指尖用力地掐进掌心，急促而失序的呼吸从翕动的鼻息与半张的唇间断续泄出，年幼的娇躯在这场标准的绝顶高潮里不住地颤栗抽动。
1103,action_part_a_orgasm_normal_B,0,target_is_player_daughter&CVP_A2_T|1_E_0&CVP_A2_A|10_LE_3,青涩幼嫩的{TargetName}娇小躯体猛然一阵剧烈的震颤，{anal}便强烈而有节奏地成串痉挛绞缩，尚显紧涩的括约肌一下接一下地翕张收紧，将穴心密密地朝内绞拢。\n单薄的小蛮腰明显地弓成一道弧线，随即又软塌下来，幼嫩的小腹随着收缩的节拍反复向内抽搐凹陷，稚气的腹部肌肤一阵阵地起伏跳动。\n稚嫩的双腿绷直发颤，纤细的大腿根内侧紧紧夹拢又不住地打战，小小的膝盖颤巍巍地并贴磕碰，幼嫩的脚趾向内深深蜷缩绷紧。\n伴着{anal}一波波密集有力的绞缩，温热的肠液较为明显地从紧窄的穴口溢流而出，顺着幼嫩的臀缝一路缓缓淌落，将稚嫩细白的肌肤沾染出湿润的一片。\n年幼的手指痉挛地收拢握紧，指节泛出淡淡的白，紊乱急促的喘息不成调地从微颤的唇缝间断续涌出，整副稚嫩娇小的身躯在这完整的绝顶余波里一颤一颤地慢慢舒缓。
1104,action_part_a_orgasm_normal_B,0,target_is_player_daughter&CVP_A2_T|1_E_0&CVP_A2_A|10_LE_3,{TargetName}幼小的娇躯陡然剧烈地绷紧颤抖，{anal}随之强烈而有规律地一波波痉挛收缩，那圈稚嫩紧致的括约肌反复地绞紧又翕张，密密地向内深处绞吸收拢。\n幼嫩的腰肢一次次地向上弓起又落下，稚气的小腹随着痉挛的节奏深深向内抽凹，紧实嫩滑的腹肌隔着幼白的皮肉不停地抽搐震颤。\n纤细稚嫩的两腿绷得笔直又不住颤栗，幼嫩的大腿内侧肌肉紧紧夹合，稚气的脚尖向下死死绷直，小小的脚趾一根根地向内蜷曲抠紧。\n随着{anal}连续不断地绞缩翕合，温热黏腻的肠液较为明显地自紧涩的穴缘溢淌而出，沿着幼嫩的股缝缓缓流下，在稚嫩圆润的臀肉上留下一道湿亮的痕迹。\n幼嫩的手掌攥成紧紧的小拳，指节因用力而微微发白，急促而破碎的呼吸从翕张的唇间断断续续地喷吐，年幼稚气的躯体在这场典型完整的绝顶高潮中剧烈地颤动了许久才渐渐平息。

1105,action_part_a_orgasm_normal_B,0,CVP_A2_T|102_E_1&CVP_A2_T|1_E_0&CVP_A2_A|10_G_3&CVP_A2_A|10_LE_6,娇小的{TargetName}稚嫩的身躯猛地绷紧起来，{anal}强烈而有节奏地痉挛收缩，一圈幼嫩的括约肌反复地翕张绞紧，围着中央那处小孔一下下地收缩又张开。\n幼小的腰肢明显地向上弓起一道弧线，纤细的脊背离开了原本贴伏的位置，圆嫩的小腹随着{anal}的收缩节律反复地向内抽搐，稚气的肚皮不受控制地起伏颤动。\n细若嫩藕的双腿绷得笔直，稚嫩的脚尖用力向内勾绷，小小的脚趾一根根蜷缩扣紧，两条幼腿的肌肉在颤抖中一阵阵绷紧又松开。\n经过开发的{anal}熟练地一张一合，较为明显的肠液顺着收缩的节奏从幼小的穴口溢淌而出，缓缓流过稚嫩的臀缝，沾湿了一小片娇嫩的肌肤。\n稚气的小脸涨得通红，急促失序的呼吸让单薄的胸口大幅起伏，纤细的手指痉挛似地攥紧又松开，指节因用力而微微泛白，幼小的躯体在这场完整的绝顶中不住地颤栗。
1106,action_part_a_orgasm_normal_B,0,CVP_A2_T|102_E_1&CVP_A2_T|1_E_0&CVP_A2_A|10_G_3&CVP_A2_A|10_LE_6,幼小的{TargetName}整具娇躯陡然剧烈地抽动起来，{anal}一波接一波地强烈痉挛，熟习收缩的括约肌反复地绞紧又松开，将中央的小口一次次揪成细密的褶皱。\n稚嫩的腰腹用力向内蜷缩，圆润的小腹一下下地深深抽搐，柔软的腹肌随着{anal}的抽动节奏反复地紧绷又放松，稚气的肚皮明显地起伏鼓动。\n娇嫩的小臀随着痉挛的节律反复地夹紧又松开，两瓣幼嫩的臀肉不受控制地收缩绷紧，细嫩的大腿本能地向内并拢又用力绷直。\n已被适当开发的{anal}熟练地翕动吞吐，一股较为明显的肠液顺着规律的收缩从幼小的穴口涌流出来，沿着稚嫩的股沟缓缓淌下，在娇小的臀间留下一道湿润的痕迹。\n单薄的脊背绷成一道紧弓的弧线，纤细的四肢一阵阵绷紧又颤抖，急促的呼吸从微张的唇间断续地漏出，幼小的身子在这次标准的绝顶里从头到脚地细细战栗。
1107,action_part_a_orgasm_normal_B,0,CVP_A2_T|102_E_1&CVP_A2_T|1_E_0&CVP_A2_A|10_G_3&CVP_A2_A|10_LE_6,{TargetName}小小的身体骤然弹动了一下，随即{anal}便强烈而规律地痉挛收缩起来，历经开发的括约肌一圈圈地反复翕张绞缩，围着那处幼嫩的小孔急促地一收一放。\n稚嫩的腰肢明显地向上弓起，单薄的后背离地拱成弓形，圆嫩的小腹随着{anal}的抽搐一次次向内抽缩，柔嫩的腹部肌肉不受控制地颤动起伏。\n纤细的双腿骤然绷得笔直，幼嫩的脚背向下深深绷直，小小的脚趾用力向内蜷曲扣拢，两条稚气的腿在痉挛中反复地紧绷又轻颤。\n熟习吞吐的{anal}有节奏地一张一合，量比先前更明显的肠液顺着这规律的收缩从幼小的穴口溢淌而出，缓缓滑过嫩白的臀缝，浸湿了一小片稚嫩的皮肤。\n涨红的小脸上眉头紧紧蹙起，急促失序的呼吸让瘦弱的肩背一起一伏，幼小的手指痉挛地收拢攥紧，整具娇小的躯体在这场完整绝顶中细密地颤栗不止。
1108,action_part_a_orgasm_normal_B,0,CVP_A2_T|102_E_1&CVP_A2_T|1_E_0&CVP_A2_A|10_G_3&CVP_A2_A|10_LE_6,娇小稚嫩的{TargetName}猛地一阵战栗，{anal}强烈而有节奏地绞缩起来，一圈开发得当的括约肌反复地翕张收紧，将中央的幼嫩小口一次次揪紧又缓缓松开。\n幼小的腰身明显地向上弓挺，单薄的脊背绷成一道紧张的弧线，圆润的小腹随着{anal}的痉挛节律反复地深深抽搐，稚气的肚皮不由自主地颤动鼓起。\n细嫩的双腿本能地向内并拢又骤然绷直，两瓣娇小的臀肉随着收缩的节奏反复地夹紧又松开，小小的脚趾一根根向内蜷缩扣紧。\n适应良好的{anal}熟练地翕动收放，较为明显的一缕肠液顺着规律的抽缩从幼小的穴口渗涌而出，顺着稚嫩的股沟缓缓流淌，在娇嫩的臀间留下湿润的一道印迹。\n涨红的稚气小脸微微仰起，急促而失序的呼吸让单薄的胸膛剧烈起伏，纤细的十指痉挛似地攥拢又张开，幼小的身躯在这次标准的绝顶里从内到外地反复颤抖。
1109,action_part_a_orgasm_normal_B,0,CVP_A2_T|102_E_1&CVP_A2_T|1_E_0&CVP_A2_A|10_G_3&CVP_A2_A|10_LE_6,幼小的{TargetName}稚嫩身躯毫无预兆地绷紧痉挛，{anal}一波波强烈而规律地收缩绞紧，熟习开合的括约肌反复地翕张吞吐，围着那处娇嫩的小孔急促地缩放不停。\n单薄的腰腹用力向内收拢，圆嫩的小腹随着{anal}的抽动节律一下下地深深抽搐，柔软的腹肌不受控制地反复绷紧又松弛，稚气的肚皮明显地颤动起伏。\n细若嫩藕的双腿绷得笔直，幼嫩的脚尖用力向内勾绷，小小的脚趾蜷缩扣拢，纤细的手指也在颤抖中悄然攥紧了触手可及的东西，指节因用力而微微发白。\n已被适当开发的{anal}熟练地一缩一张，明显多于先前的肠液顺着规律的收缩从幼小的穴口汩汩溢出，缓缓流过嫩白的臀缝，将一小片稚嫩的肌肤浸润得湿漉漉的。\n涨红的小脸上唇瓣微微张开，急促失序的呼吸断续地漏出，瘦弱的肩头一耸一耸，幼小的躯体在这场完整而标准的绝顶之中不住地细细战栗，久久无法平息。
1110,action_part_a_orgasm_normal_B,0,CVP_A2_T|102_E_1&CVP_A2_T|1_E_0&CVP_A2_A|10_G_3&CVP_A2_A|10_LE_6,{TargetName}娇小的身子猛地一挺，{anal}随即强烈而有节奏地痉挛绞缩，一圈开发得宜的括约肌反复地翕张收紧，围着幼嫩的小口一下下地揪拢又松开。\n稚嫩的腰肢深深地向上弓起，单薄的后背离地拱成一道紧绷的弧线，圆润的小腹随着{anal}的收缩反复地向内抽搐，柔嫩的腹部肌肉不受控制地颤动鼓伏。\n娇小的双腿骤然绷直并拢，两瓣幼嫩的臀肉随着痉挛的节律反复地夹紧又松弛，小小的脚背向下绷直，脚趾一根根用力向内蜷曲扣紧。\n熟习吞吐的{anal}有节奏地翕动收放，较为明显的肠液顺着这规律的抽缩从幼小的穴口溢流而出，缓缓淌过稚嫩的股沟，在娇小的臀间留下一道湿润的痕迹。\n涨红的稚气小脸紧紧蹙着眉，急促而失序的呼吸让单薄的胸口剧烈起伏，纤细的手指痉挛似地收拢攥紧又缓缓松开，幼小的躯体在这次标准绝顶的余波中反复地颤栗着。

1111,action_part_a_orgasm_normal_B,0,CVP_A2_T|104_E_1&CVP_A2_A|5_LE_3,{TargetName}青春的娇躯猛地绷紧了一瞬，{anal}随即强烈而有节奏地痉挛收缩起来，环状的括约肌一圈圈反复翕张绞紧，将那处小口收缩成密集抽动的模样。\n少女紧实的小腹随着收缩的节奏反复向内抽搐，青涩平坦的腹部肌肤一起一伏地颤动个不停。\n两条充满活力的纤细长腿本能地绷直又紧夹，膝盖颤巍巍地并拢在一起，脚尖不受控制地向下绷伸，脚趾一根根蜷缩扣紧。\n少女圆翘的臀肉随着{anal}的抽搐一下下地夹紧又松开，腰部明显地向上弓起一道弧线，随后又软软塌落。\n一缕黏腻的肠液顺着抽搐的{anal}边缘较为明显地溢出流淌，沿着青春的腿根缓缓淌下，濡湿了一小片细嫩的肌肤。\n她的呼吸骤然变得急促而失序，胸口大幅起伏，青春的身躯在这阵完整的高潮痉挛中不受控制地颤抖，直到{anal}的收缩渐渐平息才慢慢松弛下来。
1112,action_part_a_orgasm_normal_B,0,CVP_A2_T|104_E_1&CVP_A2_A|5_LE_3,青春靓丽的{TargetName}腰肢陡然一挺，{anal}紧接着一阵接一阵地剧烈收缩，紧致的括约肌有节律地绞缩翕合，把那圈嫩肉一次次揪紧又松开。\n少女纤细的腰腹猛地绷紧，青涩的小腹反复地向内凹陷抽搐，一道道细密的颤栗顺着腹肌蔓延开来。\n她青春的双腿绷得笔直，大腿内侧的嫩肉紧紧相夹，两膝抖动着靠拢，纤细的脚背向下绷伸，脚趾深深地蜷曲扣入。\n浑圆的少女臀部随着{anal}的抽缩节奏一收一放地颤动，腰背弓成明显的弧度后又缓缓塌软下去。\n明显增多的肠液自翕张的{anal}处溢淌而出，顺着紧实的腿缝蜿蜒滑落，在青春的肌肤上留下湿亮的痕迹。\n急促紊乱的喘息从她起伏的胸膛间断续溢出，纤秀的手指死死攥紧收拢，指节泛白，充满活力的娇躯在这场完整的绝顶里剧烈颤动了许久才渐渐平复。
1113,action_part_a_orgasm_normal_B,0,CVP_A2_T|104_E_1&CVP_A2_A|5_LE_3,{TargetName}花季的身子无法自控地弓了起来，{anal}随之强烈痉挛，一圈紧窄的括约肌反复地绞紧翕张，密集地抽搐收缩个不停。\n少女青涩紧绷的小腹一下下地向内抽缩，平坦的腹部肌肉不受控制地反复痉挛起伏。\n她纤细修长的双腿本能地绷紧夹合，圆润的膝盖颤抖着相互抵住，脚踝绷起紧致的线条，脚趾向内狠狠蜷起。\n青春圆翘的臀瓣随着{anal}的收缩节律紧了又松，腰部明显地向上弓成弧形，随后又乏力地软落回去。\n较为明显的一股肠液顺着抽动的{anal}缓缓渗溢流出，沿着少女光洁的大腿内侧淌下，沾湿了嫩白的一片皮肤。\n她的呼吸急促而散乱，青春的胸脯剧烈起伏，纤细的手指痉挛似地收拢蜷缩，整副青涩靓丽的娇躯在完整剧烈的颤抖中持续了好一阵才慢慢归于平静。
1114,action_part_a_orgasm_normal_B,0,CVP_A2_T|104_E_1&CVP_A2_A|5_LE_3,{TargetName}朝气蓬勃的娇躯骤然一僵，{anal}立时强烈而规律地痉挛收缩，紧窄的括约肌一下下地翕张绞合，将那处小穴收束成不停抽搐的模样。\n少女纤细的小腹随之反复地向内抽紧，青春平坦的腹部肌肤一波波地起伏颤动。\n两条富有弹性的长腿绷直又向内夹拢，纤秀的双膝颤颤地并贴，脚尖绷伸而下，脚趾蜷曲着紧紧扣起。\n她浑圆挺翘的臀部跟着{anal}的抽缩一收一放地轻颤，腰身明显向上弓成弓状，随即又缓缓塌软。\n溢出的肠液比先前更为明显，顺着翕动的{anal}边缘淌落，沿着青春的腿根缓缓流下，在细嫩的肌肤上洇开湿痕。\n她的呼吸变得急促而毫无章法，胸口剧烈起伏，充满青春活力的身躯在这场完整的绝顶痉挛中一阵阵地颤栗，良久才随着{anal}收缩的止歇而松弛下来。
1115,action_part_a_orgasm_normal_B,0,CVP_A2_T|104_E_1&CVP_A2_A|5_LE_3,{TargetName}青涩的身躯陡然绷成一条直线，{anal}紧跟着一波波地强烈痉挛，环形的括约肌有节奏地反复绞紧松弛，密集而有力地翕张抽动。\n少女紧实的小腹反复地向内收缩抽搐，青春的腹部肌肉不受控制地一阵阵痉挛起伏。\n她纤长的双腿绷得笔直又用力夹合，圆嫩的膝盖相互颤抖着抵紧，脚背向下绷直，脚趾一根根深深蜷缩。\n青春饱满的臀肉随着{anal}的收缩节律紧缩又松开，腰部高高弓起后又疲软地塌落回去。\n明显的肠液从抽搐的{anal}处溢淌而出，顺着少女光滑的腿缝蜿蜒滑落，濡湿了一小片青春的嫩肤。\n急促失序的喘息从她起伏的胸膛间不断漏出，纤细的十指痉挛般攥拢收紧，整个洋溢着青春气息的娇躯在完整而剧烈的高潮颤抖中持续许久，方才缓缓平静下来。
1116,action_part_a_orgasm_normal_B,0,CVP_A2_T|103_E_1&CVP_A2_T|1_E_0&CVP_A2_A|10_G_3&CVP_A2_A|10_LE_6,稚嫩娇小的{TargetName}忽然剧烈地颤动起来，{anal}强烈而有节奏地一阵阵痉挛收缩，稚气未脱的括约肌反复翕张绞紧，把那一圈幼嫩的软肉一次次深深地箍拢又松开。\n刚开始发育的小腹随着这股节律反复向内抽搐，扁平幼嫩的肚皮不受控制地起伏颤动，纤细的腰肢明显地向上弓起了一道弧线，稚嫩的脊背绷成一道紧绷的曲线。\n两条细若嫩藕的小腿本能地绷直又蜷缩，稚嫩的脚趾用力地向内扣拢蜷曲，纤细的手指痉挛似地攥紧，指节因为使劲而泛出青白。\n随着{anal}一下下有力的绞缩，一缕温热的肠液较为明显地从穴口溢淌出来，顺着幼嫩的臀缝缓缓向下流，沾湿了那一小片稚嫩的肌肤。\n娇小的胸口随着急促失序的呼吸剧烈起伏，稚气的小脸绷得通红，整具正在发育的娇躯在这场完整的绝顶里持续地颤栗抽搐，久久才慢慢平复下来。
1117,action_part_a_orgasm_normal_B,0,CVP_A2_T|103_E_1&CVP_A2_T|1_E_0&CVP_A2_A|10_G_3&CVP_A2_A|10_LE_6,{TargetName}幼小的身躯猛地绷紧，随即一波接一波地剧烈痉挛起来，{anal}有节奏地强烈收缩，稚嫩的括约肌像是熟练地一圈圈绞紧又缓缓松弛，反复地翕合吮吸。\n初现少女轮廓的小腹一下下向内深深抽紧，柔嫩的腹肌成串地抽搐颤动，娇嫩的腰肢明显地拱起后又反复起伏，整条稚气的背脊绷成一道弓形。\n纤细的双腿失去章法地绷直又并拢，幼嫩的膝盖颤巍巍地相互磕碰，小巧的脚背向下绷直，脚趾一根根用力地蜷曲扣紧。\n伴着{anal}一阵阵熟练而有力的绞缩，较多的黏腻肠液顺着抽搐的节律从穴口涌淌而出，沿着幼嫩的股沟蜿蜒滑落，在稚嫩的肌肤上留下一道湿亮的痕迹。\n娇小的双肩随着紊乱急促的喘息大幅耸动，稚嫩的手指死死攥住手边的一切，整具幼小的身子在完整而剧烈的绝顶中一下下抽搐痉挛，好一会儿才渐渐松软下来。
1118,action_part_a_orgasm_normal_B,0,CVP_A2_T|103_E_1&CVP_A2_T|1_E_0&CVP_A2_A|10_G_3&CVP_A2_A|10_LE_6,身材娇小的{TargetName}倏地一僵，紧接着整具娇躯被一阵阵强烈的痉挛攫住，{anal}有力而规律地收紧又放松，稚嫩的括约肌像是驾轻就熟地一层层绞拢，把穴口箍成细密颤动的褶皱。\n幼嫩扁平的小腹随着节律反复向内抽缩，尚在发育的肚皮成波地起伏颤抖，纤细稚气的腰身高高弓起，随后又软软塌落，如此反复了好几回。\n两条纤细的嫩腿绷得笔直又猛地蜷起，稚嫩的脚踝处绷起细细的筋线，小小的脚趾无意识地向内抠握蜷缩成一团。\n随着{anal}一次次熟练的翕张绞紧，温热黏稠的肠液较为明显地渗涌而出，顺着幼滑的臀缝缓缓淌下，将那一小块稚嫩的皮肉浸得湿漉漉的。\n单薄的胸脯随着断续急促的呼吸剧烈起伏，稚嫩的脸颊涨得绯红，纤细的手指痉挛般地屈曲蜷紧，整个幼小的身躯在这场标准的绝顶里持续地颤动抽搐，许久方才缓缓归于平静。
1119,action_part_a_orgasm_normal_B,0,CVP_A2_T|103_E_1&CVP_A2_T|1_E_0&CVP_A2_A|10_G_3&CVP_A2_A|10_LE_6,{TargetName}幼嫩的娇躯毫无预兆地剧烈抖动起来，{anal}一阵接一阵地有节奏地强力痉挛，稚气的括约肌熟稔地一下下绞紧收缩，将那圈幼嫩的软肉反复地吮拢又舒张。\n刚发育的小腹随着这股节奏反复向内深深抽搐，娇嫩的腹部肌肉成串地绷紧又颤抖，纤细的腰肢明显地向上挺弓，稚嫩的脊柱绷成一道紧绷的弧线后又缓缓塌软。\n两条细嫩的小腿失控地绷直又向内夹拢，幼嫩的大腿根相互紧贴摩挲，小巧的脚趾一根根用力地向内勾扣蜷曲。\n伴着{anal}规律有力的一次次绞缩，较明显的一股温热肠液从穴口溢淌而出，沿着稚嫩滑腻的股缝缓缓滑落，在幼嫩的肌肤上洇开一小片湿意。\n娇小的胸口随着急促而失序的喘息大幅起伏，稚气未褪的小脸红得发烫，纤细的双手死死掐住手边之物，整具发育中的娇躯在完整的高潮中不住地抽搐痉挛，良久才慢慢舒缓下来。
1120,action_part_a_orgasm_normal_B,0,CVP_A2_T|103_E_1&CVP_A2_T|1_E_0&CVP_A2_A|10_G_3&CVP_A2_A|10_LE_6,娇小稚嫩的{TargetName}猛地绷起了整个背脊，随即一波波强烈的痉挛席卷全身，{anal}强而有节律地收缩绞紧，稚嫩的括约肌熟练地一圈圈翕合吮吸，把穴口箍成细密而急促颤动的褶纹。\n初显少女曲线的小腹反复地向内抽紧，幼嫩的肚皮不受控制地成波抖动，纤细的腰身明显地弓起又反复起落，稚气的脊线绷得笔直而颤栗。\n两条纤细的嫩腿本能地绷直蜷起，稚嫩的膝头颤颤地相互磕碰并拢，小小的脚背向下绷直，脚趾用力地向内抠拢扣紧。\n随着{anal}一下下熟稔有力的绞缩蠕动，温热黏腻的肠液较为明显地涌淌出来，顺着幼滑的臀缝一路蜿蜒淌下，将那片稚嫩的肌肤浸润得湿亮。\n单薄的双肩随着紊乱急促的呼吸剧烈耸动，稚嫩的手指痉挛似地攥紧又松开，指节泛出青白，整具幼小娇嫩的身躯在这场典型完整的绝顶中久久地抽搐颤动，好一阵子才渐渐平复。

1121,action_part_a_orgasm_normal_B,0,CVP_A2_T|104_E_1&CVP_A2_T|1_E_0&CVP_A2_A|10_G_3&CVP_A2_A|10_LE_6,{TargetName}青春的娇躯在这一刻猛地绷紧，{anal}强烈而有节奏地痉挛收缩起来，一圈括约肌反复地翕张绞紧，将那处收得密不透风又骤然松开，如此往复不停。\n少女平坦紧实的小腹随着这阵痉挛一下下地向内深深抽缩，光洁富有弹性的腹部肌肤剧烈地起伏抽搐，腰肢猛然向上弓起一道明显的弧度，脊背绷成紧张的曲线。\n两条青春修长的腿死死绷直，纤细的脚趾用力向内蜷曲扣紧，大腿的肌肉一阵阵不受控制地颤抖，膝盖也随之微微打颤。\n随着{anal}一次次收缩绞紧，明显的一股肠液顺着穴口溢淌而出，缓缓流过股缝，在紧致的臀肉上留下一道湿亮的痕迹。\n她的呼吸骤然变得急促而失序，胸口大幅起伏喘动，纤细的双手不受控制地攥紧收拢，指节因为用力而微微发白，整副充满青春活力的身躯在这场完整的绝顶中剧烈颤栗着。
1122,action_part_a_orgasm_normal_B,0,CVP_A2_T|104_E_1&CVP_A2_T|1_E_0&CVP_A2_A|10_G_3&CVP_A2_A|10_LE_6,随着一波完整的绝顶汹涌袭来，{TargetName}正值花季的身体骤然弓成一张紧绷的弓，{anal}一下下强烈地痉挛绞缩，括约肌以清晰的节律反复收紧又松开，将穴口密密地箍拢起来。\n少女紧实平坦的小腹反复地深深抽搐，嫩滑而富有弹性的腹部肌肤剧烈起伏，两侧腰窝的肌肉一阵阵绷紧又颤动，纤腰不由自主地扭动着挺送。\n青春靓丽的双腿绷得笔直，脚背用力向下压绷，脚趾痉挛似地蜷曲收拢，圆润的臀肉随着{anal}的收缩节奏一下下地夹紧又颤抖。\n一缕缕黏腻的肠液被这阵绞缩挤压出来，明显地从穴口溢出淌落，顺着大腿内侧青春的肌肤蜿蜒流下，留下湿润的印迹。\n她急促而紊乱地喘息着，胸膛剧烈起伏，脸颊迅速漫开一片潮红，纤细的手指深深蜷进掌心攥成拳，整个充满活力的少女躯体在这场标准的绝顶里不受控制地颤抖着。
1123,action_part_a_orgasm_normal_B,0,CVP_A2_T|104_E_1&CVP_A2_T|1_E_0&CVP_A2_A|10_G_3&CVP_A2_A|10_LE_6,{TargetName}年轻的身躯猛然一僵，紧接着{anal}便强烈而有节奏地一阵阵痉挛收缩，那圈括约肌反复地翕张、绞紧，一次次将穴口收束得紧密无隙又骤然放松。\n少女柔韧的腰肢明显地向上弓起，整条脊背绷成一道紧张的弧线，青春紧致的小腹随之反复向内抽搐，光滑的腹部肌肤一下下颤动起伏。\n她的四肢在这阵高潮里绷得死紧，修长的双腿微微打颤，脚趾用力向内扣拢蜷缩，大腿根部的肌肉一波波不受控制地抽搐颤栗。\n伴着{anal}节律性的绞缩，较为明显的一股肠液自穴口缓缓溢淌而出，浸润过收紧的臀缝，在富有弹性的肌肤上留下亮晶晶的湿痕。\n呼吸变得又急又乱，胸口大幅起伏喘动，纤纤十指反射性地收拢攥紧，指节泛白，整副青春的身体在这场完整绝顶的余波中一下下地轻颤抽动。
1124,action_part_a_orgasm_normal_B,0,CVP_A2_T|104_E_1&CVP_A2_T|1_E_0&CVP_A2_A|10_G_3&CVP_A2_A|10_LE_6,一阵完整的绝顶将{TargetName}花季的娇躯彻底攫住，{anal}骤然强烈地痉挛起来，一圈括约肌以鲜明的节奏反复绞紧松开，将穴口一次次密密地收束又翕张。\n少女富有弹性的小腹反复深深地向内抽缩，平坦紧实的腹部肌肤剧烈地颤动起伏，纤细的腰肢明显向上挺弓，随后又随着痉挛的节拍轻轻摆动。\n青春修长的双腿本能地绷直收紧，脚趾痉挛般向内蜷曲，圆翘的臀肉一下下夹紧又松开，大腿内侧的嫩肉不住地颤抖。\n随着{anal}一波波有力的绞缩，明显增多的肠液从穴口涌溢而出，缓缓地淌过股沟，将青春细嫩的臀间肌肤浸得一片湿亮。\n她急促失序地喘着气，胸膛不停起伏，脸上浮起潮红，双手无意识地攥紧收拢，整个青春靓丽的身躯在这标准而剧烈的高潮中反复颤栗着，久久不能平息。
1125,action_part_a_orgasm_normal_B,0,CVP_A2_T|104_E_1&CVP_A2_T|1_E_0&CVP_A2_A|10_G_3&CVP_A2_A|10_LE_6,{TargetName}青春的身体在绝顶来临的瞬间猛地绷紧颤抖，{anal}强烈而规律地痉挛收缩，括约肌反复地绞紧翕张，一次次将穴口箍拢得密不透风，随即又松弛开来。\n少女紧实光洁的小腹一下下地剧烈抽搐，富有弹性的腹部肌肤大幅起伏，柔嫩的腰肢明显向上弓起，脊背绷成一道紧张的弧度后又微微软落。\n她修长匀称的双腿死死绷直，纤细的脚趾用力蜷曲扣紧，两条大腿的肌肉一阵阵失控地颤抖，青春圆润的臀部随{anal}的收缩节奏反复夹紧抖动。\n伴随着这一阵阵有节律的绞缩，较明显的肠液自穴口溢出流淌，顺着紧致的臀缝缓缓下滑，在少女嫩白的肌肤上留下湿润的痕迹。\n急促紊乱的呼吸让胸口不住起伏喘动，脸颊漫上绯红，纤细的手指深深收拢攥成半拳，指节泛白，整副洋溢着青春气息的娇躯在这场完整绝顶里一波波地颤栗抽动。

1126,action_part_a_orgasm_normal_B,0,CVP_A2_T|105_E_1&CVP_A2_T|1_E_0&CVP_A2_A|10_G_3&CVP_A2_A|10_LE_6,{TargetName}成熟丰盈的娇躯毫无预兆地剧烈震颤起来，{anal}随之强烈而有节奏地痉挛收缩，那圈已被开发得柔顺的括约肌熟练地反复翕张绞紧，一下接一下地绞缩吮吸。\n她成熟修长的双腿骤然向内绷直夹拢，圆润的膝盖因为用力而颤巍巍地并贴，脚尖也不受控制地向下绷紧，脚趾一根根蜷曲扣拢。\n丰满圆翘的臀肉随着{anal}的收缩节奏一抽一抽地弹动，饱满的腰肢明显地向上弓起一道弧度，光洁的小腹反复地向内抽搐痉挛，成熟的腹肌一层层收紧起伏。\n伴随着{anal}那有经验般张弛有度的绞紧，一缕黏腻的肠液较为明显地从穴口溢出流淌，顺着丰腴的臀缝缓缓淌下，沾湿了一片细腻的肌肤。\n她成熟的胸膛随着急促失序的喘息大幅起伏，四肢绷紧后又不住地细细颤抖，整副丰满的身躯在这场完整的绝顶中反复痉挛，直至余韵一点点退去才慢慢瘫软下来。
1127,action_part_a_orgasm_normal_B,0,CVP_A2_T|105_E_1&CVP_A2_T|1_E_0&CVP_A2_A|10_G_3&CVP_A2_A|10_LE_6,随着一阵完整的绝顶席卷而来，{TargetName}丰满成熟的身子猛地绷紧弓起，{anal}强烈地痉挛翕动着，被调教得熟稔的括约肌一圈圈规律地绞紧又松开，那有经验的后穴自发地收放自如。\n两条丰腴的长腿失控地颤抖着向内并拢，大腿内侧成熟温软的肌肤紧紧贴合挤压，脚背反射性地绷直，脚趾深深地向内蜷缩扣紧。\n她圆润饱满的臀部随着{anal}的抽缩一下下地收紧颤动，成熟流畅的腰身反复地向上弓起，紧绷的小腹一阵阵地抽搐收缩，腹部细腻的肌肉不受控制地起伏痉挛。\n{anal}深处涌出的肠液比方才明显了许多，温热黏滑地顺着穴口溢淌而下，在丰腴的臀缝间留下一道湿亮的痕迹。\n急促而紊乱的呼吸让她成熟的肩背剧烈起伏，绷紧的四肢在高潮的浪潮里不住颤栗，整个丰盈的躯体一次次痉挛，直到这场典型的绝顶余波散尽才缓缓松弛平复。
1128,action_part_a_orgasm_normal_B,0,CVP_A2_T|105_E_1&CVP_A2_T|1_E_0&CVP_A2_A|10_G_3&CVP_A2_A|10_LE_6,{TargetName}那具兼具成熟与青涩的娇躯陡然剧烈一颤，{anal}便强烈而有节律地收缩起来，已适应良好的括约肌熟练地一张一合，反复绞紧吮吸，把整圈嫩肉都绞得规律地翕动。\n她成熟修长的双腿绷得笔直，随即又颤抖着向内夹拢，圆嫩的膝盖相互抵紧，纤长的脚踝绷起了细腻的线条，脚趾一下下地蜷曲又张开。\n丰润圆翘的臀瓣随着{anal}的痉挛频率细密地抖动，饱满的腰肢深深地向上弓成一道弧线，光滑的小腹反复而剧烈地向内抽搐，成熟的腹肌绷紧收缩个不停。\n一股明显的肠液从翕张的{anal}中溢涌而出，黏腻温热地缓缓流淌下来，将丰腴细腻的臀缝浸润得湿润发亮。\n她的呼吸急促而失序，成熟的胸口大幅起伏喘动，绷紧的四肢一阵阵地细颤，整副丰满的躯体在这完整的绝顶反应里反复颤栗，良久才随着{anal}的平息缓缓软落。
1129,action_part_a_orgasm_normal_B,0,CVP_A2_T|105_E_1&CVP_A2_T|1_E_0&CVP_A2_A|10_G_3&CVP_A2_A|10_LE_6,完整的绝顶毫无保留地攫住了{TargetName}，她成熟丰盈的身躯骤然弓起绷紧，{anal}强烈而有节奏地痉挛绞缩，那被开发得柔顺熟稔的括约肌一圈圈地翕张收紧，熟练地反复吞吐绞吮。\n她丰腴的双腿失控地绷直又向内并拢，成熟饱满的大腿相互挤压贴合，膝盖颤巍巍地抵在一起，脚尖向下绷紧，脚趾深深蜷曲扣拢。\n圆润丰满的臀肉随着{anal}的收缩一抽一抽地弹颤，流畅成熟的腰肢反复深深弓起，紧实的小腹一下下地向内抽搐痉挛，细腻的腹部肌肉层层收紧起伏。\n随着{anal}张弛有度的绞紧，温热的肠液较为明显地涌出溢淌，顺着丰腴的臀缝蜿蜒而下，沾湿了一大片成熟细嫩的肌肤。\n急促紊乱的喘息让她成熟的胸膛剧烈起伏，绷紧的四肢在余韵中不住颤抖，整个丰满的身子反复痉挛良久，才随着高潮退去慢慢瘫软平息。
1130,action_part_a_orgasm_normal_B,0,CVP_A2_T|105_E_1&CVP_A2_T|1_E_0&CVP_A2_A|10_G_3&CVP_A2_A|10_LE_6,{TargetName}丰满成熟的娇躯没能压住这场完整的绝顶，猛地一下剧烈震颤起来，{anal}强烈地收缩痉挛，那有经验的后穴熟练地放松又收紧，括约肌一圈圈规律地绞缩翕张，把嫩肉绞得紧密而有节奏。\n她成熟修长的两腿绷紧后颤抖着夹拢，丰腴的大腿内侧紧紧贴合摩挲，圆润的膝盖并贴发颤，脚背绷直，脚趾一根根向内蜷曲抠紧。\n饱满圆翘的臀部随着{anal}的抽缩细密地颤动弹跳，成熟的腰身一次次向上弓起绷紧，光洁的小腹反复而明显地向内抽搐收缩，腹肌不受控制地起伏痉挛。\n一缕缕明显的肠液自翕动的{anal}中溢流而出，黏滑温热地缓缓淌落，在丰腴的臀缝与大腿间留下湿亮的痕迹。\n她成熟的肩颈随着急促失序的呼吸剧烈起伏，四肢绷紧后又不停地细细发颤，整副丰盈的身躯在这典型完整的绝顶浪潮里反复颤栗，直至余波尽数退散才缓缓松软下来。
1131,action_part_a_orgasm_normal_B,0,CVP_A2_T|106_E_1&CVP_A2_T|1_E_0&CVP_A2_A|10_G_3&CVP_A2_A|10_LE_6,成熟丰盈的{TargetName}腰肢骤然剧烈地弓起，{anal}强烈而有节奏地一阵阵痉挛收缩，饱经开发的括约肌反复地翕张绞紧，一圈圈规律地绞缩起来。\n她丰腴圆润的臀肉随着这节律深深地向内绞夹，成熟的臀瓣绷紧又松弛，反复地起伏抖动，腰窝处的肌肉随之一下下地深陷。\n两条丰满修长的大腿本能地向内并拢又用力蹬直，圆腻的腿肉相互挤压颤动，脚趾在成熟的绷紧中向内深深蜷曲扣拢。\n随着{anal}那一波波熟练的绞缩，温热黏腻的肠液较明显地自穴口溢淌而出，顺着丰腴的臀缝缓缓流下，在成熟的肌肤上留下一道湿润的痕迹。\n她成熟的小腹反复地向内抽搐收紧，丰满的胸膛随着急促失序的呼吸剧烈起伏，面庞漫开一片深重的潮红，眼角沁出细密的水汽，丰润的双唇微微张开着轻轻颤动。
1132,action_part_a_orgasm_normal_B,0,CVP_A2_T|106_E_1&CVP_A2_T|1_E_0&CVP_A2_A|10_G_3&CVP_A2_A|10_LE_6,{TargetName}成熟的娇躯在这一刻猛地绷紧，{anal}深处涌起一阵强烈而规律的痉挛，久经开发的后穴张弛有度地一圈圈绞缩翕张，括约肌熟稔地反复收放绞紧。\n她丰腴的腰肢明显地向上弓起一道弧线，成熟饱满的臀部随着{anal}的收缩节奏一下下地向内夹紧又松开，圆润的臀肉不受控制地颤动起伏。\n修长丰满的双腿绷得笔直，又本能地向内交叠夹拢，圆腻的大腿内侧相互贴合摩挲，脚背向下绷直，脚趾无声地蜷缩扣紧。\n伴着{anal}一波接一波从容的绞缩蠕动，微稠的肠液顺着穴口较明显地渗涌溢出，沿着丰腴的腿根内侧蜿蜒淌下，浸润出一片湿亮的痕迹。\n她成熟丰盈的小腹一下下地深深内陷抽搐，光洁的肌肤随之细密颤抖，呼吸急促而失序，面颊烧起深重的绯红，眼神略显涣散地失焦，丰润的唇瓣微启轻颤。
1133,action_part_a_orgasm_normal_B,0,CVP_A2_T|106_E_1&CVP_A2_T|1_E_0&CVP_A2_A|10_G_3&CVP_A2_A|10_LE_6,骤然袭来的绝顶让{TargetName}成熟的身躯剧烈一震，{anal}强烈地一阵阵痉挛收紧，历经开发的肠壁有节律地深深蠕动挤压，括约肌反复翕张，熟练地一圈圈绞缩闭合。\n她丰腴圆翘的臀部高高绷起，随即又随着{anal}的抽缩节奏深深地向内夹陷，成熟的臀肉一下下地绷紧再松弛，腰腹之间的肌肉规律地收紧。\n两条成熟修长的腿反射性地绷直蹬展，圆润的膝盖颤颤地相互靠拢，脚踝绷起细腻的肌肉线条，脚趾在痉挛中向内深深勾扣蜷曲。\n随着{anal}那一下下熟稔而深沉的绞蠕，温润黏腻的肠液较为明显地自穴口溢流而出，顺着丰腴饱满的臀缝缓缓下淌，将成熟的肌肤浸出一道湿痕。\n成熟的腰身反复地弓起又落下，丰满的胸脯随急促的喘息大幅起伏，面庞潮红弥漫，眉头轻蹙，眼角渗出点点湿意，丰润的嘴唇因失序的呼吸而微微张合颤抖。
1134,action_part_a_orgasm_normal_B,0,CVP_A2_T|106_E_1&CVP_A2_T|1_E_0&CVP_A2_A|10_G_3&CVP_A2_A|10_LE_6,{TargetName}丰腴成熟的躯体毫无预兆地弓成一道弧，{anal}猛地爆发出强烈而有节奏的连串痉挛，早已适应的后穴熟练地一圈圈绞缩翕张，括约肌反复地绞紧又舒张，规律地收放不停。\n她成熟圆润的臀瓣随着{anal}的收缩深深地向内绞夹，饱满的臀肉一波波地紧绷又松弛，腰窝处的成熟肌肉随之一下下深陷抽动。\n丰满修长的双腿本能地向内并拢又用力绷直，圆腻的腿肉相互挤压贴合，脚尖向下绷紧，脚趾无声地蜷曲扣拢成一团。\n伴着{anal}从容不迫的一波波绞蠕收缩，黏腻温热的肠液较明显地渗溢流出，沿着丰腴腿根内侧的曲线缓缓淌落，在成熟温软的肌肤上洇开一片湿润。\n她成熟的小腹规律地向内抽搐收紧，光滑的腹肌一下下颤动起伏，呼吸变得急促而紊乱，深重的绯红漫上面颊颈项，眼神微微失焦涣散，丰润的双唇轻轻开合着颤抖。
1135,action_part_a_orgasm_normal_B,0,CVP_A2_T|106_E_1&CVP_A2_T|1_E_0&CVP_A2_A|10_G_3&CVP_A2_A|10_LE_6,随着绝顶的冲击，{TargetName}成熟丰盈的身子猛然一僵，{anal}强烈而有规律地一阵阵剧烈痉挛，久经开发的肠道张弛有度地深深蠕动绞缩，括约肌熟稔地反复翕张收紧。\n她丰腴饱满的臀部随{anal}的节律一下下地向内深夹，成熟圆翘的臀瓣绷紧后又松软，反复地起伏颤抖，腰肢明显地向上弓起再缓缓落下。\n两条成熟修长的大腿绷直又向内交叠夹合，圆润丰腴的腿肉相互挤压摩擦，膝盖颤巍巍地并拢，脚背绷直，脚趾向内深深蜷缩勾扣。\n随着{anal}那熟练而深沉的一圈圈绞缩，微稠温润的肠液较为明显地自穴口溢淌而出，顺着丰满的臀缝与腿根缓缓流下，留下一道湿亮的痕迹。\n她成熟的小腹反复地内陷抽搐，丰满的胸膛随急促失序的呼吸剧烈起伏，面庞烧起浓重的潮红，眼角沁出细密水光，丰润的唇瓣微张着不住地轻颤。

1136,action_part_a_orgasm_normal_B,0,CVP_A2_T|107_E_1&CVP_A2_T|1_E_0&CVP_A2_A|10_G_3&CVP_A2_A|10_LE_6,成熟的人妻{TargetName}丰腴的身躯猛地绷紧起来，{anal}骤然爆发出一阵强烈而有节奏的痉挛收缩，括约肌一圈圈反复地翕张绞紧，那圈熟练的软肉一收一缩地深深内吸又猛地绞拢，将高潮的节律清晰地一波波传递出来。\n丰满的腰肢明显地向上弓起一道深弧，成熟圆润的小腹随之反复抽搐蠕动，一层薄汗浮上光洁的腹肌，随着收缩的节拍细密地起伏颤动。\n两条丰腴的大腿本能地向内夹紧又不受控制地打颤，圆翘饱满的臀肉一收一放地绷紧抽动，脚趾狠狠向内蜷缩扣拢，脚踝绷出紧张的线条。\n伴着{anal}一次次深长的绞缩，温热黏腻的肠液较为明显地从深处渗流而出，顺着股缝缓缓溢淌下去，濡湿了一片成熟的臀肉。\n她成熟的面庞骤然涨红，眉头紧紧蹙起又颤抖着舒展，丰润的唇瓣微微张开急促地喘息，呼吸彻底失了序，双手无力地攥紧又松开，整副丰盈的躯体在这场完整的绝顶里剧烈地颤栗着。
1137,action_part_a_orgasm_normal_B,0,CVP_A2_T|107_E_1&CVP_A2_T|1_E_0&CVP_A2_A|10_G_3&CVP_A2_A|10_LE_6,已为人妻的{TargetName}丰润饱满的躯体陡然一僵，{anal}随即强烈地痉挛起来，那圈被反复开发过的熟软媚肉轻车熟路地一波波收紧又松开，有节奏地深深绞吸，括约肌一下下翕合绞拢，将绝顶的震颤密密地释放出来。\n成熟的腰身骤然弓成一道明显的弧线，随后又软软塌下，丰腴的小腹反复地向内抽缩痉挛，肚脐周围的软肉一阵阵细密地颤动。\n修长丰满的双腿绷得笔直又不住地哆嗦，圆熟的臀瓣随着{anal}的节律一紧一颤，脚趾蜷曲抠紧，小腿肚的肌肉一下下绷起又松弛。\n随着后穴一轮轮熟练的绞缩，黏稠温热的肠液顺着收缩被一点点挤淌出来，明显地沾湿了臀缝深处，缓缓向下流淌成一道湿痕。\n她成熟妩媚的脸上泛起浓重的潮红，眼角沁出细微的水光，丰唇失神地半张着断续喘息，颈项后仰绷紧，双手死死掐住身侧，成熟的身躯在这一场完整绝顶中止不住地起伏颤抖。
1138,action_part_a_orgasm_normal_B,0,CVP_A2_T|107_E_1&CVP_A2_T|1_E_0&CVP_A2_A|10_G_3&CVP_A2_A|10_LE_6,成熟风韵的{TargetName}丰腴腰身猛然一挺，{anal}爆发出一连串强而有律的收缩痉挛，那圈熟稔的软肉自如地一开一合，深处的肠壁有节奏地蠕动绞紧，括约肌反复地翕张吮吸，把高潮的波动一轮轮地传导出来。\n丰润的脊背弓起一道深深的弯弧，成熟的小腹一下下向内抽搐收紧，腹部圆润的软肉随着痉挛的节拍不停地起伏颤栗。\n两条丰满的美腿本能地绷直又剧烈发颤，饱满圆挺的臀肉紧紧收拢又一放一收，脚背绷得笔直，脚趾用力蜷起抠住。\n伴着{anal}一次次娴熟深长的绞缩，温热的肠液较为明显地从深处溢流而出，顺着丰腴的股沟缓缓淌落，在成熟的臀肌上留下亮晶晶的湿痕。\n她成熟的眉眼紧蹙又颤颤舒展，绯红爬满了脸颊与耳根，丰唇微启喘息急促而紊乱，双手攥紧又无力松开，整副成熟丰盈的身子在这完整的绝顶中一波波颤动不止。
1139,action_part_a_orgasm_normal_B,0,CVP_A2_T|107_E_1&CVP_A2_T|1_E_0&CVP_A2_A|10_G_3&CVP_A2_A|10_LE_6,身为人妻的{TargetName}成熟丰盈的娇躯剧烈一颤，{anal}强烈地绞缩起来，被良好开发过的柔韧软肉一圈圈熟练地内吸绞拢，有节奏地一紧一松深深吮咬，括约肌反复翕合抽搐，将绝顶的震颤密集地释放而出。\n她丰腴的腰肢明显地向上弓起，随后又颤巍巍软落，成熟圆润的小腹反复地痉挛抽动，一层细汗沿着腹肌的沟壑渗出，随收缩起伏。\n丰满修长的双腿绷紧又不住颤栗，圆熟的臀瓣一下下收紧夹拢，脚趾深深蜷缩扣紧，脚踝处绷起紧绷的筋线。\n随着后穴一波波老练的绞吸，黏腻温热的肠液明显地渗流溢出，顺着饱满的股缝缓缓向下淌落，濡湿了成熟臀肉的一片肌肤。\n她成熟的脸庞骤然潮红一片，眉头紧锁又轻颤舒开，丰润的唇瓣张合着急促失序地喘息，双手无意识地收拢攥紧，成熟丰盈的躯体在这场标准的绝顶高潮里颤抖不息。
1140,action_part_a_orgasm_normal_B,0,CVP_A2_T|107_E_1&CVP_A2_T|1_E_0&CVP_A2_A|10_G_3&CVP_A2_A|10_LE_6,成熟的{TargetName}丰满的身躯陡然弓紧，{anal}爆出一阵强烈而规律的痉挛，那圈历经开发的熟软媚肉轻熟地深深内缩又骤然绞紧，一波接一波地翕张吮吸，括约肌反复地收放抽搐，把完整绝顶的震颤清晰地传送出来。\n丰腴的腰背高高弓起一道弧线，成熟饱满的小腹一阵阵向内抽缩，圆润的肚腹软肉随着痉挛节律不停地颤动起伏。\n两条丰润的长腿本能地并拢绷直又剧烈打颤，圆翘的臀肉一收一放地紧绷抽动，脚趾狠狠向内抠蜷，小腿绷出紧张的线条。\n伴随{anal}一轮轮娴熟深沉的绞缩，温热黏稠的肠液较明显地从深处溢淌而出，顺着成熟的股沟缓缓流下，在丰腴的臀肌上蜿蜒出一道湿亮的痕迹。\n她成熟妩媚的面容涨得通红，秀眉紧蹙又颤颤松开，丰唇半张断续地喘息，呼吸急促而失序，双手攥握又松脱，整副成熟丰盈的身子在这场完整绝顶中久久地颤栗着。

1141,action_part_a_orgasm_normal_B,0,target_is_player_daughter&CVP_A2_T|1_E_0&CVP_A2_A|10_G_3&CVP_A2_A|10_LE_6,{TargetName}青涩单薄的娇躯猛地绷紧成一张满弓，{anal}骤然强烈而有节奏地痉挛收缩起来，那圈稚嫩的括约肌一下下反复翕张、猛力绞紧又倏地松开，如此往复不休。\n少女纤细的腰肢高高弓离而起，绷成一道紧张的弧线，小腹处那片单薄的肌肉不受控制地反复抽搐凹陷，随着后穴的收缩一波接一波地起伏。\n两条稚嫩笔直的长腿死死绷直，脚趾用力地向内蜷曲扣拢，膝盖与大腿的肌肉一阵阵地颤栗抽紧，纤细的手指也无意识地攥成了拳。\n随着{anal}一下下有力的绞缩，微浊温热的肠液较为明显地从穴口渗溢而出，顺着紧夹的臀缝与稚嫩的腿根缓缓淌落，沾湿了一片娇嫩的肌肤。\n她单薄的胸口随着骤然失序的急促呼吸大幅起伏，稚气未脱的面庞上泛起潮红，眉头紧蹙、唇齿微张，整副娇小的身躯在一阵接一阵的颤抖中被高潮彻底攫住。
1142,action_part_a_orgasm_normal_B,0,target_is_player_daughter&CVP_A2_T|1_E_0&CVP_A2_A|10_G_3&CVP_A2_A|10_LE_6,娇小的{TargetName}忽然发出一阵无法自抑的剧烈颤动，{anal}紧接着一波强过一波地收缩绞紧，稚嫩的肛环反复地翕张、闭合、再翕张，规律而有力地一下下抽搐痉挛着。\n青涩纤细的腰背弓起了一道明显的弧度，单薄的小腹随着后穴的每一次绞缩而向内深深收紧，嫩滑的腹肌一下下地抽动收缩。\n少女匀称的双腿绷得笔直而僵硬，两只脚尖死死向下绷直，脚趾蜷缩扣紧，纤细的四肢都随着高潮的浪潮不受控制地细密颤抖。\n伴着{anal}那接连不断的痉挛收缩，一缕缕温热黏腻的肠液顺着穴口溢流出来，明显地沿着娇嫩的臀沟蜿蜒淌下，在稚嫩的腿间留下湿亮的痕迹。\n她的呼吸急促而紊乱，单薄的肩背随之一耸一耸，稚嫩的脸颊烧得通红，双唇无声地翕动着，整个娇弱的身子被这场高潮反应牢牢裹挟。
1143,action_part_a_orgasm_normal_B,0,target_is_player_daughter&CVP_A2_T|1_E_0&CVP_A2_A|10_G_3&CVP_A2_A|10_LE_6,{TargetName}纤弱的身躯陡然一僵，随即{anal}便强烈地痉挛收缩开来，那圈娇嫩的括约肌一收一放地反复绞紧翕张，节奏鲜明地一下下用力箍缩着，久久不能平息。\n她单薄的腰部猛地向上弓离，脊背绷成紧张的弧形，青涩的小腹随着后穴的收缩一阵阵剧烈抽搐，嫩白的肚皮不住地起伏凹陷。\n稚嫩修长的双腿本能地绷紧夹拢，膝盖颤颤地相互抵靠，脚背绷直、脚趾扣紧，纤细的手指死死掐住身边触手可及之物，指节泛出青白。\n随着{anal}一次次有力的绞缩蠕动，温热的肠液较为明显地自穴口涌溢而出，顺着紧绷的臀缝缓缓流淌，将娇嫩的腿根浸出一片湿润。\n单薄的胸膛随着骤乱的喘息剧烈起伏，稚气的面容上眉尖紧锁、朱唇轻颤，整副娇小玲珑的躯体在高潮的一波波冲刷下不停地战栗抽搐。
1144,action_part_a_orgasm_normal_B,0,target_is_player_daughter&CVP_A2_T|1_E_0&CVP_A2_A|10_G_3&CVP_A2_A|10_LE_6,随着一阵猛烈的战栗席卷而来，{TargetName}青涩的娇躯骤然绷紧，{anal}强烈而富有节律地一下下痉挛绞缩，稚嫩的肛口反复地翕合、收紧，一波未平一波又起地抽搐个不停。\n少女纤细的腰肢高高挺起弓离，单薄柔嫩的小腹随着后穴的每次绞紧而深深内凹，一阵阵地剧烈抽动收缩。\n她两条娇嫩的长腿绷得僵直，脚趾用力地蜷曲抠紧，大腿与小腿的肌肉一片片地颤栗绷紧，纤细的双臂也随之不住地打颤。\n伴着{anal}接连的收缩蠕动，微浊温热的肠液明显地从穴口渗淌而出，一缕缕顺着紧夹的稚嫩臀缝缓缓滑落，沾濡了大片娇白的腿根肌肤。\n她单薄的胸口随失序的急促呼吸一起一伏，稚嫩的脸蛋潮红滚烫，秀眉紧蹙、唇瓣微启无声翕动，娇小的身躯自始至终都在这完整而剧烈的高潮里颤抖不止。
1145,action_part_a_orgasm_normal_B,0,target_is_player_daughter&CVP_A2_T|1_E_0&CVP_A2_A|10_G_3&CVP_A2_A|10_LE_6,{TargetName}娇弱单薄的身子毫无预兆地剧烈一颤，紧接着{anal}便强烈地收缩痉挛起来，稚嫩的括约肌一圈圈地反复绞紧又松开，节律分明地用力翕张抽搐，绵延不绝。\n青涩的腰身向上深深弓起，绷成一道紧张的弓弦，单薄的小腹随着后穴的收缩不住地向内抽紧凹陷，嫩滑的腹肌一下下地痉挛起伏。\n纤细稚嫩的双腿绷得笔直僵硬，脚尖向下死死绷直，脚趾蜷缩扣拢，两只小手攥成了紧拳，细嫩的四肢都随着高潮的余波细密地颤栗着。\n随着{anal}一波波有力的绞缩，温热黏腻的肠液较为明显地溢淌而出，顺着娇嫩的臀沟与紧夹的腿缝缓缓淌落，在稚白的肌肤上留下一道道湿亮痕迹。\n她单薄的胸膛随急促紊乱的呼吸剧烈起伏，稚气未脱的面庞烧得通红，眉心紧蹙、双唇无声张合，整副娇小柔嫩的躯体在这场完整的高潮中战栗抽搐良久方才渐渐平息。
1146,action_part_a_orgasm_normal_B,0,CVP_A2_T|102_E_1&CVP_A2_T|1_E_0&CVP_A2_A|10_G_6,娇小稚嫩的{TargetName}整个身子猛地一绷，随即无法自控地剧烈颤抖起来，{anal}强烈而有节奏地痉挛收缩，那圈早已被开发得娴熟的括约肌反复翕张绞紧，一收一放间透出格外熟练的韵律。\n幼小的腹部随着这股节奏反复向内抽搐，稚嫩平坦的小腹肌肉一下下地紧绷又松弛，圆嫩的肚皮不受控制地起伏颤动。\n纤细如藕的双腿本能地向内夹拢绷直，小小的脚趾用力向内蜷缩扣紧，细嫩的脚踝绷成紧张的弧线，两条幼腿从根到尖都被密集的颤栗笼罩。\n粉嫩的小臀随着{anal}的收缩节律一下下地绷紧又抽动，圆翘的臀肉熟练地夹合翕动，一缕温热的肠液顺着{anal}边缘明显地渗流溢淌出来，沿着稚嫩的臀缝缓缓淌下，沾湿了一小片幼嫩的肌肤。\n娇嫩的腰肢明显向上弓起一道弧度，脊背绷得笔直，急促而失序的呼吸令小小的胸口大幅起伏，纤细的手指痉挛似地收拢攥紧，直到这阵完整而剧烈的高潮余波渐渐退去，幼小的身躯才在细密的余颤中慢慢瘫软下来。
1147,action_part_a_orgasm_normal_B,0,CVP_A2_T|102_E_1&CVP_A2_T|1_E_0&CVP_A2_A|10_G_6,小小的{TargetName}发出一声无声的绷紧，幼嫩的躯体骤然弓成紧绷的弧，{anal}随之强烈地一阵阵痉挛绞缩，被充分开发过的肛环娴熟地反复收放翕张，一圈圈有力而规律地绞紧又松开。\n稚气未脱的小腹深深地向内凹陷抽搐，柔软平坦的幼嫩肚皮反复起伏收紧，一波波抽动顺着腹部向下蔓延。\n两条纤细幼小的腿绷得笔直又向内并拢，膝盖颤巍巍地相互抵紧，稚嫩的脚背反射性地向下绷直，脚趾一根根蜷曲扣拢。\n嫩白的小屁股随着{anal}熟练的收缩节奏轻轻抽搐夹合，明显增多的肠液自{anal}深处一股股地涌溢流出，顺着幼嫩的臀沟蜿蜒滑落，在稚嫩的肌肤上留下一道湿亮的痕迹。\n幼小的腰身反复弓起又落下，急促紊乱的喘息使单薄的胸膛剧烈起伏，纤细的手指死死攥紧又缓缓松开，全身的幼嫩肌肉一阵阵不受控制地绷紧颤栗，直至这场完整的绝顶浪潮慢慢平息，娇小的身子才软软地垂落平复。
1148,action_part_a_orgasm_normal_B,0,CVP_A2_T|102_E_1&CVP_A2_T|1_E_0&CVP_A2_A|10_G_6,幼嫩娇小的{TargetName}身躯陡然一僵，紧接着控制不住地大幅颤动起来，{anal}强烈而富有节奏地收缩痉挛，那圈熟极而流的括约肌一张一合地反复绞紧，翕动之间尽显久经开发的娴熟。\n稚嫩的小腹一下下地深陷抽紧，平坦幼小的腹部肌肉反复痉挛收缩，圆润的小肚皮随之起伏抖动。\n细弱的双腿绷直着向内紧夹，小小的膝头抖颤着贴合，纤巧的脚踝紧绷，脚趾用力地向内勾曲扣紧，两条幼腿从大腿到脚尖都笼在密密的颤抖里。\n粉白的小臀熟练地随{anal}的绞缩一收一放，圆嫩的臀肉规律地翕合抽动，较为明显的一注肠液自{anal}缓缓溢淌流出，沿着稚嫩的股缝一路淌下，浸湿了幼小的臀间肌肤。\n娇小的腰肢高高弓起又缓缓软落，凌乱急促的呼吸令幼嫩的胸口一起一伏，细嫩的十指痉挛地收拢握紧，整副娇小幼嫩的身躯在这场完整剧烈的高潮中反复颤栗，待余韵散尽方才慢慢松弛下来。
1149,action_part_a_orgasm_normal_B,0,CVP_A2_T|102_E_1&CVP_A2_T|1_E_0&CVP_A2_A|10_G_6,娇小的{TargetName}猛然浑身一颤，幼嫩的身子无法自制地剧烈抖动，{anal}一阵接一阵地强烈痉挛收紧，被彻底开发过的肛环熟练地反复翕张绞合，收放的节律又急又稳，透着谙熟的力道。\n幼小平坦的腹部反复向内抽搐凹陷，稚嫩柔软的小腹肌肉一波波收紧又放松，嫩滑的肚皮随之细密颤动起伏。\n两条幼细的腿本能地绷直并拢，小小的膝盖颤抖着紧紧相抵，纤细的脚踝绷成紧张的弧度，稚嫩的脚趾一根根向内蜷缩扣牢。\n嫩红的小屁股跟着{anal}娴熟的收缩一下下抽紧夹合，明显可见的肠液自{anal}处一缕缕渗涌溢出，顺着幼小的臀缝缓缓滑落，将稚嫩的臀间肌肤浸得湿亮。\n幼嫩的腰身弓起一道明显的弧线又缓缓落回，急促失序的喘息使单薄幼小的胸膛剧烈起伏，纤弱的手指收拢攥成小小的拳，全身稚嫩的肌肉不受控地一阵阵绷紧发颤，直到这场完整的绝顶余波彻底退去，娇小的身躯才在轻颤中慢慢恢复了平静。
1150,action_part_a_orgasm_normal_B,0,CVP_A2_T|102_E_1&CVP_A2_T|1_E_0&CVP_A2_A|10_G_6,稚嫩幼小的{TargetName}身体霎时绷成一条紧线，旋即失控般地大幅颤栗，{anal}强烈而有节律地痉挛绞紧，那圈开发得极为熟稔的括约肌反复收缩翕张，一绞一放间流露出格外老练的韵律。\n幼嫩的小腹深深地向内抽缩凹陷，平坦稚气的腹部肌肉一次次紧绷抽动，圆嫩的肚皮随之起伏颤抖不止。\n纤细娇小的双腿绷直向内夹拢，稚嫩的膝盖颤颤地并贴相抵，小巧的脚背向下反绷，脚趾使劲向内勾曲扣紧，整条幼腿在密集的颤抖中绷得紧紧。\n粉嫩的小臀随着{anal}熟练的绞缩节奏反复抽紧翕合，一股较为明显的温热肠液自{anal}深处溢流而出，蜿蜒淌过幼小的臀沟，在稚嫩细腻的肌肤上留下湿润的痕迹。\n娇小的腰肢反复弓起又软落，紊乱急促的呼吸令幼嫩的胸口大幅一起一伏，纤嫩的手指痉挛似地收紧攥拢，全身幼小的肌肉一阵阵不受控制地颤抖绷紧，直至这场完整而剧烈的高潮浪潮尽数平息，娇小稚嫩的身子才慢慢瘫软平复下来。

1151,action_part_a_orgasm_normal_B,0,CVP_A2_T|103_E_1&CVP_A2_T|1_E_0&CVP_A2_A|10_G_6,娇小稚嫩的{TargetName}整具身子毫无预兆地剧烈弹动起来，{anal}猛地开始一阵强烈而富有节奏的痉挛收缩，那圈早已被开发得熟练无比的括约肌反复翕张绞紧，一收一放间透出经年累月磨炼出的娴熟力道。\n初现少女轮廓的稚嫩小腹随着这一波波收缩不受控制地反复向内抽搐，嫩白的肚皮细密地起伏颤动，纤细的腰肢猛然向上弓起一道明显的弧线，脊背绷成紧张的曲度迟迟落不下去。\n两条细若嫩藕的小腿骤然绷直又剧烈颤抖，稚气的膝盖不住地打颤，小巧的脚趾用力向内蜷缩扣紧，脚踝处绷起细细的肌肉线条。\n伴着{anal}一下下有力的绞缩，一缕缕温热黏腻的肠液较为明显地从穴口渗溢流出，顺着娇嫩的臀缝缓缓淌下，将那片细腻的稚嫩肌肤浸润出湿漉漉的痕迹。\n娇小的胸口随着骤然失序的急促呼吸大幅起伏，纤细的手指本能地收拢攥紧，指节因用力而微微泛白，稚嫩的面庞上漫开一片潮红，整具娇躯在这场完整而剧烈的绝顶中反复颤栗。
1152,action_part_a_orgasm_normal_B,0,CVP_A2_T|103_E_1&CVP_A2_T|1_E_0&CVP_A2_A|10_G_6,{TargetName}娇小的躯体陡然绷紧，一阵强烈的绝顶自后穴深处炸开，{anal}以清晰而有力的节奏连续痉挛收缩，那圈饱经开发的括约肌熟练地反复绞拢又松开，翕张之间尽是训练有素的紧致力道。\n刚开始发育的小腹一下下深深向内抽缩，嫩滑的腹肌反复抽搐颤动，娇嫩的腰身明显地向上弓起，纤薄的脊背绷成一道紧绷的弧，久久不肯软落。\n两条纤细的嫩腿本能地向内夹拢又剧烈打颤，小小的膝盖颤巍巍地相互磕碰，稚嫩的脚背向下绷直，脚趾用力蜷曲扣紧，整条腿从根到尖都被密集的颤抖笼罩。\n随着{anal}一波接一波熟练的绞缩蠕动，温润的肠液明显地自穴口溢淌而出，顺着圆嫩小巧的臀瓣蜿蜒滑落，在娇嫩的肌肤上留下一道道湿亮的痕迹。\n娇小的胸膛随着急促紊乱的喘息剧烈起伏，一双纤细的小手死死攥住身边的一切，指尖深深掐陷，稚气的脸蛋因这完整的高潮而涨红失序，整副娇嫩身躯在剧烈的颤抖中反复痉挛。
1153,action_part_a_orgasm_normal_B,0,CVP_A2_T|103_E_1&CVP_A2_T|1_E_0&CVP_A2_A|10_G_6,稚嫩玲珑的{TargetName}身子毫无征兆地猛烈一颤，绝顶的浪潮自后方汹涌袭来，{anal}强烈地收紧又骤然松弛，如此反复，那早被彻底开发的括约肌娴熟地一圈圈绞紧翕张，收放之间显出惊人的熟稔与韧劲。\n娇小的小腹随着这密集的收缩不住地向内抽紧，稚嫩的腹部肌肤细密地起伏抽搐，纤秀的腰肢高高弓起后又微微下沉，脊背反复绷紧，迟迟难以平复。\n细嫩的双腿一会儿死死夹拢一会儿又剧烈痉挛，小巧的膝头颤抖着并贴在一起，稚气的脚尖用力向下绷直，脚趾深深地蜷缩扣紧，纤细的脚踝绷出紧张的线条。\n伴着{anal}熟练有力的一收一缩，黏腻温热的肠液较为明显地从穴口涌溢而出，缓缓顺着娇小的臀缝流淌，将稚嫩细腻的臀部肌肤浸得湿润发亮。\n瘦削娇小的肩背随急促失序的呼吸大幅耸动，纤细的手指蜷曲成拳又猛然收紧，指节泛出青白，稚嫩的面容满是潮红与失神，整个娇弱的身躯在这完整剧烈的绝顶里一遍遍战栗抽搐。
1154,action_part_a_orgasm_normal_B,0,CVP_A2_T|103_E_1&CVP_A2_T|1_E_0&CVP_A2_A|10_G_6,{TargetName}娇弱纤小的身躯陡地弓成一张紧绷的弓，强烈的绝顶让{anal}猛然爆发出一连串有节奏的痉挛绞缩，那圈开发得炉火纯青的括约肌熟练地反复翕张收紧，每一次绞拢都带着经年累月练就的娴熟劲道。\n初露少女线条的稚嫩腹部一下下痉挛般向内抽搐，柔嫩的肚皮不受控制地颤动起伏，娇细的腰身明显向上顶起，纤薄的后背绷成僵直的弧度久久不落。\n两条稚嫩的细腿骤然绷紧又不住颤栗，小小的膝盖打着颤紧紧相抵，娇嫩的脚掌向内蜷起，脚趾用力抠紧，脚踝处一条条细嫩的筋线紧紧绷起。\n随着{anal}一波波熟练的收缩蠕动，温热的肠液明显地渗淌溢出，沿着娇小圆嫩的臀瓣一路蜿蜒滑落，在细腻稚嫩的肌肤上留下湿漉漉的亮痕。\n娇小的胸脯随着紊乱急促的呼吸剧烈起伏喘动，一双稚嫩的小手无力地攥紧又松开，指尖微微掐陷发白，稚气的脸颊涨得通红，眼神略显涣散，整具娇躯在这场完整的高潮中反复地颤抖收缩。
1155,action_part_a_orgasm_normal_B,0,CVP_A2_T|103_E_1&CVP_A2_T|1_E_0&CVP_A2_A|10_G_6,娇小可人的{TargetName}整个人猛地一僵，随即被强烈的绝顶彻底攫住，{anal}强而有力地一阵阵痉挛收缩，那圈熟极而流的括约肌娴熟地绞紧又翕张，一开一合间尽显被反复开发磨炼出的老练与紧致。\n刚刚发育的娇嫩小腹深深地向内抽紧收缩，稚气的腹肌细密地抖颤起伏，纤细的腰肢重重地向上弓起，单薄的脊背绷成一道紧张的弯弧，迟迟无法舒展。\n纤瘦的双腿死死向内并拢又剧烈地颤抖抽搐，稚嫩的膝头颤巍巍地互相磨蹭，小巧的脚背绷直向下，脚趾狠狠向内蜷曲扣拢，脚踝绷出细密的紧张线条。\n伴着{anal}熟练而有节律的绞缩蠕动，一股股温润黏腻的肠液较为明显地自穴口溢流而下，顺着稚嫩娇小的臀缝缓缓淌落，把细嫩的肌肤浸润出一片湿亮。\n娇弱的胸口随着急促失序的喘息不停耸动起伏，纤细的十指蜷紧成拳又慢慢松开，指节因用力而泛白，稚嫩的小脸满布潮红与失神，整副娇小的身子在这完整剧烈的绝顶余韵里久久颤栗不止。

1156,action_part_a_orgasm_normal_B,0,CVP_A2_T|104_E_1&CVP_A2_T|1_E_0&CVP_A2_A|10_G_6&high_1,正值青春的{TargetName}娇嫩身躯毫无预兆地剧烈绷紧起来，{anal}强烈而有节奏地痉挛收缩，那经过反复开发的括约肌一圈圈熟练地翕张绞紧，一波接一波地深深收束又缓缓松开。\n少女紧实的小腹随着这阵痉挛反复向内抽搐，光洁细嫩的腹部肌肤一起一伏地颤动，青春紧致的腰肢明显地向上弓起了一道弧线，随即又软软地塌落下去。\n两条充满活力的细腿本能地绷直又蜷曲，纤细的脚趾用力地向内扣拢，脚踝处绷起了紧绷的线条，稚气未脱的臀瓣随着{anal}的收缩节律不住地颤抖颠动。\n伴着括约肌熟练有力的一次次绞缩，温热黏腻的肠液较为明显地从{anal}缓缓溢淌出来，顺着少女嫩白的股缝蜿蜒滑落，沾湿了一小片细腻的肌肤。\n她青春的胸膛随着急促失序的呼吸大幅起伏，稚嫩的脸颊漫上一层深深的潮红，眼神微微涣散开来，整副青涩而灵活的娇躯在这场完整的绝顶里持续颤栗了许久，才慢慢地平复下来。
1157,action_part_a_orgasm_normal_B,0,CVP_A2_T|104_E_1&CVP_A2_T|1_E_0&CVP_A2_A|10_G_6&high_1,{TargetName}朝气蓬勃的年轻身体骤然一僵，随即陷入一阵剧烈的抽搐，{anal}有节奏地猛烈痉挛，被熟练开发过的肠壁一波波熟稔地蠕动绞紧，那圈富有弹性的括约肌反复地收缩翕张，绞出深沉而规律的收束。\n少女平坦紧致的下腹一下下地向内抽紧，嫩滑的腹肌不受控制地颤动起伏，青春的腰身明显地弓起又瘫软，反复地起伏了好几回。\n她修长灵活的双腿绷得笔直，纤秀的脚尖死死地向下绷直，脚趾蜷成一团，圆翘稚嫩的臀肉随着{anal}的绞缩一阵阵地紧绷颤抖。\n随着括约肌一次次娴熟有力地收束，较为明显的肠液温热地自{anal}汩汩溢出，沿着光洁的臀缝缓缓淌下，在嫩白的肌肤上留下湿润的痕迹。\n青春的面庞泛起浓重的红晕，急促紊乱的呼吸让单薄的肩背剧烈起伏，眼角沁出细小的水光，那副灵动的少女躯体在完整而剧烈的高潮里颤抖了良久方才渐渐安定。
1158,action_part_a_orgasm_normal_B,0,CVP_A2_T|104_E_1&CVP_A2_T|1_E_0&CVP_A2_A|10_G_6&high_1,年轻的{TargetName}花季娇躯毫无征兆地弓成了一张紧绷的弓，{anal}猛地开始强烈而规律地痉挛收缩，那被充分开发的肠道熟练地一圈圈蠕动绞紧，富有经验的括约肌反复地翕合张缩，绞出一波又一波深沉的收束。\n少女紧实的小腹随着高潮反复地向内抽搐痉挛，光滑的腹部肌肤一收一放地剧烈颤动，青春纤细的腰肢深深地弓起，随后又无力地软塌下去。\n两条青春笔直的长腿绷紧又颤抖，脚背反射性地向下绷成一条直线，脚趾用力地蜷曲扣紧，稚嫩圆润的臀部随着{anal}的收缩节奏不停地抖动。\n伴着括约肌娴熟而有力的绞缩，温热的肠液较为明显地从{anal}边缘溢淌而出，顺着少女嫩滑的股沟缓缓滑落，浸润出一道晶亮的水痕。\n她青涩的脸蛋烧起一片潮红，呼吸变得急促而没有章法，胸口大幅起伏，眼神开始有些迷离涣散，整副充满活力的娇躯在这完整的绝顶余波里久久地痉挛颤动着。
1159,action_part_a_orgasm_normal_B,0,CVP_A2_T|104_E_1&CVP_A2_T|1_E_0&CVP_A2_A|10_G_6&high_1,{TargetName}那充满青春气息的纤秀身体倏地紧绷起来，{anal}随即强烈而有节律地剧烈痉挛，那早已被开发成熟的肠壁一层层熟练地收紧蠕动，弹性十足的括约肌一遍遍地绞紧又松开，翕张得极有章法。\n少女柔嫩的下腹随着这阵剧烈的抽动反复向内收缩，紧致的腹肌一下下地凸起又凹陷，青春的腰身猛地弓起一道明显的弧度，接着又缓缓地落回。\n她细长灵活的双腿绷得紧紧的，纤细的脚趾狠狠地向内扣拢蜷缩，脚踝绷出了紧实的曲线，青嫩挺翘的臀瓣顺着{anal}的收缩一阵阵地绷紧又颤抖。\n随着熟练的括约肌一次次深深绞缩，较为明显的肠液温热黏腻地自{anal}汩汩流溢，顺着嫩白的臀缝蜿蜒而下，在细腻的皮肤上留下一道湿亮的印子。\n青春的面颊染上深重的绯红，急促而紊乱的喘息使单薄的胸口剧烈起伏，眼神渐渐失了焦距，那副青涩灵动的少女身躯在完整而漫长的绝顶中反复颤栗了许久才逐渐平息。
1160,action_part_a_orgasm_normal_B,0,CVP_A2_T|104_E_1&CVP_A2_T|1_E_0&CVP_A2_A|10_G_6&high_1,正处青春年华的{TargetName}娇躯没来由地猛然一颤，紧接着便是一阵剧烈的抽搐，{anal}强烈而规律地一下下痉挛收束，那被反复调教得极为熟练的肠道自发地蠕动绞紧，富弹性的括约肌一圈圈熟稔地收缩翕张。\n少女平坦的小腹随着{anal}的痉挛不住地向内抽紧，嫩白的腹部肌肤剧烈地起伏颤抖，青春紧实的腰肢明显地向上弓起，又一次次地软软落下。\n两条洋溢活力的细腿本能地绷直又蜷起，秀气的脚尖用力地向下绷直，脚趾蜷缩成一团，稚气的圆臀随着一波波收缩不停地颠颤。\n伴着括约肌娴熟有力的绞缩，温热的肠液较为明显地自{anal}缓缓涌溢出来，顺着少女光洁的股缝一路淌下，沾湿了一小片嫩滑的肌肤。\n她青涩的脸庞浮起一层浓浓的潮红，呼吸急促而失序，单薄的胸膛大幅起伏，眼神微微涣散迷蒙，整副青春靓丽的娇躯在这场完整的高潮里持续地痉挛颤抖了好一阵子，方才慢慢地归于平静。


1161,action_part_a_orgasm_normal_B,0,CVP_A2_T|104_E_1&CVP_A2_T|1_E_0&CVP_A2_A|10_G_6,{TargetName}纤细的腰肢猛地向上弓起，绷成一道紧绷的弧线，随即又无力地垂落，如此反复了好几回。\n{anal}强烈而有节奏地一阵阵痉挛收缩着，那早已被充分开发的括约肌熟练地反复翕张绞紧，一圈圈地收拢又松开。\n经验老到的肠壁不受控制地蠕动绞缩，一收一放间将温热的肠液较明显地挤淌出来，顺着股缝缓缓溢流。\n她青春的四肢齐齐绷紧，纤长的双腿不住地颤抖，脚趾深深蜷缩起来，紧绷的小腹一下下急促地抽搐着。\n年轻的躯体随着{anal}的每一次收紧而剧烈战栗，急促失序的呼吸从微张的唇间断断续续地喷吐而出，额角沁出细密的薄汗。\n她的十指死死抠紧，指节因用力而泛白，整具娇躯在一阵阵有力的痉挛中不受控制地颤动个不停。
1162,action_part_a_orgasm_normal_B,0,CVP_A2_T|104_E_1&CVP_A2_T|1_E_0&CVP_A2_A|10_G_6,{TargetName}青春的身子骤然绷直，纤腰高高弓起后又猝然瘫软下去，接连数次深深地起伏。\n{anal}一下下强烈地痉挛绞紧，那熟练的括约肌反复地收缩翕张，一阵紧过一阵地箍拢又缓缓松开。\n被反复操练过的肠道娴熟地一收一放，蠕动绞缩间将黏腻的肠液较明显地排挤出来，温热地淌落而下。\n她柔韧的双腿反射性地夹紧又蹬开，脚背绷得笔直，纤细的脚趾一次次痉挛似的蜷起，年轻的膝头微微打颤。\n绷紧的小腹随着每一波收缩而急促抽搐，急乱失序的喘息一声声从她微启的唇齿间溢出，胸口剧烈地起伏着。\n她的双手无意识地攥紧，柔嫩的指尖微微发颤，整具身体在这一连串有节奏的绞缩中不停地战栗抖动。
1163,action_part_a_orgasm_normal_B,0,CVP_A2_T|104_E_1&CVP_A2_T|1_E_0&CVP_A2_A|10_G_6,{TargetName}纤薄的后腰陡然绷起一道紧绷的曲线，肩背随之反复弓张，一次又一次地深深起伏。\n{anal}强烈而规律地翕张收缩着，熟稔于此的括约肌一圈圈地绞紧又松弛，节奏分明地反复痉挛不止。\n那充分开发过的肠壁不受控制地蠕动绞拢，随着每一下收缩将温热黏滑的肠液较明显地挤淌出来。\n她青春的双腿绷得笔直，膝盖微微颤栗，纤长的小腿不住地轻颤，脚趾一次次痉挛般地深深蜷缩。\n她的小腹随着{anal}的痉挛而一下下抽搐凹陷，紊乱急促的呼吸断续地从鼻间与唇边泄漏而出。\n年轻靓丽的身躯在这一波波有力的绞缩中剧烈地颤动，细密的汗珠自光洁的额际与颈侧缓缓滑落。
1164,action_part_a_orgasm_normal_B,0,CVP_A2_T|104_E_1&CVP_A2_T|1_E_0&CVP_A2_A|10_G_6,{TargetName}整条纤腰霎时绷紧上弓，紧绷片刻后又软软塌落，如此起起伏伏地重复了数次。\n{anal}接连不断地强烈痉挛收紧，那老练的括约肌熟练地反复绞缩翕张，一收一放的节律格外分明。\n经验丰富的肠道娴熟地蠕动绞拢，一阵阵收缩间把较为明显的肠液温热地排挤淌出，黏黏地溢流而下。\n她年轻的四肢齐齐绷直，纤长的双腿时而夹紧时而颤抖，脚趾用力地抠蜷，膝弯不住地打着战。\n随着每一波收缩，她紧实的小腹急促地抽动凹陷，失序的喘息一声接一声地从微张的樱唇间断续吐出。\n青涩的娇躯在这连绵的绞紧痉挛里剧烈地战栗着，双手紧紧攥握，指节绷得发白，浑身抖颤不止。
1165,action_part_a_orgasm_normal_B,0,CVP_A2_T|104_E_1&CVP_A2_T|1_E_0&CVP_A2_A|10_G_6,{TargetName}青春的躯体猛然一僵，纤细的腰肢高高挺起又骤然瘫软，接二连三地深深弓张。\n{anal}一波接一波地强烈痉挛绞缩，那被充分开发的括约肌熟练地翕张收拢，紧一阵松一阵地反复箍紧。\n她那经验老到的肠壁不由自主地蠕动绞紧，随着收缩的节奏将温热的肠液较明显地挤压淌落出来。\n她纤长柔韧的双腿绷紧发颤，脚尖紧紧绷直，纤嫩的脚趾一次次蜷曲起来，年轻的大腿根微微痉挛。\n绷紧的小腹随每一下{anal}的收紧而急促地抽搐着，急乱的呼吸从她翕动的鼻翼间断断续续地喷出。\n青嫩的身子在这一阵阵有节奏的绞缩痉挛中不住颤抖，细汗浸湿了她的鬓发，双手死死抓握着不肯松开。


1166,action_part_a_orgasm_normal_B,0,CVP_A2_T|105_E_1&CVP_A2_T|1_E_0&CVP_A2_A|10_G_6,{TargetName}成熟饱满的身躯猛地绷紧起来，{anal}强烈而有节奏地痉挛收缩，那圈被充分开发过的括约肌熟练地反复翕张绞紧，一圈圈向内深深收拢，随即又被顶开，如此往复不停。\n丰腴修长的双腿骤然向内并拢又反射性地绷直，圆润的膝盖颤巍巍地相互抵住，光洁的脚背向下绷起，脚趾用力地蜷缩扣拢。\n成熟圆翘的臀肉随着{anal}的收缩节奏一下下地夹紧又松开，饱满的腰身明显地向上弓起一道弧线，光滑的小腹随着深处的绞缩反复地向内抽搐凹陷。\n较为明显的一股肠液顺着{anal}的翕张缓缓溢淌而出，沿着丰腴的腿根内侧蜿蜒滑落，在成熟细腻的肌肤上拖出一道湿亮的痕迹。\n她的呼吸骤然急促失序，丰满的胸膛大幅起伏喘动，成熟的面庞上漫开一片潮红，纤长的手指无意识地收拢攥紧，指节因用力而微微泛白，整副饱满的躯体在这阵完整的绝顶反应中不住地颤抖。
1167,action_part_a_orgasm_normal_B,0,CVP_A2_T|105_E_1&CVP_A2_T|1_E_0&CVP_A2_A|10_G_6,随着一波绝顶浪潮涌来，{TargetName}丰盈成熟的腰肢重重地向内一挺，{anal}随即强烈地痉挛收缩起来，充分开发过的肠壁一波接一波地熟练蠕动绞缠，括约肌有节奏地一紧一松，收放之间显出格外的熟练。\n两条丰满修长的大腿绷得笔直，随后又痉挛似的向内夹合，光洁的脚踝处绷起紧实的线条，五根脚趾狠狠地向内抓蜷。\n成熟饱满的臀部一下下地向内收紧，脊背深深地弓成弓形，光滑的小腹肌肉一阵阵地抽紧凹陷，随着{anal}的绞缩不受控制地颤动。\n一股明显的肠液自{anal}深处被绞挤而出，顺着圆润的臀缝缓缓淌落，将成熟的肌肤浸得湿润发亮。\n她急促地喘息着，丰腴的身躯不住地颤栗绷紧，纤细的双手攥紧了触手可及的物件，成熟的脸颊泛起深重的绯红，眼角隐隐沁出一层薄薄的水汽。
1168,action_part_a_orgasm_normal_B,0,CVP_A2_T|105_E_1&CVP_A2_T|1_E_0&CVP_A2_A|10_G_6,{TargetName}成熟的身躯陡然一僵，紧接着剧烈地颤动起来，{anal}强烈而规律地收缩痉挛，那圈被反复开发得极其熟练的括约肌一圈圈地深深绞紧，随即又缓缓松开，翕张之间从容而有力。\n丰满的双腿本能地向内蜷曲夹拢，圆润的膝盖相互抵紧颤抖，纤秀的脚尖绷直又猛地向内勾扣，脚趾蜷成一团。\n成熟圆翘的臀肉随着深处的绞缩一下下地紧绷弹动，饱满的腰肢明显地向上弓起，光洁的小腹一阵接一阵地向内抽搐收紧。\n较为明显的一缕肠液顺着{anal}的翕张溢出，沿着丰腴的大腿内侧缓缓流淌，在细腻的肌肤上留下一道湿润的印痕。\n她的呼吸急促而紊乱，丰满的胸膛剧烈起伏，纤长的手指痉挛般地收拢握紧，指节泛白，成熟的面容在这场完整的高潮里透出几分失序，整副躯体持续地颤栗着。
1169,action_part_a_orgasm_normal_B,0,CVP_A2_T|105_E_1&CVP_A2_T|1_E_0&CVP_A2_A|10_G_6,绝顶的浪头袭来，{TargetName}丰盈的娇躯猛然绷紧，{anal}强烈而有节奏地一缩一放，充分开发过的肠道熟练地蠕动绞缠，括约肌反复地翕张收紧，将那阵阵痉挛演绎得格外老练。\n她成熟修长的双腿绷得僵直，脚跟用力向下蹬抵，脚趾深深地向内蜷扣，圆润的膝盖不住地颤抖并拢。\n丰满圆润的臀部随着{anal}的收缩一下下地夹紧又弹开，光滑的小腹反复地向内抽紧凹陷，成熟的腰身弓起一道明显的弧度，随即又缓缓落回。\n一股较明显的肠液被{anal}的绞缩挤淌而出，顺着丰腴的腿根蜿蜒滑下，将成熟的肌肤浸润出湿亮的痕迹。\n她急促失序地喘着气，丰盈的身躯不受控制地颤抖绷紧，成熟的脸颊漫上一层深红，纤细的手指攥紧收拢，整副饱满的躯体在这场完整而典型的绝顶中反复痉挛。
1170,action_part_a_orgasm_normal_B,0,CVP_A2_T|105_E_1&CVP_A2_T|1_E_0&CVP_A2_A|10_G_6,{TargetName}成熟饱满的身子突然剧烈地一颤，{anal}便强烈而规律地痉挛收缩起来，那圈被开发得极其熟稔的括约肌一波波地深深绞紧又松开，肠壁熟练地起伏蠕动，收放有致。\n丰满修长的双腿反射性地向内夹合绷直，圆润的膝盖相抵颤动，光洁的脚背绷得紧实，脚趾用力地向内抓蜷。\n成熟圆翘的臀肉一下下地随{anal}的绞缩收紧弹动，饱满的腰肢明显地向上弓挺，光滑的小腹一阵阵地抽搐凹陷，随着深处的收缩不停颤动。\n明显的一缕肠液顺着{anal}的翕张缓缓溢出，沿着丰腴的大腿内侧淌落，在成熟细腻的肌肤上留下一道湿润发亮的印迹。\n她的呼吸骤然急促而紊乱，丰满的胸膛大幅起伏喘动，纤长的手指无意识地蜷曲握紧，指节泛白，成熟的面庞泛起潮红略显失神，整副丰盈的躯体在这阵完整的绝顶反应中持续地颤栗绷紧。

1171,action_part_a_orgasm_normal_B,0,CVP_A2_T|105_E_1&CVP_A2_A|5_LE_3,{TargetName}成熟饱满的娇躯骤然绷紧了一瞬，{anal}随即强烈而有节奏地痉挛收缩起来，成熟的括约肌一圈圈反复翕张绞紧，将那处小口揪成密集抽动的模样。\n她丰盈圆润的小腹随着收缩的节奏反复向内抽搐，光洁细腻的腹部肌肤一起一伏地颤动个不停。\n两条丰满修长的腿本能地绷直又向内紧夹，圆润的膝盖颤巍巍地并拢抵住，脚背向下绷伸，脚趾一根根蜷缩扣紧，成熟的腿部线条在这一刻收得笔直。\n她圆翘丰腴的臀肉随着{anal}的抽搐一下下地收紧又松开，成熟流畅的腰肢明显地向上弓起一道弧线，随后又软软塌落回去。\n一缕黏腻的肠液较为明显地顺着抽搐的{anal}边缘溢淌而出，沿着丰润的腿根缓缓淌下，濡湿了一小片细腻成熟的肌肤。\n她的呼吸骤然变得急促而失序，丰满的胸膛大幅起伏，成熟的面庞上略有一丝不甚老练的失神，丰盈的身躯在这场完整的高潮痉挛中不受控制地颤抖，直到{anal}的收缩渐渐平息才慢慢松弛下来。
1172,action_part_a_orgasm_normal_B,0,CVP_A2_T|105_E_1&CVP_A2_A|5_LE_3,成熟妩媚的{TargetName}腰肢陡然一挺，{anal}紧接着一阵接一阵地剧烈收缩，丰润的括约肌有节律地绞缩翕合，把那圈嫩肉一次次揪紧又松开。\n她丰盈的腰腹猛地绷紧，成熟圆润的小腹反复地向内凹陷抽搐，一道道细密的颤栗顺着饱满的腹肌蔓延开来。\n她成熟修长的双腿绷得笔直，丰腴的大腿内侧相互夹紧挤压，两膝抖动着靠拢，圆润的脚背向下绷伸，脚趾深深地蜷曲扣入。\n浑圆丰满的臀部随着{anal}的抽缩节奏一收一放地颤动，成熟流畅的腰背弓成明显的弧度后又缓缓塌软下去。\n明显增多的肠液自翕张的{anal}处溢淌而出，顺着丰腴的腿缝蜿蜒滑落，在成熟的肌肤上留下湿亮的痕迹。\n急促紊乱的喘息从她起伏的胸膛间断续溢出，修长的手指死死攥紧收拢，指节泛白，其间偶尔流露出一丝青涩生疏的僵硬，成熟丰盈的躯体在这场完整的绝顶里剧烈颤动了许久才渐渐平复。
1173,action_part_a_orgasm_normal_B,0,CVP_A2_T|105_E_1&CVP_A2_A|5_LE_3,{TargetName}成熟丰腴的身子无法自控地弓了起来，{anal}随之强烈痉挛，一圈饱满的括约肌反复地绞紧翕张，密集地抽搐收缩个不停。\n她成熟紧绷的小腹一下下地向内抽缩，圆润的腹部肌肉不受控制地反复痉挛起伏。\n她丰满修长的双腿本能地绷紧夹合，圆腻的膝盖颤抖着相互抵住，成熟的脚踝绷起流畅的线条，脚趾向内狠狠蜷起。\n丰润圆翘的臀瓣随着{anal}的收缩节律紧了又松，成熟的腰部明显地向上弓成弧形，随后又乏力地软落回去。\n较为明显的一股肠液顺着抽动的{anal}缓缓渗溢流出，沿着她光洁丰腴的大腿内侧淌下，沾湿了细腻成熟的一片皮肤。\n她的呼吸急促而散乱，丰满的胸脯剧烈起伏，脸上成熟的神情里透着一点应对不及的青涩，修长的手指痉挛似地收拢蜷缩，整副丰盈妩媚的娇躯在完整剧烈的颤抖中持续了好一阵才慢慢归于平静。
1174,action_part_a_orgasm_normal_B,0,CVP_A2_T|105_E_1&CVP_A2_A|5_LE_3,{TargetName}成熟动人的娇躯骤然一僵，{anal}立时强烈而规律地痉挛收缩，饱满的括约肌一下下地翕张绞合，将那处小穴收束成不停抽搐的模样。\n她丰润的小腹随之反复地向内抽紧，成熟平滑的腹部肌肤一波波地起伏颤动。\n两条丰满有致的长腿绷直又向内夹拢，圆润的双膝颤颤地并贴，脚尖绷伸而下，脚趾蜷曲着紧紧扣起。\n她浑圆挺翘的臀部跟着{anal}的抽缩一收一放地轻颤，成熟的腰身明显向上弓成弓状，随即又缓缓塌软。\n溢出的肠液比先前更为明显，顺着翕动的{anal}边缘淌落，沿着丰腴的腿根缓缓流下，在成熟细腻的肌肤上洇开湿痕。\n她的呼吸变得急促而毫无章法，丰满的胸口剧烈起伏，成熟的眉眼间掺着一缕尚显生疏的慌乱，丰盈成熟的身躯在这场完整的绝顶痉挛中一阵阵地颤栗，良久才随着{anal}收缩的止歇而松弛下来。
1175,action_part_a_orgasm_normal_B,0,CVP_A2_T|105_E_1&CVP_A2_A|5_LE_3,{TargetName}成熟丰盈的身躯陡然绷成一条直线，{anal}紧跟着一波波地强烈痉挛，环形饱满的括约肌有节奏地反复绞紧松弛，密集而有力地翕张抽动。\n她丰腴紧实的小腹反复地向内收缩抽搐，成熟的腹部肌肉不受控制地一阵阵痉挛起伏。\n她修长丰满的双腿绷得笔直又用力夹合，圆润的膝盖相互颤抖着抵紧，成熟的脚背向下绷直，脚趾一根根深深蜷缩。\n丰盈饱满的臀肉随着{anal}的收缩节律紧缩又松开，成熟的腰部高高弓起后又疲软地塌落回去。\n明显的肠液从抽搐的{anal}处溢淌而出，顺着她光滑丰腴的腿缝蜿蜒滑落，濡湿了一小片成熟温润的嫩肤。\n急促失序的喘息从她起伏的胸膛间不断漏出，修长的十指痉挛般攥拢收紧，其间夹着一分未及掩饰的青涩僵硬，整副成熟妩媚的娇躯在完整而剧烈的高潮颤抖中持续许久，方才缓缓平静下来。

1176,action_part_a_orgasm_normal_B,0,CVP_A2_T|106_E_1&CVP_A2_T|1_E_0&CVP_A2_A|10_G_6,成熟丰盈的{TargetName}整个腰身猛地向内一绷，{anal}骤然强烈而有节律地痉挛收缩起来，那圈成熟的括约肌一遍遍地翕张绞紧，一收一放地反复缩弄，收缩的幅度远比先前克制的轻颤来得剧烈。\n她丰腴的双腿绷得笔直，脚趾狠狠向内蜷曲扣拢，成熟圆翘的臀肉随着{anal}的抽搐节奏一下下地夹紧又松开，脊背明显地向上弓起了一道深弧，久久不肯落下。\n温热黏腻的肠液顺着{anal}那反复绞缩的缝隙较明显地渗涌溢出，缓缓淌过丰腴饱满的臀缝与腿根内侧，将那一片成熟温软的肌肤浸润出湿亮的痕迹。\n小腹处那片丰润的肌肉不受控制地反复抽搐起伏，丰满的胸膛随着急促失序的喘息大幅耸动，成熟的面庞上漫开浓重的潮红，眼角沁出细密的水光，双手死死攥紧了触手可及的物件。\n整副成熟丰盈的躯体在这场完整的高潮中剧烈地颤栗着，四肢的肌肉一阵阵地绷紧又发颤，直到{anal}的痉挛渐渐趋缓，那具丰腴的身子才带着未散的余韵缓缓瘫软下去。
1177,action_part_a_orgasm_normal_B,0,CVP_A2_T|106_E_1&CVP_A2_T|1_E_0&CVP_A2_A|10_G_6,随着高潮的浪头袭来，{TargetName}成熟的身躯骤然剧烈地弹动了一下，{anal}紧接着一阵接一阵地强力收缩，经验丰富的肠壁熟练而有力地蠕动绞拢，那圈括约肌一遍遍地收紧又翕开，节奏分明地反复痉挛着。\n她成熟丰腴的腰肢深深地弓起，圆润饱满的臀部向内猛地一夹，两条丰满的大腿本能地绷紧颤抖，脚踝处绷起了紧实的肌肉线条，脚趾一根根地向内抠紧。\n较为明显的肠液从{anal}深处被绞挤而出，顺着丰润的腿根内侧一道道地缓缓流淌下去，在成熟温软的肌肤上留下湿漉漉的一片。\n她的小腹随着{anal}的抽动一下下地向内收缩起伏，呼吸变得又急又乱，丰满的胸脯剧烈起伏，面颊与脖颈迅速染上一层深红，双手无意识地收拢攥紧。\n这场完整的绝顶在她成熟的身躯上掀起一阵阵不受控制的颤抖，肌肉反复地绷紧又松弛，直到那阵强烈的痉挛慢慢平息，丰盈的躯体才微微失神地软落下来。
1178,action_part_a_orgasm_normal_B,0,CVP_A2_T|106_E_1&CVP_A2_T|1_E_0&CVP_A2_A|10_G_6,{TargetName}那具饱经风情的成熟躯体陡然一僵，{anal}随即爆发出强烈而规律的痉挛，成熟的括约肌反复地绞紧、松开、再绞紧，熟练的肠道深处也跟着一波波地收缩蠕动，绞缩的力道十分明显。\n她丰腴的腰腹猛地向上顶起，脊背弓成一道紧绷的弧线，成熟圆翘的臀瓣绷得死紧，两腿绷直后又不住地打颤，脚尖用力向内绷勾，膝盖也微微弯折发抖。\n温润黏稠的肠液伴着{anal}的每一次绞缩较为明显地溢淌出来，沿着丰满的臀缝蜿蜒滑落，浸湿了腿根内侧那一片成熟的柔嫩皮肤。\n小腹那片温软的肌肉反复地抽搐痉挛，急促而紊乱的喘息从丰润的唇间不住溢出，成熟的面容上浮起一片深潮红，眼神因高潮而微微涣散失焦，双手紧紧掐住身边之物。\n整个丰盈成熟的身子在这完整的绝顶里剧烈颤动，四肢的肌肉一阵阵绷紧发颤，待{anal}的痉挛徐徐收束，那副丰腴的躯体才带着满身潮红与湿意缓缓松弛平复。
1179,action_part_a_orgasm_normal_B,0,CVP_A2_T|106_E_1&CVP_A2_T|1_E_0&CVP_A2_A|10_G_6,高潮猛然攫住了{TargetName}成熟的身躯，她整个腰身骤然向内蜷缩绷紧，{anal}随之强烈地痉挛绞动起来，那圈成熟的括约肌一下下有节奏地翕张收缩，经验老到的肠壁也熟稔地一层层收紧蠕动。\n她丰满的双腿死死并拢又不住颤抖，圆润的臀肉随着{anal}的抽搐反复地收夹，脊背深深地弓起后迟迟不落，脚趾用力向内蜷曲，一双手攥成了拳，指节因用力而泛白。\n较明显的肠液顺着{anal}反复绞缩的褶皱汩汩渗出，缓缓流过丰腴的臀缝与成熟温软的腿根，留下一道道湿亮的痕迹。\n她的小腹不受控制地一收一放地抽搐起伏，呼吸急促而失序，丰盈的胸膛剧烈耸动，成熟的脸庞涨得通红，眼角沁着水光，唇齿微微松开又抿紧，神情逐渐显出几分恍惚。\n这副丰腴成熟的躯体在完整的绝顶中一阵阵地剧烈颤栗，全身的肌肉绷紧又松软，直到{anal}的强烈痉挛慢慢缓和，那具身子才带着未褪的余韵缓缓瘫软下来。
1180,action_part_a_orgasm_normal_B,0,CVP_A2_T|106_E_1&CVP_A2_T|1_E_0&CVP_A2_A|10_G_6,{TargetName}成熟饱满的身子倏地绷成一条紧线，{anal}紧跟着强烈而有节律地一阵阵痉挛收缩，成熟的括约肌反复地绞拢又翕张，经验丰富的肠道熟练地收缩蠕动，绞缩的幅度明显而有力。\n她丰腴的腰肢高高弓起，成熟圆翘的臀部猛地向内一收，两条丰满的大腿绷紧后不住地打颤，脚踝紧绷，脚趾一根根用力向内抠拢，双膝也微微发抖并拢。\n温热的肠液伴随着{anal}一次次的绞缩较为明显地渗涌溢流，顺着丰润饱满的腿根内侧缓缓淌下，将那一片成熟温软的肌肤浸得湿润发亮。\n她那片丰腴的小腹随着{anal}的抽动反复地向内收缩痉挛，急乱失序的喘息不住地从口中溢出，丰满的胸脯大幅起伏，面颊脖颈漫开深重的绯红，双手死死抓紧了手边之物，指尖深陷。\n整副成熟丰盈的躯体在这场完整而剧烈的绝顶中不住地颤抖绷紧，肌肉一阵阵地收缩又松弛，直至{anal}的痉挛徐徐止歇，那具丰腴的身躯才微微失神地缓缓软落平静下来。
1181,action_part_a_orgasm_normal_B,0,CVP_A2_T|107_E_1&CVP_A2_T|1_E_0&CVP_A2_A|10_G_6,身为人妻的{TargetName}那丰熟的娇躯毫无预兆地剧烈一挺，{anal}强烈而富有节奏地痉挛绞缩起来，那被彻底开发得游刃有余的括约肌一圈圈猛地翕张收紧，又一次次熟练地绞拢松放，为人妇多年而愈显丰硕的臀瓣随之大幅度地反复向内收夹。\n她成熟丰盈的双腿骤然绷得笔直，白皙丰腴的大腿根死死并合挤压，圆润的脚趾一根根用力向内蜷扣，纤秀的脚踝与小腿的肌肉一同绷成僵直的线条，膝盖颤巍巍地相抵摩挲。\n她婚后愈发丰润的小腹随着{anal}的收缩一下下深深向内抽搐，细腻的肚皮剧烈起伏，丰盈的腰肢明显地向上弓起一道弧线，随即又软软塌落，如此反复了好几回。\n伴着{anal}那一阵娴熟而有力的翕动，透明黏腻的肠液较为明显地自幽深处溢淌而出，顺着丰润的臀缝一缕缕淌落，在为人妻的肌肤上洇开湿漉漉的一片。\n她纤纤十指骤然收拢攥成紧拳，丰美的背脊反复绷直又弓起，急促而失序的喘息令丰盈的胸膛大幅起伏，这具愈显丰韵的成熟身躯在完整而剧烈的绝顶中不受控制地连连战栗。
1182,action_part_a_orgasm_normal_B,0,CVP_A2_T|107_E_1&CVP_A2_T|1_E_0&CVP_A2_A|10_G_6,已为人妇的{TargetName}那丰满饱满的身子突然剧烈地绷紧起来，{anal}老练而有节奏地一阵阵绞缩痉挛，那久经开发的括约肌熟门熟路地猛力收拢又骤然松放，如此反复翕张绞紧，为人妻多年而浑圆丰硕的臀丘跟着这急促的节奏大幅收夹抖动。\n两条丰腴修长的美腿反射性地向内并拢又猛地绷直，白润丰厚的大腿相互挤压摩挲，成熟的脚趾用力向内扣蜷，圆润的脚背绷成僵硬的弧度，膝头颤抖着死死相抵。\n她婚后紧俏的小腹随着{anal}的翕动反复向内抽紧，细密的腹肌不受控制地剧烈颤动起伏，丰韵的腰身明显地弓起又落下，一次次挺动摆荡。\n随着{anal}那几下从容而有力的收缩，温热黏稠的肠液较为明显地自深处沁涌而出，一缕缕溢到丰腴的臀缝之间，在为人妻的肌肤上淌出蜿蜒的湿痕。\n她丰润的双手死死攥拢成拳，指节因用力而泛白，急促失序的呼吸从微启的唇间断续溢出，丰美的背脊剧烈地绷紧又弓起，这具嫁作人妇而愈发醇熟的丰腴身躯在这场完整的绝顶里连连痉挛颤栗。
1183,action_part_a_orgasm_normal_B,0,CVP_A2_T|107_E_1&CVP_A2_T|1_E_0&CVP_A2_A|10_G_6,人妻{TargetName}整个丰熟的躯体骤然剧烈一僵，{anal}强烈地连着绞缩抽搐了数下，那被开发得娴熟无比的括约肌熟练地一圈圈猛收猛放，反复翕张绞紧不停，为人妇多年而丰润圆翘的臀瓣随之节奏鲜明地大幅向内绷收。\n她成熟丰盈的双腿本能地绷得笔直又猛地向内夹拢，柔韧丰厚的大腿内侧死死贴合挤压，圆润的脚尖用力向内勾蜷，纤细的脚踝绷紧，两膝颤巍巍地相互抵紧。\n她婚后丰腴的小腹随着{anal}的收缩一下下深深抽搐蜷缩，细腻的肚皮剧烈地起伏颤动，丰盈的腰肢驾轻就熟地弓起又软塌，反复挺动了好几回。\n伴着{anal}那一阵老练娴熟的翕张，透明的肠液较小幅度时更明显地自幽深处溢流而出，顺着丰润的臀缝缓缓淌落，在为人妻醇熟的肌肤上留下一片湿意。\n她纤长的手指无意识地收拢蜷曲攥紧，丰美的脊背反复绷直弓起，急促而紊乱的喘息使丰满的胸口大幅起伏，这具愈显丰韵的成熟身躯在完整剧烈的高潮中止不住地阵阵颤抖。
1184,action_part_a_orgasm_normal_B,0,CVP_A2_T|107_E_1&CVP_A2_T|1_E_0&CVP_A2_A|10_G_6,身为人妻的{TargetName}那丰韵十足的成熟躯体猛地剧烈战栗了一下，{anal}强烈而有节律地翕张绞缩起来，那早已被彻底开发的括约肌游刃有余地一收一放，反复绞紧又松弛，为人妇多年而丰硕圆润的臀丘随着这节奏大幅度地一下下向内收夹。\n她丰满修长的双腿骤然绷直，白皙富弹的大腿根紧紧并拢挤压封堵，成熟圆润的脚趾一根根用力向内扣蜷，纤秀的脚踝与小腿绷成僵直的线条，膝盖颤抖着死死贴合。\n她婚后愈发紧致的小腹随着{anal}的翕动反复深深向内抽缩，细密的腹肌剧烈地颤动起伏，丰盈的腰身明显地弓起一道弧线又缓缓软落，如此起伏了数次。\n随着{anal}那几下娴熟有力的收缩，黏腻温热的肠液较为明显地自深处沁淌而出，一缕缕溢到丰腴的臀缝，在为人妻的肌肤上洇出湿漉漉的痕迹。\n她丰润的十指骤然攥拢成拳，圆润的指节泛白，急促失序的呼吸断续地从唇缝溢出，丰美的背脊剧烈绷紧又深深弓起，这具嫁作人妇而醇熟丰盈的身躯在这完整的绝顶里不受控制地连连痉挛。
1185,action_part_a_orgasm_normal_B,0,CVP_A2_T|107_E_1&CVP_A2_T|1_E_0&CVP_A2_A|10_G_6,成熟韵味十足的人妻{TargetName}冷不防地浑身剧烈一颤，{anal}强烈而有节奏地一阵阵绞缩收紧，那被开发得炉火纯青的括约肌熟练地反复翕张绞拢，一圈圈猛收又松放，为人妇多年而丰满圆翘的臀瓣随之节奏鲜明地大幅向内绷夹抖动。\n她丰腴修长的双腿反射性地向内并拢又猛地绷直，柔软丰厚的大腿相互死死挤压摩挲，成熟的脚趾用力蜷扣，圆润的脚背绷成僵硬弧度，两膝颤巍巍地相抵。\n她婚后丰润的小腹随着{anal}的收缩一下下剧烈向内抽搐，细腻的肚皮不受控制地起伏颤动，丰盈的腰肢熟门熟路地弓起又塌落，反复挺摆了好几下。\n伴着{anal}那一阵从容娴熟的翕动，透明黏稠的肠液较明显地自幽深处溢涌而出，顺着丰腴的臀缝一缕缕缓缓淌落，在为人妻醇熟的肌肤上淌开一片湿意。\n她纤纤双手死死收拢攥成紧拳，丰美的脊背反复绷直弓起，急促而紊乱的喘息令丰盈的胸膛大幅起伏，这具愈发丰韵的成熟身躯在完整而剧烈的高潮里止不住地阵阵战栗颤抖。

1186,action_part_a_orgasm_normal_B,0,target_is_player_daughter&CVP_A2_T|1_E_0&CVP_A2_A|10_G_6,{TargetName}正值青涩年华的娇躯猛地弓成一道紧绷的弧线，{anal}强烈而有节奏地痉挛收缩起来，那圈经验丰富的括约肌熟练地反复翕张绞紧，一下一下深深内缩又骤然外张，收放的幅度明显比轻度颤栗时大出许多。\n少女纤细的腰肢高高向上弓起，随即又重重塌落下去，稚嫩平坦的小腹随着{anal}的抽搐一波波向内收紧，腹部细嫩的肌肤剧烈地起伏鼓动。\n两条修长的细腿绷得笔直发颤，脚趾用力向内蜷曲扣拢，脚踝处的肌肉紧绷凸起，膝盖不受控制地颤抖着时而并拢时而张开。\n那圈熟练的肠壁有节奏地一收一放，明显的肠液顺着{anal}的边缘缓缓溢出，沿着圆翘的臀缝蜿蜒滑落，在光洁的股间拖出一道湿亮的痕迹。\n她的呼吸骤然急促而失序，纤瘦的胸口大幅起伏喘动，两只小手死死攥成拳，指节因用力而泛白，整条脊背在这阵剧烈颤抖里反复绷紧又微微松软。
1187,action_part_a_orgasm_normal_B,0,target_is_player_daughter&CVP_A2_T|1_E_0&CVP_A2_A|10_G_6,纤细娇小的{TargetName}身子骤然剧烈地弹动了一下，{anal}猛地收束起来，随即展开一连串强烈而规律的痉挛，那圈被充分开发过的括约肌熟门熟路地一圈圈绞紧又松开，绞缩的力道又深又沉。\n少女的腰腹猛地向上顶起，脊背绷成一道深深的弓形，青涩的小腹一下下急促地抽搐凹陷，腹壁的肌肉成波浪状层层收紧。\n一双嫩腿本能地大幅绷直又蜷起，脚尖死死向下抵绷，脚趾深深扣曲，大腿内侧的肌肉一阵阵痉挛似的抽紧颤栗。\n经验老到的肠壁熟练地起伏蠕动，较为明显的肠液从{anal}深处一缕缕渗涌而出，顺着丰润的臀丘缓缓淌下，将股缝浸得湿漉漉一片。\n她的呼吸乱成一团急喘，喉间溢出断续的气音，双肩剧烈耸动，细白的十指痉挛般收拢蜷曲，整具娇嫩的身躯在一波波高潮反应中止不住地绷紧又颤抖。
1188,action_part_a_orgasm_normal_B,0,target_is_player_daughter&CVP_A2_T|1_E_0&CVP_A2_A|10_G_6,{TargetName}稚气未脱的躯体陡然绷成一张满弓，{anal}发出一阵强烈而富有节奏的收缩，那圈饱经磨合的括约肌娴熟地反复翕合绞紧，一收一放间透着经验丰富的老练与力道。\n少女的腰肢猛然弓离，纤腰绷出一道深弧后又软软坠回，平坦的小腹随着{anal}的节律一次次剧烈地向内抽缩，嫩滑的腹肌不住地颤抖鼓凸。\n修长的双腿绷得紧绷发直，随即又下意识地并拢夹紧，膝头相抵微微打颤，脚趾用力向内勾曲，脚背绷出紧张的线条。\n那条熟练的肠道有力地一下下蠕动绞缩，明显的肠液顺着{anal}的褶皱汩汩溢出，沿着股沟缓缓蜿蜒下滑，在圆翘的臀肉间留下一道晶亮的湿痕。\n她的呼吸急促而紊乱，纤瘦的胸脯剧烈起伏，脸颊绷得通红，两手无处安放地攥紧又松开，纤细的手指一阵阵痉挛蜷曲，整个身子在连绵的高潮波动里反复紧绷又颤栗。
1189,action_part_a_orgasm_normal_B,0,target_is_player_daughter&CVP_A2_T|1_E_0&CVP_A2_A|10_G_6,娇小的{TargetName}身躯毫无预兆地剧烈一挺，{anal}随之爆发出一连串强而有力的规律痉挛，那圈经验丰盈的括约肌熟练自如地反复绞紧收束，收缩得又急又深，翕张的节奏分明有序。\n少女的腰部高高弓起绷紧，脊背拱成深深的弧度，青涩单薄的小腹一波接一波地急促抽搐，腹部的肌肉不受控制地成片颤动收紧。\n两条细嫩的腿骤然绷直又蜷缩，脚踝紧绷，脚趾深深向内扣拢，大腿根部的肌肉一阵阵抽搐着夹紧又微微张开。\n那圈老练的肠壁娴熟地起伏收放，愈发明显的肠液自{anal}深处一股股溢淌而出，顺着圆润的臀缝缓缓流下，濡湿了股间大片肌肤。\n她的呼吸霎时紊乱急喘，喉咙里溢出细碎断续的鼻音，双肩不住耸颤，纤细的指节攥成小拳又倏地张开，浑身的肌肉在一轮轮高潮反应中反复绷紧痉挛，久久无法平息。
1190,action_part_a_orgasm_normal_B,0,target_is_player_daughter&CVP_A2_T|1_E_0&CVP_A2_A|10_G_6,{TargetName}青春稚嫩的娇躯猝然剧烈地弓颤起来，{anal}强烈而规律地一下下痉挛绞缩，那圈被彻底开发熟透的括约肌熟练地反复吮吸般翕合，收放之间绞紧得深沉有力。\n少女的纤腰猛地向上弓离，绷成紧绷的弧线后又重重瘫落，平坦紧致的小腹随{anal}的抽动一次次深深内凹，腹壁的嫩肉层层痉挛鼓动。\n一双修长的腿绷得笔直颤栗，脚尖用力抵绷向下，脚趾蜷曲扣紧，膝盖不住地打着颤相互磨蹭并拢。\n那段驾轻就熟的肠道有节奏地蠕动绞压，较为明显的肠液顺着{anal}的边沿丝丝缕缕地溢流而出，蜿蜒滑过丰翘的臀丘，在股缝间留下湿漉漉的一道亮痕。\n她的呼吸骤然急促失序，胸口一起一伏地剧烈喘动，脸颊泛起潮红，纤白的双手无力地攥紧蜷缩，指节微微泛白，整具娇嫩的身子在连绵不绝的高潮余波里反复绷紧又轻轻颤抖。

1191,action_part_a_orgasm_normal_B,0,CVP_A2_T|106_E_1&CVP_A2_A|5_LE_3,成熟丰盈的{TargetName}腰身骤然向上弓起，{anal}强烈而有节奏地痉挛收缩起来，一圈成熟的括约肌反复地翕张绞紧，一收一放地紧密咬合，那节律远比先前克制的轻颤来得明显而剧烈。\n她丰腴修长的双腿本能地绷直伸展，圆润的膝盖因为用力而微微颤抖，脚背向下绷成一道紧张的弧线，脚趾一根根向内蜷曲扣拢，整条腿的肌肉线条在这一刻紧绷收缩。\n成熟饱满的小腹随着{anal}的抽搐节奏反复地向内收紧又松开，光洁细腻的腹部肌肤一波接一波地起伏抽动，圆翘丰润的臀肉也随之一收一紧地颤动。\n随着{anal}那一阵接一阵有力的绞缩，温热黏腻的肠液较为明显地自深处溢淌而出，顺着丰腴腿根内侧的曲线缓缓流淌，将那片成熟温软的肌肤沾湿出一道湿润的痕迹。\n她的呼吸在这阵痉挛之中骤然急促而失序，丰满的胸膛随着紊乱的喘息大幅起伏，成熟的面庞上迅速漫开一片深重的潮红，眉头紧紧蹙起，双手不受控制地攥紧收拢，指节因为用力而微微泛白，整副丰盈成熟的躯体在这场完整的绝顶中不住地颤抖着。
1192,action_part_a_orgasm_normal_B,0,CVP_A2_T|106_E_1&CVP_A2_A|5_LE_3,{TargetName}成熟的躯体在绝顶来临的刹那猛地一僵，{anal}紧接着强烈地痉挛收缩起来，成熟紧致的括约肌一圈圈反复翕张绞紧，规律而有力地咬合抽搐，收放的幅度明显超出了先前那种克制的轻颤。\n她丰腴的腰肢明显地向上弓起一道深弧，随即又缓缓落下，如此反复了好几回，成熟圆润的臀部随着{anal}的绞缩节奏紧绷收紧，一下下地向内夹拢颤动。\n两条丰满修长的大腿不受控制地绷紧颤抖，腿根内侧温润的肌肤相互挤压贴合，脚趾骤然向内蜷缩扣紧，脚踝处绷起了细腻的肌肉线条。\n伴着{anal}一阵阵有节律的绞缩抽动，温热的肠液较为明显地从深处渗涌而出，顺着丰腴的腿缝蜿蜒淌落，在成熟细腻的肌肤上留下一道湿亮的痕迹。\n她的小腹随着这阵痉挛反复地抽搐收缩，急促紊乱的喘息使得丰盈的胸脯剧烈起伏，成熟的脸颊与脖颈之间泛起一片浓重的绯红，眼角隐隐沁出了水汽，丰润的唇瓣微微张开又紧抿，双手攥紧了触手可及之物，整副成熟丰腴的身躯在这完整而剧烈的高潮里持续地颤栗着。
1193,action_part_a_orgasm_normal_B,0,CVP_A2_T|106_E_1&CVP_A2_A|5_LE_3,绝顶的浪潮席卷而来，{TargetName}成熟丰盈的身躯骤然绷紧，{anal}强烈而富有节奏地一阵阵痉挛收缩，成熟的括约肌反复地绞紧又松开，一圈紧致的肌肉密密地翕张咬合，抽搐的力度分明而有力。\n她成熟流畅的腰身向上弓起一道明显的弧度，脊背随之绷直，随后又缓缓软落，来回起伏了数次，圆翘丰满的臀肉一下下地向内收紧颤动。\n两条丰腴的长腿绷得笔直，圆润的膝盖颤颤地相互靠拢，脚尖向下绷直，脚趾无声地向内蜷曲扣拢，整条腿从大腿根到脚踝都笼罩在一阵剧烈的颤抖之中。\n随着{anal}接连不断的有力绞缩，温热黏腻的肠液较为明显地自{anal}处溢流而出，顺着成熟丰腴的大腿内侧缓缓向下淌落，沾湿了一片细腻的肌肤，留下一道湿润的印迹。\n她成熟饱满的小腹随着痉挛节奏反复地抽搐收紧，呼吸变得急促而毫无章法，丰满的胸膛随着喘息大幅起伏，成熟的面容上浮起深重的潮红，眉宇紧蹙，双手蜷曲攥成半拳，指背筋脉轻轻浮现，整副丰盈的躯体在这场完整的绝顶中不停地抖动着。
1194,action_part_a_orgasm_normal_B,0,CVP_A2_T|106_E_1&CVP_A2_A|5_LE_3,{TargetName}那具饱经风韵的成熟躯体倏地一颤，{anal}随即强烈地收缩痉挛，成熟紧致的括约肌一圈圈反复翕张绞紧，有节奏地咬合抽动，那收放的幅度比起先前克制的轻颤要明显剧烈得多。\n她丰腴的腰肢反复地向上弓起又落下，成熟圆润的臀部跟着{anal}的绞缩节奏一下下向内收紧夹拢，圆翘的臀肉紧绷颤动。\n两条丰满修长的腿本能地绷直伸展，腿根内侧温软的肌肤紧紧贴合挤压，膝盖微微弯折又绷直，脚趾向内蜷缩扣紧，脚背绷成紧张的弧线。\n伴随着{anal}一阵阵有力而规律的绞缩，温热的肠液较为明显地自{anal}深处溢淌流出，顺着丰腴腿根的曲线缓缓蜿蜒而下，在成熟的肌肤上留下一道湿润的痕迹。\n她成熟的小腹随痉挛反复抽搐起伏，急促失序的呼吸令丰盈的胸脯剧烈起伏，成熟的脸庞迅速漫上一层深红，眼神略显失神涣散，丰润的双唇微微开合，双手不由自主地收拢攥紧，整副成熟丰腴的身躯在这完整剧烈的高潮之中持续地颤抖不止。
1195,action_part_a_orgasm_normal_B,0,CVP_A2_T|106_E_1&CVP_A2_A|5_LE_3,高潮猛然攫住了{TargetName}，她成熟丰满的身躯骤然绷紧僵直，{anal}强烈而有节律地一阵阵痉挛收缩，成熟的括约肌反复地绞紧翕张，一圈紧致的肌肉密密咬合抽搐，收放之间力度分明。\n她成熟丰盈的腰身明显地向上弓起，脊背绷成一道深弧，随即缓缓落回，反复起伏了好几次，圆润饱满的臀肉一下下地向内收紧颤动。\n两条丰腴修长的大腿绷得笔直而颤抖，腿根内侧温润的肌肤相互挤压贴紧，脚踝处绷起细腻的肌肉，脚趾骤然向内蜷曲扣拢。\n随着{anal}连绵不断的有力绞缩，温热黏腻的肠液较为明显地从深处渗涌溢出，顺着成熟丰腴的腿缝缓缓淌落，将那片温软的肌肤浸润出一道湿亮的痕迹。\n她成熟的小腹随着这阵痉挛反复地收紧抽搐，紊乱急促的喘息使丰满的胸膛大幅起伏，成熟的面颊泛起浓重的潮红，眉头紧蹙，眼角沁出细微的水汽，双手攥紧收拢成拳，指节微微泛白，整副丰盈成熟的躯体在这场完整的绝顶里不住地颤栗抖动着。

1196,action_part_a_orgasm_normal_B,0,CVP_A2_T|107_E_1&CVP_A2_A|5_LE_3,{TargetName}成熟丰盈的躯体骤然剧烈地绷紧起来，{anal}猛地发出一阵强烈而有节奏的痉挛收缩，紧窄的括约肌不受控制地反复翕张绞缩，一圈圈地向内绞紧又缓缓松开。\n丰腴饱满的双腿本能地向内绷直夹拢，成熟温润的腿根内侧肌肉一同紧绷，圆翘的臀肉随着{anal}的痉挛节奏一下下地夹紧又颤动。\n成熟的腰肢明显地向上弓起一道弧线，光洁的小腹随着{anal}的收缩反复向内抽搐，腹部那片温软丰腴的肌肉一阵阵地起伏抽动。\n随着{anal}那持续而有节奏的绞缩，一缕温热的肠液较为明显地从收缩的穴口溢淌而出，顺着丰腴的臀缝缓缓渗流下去，将成熟的肌肤浸出一片湿润。\n丰满的胸膛随着急促失序的呼吸大幅起伏，四肢的肌肉不受控制地绷紧颤抖，成熟的面庞上漫开深重的潮红，直到{anal}的痉挛渐渐趋缓，丰盈的躯体才在余韵中一点点松弛下来。
1197,action_part_a_orgasm_normal_B,0,CVP_A2_T|107_E_1&CVP_A2_A|5_LE_3,已为人妻的{TargetName}丰腴身躯随着一阵深切的战栗猛然收紧，{anal}强烈而规律地一收一放地痉挛起来，成熟的括约肌不受控制地反复绞紧翕张，一圈圈向内深深绞缩。\n她成熟修长的双腿绷得笔直，脚趾骤然向内蜷曲扣拢，脚踝处的肌肉紧绷起细腻的线条，丰满圆润的臀肉随着{anal}的节奏一下一下地夹紧抽动。\n温润饱满的腰肢反复地向上弓起又落下，柔软的小腹随之一阵阵地向内深深抽搐，腹部那片成熟丰盈的肌肉不停地起伏收缩。\n伴着{anal}那连续有节律的绞缩，黏腻温热的肠液较为明显地从穴口渗涌溢出，顺着丰腴的股沟缓缓流淌，在成熟温软的肌肤上留下一道湿润的痕迹。\n她的呼吸陡然急促而紊乱，丰盈的胸脯剧烈起伏，双手无意识地攥紧成拳，指节因用力而泛白，四肢肌肉不受控制地颤抖，直到{anal}的痉挛渐渐平息，成熟的身躯才慢慢松软下来。
1198,action_part_a_orgasm_normal_B,0,CVP_A2_T|107_E_1&CVP_A2_A|5_LE_3,{TargetName}成熟温润的腰身突然一僵，紧接着{anal}便强烈而有节奏地抽搐痉挛开来，紧致的括约肌一遍遍地向内绞紧又缓缓松开，收缩的幅度明显而不失规律。\n她丰腴的双腿本能地并拢绷紧，圆润的膝盖颤巍巍地贴合在一起，成熟的脚趾深深向内蜷曲，饱满的臀部随着{anal}的痉挛一颤一颤地绷紧。\n光洁丰盈的小腹反复地向内抽缩，腹壁的肌肉一阵阵地起伏抽搐，成熟流畅的腰肢明显地弓起一道弧度，随后又随着收缩的节奏缓缓落下。\n随着{anal}持续的绞缩翕张，一股温热的肠液较为明显地自穴口溢淌而出，缓缓渗流过丰腴的臀缝，将成熟饱满的肌肤浸润出一片湿意。\n急促失序的呼吸令丰满的胸膛剧烈起伏，成熟的面庞上迅速漫开深重的绯红，眼角沁出细密的水汽，四肢的肌肉绷紧又颤抖，直至{anal}的痉挛趋于和缓，丰盈的躯体方才在余波中一点点舒缓下来。
1199,action_part_a_orgasm_normal_B,0,CVP_A2_T|107_E_1&CVP_A2_A|5_LE_3,身为人妻的{TargetName}丰盈成熟的身子骤然剧烈一颤，{anal}随即发出一连串强烈而规律的痉挛收缩，成熟的括约肌不由自主地反复翕张绞缩，一圈一圈地深深向内绞紧。\n她丰腴的大腿本能地向内夹拢绷直，温润的腿根内侧相互挤压紧贴，圆翘丰满的臀肉随着{anal}的节奏一下下地绞紧颤动，脚趾无声地向内蜷缩扣起。\n成熟的腰肢明显地向上弓起，柔软丰盈的小腹随着{anal}的收缩反复向内深深抽搐，腹部那片温软的肌肉一波波地起伏收紧。\n伴着{anal}那有节律的持续绞缩，温热黏腻的肠液较为明显地从收缩的穴口渗溢而出，顺着丰腴的股缝缓缓淌下，在成熟的肌肤上洇开一片湿润。\n她的呼吸变得急促而紊乱，丰满的胸脯随之大幅起伏，双手攥紧了手边触及的物件，指尖深深掐陷，四肢不受控制地绷紧颤栗，直到{anal}的抽搐逐渐平息，成熟丰盈的身躯才慢慢恢复了平静。
1200,action_part_a_orgasm_normal_B,0,CVP_A2_T|107_E_1&CVP_A2_A|5_LE_3,{TargetName}成熟丰腴的躯体随着一阵深深的震颤蓦然绷直，{anal}强烈而有节奏地绞缩痉挛，紧窄的括约肌反复地向内翕张收紧，一圈圈规律地绞紧又松弛。\n她饱满修长的双腿绷得笔直，成熟圆润的膝盖颤抖着相互抵紧，脚背反射性地向下绷直，脚趾向内深深蜷曲，丰满的臀肉随着{anal}的痉挛一颤一颤地夹紧。\n温润的腰肢反复弓起又软落，光洁丰盈的小腹随着{anal}的收缩一阵阵地向内抽动，腹部成熟的肌肉不停地起伏抽搐。\n随着{anal}连续而规律的绞缩，一缕温热的肠液较为明显地从穴口溢淌流出，沿着丰腴的臀缝缓缓渗流，将成熟温软的肌肤浸出一道湿润的痕迹。\n急促失序的喘息让丰满的胸膛剧烈起伏，成熟的面颊上漫开一片深重的潮红，双手无力地蜷曲攥紧，四肢的肌肉绷紧颤抖不止，直到{anal}的痉挛渐次平息，丰盈成熟的身躯才在余韵中缓缓松弛下来。

1201,action_part_a_orgasm_normal_B,0,target_is_player_daughter&CVP_A2_A|5_LE_3,少女般的{TargetName}娇嫩的身躯猝然剧烈地弓绷起来，{anal}强烈而有节奏地痉挛收缩，稚嫩的括约肌一圈圈反复地翕张绞紧，将周遭的软肉一下下狠狠地箍拢又松开。\n青涩紧实的小腹随之反复地向内抽搐收紧，平坦的下腹肌肉一阵接一阵地痉挛起伏，稚嫩的腰肢明显地向上弓起一道弧度，脊背绷成紧张的曲线久久不肯落下。\n浑圆的臀瓣随着{anal}的收缩节奏一下下地夹紧又颤抖，臀缝深处的{anal}有较明显的肠液缓缓渗出溢淌，顺着少女细嫩的股沟蜿蜒滑落，沾湿了大腿内侧一片娇嫩的皮肤。\n两条稚气未脱的细腿本能地绷得笔直，脚趾用力地向内蜷曲扣紧，纤细的手指死死攥住身边触手可及之物，指节因为过度用力而泛出苍白。\n少女的呼吸骤然急促而失序，娇小的胸膛剧烈地起伏喘动，稚嫩的面庞上浮起深重的潮红，全身的肌肉不受控制地一阵阵颤抖，直到{anal}的痉挛渐渐趋缓才慢慢松弛下来。
1202,action_part_a_orgasm_normal_B,0,target_is_player_daughter&CVP_A2_A|5_LE_3,稚气犹存的{TargetName}纤细的身子倏地弓成了一张紧绷的弓，{anal}一下下强烈地痉挛绞缩，粉嫩的括约肌不受控制地反复收缩翕张，一圈圈地箍紧又骤然松开，规律而有力。\n少女柔嫩平坦的小腹随着这阵节律反复地向内深深抽紧，青涩的腹肌一阵阵地绷起颤动，纤细的腰肢猛地向上弓挺，脊背高高拱起后又微微软落，如此反复了好几次。\n浑圆挺翘的嫩臀随{anal}的抽搐节拍一下下地收夹颤动，深处的{anal}汩汩地淌出较明显的肠液，温热的黏液顺着少女娇嫩的臀缝缓缓流淌，在细腻的肌肤上拖出一道湿亮的痕迹。\n两条稚嫩的长腿绷得紧紧的微微发颤，脚背反射性地向下绷直，脚趾狠狠地蜷曲扣拢，纤细的双手无意识地收拢握紧，指尖深深掐入掌心。\n她的呼吸变得又急又乱，单薄的胸口大幅度地起伏喘息，稚嫩的脸颊涨得通红，全身娇嫩的肌肉一波波地颤栗抽动，直到那阵剧烈的痉挛缓缓平息才慢慢松懈。
1203,action_part_a_orgasm_normal_B,0,target_is_player_daughter&CVP_A2_A|5_LE_3,正值青春年华的{TargetName}娇小的躯体骤然剧烈地绷紧颤抖，{anal}强烈而富有节奏地一阵阵痉挛收缩，稚嫩的括约肌反复地绞紧翕张，将穴口周围的软肉一下下猛烈地夹拢又放松。\n少女青涩紧致的下腹随之一次次地向内猛烈抽搐，平坦的小腹肌肉密集地痉挛起伏，纤秀的腰身明显地向上弓起，脊背绷成一道紧张的弧线迟迟不落。\n少女圆润的臀肉随着{anal}的收缩一下下地紧绷又松弛，{anal}处有肠液较为明显地渗溢流淌，晶亮的黏液沿着娇嫩的股缝一路蜿蜒下滑，浸湿了大腿根一片稚嫩的肌肤。\n两条纤细笔直的腿本能地夹紧绷直，膝盖微微发颤地并拢，脚趾用力地向内勾曲，稚嫩的手指死死抓住身旁之物，指节因用力而根根泛白。\n她急促紊乱地喘息着，娇嫩的胸脯起伏不定，青涩的面容上潮红一片，眼角微微沁出水光，全身肌肉不由自主地阵阵战栗，待{anal}的抽搐渐缓，紧绷的躯体才一点点地松软下来。
1204,action_part_a_orgasm_normal_B,0,target_is_player_daughter&CVP_A2_A|5_LE_3,少女模样的{TargetName}单薄的娇躯陡然弓绷起来，{anal}强烈地一波波痉挛绞缩，稚嫩的括约肌不受控制地反复翕张收紧，一圈圈地绞拢又松开，动作又急又密。\n青涩的小腹随着这阵痉挛反复向内深深收缩，柔嫩的腹肌一阵接一阵地抽搐起伏，纤细的腰肢猛然向上弓挺成一道弧度，脊背绷紧后又缓缓塌落，如此往复不止。\n浑圆娇嫩的臀瓣随{anal}的节奏一下下地收紧颤动，{anal}深处较明显地溢出温热的肠液，黏腻的液体顺着少女细嫩的臀沟缓缓滑落，将大腿内侧娇嫩的皮肤沾湿了一小片。\n两条稚嫩的细腿本能地绷得笔直微微打颤，脚趾狠狠向内蜷缩扣紧，纤秀的十指无意识地攥握成拳，指尖用力地陷入掌心。\n少女的呼吸骤然急促失序，娇小的胸膛剧烈起伏喘动，青涩稚嫩的脸蛋涨得潮红，浑身娇嫩的肌肉一阵阵不受控地颤抖抽搐，直到{anal}的痉挛慢慢趋于平缓，绷紧的身子才逐渐舒展松弛。
1205,action_part_a_orgasm_normal_B,0,target_is_player_daughter&CVP_A2_A|5_LE_3,花季年岁的{TargetName}稚嫩的身躯突然剧烈地一颤，随即弓成紧绷的弧线，{anal}强烈而有节律地反复痉挛收缩，粉嫩的括约肌一下下地绞紧又翕张，节奏分明地箍拢周围的软肉。\n少女青涩平坦的小腹一次次地向内猛地抽紧，稚嫩的下腹肌肉密集地起伏颤动，纤细的腰身高高向上弓起，柔韧的脊背绷成一道紧张的弓形，僵持了许久才缓缓松落。\n挺翘圆嫩的臀部随着{anal}的收缩节拍一下下地夹拢发颤，{anal}处有较明显的肠液缓缓沁出溢流，温热的黏液沿着少女娇嫩的股缝蜿蜒淌下，在稚嫩的腿根处留下一道湿润的印痕。\n两条纤长稚气的腿绷得笔直不住地轻颤，脚背向下绷紧，脚趾用力向内勾曲扣拢，纤细的双手死死攥紧了身边之物，指节因过度使力而泛白发僵。\n她的呼吸急促而杂乱，单薄娇嫩的胸口大幅起伏喘息，稚嫩的面颊上蒸腾起浓重的红晕，全身肌肉不受控制地一波波战栗，直至{anal}的抽搐渐渐止息，娇小的躯体才慢慢平复下来。
1206,action_part_a_orgasm_normal_B,0,CVP_A2_T|102_E_1&CVP_A2_A|5_G_3&CVP_A2_A|5_LE_6,娇小稚嫩的{TargetName}猛地绷紧了整个小小的身躯，{anal}骤然强烈而有节奏地痉挛收缩起来，一圈幼嫩的括约肌反复翕张又用力绞紧，圆润的小屁股不受控制地一抖一抖地收缩着。\n细瘦的小腹随着这阵痉挛反复向内深深抽搐，幼童特有的圆嫩肚皮急促地起伏鼓动，纤细的腰肢明显向上弓起了一道弧度，稚气的背脊绷成一条弯弯的弧线又缓缓落下。\n她那两条细若嫩藕的小腿骤然绷直又不住地打颤，小小的膝盖用力并拢，稚嫩的脚趾一下下向内蜷缩扣紧，纤细的脚踝也绷出细密的颤栗。\n一股温热的肠液顺着{anal}的每一次绞缩明显地淌流溢出，沿着幼小的臀缝和嫩白的大腿内侧缓缓流下，把那一小片稚嫩的肌肤浸得湿漉漉的。\n她小小的胸口随着急促失序的呼吸剧烈起伏，稚嫩的脸蛋涨得通红，细嫩的手指死死攥紧蜷曲成小拳，指节因为用力而泛出苍白，整个娇弱幼小的身子在这场完整的绝顶里不住地颤抖抽动。
1207,action_part_a_orgasm_normal_B,0,CVP_A2_T|102_E_1&CVP_A2_A|5_G_3&CVP_A2_A|5_LE_6,稚气未脱的{TargetName}小小的身体陡然剧烈地颤栗起来，{anal}一阵紧似一阵地痉挛绞缩，幼嫩的括约肌一张一合地反复收紧又松开，节奏分明而有力。\n她圆嫩的小腹一下下深深地向内瘪陷抽动，稚嫩的腰肢猛地弓起，纤细的脊背离开原处绷成一道紧张的弧线，随后又随着痉挛的节拍微微软落。\n幼小的四肢无一处不在绷紧发颤，两条纤细的小腿时而僵直时而乱蹬，稚嫩的脚趾死死向内抠蜷，小手也随之攥成拳头，指尖深深掐进掌心。\n随着{anal}反复的绞紧翕张，较为明显的肠液一缕缕地渗涌流出，顺着幼嫩的股沟蜿蜒淌下，在稚气的臀肉与腿根之间留下一道道湿亮的痕迹。\n她娇小的胸膛随着一阵阵急促而紊乱的喘息不住起伏，粉嫩的小脸绷得通红，稚嫩的眉头紧紧蹙起又颤抖，整具幼弱的身躯在这场标准的绝顶高潮里剧烈地抽动痉挛了好一阵才渐渐平缓。
1208,action_part_a_orgasm_normal_B,0,CVP_A2_T|102_E_1&CVP_A2_A|5_G_3&CVP_A2_A|5_LE_6,幼小玲珑的{TargetName}整个人骤然一僵，紧接着{anal}便强烈地痉挛收缩起来，稚嫩的括约肌一圈圈地反复绞紧翕张，圆润小巧的臀部随着每一次收缩而明显地颤动抽搐。\n她纤细的小腹连续不断地向内深深抽紧，幼童圆鼓鼓的肚皮急促地一起一伏，柔嫩的腰身猛然向上弓挺，稚气的背脊绷成弓形又缓缓塌软下来。\n两条稚嫩的小短腿本能地绷得笔直，小小的膝盖不住打颤，纤细的脚背反射性地向下绷紧，幼嫩的脚趾一根根蜷曲扣拢又松开。\n伴着{anal}一次次有节律的绞缩，温热黏腻的肠液较为明显地淌流出来，沿着幼小的臀缝一路缓缓渗下，把嫩白的腿根内侧浸润出一片湿意。\n她小小的胸口起伏得又快又乱，稚嫩的脸颊烧得绯红一片，细嫩的十指痉挛般地收拢蜷缩，指节泛出苍白，整个娇小稚弱的身子在这场完整的绝顶中反复地颤抖抽搐着。
1209,action_part_a_orgasm_normal_B,0,CVP_A2_T|102_E_1&CVP_A2_A|5_G_3&CVP_A2_A|5_LE_6,小小的{TargetName}忽然全身一绷，{anal}随即爆发出强烈而有节奏的痉挛，幼嫩的括约肌反复地绞紧又翕张，圆嫩的小屁股跟着这节拍一颤一颤地收缩鼓动。\n她稚嫩的小腹反复地向内深陷抽搐，柔软圆润的肚皮急促地起伏，纤瘦的腰肢明显地向上弓起，幼小的脊背绷成一道紧绷的弧度又慢慢松落回去。\n幼弱的双腿绷直又不受控制地打颤，两只小脚的脚趾用力地向内蜷曲扣紧，纤细的脚踝处绷起细密的颤栗，小小的膝盖也止不住地哆嗦。\n随着{anal}一下下的绞缩翕合，明显增多的肠液一缕缕溢淌而出，顺着稚嫩的股缝与嫩滑的大腿内侧缓缓流淌，在幼小的肌肤上留下湿漉漉的一片痕迹。\n她娇小的胸膛随着急促而失序的呼吸剧烈起伏，粉嫩的小脸涨得通红，细嫩的手指紧紧蜷缩攥成拳，指节发白，整具幼小娇嫩的躯体在这场典型的绝顶里不停地颤抖抽动，久久才渐渐平息。
1210,action_part_a_orgasm_normal_B,0,CVP_A2_T|102_E_1&CVP_A2_A|5_G_3&CVP_A2_A|5_LE_6,娇弱幼小的{TargetName}稚嫩的身躯毫无预兆地剧烈一震，{anal}紧跟着强烈痉挛起来，一圈幼嫩的括约肌有力而规律地反复绞紧翕张，圆润稚气的臀肉随之不停地抽搐收缩。\n她纤细的小腹一波接一波地向内深深抽紧，圆嫩的肚皮急促地起伏鼓动，稚嫩的腰身反复向上弓挺，幼小的脊背绷成弯弓的形状后又缓缓塌落。\n两条细嫩的小腿时而绷直时而颤抖着乱蹬，小小的膝盖用力地夹拢又弹开，幼嫩的脚趾一下下向内死死蜷扣，脚踝绷紧到发颤。\n伴随{anal}反复而有节律的收缩绞紧，温热的肠液较为明显地一股股渗涌流出，顺着幼小的臀缝和嫩白的腿根蜿蜒淌下，将那片稚嫩的肌肤浸得湿润晶亮。\n她小小的胸口随着一阵阵急而乱的喘息不住起伏，稚气的脸蛋烧得通红，细嫩的双手痉挛似地收拢攥紧，指节因用力而泛白，整个幼小稚嫩的身子在这场完整绝顶的余波里颤抖抽动了许久才慢慢缓和下来。
1211,action_part_a_orgasm_normal_B,0,CVP_A2_T|103_E_1&CVP_A2_A|5_G_3&CVP_A2_A|5_LE_6,娇小纤细的{TargetName}身躯猛地绷紧起来，{anal}骤然发起一阵强烈而有节律的痉挛收缩，稚嫩的括约肌不受控制地反复翕张绞紧，一圈一圈地向内深深收拢。\n初初发育的小腹随着这剧烈的收缩而反复向内抽搐，嫩滑平坦的肚皮一下下地绷紧又松开，细密的颤动顺着腰腹一路蔓延开来。\n纤细的双腿本能地向内夹拢绷直，稚嫩的脚趾用力地蜷缩勾起，两条小腿的肌肉一阵阵地颤抖抽紧，纤瘦的腰肢明显地向上弓起了一道弧度。\n伴随着{anal}一下下有力的绞缩，明显的一股肠液顺着穴口缓缓地流淌溢出，沿着娇嫩的臀缝蜿蜒滑下，在细腻的皮肤上留下湿润的痕迹。\n幼小的胸口随着急促失序的呼吸剧烈起伏，纤细的手指死死攥紧成拳，指节因为用力而微微泛白，整具娇躯在这场完整而剧烈的高潮中不住地颤栗抽动。
1212,action_part_a_orgasm_normal_B,0,CVP_A2_T|103_E_1&CVP_A2_A|5_G_3&CVP_A2_A|5_LE_6,{TargetName}那副刚开始发育的娇小身子突然剧烈地一颤，{anal}强烈地痉挛起来，一下接着一下地有节奏地收缩绞紧，稚嫩的括约肌反复地翕合翻绞，绞得死死的又猛地松开。\n嫩白的小腹随着这波波高潮反应而不停地向内抽缩，纤薄的腹肌一阵阵地绷紧颤动，细密的抽搐从下腹一直传到纤细的腰肢上。\n两条稚嫩纤瘦的小腿绷得笔直，膝盖颤巍巍地相互抵紧，纤细的脚背向下绷成弓形，小小的脚趾无法自控地向内扣拢蜷曲。\n随着{anal}一波波强烈的收缩，一缕明显的肠液从翕张的穴口缓缓渗涌而出，顺着圆嫩的小臀缓缓淌落，在嫩滑的肌肤上留下一道湿亮的痕迹。\n娇嫩的后背绷成一道明显的弧线，纤细的双臂紧绷发抖，急促而紊乱的呼吸让幼小的胸膛剧烈起伏，整个娇小的躯体在这场完整的绝顶里颤抖抽动个不停。
1213,action_part_a_orgasm_normal_B,0,CVP_A2_T|103_E_1&CVP_A2_A|5_G_3&CVP_A2_A|5_LE_6,稚气未脱的{TargetName}娇躯骤然弓紧，{anal}猛烈而有规律地收缩痉挛，一圈圈地向内绞拢，幼嫩的括约肌一张一合地反复绞紧翕张，绞缩的力道明显而有力。\n纤细娇小的腰身猛地向上弓起，尚未长开的小腹随着高潮的节律反复向内抽搐凹陷，平坦嫩滑的腹部肌肉一下下地紧绷又颤动。\n两条初现少女线条的细腿失控地绷直夹紧，稚嫩的大腿内侧肌肤相互贴合摩挲，纤瘦的脚踝紧绷，小巧的脚趾用力地向内蜷曲扣紧。\n伴着{anal}一次次深沉有力的绞缩，较为明显的肠液顺着穴口一点点溢淌而出，缓缓地流过娇嫩的股缝，将那一小片稚嫩的皮肤浸得湿润发亮。\n幼小的手指痉挛似地攥紧又松开，纤细的四肢止不住地颤抖发绷，急乱的呼吸声一阵紧过一阵，整具青涩娇嫩的身躯在这场完整绝顶中剧烈地颤栗着。
1214,action_part_a_orgasm_normal_B,0,CVP_A2_T|103_E_1&CVP_A2_A|5_G_3&CVP_A2_A|5_LE_6,{TargetName}娇小玲珑的身体陡然一僵，紧接着剧烈地颤抖起来，{anal}强烈地一缩一放地痉挛收缩，稚嫩的括约肌不由自主地反复绞紧翕张，深深浅浅地向内吸拢绞合。\n初发育的小腹随着一波波高潮而反复抽动收紧，嫩薄的腹皮一下下地凹陷又鼓起，细细的颤栗顺着纤瘦的腰际一路荡漾开来。\n两条纤细的嫩腿本能地并拢绷紧，小小的膝头颤抖着相互抵住，纤秀的脚尖向下绷直，稚嫩的脚趾无声地蜷缩勾拢，整条腿都被细密的抖动笼罩。\n随着{anal}一下下有节律的强力绞缩，明显的一股肠液自穴口缓缓溢出淌落，沿着圆润娇嫩的臀瓣蜿蜒滑下，在细腻的肌肤上留下一道湿润的水痕。\n娇小的脊背绷成一道弯弓，纤细的手死死抓紧，指节泛出淡淡的白，凌乱急促的呼吸让稚嫩的胸脯剧烈起伏，整个娇躯在这场完整剧烈的高潮里不住抽搐颤动。
1215,action_part_a_orgasm_normal_B,0,CVP_A2_T|103_E_1&CVP_A2_A|5_G_3&CVP_A2_A|5_LE_6,随着高潮汹涌而至，{TargetName}纤瘦娇小的身躯猛然绷紧颤抖，{anal}强烈而有节奏地痉挛绞缩起来，幼嫩的括约肌一波接一波地反复收紧翕张，一圈圈地向内深深绞拢。\n尚在发育的小腹随着这剧烈的收缩节律反复向内抽搐，平坦稚嫩的腹部肌肤一下下地绷紧又颤动，细密的抽动一路蔓延至纤细的腰肢。\n两条稚嫩的细腿绷得笔直又向内紧夹，娇嫩的大腿肌肉一阵阵地颤抖绷紧，小巧的脚趾用力地蜷曲扣紧，纤细的脚踝也随之绷出了紧绷的线条。\n伴着{anal}一下下深沉有力的绞缩翻绞，较为明显的肠液缓缓地自穴口渗涌溢出，顺着娇嫩的股沟一路淌落，在嫩滑的皮肤上留下湿亮的痕迹。\n幼小的腰身高高弓起后又缓缓落下，纤细的双手攥成小小的拳，急促而失序的喘息让娇嫩的胸口剧烈起伏，整具娇小的身躯在这场完整的绝顶中颤栗抽搐不止。


2000,action_part_a_orgasm_normal_B,0,CVP_A2_T|102_E_1,幼小的{TargetName}娇躯猛地绷紧又松垮下来，{anal}强烈而有节奏地痉挛收缩，稚嫩的括约肌反复翕张绞紧，圆嫩的小腹一下下反复抽搐凹陷。\n细若嫩藕的双腿本能地向内蜷缩绷直，脚趾用力蜷曲抠紧，脚踝处的肌肉抖动不止，纤细的膝盖不受控制地打着轻颤。\n娇小的腰肢猛然向上弓起又颤巍巍地塌软下去，粉嫩的臀瓣随着{anal}的收缩一下下抖动，肠液顺着{anal}边缘明显地流淌出来，沾湿了稚嫩的臀缝与大腿内侧。\n细嫩的手指痉挛般收拢蜷握，指节泛白，呼吸急促而破碎，稚嫩的胸口随喘息剧烈起伏。\n整具幼小的身躯在这阵完整的绞缩中不断颤动，直到痉挛渐渐平息才缓缓瘫软下来。
2001,action_part_a_orgasm_normal_B,0,CVP_A2_T|102_E_1,矮小的{TargetName}腰身骤然剧烈一挺，{anal}接连不断地收紧又松开，稚嫩的括约肌一圈圈绞缩翕动，圆润的小腹跟着一下下急促抽紧。\n两条细瘦的腿猛地向内绷直，脚背绷成一道弧线，脚趾死死蜷起，膝盖抖得停不下来，大腿内侧的嫩肉不断地颤抖抽动。\n粉嫩的臀部随着{anal}一次次收缩而弹跳般抖动，肠液从{anal}处明显地渗流而出，顺着臀缝缓缓淌下，浸湿了一小片稚嫩的皮肤。\n脊背猛地弓起成一道浅弧，随即又颤颤地垮塌下来，细小的手指痉挛似的抓握成拳，喘息急促而杂乱，胸膛剧烈起伏不止。\n整个稚嫩的躯体在这场完整的绞缩高潮里反复颤抖，直至余韵渐渐消退才慢慢平复下来。
2002,action_part_a_orgasm_normal_B,0,CVP_A2_T|102_E_1,幼小的{TargetName}身子猛地一僵，随即不住地抽颤起来，{anal}一阵接一阵地剧烈绞紧松开，稚嫩的括约肌反复翕张收拢，圆嫩的腹肌一下下急速抽缩。\n两条细短的腿本能地绷紧夹拢，脚趾用力蜷曲扣紧，脚踝处肌肉一抖一抖，膝盖不由自主地打颤磕碰。\n稚嫩的腰肢猛然向上顶起又瘫软落下，浑圆的小屁股随着{anal}的抽搐一下下抖动跳跃，肠液顺着{anal}明显地淌出，沿着臀缝与腿根蜿蜒流下，留下湿漉漉的痕迹。\n细小的手指痉挛般握紧又松开，呼吸急促紊乱，稚嫩的胸脯随喘息大幅起伏。\n整个幼小的躯体在这阵完整而剧烈的绞缩中不停颤动，直到痉挛的余波渐渐散尽才缓缓松弛下来。
2003,action_part_a_orgasm_normal_B,0,CVP_A2_T|102_E_1,小小的{TargetName}腰肢突然猛地一弓，{anal}随即密集而有力地一收一放，稚嫩的括约肌反复绞缩翕动，圆润的小腹跟着一下下急促地凹陷抽紧。\n两条纤细的腿猛地绷直又蜷起，脚趾死死抠紧，脚背绷出一道弧线，膝盖不停地颤抖磕撞在一起。\n粉嫩的臀肉随着{anal}的每一次收缩而剧烈抖动，肠液从{anal}处明显地涌流而出，沿着臀缝滑落，浸润了稚嫩的腿根内侧一片肌肤。\n脊背反复弓起又瘫塌，细嫩的手指痉挛般蜷曲抓紧，呼吸急促破碎，稚嫩的胸口随喘息剧烈起伏不止。\n整具幼小的身躯在这场完整的绞缩高潮里持续颤抖，直至波动渐渐平息才慢慢舒展下来。
2004,action_part_a_orgasm_normal_B,0,CVP_A2_T|102_E_1,娇小的{TargetName}忽然浑身一僵，随后猛烈地抽搐起来，{anal}强烈而有节奏地一圈圈痉挛收缩，稚嫩的括约肌反复绞紧又松弛，圆嫩的小腹一下下急促地抽动凹陷。\n两条细嫩的腿猛地向内夹紧绷直，脚趾用力蜷缩抠住，脚踝的肌肉不住地抖颤，膝盖颤巍巍地互相磕碰。\n稚嫩的腰身猛然弓起又颓然塌落，浑圆的臀瓣随着{anal}的绞缩一下下抖跳，肠液顺着{anal}明显地淌流而出，沿着臀缝与大腿内侧缓缓流淌，留下湿润的痕迹。\n细小的十指痉挛般收紧又张开，呼吸急促紊乱不止，稚嫩的胸膛随喘息大幅起伏颤动。\n整个幼小的躯体在这阵完整而强烈的绞缩中久久颤抖，直到余波渐渐消散才慢慢瘫软平复。
2005,action_part_a_orgasm_normal_B,0,CVP_A2_G_E_2,暗恋着{Name}的{TargetName}娇躯猛地绷紧，{anal}强烈而有节奏地痉挛绞缩，括约肌一开一合地反复翕张，腰肢明显地向上弓起。\n她红着脸偷偷瞥向心上人，又慌乱地别开视线，四肢不受控制地颤抖，小腹一阵阵向内抽搐，肠液顺着{anal}边缘明显地溢淌出来，沿着大腿内侧流下湿痕。\n呼吸急促而失序，双手死死攥紧，指节泛白，臀肉随着痉挛的节奏抖动，直到收缩渐渐平息，她才羞怯地垂下头，不敢与{Name}对视。
2006,action_part_a_orgasm_normal_B,0,CVP_A2_G_E_2,心中藏着爱意的{TargetName}浑身骤然一颤，{anal}开始剧烈而规律地收缩绞紧，褶皱反复地缩放翕动，腰部高高拱起后又落下。\n她咬着下唇忍住即将脱口的呼唤，涨红的脸颊转向一旁，不敢让{Name}看见自己的表情，双腿绷直颤抖，脚趾用力蜷曲，小腹肌肉一下下抽动。\n温热的肠液从{anal}中较明显地涌淌而出，濡湿了臀缝，胸口随急促的喘息大幅起伏，全身肌肉的痉挛持续了好一阵才慢慢缓和下来。
2007,action_part_a_orgasm_normal_B,0,CVP_A2_G_E_2,{TargetName}的身体在暗恋对象面前失控地弓起，{anal}发出一阵阵强烈的规律痉挛，环状的肌肉反复绞缩收紧，臀部剧烈地颤抖起来。\n她慌忙抬手半掩住通红的脸，指缝间的目光却仍恋恋不舍地追着{Name}，腰肢反复挺弓又软落，双腿抖个不停，小腹连连抽缩。\n黏滑的肠液顺着{anal}的翕张明显地淌溢出来，在腿根留下一道道淫靡水痕，呼吸乱成一团，直到高潮的绞缩渐渐止息，她才用手背擦了擦眼角，羞窘地缩起身子。
2008,action_part_a_orgasm_normal_B,0,CVP_A2_G_E_2,不敢表白的{TargetName}在心上人面前迎来了绝顶，{anal}猛烈而有节律地痉挛绞紧，括约肌一波波地翕张收缩，整个臀部随之痉挛抖动。\n她的腰明显地向上弓成弧线，四肢肌肉绷得紧紧的不停战栗，小腹反复向内抽搐，喉咙里溢出压抑的鼻音，涨红的脸偏向一侧躲避{Name}的视线。\n肠液较为明显地从{anal}里渗涌溢出，濡湿臀瓣间的肌肤，急促散乱的呼吸久久无法平复，攥皱衣角的手指到痉挛平息后才缓缓松开。
2009,action_part_a_orgasm_normal_B,0,CVP_A2_G_E_2,{TargetName}的娇躯在{Name}面前不受控制地痉挛起来，{anal}强烈地一缩一缩规律绞动，穴口的褶皱反复开合翕张，臀肉跟着节奏颤震。\n她双眼含着水光偷偷望向暗恋已久的男人，随即又心虚地闭上眼睛，腰部深深拱起，双腿夹紧发颤，脚尖绷直蜷缩，小腹一阵阵地抽动收紧。\n温热黏腻的肠液顺着{anal}的收缩明显地流淌下来，浸湿了大腿根部，胸脯随失序的喘息剧烈起伏，全身的颤抖持续许久才逐渐平息下来。

2010,action_part_a_orgasm_normal_B,0,CVP_A2_G_E_3,{TargetName}的娇躯猛地绷紧痉挛起来，{anal}强烈而有节奏地一阵阵绞缩翕张，括约肌一圈圈死死收紧又骤然松开，腰肢高高弓起颤个不停。\n她一边浪抖着臀肉一边下意识朝恋人{Name}的方向伸出手，指尖颤抖着攥紧，小腹反复向内抽搐，一缕温热的肠液从{anal}边缘明显地溢淌而出，顺着腿根流下淫靡的湿痕。
2011,action_part_a_orgasm_normal_B,0,CVP_A2_G_E_3,伴着一声甜腻的娇吟，{TargetName}整条脊背猛然反弓，{anal}不受控制地剧烈痉挛收缩，褶皱一下下淫乱地翕张开合，臀肉绷得紧紧地抖动。\n热恋中的她潮红着脸朝{Name}投去失焦的视线，双腿绷直乱颤，脚趾用力蜷曲，呼吸急促失序，黏滑的肠液顺着抽搐的{anal}明显渗溢出来，把股缝浸得湿黏一片。
2012,action_part_a_orgasm_normal_B,0,CVP_A2_G_E_3,{TargetName}的身躯骤然剧烈一颤，随即{anal}发起一波接一波有节奏的强烈绞紧，肛口的嫩肉淫猥地反复吸缩翕动，腰部明显弓起又瘫软下坠。\n她像撒娇般把颤抖的身子往恋人{Name}那边贴靠，四肢肌肉不受控制地抽搐绷紧，小腹一阵阵痉挛起伏，温热的肠液从翕张的{anal}中溢流而下，淌湿了雪白的臀肉。
2013,action_part_a_orgasm_normal_B,0,CVP_A2_G_E_3,高潮袭来的刹那{TargetName}猛地扬起脖颈，{anal}疯狂而规律地一缩一缩痉挛绞夹，括约肌层层收拢又被快感冲得松开，圆润的臀瓣淫荡地痉挛抖颤。\n她颤抖的手指恋恋不舍地勾住{Name}的手，指节因用力而泛白，胸口急促起伏喘息凌乱，明显的肠液从抽缩的{anal}里咕啾溢出，在腿间拉出黏腻的银丝。
2014,action_part_a_orgasm_normal_B,0,CVP_A2_G_E_3,{TargetName}的娇躯在恋人{Name}面前毫无保留地痉挛起来，{anal}整圈嫩肉强烈地有节奏绞缩，一开一合地淫乱翕张，腰肢弓成淫靡的弧线不停打颤。\n她的大腿内侧肌肉抽搐绷紧，膝盖发软地相互磕碰，小腹反复向内收缩抽动，呼吸乱成一团，温热黏滑的肠液顺着痉挛的{anal}明显淌落，濡湿了整片股间。
2015,action_part_a_orgasm_normal_B,0,CVP_A2_G_E_4,与爱人心意相通的{TargetName}娇躯猛地绷紧，{anal}强烈而有节奏地痉挛绞缩，括约肌一张一合地反复翕张，腰肢向着挚爱的方向明显弓起。\n小腹一阵阵地反复抽搐，双腿绷得笔直不住颤抖，脚趾用力蜷缩，一缕温热的肠液从{anal}边缘明显地溢淌而出，顺着腿根滑落。\n她急促失序地喘息着，本能地朝{Name}伸出手去，指尖颤抖着攥紧了爱人的手臂。
2016,action_part_a_orgasm_normal_B,0,CVP_A2_G_E_4,{TargetName}毫不掩饰地在最信赖的爱人面前迎来了绝顶，{anal}骤然发起一阵阵剧烈而规律的收缩痉挛，褶皱随着括约肌的绞紧反复开合。\n她的背脊高高弓起又落下，臀肉绷紧颤动，小腹连续向内抽缩，四肢肌肉不受控制地发颤。\n黏滑的肠液较为明显地自{anal}深处涌淌出来，沾湿了臀缝，她呼吸紊乱急促，却始终将失神的目光胶着在{Name}身上，任由身躯在爱人注视下痉挛。
2017,action_part_a_orgasm_normal_B,0,CVP_A2_G_E_4,身体早被爱人彻底了解的{TargetName}腰身猛然一挺，{anal}立刻开始一波接一波强而有力的痉挛绞缩，括约肌规律地翕张吮缩，臀瓣随之阵阵抖动。\n她的小腹反复地抽搐起伏，大腿内侧肌肉绷紧痉挛，膝盖发软地颤抖，脚背向下绷直。\n一股温热的肠液顺着{anal}的收缩节奏被挤淌出来，缓缓流下腿间，她急促地喘息着，颤抖的身子自然而然地向{Name}怀中倾倒依偎。
2018,action_part_a_orgasm_normal_B,0,CVP_A2_G_E_4,{TargetName}的娇躯在相守相伴的爱人面前骤然剧颤，{anal}猛烈而有节律地连续痉挛收缩，环状的括约肌一下下地反复绞紧又松开。\n她的腰部深深弓起，臀部高高绷紧，小腹肌肉一阵阵向内抽缩，双手无意识地探向爱人，十指与{Name}的手熟稔地紧紧交扣。\n滑腻的肠液较明显地自{anal}处渗涌溢出，在臀缝间拖出湿亮的水痕，她的呼吸急促凌乱，全身肌肉止不住地颤抖。
2019,action_part_a_orgasm_normal_B,0,CVP_A2_G_E_4,无需任何言语，{TargetName}便在挚爱的怀抱气息中彻底绝顶，{anal}猛地爆发出强烈而规整的痉挛绞缩，括约肌反复翕张吸缩，褶皱被绞得发颤。\n她整条脊背绷成弓形，臀肉夹紧抖动，小腹连番抽搐，双腿颤抖着相互磨蹭绷紧。\n温热的肠液顺着{anal}的痉挛被一缕缕挤溢出来，淌湿了大腿根部，她急促地喘息着，脸颊自然地贴向{Name}的胸膛蹭动，身躯持续痉挛颤抖。

2020,action_part_a_orgasm_normal_B,0,CVP_A2_G_E_-1,{TargetName}的身体骤然剧烈一颤，{anal}强烈而有节奏地痉挛绞缩起来，括约肌反复翕张收紧，腰部不受控制地明显弓起。\n她却猛地别过脸去，死死咬住下唇不肯出声，四肢绷得笔直发抖，小腹一阵阵向内抽搐，呼吸急促而紊乱。\n温热的肠液从{anal}处明显地溢淌出来，顺着臀缝缓缓流下，她攥紧的拳头微微发白，全身肌肉在服从的姿态下不住颤抖。
2021,action_part_a_orgasm_normal_B,0,CVP_A2_G_E_-1,作为部下的{TargetName}浑身猛然绷紧，{anal}开始强烈地一收一缩地痉挛，括约肌一下下地绞紧翕张，圆润的臀肉随之痉挛抖动。\n她的腰肢高高弓起又颤抖着塌落，双腿绷直乱颤，脚趾用力蜷曲，小腹连续地抽缩起伏，喘息急促失序。\n黏滑的肠液自{anal}边缘明显渗涌而出，淌湿了大腿根部，她僵硬地扭过头，指尖狠狠掐进掌心，用紧绷的身体压抑着高潮的抽搐。
2022,action_part_a_orgasm_normal_B,0,CVP_A2_G_E_-1,{TargetName}的娇躯突然抽搐着弹动，{anal}发出一阵阵强烈而规律的痉挛收缩，褶皱反复地绞拢又翕开，臀瓣随之剧烈颤动。\n她的背脊绷成一道弧线，腰部明显向上拱起，双膝发软颤抖，小腹肌肉一波波地向内抽紧，胸口急促起伏。\n一股温热的肠液从痉挛的{anal}中溢流而出，沿臀缝蜿蜒滴落，她别开视线垂下眼帘，双手死死抓紧身下，在隐忍中任由身体痉挛。
2023,action_part_a_orgasm_normal_B,0,CVP_A2_G_E_-1,{TargetName}全身骤然剧烈痉挛，{anal}不受控制地强力绞缩，括约肌有节奏地反复收紧放松，连带臀肉一阵阵抽动发颤。\n她的腰身高高挺起又抖着落下，四肢肌肉绷紧痉挛，脚尖僵直蜷缩，小腹连绵地抽搐，呼吸破碎急促却被强行压低。\n黏腻的肠液顺着{anal}明显淌出，浸湿臀缝与腿根，她紧咬牙关偏过头去，眉头紧蹙，以部下的隐忍姿态承受着高潮的余波。
2024,action_part_a_orgasm_normal_B,0,CVP_A2_G_E_-1,{TargetName}的躯体猛地弓起绷直，{anal}爆发出强烈而有节律的痉挛绞紧，褶皱一张一缩地翕动，臀部肌肉随之不住地抽跳。\n她的双腿剧烈打颤几乎夹拢，小腹反复向内凹陷抽缩，腰肢颤抖着扭动，急促的喘息被她强行憋在喉间不肯泄出。\n温热滑腻的肠液自{anal}处涌溢流淌，在腿间拉出湿痕，她把脸埋向一侧，指节因用力攥握而泛白，浑身在勉强的顺从中痉挛发抖。
2025,action_part_a_orgasm_normal_B,0,CVP_A2_G_E_-2,驯服的部下{TargetName}腰肢猛地向上弓起，{anal}强烈而有节奏地痉挛收缩，括约肌一圈圈反复翕张绞紧。\n她努力维持着部下的姿态，双手却不受控制地攥紧，四肢绷紧颤抖，小腹反复向内抽搐。\n一缕黏滑的肠液从{anal}边缘明显地溢淌而出，顺着股缝流下，呼吸急促而失序，只能咬唇压抑住喘息。
2026,action_part_a_orgasm_normal_B,0,CVP_A2_G_E_-2,信赖着博士的{TargetName}臀部骤然绷紧，{anal}开始剧烈而规律地绞缩痉挛，穴口皱褶一张一合地翕动。\n她的脊背弯成弧线又猛地弓起，大腿肌肉抖个不停，脚趾用力蜷曲扣紧，腰部随着收缩的节奏反复颤动。\n温热的肠液顺着{anal}的抽缩被挤淌出来，濡湿了会阴，胸口大幅起伏，喘息紊乱得再也理不顺。
2027,action_part_a_orgasm_normal_B,0,CVP_A2_G_E_-2,顺从的{TargetName}全身猛然一僵，随即{anal}爆发出一阵阵强烈的痉挛收缩，括约肌不受控制地反复绞咬翕张。\n她像执行任务般想稳住身体，腰却违背意志高高弓起，四肢绷得笔直发颤，小腹一下下地抽紧。\n黏腻的肠液被{anal}的收缩明显挤压溢出，沿着腿根淌下湿痕，呼吸急促凌乱，鼻息里溢出压不住的呜咽气音。
2028,action_part_a_orgasm_normal_B,0,CVP_A2_G_E_-2,被驯服的{TargetName}腰臀猛地向后翘起又剧烈打颤，{anal}强烈地一阵阵痉挛绞缩，穴口有节奏地收拢又撑张。\n她的膝盖不住地发软颤抖，手指死死抠紧，指节泛白，背脊反复绷紧又塌下，臀肉随着痉挛的节拍抖动。\n一股温热的肠液顺着{anal}的翕动淌溢出来，在股间拉出黏丝，胸膛剧烈起伏，喘息断断续续地失了章法。
2029,action_part_a_orgasm_normal_B,0,CVP_A2_G_E_-2,对上司无比信任的{TargetName}身躯骤然绷直，{anal}随即掀起完整的高潮痉挛，括约肌一波波强烈地绞紧收缩。\n她尽力保持专业的姿态，腰肢却不听使唤地深深弓起，双腿肌肉抽搐般颤抖，小腹连续向内收紧抽动。\n滑腻的肠液被{anal}的痉挛明显地挤淌而出，顺着大腿内侧蜿蜒流下，呼吸彻底乱了节奏，急促得近乎哽咽。
2030,action_part_a_orgasm_normal_B,0,CVP_A2_G_E_-3,{TargetName}的娇躯猛然绷紧，{anal}强烈而有节奏地痉挛收缩起来，括约肌一下下反复翕张绞紧，腰肢明显向上弓起一道弧线，小腹随之一阵阵抽搐起伏。\n她像被主人调教惯了的宠物般乖顺地翘高臀部，把痉挛中的{anal}朝着主人的方向献出，双腿绷直颤抖，脚趾用力蜷缩。\n一缕温热的肠液从收缩的{anal}中明显地溢淌出来，顺着股缝缓缓流下，她口中溢出宠物般的细碎呜咽，呼吸急促而失序，全身肌肉不受控制地颤抖着，直到痉挛渐渐平息才软软塌下腰肢。
2031,action_part_a_orgasm_normal_B,0,CVP_A2_G_E_-3,绝顶的瞬间{TargetName}整个人剧烈一颤，{anal}开始一波接一波地强烈绞缩，褶皱随着括约肌的翕张反复收拢又舒张，腰部高高弓起后又抖着塌落。\n她像忠犬般本能地蹭向主人的手，臀肉夹紧又松开，四肢绷紧发颤，小腹连续抽搐了好几下。\n黏滑的肠液被痉挛的{anal}一股股挤压出来，明显地淌湿了臀缝与腿根，她发出撒娇讨好般的呜呜声，胸口急促起伏，浑身颤抖着承受完这场完整的绝顶，末了还乖乖摇了摇臀部向主人示意。
2032,action_part_a_orgasm_normal_B,0,CVP_A2_G_E_-3,{TargetName}的脊背骤然绷成弓形，{anal}猛烈地痉挛收缩起来，一圈括约肌有节奏地反复绞紧翕张，臀肉随之阵阵战栗，双膝抖得几乎撑不住身体。\n她顺从地保持着宠物被使用时的姿势不敢乱动，只是任由腰肢失控地弓起又落下，小腹一下下向内抽缩。\n温热的肠液顺着抽搐的{anal}边缘明显地渗涌溢出，在腿间拉出黏腻的湿痕，她口中漏出母犬发情般的急促喘鸣，手指死死攥紧，指节泛白，全身随着高潮的余波细细颤抖了许久。
2033,action_part_a_orgasm_normal_B,0,CVP_A2_G_E_-3,高潮袭来时{TargetName}的腰肢猛地向上一挺，{anal}立刻开始强烈而规律地收缩痉挛，括约肌一张一合地反复绞咬，臀瓣不受控制地颤动夹紧。\n她像被驯熟的母宠般乖巧地趴伏下去，高高撅起痉挛中的臀部呈上给主人，双腿抖着大张，脚尖绷直蜷曲。\n一股股滑腻的肠液从翕张的{anal}里被挤压着流淌出来，沾湿了整条股沟，她喉咙里滚出讨好主人般的甜腻呜咽，呼吸完全乱了节奏，胸口剧烈起伏，浑身肌肉痉挛颤抖着迎来绝顶的每一波冲击。
2034,action_part_a_orgasm_normal_B,0,CVP_A2_G_E_-3,{TargetName}的全身猛然一僵，随即{anal}爆发出一阵阵强烈的痉挛绞缩，褶皱口有节奏地反复收紧翕张，小腹连续向内抽搐，腰背弓起又颤抖着落下。\n她像只被主人宠爱的小母兽般用脸颊依恋地磨蹭主人的掌心，臀部却诚实地随着{anal}的收缩节奏一下下摆动。\n明显的肠液从痉挛的穴口溢淌而出，顺着大腿内侧蜿蜒流下留下湿亮水痕，她口中泄出宠物邀功似的呜呜轻鸣，四肢绷紧颤栗，急促的喘息久久无法平复，直到绝顶的痉挛慢慢退去。
2035,action_part_a_orgasm_normal_B,0,CVP_A2_G_E_-4,身为主人性奴的{TargetName}娇躯猛地绷紧，{anal}强烈而有节奏地痉挛绞缩，括约肌一张一合地反复翕张，腰肢明显向上弓起，圆润的臀肉却仍顺从地朝{Name}高高翘起呈上。\n四肢不受控制地绷紧颤抖，小腹一阵阵向内抽搐，呼吸急促而失序。\n温热的肠液从{anal}口明显地渗溢出来，顺着股缝缓缓流淌，湿润了颤抖的腿根。
2036,action_part_a_orgasm_normal_B,0,CVP_A2_G_E_-4,彻底臣服的{TargetName}保持着奴隶该有的献臀姿态，任凭高潮席卷全身，{anal}剧烈地一缩一缩痉挛收缩，褶皱随着括约肌的绞紧反复开合。\n背脊弯出一道弧线，双腿肌肉绷得发颤，脚趾用力蜷曲，小腹肌肉连续抽动起伏。\n黏滑的肠液顺着{anal}边缘溢淌而下，她急促地喘息着，却始终没有让屁股从{Name}面前挪开半分。
2037,action_part_a_orgasm_normal_B,0,CVP_A2_G_E_-4,{TargetName}的肉体如忠犬般在主人面前抵达绝顶，{anal}有节奏地强烈痉挛，括约肌一阵阵翕张绞缩，臀瓣随之细密地颤抖抽动。\n她的腰部高高弓起又落下，双手死死攥紧，指节泛白，大腿内侧的肌肉不停打颤，呼吸乱成一团。\n一缕缕温热肠液从抽搐的{anal}中溢流出来，沿着会阴淌下，她仍虔诚地把痉挛的臀部朝向{Name}供其检视。
2038,action_part_a_orgasm_normal_B,0,CVP_A2_G_E_-4,高潮来袭的瞬间，{TargetName}这具属于主人的身体剧烈震颤起来，{anal}猛烈而规律地收缩痉挛，一圈括约肌反复地绞紧又松开。\n小腹连续向内抽缩，胸口急促起伏，四肢绷紧后又软软发抖，额角渗出细汗。\n明显的肠液从翕动的{anal}口渗涌而出，在股沟间拖出湿亮的水痕，她颤抖着俯低上身，将痉挛中的后穴毫无保留地展露给{Name}。
2039,action_part_a_orgasm_normal_B,0,CVP_A2_G_E_-4,{TargetName}以奴隶的本分跪伏承受着这场肛肠绝顶，{anal}不受控制地强烈痉挛绞缩，收缩的节奏一波接着一波，臀肉随之绷紧震颤。\n她的腰肢反复弓起，膝盖在地上磨蹭打滑，双腿抖得几乎撑不住身体，呼吸急促紊乱。\n温热黏腻的肠液自{anal}中较明显地溢出流淌，浸湿腿间，她仍努力抬高臀部，把高潮的每一下抽搐都献给主人观赏。
2040,action_part_a_orgasm_normal_B,0,CVP_A2_A|5_LE_3,{TargetName}的娇躯猛地绷直，{anal}开始强烈而有节奏地痉挛收缩，括约肌一下下反复翕张绞紧。\n腰肢明显向上弓起，小腹连续抽搐了好几下，双腿绷得笔直微微发颤。\n刚被开发不久的{anal}边缘溢出了一缕黏滑的肠液，顺着股缝缓缓淌下。\n她的呼吸骤然急促失序，双手无意识地攥紧，臀肉随着穴口的绞缩一阵阵地颤抖，好一会儿才慢慢平息下来。
2041,action_part_a_orgasm_normal_B,0,CVP_A2_A|5_LE_3,{TargetName}的身体骤然一僵，随即{anal}爆发出一阵阵剧烈而规律的绞缩，穴口的褶皱反复收拢又张开。\n她的脊背弯出一道明显的弧线，臀部高高翘起又不受控地扭动，四肢的肌肉齐齐绷紧颤抖。\n尚显生涩的{anal}深处渗出了较为明显的肠液，湿漉漉地涂满了穴口周围。\n急促的喘息声中，她的小腹一波波地向内抽紧，脚趾死死蜷曲，全身在痉挛里颤了许久才软下来。
2042,action_part_a_orgasm_normal_B,0,CVP_A2_A|5_LE_3,{TargetName}的臀肉猛然夹紧，{anal}以完整高潮的力道一阵阵痉挛翕动，括约肌层层叠叠地绞拧收缩。\n她的腰腹向上顶起弓紧，大腿内侧的肌肉抖个不停，双手胡乱抓握着支撑身体。\n初经人事不久的{anal}被绞得微微外翻，一股温热的肠液顺着穴缘明显地溢流出来。\n呼吸完全乱了节奏，胸口剧烈起伏，圆润的臀瓣随着每一次抽缩细细震颤，久久无法停歇。
2043,action_part_a_orgasm_normal_B,0,CVP_A2_A|5_LE_3,{TargetName}猛地仰起脖颈，整条脊背绷成弓形，{anal}随之开始规律而强烈地一缩一缩痉挛起来。\n开发尚浅的{anal}虽然反应生涩，收缩的力道却毫不含糊，把穴口绞得褶皱尽数舒张又聚拢。\n黏稠的肠液较为明显地从穴内涌淌而出，浸湿了臀缝间的嫩肉。\n她的小腹反复向内抽动，双腿失去力气般地打着颤，指节因用力攥握而泛白，喘息又急又乱地持续了好一阵。
2044,action_part_a_orgasm_normal_B,0,CVP_A2_A|5_LE_3,{TargetName}的躯体骤然剧烈一颤，{anal}立刻掀起一波接一波有节奏的痉挛绞缩，肛口的肌肉环反复地翕张咬合。\n她的腰肢高高弓起又重重落下，臀肉绷紧得挤出深深的曲线，小腹一阵阵抽搐个不停。\n才刚适应快感不久的{anal}边缘挂满了溢出的肠液，湿滑地淌向大腿根。\n急促零乱的呼吸里，她的四肢不受控制地打颤，脚尖绷直蜷曲，许久才从这场完整的高潮中缓过来。
2045,action_part_a_orgasm_normal_B,0,CVP_A2_A|5_G_3&CVP_A2_A|5_LE_6,{TargetName}的娇躯猛地绷紧，{anal}强烈而有节奏地痉挛收缩起来，括约肌一张一合地反复绞紧翕动。\n她的腰肢明显地向上弓起，小腹一阵阵向内抽搐，双腿绷得笔直不住颤抖，脚趾用力蜷缩。\n一缕温热的肠液从{anal}边缘明显地溢淌出来，顺着臀缝缓缓流下，她的呼吸急促失序，胸口剧烈起伏，臀肉随着穴口的痉挛节奏不停颤动。
2046,action_part_a_orgasm_normal_B,0,CVP_A2_A|5_G_3&CVP_A2_A|5_LE_6,{TargetName}的身体骤然一僵，{anal}开始剧烈地一阵阵翕张绞缩，褶皱随着痉挛的节奏反复收拢又舒张。\n她的背脊弯成一道弧线，臀部高高翘起又猛地颤抖，小腹的肌肉不受控制地连续抽动。\n黏滑的肠液从穴口渗涌而出，把{anal}周围浸得湿亮一片，她的双手死死攥紧，指节泛白，喉咙里溢出破碎的气音，全身随着高潮的余波细细发颤。
2047,action_part_a_orgasm_normal_B,0,CVP_A2_A|5_G_3&CVP_A2_A|5_LE_6,伴随一声拔高的娇吟，{TargetName}的{anal}猛烈地痉挛起来，肠壁一波接一波地强力收缩绞拧，穴口的嫩肉不停开合翕动。\n她的腰狠狠向后一挺，浑圆的臀肉绷紧发颤，大腿内侧的肌肉抽搐着痉挛。\n温热的肠液顺着抽缩的{anal}明显地淌出，在腿根拉出湿润的痕迹，她呼吸乱成一团，肩膀耸动，整个人在高潮中不住地颤栗摇晃。
2048,action_part_a_orgasm_normal_B,0,CVP_A2_A|5_G_3&CVP_A2_A|5_LE_6,{TargetName}的全身肌肉瞬间绷紧，{anal}深处传来一阵阵有力的痉挛，括约肌规律地反复绞紧，把穴口挤出深深的褶皱。\n她的腰腹剧烈地弓起又塌下，小腹连续抽搐，双腿夹紧发抖，脚尖绷直蜷曲。\n黏腻的肠液被痉挛的肠壁挤压着从{anal}溢出，濡湿了整片臀缝，她张着小嘴急促喘息，眼角泛红，身体随着每一次收缩而痉挛耸动。
2049,action_part_a_orgasm_normal_B,0,CVP_A2_A|5_G_3&CVP_A2_A|5_LE_6,{TargetName}猛地仰起头，{anal}不受控制地开始大幅痉挛，肠壁层层收拢绞缩，穴口的软肉随着节奏一下下地吮吸般翕张。\n她的臀部高高抬起又剧烈打颤，腰肢弯出淫靡的弧度，四肢绷紧后又阵阵抽搐。\n一股温热的肠液从抽搐的{anal}中挤淌出来，沿着大腿内侧蜿蜒而下，她胸口急促起伏，呼吸凌乱不堪，娇躯在完整的绝顶中颤抖了好一阵才慢慢平息。
2050,action_part_a_orgasm_normal_B,0,CVP_A2_A|5_G_6,{TargetName}的娇躯猛地绷紧，{anal}强烈而有节奏地痉挛绞缩起来，敏感的括约肌反复翕张收紧，腰肢高高弓起又颤抖着落下。\n小腹一阵阵向内抽搐，双腿绷直乱颤，脚趾用力蜷曲，臀肉随着{anal}的每一下收缩不停颤动。\n温热的肠液顺着穴口明显地溢淌而出，沿着腿根流下湿痕，急促失序的喘息中整个身子都在痉挛发抖。
2051,action_part_a_orgasm_normal_B,0,CVP_A2_A|5_G_6,{TargetName}的腰身骤然向后挺起，过分敏感的{anal}立刻爆发出一连串剧烈而规律的绞紧收缩，穴口的褶皱反复开合翕动。\n浑圆的臀瓣不受控制地抖动夹紧，大腿内侧的肌肉抽搐痉挛，双手死死攥紧，指节泛白。\n黏滑的肠液从不断收缩的穴口涌溢出来，浸湿了股缝，胸口急促起伏，全身随着{anal}的痉挛节奏一波波颤栗。
2052,action_part_a_orgasm_normal_B,0,CVP_A2_A|5_G_6,{TargetName}仰起脖颈发出拔高的娇音，{anal}以远超寻常的敏锐反应剧烈痉挛起来，肠壁一层层有节奏地绞缩蠕动。\n脊背弓成弧线，四肢绷紧颤抖，小腹反复向内瘪陷抽动，臀肉绷得紧实又随收缩一阵阵痉挛。\n穴口翕张之间挤出股股温热的肠液，顺着会阴缓缓淌落，呼吸完全乱了节拍，娇躯久久颤抖不休。
2053,action_part_a_orgasm_normal_B,0,CVP_A2_A|5_G_6,{TargetName}的身子猛烈一颤，天生敏感至极的{anal}瞬间收拢绞死，随后开始规律而强烈的痉挛翕缩，臀肉被牵动得不住震颤。\n腰肢反复弓起塌落，双膝发软打颤，脚尖绷直内扣，指尖抓挠间青筋微凸。\n滑腻的肠液随着每次收缩被挤压出穴口，淌下一道道淫靡水痕，急喘声里娇躯痉挛着抽动了好一阵才渐渐平息。
2054,action_part_a_orgasm_normal_B,0,CVP_A2_A|5_G_6,{TargetName}的臀部高高翘起又剧烈摇颤，{anal}敏感得只受一点刺激便彻底失守，穴肉一圈圈强烈地波动绞缩，括约肌反复紧咬翕张。\n小腹连连抽搐，腰背绷出深深的弧度，双腿痉挛般夹紧又颤开，脚踝乱蹬。\n温热黏稠的肠液不断从收缩的穴口溢出，濡湿了整片腿根，胸脯剧烈起伏，全身伴着阵阵痉挛不停打颤。

2055,action_part_a_orgasm_normal_B,0,CVP_A2_T|103_E_1,纤细娇小的{TargetName}腰身猛地一僵，{anal}强烈而有节奏地痉挛收缩起来，括约肌一张一翕地反复绞紧，尚未完全发育的小腹随之一阵阵抽搐起伏。\n两条细嫩的大腿高高绷直又猛地夹紧，脚尖蜷缩绷起，纤细的脚踝处青筋隐现，膝盖控制不住地打着颤。\n{anal}深处的肠液顺着绞缩的节奏一股股地往外涌，沿着白皙的腿根蜿蜒淌下，将臀缝与大腿内侧浸得一片湿滑。\n稚嫩的脊背猛然弓起又瘫软下去，纤细的手指死死抠住身下，指节泛白，呼吸急促得几乎喘不上气，整个娇小的身躯在剧烈的绞缩中不住地颤抖摇晃。
2056,action_part_a_orgasm_normal_B,0,CVP_A2_T|103_E_1,还未褪去稚气的{TargetName}猛地绷紧了腰肢，{anal}一波接一波地剧烈收紧又松开，括约肌不受控制地反复绞缩翕张，圆润的小腹一下下用力抽紧。\n两条细瘦的腿高高蜷起又猛然绷直，脚趾用力扣紧蜷曲，膝盖不停地打颤磕碰，整条腿绷得笔直又不住地颤动。\n随着{anal}一阵阵痉挛收缩，肠液从穴口处明显地往外淌，顺着股沟一路流下，将臀瓣下方那片稚嫩的肌肤打湿得一片黏腻。\n纤细的腰背猛地向上弓起，随即又颓然塌软下去，稚嫩的双手紧紧攥成拳头狠狠揪住身下的东西，喘息急促而凌乱，整个娇小的身子止不住地一阵阵痉挛颤抖。
2057,action_part_a_orgasm_normal_B,0,CVP_A2_T|103_E_1,身量娇小的{TargetName}忽然浑身一颤，{anal}接连不断地剧烈绞缩起来，括约肌反复用力翕张绞紧，尚显稚嫩的腹部肌肉一阵阵猛烈地抽动。\n两条细直的小腿猛地绷成一条直线，脚背绷得死紧，脚趾用力蜷握，膝盖控制不住地相互磕撞打颤。\n{anal}深处涌出的肠液顺着一次次的绞缩不断往外淌，沿着雪白的臀缝和大腿根缓缓流下，将身下沾出一片湿润的痕迹。\n稚嫩的腰肢猛然向上弓起绷成弧形，须臾又瘫软跌落，纤细的十指死死抠紧身下之物，呼吸急促紊乱、断断续续，娇小的躯体在剧烈的痉挛中不住地抽搐颤抖。
2058,action_part_a_orgasm_normal_B,0,CVP_A2_T|103_E_1,发育未全的{TargetName}身子猛然绷紧，{anal}强烈地一阵阵收缩绞紧，括约肌反复翕张挤压，稚嫩的小腹肌肉随之一波波用力抽紧收拢。\n两条纤细的腿猛地并拢又剧烈颤抖着松开，脚趾蜷曲用力抠握，脚踝绷得笔直，膝头不受控制地相互碰撞打颤。\n随着{anal}的剧烈绞缩，肠液明显地从穴口涌出，一缕缕顺着臀瓣与腿根滑落，将稚嫩的肌肤浸润得湿滑黏腻。\n稚嫩的脊背猛然弓起又颓然塌陷，细小的双手紧紧攥皱着身下，呼吸急促而破碎，娇嫩的躯体在这一波剧烈绞缩中不断地痉挛颤抖，久久难以平息。
2059,action_part_a_orgasm_normal_B,0,CVP_A2_T|103_E_1,尚带孩童稚气的{TargetName}猛地一僵，{anal}剧烈而有节奏地一收一缩，括约肌反复用力绞紧翕张，尚未成熟的腹部肌肉随之阵阵抽搐紧绷。\n两条细弱的腿高高绷起又猛地颤抖松垮，脚趾死死蜷握，脚背绷成一道弧线，膝盖不住地打颤磕碰。\n{anal}处涌出的肠液顺着一阵阵绞缩不断外溢，沿着稚嫩的臀缝与腿根缓缓淌下，将身下那一片肌肤浸得湿润黏滑。\n瘦弱的腰背猛然向上弓紧，转瞬又软瘫跌落，纤细的手指紧紧揪扯着身下之物，呼吸急促紊乱，整个稚嫩的躯体在剧烈的绞缩中不停地颤抖抽搐，久久无法平静。
2060,action_part_a_orgasm_normal_B,0,CVP_A2_T|1_E_1,{TargetName}的娇躯猛地绷紧，那处初尝快感的{anal}骤然强烈而有节奏地痉挛绞缩起来，生涩的括约肌一张一合地反复翕张。\n她的腰肢高高弓起，双腿绷得笔直不住颤抖，小腹一阵接一阵地向内抽搐，圆润的臀肉也跟着剧烈发颤。\n从未经人的{anal}边缘溢出了明显的肠液，顺着股沟缓缓淌下，她的呼吸急促失序，指尖死死攥紧，全身在这初次的肛门绝顶中失控地痉挛颤抖。
2061,action_part_a_orgasm_normal_B,0,CVP_A2_T|1_E_1,伴随一声压不住的娇吟，{TargetName}那未经开发的{anal}突兀地爆发出剧烈的收缩痉挛，紧窄的穴口一下下地拼命绞紧又松开。\n她的脊背反弓成一道弧线，脚趾用力蜷曲扣紧，大腿肌肉不受控制地抽动，小腹反复向内凹陷抽缩。\n初次品尝绝顶的{anal}里渗涌出黏滑的肠液，明显地溢淌到穴口外沾湿了臀缝，胸口急促起伏着，整具青涩的身体被这陌生的后穴高潮冲击得颤栗不止。
2062,action_part_a_orgasm_normal_B,0,CVP_A2_T|1_E_1,{TargetName}的臀部猛然向后翘起，那处头一回迎来绝顶的{anal}开始强烈而规律地抽搐绞缩，生嫩的褶皱反复地翕张开合。\n她的四肢瞬间绷紧又剧烈发抖，腰肢明显地向上拱起，纤细的小腹连续不断地痉挛抽动，膝盖不住地打颤。\n紧致生涩的{anal}口涌出了一股温热的肠液，沿着白嫩的大腿根蜿蜒流淌，她张着小嘴急促地喘息，浑身的肌肉在初次肛门高潮的浪潮里失序地颤动。
2063,action_part_a_orgasm_normal_B,0,CVP_A2_T|1_E_1,{TargetName}的身体骤然僵直，随即那从未被开垦过的{anal}便掀起一阵阵强烈的痉挛狂潮，稚嫩的括约肌有节奏地反复绞紧收缩。\n她的腰背弓成满月，双腿绷直乱颤，臀瓣紧紧夹拢又松开，小腹肌肉一波波地向内抽紧。\n生涩的{anal}深处分泌出的肠液被绞缩挤出穴口，明显地淌湿了会阴一片，她的喉咙里溢出破碎的呜咽，呼吸完全乱了节奏，整个人在初体验的后穴绝顶中抖成一团。
2064,action_part_a_orgasm_normal_B,0,CVP_A2_T|1_E_1,{TargetName}猛地仰起脖颈，那处初经绝顶洗礼的{anal}不受控制地剧烈痉挛起来，青涩紧窄的穴肉一阵阵有节律地翕张绞动。\n她的腰肢高高弓挺又猛然塌软，双手胡乱抓握，脚踝绷直脚趾蜷缩，小腹连绵不断地起伏抽搐。\n头一次高潮的{anal}口涌溢出黏腻的肠液，缓缓流淌过臀缝滴落，她急促地喘着气，脸颊涨得通红，全身随着后穴的每一下收缩而失控地痉挛震颤。
2065,action_part_a_orgasm_normal_B,0,t_first_a_sex_in_today,{TargetName}的娇躯猛地一挺，今天才刚被开苞的{anal}立刻强烈而有节奏地痉挛绞缩起来，微微红肿的括约肌一张一合地反复翕张，腰肢高高弓起又颤颤地落下。\n四肢绷得笔直发抖，小腹一阵阵向内抽搐，急促紊乱的喘息从口中不断泄出。\n一缕温热的肠液顺着仍带着初开发痕迹的穴口明显地溢淌出来，沿着股缝缓缓流下，圆润的臀肉随痉挛的节奏不住颤动。
2066,action_part_a_orgasm_normal_B,0,t_first_a_sex_in_today,{TargetName}整个身子骤然绷紧，今日初次被开发过的{anal}不受控制地剧烈收缩痉挛，尚显生涩的穴口一下下用力绞紧又松开，泛红的褶皱随之反复开合。\n背脊明显地弓成弧线，双腿抽搐着乱颤，脚趾死死蜷曲，小腹肌肉一波波抽动。\n呼吸彻底乱了节奏，黏滑的肠液从那处今天才破身的嫩穴中明显渗涌而出，濡湿了整条股沟，臀瓣跟着一阵阵地哆嗦。
2067,action_part_a_orgasm_normal_B,0,t_first_a_sex_in_today,{TargetName}的腰肢猛然向上顶起，那处今天才失去童贞的{anal}爆发出强烈而规律的痉挛绞缩，初经人事而略微红肿的菊口一缩一缩地反复咬紧。\n浑身肌肉不受控地颤抖，双手胡乱抓紧，指节泛白，小腹连续抽搐着起伏，喘息又急又乱。\n温热的肠液顺着刚被开垦过的穴缝明显地淌落，在嫩白的大腿根处拖出湿亮的痕迹，翘挺的臀肉随高潮的余波细细发颤。
2068,action_part_a_orgasm_normal_B,0,t_first_a_sex_in_today,{TargetName}的身躯剧烈一颤，今天头一回尝到肛交滋味的{anal}立即有节奏地强力痉挛起来，仍显紧窄的括约肌反复翕张绞紧，穴口的嫩肉一鼓一缩地跳动。\n腰背明显弓起，双腿绷直乱抖，膝盖打着颤向内并拢，小腹一阵接一阵地向内抽紧。\n呼吸急促失序地喷吐着，黏腻的肠液从那处今日初启的小穴里明显地涌溢出来，顺着会阴一路淌湿了臀缝。
2069,action_part_a_orgasm_normal_B,0,t_first_a_sex_in_today,{TargetName}猛地仰起脖颈，整具娇躯痉挛般抽动，今天才刚破处的{anal}强烈而有规律地连番绞缩，微肿泛红的穴口不停地一开一合翕动着。\n纤腰高高拱起又瘫软落下，四肢肌肉绷紧颤栗，脚尖用力绷直，小腹反复抽搐，胸口随紊乱的喘息大幅起伏。\n一股温热的肠液从初尝性事的嫩穴中明显地溢流而出，将股间浸得湿滑发亮，浑圆的臀肉一下下地颤跳不止。

2070,action_part_a_orgasm_normal_B,0,CVP_A2_T|1_E_0&CVP_A2_A|10_LE_3,{TargetName}的娇躯猛地绷紧，{anal}强烈而有节奏地痉挛绞缩起来，尚未被开发透的括约肌反复翕张收拢，腰肢明显向上弓起一道弧线。\n她的双腿不受控制地颤抖着绷直，小腹一阵阵向内抽搐，呼吸急促而失序，一缕温热的肠液从{anal}边缘明显地溢淌出来，顺着臀缝缓缓滑落，全身在剧烈的高潮反应中持续痉挛颤动。
2071,action_part_a_orgasm_normal_B,0,CVP_A2_T|1_E_0&CVP_A2_A|10_LE_3,{TargetName}的臀肉骤然夹紧，{anal}开始一波接一波地剧烈收缩痉挛，仍然紧窄的肠壁不由自主地反复绞拢又松开，腰部深深地弓起后又颤抖着落下。\n她的脚趾用力蜷曲扣紧，四肢肌肉绷得发颤，胸口随着紊乱的喘息大幅起伏，黏滑的肠液顺着{anal}的缝隙渗涌而出，将臀缝之间浸润得一片湿滑，整个身体持续抖动了好一阵才渐渐平息。
2072,action_part_a_orgasm_normal_B,0,CVP_A2_T|1_E_0&CVP_A2_A|10_LE_3,{TargetName}猛然仰起头，纤细的脖颈绷出线条，{anal}不受控制地发起强烈而规律的痉挛，稚嫩的括约肌一下一下地用力绞缩翕张，臀部随之剧烈地抖动。\n她的腰肢反复弓起又塌落，双手死死攥紧，指节泛白，小腹连续向内抽紧痉挛，温热的肠液被一阵阵收缩挤压着从{anal}中溢流出来，沿着大腿根部淌下一道湿痕，呼吸彻底乱成了急促的喘息。
2073,action_part_a_orgasm_normal_B,0,CVP_A2_T|1_E_0&CVP_A2_A|10_LE_3,{TargetName}的后腰猛地一挺，圆润的臀瓣剧烈痉挛夹紧，{anal}以强烈的节奏反复绞缩收拢，还不习惯高潮的肠壁一阵阵不受控地翕动痉挛。\n她的双膝颤抖着向内并拢，脚踝绷直发颤，小腹的肌肉连续抽搐起伏，急促失序的呼吸让胸口剧烈起伏，一股黏腻的肠液从{anal}深处被挤涌出来，明显地溢淌在臀缝间，娇躯在完整的高潮痉挛中颤动不止。
2074,action_part_a_orgasm_normal_B,0,CVP_A2_T|1_E_0&CVP_A2_A|10_LE_3,{TargetName}的全身骤然剧烈一颤，{anal}立刻陷入一阵强烈而有规律的痉挛绞缩之中，紧致的肠肉反复收拢吮缩，臀肉随之一下下地抽动绷紧。\n她的背脊高高弓起，腰肢颤抖着悬在半空又缓缓落下，双腿肌肉绷紧到微微抽筋，喘息声急促而凌乱，温热滑腻的肠液顺着{anal}的收缩节奏一点点渗溢而出，濡湿了臀缝与腿根，直到痉挛渐缓才瘫软下来。
2075,action_part_a_orgasm_normal_B,0,CVP_A2_T|1_E_0&CVP_A2_A|10_G_3&CVP_A2_A|10_LE_6,{TargetName}的娇躯猛地绷紧，{anal}熟练而有节奏地剧烈痉挛收缩起来，褶皱反复翕张绞紧，被开发过的媚肉一波波蠕动挤压。\n她的腰肢明显向上弓起，臀瓣不由自主地向后翘送迎合，小腹一阵阵向内抽搐，双腿绷直颤抖，脚趾用力蜷曲。\n温热的肠液顺着{anal}边缘明显地渗溢出来，沿着股缝缓缓淌下，在会阴处留下黏亮的湿痕，呼吸急促失序地喘息着。
2076,action_part_a_orgasm_normal_B,0,CVP_A2_T|1_E_0&CVP_A2_A|10_G_3&CVP_A2_A|10_LE_6,{TargetName}的臀肉骤然夹紧，{anal}强烈地反复绞缩翕动，久经调教的括约肌懂得如何一张一合地律动收放，将高潮的痉挛延续得绵长。\n她的背脊弓成弧线，腰胯不受控制地前后耸动了几下，四肢肌肉绷紧打颤，指尖攥紧泛白。\n黏滑的肠液随着{anal}的每一次收缩被明显挤淌出来，顺着大腿根蜿蜒流下，圆润的臀瓣随痉挛节奏细细发抖，胸口急促起伏。
2077,action_part_a_orgasm_normal_B,0,CVP_A2_T|1_E_0&CVP_A2_A|10_G_3&CVP_A2_A|10_LE_6,{TargetName}的身体剧烈地抖动起来，{anal}以熟稔的节奏强力痉挛绞紧，肠壁一层层蠕动收缩，褶皱规律地翕张开合。\n她主动塌下腰肢高高撅起臀部，臀肉随着痉挛一颤一颤地波动，小腹反复向内抽紧，大腿内侧的肌肉不住地哆嗦。\n透明的肠液从{anal}深处涌渗而出，明显地溢淌过穴口，濡湿了股间一片肌肤，她仰起脖颈发出破碎的娇喘，浑身泛起潮红。
2078,action_part_a_orgasm_normal_B,0,CVP_A2_T|1_E_0&CVP_A2_A|10_G_3&CVP_A2_A|10_LE_6,{TargetName}的腰胯猛然一挺，{anal}开始强烈而有韵律地痉挛吸缩，被充分开发的媚肉娴熟地时松时紧地绞动，穴口一圈嫩褶反复收放翕张。\n她的臀瓣绷紧又松开，腰肢弓起后又软软塌下，双膝发颤地磨蹭并拢，脚背绷直勾紧。\n温热黏腻的肠液被一阵阵痉挛挤压着渗流出{anal}，在穴口积成晶亮的水光后淌下腿根，急促的喘息让她的肩背不停起伏颤动。
2079,action_part_a_orgasm_normal_B,0,CVP_A2_T|1_E_0&CVP_A2_A|10_G_3&CVP_A2_A|10_LE_6,{TargetName}的娇躯绷成一张弓，{anal}爆发出一连串强劲有序的痉挛绞缩，老练的肠肉自发地由深至浅层层挤压蠕动，括约肌熟练地反复箍紧收拢。\n她的臀部高高抬起摇晃了几下，腰窝深深凹陷，小腹连续抽搐，十指抠紧身下发力，指节泛白。\n黏稠的肠液顺着{anal}的收缩节奏一股股溢渗出来，糊湿了穴口周围的嫩肉，双腿颤抖着几乎撑不住身体，喘息凌乱急促。

2080,action_part_a_orgasm_normal_B,0,CVP_A2_T|1_E_0&CVP_A2_A|10_G_6,{TargetName}熟透的{anal}骤然爆发出强烈而有节奏的痉挛，被开发得烂熟的括约肌以老练的韵律反复翕张绞紧，一波接一波地深深绞缩。\n她的腰肢明显向上弓起，小腹连续抽搐着起伏，四肢绷紧发颤，呼吸急促得完全乱了节拍。\n温热的肠液顺着{anal}的褶皱明显地溢淌而出，沿着股缝滑落，臀肉随着每一次绞缩淫靡地颤抖着，直到这场完整的绝顶痉挛缓缓平息。
2081,action_part_a_orgasm_normal_B,0,CVP_A2_T|1_E_0&CVP_A2_A|10_G_6,伴着一声甜腻的呻吟，{TargetName}那被彻底调教开的{anal}猛地掀起一阵剧烈而规律的收缩，肉环娴熟地一张一合，像是主动榨吸般层层蠕动绞拧。\n她的脊背绷成弓形，双腿剧烈打颤，脚趾用力蜷曲，小腹一下下地向内抽紧。\n黏滑的肠液从翕动的{anal}口明显渗涌出来，淌湿了大腿根部，圆润的臀瓣不受控制地痉挛耸动，急促的喘息声久久无法平复。
2082,action_part_a_orgasm_normal_B,0,CVP_A2_T|1_E_0&CVP_A2_A|10_G_6,{TargetName}的娇躯猛然绷直，久经开发的{anal}立刻展现出淫熟的本领，肠壁强烈而富有节奏地层层痉挛收拢，括约肌熟稔地反复绞咬翕张。\n她高高翘起臀部，腰肢深深下塌又弓起，两条腿抖得几乎撑不住身体，小腹随着每一波收缩剧烈抽动。\n淫靡的肠液从松张交替的{anal}边缘明显流溢下来，在会阴处拉出湿亮的痕迹，她张着嘴急促喘息，表情沉浸在绝顶的痉挛之中。
2083,action_part_a_orgasm_normal_B,0,CVP_A2_T|1_E_0&CVP_A2_A|10_G_6,绝顶来袭的瞬间，{TargetName}那开发得淫熟无比的{anal}爆发出一连串强劲而规整的绞缩，肉洞老练地蠕动吮咬，每一次收拢都又深又稳。\n她的腰肢猛地弓起又塌落，臀肉绷紧颤动，双手死死攥紧，指节泛白，小腹反复向内抽搐。\n温热黏腻的肠液顺着{anal}的收缩节奏一股股溢出，浸湿了股间嫩肉，她仰起脖颈急促地喘着，全身肌肉随高潮的余波不住震颤。
2084,action_part_a_orgasm_normal_B,0,CVP_A2_T|1_E_0&CVP_A2_A|10_G_6,{TargetName}浑身猛地一僵，随即那被无数次使用而烂熟于欲的{anal}开始了完整的绝顶痉挛，褶皱层层收拢又绽开，括约肌以熟练的频率一波波深深绞紧。\n她的背脊高高拱起，双膝发软打颤，脚尖绷直蜷缩，小腹一阵阵抽紧起伏，呼吸完全失序。\n黏亮的肠液从翕张不停的{anal}口明显淌落，沿着臀缝蜿蜒滑下，饱满的臀肉随痉挛节奏淫荡地抖动，许久才慢慢平息下来。
2085,action_part_a_orgasm_normal_B,0,CVP_A2_S|5_L_1000,{TargetName}的娇躯猛地一挺，{anal}开始强烈而有节奏地痉挛收缩，褶皱状的穴口反复翕张绞紧，腰肢明显向上弓起一道弧线。\n她的双腿绷得笔直，脚趾用力蜷曲，小腹一阵阵向内抽搐，呼吸急促而失序，胸口剧烈起伏。\n一缕温热的肠液顺着{anal}的收缩被挤出，沿着臀缝缓缓溢淌下来，整个臀部随着痉挛的节奏不住颤抖，直到高潮的痉挛渐渐平息才瘫软下来。
2086,action_part_a_orgasm_normal_B,0,CVP_A2_S|5_L_1000,{TargetName}的腰背骤然绷紧弓起，{anal}发出一波接一波的剧烈绞缩，括约肌不受控制地反复收拢又张开，臀肉随之抖出细密的波纹。\n她的四肢肌肉全部绷紧，双手死死攥紧，指节泛白，小腹的肌肉一下下地痉挛抽动。\n随着{anal}的每一次翕张，黏滑的肠液被明显地挤淌出来，濡湿了穴口周围的嫩肉，急促紊乱的喘息声不断从她口中溢出，全身在高潮中止不住地颤栗。
2087,action_part_a_orgasm_normal_B,0,CVP_A2_S|5_L_1000,{TargetName}的臀部猛然向后一挺，随即整条脊背弓成弧形，{anal}以完整高潮特有的节奏强烈痉挛，一收一缩地反复绞紧翕张。\n她的大腿内侧肌肉剧烈颤抖，膝盖发软打颤，脚尖绷直蜷缩，小腹一波波地向内凹陷抽搐。\n温热黏腻的肠液从不断收缩的{anal}中被一股股压挤出来，顺着股沟淌下明显的湿痕，她的呼吸完全乱了节奏，浑身肌肉随着痉挛不受控地抖动。
2088,action_part_a_orgasm_normal_B,0,CVP_A2_S|5_L_1000,{TargetName}的娇躯剧烈地弹动了一下，{anal}立刻陷入强烈而规律的痉挛收缩之中，穴口的褶皱一次次被绞紧又撑开，臀瓣跟着痉挛的节奏不停颤动。\n她的腰肢高高弓起又落下，双腿绷直发颤，脚踝抖个不停，小腹连续抽搐起伏。\n每一次{anal}的绞缩都挤出一缕滑腻的肠液，顺着会阴与腿根溢淌开来，她张着嘴急促地喘息，胸脯剧烈起伏，全身被完整的高潮反应彻底支配。
2089,action_part_a_orgasm_normal_B,0,CVP_A2_S|5_L_1000,{TargetName}的身体骤然僵直，随后爆发出剧烈的颤抖，{anal}强烈地一阵阵痉挛绞缩，括约肌反复翕张咬紧，臀肉被带得阵阵痉挛波动。\n她的背脊明显弓起，双手胡乱抓紧，指尖用力到发白，小腹的软肉一下一下地抽紧，呼吸急促得完全失去了章法。\n黏热的肠液随着{anal}的每次收缩被明显挤溢出来，在穴口周围积出湿亮的水光，顺着臀缝缓缓流淌，直至痉挛的余波散尽她才软倒下来。
2090,action_part_a_orgasm_normal_B,0,CVP_A2_S|5_GE_1000&CVP_A2_S|5_L_12000,{TargetName}的腰肢猛地向上弓起，{anal}开始强烈而有节奏地痉挛收缩，括约肌一张一合地反复绞紧。\n她的小腹连续抽搐着，两条腿绷得笔直发颤，脚趾用力蜷曲，呼吸完全乱了节奏，急促的喘息声不受控制地泄出。\n一股温热的肠液从{anal}的缝隙里明显地溢淌出来，顺着股沟滑落，她的臀肉随着痉挛的节奏一下下抖动，直到高潮的波动缓缓平息才软软瘫落。
2091,action_part_a_orgasm_normal_B,0,CVP_A2_S|5_GE_1000&CVP_A2_S|5_L_12000,{TargetName}的脊背骤然绷成一道弧线，{anal}不受控制地剧烈翕张绞缩，一波接一波的痉挛沿着菊皱扩散开来。\n她的双手死死攥紧，指节泛白，大腿内侧的肌肉不停地抽动痉挛，臀瓣随之绷紧又松弛。\n黏滑的肠液被绞缩的动作明显挤出{anal}，在穴口周围淌出一片湿痕，她急促失序地喘息着，圆润的臀部高高翘起颤抖，好一会儿才随着余韵散去而缓缓落下。
2092,action_part_a_orgasm_normal_B,0,CVP_A2_S|5_GE_1000&CVP_A2_S|5_L_12000,{TargetName}发出一声拔高的娇吟，整个下半身猛烈地弹跳了一下，{anal}立刻掀起完整的高潮痉挛，褶皱一圈圈地向内绞紧又向外翻张。\n她的腰肢反复弓起塌落，小腹肌肉一阵阵地抽缩，双膝发软地磨蹭颤抖。\n温热的肠液从收缩的{anal}中被一股股挤压出来，沿着会阴滴淌，她的头向后仰起，喉咙里溢出破碎的喘息，全身的肌肉随着绞缩的节奏不停哆嗦。
2093,action_part_a_orgasm_normal_B,0,CVP_A2_S|5_GE_1000&CVP_A2_S|5_L_12000,{TargetName}的臀肉猛然夹紧，{anal}爆发出一连串强烈而规律的收缩，括约肌像抽筋般反复咬合绞拧。\n她的腰背弓起又痉挛着塌下，四肢绷紧发抖，脚跟在原地无助地蹭动，胸口剧烈起伏着喘不上气。\n淫靡的肠液被一阵阵绞缩挤得从{anal}边缘涌溢出来，把股缝浸得湿滑黏腻，她的眼角渗出生理性的泪水，浑身的颤抖持续了许久才渐渐止息。
2094,action_part_a_orgasm_normal_B,0,CVP_A2_S|5_GE_1000&CVP_A2_S|5_L_12000,{TargetName}的身体骤然僵直，随即{anal}开始大幅度地痉挛翕张，一下下地绞紧收缩，连带着臀部的软肉都跟着波浪般抖动。\n她的小腹深深凹陷又反复抽搐，双腿抽动着并拢夹紧，手指胡乱地抓挠收拢。\n混着热气的肠液顺着痉挛的{anal}缝隙淌流而下，在腿根拉出湿亮的水线，她张着嘴急促地喘息，腰肢痉挛般地扭动了数下，最后脱力地软倒下来微微发颤。
2095,action_part_a_orgasm_normal_B,0,CVP_A2_S|5_GE_12000&CVP_A2_S|5_L_90000,{TargetName}的娇躯猛地绷紧弓起，早已被彻底肏开的{anal}强烈而有节奏地痉挛绞缩，敏感至极的括约肌一波接一波地反复翕张收紧。\n她的腰肢高高拱起又剧烈打颤，小腹一阵阵向内抽搐，双腿绷直得不住哆嗦，脚趾狠狠蜷曲。\n温热的肠液顺着{anal}的收缩明显地溢淌而出，沾湿了臀缝，她张着小嘴急促喘息，呼吸完全乱了节奏。
2096,action_part_a_orgasm_normal_B,0,CVP_A2_S|5_GE_12000&CVP_A2_S|5_L_90000,一阵剧烈的痉挛从{TargetName}的臀间炸开，已被开发得淫熟敏感的{anal}疯狂地一缩一缩绞紧，菊皱反复开合翕动。\n她的脊背猛然弯成弓形，圆润的臀肉不受控制地颤抖摇晃，小腹连续抽缩起伏，双手死死攥紧，指节发白。\n黏滑的肠液从{anal}里明显地涌淌出来，顺着大腿根缓缓流下，她仰起脖颈，喉间溢出急促紊乱的喘息声。
2097,action_part_a_orgasm_normal_B,0,CVP_A2_S|5_GE_12000&CVP_A2_S|5_L_90000,{TargetName}浑身猛烈一颤，那处快感早已积攒到顶点的{anal}骤然爆发出强烈而规律的痉挛收缩，肉环层层绞拧翕张。\n她的腰胯剧烈地向上挺起又抖着塌落，大腿内侧的肌肉绷紧痉挛，膝盖不住打颤，脚尖绷直蜷缩。\n{anal}随着每一下收缩挤淌出温热的肠液，濡湿了股缝与腿根，她胸口剧烈起伏，呼吸急促得几乎接不上来。
2098,action_part_a_orgasm_normal_B,0,CVP_A2_S|5_GE_12000&CVP_A2_S|5_L_90000,伴随一声拔高的娇吟般的气音，{TargetName}的身体骤然绷成一条弧线，被肏得熟透敏感的{anal}开始强烈地节律性绞缩，褶皱一张一合地痉挛翕动。\n她的臀瓣紧绷发颤，腰肢反复弓起抽动，小腹肌肉一阵阵抽搐，双臂哆嗦着几乎撑不住身体。\n滑腻的肠液被{anal}的收缩明显地挤压溢出，淌下会阴，她的呼吸彻底失序，急喘连连。
2099,action_part_a_orgasm_normal_B,0,CVP_A2_S|5_GE_12000&CVP_A2_S|5_L_90000,{TargetName}的全身肌肉猛然收紧痉挛，那圈敏感得一碰就颤的{anal}正强烈而有节奏地吮缩绞动，括约肌层层收拢又骤然放松。\n她高高翘起的臀部剧烈摇颤，背脊深深凹陷弓起，双腿抖得合不拢，脚踝绷出紧张的线条。\n温热黏稠的肠液顺着{anal}的翕张一股股渗淌出来，在臀缝间拉出湿亮的痕迹，她急促地喘息着，香汗浸透了全身。
2100,action_part_a_orgasm_normal_B,0,CVP_A2_S|5_GE_90000,{TargetName}早已被开发到极致的身躯猛地一颤，{anal}立刻爆发出强烈而有节奏的痉挛收缩，括约肌一圈圈反复翕张绞紧，腰肢高高弓起，小腹连续向内抽搐。\n四肢绷得笔直不住颤抖，脚趾狠狠蜷曲，一股温热的肠液顺着{anal}边缘明显地溢淌出来，沿着股缝流下，呼吸急促得完全乱了节拍。
2101,action_part_a_orgasm_normal_B,0,CVP_A2_S|5_GE_90000,{TargetName}那被彻底调教得极度敏锐的肉体骤然绷紧，{anal}不受控制地一阵阵剧烈绞缩，菊皱反复开合翕动，臀肉随之狠狠夹紧又松开。\n腰背弯成明显的弧线，大腿肌肉不停抽动痉挛，指尖死死攥紧，一缕黏滑的肠液从翕张的{anal}中挤淌而出，濡湿了臀缝，胸口随失序的喘息剧烈起伏。
2102,action_part_a_orgasm_normal_B,0,CVP_A2_S|5_GE_90000,一阵剧烈的痉挛猛然贯穿{TargetName}的全身，{anal}以完整高潮的力道有节律地收缩绞动，褶皱一次次向内吸紧再撑开，臀瓣不由自主地颤抖摇晃。\n她的腰部明显向上挺弓，小腹一下下地凹陷抽缩，双腿绷直乱颤，滑腻的肠液顺着抽搐的{anal}口明显地渗涌流出，在腿根拉出淫靡的湿痕，喘息破碎急促。
2103,action_part_a_orgasm_normal_B,0,CVP_A2_S|5_GE_90000,{TargetName}被无数次绝顶磨得极端敏感的躯体猛烈震颤起来，{anal}整个痉挛绞紧，括约肌一波接一波地强力收缩翕张，臀肉绷出深深的弧线。\n她整条脊背弓起又塌落，四肢肌肉不受控制地抖动抽搐，脚踝绷直勾紧，温热的肠液被一阵阵收缩明显地挤压出来，顺着{anal}边缘淌落，呼吸紊乱得几乎接不上来。
2104,action_part_a_orgasm_normal_B,0,CVP_A2_S|5_GE_90000,伴随一声拔高的娇吟，{TargetName}的腰肢猛地弓起，{anal}爆发出一整轮强烈而规律的痉挛，穴口反复绞紧翕张，连带臀肉一阵阵痉挛紧缩。\n她敏感至极的小腹连续抽动，双膝发颤内夹，手指痉挛般抠紧，黏稠的肠液从不断开合的{anal}里明显地溢流而出，浸湿股间的嫩肉，急促的喘息完全失去了节奏。
2105,action_part_a_orgasm_normal_B,0,CVP_A2_T|126_E_1,{TargetName}小巧紧致的臀部猛地绷紧，{anal}强烈而有节奏地痉挛绞缩，紧窄的括约肌反复翕张收紧。\n纤细的腰肢明显向上弓起，两瓣紧致的臀肉不受控制地颤抖，小腹随之一阵阵向内抽搐。\n一缕温热的肠液从{anal}边缘明显地溢淌而出，顺着腿根缓缓滑落，急促失序的呼吸让娇小的身躯剧烈起伏。
2106,action_part_a_orgasm_normal_B,0,CVP_A2_T|126_E_1,{TargetName}娇小的臀部骤然向内狠狠一夹，{anal}发出一连串强烈规律的收缩痉挛，紧致的臀肉绷得发颤。\n双腿绷直抖动，脚趾用力蜷曲，腰背弯出明显的弧线又反复塌落。\n黏腻的肠液顺着翕张不止的{anal}明显渗溢出来，在紧窄的股缝间淌出一道湿痕，胸口随着紊乱急促的喘息剧烈起伏不停。
2107,action_part_a_orgasm_normal_B,0,CVP_A2_T|126_E_1,{TargetName}紧致小翘的臀部剧烈地抖动起来，{anal}一波接一波地强力绞紧收缩，纤窄的括约肌反复翕张咬合。\n细瘦的腰肢高高弓起后又颤颤落下，四肢肌肉绷紧痉挛，小腹连续抽缩。\n温热的肠液从收缩的{anal}中较为明显地流溢而出，浸湿了小巧臀瓣之间的嫩肉，呼吸完全乱了节奏，又急又碎。
2108,action_part_a_orgasm_normal_B,0,CVP_A2_T|126_E_1,{TargetName}小而紧实的臀肉猛然绷出紧张的轮廓，{anal}强烈地痉挛翕张，一下一下有节奏地反复绞缩。\n腰部明显地弓起弧度，纤细的双腿夹紧颤抖，手指用力攥紧到指节泛白。\n股间那处紧窄的{anal}边缘明显淌出温热的肠液，沿着紧致的臀缝缓慢流下，急促的喘息声中娇躯止不住地战栗。
2109,action_part_a_orgasm_normal_B,0,CVP_A2_T|126_E_1,{TargetName}紧窄小巧的臀部整个绷紧痉挛，{anal}以完整而剧烈的节奏连续收缩绞拧，括约肌一开一合地翕动。\n单薄的腰身向上挺弓，臀肉细密颤动，小腹肌肉一阵阵不受控制地抽搐痉挛。\n肠液从翕张的{anal}中明显地涌溢出来，濡湿了紧致的股沟与腿根，呼吸急促破碎，娇小的身躯随之不停颤栗起伏。

2110,action_part_a_orgasm_normal_B,0,target_is_player_daughter,{TargetName}的娇躯猛地一阵痉挛，{anal}强烈而有节奏地收缩绞紧，括约肌反复翕张又用力绞合。\n腰肢大幅弓起又落下，小腹随之一下下剧烈抽搐，双腿绷得笔直，脚尖不受控制地蜷起又舒张。\n手指死死攥紧，指节泛白，肩背绷成一道紧绷的弧线，随即又剧烈地颤抖起来。\n{anal}深处涌出一股肠液，顺着股缝缓缓流淌而下，浸湿了大腿内侧的肌肤。\n呼吸急促紊乱，胸口剧烈起伏，喉间发出压抑不住的喘息，整个身子随着一波波痉挛不断颤动。
2111,action_part_a_orgasm_normal_B,0,target_is_player_daughter,亲生女儿的身体骤然绷紧，{anal}一阵接一阵地强烈收缩，肠壁反复绞紧又松弛。\n腰部猛地向上挺起，随后又软软塌落，大腿不由自主地夹紧又松开，脚趾用力蜷曲抓挠着。\n双手胡乱抓住身旁能碰到的东西，指尖掐进掌心，肩膀一耸一耸地剧烈抖动。\n肠液从{anal}中明显地溢出，沿着臀缝滑落，将穴口周围沾得湿漉漉的。\n喘息声一声接一声地破碎溢出，胸脯剧烈起伏，脸颊与脖颈泛起浓重的潮红，浑身止不住地颤栗。
2112,action_part_a_orgasm_normal_B,0,target_is_player_daughter,{TargetName}的腰身猛然弓起一个高高的弧度，{anal}剧烈痉挛着一收一缩，穴肉不断绞紧又松开。\n双腿绷得紧紧的，脚踝处的肌肉也跟着抽紧，脚趾蜷成一团，随即又猛地舒展开来。\n十指死死抠住身下的东西，手背青筋隐现，脊背一阵阵地抽搐，久久无法平复。\n一股温热的肠液顺着{anal}的边缘涌出，缓缓淌下臀瓣，滴落在腿间。\n呼吸变得又急又乱，胸口一上一下剧烈起伏，喉咙里溢出断断续续的喘鸣，全身反复颤抖不止。
2113,action_part_a_orgasm_normal_B,0,target_is_player_daughter,女儿柔软的身躯猛地一僵，{anal}接连不断地强力收缩，括约肌用力绞紧又松弛下来。\n腰肢大幅度地向上拱起，又颤颤巍巍地塌软下去，双膝不由自主地并拢，脚尖绷得笔直。\n双手紧紧揪住能抓到的物件，指节因用力而发白，肩背随着痉挛一阵阵地耸动颤抖。\n{anal}深处的肠液止不住地流出，顺着股间蜿蜒而下，将臀部与大腿之间浸得湿润一片。\n气息急促而零乱，胸膛剧烈起伏不定，唇间溢出压抑的喘息声，整具身子仍在余韵中反复痉挛。
2114,action_part_a_orgasm_normal_B,0,target_is_player_daughter,{TargetName}的身子猝然抽紧，{anal}一波接一波地剧烈收缩绞动，穴口反复翕合，绞得又紧又急。\n腰腹用力挺起又落下，小腹肌肉一阵阵抽紧，两腿绷直发颤，脚趾用力抠紧又松开。\n手指痉挛般地蜷握成拳，指甲几乎掐进掌心，肩头与后背都随之剧烈地抖动起来。\n肠液顺着{anal}汩汩流出，沿着大腿内侧一路淌下，留下一道湿滑的痕迹。\n呼吸急促得几近喘不上气，胸口大幅起伏，喉咙里溢出破碎的喘息，浑身颤抖着久久未能平息。
2115,action_part_a_orgasm_normal_B,0,CVP_A2_T|127_E_1,{TargetName}匀称圆润的臀瓣猛地绷紧夹拢，{anal}强烈而有节奏地痉挛绞缩，括约肌一张一合地反复翕动收紧。\n她的腰肢明显向上弓起，小腹一阵阵向内抽搐，富有弹性的臀肉随着痉挛的节奏剧烈地颤动波荡。\n四肢绷紧发颤，脚趾用力蜷曲，一缕黏滑的肠液顺着{anal}边缘明显地溢淌出来，沾湿了臀缝，呼吸急促得完全乱了节拍。
2116,action_part_a_orgasm_normal_B,0,CVP_A2_T|127_E_1,{TargetName}形状标致的臀肉骤然向内狠狠一夹，{anal}不受控制地发出一波接一波的强烈收缩，环状的穴口反复地绞紧又松开。\n她的背脊弯出一道明显的弧线，臀部高高翘起又剧烈打颤，弹性十足的臀丘上泛起细密的肉浪。\n大腿肌肉绷得笔直地抽搐着，小腹反复向内收缩，温热的肠液从痉挛的{anal}里被挤压出来，顺着圆润的臀线缓缓流下，胸口急促起伏喘息不止。
2117,action_part_a_orgasm_normal_B,0,CVP_A2_T|127_E_1,{TargetName}挺翘适中的臀部猛然一阵剧烈痉挛，{anal}以完整而规律的节奏一下下强力绞缩，褶皱都被绷得平展开来。\n匀称的两瓣臀肉互相紧紧挤压，随着每次收缩而弹动出诱人的涟漪，腰身高高拱起后又颤巍巍地塌下。\n双手无意识地攥紧，膝盖发软打颤，黏稠的肠液被一阵阵挤出{anal}，在会阴处拖出亮晶晶的湿痕，急促的鼻息里混着压不住的呻吟声。
2118,action_part_a_orgasm_normal_B,0,CVP_A2_T|127_E_1,{TargetName}圆润有弹性的臀肉突然绷紧成两团硬球，{anal}深处传出一阵阵强烈的痉挛蠕动，穴口的嫩肉规律地翕张吮缩。\n她的腰肢反复向上挺弓，尾椎跟着痉挛的节奏一抽一抽，柔韧的臀瓣抖出层层肉波。\n四肢的肌肉不受控制地颤抖僵直，脚踝绷直脚趾抠紧，滑腻的肠液从收缩的{anal}中明显地渗涌而出，濡湿了整条股沟，呼吸凌乱得又急又重。
2119,action_part_a_orgasm_normal_B,0,CVP_A2_T|127_E_1,{TargetName}丰润适中的翘臀猛地向后一挺随即剧烈发颤，{anal}整圈括约肌开始强烈而有节律地收拢绞紧，一次比一次夹得更深。\n小腹的肌肉一波波向内抽缩，匀称的臀肉被痉挛带得不停晃颤，腰背弓起又软塌反复了好几回。\n她的指尖用力抠紧，双腿绷直乱颤，温热黏滑的肠液沿着{anal}的收缩被一股股推挤出来，淌湿了大腿根，急促的喘息声完全失去了章法。
2120,action_part_a_orgasm_normal_B,0,CVP_A2_T|128_E_1,{TargetName}那对硕大惊人的肥臀骤然剧烈痉挛起来，{anal}强烈而有节奏地绞缩翕张，两瓣丰满得几乎溢出视野的臀肉随着痉挛掀起一波波肉浪般的震荡。\n腰肢明显向上弓起，四肢绷紧颤抖，小腹反复抽搐，一缕温热的肠液从{anal}中较明显地溢淌而出，顺着深深的臀缝滑落，呼吸急促失序地喘个不停。
2121,action_part_a_orgasm_normal_B,0,CVP_A2_T|128_E_1,{TargetName}丰硕肥美的巨臀猛地绷紧又抖散开来，{anal}不受控制地连续痉挛收缩，括约肌反复翕张绞紧，带动两团厚实臀肉波浪般晃荡拍颤。\n背脊弓成弧线，双腿绷直发颤，膝盖不住打战，肠液从抽缩的{anal}里明显地渗涌出来，沿着饱满臀丘间的沟壑淌下，胸口急促起伏喘息不止。
2122,action_part_a_orgasm_normal_B,0,CVP_A2_T|128_E_1,{TargetName}那双圆润肥硕的臀丘骤然向内狠狠一夹，{anal}开始强烈而有节律地痉挛绞缩，每一次收缩都让惊人丰满的臀肉荡起目眩的肉波。\n腰身高高拱起又颤抖落下，脚趾蜷曲扣紧，小腹一阵阵向内抽缩，温热黏滑的肠液顺着翕张的{anal}溢流出来，浸湿了臀缝深处，呼吸凌乱急促。
2123,action_part_a_orgasm_normal_B,0,CVP_A2_T|128_E_1,{TargetName}肥大浑圆的臀肉猛烈地颤震摇晃起来，{anal}有节奏地反复绞紧又松开，括约肌一阵阵翕动痉挛，硕大的臀瓣相互挤压出深陷的肉痕。\n纤腰绷出明显的弓形，双手无意识地攥紧，大腿内侧肌肉抽搐颤抖，一股肠液从收缩的{anal}中较明显地淌出，沿着丰腴腿根蜿蜒而下，喘息急促失序。
2124,action_part_a_orgasm_normal_B,0,CVP_A2_T|128_E_1,{TargetName}那对沉甸甸的肥硕臀球剧烈痉挛抖动，{anal}不由自主地强烈收缩翕张，每次绞缩都牵动整片丰满臀肉掀起绵密的颤波。\n腰肢反复弓起塌落，四肢肌肉不受控制地绷紧发颤，小腹连连抽动，温热的肠液自痉挛的{anal}明显溢出，把深邃的臀沟浸得湿滑发亮，呼吸紊乱地急喘。

2125,action_part_a_orgasm_normal_B,0,high_1,{TargetName}的娇躯猛地绷紧，{anal}开始强烈而有节奏地痉挛绞缩，括约肌一张一合地反复翕动收紧。\n腰肢明显地向上弓起，小腹一阵阵向内抽搐，双腿绷得笔直微微发颤，脚趾用力蜷曲扣紧。\n少许温热的肠液从翕张的{anal}边缘溢淌出来，顺着臀缝缓缓流下，臀肉随着痉挛的节奏不住地颤动，呼吸也彻底乱了套，急促地喘个不停。
2126,action_part_a_orgasm_normal_B,0,high_1,{TargetName}的臀部骤然高高翘起又剧烈摇晃，{anal}不受控制地一波接一波剧烈收缩，肛口的媚肉有节律地反复绞紧又松开。\n背脊弯成一道紧绷的弧线，四肢肌肉抽紧颤抖，双手死死攥紧，指节泛白。\n黏滑的肠液被挤压着从{anal}里溢流出来，在会阴处拉出淫靡的湿痕，小腹连续抽缩了好几下，胸口急促起伏，鼻息全然失序。
2127,action_part_a_orgasm_normal_B,0,high_1,伴随着一声拔高的娇吟，{TargetName}的腰身猛然弓起，{anal}开始整齐而剧烈地痉挛，括约肌绞紧的力道一阵强过一阵。\n浑圆的臀肉不住地哆嗦晃动，大腿内侧的肌肉绷紧抽搐，膝盖打着颤几乎撑不住身体。\n温热黏腻的肠液顺着抽缩的{anal}明显地淌落下来，沾湿了股缝与腿根，她的呼吸急促而混乱，全身随高潮的节奏一下下痉挛颤抖。
2128,action_part_a_orgasm_normal_B,0,high_1,{TargetName}的身体像触电般剧烈一颤，{anal}立刻掀起强烈的收缩浪潮，肛口一缩一缩地规律绞动，将高潮的节奏清晰地展露出来。\n她的腰肢高高拱起又猛地塌落，小腹的肌肉反复向内抽紧，双腿夹紧发抖，脚尖绷直蜷缩。\n黏稠的肠液从不断翕张的{anal}中被一股股挤淌出来，淌湿了臀瓣内侧，喘息声急促凌乱，颤抖久久不停。
2129,action_part_a_orgasm_normal_B,0,high_1,{TargetName}仰起脖颈发出破碎的呜咽，整条脊背绷成弓形，{anal}猛烈地痉挛绞缩起来，括约肌一阵阵地反复咬紧又翕开。\n她的臀肉随着每一次收缩不停打颤，四肢肌肉不受控制地抽搐绷紧，腰腹连续抽缩塌陷。\n淫靡的肠液顺着痉挛的{anal}边缘明显地溢流而下，在雪白的腿根上留下湿亮的痕迹，急促的喘息声中娇躯持续颤抖了许久才慢慢平息。
2130,action_part_a_orgasm_normal_B,0,t_npc_active_h,主动摆动着腰肢的{TargetName}骤然停下了自己掌控的节奏，{anal}强烈而有节奏地痉挛绞缩起来，括约肌反复翕张收紧。\n她的腰部明显向后弓起，主动扭动的臀部不受控制地剧烈颤抖，小腹反复向内抽搐，一股肠液顺着{anal}边缘明显地溢淌而出，沿着腿根流下。\n她撑在{Name}身上的双手骤然收紧，指节泛白，呼吸急促失序，全身肌肉绷紧颤动了好一阵才缓缓瘫软下来。
2131,action_part_a_orgasm_normal_B,0,t_npc_active_h,正自己起伏耸动的{TargetName}动作猛地一滞，{anal}开始剧烈而规律地收缩痉挛，肛口的嫩肉一阵阵翕张绞紧。\n她主动挺送的腰肢深深弓成一道弧线，四肢瞬间绷直颤抖，圆润的臀肉不住抖动，小腹连续抽缩起伏。\n温热的肠液从{anal}明显地渗涌出来，淌湿了臀缝，她按在{Name}胸口上的手指用力掐紧，胸口随急促的喘息大幅起伏，颤栗许久才慢慢平息。
2132,action_part_a_orgasm_normal_B,0,t_npc_active_h,主动骑在{Name}身上摇摆的{TargetName}身躯猛然绷紧，{anal}发出一连串强烈有节奏的痉挛绞缩，括约肌反复收紧又张开。\n她掌控节奏的腰肢失去了章法，向前深深弓起后又剧烈颤抖，大腿肌肉绷紧抽搐，脚趾用力蜷曲。\n黏腻的肠液顺着{anal}的收缩明显地溢流而出，沾湿了大腿内侧，她的呼吸彻底乱了节拍，胸脯剧烈起伏，整个身子抖了好几轮才软倒在{Name}身上。
2133,action_part_a_orgasm_normal_B,0,t_npc_active_h,自己掌握着律动的{TargetName}忽然浑身一颤，{anal}不受控制地开始强烈痉挛，一下下有节奏地绞紧收缩，肛口反复翕张。\n她主动扭摆的臀部僵在半空剧烈抖动，腰部明显弓起，背脊绷成弧线，双腿肌肉抽搐着夹紧{Name}的身体。\n一缕缕温热的肠液从{anal}明显地淌出，顺着股缝蜿蜒流下，她的手指死死抠紧，急促的喘息中全身痉挛颤动，许久才缓缓松弛下来。
2134,action_part_a_orgasm_normal_B,0,t_npc_active_h,一直主导着节奏的{TargetName}动作骤然凌乱，{anal}猛烈地痉挛起来，括约肌一阵阵有力地绞缩翕张，臀肉随之不停颤抖。\n她自己送腰的动作彻底停滞，腰肢深深弓起后又反复抽动，小腹连番向内收缩，四肢绷紧战栗，脚尖用力绷直。\n明显的肠液从{anal}中渗溢而出，在腿根留下湿润的痕迹，她伏在{Name}身上的娇躯随着失序的呼吸剧烈起伏，颤了许久才归于平静。
2135,action_part_a_orgasm_normal_B,0,group_sex_mode_on&CVP_A2_A|34_LE_4,{TargetName}的娇躯在众多女性的注视下猛地绷紧，{anal}强烈而有节奏地痉挛绞缩，括约肌一张一合地翕动收紧，腰肢明显地向上弓起。\n她慌乱地伸手去遮挡自己的臀缝，指缝间却挡不住{anal}的剧烈抽搐，小腹反复向内抽紧，一缕温热的肠液顺着股沟溢淌而下。\n她咬紧嘴唇压着急促失序的呼吸，四肢不受控制地颤抖，蜷缩起身子想避开周围投来的视线。
2136,action_part_a_orgasm_normal_B,0,group_sex_mode_on&CVP_A2_A|34_LE_4,{TargetName}用手臂死死捂住通红的脸，身体却背叛般地剧烈痉挛起来，{anal}一阵阵强力地绞紧收缩，肛口的褶皱反复翕张，臀肉随之不停颤跳。\n她的腰部高高弓起又猛地落下，双腿绷得笔直发颤，脚趾用力蜷曲，小腹连续抽搐了好几下。\n黏滑的肠液从{anal}明显地渗流出来，沿着大腿内侧淌下，她慌忙侧过身子夹紧双腿，想在其他女性面前掩住这副淫态，呼吸却急促得完全乱了节奏。
2137,action_part_a_orgasm_normal_B,0,group_sex_mode_on&CVP_A2_A|34_LE_4,察觉到周围女性们的目光，{TargetName}拼命想蜷起身体遮掩，然而{anal}却在此刻爆发出完整的高潮痉挛，括约肌一波接一波地强烈绞缩翕张，臀瓣绷紧得微微发抖。\n她的脊背弯成弓形，纤腰剧烈地弓起抽动，双手胡乱地去拉扯任何能遮挡下身的东西，指节因用力而泛白。\n温热的肠液顺着{anal}边缘溢流而出，在股缝间拖出湿亮的痕迹，她急促紊乱地喘息着，全身肌肉不受控制地阵阵颤栗。
2138,action_part_a_orgasm_normal_B,0,group_sex_mode_on&CVP_A2_A|34_LE_4,{TargetName}把脸深深埋进臂弯里不敢看向旁边的女性们，{anal}却诚实地开始强烈痉挛，一下下有节奏地绞紧又放松，肛口翕动收缩的幅度大得掩藏不住。\n她的腰肢反复向上弓起，圆润的臀部不由自主地颤抖摇晃，小腹一阵阵向内抽紧，双腿绷直后又软软发颤。\n她用手掌徒劳地捂住臀缝，指缝间仍有黏腻的肠液渗淌出来，濡湿了腿根，急促失序的鼻息从咬紧的唇齿间不断漏出。
2139,action_part_a_orgasm_normal_B,0,group_sex_mode_on&CVP_A2_A|34_LE_4,在众目睽睽之下，{TargetName}的身体骤然剧烈一颤，{anal}猛烈而规律地收缩痉挛起来，括约肌反复绞紧翕张，连带着股间的嫩肉一同抽跳。\n她慌张地侧转身体背对其他女性，想用蜷缩的姿势藏起下身，可高高弓起的腰肢和绷紧颤抖的四肢却出卖了她。\n小腹连续地抽搐起伏，肠液从{anal}明显地溢淌下来，顺着颤抖的大腿画出湿痕，她死死捂着嘴压制呼吸，胸口却仍急促失序地大幅起伏。
2140,action_part_a_orgasm_normal_B,0,group_sex_mode_on&CVP_A2_A|34_G_4,{TargetName}的娇躯猛地弓起，{anal}强烈而有节奏地痉挛绞缩，括约肌反复翕张收紧，她却主动高高翘起臀部朝向周围的女性们，双手向后掰开臀肉，把正在抽搐痉挛的{anal}毫无遮掩地展示出来。\n腰肢剧烈地弓起又塌陷，小腹一阵阵向内抽紧，四肢绷紧颤抖，一缕黏滑的肠液顺着{anal}边缘溢淌而下，在众人的视线中沿着大腿内侧划出淫靡的湿痕，呼吸急促失序地大口喘息着。
2141,action_part_a_orgasm_normal_B,0,group_sex_mode_on&CVP_A2_A|34_G_4,{TargetName}的身体骤然剧烈痉挛起来，{anal}一波接一波地强力绞缩翕张，她非但没有遮掩，反而扭动着腰肢把抽搐的臀部转向在场的每一位女性，让所有人都能看清{anal}的痉挛收缩。\n她的脊背深深弯成弓形，双腿绷直发颤，脚趾用力蜷曲，温热的肠液从翕张的穴口明显地溢流出来，她还挑衅般地朝其他人扬起潮红的脸，胸口急促起伏地喘息不止。
2142,action_part_a_orgasm_normal_B,0,group_sex_mode_on&CVP_A2_A|34_G_4,在众多女性的注视下，{TargetName}的腰肢猛然向上弓起，{anal}开始强烈而规律地痉挛绞紧，括约肌一张一缩地反复翕动，整个臀部随之淫荡地颤抖摇晃。\n她故意分开双腿摆出更加大开的姿势，让周围的视线能够直视自己高潮抽搐的{anal}，小腹连续抽缩，四肢肌肉不受控制地颤栗，黏腻的肠液缓缓淌出穴口，沾湿了腿根，喘息声毫不掩饰地放大回荡。
2143,action_part_a_orgasm_normal_B,0,group_sex_mode_on&CVP_A2_A|34_G_4,{TargetName}高潮的瞬间猛地昂起头，{anal}发出一阵阵强劲有力的痉挛收缩，穴口括约肌反复地绞紧又松开，她当着围观女性们的面主动撅高臀部前后摆动，炫耀似地展露着抽搐的媚态。\n她的腰背弓起剧烈震颤，双手向后抓住自己的臀瓣用力掰开，让溢出的肠液顺着股缝滴落得一览无余，大腿内侧的肌肉绷紧痉挛，呼吸凌乱急促地起伏着。
2144,action_part_a_orgasm_normal_B,0,group_sex_mode_on&CVP_A2_A|34_G_4,{TargetName}的全身骤然绷紧，{anal}猛烈地开始一轮完整的高潮痉挛，括约肌有节奏地反复绞缩翕张，臀肉随之波浪般抖动，她扭过头确认着周围女性们的目光，随即把痉挛的臀部摆动得更加淫浪。\n小腹一下下地向内抽搐，双腿颤抖着叉得更开，温滑的肠液从收缩的穴口溢淌而出，在无数视线的注视下沿着雪白的腿根缓缓流下，她潮红着脸大口大口地急促喘息。

2145,action_part_a_orgasm_normal_B,0,h_in_love_hotel,在爱情旅馆暧昧的红色灯光下，{TargetName}的娇躯猛地绷紧弓起，{anal}强烈而有节奏地痉挛绞缩，括约肌一张一合地反复翕张。\n她的腰肢高高拱起又重重落回柔软的大床，小腹连续抽搐，双腿绷直颤抖，脚趾狠狠蜷缩。\n一股温热的肠液从收缩的{anal}口明显地溢淌而出，顺着臀缝流下，呼吸急促得完全乱了节拍。
2146,action_part_a_orgasm_normal_B,0,h_in_love_hotel,镜面天花板映出{TargetName}高潮时失序的姿态，她的{anal}不受控制地剧烈收缩痉挛，括约肌一下下地咬紧又松开。\n圆润的臀肉随着抽缩的节奏猛烈颤抖，腰背弓成绷紧的弧线，双手死死攥住旅馆床单，指节泛白。\n肠液沿着翕张的{anal}边缘明显渗涌出来，沾湿了身下的床褥，胸口随急喘剧烈起伏，全身肌肉阵阵抽搐。
2147,action_part_a_orgasm_normal_B,0,h_in_love_hotel,在爱情旅馆隔音的私密房间里，{TargetName}的呻吟骤然拔高，{anal}猛烈地痉挛绞紧，一阵阵有节奏地翕张收缩。\n她的四肢瞬间绷紧痉挛，腰部明显向上弓起，小腹的肌肉反复向内抽缩，大腿内侧不停打颤。\n温热的肠液从抽搐的{anal}中较明显地流淌溢出，滴落在宽大的床铺上，急促的喘息在暧昧的灯光中乱作一团。
2148,action_part_a_orgasm_normal_B,0,h_in_love_hotel,伴着爱情旅馆房间里流淌的暧昧音乐，{TargetName}的身体骤然剧烈痉挛，{anal}强力地绞缩收紧，括约肌反复地一开一合。\n她的脊背深深弯起，臀部高高翘起又颤抖着塌落，双腿失去支撑般地发颤，脚尖用力绷直。\n肠液顺着不断收缩的{anal}口溢流而下，在雪白的床单上洇开湿痕，胸脯随失序的呼吸大幅起伏。
2149,action_part_a_orgasm_normal_B,0,h_in_love_hotel,{TargetName}在爱情旅馆柔软的水床上猛地弓起腰肢，{anal}发出一连串强烈而规律的痉挛抽缩，括约肌一阵阵地翕张绞咬。\n她的头向后仰起，脖颈绷出紧张的线条，小腹连绵地抽搐，双腿夹紧又颤抖着摊开。\n一缕缕温热的肠液从翕动的{anal}里明显地渗淌出来，顺着臀肉滑落，急乱的喘息声在这间私密的房间里回荡。
2150,action_part_a_orgasm_normal_B,0,h_in_bathroom,水汽氤氲之中{TargetName}湿漉漉的身躯猛地绷紧，{anal}强烈而有节奏地痉挛收缩起来，括约肌一下下反复翕张绞紧。\n沾满水珠的腰肢明显向上弓起，湿滑的小腹反复抽搐，四肢在湿热的空气里不受控制地颤抖。\n一缕黏滑的肠液从{anal}中较明显地溢出，混着身上淌下的热水一同顺着湿润的腿根流淌，急促失序的喘息声在弥漫的蒸汽里回荡不止。
2151,action_part_a_orgasm_normal_B,0,h_in_bathroom,热水冲刷下的{TargetName}骤然全身痉挛，{anal}不受控制地强烈收缩绞动，括约肌随着节奏一阵阵翕张咬合。\n被水打湿的背脊深深弓起，湿亮的臀肉剧烈颤抖，双腿在湿滑的地面上绷直打颤，脚趾用力蜷缩。\n温热的肠液从抽搐的{anal}里明显淌出，与皮肤上的水流交融着滑落，湿透的胸口急促起伏，粗乱的呼吸混着水声在蒸腾的雾气中格外清晰。
2152,action_part_a_orgasm_normal_B,0,h_in_bathroom,{TargetName}湿滑的娇躯在蒸汽里猛然弓起，{anal}开始强烈而规律地痉挛绞缩，括约肌一波波地反复咬紧又松开。\n沾水的双手死死抓住湿滑的支撑处，湿淋淋的腰臀不住地抽动摇晃，小腹一阵阵向内抽紧。\n黏腻的肠液顺着{anal}边缘较为明显地溢淌出来，很快被身上流淌的热水冲得四散，湿发贴在涨红的脸颊上，急促的喘息在雾气弥漫的空间里断续回响。
2153,action_part_a_orgasm_normal_B,0,h_in_bathroom,水雾缭绕中{TargetName}的身体骤然剧烈一颤，{anal}猛烈地痉挛收缩起来，括约肌有节奏地反复绞紧翕动。\n湿透的腰肢高高弓起又颤抖着塌落，水珠顺着绷紧的四肢不断滚落，湿滑的大腿根部不停哆嗦打颤。\n一股温热的肠液自{anal}中明显渗涌而出，沿着被热水浸润的臀缝缓缓下淌，湿润的唇间泄出急促紊乱的喘息，与哗哗水声交织在潮湿的空气里。
2154,action_part_a_orgasm_normal_B,0,h_in_bathroom,{TargetName}被水汽蒸得通红的身躯突然剧烈抽搐，{anal}一阵阵强烈地绞缩痉挛，括约肌不受控制地反复开合咬紧。\n湿滑的膝盖在积水中打颤发软，弓起的脊背上水流蜿蜒滑落，湿亮的小腹连连抽动收紧。\n黏滑的肠液从翕动的{anal}里较明显地流溢下来，混入腿间淌落的温热水流之中，湿透的发丝随着颤抖的脑袋甩出细碎水珠，失序的喘息声在氤氲雾气中久久回荡。
2155,action_part_a_orgasm_normal_B,0,hidden_sex_mode_1&place_someone_not_in_hidden_and_conscious,借着视线遮挡偷偷交合的{TargetName}娇躯猛地绷紧，{anal}强烈而有节奏地痉挛绞缩，括约肌反复翕张咬紧，肠液顺着股缝明显地溢淌下来。\n她死死咬住下唇把呻吟闷在喉咙里，腰肢在众人看不见的角落弓起又抖落，四肢细细颤抖，周围的人只是投来几道疑惑的目光。
2156,action_part_a_orgasm_normal_B,0,hidden_sex_mode_1&place_someone_not_in_hidden_and_conscious,{TargetName}装作若无其事的身体骤然剧烈一颤，{anal}不受控制地连续痉挛收缩，菊皱一圈圈绞拧翕动，小腹反复向内抽搐。\n她慌忙用手背捂住嘴堵回喘息，大腿绷得笔直微微打颤，温热的肠液悄悄淌湿了腿根，旁边有人狐疑地回头张望，她的肩膀仍止不住地细细发抖。
2157,action_part_a_orgasm_normal_B,0,hidden_sex_mode_1&place_someone_not_in_hidden_and_conscious,在他人眼皮底下偷情的{TargetName}腰肢猛然弓起，{anal}发出一波接一波强烈的绞缩痉挛，括约肌一开一合地咬紧翕张，肠液顺着会阴明显地渗流而下。\n她把脸埋低强行压平呼吸，指尖攥得指节泛白，双腿在遮挡物后失序地痉挛夹紧，周围人虽觉气氛古怪却没能看穿。
2158,action_part_a_orgasm_normal_B,0,hidden_sex_mode_1&place_someone_not_in_hidden_and_conscious,{TargetName}藏在视线死角的娇躯猛地痉挛起来，{anal}有节奏地强烈收缩绞紧，褶皱反复翕动咬合，圆翘的臀肉跟着一阵阵抽动。\n她急促失序的呼吸只能从鼻腔细细泄出，脚趾在无人注意处狠狠蜷缩，黏滑的肠液沿着大腿内侧淌下一道湿痕，附近的人只当是错觉般瞥了一眼便移开了视线。
2159,action_part_a_orgasm_normal_B,0,hidden_sex_mode_1&place_someone_not_in_hidden_and_conscious,正偷偷承欢的{TargetName}背脊骤然绷成弧线，{anal}剧烈而规律地痉挛翕张，括约肌层层绞拧收咬，小腹的肌肉不受控制地连连抽紧。\n她抬手死死掩住口鼻不让声音漏出，膝盖在遮蔽之下抖个不停，肠液悄然溢出染湿了股间，四周投来的怀疑目光始终没能捉到实证。
2160,action_part_a_orgasm_normal_B,0,hidden_sex_mode_2&place_someone_not_in_hidden_and_conscious,躲藏在暗处的{TargetName}娇躯猛地弓起，{anal}强烈而有节奏地痉挛绞缩，括约肌反复翕张收紧，小腹一阵阵向内抽搐。\n她死死咬住下唇，双手紧紧捂住自己的嘴，把喘息全部闷在掌心里，四肢绷紧到微微发颤，脚趾用力蜷缩。\n温热的肠液顺着痉挛的{anal}边缘溢淌而出，沿着腿根缓缓滑落，她一边浑身抖动一边拼命缩紧身子，不让自己从藏身处露出分毫。
2161,action_part_a_orgasm_normal_B,0,hidden_sex_mode_2&place_someone_not_in_hidden_and_conscious,{TargetName}藏身的阴影里传出极轻的闷颤，她的{anal}正剧烈地一缩一放地痉挛着，臀肉随着括约肌的绞紧而反复夹拢。\n她把脸深深埋进自己的臂弯，肩膀止不住地耸动，腰肢弓成紧绷的弧线，大腿内侧的肌肉不受控制地抖动。\n一缕黏腻的肠液从翕动的{anal}中挤淌出来，濡湿了臀缝，她急促失序的鼻息被死死压在喉咙里，整个人蜷缩着承受这波完整的绝顶抽搐。
2162,action_part_a_orgasm_normal_B,0,hidden_sex_mode_2&place_someone_not_in_hidden_and_conscious,绝顶袭来的瞬间{TargetName}在狭小的藏身处猛然绷直了身体，{anal}发出一连串强烈而规律的收缩痉挛，肠壁层层绞紧又松开。\n她一只手抠紧了身前的遮挡物，另一只手死命捂着嘴，指节因用力而泛白，翘起的臀部随痉挛节奏细细颤抖。\n肠液被收缩的{anal}明显地挤压溢出，淌下一道温热的湿痕，她弓着腰把每一声呜咽都咽回肚里，只余身躯在暗处剧烈打颤。
2163,action_part_a_orgasm_normal_B,0,hidden_sex_mode_2&place_someone_not_in_hidden_and_conscious,{TargetName}蜷在无人能看见的角落里骤然仰起脖颈，{anal}不受控制地强烈痉挛绞缩，括约肌一下下吸夹翕张，小腹的肌肉跟着反复抽紧。\n她慌忙用手背堵住嘴唇，另一只手撑住地面稳住颤抖的身体，双腿绷得笔直又猛地夹拢，脚尖用力勾起。\n温热的肠液顺着抽搐的{anal}汩汩渗淌，糊湿了大腿根，她一边浑身痉挛一边压低身子往阴影里缩，呼吸急促却被强行掐成无声。
2164,action_part_a_orgasm_normal_B,0,hidden_sex_mode_2&place_someone_not_in_hidden_and_conscious,高潮的浪头让藏匿中的{TargetName}整个人剧烈一颤，{anal}开始大幅度地有节奏痉挛，穴口反复绞紧收缩，臀瓣不由自主地夹紧又松开。\n她仰着头无声地张大嘴，随即狠狠咬住自己的手指把呻吟堵死，腰背弓起又塌下，四肢的肌肉一阵阵抽搐发抖。\n黏滑的肠液从翕缩的{anal}里被明显地挤淌出来，顺着股缝蜿蜒而下，她颤抖着收拢身体贴紧遮蔽物，竭力不发出半点动静。

2165,action_part_a_orgasm_normal_B,0,CVP_A2_T|104_E_1,{TargetName}青春紧致的娇躯猛地绷直，{anal}强烈而有节奏地痉挛绞缩，褶皱反复翕张收紧，苗条的腰肢明显向上弓起。\n修长匀称的双腿骤然绷紧颤抖，脚趾用力蜷曲，青涩的小腹一阵阵向内抽搐，圆润的臀肉随收缩节奏不住颤动。\n温热的肠液从{anal}边缘明显地渗溢出来，顺着嫩白的腿根缓缓流淌，少女的呼吸急促失序，胸口大幅起伏，全身肌肉在这场完整的绝顶中不受控制地颤抖。
2166,action_part_a_orgasm_normal_B,0,CVP_A2_T|104_E_1,少女光洁的背脊骤然弯出一道紧绷的弧线，{anal}开始一波接一波地剧烈收缩痉挛，括约肌反复绞紧又翕张。\n{TargetName}充满活力的双腿绷得笔直，膝盖颤颤地内扣，纤细的手指死死攥紧，指节泛白，青春的小腹连续抽缩起伏。\n黏滑的肠液随着{anal}的抽搐明显地溢淌而出，沾湿了细嫩的臀缝，急促的喘息声失去了节奏，整具靓丽的躯体剧烈地颤栗着，臀部高高绷起又软软落下。
2167,action_part_a_orgasm_normal_B,0,CVP_A2_T|104_E_1,{TargetName}正值花季的身体猛然剧烈一颤，{anal}不受控制地强力绞缩起来，褶皱一张一合地反复痉挛，苗条的腰身高高拱起。\n嫩滑的大腿内侧绷出细细的肌肉线条，双腿抖个不停，脚背反射性绷直，少女青涩的小腹一下下地向内抽紧。\n温热黏腻的肠液从痉挛的{anal}中较明显地涌溢出来，在雪白的臀瓣间拖出湿亮的痕迹，急促紊乱的呼吸让胸口剧烈起伏，圆翘的小臀随着收缩的节奏一阵阵地颤抖摇晃。
2168,action_part_a_orgasm_normal_B,0,CVP_A2_T|104_E_1,青春洋溢的{TargetName}腰肢猛地向上一挺，{anal}随即爆发出强烈而规律的痉挛收缩，肛口的嫩褶反复地绞紧翕张。\n修长的嫩腿绷紧后又失控地打颤，脚趾向内死死蜷扣，纤腰反复弓起又塌落，紧实的小腹连续不断地抽搐。\n少女的{anal}边缘明显地渗淌出温热的肠液，顺着腿根蜿蜒下滑，浸湿一片细嫩肌肤，喘息又急又乱，靓丽的面庞涨红，全身上下的肌肉都在完整的高潮中失序地颤动着。
2169,action_part_a_orgasm_normal_B,0,CVP_A2_T|104_E_1,{TargetName}富有弹性的娇躯骤然僵直绷紧，{anal}深处传导出一阵阵强劲的痉挛，括约肌有节奏地反复绞缩收紧，圆嫩的臀肉被带得不住抽动。\n少女纤细的双臂撑紧发抖，指尖抓挠蜷缩，苗条的腰背弓成紧绷的弧度，青春的小腹一波波向内抽缩。\n黏热的肠液伴随{anal}的每次收缩明显地溢流出来，在嫩白的臀缝间淌出湿痕，急促失序的喘息中，两条光滑的长腿痉挛似地颤抖着，直到高潮的波动渐渐平息才缓缓瘫软。

2170,action_part_a_orgasm_normal_B,0,hidden_sex_mode_3&place_someone_not_in_hidden_and_conscious,{TargetName}暴露在旁人视线中的身躯猛地绷紧，{anal}强烈而有节奏地痉挛绞缩，括约肌一阵阵反复翕张收紧，小腹在衣物遮掩不到的角度下连连抽搐。\n她死死咬住下唇把呻吟堵回喉咙里，双腿在众目之下微微打颤，脚尖悄悄绷直，腰肢险些当场弓起又被她强行压了回去。\n一缕温热的肠液顺着{anal}的痉挛悄悄溢出，沿着大腿根缓缓淌下，她只能装作整理姿势般夹紧双腿，呼吸急促失序地低下头，周围传来了几声疑惑的动静，藏在暗处的{Name}也随之屏住了气息。
2171,action_part_a_orgasm_normal_B,0,hidden_sex_mode_3&place_someone_not_in_hidden_and_conscious,绝顶袭来的瞬间，{TargetName}的{anal}骤然爆发出一轮又一轮剧烈的痉挛收缩，肛口的嫩肉不受控制地反复绞紧翕张，圆润的臀肉随之细细颤抖。\n她慌忙用手撑住身旁的东西稳住身形，指节因用力而泛白，四肢绷得笔直，膝盖在旁人看不见的角度疯狂发颤。\n温热的肠液被痉挛挤出{anal}，顺着股缝黏腻地流淌，她只能急促地喘着气装作若无其事，面上强撑平静，附近有人朝这边投来了异样的目光，躲藏着的{Name}紧紧贴住藏身处一动不敢动。
2172,action_part_a_orgasm_normal_B,0,hidden_sex_mode_3&place_someone_not_in_hidden_and_conscious,{TargetName}的腰肢在人前猛然一挺又硬生生僵住，{anal}深处开始强烈而规律地抽搐痉挛，括约肌一波波地绞缩收紧，连带着大腿内侧的肌肉都不受控制地颤抖起来。\n她将脸别向一旁，肩膀细细发抖，双手在身前紧紧攥住，脚趾在旁人视线死角里死死蜷起。\n随着{anal}的翕张，明显的一股肠液溢淌而出沾湿了腿根，她急促紊乱的呼吸怎么也压不平，只能装作咳嗽来掩饰，周围的交谈声似乎停顿了一瞬，藏在隐蔽处的{Name}屏息凝神地缩紧了身体。
2173,action_part_a_orgasm_normal_B,0,hidden_sex_mode_3&place_someone_not_in_hidden_and_conscious,高潮冲上来的刹那，{TargetName}整个人在众人面前微不可察地弹了一下，{anal}立刻开始强烈的节律性痉挛，肛口反复地绞紧又翕开，小腹一阵接一阵地向内抽缩。\n她垂下眼帘假装专注于手头的事，指尖却抖得几乎握不稳东西，双腿悄悄夹拢，臀肉绷紧又松开地反复颤动。\n黏滑温热的肠液从{anal}里被一下下挤压出来，濡湿了整个股间，她胸口急促起伏着强行维持镇定的姿态，旁边传来了询问般的动静，暗处的{Name}冷汗涔涔地伏低了身子不敢出声。
2174,action_part_a_orgasm_normal_B,0,hidden_sex_mode_3&place_someone_not_in_hidden_and_conscious,{TargetName}暴露在外的娇躯突然剧烈一颤，{anal}毫无预兆地开始大幅度痉挛绞缩，括约肌规律地翕张吮缩，腰背绷出一道僵硬的弧线又被她拼命压平。\n她抬手掩住嘴装作打了个哈欠，眼角却已被逼出生理性的水光，膝盖在遮挡下磕碰般地发颤，脚跟悄悄抬起又落下。\n一道温热的肠液顺着{anal}的收缩节奏淌出，沿腿弯蜿蜒而下，她只得夹紧臀腿用细碎的动作掩饰，呼吸乱得不成调子，不远处有视线朝这边扫了过来，藏身的{Name}把自己压得更深更隐蔽了。
2175,action_part_a_orgasm_normal_B,0,hidden_sex_mode_4&place_someone_not_in_hidden_and_conscious,躲在暗处的{TargetName}猛地咬紧嘴唇，{anal}强烈而有节奏地痉挛绞缩，括约肌反复翕张收紧，腰肢弓起又死死压低不敢碰出声响。\n小腹连连抽搐，双腿绷直发颤，肠液顺着股缝明显地溢淌下来，急促的鼻息被她用手掌狠狠捂住，不远处的人影似乎朝这边顿了一下。
2176,action_part_a_orgasm_normal_B,0,hidden_sex_mode_4&place_someone_not_in_hidden_and_conscious,{TargetName}藏身的阴影里骤然一阵剧颤，{anal}不受控制地连番痉挛收缩，菊口一张一合地绞紧，圆臀跟着抖动，她慌忙把脸埋进臂弯闷住喘息。\n四肢肌肉绷紧打颤，脚趾用力蜷曲，温热的肠液从穴口涌溢出来打湿腿根，外头传来旁人似有所觉的细微响动，她的身子僵得更紧了。
2177,action_part_a_orgasm_normal_B,0,hidden_sex_mode_4&place_someone_not_in_hidden_and_conscious,蜷缩在遮蔽物后的{TargetName}腰部猛然明显弓起，{anal}深处剧烈地规律抽缩，括约肌一阵阵翕动绞夹，她双手死死掩口，只余急促失序的鼻音。\n大腿根部痉挛似地颤抖夹紧，滑腻的肠液沿着臀肉悄悄流下，附近有人像是察觉到什么般停下了脚步，她连脊背的颤栗都拼命压住。
2178,action_part_a_orgasm_normal_B,0,hidden_sex_mode_4&place_someone_not_in_hidden_and_conscious,{TargetName}整个人在藏匿处无声地痉挛起来，{anal}一波接一波地强烈收缩翕张，肛口反复咬紧，翘臀止不住地细细摇颤，喉咙里的呻吟被硬生生咽了回去。\n小腹反复抽动，指尖掐进掌心，微温的肠液顺着穴口明显渗溢滑落，外面旁人疑惑的动静让她把颤抖的身体缩得更小。
2179,action_part_a_orgasm_normal_B,0,hidden_sex_mode_4&place_someone_not_in_hidden_and_conscious,暗处的{TargetName}骤然仰起脖颈又硬生生低下头，{anal}猛烈而有节律地绞缩痉挛，括约肌层层收拢翕张，浑身肌肉不受控制地哆嗦。\n她紧咬牙关不敢泄出半点声音，腰腹连番抽搐，双膝发软打颤，黏滑的肠液自后穴溢淌出一道湿痕，几步之外的人声让她僵着身子连呼吸都掐得断断续续。

2180,action_part_a_orgasm_normal_B,0,exhibitionism_sex_mode_1,{TargetName}的娇躯猛地绷紧，{anal}开始强烈而有节奏地痉挛绞缩，括约肌一阵阵反复翕张收紧，腰肢高高弓起又颤抖着落下。\n她慌乱地扭头望向那扇没有上锁的门，双手死死捂住嘴巴压抑喘息，小腹一波波向内抽搐，温热的肠液顺着{anal}边缘明显地溢淌而出，沿着颤抖的大腿内侧滑落，双腿绷直发颤，脚趾用力蜷缩，呼吸急促得完全乱了节奏。
2181,action_part_a_orgasm_normal_B,0,exhibitionism_sex_mode_1,{TargetName}的脊背骤然弓成一道弧线，{anal}不受控制地剧烈痉挛收缩，褶皱随着括约肌的绞紧一下下翕动抽搐。\n她咬紧下唇把呻吟闷在喉咙里，视线慌乱地扫过透明的玻璃窗，四肢肌肉齐齐绷紧颤抖，圆翘的臀肉随着痉挛节奏不停抖动，一股黏滑的肠液从{anal}里涌溢出来，淌湿了臀缝，胸口急促起伏，喘息紊乱失序。
2182,action_part_a_orgasm_normal_B,0,exhibitionism_sex_mode_1,{TargetName}的腰肢猛然向上弓起，整个人痉挛般地颤抖起来，{anal}强烈地一缩一缩地绞动着，括约肌反复收紧又松开，臀肉绷得紧紧的。\n她一只手紧紧掩着嘴，眼睛直勾勾盯着虚掩的门缝，生怕漏出一点声音，小腹连续抽搐起伏，温热的肠液明显地从{anal}中溢流下来，在腿根拉出湿亮的痕迹，双膝发软打颤，呼吸又急又乱。
2183,action_part_a_orgasm_normal_B,0,exhibitionism_sex_mode_1,{TargetName}的全身肌肉骤然绷紧痉挛，{anal}以剧烈的节奏反复绞缩翕张，臀瓣随之一阵阵战栗抖动，腰部深深弓起后又颤巍巍地塌落。\n她拼命压低急促的喘息，脸颊涨红地留意着窗外若隐若现的人影，双腿抖得几乎站立不稳，脚尖死死抠紧，滑腻的肠液顺着{anal}不断溢淌出来，浸湿了雪白的大腿内侧，胸口剧烈起伏喘息紊乱。
2184,action_part_a_orgasm_normal_B,0,exhibitionism_sex_mode_1,{TargetName}的娇躯剧烈地弹动了一下，随即陷入连绵的痉挛，{anal}有力地一波波绞紧收缩，括约肌不受控制地反复翕动，小腹肌肉持续抽搐。\n她慌张地竖起耳朵听着门外的动静，双手攥得指节泛白，硬是把喘息咬碎在齿间，腰肢弓起颤抖，臀肉绷紧摇晃，温热黏滑的肠液从{anal}口明显渗涌而出，沿臀缝蜿蜒流下，呼吸彻底乱了章法。
2185,action_part_a_orgasm_normal_B,0,exhibitionism_sex_mode_2,户外开阔的天空下，{TargetName}的娇躯猛地绷紧痉挛，{anal}强烈而有节奏地反复绞缩翕张，腰肢在微风中高高弓起，赤裸的臀肉剧烈颤抖。\n四肢不受控制地绷直发颤，脚趾狠狠蜷曲扣紧地面，小腹一阵阵向内抽搐起伏。\n一缕黏滑的肠液从痉挛的{anal}口明显地溢淌而出，顺着颤抖的大腿内侧蜿蜒滑落，在室外的风里泛着淫靡的水光。\n她的头颈后仰，急促失序的喘息散在空旷的野外，慌乱的眼神下意识地扫向四周无人的开阔视野，肌肉却仍随着{anal}的抽缩一波波战栗不止。
2186,action_part_a_orgasm_normal_B,0,exhibitionism_sex_mode_2,无人的室外空地上，{TargetName}的脊背骤然弯成一道弓形，{anal}开始剧烈而规律地痉挛收缩，括约肌一下下死死绞紧又翕张松开。\n她的双腿绷得笔直乱颤，膝盖发软地打着哆嗦，圆润的臀瓣随着抽缩的节奏淫荡地颤动。\n温热的肠液被{anal}的痉挛挤压着溢出穴口，沿着腿根流下一道湿亮的痕迹，暴露在开阔的自然风中。\n她一边急促地喘息，一边神经质地回头张望着随时可能有人经过的方向，涨红的脸颊上挂着失序的表情，小腹仍在一阵阵不受控制地抽搐。
2187,action_part_a_orgasm_normal_B,0,exhibitionism_sex_mode_2,旷野般开阔的露天环境里，{TargetName}赤裸的身躯猛然一僵，随即{anal}爆发出一连串强烈而有节奏的绞缩，穴口的媚肉反复翕动收紧。\n她的腰胯不由自主地向上挺起又痉挛着塌落，两条玉腿绷紧颤抖，脚尖在户外的地面上无助地蹭蹬。\n黏腻的肠液顺着抽搐的{anal}边缘明显地渗流出来，滴淌在裸露的大腿上，被吹过的微风激得肌肤泛起一层颤栗的鸡皮疙瘩。\n急促的呼吸完全乱了节拍，她慌张地用余光扫视四周空无一人的开放视野，全身肌肉却仍随高潮的余波一阵阵战栗。
2188,action_part_a_orgasm_normal_B,0,exhibitionism_sex_mode_2,在这处无人的户外，{TargetName}的娇躯像触电般剧烈弓起，{anal}猛烈地痉挛起来，括约肌一波接一波地绞紧翕张，臀肉绷出淫靡的弧度不停打颤。\n她的十指死死抠紧，四肢肌肉不受控制地抽搐绷直，小腹随着穴口的收缩反复向内凹陷抽动。\n一股温热的肠液从翕动的{anal}中被挤溢出来，在开阔天光下顺着臀缝和腿根流淌出湿亮的水痕。\n她仰起头急促地喘息，散乱的呼吸声飘散在空旷的室外，泛红的耳朵还紧张地捕捉着远处任何可能靠近的动静，颤抖的身体在风中暴露无遗。
2189,action_part_a_orgasm_normal_B,0,exhibitionism_sex_mode_2,开放的室外空间中，{TargetName}的腰肢猛然深深弓起，{anal}随即陷入强烈而有规律的痉挛，媚肉层层绞缩，穴口一张一合地淫靡翕动。\n她的双腿夹紧又颤开，大腿肌肉绷出紧张的线条，臀瓣随着每一次抽缩剧烈地抖颤。\n黏滑的肠液被痉挛的{anal}明显地挤淌出来，沿着裸露的腿间蜿蜒下滑，微风拂过湿痕让她的皮肤泛起细密颤栗。\n她胸口剧烈起伏，呼吸急促而失序，涨红的脸不安地转向四周空旷无人的方向张望，指尖发白地攥紧，全身仍被一阵阵高潮的抽搐支配着颤动不止。

2190,action_part_a_orgasm_normal_B,0,exhibitionism_sex_mode_3,在周围人清晰的视线注视之下，{TargetName}的娇躯猛地绷紧弓起，{anal}开始强烈而有节奏地痉挛收缩，括约肌一下一下地反复绞紧翕张。\n她的双手慌乱地想去遮掩脸颊，腰肢却不受控制地高高弓起，小腹连续向内抽搐，双腿剧烈打颤几乎站立不稳。\n一缕温热的肠液顺着{anal}的收缩被挤压出来，沿着腿根缓缓淌下，在众人面前留下明显的湿痕，急促失序的喘息声在公开的场合里根本无法压抑。
2191,action_part_a_orgasm_normal_B,0,exhibitionism_sex_mode_3,毫无遮挡地暴露在众人目光中，{TargetName}的脊背骤然向后弯成一道弧线，{anal}发出一阵阵强烈的规律性痉挛，穴口反复地绞缩翕张。\n她的四肢猛烈绷紧颤抖，脚趾死死蜷曲扣紧，臀肉随着收缩的节奏不住抖动，小腹一波接一波地抽紧。\n黏滑的肠液从痉挛的{anal}中被明显地挤溢出来，湿淋淋地挂在股缝间，她只能在旁观者的视线里挺着腰肢发出急促紊乱的喘息，浑身上下的肌肉都在不受控制地颤动。
2192,action_part_a_orgasm_normal_B,0,exhibitionism_sex_mode_3,{TargetName}在众人环视之中猛然仰起头，整条腰身剧烈地弓起又塌下，{anal}正强烈地一缩一缩痉挛着，括约肌有节奏地反复咬紧放松。\n她抬手想挡住被人看光的身体，手臂却抖得完全使不上力，双膝内侧互相磕碰打颤，圆润的臀瓣随痉挛不停颤动。\n温热的肠液被{anal}的绞缩明显地压挤而出，顺着大腿内侧蜿蜒流淌，当众高潮的她胸口剧烈起伏，呼吸急促得完全乱了节拍。
2193,action_part_a_orgasm_normal_B,0,exhibitionism_sex_mode_3,当着在场所有人的面，{TargetName}的身体骤然剧烈痉挛起来，{anal}开始了完整而强烈的规律性收缩，穴口一张一合地反复绞紧。\n她的腰肢明显地向上弓起，双手胡乱抓紧了自己的身侧，指节因用力而泛白，两条腿绷得笔直不住颤抖，小腹连续地向内抽搐起伏。\n伴随每一次收缩，黏腻的肠液从{anal}中被挤淌出来，在光洁的腿根上留下湿亮的痕迹，她在无数视线的包围下颤抖着，急促的喘息怎么也平复不下来。
2194,action_part_a_orgasm_normal_B,0,exhibitionism_sex_mode_3,{TargetName}的娇躯在旁人注视下猛地一挺，随即陷入连绵的颤抖，{anal}强烈地痉挛收缩着，括约肌以清晰的节奏反复翕张绞咬。\n她的脖颈向后仰起，脊背绷成弧线，臀肉一阵阵抽紧颤动，双腿的肌肉不受控制地痉挛发颤，脚尖用力绷直蜷缩。\n一股温热的肠液顺着{anal}的绞缩被明显挤压溢出，湿漉漉地淌过股间滑落，被众人看着达到顶点的她胸脯剧烈起伏，紊乱的喘息在公开场合中显得格外清晰。

2195,action_part_a_orgasm_normal_B,0,exhibitionism_sex_mode_4,{TargetName}的娇躯在毫无意识的众人之间猛地绷紧，{anal}强烈而有节奏地痉挛收缩，括约肌一阵阵翕张绞紧，腰肢明显地向上弓起。\n她死死咬住下唇，抬手捂住自己的嘴，把即将泄出的呻吟硬生生堵了回去，肩膀却仍止不住地剧烈发颤。\n小腹反复向内抽搐，双腿绷直打颤，脚趾用力蜷缩，一缕温热的肠液从{anal}边缘明显地溢淌而出，顺着腿根缓缓滑落。\n她的视线慌乱地扫过周围横陈的无意识身影，急促失序的鼻息从指缝间细细漏出，全身肌肉在压抑中不受控制地抽动，直到{anal}的绞缩渐渐平息才瘫软下来。
2196,action_part_a_orgasm_normal_B,0,exhibitionism_sex_mode_4,{TargetName}在一群沉沉昏睡的人们面前骤然弓起了背脊，{anal}猛烈地开始了一波接一波有节律的痉挛绞缩，括约肌反复收拢又翕张。\n她慌忙用手背死死抵住嘴唇，喉咙里的淫声被压成了断续的闷哼，脖颈涨得通红，青筋微微浮起。\n腰臀不受控制地小幅耸动痉挛，四肢绷紧到微微发抖，明显的肠液顺着{anal}的抽缩被挤压出来，在大腿内侧淌下一道亮晶晶的湿痕。\n她的眼角余光不住地瞟向近在咫尺却毫无反应的旁人，胸口急促起伏，呼吸完全乱了节拍，整具娇躯在极力压抑的高潮痉挛中颤了许久才缓缓松弛。
2197,action_part_a_orgasm_normal_B,0,exhibitionism_sex_mode_4,{TargetName}的身体在周围横七竖八的无意识者之间剧烈一颤，{anal}随即爆发出强烈而规律的痉挛收缩，一圈括约肌反复绞紧翕动。\n她仰起头又猛地低下，用双手交叠捂紧口鼻，把破碎的娇吟全数闷死在掌心里，指节因用力而泛白。\n小腹一阵阵向内抽紧，腰肢高高弓起又颤抖着塌落，双膝互相磕碰打颤，温热的肠液随着{anal}的每一次绞缩被挤溢出来，濡湿了臀缝与腿根。\n她绷紧全身不敢发出半点动静，只有急促的鼻息和肌肉的抽搐暴露着高潮的痕迹，直到痉挛的余波在她瘫软的躯体上慢慢散去。
2198,action_part_a_orgasm_normal_B,0,exhibitionism_sex_mode_4,在满室毫无知觉的身影环绕之下，{TargetName}的腰肢猛然向上顶起，{anal}开始了完整而有力的高潮痉挛，括约肌一下一下地绞紧收缩。\n她仓皇地把脸埋进自己的臂弯，拼命压低喉咙里溢出的呜咽，肩背随着{anal}的每一次抽缩而剧烈耸动。\n双腿绷得笔直又不住抖颤，脚背反射性地绷紧，小腹连续地抽搐起伏，一股黏滑的肠液顺着翕张的{anal}明显地流淌溢出，滴落在腿间。\n她一边痉挛一边僵着身子留意周围沉睡众人的动静，急促的喘息被强行拆成细碎的气音，直到高潮的绞缩慢慢平复，她才浑身脱力地软了下来。
2199,action_part_a_orgasm_normal_B,0,exhibitionism_sex_mode_4,{TargetName}的娇躯当着一屋子失去意识的人们骤然痉挛绷紧，{anal}强势地收缩绞夹起来，一波波有节奏的翕张从穴口层层荡开。\n她急忙偏过头用牙齿咬住自己的手腕，将高亢的浪叫生生咬碎成鼻腔里的闷响，眼眶泛红，睫毛剧烈颤动。\n腰部深深弓起，臀肉绷紧抖动，四肢的肌肉不受控制地抽搐，较多的肠液被{anal}的痉挛一阵阵挤淌出来，在雪白的腿根上蜿蜒出湿亮的水线。\n她的手指死死抠紧，身体在压抑与痉挛的拉扯间不停打颤，呼吸急促而凌乱，直到{anal}的绞缩渐次停歇，她才瘫软着长长吐出一口憋了许久的气。
2200,action_part_a_orgasm_normal_B,0,t_imprisonment_1&CVP_A2_G_E_0,被拘束具牢牢锁住的{TargetName}全身猛地绷紧，{anal}不受控制地开始强烈而有节奏地痉挛绞缩，括约肌一张一合地反复翕动。\n她的腰肢在束缚中高高弓起又重重落下，小腹连续抽搐，被固定的四肢剧烈颤抖着拉扯锁链发出声响。\n一缕温热的肠液从抽缩的{anal}口溢淌而出，她摇着头拼命挣动，呼吸急促失序，泪水顺着涨红的脸颊滚落。
2201,action_part_a_orgasm_normal_B,0,t_imprisonment_1&CVP_A2_G_E_0,{TargetName}被缚的身躯骤然痉挛起来，{anal}猛烈地一阵阵收缩绞紧，褶皱随着括约肌的翕张反复舒展又缢缩。\n她的背脊明显向后弓成弧线，双腿在枷锁中绷得笔直乱颤，脚趾用力蜷曲，小腹一下一下地向内抽紧。\n黏滑的肠液顺着抽搐的{anal}边缘明显地渗流下来，她一边剧烈喘息一边扭动腰身试图挣脱束缚，锁链被拉扯得咯咯作响，泪珠不断从眼眶中涌出。
2202,action_part_a_orgasm_normal_B,0,t_imprisonment_1&CVP_A2_G_E_0,伴随一声压抑的呜咽，被锁在牢中的{TargetName}浑身猛烈战栗，{anal}开始不由自主地剧烈翕张痉挛，一波接一波地强力绞缩。\n她的腰胯不受控制地高高挺起，被拘束的手脚绷紧颤抖，指节攥得发白，小腹的肌肉反复抽动起伏。\n温热的肠液从翕动的{anal}中溢出并缓缓淌落，她拼命摇头挣扎着想要合拢双腿却徒劳无功，急促紊乱的喘息混着抽泣声不断从唇间漏出。
2203,action_part_a_orgasm_normal_B,0,t_imprisonment_1&CVP_A2_G_E_0,{TargetName}被束缚的躯体突然爆发出剧烈的抽搐，{anal}强烈地痉挛绞动，括约肌一阵阵地反复缢紧又松开，臀肉随之不停颤动。\n她弓起腰背在枷锁允许的范围内疯狂扭动，双腿肌肉绷紧乱蹬，脚踝处的锁链被挣得哗哗作响。\n混着水光的肠液顺着收缩的{anal}口滑落到腿根，她的胸口急促起伏，喘息完全乱了节奏，涨红的脸上满是滚落的泪痕，牙关咬得咯咯作响。
2204,action_part_a_orgasm_normal_B,0,t_imprisonment_1&CVP_A2_G_E_0,被牢牢禁锢的{TargetName}猛然仰起头，全身筋肉瞬间绷紧，{anal}开始一波波强烈地翕张绞缩，收缩的节奏又急又密。\n她的腰肢反复弓起又瘫落，小腹剧烈地向内抽搐，被拘束具固定的四肢不住痉挛发抖，指尖徒劳地抓挠着。\n透明黏腻的肠液自抽缩不止的{anal}处渗涌溢淌，沿着臀缝缓缓流下，她一面剧烈喘息一面奋力扭动挣扎，泪水与汗水交织着从下巴滴落。

2205,action_part_a_orgasm_normal_B,0,t_imprisonment_1&CVP_A2_G_GE_1&CVP_A2_G_LE_2,{TargetName}的腰肢猛地向上弓起，{anal}骤然发出一阵强烈而有节奏的痉挛收缩，紧绷的括约肌反复翕张绞紧，小腹也跟着一下下用力抽搐。\n修长的双腿绷得笔直又止不住地颤抖，脚趾用力蜷缩，十指也紧紧攥住，指节泛白。\n一缕黏稠的肠液顺着{anal}边缘涌出，缓缓淌下臀缝，呼吸变得又急又乱，胸口剧烈起伏个不停。
2206,action_part_a_orgasm_normal_B,0,t_imprisonment_1&CVP_A2_G_GE_1&CVP_A2_G_LE_2,{TargetName}的身躯骤然剧烈一颤，{anal}反复地翕合绞紧，一下接一下毫无停歇，浑圆的臀肉也随之一耸一耸抖动。\n两条大腿用力绷紧又忍不住打颤，脚背绷得笔直，脚趾蜷曲起来，十指骤然收拢握紧，指甲深深掐进掌心。\n黏腻的肠液顺着{anal}的边缘一点点渗出，沿着臀缝缓缓流下，小腹一阵阵猛烈抽紧，随即又松软下去。
2207,action_part_a_orgasm_normal_B,0,t_imprisonment_1&CVP_A2_G_GE_1&CVP_A2_G_LE_2,{TargetName}的脊背陡然绷成一道弧线，{anal}强烈地一收一放，反复痉挛不止，肚脐周围的软肉也跟着一下下痉挛抽动。\n双腿高高绷起，脚趾用力蜷起又松开，双臂也随之绷直颤抖，浑圆的胸脯随着急促紊乱的喘息剧烈起伏。\n一股温热的肠液自{anal}深处涌出，缓缓浸湿臀间的肌肤，全身的肌肉都在不受控制地战栗抖动。
2208,action_part_a_orgasm_normal_B,0,t_imprisonment_1&CVP_A2_G_GE_1&CVP_A2_G_LE_2,{TargetName}的腰身猛然向上挺起又瘫软落下，{anal}一阵接一阵地绞缩痉挛，褶皱处反复翕张收紧，抽搐幅度一波强过一波。\n两条修长的腿绷得死紧，脚尖狠狠向下绷直，随后又抽搐着松开，十根手指死死抠住能够抓到的东西。\n浓稠的肠液顺着{anal}的褶皱一点点淌出，沾湿了臀部的肌肤，呼吸急促得几乎喘不上气，胸口剧烈起伏。
2209,action_part_a_orgasm_normal_B,0,t_imprisonment_1&CVP_A2_G_GE_1&CVP_A2_G_LE_2,{TargetName}的身子猛地一僵，随即又不受控制地剧烈痉挛起来，{anal}一张一合反复收紧，力道一次比一次沉重。\n小腹跟着一波接一波地用力抽紧，圆翘的臀部也跟着颤抖耸动，腰肢忽而弓起忽而塌陷，双腿不自觉地绷直又打颤。\n肠液顺着{anal}边缘汩汩溢出，缓缓流淌到大腿根部，呼吸紊乱急促，胸口剧烈起伏个不停。
2210,action_part_a_orgasm_normal_B,0,t_imprisonment_1&CVP_A2_G_GE_3&CVP_A2_G_LE_4,被囚于牢中的{TargetName}娇躯猛地绷直，{anal}强烈而有节奏地痉挛绞缩，褶皱反复翕张收紧，腰肢高高弓起又颤抖着落下。\n束着锁链的手腕轻轻发颤，链环相互碰撞出细碎的声响，小腹一阵阵向内抽搐，双腿绷紧痉挛。\n一缕温热的肠液从{anal}边缘明显地溢淌而出，顺着臀缝缓缓流下，她朝着{Name}的方向急促失序地喘息着，全身肌肉不受控制地颤抖。
2211,action_part_a_orgasm_normal_B,0,t_imprisonment_1&CVP_A2_G_GE_3&CVP_A2_G_LE_4,{TargetName}的翘臀骤然向后一挺，{anal}开始剧烈而规律地收缩痉挛，菊口的嫩肉一圈圈绞紧又张开，牵动整片臀肉细密抖动。\n她被镣铐锁住的双手本能地攥紧，指节泛白，脊背弯成一道饱满的弧线，大腿内侧的肌肉绷得紧紧的不停打颤。\n随着一阵阵翕动，黏滑的肠液自{anal}深处渗涌而出，将穴口周围浸得湿亮，她面向恋人{Name}急促地喘着，呼吸完全乱了节奏。
2212,action_part_a_orgasm_normal_B,0,t_imprisonment_1&CVP_A2_G_GE_3&CVP_A2_G_LE_4,牢内的{TargetName}全身猛然一僵，随即{anal}爆发出一波接一波有力的痉挛，括约肌反复绞紧翕张，臀瓣不受控制地颤动收缩。\n她的腰明显向上弓起，锁链随着身体的抽搐哗啦作响，脚趾用力蜷曲，小腹一下一下地向内抽紧。\n温热的肠液顺着{anal}的收缩节奏被挤淌出来，沿臀沟蜿蜒滑落，她依恋地望向{Name}所在的方向，胸口急促起伏，喘息声完全失去了秩序。
2213,action_part_a_orgasm_normal_B,0,t_imprisonment_1&CVP_A2_G_GE_3&CVP_A2_G_LE_4,{TargetName}戴着枷锁的娇躯剧烈地弹动了一下，{anal}立刻陷入强烈而有节律的痉挛之中，穴口的褶皱一次次收拢舒张，把整个臀部都带得微微发抖。\n她主动向爱人{Name}挺送着腰肢，随后整条脊背绷成弓形，四肢的肌肉绷紧痉挛，膝盖颤巍巍地打着颤。\n黏腻的肠液被{anal}一阵阵的绞缩挤压而出，明显地溢流在穴口四周，她的呼吸急促紊乱，小腹反复抽搐个不停。
2214,action_part_a_orgasm_normal_B,0,t_imprisonment_1&CVP_A2_G_GE_3&CVP_A2_G_LE_4,被锁链束缚的{TargetName}猛地扬起脖颈，{anal}发出一连串强劲而规律的痉挛收缩，环状的嫩肉反复绞拢翕张，圆润的臀肉随之一阵阵痉挛颤动。\n她的腰高高拱起又软软塌下，手腕上的锁链被绷得咯咯作响，双腿抖个不停，脚尖死死绷直。\n随着高潮的律动，温热黏滑的肠液自{anal}内明显淌出，濡湿了臀缝与腿根，她朝{Name}投去湿润的目光，胸脯急促起伏，喘息彻底失序。

2215,action_part_a_orgasm_normal_B,0,t_imprisonment_1&CVP_A2_G_GE_-2&CVP_A2_G_LE_-1,被拘束的{TargetName}身躯陡然绷紧，{anal}强烈而有节奏地痉挛收缩，重重叠叠的褶皱反复翕张绞紧。\n她的腰肢不由自主地高高弓起，双臂却只能无力地垂着微微颤抖，手指蜷缩却抓不住任何依托。\n双腿在受制的姿势中绷得笔直，脚踝与脚趾一同痉挛发紧，小腹一波接一波地抽紧又松开。\n肠液顺着{anal}边缘明显地淌出，缓缓浸湿了紧贴的腿根内侧，急促的呼吸让胸口剧烈起伏不停。
2216,action_part_a_orgasm_normal_B,0,t_imprisonment_1&CVP_A2_G_GE_-2&CVP_A2_G_LE_-1,{TargetName}的躯体猛然一僵，{anal}一圈圈用力绞紧又松开，反复痉挛的节奏难以停息。\n她的肩背被迫深深下沉，腰腹却高高弓起绷成一道弧线，双肩因用力而微微耸动颤抖。\n大腿根部的肌肉绷紧收缩，双膝无法并拢却止不住地打颤，脚尖用力向内蜷曲扣紧。\n{anal}处的肠液明显地渗涌而出，顺着臀缝缓缓流淌开来，呼吸急促紊乱，胸膛剧烈地起伏喘息。
2217,action_part_a_orgasm_normal_B,0,t_imprisonment_1&CVP_A2_G_GE_-2&CVP_A2_G_LE_-1,被禁锢的{TargetName}身子猛地一颤，{anal}密集而有力地一下下绞缩，褶皱层层叠叠地反复收紧。\n她的脊背骤然弓成一道弧线，被束着的双手无力地攥紧又松开，指节因用力而泛出白色。\n腰部持续地小幅痉挛耸动，双腿绷直着不住地抖动，脚跟深深地抵住地面用力蹬绷。\n肠液顺着{anal}明显地流溢出来，一点点洇湿了腿间的肌肤，喘息声急促而紊乱地接连响起。
2218,action_part_a_orgasm_normal_B,0,t_imprisonment_1&CVP_A2_G_GE_-2&CVP_A2_G_LE_-1,{TargetName}的娇躯骤然绷成一条紧绷的弦，{anal}一波接一波地剧烈痉挛收缩，柔软的褶皱反复绞紧又松开。\n她的胸口剧烈地起伏喘息，颈项无力地向后仰去，喉间溢出粗重急促的呼吸声。\n双腿在受限的姿态中反复抖动，脚趾用力蜷曲又松开，小腹随着痉挛的节奏一阵阵抽紧。\n肠液明显地从{anal}边缘涌出，顺着大腿内侧缓缓流下，留下一道湿润而清晰的痕迹。
2219,action_part_a_orgasm_normal_B,0,t_imprisonment_1&CVP_A2_G_GE_-2&CVP_A2_G_LE_-1,被拘禁的{TargetName}浑身猛然绷紧又骤然痉挛，{anal}反复用力地绞缩，一圈圈褶皱剧烈地翕张收紧。\n她的腰肢弓起又落下反复几次，四肢却因禁锢而只能微弱地颤抖，动弹不得却止不住地打颤。\n小腹一下下急促地抽搐收紧，双腿绷得笔直随即又软软垂落，脚踝处的肌肉仍在微微抽动。\n{anal}处的肠液顺势明显地流淌而出，浸湿了紧贴的肌肤，急促紊乱的呼吸声久久未能平息。

2220,action_part_a_orgasm_normal_B,0,CVP_A2_T|105_E_1&high_1,{TargetName}成熟丰盈的身躯猛地绷紧，{anal}强烈而有节奏地痉挛收缩起来，括约肌一下下反复翕张绞紧，丰满的臀肉随之剧烈地颤抖晃动。\n她的腰肢明显向上弓起一道成熟的弧线，修长丰腴的双腿绷得笔直发颤，脚趾用力向内蜷缩，光洁的小腹一阵阵反复抽搐。\n呼吸急促而失序，丰满的胸脯大幅起伏，想装作从容的表情却彻底崩了形，一股温热的肠液顺着{anal}的绞缩明显地溢淌出来，沿着丰腴的腿根缓缓流下，将成熟的肌肤浸出一片湿痕。
2221,action_part_a_orgasm_normal_B,0,CVP_A2_T|105_E_1&high_1,{TargetName}丰腴的臀部骤然向后翘起，{anal}不受控制地开始一波波强烈痉挛，褶皱随着括约肌的反复绞缩一开一合地翕动着，成熟饱满的臀瓣被带得细细震颤。\n她的背脊深深弓起，丰满修长的大腿剧烈打颤，膝盖几乎支撑不住地发软，小腹的柔软肌肉连续向内抽紧，手指死死攥住了身下能抓到的东西，指节泛白。\n急促紊乱的喘息从鼻腔溢出，故作老练的面庞染上失序的潮红，温热的肠液被{anal}的收缩一股股挤出，顺着腿缝淌落，濡湿了大姐姐白皙的腿间。
2222,action_part_a_orgasm_normal_B,0,CVP_A2_T|105_E_1&high_1,高潮袭来的瞬间，{TargetName}发育完全的娇躯猛烈一颤，{anal}以完整而剧烈的节奏痉挛绞缩，每一次收缩都带得圆润的臀肉深深绷紧又松开。\n她成熟流畅的腰线反复弓起又塌落，丰满的双腿不住地抖动夹紧，脚踝绷出紧张的线条，小腹一下接一下地向内抽搐痉挛。\n本想维持姐姐风范的呼吸彻底乱了套，变成急促的粗喘，胸口剧烈起伏，眼角泛起水光，{anal}翕张之间将温热黏滑的肠液明显地挤淌出来，在丰腴的臀缝间拉出淫靡的湿线。
2223,action_part_a_orgasm_normal_B,0,CVP_A2_T|105_E_1&high_1,{TargetName}丰满成熟的身体骤然绷成一张弓，{anal}爆发出强烈而规律的痉挛收缩，括约肌一阵阵地反复绞紧翕张，连带着腰臀的丰腴曲线剧烈震颤起来。\n她的四肢不受控制地绷紧颤抖，圆润的膝盖内扣发软，脚趾狠狠蜷起，光滑的小腹连续抽缩，成熟的指尖痉挛般收拢成拳。\n呼吸变得急促破碎，想保持镇定的脸庞早已潮红失神，随着{anal}一波波的绞缩，温热的肠液不断被挤压溢出，顺着饱满的臀肉滑落，在成熟的肌肤上留下黏腻的水渍。
2224,action_part_a_orgasm_normal_B,0,CVP_A2_T|105_E_1&high_1,绝顶的浪潮中，{TargetName}成熟丰腴的腰肢猛然高高弓起，{anal}开始强烈而有节律地反复痉挛，括约肌层层绞缩又翕张，圆翘的臀瓣随之止不住地颤动痉挛。\n她修长丰满的双腿绷直乱颤，大腿内侧的软肉细密抽搐，小腹反复向内收紧抽动，双手无意识地胡乱抓攥，指节因用力而发白。\n平日从容的气息彻底化作急促失序的喘息，丰盈的胸脯剧烈起伏，眼神涣散地失了焦，黏热的肠液顺着{anal}的每一次收缩明显淌出，沿丰腴的腿根蜿蜒而下，濡出一片湿亮。

2225,action_part_a_orgasm_normal_B,0,t_imprisonment_1&CVP_A2_G_GE_-4&CVP_A2_G_LE_-3,被囚禁的{TargetName}整副躯体骤然绷紧，{anal}强烈而有节奏地痉挛绞缩，括约肌一圈圈反复翕张吸吮。\n腰肢高高向上弓起，小腹一下下急促地抽搐凹陷，四肢僵直地颤抖，脚趾死死向内蜷扣。\n黏腻的肠液顺着抽搐的{anal}边缘明显地溢淌下来，沿着腿根拉出湿亮的痕迹，呼吸彻底乱成一片急促的喘息。
2226,action_part_a_orgasm_normal_B,0,t_imprisonment_1&CVP_A2_G_GE_-4&CVP_A2_G_LE_-3,{TargetName}在狭窄的监牢里猛地弹起腰背，{anal}一波接一波地剧烈收缩绞紧，肛环反复翕合吮咬。\n臀肉痉挛似地一颤一颤，大腿肌肉绷成僵硬的线条，膝盖不受控制地抖动打颤。\n温热的肠液被挤压得溢出{anal}，顺着股沟缓缓滑落淌开，胸膛剧烈起伏，喉间只余断续失序的粗喘。
2227,action_part_a_orgasm_normal_B,0,t_imprisonment_1&CVP_A2_G_GE_-4&CVP_A2_G_LE_-3,被关押的{TargetName}浑身肌肉一齐紧绷，{anal}密集地抽搐痉挛，括约肌一次次绞缩到极紧又骤然松开。\n腰部弓成明显的弧线，小腹的软肉反复抽动收紧，双手死死攥拢，指节因用力而泛白。\n{anal}深处渗出的肠液被一次次收缩挤淌出来，濡湿了臀缝一片肌肤，双腿颤栗不止，呼吸急促而破碎。
2228,action_part_a_orgasm_normal_B,0,t_imprisonment_1&CVP_A2_G_GE_-4&CVP_A2_G_LE_-3,{TargetName}的身躯在监牢中剧烈震颤起来，{anal}有节律地强烈绞缩收紧，肛口一张一合地反复吸吮翕动。\n脊背高高挺起又重重落下，小腹一阵阵急促抽搐，脚背绷直，脚趾蜷曲得死紧。\n黏滑的肠液顺着不断痉挛的{anal}明显地流溢下来，在腿间蜿蜒成湿痕，肩颈随着失序的急喘一下下起伏。
2229,action_part_a_orgasm_normal_B,0,t_imprisonment_1&CVP_A2_G_GE_-4&CVP_A2_G_LE_-3,被囚的{TargetName}猛然仰起脖颈，{anal}强烈地一缩一放地痉挛起来，括约肌反复绞紧又翕张，臀肉随之阵阵抽动。\n腰身明显弓起，腹部肌肉一波波收紧抽搐，四肢绷得笔直又颤抖不休，手指痉挛似地抓挠收拢。\n{anal}被一次次挤压出黏稠的肠液，顺着大腿内侧淌落，呼吸彻底散乱，胸口急促而无序地起伏着。

2230,action_part_a_orgasm_normal_B,0,t_unconscious_flag_1&target_not_sleep_h_awake_but_pretend_sleep,沉睡中的{TargetName}身躯猛地一僵，{anal}强烈而有节奏地痉挛绞缩起来，括约肌一圈圈反复翕张收紧。\n腰肢在睡梦中不受控地向上弓起，小腹一下下深深抽搐，双腿在无意识里绷得笔直，脚趾狠狠向内蜷扣。\n黏腻的肠液顺着抽搐的节奏明显地流溢而出，沾湿了臀缝下方的肌肤，急促紊乱的鼻息一声接一声从熟睡的唇间泄出。
2231,action_part_a_orgasm_normal_B,0,t_unconscious_flag_1&target_not_sleep_h_awake_but_pretend_sleep,{TargetName}在睡梦中毫无预兆地颤抖起来，{anal}一波接一波地剧烈收缩绞紧，穴口的褶皱被扯得反复翕合开阖。\n熟睡的腰背明显地拱起一道弧线，圆润的臀肉不住地抽搐痉挛，四肢肌肉在无意识中绷得紧紧发颤。\n温热的肠液缓缓淌落，在股间拉出一道湿亮的痕迹，闭合的眼睫剧烈抖动，呼吸变得又急又乱。
2232,action_part_a_orgasm_normal_B,0,t_unconscious_flag_1&target_not_sleep_h_awake_but_pretend_sleep,毫无防备的睡颜之下，{TargetName}的{anal}猛然发出一阵有节律的深度痉挛，肠壁一层层地绞紧又松开。\n小腹随之反复抽紧鼓动，纤腰在无意识间高高挺起又软塌下去，双手在睡梦里下意识地攥成拳，指节泛白。\n淫靡的肠液明显地渗涌溢出，顺着抽动的臀缝缓缓下滑，睡熟的胸口随着失序的喘息大幅起伏颤动。
2233,action_part_a_orgasm_normal_B,0,t_unconscious_flag_1&target_not_sleep_h_awake_but_pretend_sleep,睡梦中的{TargetName}整具躯体骤然绷紧，{anal}密集而有力地一阵阵抽搐绞缩，括约肌一收一放地反复吸吮翕张。\n腰腹深深弓起，臀部不受控地上下颠动，两条腿在被褥般的无意识姿态里绷直发抖，脚背紧紧绷成一条线。\n黏滑的肠液顺着收缩被挤压而出，成缕地淌落，酣睡的面颊漫开潮红，鼻息急促而凌乱地喷洒出来。
2234,action_part_a_orgasm_normal_B,0,t_unconscious_flag_1&target_not_sleep_h_awake_but_pretend_sleep,{TargetName}在酣眠中被贯穿般地颤了一下，{anal}随即陷入强烈而规律的痉挛，肠道一圈圈地绞紧咬合又松弛。\n熟睡的身躯反弓成一道明显的弧度，小腹连续深深地抽动，肩背与四肢的肌肉在无意识里颤抖绷紧。\n温热黏腻的肠液明显地溢淌出来，濡湿了大腿根部的嫩肉，眉心在梦中紧蹙，喘息一阵急过一阵地失了节奏。

2235,action_part_a_orgasm_normal_B,0,t_unconscious_flag_1&target_sleep_h_awake_but_pretend_sleep,紧闭着双眼装睡的{TargetName}身躯猛地一僵，{anal}强烈而有节奏地痉挛收缩起来，括约肌反复翕张绞紧，为了不暴露已经醒来的事实她死死咬住下唇，喉间将要冲出的呻吟被硬生生压回。\n她的腰部不受控制地明显弓起，绷紧的四肢微微发颤，小腹一下下反复抽搐，急促失序的呼吸怎么也压不平稳。\n{anal}随着一波波绞缩涌出较明显的一缕缕肠液，顺着股缝缓缓溢淌，湿意悄悄蔓延开来，她的脚趾深深蜷曲扣紧，脊背绷成一道紧张的弧线，久久无法平息。
2236,action_part_a_orgasm_normal_B,0,t_unconscious_flag_1&target_sleep_h_awake_but_pretend_sleep,佯装熟睡的{TargetName}紧阖着眼睑，眉心却因忍耐而微微蹙起，{anal}猛烈而规律地一缩一放地痉挛，括约肌一圈圈绞紧又松开，她强撑着让呼吸维持假寐的节奏，喉咙里溢出的气音被死死压在齿关之后。\n她的腰肢明显向上弓起，绷直的双腿微微战栗，小腹处的软肉一波接一波地抽缩起伏，肌肉不听使唤地颤动着。\n{anal}翕张之间较明显地淌出一股股温热的肠液，沿着臀缝缓缓溢流，浸出一片湿痕，她攥紧的手指藏在身侧悄悄泛白，装睡的面容在颤栗中绷得紧紧的。
2237,action_part_a_orgasm_normal_B,0,t_unconscious_flag_1&target_sleep_h_awake_but_pretend_sleep,装作沉睡的{TargetName}身子倏地绷紧，{anal}强烈地有节奏收缩绞动，括约肌一下下翕张夹紧，她刻意放缓了假寐的呼吸却怎么也稳不住，微微张开的唇间漏出几声压抑到极致的鼻息。\n她的腰部不由自主地弓成弧形，四肢因绷紧而轻颤，小腹反复地向内抽搐痉挛，急促紊乱的喘息断断续续。\n{anal}随着绞缩的节律较明显地溢出一缕缕黏腻肠液，沿着股沟缓缓淌下，晕开一小片湿意，她蜷起的脚趾紧紧抠着，为掩饰醒来的事实又强迫自己重新放松下垂，只余身躯仍在细细颤栗。
2238,action_part_a_orgasm_normal_B,0,t_unconscious_flag_1&target_sleep_h_awake_but_pretend_sleep,闭眼装睡的{TargetName}整个身体骤然一颤，{anal}强烈而富有节奏地痉挛收紧，括约肌反复绞缩翕张，她拼命维持着假寐时那副平静的模样，可绷紧的下颌和急促的呼吸却出卖了体内翻涌的反应。\n她的腰身明显地弓起又落下，双腿绷得笔直微微发抖，小腹一阵阵抽搐收缩，胸口随着失序的呼吸大幅起伏。\n{anal}在一次次绞紧中较明显地溢淌出温热的肠液，顺着臀缝缓缓流下，濡湿了一小片肌肤，她的十指悄悄收拢攥紧，脊背绷成紧张的弧度，好一阵才慢慢平复。
2239,action_part_a_orgasm_normal_B,0,t_unconscious_flag_1&target_sleep_h_awake_but_pretend_sleep,伪装酣睡的{TargetName}身躯猛然绷直，{anal}剧烈而有节律地收缩绞动，括约肌一圈圈翕张夹紧，她强忍着不让呻吟出声，只能咬紧牙关让假寐的呼吸尽量维持均匀，鼻尖却因用力而沁出细汗。\n她的腰部明显地向上弓起，紧绷的四肢不受控制地颤抖，小腹反复地抽搐蜷缩，急促而杂乱的喘息一波接一波。\n{anal}随着痉挛较明显地流出一缕缕黏滑的肠液，沿着股缝缓缓溢淌开来，留下湿润的痕迹，她蜷曲的脚趾死死绷着，装睡的面容在这阵颤栗里绷得毫无破绽，只等余波散尽才悄悄松懈。

2240,action_part_a_orgasm_normal_B,0,t_unconscious_flag_2,带着浓重酒气的{TargetName}娇躯猛地一僵，{anal}强烈而有节奏地痉挛收缩，括约肌反复翕张绞紧。\n绵软打颤的双腿不受控制地夹紧，绷紧的四肢微微颤抖，小腹一波接一波地抽搐，喘息急促紊乱夹杂着含混不清的鼻音。\n{anal}随着绞缩涌出较明显的肠液，顺着股缝缓缓流淌，她低垂的脑袋无力摇晃，蜷曲的脚趾深深扣紧，好一阵才慢慢平复。
2241,action_part_a_orgasm_normal_B,0,t_unconscious_flag_2,醉意浓重的{TargetName}身子骤然绷紧，{anal}猛烈而规律地一缩一放地痉挛，括约肌一圈圈绞紧又松开。\n迷蒙中腰肢明显向上弓起，绵软的四肢止不住战栗，微张的双唇溢出几声黏糊呻鸣，脑袋歪倒一旁摇摆不定。\n{anal}翕张间较明显地淌出温热的肠液，沿着臀缝缓缓溢流，浸出一片湿痕，她松软的手指忽然又下意识蜷缩收拢，久久未能舒展。
2242,action_part_a_orgasm_normal_B,0,t_unconscious_flag_2,带着醺然醉态的{TargetName}整个身体倏地一颤，{anal}强烈地有节奏收缩绞动，括约肌一下下翕张夹紧。\n腰部不由自主地弓成弧形，站立不稳的双腿此刻绷得僵直又打颤，小腹反复向内抽搐，喘息断断续续地从微张的唇齿间漏出。\n{anal}随着绞缩较明显地溢出一缕缕黏腻肠液，沿着股沟缓缓淌下，晕开一小片湿意，她涣散的眼皮猛地一颤，蜷起的脚趾紧紧抠住，好半晌才略略松开。
2243,action_part_a_orgasm_normal_B,0,t_unconscious_flag_2,浑身透着酒气的{TargetName}娇躯猛然一僵，{anal}强烈而有节奏地痉挛收紧，括约肌反复绞缩翕张。\n软绵无力的腰肢在这一刻明显弓起，绷紧的四肢微微发颤，胸口随着失序的呼吸大幅起伏，喉间溢出几声含混黏腻的闷哼。\n{anal}在一次次绞紧中较明显地溢淌出温热的肠液，顺着臀缝缓缓流下，濡湿一小片肌肤，她无力的十指忽然又悄悄收拢攥紧，久久无法平复。
2244,action_part_a_orgasm_normal_B,0,t_unconscious_flag_2,醉眼朦胧的{TargetName}身躯猝然剧烈一抖，{anal}强烈而有节奏地绞缩痉挛，括约肌反复夹紧又松开。\n本就发软的双腿此刻绷得笔直微微打颤，腰肢不受控制地明显弓起又落下，喘息急促零乱里混着几分含糊鼻息，脑袋无力耷拉一旁。\n{anal}随着绞动涌出较明显的肠液，顺着股缝缓缓淌落，她蜷曲扣紧的脚趾久久不肯松开，摊软的手掌又骤然收拢握紧，许久才渐渐平息。

2245,action_part_a_orgasm_normal_B,0,t_unconscious_flag_3,凝滞的时间中，{TargetName}保持原有姿势僵住不动，{anal}却毫无预兆地阵阵痉挛绞紧。\n浑圆的臀肉控制不住地耸动颤抖，腰肢猛然向上弓起绷成弧线，双腿蜷紧又绷直，脚趾用力抠缩。\n小腹一下下急促地抽搐起伏，唇齿间漏出破碎喘息，稠腻的肠液顺着{anal}边缘缓缓渗出，洇湿了股缝间的肌肤。
2246,action_part_a_orgasm_normal_B,0,t_unconscious_flag_3,时间仿佛彻底停摆，{TargetName}维持着原本的姿势僵在原地，{anal}却不受控制地一阵阵绞紧收缩。\n浑圆的臀瓣随之控制不住地耸动抖颤，腰肢猛地弓起又缓缓落下，四肢僵硬地绷紧颤抖，脚尖用力蜷起。\n小腹连续地痉挛抽动，胸口急促起伏，透明黏稠的肠液自{anal}边缘涌出，缓缓淌过股沟留下湿痕。
2247,action_part_a_orgasm_normal_B,0,t_unconscious_flag_3,静止的时间里，{TargetName}僵直着身子一动不动，{anal}却毫无预兆地一圈圈猛烈绞缩。\n翘挺的臀肉不受控制地耸颤起伏，腰身猛然弓起绷紧，双腿绷直又蜷起，十根脚趾用力抠紧。\n小腹反复急促地抽搐，呼吸变得又急又短，稠密的肠液顺着{anal}的褶皱缓缓溢出，滴落在股间。
2248,action_part_a_orgasm_normal_B,0,t_unconscious_flag_3,时间凝固的瞬间，{TargetName}的躯体僵停在原本的姿势里，{anal}却毫无征兆地一下下痉挛收紧。\n浑圆挺翘的臀肉控制不住地耸动颤栗，腰肢猛地向上弓起又跌落，双膝不自觉地并拢又松开，脚趾用力蜷缩。\n小腹一阵阵急促地抽紧，喘息破碎地从唇间溢出，黏稠的肠液自{anal}边缘缓缓渗流而下，沾湿了大腿根部。
2249,action_part_a_orgasm_normal_B,0,t_unconscious_flag_3,静滞的时间之中，{TargetName}保持着先前的姿势僵立不动，{anal}却不由自主地阵阵绞紧痉挛。\n浑圆的臀部控制不住地耸动打颤，腰肢猛然弓起又软软塌落，双腿绷紧蜷曲，脚趾用力抠住地面。\n小腹一下下急促地起伏抽搐，急促的喘息断续溢出，稠腻的肠液顺着{anal}缓缓流淌，浸湿了股间肌肤。

2250,action_part_a_orgasm_normal_B,0,t_unconscious_flag_4,{TargetName}平静的脸上没有半点波澜，{anal}却已经强烈而有节奏地痉挛收缩起来。\n括约肌反复翕张绞紧，腰部明显地弓起，四肢绷紧微微颤抖，小腹一下下抽搐着。\n她理所应当地承受着身体的剧变，肠液较为明显地从{anal}中溢淌而出，呼吸急促却神情如常。
2251,action_part_a_orgasm_normal_B,0,t_unconscious_flag_4,{TargetName}像做着再普通不过的事，任由{anal}一阵阵猛烈地收缩绞紧。\n她的腰肢不受控制地弓高，双腿绷直颤栗，脚趾蜷缩，小腹的肌肉反复抽搐着。\n温热的肠液顺着翕动的{anal}明显地流淌下来，她只是平静地喘着气，仿佛这一切本就如此。
2252,action_part_a_orgasm_normal_B,0,t_unconscious_flag_4,{TargetName}面无表情地迎来了绝顶，{anal}强烈痉挛，括约肌一张一合地绞缩不停。\n她的后背弓成一道弧线，四肢绷紧发抖，浑身的肌肉不受控制地颤动，小腹起伏抽动。\n较多的肠液从收缩的{anal}中溢出淌落，她只是自然地承受着，眉头都不曾皱一下。
2253,action_part_a_orgasm_normal_B,0,t_unconscious_flag_4,{TargetName}平静地承受着高潮，{anal}有节奏地一收一缩，绞紧又松开。\n她的腰部明显弓起又落下，双腿绷得笔直微微打颤，双手无意识地攥紧，小腹连连抽搐。\n{anal}翕张之间淌出明显的肠液，她的呼吸变得急促失序，神色却依旧毫无波动。
2254,action_part_a_orgasm_normal_B,0,t_unconscious_flag_4,{TargetName}像接受一件寻常事那样迎来绝顶，{anal}猛烈而规律地痉挛绞缩。\n她仰起脖颈，腰肢高高弓起，四肢紧绷颤抖，小腹一阵阵地深深抽动着。\n不断有肠液从抽搐的{anal}里溢淌流出，她只是平静地喘息，仿佛这理所当然。

2255,action_part_a_orgasm_normal_B,0,t_unconscious_flag_5,{TargetName}的视线依旧停留在别处，恍若博士与眼前的一切都不存在一般，径自维持着原本的姿态。\n{anal}毫无征兆地绞紧起来，一波波痉挛般的收缩接连涌起，{anal}反复翕张又绞缠闭合。\n腰肢猛地弓起一道弧度，小腹连续抽搐颤抖，交叠的双腿绷得笔直，又忍不住轻轻痉挛。\n呼吸陡然急促，胸口剧烈起伏，双手却仍维持着原来的动作，浑然不觉自己已然攀上绝顶。
2256,action_part_a_orgasm_normal_B,0,t_unconscious_flag_5,{TargetName}的目光空洞地穿过{Name}望向前方，仿佛对方只是一团虚无的空气，手上的动作丝毫未停。\n{anal}却猛地绞缩起来，一圈圈收缩紧绞深处，肠液顺着{anal}边缘缓缓溢出，濡湿了肌肤。\n脊背骤然绷成满弓，双肩微微颤抖耸动，脚趾不自觉地蜷缩起来，脚踝处也随之绷紧。\n急促的喘息从鼻腔溢出，脸颊泛起薄红，手指却依旧无意识地翻动着东西，恍若无事发生。
2257,action_part_a_orgasm_normal_B,0,t_unconscious_flag_5,{TargetName}低垂着眼帘继续摆弄手边的物件，博士的存在于她而言仿佛彻底被抹去了一般。\n{anal}忽然剧烈地收缩绞紧，一阵阵痉挛顺着肠壁蔓延，{anal}深处的肠液缓缓涌出，顺股缝滑落。\n腰腹猛地向内蜷缩，大腿不由自主地夹紧，膝盖也跟着轻轻打颤，脚背绷出紧绷的弧线。\n呼吸变得又浅又急，肩头一耸一耸地起伏，然而她的手依旧机械地重复动作，毫无异样反应。
2258,action_part_a_orgasm_normal_B,0,t_unconscious_flag_5,{TargetName}的神情依旧平静如常，仿佛博士的存在与体内的动静全都感知不到，只顾着面前事务。\n{anal}猝然绞紧痉挛，一圈圈收缩接连绞缠着，肠液沿着{anal}边缘缓缓渗出，滴落在腿间。\n后腰猛地塌陷又弓起，臀肉随之绷紧颤动，十指下意识地蜷握成拳，指节泛出白色。\n胸口急促地起伏喘息，额角渗出细密薄汗，双眼却依旧茫然地望向别处，仿佛身体不属于自己。
2259,action_part_a_orgasm_normal_B,0,t_unconscious_flag_5,{TargetName}兀自沉浸在自己的世界里，任凭身下的动静翻涌，也丝毫察觉不到博士的一举一动。\n{anal}骤然痉挛收紧，一层层绞缩深处的软肉，{anal}边缘渗出的肠液顺着臀缝流下，湿了一片。\n双腿控制不住地绷直又蜷缩，脚趾用力蜷起，腰肢一下下地耸动着弓起又落下。\n喉间溢出一声压抑喘息，胸脯剧烈地起伏，手中的动作却始终未曾中断，浑然不知自己已经绝顶。

2260,action_part_a_orgasm_normal_B,0,t_unconscious_flag_6&t_hypnosis_blockhead,被定身术钉住浑身僵直动弹不得的{TargetName}，唯有{anal}不由自主地剧烈痉挛收缩起来。\n僵住的躯体绷得笔直，纤细的四肢却难掩阵阵细密颤抖，小腹一下下急促地抽紧。\n括约肌反复翕张绞紧，温热的肠液顺着{anal}边缘缓缓溢出，浸湿了臀缝周遭的肌肤。\n僵立的腰肢忽然绷起一个小小的弧度，又颤颤巍巍地塌软回去，破碎急促的喘息不断从紧抿的唇间逸出。
2261,action_part_a_orgasm_normal_B,0,t_unconscious_flag_6&t_hypnosis_blockhead,遭到操控化作木偶浑身僵硬的{TargetName}，只有{anal}还在剧烈地一收一缩痉挛不止。\n定住不动的躯干绷紧成一条直线，僵直的双腿仍旧压抑不住地微微打颤，小腹深处一波波抽搐涌动。\n{anal}反复紧绞又松开，一缕黏稠的肠液自{anal}深处渗流而出，顺着股缝缓缓淌下。\n纹丝不动的腰背骤然弓起又瘫落，紧攥的手指蜷缩收拢，急促紊乱的呼吸声不断从喉间溢出。
2262,action_part_a_orgasm_normal_B,0,t_unconscious_flag_6&t_hypnosis_blockhead,被摆布成木头人姿态僵立原地的{TargetName}，唯余{anal}不听使唤地阵阵痉挛紧缩。\n挺直不动的脊背绷得死紧，僵硬的四肢却止不住地细细发颤，小腹随之一下下猛地收紧。\n{anal}反复绞动翕张，温热黏腻的肠液顺着{anal}边缘汩汩渗出，濡湿了臀瓣间的肌肤。\n定住的腰肢猝然弓起一线弧度，旋即又颤抖着垮塌回去，急喘破碎的鼻息不断自唇齿间泄出。
2263,action_part_a_orgasm_normal_B,0,t_unconscious_flag_6&t_hypnosis_blockhead,浑身定格宛若泥塑木雕般僵直的{TargetName}，独有{anal}违背意志地剧烈绞缩痉挛。\n一动不能动的躯体绷紧如石，纤瘦的手脚却仍不受控地簌簌颤抖，小腹深处阵阵抽紧作痛。\n{anal}反复收绞又舒张，一股温热的肠液从{anal}处缓缓溢淌而出，沿着股间滑落。\n僵立的腰背陡然拱起，又无力地塌软下去，急促紊乱的喘息声不断从微张的唇间漏出。
2264,action_part_a_orgasm_normal_B,0,t_unconscious_flag_6&t_hypnosis_blockhead,被定身咒困住形同木偶纹丝不动的{TargetName}，唯有{anal}兀自剧烈痉挛收紧不止。\n挺立僵直的躯干绷得死死的，柔弱的四肢却依旧忍不住细密颤动，小腹一波接一波急促痉缩。\n{anal}反复紧绞松开，黏稠的肠液顺着{anal}的边沿缓缓渗流而下，浸湿了臀间的肌肤。\n定住不动的腰肢骤然弓起弧度，随即颤颤巍巍地垮落，破碎粗重的喘息不断自紧咬的唇齿间逸出。
2265,action_part_a_orgasm_normal_B,0,t_unconscious_flag_6&t_hypnosis_active_h,被操控的{TargetName}腰肢反常地主动大幅晃动摆送，{anal}随之强烈而有节奏地痉挛收缩，括约肌反复翕张绞紧，双臀不自觉地绷紧又颤抖，大腿也跟着痉挛抖动，小腹一波接一波地抽搐着，肠液顺着穴口明显地流淌而下，呼吸也骤然变得急促而紊乱。
2266,action_part_a_orgasm_normal_B,0,t_unconscious_flag_6&t_hypnosis_active_h,{TargetName}的腰部违背平常地主动前后耸动挺送，{anal}剧烈地痉挛着一张一合，肠壁不断绞紧又松弛，四肢绷得笔直却又止不住地颤抖，手指蜷缩着胡乱抓挠，小腹一阵阵剧烈地抽搐痉挛，肠液顺着穴口明显地溢流而下，呼吸急促得几近喘息。
2267,action_part_a_orgasm_normal_B,0,t_unconscious_flag_6&t_hypnosis_active_h,被支配的{TargetName}双胯一反常态地主动扭转摆动，{anal}随之强烈收缩痉挛，括约肌反复绞紧翕张，双膝不由自主地大幅张合颤抖，腰肢弓起后又塌陷下去，指尖蜷紧着无处安放，肠液顺着股缝明显地淌下，呼吸急促得几近喘息不止。
2268,action_part_a_orgasm_normal_B,0,t_unconscious_flag_6&t_hypnosis_active_h,{TargetName}的身体违背平日地主动挺腰迎合摆送，{anal}一阵阵有力地痉挛收缩，穴口括约肌翕张不止，脚尖不自觉地蜷缩绷紧，小腹肌肉剧烈抖动抽搐，双肩也随之耸动颤栗，肠液源源不断地自{anal}溢出淌下，气息变得紊乱急促。
2269,action_part_a_orgasm_normal_B,0,t_unconscious_flag_6&t_hypnosis_active_h,被控制的{TargetName}腰臀一反常态地主动扭摆耸动，{anal}强烈痉挛着收紧又松开，肛周肌肉不断绞缩翕张，双腿颤抖着绷紧又松弛，脚趾也不自觉地蜷缩起来，胸口剧烈地起伏喘息，肠液明显地从{anal}流淌而出，浸湿了周身肌肤。

2270,action_part_a_orgasm_normal_B,0,CVP_A2_T|6_E_0&CVP_A2_T|7_E_1&CVP_A2_T|222_E_1,未成年的{TargetName}腰肢猛地弓起又瘫软下去。\n{anal}强烈而有节奏地痉挛收缩，括约肌一张一翕地绞紧，稚嫩的双腿绷得笔直不住颤抖，小腹一阵阵抽搐，呼吸变得又急又乱，肠液顺着穴口明显地淌出，浸湿了周围一片。
2271,action_part_a_orgasm_normal_B,0,CVP_A2_T|6_E_0&CVP_A2_T|7_E_1&CVP_A2_T|222_E_1,发育未全的{TargetName}整个身子猛然绷紧。\n{anal}一圈一圈地剧烈绞缩着，肠壁一下下翕张吸吮，纤细的手指死死揪住身下不知何物，脚趾也蜷缩起来，胸口剧烈起伏喘息不止，肠液跟着痉挛的节奏一股股溢出，滴滴答答淌了不少。
2272,action_part_a_orgasm_normal_B,0,CVP_A2_T|6_E_0&CVP_A2_T|7_E_1&CVP_A2_T|222_E_1,年纪尚小的{TargetName}腰部猛地拱起停在半空。\n{anal}不受控制地一阵接一阵痉挛，括约肌反复绞紧又松开，青涩的大腿根不住地打颤，肩膀也随之一耸一耸抖动，鼻息急促得几乎连不上气，肠液顺着股缝汩汩流下，打湿了一小片。
2273,action_part_a_orgasm_normal_B,0,CVP_A2_T|6_E_0&CVP_A2_T|7_E_1&CVP_A2_T|222_E_1,尚未成年的{TargetName}猛地仰起头又无力垂落。\n{anal}节奏分明地一缩一缩绞紧，穴肉反复翕张吮动个不停，尚显单薄的胸脯剧烈颤抖，脚跟无意识地蹬踏着，喉咙里溢出破碎的喘息，肠液随着抽搐一阵阵涌出，顺着臀缝往下滴淌。
2274,action_part_a_orgasm_normal_B,0,CVP_A2_T|6_E_0&CVP_A2_T|7_E_1&CVP_A2_T|222_E_1,身体尚青涩的{TargetName}腰肢猝然绷成一张弓。\n{anal}持续而有力地一圈圈痉挛收紧，褶皱反复夹绞不肯松开，稚气未脱的手臂僵直地抖动，脚尖绷紧又松弛，呼吸乱作一团。
2275,action_part_a_orgasm_normal_B,0,CVP_A2_T|106_E_1,{TargetName}丰腴成熟的身躯猛然绷紧，{anal}开始强烈而有节奏地痉挛绞缩，褶皱反复翕张收拢，丰满的腰肢高高弓起又剧烈打颤。\n两条肉感十足的大腿绷得笔直，圆润的脚趾用力蜷曲，饱满的小腹一阵阵向内抽搐。\n温热的肠液顺着{anal}的收缩明显地溢淌出来，浸湿了丰腴的臀缝，成熟的胸脯随着急促失序的喘息大幅起伏颤动。
2276,action_part_a_orgasm_normal_B,0,CVP_A2_T|106_E_1,成熟丰满的{TargetName}骤然仰起脖颈，{anal}不受控制地连续痉挛绞紧，括约肌一下下反复收缩翕张，圆翘肥美的臀肉随之剧烈震颤。\n她丰腴的腰背弯成绷紧的弓形，双手死死攥紧，指节泛白，肉感的双腿抖个不停。\n黏稠的肠液从{anal}深处被挤压着溢流而出，沿着成熟白腻的腿根蜿蜒淌下，呼吸彻底乱了节拍，胸口起伏得又急又深。
2277,action_part_a_orgasm_normal_B,0,CVP_A2_T|106_E_1,{TargetName}保养得宜的熟透躯体猛地一挺，{anal}爆发出一波接一波强劲有节律的绞缩痉挛，穴口褶皱急促地开合翕动。\n丰盈的腰肢深深弓起，成熟圆润的臀瓣绷紧震颤，肉感的小腹反复向内抽紧又松开。\n量感明显的肠液随着每次收缩从{anal}挤溢出来，糊湿了丰腴的股间，她急促地喘息着，成熟的面庞涨满潮红，眼角笑纹间沁出细汗。
2278,action_part_a_orgasm_normal_B,0,CVP_A2_T|106_E_1,丰乳肥臀的{TargetName}全身猛然痉挛，{anal}剧烈而规律地一缩一放，括约肌层层绞拢又翕张，带得整片熟软的臀肉波浪般颤动。\n她的腰肢向上高高拱起，丰满的大腿内侧肌肉绷出细密的抖颤，脚踝绷直，脚趾扣紧。\n温热滑腻的肠液顺着{anal}的绞缩节奏一股股淌溢出来，在成熟丰润的腿缝间拉出湿亮的痕迹，胸脯随失序的呼吸剧烈起伏。
2279,action_part_a_orgasm_normal_B,0,CVP_A2_T|106_E_1,{TargetName}成熟妩媚的身姿骤然僵直，{anal}开始不受控地强烈痉挛，褶皱反复绞紧收缩，每一下都牵得丰腴的腰臀猛烈一颤。\n她弓起脊背，肉感饱满的双腿夹紧打颤，圆润的小腹连续抽搐起伏，双手无意识地抓握收拢。\n黏热的肠液被{anal}的痉挛挤压得明显溢淌而出，濡湿了成熟肥美的臀肉，粗重急促的喘息从丰润的唇间不断泄出。
2280,action_part_a_orgasm_normal_B,0,CVP_A2_T|6_E_0&CVP_A2_T|7_E_1&CVP_A2_T|222_E_0,年岁尚浅却懂得性知识的{TargetName}猛地绷紧了年轻的腰肢，{anal}毫无预兆地开始强烈痉挛，一圈一圈有节奏地绞紧又松开。\n她的腰背骤然弓起，稚嫩的双腿不受控制地绷直又颤抖，脚趾用力蜷缩起来。\n{anal}周围的括约肌反复翕张绞紧，一下比一下更用力地绞缠着，年轻的小腹随之一阵阵剧烈抽搐。\n少量温热的肠液顺着{anal}的边缘涌出，打湿了穴口周围光滑的皮肤，顺着股沟缓缓滑落。\n她张着嘴急促地喘息，胸口剧烈起伏，双手下意识地抓紧了身旁能碰到的东西，肩膀一耸一耸地随着痉挛不断颤动。
2281,action_part_a_orgasm_normal_B,0,CVP_A2_T|6_E_0&CVP_A2_T|7_E_1&CVP_A2_T|222_E_0,懂得性知识却仍显青涩的{TargetName}腰肢猛地一挺，{anal}随即陷入一阵完整而剧烈的收缩，一波接着一波地绞紧。\n她年轻紧实的臀肉绷得发硬，大腿根不由自主地夹紧又松开，膝盖不停地打着颤。\n{anal}的褶皱一张一翕地反复绞缩着，每一次收拢都带出些许黏腻的肠液，沿着会阴悄悄渗出。\n她的小腹一下下猛烈抽紧，脊背弓成一道紧绷的弧线，头颈无力地向后仰去。\n呼吸变得又急又乱，喉咙里溢出破碎的喘息声，手指死死揪住身下的布料，指节都因用力而泛白。
2282,action_part_a_orgasm_normal_B,0,CVP_A2_T|6_E_0&CVP_A2_T|7_E_1&CVP_A2_T|222_E_0,年纪尚轻但对性知识略知一二的{TargetName}身子猛然一僵，{anal}紧接着开始有力地一缩一缩，反复绞紧毫无停歇。\n她纤细的腰肢高高弓起，年轻的大腿不停地哆嗦着，脚踝也跟着无意识地绷紧转动。\n{anal}边缘的软肉一圈圈翻绞着，稀薄的肠液随着每一次收缩渗出，沾湿了臀缝间细嫩的肌肤。\n小腹肌肉一阵接一阵地痉挛跳动，胸口随着急促的呼吸剧烈起伏，乳尖也跟着轻轻颤动。\n她仰着头大口喘气，双手胡乱地在空中抓挠了几下，最终紧紧攥住了触手可及的东西，浑身的肌肉都止不住地抖个不停。
2283,action_part_a_orgasm_normal_B,0,CVP_A2_T|6_E_0&CVP_A2_T|7_E_1&CVP_A2_T|222_E_0,略懂人事的{TargetName}腰肢忽然剧烈一颤，{anal}随之绷紧收缩，一圈圈紧绞的力道清晰可见。\n她年轻的身躯猛地拱起，纤瘦的腰肢弯成弧形，脚背绷直得几乎抽筋。\n{anal}反复地一张一合，每一次紧缩都挤出些许透明黏稠的肠液，顺着臀瓣滑下一道湿痕。\n小腹一层层地抽搐紧绷，两条大腿抖得不停打颤，膝盖不受控制地互相磕碰。\n她的呼吸急促得近乎破碎，唇齿间不断溢出粗重的喘息，双手用力揪紧身下之物，指尖因过度用力而微微发白。
2284,action_part_a_orgasm_normal_B,0,CVP_A2_T|6_E_0&CVP_A2_T|7_E_1&CVP_A2_T|222_E_0,对性事已有几分了解的年轻{TargetName}猛地弓起脊背，{anal}骤然收紧痉挛，一阵接一阵有力地绞缩起来。\n她的腰部剧烈地颤抖着，年轻紧致的臀部绷得又紧又硬，脚尖不自觉地向内蜷曲。\n{anal}的肌肉环一圈圈用力绞紧又放松，稀薄的肠液随之缓缓溢出，在穴口周围洇开一小片湿润的痕迹。\n小腹一波接一波地抽紧痉挛，两条腿不停地打着哆嗦，脚跟无意识地蹬踏了几下。\n她仰头大口喘息，胸脯随呼吸急促起伏，双手死死攥紧身旁的东西，全身肌肉都在剧烈的余韵中不受控制地颤个不停。

2285,action_part_a_orgasm_normal_B,0,CVP_A2_T|7_E_0&CVP_A2_T|222_E_1,成熟丰满的{TargetName}娇躯毫无征兆地剧烈痉挛起来，{anal}强烈而有节奏地一波波收缩绞紧，括约肌反复翕张翻卷，圆润的臀肉随之绷成一片。\n她成熟修长的双腿死死向内夹拢，脚趾狠狠向内蜷缩扣紧，腰部明显向上弓起一道弧线，饱满的小腹一下下深深抽搐凹陷。\n一股温热的肠液较为明显地从{anal}深处溢淌而出，顺着丰腴的臀缝缓缓流下，沾湿了一片细腻的肌肤。\n她成熟的面庞上却漾着一层茫然懵懂的神色，双手无措地胡乱攥紧，呼吸骤然急促失序，成熟的身躯不受控制地随着{anal}的绞缩一阵阵颤抖，直到痉挛渐渐平息才慢慢瘫软下来。
2286,action_part_a_orgasm_normal_B,0,CVP_A2_T|7_E_0&CVP_A2_T|222_E_1,{TargetName}发育成熟的身体骤然绷紧弓起，{anal}猛地发出一连串强烈而规律的痉挛收缩，括约肌一圈圈用力绞缩又翕张，浑圆的臀部随着这节奏不受控制地抽动。\n她修长的四肢齐齐绷直颤抖，纤长的手指茫然地抓握着，成熟的腰肢反复弓起又落下，紧实的小腹一次次向内抽紧。\n黏腻温热的肠液顺着{anal}的翕张较明显地渗流出来，沿着丰润的腿根蜿蜒淌下，留下一道湿亮的痕迹。\n她成熟的脸上却写满懵懂无知的困惑，只是本能地随着{anal}的绞紧颤栗喘息，急促紊乱的呼吸令丰满的胸膛剧烈起伏，直至那阵强烈的收缩缓缓退去，成熟的娇躯才卸力般松弛下来。
2287,action_part_a_orgasm_normal_B,0,CVP_A2_T|7_E_0&CVP_A2_T|222_E_1,成熟饱满的{TargetName}娇躯陡然一僵，{anal}紧接着强烈而有节律地一阵阵痉挛绞缩，括约肌用力地翕张收拢，丰腴的臀丘随之抽搐颤动。\n她成熟的双腿本能地绷直夹紧，脚趾向内蜷曲扣拢，腰肢明显弓起又缓缓落回，细腻的小腹反复深深抽紧凹陷。\n温热的肠液较为明显地从{anal}处溢出流淌，顺着成熟丰润的臀缝缓缓滑落，浸湿了一片光洁的肌肤。\n她成熟的面容上却带着孩童般懵懂茫然的神情，双手无措地攥紧了身边触得到的物件，呼吸急促而失序，成熟的躯体不受控制地随着{anal}的绞缩细密颤抖，待到收缩平息才渐渐软了下去。
2288,action_part_a_orgasm_normal_B,0,CVP_A2_T|7_E_0&CVP_A2_T|222_E_1,{TargetName}成熟丰盈的身躯猛然弓成一张满弓，{anal}强烈地发出一波接一波有节奏的痉挛绞紧，括约肌反复用力地翕张翻绞，圆翘的臀肉绷得紧实。\n她修长成熟的双腿绷紧颤抖着向内并拢，脚尖狠狠向下绷直，腰部反复弓起又软落，饱满的小腹一下下抽搐收紧。\n一缕缕温热黏滑的肠液较明显地自{anal}翕张间溢流而出，顺着丰腴的大腿内侧缓缓淌下，留下湿润的印迹。\n她成熟的脸上却是一片天真无知的茫然与困惑，只本能地随着{anal}的绞缩颤抖喘息，紊乱急促的呼吸使丰满的胸膛剧烈起伏，直到那阵强烈的痉挛渐渐收束，成熟的身躯才脱力般瘫软松弛。
2289,action_part_a_orgasm_normal_B,0,CVP_A2_T|7_E_0&CVP_A2_T|222_E_1,成熟丰腴的{TargetName}腰身骤然绷紧弓起，{anal}强烈而有节奏地连连痉挛收缩，括约肌一次次用力绞紧又翕张翻卷，浑圆的臀部随之不受控制地抽动颤栗。\n她成熟修长的四肢齐齐绷直颤抖，脚趾向内蜷缩扣拢，成熟的腰肢反复弓起后又缓缓落回，紧实的小腹反复向内深深抽搐。\n温热的肠液顺着{anal}的收缩节奏较明显地溢淌而出，沿着丰润饱满的臀缝缓缓流下，将一片成熟的肌肤浸湿。\n她成熟的面庞上却漫着懵懂无措的困惑神色，双手茫然地胡乱抓握攥紧，呼吸急促失序而紊乱，成熟丰盈的躯体随着{anal}的一阵阵绞缩细密颤抖，直至痉挛平息才慢慢舒展软落下来。

2290,action_part_a_orgasm_normal_B,0,CVP_A2_T|107_E_1,人妻{TargetName}丰腴的娇躯猛地绷紧，{anal}开始强烈而有节奏地痉挛绞缩，褶皱反复翕张收拢，成熟的腰肢高高弓起又颤抖着塌落。\n丰满的臀肉随着{anal}的抽缩一阵阵绷紧震颤，小腹的软肉反复向内抽搐，温热的肠液从翕动的穴口明显地渗溢出来，顺着腿根淌下湿痕。\n她的双腿剧烈发颤，脚趾蜷曲扣紧，呼吸急促而失序，丰润的胸脯大幅起伏，整副为人妻的成熟躯体在痉挛中止不住地颤动。
2291,action_part_a_orgasm_normal_B,0,CVP_A2_T|107_E_1,{TargetName}成熟的腰身骤然深深弓起，{anal}不受控制地连续绞紧收缩，括约肌一下下有力地翕张咬合，丰腴圆翘的臀瓣随之剧烈地绷紧抖动。\n人妻温软的小腹反复痉挛抽缩，两条丰满的大腿绷得笔直发颤，膝盖不住打战，黏滑的肠液从抽搐的穴口溢淌而出，将臀缝浸得湿亮。\n她的双手死死攥紧，指节泛白，脖颈后仰绷出线条，急促的喘息让丰盈的胸口剧烈起伏，整具已婚的娇躯久久颤栗不止。
2292,action_part_a_orgasm_normal_B,0,CVP_A2_T|107_E_1,身为人妻的{TargetName}全身猛然一僵，{anal}随即爆发出一波接一波强劲而规律的痉挛，穴口的嫩褶反复绞拢又翕开，丰熟的臀肉被带得阵阵痉挛。\n她成熟的脊背弯成弓形，腰肢剧烈地颤抖扭动，小腹的柔软肌肉一阵阵向内抽紧，温热黏腻的肠液沿着收缩的穴口涌溢出来，濡湿了丰腴的腿根。\n四肢绷紧发颤，脚尖用力绷直，呼吸紊乱成断续的急喘，妻子的丰满身躯在高潮的抽搐中反复痉挛震颤。
2293,action_part_a_orgasm_normal_B,0,CVP_A2_T|107_E_1,{TargetName}丰熟的躯体骤然剧烈痉挛，{anal}开始一阵阵深深绞缩，肉环有节奏地反复咬紧翕张，已为人妻的腰肢弓起又瘫软地抖落回去。\n圆润饱满的臀肉随每次收缩狠狠绷紧，臀肉上荡起细密的颤波，小腹连连抽搐，透明的肠液从痉挛的穴口明显地淌溢下来，在大腿内侧拉出湿黏的痕迹。\n她修长的双腿抖个不停，膝盖发软内扣，双手无力地抓握痉挛，急促失序的喘息中，成熟的胸乳剧烈晃动起伏不停。
2294,action_part_a_orgasm_normal_B,0,CVP_A2_T|107_E_1,人妻{TargetName}的后穴猛地一缩，{anal}便再也停不下来地强烈痉挛收缩起来，褶皱一波波绞拢翕动，成熟丰腴的臀肉被绞得阵阵发颤。\n她的腰背高高拱起，脊线绷出深深的弧度，温软的小腹反复向内抽紧痉挛，微热的肠液顺着一张一合的穴口溢流而出，把臀缝与腿根濡成一片水光。\n丰满的双腿痉挛着绷直发抖，脚趾深深蜷起，呼吸急促破碎，整副背着丈夫承欢的娇熟躯体在剧烈颤抖中久久无法平息。
2295,action_part_a_orgasm_normal_B,0,CVP_A2_G_E_0,{TargetName}的娇躯猛地弓起，{anal}强烈而有节奏地痉挛绞缩，括约肌一张一合地反复翕动，小腹随之一阵阵向内抽搐。\n她的双腿绷得笔直，脚趾用力蜷曲，双手无措地抓紧了身下，指节泛白。\n温热的肠液顺着{anal}边缘明显地溢淌而出，沿着腿根滑落，她游离的眼神满是茫然，呼吸急促而失序地喘个不停。
2296,action_part_a_orgasm_normal_B,0,CVP_A2_G_E_0,{TargetName}的腰肢骤然向上高高拱起，{anal}不受控制地一阵阵剧烈收缩，褶皱反复地紧绞又松张，臀肉随之连连颤抖。\n她的四肢僵直地绷紧痉挛，膝盖发着抖并不拢，胸口大幅起伏，喘息乱成一团。\n黏滑的肠液从翕张的{anal}中缓缓渗涌流出，浸湿了臀缝，她咬着下唇偏开涨红的脸，视线飘忽地不敢与{Name}相接。
2297,action_part_a_orgasm_normal_B,0,CVP_A2_G_E_0,{TargetName}全身猛然一僵，随即{anal}爆发出一波接一波有节律的痉挛绞紧，括约肌死死收缩又无力松开，小腹的肌肉反复地抽动起伏。\n她的脊背弯成弓形，臀部高高翘起又不住打颤，双手胡乱地抓挠着，脚踝绷出青筋。\n一缕缕肠液顺着抽搐的{anal}明显地淌落下来，她失序地急喘着，茫然的眼里蒙上一层水雾，似乎连自己为何沦落至此都想不明白。
2298,action_part_a_orgasm_normal_B,0,CVP_A2_G_E_0,{TargetName}的臀部剧烈地颤动起来，{anal}正以完整高潮的力道强烈痉挛，一圈褶皱反复地翕张绞缩，连带腰肢也不停地扭动抽搐。\n她的大腿内侧绷紧发颤，脚尖用力绷直，双手死死攥住不放，呼吸凌乱地断续着。\n温热黏腻的肠液从收缩的{anal}里明显地溢流而出，沿着大腿蜿蜒滑下，她涨红着脸别过头去，游移的目光里满是不知所措。
2299,action_part_a_orgasm_normal_B,0,CVP_A2_G_E_0,{TargetName}的身躯不受控制地弓起又落下，{anal}一下下有节奏地强力绞缩痉挛，括约肌反复地紧咬翕张，小腹随之痉挛似的连连抽动。\n她的双腿抖个不停，膝盖内扣夹紧，指尖蜷曲得发白，急促的喘息夹着压不住的呜咽从唇缝漏出。\n黏稠的肠液顺着痉挛的{anal}边缘不断渗淌，濡湿了臀瓣，她怔怔地望着{Name}，眼神在潮红的脸上显得迷茫又恍惚。
2300,action_part_a_orgasm_normal_B,0,CVP_A2_G_E_1,{TargetName}的娇躯猛地一僵，{anal}随即爆发出一阵强烈而有节奏的痉挛绞缩，括约肌反复翕张收紧，腰肢明显地向上弓起，小腹一阵阵剧烈抽搐。\n她的双腿绷得笔直，脚趾用力蜷曲，呼吸急促而失序，一缕温热的肠液顺着{anal}边缘明显地溢淌而出，她却在颤抖间茫然地朝{Name}的方向侧过了脸。
2301,action_part_a_orgasm_normal_B,0,CVP_A2_G_E_1,{TargetName}的臀肉骤然绷紧，{anal}开始不受控制地一波波强力痉挛，括约肌一张一缩地反复绞拧，整条脊背弯出明显的弧线，四肢随之剧烈颤抖起来。\n她急促地喘息着，小腹反复向内抽紧，黏滑的肠液从翕动的{anal}中较明显地渗涌出来，沾湿了臀缝，她颤抖的手却下意识地向博士那边虚虚探去。
2302,action_part_a_orgasm_normal_B,0,CVP_A2_G_E_1,{TargetName}忽然发出一声闷哼，腰部高高弓起，{anal}猛烈地痉挛收缩，括约肌有节奏地反复绞紧翕张，臀部肌肉一阵阵抖动，大腿内侧的肌肉不受控制地痉挛。\n温热的肠液随着{anal}的抽缩明显地淌溢下来，她呼吸凌乱急促，胸口大幅起伏，涣散的目光却懵懂地追寻着{Name}的身影不肯移开。
2303,action_part_a_orgasm_normal_B,0,CVP_A2_G_E_1,{TargetName}的身躯剧烈一颤，{anal}立刻开始强烈而规律地抽搐绞缩，括约肌反复地收紧又松开，小腹连续抽动，腰肢绷起又塌软，双膝止不住地打颤。\n黏腻的肠液顺着痉挛翕张的{anal}明显溢出，蜿蜒流过股间，她急促失序地喘着气，手指茫然地攥紧，脸颊绯红地偏向博士所在的方向。
2304,action_part_a_orgasm_normal_B,0,CVP_A2_G_E_1,{TargetName}的臀部猛然向内一夹，{anal}爆发出连续有力的痉挛绞吸，括约肌一下下地翕张绞拧，背脊反复弓起，全身肌肉不受控制地颤抖抽搐。\n她的呼吸完全乱了节奏，小腹一阵阵痉挛起伏，温热的肠液从抽缩的{anal}里较为明显地涌淌出来，她却在失神的颤栗中无意识地朝{Name}挪近了些许。
