cid,type_id,adv_id,premise,context
组件id,组件类型名,组件限定的剧情npcid,前提id,组件内容
str,str,int,str,str
0,0,0,0,1
组件配置数据,,,,

1000,action_part_a_orgasm_super_B,0,CVP_A2_T|102_E_1&CVP_A2_A|5_LE_3,娇小稚嫩的{TargetName}整个身子猛地一僵，随即像离水的小鱼般剧烈弹跳起来。\n{anal}毫无节制地连续痉挛，一圈圈疯狂地绞缩又翕张，将那圈嫩红的穴口收缩成细密的褶皱又被暴力撑开。\n她纤细的腰肢猛然向上深深弓起，绷成一道颤抖的弧线，维持片刻后又彻底瘫软塌陷下去。\n幼小的四肢完全失去控制，两条细腿无意识地乱蹬乱踹，脚趾死死蜷缩又猛地张开。\n随着{anal}一阵接一阵的暴烈抽搐，大量温热的肠液毫无遮拦地喷涌而出，失禁般顺着股缝汩汩涌流不止。\n她小小的脑袋无力地向后仰去，眼神涣散地失去焦点，殷红的舌尖失控地探出唇外，晶亮的口水顺着下巴一串串滴落下来。
1001,action_part_a_orgasm_super_B,0,CVP_A2_T|102_E_1&CVP_A2_A|5_LE_3,{TargetName}小小的躯体骤然绷紧到极限，接着爆发出一阵近乎失控的剧烈痉挛。\n{anal}极度癫狂地连番收缩，那圈稚嫩的括约肌一下下疯狂绞紧又骤然松开，翕张的频率快得几乎连成一片。\n她的腰胯不受控制地反复挺送顶起，一次比一次深地弓成满弓，随后又软绵绵地垮塌下来。\n两只小手在半空中痉挛地抓握，纤细的手指关节泛白地攥成拳头又骤然张开，指尖不住地哆嗦。\n伴着{anal}一波波剧烈的绞缩，滚烫的肠液成股地喷射飙出，量大得如同失禁一般止不住地往外奔涌。\n她的双眼翻起露出眼白，稚气的脸庞失神地扭曲着，嘴角控制不住地抽搐，涎水混着断续的气音从张开的小嘴里溢流出来。
1002,action_part_a_orgasm_super_B,0,CVP_A2_T|102_E_1&CVP_A2_A|5_LE_3,随着累积的极致快感一齐炸开，娇嫩的{TargetName}周身肌肉猛地强直抽搐起来。\n{anal}毫无章法地暴烈收缩，嫩红的穴肉一圈圈疯狂地内吸绞拢，又被自身的痉挛硬生生撑翻，反复翕动个不停。\n她纤瘦的后腰弹簧般一次次弹起弓紧，绷到极处后再无力气地整个瘫平摊软。\n幼小的双腿失控地大张又猛夹，小脚背绷得笔直，脚趾一会儿死死抠蜷一会儿又猛然叉开。\n{anal}深处大量肠液喷薄而出，一股接一股地失禁狂涌，黏腻的液体不受控制地淌了满股间。\n她的头颅无力地左右轻晃，涣散的目光再聚不起焦点，软糯的舌头瘫软地垂出嘴外，成串的口水断了线似的滚落。
1003,action_part_a_orgasm_super_B,0,CVP_A2_T|102_E_1&CVP_A2_A|5_LE_3,{TargetName}那具尚未发育的娇小身子霎时抽紧成一团，紧接着爆发出连绵不绝的癫狂颤栗。\n{anal}以远超寻常的烈度连续抽搐，稚嫩的括约肌疯了般一下下绞死又翕开，收缩得整圈嫩肉都在剧烈跳动。\n她的小腹与腰肢反复深深凹陷又高高顶起，弓成颤抖的桥形后，忽地全身脱力般彻底摊软。\n纤细的四肢完全不听使唤地乱颤乱蹬，小小的脚掌痉挛地一勾一绷，手指无意识地在空中胡乱抓挠。\n随着{anal}暴风骤雨般的绞缩翕张，海量温热肠液失禁似的喷涌狂泄，一波未平一波又起地汩汩外溢。\n她稚嫩的面庞彻底失神扭曲，眼神空洞涣散地上翻，唇舌完全失控地瘫软外吐，涎液顺着嘴角不停地往下坠落。
1004,action_part_a_orgasm_super_B,0,CVP_A2_T|102_E_1&CVP_A2_A|5_LE_3,极致的绝顶将娇小的{TargetName}整个吞没，她幼嫩的躯体骤然剧烈弓弹起来。\n{anal}陷入近乎失控的疯狂痉挛，那圈娇嫩的穴口连珠般收缩绞紧，又一次次被暴烈的抽搐顶得翻张开合。\n她单薄的腰背反复弹起绷成僵直的弓，顶到最高处停顿片刻，随即软软地整个塌陷下去。\n两条稚气的小腿抽筋似的失控踢蹬，纤细的脚踝不住颤抖，脚趾蜷曲抠紧后又猛地张开绷直。\n伴着{anal}一阵猛过一阵的绞缩，大量灼热的肠液喷泉般狂涌喷射，失禁般地怎么也止不住地往外流淌。\n她小脑袋彻底仰翻过去，双目失焦地涣散无光，粉嫩的舌尖失控地挂在唇边，透明的口水一滴滴不断线地垂落下来。

1005,action_part_a_orgasm_super_B,0,CVP_A2_T|104_E_1&CVP_A2_A|5_G_3&CVP_A2_A|5_LE_6,{TargetName}青春的娇躯毫无预兆地剧烈弹起，纤细的腰肢深深弓成一道紧绷的弧线，{anal}紧接着极度剧烈地连续痉挛收缩起来，一圈圈疯狂地绞缩翕张，再也无法自控地连番翕动个不停。\n少女青涩紧实的小腹一下下地深陷抽搐，两条充满活力的嫩腿失控地在半空中痉挛乱蹬，脚趾用力地蜷曲扣紧又猛地绷直，膝盖不受控制地大幅颤抖着夹拢又弹开。\n随着{anal}那疯狂而持久的绞缩，大量温热的肠液毫无阻拦地喷涌而出，一股接一股地失禁般涌流不止，顺着颤抖的臀缝与嫩白的大腿内侧汹涌淌落，很快便浸出湿漉漉的一大片。\n青春的脊背反复深深弓起又骤然彻底瘫软下去，纤细的手指痉挛地攥紧又张开，指节泛白，全身的肌肉一阵接一阵地强烈抽搐绷紧。\n少女的眼神彻底涣散失焦，红润的唇舌失控地微张，一缕晶亮的口水顺着嘴角失神地溢淌下来，整副青涩的娇躯在这场究极的绝顶中长时间地剧烈痉挛，久久无法平息。
1006,action_part_a_orgasm_super_B,0,CVP_A2_T|104_E_1&CVP_A2_A|5_G_3&CVP_A2_A|5_LE_6,{TargetName}稚气未脱的身子猛地一僵，随即毫无节制地剧烈痉挛起来，{anal}长时间地不受控制地连续收缩绞紧，一波未平一波又起地疯狂翕张吸吮，括约肌一圈圈地拼命绞缩个不停。\n她青春的双腿彻底失了控，纤细的小腿在空中无意识地痉挛踢蹬，脚踝绷得死紧，十根脚趾狠狠地向内蜷缩扣拢，紧实的臀肉一下下地剧烈抽搐夹紧。\n伴着{anal}那持续不断的癫狂绞缩，滚烫的肠液再也憋不住地汹涌喷射而出，如失禁般一股股地喷涌奔流，怎么也止不住，将颤栗的股间浇得一片泥泞湿滑。\n青涩的腰腹反复深深地弓起绷紧，又猛然间彻底软塌下去，纤瘦的胳膊无力地痉挛抽动，手指痉挛般地死死抠攥，指尖泛出惨白。\n少女的双眼失神地翻起，涣散的瞳孔再也聚不起焦，微张的唇间失控地淌下涎液，整副青春的躯体被这一场超乎想象的绝顶掀翻，长久地颤栗抽搐着无法停歇。
1007,action_part_a_orgasm_super_B,0,CVP_A2_T|104_E_1&CVP_A2_A|5_G_3&CVP_A2_A|5_LE_6,{TargetName}花季的娇躯像被电流贯穿般骤然剧烈弹颤，腰身高高地深弓而起，{anal}随之极度猛烈地连续挛缩，一阵紧似一阵地疯狂绞拧翕合，怎么也停不下那失控的连绵痉挛。\n青春紧致的小腹深深地凹陷又鼓起，反复地剧烈抽搐，两条水嫩的长腿在半空里失控地颤抖乱蹬，脚背绷成僵直的弧，脚趾一次次痉挛地抓紧又弹开。\n{anal}疯狂绞缩的同时，大量温热的肠液毫无遮拦地喷涌迸射，一泄如注地失禁般涌流不休，顺着抽搐的臀瓣淋漓地淌落，在颤抖的腿根汇成湿亮的一片。\n少女的脊背深深弓紧到极限，旋即彻底瘫软虚脱下去，纤细的手指剧烈地痉挛蜷曲，全身的肌肉一阵阵地绷紧又抽搐，连脖颈都紧绷得青筋微凸。\n她的眼神彻底散乱失焦，绯红的脸上唇舌失控地松弛，一线口涎不受控地顺着下巴滑落，整副青涩的身躯在究极的高潮中长时间地剧烈抖颤，迟迟不能自已。
1008,action_part_a_orgasm_super_B,0,CVP_A2_T|104_E_1&CVP_A2_A|5_G_3&CVP_A2_A|5_LE_6,{TargetName}青春的躯体毫无征兆地绷成一张满弓，纤腰深深地向上弓耸，{anal}紧跟着极度剧烈而漫长地连续抽搐痉挛，括约肌疯狂地一收一放地绞缩翕张，失控地翕动个没完。\n她稚嫩的小腹一下接一下地猛烈内缩抽动，充满弹性的双腿在空中无助地痉挛蹬踹，膝头剧烈打颤，纤细的脚趾死死向内抠蜷，紧实圆翘的臀肉不停地颤抖收夹。\n随着{anal}那不受控的持续绞紧，滚热的肠液汹涌地喷涌而出，一股又一股地失禁般奔流不止，濡湿了整个颤动的股沟，顺着嫩滑的大腿内侧蜿蜒滚落一大摊。\n青涩的背脊反复深弓又骤然彻底塌软，纤瘦的双臂痉挛地抽搐着，手指无意识地攥紧松开又攥紧，指节一片惨白，浑身的肌肉持续绷紧抽颤不止。\n少女双目失神地上翻，涣散的眼底再聚不起神采，微启的唇边失控地溢出亮晶晶的津液，整副年轻的娇躯在这场究极绝顶里久久地剧烈痉挛，无法平复。
1009,action_part_a_orgasm_super_B,0,CVP_A2_T|104_E_1&CVP_A2_A|5_G_3&CVP_A2_A|5_LE_6,{TargetName}青涩的娇躯陡然剧烈地弹跳而起，柔韧的腰肢深深弓成紧绷的弓形，{anal}随即极度猛烈地连番痉挛紧缩，一圈圈疯狂地绞缢吸咬，止不住地连绵翕合收放，久久失控。\n少女紧实的小腹深深地抽搐凹陷，反复地剧烈起伏，一双青春的长腿失控地在半空痉挛乱踢，脚踝紧绷僵直，脚趾一次次痉挛地蜷曲抠紧，稚嫩的臀肉剧烈地颤动收缩。\n伴随{anal}那疯狂持久的绞缩翕张，大量温热的肠液再也止不住地喷涌四溢，如失禁般一波波地涌流奔淌，将颤栗的臀缝与嫩白腿根浇得湿淋淋一片狼藉。\n青春的脊背深深地弓起到极致，随后彻底虚脱瘫软，纤纤十指痉挛地死死攥紧，指尖泛白，全身的肌肉一阵接一阵地强烈抽搐绷紧，连小腹都绷得发颤。\n她的眼神彻底涣散失焦，红润的唇舌失控地微张翕动，一缕透亮的口水顺着嘴角失神地淌下，整副青涩的身躯在超乎想象的绝顶中长时间剧烈颤抖，迟迟难以停歇。

1010,action_part_a_orgasm_super_B,0,CVP_A2_T|105_E_1&CVP_A2_A|5_G_3&CVP_A2_A|5_LE_6,大姐姐{TargetName}成熟饱满的娇躯猛地绷成一张满弓，累积已久的巨浪终于被彻底放开，{anal}毫无节制地剧烈痉挛收缩起来，一圈括约肌疯狂而持续地绞缩翕张，将一波接一波的震颤送遍全身。\n她丰腴修长的双腿失控地向外乱蹬，随即又痉挛着蜷起，脚趾用力扣绷到发白，圆润的膝盖不住地哆嗦颤抖。\n成熟圆翘的臀肉一下下狠狠夹紧又骤然松开，{anal}深处大量温热的肠液喷涌而出，失禁般地顺着丰腴的腿根汩汩涌流不止，将一整片细腻肌肤浇得湿淋淋。\n腰肢反复深深弓起又彻底瘫软塌下，成熟的脊背一次次绷直又脱力，双手死死攥紧掐进掌心，指节泛出惨白。\n她眼神彻底涣散失焦，唇舌失控地微微吐露，一缕晶亮的口水沿着下颌线滑落，整张成熟中透着青涩的面庞失神地仰起，在这场究极的释放里久久无法平复。
1011,action_part_a_orgasm_super_B,0,CVP_A2_T|105_E_1&CVP_A2_A|5_G_3&CVP_A2_A|5_LE_6,随着郁积到极点的快感被一齐倾泻出来，大姐姐{TargetName}成熟的身子霎时剧烈弹跳了一下，{anal}陷入了长时间不受控制的连续抽搐，括约肌一下下疯狂地翕合绞紧，收缩的幅度大得整个下腹都在起伏。\n她两条丰满白皙的长腿痉挛着大张又猛地并拢，纤长的脚背绷直到极限，脚趾深深蜷曲抠紧，小腿的肌肉一阵阵抽紧鼓起。\n{anal}再也锁不住汹涌的肠液，成股温热的液体喷射失禁般地涌出，顺着成熟腿根内侧一道道流淌下去，在{SceneName}里将丰腴的臀腿浸得一片湿滑。\n丰润的腰身一次次高高弓起又瘫软下坠，脊柱反复绷成弧线再脱力，双臂无力地抽搐乱抓。\n她成熟的脸颊潮红失神，眼球上翻眼神散乱，微张的唇间溢出断续的气音与津液，整个身躯在究极的绝顶余波中一波波余震不止。
1012,action_part_a_orgasm_super_B,0,CVP_A2_T|105_E_1&CVP_A2_A|5_G_3&CVP_A2_A|5_LE_6,大姐姐{TargetName}丰盈成熟的躯体在这一刻彻底失了控，长久压抑的巨量快感终于奔涌决堤，{anal}以极致的幅度长时间剧烈痉挛，一环括约肌狂乱地绞缩又翕张，连成熟圆润的小腹都被牵动着不停抽搐。\n她修长丰腴的双腿失控地颤抖痉挛，时而向外乱蹬时而痉挛夹拢，脚踝绷紧到青筋微凸，脚趾一根根扣绷蜷曲。\n{anal}深处大量肠液毫无阻拦地喷涌而出，一股股温热的液体失禁般地涌流不止，将成熟饱满的臀缝与腿根冲刷得湿漉漉的。\n她的腰肢深深弓起再彻底塌软，成熟的背脊反复绷直又瘫落，双手死死抓紧攥成拳，手背筋脉根根暴起。\n涣散的双眼失焦上翻，唇舌完全失控地颤动，晶亮的口水顺着嘴角淌下，那张成熟而略带青涩的脸庞失神地仰着，久久沉溺在这极致的释放里。
1013,action_part_a_orgasm_super_B,0,CVP_A2_T|105_E_1&CVP_A2_A|5_G_3&CVP_A2_A|5_LE_6,积蓄到顶点的快感被一齐释放的瞬间，大姐姐{TargetName}成熟的娇躯剧烈地弓成满月又骤然脱力，{anal}不受控制地连续绞缩痉挛，括约肌疯狂翕合，一圈圈收缩得又深又急，震颤沿着腰腹一路蔓延。\n她丰满圆润的双腿抽搐着乱颤，膝盖哆嗦相碰又猛地弹开，脚趾用力蜷起绷直反复交替，腿肚的肌肉一阵阵痉挛鼓胀。\n{anal}再也压不住汹涌的暖流，大量肠液喷薄涌出失禁般奔流，顺着成熟丰腴的腿根一道道淌落，将一片细嫩肌肤彻底浸湿。\n腰身一次次深弓又软塌，成熟流畅的脊背绷紧又瘫软，双手无力地抽搐着抓挠，指节掐得发白。\n她眼神彻底失焦涣散，微仰的面庞失神潮红，半张的唇间失控地溢出津液与断续气息，整具成熟饱满的身躯在究极绝顶的余震里一下下颤栗不止。
1014,action_part_a_orgasm_super_B,0,CVP_A2_T|105_E_1&CVP_A2_A|5_G_3&CVP_A2_A|5_LE_6,大姐姐{TargetName}成熟丰盈的身体骤然剧烈痉挛，累积到极限的滔天快感终于一齐倾泄而出，{anal}长时间地剧烈收缩绞紧，括约肌狂乱地一开一合疯狂翕张，连丰润的臀肉都被绞得一下下深陷。\n她两条成熟修长的腿彻底失控，痉挛着乱蹬又猛然蜷起夹紧，脚背绷成紧绷的弧，脚趾深深扣抠到指节发白。\n{anal}深处成股温热的肠液喷涌失禁，源源不断地涌流而出，顺着丰腴的腿缝在{SceneName}中蜿蜒淌下，将成熟饱满的臀腿浇得湿淋淋一片。\n她的腰反复高高弓起随后彻底瘫软，成熟的脊背一次次绷直又脱力塌陷，双臂颤抖着胡乱抓握，掌心被指甲掐出深痕。\n涣散的双眸失神上翻，唇舌失去了控制微微吐颤，一缕口水顺着下巴滑落，那张成熟里透着一丝青涩的脸失神地仰起，久久淹没在这场巨量快感的极致释放中。

1015,action_part_a_orgasm_super_B,0,CVP_A2_T|106_E_1&CVP_A2_A|5_G_3&CVP_A2_A|5_LE_6,成熟丰腴的{TargetName}整个身子骤然绷成一张满弓，{anal}毫无预兆地陷入极度剧烈而绵长的连续痉挛，一圈成熟的括约肌疯狂地绞紧又翻张，一收一放间抽搐得近乎失控。\n她丰润圆翘的臀肉一阵接一阵地剧烈抖颤，腰肢反复深深弓起又彻底瘫软塌下，成熟饱满的小腹随着{anal}的翻搅不停地深陷抽缩，那片带着岁月痕迹的柔腻肌肤被绞得一波波起伏。\n积蓄已久的巨量肠液终于被允许一齐决口，温热黏稠的液体从{anal}深处汹涌喷涌而出，失禁般地涌流不止，顺着丰腴的腿根一道道淌落，将成熟的腿肉浇得湿淋淋一片。\n她丰满的双腿失控地痉挛乱蹬，脚趾用力扣绷又骤然张开，成熟的十指死死掐进掌心，指节泛白得几乎透明，脊背绷得笔直又猝然软倒。\n她的眼神彻底涣散失焦，成熟的唇舌不受控制地松垂，口水顺着嘴角止不住地拉丝溢流，整副丰盈的躯体在一波波{anal}的极致绞缩中长久地痉挛抽搐，久久无法平息。
1016,action_part_a_orgasm_super_B,0,CVP_A2_T|106_E_1&CVP_A2_A|5_G_3&CVP_A2_A|5_LE_6,{TargetName}成熟的躯体猛地一僵，随即失控地剧烈弹跳起来，{anal}长时间地连续绞缩翻搅，成熟紧实的括约肌一下下疯狂地翕张收束，绞得整圈嫩肉都在不受控地颤跳。\n她那被岁月养得丰腴的腰身深深弓起成一道满月，紧接着又彻底脱力地摊软下去，反反复复难以自控，圆润饱满的臀瓣绷紧又松颤，一阵阵痉挛顺着腰窝向上蔓延。\n巨量的肠液如决堤般从{anal}里喷薄涌出，一股接一股地失禁狂泄，温热的液体溅落淋漓，顺着成熟丰腴的大腿内侧蜿蜒流成一片湿痕，浇透了那片柔软的肌肤。\n她成熟的四肢无力地痉挛乱颤，双膝一开一合地打着摆子，脚背绷直又蜷曲，双手在半空徒劳地攥握抓挠，指尖不停地抽搐。\n成熟的面庞失神地仰起，眼皮无力地半阖，眼球上翻涣散，丰润的嘴唇大张着合不拢，涎水顺着下颌线一缕缕垂坠，整具丰满身躯随着{anal}的极致抽搐久久痉挛不止，迟迟无法安定。
1017,action_part_a_orgasm_super_B,0,CVP_A2_T|106_E_1&CVP_A2_A|5_G_3&CVP_A2_A|5_LE_6,骤然间{TargetName}成熟的身子失控地弓成一张紧绷的弯弓，{anal}陷入近乎癫狂的连续痉挛，一圈成熟的括约肌疯狂地一绞一松，绞缩得又深又急，抽搐个不停。\n她丰腴的腰肢一次次地高高弓起，随后又一次次彻底瘫软塌陷，成熟饱满的臀肉随着{anal}的翻绞剧烈地颤动收紧，那片带着成熟韵味的圆润肌肉被绞出一道道深沟。\n累积到极致的肠液再也压不住地喷涌而出，从{anal}深处失禁般地汹涌喷溅，温热黏腻的液体连绵不断地涌流，顺着丰满的腿弯淌成一片湿漉漉的痕迹。\n她成熟的双腿剧烈痉挛地胡乱蹬踹，脚趾死死绷紧又猛然张开，成熟的手指痉挛着蜷曲扣紧，手背青筋凸绽，脊柱一节节绷直又骤然脱力。\n她双眼彻底失焦涣散，眼神空茫地放着虚光，成熟的舌尖无力地探垂出唇外，晶亮的口涎不受控地拉丝滴落，整副丰盈躯体在{anal}一波高过一波的绞缩中持续抽搐痉挛，久久难止。
1018,action_part_a_orgasm_super_B,0,CVP_A2_T|106_E_1&CVP_A2_A|5_G_3&CVP_A2_A|5_LE_6,{TargetName}成熟的娇躯毫无征兆地剧烈弹颤起来，{anal}以极大的幅度长久地连续收缩翻搅，成熟的括约肌一圈圈疯狂地绞紧又翻开，收放之间抽搐得毫无章法。\n她那丰腴成熟的腰身深深地向上弓成满弓，旋即又彻底虚脱般地软摊下来，如此反复不休，圆翘饱满的臀肉一阵阵痉挛紧绷，成熟的腿根也随之绷起了紧实的线条。\n蓄积良久的巨量肠液终于一泄如注，从{anal}中喷涌狂泄，失禁般地涌流个不停，温热的液体飞溅淋漓，沿着丰满圆润的大腿内侧滚淌成一道道湿亮的水痕。\n她成熟的四肢失控地抽搐乱颤，双脚绷直又蜷起，膝头无力地打着颤，成熟的双手死死揪紧掐入掌心，指节绷得发白，全身肌肉一阵接一阵地绷紧又松脱。\n她眼神彻底涣散上翻，成熟的唇舌失控地松垂张开，透亮的涎水顺着嘴角不住地溢流坠落，整具丰腴身躯久久淹没在{anal}的极致痉挛之中，颤抖着迟迟无法平复。
1019,action_part_a_orgasm_super_B,0,CVP_A2_T|106_E_1&CVP_A2_A|5_G_3&CVP_A2_A|5_LE_6,成熟丰满的{TargetName}整个身子猛地一挺，随即失控地剧烈痉挛颤抖，{anal}长时间不受控制地连续绞缩，成熟浑圆的括约肌疯狂地一翕一张，绞得整圈软肉都在剧烈抽跳。\n她丰腴的腰肢一下下深深弓起又彻底瘫软下塌，成熟饱满的小腹随着{anal}的抽搐深陷收紧，那片养得丰润的柔软肌肤起伏翻涌，圆润的臀瓣绷紧又颤松。\n积压到极限的肠液终于被彻底释放，从{anal}深处汹涌地喷涌而出，一股股失禁般地狂泄不止，温热黏稠的液体顺着成熟丰腴的腿缝滂沱淌落，浸湿了大片肌肤。\n她成熟的双腿痉挛着失控乱蹬，脚趾一会绷直一会蜷缩，成熟的手指颤抖着抓挠攥紧，指尖深深掐入，脊背反复绷直又猝然软落。\n她双眼彻底翻白涣散失神，丰润的唇舌无力地垂落于外，亮晶晶的涎液顺着下巴一缕缕拉丝滴坠，整副成熟丰盈的躯体在{anal}一波接一波的极致绞缩里长久痉挛，迟迟不能安定。

1020,action_part_a_orgasm_super_B,0,CVP_A2_T|107_E_1&CVP_A2_A|5_G_3&CVP_A2_A|5_LE_6,已为人妻的{TargetName}成熟丰腴的娇躯骤然以惊人之势剧烈痉挛起来，{anal}极度失控地一阵接一阵猛烈收缩绞缩，紧窄的括约肌疯狂而持续地翕张翻卷，每一阵痉挛都比前一阵更加猛烈，大量温热的肠液混着淫沫从{anal}深处失禁般地喷涌而出，沿着丰润的臀缝向下不停喷溅漫流，将成熟饱满的大腿内侧彻底浸透沾湿。\n丰腴的腰肢反复地深度向上猛烈弓起，每次都弓到极致的弧度，圆熟的臀肉被这股力道完全拱离，弓到顶点后又彻底无力地砸落瘫软，随即被{anal}下一阵更猛烈的绞缩再次强行弓起，成熟的脊背在深弓与垂落之间失控颤动。\n修长丰腴的双腿彻底失去控制，脚趾痉挛地死死蜷紧随即又无力张开，两条腿在猛烈夹拢与无力蹬开之间反复失控颤动乱蹬。\n口水无意识地从微张的唇角不断溢出，眼神彻底涣散空洞，人妻成熟的身躯在这场极致的冲击中久久无法自控，颤个不停。
1021,action_part_a_orgasm_super_B,0,CVP_A2_T|107_E_1&CVP_A2_A|5_G_3&CVP_A2_A|5_LE_6,{TargetName}身为人妻的成熟身躯被那股积累已久的极致快感彻底冲垮，{anal}以惊人的频率不受控制地连续收缩痉挛，紧致的括约肌一圈圈疯狂绞缩翕张，肠壁剧烈蠕动翻涌，滚烫的肠液大量喷涌而出，混着白沫从{anal}处失禁般地不断喷溅涌流，顺着成熟丰满的腿根向下大量漫延，将下身彻底浸透。\n丰润的腰肢一阵阵向上猛地弓起，每一次都将成熟的腰背拱成一个极限的弧形，随后又彻底无力地瘫落，随即{anal}又一阵更猛烈的痉挛将腰肢再度强行弓起，如此循环往复几乎没有丝毫间歇。\n成熟的小腹随着{anal}每一次剧烈绞缩反复向内猛烈抽搐，丰腴的双腿完全失控，时而痉挛地死死夹拢，时而又无力地向外瘫软乱蹬，脚尖绷得笔直随即又无力垂落。\n纤长的手指痉挛地死死抓紧，指节泛出白痕随即又无力松散，整条手臂无意识地剧烈颤抖，眸子失焦无光，整个人妻的身躯颤抖不止久久无法平复。
1022,action_part_a_orgasm_super_B,0,CVP_A2_T|107_E_1&CVP_A2_A|5_G_3&CVP_A2_A|5_LE_6,已婚多年的{TargetName}丰熟娇躯猛然绷直，随即陷入一阵又一阵剧烈到近乎失控的痉挛，{anal}极度剧烈地连续绞缩收紧，成熟紧窄的括约肌疯狂而持续地一开一合翕张个不停，肠道深处如决堤般不断涌出滚烫的肠液，大量透明黏腻的液体从{anal}中喷涌失禁，沿着圆润的臀瓣与腿缝汩汩流淌，将成熟的臀腿彻底沾染浸湿。\n全身丰腴的肌肉随着每一阵绞缩强烈而持续地绷紧抽搐，成熟的腰背反复深度弓起又骤然彻底瘫软，一弓一落之间久久无法停歇。\n修长的四肢失控地剧烈颤抖，双腿时而猛烈痉挛地蹬直，时而又无力地大张瘫开，脚趾一次次死死蜷缩又骤然张开。\n微张的唇舌失控地颤动，一缕晶亮的口水顺着唇角悄然滑落，双眸彻底涣散失焦，人妻成熟的身躯在这场超乎想象的极致绝顶中彻底无法自控，持续颤抖良久方休。
1023,action_part_a_orgasm_super_B,0,CVP_A2_T|107_E_1&CVP_A2_A|5_G_3&CVP_A2_A|5_LE_6,{TargetName}成熟的人妻娇躯在这一刻彻底失去了控制，{anal}极度剧烈而漫长地连续痉挛收缩，一阵紧似一阵，成熟的括约肌疯狂地绞缩翻卷翕张，肠壁不受控制地剧烈蠕动收紧，大量温热黏稠的肠液从{anal}中一股股汹涌喷出，失禁般地涌流不止，将丰润的臀沟与大腿内侧尽数浸得湿透淋漓。\n丰腴成熟的腰肢反复向上深深弓起，圆熟的臀部被高高拱起绷到极致，弓到顶点后又彻底无力地砸落瘫软，随即又被{anal}新一轮更猛烈的绞缩强行拱起，脊背一弓一塌反复失控颤动。\n丰满的双腿剧烈乱蹬痉挛，脚尖时而绷得笔直时而痉挛蜷缩，小腹随着{anal}的每一次收缩一下下向内猛抽。\n眼神彻底涣散空洞，唇角不断溢出口水，纤指痉挛地攥紧又松开，整具成熟的身躯在极致的冲击里剧烈颤抖，久久难以平息。
1024,action_part_a_orgasm_super_B,0,CVP_A2_T|107_E_1&CVP_A2_A|5_G_3&CVP_A2_A|5_LE_6,身为他人之妻的{TargetName}丰熟的身躯骤然以极致之势剧烈弓起，{anal}极度失控地一波接一波猛烈痉挛绞缩，成熟饱满的括约肌疯狂而持久地收紧翕张翻卷，每一阵收缩都比上一阵更加剧烈汹涌，滚烫的肠液混着淫沫从{anal}深处失禁般大量喷涌喷溅，顺着丰腴的臀腿一路蜿蜒淌落，将成熟的下身彻底浸得湿漉漉一片。\n全身成熟丰腴的肌肉强烈而持续地绷紧痉挛，丰润的腰肢一次次深度向上猛弓，随即又彻底无力地瘫软塌落，如此反复循环久久不歇。\n修长的双腿彻底失控地剧烈颤抖乱蹬，时而死死夹拢时而无力大张，脚趾反复痉挛蜷缩又张开。\n微张的红唇失控地颤抖，晶莹的唾液顺着唇角溢出滑落，双眸彻底失焦涣散无神，人妻成熟的娇躯在这场远超寻常的极致绝顶之中彻底无法自控，剧烈而持续地抽搐颤抖，良久方才渐渐平复。

1025,action_part_a_orgasm_super_B,0,target_is_player_daughter&CVP_A2_A|5_G_3&CVP_A2_A|5_LE_6,亲生女儿{TargetName}青涩的娇躯毫无预兆地剧烈弹动起来，{anal}猛地陷入一阵极度剧烈而漫长的连续痉挛，一圈紧致的括约肌疯狂地绞缩翕张，一开一合地失控收放着，怎么也停不下来。\n她少女纤细的腰肢猛然向上深深弓起，绷成一道紧张的弧线，随即又彻底瘫软塌落，如此反复地弓起又软落了好几回，年轻的小腹随着{anal}的抽搐一下下向内狠狠抽紧。\n两条细嫩的长腿失控地颤抖乱蹬，脚趾用力地蜷曲绷直，脚踝处的嫩肉绷得死紧，膝盖不受控制地一阵阵痉挛打颤。\n伴随着{anal}的疯狂绞缩，大量温热的肠液从深处喷涌而出，失禁般地涌流不止，顺着少女嫩白的臀缝与大腿内侧汩汩淌下，将那片稚嫩的肌肤浸得一片泥泞湿滑。\n她的眼神彻底涣散失焦，嘴唇失控地大张，舌尖无力地探出，一缕缕晶亮的口水顺着下巴滑落，年轻的面庞在父亲{Name}面前失神地抽搐，整副娇嫩的身躯在这场超乎想象的极致绝顶中剧烈而持久地抽动痉挛着。
1026,action_part_a_orgasm_super_B,0,target_is_player_daughter&CVP_A2_A|5_G_3&CVP_A2_A|5_LE_6,{TargetName}这具属于父亲{Name}的年轻身躯骤然绷得笔直，{anal}不受控制地爆发出一连串极度猛烈的连续收缩，紧窄的括约肌一遍遍疯狂地翕张绞拢，长久地抽搐个不停，连一丝喘息的间隙都没有。\n她少女的脊背深深地向后弓起成一张满弓，紧绷到极致后又轰然彻底瘫软下去，腰部就这样反复地深弓再塌陷，纤腰上的肌肉一波接一波地剧烈抽紧。\n四肢无法自控地剧烈颤栗，一双细腿胡乱地痉挛蹬动，纤细的手指死死地蜷曲抠紧，指节因过度用力而根根泛白，脚尖绷直到极限又猛地内勾。\n{anal}随着这疯狂的绞缩大股大股地喷涌出滚烫的肠液，如决堤般失禁似地喷洒淌流，将少女圆嫩的臀瓣和腿根冲刷得湿淋淋一片，滴滴答答地坠落不止。\n她双眼上翻失神，眼神彻底散乱，殷红的舌头无力地垂挂在唇边，透明的涎水不受控制地溢流而下，年轻娇美的面容在亲生父亲眼前彻底失控地扭曲抽搐，整个娇躯陷入近乎失控的极端颤抖里。
1027,action_part_a_orgasm_super_B,0,target_is_player_daughter&CVP_A2_A|5_G_3&CVP_A2_A|5_LE_6,娇小的女儿{TargetName}整具青嫩身子毫无征兆地剧烈弓弹，{anal}深处骤然掀起一阵极致强烈的连绵痉挛，一环稚嫩的括约肌发疯般地一缩一放绞紧翕张，长时间地失控抽搐着无法平息。\n她年轻的腰肢一次次向上狠狠顶弓，绷紧成极限的弧度后又软绵绵地整个塌陷下去，如此往复不休，紧实的小腹随{anal}的每一次绞缩而深深地凹陷抽搐。\n两条稚嫩的美腿在空中失控地乱颤乱蹬，脚趾痉挛着用力抓蜷，脚背绷得笔直，膝头不住地打着哆嗦相互磕碰。\n随着{anal}疯狂的连续翕缩，浓稠温热的肠液毫无节制地喷射涌出，失禁一般地泊泊外淌，将少女白皙细嫩的下身和腿间浇灌得一塌糊涂，湿漉漉地淌成一片。\n她的双眸失神地朝上翻起，唇齿完全失去了控制而大张，舌尖软软地伸吐出来，晶莹的口涎顺着嘴角一线线滑落，稚气未脱的脸蛋在父亲{Name}注视下失神地痉挛，全身筋肉在这极端的超强绝顶里绷紧又剧烈抽搐着。
1028,action_part_a_orgasm_super_B,0,target_is_player_daughter&CVP_A2_A|5_G_3&CVP_A2_A|5_LE_6,父亲{Name}的女儿{TargetName}水嫩的娇体猝然剧烈地弹跳挣动，{anal}一下子被卷入极度激烈又漫长的连环抽搐，一圈嫩窄的括约肌狂乱地收放绞缩，翕张个不停，长久地失控收缩着毫无停歇。\n少女柔韧的腰肢反复地深深弓挺又骤然瘫软，一起一伏之间幅度大得惊人，平坦嫩白的小腹随着{anal}的猛烈痉挛一阵阵急促地向内绞紧。\n她纤秀的四肢彻底失去了控制，双腿抽搐着无意识地乱蹬乱踹，十根脚趾用力地扣曲绷紧，纤纤玉指死死抠攥，攥得指尖发青。\n{anal}在这狂乱的翕缩里汹涌地喷吐出滚烫的肠液，一股股失禁般地喷薄而出，源源不绝地顺着年轻紧翘的臀肉与嫩腿流淌坠落，淋漓地打湿了大片稚嫩的肌肤。\n她眼神彻底涣散而空茫，粉唇失控地张合，舌头无力地探出唇外，涎水成缕地流溢下坠，青春稚嫩的面孔在亲生父亲眼前失神地抽搐颤动，整副娇嫩身躯在超乎想象的极致高潮中久久地剧烈痉挛不止。
1029,action_part_a_orgasm_super_B,0,target_is_player_daughter&CVP_A2_A|5_G_3&CVP_A2_A|5_LE_6,{TargetName}这个属于父亲{Name}的娇嫩女儿全身骤然绷紧到极点，{anal}毫无预警地爆发出极度剧烈且持久的连续挛缩，稚嫩的括约肌一圈圈疯狂地绞紧又翕开，密集地抽搐痉挛着完全不听使唤。\n她年轻的后腰猛地深深弓起离地，紧绷成一道满弓般的弧线，紧接着又整个瘫软地跌落下去，反反复复地深弓又崩塌，少女柔嫩的腹肌随之一下下狠狠收紧凹陷。\n四肢不受控制地剧烈痉挛乱抖，一双嫩腿在半空中胡乱地颤蹬绷直，脚趾狠狠地蜷缩抓挠，纤细的手指痉挛着攥成紧拳。\n{anal}随着疯狂的绞缩喷涌出大量炽热的肠液，如失禁般止不住地喷洒外溢，一波接一波地冲刷着少女白嫩圆润的臀缝和腿根，将下身冲得湿透泥泞。\n她双眼失神地上翻涣散，嘴巴失控地大张，鲜嫩的舌尖无力垂吐，透亮的口水一串串滴落而下，娇稚的脸庞在父亲的凝视里失神地抖动扭曲，整具青涩娇躯在这极端失控的超强绝顶中痉挛抽搐了许久才渐渐平息。

1030,action_part_a_orgasm_super_B,0,CVP_A2_T|102_E_1&CVP_A2_A|5_G_6,幼小的{TargetName}娇小的身躯骤然被彻底冲垮，{anal}以远超想象的幅度极度剧烈地连续痉挛收缩，稚嫩的括约肌疯狂而不受控制地一圈圈绞缩翕张，密集得几乎连成一片，一波接一波怎么也停不下来。\n她纤细的四肢完全失控地痉挛乱蹬，圆润的小腿绷得笔直又猛地瘫软，小小的脚趾用力向内蜷扣到发白，幼童特有的圆润膝盖不住地打颤磕碰。\n单薄的腰肢反复深深弓起成一道紧绷的弧线，随即又彻底脱力地瘫软下去，稚气的小腹一下下猛烈抽搐，圆嫩的肚皮随着{anal}的绞缩不停剧烈起伏。\n积蓄已久的巨量肠液终于被一齐释放，从翕张不止的{anal}里大量喷涌而出，失禁般地涌流不止，顺着幼小的臀缝一股股淌落，将稚嫩的皮肤浸得湿透。\n她的眼神彻底涣散失焦，稚嫩的唇舌失控地张着，晶亮的口水顺着嘴角不停溢出，小小的身子在漫长的极致颤栗里近乎失控地抽动，久久无法平复。
1031,action_part_a_orgasm_super_B,0,CVP_A2_T|102_E_1&CVP_A2_A|5_G_6,{TargetName}幼小稚嫩的身体彻底失去了控制，{anal}长时间不受控制地疯狂痉挛，一下比一下更深、更急，娇嫩的括约肌一圈圈死死绞缩又猛地翕张，密不透风地连续收缩个不停。\n她细若嫩藕的双腿失控地大幅颤抖，一会儿死死向内夹拢，一会儿又无力地乱蹬开去，稚嫩的脚背绷直到极限，小脚趾一根根痉挛着蜷曲扣紧。\n瘦小的背脊猛地向后深深弓起，紧绷成一张满弓，紧接着又整个瘫软塌陷下来，反反复复无数次，幼小的胸口随着完全失序的呼吸剧烈起伏喘动。\n被反复压抑累积的大量肠液终于失禁般奔涌倾泻，从{anal}里一股股喷射出来，热热地涌流不止，将幼小的下身和臀缝彻底淋得湿漉漉一片。\n稚气的小脸涨得通红又渐渐失神，大眼睛失焦地半睁着，濡湿的唇边挂着不断溢出的津液，整具娇小的躯体在极致的抽搐里久久痉挛，怎么也停不下来。
1032,action_part_a_orgasm_super_B,0,CVP_A2_T|102_E_1&CVP_A2_A|5_G_6,娇小玲珑的{TargetName}整个人被这股究极的绝顶彻底淹没，{anal}极度剧烈地连续收缩痉挛，一波未平一波又起，稚嫩的括约肌不受控制地疯狂翕张绞缩，紧了又松、松了又紧，抽搐得连绵不绝。\n她幼小的四肢彻底失控，纤细的手指死死攥紧又骤然张开，小小的手臂无力地颤抖乱抓，两条稚嫩的小腿痉挛着蹬动，圆润的脚踝绷得紧紧的不停打颤。\n单薄的腰身一次次高高弓起离地，绷到极致后又猛然彻底软塌下去，幼童圆嫩的小腹随着{anal}的每一下绞缩狠狠地向内抽紧，一下下抽搐个不停。\n囤积已久的滚烫肠液终于决堤般喷涌而出，大量地从{anal}深处失禁似地喷射倾泻，怎么也止不住，顺着娇嫩的股缝一路淌下，浸湿了一大片稚嫩的肌肤。\n她的意识仿佛被彻底冲空，眼神涣散得毫无焦点，小嘴无意识地大张着，透明的口水沿着下巴滴落，整个幼小的身躯在漫长的极致战栗中失控抽动，迟迟无法平息。
1033,action_part_a_orgasm_super_B,0,CVP_A2_T|102_E_1&CVP_A2_A|5_G_6,{TargetName}稚嫩的小身板猛地绷成一道紧张的直线，{anal}以极端剧烈的幅度长久痉挛不止，稚气的括约肌像是完全失去了控制，疯狂地一收一放绞缩翕张，密集而连续地抽搐着停不下来。\n她幼小的双腿失控地剧烈痉挛，时而向内死死并拢挤压，时而又猛地乱蹬乱踢，纤细的脚趾一次次用力蜷缩又张开，圆润的膝盖不住地相互磕碰打颤。\n瘦弱的腰肢深深地向上顶弓起来，反复挺起又反复彻底瘫软，稚嫩的肚皮随着{anal}的疯狂绞缩一下下猛烈起伏，娇小的胸膛剧烈喘动着完全失了节律。\n积攒到极限的大量肠液终于一齐奔涌释放，从翕动不休的{anal}里失禁般喷涌倾泻，一股接一股怎么也停不住，将幼小的臀部和大腿内侧浸得透湿黏腻。\n她涣散的眼神彻底失去焦点，稚气的唇舌无力地失控张合，晶莹的涎水顺着嘴角一线线滑落，整具娇小柔嫩的躯体在这漫长的极致抽搐里久久无法自控。
1034,action_part_a_orgasm_super_B,0,CVP_A2_T|102_E_1&CVP_A2_A|5_G_6,被巨量快感一齐冲垮的{TargetName}幼小躯体彻底失控，{anal}极度剧烈又漫长地连续痉挛收缩，稚嫩的括约肌疯狂地一圈圈绞紧又翕张，抽搐得又急又密，一浪高过一浪迟迟不肯停歇。\n她细嫩的四肢完全不听使唤地痉挛乱颤，小手死死抓紧身边一切又骤然松脱，两条幼小的腿绷直了又软塌，稚气的脚趾狠狠向内抠蜷得指节泛白。\n单薄娇小的腰背一次次深深弓起离地，紧绷到极点后又整个失力地摊塌下来，圆嫩的小腹随着{anal}一下下狠狠向内抽缩，幼童的身子止不住地大幅颤搐。\n囤积已久的滚烫肠液终于失禁般喷薄倾泻，大量地自{anal}深处一股股喷涌而出奔流不止，顺着稚嫩的股沟与腿根淌成一片，将娇小的下身彻底浸湿透。\n她的意识被这极致的一波彻底冲成空白，大眼失神地涣散着，湿润的小嘴无力张开任由口水溢淌，整具幼小的身躯在长久的战栗抽搐中近乎虚脱，久久难以平复。

1035,action_part_a_orgasm_super_B,0,CVP_A2_T|103_E_1&CVP_A2_A|5_G_6,娇小稚嫩的{TargetName}整具身子骤然弹弓般绷成了一张满月，稚气未脱的腰肢深深地向上弓起，随即又毫无预兆地彻底瘫软塌落，如此深弓与瘫软反复交替，一次比一次剧烈失控。\n{anal}疯了似的一阵接一阵剧烈痉挛收缩，纤小的括约肌疯狂而持续地绞缩翕张，细密的褶皱一圈圈收紧又松开，将那一波波长时间不受控制的连续抽搐尽数暴露出来。\n幼嫩的双腿在半空中失控地乱蹬颤抖，细若嫩藕的小腿一会儿绷得笔直一会儿又痉挛地蜷曲，稚嫩的脚趾一根根用力抠张开来，脚踝处的嫩肉不住地哆嗦。\n随着{anal}那毫无节制的疯狂绞缩，大股大股温热的肠液自深处失禁般地喷涌而出，沿着娇小的臀缝与稚嫩的腿根汩汩涌流不止，转眼便浸出一大片湿漉漉的痕迹。\n稚气的小脸涨得通红，眼神彻底涣散失焦，圆润的唇舌失控地半张着，一缕缕晶亮的口水顺着嘴角止不住地溢淌，纤细的十指死死抠紧又骤然张开，整具娇躯在这场究极的极致颤栗里抖得不能自已。
1036,action_part_a_orgasm_super_B,0,CVP_A2_T|103_E_1&CVP_A2_A|5_G_6,{TargetName}娇小的身躯毫无预兆地剧烈绷紧，稚嫩的四肢齐齐痉挛僵直，紧接着又一寸寸失控地软瘫下去，绷紧与瘫软如潮水般一遍遍反复冲刷着这具青涩的小小躯体。\n{anal}极度剧烈地连续抽搐痉挛，纤幼的括约肌一下下疯狂地收紧又骤然翕张，长时间不受控制地绞缩蠕动，稚嫩的穴口边缘随着每一次收缩细细地一圈圈颤动。\n初初发育的小腹随着{anal}的疯狂痉挛而深深地一抽一抽内凹收紧，稚气的腰肢猛地向上顶弓成一道深弧，弓到极处又骤然失力地砸落瘫软下来。\n伴着那一阵阵愈演愈烈的绞缩，滚烫的肠液成股地自深处失禁涌喷而出，顺着幼嫩的股沟与细腿汩汩淌流个不停，将娇嫩的臀瓣浇灌得一片湿滑淋漓。\n幼小的脚趾在空中失控地痉挛勾张，细嫩的手指死死攥紧后又猛然松脱，稚嫩的脸蛋通红失神，半张的小嘴里溢出断续的气音与亮晶晶的津液，整个人在极致的抽搐里彻底失了控。
1037,action_part_a_orgasm_super_B,0,CVP_A2_T|103_E_1&CVP_A2_A|5_G_6,稚嫩娇小的{TargetName}周身肌肉猛然一齐强烈绷紧，纤细的脊背一节节弓拱到极限，紧绷到再无余地时又整具彻底瘫塌下去，深弓与瘫软一次次反复不休地交替上演。\n{anal}长时间不受控制地连续剧烈痉挛，稚幼的括约肌疯狂而持续地一圈圈绞紧翕张，一波接一波的抽搐由内向外扩散，将这一处敏感至极的稚嫩之地折腾得抖颤不停。\n娇小的双腿失控地在空中乱蹬乱颤，一时痉挛地夹拢一时又猛地绷直弹开，纤幼的膝盖不住哆嗦，稚嫩的脚背绷得死紧，脚趾根根用力扣张开来。\n随着{anal}疯狂而持续的绞缩翕张，大量温热的肠液如失禁般自深处汹涌喷淌，接连不断地顺着娇小的臀缝奔流而下，将稚嫩的腿根浸得湿淋淋的一大片。\n通红的小脸上一双眼睛彻底涣散无神，稚气的唇舌失控地颤抖着微张，涎水顺着下巴一线线滑落，纤细的指节死死掐紧又骤然张开，整具幼小身躯在这场超乎想象的颤栗中抖个不停。
1038,action_part_a_orgasm_super_B,0,CVP_A2_T|103_E_1&CVP_A2_A|5_G_6,{TargetName}那具青涩幼小的身体骤然剧烈地弹跳绷直，稚嫩的腰腹深深地弓挺而起，弓到极处便又毫无支撑地彻底软瘫倒塌，如此起落反复交替得一次比一次癫狂失控。\n{anal}极度剧烈又长久地一阵阵连续痉挛，纤小稚嫩的括约肌疯狂持续地绞缩又翕张，穴口的细褶随着每一记抽搐一圈圈猛烈收拢又骤然松弛，抖颤个不停。\n初现少女轮廓的小腹随着{anal}的痉挛而一下下深深抽紧内凹，幼嫩的双腿在半空里失控地痉挛乱蹬，纤细的脚踝哆嗦不止，稚嫩的脚趾用力抠得张开又蜷起。\n伴着那毫无节制的疯狂绞缩，成股滚烫的肠液自深处失禁般地喷涌不止，接二连三地顺着娇小臀瓣与稚嫩腿缝奔涌淌落，转瞬便汪出一大摊湿亮的痕迹。\n稚气未脱的小脸涨得绯红，眸光彻底失焦涣散，微启的唇齿间控制不住地淌出亮晶晶的口涎，纤幼的十指紧紧抠张后又瘫软松开，整个娇小身躯在极致的失控颤抖中久久不能平息。
1039,action_part_a_orgasm_super_B,0,CVP_A2_T|103_E_1&CVP_A2_A|5_G_6,娇小青涩的{TargetName}整个人猛地弓成了一张紧绷的弯弓，稚嫩的腰身向上深深顶起，随即失力地整具砸落瘫软，一弓一塌间反复交替着，幅度大得近乎失控。\n{anal}疯狂而持续地一阵接一阵剧烈绞缩翕张，纤幼的括约肌长时间不受控制地连续痉挛收紧，稚嫩的穴口一圈圈猛烈地收拢又张开，将那累积已久的巨大波澜尽情释放出来。\n幼小的四肢齐齐失控地颤抖痉挛，细嫩的双腿一会儿死死夹拢一会儿又猛然乱蹬弹开，稚气的脚趾根根用力抠张，纤细的手指攥得死紧后又骤然瘫松。\n随着{anal}那毫不停歇的疯狂抽搐，大股大股温热的肠液失禁似地自深处汹涌喷淌，一波波顺着娇小的股沟与稚嫩腿根倾泻奔流，将幼嫩的臀肉浇得湿漉漉一大片。\n通红失神的小脸上眼神彻底涣散，稚嫩的唇舌失控地微张颤动，晶亮的涎液顺着嘴角一缕缕止不住地滑落，整具幼小娇躯在这场究极的极致颤栗里抽搐得再难自持。

1040,action_part_a_orgasm_super_B,0,CVP_A2_T|104_E_1&CVP_A2_A|5_G_6&high_4,{TargetName}青涩的娇躯毫无预兆地剧烈弹起，纤细的腰肢深深地向上弓成一道紧绷的弧线，随即又猛地彻底瘫软塌下，如此反复起伏个不停。\n{anal}开始了长时间不受控制的连续痉挛，一圈圈疯狂地收紧又翕张，肛门口的括约肌一下下拼命绞缩着，翻搅出细密而急促的收缩节奏，久久无法平息。\n少女纤瘦的四肢彻底失了控，两条细腿在半空中无意识地乱蹬乱颤，脚趾一根根用力抠紧又猛地张开，双手死死攥紧，指节泛出惨白。\n伴随着一波接一波的绞缩，大股大股温热的肠液自{anal}深处失禁般地喷涌而出，顺着颤抖不止的臀缝和大腿内侧汩汩地淌落，怎么也止不住。\n她的脑袋无力地向后仰去，眼神彻底涣散失焦，柔软的舌尖失控地探出唇外，一缕缕晶亮的口水顺着嘴角断线似地滑落，青春的身躯在这场究极的绝顶里持续抽搐了许久才慢慢瘫平。
1041,action_part_a_orgasm_super_B,0,CVP_A2_T|104_E_1&CVP_A2_A|5_G_6&high_4,承受不住的{TargetName}整个青嫩的身子骤然绷成一张满弓，脊背离地高高弓起，紧绷了好一会儿后又毫无力气地彻底摊塌下去，接着再度弓起，来回折腾。\n{anal}陷入极度剧烈的连环抽搐，一波未平一波又起地疯狂缩紧，环状的括约肌翻来覆去地拼命翕合绞拧，那阵痉挛久久无法停歇下来。\n娇嫩的双腿痉挛着大幅度地抖动，膝盖忽而并拢忽而张开，纤细的脚踝绷得笔直，十根脚趾蜷曲扣紧到发颤，双手在空中胡乱抓挠攥握。\n随着{anal}一次次凶猛的绞缩，滚烫的肠液毫无节制地一股股狂喷出来，喷溅得臀下和腿根一片狼藉，黏腻的液体顺着痉挛的腿肉不停地往下坠淌。\n少女的下巴不受控制地大张，眼珠向上翻起失去焦点，唇舌瘫软地耷拉着，透明的涎水成串地从张开的嘴角溢流而下，整具青春的躯体持续颤栗了很久，才一点点脱力地松垮下来。
1042,action_part_a_orgasm_super_B,0,CVP_A2_T|104_E_1&CVP_A2_A|5_G_6&high_4,{TargetName}稚气未脱的娇躯像被电流贯穿般猛然一挺，两片圆嫩的臀肉高高绷起离开原处，纤腰深深下陷又反弓，如此不受控制地大幅起伏了一轮又一轮。\n{anal}掀起长久而狂暴的连续收缩，一圈接一圈地死命夹紧再撑开，肛口的括约肌疯了般急促绞动翕张，那阵痉挛迟迟停不下来。\n她青涩的四肢彻底失控地乱颤，细长的双腿在空中无序地蹬踹搐动，脚尖时而死死绷直时而猛地内勾，两手攥得死紧，指甲深深掐进掌心。\n大量温热的肠液自剧烈翕动的{anal}里失禁似地汹涌喷落，一波波顺着抖个不停的股沟四下横流，濡湿了整片颤抖的腿根与臀丘。\n少女的头颅无力地垂偏向一侧，双眼失神地半睁着涣散无光，软塌的舌头滑出齿关，晶莹的口水一线线淌满下颌，充满朝气的身体在漫长的极致绝顶中持续抖动了许久方才彻底虚脱下来。
1043,action_part_a_orgasm_super_B,0,CVP_A2_T|104_E_1&CVP_A2_A|5_G_6&high_4,再也支撑不住的{TargetName}娇小身躯猛地弹跳起来，柔韧的腰身一次次深深弓折成极限的弧度，绷到顶点后又整个塌软下陷，反反复复地剧烈起落个不停。\n{anal}发起极度失控的漫长痉挛，密不透风地连番缩绞翕张，肛门口的括约肌一下下疯狂地拧紧松开，绞缩的幅度大得吓人且久久不歇。\n青春的双腿失了控般痉挛乱抖，两膝无意识地开合碰撞，纤瘦的脚背绷得死紧，脚趾抠缩成一团又骤然弹开，双手胡乱攥紧身侧不放。\n伴着{anal}一轮轮凶猛的绞夹，成股的滚烫肠液毫无遮拦地喷射涌流而出，噗噗地溅落在痉挛的臀腿之间，黏腻不止地顺着抽搐的大腿内侧蜿蜒滑坠。\n她的脖颈无力后折，眼神空洞涣散地上翻，粉嫩的舌尖失控地垂吐在外，一缕缕口水顺着松弛的嘴角接连滴落，稚嫩的躯体在这究极的高潮余波里长久地颤抖抽搐，良久才脱力平复。
1044,action_part_a_orgasm_super_B,0,CVP_A2_T|104_E_1&CVP_A2_A|5_G_6&high_4,{TargetName}青嫩的娇体毫无征兆地剧烈弓弹而起，单薄的腰肢绷紧着高高拱起一道深弧，紧接着又彻底失力地砰然瘫落，一起一伏地连续震颤不休。\n{anal}陷入超乎寻常的长久狂缩，一圈圈不受控地骤紧骤松，环形的括约肌翻搅般疯狂翕合绞拧，那连绵的痉挛怎么也停不住。\n少女纤细的手脚彻底失控地抽搐颤动，两条嫩腿在空中乱蹬乱夹，脚踝绷成一条直线，脚趾一次次痉挛地扣拢张开，十指死死抠攥成拳。\n随着{anal}一波紧似一波的绞缩，大量温热黏稠的肠液如失禁般狂涌喷淌而出，一股股沿着颤动的臀缝奔流四溢，把整片抖颤的腿根濡得湿漉漉的。\n她的头颅瘫软地向后垂坠，双眼失焦地翻白涣散，绵软的舌头无力地滑吐出唇，透亮的涎液成串地自嘴角垂落濡湿下巴，洋溢着青春气息的身躯在这极致的绝顶中久久痉挛，直到力气耗尽才缓缓沉静下来。

1045,action_part_a_orgasm_super_B,0,CVP_A2_T|105_E_1&CVP_A2_A|5_G_6,{TargetName}成熟丰盈的娇躯毫无预兆地骤然弓成一张满弓，{anal}猛地发起极度剧烈而漫长的连续痉挛，一波未平一波又起地疯狂收紧又翕张，成熟的括约肌不受控制地绞缩翻搅个不停。\n她丰满修长的双腿骤然绷得笔直，随即又失控地大幅乱蹬颤抖，脚趾用力扣得死死蜷曲，圆润的臀肉一下下深深内夹。\n伴随着{anal}一阵接一阵的疯狂抽搐，大股温热的肠液失禁般地喷涌而出，顺着丰腴的腿根成串地涌流不止，将成熟的肌肤浇得一片黏亮狼藉。\n她成熟的面庞早已彻底失神，眼神涣散地上翻，唇舌失控地松垮张着，止不住的口水顺着嘴角挂落，成熟的神情里却仍残着一丝未褪的青涩慌乱。\n腰身在半空反复深深弓起又骤然彻底瘫软，丰盈的躯体被这一波波极致的痉挛掀得无力抽搐，久久无法平息。
1046,action_part_a_orgasm_super_B,0,CVP_A2_T|105_E_1&CVP_A2_A|5_G_6,{TargetName}成熟的腰肢猛地向上弹起，整副丰满的身躯剧烈地弓成一道紧绷的弧线，{anal}疯狂地连续绞缩收紧，一下比一下更深更急，成熟饱满的括约肌长时间失控地翕张痉挛不止。\n她修长丰腴的四肢彻底失去了控制，双腿时而绷直时而胡乱痉挛地蹬踹，纤长的手指死死抠攥着，指节泛得惨白，圆润的脚背一次次骤然绷紧。\n{anal}随着每一轮剧烈的抽搐喷涌出一大股又一大股滚烫的肠液，黏腻的液体不受控制地涌流而下，将丰润的臀缝与腿根浇得湿淋淋一片。\n成熟秀丽的脸庞失神地仰起，双眼失焦地翻上，湿软的舌尖失控地探出唇外，透明的涎水顺着下颌线淌落，那副本该从容的成熟神情里透出全然青涩的溃乱。\n腰腹反复深深弓起后又一次次彻底软塌下去，丰盈的身子止不住地大幅抽搐颤栗，被这场极致的痉挛掀得久久瘫软难宁。
1047,action_part_a_orgasm_super_B,0,CVP_A2_T|105_E_1&CVP_A2_A|5_G_6,{TargetName}丰满成熟的身体骤然绷成僵直的一线，紧接着{anal}便发起极度剧烈而持续的连环痉挛，深深地绞紧又猛然翻张，成熟的括约肌疯狂而不知疲倦地一圈圈收缩绞拧。\n她圆润饱满的臀部高高弓离，两条丰腴的长腿失控地大张又猛夹，脚趾痉挛般用力蜷扣，一双手胡乱抓攥握紧，成熟的手背上青筋根根凸起。\n伴着{anal}没完没了的疯狂抽缩，成股的滚热肠液毫无节制地喷射涌出，顺着颤抖的丰腴腿根一道道失禁般地流淌，浇得成熟的肌肤尽是黏亮的湿痕。\n她成熟饱满的胸膛剧烈起伏喘息，面庞彻底失神地涨红上翻，唇舌松垮失控地大张，晶亮的口水连绵溢落，成熟的容颜里却泄出一缕未脱的青涩慌张。\n腰身在半空一次次深弓又骤然彻底瘫垮，整副丰盈的躯体被极致的余波掀得断续抽搐，久久无法从这场剧烈的痉挛中平复。
1048,action_part_a_orgasm_super_B,0,CVP_A2_T|105_E_1&CVP_A2_A|5_G_6,{TargetName}成熟丰腴的躯体毫无征兆地剧烈弹颤，{anal}骤然爆发出极度猛烈而漫长的连续收缩，一波紧接一波地疯狂绞紧翕合，成熟的括约肌失控地翻搅绞拧个不休。\n她丰满修长的双腿骤然痉挛着笔直绷起，转瞬又无力地失控乱蹬，圆润的脚趾死死向内扣曲，丰润的臀肉随着每一次抽搐深深地向内收夹。\n{anal}伴着疯狂的连番痉挛喷涌而出大量灼热的肠液，黏稠的液体失禁般地成串涌流不止，顺着成熟丰腴的腿根蜿蜒淌下，将细腻的肌肤浸得一片湿滑。\n成熟娟秀的脸庞失神地仰翻，双目涣散地失焦上翻，柔软的舌尖失控地垂出唇边，透亮的涎液顺着下巴滴坠，成熟从容的神韵间却难掩一抹青涩的失措。\n她的腰肢反复深深弓拱后又彻底软塌瘫下，丰盈成熟的身子被这极致的痉挛反复掀撼，止不住地大幅颤抖抽搐，久久难以安定。
1049,action_part_a_orgasm_super_B,0,CVP_A2_T|105_E_1&CVP_A2_A|5_G_6,{TargetName}成熟饱满的娇躯猛然向后深深仰弓，{anal}随即发起极度剧烈又持久的连续抽搐，一阵接一阵地疯狂绞缩翻合，成熟丰盈的括约肌长时间失控地收紧又翕张不止。\n她两条丰腴修长的腿失控地大幅乱蹬痉挛，脚趾用力蜷扣得死紧，纤长的十指胡乱抠握着，指节因过度用力泛出惨白，圆润的臀部一下下猛地内夹。\n随着{anal}永无止歇的疯狂绞缩，滚烫的肠液如失禁般大股大股地喷涌而出，一道道顺着颤栗的丰腴腿根汩汩涌流，将成熟的肌肤浇淋得湿漉黏腻。\n她成熟秀美的面容彻底失神涨红，双眼失焦地翻起，湿滑的唇舌松垮失控地大张，连绵的涎水沿着下颌滑落，那副成熟的神情里却露出全然青涩的崩乱。\n腰腹在半空反复深弓后又一次次彻底瘫软塌落，整副丰满的身躯被极致的痉挛掀荡得断续抽搐颤抖，久久无法从这场剧烈的余韵中回落平息。

1050,action_part_a_orgasm_super_B,0,CVP_A2_T|106_E_1&CVP_A2_A|5_G_6,熟透丰盈的{TargetName}整副娇躯骤然剧烈地弹跳绷紧，{anal}再也压抑不住地爆发出一阵极度剧烈而漫长的连续痉挛，成熟老练的括约肌疯狂而不停歇地翕张绞缩，一圈圈地收紧又猛地松脱，仿佛要将积攒了太久的一切一齐倾泻出来。\n丰腴的腰肢反复地深深弓起又彻底瘫软下去，圆润饱满的臀肉一下下不受控制地夹紧抽搐，成熟修长的双腿失控地乱蹬颤抖，脚趾用力地蜷曲扣拢又骤然张裂。\n随着{anal}那近乎失控的持续绞缩，大量温热黏腻的肠液终于失禁般地喷涌而出，一股接一股汹涌地涌流不止，将成熟丰腴的股缝内侧浇淋得一片狼藉。\n她成熟的面庞彻底失控，眼神涣散地失去了焦点，丰润的唇舌无力地垂张开来，津液顺着嘴角止不住地溢淌，喉间挤出断续失序的气音。\n全身丰腴的肌肉长时间地强烈绷紧抽搐，直到那累积已久的滔天巨浪终于被彻底放尽，成熟的躯体才一寸寸虚脱瘫软下来。
1051,action_part_a_orgasm_super_B,0,CVP_A2_T|106_E_1&CVP_A2_A|5_G_6,{TargetName}成熟饱满的身躯毫无预兆地猛然痉挛绷直，{anal}如决堤般连续不断地剧烈收缩翕张，那处历经风月而格外敏感的{anal}疯狂地一缩一放，绞缩的幅度大得几乎失去了节律，久久无法停息。\n她丰腴的腰腹一次次深深地向上弓起成弧，随即又彻底脱力般地砸落瘫软，圆熟的臀部剧烈地抽搐夹合，成熟的大腿痉挛着大幅乱颤，脚跟无力地反复蹬动。\n伴着{anal}那持续不断的癫狂绞缩，滚烫的肠液大量地喷洒涌出，失禁一般一波波地汹涌流泻，沿着丰腴成熟的腿根蜿蜒淌下，泛出湿亮的水光。\n成熟的眉眼彻底失神涣散，丰润的双唇大张着再也合不拢，涎水顺着下颌不受控制地拉丝滴落，急促紊乱的呼吸完全乱作一团。\n整具熟透的肉体在这漫长的极致颤栗中一遍遍抽搐绷紧，直至累积的巨量快感尽数释放，才缓缓虚脱地软瘫下来。
1052,action_part_a_orgasm_super_B,0,CVP_A2_T|106_E_1&CVP_A2_A|5_G_6,丰腴成熟的{TargetName}猛地仰起脖颈弓紧全身，{anal}毫无节制地爆发出一轮又一轮长时间的剧烈痉挛，成熟敏感的括约肌高频地疯狂绞缩收放，一下比一下更深地翕合，将憋积已久的一切一齐挤压释放出来。\n她圆熟饱满的腰肢深深地反复弓起塌陷，丰腴的臀肉不由自主地一阵阵剧烈夹紧又松脱，两条成熟的美腿失控地痉挛乱蹬，脚趾深深蜷扣着无力舒张。\n随着{anal}那不受控的连绵绞缩，浓稠温热的肠液大股大股地喷涌失禁而出，源源不绝地涌流着，将成熟丰腴的臀缝浇淋得湿漉一片。\n她成熟妩媚的面容彻底崩溃失控，双眸失焦地泛起水雾，柔软的舌尖无力地探垂在唇外，晶亮的津液不断地溢流而下。\n全身丰盈的肌肉长久地强烈抽紧战栗，直到那一齐倾泻的巨浪彻底退去，成熟的躯体方才脱力般地彻底瘫软松弛。
1053,action_part_a_orgasm_super_B,0,CVP_A2_T|106_E_1&CVP_A2_A|5_G_6,{TargetName}熟透丰满的娇体骤然剧烈地弹颤绷紧，{anal}再无半分收束地连续爆发出极致的痉挛绞缩，成熟老练的括约肌疯狂而持久地一圈圈翕张收紧，深深地绞合又猛然弹开，将累积到极点的一切尽数喷放。\n她丰腴的腰身一次次极深地弓成满弓又彻底瘫塌下去，成熟圆润的臀肉狂乱地抽搐痉挛，两腿失控地大幅乱颤蹬动，脚踝紧绷着微微抽搐。\n伴着{anal}那疯狂持续的绞缩收放，大量滚烫的肠液喷薄失禁般地汹涌喷出，一股压着一股奔流不止，将丰腴成熟的腿根内侧尽数浇透。\n她成熟的脸庞失神地涣散着，眼神空茫无焦，丰润的唇舌完全失控地松垂大张，口涎顺着唇角连绵不绝地淌落。\n整副熟腻丰盈的身躯在漫长而极端的抽搐中久久绷紧战栗，直至巨量快感被彻底放空，才一点点虚脱地软化下来。
1054,action_part_a_orgasm_super_B,0,CVP_A2_T|106_E_1&CVP_A2_A|5_G_6,成熟丰盈的{TargetName}全身骤然失控地剧烈痉挛弹起，{anal}毫无遮拦地喷发出一阵极度漫长的连续绞缩，那处成熟敏感的{anal}疯狂地翕张抽搐，一收一放间幅度大得惊人，长久地无法平息下来。\n她丰腴的腰肢深深地反复弓挺又彻底软瘫，圆熟饱满的臀部剧烈地夹缩抖颤，成熟修长的双腿痉挛失控地乱蹬乱颤，脚趾深深蜷曲又骤然张裂。\n随着{anal}那连绵不绝的癫狂收放，温热浓稠的肠液终于决堤般大量喷涌泄出，失禁似的一浪接一浪奔涌不休，把成熟丰腴的股间浇得湿透淋漓。\n她熟透的面容彻底失了神，双眼涣散泛白，丰润的嘴唇瘫软地大张着，涎液成丝地顺着下巴滴坠不止，气息急促而彻底紊乱。\n全身成熟丰盈的肌肉长时间地强烈绷紧抽搐颤栗，直到那憋积已久的滔天巨浪尽数倾泻放空，成熟的躯体才缓缓地彻底脱力瘫软。

1055,action_part_a_orgasm_super_B,0,CVP_A2_T|103_E_1&CVP_A2_A|5_LE_3,累积已久的巨量快感终于在这一刻被彻底释放，{TargetName}娇小稚嫩的身躯猛地绷成一张满弓，{anal}失控地剧烈痉挛收缩起来，一波接着一波长时间不受控制地连续绞紧。\n环绕在穴口的括约肌疯狂地翕张开合，一圈圈发狂似的绞缩又骤然松开，随即再度收拢，稚气未脱的小腹随着这股节奏深深地向内抽搐凹陷。\n纤细的两条小腿无法自控地剧烈痉挛，脚趾用力地蜷缩扣紧又猛地绷直，纤瘦的膝盖胡乱地蹬动踢腾，稚嫩的脚踝一次次地绷紧又弹开。\n单薄的腰肢反复深深地向上弓起，随后又彻底脱力般地重重瘫软塌下，娇嫩的脊背绷成僵直的弧线后又软成一滩。\n大股大股的肠液从剧烈开阖的{anal}里失禁般喷涌而出，顺着稚嫩的臀缝汩汩淌落不止，涣散失焦的双眸彻底失神，失控的唇舌间溢出一缕缕来不及吞咽的津液。
1056,action_part_a_orgasm_super_B,0,CVP_A2_T|103_E_1&CVP_A2_A|5_LE_3,终于被允许一齐宣泄出来的汹涌快感将{TargetName}彻底吞没，幼小的身子骤然剧烈地弹跳颤栗，{anal}以远超寻常的幅度疯狂痉挛，深处的肠壁一下下地绞紧又猛地翻涌收缩。\n穴口的括约肌持续而狂乱地一缩一放，翕动的频率快得几乎连成一片，稚嫩紧绷的小腹被这股力道扯得不住地深深塌陷抽搐。\n纤细娇软的四肢完全失去了控制，两条小腿在半空中胡乱地痉挛乱蹬，纤瘦的脚趾痉挛般地大张开来又狠狠蜷起，细弱的指尖死死地攥紧攥白。\n单薄稚嫩的腰身一次又一次深深地拱起绷紧，紧接着又如泄了气般彻底软塌下去，反复地弓起又瘫落。\n浓稠的肠液自狂乱翕张的{anal}中一股股地喷射失禁而出，涓涓不绝地涌流淌落，失神涣散的眼瞳彻底失去焦距，微张的唇齿间连绵不断地淌下亮晶晶的口涎。
1057,action_part_a_orgasm_super_B,0,CVP_A2_T|103_E_1&CVP_A2_A|5_LE_3,积蓄到极限的快感在这一瞬彻底决堤释放，{TargetName}发育未全的娇躯剧烈地弹动痉挛，{anal}不受控制地连续剧烈收缩，深长而持久地一波波绞缩绷紧个不停。\n穴口的括约肌陷入疯狂的开合，一圈嫩肉癫狂地绞拢又翕张，节奏又急又乱，稚嫩的下腹随着那股猛烈的抽搐一次次深深地凹陷收紧。\n瘦削纤细的双腿失控地剧烈抖颤，两只小脚绷直了脚背又猛然勾起，脚趾一根根痉挛地扣紧，纤弱的膝头无力地打着颤胡乱蹬踹。\n娇嫩单薄的腰肢深深弓成一道满月般的弧，随即又骤然脱力似地整个瘫软坍塌，如此反复地绷起又软落。\n汹涌的肠液从翻搅痉挛的{anal}深处失禁般喷涌不止，一道道地顺着稚嫩腿根淋漓流下，散乱失焦的眸子彻底涣散，失控的舌尖软软地探出唇外，晶亮的涎水成线地滑落。
1058,action_part_a_orgasm_super_B,0,CVP_A2_T|103_E_1&CVP_A2_A|5_LE_3,被反复逼到临界又硬生生截住的巨浪终于合而为一地倾泻而出，{TargetName}纤小的身体骤然剧烈地绷紧弹颤，{anal}极度失控地连番痉挛，深处一阵紧似一阵地疯狂绞缩个不休。\n穴口周围的括约肌狂乱地翕张个不停，一收一放间嫩肉疯狂地翻绞蠕动，稚气的小腹被扯得深深地一凹一凸剧烈起伏抽搐。\n细弱的两条小腿彻底失去支配，绷直、痉挛、又胡乱地乱蹬乱踢，纤细的脚趾死死地蜷曲扣紧，柔嫩的脚心绷成一道紧绷的弧。\n单薄的腰身深深地向上顶弓，脊背反复地绷成僵直的弓形后又整个软塌下来，一起一落间毫无章法。\n大量温热的肠液自剧烈开阖的{anal}里失禁般狂涌喷洒，源源不断地顺着娇嫩的臀腿淌落，涣散无神的双眼彻底失焦，微张失守的唇舌间一缕缕地溢出黏亮的津液。
1059,action_part_a_orgasm_super_B,0,CVP_A2_T|103_E_1&CVP_A2_A|5_LE_3,郁积到极点的快感终于被尽数放开一泄而尽，{TargetName}幼嫩的躯体剧烈地抽搐震颤，{anal}以骇人的力道长久地连续痉挛，一圈圈紧绷的肠肉发狂似地绞紧又猛地翻收。\n穴口的括约肌疯狂地一翕一张持续不断，狂乱地绞拢又骤然松开，稚嫩紧实的下腹随之深深地向内抽紧凹陷，一下下剧烈地起伏。\n纤瘦娇软的四肢完全失控地痉挛乱颤，两条细腿无力地胡乱蹬动，小小的脚趾猛地绷张又狠狠蜷起，纤细的指节死死掐紧泛出惨白。\n娇小单薄的腰肢一次次深深地弓起后又彻底瘫软坠落，脊背绷直成弓又软成一滩，反反复复不能自已。\n黏稠的肠液从癫狂翕合的{anal}中失禁似地喷涌倾泻，涓流不止地沿着幼嫩腿间蜿蜒滑下，失神涣散的瞳仁再聚不起焦点，失控的唇齿松松张开，亮晶晶的口水顺着下颌不住地垂落。

1060,action_part_a_orgasm_super_B,0,CVP_A2_T|107_E_1&CVP_A2_A|5_G_6,被反复逼至绝顶边缘又强行压回的人妻娇躯，在这一瞬终于彻底崩堤，丰腴成熟的身体猛地绷成一张满弓，{anal}极度剧烈地连续痉挛收缩，整圈括约肌疯狂地绞紧又骤然翻张，翕合的频率快得连成一片。\n她丰满的腰肢反复深深弓起，旋即又整个彻底瘫软塌陷，圆润饱满的臀肉一下下失控地抽搐颤栗，两条成熟修长的大腿绷得笔直又猛然乱蹬，脚趾死死扣紧后又痉挛般张开。\n{anal}一股接一股地喷涌出滚烫的肠液，失禁般顺着股缝汩汩涌流不止，将丰润的臀股浇淋得一片湿漉狼藉。\n她的脊背绷紧到极限，全身肌肉一齐持续地抽搐紧绷，十指痉挛地张开又蜷曲，指节泛得惨白。\n成熟的面庞彻底失神，眼神涣散上翻，唇舌失控地大张软垂，晶亮的口水顺着嘴角止不住地淌落，整具人妻的身躯在这场极致绝顶里近乎失控地剧烈痉挛。
1061,action_part_a_orgasm_super_B,0,CVP_A2_T|107_E_1&CVP_A2_A|5_G_6,熟透的人妻身躯像被抽走了所有力气般骤然痉挛起来，被压抑到极限的战栗在这一刻一齐迸发，{anal}长时间不受控制地疯狂缩紧，敏感至极的穴口一圈圈飞快地翕张绞动，止都止不住。\n她丰润的腰身高高弓起成一道深弧，紧接着彻底失力地砸落瘫软，成熟饱满的臀瓣剧烈地一颤一颤，圆熟的大腿根痉挛着夹紧又张开，纤长的小腿绷直乱颤，脚背弓得死紧。\n大量温热的肠液从{anal}深处失禁般喷薄涌出，一波未平一波又起地顺着腿间涌淌，淋漓地糊满了丰腴的臀缝。\n她的十指深深抠握，全身每一寸肌肉都强烈而持续地绷紧抽搐，胸膛急促而紊乱地剧烈起伏。\n成熟妩媚的面容彻底崩融失神，双眼失焦地朝上翻起，红唇大张再也合不拢，舌尖无力地垂出，涎水顺着下颌一线线滑落，整个人妻在这远超寻常的极致高潮里抽搐得近乎脱力。
1062,action_part_a_orgasm_super_B,0,CVP_A2_T|107_E_1&CVP_A2_A|5_G_6,人妻{TargetName}丰盈的身子被逼到极点后猛然彻底释放，成熟的娇躯剧烈地弹跳了一下，{anal}以远超寻常的幅度极度剧烈地连续抽搐，高度敏感的括约肌一下下疯狂绞缩翕合，收缩绵密得几乎没有间隙。\n她圆润的腰肢深深弓起又反复彻底瘫塌，丰满浑圆的臀肉大幅度地痉挛乱颤，两条丰腴的美腿失控地绷直又乱蹬乱蹭，脚趾一会儿死扣一会儿骤张，膝盖不住地打颤。\n{anal}汹涌地喷出一股股滚烫的肠液，如失禁般连绵不绝地涌流四溅，把成熟丰润的臀股浇得湿透狼藉。\n她背脊绷成僵直的弓，全身肌肉持续地强烈紧绷抽搐，双手死死攥握又剧烈发抖，指节一片惨白。\n熟艳的脸庞彻底失神涣散，美眸迷离上翻，双唇脱力地大张，舌头失控地探吐在外，亮晶晶的口涎不停顺着嘴角滚落，整具丰熟的人妻躯体陷入近乎失控的极端痉挛。
1063,action_part_a_orgasm_super_B,0,CVP_A2_T|107_E_1&CVP_A2_A|5_G_6,积蓄已久的悸动在这一刻决堤奔涌，成熟人妻的丰腴娇躯毫无预兆地剧烈绷紧震颤，{anal}极度剧烈且长久地连续收缩，格外敏感的穴口疯狂而不知疲倦地绞紧翻张，翕动频率快得连成一片模糊。\n她成熟的腰身猛地弓成满弓，随即整条脊背彻底虚脱般塌软下去，圆熟饱满的臀丘一颤一颤地失控抽搐，修长丰润的双腿痉挛着交替乱蹬，脚尖时而绷直时而扣曲。\n温热黏稠的肠液从{anal}里一股股地喷涌失禁，源源不断地顺着丰腴腿根蜿蜒淌流，将成熟的臀缝彻底浸得湿淋淋。\n她全身的肌肉一齐强烈而持续地紧绷抖颤，十指痉挛张合，指节因用力而发白透亮。\n妩媚成熟的面孔彻底失神呆滞，眼神空洞地涣散上翻，唇齿失控地大张不合，软舌垂落在外，清亮的津液一线线自嘴角失控溢淌，整个人妻的身躯在这究极的绝顶中痉挛到近乎崩溃。
1064,action_part_a_orgasm_super_B,0,CVP_A2_T|107_E_1&CVP_A2_A|5_G_6,被一次次逼到边缘又强压回来的人妻身躯，此刻终于彻底溃堤爆发，成熟丰满的娇体骤然剧烈弹颤，{anal}极度剧烈地一阵阵连续痉挛，敏感异常的括约肌疯狂地紧绞又骤张，绵密的绞缩久久不停。\n她丰腴的腰肢反复地深深弓起再彻底瘫软，圆润的臀肉失控地大幅抽搐颤动，成熟修长的双腿一时绷得笔直一时失控乱蹬，脚趾用力蜷扣后又痉挛张开，双膝止不住地颤栗。\n{anal}如决堤般喷涌出滚烫的大量肠液，一波接一波地失禁涌流不止，把丰熟的臀股与腿根浇得淋漓湿透。\n她整条脊背绷至极限，全身肌肉持续地强烈抽搐紧绷，双手痉挛地攥紧又张开，指节泛白微颤。\n熟丽的容颜彻底失神崩融，双目涣散无神地上翻，红唇失控地张大再合不拢，舌尖软软探出垂落，晶莹口水顺着唇角不断滑淌，整具人妻娇躯在这超乎想象的极致绝顶里剧烈痉挛得近乎失控。
1065,action_part_a_orgasm_super_B,0,target_is_player_daughter&CVP_A2_A|5_G_6,少女的腰肢猛然向上弓起，绷成一道剧烈颤抖的弧线，{anal}开始极度剧烈地连续痉挛，一圈圈疯狂地绞缩翕张。\n她的括约肌失控般地一收一放，紧紧箍缩又骤然松开，反反复复地抽搐个不停。\n全身的肌肉同时绷紧到了极限，小腹一阵阵地剧烈抽动，双腿失控地乱蹬乱颤，脚趾死死蜷曲后又猛然张开。\n她仰着脖颈，眼神彻底涣散无神，眼白微微上翻，嘴唇不受控制地哆嗦着，舌尖软软地垂出唇外，大股大股的口水顺着嘴角溢流而下。\n{anal}深处，滚烫的肠液如决堤般失禁地喷涌而出，一波接着一波地涌流不止，濡湿了大片肌肤。\n她的腰在高高弓起之后又彻底瘫软下去，四肢无力地摊开，只剩下{anal}仍在一下下地余韵痉挛。
1066,action_part_a_orgasm_super_B,0,target_is_player_daughter&CVP_A2_A|5_G_6,随着一声无法成形的哽咽卡在喉间，{TargetName}的整个身子骤然绷直，像被电流贯穿般剧烈地弹跳了一下。\n{anal}猛地收紧，随即陷入一阵又一阵不受控制的狂乱痉挛，翕动的幅度大得惊人。\n她的括约肌疯狂地绞紧、松弛、再绞紧，节奏彻底失序，一刻不停地抽搐蠕动着。\n她的四肢剧烈地颤抖抽搐，手指痉挛地抓挠着虚空，脚背绷得笔直，脚趾一根根地痉挛张合。\n她的头无力地向后仰去，双眼失神地翻起，口水混着断续的气音从张大的嘴里流淌出来，下巴湿成一片。\n浑浊而滚烫的肠液自{anal}深处大量地喷射出来，失禁般地一股股涌流，量多得远超寻常，把身下浸得湿漉漉的。\n她弓起的腰重重塌陷，全身骤然瘫软，唯有{anal}还在余波里一下下地跳动收缩。
1067,action_part_a_orgasm_super_B,0,target_is_player_daughter&CVP_A2_A|5_G_6,{TargetName}发出一声破碎的抽气，浑身的肌肉在同一瞬间被拧到极紧，随即开始大幅度地抖颤起来。\n{anal}以近乎失控的强度剧烈收缩，一波连着一波，绞缩的力道一次比一次凶狠。\n她的括约肌不知疲倦地反复绞紧又翕张，密集而持续地痉挛，仿佛再也停不下来。\n她的腰肢一次次深深地向上弓起，又一次次彻底地瘫软塌下，反复得叫人心惊。\n她的双腿失控地大张又并拢，膝盖不住地打颤，双脚在半空中无意识地胡乱蹬踹。\n她眼神涣散地望着虚空，唇舌完全失去了控制，涎水成线地滴落到下颌。\n大量灼热的肠液从{anal}里汹涌喷出，喷涌的势头凶猛而绵长，失禁一般地淌流不止。
1068,action_part_a_orgasm_super_B,0,target_is_player_daughter&CVP_A2_A|5_G_6,承受不住那股彻底压垮理智的冲击，{TargetName}的身躯猛地一颤，随即整个人剧烈地抽搐起来。\n{anal}疯狂地翕张绞缩，收得又深又急，一阵接着一阵地连续痉挛，几乎没有半分停歇。\n她的括约肌像失了控般一下下地紧箍又松开，抽动的频率快得惊人。\n她仰起脖子，喉结不住地滚动，眼睛失神地半翻着，嘴角挂着长长的涎水簌簌垂落。\n她的手指死死攥紧又猛然松开，脚趾用力蜷曲，双腿绷直后又软软地摊开，止不住地打战。\n滚烫黏稠的肠液从{anal}深处大股大股地喷涌而出，如失禁一般奔流不止，把周身浸得一塌糊涂。\n她高弓的腰肢终于彻底瘫软，四肢无力地垂落，{anal}仍在一下下地余韵抽搐。
1069,action_part_a_orgasm_super_B,0,target_is_player_daughter&CVP_A2_A|5_G_6,{TargetName}的全身在这一刻彻底失了控，腰背骤然弓成一张满弓，肌肉一寸寸地绷到极致又剧烈颤动。\n{anal}陷入极度剧烈而漫长的连续痉挛，一圈圈疯狂地绞缩翕张，收放的力道大得吓人。\n她的括约肌毫无节制地反复绞紧、松弛，密集地抽搐着，翕动个不停。\n她的四肢失控地乱颤乱蹬，手臂痉挛地绷紧，双腿一阵阵地抽搐痉挛，脚尖死死绷直。\n她双眼彻底翻白涣散，嘴唇哆嗦着合不拢，舌头软软地外吐，大滩口水顺着下巴淌落。\n{anal}深处，海量的肠液失禁般地喷薄涌出，一浪高过一浪地喷射流淌，量与势都远远超乎寻常。\n她弓到极点的腰重重塌下，浑身瘫软如泥，只余{anal}还在一下一下地痉挛跳动。

1070,action_part_a_orgasm_super_B,0,CVP_A2_T|102_E_1&CVP_A2_T|1_E_0&CVP_A2_A|10_LE_3,娇小稚嫩的{TargetName}整个身子猛然弹起，紧接着又不受控制地剧烈弹动，{anal}以极其猛烈的幅度一下接一下地疯狂痉挛收缩，稚嫩紧窄的括约肌疯狂而持续地绞缩翕张，一圈一圈地朝内深深吸绞。\n幼小的腰肢反复深深地向上弓起成一道紧绷的弧线，随即又彻底瘫软塌落下去，如此反复多次，纤细的双腿失控地颤抖抽搐，一会儿死死向内夹拢，一会儿又无力地乱蹬乱踢。\n大量温热的肠液从{anal}里失禁般地喷涌而出，一股接一股地涌流不止，顺着稚嫩的臀缝和细嫩的大腿内侧汩汩淌下，将那一小片幼嫩的肌肤彻底浸湿。\n小小的手指痉挛似的死死蜷曲扣紧，指节因过度用力而根根泛白，小巧的脚趾也向内狠狠蜷缩绷直，稚气的脸蛋上眼神彻底涣散失焦，唇舌失控地微微吐露在外，晶亮的口水顺着嘴角止不住地溢淌下来。\n那具与成年人相比娇小太多的身躯就这样长时间地剧烈抽搐绷紧，久久无法从这一阵极致的痉挛中平息。
1071,action_part_a_orgasm_super_B,0,CVP_A2_T|102_E_1&CVP_A2_T|1_E_0&CVP_A2_A|10_LE_3,稚嫩的{TargetName}娇躯毫无预兆地剧烈弓成一张满弓，随即失控地连连抽搐，{anal}长时间地、一波未平一波又起地疯狂收缩痉挛，幼嫩的括约肌一下一下地拼命绞紧又骤然松开，翕张的频率快得近乎失控。\n娇小的臀部高高抬离又重重砸落，反复数次之后再也支撑不住，彻底瘫软下去，细若嫩藕的双腿绷得笔直，脚踝剧烈发颤，两条小腿不受控制地痉挛乱颤。\n浑浊温热的肠液自{anal}深处汹涌喷射而出，量大得如同失禁，一波接一波地失控喷涌，把稚嫩的股间和纤细的腿根淋得一片狼藉，水渍顺着幼嫩的皮肤蜿蜒流淌。\n幼小的双手在半空中痉挛般乱抓，好不容易攥住什么便死死掐紧，小小的身子从头到脚绷成一条紧线，稚气未脱的面庞彻底失神，眼皮无力地半阖，口水连成一线滴落。\n整具娇嫩弱小的躯体在这场远超寻常的极致绝顶里久久无法自控，只能任由一阵又一阵剧烈的余震穿过那具单薄的小身板。
1072,action_part_a_orgasm_super_B,0,CVP_A2_T|102_E_1&CVP_A2_T|1_E_0&CVP_A2_A|10_LE_3,小小的{TargetName}猛地绷直了整条脊背，稚嫩的身子一下接一下地剧烈弹跳颤抖，{anal}以远超平常的猛烈程度持续不断地深深收缩，幼嫩紧致的括约肌疯狂地一圈圈绞拢又翕开，收缩的力道大得让整个小屁股都跟着一抖一抖。\n幼小的腰身深深地向上顶起，弓成一道颤巍巍的弧线，维持片刻又骤然彻底软塌下来，如此起伏往复，两条纤细的小腿失控地向外乱蹬，脚尖一会儿死死绷直一会儿又痉挛蜷起。\n汹涌的肠液从{anal}中喷涌不止，一股股温热的液体失禁般地涌流出来，顺着娇嫩的臀瓣和稚嫩的大腿内侧不停淌落，将那片幼小的肌肤浸得湿漉漉的。\n稚嫩的十指痉挛似的收拢又张开，指节泛白地死死抠紧，小巧的身躯剧烈而持续地绷紧抽搐，天真的脸庞上双眼彻底失焦涣散，小嘴无力地张开着，舌尖失控地探出，透明的涎水顺着下巴不停滴淌。\n那具娇小得不成比例的幼嫩身体在这极致的痉挛中长久地失控颤抖，久久停不下来。
1073,action_part_a_orgasm_super_B,0,CVP_A2_T|102_E_1&CVP_A2_T|1_E_0&CVP_A2_A|10_LE_3,娇嫩的{TargetName}整个人猛然一僵，随即失控地剧烈痉挛起来，{anal}长时间地、不受控制地连续深深绞缩，稚嫩的括约肌以疯狂的频率一下下拼命翕张收紧，一波接着一波地朝深处死死吸绞个不停。\n幼小的腰肢反复深深弓起又彻底瘫落，起起伏伏好几回，纤细娇弱的双腿剧烈发颤，膝盖不停地打着摆子，小小的脚掌失控地乱蹬乱踢，脚趾狠狠向内蜷成一团。\n大量温热浑浊的肠液自{anal}里失禁般地喷射涌流，源源不断地淌出，把稚嫩的臀缝和幼嫩的腿根冲刷得一塌糊涂，晶亮的水液顺着娇小的腿弯一路蜿蜒滑落。\n幼小的双手死死攥紧又猛地摊开，指节根根发白地颤抖着，单薄稚嫩的小身板从头到脚绷得死紧，稚气的面庞彻底失神呆滞，双眼涣散般地翻起，唇舌无力地失控外吐，口水止不住地从嘴角淌成一片。\n这具比寻常成人娇小许多的幼嫩躯体在这场究极绝顶的余波里久久剧烈震颤，迟迟无法归于平静。
1074,action_part_a_orgasm_super_B,0,CVP_A2_T|102_E_1&CVP_A2_T|1_E_0&CVP_A2_A|10_LE_3,稚气未脱的{TargetName}娇小的身子骤然剧烈弹动，一下一下地失控抽搐个不停，{anal}以极致猛烈的力道长久地连续痉挛收缩，幼嫩紧窄的括约肌疯狂地绞拢翕张，一遍又一遍地朝里深深绞吸，收缩得又急又密。\n娇嫩的腰腹深深地向上弓成满弓，紧绷片刻后又彻底瘫软坍落，反复交替多次，两条细嫩的小腿失控地痉挛乱颤，忽而死死向内并拢夹紧，忽而又软软地向两侧乱蹬开来。\n浓稠温热的肠液从{anal}深处如决堤般喷涌而出，量大得完全失禁，一股压着一股地涌流不息，将幼小的臀部和稚嫩的大腿内侧浇淋得湿透，水痕顺着娇嫩的肌肤缓缓蔓延。\n小小的手指痉挛般蜷曲扣紧，指尖深深掐进掌心，指节泛白发颤，稚嫩单薄的身躯剧烈绷紧又猛地一松，天真的脸蛋上眼神彻底涣散失焦，小舌失控地垂吐在外，亮晶晶的口水连绵不断地滴落下来。\n那具娇小柔弱的幼嫩身体就在这远超想象的极致绝顶里长时间地失控颤抖，怎么也无法平复。

1075,action_part_a_orgasm_super_B,0,CVP_A2_T|103_E_1&CVP_A2_T|1_E_0&CVP_A2_A|10_LE_3,娇小的{TargetName}稚嫩身躯毫无预兆地剧烈弓弹起来，{anal}猛地陷入远超寻常的疯狂痉挛，那圈尚且稚嫩紧窄的括约肌不受控制地一圈圈疯狂绞紧又骤然翕张，一波连着一波地深深抽搐吸缩，久久停不下来，稚气未脱的小腹被牵扯得反复深深凹陷又鼓胀。\n纤细如嫩藕的两条小腿彻底失控地在半空里乱蹬乱颤，小小的膝盖哆嗦着相互磕碰又猛地岔开，稚嫩的脚趾一根根死死向内蜷曲抠紧，纤薄的脚背绷成一道颤抖的紧弧。\n粉嫩娇小的臀肉随着{anal}疯狂的绞缩节律剧烈地抽跳颤动，一股股滚烫的肠液失禁般地大量喷涌而出，甚至被猛烈的绞缩挤得成缕地飙溅飞洒，顺着稚嫩的腿根淋淋漓漓地淌成一大片。\n幼嫩的腰肢一次次深深弓起随即又骤然彻底瘫软塌落，如此反复不休，稚气的脊背绷成一道剧烈颤抖的满弓。\n小小的双手死死攥紧收拢到指节惨白，涣散失焦的眼神彻底失去了焦点，半张的小嘴不受控制地淌出晶亮的口水，整副娇小稚嫩的身躯在这远超一切的极致绝顶中失控地剧烈震颤个不停。
1076,action_part_a_orgasm_super_B,0,CVP_A2_T|103_E_1&CVP_A2_T|1_E_0&CVP_A2_A|10_LE_3,纤弱娇小的{TargetName}整个身子骤然绷成一片僵直，紧接着从头到脚爆发出一连串远胜平常的失控战栗，{anal}疯了似的连成一片地剧烈痉挛，那圈稚嫩狭窄的括约肌一圈圈死死绞拢又猛然松张，密集狂暴的抽搐一浪压着一浪滚过，平坦稚气的小腹被扯得一下下深深抽陷收紧。\n两条细瘦的幼腿失去了一切控制，时而剧烈颤抖时而胡乱踢蹬，小巧的膝盖不住地打颤相撞，幼嫩的脚掌一会儿死死绷直一会儿又痉挛蜷缩。\n幼小圆翘的臀瓣随着{anal}疯狂的连续绞缩剧烈地一收一放地抽动，大量温热黏腻的肠液毫无节制地汩汩奔涌倾泻，被剧烈翕张的穴口挤得小股小股地噗噗喷射，将稚嫩的臀缝与腿间浇得湿淋淋一片。\n稚薄的腰背反复地深深弓起又软软塌陷，纤幼的脊线上绷起一道道颤动的细弧。\n涣散无焦的双眼彻底失去了神采，失控的小嘴张合着溢出破碎断续的哽咽气音，口水顺着嘴角悄悄滑落，急促而彻底紊乱的呼吸从翕张的唇鼻间艰难喷吐，整副娇小稚嫩的身子在这陡然拔到极处的凶猛绝顶里失控地颤栗痉挛不休。
1077,action_part_a_orgasm_super_B,0,CVP_A2_T|103_E_1&CVP_A2_T|1_E_0&CVP_A2_A|10_LE_3,瘦小的{TargetName}后腰猛地深深向上弓挺，将稚嫩娇小的身子高高拱离绷到极致，转瞬又脱力般整个重重瘫软塌陷下去，如此深弓与瘫软疯狂交替个不停，{anal}以极快的频率疯狂地一缩一放狂暴痉挛，那圈幼嫩紧致的括约肌连绵不绝地绞紧翕张，剧烈的收缩久久无法平息。\n她幼嫩的双腿绷得笔直又猛地夹拢，脚背高高绷起，脚趾一次次痉挛蜷缩又倏地弹开，全身稚气的肌肉一片接一片地强烈绷紧战栗。\n浓稠滚烫的肠液自狂乱翕动的{anal}中大量地奔涌喷淌而出，甚至随着一下下猛烈的绞缩失禁般地飙溅激射，淅淅沥沥地顺着颤抖的稚嫩腿根淌流不止。\n娇小粉嫩的臀肉随着{anal}的每一次绞动剧烈地抽跳荡颤，纤瘦的脊背一次次绷成僵直的弯弧。\n稚气的小脸彻底失控地扭曲皱缩，睁大的双眼再也聚不起焦点，无意识大张的小嘴不住颤抖着淌出津液，一双小手死死抠攥收拢到指节泛白，整具娇小青涩的身躯在这远超寻常的极致颤栗中失神地剧烈抽搐，久久难以缓和。
1078,action_part_a_orgasm_super_B,0,CVP_A2_T|103_E_1&CVP_A2_T|1_E_0&CVP_A2_A|10_LE_3,娇弱幼小的{TargetName}整个身体毫无征兆地失控弓弹绷紧，{anal}一阵猛似一阵地疯狂痉挛缩紧，那圈尚未开发完全的稚嫩括约肌不受控制地剧烈翕张绞动，一圈圈深深地向内狠狠吸拢又骤然松脱，稚气的下腹随着这连绵狂暴的抽搐深深地收缩鼓胀。\n全身娇小稚嫩的肌肉一齐强烈地绷紧抽搐，纤瘦的腰部深深弓成弓形后又无力地软瘫塌落，反反复复难以自持，一双细嫩娇小的腿失控地颤栗乱蹬，稚气的脚趾一根根痉挛似地扣紧又张开。\n{anal}在这猛烈的连番绞缩翻绞中失禁般地喷涌出大量黏热的肠液，浓稠的液体随着痉挛的律动一小股一小股地激溅飞洒，沿着娇嫩稚气的臀缝与细腿汩汩滑淌成一道道湿亮的痕迹。\n单薄稚弱的背脊绷得笔直僵硬，稚嫩的十指痉挛地攥握成拳掐得指节惨白。\n涣散失焦的眼神再也无处聚拢，失控的小嘴张合着漏出细碎颤抖的呜咽，晶亮的口水顺着下巴悄悄淌落，娇小的胸口急促而失序地剧烈起伏喘动，整个娇小青涩的躯体在这远超往常的极致痉挛中失控地战栗抽搐，迟迟难以归于平静。
1079,action_part_a_orgasm_super_B,0,CVP_A2_T|103_E_1&CVP_A2_T|1_E_0&CVP_A2_A|10_LE_3,纤小娇嫩的{TargetName}娇躯冷不防地浑身猛烈剧震，紧跟着便一发不可收拾地连成一片痉挛抽搐，{anal}一下下疯狂地深深内缩绞紧，那圈稚嫩狭窄的括约肌不受控制地连番翕合张缩，一圈圈猛烈地绞拢又骤然松脱，幼小的小腹被牵动着反复地深陷收紧个不停。\n稚气未脱的娇躯猛地深深弓起绷成一张拉满的弓，转瞬又彻底失力地瘫软摊落，这般深弓与瘫软疯狂交替，两条纤瘦稚嫩的小腿失控地乱蹬乱踹打颤，娇小的膝盖不住地打晃磕碰，脚趾用力地向内蜷扣又倏然绷张。\n随着{anal}愈演愈烈的绞缩挤压，成股成股温热的肠液从穴口失禁般地翻涌喷淌而出，甚至随着括约肌的猛烈翕张一股股激溅飞洒，顺着稚嫩的股沟与娇嫩的大腿内侧淋漓地淌落一片。\n瘦弱的后背一次次深深弓紧又软软塌落，稚嫩的十指死死收拢抠攥，指节因过度用力而根根泛白。\n稚嫩的面容彻底失控地紧绷扭曲，涣散的眼神彻底失去焦距，无声大张的小嘴不住战栗着淌出口水，急促破碎到几乎接不上的喘息一阵阵逸出，整具娇小稚嫩的身躯在这远胜一切的极致颤栗中失神地剧烈痉挛抖动，好一阵子才慢慢平复。

1080,action_part_a_orgasm_super_B,0,CVP_A2_T|104_E_1&CVP_A2_T|1_E_0&CVP_A2_A|10_LE_3,娇嫩的{TargetName}整个人骤然弓成一张紧绷的弓，{anal}毫无预兆地爆发出一阵极度剧烈又漫长的连续痉挛，一波接着一波地疯狂收缩绞拧，稚嫩的括约肌失控地翕张开合，一圈圈狂乱地绞缩着，久久无法平息。\n她青涩纤细的腰肢反复深深地向上弓起，绷到极致后又骤然彻底瘫软塌陷下去，紧接着再度弓起，如此反反复复地大幅挣动个不停。\n两条匀称修长的少女嫩腿失控地痉挛乱蹬，纤细的脚趾死死向内蜷曲抠紧又猛地绷直张开，膝盖不受控制地打颤相撞。\n随着{anal}一次次的剧烈绞缩，大量温热的肠液毫无阻拦地喷涌而出，如同失禁一般顺着紧夹的腿缝失控地涌流不止，将稚嫩的臀缝浇淋得一片狼藉。\n她青春的面庞涨得通红，眼神彻底涣散失焦，唇舌失控地半吐在外，透明的口水顺着嘴角连成细线滴落，全身的嫩肉一阵接一阵地强烈抽搐绷紧，久久停不下来。
1081,action_part_a_orgasm_super_B,0,CVP_A2_T|104_E_1&CVP_A2_T|1_E_0&CVP_A2_A|10_LE_3,稚气未脱的{TargetName}浑身猛地绷成一条僵直的线，{anal}长时间地剧烈抽搐个不停，一下比一下更凶地连续收缩，稚嫩紧致的肠口疯狂地一缩一放，括约肌不受控制地反复绞紧翕张，仿佛要把什么彻底榨干。\n她纤秀的小腹剧烈地起伏抽动，青涩的腰身深深弓起一道极限的弧度，随即整个塌软下去，来回反复地深弓又瘫软。\n少女细嫩的四肢失控地颤抖痉挛，两条腿一会儿死死夹紧一会儿又无力乱蹬，纤细的手指痉挛着攥紧又张开，指节泛白发颤。\n伴着{anal}一轮轮汹涌的绞缩，滚烫的肠液喷薄般地一股股涌出，失禁似的沿着稚嫩的股沟大量流淌，怎么也止不住。\n她稚嫩的脸蛋失神地仰起，双眼翻白涣散，津液从松开的唇缝不断溢出，整具青春娇躯从头到脚被一阵阵强烈而持续的抽搐紧紧笼罩着。
1082,action_part_a_orgasm_super_B,0,CVP_A2_T|104_E_1&CVP_A2_T|1_E_0&CVP_A2_A|10_LE_3,年轻的{TargetName}身子毫无征兆地剧烈弹动了一下，累积已久的一切终于一齐倾泻，{anal}极度失控地连续痉挛绞缩，一波未平一波又起，稚嫩紧窄的肠壁疯狂收缩挤压，括约肌一圈圈地狂乱翕合，久久不肯停歇。\n她青涩的腰肢一次次深深地向后弓起绷紧，到了极限又猛然彻底瘫软，反反复复地弓起塌陷，止不住地大幅挣动。\n修长纤细的少女双腿剧烈地抽搐蹬动，脚背绷直又向内勾拢，脚趾死死抠紧，膝盖不住地打颤发抖。\n随着{anal}疯狂的绞缩节奏，大量肠液如决堤般喷涌失禁，一股接一股地顺着紧绷的大腿内侧汩汩涌流，浇得稚嫩的臀肉湿淋淋一片。\n她的面庞彻底失神涨红，眼神涣散无法聚焦，嘴唇松弛地大张，舌尖失控地探出，晶亮的口水拉着长丝滴落，青春的躯体强烈而持续地抽搐绷紧，整个人近乎失控地颤栗着。
1083,action_part_a_orgasm_super_B,0,CVP_A2_T|104_E_1&CVP_A2_T|1_E_0&CVP_A2_A|10_LE_3,娇小的{TargetName}整副娇躯骤然剧烈痉挛起来，{anal}极致而漫长地连续收缩不止，一阵紧似一阵地疯狂绞拧，稚嫩尚窄的肠口失控地翕张翻涌，括约肌疯狂地一缩一绽，怎么也控制不住。\n她青春的腰腹反复深弓成极限的弧线，绷到极处后又整个软塌下去，紧接着再次弓起，来来回回地深深弓起又彻底瘫软。\n两条青涩细嫩的腿失控地乱蹬痉挛，脚趾一会儿蜷曲抠紧一会儿猛地张绷，纤细的手也痉挛着乱抓，指节因用力而泛白颤动。\n伴随{anal}一轮轮凶猛的绞缩，滚烫的肠液大量喷射涌出，如失禁般沿着稚嫩的腿根失控地淌流，止也止不住地浸湿了整片臀缝。\n她青嫩的脸蛋失神地扭动，双眸涣散翻白，唇舌完全失控地松垂在外，口水不断顺着下巴溢流，全身的少女嫩肉一阵接一阵地剧烈抽搐绷紧，长久无法平复。
1084,action_part_a_orgasm_super_B,0,CVP_A2_T|104_E_1&CVP_A2_T|1_E_0&CVP_A2_A|10_LE_3,稚嫩的{TargetName}身体像被抽走了力气又猛地过了电，累积到极限的一切终于一齐释放，{anal}极度剧烈地长久痉挛，一下又一下地疯狂连续绞缩，青涩紧窄的肠壁失控地翻搅收紧，括约肌不受控制地狂乱翕张开合。\n她纤细的腰肢深深地向上弓成一道紧绷的弧，随即彻底瘫软塌落，又再度弓起，反反复复地大幅挣动个不停。\n少女修长的双腿失控地颤抖乱蹬，脚趾死死向内蜷紧又骤然绷直，膝盖不住地哆嗦相撞。\n随着{anal}疯狂而持续的绞缩，大量温热的肠液喷涌失禁般地一股股奔流而出，顺着稚嫩紧夹的腿缝止不住地涌淌，将青春的臀肉浇得一片湿滑。\n她青涩的面容彻底失神，眼神空洞涣散地上翻，嘴唇松弛张开，舌头失控地探垂，透亮的口水连成线滴落，整具娇嫩的身躯从头到脚被强烈而持续的抽搐紧紧攫住，近乎崩溃地颤动不已。

1085,action_part_a_orgasm_super_B,0,CVP_A2_T|105_E_1&CVP_A2_T|1_E_0&CVP_A2_A|10_LE_3,{TargetName}成熟丰盈的身躯在这一刻彻底失去了控制，猛然向后深深弓起，绷成一道近乎断裂的弧线，随即又整个瘫软塌陷下去。\n{anal}极度剧烈地连续痉挛收缩着，尚且紧致稚嫩的括约肌疯狂而持续地绞缩翕张，一圈圈地向内深深抠拢又猛地翻张开来，那道尚未被完全开发的窄小穴口不受控制地一张一翕。\n伴随着这近乎抽搐的连续绞缩，大量温热黏腻的肠液猛地喷涌而出，一股接一股地失禁般涌流不止，顺着丰腴圆润的股缝汩汩淌落，将成熟的臀肉浇得一片狼藉。\n她成熟修长的双腿在半空中失控地痉挛乱蹬，圆润的脚趾用力向内蜷曲扣拢又骤然张开，两条大腿一会儿死死夹紧一会儿又大张开来。\n丰满的胸脯随着完全失控的急促喘息剧烈起伏，眼神彻底涣散失焦，唇舌失控地垂软探出，一缕透明的口水顺着微张的唇角淌落，成熟的面庞上还残留着一丝青涩的失神。
1086,action_part_a_orgasm_super_B,0,CVP_A2_T|105_E_1&CVP_A2_T|1_E_0&CVP_A2_A|10_LE_3,{TargetName}那具刚步入成熟的娇躯骤然绷得笔直，腰腹深深地向上顶弓起来，维持了长长的一瞬后又彻底失力地砸落瘫软下去。\n{anal}不受控制地一阵紧似一阵地剧烈抽搐，紧窄稚嫩的肠壁一层层向内狠狠绞紧，那圈仍显生涩的括约肌疯狂地收缩又翻张，翕动的幅度大得几乎要将窄小的穴口撑开。\n浓稠温热的肠液伴着每一下猛烈的绞缩喷射般涌出，量多得如同失禁一般止不住地往外奔流，淋漓地糊满了丰腴的臀缝与大腿根，滴滴答答坠落不停。\n她成熟的四肢彻底失去了章法，纤长的手指痉挛着胡乱抓挠攥紧，脚跟无力地乱蹬，两条丰满的大腿剧烈颤栗着不住地开合抖动。\n涣散的双眼再也聚不起焦，成熟的脸颊涨得通红，微张的嘴里溢出断续失控的气音，晶亮的口涎顺着下巴不受控制地牵丝淌下。
1087,action_part_a_orgasm_super_B,0,CVP_A2_T|105_E_1&CVP_A2_T|1_E_0&CVP_A2_A|10_LE_3,{TargetName}成熟饱满的躯体在极致的冲击下反复地深弓又瘫软，腰肢一次次向上高高挺起，随即又一次次彻底虚脱地跌落下来，抽搐个不停。\n{anal}极度剧烈且长时间地连续痉挛，尚显稚嫩紧致的括约肌一刻不停地疯狂绞缩翕张，一波未平一波又起地向内深深抠陷，那道窄小的穴口不受控制地剧烈翕张收缩。\n伴随着这持续不断的疯狂绞缩，滚烫黏稠的肠液如决堤般大量喷涌而出，失禁一样一股股地涌流不止，将丰腴成熟的臀部与腿根冲刷得湿淋淋一片。\n她修长成熟的双腿失控地痉挛抽搐，脚尖时而死死绷直时而猛然蜷缩，圆润的膝盖不住地颤抖打颤，双手在空中无力地痉挛蜷曲。\n丰满的胸脯随着完全乱了套的呼吸剧烈耸动，双目失神地上翻涣散，唇舌软软地失控探出，口角处止不住地淌出黏亮的津液，成熟中透着青涩的面容彻底失了神。
1088,action_part_a_orgasm_super_B,0,CVP_A2_T|105_E_1&CVP_A2_T|1_E_0&CVP_A2_A|10_LE_3,{TargetName}成熟丰腴的腰身猛然弹起绷紧到极限，整条脊背弓成一张满弓，僵持颤抖了许久后才骤然失力地整个软塌下来。\n{anal}极度失控地连续剧烈痉挛收缩，那圈紧致稚嫩的括约肌疯狂而持续地绞缩翻张，一下下向内狠狠抽缩又猛地外翻，尚未完全开发的窄小穴口被这剧烈的翕动撑得一开一合。\n浓稠温热的肠液随着每一记猛烈的绞缩喷薄涌出，量大得失禁般奔流不息，顺着成熟圆翘的臀丘一路淋漓淌落，将丰满的股间浇灌得泥泞不堪。\n她成熟的双腿在剧烈的抽搐中失控地乱蹬乱踹，脚趾痉挛着蜷起又张开，纤长的手指死死抠攥又骤然松脱，两条丰腴大腿不受控制地大幅开合。\n起伏剧烈的胸口伴着失控的喘息一颤一颤，涣散无焦的双眼失神地半阖，成熟的唇齿间软塌地吐出舌尖，透亮的口水牵着长长的银丝坠落而下。
1089,action_part_a_orgasm_super_B,0,CVP_A2_T|105_E_1&CVP_A2_T|1_E_0&CVP_A2_A|10_LE_3,{TargetName}那具丰盈成熟的身躯彻底陷入了近乎失控的极端颤栗，腰部深深地弓起又反复彻底瘫软，一次比一次更剧烈地抽搐痉挛。\n{anal}长时间不受控制地连续绞缩，稚嫩紧窄的肠壁一圈圈疯狂地向内狠狠收拢，生涩的括约肌持续而剧烈地翕张开合，那道窄小的穴口不住地剧烈痉挛收缩。\n大量滚烫的肠液伴随着这不止歇的疯狂绞缩喷涌失禁般地倾泻而出，一波接一波地涌流不停，将成熟丰腴的臀缝和大腿内侧浇得湿漉漉黏腻一片。\n她成熟修长的四肢完全失了控制，双脚无力地痉挛乱蹬，圆润的脚趾狠狠蜷扣，两条丰满的大腿剧烈地颤抖着不停开合夹拢。\n丰满的胸脯随着彻底失控的急喘剧烈起伏抽动，双眸失神地涣散上翻，唇舌不受控制地软垂探出，一缕缕晶亮的涎水顺着成熟白皙的下颌不断牵落。
1090,action_part_a_orgasm_super_B,0,CVP_A2_T|106_E_1&CVP_A2_T|1_E_0&CVP_A2_A|10_LE_3,随着累积到极限的巨量快感彻底决堤，{TargetName}那具丰腴成熟的躯体骤然绷成一张满弓，紧接着又剧烈地弹颤起来，{anal}发疯般地剧烈痉挛，一波接着一波毫不受控地连续收缩绞紧，又骤然松开，随即再度死死缩拢。\n她成熟丰腴的腰肢先是深深地向上弓起，绷紧到极致后又猛地彻底瘫软塌陷，紧接着再度失控地反复高高弓起又重重坍塌，如此循环往复地起伏抽动个不停。\n那尚且稚嫩紧致的括约肌疯狂而持续地绞缩翕张，一张一合地不停翻搅吮吸，竟随着高潮的顶峰喷涌出大量温热黏腻的肠液，一股接一股失禁般地汩汩涌流而出，浸得穴口一片湿滑淋漓。\n她丰满的双腿失控地痉挛乱蹬，脚趾用力蜷缩到发白，成熟饱满的臀肉也随之一阵阵痉挛紧夹，成熟的面庞上眼神彻底涣散失焦，唇舌失控地哆嗦颤抖，来不及吞咽的口水顺着嘴角一缕缕淫靡地溢淌垂落，喉间不住溢出破碎失控的哽咽。
1091,action_part_a_orgasm_super_B,0,CVP_A2_T|106_E_1&CVP_A2_T|1_E_0&CVP_A2_A|10_LE_3,被反复寸止到极限的滔天快感终于一齐炸开，{TargetName}成熟丰满的身子猛地弹离原地又重重坠回，全身肌肉强烈而持续地绷紧抽搐，{anal}近乎失控地连续剧烈痉挛，密不透风地一圈圈狠狠绞缩起来，收缩的频率快到几乎连成一片，绞紧又骤松，反复个不停。\n她那开发有限却已被撑开的稚嫩括约肌疯狂地翕张开合，一下下痉挛着向内深深吮吸，随即又被汹涌的肠液顶得向外翻涌，滚烫黏稠的液体喷涌般地大量迸射而出，一波未平一波又起，失禁似地一泄不止，浸湿了整片股缝。\n丰腴的腰身反复深深弓起再彻底软塌，成熟的胯部止不住地痉挛耸动，两条丰满的大腿大张着剧烈抖颤，脚背绷直，脚趾深深抠蜷收拢。\n她成熟妩媚的脸庞彻底失了神，双眼上翻涣散失焦，红唇大张，舌头失控地伸吐哆嗦，晶亮的口水与唾涎连成一线，顺着下颌一路淫靡地滑落滴淌，饱满的胸脯剧烈起伏喘颤，喉咙里不断挤出断续而破碎的呜咽气音。
1092,action_part_a_orgasm_super_B,0,CVP_A2_T|106_E_1&CVP_A2_T|1_E_0&CVP_A2_A|10_LE_3,巨量的快感在被压抑到顶点后骤然全数释放，{TargetName}成熟丰腴的躯体像被电流贯穿般剧烈弹动，四肢失控地颤抖乱蹬，全身每一寸肌肉都强烈而持续地绷紧抽搐，久久无法平息。\n{anal}以远超寻常的力度疯狂痉挛绞缩，那尚且紧致稚嫩的肠壁一波波不受控地深深收吸，括约肌翻来覆去地绞紧又松张，一开一合地不停翕动，竟被汹涌的快感逼出成股成股的滚烫肠液，大量地喷溅涌流，淋漓不止地失禁狂泄，怎么也止不住。\n她丰满的腰肢高高弓起绷成极限的弧度，维持片刻后又彻底瘫软下去，饱满的臀瓣不住地夹紧又松开，双腿痉挛着交替蹬伸乱颤。\n她成熟的面庞因极致的反应而彻底扭曲失控，眼神涣散地上翻，唇舌无力地垂软外吐，来不及咽下的津液顺着嘴角与脖颈汩汩流淌，成熟饱满的乳肉随着抽搐剧烈地颤晃，胸口大幅起伏喘动，呼吸完全乱作一团。
1093,action_part_a_orgasm_super_B,0,CVP_A2_T|106_E_1&CVP_A2_T|1_E_0&CVP_A2_A|10_LE_3,累积良久的滔天快意在这一刻决堤般倾泻而下，{TargetName}成熟丰满的身躯剧烈弓成一道满弦的弧，紧绷到极致后又骤然彻底虚脱瘫软，随即再度失控地反复痉挛弹动个不停。\n{anal}疯狂而不间断地剧烈收缩，一圈圈死死绞紧又猛地翕张，那开发程度有限的稚嫩肠道明显地一阵阵深深抽搐吮吸，将滚烫的肠液成股成股地大量喷涌而出，黏腻的热流失禁般地顺着股缝汩汩淌落，一泄如注，怎么也止不住。\n她丰腴的双腿绷得笔直又剧烈地痉挛乱颤，脚趾深深蜷曲抠紧，成熟饱满的臀部随着括约肌的绞动一下下痉挛紧夹，腰肢止不住地耸动扭摆。\n她成熟的脸上血色潮红，眼神彻底失焦涣散，双唇失控地大张哆嗦，舌尖无意识地伸颤外吐，唾液顺着嘴角一串串淫靡地滑落垂淌，饱满的胸脯剧烈起伏，全身抖颤了许久才渐渐平复，只余下断断续续的痉挛余韵。
1094,action_part_a_orgasm_super_B,0,CVP_A2_T|106_E_1&CVP_A2_T|1_E_0&CVP_A2_A|10_LE_3,被死死拦截积压的极致快感终于一并炸裂喷发，{TargetName}成熟丰腴的躯体猛然剧烈弹弓而起，全身筋肉持续而强烈地紧绷抽搐，四肢失控地哆嗦痉挛乱蹬。\n{anal}发狂般地连续剧烈收缩，一下比一下更深地绞紧翕合，那尚显稚嫩紧致的肠壁疯狂地翻搅吮吸痉挛，随着高潮的巅峰被顶开，大量滚烫的肠液如泉水般喷涌而出，一股接一股失禁似地狂泄涌流，将穴口浇得湿淋淋一片，怎么都收不住。\n她成熟的腰身反复深深弓起又彻底软瘫，丰满的胯部剧烈地抽搐耸颤，成熟饱满的臀瓣随之一下下痉挛紧夹又松开，两腿大张着无力地痉挛蹬颤，脚趾用力蜷缩绷直发白。\n她妩媚成熟的脸庞彻底失神扭曲，双眼上翻涣散，唇舌失控地颤抖外吐，来不及吞咽的口水一缕缕顺着嘴角与下巴淫靡地垂淌，成熟饱满的乳肉随之剧烈颤晃个不停，喉间不住溢出破碎失控的哽咽呻吟气音。

1095,action_part_a_orgasm_super_B,0,CVP_A2_T|107_E_1&CVP_A2_T|1_E_0&CVP_A2_A|10_LE_3,人妻成熟丰盈的躯体骤然剧烈地弓成一张满弓，腰部深深地向上顶起后又猛地彻底瘫软下去，{anal}极度剧烈地连续痉挛收缩，紧致的括约肌疯狂而持续地一圈圈绞缩翕张，将那处狭窄的甬道一次又一次地死死绞紧再猛然松开。\n丰腴饱满的双腿失控地在半空中痉挛乱蹬，成熟圆润的大腿内侧肌肉一阵阵抽搐绷紧，脚趾用力地向内蜷曲扣拢到发白，脚踝处的筋腱一根根凸起绷直。\n浑圆丰翘的臀肉随着{anal}疯狂的绞缩而剧烈地抖颤起伏，一股股温热黏稠的肠液从紧窄的深处失禁般地喷涌而出，顺着丰腴的腿根内侧汹涌流淌，淋漓地打湿了大片成熟的肌肤。\n她饱满的胸脯剧烈起伏，呼吸彻底失控地大口喘息，成熟艳丽的面庞上一片潮红，眼神涣散无焦，津液顺着失控的唇舌汩汩溢出，滴落成一片。\n整副丰盈的娇躯在漫长的痉挛里颤抖了许久，累积已久的巨量快感一齐倾泻而出后，才终于连同发白的指节一点点脱力松软下来。
1096,action_part_a_orgasm_super_B,0,CVP_A2_T|107_E_1&CVP_A2_T|1_E_0&CVP_A2_A|10_LE_3,{TargetName}成熟的腰肢猛然向上深深弓起，绷成一道紧张的弧线后又骤然失力地砸落瘫软，{anal}长时间不受控制地剧烈痉挛，狭窄稚嫩的肠壁一波接一波地深深绞缩，括约肌疯狂地一张一翕，将那处紧窄的入口反复地箍紧又弹开。\n丰满的双腿在剧烈的抽搐中失控地绷直又乱蹬，圆润的膝盖不住地打颤，脚背猛地向下绷成僵直的弧度，十根脚趾死死地蜷曲扣紧。\n浑圆的臀部随着{anal}疯狂的绞动而剧烈地一颤一颤，大量温热的肠液自紧致的深处失禁般地汹涌喷出，噗噗地涌流不止，顺着成熟丰腴的腿缝淋漓流下，浸湿了一整片肌肤。\n她的胸膛急促而失序地大幅起伏，喉间溢出破碎的气音，成熟的面容彻底失神潮红，双眼失焦上翻，失控的舌尖软软探出，晶亮的口涎顺着嘴角挂落。\n整具丰盈成熟的身躯在这漫长的极致颤栗中抽搐了良久，将积攒到极限的快感尽数释放殆尽，才缓缓地脱力软瘫下来。
1097,action_part_a_orgasm_super_B,0,CVP_A2_T|107_E_1&CVP_A2_T|1_E_0&CVP_A2_A|10_LE_3,已为人妻的{TargetName}丰腴身躯剧烈地弓起又彻底瘫塌，成熟的腰部深深向上顶起后再无力地深深陷落，{anal}极度剧烈而持久地连绵痉挛，紧窄的括约肌疯狂而不停歇地一圈圈收缩翕张，将那狭小的甬道死死绞拢又骤然松脱。\n她丰满修长的双腿在半空里失控地痉挛乱颤，成熟圆润的腿根肌肉一阵阵抽紧鼓起，脚趾用力地向内蜷曲到指节泛白，脚踝绷得笔直发僵。\n饱满圆翘的臀肉伴着{anal}的疯狂绞缩剧烈地起伏抖动，一股接一股滚烫黏腻的肠液从紧涩的深处喷涌失禁而出，噗嗤噗嗤地喷洒流淌，将丰腴的大腿内侧淋得一片湿亮。\n丰盈的胸脯剧烈地上下颤动，呼吸彻底崩乱成断续的急喘，成熟妩媚的脸颊烧得通红，眼神空洞涣散，唇舌软瘫失控，涎水顺着松弛的下颌淌落。\n整副成熟丰满的娇躯在这超乎寻常的漫长痉挛中颤抖不休，累积的巨量快感终于倾泻而尽后，才连着蜷紧的手指一寸寸松软瘫软。
1098,action_part_a_orgasm_super_B,0,CVP_A2_T|107_E_1&CVP_A2_T|1_E_0&CVP_A2_A|10_LE_3,{TargetName}成熟丰盈的躯体猛地绷成满弓，饱满的腰肢深深弓起顶到极致后又骤然彻底软塌，{anal}失控地剧烈连续痉挛翕缩，稚嫩紧致的肠壁一下下狠狠绞紧，括约肌疯狂持续地一缩一放，将那紧窄的口子反复地箍死又弹开。\n她丰满的两腿失控地在空中痉挛蹬动，成熟丰腴的大腿内侧肌肉不住地抽搐绷紧，脚尖僵直地向内勾绷，脚趾死死蜷曲成一团。\n浑圆丰满的臀部跟随{anal}疯狂的收缩剧烈地抖颤，大量温热的肠液如失禁般自紧窄深处汹涌喷涌，噗噗地喷流不止，顺着饱满的腿根内侧淋漓奔淌，湿透了成熟的大片肌肤。\n丰盈的胸膛急促失序地剧烈起伏，破碎的气声从喉咙里断断续续地漏出，成熟的面孔潮红失神，双目失焦无神，失控的舌尖无力地垂出嘴外，津涎连成细线滑落。\n整具丰腴的身躯在漫长的极致抽搐里久久颤栗，将憋积到顶点的快感一齐宣泄干净后，才缓缓脱力地瘫软下去。
1099,action_part_a_orgasm_super_B,0,CVP_A2_T|107_E_1&CVP_A2_T|1_E_0&CVP_A2_A|10_LE_3,人妻{TargetName}成熟的娇躯剧烈地弓起绷紧，丰满的腰身深深向上挺起后又猛然失力瘫落，{anal}极度剧烈且长久地连绵痉挛绞缩，紧涩稚嫩的括约肌疯狂不歇地一圈圈翕张收拢，将那狭窄的甬道一次次死死绞紧再倏地松开。\n她丰腴修长的双腿失控地痉挛乱蹬颤抖，成熟圆润的腿根内侧肌肉一阵阵剧烈抽紧，脚趾用力向内蜷曲扣紧到发白，脚踝的筋腱根根凸绷。\n圆润丰翘的臀肉随{anal}的疯狂绞动剧烈地起伏颤动，一股股滚烫黏稠的肠液从紧窄深处失禁似的喷涌奔流，噗嗤不断地涌溢流淌，将丰满成熟的腿间淋得湿漉一片。\n丰盈的胸脯失序地大幅起伏喘动，呼吸彻底失控成破碎急促的喘息，成熟艳美的脸颊烧红失神，眼神涣散上翻，软瘫的唇舌间口涎汩汩溢出，滴落成串。\n整副成熟丰满的躯体在这漫长而极致的痉挛中颤抖良久，直到积蓄已久的巨量快感尽数倾泻释放，才连同发白的指尖一点点脱力松软平复下来。

1100,action_part_a_orgasm_super_B,0,target_is_player_daughter&CVP_A2_T|1_E_0&CVP_A2_A|10_LE_3,少女般纤细的{TargetName}娇躯毫无预兆地猛然弓成一张紧绷的弓，{anal}骤然爆发出一阵极度剧烈而漫长的连续痉挛，稚嫩紧致的括约肌疯狂而不知疲倦地一圈圈绞缩翕张，收得死紧后又猛地翻绽，如此反复不停。\n她单薄的小腹随着这失控的绞动一下下深深抽紧，纤瘦的腰肢反复深弓成极致的弧度，弓到极限后又骤然彻底瘫软塌落，如此起伏了一次又一次。\n两条细嫩的长腿失控地剧烈颤抖乱蹬，脚趾用力抠绷到极致后又猛地张开，膝盖不受控制地大幅打颤，纤细的脚踝紧绷得青筋隐现。\n伴着{anal}那疯狂的收缩，大股温热黏腻的肠液毫无节制地喷涌而出，一波接一波失禁般地涌流不止，顺着抽搐的腿根一路淌下，浸出湿漉漉的一大片。\n她的眼神彻底涣散失焦，头颅无力地向后仰去，小口大张着，失控的唇舌间溢出一缕缕晶亮的口水，纤细的十指痉挛般地攥紧又张开，整副娇小的身躯陷入近乎失控的极端抽搐之中久久无法平息。
1101,action_part_a_orgasm_super_B,0,target_is_player_daughter&CVP_A2_T|1_E_0&CVP_A2_A|10_LE_3,{TargetName}少女的身子骤然绷得笔直，随即又整个失控地剧烈弹跳颤栗起来，{anal}陷入一阵超乎想象的连续绞缩，稚嫩窄小的括约肌一下下疯狂地翕合张缩，紧咬着又猝然松绽，痉挛的频率密集得几乎连成一片。\n她平坦的小腹一阵阵深深地凹陷抽搐，纤细的腰身猛地向上顶弓到极限，僵持数息后又骤然失力地软瘫下去，反反复复起落个不停。\n四肢彻底失去控制地乱颤乱蹬，一双嫩腿一会儿死死绞夹一会儿又痉挛般张开，脚趾抽搐着蜷起绷直，纤瘦的手臂无力地抽动着，指尖胡乱地抓挠攥握。\n大量灼热的肠液顺着{anal}的每一次疯狂绞缩被一股股挤喷出来，喷涌得又急又猛，失禁般地流淌不止，将抽搐颤动的腿间彻底浇得湿透。\n她的双眼失神地翻起，红透的小脸失控地扭曲抽搐，微张的唇边挂着断不了的涎液，纤细娇嫩的躯体在这场极致的绝顶中长久地痉挛绷紧，迟迟无法从这近乎崩溃的失控里回落下来。
1102,action_part_a_orgasm_super_B,0,target_is_player_daughter&CVP_A2_T|1_E_0&CVP_A2_A|10_LE_3,纤瘦娇小的{TargetName}猛地一个激灵，整条脊背失控地弓起又砸落，{anal}爆发出一阵极端剧烈且久久不歇的痉挛收缩，尚且稚嫩紧窄的括约肌疯了般地一轮轮绞紧翕张，缩到极紧后又猛然翻绽开来，连绵不绝。\n她收紧的小腹随着痉挛一波波地深陷抽搐，单薄的腰肢一次次深深弓拱到极致，随即又骤地彻底塌软下去，就这样剧烈地起伏了许多回。\n两条细直的嫩腿失控地痉挛蹬踹，膝头剧烈打颤着时而并拢时而弹开，脚背绷直到极限，脚趾一阵阵痛快地抠握又张开。\n随着{anal}疯狂的绞缩节奏，滚烫黏稠的肠液毫无遮拦地大股喷涌四溅，一浪高过一浪地失禁涌流，把颤抖乱蹬的腿根一带浇得湿淋淋一片。\n她的目光彻底散乱失焦，脑袋无力地左右晃摆，小嘴失控地大张着，滑腻的口水顺着嘴角一线线淌落，一双纤手死死攥握又骤然松脱，娇小的身子陷进这几近脱力的极端颤搐里迟迟难以平复。
1103,action_part_a_orgasm_super_B,0,target_is_player_daughter&CVP_A2_T|1_E_0&CVP_A2_A|10_LE_3,{TargetName}稚气未脱的娇躯突然剧烈地一挺，随即失控地连连弹颤，{anal}猛地掀起一阵超乎寻常的连续痉挛，紧致稚嫩的括约肌不受控制地疯狂绞缩翕张，一下下咬紧再翻松，痉挛得又急又密久久停不下来。\n她纤薄的小腹一阵接一阵深深地向内抽紧，柔韧的细腰反复深弓成绷紧的弧线，弓至极处又整个失力瘫软，起起伏伏地反复了不知多少次。\n一双嫩白细腿彻底失控地大幅颤抖乱踢，脚趾极力蜷绷后又骤张，双膝止不住地剧烈打战，纤细的脚踝一次次紧绷抽搐。\n伴着{anal}那不知疲倦的疯狂绞动，大量温热黏腻的肠液如决堤般汹涌喷出，一股接一股失禁地喷洒涌流，顺着乱颤的腿间蜿蜒淌落，浸湿了大片肌肤。\n她的眼神空茫地涣散开来，纤长的睫毛止不住地颤动，微张的唇舌间断断续续溢出亮晶晶的津液，稚嫩的十指痉挛般攥紧又松开，整副娇小躯体在这极致绝顶里长久地绷紧抽搐，久久无法回神。
1104,action_part_a_orgasm_super_B,0,target_is_player_daughter&CVP_A2_T|1_E_0&CVP_A2_A|10_LE_3,娇小玲珑的{TargetName}身躯骤然剧烈一颤，随即整个人失控地弹跳绷紧，{anal}陷入一阵极致而漫长的疯狂痉挛，稚嫩窄紧的括约肌一圈圈地失控绞缩翕张，收缩到死紧后又猝然崩绽，如此往复个没完。\n她纤细的小腹随着这狂乱的绞缩一下下猛地凹陷抽搐，单薄的腰身反复地深深弓起到极限，僵挺片刻后又骤然彻底软塌下去，剧烈地起落不止。\n四肢完全失去了控制地痉挛乱蹬，两条嫩腿一时死死绞紧一时又猛地弹张，脚趾一阵阵狠狠抠绷再张开，纤瘦的手臂胡乱地抽搐挥颤。\n随着{anal}疯狂而持续的绞动，滚热黏腻的肠液毫无节制地一股股喷涌激射，失禁般地涌流不歇，把抽搐颤动的腿根浇得湿透淋漓。\n她的双眸彻底失神涣散，小脑袋无力地向后瘫仰，樱唇失控地大张着，一缕缕晶亮的口水顺着下颌滑落，纤纤十指痉挛地紧攥又张脱，整副稚嫩娇躯在近乎崩溃的极端抽搐中久久绷紧，迟迟难以从这场超强绝顶中平复下来。

1105,action_part_a_orgasm_super_B,0,CVP_A2_T|102_E_1&CVP_A2_T|1_E_0&CVP_A2_A|10_G_3&CVP_A2_A|10_LE_6,娇小的{TargetName}积蓄已久的巨量快感终于一齐炸开，幼小的身躯猛地绷成一张满弓，随即剧烈地抽搐颤栗起来。\n那早已被开发得熟稔的{anal}此刻极度剧烈地连续痉挛收缩，稚嫩的括约肌一圈圈疯狂地绞缩翕张，翻来覆去地咬合吮吸，仿佛再也停不下来。\n一股股滚烫的肠液毫无节制地从{anal}深处喷涌而出，失禁般地涌流不止，顺着娇嫩的小屁股和细若嫩藕的大腿内侧汩汩淌下，浸湿了一大片稚白的肌肤。\n她小小的腰肢反复深深地向上弓起又彻底瘫软塌下，纤细的四肢失控地痉挛乱蹬，稚气的脚趾用力抠紧又猛地绷直。\n幼童特有的圆润小脸上眼神彻底涣散失焦，稚嫩的唇舌无力地松垮下来，晶亮的口水顺着嘴角失控地溢淌，急促紊乱的呼吸彻底断了节奏，整副娇躯在这场究极的绝顶里久久无法平息。
1106,action_part_a_orgasm_super_B,0,CVP_A2_T|102_E_1&CVP_A2_T|1_E_0&CVP_A2_A|10_G_3&CVP_A2_A|10_LE_6,憋积了太久的快感一瞬间倾泻而出，幼小的{TargetName}整个稚嫩身子骤然剧烈弹跳了一下，紧接着大幅度地抽搐痉挛开来。\n历经多次开发而格外熟络的{anal}疯狂地一缩一放，稚嫩的括约肌不受控制地连续绞紧又猛地松弛，一波接一波地翕张吮咬个不停。\n大量温热的肠液从那不断收缩的{anal}里喷射涌出，如失禁般地喷溅淋漓，濡湿了她娇小的臀缝与幼嫩的股间，滴落成一片狼藉。\n小小的后腰一次次深深弓起，随后又软绵绵地整个塌陷下去，两条纤细的小腿绷得笔直又胡乱地蹬踹颤抖，小脚趾痉挛似地蜷缩抠紧。\n她那张稚气未脱的小脸涨得通红，一双大眼睛失神地上翻涣散，小舌头无力地探出唇外，透明的涎水连成细线不住地垂落，娇小的胸口剧烈起伏喘个不停，久久停不下这场超乎想象的极致颤栗。
1107,action_part_a_orgasm_super_B,0,CVP_A2_T|102_E_1&CVP_A2_T|1_E_0&CVP_A2_A|10_G_3&CVP_A2_A|10_LE_6,层层累积到极限的快感终于被彻底释放，娇小稚嫩的{TargetName}浑身猛然一僵，随即失控般地剧烈痉挛抖动起来。\n那已被反复调教得极为适应的{anal}此刻长时间不停地剧烈收缩，幼嫩的括约肌一圈圈疯狂绞缩，反复地咬合翕张，节律全乱地翻搅吞吐。\n浓稠温热的肠液止不住地从{anal}深处汩汩喷涌，一股又一股失禁似地涌流出来，顺着她细嫩的小臀和圆润稚气的大腿一路淌下，浸出湿漉漉的一大摊。\n幼小的腰身弓成夸张的弧度后又彻底瘫软下塌，纤细的手指痉挛地攥紧又张开，稚嫩的双腿抽搐着乱蹬，小小的脚背绷得死紧。\n她可爱的小脸失了血色又泛起潮红，大眼睛涣散无神地失焦，柔软的舌尖失控地垂出口角，晶莹的口水一线线滑落，紊乱急促的呼吸再也接不上，整个幼小的身躯在这场究极绝顶中长久地战栗。
1108,action_part_a_orgasm_super_B,0,CVP_A2_T|102_E_1&CVP_A2_T|1_E_0&CVP_A2_A|10_G_3&CVP_A2_A|10_LE_6,积压良久的巨大快感一齐奔涌决堤，幼小的{TargetName}娇躯猛地弹起绷紧，紧跟着一阵接一阵地剧烈抽搐痉挛。\n熟习了肛交的{anal}疯狂而持续地绞缩翕张，稚嫩的括约肌毫无章法地连续紧缩又骤然松开，反反复复地吮吸咬合停不下来。\n滚烫的肠液从痉挛不止的{anal}里大股大股地喷涌而出，失禁般地喷溅四淌，将她娇小的臀瓣和幼嫩的腿根淋得湿透，顺着稚白的皮肤蜿蜒滴坠。\n小小的腰肢深深弓起又整个软塌下去，细弱的四肢失控地颤抖乱蹬，稚气的脚趾一会儿蜷曲抠紧一会儿又猛地绷直张开。\n她那幼童般圆润的小脸上眼神彻底失焦涣散，粉嫩的唇瓣松垮张开，小舌无力地耷拉着，亮晶晶的涎水顺着下巴不断滴落，胸口急促剧烈地起伏，娇小的身子在这极致的颤栗里迟迟无法收束。
1109,action_part_a_orgasm_super_B,0,CVP_A2_T|102_E_1&CVP_A2_T|1_E_0&CVP_A2_A|10_G_3&CVP_A2_A|10_LE_6,忍耐到极致的快感终于轰然释放，娇小的{TargetName}稚嫩身躯霎时剧烈弓起，随后不受控制地连续抽搐战栗。\n那被开发得驾轻就熟的{anal}极度剧烈地一下下痉挛收缩，幼嫩的括约肌疯狂地绞紧又翕张，一圈圈地咬合翻搅，怎么也停不住。\n大量灼热的肠液从{anal}深处失禁似地喷涌狂淌，一波波涌流不绝，沿着她小小的屁股沟和细嫩的大腿内侧汹涌流下，濡湿了大片稚气的肌肤。\n幼小的后腰反复深深塌陷又弓挺，纤细的双臂痉挛地绷直发颤，稚嫩的小腿抽搐着胡乱蹬踢，小脚趾用力扣拢再猛然绷开。\n她稚气可爱的小脸涨红失神，一双大眼睛失焦上翻，柔嫩的舌头失控地探出嘴角，透明的口水成串垂坠，急乱的呼吸彻底失了节拍，整副娇小的躯体在这超乎想象的绝顶浪潮里久久颤个不停。

1110,action_part_a_orgasm_super_B,0,CVP_A2_T|104_E_1&CVP_A2_A|5_LE_3,{TargetName}的腰肢猛地向上弓起，绷成一道紧绷到极限的弧线，随即又彻底瘫软下去，反反复复地抽搐着。\n{anal}开始了极度剧烈而漫长的连续痉挛，一圈圈括约肌疯狂地绞缩又翕张，收紧的力道大到整个臀部的软肉都在不受控制地颤动。\n她的双腿失控地大幅蹬动，脚趾死死蜷缩又猛然张开，小腿的肌肉一阵阵抽紧又松脱。\n随着这场超乎想象的绝顶，大量温热的肠液从{anal}深处汹涌喷涌而出，一股接一股地失禁般涌流不止，顺着股缝淋漓地淌满一片。\n{TargetName}的十指痉挛地抓挠着，全身的肌肉都强烈地绷紧又骤然松脱，胸口剧烈起伏喘动。\n她的眼神彻底涣散失焦，嘴唇失控地哆嗦着大张，舌尖无力地垂出唇外，止不住的口水顺着下巴一串串滴落，喉咙里溢出破碎的气音。
1111,action_part_a_orgasm_super_B,0,CVP_A2_T|104_E_1&CVP_A2_A|5_LE_3,{TargetName}的整个身子突然剧烈地弹跳了一下，接着便是一连串停不下来的抽搐，四肢像触电般不停地颤栗。\n{anal}陷入了近乎失控的极端收缩，密密的褶皱疯狂地一开一合，括约肌以惊人的频率持续绞紧又猛地松开，连带着大腿内侧的嫩肉都在打颤。\n她的腰部深深地塌陷下去又猛然挺起，来来回回地扭动摆荡，臀瓣不受控制地夹紧又摊开。\n巨量的肠液毫无预兆地从{anal}里喷射出来，像决堤般大股大股地涌流，量多到远远超出寻常，把身下淋得一片狼藉。\n{TargetName}的脚跟胡乱地蹭蹬着，脚踝紧绷到发抖，全身的肌肉一波波地收紧又虚脱。\n她仰着脖颈，双眼上翻只剩涣散的眼白，嘴角不停抽动，涎水混着断续的呜咽从大张的口中溢流而出。
1112,action_part_a_orgasm_super_B,0,CVP_A2_T|104_E_1&CVP_A2_A|5_LE_3,{TargetName}的后腰猛然拱成一个夸张的弧度，肌肉绷得死紧，僵持了好一阵后又骤然彻底虚脱，软倒下去仍止不住地轻颤。\n{anal}正经历着极其漫长且毫不停歇的痉挛，一轮又一轮地深深绞缩，括约肌疯狂翕动，收缩的强度大得让整片臀肉都随之一颤一颤。\n她的双腿无意识地绷直又蜷曲，膝盖打着战，脚趾一次次痉挛地抠紧。\n随之而来的是从{anal}里失禁般奔涌的大量肠液，一波未平一波又起，滚烫的液体喷涌不止，淋漓地流淌成片。\n{TargetName}的双手死死攥紧又猛地张开，指节泛白，全身肌肉一阵阵强直般地绷紧又松垮。\n她的表情彻底失控，眼皮无力地半阖，眼珠涣散地游移，唇舌瘫软地耷拉着，一线线口水顺着嘴角不断滑落。
1113,action_part_a_orgasm_super_B,0,CVP_A2_T|104_E_1&CVP_A2_A|5_LE_3,{TargetName}的身体骤然绷成一张拉满的弓，从脖颈到脚尖无一处不在剧烈地抽搐，随后又像被抽走了力气般彻底软瘫。\n{anal}疯狂地连续收缩，一下比一下更深更急，括约肌不受控制地反复绞缩翕张，紧缩的褶皱一圈圈地颤抖着痉挛。\n她的两条腿失控地乱蹬乱踹，大腿肌肉一跳一跳，脚背绷得笔直又猝然放松。\n浓稠温热的肠液从{anal}汹涌地喷涌而出，一次比一次量大，像失禁般止不住地涌流，把股间浇得湿淋淋的。\n{TargetName}的腰肢反复深深弓起又塌软，臀部无意识地一收一放地耸动，全身的肌肉都在持续地颤栗绷紧。\n她双目失神地翻起，睫毛颤动，张开的唇间垂着无力的舌尖，成串的涎水失控地淌下，喉间发出断断续续的抽气声。
1114,action_part_a_orgasm_super_B,0,CVP_A2_T|104_E_1&CVP_A2_A|5_LE_3,{TargetName}的脊背猛地离地般高高弓起，全身的肌肉一齐紧绷到极致，僵直片刻后又骤然松垮下来，止不住地一抖一抖。\n{anal}进入了极度剧烈的连绵痉挛，括约肌以近乎失控的力道疯狂绞缩，一收一放的幅度大得整个臀部都跟着痉挛颤动，褶皱翕张个不停。\n她的四肢毫无章法地颤抖乱动，双腿一会儿绷直一会儿蜷起，脚趾死死地抠握又张开。\n大量滚烫的肠液如喷泉般从{anal}深处接连喷射，一股股失禁似的涌流而出，量之多远超寻常，顺着腿根淋漓流淌。\n{TargetName}的手指痉挛地蜷曲抓挠，肩背一波波地耸动绷紧，胸膛急促地起伏喘动。\n她的眼神完全散开失焦，嘴唇哆嗦着合不拢，软塌的舌头垂出口外，黏亮的口水一滴滴坠落，喉咙里挤出破碎的气声。
1115,action_part_a_orgasm_super_B,0,CVP_A2_T|103_E_1&CVP_A2_T|1_E_0&CVP_A2_A|10_G_3&CVP_A2_A|10_LE_6,娇小的{TargetName}猛地绷直了才刚开始发育的稚嫩身躯，纤细的腰肢反复深深弓起后又彻底瘫软塌下。\n经验充足的{anal}开始极度剧烈地连续痉挛收缩，一圈圈括约肌疯狂而持续地绞缩翕张，把嫩红的媚肉一次次翻搅外吐。\n她单薄的四肢完全失控地颤抖乱蹬，稚嫩的脚趾用力蜷成一团又猛然张开，纤瘦的小腿肚一下下抽搐着绷紧。\n{anal}深处大量温热的肠液如失禁般喷涌而出，一股接着一股地失控涌流不止，顺着股缝淋淋漓漓地淌成一片。\n她原本天真的眼神彻底失焦上翻，粉嫩的小舌无力地垂挂在唇外，透明的涎水沿着尖巧的下巴不受控制地溢流。\n整具娇小的身躯持续地强烈痉挛绷紧，还残留着孩童圆润的脸蛋因这近乎失控的极端反应而皱成一团。
1116,action_part_a_orgasm_super_B,0,CVP_A2_T|103_E_1&CVP_A2_T|1_E_0&CVP_A2_A|10_G_3&CVP_A2_A|10_LE_6,发育未足的{TargetName}整个瘦小后背弓成一张满绷的弓，稚气的脖颈死死向后仰起，紧接着又软绵绵地瘫倒下去。\n被开发得颇有经验的{anal}长时间不受控制地翕张绞缩，环状的括约肌一波接一波地疯狂吸吮翻卷，嫩肉被绞得外翻。\n她细白的双腿失控地大张又猛地夹紧，纤细的脚踝痉挛似地乱颤，小小的脚掌一次次痉挛蜷起。\n{anal}里一股股滚烫的肠液毫无节制地喷涌迸溅，量大得远超寻常，噗噗地失禁涌流把股间彻底浇得湿透。\n她稚嫩的脸颊肌肉不停抽搐，涣散的双眼翻起眼白，殷红的小嘴大张着流出一线线拉长的涎液。\n单薄的胸口剧烈地起伏喘动，纤瘦的十指死死抠握又骤然张开，整个人陷入近乎失控的连绵痉挛之中。
1117,action_part_a_orgasm_super_B,0,CVP_A2_T|103_E_1&CVP_A2_T|1_E_0&CVP_A2_A|10_G_3&CVP_A2_A|10_LE_6,稚嫩娇弱的{TargetName}腰腹猛地一下下深深顶挺弓起，纤细的身子绷得笔直后又整个失力般彻底垮塌。\n熟悉肛交的{anal}此刻极度剧烈地连番痉挛，一层层括约肌无法自控地疯狂绞缩收吸，媚红的肠壁被翻搅得内外翕动。\n她细瘦的四肢像触电一样失控颤抖，稚嫩的膝盖乱蹬乱撞，小巧的脚趾用力抠紧又猛地绷张开来。\n{anal}深处大量肠液喷薄般失禁涌出，接连不断地噗噗喷溅淌流，把纤细的大腿内侧浇得一片黏腻濡湿。\n她眼神彻底涣散上吊，粉舌不受控地滑出唇缝无力垂晃，晶亮的涎水一线线地顺着下颌滴落。\n整具初显少女轮廓的娇躯持续地强烈抽搐绷紧，稚气的小脸涨得通红并因极端反应扭曲皱缩成一团。
1118,action_part_a_orgasm_super_B,0,CVP_A2_T|103_E_1&CVP_A2_T|1_E_0&CVP_A2_A|10_G_3&CVP_A2_A|10_LE_6,身材娇小的{TargetName}猛然绷紧了整具稚嫩躯体，纤瘦的腰杆反复深深挺起又一次次软瘫下陷。\n有过多次开发的{anal}长久而剧烈地连续绞缩痉挛，一圈圈括约肌疯狂持续地翕张吮吸，把嫩肉一遍遍绞卷外翻。\n她纤细的双腿失控地痉挛蹬踹，稚气的脚背绷得死直，一双小脚趾用力蜷曲又骤然大张地颤个不停。\n{anal}里大量温热的肠液如决堤般失禁喷涌而出，一波压着一波地汩汩涌流不止，把纤白的股缝彻底冲刷得湿淋淋。\n她涣散无神的眼珠翻起上吊，粉嫩的舌尖软软地滑垂在唇外，透亮的口水拉成长丝顺着尖下巴滑落。\n单薄稚嫩的整个身子持续地强烈痉挛紧绷，还带着孩童稚气的脸蛋因近乎失控的极端反应而彻底扭作一团。
1119,action_part_a_orgasm_super_B,0,CVP_A2_T|103_E_1&CVP_A2_T|1_E_0&CVP_A2_A|10_G_3&CVP_A2_A|10_LE_6,娇嫩幼小的{TargetName}整个稚气的身躯剧烈地弹跳绷直，纤细的腰肢一下下深弓成拱后又彻底虚脱般瘫软。\n开发有素的{anal}极度剧烈且长时间地连续收缩痉挛，环状括约肌疯狂而持续地绞紧翕张，把外翻的媚肉一次次吮吐挤卷。\n她瘦削的四肢完全失去控制地乱颤乱蹬，稚嫩的脚踝痉挛抽搐，一双小脚掌用力绷直后又猛地蜷起抠紧。\n{anal}深处大量的肠液毫无节制地喷涌迸射，接二连三地失禁般涌流不止，噗噗溅淌把纤细股间浇灌得湿透黏腻。\n她双眼彻底翻白失焦，殷红的小嘴大张着任粉舌无力垂挂，成缕的涎水沿着稚气的下颌不停滴落淌流。\n初现少女轮廓的娇小躯体持续地强烈痉挛绷紧，圆润稚嫩的脸颊涨红并因这极端失控的反应而狠狠皱缩成一团。

1120,action_part_a_orgasm_super_B,0,CVP_A2_T|104_E_1&CVP_A2_T|1_E_0&CVP_A2_A|10_G_3&CVP_A2_A|10_LE_6,{TargetName}青春的娇躯毫无预兆地猛然剧烈弓起，仿佛隐忍到极限的东西在这一刻被彻底放行，{anal}极度剧烈地连续痉挛收缩，一波接着一波长时间地绞紧翕张，历经开发的括约肌疯狂地翻卷嘬吸，深处的肠壁不受控制地一圈圈剧烈蠕动个不停。\n年轻纤细的腰肢反复深深地弓起又猛然彻底瘫软，如此往复了许多次，紧实的小腹持续不停地剧烈抽搐痉挛，光洁的腹肌一阵阵绷成硬块又骤然松垮。\n修长的双腿失控地大幅乱蹬乱颤，脚趾极度用力地蜷缩绷直，纤细的膝盖与脚踝止不住地痉挛发抖，青春饱满的臀肉一下下疯狂地缩夹又骤然松脱。\n{anal}再也锁不住地喷涌出大量温热的肠液，失禁般地一股股涌流不止，顺着颤抖不停的腿根汩汩流淌成一片。\n少女的眼神彻底涣散上翻，唇舌失控地垂软伸出，透明的口水顺着嘴角止不住地溢流成线，稚气未脱的面庞失神地大张着，整具青春的躯体在极致的失控中长久地痉挛抽搐。
1121,action_part_a_orgasm_super_B,0,CVP_A2_T|104_E_1&CVP_A2_T|1_E_0&CVP_A2_A|10_G_3&CVP_A2_A|10_LE_6,{TargetName}发育初成的身子骤然绷成一张满弓，随即失控地剧烈弹颤起来，{anal}长时间不受控制地疯狂痉挛，一下比一下更深地向内绞缩，早已被开发得娴熟的括约肌一张一翕地疯狂翕动，将深处的褶皱一次次剧烈地卷吸收紧。\n青涩纤细的腰身接连深深地弓起再一次次彻底塌软，反复瘫落又强撑而起，扁平紧致的小腹连成一片地剧烈抽搐，一阵阵猛地凹陷又鼓起。\n匀称修长的双腿彻底失了控地痉挛乱颤，时而向内死死夹拢时而失力地乱蹬开去，脚踝与脚趾绷得死紧又骤然抽搐松垮，青春圆翘的臀瓣疯狂地一缩一放个不停。\n{anal}汹涌地喷涌出大股大股的滚热肠液，如同失禁一般止不住地喷洒淋漓，将颤抖的腿根与臀缝浇得一片湿滑。\n少女的双眼彻底失焦上翻，舌头失控地软软探出唇外，涎水成串地顺着下颌滴落，稚嫩的脸庞大张着口徒劳地抽搐，整副娇躯陷入长久而极端的失控颤栗中。
1122,action_part_a_orgasm_super_B,0,CVP_A2_T|104_E_1&CVP_A2_T|1_E_0&CVP_A2_A|10_G_3&CVP_A2_A|10_LE_6,{TargetName}洋溢着青春气息的娇躯猛地一挺，四肢僵直地绷紧到极点后骤然剧烈痉挛，{anal}极致剧烈地连绵抽搐收缩，久久不能平息，一波未落一波又起地疯狂绞缩，经验老到的括约肌疯狂而持续地嘬紧翕张，将深处一圈圈地狠狠卷吸。\n纤秀的腰肢反反复复地深弓成弧又彻底软塌下去，稚气的小腹止不住地剧烈起伏抽动，一层薄薄的腹肌一次次绷成硬棱又猛然瘫软。\n少女修长的腿脚失控地乱蹬乱踹，膝头颤个不停，脚背绷成死直的弧线，十根脚趾用力地蜷曲抠紧再松开，青春紧翘的臀肉疯狂地一夹一松痉挛不止。\n{anal}再无半分收束之力地喷涌出汹涌肠液，一股接一股失禁般地喷流狂泄，将不住颤抖的股间浇成湿淋淋的一片。\n她的眼神彻底涣散得没了焦点，眼白翻起，柔软的舌尖失控地垂出唇外，晶亮的口涎顺着嘴角连绵不断地淌落，青涩的面庞失神大张，整具身躯久久陷在极端的抽搐失控里。
1123,action_part_a_orgasm_super_B,0,CVP_A2_T|104_E_1&CVP_A2_T|1_E_0&CVP_A2_A|10_G_3&CVP_A2_A|10_LE_6,{TargetName}青春饱满的躯体毫无征兆地弹跳般高高弓起，紧接着一阵猛过一阵地剧烈痉挛，{anal}不受控制地长久疯狂收缩，深深浅浅地连续绞紧了一次又一次，被反复调教得熟稔的括约肌疯狂地翻绞嘬吸，一圈圈将深处狠狠地卷收拢紧。\n年轻柔韧的腰身反复地深弓成满月又骤然彻底瘫垮，起起落落地折腾了许久，青涩紧致的小腹连绵不绝地剧烈抽搐凹陷，腹面的肌肉绷紧又松垮个不停。\n她纤细的双腿彻底失控地痉挛乱颤，一时死死向内夹紧一时又乱蹬乱踢，脚趾拼命地抠蜷绷直，青春浑圆的臀瓣一刻不停地疯狂缩夹翕张。\n{anal}猛地喷涌出大量灼热的肠液，如决堤般失禁地一泻不止，顺着痉挛发抖的腿根一道道汩汩流泻开来。\n少女的双目彻底失神上吊，舌头脱力地软软吐出唇外，透亮的涎液成线地滑下下颌，稚气的脸孔大张着口徒劳地颤搐，整具青春的娇躯长时间地深陷在极致失控的痉挛之中。
1124,action_part_a_orgasm_super_B,0,CVP_A2_T|104_E_1&CVP_A2_T|1_E_0&CVP_A2_A|10_G_3&CVP_A2_A|10_LE_6,{TargetName}青春的身躯骤然从头到脚绷成一条紧弦，旋即失控地剧烈弹颤个不停，{anal}极度剧烈而持久地连续挛缩，一波接一波深深浅浅地疯狂绞紧翕开，被开发娴熟的括约肌不受控制地疯狂嘬吸卷绞，把深处一圈圈狠狠地收拢又松放。\n她青涩纤细的腰肢一次次深深弓起旋即彻底软塌，反复地挺起瘫落许多回，平坦紧实的小腹连成一片地剧烈抽动凹陷，腹肌一阵阵绷起硬块又猝然松弛。\n匀称的双腿失去控制地大幅乱蹬痉挛，膝盖与脚踝抖个不停，脚趾死死蜷缩再骤然绷直，青春紧俏的臀肉疯狂地一收一放翕缩不止。\n{anal}再也含不住地喷涌出滚烫的大股肠液，失禁似的一股股喷洒流淌，把颤个不停的腿根与臀缝浇得湿漉漉一片。\n少女的眼神彻底散乱翻白，柔软的舌头失控地垂软探出，亮晶晶的口水顺着唇角连成一线地滴落，青嫩的面容失神地大张着，整副娇躯久久地在极端的失控里痉挛抽搐着。
1125,action_part_a_orgasm_super_B,0,CVP_A2_T|105_E_1&CVP_A2_A|1_E_0&CVP_A2_A|10_G_3&CVP_A2_A|10_LE_6,{TargetName}成熟丰腴的身躯在这一瞬间彻底失去了控制，{anal}以远超以往任何一次的幅度疯狂痉挛起来，一波接一波地剧烈收缩绞紧。\n那有过一定经验的括约肌此刻再也维持不住平日的从容，翕张翻搅得近乎癫狂，一圈圈疯狂地绞缩又猛地骤然松开。\n她的腰肢深深地弓起绷成一道紧绷的弧线，随即又猛然彻底瘫软塌陷下去，如此反反复复不停歇。\n浑圆的臀瓣绷得死紧却又剧烈地颤抖抽搐，大腿根部的肌肉一阵阵痉挛着夹紧又蹬开。\n伴随着这极致的抽搐，大股大股温热的肠液毫无节制地从{anal}喷涌而出，失禁般地汩汩涌流不止，顺着颤动的股缝淌下一大片。\n她的十指痉挛地蜷曲抓挠，脚趾也失控地绷直又蜷起，成熟脸庞上的眼神彻底涣散，微张的唇边溢出止不住的津液，喉间发出破碎失控的哽咽。
1126,action_part_a_orgasm_super_B,0,CVP_A2_T|105_E_1&CVP_A2_A|1_E_0&CVP_A2_A|10_G_3&CVP_A2_A|10_LE_6,这一刻{TargetName}再也压抑不住，整个成熟的胴体绷成一张拉满的弓，{anal}毫无预兆地陷入了长时间不受控制的连续抽搐。\n后穴的软肉一层层疯狂地内缩外翻，那已被适度开发的肠壁以惊人的力道一寸寸绞拧蠕动，比以往任何一次强绝顶都要剧烈数倍。\n她丰满的胸脯剧烈起伏喘动，脖颈猛地向后仰起绷得青筋隐现，双肩不住地耸动痉挛。\n两条修长的美腿失控地乱蹬乱颤，脚背一次次绷直到极限又骤然松脱，膝盖不住地打着战。\n浓稠的肠液从疯狂开合的{anal}里一次次喷射涌出，量大得如同决堤，将颤抖的下身彻底浸得湿淋淋一片。\n她的双手死死抠抓痉挛，唇舌失控地颤动，成熟的面容上口水混着涎液不住溢出，眼神失焦涣散得再也聚不起来。
1127,action_part_a_orgasm_super_B,0,CVP_A2_T|105_E_1&CVP_A2_A|1_E_0&CVP_A2_A|10_G_3&CVP_A2_A|10_LE_6,{TargetName}平日里那副从容优雅的成熟姿态在此刻荡然无存，{anal}以近乎失控的极端状态一下下疯狂痉挛绞缩，收缩的频率密集得让整个下腹都随之抽动。\n经验丰富的括约肌疯狂地翕合张缩，一圈圈死命地箍紧又猛地弹开，仿佛要把一切都绞碎般不停翻搅。\n她的腰背反复地深深弓起再彻底瘫软，臀部一次次高高抬离又重重塌下，整条脊背绷紧到极致。\n四肢像脱了力般失控地颤抖抽搐，大腿内侧的软肉一阵阵剧烈痉挛，脚趾蜷曲得死紧。\n伴着痉挛的节奏，滚烫的肠液毫无节制地从{anal}汹涌喷涌而出，一股股失禁般地喷洒流淌，淋漓不止。\n她的表情彻底失守，双眼上翻涣散无神，微张的嘴角挂着长长的涎丝，喉咙里溢出一声声断续失控的哽咽气音。
1128,action_part_a_orgasm_super_B,0,CVP_A2_T|105_E_1&CVP_A2_A|1_E_0&CVP_A2_A|10_G_3&CVP_A2_A|10_LE_6,猛烈的绝顶将{TargetName}成熟的身躯整个掀翻进失控的浪潮里，{anal}发疯似的连续剧烈收缩，一波未平一波又起，痉挛持续得远比寻常绝顶漫长。\n那适应良好的后穴此刻彻底不受控制，肠壁一层层疯狂地绞紧蠕动内吸，括约肌翻翕绞搅得毫无章法。\n她丰腴的腰肢剧烈地扭拧摆动，臀瓣绷紧又猛烈地上下颤动，整个骨盆都失控地耸动痉挛。\n两腿大幅度地绷直乱蹬，脚踝一次次痉挛地内勾，浑身的肌肉都强烈而持续地抽搐紧绷。\n大量温热黏腻的肠液从翕张不休的{anal}中喷涌失禁而出，一泄如注地涌流成片，量与力道都远超以往。\n她的手指深深蜷缩抠掐，唇齿失控地打颤，成熟面庞上的神情涣散错乱，止不住的口水从歪斜的唇角溢出滴落。
1129,action_part_a_orgasm_super_B,0,CVP_A2_T|105_E_1&CVP_A2_A|1_E_0&CVP_A2_A|10_G_3&CVP_A2_A|10_LE_6,{TargetName}再也维持不住大姐姐那份成熟的镇定，整具丰满的身子剧烈弹跳了一下，{anal}便陷入了近乎癫狂的连续深度痉挛，一圈圈绞缩得又急又猛。\n有过经验的后穴娴熟却又失控地疯狂开合，肠道深处一浪接一浪地强烈蠕动绞拧，收放的幅度大得惊人。\n她的腰肢一次次深深塌陷又猛地弓起，浑圆饱满的臀部剧烈地痉挛颤栗，绷紧的股沟不住地翕动。\n四肢无力却又失控地乱颤乱蹬，脚趾一根根绷直蜷曲，全身的肌肉一阵紧似一阵地抽搐绷紧。\n伴着这极致的收缩，成股的滚烫肠液从{anal}不受控制地喷薄涌出，失禁般地喷洒淌流个不停，浸湿了颤抖不止的下身。\n她整张成熟的脸彻底失了神，双眸涣散上翻，唇舌瘫软地伸吐着，止不住的涎水与哽咽一同从失控的口中溢出。

1130,action_part_a_orgasm_super_B,0,CVP_A2_T|106_E_1&CVP_A2_T|1_E_0&CVP_A2_A|10_G_3&CVP_A2_A|10_LE_6,{TargetName}成熟丰腴的身躯骤然爆发出一阵剧烈到无法自控的痉挛，{anal}极度剧烈地连续收缩绞紧，那早已被开发得熟练自如的括约肌此刻疯狂地翕张绞缩，一圈圈地反复夹拢又猛地松开，力度之大远超以往任何一次。\n丰满圆润的臀肉大幅度地绷紧又猛烈抖动，成熟的腰肢反复深深地弓起到极致，随即又彻底瘫软下去，如此往复了好几轮才渐渐无力。\n两条丰腴修长的大腿失控地痉挛乱蹬，圆腻的腿肉剧烈地颤栗抽搐，脚趾疯狂地蜷曲扣拢又猛然张开，成熟的足弓一次次绷到极限。\n伴随着{anal}那狂乱不止的绞缩，大量温热的肠液如同失禁一般从深处喷涌而出，一股接一股地涌流不止，浸湿了丰腴的腿根内侧一大片成熟的肌肤。\n她成熟的面庞彻底失了神，眼神涣散地失焦，丰润的唇舌失控地半张着，涎水顺着嘴角不受控制地溢流下来，丰满的胸膛随着完全失序的喘息剧烈地起伏，整副丰盈成熟的躯体在这场极致的绝顶里长久地抽搐颤栗，久久无法平复。
1131,action_part_a_orgasm_super_B,0,CVP_A2_T|106_E_1&CVP_A2_T|1_E_0&CVP_A2_A|10_G_3&CVP_A2_A|10_LE_6,猛然间{TargetName}丰盈的身躯绷成了一张满弓，{anal}以远超寻常的幅度剧烈而持久地连续痉挛，那被反复调教得极为熟练的肠壁一波波疯狂地蠕动绞缩，成熟的括约肌不受控制地疯狂收缩翕张，一下下地狠狠夹紧又骤然松脱。\n丰腴的腰身反复深深地向上弓起，弓到极限后又彻底失力地瘫塌下去，成熟饱满的臀肉随之剧烈地痉挛抽搐，一波接一波地颤动不休。\n她修长丰润的四肢彻底失去了控制，双腿痉挛着胡乱蹬动，成熟的手指痉挛地张开又攥紧，指节因过度用力而根根泛白。\n{anal}深处失禁般地喷涌出滚烫的肠液，那浓稠的液流一股股地汹涌而下，量之大远非寻常绝顶可比，将丰腴成熟的腿根浸得湿淋淋一片。\n成熟妩媚的面容此刻彻底垮塌，眼神完全涣散失焦，嘴唇失控地大张，舌尖无力地垂露在外，晶亮的涎液不断地从唇角淌落，整个丰满的身躯在极致的绝顶浪潮中长时间地剧烈抽搐，迟迟不能自持。
1132,action_part_a_orgasm_super_B,0,CVP_A2_T|106_E_1&CVP_A2_T|1_E_0&CVP_A2_A|10_G_3&CVP_A2_A|10_LE_6,{TargetName}成熟的娇躯陡然爆发出一阵极致的震颤，{anal}长时间地、不受控制地连续剧烈痉挛收缩，那历经开发而娴熟的括约肌疯狂而持续地绞缩翕张，一圈圈疯狂地收拢又猛地翻涌张开，力道大得几乎失控。\n丰腴成熟的腰肢一次次深深弓起绷紧到极点，随后又整个彻底地瘫软摊平，成熟圆翘的臀部随着{anal}的狂乱绞缩剧烈地抽搐颤动个不停。\n两条丰满的美腿失控地痉挛乱颤，圆润的腿肉一阵阵猛烈地抽搐绷紧，脚趾死死地蜷缩扣拢，足踝处的肌肉绷成一道道紧绷的线条。\n随着{anal}疯狂持续的收缩，大量温热黏腻的肠液如决堤般失禁喷涌而出，一波接一波地涌流不止，将丰腴的臀缝与腿根内侧尽数浸透。\n她成熟的脸庞完全失神，双眼涣散地翻起，丰润的唇舌不听使唤地松垮张开，津液顺着下颌不断滴落，丰满的胸脯伴着彻底失控的急喘剧烈起伏，成熟丰盈的整具身躯在这场超乎想象的绝顶中长久地痉挛，久久不能回神。
1133,action_part_a_orgasm_super_B,0,CVP_A2_T|106_E_1&CVP_A2_T|1_E_0&CVP_A2_A|10_G_3&CVP_A2_A|10_LE_6,这一瞬{TargetName}成熟饱满的身体骤然失控地剧烈绷紧，{anal}极度剧烈地一阵接一阵连续痉挛，那被驯得熟稔的肠道疯狂地蠕动绞缠，成熟有力的括约肌持续不断地疯狂翕张收缩，一下下地狠狠绞紧后又骤松。\n丰盈的腰身深深地反复弓起到极致，紧接着又彻底地失力软塌下去，反复往还了数轮，圆润丰满的臀肉随之剧烈地颤抖抽搐不休。\n她成熟修长的双腿失控地痉挛蹬动，丰腴的大腿一阵阵狠狠抽搐绷直，脚趾疯狂地蜷曲又张开，成熟的十指痉挛着胡乱抓攥，指节泛出惨白。\n{anal}如同失禁般汹涌地喷涌出滚烫浓稠的肠液，一股股接连不断地涌流而下，量与势都远超以往，淋漓地浸湿了成熟丰腴的整片腿根。\n成熟的面庞此刻彻底失神涣散，眼神空茫地失焦，嘴唇失控地半启，舌头无力地探露，涎水沿着唇角肆意流淌，丰满的胸膛随着完全失序的呼吸大幅起伏，整副成熟丰盈的躯体在极致绝顶的巨浪中长时间地抽搐战栗，迟迟无法平息。
1134,action_part_a_orgasm_super_B,0,CVP_A2_T|106_E_1&CVP_A2_T|1_E_0&CVP_A2_A|10_G_3&CVP_A2_A|10_LE_6,{TargetName}丰腴成熟的躯体倏然爆发出一阵近乎失控的剧烈抽搐，{anal}极度剧烈且长久地连续痉挛绞缩，那早被开发得熟练异常的括约肌疯狂而持续地翕张收拢，一波波地狠狠夹缩又猛然松张，狂乱得不可遏止。\n成熟的腰肢反复深深地弓起绷至极限，转瞬又彻底地瘫软塌落，如此循环数次才渐次无力，圆润丰满的臀部随{anal}的疯狂绞动剧烈地抖颤个不停。\n她丰满修长的四肢彻底失控，双腿痉挛着乱蹬乱颤，成熟的脚趾死死扣拢又猛地绷张，双手痉挛地攥紧松开，指节根根泛白。\n伴着{anal}那停不下来的狂乱收缩，海量温热的肠液失禁般地喷涌不止，一道道浓稠的液流汹涌而下，将丰腴成熟的腿根与臀缝浸得湿透。\n成熟妩媚的脸庞完全失了神采，眼神彻底涣散翻散，丰润的唇舌失控地松垮垂张，涎液不受控制地顺着嘴角淌落，丰满的胸脯伴着彻底崩乱的喘息剧烈起伏，整具成熟丰盈的身躯在这超乎想象的极致绝顶里长久地痉挛颤栗，久久不能自已。
1135,action_part_a_orgasm_super_B,0,CVP_A2_T|107_E_1&CVP_A2_T|1_E_0&CVP_A2_A|10_G_3&CVP_A2_A|10_LE_6,身为人妻的{TargetName}整个后腰骤然剧烈地弹起绷直，紧接着{anal}便疯狂地翻涌收缩，那熟稔的肠壁一阵阵地深度蠕动绞拧，将被寸止逼到极限的滔天快感尽数释放而出。\n她的十指痉挛地张开又攥紧，双臂僵直地抽搐颤动，脖颈无力地向后仰倒，锁骨与胸口随着失控的喘息剧烈起伏。\n{anal}翕张不休地喷出一大股又一大股浑浊的肠液，喷涌的力道与量都远远盖过寻常，将下身淋得一片湿滑淋漓。\n她的膝盖不住地内扣又弹开，脚踝抽搐地绷紧勾起，眼皮痉挛地眨动，瞳孔失焦地上翻，舌尖失控地探出唇外，涎水成丝地垂落，整个身体在一波波余韵般的深度绞缩中反复战栗抽动，连腹部都一下下地凹陷起伏个不停。
1136,action_part_a_orgasm_super_B,0,CVP_A2_T|107_E_1&CVP_A2_T|1_E_0&CVP_A2_A|10_G_3&CVP_A2_A|10_LE_6,人妻{TargetName}的身子骤然剧烈地弓成一张满弓，{anal}以近乎失控的频率连续不断地痉挛绞缩，被反复调教过的老练括约肌一圈圈死死地缩紧又猛地松张，将积攒到极致的巨量快感彻底炸开。\n她全身的肌肉都强烈而持续地抽搐绷紧，腰胯不受控制地大幅摆动扭动，双腿一会儿夹紧一会儿又软软地滑开，脚趾用力地绷直张开。\n{anal}汹涌地喷涌出源源不绝的滚烫肠液，一股股失禁般地涌流喷洒，量大得远超以往任何一次。\n她的头颅无力地左右甩动，散乱的发丝黏在满是汗水与口水的脸颊上，嘴巴大张着却发不出完整的声响，只剩破碎的抽气哼喘，眼角沁出生理性的泪水，指节泛白地痉挛抠紧，久久无法从这场极致的绝顶里回过神来。
1137,action_part_a_orgasm_super_B,0,CVP_A2_T|107_E_1&CVP_A2_T|1_E_0&CVP_A2_A|10_G_3&CVP_A2_A|10_LE_6,已是人妻之身的{TargetName}腰腹猛然一阵深度的抽搐绷紧，{anal}随即爆发出长时间不受控制的剧烈连续痉挛，那被充分开发的肠壁熟练地一波波深度收缩蠕动，将被寸止累积到顶点的滔天快感一齐宣泄出来。\n她的四肢失控地颤抖乱蹬，脚跟无意识地反复蹭动，膝盖痉挛地弯曲又伸直，整条脊背反复深深弓起后又骤然彻底瘫软下去。\n{anal}翻涌绞缩着喷涌出大量的肠液，如同失禁般一波波地涌流不止，将下身与股间淋得湿透。\n她的双眼彻底失神涣散，眼白微微翻起，嘴唇失控地颤抖开合，晶亮的口水顺着嘴角拉出长长的银丝，喉咙里溢出断续而破碎的呜咽哼喘，指尖一下下地痉挛蜷曲，全身在漫长的余韵抽搐中战栗不停。
1138,action_part_a_orgasm_super_B,0,CVP_A2_T|107_E_1&CVP_A2_T|1_E_0&CVP_A2_A|10_G_3&CVP_A2_A|10_LE_6,人妻{TargetName}的整个身子骤然剧烈地绷成一条紧绷的直线，{anal}疯狂而持续地绞缩翕张，那老练熟稔的括约肌一圈接一圈地深度痉挛收缩，将被反复逼停后累积到极致的巨量快感一并倾泻而出。\n她的腰肢反复深度地弓起又塌软，大腿肌肉一阵阵地强烈抽搐痉挛，脚趾死死地蜷紧勾曲，双手无力地攥紧又松开，指甲抠挠着掌心。\n{anal}一下下地翕动喷涌，失禁般地涌出滚烫浑浊的肠液，喷流的量与势头都远远超出寻常绝顶。\n她的头向后仰去，颈侧的筋络绷得鼓起，眼神彻底涣散上翻，舌头失控地软软探出唇外，口水与涎液不受控制地大股溢出滴落，喉间迸出失控破碎的哼叫，整具身躯在一波又一波的深度绞缩里久久颤抖抽搐，连小腹都痉挛地起伏个不停。
1139,action_part_a_orgasm_super_B,0,target_is_player_daughter&CVP_A2_T|1_E_0&CVP_A2_A|10_G_3&CVP_A2_A|10_LE_6,{TargetName}正值妙龄的娇躯毫无征兆地剧烈弓起，被压抑积攒到极限的快感在这一刻轰然决堤，{anal}极度剧烈地连续痉挛绞缩，一波未平一波又起地翕张收吸，那处早已被开发得娴熟的经验之地此刻彻底失了分寸，疯狂地一张一合。\n少女紧绷的括约肌不受控制地反复痉挛收紧又骤然松开，随着每一次深长的抽搐，大量温热的肠液自{anal}深处失禁般地喷涌而出，顺着颤抖的臀缝汩汩涌流不止，将大腿根内侧浸得一片湿滑。\n她的腰肢深深弓成一道紧绷的弧线，随即又彻底瘫软塌陷下去，两条纤细的长腿失控地痉挛乱蹬，脚趾用力抠绷到发白，膝盖不住地打颤合拢又弹开。\n年轻的脊背一次次绷直又松垮，双手死死攥紧掐入掌心，指节泛白，喉间溢出破碎失序的气音。\n她涣散无神的眼眸失焦地望向父亲{Name}的方向，微张的唇齿间失控地淌出晶亮的口水，整副少女躯体在这场究极的绝顶余波里长久地抽搐战栗，久久无法平复。
1140,action_part_a_orgasm_super_B,0,target_is_player_daughter&CVP_A2_T|1_E_0&CVP_A2_A|10_G_3&CVP_A2_A|10_LE_6,承受不住那被反复逼至临界又强行截停的巨量快感，{TargetName}的身子猛地一僵，旋即彻底失控地剧烈痉挛起来，{anal}长时间不受控制地连续绞缩翕张，一圈圈疯狂地收吸又松弛。\n那处历经开发、平日里收放自如的括约肌此刻再也保持不住往日的娴熟从容，只余疯狂而持续的痉挛紧绞，伴着一阵接一阵深长的抽动，浓稠温热的肠液毫无节制地大股喷射涌出，淋漓地流淌过颤栗的腿根，濡湿一大片肌肤。\n她的小腹一下下剧烈地抽搐凹陷，腰身反复深深弓起又软塌下来，四肢绷得笔直后又失控地颤抖乱颤，纤足脚背绷直脚趾蜷曲。\n少女单薄的肩背剧烈起伏，急促的喘息完全乱了节奏，指尖胡乱抓挠攥紧。\n失神涣散的双目再也聚不起焦距，红润的唇瓣无力地半张着，晶莹的津液顺着嘴角滑落，青涩稚嫩的躯体在这场超乎想象的绝顶中被彻底冲垮，抽搐战栗良久方缓缓瘫软下来。
1141,action_part_a_orgasm_super_B,0,target_is_player_daughter&CVP_A2_T|1_E_0&CVP_A2_A|10_G_3&CVP_A2_A|10_LE_6,积蓄已久的快感终于被一齐释放，{TargetName}花季的身躯骤然绷紧到极致，随即失去控制地剧烈抖动，{anal}极致而漫长地连番痉挛，深处的肠壁疯狂蠕动绞缩，一波接一波地翕张吮吸个不停。\n这具有经验的少女后穴本该懂得如何张弛有度，此刻却全然失了章法，括约肌只知疯狂而持续地收紧又骤松，随着剧烈的抽搐，大量灼热的肠液如失禁般喷涌不止，顺着痉挛的臀瓣一道道淌落，将腿间浸润得泥泞湿滑。\n她的脊背深深弓成满弓又猛地瘫塌，紧实的小腹一阵阵剧烈抽紧，两腿失控地痉挛乱蹬，脚趾死死绷勾。\n纤细的手指痉挛般收拢抠紧，指节尽数泛白，胸口剧烈起伏喘息全然失序。\n她涣散的眼神空茫无焦，微张的唇间控制不住地溢出连串气音与滑落的口涎，稚气未脱的娇躯在这究极绝顶里长久地颤栗抽动，迟迟不能平息。
1142,action_part_a_orgasm_super_B,0,target_is_player_daughter&CVP_A2_T|1_E_0&CVP_A2_A|10_G_3&CVP_A2_A|10_LE_6,再也承不住那层层累积到顶点的滔天快感，{TargetName}青春的娇体倏地弓成一张紧绷的弓，紧接着毫无节制地剧烈痉挛，{anal}极度剧烈又持久地连续绞紧翕张，疯狂地收缩吮吸一刻不停。\n经验丰富的后穴此刻再无半分平日的从容自如，括约肌只顾着一下下疯狂痉挛紧绞，伴随深长的抽搐，滚烫黏腻的肠液毫无节制地汹涌喷出，失禁般地涌流不止，濡湿了整片颤抖的腿根与臀缝。\n她年轻的腰肢反复深深弓起又彻底软瘫，纤长双腿失控地乱蹬痉挛，脚尖绷直脚趾蜷曲抠紧，一双小手死死攥住身侧掐入掌心。\n单薄的肩头剧烈耸动，呼吸彻底紊乱破碎。\n她失焦涣散的美眸无力地偏向{Name}的方位，殷红的双唇失控地大张，亮晶晶的口水顺着下颌滑落成线，那具少女躯体在这超乎想象的极致绝顶里被冲垮得彻底，久久地抽搐颤抖不止。
1143,action_part_a_orgasm_super_B,0,target_is_player_daughter&CVP_A2_T|1_E_0&CVP_A2_A|10_G_3&CVP_A2_A|10_LE_6,被寸止逼到极限的快感一齐倾泻而下，{TargetName}稚嫩的身子猛然痉挛弹起，旋即失控地剧烈战栗，{anal}长久而极度剧烈地连续收缩翕张，深处一圈圈疯狂地绞紧又骤然松开，翕动不休。\n那处久经调教、素来收放娴熟的括约肌此时彻底乱了分寸，只余疯狂持续的痉挛紧缩，随着一次次深长抽搐，大量温热的肠液毫无遮拦地喷涌失禁，顺着抽搐的腿根成股淌下，将嫩滑的肌肤浇得湿淋淋一片。\n少女的腰身深弓成弧后又整个塌软，小腹剧烈起伏抽动，四肢绷直又失控地颤抖痉挛，纤足乱蹬，脚趾用力抠绷。\n她的指尖胡乱抠攥收拢，指节泛白，胸腔剧烈起伏喘息失序。\n涣散无焦的双眸失了神采，微启的唇齿间无意识地淌出津液，青涩的娇躯在这场究极绝顶的余韵里被彻底冲垮，长时间地抽搐颤栗，迟迟无法归于平静。
1144,action_part_a_orgasm_super_B,0,target_is_player_daughter&CVP_A2_T|1_E_0&CVP_A2_A|10_G_3&CVP_A2_A|10_LE_6,当那被反复截停积攒到极致的巨量快感终于奔涌释放，{TargetName}正当妙龄的身躯剧烈地绷紧弓起，随即彻底失控地连番痉挛，{anal}极度剧烈且长时间地翕张绞缩，疯狂地一收一放吮吸不停。\n她那早已开发得驾轻就熟的后穴此刻再难维持往日的松紧自如，括约肌只知持续疯狂地痉挛紧绞，伴着深长的抽动，浓稠灼热的肠液大股大股地喷射涌流，失禁般地淌个不停，将颤抖的臀缝与腿间尽数浸透。\n年轻紧致的腰肢反复深深弓起又彻底瘫软，紧绷的小腹一下下剧烈凹陷抽搐，两条长腿失控地痉挛乱蹬，脚背绷直脚趾死死蜷勾。\n纤细的手指痉挛着攥紧抓挠，指节泛白，肩背剧烈耸动喘息完全紊乱。\n她失神涣散的眼眸空洞无焦地望着{Name}，微张的红唇再合不拢，晶亮的口水顺着唇角溢落，稚气的少女躯体在这超乎想象的极致绝顶中被冲垮殆尽，久久地抽搐战栗，迟迟不能平复。
1145,action_part_a_orgasm_super_B,0,CVP_A2_T|102_E_1&CVP_A2_T|1_E_0&CVP_A2_A|10_G_6,娇小的{TargetName}猛然绷直了幼嫩的脊背，小小的腰肢深深弓起又骤然瘫软下去。\n{anal}疯狂而持续地痉挛收缩，稚嫩的括约肌一圈圈地疯狂绞缩翕张，翻涌着停不下来。\n她纤细的四肢失控地颤抖乱蹬，小脚趾死死蜷缩又猛地张开，幼小的身体一波波强烈抽搐绷紧。\n被充分开发过的肠壁疯狂蠕动挤压，{anal}喷涌出大量温热的肠液，失禁般地涌流不止，顺着小屁股汩汩淌落。\n{TargetName}的大眼睛彻底涣散翻白，小嘴大张着合不拢，唇舌失控地颤动，透明的口水一串串溢出滴落。\n在{SceneName}里她幼小的躯体持续不受控制地剧烈弹跳绷紧，好一阵才软倒下来喘个不停。
1146,action_part_a_orgasm_super_B,0,CVP_A2_T|102_E_1&CVP_A2_T|1_E_0&CVP_A2_A|10_G_6,{TargetName}小小的身子猛地弓成一张紧绷的弓，幼嫩的腰背反复深弓又彻底塌软瘫下。\n{anal}极度剧烈地连续痉挛，久经开发的括约肌熟练又疯狂地一圈圈绞紧松开，收缩得停不下来。\n她的小手死死攥成拳又猛然张开，纤细的双腿痉挛着乱蹬乱颤，稚嫩的脚背绷得笔直。\n熟练的肠道疯狂翻搅蠕动，{anal}大量喷出汹涌的肠液，一股股失禁般地喷溅涌流不止。\n幼小的{TargetName}眼神涣散无焦，小嘴失控地大张，舌尖抽搐颤动，涎水沿着下巴淋漓滴落。\n这具娇小的躯体在{SceneName}中长时间地抽搐绷紧，直到力气耗尽才瘫成一团微微战栗。
1147,action_part_a_orgasm_super_B,0,CVP_A2_T|102_E_1&CVP_A2_T|1_E_0&CVP_A2_A|10_G_6,娇嫩的{TargetName}整个小小的身躯剧烈弹起，纤瘦的腰肢深深挺起后又骤然失力垮塌。\n{anal}不受控制地长时间连续绞缩，被充分开发的括约肌一下下疯狂翕张收紧，颤动个不停。\n她幼童般圆润的小腿失控地痉挛蹬动，小脚趾一会儿死死蜷起一会儿猛地张大。\n经验老练的肠壁有力地翻涌挤压，{anal}喷涌出大股大股滚烫的肠液，止不住地失禁般外溢淌流。\n{TargetName}稚气的脸上双眼上翻涣散，小嘴张得大大的合不拢，唇舌不停地失控哆嗦，口水成线地垂落。\n在{SceneName}中她那幼小的身体持续痉挛抽搐，全身绷得死紧，好半天才软软摊倒喘息不止。
1148,action_part_a_orgasm_super_B,0,CVP_A2_T|102_E_1&CVP_A2_T|1_E_0&CVP_A2_A|10_G_6,{TargetName}幼小的躯体骤然剧烈痉挛，小小的腰部一次次深深弓起又猛地彻底瘫软下坠。\n{anal}疯狂而不间断地绞缩翕张，熟练的括约肌一圈圈疯狂收紧又松开，抽搐得完全停不下来。\n她纤细的手臂和小腿全都失控地乱颤乱蹬，稚嫩的指头死死抠紧又骤然张开。\n久经历练的肠道剧烈蠕动收缩，{anal}汹涌喷出海量温热的肠液，一波接一波地喷溅涌流不止。\n娇小的{TargetName}双眸彻底失焦翻白，小嘴无法闭合地大张，舌头失控地伸颤，晶亮的口水不断溢出滑落。\n这幼嫩的身子在{SceneName}里长久地绷紧战栗，剧烈弹动着，末了才脱力般软瘫下去。
1149,action_part_a_orgasm_super_B,0,CVP_A2_T|102_E_1&CVP_A2_T|1_E_0&CVP_A2_A|10_G_6,娇小柔嫩的{TargetName}猛地全身绷直，稚嫩的脊背深弓成弧后又骤然彻底松垮下来。\n{anal}极度猛烈地连续痉挛收缩，被开发得熟透的括约肌疯狂绞缩翕张，颤抖着一刻不停。\n她幼童般的小手和小脚失控地痉挛乱蹬，纤细的脚趾猛烈蜷曲又用力张开。\n经验丰富的肠壁熟练又疯狂地蠕动挤压，{anal}喷涌出滔滔不绝的滚烫肠液，失禁般地大量涌流喷洒。\n{TargetName}幼稚的小脸双眼涣散翻白，小口大张着直淌涎水，唇舌失控地抽动颤栗，口水淋漓成串。\n她那幼小的躯体在{SceneName}中反复剧烈弹跳绷紧，抽搐良久才软倒成一摊瘫软颤抖不已。

1150,action_part_a_orgasm_super_B,0,CVP_A2_T|103_E_1&CVP_A2_T|1_E_0&CVP_A2_A|10_G_6,{TargetName}娇小的身子猛地弓成一张满弦的弓，腰肢深深挺起后又骤然彻底瘫软。\n{anal}疯狂地连续痉挛收缩，一圈圈括约肌失控般地翕张绞缩，将大股温热的肠液汹涌喷涌而出。\n她纤细稚嫩的四肢无助地剧烈颤抖乱蹬，稚气未脱的小脸涨得通红，眼神彻底涣散失焦。\n经验老到的后穴熟练地一波波抽搐蠕动，深处的肠液失禁般顺着股缝汩汩涌流不止。\n她圆润的小屁股高高翘起又重重塌陷，脚趾死死蜷曲又猛然张开。\n失控的唇边溢出黏亮的口水滑落下颌，喉咙深处涌出断断续续的呜咽哭腔。\n全身的肌肉一阵接一阵地强烈绷紧又抽搐，连指尖和脚踝都在无法自抑地痉挛发颤。
1151,action_part_a_orgasm_super_B,0,CVP_A2_T|103_E_1&CVP_A2_T|1_E_0&CVP_A2_A|10_G_6,{TargetName}整个娇小的身躯剧烈地弹跳了一下，随即绷得笔直又猛然软倒。\n{anal}一下下不受控制地深度绞缩翕张，熟练的肠壁疯狂蠕动挤压，喷出的肠液如失禁般止不住地涌流。\n她的腰肢反复深深弓起再重重塌落，圆滚滚的小屁股失控地上下颠动痉挛。\n纤细的双腿大张着无力地痉挛乱颤，脚趾一会儿蜷缩一会儿绷直张开。\n经验丰富的后穴一波接一波地剧烈收缩，将温热的肠液一股股喷涌而出溅落。\n她稚嫩的小脸扭曲着，眼球上翻，舌尖失控地探出唇外，涎水成线地滴落。\n全身每一块肌肉都在长时间地强烈抽搐绷紧，连纤细的手指都痉挛着蜷成一团。
1152,action_part_a_orgasm_super_B,0,CVP_A2_T|103_E_1&CVP_A2_T|1_E_0&CVP_A2_A|10_G_6,{TargetName}娇小的身体像触电般骤然弹起，四肢在半空中失控地痉挛抖动。\n{anal}极度剧烈地连续抽搐收缩，一圈圈括约肌疯狂地翕张绞缠，翻涌着喷出大量温热的肠液。\n她的腰身深深弓成夸张的弧度，久久无法落下，稚嫩的小腹一阵阵剧烈起伏抽动。\n经验老练的肠道熟练而有力地蠕动痉挛，深处的液体喷涌失禁般顺着大腿内侧淌流不止。\n她圆润的小屁股疯狂地扭动颤抖，脚跟无力地乱蹬，脚趾痉挛着张开又蜷紧。\n失焦的双眼彻底翻白，失控的唇舌溢出大量涎水，喉间发出破碎的呜咽气音。\n她纤瘦的全身肌肉一波波强烈地绷紧又松脱，连指尖都在不停地颤栗抽动。
1153,action_part_a_orgasm_super_B,0,CVP_A2_T|103_E_1&CVP_A2_T|1_E_0&CVP_A2_A|10_G_6,{TargetName}稚气的身子猛然绷成一条紧绷的直线，随即剧烈地颤栗痉挛起来。\n{anal}一下下疯狂地深度收缩绞紧，经验丰富的括约肌反复翕张挤压，将成股的肠液失禁般地喷涌溅出。\n她的腰肢失控地反复挺送扭摆，圆润的小臀高高抬起又重重砸落颠动。\n纤细的四肢无助地大幅乱蹬颤抖，脚趾死死蜷曲，脚背绷得笔直发抖。\n熟练的后穴一阵接一阵地蠕动抽搐，温热黏稠的肠液大量涌流不止顺股缝滑落。\n她通红的小脸剧烈扭曲，眼神彻底涣散，舌头失控地垂出唇外滴着涎水。\n全身的肌肉长时间强烈地抽搐紧绷，连纤瘦的肩背都在不受控制地阵阵颤动。
1154,action_part_a_orgasm_super_B,0,CVP_A2_T|103_E_1&CVP_A2_T|1_E_0&CVP_A2_A|10_G_6,{TargetName}娇小玲珑的身躯猛地一僵，接着爆发出一连串失控的剧烈抽搐。\n{anal}极度剧烈又持久地连续痉挛收缩，一圈圈括约肌疯狂地翻绞翕张，喷涌出大量温热的肠液止不住地失禁涌流。\n她的腰部深深弓起又骤然彻底瘫软，稚嫩的小腹随之剧烈起伏颤抖。\n经验丰富的肠道熟练地一波波用力蠕动绞缩，将黏热的肠液一股股喷射而出。\n她纤细的双腿痉挛着乱蹬乱夹，脚趾一遍遍蜷紧又猛然张开，脚踝不停颤抖。\n失控的双眼上翻失神，唇舌瘫软地垂着，透明的涎水成串地滑落下颌。\n她瘦弱的全身肌肉一阵阵猛烈地绷紧又抽动，连纤纤十指都痉挛地大张颤栗。

1155,action_part_a_orgasm_super_B,0,CVP_A2_T|104_E_1&CVP_A2_T|1_E_0&CVP_A2_A|10_G_6,{TargetName}青春的娇躯猛地绷成一张满弓，被反复逼到边缘又生生截断的巨量快感终于一齐决堤，{anal}再也压制不住地爆发出一阵极度剧烈而漫长的连续痉挛，一圈圈地疯狂绞拢又翻绽。\n那被充分开发过的括约肌熟练却又彻底失控地翕张收缩，一下接一下地深深缢紧再骤然松脱，收放的幅度大得惊人，整整持续了许久也停不下来。\n少女纤秀的腰肢一次次深深弓起，脊背弯成极致的弧度后又彻底瘫软塌陷，如此反复起落，四肢失控地痉挛乱蹬，纤细的脚趾用力扣绷到发白。\n大量温热的肠液伴随着每一轮抽搐失禁般地喷涌而出，一股接一股地顺着腿根汹涌流淌，怎么也止不住地涌溢成湿漉漉的一片狼藉。\n她眼神彻底涣散失焦，唇舌失控地半吐着，晶亮的口水顺着嘴角溢流而下，年轻的身躯在这场究极绝顶里抽搐颤栗了良久才缓缓瘫软下来。
1156,action_part_a_orgasm_super_B,0,CVP_A2_T|104_E_1&CVP_A2_T|1_E_0&CVP_A2_A|10_G_6,积攒已久的快感在这一刻轰然倾泻，{TargetName}整个人剧烈地弹颤起来，{anal}以近乎失控的幅度长时间连续抽搐紧缩，一波未平一波又起地疯狂收放，久久无法平息。\n她那早已熟稔各种插入的括约肌此刻毫无章法地疯狂绞缢翕张，深深地缢拢又猛然弹开，一遍遍反复痉挛，仿佛要把一切都榨挤出来。\n青春靓丽的腰身反复深弓成夸张的弧线，随即又骤然彻底脱力软塌，双腿失控地痉挛蹬动，脚踝绷得笔直，纤细的手指死死蜷曲成拳，指节泛出惨白。\n汹涌的肠液几乎是喷射般地大量涌出，一阵阵失禁似的顺着股缝与大腿内侧奔流不止，将下身彻底浸得湿淋淋一片。\n少女的双眼失神地翻起，唇齿间失控地漏出破碎的气音，口涎不受控制地拉出银丝，整具年轻的躯体在剧烈的余震中久久痉挛着无法自已。
1157,action_part_a_orgasm_super_B,0,CVP_A2_T|104_E_1&CVP_A2_T|1_E_0&CVP_A2_A|10_G_6,被一次次逼到顶点又硬生截住的巨量快感终于获准一齐释放，{TargetName}娇嫩的身子霎时绷紧到极限，{anal}爆发出极度猛烈而持久的连环痉挛，一圈圈疯狂地缩紧又骤松，翻搅个不停。\n那充分开发过的紧致穴口熟练地随着绝顶的节奏疯狂绞动，括约肌持续不断地深缢浅放，收放幅度剧烈得几乎抽搐成一团，怎么也停歇不了。\n她青涩却窈窕的腰肢深深弓起又重重瘫落，如此往复起伏，四肢彻底失控地颤抖乱蹬，光洁的脚趾一次次蜷紧绷直，膝盖不住地打颤。\n滚烫的肠液成股地喷涌失禁，一波接一波地汹涌溢流而下，将腿间浇淋得泥泞湿滑，怎么都收束不住地淌成一滩。\n年轻的面庞彻底失了神采，眼神涣散涣离，舌尖失控地探出唇外，透明的涎液顺着下颌滴落，整个娇躯在究极的颤栗里久久无法回神。
1158,action_part_a_orgasm_super_B,0,CVP_A2_T|104_E_1&CVP_A2_T|1_E_0&CVP_A2_A|10_G_6,{TargetName}那被开发得极为成熟的后身猛然一僵，累积到极致的快感一泻千里，{anal}再无半分克制地爆发出漫长而极度剧烈的连续绞缩，一下下疯狂地收拢又翻绽，痉挛得几乎连成一片。\n熟练的括约肌毫无保留地疯狂翕张收放，深深地缢紧再猛地弹松，一轮又一轮持续不停地剧烈抽搐，收放的力道大得惊人。\n少女柔韧的腰背反复深深弓成满月，旋即又整个彻底软瘫塌陷，双腿失控地痉挛乱蹬乱颤，纤瘦的脚尖用力绷直到发抖，双手死死攥紧。\n大量肠液如决堤般失禁喷涌，一股股不受控制地奔流倾泻，顺着颤抖的腿根淋漓而下，怎么也止不住地涌成湿漉漉的一大片。\n她双目失焦地大睁着，唇舌完全失去控制地松垂颤动，口水成线地溢淌，青春的身躯在这超乎想象的绝顶中抽搐良久才逐渐平复。
1159,action_part_a_orgasm_super_B,0,CVP_A2_T|104_E_1&CVP_A2_T|1_E_0&CVP_A2_A|10_G_6,憋积了太久的快感终于一齐奔涌释放，{TargetName}整个年轻的身子骤然剧烈痉挛弹起，{anal}以超乎寻常的幅度长久而剧烈地连续收缩绞紧，疯狂地一缩一放循环不休，久久停不下来。\n她那早被磨练得极为熟稔的括约肌此刻彻底失序地疯狂绞缢翕合，深缢与骤松交替反复，一阵接一阵地剧烈痉挛，仿佛永无止境。\n窈窕的腰肢一次次深弓到极限又彻底瘫软坍塌，反复起伏不定，四肢失控地颤抖抽搐胡乱蹬踹，脚趾紧紧扣绷，指节掐得发白。\n汹涌滚烫的肠液失禁般地大量喷溢而出，一波波奔流不息地顺着腿缝倾泻淋漓，将下身彻底冲刷成湿透的一片狼藉。\n少女的眼神彻底涣散失神，舌头失控地软软探垂，津涎顺着唇角与下巴不住滴落，整具娇嫩的躯体在究极绝顶的漫长余波里持续抽搐着难以平息。
1160,action_part_a_orgasm_super_B,0,CVP_A2_T|105_E_1&CVP_A2_T|1_E_0&CVP_A2_A|10_G_6,{TargetName}成熟丰腴的身躯猛地绷成一张满弓，腰肢深深弓起后又骤然瘫软下去，反反复复地起伏挣动个不停。\n{anal}以远超寻常的幅度疯狂痉挛收缩，一波接一波无休无止，深处的肠壁不受控制地翻搅蠕动。\n那对经验老练的括约肌熟练地绞缩翕张，却在这一刻彻底失了控制，只顾着痉挛般地一开一合，紧了又松。\n大量温热的肠液自{anal}深处喷涌而出，失禁般涌流不止，一股接一股顺着挛缩的臀缝汩汩淌落，打湿了颤抖的股根。\n她修长的双腿失控地乱蹬颤抖，脚趾用力蜷曲又猛然张开，全身肌肉一阵接一阵地强烈抽搐绷紧。\n她那本该从容优雅的脸庞此刻涣散失神，眼神迷离上翻，唇舌不受控制地颤动，涎水顺着嘴角连绵溢出，喉间迸出一声声断续的呜咽。
1161,action_part_a_orgasm_super_B,0,CVP_A2_T|105_E_1&CVP_A2_T|1_E_0&CVP_A2_A|10_G_6,经验丰富的{TargetName}再也维持不住那份成熟从容，整个身子剧烈地弓起绷直，随即又软塌下来反复数次。\n{anal}极度剧烈地连续痉挛翻搅，那圈平日里熟稔于收放的括约肌此刻疯狂地绞紧又松开，翕张个不停。\n浓稠的肠液一股股自{anal}喷射涌出，量大得惊人，失禁般地汩汩溢流，怎么也止不住地淌满了股缝。\n她的四肢无力地痉挛乱颤，十指痉挛地抓挠虚空，纤细的腰身一次次深深塌陷又猛地弹起。\n汗湿的脸颊泛起潮红，双眼失焦地翻起，舌头无意识地探出唇外，一串串津液自失控的唇角垂落滴下。\n她成熟的胸脯剧烈起伏喘动，锁骨与颈项绷起青筋，喉间断断续续溢出破碎的呜咽与哽咽，气息彻底乱了套。
1162,action_part_a_orgasm_super_B,0,CVP_A2_T|105_E_1&CVP_A2_T|1_E_0&CVP_A2_A|10_G_6,一阵超乎想象的极致绝顶贯穿{TargetName}成熟的躯体，她猛然仰起脖颈，脊背弓成惊人的弧度后彻底瘫软。\n{anal}不受控制地一缩一放，收缩的幅度与频率远远超出寻常，那熟练的肠壁疯狂蠕动绞拧个不停。\n{anal}深处大量肠液喷涌而出，如决堤般失禁涌流，一波强过一波地淋漓打湿了颤抖的股间。\n她的双腿痉挛地绷直又乱蹬，脚背用力绷成弓形，全身每一寸肌肉都在强烈而持续地抽搐紧绷。\n平素优雅的眉眼此刻尽数涣散，眼白上翻，唇齿间溢出失控的喘息与呜咽，口水顺着下巴不住地淌。\n她的十指深深蜷起又猛然张开，纤腰一下下反复弓起塌陷，成熟丰满的身躯抖成筛糠般止不住地颤栗。
1163,action_part_a_orgasm_super_B,0,CVP_A2_T|105_E_1&CVP_A2_T|1_E_0&CVP_A2_A|10_G_6,{TargetName}那副发育成熟的身子彻底失了控，腰腹反复深深弓起又一下下彻底瘫软，抖得像风中的叶。\n{anal}疯狂地连续挛缩翻绞，收放之间尽是失控的痉挛，那对训练有素的括约肌此刻只能徒劳地绞紧翕张。\n汹涌的肠液自{anal}大量喷出，一波强过一波地失禁涌流，顺着痉挛的臀肉汩汩滑落，淌成一片濡湿。\n她的手指痉挛地攥紧又张开，脚趾死死蜷缩，四肢无意识地颤抖乱蹬，肌肉一阵阵绷得死紧又松脱。\n她成熟的面容浮起一层薄汗，眼神迷蒙涣散地上翻，舌尖失控地垂在唇边，涎液连成丝线滴淌不止。\n她的颈项猛地后仰绷直，喉咙里滚出断续而失控的呜咽，胸口剧烈地一起一伏，呼吸彻底乱成了破碎的喘。
1164,action_part_a_orgasm_super_B,0,CVP_A2_T|105_E_1&CVP_A2_T|1_E_0&CVP_A2_A|10_G_6,累积已久的巨量快感一齐炸开，{TargetName}成熟的胴体骤然绷紧痉挛，腰肢高高弓起后又软软塌陷下去。\n{anal}以远胜平日的剧烈幅度连续收缩，那圈娴熟的括约肌彻底沦陷般疯狂绞缩、翕张、再绞缩个不休。\n{anal}中大量温热肠液喷薄涌出，失禁似的接连喷射，止也止不住地顺着颤栗的腿根淌成一片水光。\n她修长的四肢剧烈痉挛地颤抖抽搐，双脚无力地乱蹬，全身肌肉一次次强烈地绷紧又松脱。\n她那平日从容的神情彻底崩解，双目失神上翻，唇舌瘫软地颤动着，一线线口水自失控的嘴角溢流而下。\n她成熟的脊背反复弓起又塌软，十指深深抠紧又骤然张开，整具身躯抽搐颤栗着久久无法平息。

1165,action_part_a_orgasm_super_B,0,CVP_A2_T|105_E_1&CVP_A2_A|5_LE_3,{TargetName}那具成熟却仍带着几分青涩的娇躯毫无预兆地剧烈弹动起来，{anal}猛然发出一阵极度剧烈而漫长的连续痉挛，括约肌疯狂地一张一翕绞缩翕张，久久无法平息。\n她成熟丰满的双腿失控地向内夹拢又猛然绷直乱蹬，光洁圆润的大腿内侧肌肉一次次剧烈抽搐，纤长的脚趾蜷曲扣紧后又骤然张开，脚踝处的筋腱被绷得死紧。\n丰腴圆翘的臀肉随着{anal}的疯狂绞缩深深内陷又猛地弹起，一股股温热的肠液自{anal}深处失禁般喷涌而出，顺着颤抖不止的腿根一路涌流不止，将成熟的肌肤浇淋得一片湿亮。\n她成熟流畅的腰肢反复深深弓起绷成满弓，随即又彻底瘫软塌落，双手死死攥紧攥出半拳，指节泛白到近乎透明，指尖深深掐陷进去。\n她的眼神彻底涣散失焦，唇舌失控地大张，一缕晶亮的口水顺着下颌溢淌而下，成熟的胸膛剧烈起伏喘息完全乱了节拍，整副丰盈躯体在这场极致失控的绝顶里长久地痉挛抽搐着，久久不能平复。
1166,action_part_a_orgasm_super_B,0,CVP_A2_T|105_E_1&CVP_A2_A|5_LE_3,随着体内积蓄已久的一切一齐决堤炸开，{TargetName}成熟中透着青涩的身躯骤然绷成一条紧绷的弓弦，{anal}极度剧烈地连续收缩绞紧，括约肌一下下疯狂痉挛翕动，翻涌的收缩久久停不下来。\n她那双丰满修长的腿无法自控地痉挛乱蹬，圆腻的腿肉一阵阵剧烈抽搐，膝盖胡乱地屈伸开合，脚背反复绷直又蜷起，整条腿从根到趾都被失控的抽搐笼罩。\n成熟圆润的臀部随{anal}的疯狂绞缩深陷又高高弹翘，大股大股的肠液自{anal}汹涌喷射而出，如失禁一般顺着抽搐的腿缝喷洒涌流，将丰腴的肌肤浸得湿漉一片。\n她的腰身一次次深弓到极限后又猛然彻底软塌下去，脊背反复绷紧又瘫落，双手在半空里胡乱抓攥，五指痉挛地张合。\n她成熟的面庞彻底失神涣散，双眼上翻，嘴唇失控地大张着溢出连串气音，口涎顺着嘴角滑落，整副丰满躯体持续而剧烈地颤栗抽搐，在这一场究极绝顶中久久失控。
1167,action_part_a_orgasm_super_B,0,CVP_A2_T|105_E_1&CVP_A2_A|5_LE_3,{TargetName}成熟而略带稚气的娇躯陡然被一阵极致的绝顶彻底吞没，{anal}长时间不受控制地连续剧烈痉挛，括约肌疯狂而持续地一绞一放翕张不休，绞缩得又深又急。\n她成熟修长的双腿彻底失控，圆润饱满的腿肉猛烈抽搐颤抖，双膝无力地大幅开合，纤长的脚趾一次次痉挛地扣紧又张开，脚踝绷得死死的微微发颤。\n她圆翘丰盈的臀肌随{anal}的绞缩深深内凹又剧烈弹动，滚烫的肠液从{anal}失禁似地大量喷涌奔流，一股接一股顺着颤抖的大腿内侧淌下，将成熟的肌肤浇得湿淋淋一片狼藉。\n她的腰肢反复弓成极深的弧度后又整个瘫软塌陷，双手死死攥住半拳掐进掌心，指节因用力而彻底煞白，手臂止不住地颤抖。\n她眼神空洞涣散彻底失了焦，唇齿失控地松张，涎水沿着下巴丝丝滑落，成熟的胸脯剧烈起伏呼吸完全紊乱失序，整具丰腴身躯陷入近乎失控的极端痉挛，久久无法自行平复。
1168,action_part_a_orgasm_super_B,0,CVP_A2_T|105_E_1&CVP_A2_A|5_LE_3,积蓄到极点的战栗终于一齐奔涌决堤，{TargetName}那具丰满成熟又残留几分青涩的身子猛地剧烈弹跳起来，{anal}极度剧烈又漫长地连番痉挛绞缩，括约肌疯狂地翕动张合，绞紧得几乎失控。\n她丰腴的双腿失控地痉挛乱蹬又骤然并拢夹紧，光滑的大腿内侧肌肉一波波剧烈抽动，脚尖时而绷直时而蜷曲，脚踝处青筋隐隐绷起微微战栗。\n成熟饱满的臀部随着{anal}的绞缩一次次深陷又高高抬弹，大量温热的肠液自{anal}喷薄涌出失禁般流淌不止，顺着乱颤的腿根淌成一片，将丰润的肌肤浸得湿透亮泽。\n她的腰身深深弓起绷成满弓后又彻底虚软塌落，反复地弓紧又瘫倒，双手胡乱攥紧攥成拳头，指尖深深抠掐指节泛白。\n她双目彻底失神涣散近乎翻白，嘴唇失控地张合溢出断续气音，口水顺着嘴角流下拉出细丝，丰满的胸膛急促起伏喘息全然失控，整副成熟躯体在这极致绝顶中长久剧烈地抽搐战栗，迟迟未能平息。
1169,action_part_a_orgasm_super_B,0,CVP_A2_T|105_E_1&CVP_A2_A|5_LE_3,{TargetName}成熟身段里透着青涩的娇躯在这一刻被究极的绝顶彻底冲垮，{anal}极度剧烈且持久地连续挛缩颤动，括约肌一下又一下疯狂地绞紧翕张，收缩得又猛又密停不下来。\n她那两条丰满圆润的长腿彻底失去控制地颤抖乱蹬，成熟的腿肉大幅抽搐痉挛，双膝无章法地开合弯折，脚趾狠狠蜷扣后又猛然张开，脚背绷得笔直发颤。\n她丰腴翘挺的臀肉随{anal}的翕缩深深凹陷又剧烈弹颤，成股的滚烫肠液自{anal}如失禁般喷涌奔流，一道道顺着痉挛的腿缝淌落，把成熟丰润的肌肤浇淋得湿亮一片。\n她成熟的腰肢一次次深弓到极致后彻底瘫软崩塌，脊背反复绷成弓形又整个塌陷，双手在身侧痉挛地抓攥收拢，指节掐得煞白微微发抖。\n她的眼神空洞失焦彻底涣散，唇舌完全失控地大张着，涎液顺着下颌滴淌垂落，成熟丰满的胸口剧烈起伏气息紊乱到极点，整具躯体在这场极致失控的超强绝顶里久久痉挛抽搐，良久方才渐渐虚脱地平复。
1170,action_part_a_orgasm_super_B,0,CVP_A2_T|106_E_1&CVP_A2_T|1_E_0&CVP_A2_A|10_G_6,{TargetName}成熟丰腴的身躯猛地弓成一张紧绷的弓，腰肢深深地拱起离开原处，{anal}开始极度剧烈地连续痉挛收缩，一圈圈括约肌疯狂而持续地绞缩翕张。\n她那经验老到的肠道熟练地一波接一波蠕动绞紧，随即又骤然松开，如此往复不停。\n丰满的双腿在半空中失控地颤抖乱蹬，脚趾用力蜷曲到发白，腰部反复深弓后又彻底瘫软下去。\n下一瞬{anal}再也压抑不住，大股大股温热的肠液自那被撑开的穴口喷涌而出，失禁般地涌流不止，顺着丰腴的臀缝一道道淌落。\n她眼神彻底涣散失焦，唇舌失控地翕动，混浊的口水自嘴角一线线溢出，成熟的胸脯剧烈起伏，呼吸完全乱作破碎的喘息。
1171,action_part_a_orgasm_super_B,0,CVP_A2_T|106_E_1&CVP_A2_T|1_E_0&CVP_A2_A|10_G_6,成熟的{TargetName}整个背脊骤然绷直，丰满的身子一寸寸地强烈抽搐绷紧，{anal}以远超寻常的幅度长时间不受控制地翕张开合。\n熟透的肠壁一层层疯狂绞缩，括约肌狠狠地缩紧又猛地弹开，反复痉挛得再也停不下来。\n她丰腴的腰胯高高顶起悬在空中久久不落，随后重重塌陷，四肢无力地痉挛乱抖。\n紧接着{anal}猛然大量喷出滚烫的肠液，一股接一股地失禁狂涌，量多得顺着大腿内侧汇成蜿蜒的水痕。\n她的眼球上翻只剩涣散的眼白，成熟的唇瓣哆嗦着合不拢，涎水混着断续的呜咽从口角失控地流淌下来。
1172,action_part_a_orgasm_super_B,0,CVP_A2_T|106_E_1&CVP_A2_T|1_E_0&CVP_A2_A|10_G_6,{TargetName}丰腴的躯体骤然剧烈地弹跳一下，随即陷入连绵不绝的强烈抽搐，{anal}疯狂而持续地一缩一放，痉挛的频率密得几乎连成一片。\n她那被充分开发的肠道熟练地深深绞紧，一层层肌肉有力地蠕动波动，随即又骤然松弛。\n成熟丰满的双腿大张着不住地打颤痉挛，脚背绷得死直，腰肢深深弓起后又软软地摊平。\n{anal}此刻再也锁不住，海量的肠液如决堤般汹涌喷洒而出，喷涌的势头一浪高过一浪淋漓不尽。\n她面部的肌肉彻底失控地扭曲抽动，眼神空茫失焦，口水拉着长长的银丝自失守的唇角连连滴落，胸口剧烈耸动喘息破碎。
1173,action_part_a_orgasm_super_B,0,CVP_A2_T|106_E_1&CVP_A2_T|1_E_0&CVP_A2_A|10_G_6,经验老到的{TargetName}腰身猛地深深塌陷再又高高弓起，成熟的肌肉一寸接一寸地强烈绷紧抽搐，{anal}极度剧烈地长时间连续收缩绞动。\n她熟练的肠壁疯狂地一圈圈收束翻绞，括约肌不受控制地狂缩狂张，翕合的动作再也无法平息。\n丰满的四肢失控地剧烈颤抖，双脚在空中乱蹬乱蹭，腰胯反复深弓后彻底瘫软无力。\n下一刻{anal}猛地喷薄出大量炽热的肠液，浓稠的液体失禁般地喷涌狂流不止，量与势都汹涌到无法收拾。\n她眼神涣散得再也聚不起焦，成熟的唇齿间溢满黏腻的涎水一线线垂落，丰腴的胸脯起伏剧烈，呼吸乱成一团破碎的抽气。
1174,action_part_a_orgasm_super_B,0,CVP_A2_T|106_E_1&CVP_A2_T|1_E_0&CVP_A2_A|10_G_6,{TargetName}成熟丰满的身躯高高绷成一道颤抖的弧，腰部深深弓起悬停许久，{anal}极度猛烈地连续痉挛，一波未平一波又起地疯狂绞缩翕张。\n她那富有经验的肠道熟练而有力地层层蠕动收紧，随即骤然弹松，如此反复不停歇。\n她圆润的双腿失控地痉挛蹬动，脚趾狠狠蜷起绷直，腰肢反复弓塌后终于彻底瘫软下去。\n紧接着{anal}压抑不住地大量喷涌出温热的肠液，失禁似的一股股汹涌狂淌，将丰腴的臀缝与大腿淋得湿漉一片。\n她的双眼彻底翻白涣散，唇舌失控地颤抖翕动，涎水自松弛的嘴角断线般溢流，成熟的胸口剧烈起伏，气息完全乱成破碎的喘鸣。
1175,action_part_a_orgasm_super_B,0,CVP_A2_T|107_E_1&CVP_A2_T|1_E_0&CVP_A2_A|10_G_6,已为人妻的{TargetName}整个身体骤然绷成一张满弓，腰肢深深地向上弓起后又猛地塌陷下去。\n{anal}开始极度剧烈而漫长地连续痉挛收缩，一波接着一波毫无停歇。\n那被反复开发过、经验老到的括约肌疯狂地绞缩翕张，一圈圈失控地抽搐绞紧又骤然松开。\n她四肢僵直地颤抖起来，脚趾死死蜷曲又猛地张开，大腿内侧的肌肉一阵阵强烈地绷紧痉挛。\n随即腰身彻底瘫软塌陷下去，大量温热黏腻的肠液毫无阻拦地喷涌而出，顺着股缝失禁般地涌流不止。\n她双眼上翻涣散无神，唇舌失控地颤动着，涎水沿着嘴角不断溢出滴落，全身抽搐颤栗得近乎彻底失控。
1176,action_part_a_orgasm_super_B,0,CVP_A2_T|107_E_1&CVP_A2_T|1_E_0&CVP_A2_A|10_G_6,{TargetName}熟练的身体在这一刻彻底失去了控制，脊背反复深深弓起又一次次重重砸落。\n{anal}疯狂地绞缩收拢，那开发得极为柔顺的肠壁一阵阵剧烈地蠕动挤压，痉挛不止。\n经验丰富的括约肌以惊人的力道持续翕张收紧，一下下狠狠地咬合抽搐。\n她的十指痉挛地抓挠蜷曲，双腿失控地乱蹬颤抖，脚背绷得笔直又猛然松垮。\n浓稠的肠液成股地从{anal}喷射而出，量大得惊人，一波波失禁般地汩汩涌流，浸湿了大片股间。\n她仰着脖颈剧烈颤抖，眼神彻底涣散，张大的嘴里溢出连串黏腻的涎液，喉咙里发出断续的哽咽。
1177,action_part_a_orgasm_super_B,0,CVP_A2_T|107_E_1&CVP_A2_T|1_E_0&CVP_A2_A|10_G_6,身为人妻的{TargetName}腰腹猛地一挺，整个下身痉挛般地高高弓起，久久无法落下。\n{anal}陷入极度剧烈的连续抽搐，那被彻底调教开发的肠道一圈圈疯狂地收缩绞紧。\n那熟稔老练的括约肌一下下癫狂地翕合翻搅，力道大得几乎要将一切死死绞住。\n她全身的肌肉都强烈地绷紧抽动，小腹一阵阵抽搐起伏，脚趾痉挛地扣紧又弹开。\n伴随着一次次剧烈的收缩，大量肠液从{anal}汹涌喷涌而出，喷得又急又猛，失禁般地流淌不停。\n她眼白翻起双目失神，舌尖失控地探出唇外，晶亮的口水成线地垂落，四肢瘫软地抽搐颤抖。
1178,action_part_a_orgasm_super_B,0,CVP_A2_T|107_E_1&CVP_A2_T|1_E_0&CVP_A2_A|10_G_6,{TargetName}那早已被开发得烂熟的身子剧烈地弹跳起来，腰肢一次次深深弓成惊人的弧度。\n{anal}极度失控地连续痉挛绞缩，柔顺熟练的肠壁一层层剧烈地翻搅蠕动收紧。\n经验老到的括约肌疯狂地一张一合，密集而有力地翕动抽搐，怎么也停不下来。\n她四肢猛烈地颤栗痉挛，双膝不受控制地开合颤动，脚踝绷紧到极致又骤然瘫垮。\n{anal}如决堤般喷出大量温热的肠液，一股接一股地喷溅涌流，量多得远超寻常，失禁似的淋漓不尽。\n她脖颈后仰浑身抽搐，双眼涣散上吊，嘴唇哆嗦着合不拢，粘腻的涎水顺着下巴不停滑落。
1179,action_part_a_orgasm_super_B,0,CVP_A2_T|107_E_1&CVP_A2_T|1_E_0&CVP_A2_A|10_G_6,已婚多年的{TargetName}浑身猛地一僵，随即爆发出剧烈而持续的大幅度抽搐，腰身反复弓起塌陷。\n{anal}极度癫狂地连续收缩痉挛，那被反复贯穿开发过的肠道熟练地一波波绞缩翻涌。\n饱经操练的括约肌以近乎失控的频率疯狂翕张，一圈圈死死绞紧又猛地松脱。\n她的手指痉挛地抠握，脚趾狠狠蜷起，双腿失控地痉挛乱颤，全身肌肉一阵阵绷紧抽动。\n汹涌的肠液从{anal}接连不断地喷涌失禁，量大而急，顺着颤抖的臀缝汩汩流淌不止。\n她双目彻底失焦上翻，舌头无力地垂出唇边，口涎不受控制地涌出滴淌，整张脸都因剧烈抽搐而扭曲颤栗。

1180,action_part_a_orgasm_super_B,0,target_is_player_daughter&CVP_A2_T|1_E_0&CVP_A2_A|10_G_6,娇小的{TargetName}整具身躯骤然弓成一张紧绷的满弦，{anal}以远超寻常的幅度极度剧烈地连续痉挛收缩，那圈被充分开发过的括约肌疯狂而持续地绞缩翕张，一圈圈熟练地向内深深吸吮又猛地翻绽，长时间不受控制地反复开合。\n少女纤薄的小腹一波接一波地深深抽搐凹陷，整条腰肢反复深度弓起绷到极致后又彻底瘫软塌陷下去，如此起伏了一次又一次。\n两条细嫩的长腿失控地痉挛乱蹬，脚趾用力扣绷到发白后又猛然张开，纤细的脚踝一次次抽搐地绷直又蜷曲。\n大股大股温热的肠液从{anal}深处失禁般地喷涌而出，一股接一股汹涌不止地涌流下来，将腿根内侧那片稚嫩的肌肤彻底浇透。\n她的眼神彻底涣散失焦，唇舌失控地翕动垂落，透明的口水顺着嘴角止不住地溢淌成线，纤白的十指痉挛着深深扣紧，整副娇躯在这一场究极的释放里长时间地剧烈抽搐，久久无法平息。
1181,action_part_a_orgasm_super_B,0,target_is_player_daughter&CVP_A2_T|1_E_0&CVP_A2_A|10_G_6,{TargetName}青涩单薄的身子毫无预兆地剧烈弹跳绷直，{anal}长时间地、不受控制地连续剧烈收缩，那圈开发得极为熟练的括约肌一下又一下疯狂地绞紧翻绞，反复地深深内吸再猛地外翻，痉挛的频率密集得几乎连成一片。\n扁平紧实的小腹随着每一次绞缩深深地凹陷又鼓起，纤细的腰肢反复地深弓到极限而后又整个软塌下去，一轮接着一轮怎么也停不下来。\n笔直的双腿彻底失去掌控地颤抖乱蹬，膝盖内扣又外翻，脚背绷直到极致后脚趾猛地大张开来。\n{anal}再也锁不住那股巨量的肠液，温热黏腻的液体一波波地喷射失禁般地狂涌不止，顺着颤抖的腿股汩汩流成一片。\n她双眼上翻失神涣散，小舌无力地探出唇外失控地颤抖，涎水成串地从松开的唇角滑落，纤指深深抠掐进掌心，稚嫩的躯体在这场蓄积已久的释放中长久地绷紧又抽搐，迟迟不能自已。
1182,action_part_a_orgasm_super_B,0,target_is_player_daughter&CVP_A2_T|1_E_0&CVP_A2_A|10_G_6,正值花季的{TargetName}忽然整个人痉挛着高高弓起，{anal}以极端剧烈的幅度长时间地连续挛缩，被反复调教得驾轻就熟的括约肌熟练而疯狂地一圈圈绞拧收束，深深吸吮着又骤然翻绽开来，一刻不停地翕张开合。\n青春紧致的小腹一下下猛烈地抽搐内凹，苗条的腰身反复深深弓起到极限而后又彻底虚脱般瘫软，如此往复不休。\n匀称的长腿不受控制地剧烈痉挛，双脚无意识地朝父亲的方向乱蹬乱蜷，脚趾一会儿死死扣紧一会儿又骤然张开。\n巨量的肠液自{anal}深处失禁般喷涌倾泻，一股股温热的液体汹涌地涌流而下，将大腿内侧那片光洁的肌肤浇得湿淋淋一片。\n她眼神彻底失焦涣散，失控的唇舌无力地垂软翕动，晶亮的口水止不住地溢出成线，纤白的手指痉挛地收拢攥死，整副洋溢青春的娇躯在这场究极释放里长时间抽搐颤栗，久久难以回落。
1183,action_part_a_orgasm_super_B,0,target_is_player_daughter&CVP_A2_T|1_E_0&CVP_A2_A|10_G_6,{TargetName}纤秀的娇躯猝然剧烈地弹绷起来，{anal}极度剧烈且长久地连续痉挛，那圈被充分开发过的熟练括约肌疯狂持续地绞缩翻搅，一遍遍深吸内吞又猛然外翻绽开，密集地反复开阖不止。\n单薄的小腹随着绞缩的节奏一波波地深陷抽搐，纤细的腰肢一次次深深弓成满弓而后又整条彻底软瘫塌下，起伏得再也停不住。\n两条稚嫩的细腿失控地抽搐痉挛，脚踝反复地绷直又蜷曲，脚趾扣绷到泛白后又猛地舒张开来。\n再也无法闭合的{anal}喷薄出大量温热的肠液，液体失禁般一股接一股地狂涌喷溅不止，顺着战栗的腿根淌成蜿蜒的湿痕。\n她双眸涣散翻白唇齿失守，柔软的小舌失控地探垂颤动，透明的涎液沿着唇角成串滑落，十指痉挛地深深掐入掌心，纤薄的身躯在这一场蓄势已久的极致释放里长时间地绷紧抽搐，迟迟无法归于平静。
1184,action_part_a_orgasm_super_B,0,target_is_player_daughter&CVP_A2_T|1_E_0&CVP_A2_A|10_G_6,娇嫩的{TargetName}整个人骤然痉挛着绷成一条紧线，{anal}长时间不受控制地极度剧烈连续收缩，那圈熟练开发过的括约肌一圈圈疯狂而持续地绞紧翻绞，深深地吸吞进去又猛地向外翻绽，翕张开合得密不透风。\n幼嫩的小腹随着每一下绞缩深深抽陷又骤然鼓起，纤细的腰肢反复深度弓起到极限而后又整具彻底瘫软塌陷，一轮又一轮停不下来。\n两条细白的长腿失控地颤抖乱蹬，膝头一忽儿内夹一忽儿外翻，纤秀的脚尖绷直到极致后脚趾又猛然张开。\n海量的肠液从{anal}里失禁般地喷涌狂泻，温热黏腻的液体一波接一波汹涌流淌不止，将稚嫩的腿股内侧彻底浸透成湿漉漉一片。\n她眼神彻底涣散失神，失控的唇舌无力地垂落翕动，仿佛无声地唤着爸爸，成串的口水从松垮的唇角淌落，纤指痉挛着死死攥紧，整副娇小的躯体在这场究极绝顶里长久地剧烈抽搐战栗，久久无法平复。

1185,action_part_a_orgasm_super_B,0,CVP_A2_T|106_E_1&CVP_A2_A|5_LE_3,积蓄已久的一切终于被彻底放开，{TargetName}成熟丰盈的身躯骤然绷成一张满弓，{anal}以远超寻常的幅度疯狂痉挛收缩，一圈圈括约肌不受控制地反复绞缩翕张，收拢又猛地弹开。\n丰腴的腰肢猛地深深弓起离开原处，悬在半空剧烈颤栗了许久，随即又彻底失力般地重重瘫软塌落，紧接着再度弓起，如此反复起伏难以自抑。\n成熟修长的双腿失控地痉挛乱蹬，圆润的脚趾用力扣绷到发白，丰满的大腿一次次绷直又骤然打颤，膝盖不住地磕碰颤抖。\n大量温热的肠液顺着{anal}汹涌喷涌而出，失禁般地一股股涌流不止，淋漓地淌满了成熟丰腴的股间与腿根。\n她的眼神彻底涣散失焦，成熟的唇舌失去控制地微张歪斜，涎水顺着嘴角失控地溢流垂落，丰满的胸膛剧烈起伏喘息完全失序，整副成熟的躯体在这场极致的释放中抽搐痉挛了良久才缓缓瘫平。
1186,action_part_a_orgasm_super_B,0,CVP_A2_T|106_E_1&CVP_A2_A|5_LE_3,被压抑到极限的震颤在这一瞬被一齐倾泻，{TargetName}丰满成熟的肉体剧烈地弹跳绷紧，{anal}长时间不受控制地连续深缩，成熟的括约肌疯狂地一开一合，绞缩得又急又狠，翕张个不停。\n丰腴的腰腹反复深深地向上顶起拱成高高的弧，悬顶片刻后便如断线般彻底软塌下去，旋即又不由自主地再次弓挺，起落之间毫无停歇。\n修长丰润的四肢失控地剧烈抽搐，脚跟无力地胡乱蹬踹，成熟的手指痉挛着死死攥紧又张开，指节泛起惨白。\n浓浊的肠液自{anal}汹涌地喷洒溢出，一波接一波地失禁涌流，将丰腴的臀缝与大腿内侧尽数浸得湿透淋漓。\n她双目失神地上翻涣散，丰润的嘴唇止不住地哆嗦翕动，津液混着喘息从歪斜的唇角连连滑落，成熟饱满的身躯持续绷颤了许久，方才一寸寸卸力摊软下来。
1187,action_part_a_orgasm_super_B,0,CVP_A2_T|106_E_1&CVP_A2_A|5_LE_3,堆积已久的颤栗终于挣脱束缚倾巢迸发，{TargetName}成熟丰腴的娇躯猛然剧烈痉挛起来，{anal}以极端的力道连续不断地收缩绞紧，成熟的括约肌疯狂痉挛着反复箍拢又骤然松开，一刻不停地翕动。\n丰盈的腰身一次次弓起绷成僵直的桥形，肌肉紧绷到极致后又彻底失控地瘫塌回落，还未平息便再度高高挺起，反复深弓又软落。\n成熟修长的双腿不受控制地乱颤乱蹬，丰满的大腿剧烈打战，脚踝绷得死紧，圆润的脚趾痉挛蜷曲又猛地张开。\n汹涌的肠液从{anal}喷涌而出淌流不止，如失禁般一股股倾泻，将丰腴成熟的股沟浇灌得湿漉漉一片。\n她的眼神彻底失去焦点空茫涣散，成熟的口舌失控地半吐半缩，晶亮的涎液顺着下颌失控地滴淌，丰满的胸脯剧烈耸动呼吸紊乱不堪，整具成熟躯体久久抽搐震颤后才渐渐脱力平复。
1188,action_part_a_orgasm_super_B,0,CVP_A2_T|106_E_1&CVP_A2_A|5_LE_3,忍耐到几近崩溃的震颤在此刻一泻而尽，{TargetName}成熟饱满的身躯狠狠一挺继而剧烈震颤，{anal}超乎想象地长久痉挛紧缩，成熟的括约肌发疯般地绞拢又弹开，急促而持续地一缩一张不肯停歇。\n丰腴的腰肢深深地向上弓耸悬挺，绷紧至极后骤然彻底松垮瘫软，塌落未久又本能地再次弓起，如浪般起伏连绵。\n成熟丰满的腿脚失控地痉挛乱踢，膝头颤抖着相互磕撞，脚趾用力扣绷到发颤，圆腴的小腿一阵阵抽搐绷直。\n大股大股的肠液自{anal}失禁般地喷洒涌流，源源不绝地淌满成熟丰腴的腿根与臀肉。\n她双眸涣散无神地半翻，丰润的唇齿失控地颤抖开合，口涎顺着歪斜的嘴角连连溢落，成熟的躯体绷成僵直后剧烈抖颤了良久，才一点点松弛下来软摊平静。
1189,action_part_a_orgasm_super_B,0,CVP_A2_T|106_E_1&CVP_A2_A|5_LE_3,压抑已久的滔天洪流终于获准一齐奔涌，{TargetName}丰盈成熟的身子霎时剧烈弹颤绷直，{anal}以极致的强度连绵不断地深深抽缩，成熟的括约肌疯狂而持续地箍紧翕张，绞缩得毫无章法又收放不止。\n丰腴的腰腹反复地高高弓挺又彻底软塌，每一次深弓都将成熟的身躯撑到极限，随即失力瘫落，未歇又猛然再度弓起。\n修长成熟的四肢失控地剧烈打颤乱蹬，丰满的大腿痉挛绷紧，脚尖死死绷直勾曲，手指哆嗦着攥紧松开反复无常。\n浑浊温热的肠液从{anal}汹涌喷涌倾泻，失禁一般止不住地涌流，将丰腴的股间浸润得一片淋漓湿滑。\n她的眼神彻底失焦涣散上翻，成熟的舌尖无力地探出微颤，涎水顺着松弛的唇角失控滑落，丰满的胸膛剧烈起伏喘息全然失序，整副成熟躯体在究极的释放中长久痉挛后才缓缓脱力瘫软。

1190,action_part_a_orgasm_super_B,0,CVP_A2_T|107_E_1&CVP_A2_A|5_LE_3,已为人妻的{TargetName}成熟丰盈的躯体骤然剧烈地弓成一张满弓，{anal}极度剧烈地连续痉挛收缩起来，一波接着一波，久久无法平息，环形的括约肌疯狂地翕张绞缩，一圈圈死死箍紧又猛地松开。\n她圆润饱满的臀肉不受控制地高高绷起，肌肉一阵接一阵地强烈抽搐，两条丰腴修长的大腿失控地颤抖乱蹬，脚趾深深地蜷曲扣紧又骤然张开。\n随着{anal}那一轮轮汹涌的绞缩，大量温热的肠液毫无节制地喷涌而出，失禁般地涌流不止，顺着丰腴的腿根一道道淌落，将成熟的肌肤浇得湿淋淋一片。\n她的腰肢反复深深地弓起又彻底瘫软下去，成熟的脊背绷成一道极致的弧线，随后又骨软筋酥般地塌陷，双手死死攥紧掐入掌心，指节根根泛白。\n她涣散的眼神彻底失焦，眼白微微上翻，丰润的唇舌失控地大张着，晶亮的口水顺着嘴角一线线溢流而下，成熟的躯体在这场超乎想象的极致颤栗中持续不受控制地剧烈抽搐痉挛。
1191,action_part_a_orgasm_super_B,0,CVP_A2_T|107_E_1&CVP_A2_A|5_LE_3,人妻{TargetName}丰熟的身子猛然绷成一条紧到极点的直线，{anal}长时间地剧烈痉挛，一下下疯狂地收缩翕张，环状的括约肌毫无节制地绞紧又松脱，反反复复地绞拧个不停。\n她成熟浑圆的臀部高高地弹起离地又重重砸落，全身的肌肉从肩背到小腹一阵阵强烈地绷紧抽搐，四肢失控地痉挛乱颤，纤长的脚背绷得笔直，脚趾一次次痉挛地抓紧又摊开。\n伴着{anal}一波波不受控制的深度绞缩，滚烫的肠液大股大股地失禁般喷涌出来，汩汩不断地涌流，浇淋在丰腴的腿间，将成熟饱满的下身冲得一片泥泞湿滑。\n丰盈的腰身反复深深地弓凸而起，随即又整个瘫软塌陷下去，圆润的脊背一次次绷成满弓又软倒，两只手胡乱地抓挠攥握，指尖深深陷入。\n她的双眼彻底失神地半翻着，成熟的面庞抽搐扭曲，舌头失控地垂吐在外，串串涎水沿着下巴滴落，整副丰熟躯体在这累积已久终于一齐释放的极致绝顶里久久地颤栗抽搐不止。
1192,action_part_a_orgasm_super_B,0,CVP_A2_T|107_E_1&CVP_A2_A|5_LE_3,已婚多年的{TargetName}丰腴躯体霎时间失控地拱起，{anal}以近乎痉挛的极端幅度连续收缩，无休无止地一缩一放，粗壮的括约肌疯狂地翕合绞拧，箍得死紧又猛然弹松。\n她成熟的腰臀不由自主地剧烈扭摆颤动，从大腿到小腹的肌肉一层层强烈地抽搐鼓胀，两条丰满的美腿失控地蹬踹乱颤，脚踝绷得死紧，脚趾深深蜷曲又骤然张开。\n随着{anal}一轮又一轮汹涌的深度绞缩，海量的肠液毫无遮拦地喷射涌出，如决堤般失禁不止，顺着成熟丰润的臀缝与腿根蜿蜒淌下，浸出湿漉漉的一大片。\n她丰盈的腰肢反复深弓成弧又彻底软瘫下坠，脊背一次次绷到极限再瘫塌，双手无力地痉挛抽搐，指节因用力泛出惨白。\n她涣散的眼神空洞失焦，眼皮不住地颤跳，丰唇大张着控制不住地吐着舌，涎液成线地垂落，整具丰熟的身躯在这一齐宣泄的究极绝顶中持续不断地剧烈抽搐震颤。
1193,action_part_a_orgasm_super_B,0,CVP_A2_T|107_E_1&CVP_A2_A|5_LE_3,身为人妻的{TargetName}成熟的娇躯陡然剧烈地弹弓而起，{anal}极度剧烈且长久地连番痉挛，一阵紧似一阵地绞缩翕张，环形括约肌疯狂地收拢又松脱，一圈圈死死掐紧再骤然放开。\n她丰满圆翘的臀肉高高绷起颤动，浑身的肌肉从脊背一路到小腹强烈地绷直抽搐，两条丰腴的长腿失控地痉挛乱蹬，脚尖一会儿死死绷直一会儿又痉挛收拢。\n伴随{anal}一波波不受控的猛烈绞紧，滚热的肠液大量地喷涌激射，失禁一般汩汩涌流不歇，顺着成熟丰腴的股间一道道滑落，将丰润的下身浇得湿透淋漓。\n她成熟的腰身反复深深弓凸又彻底瘫软塌落，脊柱绷成极致的反弓再软倒下去，两手死死抠攥，指甲深深掐入掌心，指节节节发白。\n她的目光彻底涣散失焦，眼白翻露，丰润的唇舌失控地松垮张开，亮晶晶的口水一缕缕溢淌，整个丰熟饱满的躯体在这累积巨量后一齐喷发的极致绝顶中久久痉挛抽搐个不停。
1194,action_part_a_orgasm_super_B,0,CVP_A2_T|107_E_1&CVP_A2_A|5_LE_3,已为人妻的{TargetName}丰熟的身躯骤然失控地绷成满弓，{anal}长时间地极度剧烈痉挛收缩，一波接一波地疯狂翕张绞缩，环状括约肌毫不停歇地箍紧又松脱，反复绞拧。\n她成熟浑圆的臀部一次次高高弹起又重重坠落，全身肌肉从颈项到丰腴的小腹强烈地绷紧震颤，四肢失控地乱颤痉挛，两只脚掌痉挛地绷直又蜷曲抓握。\n随着{anal}一轮轮汹涌的深绞，大股滚烫的肠液毫无节制地狂涌喷射，失禁般地喷流不止，淋漓地灌注在成熟丰腴的腿股之间，浇出湿淋淋的一大摊。\n丰盈的腰肢反复深弓拱起继而彻底软瘫下陷，圆润的背脊一次次绷成极限弧度又骤然塌软，双手胡乱痉挛地攥握抓挠，指尖深陷，指节泛白。\n她失神的双眼彻底空洞上翻，成熟的脸庞抽搐失控，舌头不受控制地伸吐在外，涎水成串顺颊淌落，整副丰腴成熟的躯体在这终获释放的究极绝顶里持续剧烈地抽搐颤栗不休。
1195,action_part_a_orgasm_super_B,0,CVP_A2_T|107_E_1&CVP_A2_A|5_LE_3,结婚多年的{TargetName}丰盈成熟的躯体倏地剧烈弹拱而起，{anal}以极端的幅度长久连续地痉挛，一缩一张疯狂个不停，粗厚的括约肌狂乱地绞紧翕合，一圈圈死死收拢又猛然松弛。\n她丰满的腰臀不受控制地剧烈耸动颤抖，浑身的肌肉一阵阵强烈地绷凸抽搐，两条成熟丰腴的腿失控地蹬踢乱颤，脚趾深深扣紧又痉挛张开，脚踝绷得笔直。\n随着{anal}一波波不受控的猛烈深绞，海量灼热的肠液毫无遮拦地喷涌激射而出，失禁般地奔流不息，顺着丰润的臀腿一道道淌泻，将成熟的下身浇得湿透狼藉。\n她饱满的腰身反复深深弓起又整个彻底瘫软，脊背一下下绷成满弓再软塌下去，两手无力地痉挛乱抓，指节因死死攥握而根根泛白。\n她涣散的眼神彻底失焦翻白，丰唇失控地大张，舌尖垂吐在外，晶亮的涎液一线线滑落下颌，整具丰熟的身躯在这累积已久一齐倾泻的极致绝顶中久久地抽搐痉挛震颤不止。

1196,action_part_a_orgasm_super_B,0,target_is_player_daughter&CVP_A2_A|5_LE_3,{TargetName}少女的娇躯毫无预兆地剧烈弹跳绷直，累积已久的巨量快感终于被一齐释放出来，{anal}开始极度剧烈而漫长地连续痉挛，一圈圈疯狂地收紧又猛地翕张，稚嫩的括约肌不受控制地反复绞缩收拢，将那道嫩窄的穴口一次次死死箍紧再骤然松开。\n少女单薄的腰肢深深地向上弓起，绷成一张颤抖的满弓，随即又彻底失力地重重塌软下去，接着再度反复地弓起、瘫落，来回抽搐个不停。\n她纤细的四肢完全失去控制地剧烈颤动，两条嫩腿一会儿死死夹拢一会儿又失控地胡乱蹬踹，稚嫩的脚趾用力蜷曲抠紧后又骤然张开，纤瘦的手指痉挛般地攥紧再松开。\n大量温热的肠液从{anal}深处失禁般地汹涌喷涌而出，一股接一股地涌流不止，顺着抽搐的股缝与颤栗的大腿内侧大片大片地淌落下去。\n少女的头颅无力地向后仰去，眼神彻底涣散失焦，唇舌失控地半张着，来不及吞咽的津液顺着嘴角一线线溢出，全身肌肉一波波持续地绷紧又抽搐，久久无法平息。
1197,action_part_a_orgasm_super_B,0,target_is_player_daughter&CVP_A2_A|5_LE_3,压抑了太久的快感在这一刻轰然决堤，{TargetName}稚嫩的身躯猛地一挺而后剧烈痉挛起来，{anal}以远超寻常的幅度极度剧烈地连续绞缩，穴口的软肉疯狂地翕张开合，一收一放之间失控地痉挛翻搅，久久停不下来。\n她纤细的脊背反复地深深弓起，绷到极致后又整条彻底瘫软塌陷，如此循环往复地弹起又落下，单薄的小腹一下下剧烈地向内抽搐凹陷。\n少女的双腿彻底失去了掌控，时而痉挛着并拢绞紧，时而无意识地大张开来乱蹬乱踹，纤细的脚背绷得笔直，脚趾用力地扣张不停，两只小手死死攥成拳头又颤抖着松开。\n浓稠温热的肠液从{anal}里一波接一波地喷涌失禁而出，量大得惊人，顺着痉挛不止的臀缝汩汩涌流，将嫩白的大腿内侧尽数浸得湿淋淋。\n她的颈项无力地后折，秀气的脸庞彻底失神，双眼上翻涣散，微张的唇间失控地淌出涎液，纤弱的娇躯在一阵接一阵的抽搐里剧烈震颤，迟迟没有停歇的迹象。
1198,action_part_a_orgasm_super_B,0,target_is_player_daughter&CVP_A2_A|5_LE_3,被反复推到边缘又强行截停的巨量快感终于获准倾泻，{TargetName}花季的娇嫩身躯剧烈地弓弹绷紧，{anal}极度剧烈地连续收缩痉挛个不停，稚嫩的括约肌疯狂地绞拢又翕张，一圈圈地死死箍紧再猛然松脱，反反复复失控地翻搅收放。\n少女纤瘦的腰身一次次深深地向后弓成弧形，绷到极限后又彻底失力地重重瘫软，紧接着再度弓起塌落，柔嫩的腹肌随之剧烈地一抽一缩。\n她的四肢完全不受意志支配地痉挛乱颤，两条细腿失控地又蹬又蜷，一忽儿绞紧一忽儿弹开，纤细的脚趾深深扣曲，纤弱的十指痉挛着抓挠攥握，指节因用力而泛白。\n大量温热的肠液从{anal}深处如失禁一般喷涌而出，接连不断地涌流，沿着不住颤栗的股沟与娇嫩腿根淌成一片湿痕。\n少女的头无力地歪垂后仰，眼神放空涣散，唇舌完全失去控制地半吐半张，晶亮的涎水顺着嘴角滑落，通身的肌肉在持续的绷紧与抽搐中久久震颤，好半晌都无法回落平静。
1199,action_part_a_orgasm_super_B,0,target_is_player_daughter&CVP_A2_A|5_LE_3,积蓄到极点的快感在解禁的一瞬轰然爆发，{TargetName}青涩的躯体骤然弹起并剧烈地绷成一条直线，{anal}开始极度剧烈且长久地连续痉挛收紧，穴口稚嫩的软肉疯狂地翕合张缩，一波接一波失控地绞缩翻卷，怎么也停不下来。\n她单薄的腰肢反复深弓成满绷的弧度，随即又彻底脱力地重重塌陷瘫软，如此往返地弓起又落下，纤细的小腹剧烈起伏抽搐不止。\n少女纤长的双腿彻底失控，时而痉挛着死死夹紧，时而无力地摊开胡乱蹬踢，纤秀的脚尖一会儿死绷一会儿蜷曲，两只小手攥紧又抖颤着张开，指尖胡乱地抓挠。\n浓稠温热的肠液自{anal}深处失禁般地大量喷涌涌流，一股连着一股奔泻不止，顺着抽搐的臀缝将嫩滑的大腿内侧浇得一片濡湿。\n她的颈子无力地后仰垂落，双目彻底涣散上翻，微张的唇间来不及收拢，涎液一线线溢出滑落，纤弱娇躯在连绵不绝的抽搐痉挛中剧烈颤抖，迟迟无法止息。
1200,action_part_a_orgasm_super_B,0,target_is_player_daughter&CVP_A2_A|5_LE_3,被一次次逼到临界又硬生截断的浩大快感终于尽数奔涌而出，{TargetName}稚嫩的娇躯剧烈痉挛着高高弹起，{anal}以极致的幅度连续剧烈地绞缩翕张，稚嫩的括约肌疯狂地收拢又骤然松脱，反复地死死箍紧再猛然弹开，翻搅收放个不停。\n少女纤细的脊背深深地向后弓起绷紧，攀到极点后又整条彻底瘫软塌落，接着一次次重新弓弹起来又颓然落回，单薄的腹部一下下剧烈地内凹抽搐。\n她的手脚彻底失去控制地痉挛乱抖，两条嫩腿忽而绞紧忽而张开胡乱蹬踹，纤嫩的脚趾用力地扣曲又张开，纤弱的手指死死攥拳再颤颤松开，胡乱地抓抠。\n大量温热的肠液从{anal}深处失禁般地喷涌而出，接二连三地汹涌涌流不止，顺着痉挛不歇的股缝淌下，将娇嫩的大腿内侧浸润成湿淋淋的一片。\n少女的头颅无力地后仰垂坠，眼神涣散上翻失焦，唇舌完全失控地半张半吐，涎水顺着嘴角不住地淌出，纤瘦的通身肌肉在一波波持续的绷紧抽搐中剧烈震颤，久久不能平复。

1201,action_part_a_orgasm_super_B,0,CVP_A2_T|102_E_1&CVP_A2_A|5_G_3&CVP_A2_A|5_LE_6,幼小的{TargetName}娇躯猛地绷成一张满弓，累积已久的巨大快感终于被彻底放开，{anal}极度剧烈地连续痉挛起来，稚嫩的括约肌疯狂地一缩一张，翕合的频率快得几乎连成一片，怎么也停不下来。\n小小的腹部随着这股无法自控的绞缩一下下深深抽紧，圆嫩的肚皮剧烈起伏，细若嫩藕的双腿失控地乱蹬乱颤，纤细的脚趾用力地向内蜷曲扣拢，脚背绷得死直。\n大量温热的肠液自{anal}深处汹涌喷涌而出，一股接一股失禁般地涌流不止，顺着稚嫩的臀缝与大腿内侧大片大片地淌落，浸湿一整片幼嫩的肌肤。\n粉嫩的小臀高高翘起后又猛地瘫软塌下，纤细的手指痉挛似的攥紧又张开，指节泛白。\n小小的脑袋无力地后仰，眼神彻底涣散失焦，小嘴大张着合不拢，舌尖失控地探出，晶亮的口水顺着嘴角连线般地滑落，整个幼小的身躯在这场极致绝顶里失控地抽搐颤抖了许久。
1202,action_part_a_orgasm_super_B,0,CVP_A2_T|102_E_1&CVP_A2_A|5_G_3&CVP_A2_A|5_LE_6,稚气未脱的{TargetName}小小的身子骤然彻底失控，压抑到极限的快感一齐奔涌释放，{anal}长时间地剧烈翕缩，柔嫩的肠壁一波又一波地疯狂绞紧，括约肌不受控制地连续收放，密集的痉挛怎么也平息不下去。\n幼嫩的小腹反复深深地向内抽搐，纤细的腰肢一次次高高弓起后又彻底软塌下去，两条稚嫩的小腿绷直了又乱颤，膝盖不住地打着哆嗦，小脚掌痉挛地向内勾绷。\n浓浊的肠液从{anal}里喷射般地大股涌出，失禁一样止不住地往外淌，将娇小的臀瓣和腿根内侧浇得湿淋淋一片。\n小小的手死死抓紧了触手可及之处，指尖用力掐陷进去，全身的肌肉一齐绷紧又强烈地抽搐。\n幼小的面庞涨得通红，眼角沁出泪珠，双眼失神地上翻，唇舌完全失去控制，口水连绵地溢流而下，整个稚嫩的躯体在这波极致的绝顶中久久无法停歇。
1203,action_part_a_orgasm_super_B,0,CVP_A2_T|102_E_1&CVP_A2_A|5_G_3&CVP_A2_A|5_LE_6,{TargetName}娇小稚嫩的躯体在这一刻彻底崩溃般地绷紧，郁积了太久的快感洪流终于决堤释放，{anal}极度剧烈而持久地痉挛不止，幼嫩的括约肌发狂似的疯狂绞缩翕张，一下比一下更急更深。\n小小的下腹随着连绵的绞紧一阵阵剧烈抽动，细嫩的腰背深深弓成弓形随即又整个瘫软下来，反复起伏了好几轮，稚嫩的四肢失控地痉挛乱蹬，脚趾死死蜷起。\n大量肠液自{anal}翻涌喷出，一股又一股地失禁狂泻，顺着幼小的臀沟与嫩白的大腿哗哗淌落，淋漓一片。\n娇嫩的小手不受控制地痉挛握拳，指节绷得发白，全身的稚嫩肌肉一齐紧绷战栗。\n小脸失神地涨红扭曲，眼神空洞涣散地失焦，小嘴无力张合，舌头软软地垂出，透明的津液不断从唇边滴落，整个幼小娇躯长久地失控抽搐着难以自持。
1204,action_part_a_orgasm_super_B,0,CVP_A2_T|102_E_1&CVP_A2_A|5_G_3&CVP_A2_A|5_LE_6,幼小的{TargetName}整个身子猛然痉挛着弹起，被反复堵截压抑的巨量快感终于一齐喷薄而出，{anal}不受控制地剧烈连续收缩，稚嫩的括约肌疯狂而持续地一绞一放，密集剧烈的翕合久久不停。\n小小的肚皮深深地凹陷抽紧又鼓起，纤细娇软的腰肢反复深弓再彻底塌软，两条幼嫩的细腿失控地颤抖乱蹬，稚气的脚趾用力地蜷缩扣紧，脚踝绷得紧绷发抖。\n温热黏浊的肠液从{anal}里大量喷涌失禁而出，一波接一波地涌流不歇，把娇小的臀部和大腿内侧浇得湿透淋漓。\n幼嫩的双手痉挛地攥紧松开又攥紧，指节泛出惨白，浑身的小肌肉强烈地绷紧抽搐。\n小小的头颅无力地瘫垂后仰，眼神彻底失焦涣散，樱唇大张着再也合不拢，小舌无助地伸吐着，涎水成线地滑落颈间，整具稚嫩娇躯在极致的绝顶余波里失控地战栗了很久。
1205,action_part_a_orgasm_super_B,0,CVP_A2_T|102_E_1&CVP_A2_A|5_G_3&CVP_A2_A|5_LE_6,娇嫩幼小的{TargetName}身躯在顷刻间彻底失守，蓄积到极点的快感终于被尽数放出，{anal}以极致的幅度长久剧烈地痉挛翻搅，柔嫩的肠壁疯狂地一圈圈绞紧，稚嫩的括约肌连续不断地翕张收放，怎么也止不住地颤动。\n幼小的小腹一下下猛烈地向内抽缩，细弱的腰身深深弓成满弓后又整个软瘫下去，如此反复不休，稚嫩的四肢失控地痉挛乱颤，小脚死死向内勾蜷，绷得笔直。\n汹涌的肠液自{anal}喷溅奔流，大股大股地失禁狂涌不止，顺着娇小的臀缝与幼嫩的腿根淌成一片濡湿。\n小小的手指痉挛似的紧紧抠住身下，指尖发白，全身稚嫩的肌肉一齐紧绷剧颤。\n幼小的脸蛋憋得绯红，泪水沿眼角滑落，双眸失神地上翻涣散，小嘴松垮地大张，软舌失控地探垂在外，晶莹的口水不断线地淌下，整个娇小躯体在这场究极的绝顶中久久地抽搐痉挛难以平复。
1206,action_part_a_orgasm_super_B,0,CVP_A2_T|103_E_1&CVP_A2_A|5_G_3&CVP_A2_A|5_LE_6,积蓄压抑了许久的绝顶终于被一齐释放开来，娇小幼嫩的{TargetName}稚气的身躯骤然剧烈地绷成一张满弓，纤细的脊背深深地弓起后又猛地彻底瘫软下去，如此反反复复无数次。\n{anal}极度剧烈地连续痉挛收缩，稚嫩的括约肌疯狂而不受控制地一圈圈绞紧又翕张，一波接着一波长久不息。\n幼小的双腿失控地大幅乱蹬，纤细的脚趾死死地向内蜷曲又骤然张开，圆嫩的小臀高高抬起后又剧烈地颤抖抽搐个不停。\n大量温热的肠液从翕张不止的{anal}里猛地喷涌而出，失禁般地一股股涌流不断，顺着娇嫩的腿根汩汩淌湿了一大片。\n她稚气的小脸涨得通红，眼神彻底涣散失焦，小小的舌尖失控地垂出唇外，晶亮的口水顺着嘴角不停地滑落，纤细的十指痉挛着胡乱抓挠，整具娇躯剧烈抽搐颤栗了许久才慢慢瘫软下来。
1207,action_part_a_orgasm_super_B,0,CVP_A2_T|103_E_1&CVP_A2_A|5_G_3&CVP_A2_A|5_LE_6,被反复逼到边缘又硬生生截停的巨量绝顶此刻终于尽数决堤，{TargetName}尚显青涩的幼小身子猛然绷得笔直，稚嫩的腰肢一次又一次深深弓起再彻底塌软。\n{anal}长时间不受控制地疯狂缩绞，幼嫩的肛口一张一合地剧烈翕动，括约肌一圈圈地死死绞紧又骤然松开，抽搐得没有片刻停歇。\n两条细若嫩藕的小腿痉挛着乱蹬乱颤，稚气的脚趾一会儿死死抠拢一会儿又猛地绷直，浑身的稚嫩肌肉都强烈而持续地紧绷抽动。\n一大股温热的肠液伴随着{anal}的剧烈绞缩喷射而出，失禁一般地汩汩涌流不止，把娇小的臀缝和大腿内侧淋得湿漉漉一片。\n她小小的脑袋无力地向后仰倒，眼神空茫涣散再也聚不起焦，柔软的唇舌失控地半吐出来，透明的涎水拉着长丝滴落，纤细的手指徒劳地痉挛抓握着，抖了好久好久。
1208,action_part_a_orgasm_super_B,0,CVP_A2_T|103_E_1&CVP_A2_A|5_G_3&CVP_A2_A|5_LE_6,郁积到极点的绝顶终于获准一泄如注，幼小娇嫩的{TargetName}整个小小身躯霎时剧烈地弹跳绷紧，单薄的脊背深深弓成一道满弦又轰然彻底瘫软。\n{anal}极致剧烈地一下下连续抽搐痉挛，稚气的括约肌毫无节制地疯狂绞缩翕张，收得死紧又骤然松脱，持续了远比寻常更久的时间。\n幼嫩的双腿彻底失控地胡乱踢蹬，圆润的小脚趾用力地蜷曲扣紧，稚嫩的小屁股一耸一耸地高高弓起又猛烈地颤动痉挛。\n汹涌的肠液从翕动不休的{anal}深处失禁般地喷涌狂泻，一股接一股地喷洒淌流，将幼嫩的股沟与腿根尽数浇得淋漓湿透。\n她稚气未脱的小脸血色尽褪又转潮红，双眼彻底失神地上翻涣散，粉嫩的舌头无力地滑出嘴角，晶亮的口涎不受控地成串滴落，小小的十指绷直又痉挛蜷曲，娇躯久久战栗不止。
1209,action_part_a_orgasm_super_B,0,CVP_A2_T|103_E_1&CVP_A2_A|5_G_3&CVP_A2_A|5_LE_6,被压抑积攒到再也无法承受的极致绝顶终于轰然爆开，{TargetName}幼小青涩的身体骤然剧烈绷紧成一张拉满的弓，纤细的腰背反复深深弓起后又一次次彻底软塌下去。\n{anal}毫无节制地剧烈连绵痉挛，娇嫩的肛环一圈圈疯狂地绞紧翕张，一波未平一波又起地死死收缩着，长久地抽搐个不停。\n她幼嫩的两条细腿失控地痉挛乱颤乱蹬，小巧的脚掌绷得死直，脚趾深深向内抠蜷，稚气的臀肉一下下剧烈地颤栗抽动。\n大量滚烫的肠液顺着{anal}疯狂的绞缩汹涌喷薄而出，如失禁般地一泻不止，顺着娇小的腿根与股缝哗哗淌落淋湿一片。\n她小小的面庞涨红又失色，眼神彻底涣散再无焦点，柔嫩的舌尖失控地耷拉在唇边，清亮的涎液止不住地滑落成丝，纤细的手指痉挛地攥紧又张开，整具稚嫩娇躯颤抖抽搐了许久方才无力瘫软。
1210,action_part_a_orgasm_super_B,0,CVP_A2_T|103_E_1&CVP_A2_A|5_G_3&CVP_A2_A|5_LE_6,淤积了太久太久的绝顶终于被一口气彻底放开，幼小娇嫩的{TargetName}稚气身躯猛地剧烈弹起绷直，单薄的脊梁一次次深深弓成满弓后又骤然彻底瘫塌。\n{anal}极度剧烈且长久地连续痉挛收缩，幼嫩的括约肌不受控制地疯狂绞缩翕合，一圈圈死死绞紧再猛然松开，久久不能平息。\n她纤细的双腿失控地乱蹬乱抖，稚气的脚趾时而死死抠蜷时而猛地张绷，圆嫩的小臀高高抬离又剧烈地一耸一耸痉挛颤动。\n汹涌滚烫的肠液自翕张不止的{anal}中喷涌狂溢，失禁般地一股股喷洒流淌，把幼嫩的股沟腿根与身下浇得湿漉漉一整片。\n她稚嫩的小脸红得几近透明，双目彻底失焦涣散，小舌头失控地垂吐在唇外，亮晶晶的口水顺着下颌不停滴坠，细小的手指徒劳痉挛地抓挠虚握，娇小身子抖颤了良久才缓缓沉软下来。


2000,action_part_a_orgasm_super_B,0,CVP_A2_T|6_E_0&CVP_A2_T|7_E_1&CVP_A2_T|222_E_1,{TargetName}稚嫩瘦小的躯体猛地绷成一道弧线，{anal}骤然收缩翻绞，随即陷入长时间无法停止的剧烈痉挛，一圈圈紧咬着又松开，反反复复没有半点间歇，仿佛怎么都平息不下来。\n括约肌疯狂地绞缩又翕张，一下接着一下，几乎快得数不清次数，稚气的小腹随之剧烈起伏，肌肉一寸寸地强烈绷紧又抽搐，连带着尚未发育完全的腰肢反复深深弓起，又猛地瘫软塌落下去，反复数次都无法平息，脊背也随之一次次绷成弓形。\n纤细的四肢彻底失控地颤抖乱蹬，脚尖绷得笔直又骤然松垮，脚趾胡乱蜷缩，双手胡乱地抓挠着身旁一切能够抓住的东西，指节因用力而泛白，肩颈也随之绷紧抽动。\n涣散的双眼失去焦距地睁着，稚嫩的唇舌完全失控地大张，口水顺着嘴角不受控制地滑落，滴落在下巴与颈间，打湿了一小片肌肤。\n{anal}深处，大量肠液毫无征兆地猛烈喷涌而出，如失禁一般涌流不止，顺着尚显青涩的大腿根部一路淌下，将身下打湿成一片狼藉，久久未能停歇，动作也迟迟未能平复下来。
2001,action_part_a_orgasm_super_B,0,CVP_A2_T|6_E_0&CVP_A2_T|7_E_1&CVP_A2_T|222_E_1,{TargetName}青涩单薄的身体骤然绷紧又猛烈弹起，{anal}毫无征兆地剧烈绞紧，随即陷入长久不息的连续痉挛，一波接一波地翻搅收缩，久久不肯停歇，仿佛没有尽头一般。\n括约肌不受控制地疯狂绞缩翕张，反复收紧又松开，尚未长开的腰肢一次次深深弓起，绷成紧绷的弧度，又骤然失力般彻底塌陷瘫软，如此反复了许多回合，脊背也随之一次次弯折起伏。\n瘦削的四肢完全失控般地痉挛颤抖，双腿不住地乱蹬踢动，脚趾用力蜷缩起来又猛然松开，双手死死攥紧了身边的东西，指尖因过度用力而微微发抖，手臂也随之绷紧颤动。\n眼神彻底涣散失焦，稚嫩的嘴唇张合失控，透明的津液顺着嘴角不断滑落，浸湿了下颌与胸前的肌肤，顺着颈侧缓缓淌下。\n{anal}猛地涌出大量肠液，喷溅而出如同失禁一般汹涌不止，顺着纤细的腿缝蜿蜒而下，将身下浸得一片湿润狼藉，久久无法止住，身躯也随之久久无法平静下来。
2002,action_part_a_orgasm_super_B,0,CVP_A2_T|6_E_0&CVP_A2_T|7_E_1&CVP_A2_T|222_E_1,{TargetName}尚显稚嫩的躯体猛然弹跳起来，{anal}骤然剧烈绞紧痉挛，紧接着陷入长时间无法自控的连续收缩，一圈又一圈地翻绞不休，反复不止，没有片刻停顿。\n括约肌疯狂而持续地绞缩翕张，快速收紧又松开，未发育完全的腰肢一次又一次深深弓起绷紧，随即又瘫软无力地塌落下去，如此循环了数个回合都未能平息，肩背也一并随之起伏颤动。\n细瘦的四肢失控般剧烈颤抖抽搐，双脚胡乱地踢蹬摆动，脚趾用力蜷起又骤然松开，十指死死抠住身下的物什，关节处因用力而泛白发紧，手腕也随之微微发抖。\n双眼涣散无神地睁着，失去了聚焦的能力，稚气的唇舌完全失控，涎水顺着嘴角不断滑落浸湿下巴，又顺着脖颈滑落到锁骨附近。\n{anal}猛烈喷涌出大量肠液，如失禁般汹涌不止地涌流而出，顺着青涩的大腿内侧一路蜿蜒淌下，将身下彻底打湿成一片狼藉，久久没有停息的迹象，动作也久久未能安定。
2003,action_part_a_orgasm_super_B,0,CVP_A2_T|6_E_0&CVP_A2_T|7_E_1&CVP_A2_T|222_E_1,{TargetName}瘦小青涩的身躯猛地一挺，随即剧烈弓起又骤然塌落，{anal}疯狂绞紧翻搅，陷入了长时间不受控制的连续痉挛收缩，一波接着一波毫无停歇，仿佛怎么都无法止住。\n括约肌持续而疯狂地绞缩又翕张，反复收放不止，未成熟的腰肢一次次深深弓起绷成弧线，又猛然失力般彻底瘫软塌下，如此往复许多次，脊柱也随之一次次弯折又舒展。\n纤瘦的四肢完全失控地抽搐颤抖，双腿胡乱踢蹬摆动，脚趾紧紧蜷缩又猛地松开，双手用力攥紧身旁一切可以抓握的东西，指节泛白颤抖，手臂也跟着抖动不止。\n涣散的眼神失去焦点空洞地睁着，稚嫩的唇舌彻底失控地张合，津液不断从嘴角滑落，滴落沾湿了颈间与胸口，留下一道细细的湿痕。\n{anal}深处大量肠液猛地喷涌而出，如同失禁般涌流不止，顺着尚未发育完全的大腿根部蜿蜒流下，将身下浸润成一片湿漉狼藉，久久未能平息，身躯也久久没能安定下来。
2004,action_part_a_orgasm_super_B,0,CVP_A2_T|6_E_0&CVP_A2_T|7_E_1&CVP_A2_T|222_E_1,{TargetName}尚且瘦弱的躯体骤然绷成一张满弓，{anal}猛烈绞紧收缩，随即陷入了漫长且无法自控的连续痉挛，一次次翻绞收紧，久久不息，仿佛没有停下来的迹象。\n括约肌疯狂持续地绞缩翕张，快速地一收一放，稚气未脱的腰肢反复深深弓起又猛然瘫软塌落，如此循环反复了好几个回合仍不见平息，脊背也随之一次次绷紧又松垮。\n纤细的四肢彻底失控般痉挛颤抖，双脚不受控制地乱蹬乱踢，脚趾用力蜷曲又骤然松开，十指死死攥住能够触及的一切物件，关节因用力而泛白，手臂也随之绷紧发抖。\n双眼失去焦距地涣散睁着，稚嫩的唇舌完全失控张合，清亮的口水顺着嘴角不断滑落，浸湿了下颌与锁骨附近的肌肤，又缓缓滴落下去。\n{anal}猛地喷涌出大量肠液，汹涌得如同失禁一般涌流不止，顺着青涩细瘦的大腿内侧一路蜿蜒淌下，将身下彻底打湿成一片狼藉，久久无法止住，动作也久久不能平复。

2005,action_part_a_orgasm_super_B,0,CVP_A2_T|107_E_1&high_4,{TargetName}那具成熟丰腴的身躯骤然绷成一张满弓，随即{anal}便极度剧烈地连续痉挛收缩起来，一波紧接一波地疯狂绞缩翕张，收缩的幅度与频率远远盖过寻常。\n括约肌疯狂而持续地一圈圈绞紧又骤然张开，反反复复停不下来，整圈嫩肉抽搐得毫无章法。\n她全身的肌肉强烈而持续地抽搐绷紧，成熟的腰部反复深深弓起，弓到极处又骤然彻底瘫软塌下，如此起伏了一次又一次。\n两条丰腴的长腿失控地剧烈颤抖痉挛，脚趾死死蜷曲又猛地绷直，双脚无意识地乱蹬乱踢。\n丰满的臀肉随着{anal}的绞缩节律疯狂抽搐颤动，成熟的小腹一下一下深深塌陷又鼓起。\n大量温热浓稠的肠液自{anal}深处失禁般喷涌而出，汩汩不绝地涌流不止，将成熟饱满的臀缝内侧尽数浸得湿透。\n她的十指痉挛着攥紧又张开，指节一阵阵泛白，脊背一次次绷成僵直的弧线。\n呼吸完全失去了节律，成熟丰盈的胸膛剧烈起伏喘动，眼神涣散无神，唇舌失控地微微颤动，口涎顺着嘴角缓缓溢流下来，整具人妻的身躯在这近乎失控的极端反应里长久地颤栗抽搐着。
2006,action_part_a_orgasm_super_B,0,CVP_A2_T|107_E_1&high_4,人妻{TargetName}成熟的身体先是猛地一僵，紧接着{anal}便展开极度剧烈而漫长的连环痉挛，一下一下疯狂地向内绞缩再骤然翕开，收缩之凶猛远超平常。\n环绕的括约肌持续而失控地紧绞松弛交替不休，整圈软肉不受控制地翻卷抽动。\n全身肌肉一齐强烈绷紧抽搐，丰腴的腰肢反复地深弓而起，弓到极限后又整个瘫软下坠，如浪般起落数回。\n修长丰满的双腿剧烈地失控颤抖，时而痉挛蜷缩时而胡乱蹬踹，脚背绷得笔直，脚趾用力抠握。\n圆润成熟的臀部随{anal}疯狂绞缩而剧烈颤抖，小腹的肌肉一波波深陷又弹起，抽搐个不停。\n汹涌的肠液从{anal}中失禁般大量喷射涌流，源源不断地淌落，浸透了大腿根内侧成片的丰腴肌肤。\n她的双手死死攥紧又骤然松开，手背青筋凸起，指尖不住痉挛，脊背绷成一道僵硬的反弓。\n急促紊乱的喘息完全失控，丰满的胸脯剧烈起伏，双眸失焦涣散，嘴唇不受控地哆嗦张合，晶亮的口水沿着下颌滑落，整副成熟胴体在长时间的剧烈抽搐中久久无法平息。
2007,action_part_a_orgasm_super_B,0,CVP_A2_T|107_E_1&high_4,{TargetName}早已为人妇的丰腴躯体骤然绷至极致，{anal}随之爆发出极度剧烈且持久的连续收缩痉挛，一圈圈疯狂地绞紧又张开，抽搐的力度与幅度骇人地强。\n括约肌不受控制地持续绞缩翕张，一开一合停不下来，边缘的软肉剧烈翻搐。\n她周身的肌肉强烈而持续地绷紧痉挛，成熟的腰腹反复深深弓起再彻底塌软，反复起伏了许多回。\n两条丰腴的长腿失控地痉挛乱蹬，膝盖时而并拢时而张开，脚趾猛烈蜷曲又骤然崩直。\n饱满的臀肉伴着{anal}的疯狂绞动剧烈颤抖收缩，小腹一下下深陷凹进又鼓胀起伏。\n浓稠温热的肠液自{anal}失禁般大量喷涌而出，一股股涌流不止，将臀下与腿内的成熟肌肤淋得湿漉一片。\n她的手指痉挛地抓握攥紧，指节泛出惨白，整条脊柱一次次绷成僵直的弓形又软塌。\n呼吸彻底乱了套，丰盈的胸膛大幅急促起落，眼神空茫涣散失神，唇舌失去控制地颤抖，口涎顺着唇边溢出滑落，这具人妻的身子在极端的失控反应中长久地战栗抽搐着。
2008,action_part_a_orgasm_super_B,0,CVP_A2_T|107_E_1&high_4,随着一阵无法自控的痉挛，人妻{TargetName}成熟的身躯猛然绷紧，{anal}即刻陷入极度剧烈而冗长的连环收缩，疯狂地一绞一放循环不休，收束的强度远远凌驾于平日。\n括约肌持续失控地绞紧又翕张，整圈嫩肉不停地抽搐蠕动翻卷。\n全身肌群一同强烈抽搐绷紧，丰腴的腰肢深深弓起到极处后又骤然瘫软垂落，如此往复了一轮又一轮。\n她修长成熟的双腿剧烈痉挛颤抖，无意识地乱蹬乱踢，脚趾狠狠蜷缩后又用力绷张。\n浑圆的臀部随{anal}的猛烈绞缩剧烈颤动抽搐，小腹的软肉一次次深陷又弹起颤栗。\n大量肠液从{anal}深处失禁般喷薄涌流，接连不断地淌落，浸湿了成熟饱满的臀腿内侧大片肌肤。\n她的十指反复痉挛攥握，关节泛白，脊背一下下绷成僵硬的反弓再度塌软。\n喘息完全失序，丰满的胸口剧烈起伏，双眼失神涣散不聚焦，嘴唇失控地翕动，口水沿着嘴角丝丝溢流，整具丰腴的人妻胴体在近乎失控的极端状态中久久颤抖痉挛。
2009,action_part_a_orgasm_super_B,0,CVP_A2_T|107_E_1&high_4,{TargetName}这具已属他人的成熟丰腴身体倏地绷成极限的弓形，{anal}紧跟着展开极度剧烈又漫长的连续绞缩痉挛，一波接一波狂乱地收紧再张开，凶猛程度远胜寻常。\n括约肌疯狂而持续地翕张绞动，一圈软肉停不下来地抽搐蠕缩。\n她全身的肌肉持续强烈地绷紧抽搐，成熟的腰部反复深弓而后彻底瘫塌，起伏了一次又一次。\n两条丰盈的美腿失控地剧烈颤栗痉挛，胡乱地蹬踹蜷曲，脚尖绷得死直，脚趾狠狠抠握。\n丰润的臀肉随着{anal}疯狂的绞缩剧烈颤抖，小腹一下下深深塌陷又鼓起抽搐不止。\n温热浓稠的肠液自{anal}失禁般滚滚喷涌，源源不绝地涌流淌落，把成熟的臀缝与腿根内侧浸得湿透一片。\n她的双手痉挛地攥紧又松开，指节泛白，脊柱反复绷成僵直弧线再瘫软。\n呼吸彻底失控紊乱，丰满的胸脯急促剧烈起伏，眼神涣散空洞，唇舌不受控地哆嗦，口涎缓缓自唇畔溢落，整副人妻的躯体在长时间极端的抽搐里颤栗不休。

2010,action_part_a_orgasm_super_B,0,CVP_A2_G_E_0,{TargetName}的全身肌肉在这一刻骤然强烈地绷紧起来，紧接着便是不受控制的连番剧烈抽搐。\n{anal}极度剧烈而漫长地连续痉挛收缩，括约肌疯狂地一圈圈绞紧又翕张，一刻不停地反复翻涌。\n她的腰部深深地弓起成一道满绷的弧线，维持了好一阵后又猛然彻底瘫软塌下，随即再度弓起，如此反复。\n两条腿失控地剧烈颤抖着，脚趾用力蜷缩又骤然张开，双脚无意识地乱蹬乱蹭，膝盖不住地打颤。\n大量滚烫的肠液从{anal}失禁般汹涌喷涌而出，一股接一股地涌流不止，将下身浇得一片狼藉。\n她的十指死死抠紧，指节泛白，脊背绷成弓形又反复战栗，眼神彻底涣散游离，嘴唇失控地哆嗦张合，津液顺着嘴角不受控制地溢流下来。\n喉间溢出破碎的气音，整具躯体在这场极端的失控里长时间地痉挛颤栗，久久无法平息。
2011,action_part_a_orgasm_super_B,0,CVP_A2_G_E_0,被压抑到极点的反应在这一瞬彻底爆发，{TargetName}周身的肌肉一齐强烈地抽搐绷紧，浑身止不住地剧烈颤栗。\n{anal}极度剧烈地连续深缩绞拧，久久不肯停歇，括约肌一下下疯狂地翕张开合，反复地紧绞又松脱。\n她的腰肢一次次深深弓起到极限，随即又软绵绵地整个瘫落下去，如此反复起伏，抽动个不停。\n四肢完全不听使唤地痉挛乱颤，双腿时而绷直时而胡乱蹬动，脚背绷得笔直，脚趾痉挛似的扣紧又松开。\n{anal}喷涌出大量温热黏稠的肠液，失禁般地一波波涌流泄出，怎么也止不住地淌落一地。\n她的双手胡乱抓攥，脖颈猛地向后仰起，喉咙剧烈起伏，眼神迷茫涣散地失去焦点，唇舌完全失控地颤抖着，口水连成丝线顺着下颌滑落。\n急促而破碎的喘息从她翕动的唇间不断漏出，整副娇躯在漫长的极端反应中反复痉挛，迟迟不能停下。
2012,action_part_a_orgasm_super_B,0,CVP_A2_G_E_0,{TargetName}猛地一个激灵，全身骤然强烈绷紧，随即陷入一阵接一阵漫长而剧烈的连续抽搐。\n{anal}以近乎失控的凶猛幅度深深痉挛绞缩，括约肌疯狂而持续地绞紧翕张，一波未歇一波又起。\n她的腰腹反复深深弓起又彻底塌软，脊背绷成一张满弓，随后骤然松垮下去，来回起伏个不停。\n双腿剧烈地打颤蹬动，脚趾一会儿死死蜷缩一会儿又猛地绷张，膝盖不受控制地相互磕碰颤抖。\n大股大股滚烫的肠液自{anal}失禁般狂涌而出，喷洒涌流不止，把下身彻底浇得湿淋淋一片。\n她的手指深深抠进掌心，四肢僵直又剧颤，眼球上翻、眼神涣散无神地四处游离，嘴巴大张，舌头失控地探出，晶亮的涎水成串地滴落下来。\n整具身体在这场超乎寻常的极端痉挛中长久地战栗着，好半天都无法从这剧烈的失控中收势。
2013,action_part_a_orgasm_super_B,0,CVP_A2_G_E_0,积压已久的剧烈反应轰然迸发，{TargetName}浑身的肌肉一齐强烈绷紧抽搐，整个人绷直得如同拉满的弦。\n{anal}极度剧烈且长时间地连续绞缩痉挛，括约肌狂乱地一下下收紧又翕张，翻搅个不停。\n她的腰部深深弓起悬在半空，撑持片刻后又彻底瘫软坠落，紧接着再次高高弓起，反复不休。\n两条腿失控地痉挛乱蹬，一时绷得笔直一时又胡乱蜷曲，脚趾用力扣张，脚踝绷紧到发颤。\n{anal}汹涌喷出大量温热的肠液，如同失禁一般滔滔涌流泄下，止也止不住地流淌满地。\n她死死攥紧十指，指节煞白，背脊反复战栗，眼神茫然失焦地涣散游离，嘴唇不住哆嗦张合，透明的津液顺着嘴角一路溢淌到下颌。\n破碎的气息从她大张的唇间断续泄出，整副躯体在这漫长而极端的痉挛失控里久久颤栗不止。
2014,action_part_a_orgasm_super_B,0,CVP_A2_G_E_0,{TargetName}的身子骤然绷成一道满弓，全身肌肉一齐强烈地抽搐痉挛，从头到脚都在剧烈地颤栗。\n{anal}极其凶猛而漫长地连番深缩绞拧，括约肌疯狂持续地绞紧又翕张，一圈圈地翻涌收放不停。\n她的腰肢反复深深弓起到极致又猛然彻底瘫塌，脊背绷紧成弓形后骤然软垮，来回起伏抽搐。\n四肢完全失控地剧烈颤抖乱蹬，双脚脚趾一阵猛缩一阵张开，膝盖不住打颤，腿根绷得死紧。\n大量黏稠滚烫的肠液从{anal}失禁般狂涌喷洒而出，一股连着一股地涌流不止，浇得下身狼藉一片。\n她的双手胡乱抓握，脖颈向后深深仰起，眼神涣散无神地四处游移，嘴唇与舌头失控地哆嗦颤动，口涎顺着颤抖的下颌不断滴垂。\n喉间挤出一声声破碎的气音，整具痉挛的娇躯在这极端的失控中反复战栗，迟迟无法停歇下来。
2015,action_part_a_orgasm_super_B,0,CVP_A2_G_E_1,{TargetName}的娇躯毫无预兆地剧烈弹动起来，{anal}极度剧烈地连续痉挛绞缩，括约肌疯狂地一张一翕，绞紧了又猛地翻涌松开，如此反复不休。\n少女的腰肢深深弓起，绷成一道颤抖的满弓，维持片刻后又骤然彻底瘫软塌陷下去，紧接着再度弓起，来回起伏个不停。\n四肢失控地痉挛乱颤，纤细的双腿一会儿死死绷直，一会儿又胡乱踢蹬，脚趾用力蜷曲抠紧，指节泛白。\n大量肠液自{anal}失禁般地喷涌而出，一股接一股地涌流不止，将下身浇得一片狼藉。\n她眼神彻底涣散失焦，唇舌失控地微张，涎水顺着嘴角溢下，急促而破碎的喘息完全乱了节奏，胸口剧烈起伏。\n就在这剧烈的痉挛间，她的一只手不由自主地伸向了博士，指尖颤巍巍地攥住他，整个身子也无意识地朝他偏靠过去。
2016,action_part_a_orgasm_super_B,0,CVP_A2_G_E_1,毫无征兆地，{TargetName}整具身子猛地绷紧，{anal}长时间、不受控制地连续剧烈收缩，一圈圈疯狂绞缩翻搅，括约肌持续而急促地翕张开合，止不住地颤动。\n少女的脊背反复深深弓起，弓成一道紧绷的弧线后又整个瘫软下去，如此往复起落，腰腹的肌肉一阵阵猛烈抽搐绷紧。\n她的双腿失控地痉挛抖颤，膝盖时而并拢时而张开，脚背绷得笔直，脚趾深深扣蜷。\n{anal}汩汩喷出大量肠液，如决堤般涌流不止，顺着腿根一路淌落。\n她的面容彻底失控，双眼失神地半翻，口唇张合不能自已，唾液沿唇边滑落，呼吸完全紊乱成一片破碎的急喘。\n颤抖之中，她的手无意识地摸索过去紧紧扣住博士的手臂，脑袋也不自觉地朝他的肩侧歪靠了过去。
2017,action_part_a_orgasm_super_B,0,CVP_A2_G_E_1,{TargetName}的娇躯骤然剧烈震颤，{anal}极度剧烈且持续地连环痉挛，一下比一下更猛地绞紧收缩，括约肌疯狂而不知疲倦地绞缩翕张，反复翻搅个不停。\n少女的腰身一次次深深弓起，绷到极致又彻底松垮塌软，如此反复深弓浅落，全身的肌肉都强烈而持续地抽搐绷紧。\n她的四肢彻底失去控制，双腿乱蹬痉挛，两手死死攥握，指节因用力而根根泛白，脚趾蜷缩抠紧。\n大量肠液自{anal}汹涌喷溅，失禁般地一波波涌流不止。\n她眼神彻底涣散，瞳孔失焦上翻，唇舌不受控制地颤抖张合，口涎溢流，喘息破碎而紊乱。\n剧烈的抽搐里，她整个人无意识地朝博士的方向蹭挪贴近，一只手颤抖着攀住他不肯松开。
2018,action_part_a_orgasm_super_B,0,CVP_A2_G_E_1,没有半分预兆，{TargetName}的身子猛然弹起又剧烈痉挛，{anal}极度剧烈地长时间连续绞缩收紧，括约肌狂乱地绞缩翕张，翻涌绞紧的力道一阵强过一阵。\n少女深深弓起腰背又骤然瘫软，反反复复地起伏跌宕，小腹的肌肉猛烈而持续地抽搐收缩。\n她的双腿失控地颤抖乱踢，脚趾死死蜷起，双手胡乱抓握，指尖用力到发白。\n{anal}失禁般喷涌出大量肠液，滚烫的液流一股接一股汹涌而下，怎么也止不住。\n她面孔彻底失神，双眼失焦涣散，口唇张合抽搐，涎水顺着下颌滑落，呼吸乱作一团破碎的急喘。\n剧烈的震颤中，她不由自主地侧过身偎向博士，颤巍巍地伸手环住他，脑袋一点点埋靠了过去。
2019,action_part_a_orgasm_super_B,0,CVP_A2_G_E_1,{TargetName}的娇躯毫无预警地剧烈抽搐起来，{anal}极度剧烈、长时间地连续痉挛翻搅，绞紧了又猛地松开、再度狠狠绞紧，括约肌疯狂翕张收缩不止。\n少女反复地深深弓腰、绷成满弓再整个塌软下去，周身肌肉强烈而持久地绷紧抽动。\n她四肢彻底失控，双腿痉挛乱蹬又骤然并拢夹紧，十指抠握，脚趾深蜷。\n大量肠液自{anal}喷涌而出，失禁般地涌流不止，淋漓不断。\n她双目失神涣散，唇舌颤抖失控，口水沿着嘴角溢淌，急促的呼吸完全没了章法，胸膛剧烈起伏。\n在这失控的痉挛里，她无意识地朝博士挨蹭过去，两只手颤抖着攥紧他的手，身子软软地倚了上去。

2020,action_part_a_orgasm_super_B,0,CVP_A2_G_E_2,{TargetName}的{anal}骤然爆发出极度剧烈的连续痉挛，一波接一波不受控制地深深绞缩又猛然翕张，括约肌疯狂而持续地收紧松开，大量肠液伴随着每一次抽搐失禁般喷涌而出，顺着大腿内侧汹涌流淌不止。\n她的腰部先是深深弓起绷成一道紧绷的弧线，随即又彻底瘫软塌陷，如此反复起伏。\n全身肌肉强烈而持续地抽搐绷紧，四肢失控地颤抖痉挛，双腿无意识地乱蹬又骤然夹紧。\n她的十指痉挛般张开又蜷缩，其中一只手却在颤抖中不自觉地向{Name}的方向探去，指尖胡乱地攥紧。\n她的眼神彻底涣散失焦，唇舌失控地微张，口水顺着嘴角不受控地溢出，脸颊却在剧烈起伏中微微偏转，慌乱地避开博士的目光，喉间溢出破碎的气音。
2021,action_part_a_orgasm_super_B,0,CVP_A2_G_E_2,承受不住的{TargetName}，{anal}长时间地剧烈收缩，一下下疯狂地绞紧又松开，括约肌不受控制地连续翕张痉挛，大量肠液如失禁般一股股喷涌而出，止不住地涌流成片。\n她的腰肢反复深度弓起，绷到极致后又骤然彻底瘫软，如此循环往复地起伏抖动。\n背脊上的肌肉一阵阵强烈抽搐，小腹剧烈地起伏收紧，四肢失控地痉挛乱蹬，脚趾死死蜷曲又猛然张开。\n她的双手在空中胡乱抓挠，最终颤抖着攀上{Name}的手臂，指甲无力地掐陷进去又滑落。\n她整张脸涨得通红，眼角泛着生理性的泪水，眼神迷离涣散，嘴唇不受控地哆嗦张合，口水溢出嘴角，脸庞却羞怯地埋低偏开，不敢抬眼看向博士。
2022,action_part_a_orgasm_super_B,0,CVP_A2_G_E_2,{TargetName}的身体骤然绷成一张满弓，{anal}极度剧烈地连续痉挛绞缩，一波接一波地疯狂收紧翕张，括约肌失控地绞动不止，大量肠液伴随着抽搐失禁般狂涌喷出，汩汩流淌濡湿一片。\n她的腰部深深弓起又反复瘫软，臀部无意识地扭动颤抖。\n全身的肌肉一齐强烈绷紧又骤然松脱，四肢剧烈痉挛，双腿失控地乱蹬又痉挛般夹紧交缠。\n她颤抖的手指徒劳地在半空抓握，随即怯生生地伸向{Name}，轻轻攥住又因剧烈的颤栗而松开。\n她的双眸彻底失焦涣散，唇舌完全失控地翕动，晶亮的口水顺着下巴滴落，泛红的脸颊却微微侧转，睫毛慌乱地垂下遮住投向博士的视线。
2023,action_part_a_orgasm_super_B,0,CVP_A2_G_E_2,再也支撑不住的{TargetName}，{anal}猛然爆发出长时间不受控制的剧烈痉挛，深处一下下疯狂地绞缩又翕张，括约肌持续而癫狂地收放，大量肠液失禁般汹涌喷涌，一波高过一波地涌流不止。\n她的腰身反复深深弓起后又彻底塌软瘫下，剧烈地起伏震颤。\n周身肌肉强烈而持续地抽搐绷紧，四肢失控地颤抖乱蹬，膝盖不住地打颤又猛地并拢。\n她一只手死死攥紧，另一只却在无意识中攀向{Name}的衣袖方向胡乱摸索，指尖颤抖着蜷起。\n她的表情彻底失控，眼神空洞涣散，嘴巴微张着不住哆嗦，口水控制不住地溢出，脸颊却红透着偏转向一侧，怯怯地不敢与博士对视。
2024,action_part_a_orgasm_super_B,0,CVP_A2_G_E_2,{TargetName}的{anal}陷入极致而漫长的连续痉挛，一阵阵深深绞紧又骤然松开，括约肌疯狂地翕张收缩个不停，大量肠液失禁般喷涌而出，顺着颤抖的腿根汹涌淌落成片。\n她的腰肢一次次深度弓起绷紧，紧接着又彻底瘫软下去，反复地剧烈起伏。\n全身的肌肉强烈地抽搐痉挛，四肢失控地乱蹬颤动，脚踝无力地痉挛勾曲。\n她颤抖的双手在身侧胡乱抓握，其中一只怯怯地向{Name}探过去，指尖轻轻碰触又羞怯地缩回。\n她的眼神迷离而涣散，唇齿间溢出断续的气音，口水沿着嘴角失控地流下，绯红的面颊却微微低垂偏开，睫毛轻颤着回避着博士的目光。

2025,action_part_a_orgasm_super_B,0,CVP_A2_G_E_3,{TargetName}的娇躯毫无预兆地剧烈弹动起来，{anal}开始极度剧烈、长时间地连续痉挛收缩，一波紧接一波不受控制地翻搅绞缠。\n环绕的括约肌疯狂而持续地绞缩翕张，一张一合地剧烈抽搐，大量滚烫的肠液自深处失禁般喷涌而出，一股接一股汹涌地淌流不止，怎么也止不住。\n她的腰肢反复深深弓起成一道紧绷的弧，随即又彻底脱力般瘫软下去，如此起伏往复，两条腿失控地颤抖痉挛，脚趾死死蜷起又猛地绷直，不住地胡乱蹬动。\n她的双手无力地朝{Name}的方向探去，颤抖着攀住恋人，指节因用力而泛白，十指抓紧后又松开，反复攥握。\n她仰起脖颈，眼神彻底涣散失焦，唇舌失控地微张，来不及吞咽的口水顺着嘴角溢流而下，喉间溢出破碎的气音，胸口随着完全失序的呼吸剧烈起伏，全身肌肉一阵接一阵强烈而持续地绷紧又抽搐，口中断续地呼唤着{Name}的名字。
2026,action_part_a_orgasm_super_B,0,CVP_A2_G_E_3,{TargetName}整具身子骤然绷成一张满弓，{anal}陷入极度剧烈而漫长的连续痉挛，密集的收缩一阵猛过一阵，绞紧翻搅个不停。\n收束的括约肌疯狂地绞缩翕张，急促地一开一合痉挛不休，成股的滚烫肠液自深处狂涌喷洒，失禁般地汩汩淌落，怎么都收不住。\n她的腰背深深弓起又骤然彻底软塌，如此反复地起落挣动，四肢失控地痉挛乱蹬，膝盖打颤，脚背绷直后又猛然蜷缩。\n她的手臂颤巍巍地伸向{Name}，死死攀住恋人的身躯不肯松，指尖深深掐嵌进去，随后又脱力滑开，再度攥紧。\n她的头颅无力地向后仰去，双眼失神涣散、瞳孔失焦，微张的唇间控制不住地淌下涎水，喉咙里迸出断续破碎的呜咽气音，全身肌肉强烈而持续地绷紧战栗，胸膛随着彻底紊乱的喘息大幅起伏，口中一声声唤着博士。
2027,action_part_a_orgasm_super_B,0,CVP_A2_G_E_3,{TargetName}的身躯毫无征兆地爆发出一阵剧震，{anal}开始不受控制地长时间连续痉挛，一下比一下猛烈地收紧绞缠，几乎没有停歇。\n紧箍的括约肌疯狂而持续地绞缩翕张，一缩一放地抽搐个不停，大量灼热的肠液自深处失禁般喷涌，一股股汹涌地喷洒淌流，止都止不住。\n她的腰部反复深深弓起后又整个瘫软下塌，起伏不定，双腿无法自控地颤抖抽搐，脚趾用力蜷曲又蓦地绷直，胡乱地蹬踢挣动。\n她伸出发颤的双手向{Name}探抓过去，紧紧搂住恋人，指节因过度用力而根根泛白，抓握之间反复收紧又松脱。\n她扬起下颌，眼神彻底失焦涣散，唇齿失控地张合，来不及咽下的津液顺着唇角流成一线，喉间漏出支离破碎的颤音，浑身肌肉一波波强烈地绷紧抽搐，肩背随着完全失控的呼吸剧烈耸动，口里断续地呢喃着{Name}的名字。
2028,action_part_a_orgasm_super_B,0,CVP_A2_G_E_3,{TargetName}的娇体骤然痉挛着弹起，{anal}陷入极度剧烈、久久不止的连续收缩，密集猛烈的绞缩一浪高过一浪地翻涌不息。\n收紧的括约肌疯狂地一张一合、持续绞缩翕张，剧烈地抽搐颤动，成股的滚烫肠液自深处狂喷而出，如失禁决堤般不住淌流喷洒，全然收束不得。\n她的脊背深深弓成紧绷的弧线，转瞬又彻底脱力软瘫，往复起落，四肢失控地乱颤乱蹬，双膝抖个不停，脚趾扣紧后又猛地弹开。\n她颤抖的十指朝着{Name}胡乱抓探，终于攀住恋人便再不肯放，指尖深深陷入，随后无力松滑，再又死死攥回。\n她的颈项无力后仰，一双眼失神涣散得毫无焦点，微张的口中失控地溢出涎液，喉咙里逸出断续破碎的哽咽，全身肌肉强烈而持久地绷直战栗，前胸随着彻底散乱的呼吸急促起伏，唇边一遍遍破碎地唤着博士。
2029,action_part_a_orgasm_super_B,0,CVP_A2_G_E_3,{TargetName}的身子毫无预兆地剧烈抽搐弹动，{anal}开始极度剧烈而漫长地连续痉挛，一阵接一阵不受控制地紧缩绞拧，翻搅个没完。\n环箍的括约肌疯狂而持续地绞缩翕张，急剧地一合一张抽动不休，大量炽热的肠液自深处失禁般喷涌倾泻，一股赶着一股汹涌流淌，怎么都止不住。\n她的腰肢反复深弓而起旋即彻底瘫软塌落，起伏挣颤不止，两腿失控地痉挛颤抖，脚趾狠狠蜷起又骤然绷展，胡乱地踢蹬。\n她哆嗦着将双臂伸向{Name}，紧紧缠住恋人的身体，指节因死命抓握而泛白，攥紧又滑脱，一次次重新扣住。\n她高高扬起脖颈，眼神彻底涣散失神，失控的唇舌间涎水溢流成缕，喉间挤出破碎断续的气音，浑身肌肉一波接一波强烈地绷紧抽搐，胸口随着完全失序的呼吸剧烈起伏喘动，口中不成句地反复呼着{Name}。

2030,action_part_a_orgasm_super_B,0,CVP_A2_G_E_4,{TargetName}的身体在这一刻彻底失去了控制，{anal}极度剧烈地连续痉挛收缩，一圈圈括约肌疯狂而持续地绞紧又翕张，收缩的幅度大得近乎抽搐。\n全身的肌肉一同强烈地绷紧起来，脊背深深地弓成一道紧绷的弧线，随即又整个瘫软塌落下去，如此反复起伏了好几回。\n她的四肢失控地剧烈颤抖，双腿一阵阵痉挛着无意识地乱蹬，脚趾用力地蜷曲扣紧，十指痉挛般地攥紧又张开。\n眼神彻底涣散失焦，眼球微微上翻，唇舌不受控制地松垮张开，一缕缕口水顺着嘴角失禁般地淌落。\n大量温热的肠液从{anal}里失禁般地喷涌而出，一股接一股地涌流不止，淋漓地浇透了不住抽搐的腿根与臀缝。\n急促的呼吸彻底乱成一团，胸膛剧烈而无序地起伏喘动，整具身体在这场极端的震颤里长久地抽搐痉挛着，迟迟无法平息下来。
2031,action_part_a_orgasm_super_B,0,CVP_A2_G_E_4,随着积攒的巨浪一齐炸开，{TargetName}整个人猛地绷成了一张满弓，{anal}长时间不受控制地连续绞缩翻搅，括约肌一下下疯狂地收紧又松开，翕张的频率快得几乎连成一片。\n她的腰肢反复深深地弓起，每一次弓到极致后便又骤然彻底瘫软下去，腹部的肌肉一阵阵剧烈地抽搐紧绷。\n四肢完全不听使唤地痉挛抖动，两条腿失控地屈伸乱蹬，纤细的脚踝绷得笔直，脚趾死死地向内蜷缩。\n双手在半空中痉挛似的胡乱抓握，指节因用力而根根泛白。\n她的面容彻底失了神，眼角泛起了生理性的泪光，微张的双唇再也合不拢，涎水顺着下巴一线线地垂坠而下。\n汹涌的肠液如失禁一般从{anal}深处大股喷洒出来，止不住地顺着痉挛的大腿内侧淋漓滑落，将下身浇得一片狼藉，整具身躯剧烈震颤了许久才渐渐松垂。
2032,action_part_a_orgasm_super_B,0,CVP_A2_G_E_4,{TargetName}的整具身子骤然剧烈弹动起来，{anal}以远超寻常的幅度极度剧烈地连缩抽搐，一圈括约肌疯狂而持续地绞紧翕张，收放之间几乎没有半分停歇。\n背脊一次次深深弓起又猛地塌软，腰身在弓紧与瘫落之间反复剧烈起伏，小腹连成片地抽搐颤动。\n她的双腿失控地痉挛乱蹬，膝盖时而并拢时而张开，脚背绷直，脚趾一根根痉挛地蜷扣起来。\n两只手无意识地痉挛攥握，抓住什么便死死地掐陷进去，手臂上的肌肉紧绷得微微发颤。\n眼神彻底失焦涣散，眼皮无力地半阖着轻颤，唇舌松脱地垂着，晶亮的口水顺着嘴角不断滑落。\n大量滚烫的肠液从{anal}里喷涌翻流，失禁般地一波波奔泻不止，将颤抖的腿间和臀缝濡得湿淋淋的，那阵剧烈的抽搐持久地贯穿全身，久久不肯退去。
2033,action_part_a_orgasm_super_B,0,CVP_A2_G_E_4,被彻底释放的{TargetName}整个人失控地痉挛起来，{anal}长时间剧烈地连续收缩绞动，括约肌一刻不停地疯狂翕合，绞缩的力度大得叫整片臀肉都跟着一颤一颤。\n她的腰部反复深深地弓成极致的弧度，弓到顶点后又整个彻底瘫软下塌，如此起伏了一次又一次。\n四肢完全失去控制地剧烈颤抖，双腿无意识地痉挛乱蹬，脚趾狠狠向内蜷曲，双手痉挛般地攥紧又骤然张开。\n她的脑袋无力地向后仰去，眼神涣散地上翻，双唇彻底松开合不拢，成串的涎液顺着嘴角滑坠下来。\n海量温热的肠液如决堤失禁般从{anal}深处喷洒涌流，一股连着一股地淋漓而下，浇透了痉挛不止的双股，整具躯体在这场极端的抽搐震颤中僵持了良久，才一点点缓缓松垮下来。
2034,action_part_a_orgasm_super_B,0,CVP_A2_G_E_4,{TargetName}的身躯在这一瞬彻底失控地剧烈抖动，{anal}极度剧烈而持久地连续痉挛，括约肌疯狂地一收一放绞缩翕张，那节奏急促得几乎连成一串抽搐。\n她的脊背深深弓起后又猛然瘫塌，腰肢在紧绷与软落之间反复起伏，腹部的肌肉成片地剧烈抽搐紧缩。\n两条腿完全不受控制地痉挛屈伸，脚跟无意识地乱蹬乱蹭，脚趾一根根蜷紧扣死。\n十指痉挛般地胡乱抓挠攥握，指尖深深掐进掌心，手臂绷得微微发抖。\n她的双眼失神地上翻涣散，眼角沁出了生理性的泪水，松垮的唇舌间垂下一线线晶亮的口水。\n大股滚烫的肠液从{anal}里失禁般喷涌翻涌，接连不断地奔泻流淌，将颤抖的腿根浇得湿漉漉一片，整具身体在长久剧烈的震颤后才终于渐渐平复停歇。

2035,action_part_a_orgasm_super_B,0,CVP_A2_G_E_-1,{TargetName}的身子毫无预兆地剧烈弹跳了一下，{anal}随即极度剧烈地连续痉挛绞缩，括约肌疯狂而不停歇地一张一翕，翕张的幅度大到近乎失控。\n全身的肌肉一同强烈绷紧，长时间地反复抽搐颤动，绷得如同拉满的弓弦。\n她的腰深深地弓起到极致，僵持了好一阵后又骤然彻底瘫软塌下，紧接着再度深深弓起，如此反复了一次又一次。\n两条腿失控地剧烈痉挛乱蹬，脚趾用力扣紧又猛地绷直，膝盖不住地哆嗦打颤。\n大量肠液自{anal}失禁般地喷涌而出，一股接一股地涌流不止，将下方浇得泥泞一片。\n她的手死死攥紧掐进掌心，指节因用力而惨白，别开的脸颊剧烈抽搐着，眼神彻底涣散失焦，唇舌失控地张合，口涎顺着嘴角不受控制地溢出滑落，整具躯体在这极端的失控中颤抖不休。
2036,action_part_a_orgasm_super_B,0,CVP_A2_G_E_-1,{TargetName}整个人猛地一僵，{anal}旋即长时间不受控制地剧烈绞缩，括约肌疯狂地翕合收放，一下比一下绞得更深更紧。\n她周身的肌肉强烈而持续地抽搐绷紧，肩背与小腹一同反复地痉挛收缩，绷直的脊背弓成一道深深的弧。\n腰肢一次次深深弓起后又彻底瘫软下去，如此循环往复，起伏的幅度大得惊人。\n四肢失控地颤抖乱蹬，脚背绷得笔直，脚趾狠狠向内蜷曲扣拢，双膝剧烈地哆嗦。\n汹涌的肠液自{anal}失禁般喷薄而出，接连不断地涌流泄落，量与势都汹涌得惊人。\n她的双手死死抓紧了触手可及之处，指尖用力到发白，紧咬的牙关不住颤动，扭开的面庞剧烈抽搐，涣散的双眼失去焦距，口水失控地自颤抖的唇边渗溢流下，整副身子在剧烈的痉挛中久久无法平息。
2037,action_part_a_orgasm_super_B,0,CVP_A2_G_E_-1,{TargetName}的躯体骤然剧烈弹颤起来，{anal}极度剧烈而持久地连续痉挛，括约肌疯狂不休地绞紧又翕张，收放的节奏乱得再无章法。\n全身上下的肌肉一齐强烈绷紧抽搐，颈项与四肢的线条根根凸起。\n她的腰反复地深深弓起又骤然彻底软塌，一波接一波地起伏，幅度大到几乎失控。\n双腿抑制不住地痉挛乱蹬，脚趾时而猛地扣紧时而骤然绷直，膝头不住地打战。\n大股的肠液自{anal}失禁般地狂涌喷泄，源源不断地涌流而下，浇得下方一片狼藉。\n她攥紧的双拳青筋隐现，扭向一旁的脸剧烈地抽动，眉头死死拧紧，涣散无神的双眼再聚不起焦点，失控的唇舌一张一合，口涎顺着下颌不受控制地滴落，整具躯体在极端的失控里剧烈震颤不止。
2038,action_part_a_orgasm_super_B,0,CVP_A2_G_E_-1,{TargetName}猛然绷直了全身，{anal}随之极度剧烈地一阵阵深深绞缩，括约肌疯狂而持续地收紧翕张，绞缩的力道大得近乎痉挛。\n她周身的肌肉强烈而长时间地抽搐紧绷，腹部一下下地深深抽缩凹陷。\n腰身深深地弓起到极限又倏地彻底瘫软，紧接着重新弓起，反反复复难以停歇。\n两腿失控地剧烈颤抖乱蹬，脚踝绷起僵直的线条，脚趾死死蜷缩扣紧。\n海量的肠液自{anal}失禁般喷涌横流，一波未歇一波又起地泄落不止。\n她的十指死死抠紧掐入掌心，指节泛出惨白，别过去的面庞剧烈痉挛抽搐，紧闭的眼睛又猛地睁开却已涣散无光，唇舌完全失控地颤抖张合，口水失禁般地自嘴角溢流而下，整个身子在这极致的失控中抖得不能自已。
2039,action_part_a_orgasm_super_B,0,CVP_A2_G_E_-1,{TargetName}的身躯毫无征兆地剧烈痉挛起来，{anal}长时间不受控制地连续绞缩收紧，括约肌疯狂地翕张收放，一阵紧似一阵。\n全身的肌肉强烈而持续地抽搐绷紧，从肩到腿绷成一条颤抖的直线。\n她的腰肢反复地深深弓起又彻底瘫软，起起伏伏地折腾了一次又一次，幅度惊人。\n四肢失控地痉挛乱蹬颤抖，脚趾猛然扣紧又骤然张开，双膝剧烈地相互磕碰打颤。\n大量肠液自{anal}失禁般喷薄涌流，接连不断地泄落而下，量势汹涌得令人咋舌。\n她的双手死死攥住身边一切能抓之物，指尖用力到发白，扭开的脸颊不住抽搐，涣散的双眼失神地半睁着，失控的双唇微微张开，口涎不受控制地顺着颤动的下巴滴淌而落，整具躯体久久陷在剧烈的震颤之中。

2040,action_part_a_orgasm_super_B,0,CVP_A2_G_E_-2,{TargetName}原本还努力维持着部下应有的端正姿态，可当那被压抑到极限的快感被一齐放开的刹那，她的身子骤然剧烈弹动起来，再也稳不住分毫。\n{anal}极度剧烈地连续痉挛收缩，一圈圈括约肌疯狂地绞缩翕张个不停，收紧、松开、再猛地绞紧，节奏彻底失了控。\n她的腰部深深弓起成一道紧绷的弧，随即又骤然彻底瘫软塌下，如此反复起落了一次又一次。\n全身的肌肉一阵接一阵地强烈抽搐绷紧，纤细的四肢失控地痉挛颤抖，双腿无力地乱蹬乱踹，脚趾死死蜷缩又猛然张开。\n大量滚烫的肠液自{anal}失禁般喷涌而出，一股接一股地涌流不止，浸湿了身下大片的肌肤。\n她的双眼彻底失焦涣散，嘴唇与舌头失控地哆嗦着，来不及吞咽的口水顺着嘴角溢流下来，胸口随着完全失序的急促呼吸剧烈起伏。
2041,action_part_a_orgasm_super_B,0,CVP_A2_G_E_-2,释放的那一瞬，{TargetName}绷直的脊背猛地弓成一张满弓，紧接着又彻底脱力般重重塌软，反反复复地深弓、瘫落、再深弓。\n{anal}长时间不受控制地剧烈绞缩，括约肌一下一下疯狂地收拢又翕开，密集而狂乱的痉挛一波未平一波又起。\n她全身的肌肉持续地强烈抽搐紧绷，双臂僵直地颤抖，十指痉挛地攥紧又张开，两条腿失控地痉挛乱颤，脚背绷得死直。\n海量的肠液从{anal}喷薄涌出，如决堤失禁般止不住地流淌，很快就淌得一片狼藉。\n她的头颅无力地向后仰去，眼神空洞涣散地失去了焦点，微张的唇边淌出细亮的涎液，喉咙里溢出破碎失控的气音。\n原本想端着的那份专业镇定早已荡然无存，整具身子只剩下一阵接一阵近乎失控的剧烈战栗，久久无法平息。
2042,action_part_a_orgasm_super_B,0,CVP_A2_G_E_-2,{TargetName}整个人猛地绷紧成一条紧绳，被那一齐奔涌而出的快感冲得剧烈弹颤起来，端正的坐姿瞬间土崩瓦解。\n{anal}极度剧烈而漫长地连续收缩绞紧，括约肌疯狂地一翕一张、绞拢又松脱，痉挛的幅度大得惊人，怎么也停不下来。\n她的腰肢一次次深深弓起又骤然瘫软，纤腰以下几乎失去了支撑，臀部随着{anal}的狂乱绞缩不住地抽搐颤抖。\n四肢彻底失了控，双腿痉挛地乱蹬，双手胡乱地抓攥着，全身肌肉一阵强过一阵地绷紧又松脱。\n大量温热的肠液自{anal}失禁般地喷涌不止，汩汩地涌流而下，浸得下身一片湿泞。\n她双目失神地翻涌上去，舌尖失控地探出唇外微微颤抖，口涎无意识地溢流，急促而紊乱的喘息一声接一声地从胸腔里冲出来。
2043,action_part_a_orgasm_super_B,0,CVP_A2_G_E_-2,被允许尽情释放的一刻，{TargetName}的身子如触电般骤然剧烈痉挛，整个人绷成弓形后又猛地垮塌下去。\n{anal}不受控制地长时间剧烈痉挛收缩，一圈括约肌疯狂地绞缩、翕张、再狠狠绞紧，密集狂乱的收缩连成一片。\n她全身的肌肉一波接一波地强烈抽搐绷紧，脊背反复深弓又彻底瘫软，腰部剧烈地起伏抖动个不停。\n两条腿失控地痉挛乱颤、无力乱蹬，脚趾一时死死蜷曲、一时又猛然绷张，纤细的手指痉挛地攥握着不肯松开。\n海量的肠液从{anal}汹涌喷出，如失禁般涌流不绝，很快便浸湿了大片肌肤。\n她的双眼彻底涣散失焦，脸颊剧烈抽搐，唇舌失控地哆嗦，晶亮的口水顺着下颌溢淌下来，呼吸彻底乱成了破碎的一团。
2044,action_part_a_orgasm_super_B,0,CVP_A2_G_E_-2,{TargetName}原本收拢着的身体在快感一齐倾泻的瞬间猛然绷直弹起，紧接着又一节节地脱力软塌，剧烈地起伏颤动。\n{anal}极度剧烈、长时间地连续痉挛收缩着，括约肌疯狂而持续地绞缩翕张，一下下狠狠地收拢又张开，全无停歇。\n她的腰身深深地弓起又骤然彻底瘫软，如此反复不下数次，臀部随之剧烈地抽搐抖颤。\n全身肌肉强烈而持续地抽搐紧绷，四肢失控地痉挛、颤抖、乱蹬，双手无力地痉挛抓握，指节泛白。\n大量滚烫的肠液自{anal}喷涌而出，失禁般地涌流不止，淋漓地淌了满满一片。\n她的眼神空洞地涣散开来，眼白微微上翻，失控的唇舌间溢出连绵的涎水，胸膛随着完全失序的急喘剧烈地一起一伏。

2045,action_part_a_orgasm_super_B,0,CVP_A2_G_E_-3,娇小的{TargetName}身子骤然绷成一条紧弓，随即{anal}便极度剧烈地连续痉挛起来，一波紧接一波，长久地绞缩翕张再也停不下来。\n括约肌疯狂而持续地一张一合，深处的肌肉一圈圈向内狠狠收拢又猛地翻涌张开，大量滚烫的肠液顺着这失控的绞动失禁般喷涌而出，喷溅、涌流不止，把颤抖的腿根与臀缝浇得湿淋淋的。\n她的腰先是深深地弓起绷紧，弓到极限后又骤然彻底瘫软塌下，如此反复了好几轮。\n两条细腿失控地痉挛乱蹬，脚趾一会儿死死蜷扣一会儿又猛地绷直张开，纤细的手指胡乱抓挠着抠紧，指节泛白。\n她像只讨好主人的小宠物般把臀部高高向上耸送，随着痉挛一下下颠动，全身肌肉强烈而持续地抽搐紧绷。\n她的眼神彻底涣散失焦，嘴巴大张，舌头无力地垂着，口水沿着嘴角不受控地淌落，呼吸完全失了节律，只剩下急促而破碎的喘。
2046,action_part_a_orgasm_super_B,0,CVP_A2_G_E_-3,{TargetName}整具娇躯毫无预兆地剧烈弹颤，{anal}紧跟着陷入极致而漫长的连续抽搐，深处的软肉疯狂地一缩一放，绞紧的力道一次比一次凶猛。\n环状的括约肌不受控制地飞速翕张开合，翻搅般向内绞拢又向外顶张，一股接一股的肠液失禁般喷薄狂涌，噗噗地喷溅出来，沿着抽搐的臀肉与腿缝汩汩淌落，湿成一片。\n她的腰肢反复深深弓起又彻底软塌，起伏之间腹部的肌肉一阵阵剧烈地凹陷抽动。\n四肢失控地颤抖乱蹬，膝盖一会儿紧夹一会儿又大张，脚背绷得笔直，脚趾死死扣拢。\n她像宠物般把身子朝主人方向蜷起又拱送，臀部一下下向上顶耸，全身皮肤都爬满了细密的战栗。\n她的头无力地后仰，眼珠上翻失神，唇舌完全失去控制地哆嗦着，晶亮的口水成线地滑下下巴，喉咙里滚出断续而失序的气音。
2047,action_part_a_orgasm_super_B,0,CVP_A2_G_E_-3,娇小的{TargetName}猛地一个激灵，全身肌肉瞬间强烈绷紧，{anal}随即极度剧烈而持久地连续痉挛收缩，一波未平一波又起，绞动得又深又狠。\n括约肌疯狂持续地绞缩翕张，深处的嫩肉一圈圈翻卷着向内狠夹又骤然松张，海量的肠液就在这失控的绞挤中失禁般喷涌而出，如溃堤般涌流不止，把大腿内侧冲刷得淋漓。\n她的腰部一次次弓成深深的弧度，绷到顶点后又整个瘫软下去，循环往复。\n双腿无助地痉挛抽搐、胡乱蹬踹，脚趾蜷曲又绷直，双手死死攥紧，指尖深深掐陷。\n她像温顺宠物般把腰臀朝主人的方向一下下抬送磨蹭，臀肉随痉挛剧烈颠颤。\n她的表情彻底失控，眼神空茫涣散，嘴角失禁般溢出口水拉出长长的银丝，呼吸紊乱到几近断续，浑身没有一处不在剧烈战栗。
2048,action_part_a_orgasm_super_B,0,CVP_A2_G_E_-3,{TargetName}的躯体骤然剧烈弓弹，{anal}紧接着极度剧烈地长时间连续抽搐绞缩，深处的软肉发狂似的一收一涨，收放之间绞出令人心颤的翕动。\n括约肌不受控地疯狂开合翻搅，一圈圈向内狠拧又向外翻张，滚热的肠液一股股失禁般狂喷急涌，噗嗤噗嗤地喷洒出来，顺着抖动的腿根涌流不止。\n她的腰脊反复深弓再骤然塌软，腹肌随之一阵阵剧烈凹抽。\n四条肢体失控地乱颤乱蹬，脚趾一时扣死一时张绷，纤指痉挛着胡乱抓挠。\n她如同邀宠的小兽把后臀高高翘起、朝主人一次次颠送，全身绷得死紧又阵阵战栗。\n她双眼失神上翻，嘴巴张得大大的，舌尖无力外吐，口水不住地淌，喘息破碎失序，整个人陷入近乎失控的极端颤栗。
2049,action_part_a_orgasm_super_B,0,CVP_A2_G_E_-3,娇躯一震，{TargetName}整个人骤然绷成紧绷的弓形，{anal}随即极致剧烈而绵长地连续痉挛，一阵猛过一阵，绞缩得深不见底也停不下来。\n环肌疯狂而持续地翕张绞拢，深处软肉翻涌着一层层向内狠收又向外鼓张，大量肠液失禁般喷薄涌流，喷溅得到处都是，把颤栗的臀腿浇得湿透。\n她的腰身深深弓起后又彻底垮软，如此反复起落多次。\n双腿失控痉挛乱蹬，膝头忽夹忽张，脚趾绷直又蜷扣，双手抓挠着攥得死紧。\n她像被豢养的宠物般把臀部朝主人拱送耸动，臀肉随每一下痉挛剧烈抖颤。\n她眼神涣散失焦，唇舌失控地哆嗦，口水顺着张开的嘴角淌成一片，呼吸彻底乱了套，只余急促断续的抽气与浑身不止的战栗。

2050,action_part_a_orgasm_super_B,0,CVP_A2_G_E_-4,{TargetName}原本跪伏臣服的身姿骤然绷成一张满弓，{anal}陡然爆发出极度剧烈而漫长的连续痉挛，一圈圈向内疯狂绞缩又猛地翕张，收放的幅度大得惊人。\n环绕的括约肌疯狂而不知疲倦地一收一放，密集地翕合抽搐个不停，全身的肌肉同时强烈绷紧，从肩背到大腿一波接一波地剧烈抽动。\n她的腰部深深地向上弓起，弓到极限后又骤然彻底瘫软塌陷，如此反复起伏了好几轮。\n四肢完全失了控制，双手死死抓挠着攥紧，两条腿无意识地痉挛蹬动，脚趾用力扣紧又张开。\n她的眼神彻底涣散失焦，双眼上翻，唇舌不受控制地松垮张开，来不及吞咽的口水顺着嘴角淌落，急促紊乱的喘息彻底失去了节奏。\n{anal}深处大量滚烫的肠液如失禁决堤般汹涌喷涌而出，一股接一股地喷洒淌流不止，很快便浸出一大片狼藉。
2051,action_part_a_orgasm_super_B,0,CVP_A2_G_E_-4,匍匐在地的{TargetName}周身猛地一震，脊背瞬间绷直弓起，{anal}随之陷入极致猛烈且持久的连番抽搐绞缩，一下比一下更深地向内收拢，随后又剧烈地张翕开合。\n收束的括约肌以骇人的力度反复绞紧松开，密不透风地翕张颤动，牵动整片臀肉与小腹的肌肉一齐痉挛紧绷，连大腿根部都跟着密集地抽搐战栗。\n她的腰肢一次次深深弓起再重重砸落瘫软，起伏的幅度大得几乎不受身体支配。\n两只手胡乱抓攥着痉挛收拢，指节泛白，双腿失控地颤抖乱蹬，脚背时而绷直时而蜷曲。\n她眼球上翻，眼神空洞涣散，微张的唇齿间舌尖无力地探出，涎水成线地垂落下来，喉间溢出破碎失序的喘鸣。\n{anal}如失禁般大量喷出灼热的肠液，一波波失控地涌流倾洒，量与势都汹涌得停不下来。
2052,action_part_a_orgasm_super_B,0,CVP_A2_G_E_-4,{TargetName}那副俯首帖耳的躯体骤然剧烈弹动起来，{anal}爆发出极度剧烈而绵长的持续痉挛，深深地向内一绞再绞，紧接着又猛然翕张开合，收放之间幅度惊人。\n一圈括约肌疯狂地绞缩翕动，反复而密集地开合抽搐，带动腰腹与臀部的肌群同步强烈绷紧，全身上下的肌肉都陷入接连不断的剧烈抽搐。\n她的后腰深深地弓成一道弧，弓到顶点后又整个瘫软下去，如此深弓与塌陷反复交替。\n四肢彻底失控，双臂痉挛着乱抓，两腿不住地颤栗蹬踹，脚趾死死地扣拢又张开。\n她双目上翻失神，眼神散得聚不起焦点，松弛的唇舌失去控制地垂张着，口涎不受控地溢出滑落，呼吸彻底乱成一团。\n{anal}深处的肠液如决堤失禁般大量喷薄而出，源源不绝地喷洒涌流，很快便淌得一片湿漉狼藉。
2053,action_part_a_orgasm_super_B,0,CVP_A2_G_E_-4,跪伏成一团的{TargetName}浑身猛地痉挛绷紧，{anal}随即陷入极端剧烈且持久的连续抽搐，一波波向内深深绞缩，又骤然大幅地翕张松开，收缩的力道大得惊人。\n环状的括约肌疯狂而持续地绞紧又松弛，密集地翕合颤搐不止，全身的肌肉随之一齐强烈抽动绷紧，从颈项到脚踝无一处不在剧烈战栗。\n她的腰身反复地深深弓起，每每弓至极限便又无力地重重塌软下去。\n双手失控地抓挠攥紧，十指痉挛蜷曲，两条腿不受控地颤抖乱蹬，脚尖一会儿绷直一会儿扣紧。\n她眼神彻底涣散，眼球微微上翻，唇舌松垮地失控张合，止不住的口水顺着下颌线淌落，喘息急促而全然失序。\n{anal}如失禁溃堤般喷涌出大量炽热肠液，一股连着一股地失控倾泻，涌流不息地喷洒开来。
2054,action_part_a_orgasm_super_B,0,CVP_A2_G_E_-4,{TargetName}那具驯顺伏低的身子霎时绷成满弓剧烈弹颤，{anal}猛然爆发出极致剧烈而漫长的连续绞缩痉挛，深深内吸后又大幅翕张，一收一放剧烈得难以形容。\n收拢的括约肌以疯狂的频率反复绞紧翕开，密集颤动个不停，牵引着臀部、小腹乃至整个躯干的肌肉一同强烈绷紧抽搐，连指尖都在颤。\n她的腰部深深弓起旋即彻底瘫塌，如是深弓与虚脱交替往复了数轮。\n四肢完全不听使唤，双手胡乱攥抓，两腿痉挛着无意识地乱蹬乱踢，脚趾用力地扣拢张开。\n她双眼上翻涣散失焦，松弛的唇舌不受控地张垂，晶亮的涎液成串滴落，破碎的喘鸣从喉底断续溢出。\n{anal}深处失禁般汹涌喷出大量滚烫肠液，一波接一波地喷洒淌流，量势凶猛得半点收束不住。

2055,action_part_a_orgasm_super_B,0,CVP_A2_T|6_E_0&CVP_A2_T|7_E_1&CVP_A2_T|222_E_0,{TargetName}尚未发育完全的纤细腰肢猛地向后深深弓起，随即又彻底瘫软塌下，如此反复了好几个来回都停不下来。\n{anal}以一种近乎失控的力道持续绞缩翕张，一波接着一波、久久不肯停歇，稚嫩的括约肌疯狂地一张一合，将周围的软肉都拧成一团。\n她纤细的双腿失控般乱蹬踢动，脚趾痉挛似的死死蜷曲起来，脚背也随之绷成僵直的弧线，十根手指跟着抠紧了触手可及的任何东西，指节泛得发白，微微发颤。\n稚气未脱的下颌不受控制地上扬，喉头剧烈地滚动着，涎水顺着微张的嘴角悄悄滑落，牵出一道细长的丝线。\n大量的肠液伴随着{anal}一波又一波的痉挛失禁般涌出，浸湿了大片肌肤，源源不断地向外淌流。\n整具青涩的身躯持续地抽搐颤动，长时间都无法平息下来，肩背肌肉一阵阵绷紧又松弛，胸口剧烈地起伏喘息着，眼神彻底涣散失焦，直勾勾地望着虚空。
2056,action_part_a_orgasm_super_B,0,CVP_A2_T|6_E_0&CVP_A2_T|7_E_1&CVP_A2_T|222_E_0,{TargetName}青涩纤细的腰肢一次又一次深深弓起，又一次次颓然瘫软下去，反复几个来回都停不下来，整条脊背随之剧烈起伏。\n{anal}持续地剧烈痉挛收缩，一圈圈紧绷的肌肉不断绞缩翻涌，将周遭的软肉狠狠裹紧又猛地松开，力道一波强过一波。\n她稚嫩的双腿控制不住地大幅颤抖抽搐，脚背绷成僵直的弧度，脚趾蜷曲成一团，膝盖也无意识地相互磕碰。\n双手紧紧攥住身旁能抓到的一切，指甲深深掐进掌心，指节因用力而泛白发颤。\n她微张的嘴唇不受控制地颤动着，舌尖无力地伸出又缩回，口涎不断从唇角溢出滑落，浸湿了下颌。\n大股肠液顺着{anal}的剧烈抽缩喷涌而出，源源不绝地向外流淌，浸透了大片肌肤，顺着大腿一路蔓延下去。\n整个未脱稚气的身子持续剧烈地抖动，久久没有平息的迹象，呼吸急促而破碎，颈侧的肌肉也跟着一下下抽紧，眼皮无力地半阖着，眼珠涣散地上翻。
2057,action_part_a_orgasm_super_B,0,CVP_A2_T|6_E_0&CVP_A2_T|7_E_1&CVP_A2_T|222_E_0,{TargetName}稚嫩纤瘦的身躯猛然绷紧成一张拉满的弓，紧接着又猝然垮塌软倒，如此循环往复了许久才略有停歇的迹象。\n{anal}长时间地剧烈痉挛不止，一层层肌肉不断收紧又松开，力道大得几乎失控，边缘的软肉被翻搅得一片泥泞。\n她细白的双腿不受控制地反复抽搐乱颤，脚踝处的筋肉绷成生硬的线条，十根脚趾死死蜷缩在一起，大腿根部的肌肉也随之绷紧痉挛。\n双手死死揪紧身边可以抓握的东西，指关节因过度用力而发白颤抖。\n稚气的脸颊肌肉一阵阵抽动，下巴止不住地轻轻颤抖，唾液顺着嘴角缓缓垂落牵出细丝，滴落在锁骨处。\n大量肠液随着{anal}猛烈的绞缩喷涌而出，源源不断地向下淌流，将大片幼嫩的肌肤彻底浸湿。\n整具身体持续地剧烈抖颤，久久未能平复，胸膛急促地大幅起伏，肩头也随之一阵阵耸动，双眼失焦地半睁着，眼珠茫然地转动。
2058,action_part_a_orgasm_super_B,0,CVP_A2_T|6_E_0&CVP_A2_T|7_E_1&CVP_A2_T|222_E_0,{TargetName}还未完全长开的纤细腰身一遍又一遍地猛烈弓起，随即彻底脱力垮下去，如此反复良久，脊背在这过程中一次次绷成僵硬的弧线。\n{anal}持续不断地剧烈痉挛翻搅，一圈圈紧绷的软肉疯狂绞缩着，力道一次比一次凶猛，将周围的软肉搅动得一片湿滑。\n她瘦削的双腿失控般乱颤乱蹬，脚趾用力蜷曲成僵硬的一团，脚背绷得笔直，小腿肌肉也不受控制地一阵阵抽紧。\n双手在身侧胡乱地抓挠，最终紧紧揪住了触到的一切，指尖因用力而深深陷入。\n她的下颌不受控制地微微颤动，唇齿间不断溢出湿润的涎液，顺着下巴滴落到胸前。\n大股肠液伴随着{anal}的猛烈抽搐喷涌不止，源源不断地流淌下来，浸透了大片稚嫩的肌肤。\n全身持续剧烈地抖颤，久久无法停歇，呼吸紊乱而急促，后颈处的肌肤也泛起一层细密的战栗，胸口的起伏一浪高过一浪，双目涣散无神，眼皮无力地颤动着。
2059,action_part_a_orgasm_super_B,0,CVP_A2_T|6_E_0&CVP_A2_T|7_E_1&CVP_A2_T|222_E_0,{TargetName}尚且青涩的腰肢一次次深深地向上弓起，又一次次无力地跌落塌软，如此往复了许久，肩胛也随之一次次绷紧又松开。\n{anal}长久地剧烈痉挛收紧，层层软肉疯狂地绞缠翻涌，几乎控制不住地持续抽动，将周边的软肉搅得泥泞一片。\n她纤细的双腿不受控制地剧烈颤抖乱蹬，脚趾死死蜷成一团，脚背高高绷起，大腿内侧的肌肉也随之一阵阵痉挛。\n十指用力地攥紧了身边一切能触到的东西，指节因过度用力而泛出青白。\n稚嫩的唇齿间控制不住地微微颤动，涎水沿着嘴角缓缓滑落牵出湿痕，一路淌到脖颈。\n大量肠液随着{anal}猛烈的绞缩喷涌流出，失禁般源源不绝地淌下，浸湿了大片肌肤。\n整具身躯持续剧烈地颤动抖搐，久久无法平息，胸口急促地起伏喘息，锁骨附近的肌肤也随之一阵阵泛红发颤，肩背的线条也随之绷紧又松弛，双眼失焦地半睁半合，眼珠茫然地游移不定。

2060,action_part_a_orgasm_super_B,0,CVP_A2_A|5_LE_3,{TargetName}的身子毫无预兆地猛然绷成一条紧绷的弓，那尚在开发初期、还显生涩的{anal}骤然剧烈地收缩起来，一下接一下地连绵痉挛，久久停不下来。\n那圈平日里只惯于被撑胀塞满的括约肌此刻疯狂地绞缩翕张，一开一合地痉挛不止，将深处一股股滚烫的肠液失禁般地挤压喷涌而出，顺着腿根汩汩涌流，怎么也止不住。\n她全身的肌肉都强烈地抽搐绷紧，腰部反复深深地弓起又猛地彻底瘫软下去，一次次地弹起塌陷。\n两条腿失控地痉挛乱蹬，脚趾用力扣紧又骤然张开，纤细的手指死死攥住身侧一切能抓的东西，指节泛出惨白。\n她的眼神彻底涣散失焦，双唇大张，舌尖失控地探出，来不及吞咽的口水顺着嘴角淌落，急促而破碎的喘息一声接一声，整具身子在{SceneName}里长时间地剧烈战栗着，肠液仍在不受控地涌流不休。
2061,action_part_a_orgasm_super_B,0,CVP_A2_A|5_LE_3,{TargetName}整个人猛地一僵，随即爆发出剧烈到不受控制的连续痉挛，那处刚被开垦、还带着钝感的{anal}疯狂地一缩一紧，收缩的幅度大得惊人，久久无法平息。\n生涩的括约肌以近乎抽筋的力度不住地绞拢又张开，翕张个不停，将肠道深处大量滚烫的液体失禁般地一股股喷射出来，喷涌的势头汹汹，涌流成片，怎么也收不住。\n她的脊背深深弓起，绷成一道颤抖的弧，紧接着又整个塌软下去，如此反复起伏了一次又一次。\n四肢剧烈地颤抖乱蹬，双膝一会儿紧夹一会儿又无力张开，十指痉挛地蜷曲抠紧。\n她面部的肌肉全都失了控，眼球上翻、目光涣散，嘴巴合不拢，舌头无力地垂搭在唇边，晶亮的口水成串滑落，喉间溢出一声声断续的抽气，浑身长时间地绷紧抽搐，直到肠液渐渐涌尽仍余颤不止。
2062,action_part_a_orgasm_super_B,0,CVP_A2_A|5_LE_3,{TargetName}的躯体骤然剧烈弹动了一下，接着便陷入长时间不受控的连绵抽搐，那尚未被充分开发的{anal}猛烈地痉挛绞缩，一波一波密集地收紧又松开，幅度之大远超寻常。\n那圈原本只习惯被填满撑开的括约肌此刻疯狂地翕合痉挛，绞得死紧又骤然张开，一股股浊热的肠液如失禁般被挤涌出来，汩汩喷淌，源源不断地流了满腿根，止都止不住。\n她的腰肢一次次深深弓起又彻底瘫软，肚腹的肌肉剧烈地一抽一抽，绷得铁紧。\n两腿失控地痉挛蹬动，脚背绷直又骤然勾曲，手指痉挛着攥紧松开、松开又攥紧。\n她双眼失神涣散，眼角沁出生理性的泪水，唇舌完全失去控制地颤抖，口涎顺着下巴滴落，破碎的喘鸣一声高过一声，整具身子在剧烈的战栗中久久不能自已，肠液仍在不停歇地涌溢。
2063,action_part_a_orgasm_super_B,0,CVP_A2_A|5_LE_3,{TargetName}的身体毫无征兆地猛然弹起，旋即被一阵漫长而失控的剧烈痉挛攫住，那处开发未久、依旧生涩的{anal}狂乱地收缩起来，一下一下地绞紧又弹开，痉挛得又深又急。\n生嫩的括约肌以疯狂的频率不停绞缩翕张，一咬一松地抽搐个不停，深处大量灼热的肠液被这狂乱的绞挤失禁般地喷薄而出，一注注地涌流不止，很快便淌湿了腿间大片肌肤。\n她的后腰反复弓成深深的弧度，随即又一次次彻底塌软瘫下。\n四肢无力却又失控地颤抖乱蹬，脚趾痉挛地扣紧，双手胡乱地抓握着，指节因用力而发白。\n她的眼神彻底失焦涣散，嘴唇大张着合不上，舌尖失控地颤动外吐，来不及咽下的津液沿着唇角流成细线，一声声短促破碎的娇喘不受控地泄出，浑身长久地剧烈抽搐绷紧，肠液仍失禁般绵绵涌溢不休。
2064,action_part_a_orgasm_super_B,0,CVP_A2_A|5_LE_3,{TargetName}猛地弓起全身，随即陷入长时间不能自控的剧烈痉挛，那仅仅习惯了被撑塞填满的钝感{anal}此刻疯狂地收缩绞紧，密集地一抽一缩，颤栗的幅度大得吓人，怎么也停不下来。\n那圈生涩的括约肌狂乱地绞拢又翕张，一开一合地痉挛不休，将肠道里蓄积的大量滚烫液体失禁般地一股股挤喷出来，喷涌汹涌，涌流成注，沿着颤抖的腿根汩汩淌落不止。\n她的腰背深深弓起又骤然彻底瘫软，如此反复地弹起、塌陷。\n双腿剧烈地痉挛乱蹬，膝头一时死死并拢一时又无力大张，十指痉挛着掐紧了身侧的一切。\n她整张脸都失了控，双目涣散上翻，嘴巴张得大大的却怎么也闭不拢，软舌失控地探吐颤抖，口水成串地淌下下颌，破碎失序的喘息不停溢出，整具躯体在{SceneName}中长久地绷紧战栗，肠液仍旧不受控地喷流不歇。

2065,action_part_a_orgasm_super_B,0,CVP_A2_A|5_G_3&CVP_A2_A|5_LE_6,{TargetName}的身体骤然绷紧成一张满弓，随即{anal}便极度剧烈地连续痉挛起来，一圈圈括约肌疯狂而持续地绞缩翕张，收紧又松开，收紧又松开，节奏乱得不成章法。\n她的小腹一下一下深深地抽搐凹陷，腰部先是猛地深深弓起，绷到极限后又骤然彻底瘫软下去，如此反复不休。\n两条腿失控地痉挛颤抖，脚趾用力蜷缩又倏地绷直，纤细的膝盖胡乱地向内夹拢又向外乱蹬，整条腿的肌肉一阵阵抽搐绷紧。\n她的双手死死攥紧，指节因用力而泛白，指尖深深掐进掌心。\n伴着{anal}一波波剧烈的绞缩，大量滚烫的肠液失禁般地喷涌而出，成股成股地涌流不止，顺着痉挛的股缝淋漓淌落。\n她的眼神彻底涣散失焦，双唇大张，舌尖失控地颤抖着垂出唇外，来不及吞咽的口水顺着嘴角一缕缕溢流下来，呼吸完全乱成了破碎的喘息。
2066,action_part_a_orgasm_super_B,0,CVP_A2_A|5_G_3&CVP_A2_A|5_LE_6,{TargetName}全身的肌肉在这一刻强烈而持续地抽搐绷紧，{anal}以远超寻常的幅度疯狂痉挛绞缩，括约肌一下接一下地翕张收缩，怎么也停不下来。\n她的后腰猛地弹起弓成深深的弧度，紧绷片刻后又整个软塌下去，接着再次弓起，反反复复地起伏挣动。\n圆润的臀肉剧烈地抽搐颤动，两条大腿失控地大幅痉挛，一会儿死死并拢一会儿又胡乱蹬踹，脚背绷直，脚趾狠狠向内蜷曲扣紧。\n她的十指痉挛般地张开又攥拢，胡乱抓挠攥握，手臂上的肌肉一阵阵僵硬绷起。\n随着{anal}接连不断的剧烈绞缩，成股的肠液如失禁一般从深处汹涌喷出，一波未平一波又起地涌流淌落，浸湿了颤栗的腿根。\n她的头颅无力地向后仰去，眼神迷离涣散，嘴唇哆嗦着大张，舌头失控地伸吐颤动，晶亮的口水拉着丝线自嘴角淌下，胸口随着破碎失序的喘息剧烈起伏。
2067,action_part_a_orgasm_super_B,0,CVP_A2_A|5_G_3&CVP_A2_A|5_LE_6,随着一声破碎的抽气，{TargetName}的躯体骤然剧烈弹颤，{anal}极度剧烈而漫长地连续痉挛收缩，括约肌疯狂地一绞一松、一翕一张，绞缩得毫无停歇。\n她的小腹深深地凹陷抽搐，腰肢一次次深弓而起又一次次彻底瘫软，脊背绷成紧张的弓形后再骤然塌下。\n纤细的四肢失去了控制，双腿大幅痉挛乱蹬，膝盖抖颤着向内收拢又猛地弹开，脚趾蜷缩绷紧，小腿的肌肉一阵阵僵直。\n她的双手无力地痉挛抽搐，胡乱地攥紧又松开。\n{anal}在剧烈的绞缩间大量喷涌出滚烫的肠液，失禁般地成股涌流，止也止不住地淋漓淌落在颤抖的股间。\n她的双眼彻底失神涣散，眼角沁出泪光，双唇大张着再也合不拢，舌尖颤巍巍地垂在唇边，来不及咽下的口水顺着下巴一滴滴坠落，急促而失序的喘息一声接一声地破碎溢出。
2068,action_part_a_orgasm_super_B,0,CVP_A2_A|5_G_3&CVP_A2_A|5_LE_6,{TargetName}整个人猛然向后弓起，全身肌肉强烈地抽搐绷紧，{anal}极度剧烈地连续绞缩痉挛，一圈圈括约肌持续而疯狂地翕张收缩，收放之间没有一刻停顿。\n她的腰部深深弓起到极致，颤抖着维持片刻后又整个瘫软塌陷，如此深弓与瘫软交替反复。\n两条大腿失控地剧烈痉挛颤抖，一时死死夹紧一时又胡乱地蹬动踢踹，脚趾用力向内蜷缩绷紧，腿部的肌肉线条一阵阵僵硬凸起。\n她的手指痉挛地蜷曲收拢，指节泛白，胳膊也绷得笔直发颤。\n伴随{anal}接连不断的猛烈绞缩，大量温热的肠液自深处失禁般喷薄涌出，成股淋漓地涌流不止。\n她的眼神迷乱涣散、失去了焦点，嘴唇张得大大的不住颤抖，舌头失控地探吐出来，透亮的口水沿着嘴角与下颌淌成一线，呼吸彻底乱作一团破碎的急喘。
2069,action_part_a_orgasm_super_B,0,CVP_A2_A|5_G_3&CVP_A2_A|5_LE_6,{TargetName}的身子骤然剧烈地绷紧弹颤，{anal}以极致的幅度长时间地连续痉挛绞缩，括约肌疯狂而持续地一收一放、一绞一翕，翕张得近乎失控。\n她的小腹反复地深深抽搐凹陷，腰肢猛地弓起绷到极限后又彻底软塌下去，脊背一次次弓成深弧又一次次瘫落。\n她那双腿失控地痉挛乱颤，膝盖胡乱地向内并拢又向外蹬开，脚尖时而狠狠绷直时而向内蜷扣，整条腿的肌肉不住地僵直抽搐。\n她的双手死死抓握攥紧，十指痉挛地张合，指节因过度用力而发白。\n随着{anal}一波接一波的剧烈绞缩，成股滚烫的肠液如失禁般从深处汹涌喷出，源源不绝地涌流淌落，浸透了痉挛颤栗的股间。\n她的双眸涣散失焦，眼神迷离无光，双唇失控地大张，舌尖颤抖着垂出，晶亮的涎水一缕缕自唇角滑落，胸膛随着破碎失序的喘息剧烈而急促地起伏着。

2070,action_part_a_orgasm_super_B,0,CVP_A2_A|5_G_6,{TargetName}整具娇躯毫无预兆地绷成一张满弓，{anal}开始极度剧烈地连续痉挛，一圈圈括约肌疯狂而持续地绞缩翕张，收缩的幅度大到肉眼可辨。\n她的小腹随之一下下深深抽搐，腰部猛然深弓起来，撑到极限后又骤然彻底瘫软下去，如此反复起伏了好几轮。\n两条腿失控地绷直又蜷曲，脚趾死死向内扣拢，膝盖不住地打颤，双脚无意识地乱蹬乱踹。\n她的双手死死攥握起来，指节泛白，手臂的肌肉一阵阵抽紧，整条脊背的肌肉都强烈而持续地绷紧震颤。\n她的头颅无力地向后仰去，眼神彻底涣散失焦，唇舌失控地哆嗦，口水顺着嘴角溢流而下，呼吸完全乱成一团。\n伴随着这一连串失控的抽搐，大股肠液自{anal}失禁般地汹涌喷涌而出，一波接一波地涌流不止，怎么也止不住。
2071,action_part_a_orgasm_super_B,0,CVP_A2_A|5_G_6,{TargetName}的身子骤然剧烈弹动起来，{anal}长时间不受控制地连续收缩，括约肌一下下疯狂地绞紧又松开，翕张的节奏又急又猛。\n她的腹肌一阵阵剧烈抽搐，腰肢反复深深弓起又软塌下去，臀部也跟着一下下痉挛似的收紧颤动。\n她的四肢大幅度地失控颤抖，大腿根紧紧夹拢又猛地张开，小腿绷得笔直，脚背向下压绷到极致。\n她的十指痉挛般地张开又蜷握，手臂青筋隐现，肩背的肌肉一层层绷紧又抖动。\n她整张脸涨得通红，眼球上翻失神，嘴巴大张着却发不出连贯的声息，涎水失控地流淌下来。\n随着这场剧烈的抽搐，滚烫的肠液自{anal}成股喷射而出，失禁般地淋漓涌落，久久不见停歇。
2072,action_part_a_orgasm_super_B,0,CVP_A2_A|5_G_6,{TargetName}通体的肌肉在同一瞬间强烈而持续地绷紧起来，{anal}极度剧烈地一阵阵挛缩，括约肌疯狂地翕合绞挤，收放之间幅度惊人。\n她的下腹深深地凹陷又鼓起，反复抽动个不停，腰身高高弓起到极限，随即整个塌软下来，如此循环往复。\n她的双腿失去控制地痉挛乱颤，忽而绷直忽而蜷起，脚趾用力扣曲，两脚无力却又剧烈地蹬动着。\n她的手指深深抠握，指尖泛出惨白，整条手臂随之一抽一抽地颤动，背脊绷成一道紧张的弧线。\n她的脑袋无力地耷向一侧，双眼失焦涣散，唇齿间不住地打颤，口涎顺着下巴溢落，气息又乱又急。\n伴着这一连串失控的震颤，大量肠液自{anal}喷涌失禁，汩汩涌流，怎么也无法止住。
2073,action_part_a_orgasm_super_B,0,CVP_A2_A|5_G_6,{TargetName}的娇躯毫无节制地剧烈抽搐，{anal}持续而失控地连续绞缩，括约肌一圈圈地疯狂收紧又骤然放开，翕张不止。\n她的腹部肌肉一波波剧烈起伏抽动，腰肢一次次深弓到极限又彻底瘫落，圆润的臀部随之痉挛似的绷紧又松弛。\n她的两腿大幅乱蹬乱颤，大腿肌肉高高绷起，脚踝紧绷，脚趾一根根用力向内蜷缩扣紧。\n她的双手无意识地死攥成拳，手背筋脉凸起，肩头与后背的肌肉强烈地绷紧震颤个不停。\n她仰着头，眼神彻底失神涣散，嘴唇和舌头失控地颤抖，透明的涎水沿着嘴角淌落，呼吸彻底失去了节奏。\n随着这般极端失控的痉挛，肠液自{anal}失禁般大股喷落，一股接一股地奔涌，绵绵不绝。
2074,action_part_a_orgasm_super_B,0,CVP_A2_A|5_G_6,{TargetName}整个人猛地弓起又剧烈弹颤，{anal}极度剧烈地长时间挛缩收紧，括约肌疯狂而不知疲倦地绞缩翕张，收放幅度大得骇人。\n她的小腹深深地一抽一抽，腰部反复深弓后又骤然塌软，臀肉一下下紧绷抽搐，起伏个不停。\n她的四肢彻底失去控制，双腿绷直又蜷缩交替，脚尖死死绷紧，脚趾抠曲成一团。\n她的十指痉挛地攥紧又张开，指节发白，双臂肌肉一阵阵抽动，脊背绷得笔直又剧烈震颤。\n她的头颅无力后仰，双目上翻失焦，唇舌完全失控地哆嗦，口水失禁般溢出，喘息乱作一团。\n伴随这场极致失控的抽搐，滚烫肠液自{anal}汹涌喷涌，失禁似的涌流不止，久久无法平息。

2075,action_part_a_orgasm_super_B,0,CVP_A2_T|1_E_1,{TargetName}原本紧闭生涩的{anal}骤然剧烈地痉挛起来，未经开发的括约肌疯狂地一收一放，一圈圈狠狠绞缩又猛然翕张，抽搐的频率快到几乎连成一片。\n她纤细的腰肢先是深深地向上弓起，绷成一道紧张的弧线，僵持片刻后又彻底瘫软地垮塌下去，如此反复起伏了好几回。\n两条大腿失控地痉挛乱蹬，脚趾死死地蜷曲扣紧，膝盖不受控制地打着颤，双手胡乱地攥紧了身边一切能抓到的东西，指节因用力而根根泛白。\n全身的肌肉一阵接一阵地强烈抽搐绷紧，脊背与小腹反复地收缩颤动，胸口随着完全失序的呼吸剧烈起伏。\n{anal}深处失禁般涌出的大量肠液止不住地喷淌而下，浸湿了一大片，她的眼神彻底涣散失焦，唇舌失控地微张着，来不及吞咽的口水顺着嘴角溢流出来，整具身子抖得不能自已。
2076,action_part_a_orgasm_super_B,0,CVP_A2_T|1_E_1,{TargetName}那从未被贯穿过的{anal}陡然爆发出极度剧烈的连续痉挛，紧窄生涩的肠壁一波接一波地疯狂绞紧，稚嫩的括约肌疯了般地翕张收束，抽缩的幅度大得整个后穴都在剧烈翻搅。\n她的腰部猛地拔高弓起，绷到极致后又骤然失力塌陷，一次次深深弓起再重重瘫落，起伏得毫无章法。\n修长的双腿绷直了又蜷曲，无意识地痉挛抽搐、胡乱蹬踢，脚背死死绷紧，脚趾一根根扣入掌心般地蜷缩起来。\n十指痉挛着攥成死拳，指尖深深掐陷进去，双臂僵直地绷紧又发颤，全身肌肉此起彼伏地抽搐紧绷个不停。\n伴随着{anal}深处如决堤般喷涌不止的滚烫肠液，她整张脸都失了控，眼球上翻、目光涣散，嘴巴大张着却发不出完整的气息，涎水失禁般溢出嘴角，急促的喘息彻底乱作一团。
2077,action_part_a_orgasm_super_B,0,CVP_A2_T|1_E_1,原本生涩闭合的{anal}此刻疯狂地连续绞缩，未经调教的后穴长时间不受控制地剧烈痉挛，括约肌一下下猛烈地收紧又松开，绞动的力道大得整圈肠壁都在颤抖翻涌。\n{TargetName}的脊背深深地弓成一张满弓，僵直颤抖片刻后又整个瘫软下去，腰身反复地弹起、垮落，抖动个不停。\n她两腿大幅度地痉挛乱颤，大腿内侧的肌肉一阵阵抽搐紧绷，脚踝绷得笔直，脚趾狠狠向内抠蜷。\n双手死死地揪紧攥住，手臂绷成僵硬的直线，肩背一并耸动发颤，浑身的肌肉一层层地波浪般抽紧又松脱。\n大量肠液自{anal}深处失控地喷溢涌流，怎么也止不住，浸出一片湿痕，她眼神失焦地涣散开来，嘴唇哆嗦着无法闭合，口水顺着下巴滑落，胸膛因完全失序的呼吸而剧烈起伏颤动。
2078,action_part_a_orgasm_super_B,0,CVP_A2_T|1_E_1,{TargetName}那处未经人事的{anal}骤然剧烈地痉挛收缩个不停，紧致生嫩的肠道疯狂地一圈圈绞紧，处子般的括约肌毫无节制地狂乱翕张，抽搐得又急又猛，仿佛再也停不下来。\n她的腰肢猛然向上顶起弓成深弧，紧绷到发颤后又骤然失力垮塌，如此深深弓起又彻底瘫软，来回反复了数次。\n两条腿失控地颤抖痉挛，无意识地蹬动挣扎，膝头打着摆子，脚趾蜷缩得死紧，绷直的小腿肚一阵阵抽动。\n她的双手胡乱抓挠着攥紧，指节泛白，四肢僵硬地绷紧又剧烈发颤，全身上下的肌肉一波波强烈地抽搐收束。\n随着{anal}深处喷涌而出、失禁般涌流不止的大量肠液，她的双眸彻底失神涣散，嘴巴无力地张开，唇舌不听使唤地哆嗦，涎液自唇边溢流而下，整具娇躯抖得如同风中残叶。
2079,action_part_a_orgasm_super_B,0,CVP_A2_T|1_E_1,生涩紧窄的{anal}在这一刻爆发出长久而极致的连绵痉挛，从未被开垦的后穴疯狂地收缩绞紧，稚嫩的括约肌一下下痉挛般地翕合收束，剧烈翻搅的幅度远超寻常。\n{TargetName}的腰部一次次深深地弓拱而起，绷成紧张的弓形后又整个瘫软塌陷，起起伏伏地弹动不休。\n她的双腿大幅痉挛乱蹬，大腿根部的肌肉紧绷得直发颤，脚尖时而绷直时而狠狠向内蜷曲，脚踝处筋脉根根凸起。\n两只手死死攥成拳掐紧不放，双臂僵直发颤，肩头与后背一齐抽搐耸动，浑身的肌肉此起彼伏地强烈紧绷又骤然松垮。\n{anal}深处的滚烫肠液失禁般汹涌喷淌，止都止不住地流泻出来，浸湿一大片，她眼神完全涣散无焦，嘴角失控地垂着涎水，喘息急促而破碎，整张脸都写满了失控的痕迹，娇躯颤抖不止。

2080,action_part_a_orgasm_super_B,0,t_first_a_sex_in_today,{TargetName}今日才初被开发的{anal}此刻极度剧烈地连续痉挛收缩着，一波未平一波又起，长时间地绞紧又松开，那圈生涩的括约肌疯狂而持续地翕张绞缩，一开一合地翻搅个不停。\n她全身的肌肉都强烈地抽搐绷紧，腰部反复深深地弓起成一道紧绷的弧线，紧接着又彻底瘫软塌落下去，如此反复了一次又一次。\n两条腿失控地剧烈颤抖，脚趾一会儿死死蜷缩一会儿又猛地绷直，双脚无意识地胡乱蹬动，膝盖抖得几乎并不拢。\n她的双手死死攥紧，指节泛白，指尖深深掐陷进掌心，手臂上青筋隐隐凸起。\n她的眼神彻底涣散失焦，双眼失神地上翻，唇舌完全失去了控制，嘴角止不住地滑落下一缕缕晶亮的口水，呼吸彻底乱成一团，只剩下断续而粗重的喘息。\n大量温热的肠液从那初经开发的后穴里失禁般地喷涌而出，一股接一股地涌流不止，怎么也收束不住。
2081,action_part_a_orgasm_super_B,0,t_first_a_sex_in_today,{TargetName}那今天方才失去处子之身的{anal}疯狂地绞缩翻搅起来，长久而剧烈地一阵阵深度痉挛，那圈还带着初开生涩的括约肌不受控制地疯狂开合，一下下痉挛翕张得毫无章法。\n她周身的肌肉一齐强烈地绷紧抽搐，腰肢猛地深深弓起，绷成一张紧张的弓，随即又软塌塌地彻底垮落，起起伏伏地反复了好几轮。\n她的四肢彻底失了控，双腿痉挛着乱蹬乱踹，脚背时而绷直时而蜷曲，纤细的脚趾抠得死紧。\n一双手胡乱地抓挠攥握，指尖用力到发颤，手背上的筋络根根凸起。\n她的眼珠涣散地失焦上翻，眼角沁出生理性的泪水，微张的唇再也合不拢，一道口水顺着下颌淌落，喉咙里溢出破碎失序的气音。\n那初经人事的后穴一刻不停地翻涌着，大量肠液喷薄而出，如失禁一般顺着腿根汩汩流淌，泛滥得收不住势头。
2082,action_part_a_orgasm_super_B,0,t_first_a_sex_in_today,今天才第一次被开垦的{anal}此刻剧烈到了极点，长时间地连续绞紧收缩，一波接一波毫无停歇，那圈生涩紧致的括约肌疯狂地绞缩又骤然翕张，翻来覆去地痉挛翻搅。\n她全身的肌肉一同紧绷抽搐，腰部一次次深深地弓起绷紧，随后又整个瘫软下去，反反复复地弓起塌落，脊背绷成的弧线抖个不停。\n她的双腿失控地剧烈颤抖痉挛，无意识地胡乱蹬动，脚趾一阵阵抠紧又张开，双膝抖得直打颤。\n两只手死死揪住能够到的一切，指节掐得发白，手臂止不住地哆嗦。\n她的眼神彻底散了，双目失焦上翻，嘴唇完全不听使唤地大张着，津液顺着嘴角一缕缕溢出淌下，呼吸紊乱到几乎失了节律。\n那初尝滋味的后穴汹涌地喷出大量温热肠液，失禁般地一股股涌流而下，怎么也止不住，濡湿了大片肌肤。
2083,action_part_a_orgasm_super_B,0,t_first_a_sex_in_today,{TargetName}初被开发的{anal}极度剧烈地痉挛翻搅个不停，久久地深度绞缩收紧，一轮又一轮地紧绷松弛，那圈初经人事的括约肌疯狂而持续地开合翕张，绞缩得毫无停歇。\n她整具身子的肌肉都强烈地抽搐绷紧，纤腰反复深深弓起而后又彻底瘫软塌陷，一次次地拱起又垮落，绷紧的腹肌不住地抽动。\n她的四肢彻底失去控制，双腿剧烈颤栗着乱蹬，脚趾时紧时松地痉挛蜷曲，小腿肚一阵阵地抽搐。\n她的十指痉挛着胡乱抓握，用力到指尖发白，双臂颤抖不已。\n她的眼眸涣散无神地上翻，眼底一片失焦茫然，微启的双唇再合不上，晶莹的口水顺着唇角滑落下颌，喉间只余粗重断续的喘。\n那今日方才开苞的后穴大量肠液喷涌而出，如失禁般止不住地涌流泛滥，一股接着一股地往下淌，湿成了一片。
2084,action_part_a_orgasm_super_B,0,t_first_a_sex_in_today,她那今天刚失去后庭贞洁的{anal}此刻痉挛得极为剧烈，长时间连续不断地绞紧翻搅，一阵紧似一阵，那圈生疏紧窄的括约肌疯狂地翕张绞缩，一开一合间抽搐得停不下来。\n{TargetName}周身肌肉强烈地绷紧抽搐，腰身一次次深深地弓起又骤然瘫软，反复地拱落起伏，绷直的脊背不停地战栗。\n她两条腿失控地痉挛乱蹬，脚尖一会儿死死绷直一会儿又猛地蜷起，膝头抖得几乎合不拢。\n她的双手死死抠住手边之物，指节因用力而惨白，手臂上的肌肉紧绷发颤。\n她双眼失神地涣散上翻，眼角滚落生理泪水，张开的嘴再也阖不住，一串口水顺着下巴滴淌，呼吸彻底失了控，只剩粗重杂乱的喘息。\n那初经开发的后穴汹涌地喷涌出大量肠液，失禁般地一波波涌流而下，绵绵不绝地泛滥着，怎么都收不住那势头。

2085,action_part_a_orgasm_super_B,0,CVP_A2_T|1_E_0&CVP_A2_A|10_LE_3,{TargetName}那具尚显青涩的娇躯在这一刻猛地绷成一张满弓，随即又骤然彻底瘫软下去。\n仍旧紧致的{anal}极度剧烈地连续痉挛收缩，稚嫩的括约肌疯狂而持续地绞缩翕张，一圈圈地收紧又松开。\n她的腰肢深深地向上弓起，随后失去支撑般重重塌陷，反复数次后彻底软倒。\n两条细嫩的大腿失控地痉挛乱蹬，脚趾用力向内蜷曲又骤然张开，膝盖不受控制地剧烈颤抖。\n大量浓稠的肠液自{anal}深处如失禁般喷涌喷洒而出，一股接一股地涌流不止，怎么也止不住。\n她的十指死死攥紧又猛地张开，全身肌肉一阵紧似一阵地强烈抽搐绷紧。\n她的眼神彻底涣散失焦，嘴唇失控地张合颤抖，口水顺着嘴角不停地溢淌而下，呼吸完全乱成一片。
2086,action_part_a_orgasm_super_B,0,CVP_A2_T|1_E_0&CVP_A2_A|10_LE_3,{TargetName}整具娇嫩的身子骤然剧烈痉挛起来，从头到脚都被一阵接一阵的强烈抽搐笼罩。\n开发尚浅却仍显紧窄的{anal}极度剧烈地长时间连续绞缩，稚气未脱的括约肌一下又一下地疯狂翕动收紧。\n她的脊背反复深深弓起，一次比一次幅度更大，随后又整个瘫软塌陷下去。\n纤细的四肢完全失去控制，双腿痉挛着胡乱蹬动，双臂胡乱挥动后又骤然僵直。\n滚烫的肠液大股大股地自{anal}喷涌而出，失禁般地不停涌流喷洒，淋漓不止。\n她的手指痉挛地抠紧掐陷，指节因用力而泛白，全身的肌肉持续地紧绷颤栗。\n涣散的双眼失去了焦点，唇舌失控地颤动，口涎顺着下颌线不受控制地淌落，胸口剧烈起伏喘息紊乱。
2087,action_part_a_orgasm_super_B,0,CVP_A2_T|1_E_0&CVP_A2_A|10_LE_3,{TargetName}的身体在骤然间彻底失控，剧烈地抽搐痉挛个不停。\n仍旧紧致青涩的{anal}极度剧烈地连续收缩翕张，尚未完全习惯的括约肌疯狂地一绞一松地翻搅绞紧。\n她的腰部猛地深深弓起后又重重砸落瘫软，如此反复起伏了好几轮。\n两条稚嫩的腿绷得笔直又骤然痉挛弯折，脚背反复绷直勾紧，脚趾死死蜷缩。\n汹涌的肠液自{anal}深处失禁般地大量喷涌淌流，一波接一波地喷洒得四处淋漓。\n她的双手死死抓紧又猛然松脱，全身上下的肌肉一阵阵强烈绷紧又抽搐。\n她圆睁的眼睛翻起失焦，嘴巴大张着无声痉挛，口水成线地垂落，颈项后仰绷成紧绷的弧线。
2088,action_part_a_orgasm_super_B,0,CVP_A2_T|1_E_0&CVP_A2_A|10_LE_3,{TargetName}那具带着紧窄青涩的娇躯猛然剧烈弹动，随即陷入长时间不受控制的连续痉挛。\n开发有限的{anal}极度剧烈地绞缩收紧，稚嫩的括约肌疯狂而持续地翕合抽动，一下下地深深收拢。\n她的后腰反复地向上深深弓起，弓到极限后又骤然彻底瘫软下塌。\n纤细的四肢失控地剧烈颤抖乱蹬，双膝痉挛着并拢又张开，脚踝紧绷得青筋隐现。\n大量滚烫黏腻的肠液如决堤般自{anal}喷涌不止，失禁似的淋漓涌流个没完。\n她的指尖痉挛地掐入掌心，全身肌肉持续绷紧地一阵阵强烈抽搐。\n她的眼神彻底散乱失焦，唇齿失控地打颤，口涎溢出嘴角不断滑落，喉间溢出破碎的气音呼吸彻底紊乱。
2089,action_part_a_orgasm_super_B,0,CVP_A2_T|1_E_0&CVP_A2_A|10_LE_3,{TargetName}的娇躯在这一刻绷紧到极致，随后爆发出长时间剧烈而失控的连续痉挛。\n仍显紧致的{anal}极度剧烈地一波波连续收缩绞紧，青涩稚嫩的括约肌疯狂地翕张抽搐个不停。\n她的腰肢深深弓起后彻底瘫软，反复地起伏塌陷，整条脊背抖成一片。\n两条细嫩的大腿失控痉挛地乱蹬乱颤，脚趾猛地蜷曲扣紧，小腿绷得死死的。\n浓稠的肠液大股大股地从{anal}深处喷涌喷洒，失禁般地奔流不止怎么也收不住。\n她的双手胡乱抓攥，十指痉挛地张合，全身的肌肉强烈而持续地绷紧战栗。\n她涣散无神的双眼彻底失焦，张开的嘴唇不停打颤，口水连绵地淌下，急促的喘息完全乱了节奏。

2090,action_part_a_orgasm_super_B,0,CVP_A2_T|1_E_0&CVP_A2_A|10_G_3&CVP_A2_A|10_LE_6,{TargetName}那具熟谙肛交的身体在这一刻彻底绷成满弓，{anal}极度剧烈地连续痉挛收缩，一波接一波长久不息，括约肌疯狂而持续地绞缩翕张，翻涌着难以停歇。\n全身的肌肉一同强烈地抽搐绷紧，熟稔的腰肢深深弓起到极致后又骤然彻底瘫软下去，反复往还了数次，四肢失控地颤抖、痉挛乃至无力地乱蹬。\n熟练的后穴此刻再收束不住，大股大股滚烫的肠液失禁般喷涌而出，涓流不止地顺着痉挛的腿根泼洒淋漓，浸湿了一整片。\n她的十指死死攥紧又骤然张开，指节泛白，脚趾用力蜷曲绷直，眼神彻底涣散失焦，唇舌瘫软地垂着，涎水顺着嘴角一线线滑落，急促的喘息完全乱了节奏、断续到几乎接不上气。
2091,action_part_a_orgasm_super_B,0,CVP_A2_T|1_E_0&CVP_A2_A|10_G_3&CVP_A2_A|10_LE_6,积压已久的巨量快意一齐爆发的刹那，{TargetName}整具身子猛地弹起，{anal}极度剧烈地连番绞缩，长时间不受控制地疯狂翕张收束，节奏乱得再也停不下来。\n那早已被开发得柔顺熟稔的括约肌此刻疯狂而持续地一开一合，牵动{anal}一阵紧过一阵地深深抽搐，全身肌肉绷得死紧又阵阵痉挛。\n她的腰背反复深深弓起又彻底塌软，双腿失控地痉挛乱蹬，脚背绷直、脚趾蜷缩，双手在身侧胡乱抓握、指节泛白。\n大量灼热的肠液失禁般地从{anal}喷涌泼溅，止不住地涌流下淌，她双眼翻起失神、唇齿松脱，口水沿着下颌不断溢落，胸口剧烈起伏，呼吸彻底失控成断续的粗喘。
2092,action_part_a_orgasm_super_B,0,CVP_A2_T|1_E_0&CVP_A2_A|10_G_3&CVP_A2_A|10_LE_6,{TargetName}熟习肛交的娇躯在这场究极痉挛里彻底失去了掌控，{anal}长时间地剧烈连续收缩，一阵猛过一阵，括约肌疯狂绞缩翕张个不停。\n她全身的肌肉强烈而持续地抽搐绷紧，腰腹深深弓成一道满弓后又骤然瘫软，如此反复起落了好几回，四肢不受控制地剧烈颤抖、乱蹬乱踹。\n经验丰富的后穴再也约束不住汹涌的排出感，海量滚烫的肠液如失禁般大股喷涌，接连不断地涌流泼洒在颤抖的腿根之间。\n她的手指痉挛地扣紧、指节发白，脚趾死死绷蜷，眼神彻底散乱、失了焦距，唇舌瘫软无力，涎水一缕缕淌下，急促而紊乱的呼吸断断续续、几乎喘不上来。
2093,action_part_a_orgasm_super_B,0,CVP_A2_T|1_E_0&CVP_A2_A|10_G_3&CVP_A2_A|10_LE_6,一齐奔涌而出的巨量快感将{TargetName}冲得整个人剧烈弹颤，{anal}极度剧烈、长时间地连续痉挛翕张，收放的节律彻底乱套、再停不下来。\n熟稔柔顺的括约肌疯狂而持续地绞缩开合，{anal}一波接一波深深地抽紧又松脱，全身肌肉强烈绷紧、连绵抽搐个不停。\n她的腰肢反复深深弓起旋即彻底软塌，双腿失控地痉挛、颤抖、无力地乱蹬，脚趾用力蜷缩绷直，双手死死攥住又猛地松开。\n大量灼烫的肠液从{anal}失禁般喷涌激射，涓涌不止地顺腿泼洒，她眼神涣散翻白、唇齿瘫软，口涎溢出滑落，喘息完全失控成一串断续的急促粗喘。
2094,action_part_a_orgasm_super_B,0,CVP_A2_T|1_E_0&CVP_A2_A|10_G_3&CVP_A2_A|10_LE_6,{TargetName}那具驾轻就熟的身体在这一刻再也绷不住半分，{anal}极度剧烈地长久痉挛收缩，一下一下疯狂绞缩，久久无法平息。\n熟练的括约肌不受控制地持续翕张开合，牵着{anal}深深地一阵阵抽搐紧缩，浑身的肌肉一同强烈地绷紧、连番抽动痉挛。\n她的腰背深深弓起至极限后又彻底瘫软，反复了数次，四肢失控颤抖、痉挛乱蹬，脚尖绷直蜷曲，十指胡乱抓挠、指节泛白。\n{anal}再也收束不住，大股滚烫的肠液失禁般地喷涌而出、涌流不止地淋漓下淌，她双目失神涣散，唇舌松软垂落，口水连绵滑落嘴角，急促的喘息断续紊乱到几乎接续不上。

2095,action_part_a_orgasm_super_B,0,CVP_A2_T|1_E_0&CVP_A2_A|10_G_6,{TargetName}熟练的身体在这一刻彻底失去了掌控，{anal}以远超寻常的幅度极度剧烈地连续痉挛收缩，一波接一波不受控地翻搅绞缩。\n那圈被反复开发得极为灵活的括约肌疯狂而持续地绞紧又翕张，一开一合间抽搐个不停，怎么也停不下来。\n她的腰部猛地深深弓起，绷成一道紧张的弧线，维持片刻后又骤然彻底瘫软塌落，如此反复起伏了好几回。\n纤细的手指死死抠住身下，指节泛白地痉挛颤抖，两条腿失控地绷直又乱蹬，脚趾一阵阵蜷缩扣紧。\n她的眼神彻底涣散失焦，唇舌无力地松脱，来不及吞咽的口水顺着嘴角溢淌而下。\n大量温热的肠液自{anal}失禁般汹涌喷出，一股股涌流不止，顺着颤抖的股缝淋漓流淌，全身的肌肉都在强烈而持续地抽搐绷紧，呼吸彻底乱成了破碎的抽气。
2096,action_part_a_orgasm_super_B,0,CVP_A2_T|1_E_0&CVP_A2_A|10_G_6,经验老到的{TargetName}整具身躯剧烈弹跳了一下，{anal}随即长时间不受控地疯狂痉挛翻涌，收缩的幅度大得惊人，一刻也不停歇。\n那圈熟透的括约肌以极快的频率反复绞缩、翕张，紧紧咬合又猛然松开，翻来覆去地抽搐痉挛。\n她的脊背一次次深深弓起再重重砸落，腰肢在弓起与瘫软之间反复剧烈摆荡，浑身的肌肉都紧绷得发颤。\n双手胡乱地攥紧又松开，十指痉挛地抓挠，两条腿失控地痉挛蹬动，膝盖不住地打颤，脚背绷得笔直。\n她的双眼翻起失神，眼白微露，张开的嘴再也合不拢，涎水顺着下巴滴落。\n{anal}深处大量肠液如决堤般喷薄涌出，失禁似的淋漓不断，浸湿了大片肌肤，胸口随着完全失序的急喘剧烈起伏，四肢的颤抖久久不能平息。
2097,action_part_a_orgasm_super_B,0,CVP_A2_T|1_E_0&CVP_A2_A|10_G_6,{TargetName}那被彻底开发的身子骤然绷紧成一张满弓，{anal}极度剧烈地连续抽搐绞缩，长久地翻搅收紧，幅度一次比一次更狂乱。\n熟练的括约肌疯狂地一收一放，绞紧翕张个不停，密集的痉挛沿着穴口一圈圈扩散开去。\n她的腰腹深深弓起后又彻底垮塌瘫软，反复地弹起落下，臀肉随着痉挛的节奏剧烈地抖颤个不停。\n纤长的手指死死掐进掌心，指节颤抖泛白，双腿失控地绷直乱蹬，脚趾用力地蜷曲扣紧又猛然张开。\n她的眼神散乱得再聚不起焦，舌尖无力地探出唇外，口水失控地溢流。\n大量肠液自{anal}猛烈喷涌，失禁般地涌流不休，一道道顺着痉挛的大腿内侧淌落，全身的肌肉持续强烈地抽搐绷紧，呼吸碎成了一连串失控的喘鸣。
2098,action_part_a_orgasm_super_B,0,CVP_A2_T|1_E_0&CVP_A2_A|10_G_6,熟稔肛交的{TargetName}浑身猛然一僵，紧接着{anal}便以极端的幅度长时间失控痉挛，收缩绞紧的力道大得惊人，翻搅个不停。\n那圈被磨炼得极其灵活的括约肌疯狂持续地绞缩翕张，猛地咬合又骤然松弛，痉挛一阵紧似一阵。\n她的腰身一次次深弓成弧后又软软塌下，反复起伏摆荡，小腹处的肌肉密集地抽搐抽动个不停。\n两只手在身下胡乱抓握，指节因用力而泛白痉挛，双腿失控地颤抖乱蹬，脚踝绷紧，脚趾一下下扣拢。\n她的眼睛彻底失了神，唇舌松脱瘫软，涎液顺着松开的嘴角涓涓流下。\n{anal}汹涌喷出大量温热肠液，失禁般涌流不止，淋漓地沿股缝滑落，全身肌肉强烈而持续地绷紧颤搐，胸膛随着完全失控的喘息剧烈起伏不定。
2099,action_part_a_orgasm_super_B,0,CVP_A2_T|1_E_0&CVP_A2_A|10_G_6,{TargetName}经验丰富的躯体剧烈震颤起来，{anal}极度剧烈且漫长地连续痉挛收缩，一波未平一波又起，翻涌绞缩得毫无节制。\n熟透灵活的括约肌以疯狂的节奏反复绞紧翕张，紧咬又松脱，密集而持续地抽搐个不停。\n她的脊背深深弓起再彻底瘫软，如此反复了一次又一次，浑身的肌肉都强烈地绷紧颤抖。\n十指痉挛地攥紧抓挠，指节泛白，两条腿失控地绷直、乱蹬又蜷缩，脚趾用力地扣紧张开交替不停。\n她双眼涣散翻白，张大的嘴合不拢，止不住的口水顺着嘴角与下巴淋落。\n大量肠液从{anal}失禁般地喷薄而出，涌流不休地浸湿一片，顺着抖动的腿根蜿蜒滑下，胸口随着破碎失序的喘息大幅起伏，四肢的痉挛久久无法停歇。

2100,action_part_a_orgasm_super_B,0,CVP_A2_S|5_L_1000,{TargetName}的娇躯毫无预兆地绷成一道满弓，全身肌肉在瞬间绷紧到极致，随即成串地剧烈抽搐起来。\n{anal}极度剧烈地连续痉挛收缩，一开一合的幅度大得近乎失控，紧致的括约肌疯狂而持续地绞缩翕张，一圈圈地深陷又外翻，怎么也停不下来。\n伴随着这般疯狂的绞动，大量滚烫的肠液如失禁般从{anal}深处喷涌而出，一波接一波地狂淌，顺着痉挛的腿根汩汩流落，在身下积成一小片湿痕。\n她的纤腰反复深深弓起，弓到极限后又骤然彻底瘫软，如此起伏了一次又一次，脊背也随之绷直又塌陷。\n两条腿失控地颤抖痉挛，脚趾一会儿死死蜷缩扣拢，一会儿又骤然张开，小腿无意识地乱蹬乱踢。\n十指痉挛着抓紧又松开，指节因过度用力而泛出青白，手臂僵直地绷着微微发颤。\n她的头颅无力地向后仰去，颈项绷成一道紧线，双眼彻底失焦涣散，眼白隐隐翻起，唇舌完全失去控制地半吐半张着，来不及吞咽的口水顺着嘴角一线线滑落，滴到下颌。\n急促而破碎的喘息从她大张的口中一阵阵逸出，胸膛剧烈地起伏着，整具娇躯在这场极致的绞缩与喷涌中长久地颤栗不止，迟迟无法平息。
2101,action_part_a_orgasm_super_B,0,CVP_A2_S|5_L_1000,{TargetName}整个人猛地一僵，随即全身肌肉毫无章法地强烈抽搐绷紧，娇躯剧烈地弹跳了一下。\n{anal}以一种近乎失控的幅度连续不断地剧烈痉挛，收缩得又深又急，括约肌一下下疯狂地绞紧再翻松，翕张的节奏乱成一团，持续了极长的一段时间也不见停歇。\n随着{anal}每一次猛烈的绞缩，成股的滚烫肠液便被挤压着喷射而出，量大得惊人，失禁般地涌流不止，把她的下身与腿根淋得一片狼藉。\n她的腰肢一次次向上深弓，弓到极处又彻底虚脱地摊落下去，反反复复地起伏，腹部的肌肉随之剧烈地抽搐凹陷。\n两条大腿一会儿死死并拢夹紧，一会儿又失控地大幅颤抖张合，脚踝绷直，脚趾用力地蜷曲又猛地绷开。\n她的双手在半空中无力地痉挛抓挠，随后死死攥成拳，指尖深深掐进掌心，手臂止不住地打颤。\n头颅无力地歪斜后仰，脖颈上青筋微微凸起，一双眼睛涣散无神地望着虚空，眼角沁出生理性的泪水。\n她的嘴唇失控地哆嗦着大张，舌尖无力地探出又缩回，晶亮的涎液顺着下巴不断滴坠，破碎急促的气音一声接一声地从喉间挤出，整具身子在这场旷日弥久的绞缩喷涌里痉挛得停不下来。
2102,action_part_a_orgasm_super_B,0,CVP_A2_S|5_L_1000,{TargetName}的身体骤然弹起，紧接着便陷入一阵又一阵剧烈到极点的抽搐，全身的肌肉一齐紧绷成僵直的状态。\n{anal}疯狂地连续绞缩收紧，深深地内陷又猛地外翻，括约肌持续而剧烈地翕张开合，那收缩的力道与频率都大得惊人，长久地不肯停歇。\n大量温热的肠液伴着这般疯狂的痉挛一股股喷涌而出，如失禁一般肆意奔流，怎么也止不住地顺着颤抖的臀腿淌落。\n她的脊背反复地深深弓起，达到极限后又骤然彻底松垮瘫软，腰腹的肌肉一下下猛烈地抽搐收紧。\n双腿失去控制地痉挛乱颤，时而痉挛着蹬直，时而又蜷缩起来，脚趾紧紧扣拢又猛然张开。\n她的十指僵硬地张开又痉挛地收拢，胡乱地抓握着，指节泛白发颤，双臂绷得笔直。\n头颅无力地向后垂仰，颈线绷紧，双眼失神地上翻涣散，眼神再聚不起焦点。\n她张大的唇间不受控制地溢出一线线晶亮口水，舌头无力地垂着微微颤动，一声声破碎失序的喘息从大张的口中断续逸出，胸口剧烈起伏，整副娇躯在这场极致的绞缩与失禁般的涌流之中长久痉挛颤栗，久久无法止息。
2103,action_part_a_orgasm_super_B,0,CVP_A2_S|5_L_1000,{TargetName}猛地弓起了整个身子，全身肌肉在刹那间绷得像拉满的弓弦，随即成片地剧烈痉挛抽搐。\n{anal}极度剧烈地一收一放，痉挛的幅度大得惊人，紧窄的括约肌疯狂地绞缩又翕张，深陷、外翻、再深陷，持续了漫长的一段时间也停不下来。\n伴随着一次次凶猛的绞紧，滚烫黏稠的肠液大量喷涌而出，如失禁般接连不断地狂淌奔流，顺着剧颤的腿根淋漓流落。\n她的腰身反复地向上深弓，弓到顶点后又整个瘫软塌陷下去，如此循环往复，小腹随之一下下深深地凹陷抽搐。\n两条腿无力地大幅颤抖，膝盖时而向内并拢夹紧，时而又失控地向外张开乱蹬，脚尖绷直，脚趾痉挛蜷曲。\n她的双手在身侧胡乱抓握痉挛，最终死死攥紧，指关节绷得发白，双臂僵直地打着颤。\n头颅无力地后仰垂落，脖颈绷成紧绷的弧线，一双眼睛失焦涣散地半睁着，眼尾溢出细细的泪光。\n她大张的嘴里唇舌全然失控，来不及咽下的津液顺着嘴角与下颌一道道滑坠，急促而支离的喘鸣从喉咙深处一阵阵涌出，胸膛大幅度起伏，整个人在这场极致而漫长的绞缩喷涌里持续不断地痉挛战栗着。
2104,action_part_a_orgasm_super_B,0,CVP_A2_S|5_L_1000,{TargetName}的娇躯毫无征兆地剧烈弹颤，全身的肌肉骤然一齐绷紧僵直，紧接着大幅度地连连抽搐起来。\n{anal}不受控制地剧烈痉挛收缩，一圈圈疯狂地绞紧又松开，括约肌持续翕张开合，收放的力道又猛又急，长久地维持着这般失控的绞动。\n每一次深重的收缩都将大量滚烫的肠液挤涌而出，如失禁般地喷洒流淌，接连不断地顺着抽搐的腿根汩汩淌落，怎么也止不住。\n她的腰肢一次次向上弓成夸张的弧度，随后又彻底虚脱般地软塌下来，腹肌一下下痉挛凹陷。\n双腿失控地痉挛颤抖，一时并拢死夹，一时又无力地蹬伸乱踢，脚踝紧绷，脚趾蜷缩又骤张。\n她的手指痉挛着张合抓挠，最后攥成死拳，指节泛出青白，臂膀绷直发颤。\n头颅向后无力仰垂，颈项拉出一道紧绷的线，双眼失神地翻起涣散，再也无法凝聚焦点。\n她大张的唇间舌尖无力地探吐颤抖，晶亮的口水连成线地顺着下巴滴落，一声声破碎急促的气音断续地从口中逸出，胸口剧烈起伏喘动，整具身子在这漫长而极致的绞缩与喷涌里痉挛不止，迟迟无法回落平静。

2105,action_part_a_orgasm_super_B,0,CVP_A2_S|5_GE_1000&CVP_A2_S|5_L_12000,{TargetName}的娇躯毫无预兆地剧烈弹起，{anal}骤然陷入极度剧烈而漫长的连续痉挛，一波未平一波又起地深深绞缩翻搅个不停。\n后庭的括约肌疯狂而持续地一张一合，翕张绞缢的幅度大得惊人，怎么也停不下来。\n她全身的肌肉同时强烈绷紧抽搐，脊背反复深深弓起成满弓，弓到极处又猛地彻底瘫软塌落，如此往复不休。\n两条腿失控地痉挛乱蹬，脚趾死死蜷曲又骤然张开，纤细的手指痉挛着攥紧了一切能抓到的东西，指节泛白。\n她的眼神彻底涣散失焦，眼球微微上翻，唇舌失去控制地颤抖张合，晶亮的口水顺着下巴一线线滑落。\n浓浊滚烫的肠液伴随着{anal}一次次剧烈的绞缩失禁般大股大股地喷涌喷射而出，顺着股缝汹涌淌落不止。\n她的呼吸彻底乱了套，胸口剧烈起伏，喉间迸出断续而失控的抽气，整具身子在无休止的抽搐中颤栗个不停。
2106,action_part_a_orgasm_super_B,0,CVP_A2_S|5_GE_1000&CVP_A2_S|5_L_12000,{TargetName}整个人猛地绷成一条紧弦，{anal}长时间不受控制地连续深缩，一下接一下地剧烈痉挛绞紧，节奏又急又乱。\n后庭括约肌疯狂地翕张开合，绞缢收缩的力道大得几乎要将自己拧成一团，久久无法平息。\n她周身肌肉一齐强烈抽搐绷直，腰肢深深弓起弹拱后又骤然瘫软下坠，反复起伏个没完。\n双腿失控地蹬踹踢腾，膝盖时而并拢时而张开，十根脚趾痉挛着蜷起，双手死死揪紧身侧胡乱抓握。\n她双目失神涣散，眼角泛出生理性的泪光，嘴唇失控地哆嗦，舌尖无力地探出，口水沿着嘴角失禁般溢流。\n随着{anal}一阵接一阵疯狂的绞缩，大量浓稠肠液如决堤失禁般从后庭汹涌喷薄而出，喷洒淋漓，怎么也止不住。\n她的呼吸完全紊乱，胸膛急促而剧烈地起伏喘动，喉咙里挤出破碎失控的气音，全身战栗不休。
2107,action_part_a_orgasm_super_B,0,CVP_A2_S|5_GE_1000&CVP_A2_S|5_L_12000,{TargetName}的身子霎时剧烈弹跳起来，{anal}极度剧烈地连续抽搐收缩，一波波深深内陷又外翻，痉挛得又长又猛。\n后庭的括约肌不受控制地疯狂绞缩翕张，一收一放间力道惊人，持续不断地痉挛颤缩。\n她全身肌肉骤然绷紧又剧烈抽搐，脊背弓成满满一张弓后重重砸落瘫软，如此深弓又塌陷地反复不休。\n两腿在空中失控地痉挛乱蹬，脚背绷直脚趾蜷缩，双手痉挛地攥握成拳，指尖深深掐进掌心。\n她的眼神彻底失焦涣散，眼球轻轻上吊，唇舌完全失去掌控地颤抖翻动，透明的口水一缕缕自唇角失禁滑落。\n伴着{anal}一次次剧烈翻搅般的绞缩，滚烫浓浊的肠液大股大股失禁般喷涌喷射，沿着腿根汩汩淌落不止。\n她的呼吸乱作一团，胸口大幅起伏抽动，喉间溢出断断续续失控的呜咽气声，通体颤栗痉挛不能自已。
2108,action_part_a_orgasm_super_B,0,CVP_A2_S|5_GE_1000&CVP_A2_S|5_L_12000,{TargetName}猝然弓身弹起，{anal}陷入极度剧烈且漫长的连续痉挛，一下下深缩紧绞，翻卷绞搅个不停。\n后庭括约肌疯狂持续地一开一合，绞缢翕张的幅度大到骇人，久久停不下来。\n她全身肌肉同时紧绷抽搐，腰腹反复深深弓拱再骤然彻底瘫塌，起落之间幅度极大。\n双腿失控地痉挛踢蹬，脚趾用力蜷曲又骤然张开，两只手在身侧胡乱抓挠攥紧，指节因用力而发白。\n她双眼涣散失神，眼球上翻，嘴唇失控哆嗦张合，舌头无力垂出，晶莹的口水顺着下颌一路滴落。\n随着{anal}一阵阵疯狂的痉挛绞缩，浓稠滚热的肠液如失禁决堤般自后庭汹涌喷薄，大量喷洒流淌不止。\n她呼吸彻底失序，胸膛剧烈起伏喘息，喉咙深处迸出破碎失控的抽气声，整具身躯在连绵抽搐里剧烈颤栗。
2109,action_part_a_orgasm_super_B,0,CVP_A2_S|5_GE_1000&CVP_A2_S|5_L_12000,{TargetName}的娇体骤然剧烈弹动，{anal}极度剧烈地长时间连续痉挛绞紧，一波接一波深深内缩，翻搅收束不休。\n后庭的括约肌疯狂而持续地绞缩翕张，一缩一张力道大得惊人，怎么也无法停歇。\n她周身肌肉强烈绷紧抽搐，脊背深深弓起后又整个瘫软摊落，反复弓塌起伏没有尽头。\n两条腿失控痉挛乱蹬乱蹭，脚趾蜷紧又弹开，双手痉挛着死死攥住身边一切，指尖泛白。\n她的眼神完全涣散失焦，眼球微微上吊翻白，唇舌彻底失控地颤抖翻搅，口水成线顺着嘴角失禁淌下。\n伴随{anal}一次次剧烈翻绞的收缩，大量滚烫肠液失禁般喷涌喷射而出，顺着腿股淋漓奔流不止。\n她呼吸彻底失控，胸口剧烈而急促地起伏，喉间挤出断续失控的气音，全身在无休的抽搐痉挛中战栗不已。

2110,action_part_a_orgasm_super_B,0,CVP_A2_T|7_E_0&CVP_A2_T|222_E_1,成熟饱满的身躯毫无征兆地剧烈痉挛起来，{anal}长时间不受控制地一阵阵猛烈绞缩，括约肌疯狂地翕张绞紧，反复收放，丝毫不肯停歇。\n腰肢一次又一次深深弓起，绷成紧绷的弧线，随即又瘫软地跌落回去，反反复复难以平息。\n双腿不受控制地剧烈痉挛，脚趾用力蜷缩又猛地绷直，脚踝胡乱蹬动，双手茫然地在身侧胡乱抓挠，手指笨拙地攥紧又松开，找不到任何依凭。\n后穴处大量肠液毫无阻拦地失禁般喷涌而出，一股接一股地涌流不止，顺着腿根蜿蜒淌下。\n双眼涣散地圆睁着，眼神空洞地飘忽不定，唇瓣哆嗦着大张，涎水顺着嘴角无意识地滑落，呼吸破碎得完全没有章法，胸口剧烈起伏，全身肌肉抽搐绷紧，颤抖了许久许久才渐渐平息下来。
2111,action_part_a_orgasm_super_B,0,CVP_A2_T|7_E_0&CVP_A2_T|222_E_1,{TargetName}的身体骤然绷成一张满弓，{anal}极度剧烈地一波接一波痉挛收缩，括约肌不间断地疯狂绞缩又松开，翕张的幅度大得惊人。\n腰肢反复深深弓起又颓然塌陷，一次比一次更加失控，脊背绷得笔直随即又瘫软扭曲。\n双腿胡乱地蹬踢，脚背绷紧脚趾痉挛蜷曲，膝盖不受控制地并拢又松开，双手笨拙地在空中乱抓，指甲深深掐进掌心却毫无知觉。\n{anal}深处大量肠液失禁般不断涌出，一波接着一波地喷洒，将周围浸湿一片。\n她的脸颊涨得通红，眼神茫然涣散地睁大又眯起，嘴唇不受控制地哆嗦颤抖，唾液顺着下颌线不断滴落，全身肌肉持续地抽搐绷紧，久久无法止息，浑身上下都笼罩在这股失控的余波之中。
2112,action_part_a_orgasm_super_B,0,CVP_A2_T|7_E_0&CVP_A2_T|222_E_1,{TargetName}猛地弓起了腰，成熟丰盈的躯体剧烈地痉挛起来，{anal}长时间不间断地绞缩翻涌，括约肌一圈又一圈疯狂地收紧又松开，幅度大得惊人。\n她的双腿不受控制地大幅度颤抖踢动，脚趾死死蜷起又骤然绷直，大腿肌肉一阵阵抽搐紧绷。\n双手在身侧毫无目标地胡乱摸索抓握，手指僵硬地蜷曲又松开，指节泛白，动作显得笨拙而生涩。\n{anal}处大量肠液一股接一股失禁般地喷涌而出，源源不断地涌流出来，湿漉漉地淌满了大腿内侧。\n她微张的嘴唇止不住地颤抖，涎水沿着嘴角滑落，双眼失焦地睁大，泪水在眼眶里打转，胸口急促地大幅起伏，全身肌肉持续绷紧抽动，好半晌才渐渐从这阵剧烈的颤栗中平息下来。
2113,action_part_a_orgasm_super_B,0,CVP_A2_T|7_E_0&CVP_A2_T|222_E_1,{TargetName}的腰肢猛然绷直又深深弓起，成熟的躯体不受控制地剧烈痉挛，{anal}持续不断地疯狂绞缩收紧，括约肌一阵接一阵地翕张挤压，力道大得惊人。\n双腿失控地大幅抽搐，脚尖用力绷紧又骤然蜷起，膝盖不由自主地颤抖并拢，双手在空中笨拙地胡乱挥动，最终紧紧攥住身旁能触及的任何东西，指节因用力而泛白。\n{anal}深处大量肠液失禁般汹涌喷出，一波未平一波又起，顺着大腿根部一路蜿蜒流下，浸湿了一大片。\n她的眼神空茫地涣散着，嘴角挂着未擦净的涎水，唇舌不受控制地哆嗦颤抖，呼吸紊乱得毫无章法，全身肌肉绷紧抽搐，久久才慢慢舒展平复下来。
2114,action_part_a_orgasm_super_B,0,CVP_A2_T|7_E_0&CVP_A2_T|222_E_1,成熟却带着几分生涩笨拙的{TargetName}猛地绷紧了全身，{anal}剧烈地持续痉挛收缩，括约肌疯狂绞缩又骤然松开，一圈圈翻涌不止。\n腰肢一遍遍深深弓起，紧绷成夸张的弧度，又一次次无力地瘫软塌陷下去，反复不休。\n双腿控制不住地剧烈痉挛乱蹬，脚趾用力蜷缩成团，双手茫然无措地在半空中胡乱抓挠，最终攥紧了拳，指甲深深掐进掌心。\n{anal}处大量肠液失禁般不断涌流喷洒而出，源源不绝地淌满腿根。\n她的双眼涣散无神地圆睁着，嘴唇哆嗦大张，唾液顺着下颌不断滑落，呼吸破碎急促，胸膛剧烈起伏，全身肌肉持续抽搐绷紧，许久许久才渐渐平息下来。

2115,action_part_a_orgasm_super_B,0,CVP_A2_S|5_GE_12000&CVP_A2_S|5_L_90000,{TargetName}的身子猛地弓成一张满弓，随即又彻底瘫软下去，如此反复深深起伏了好几轮。\n那处敏感到极点的{anal}极度剧烈地连续痉挛收缩，括约肌疯狂而不间断地绞缩翕张，一圈圈死死收拢又骤然松开，动作幅度大得惊人。\n她全身的肌肉强烈而持续地抽搐绷紧，四肢失控地颤抖痉挛，双腿无意识地蹬动乱踢，脚趾死死蜷曲扣紧，小腹一下下深深地凹陷又鼓起。\n海量肠液自{anal}失禁般地喷涌而出，一股接一股地狂泻不止，顺着抽搐的臀缝汩汩涌流，怎么也止不住。\n她的双手死死抓紧了触手可及的一切，指节泛得惨白，眼神彻底涣散失焦，唇舌完全失了控制，嘴角止不住地淌下涎水，呼吸乱成一团短促的抽气。
2116,action_part_a_orgasm_super_B,0,CVP_A2_S|5_GE_12000&CVP_A2_S|5_L_90000,{TargetName}整条脊背骤然深深弓起绷成一道紧弦，僵持数秒后又猛地彻底塌软，来回反复地深弓浅落。\n那处被操熟的{anal}长时间不受控制地连环痉挛，括约肌一下下疯狂绞缩又翻张，收得死紧后又骤然翕开，如此循环个不停。\n她周身肌肉一阵阵剧烈地抽紧又绷直，双腿失控地痉挛乱蹬，膝盖不住地哆嗦打颤，十根脚趾拼命向内蜷缩扣绷。\n大量肠液从{anal}汹涌喷泻而出，失禁般一波波地涌流不歇，把身下淋得一片狼藉。\n她仰起的脖颈青筋微凸，双眼翻起失神涣散，口涎顺着松垮的嘴角不断溢落，急促紊乱的喘息一声接着一声，双手胡乱地攥紧又松开，整具身子在长久的抽搐中颤个不停。
2117,action_part_a_orgasm_super_B,0,CVP_A2_S|5_GE_12000&CVP_A2_S|5_L_90000,{TargetName}的腰肢反复深深地弓挺又骤然瘫落，一次比一次幅度更大，身子止不住地剧烈起伏抽动。\n那处敏感至极的{anal}发起了极度剧烈而绵长的连续绞缩，括约肌疯狂痉挛般地一收一放，翕张个不停，收缩的力道大得骇人。\n她四肢失控地哆嗦乱蹬，全身肌肉一阵阵强烈地绷紧又松脱，脚背死死绷直，脚趾蜷曲扣紧，小腹深处剧烈地一抽一抽。\n{anal}里大量肠液如失禁般喷涌狂泻，一股股不受控制地奔流而出，怎么都收束不住。\n她双手死死掐进掌心，指节发白，眼神空洞地翻散开来，唇舌瘫软失控，津液顺着下巴滑落，紊乱的呼吸化作一连串破碎的抽气与哆嗦。
2118,action_part_a_orgasm_super_B,0,CVP_A2_S|5_GE_12000&CVP_A2_S|5_L_90000,{TargetName}整个身子猛地绷成一张紧弓深深弓起，僵直片刻后又彻底松垮瘫软，如此深弓瘫落地反复了数轮。\n那处熟软的{anal}极度剧烈地连续抽搐绞紧，括约肌不受控制地疯狂翕合，一圈圈收拢死紧后又骤然张开，持续了很久也不见平息。\n她全身肌肉强烈而持久地抽紧痉挛，双腿无力地颤抖乱蹬，脚趾一次次痉挛般蜷缩，臀部肌肉不住地一收一颤。\n海量肠液自{anal}失禁似的喷涌而下，一波接一波地汩汩涌流不止，顺着颤动的腿根蜿蜒流淌。\n她的十指痉挛般地抓挠攥紧，眼球上翻失神，嘴巴微张再合不拢，口水顺着嘴角淌落，胸口剧烈起伏，喘息碎成了一片急促的抽气声。
2119,action_part_a_orgasm_super_B,0,CVP_A2_S|5_GE_12000&CVP_A2_S|5_L_90000,{TargetName}腰背深深地拱起又彻底软塌下去，一轮接着一轮，身躯剧烈地起伏颤动个不停。\n那处敏感得一触即溃的{anal}长时间地疯狂痉挛收缩，括约肌一下下猛烈地绞紧翕张，死死绞拢后又骤然松弛，抽搐得又急又密。\n她的四肢完全失了控制地颤栗乱蹬，浑身肌肉强烈地一阵阵绷直抽搐，脚趾死死抠紧，双膝不住地打颤发抖。\n大量肠液从{anal}如决堤般喷涌失禁，一股股狂泻不歇地涌流而出，把身下浸得湿透。\n她双手胡乱攥紧身边的东西，指节掐得惨白，双目彻底失焦涣散，唇舌瘫软地垂着，涎水止不住地溢流，呼吸乱成一串短促慌乱的抽气，整具身子在漫长的痉挛里久久无法平息。

2120,action_part_a_orgasm_super_B,0,CVP_A2_S|5_GE_90000,{TargetName}的娇躯毫无预兆地猛然弓起，脊背绷成一道极限的满弓，随即又重重瘫软下去，如此反复深弓与塌陷交替不停。\n{anal}极度剧烈地连续痉挛收缩着，括约肌疯狂地一圈圈绞缩翕张，翻涌般地一张一合，收缩的幅度与频率都远超寻常。\n全身的肌肉强烈而持续地绷紧抽搐，四肢失控地颤抖痉挛，双腿无力地乱蹬又骤然夹紧，脚趾深深蜷曲扣拢。\n十指痉挛着攥紧又张开，指节因用力而根根泛白，手臂止不住地打着颤。\n她的双眸彻底失焦涣散，眼白微微上翻，唇舌失控地松弛张开，涎水顺着嘴角不受控制地溢流而下。\n呼吸完全乱了套，胸膛剧烈起伏，喉间迸出破碎的气音。\n{anal}一波接一波地疯狂绞缩，大量温热的肠液失禁般喷涌而出，汩汩不绝地涌流淌落，将那近乎失控的极端反应尽数暴露无遗。
2121,action_part_a_orgasm_super_B,0,CVP_A2_S|5_GE_90000,{TargetName}的腰部骤然深深弓起到近乎不可能的角度，紧绷片刻后又彻底瘫软塌下，接着再度弓起，如此往复不休。\n{anal}极其剧烈地连番痉挛翕动，括约肌疯狂地绞缩又松开，翻搅般地持续收缩颤抖，绞紧的力道大得惊人。\n全身肌肉一阵接一阵强烈地抽搐绷直，四肢完全失去控制地痉挛乱颤，两条腿无意识地乱蹬后又猛然并拢夹紧。\n脚背绷直，脚趾死死向内蜷曲，双手在半空徒劳地抓握痉挛，指尖掐进掌心，指节泛出惨白。\n她的眼神彻底涣散失焦，瞳孔失神地放大，嘴唇松垮地大张，舌尖无力地垂露，晶亮的涎液顺着下颌不断滴落。\n急促的喘息化作断续的嘶哑气音，胸口剧烈而失序地起伏着。\n伴随{anal}狂乱的连续绞缩，惊人量的滚烫肠液挟着势头喷薄而出，失禁般地奔涌不止，沿着颤抖的躯体涓涓淌流。
2122,action_part_a_orgasm_super_B,0,CVP_A2_S|5_GE_90000,{TargetName}整个身子如离弦之箭般猛然弹起，脊柱弓成惊人的弧度，维持数息后又骤然瘫落，随即再次剧烈弓起。\n{anal}长时间地剧烈痉挛绞缩，括约肌不受控制地疯狂翕张，一缩一放地连绵抽搐，收放的幅度大到骇人。\n遍布全身的肌肉持续强烈地紧绷战栗，四肢痉挛着失控乱颤，双腿胡乱地蹬踢又痉挛性地夹拢，膝盖颤抖不止。\n十根脚趾紧紧蜷缩扣死，双手死死攥成拳又猛地张开，手臂僵直地打着摆子，指节根根发白。\n她双目失神地上翻，眼神空洞涣散，唇舌完全失控地松弛张开，透明的涎水连成线自嘴角滑坠。\n呼吸彻底失去节律，胸腔剧烈起伏，喉咙里溢出破碎失真的气声。\n随着{anal}疯狂而绵长的绞缩翕动，大量温热肠液如决堤般喷涌失禁，绵绵不断地狂淌流溢，把这场极端失控的痉挛暴露得淋漓尽致。
2123,action_part_a_orgasm_super_B,0,CVP_A2_S|5_GE_90000,{TargetName}的躯体毫无征兆地猛地绷紧弹动，腰肢深深弓起又重重跌落，反复地弓起塌陷交替不停。\n{anal}极度剧烈且长久地连续痉挛，括约肌疯狂地绞缩翕张，一张一合地翻涌收缩，绞紧时的力道近乎骇人。\n全身的肌肉强烈而不间断地抽搐绷直，四肢彻底失控地痉挛乱蹬，双腿无力地颤抖后又猛然收拢紧夹。\n脚趾蜷曲扣紧，双手痉挛着胡乱抓攥，指尖用力到发抖，指节尽数泛白。\n她的双眼涣散失焦，眼白微翻，嘴唇松弛地大张着，舌头无力地垂软外露，涎水失禁般顺着嘴角淌落成痕。\n呼吸完全紊乱失序，胸膛急促而剧烈地起伏，喉间迸出断续沙哑的气音。\n{anal}一阵紧似一阵地疯狂绞缩翕动，惊人量的滚烫肠液失禁般喷涌奔流，涓涓不止地沿股间狂淌，将那近乎癫狂的极端反应彻底显露。
2124,action_part_a_orgasm_super_B,0,CVP_A2_S|5_GE_90000,{TargetName}的身子骤然剧烈弹颤，脊背绷成满弓紧绷不下，片刻后又彻底瘫软，接着再度深深弓起，循环往复。\n{anal}极其剧烈地长时间连续痉挛收缩，括约肌狂乱地绞缩翕张，翻搅般地一缩一放个不停，力道大得惊人。\n全身肌肉持续而强烈地绷紧抽搐，四肢失控地颤抖痉挛，两腿胡乱蹬踹又痉挛性地夹拢，脚趾深深勾曲。\n双手僵直地攥紧又张开，指尖深掐入掌，手臂不住打颤，指节泛出死白。\n她眼神彻底失焦涣散，瞳孔失神放大，唇舌松弛失控地张垂着，亮晶晶的涎液顺下巴滴坠不止。\n呼吸乱作一团，胸口剧烈起伏，喉咙里逸出破碎的嘶鸣。\n伴随{anal}疯狂连番的绞缩痉挛，大量温热肠液挟势喷薄而出，失禁般地涌流不休，沿颤栗的躯体淋漓淌落，把这场极端失控暴露无遗。

2125,action_part_a_orgasm_super_B,0,CVP_A2_T|126_E_1,{TargetName}小巧紧致的臀部猛地向内一缩，绷成了一团坚硬的肉团，{anal}随即极度剧烈地连续痉挛收缩起来，一波接一波毫无停歇。\n紧窄的括约肌疯狂而持续地绞缩翕张，一开一合抽搐个不停，纤小的臀瓣随着这股节奏剧烈弹跳颤动。\n她娇小的腰肢深深弓起绷到极限，随后又猛地彻底瘫软塌下，如此反复起伏了好几回。\n两条纤细的腿失控地痉挛乱蹬，脚趾用力蜷曲抠紧，纤瘦的手指死死攥拢成拳，指节因用力而泛白。\n大量滚烫的肠液从紧致的后穴深处汹涌喷涌而出，失禁般涌流不止，顺着娇小的臀缝一股股淌落。\n她的脊背绷紧又塌软，全身肌肉强烈而持续地抽搐战栗，眼神涣散失焦，唇舌无力地松垂，口水顺着嘴角不受控制地溢出滑落，呼吸彻底乱成一团失去了章法。
2126,action_part_a_orgasm_super_B,0,CVP_A2_T|126_E_1,{TargetName}纤瘦小巧的身躯骤然绷成一条紧绷的直线，紧致的臀肉狠狠向内收拢，{anal}随之极度剧烈地翻搅般连续绞缩，长时间不受控制地痉挛个不停。\n小巧的括约肌一圈圈疯狂地缩紧又翕张，抽搐得毫无规律，娇小的臀瓣被带得剧烈地上下抖动。\n她的腰身猛然深深弓起拱到极致，紧接着又整个瘫软下去，反反复复地起伏塌陷。\n纤细的四肢失去控制地颤栗痉挛，双脚绷直又猛地乱蹬，十指痉挛着抓挠攥紧，指尖深深掐陷。\n紧窄的后穴再也兜不住翻涌的肠液，滚烫的液体大量喷洒涌流，失禁般止不住地顺着紧致的臀缝汩汩淌下。\n整条脊背一次次绷直又崩塌，全身肌肉持续强烈地抽搐绷紧，她的眼神彻底失焦涣散，嘴唇松弛无力地张开，口水连成一线溢出，急促紊乱的呼吸再也压制不住。
2127,action_part_a_orgasm_super_B,0,CVP_A2_T|126_E_1,{TargetName}小巧的臀部剧烈地一阵抽搐，紧致纤细的臀肉一下下向内绞紧，{anal}以骇人的力道极度剧烈地连续痉挛，深处的甬道疯狂搏动收缩个不停。\n紧绷的括约肌持续而疯狂地绞缩翕张，一开一合毫不间断，娇小玲珑的臀瓣随之抖动得不成样子。\n她纤瘦的腰肢深深地反复弓起，弓到极限后又猛然彻底松垮塌软，如此起落了一次又一次。\n两条小腿失控地痉挛乱踢，脚背绷得死紧，脚趾狠狠蜷缩抠拢，纤细的双手攥成拳头微微发颤。\n海量滚烫的肠液自紧窄的后穴深处喷薄而出，如决堤失禁般汹涌喷涌，源源不断地顺着小巧的臀缝喷洒淌落。\n她的背脊绷紧又瘫塌，周身肌肉强烈而持久地抽搐战栗，双眼失神涣散，唇舌失控松垂，晶亮的口水不住地从嘴角淌出，呼吸完全乱了套毫无节律可言。
2128,action_part_a_orgasm_super_B,0,CVP_A2_T|126_E_1,{TargetName}娇小的身子猛地弓成一张满弓，小巧紧致的臀肉狠狠向内一夹，{anal}随即极度剧烈且长时间地连续痉挛收缩，深处一阵接一阵剧烈地搏动绞紧。\n纤窄的括约肌疯狂而不知疲倦地缩放绞缩，抽搐翕张停不下来，小巧的臀瓣被震得剧烈颤抖弹跳。\n她纤细的腰部一次次深深拱起又骤然塌软瘫下，反复地起伏沉陷，怎么也稳不住。\n纤瘦的四肢彻底失控地颤抖乱蹬，脚趾用力地蜷曲抠紧，手指死死攥住抓拢，指节泛出惨白。\n紧致娇小的后穴再兜不住翻腾的肠液，大量滚烫液体喷涌失禁般奔流而出，一股股顺着紧窄的臀缝淌落不止。\n她的整条脊背绷紧又崩软，全身肌肉持续强烈地抽搐绷紧，眼神彻底涣散失焦，嘴角松弛垂落，口水不受控制地溢流而下，紊乱急促的喘息再也无法收拢。
2129,action_part_a_orgasm_super_B,0,CVP_A2_T|126_E_1,{TargetName}小巧玲珑的躯体骤然剧烈弹动，紧致的臀肉一下下狠狠向内收缩，{anal}极度剧烈地连续绞缩痉挛，长久不歇地翕张搏动个不停。\n娇小紧窄的括约肌疯狂持续地绞紧又松开，一缩一张抽搐不断，纤细的臀瓣随之上下剧烈颤跳。\n她纤瘦的腰肢深深地弓起到极致，旋即又整个瘫软塌陷下去，反反复复起落不定。\n两条细腿失控地痉挛踢蹬，脚尖绷直又猛地蜷曲，纤纤十指抽搐着攥拢抓紧，指尖深深掐入。\n紧致小巧的后穴深处翻涌出海量滚烫的肠液，失禁般喷涌不止，顺着娇嫩的臀缝一波波喷洒流淌。\n她的脊背反复绷直又塌软，浑身肌肉强烈而持久地抽搐颤栗，一双眼失神涣散，唇舌无力松垂，口水连成细线淌落，呼吸彻底失序再也压不住那阵阵急喘。

2130,action_part_a_orgasm_super_B,0,CVP_A2_T|127_E_1,{TargetName}的娇躯毫无征兆地猛然弹起，腰肢深深弓成一道满绷的弧线，紧接着又骤然瘫软塌落，如此反复地深弓又瘫倒。\n{anal}极度剧烈地连续痉挛紧缩，那一圈括约肌疯狂而持久地绞缩翕张，翻搅个不停。\n全身的肌肉一阵阵强烈地绷紧抽硬，纤细的四肢失控地颤抖痉挛，两条腿无意识地胡乱蹬踢。\n大股大股的肠液自{anal}失禁般喷涌而出，顺着腿根汩汩涌流不止，怎么也止不住。\n她圆润匀称的臀瓣被深处的疯狂抽搐震得剧烈起伏晃颤，恰到好处的柔韧臀肉在一次次绷硬与瘫软间反复变形。\n她的双眼彻底涣散失焦，唇舌不受控制地微微吐露，津液顺着嘴角淌落，呼吸也彻底乱了节拍，急促的喘息断断续续，整具娇躯被这场剧烈的抽搐折腾得瘫软不止。
2131,action_part_a_orgasm_super_B,0,CVP_A2_T|127_E_1,{TargetName}整个人骤然绷成一张满弓，腰部深深地向上顶起，随后又彻底失去力气般软塌下去，脊背反复地弓起又塌陷。\n{anal}长时间地剧烈翻搅绞缩，括约肌一下下疯狂地收紧又张开，痉挛的幅度大得惊人。\n她全身的肌肉持续地强烈抽紧，双臂僵直地颤抖，两腿失控地痉挛乱蹬，脚趾死死蜷曲又猛然张开。\n汹涌的肠液自{anal}一股股喷薄而出，如失禁般涌流不歇，淌得腿间一片狼藉。\n匀称饱满的臀部随着深处的狂乱抽搐一波波剧烈颤晃，圆润有弹性的臀肉被绞缩的节奏挤压得反复变形起伏。\n她的眼神彻底失去焦距，眼白微微上翻，嘴唇失控地张合，口水顺着下巴滑落，喉间溢出断续而失序的喘鸣，整具身子在这场持久的痉挛中抖得不能自已。
2132,action_part_a_orgasm_super_B,0,CVP_A2_T|127_E_1,{TargetName}的身体毫无预兆地剧烈弹动，腰肢一次次深深弓起又猛然瘫软，起伏的幅度大得近乎失控。\n{anal}极度剧烈且持久地连续收缩痉挛，那圈括约肌疯狂地绞紧又翕开，翻卷的动静一刻不停。\n全身的肌肉强烈而持续地绷硬抽搐，纤细的手指僵直地痉挛张合，双腿不受控制地颤抖乱蹬，脚背绷得死直。\n大量肠液从{anal}失禁般喷涌倾泻，一波接一波地涌流而下，怎么也收束不住。\n她那对形状匀称的臀瓣被深处的抽搐震得剧烈战栗，柔软圆润的臀肉在绷紧与松塌之间反复挤压变形。\n她的双眼彻底涣散无神，唇舌失控地外吐，涎水沿着嘴角滴淌，急促紊乱的呼吸断断续续，整具娇躯在这剧烈的连番痉挛里瘫软颤抖个不停。
2133,action_part_a_orgasm_super_B,0,CVP_A2_T|127_E_1,{TargetName}纤细的躯体骤然弹起绷直，腰部深深地向上弓起后又彻底瘫塌下去，如此深弓又软倒地反复着。\n{anal}剧烈地长时间连续绞缩痉挛，括约肌疯狂而不受控制地一张一合，翻搅收缩得停不下来。\n她全身肌肉一阵阵强烈地绷紧抽搐，四肢失控地颤栗痉挛，两条腿无力却又剧烈地乱蹬乱踢。\n滚烫的肠液自{anal}如失禁般大股喷洒涌出，沿着腿根流淌不止，淋漓一片。\n匀称圆翘的臀部随着深处狂乱的抽动剧烈地颤动起伏，那恰到好处的臀肉被一波波绞缩挤压得反复变形。\n她的眼神空洞失焦，眼角沁出泪光，双唇失控地翕动，口水拉出细丝滑落，喉咙里溢出破碎散乱的喘息，整个人在这持续的抽搐中抖颤瘫软，动弹不得。
2134,action_part_a_orgasm_super_B,0,CVP_A2_T|127_E_1,{TargetName}的娇躯猛地一挺，腰肢深深弓成满绷的弧度，紧接着又骤然失力般瘫软下塌，反反复复地弓起塌陷。\n{anal}极度剧烈地连续痉挛翻卷，那圈括约肌疯狂而持久地绞缩又张开，收放的幅度大得骇人。\n全身的肌肉强烈地持续绷紧战栗，纤细的四肢失控地抽搐颤动，双脚无意识地胡乱蹬踹，脚趾蜷曲又猛张。\n汹涌的肠液从{anal}失禁般喷涌而下，一股接一股地涌流不歇，把腿间淋得湿透。\n她圆润匀称而富有弹性的臀瓣被深处的疯狂抽搐震得一波波剧烈晃颤，柔韧的臀肉在绷硬与瘫软间不断挤压起伏。\n她双眼彻底失神涣散，唇舌不受控制地吐露，津液顺着嘴角淌下，呼吸完全失了章法，急促的喘鸣断续溢出，整具身子在这场极端的抽搐里颤抖瘫软不休。

2135,action_part_a_orgasm_super_B,0,CVP_A2_T|128_E_1,{TargetName}的身体骤然弓成一张紧绷的满弓，腰部深深地向上顶起后又猛地彻底瘫软下去，如此反复起伏。\n{anal}极度剧烈地连续痉挛收缩，括约肌疯狂而持续地绞缩翕张，一圈圈地紧缩又松开，翕动个不停。\n她那异常丰满的巨臀剧烈地弹跳震荡，硕大的臀肉在每一次痉挛中翻涌起伏，掀起一层层饱满而富有弹性的肉浪，抖动得停不下来。\n全身的肌肉强烈而持续地抽搐绷紧，四肢失控地颤抖痉挛，双腿无意识地乱蹬绷直，脚趾深深蜷缩扣拢，十指死死攥紧又猛然张开。\n她的眼神彻底涣散失焦，唇舌失控地微微吐出，涎水顺着嘴角溢流而下，呼吸完全紊乱失序，胸膛急促而剧烈地起伏。\n{anal}失禁般地喷涌出大量滚烫肠液，一股股汹涌流淌不止，丰腴的臀瓣在这场极致的抽搐中震颤不休。
2136,action_part_a_orgasm_super_B,0,CVP_A2_T|128_E_1,{TargetName}整具身躯陡然剧烈绷直，腰肢一次次深深弓起到极限，随即又瘫软塌陷，如波浪般反复起落不止。\n{anal}以骇人的幅度极度剧烈地连续绞缩，括约肌疯狂地一开一合翕张收束，痉挛得毫无节律可循。\n她那惊人丰满的巨臀疯狂地弹动摇晃，浑圆硕大的臀瓣随着每一下抽搐翻滚震荡，饱满的臀肉相互挤压又弹开，泛起令人目眩的连绵肉浪。\n四肢剧烈地失控痉挛，双腿绷直又蜷缩，脚背反复绷紧，双手死死抓握着攥紧，指节因用力而泛白。\n她的头猛地向后仰去，眼神失焦涣散，双唇失控地大张，舌尖微微探出，口水不受控制地溢出滑落。\n{anal}喷涌出大量滚烫肠液，失禁般地涌流不歇，全身的肌肉从头到脚一齐持续地绷紧战栗，硕大的臀肉抖动个不停。
2137,action_part_a_orgasm_super_B,0,CVP_A2_T|128_E_1,{TargetName}的腰部猛烈地向上弓成一道深弧，紧绷到极限后又骤然彻底松垮塌落，反反复复地深弓又瘫软。\n{anal}极度剧烈而漫长地连续痉挛，括约肌一圈圈疯狂地绞缩翕动，收紧又骤松，翕张个没完。\n她那丰满得惊人的巨臀剧烈地震荡弹跳，硕大饱满的臀肉一波接一波地翻涌抖动，富有弹性地颤动波动，掀起层层肉浪。\n全身肌肉强烈地抽搐绷紧，四肢无法自控地颤抖乱蹬，双腿时而绷直时而痉挛蜷曲，脚趾用力抠扣。\n她的面部彻底失控，眼神迷离涣散，嘴唇松弛地半张着，涎水顺着下颌滴落，喉间发出破碎紊乱的喘息，胸膛急剧起伏。\n{anal}如决堤般喷涌出汹涌的滚烫肠液，一股股失禁般地流淌不止，浑圆的臀瓣在剧震中不停地弹动。
2138,action_part_a_orgasm_super_B,0,CVP_A2_T|128_E_1,{TargetName}的脊背骤然绷成一张满弓，腰肢深深地上顶而后猛然瘫软下坠，一次次深弓又塌陷。\n{anal}极度剧烈地连续收缩痉挛，括约肌疯狂而持续地绞紧翕张，一缩一放地翕动痉挛不停。\n她那异常丰腴的巨臀剧烈晃动震颤，硕大浑圆的臀肉随着痉挛的节奏翻滚起伏，饱满而富有弹性地一浪浪波动，臀瓣相互撞挤又弹开。\n四肢失控地剧烈痉挛颤抖，双腿乱蹬又并拢绷紧，脚尖绷直蜷缩，双手胡乱抓攥，十指痉挛地张合。\n她的眼神空洞涣散，唇舌完全失控地松张，口水溢出顺着脸颊滑下，全身肌肉持续绷紧战栗，呼吸紊乱到几近窒息。\n{anal}失禁般地大股喷涌出滚烫的肠液，涌流不歇，硕大的臀肉在这场极致的痉挛里剧烈抖动个不停。
2139,action_part_a_orgasm_super_B,0,CVP_A2_T|128_E_1,{TargetName}整个人猛地弓起绷直，腰部反复深深地向上顶弓，达到极限后又彻底瘫软垮下，起伏不停。\n{anal}极度剧烈、长时间地连续痉挛绞缩，括约肌疯狂地翕张收束，一圈圈痉挛翕动，毫无停歇。\n她那丰满硕大的巨臀疯狂地弹跳震荡，浑圆饱满的臀瓣随每一下抽搐掀起连绵的肉浪，臀肉翻涌颤动，弹性十足地波动个不停。\n全身肌肉强烈而持续地抽搐紧绷，四肢失控地乱蹬痉挛，双腿绷直又蜷曲，脚趾深深扣拢，手指死死掐住身侧攥得发白。\n她双眼失神涣散，嘴巴失控地大张着，舌头微吐，涎水不住地溢流，胸口剧烈而急促地起伏喘动。\n{anal}如失禁般喷涌出汹涌不止的滚烫肠液，大股大股地流淌，丰腴的臀肉在极致的震颤中抖动不休。

2140,action_part_a_orgasm_super_B,0,high_1,{TargetName}的身子毫无预兆地猛然绷直，随即{anal}便以远超寻常的幅度剧烈痉挛起来，一圈圈括约肌疯狂而持续地绞缩翕张，收紧又松开，收紧又松开，节奏乱得再也无法自控。\n她的腰部深深地弓起成一道紧绷的弧，弓到极限后又骤然彻底瘫软下去，如此反复起伏了好几回。\n两条腿失控地绷直乱蹬，脚趾用力蜷曲扣紧，小腹的肌肉一阵阵剧烈地抽搐收缩，整片肚皮都在急促地起伏颤动。\n她的双手死死攥紧，指节泛白，手臂上的肌肉绷得紧紧的，脖颈的青筋也随之凸起。\n大股大股温热的肠液伴随着{anal}的疯狂绞缩失禁般喷涌而出，一波接一波涌流不止，怎么也停不下来。\n她的眼神彻底涣散失焦，唇舌失去了控制，嘴角不受控地淌下津液，呼吸紊乱到几近断续，整具身子在剧烈的抽搐中长时间地战栗痉挛着。
2141,action_part_a_orgasm_super_B,0,high_1,{TargetName}的全身肌肉在这一刻同时强烈地绷紧抽搐，{anal}极度剧烈而长时间地连续收缩绞紧，括约肌一下下疯狂地翕张吮咬，痉挛的幅度大得几乎失了控。\n她的背脊反复深深弓起，弓成满弓后又整个瘫软塌陷，一次又一次地重复着这种剧烈的起伏。\n四肢不受控制地颤抖痉挛，双腿时而绷直时而乱蹬，脚背绷成僵直的弧线，脚趾深深蜷缩抠紧。\n她的双手胡乱抓挠攥握，指尖用力到发白，手腕都在微微发颤。\n浓稠温热的肠液随着{anal}一波波疯狂的绞缩大量喷射失禁，止不住地向外涌流，量与势都汹涌得惊人。\n她的头无力地向后仰去，眼神空洞涣散，双唇大张却发不出成句的声音，口水顺着下颌线滑落，胸口剧烈起伏，呼吸完全乱了节奏，整具身躯长久地陷在失控的抽搐颤栗里迟迟无法平息。
2142,action_part_a_orgasm_super_B,0,high_1,{TargetName}猛地一个激灵，整个身子剧烈地弹动了一下，紧接着{anal}便陷入极度剧烈的连续痉挛，括约肌疯狂地绞紧又骤松，一阵紧过一阵，翕张收缩得毫无章法。\n她的腰肢深深地向上顶弓，绷到极致后又无力地彻底摊软，如此深弓浅落地反复了数次。\n双腿失控地痉挛乱蹬，膝盖时而并拢时而张开，脚趾死死地向内蜷缩勾紧，小腹一鼓一缩地剧烈抽搐着。\n她的十指痉挛般地收拢攥握，指节全然泛白，连手臂都因过度用力而簌簌发抖。\n伴着{anal}一次次汹涌的绞缩，大量滚烫的肠液失禁般地喷涌而出，如决堤般涌流不止，怎么都收束不住。\n她的双眼失神地翻起，眼角沁出生理性的泪水，唇舌软软地失去控制，津液顺着嘴角不断溢流，急促紊乱的喘息断断续续，整具身体在漫长的抽搐里持续战栗着。
2143,action_part_a_orgasm_super_B,0,high_1,{TargetName}的身躯骤然弓成一张满弦的弓，{anal}随即极度剧烈地连续绞缩抽搐，括约肌不受控制地疯狂翕张开合，一波接一波地痉挛，幅度与频率都远远超出了寻常。\n她的腰部一次次深深地弓起又猛地瘫软塌下，反复起落个不停，整条背脊绷紧又松弛。\n四肢僵直地颤抖痉挛，双腿无力地乱蹬乱踹，脚尖绷得死直，脚趾用力抠拢，腹部的肌肉剧烈而密集地一阵阵收缩抽搐。\n她的双手胡乱地攥紧了一切能抓住的，指节掐得发白，手背青筋凸起。\n随着{anal}疯狂的绞缩节奏，滚热的肠液大股大股地喷射失禁，汹涌地涌流不止，怎么也止不住地往外淌。\n她的头颅无力地摇晃后仰，眼神彻底涣散失焦，嘴唇不受控地哆嗦张合，口水成串地滑落，呼吸紊乱到几乎断续，整具身子在长时间的剧烈抽搐中不住地战栗颤抖。
2144,action_part_a_orgasm_super_B,0,high_1,{TargetName}整个人猛然一僵，随后便被剧烈的痉挛彻底攫住，{anal}极度剧烈地连续收缩绞紧，括约肌疯狂而持久地翕张吮缩，一下下抽搐得再无半分节制。\n她的腰身深深弓起又骤然彻底软塌，反复地深弓、瘫软、再深弓，脊背在剧烈的起伏中绷紧又松开。\n双腿失控地痉挛乱蹬，大腿内侧的肌肉紧绷颤抖，脚趾狠狠地蜷曲抠紧，小腹一波波密集地剧烈抽搐。\n她的手指痉挛地蜷握收拢，指节泛白发颤，连肩膀都在不住地耸动。\n温热浓稠的肠液伴着{anal}的疯狂绞缩失禁般大量喷涌，一浪接一浪汹涌地涌流不止，止都止不住。\n她的双眼失神地上翻，眼角滚下生理性的泪珠，唇舌彻底失去控制，津液顺着嘴角淌成一线，急乱的喘息断断续续，整具身躯在漫长而剧烈的抽搐颤栗中久久不能平复。

2145,action_part_a_orgasm_super_B,0,t_npc_active_h,原本主动骑坐着掌控节奏的{TargetName}身形猛地一僵，随即再也维持不住那副主动的姿态，整个人向后深深仰折。\n{anal}开始极度剧烈而漫长地连续痉挛，一圈圈括约肌疯狂地绞紧又翕张，收缩的幅度大得吓人，一波未平一波又起。\n她全身的肌肉一齐强烈地抽搐绷紧，腰部反复深深弓起，弓到极处又骤然彻底瘫软下去，如此往复。\n两条腿失控地痉挛乱蹬，脚趾死死蜷扣，双手胡乱抓挠着攥紧，指节泛白。\n她的眼神彻底涣散上翻，唇舌失控地张合，来不及吞咽的口水顺着嘴角成线地滑落。\n随着{anal}一次次疯狂的绞缩，大股大股滚烫的肠液失禁般喷涌而出，涌流不止，怎么也止不住，急促的喘息完全乱了套，整具身子在剧烈的抽搐中颤抖了许久才勉强软瘫下来。
2146,action_part_a_orgasm_super_B,0,t_npc_active_h,{TargetName}那副跨坐着自行掌握起伏的主动身姿骤然崩解，腰背猛地弹直又深深塌陷。\n{anal}陷入了极度剧烈、久久不息的连续痉挛，括约肌一下接一下疯狂地绞缩、翕张，翻涌般的收缩持续了远超寻常的长度。\n她的四肢先是死死绷直，紧接着又剧烈地抽搐颤动起来，双腿无意识地乱蹬乱夹，脚背绷成僵直的弧度。\n腰肢一次次深深弓起随即又整个瘫软，反复起落，浑身的肌肉一同强烈地收紧抖动。\n涣散的双眼失焦上翻，嘴唇再也合不拢，舌尖失控地探吐，晶亮的涎水沿着下颌滴落。\n伴着{anal}疯狂的绞紧，成股的肠液如失禁般汹涌喷洒，一泻不止地涌流出来，浸得一片狼藉，急乱的呼吸彻底失去节律，整个身体在长久的剧颤后才慢慢平息下去。
2147,action_part_a_orgasm_super_B,0,t_npc_active_h,一直主动压制着节奏的{TargetName}再也撑不住那份从容，身子骤然剧烈弹动。\n{anal}以骇人的幅度极度剧烈地连续痉挛收缩，括约肌疯狂而持续地一绞一张，绞缩的力道与频率都远远超出寻常绝顶。\n全身肌肉强烈而持久地抽搐绷紧，腰部深深弓起到极限后又彻底软塌，一次又一次地反复。\n她四肢失控地痉挛乱颤，双脚不住地蹬动，十指痉挛般张开又攥拢。\n眼球上翻失神，嘴角失控地抽搐张合，唇舌不听使唤，口涎不受控制地溢出滑落。\n随着{anal}每一轮疯狂的翕张绞缩，滚烫的肠液大量喷涌而出，失禁般涌流不休，怎么也收不住，整具身躯在漫长而剧烈的抽搐痉挛中反复颤栗，久久无法停歇。
2148,action_part_a_orgasm_super_B,0,t_npc_active_h,{TargetName}原本主动起伏的腰身猛地失了准头，整个人剧烈地弓折抽动。\n{anal}进入极度剧烈且异常漫长的连续痉挛，一圈圈括约肌疯狂地绞紧又松张，翕张的动作密集得几乎连不成拍。\n她浑身的肌肉一齐绷成僵直，随即又成片地剧烈抽搐颤动，腰部深深弓起后又骤然瘫软，如此往复不休。\n双腿失控地痉挛蹬踏，脚趾用力蜷曲扣紧，两手胡乱抓握，指节因用力而泛白发颤。\n她的眼神彻底散乱上飘，唇齿失控地开合，来不及咽下的口水一线线淌出。\n{anal}疯狂绞缩之间，大量滚烫的肠液成股喷涌、失禁般奔流不止，怎样都止不住地涌淌，紊乱失序的喘息里，整具身子抽搐颤抖了良久方才无力地瘫软。
2149,action_part_a_orgasm_super_B,0,t_npc_active_h,主动跨骑掌控的{TargetName}身形骤然剧烈一挺，那份主导的姿态彻底垮塌成失控的抽搐。\n{anal}极度剧烈地连续痉挛不止，括约肌疯狂而持续地一收一放地绞缩翕张，收放的幅度与时长都远远凌驾于常。\n全身肌肉强烈地抽搐绷紧，腰部反复深深弓起又整个软瘫下去，起伏之间毫无章法。\n四肢失控地乱颤乱蹬，脚尖死死绷直勾扣，双手痉挛地攥紧又张开。\n她双目涣散失焦，唇舌完全不受控制地颤抖张合，涎水顺着嘴角不停地滑落。\n随着{anal}一次次凶猛的绞缩，成股肠液如失禁一般喷涌奔流，涌泻不止地淌了满处，急促紊乱的呼吸彻底失控，整具躯体在久久不歇的剧烈痉挛中反复颤动，好一会儿才慢慢松软下来。

2150,action_part_a_orgasm_super_B,0,group_sex_mode_on&CVP_A2_A|34_LE_4,{TargetName}的身体毫无预兆地剧烈弹起，{anal}以远超寻常的幅度长时间连续痉挛绞缩，括约肌疯狂而持续地翕张收合，一圈圈疯狂地绞紧又松开。\n全身的肌肉一齐强烈绷紧，从脊背到四肢都僵直地抽搐着，腰部深深地弓起成一道满弦的弧线，维持了好一会儿才骤然彻底瘫软下去。\n两条腿失控地痉挛乱蹬，脚趾用力蜷曲扣紧，双手死死攥住身边能够到的一切。\n大量肠液自{anal}失禁般地喷涌而出，一股接一股地汹涌流淌，怎么也止不住。\n即便如此，她仍侧过身把腰腹朝内蜷缩，用一条手臂横挡在身前，另一只手死死拉着遮挡交合处，紧紧抿着的唇缝里只漏出断续而压抑的气音，眼神却已涣散失焦，口角控制不住地溢出了津液。
2151,action_part_a_orgasm_super_B,0,group_sex_mode_on&CVP_A2_A|34_LE_4,{TargetName}整具躯体骤然绷成一条紧绷的直线，{anal}极度剧烈地连续抽搐收缩，一波未平一波又起，括约肌不受控制地疯狂绞缩翕张，收放的幅度大得惊人。\n她的小腹随着那阵阵痉挛反复深陷又鼓起，腰肢一次次深弓而后又软塌下来，四肢绷得笔直，随即又剧烈地颤抖乱颤。\n脚背向下绷直，脚趾死死扣拢，双膝不住地打颤，双手在身侧胡乱抓握。\n伴随着这场剧烈的收缩，大量肠液从{anal}汹涌喷出，失禁般地涌流不止，浸得一片狼藉。\n她始终把脸埋向一侧，用手背胡乱掩着，另一只手不停地想扯东西挡住下身，紧咬的牙关间只挤出细碎压抑的喘息，可涣散的双目与不断滑落的口涎，却将她的失控暴露得清清楚楚。
2152,action_part_a_orgasm_super_B,0,group_sex_mode_on&CVP_A2_A|34_LE_4,{TargetName}的身子猛地一挺，随即陷入长时间不受控的连续痉挛，{anal}疯狂地绞缩翕张，一阵紧过一阵，括约肌持续而剧烈地收合抽搐，止不住地颤动。\n她全身的肌肉都紧绷到极点，脊背反复深弓，每弓起一次都停顿片刻，而后又整个瘫软塌陷下去。\n双腿痉挛着无力地乱蹬，脚趾蜷缩扣紧，十指痉挛般地抓挠攥握，指节因用力而泛白。\n{anal}喷涌出大量肠液，一股股地失禁般奔流而下，量大得惊人。\n即便浑身颤抖成这样，她仍拼命把双腿往内并拢想遮掩，侧身缩起，用垂落的手臂挡在身前，唇齿死死咬合只泄出闷哼，然而失神的眼与溢出嘴角的涎水已再也藏不住。
2153,action_part_a_orgasm_super_B,0,group_sex_mode_on&CVP_A2_A|34_LE_4,{TargetName}毫无征兆地剧烈痉挛起来，{anal}以极端的烈度长时间连续绞缩抽搐，括约肌一下下疯狂地翕张收紧，收放之间幅度大到近乎失控。\n她全身肌肉一齐强直绷紧，腰腹反复抽搐收缩，脊背深深弓起又骤然彻底塌软，反反复复难以停歇。\n四肢不受控制地剧烈颤抖，双脚绷直乱蹬，脚趾扣得死紧，双手死命攥住可及之物。\n大量肠液自{anal}喷薄而出，失禁般汹涌涌流，怎么都止不住。\n她却仍旧背过身去，蜷成一团把要害藏起，一手遮着脸一手死死掩着交合的部位，牙关咬得死紧只闷着不出声，可剧烈起伏的胸膛、涣散的目光与不断溢流的口水，都在无声地暴露她的失态。
2154,action_part_a_orgasm_super_B,0,group_sex_mode_on&CVP_A2_A|34_LE_4,{TargetName}的躯体骤然绷直弹起，{anal}极度剧烈而持久地连续痉挛紧缩，括约肌疯狂地一收一放地绞缩翕张，收合的节奏又急又猛。\n她小腹深处反复抽搐塌陷，腰身一次又一次深深弓起，僵持片刻后又整个瘫软下坠，全身肌肉绷得如同拉满的弦。\n双腿失控地痉挛乱蹬又并拢，脚趾狠狠蜷扣，双手在身侧无意识地抓挠攥紧。\n随着这剧烈的收缩，{anal}喷涌出大量肠液，失禁般止不住地奔涌流淌。\n她自始至终都侧着身把腰臀朝里藏，用手臂横遮在身前，另一只手拽着东西压向下身遮掩，咬紧的唇缝只溢出压抑的气声，然而失焦涣散的双眸和顺着嘴角淌落的津液，早把她的一切都出卖了。

2155,action_part_a_orgasm_super_B,0,group_sex_mode_on&CVP_A2_A|34_G_4,{TargetName}的躯体骤然绷成一张满弓，{anal}极度剧烈而漫长地连续痉挛绞缩，括约肌疯狂地一开一合翕张收束，把这份失控的抽搐一波接一波地延续下去。\n她非但不曾侧身回避，反而主动扭转腰肢，将痉挛翕张的下体正正对准身旁那几名女性的视线，双手撑开腿根把交合的部位高高展露出来。\n腰部反复深深弓起而后又彻底瘫软塌落，四肢失控地颤抖乱蹬，脚趾一次次痉挛蜷曲又骤然绷直，全身肌肉强烈而持续地抽搐紧绷。\n大量肠液自{anal}失禁般喷涌而出，一股股淋漓地喷溅涌流不止，顺着颤抖的腿根蜿蜒滑落，在众目之下汪出湿亮的一片。\n她的眼神彻底涣散失焦，唇舌不受控制地松垮张开，口水沿着嘴角溢出滴落，胸口随着完全失序的急促呼吸剧烈起伏，喉间不断迸出破碎失控的媚吟，整具身子在众人面前抖颤个不停。
2156,action_part_a_orgasm_super_B,0,group_sex_mode_on&CVP_A2_A|34_G_4,{TargetName}整个人猛地痉挛弹起，{anal}以远超寻常的幅度剧烈翻搅收缩，括约肌一圈圈疯狂地绞紧又松开，连绵不断地翕张抽动着难以平息。\n她刻意挺起胯部，把不住抽搐的下身朝着周围女性的方向送去，还用手指扒开臀缝，让痉挛失禁的部位毫无遮拦地暴露在众人眼前。\n脊背一次次绷成深弓又软瘫下去，双腿大张着失控地痉挛乱蹬，脚踝紧绷，十指痉挛地攥握又张开，浑身肌肉一阵接一阵地绷紧抖颤。\n汹涌的肠液从{anal}喷薄溅射而出，失禁般地涌流个不停，将臀下和腿间淋得湿漉漉一片，水光在众目下格外刺眼。\n她的双眼失神地上翻，嘴巴大张着合不拢，津液顺着下颌滑落，急促失序的喘息令胸膛剧烈鼓动，一声声支离破碎的浪吟从喉咙深处滚落，身子颤栗着久久停不下来。
2157,action_part_a_orgasm_super_B,0,group_sex_mode_on&CVP_A2_A|34_G_4,{TargetName}的身躯剧烈弹颤起来，{anal}近乎癫狂地连续绞缩痉挛，括约肌毫无节制地疯狂翕张吮咬，一次次收紧又骤然松垮个不停。\n她主动昂首挺腰，把颤搐的下体转向那几道女性的目光，双手掰着臀瓣将失禁抽动的部位大大方方地摊开展示。\n腰肢深深弓起后又彻底塌软，四肢无力却痉挛地颤抖乱蹬，脚趾用力蜷缩又猛地绷开，全身的肌肉一层层强烈地抽搐绷紧。\n大量肠液自{anal}失禁般狂涌喷溅，一波波地淋漓涌流不止，顺着痉挛的臀肉和大腿蜿蜒淌下，在众人围观下汪成湿亮的水渍。\n她的眼神彻底涣散，眼白微微上翻，舌头失控地垂出唇外，口水拉着银丝滴落，胸脯随着完全失控的喘息大幅起伏，破碎放荡的呻吟连绵不绝，浑身颤栗抽搐着无法自止。
2158,action_part_a_orgasm_super_B,0,group_sex_mode_on&CVP_A2_A|34_G_4,{TargetName}猛地仰头绷紧全身，{anal}疯狂而漫长地连续收缩抽搐，括约肌一下下失控地绞紧翕张，把这阵剧烈的痉挛拖得极长极久。\n她非但不遮掩，反而主动转过身把不断抽动的下体高高抬起，正对着围观女性的视线，用手撑开腿根将交合失禁处彻底暴露出来。\n背脊反复弓成深弧又骤然瘫软，双腿失控地大张痉挛乱蹬，脚尖一会儿绷直一会儿蜷缩，遍身肌肉强烈而持续地紧绷抖颤。\n滔滔肠液从{anal}喷涌失禁般地涌流个不停，一股接一股地喷溅淋漓，把腿间和臀下浇得湿透，水痕在众目睽睽下清晰可见。\n她双目失焦地涣散着，嘴唇松垮地大张，涎水顺着嘴角淌落，急促紊乱的呼吸让胸口剧烈起伏，喉间不断漏出破碎失序的娇吟，整个身子在众人面前抖颤痉挛得停不下来。
2159,action_part_a_orgasm_super_B,0,group_sex_mode_on&CVP_A2_A|34_G_4,{TargetName}的躯体骤然剧烈弹搐起来，{anal}以骇人的力度连续翻绞收缩，括约肌毫无停歇地疯狂开合翕张，抽搐一浪高过一浪迟迟不肯止息。\n她刻意把腰胯高高挺送，将痉挛失禁的下身朝向那几名女性摆出来，双手扒着臀部让抽动喷涌的部位彻底袒露在众人眼底。\n腰部深深弓起旋即彻底瘫落，四肢失控地颤抖踢蹬，脚趾痉挛地扣拢又猛然张开，全身上下的肌肉一阵阵剧烈地绷紧收缩。\n大量肠液自{anal}失禁般汹涌喷薄，接连不断地喷溅涌流，顺着战栗的腿根淋漓淌下，在众目围观里积成一片湿亮的水洼。\n她的眼神彻底散乱上翻，嘴巴张得合不拢，口水成线地垂落，胸膛随着完全失控的急喘剧烈鼓荡，一声声破碎淫荡的浪叫从喉咙里滚出，浑身痉挛颤栗着久久无法平复。

2160,action_part_a_orgasm_super_B,0,h_in_love_hotel,在爱情旅馆柔软的大床上，{TargetName}的娇躯骤然绷成一张满弓，{anal}极度剧烈地连续痉挛收缩，深处的括约肌疯狂而持续地绞缩翕张，一圈圈翻涌着往里紧缩又猛地弹开。\n全身的肌肉一齐强烈地抽搐绷紧，腰部反复深深弓起而后又彻底瘫软塌陷，如此往复不休。\n两条腿失控地颤抖痉挛，脚趾死死向内蜷扣，脚背绷得笔直，膝盖不住地打颤蹬动。\n十根手指痉挛着攥紧了身下的床单，指节泛白，指尖深深掐陷进柔软的织物里。\n大量温热的肠液自{anal}失禁般地喷涌而出，一股接一股地涌流不止，将身下浸得湿透。\n她的眼神彻底涣散失焦，镜面天花板映出她仰起的脖颈与失控的唇舌，涎水顺着嘴角不受控制地溢流下来，胸口随着完全失序的喘息剧烈起伏，整具身子在暧昧的光影里长久地痉挛战栗，久久无法平息。
2161,action_part_a_orgasm_super_B,0,h_in_love_hotel,爱情旅馆镜面天花板下，{TargetName}整具身子猛地一僵而后剧烈弹动起来，{anal}长时间地连续剧烈痉挛，括约肌一下下疯狂地绞缩收翕，翻涌收缩的幅度大得惊人。\n背脊反复深弓成一道紧绷的弧线，随即又骤然瘫软下去，腰肢一次次高高挺起又重重落回。\n四肢失控地乱蹬乱颤，大腿根部剧烈痉挛着夹紧又弹开，脚踝绷得死紧，脚趾一根根蜷缩扣拢。\n双手在暧昧的红光里胡乱抓挠攥握，指节因用力而根根泛白。\n汹涌的肠液自{anal}如决堤般大量喷涌喷洒，一波接一波地失禁涌流，怎么也止不住。\n她的双眼失神地半翻上去，唇舌完全失去控制地颤动，涎液顺着下颏滴落，呼吸彻底断了节奏地急促喘息，整具娇躯在这私密房间里长时间地剧烈抽搐颤栗。
2162,action_part_a_orgasm_super_B,0,h_in_love_hotel,圆形水床随着{TargetName}的剧烈挣动不住晃荡，她的身子骤然弓起到极限，{anal}极度剧烈而绵长地连续痉挛，深处的括约肌疯狂翕张绞缩，一圈圈紧箍又猛然松脱。\n浑身的肌肉强烈而持续地抽搐绷紧，腰腹一次次深深弓起又彻底瘫塌，反复不休。\n两条腿失控地痉挛蹬动，脚趾用力向内蜷扣，小腿绷得笔直发颤。\n手指痉挛着死死抠住水床的边沿，指尖深陷，指节泛出惨白。\n大量滚烫的肠液自{anal}失禁般喷涌而出，一股股汹涌地涌流喷溅，几乎止不住。\n伴着房内低回的暧昧音乐，她的眼神彻底散乱失焦，唇齿间溢出失控的涎水，脖颈高高扬起，胸膛随着完全失序的喘息剧烈起伏，整副躯体在暧昧光影中长久地颤栗抽搐不止。
2163,action_part_a_orgasm_super_B,0,h_in_love_hotel,在爱情旅馆暧昧红光笼罩的房间里，{TargetName}的身躯猛然剧烈弹跳起来，{anal}长时间不受控制地连续剧烈痉挛，括约肌疯狂而持续地绞缩翕张，翻涌收缩得毫无章法。\n腰部反复深深弓起而后又整个瘫软塌陷，脊背绷成弓形又骤然松垮。\n四肢失控地颤抖乱蹬，双腿痉挛着夹拢又弹开，脚趾根根紧扣蜷缩。\n两只手在身侧胡乱抓握，攥紧了触手可及的一切，指节泛白发颤。\n{anal}喷涌出大量温热的肠液，如失禁般一波接一波汹涌涌流，浸湿了身下一大片。\n她双眼失焦上翻，唇舌失控地哆嗦，涎水沿着嘴角不断溢落，隔音的墙壁将她断续失序的喘息封在房内，整具身子在私密空间中长久而剧烈地抽搐痉挛，迟迟无法平复。
2164,action_part_a_orgasm_super_B,0,h_in_love_hotel,爱情旅馆柔软的大床上，{TargetName}的娇躯骤然绷紧到极致而后剧烈震颤，{anal}极度剧烈、长时间地连续痉挛收缩，深处的括约肌疯狂地一翕一张不停绞缩，收缩幅度大得骇人。\n全身肌肉一齐强烈抽搐绷紧，腰肢反复高高弓起又彻底软塌，如此循环不止。\n两腿失控地痉挛乱蹬，大腿根紧绷夹合又骤然弹开，脚趾死死蜷扣，脚背绷直发颤。\n十指痉挛着深深抠进床褥，指节根根泛白。\n汹涌的肠液自{anal}失禁般大量喷涌喷洒，一股接一股涌流不止。\n镜面天花板映出她彻底失控的模样，眼神涣散无焦，唇舌哆嗦着溢出涎液，胸口随完全失序的喘息剧烈起伏，整具身子在暧昧灯影里长时间地战栗抽搐。

2165,action_part_a_orgasm_super_B,0,CVP_A2_T|102_E_1,幼小的{TargetName}身躯毫无预兆地剧烈痉挛起来，{anal}极度剧烈而持久地一波接一波收缩绞紧，稚嫩的括约肌疯狂地翕张绞缩，一圈圈用力绞裹着又猛然松开，如此反复不休，久久不曾停歇。\n稚气的腰肢深深弓起，绷成一张满弓，随即又猛地瘫软跌落，如此反复了好几回，纤细的脊背也随之一次次弓起又崩塌，绷紧的脊椎骨节隐隐可见。\n细弱的四肢完全失控般地抽搐颤抖，小小的脚趾胡乱蜷缩抓挠，双手胡乱地攥紧了触手可及的东西，指节因用力而泛白，双腿也不受控制地乱蹬了几下，大腿内侧的嫩肉一并绷紧抽动。\n稚嫩的肩颈与后背肌肉一同强烈地绷紧抽搐，圆润的小脸颊上血色骤然褪去又涌上，嘴唇不住地哆嗦着大张，唾液顺着嘴角无声滑落，浸湿了小小的下颌。\n眼神在剧烈的痉挛中彻底涣散失焦，眼珠无意识地上翻，{anal}深处大量肠液毫无保留地喷涌而出，失禁般汹涌地涌流不止，沿着稚嫩的大腿根一路淌下，浸湿了身下一大片，久久未见停歇。
2166,action_part_a_orgasm_super_B,0,CVP_A2_T|102_E_1,{TargetName}稚嫩瘦小的躯体猛地痉挛崩紧，{anal}长时间不受控制地连续剧烈收缩，一圈圈绞缩又猛然松开，反复翻涌不止，稚嫩的括约肌疯狂地一张一翕，绞得又急又密，怎么也止不住。\n幼小的腰肢一次又一次深深弓起，绷成弧线又猛然瘫软塌下，如此反复了数次，脊背也跟着一起一伏地剧烈起落，颈后的细汗涔涔渗出。\n纤细的四肢彻底失控地抽搐痉挛，小小的手指胡乱蜷曲又猛然张开，双脚脚趾用力蜷缩，双腿不受控制地胡乱蹬踢，大腿的肌肉一同绷紧发颤。\n稚气的下颌不住颤抖，嘴巴微微张开，唇舌完全失去控制，涎水顺着下巴滴滴答答地滑落，脖颈与肩膀的肌肉一同强烈绷紧又抽搐，胸口剧烈地起伏喘动。\n眼神涣散无焦，眼珠无力地向上翻转，{anal}深处大量肠液喷涌而出，一波接一波失禁般涌流不止，顺着稚嫩的臀缝与腿根汩汩流淌，很快浸透了身下的一片，久久不见平息。
2167,action_part_a_orgasm_super_B,0,CVP_A2_T|102_E_1,娇小的{TargetName}身体骤然剧烈痉挛起来，{anal}极度剧烈地反复收缩绞紧，一阵接一阵不曾停歇，稚嫩的括约肌疯狂翕张，绞缩得又快又急，仿佛要将周遭一切都紧紧咬住，久久无法自控。\n稚气的腰肢深深地弓起又崩塌，一次接一次地反复弓落，脊背随之剧烈地起伏抽动，稚嫩的肩胛骨也随之一起一伏地耸动。\n细瘦的四肢完全失控般地颤抖抽搐，小小的手掌用力攥紧身边能抓到的东西，指节泛白，双腿不受控制地胡乱蹬动，脚趾紧紧蜷缩起来，脚背也绷成一道细线。\n肩颈与后背的肌肉一同强烈绷紧又抽搐震颤，圆嫩的脸颊上血色忽褪忽涨，稚嫩的嘴唇哆嗦着微张，唾液顺着嘴角无声地淌下，濡湿了颈侧的一小片肌肤。\n眼神完全涣散失焦，眼珠无力地向上翻去，{anal}深处大量肠液毫无保留地喷涌而出，如失禁一般汹涌涌流不止，顺着稚嫩的大腿根与臀缝一路蜿蜒而下，将身下浸湿了一大片，久久未曾停止。
2168,action_part_a_orgasm_super_B,0,CVP_A2_T|102_E_1,幼嫩瘦小的{TargetName}猛地浑身痉挛紧绷，{anal}极度剧烈且持续地一波又一波收缩翕张，稚嫩的括约肌疯狂地绞紧又松开，反复不休，仿佛怎么也停不下来，一次比一次更加猛烈。\n稚气的腰肢一次次深深弓起，绷成一张满弓又猛然瘫软垮塌，如此反复数回，脊背随之一起一落地剧烈颤动，后颈处渗出细密的汗珠。\n纤细的四肢彻底失控地抽搐乱颤，小小的脚尖胡乱蜷缩勾绷，双腿不受控制地乱蹬乱踢，双手死死攥紧了身旁的东西，指尖因用力而泛白发颤，手臂也随之绷紧抖动。\n稚嫩的下巴不住地哆嗦，嘴巴微张，唇舌完全失控，涎水顺着嘴角断续地滑落，颈侧与肩背的肌肉一同强烈绷紧又抽搐震颤，胸膛剧烈地起伏喘息。\n眼神彻底涣散无焦，眼珠无力地向上翻转，{anal}深处大量肠液毫无保留地喷涌而出，失禁般涌流不止，顺着稚嫩的臀肉与大腿根蜿蜒淌下，很快浸湿了大片肌肤，久久流淌不止。
2169,action_part_a_orgasm_super_B,0,CVP_A2_T|102_E_1,{TargetName}娇小稚嫩的身躯猝然剧烈痉挛起来，{anal}长时间极度剧烈地连续收缩绞紧，一圈接一圈翕张绞裹，反复涌动不止，稚嫩的括约肌疯狂绞缩，急促而又密集，久久没有平息的迹象。\n稚气的腰肢反复深深弓起又颓然瘫软垮塌，脊背随之一次又一次地起伏抽动，动作幅度大得惊人，纤细的锁骨也随之一起一伏地颤动。\n细弱的四肢彻底失控般地抖动抽搐，小小的手指胡乱蜷曲攥紧又猛然松开，双腿不受控制地乱蹬乱踹，脚趾用力蜷缩起来，脚踝也随之绷紧抽搐。\n肩颈与后背的肌肉一并强烈绷紧又反复抽搐，圆润的脸颊血色忽褪忽涨，稚嫩的嘴唇哆嗦着微张，唾液顺着下颌无声滴落，滴落到胸前的皮肤上。\n眼神完全涣散失焦，眼珠无力地向上翻起，{anal}深处大量肠液毫无保留地喷涌而出，如失禁一般汹涌涌流不止，顺着稚嫩的腿根与臀缝一路淌下，浸湿了周围一大片肌肤，久久没有止息。

2170,action_part_a_orgasm_super_B,0,h_in_bathroom,{TargetName}湿透的娇躯猛地绷成一张满弓，{anal}极度剧烈地连续痉挛绞缩起来，那圈括约肌疯狂而持续地翕张收吸，一下比一下更急更狠。\n她湿漉漉的腰肢深深弓起又骤然彻底瘫软，反反复复地起伏，被热水冲刷得发亮的臀肉一阵阵剧烈地抽搐颤动。\n两条淋着水的大腿失控地痉挛乱蹬，脚趾在湿滑的地面上死死抠蜷又骤然绷直，膝盖不住地打颤打滑。\n一大股一大股滚烫的肠液自{anal}失禁般地喷涌泼洒而出，混着淋漓的热水顺着颤抖的股缝汩汩淌落，在氤氲的水汽里溅开。\n她的十指痉挛地抓挠着湿滑的瓷砖，脊背绷直的肌肉一波波强烈地抽搐，湿发凌乱地贴在通红的脸上，眼神彻底涣散上翻，唇舌失控地大张，涎水混着水珠不受控制地顺着下巴滑落，胸膛剧烈起伏着，呼吸完全乱成了破碎的抽噎。
2171,action_part_a_orgasm_super_B,0,h_in_bathroom,水声哗哗作响间，{TargetName}整具湿滑的身子骤然剧烈地弹颤起来，{anal}长时间不受控制地疯狂收缩痉挛，括约肌一圈圈癫狂地绞缩又猛地翕张，节奏乱得彻底失了章法。\n她的腰不停地深深塌陷又高高弓起，湿淋淋的臀部随着每一波抽搐大幅地颤栗抖动，被水浸得发红的肌肤上肌肉一处处地跳动绷紧。\n淋着热水的双腿剧烈地打颤蹬动，脚背反复地绷直又蜷曲，湿滑的脚掌在地上不住地打滑抓挠。\n浓稠灼热的肠液从{anal}一波接一波失禁般地汹涌喷出，和顺着身体流下的水流交织成一片，淋漓地泼溅在她战栗的腿间。\n她的手指死死攥紧又骤然张开，指节泛得发白，湿透的长发散乱地黏在颊边，双眼失神地翻起，微张的唇边溢出止不住的涎液，随着急促破碎的喘息一滴滴地垂落。
2172,action_part_a_orgasm_super_B,0,h_in_bathroom,{TargetName}被水汽裹着的躯体陡然绷得笔直，{anal}以极致的力道剧烈而漫长地连续绞缩痉挛，括约肌疯狂地收吸翕张，一阵紧过一阵，久久停不下来。\n她湿漉漉的腰肢一次次深深弓起旋即又软塌下去，被热水淋透的小腹剧烈地起伏抽搐，浑身的肌肉都在不受控制地强烈颤动绷紧。\n两条湿滑的大腿失控地痉挛乱蹬，脚趾在积着水的地面上狠狠蜷抠，膝头止不住地打战。\n汹涌的肠液从{anal}失禁般地一股股喷涌而出，混着淋漓的水珠沿着颤动的股沟不停地溅落淌流，量势远超寻常。\n她的双手胡乱地抓握着身边湿滑的一切，脊背肌肉一道道地凸起抽搐，湿发贴满了绯红失神的脸，眼神涣散地上翻，张大的嘴里失控地淌着涎水，喘息彻底断成了一声声破碎的抽气。
2173,action_part_a_orgasm_super_B,0,h_in_bathroom,{TargetName}淋着水的娇躯剧烈地弹跳了一下，{anal}随即极度剧烈地痉挛绞缩个不停，括约肌一圈圈疯狂地翕张收缩，长久地失控颤动着。\n她湿漉漉的腰肢反复地深深弓起又彻底瘫软，被热水冲得发亮的臀部一波波剧烈地抽搐颤栗，浑身的肌肉都紧绷成一片又骤然松脱。\n淋漓的双腿痉挛地乱颤乱蹬，脚趾在湿滑的地面上死死绷紧抠蜷，膝盖不住地打滑发抖。\n一大股滚烫的肠液自{anal}失禁般地喷洒涌流不止，和从发梢滴落的水珠汇在一起，顺着抽搐的腿根淋漓地淌下。\n她十指痉挛地扣抓着湿滑的墙面，脊背肌肉剧烈地起伏跳动，散乱的湿发黏在潮红的脸颊上，双眸失神地翻白，唇舌完全失控地大张着，涎液混着水一道道顺着嘴角滑落，胸口剧烈起伏，呼吸乱成了失控的呜咽。
2174,action_part_a_orgasm_super_B,0,h_in_bathroom,{TargetName}被蒸汽笼着的身躯猛地绷紧痉挛，{anal}长时间不受控制地剧烈收缩绞缩，括约肌疯狂而持续地绞紧翕张，一波未平一波又起。\n她湿滑的腰肢高高弓起后又整个软塌下去，反反复复地起落，淋着热水的臀肉大幅地颤抖抽搐个不停。\n两条湿漉漉的腿失控地痉挛蹬颤，脚趾在满是水的地面上狠狠蜷缩绷直，双膝止不住地打颤打滑。\n浓稠灼热的肠液从{anal}失禁般地一股股汹涌喷出，混着淋漓的热水沿着战栗的股缝不停地泼溅淌流，将她的腿间冲刷得一片湿漉。\n她的手胡乱地抓挠攥紧着身旁湿滑的一切，指节掐得发白，整条脊背绷成弓形不住地抽搐，湿发凌乱地贴在失神通红的脸上，双眼涣散上翻，张开的唇边溢出不受控制的涎水，急促的喘息彻底碎成了一连串抽噎。

2175,action_part_a_orgasm_super_B,0,hidden_sex_mode_1&place_someone_not_in_hidden_and_conscious,{TargetName}死死咬住嘴唇不让自己叫出声，{anal}却在这一刻陷入极度剧烈而漫长的连续痉挛，一波接一波不受控制地绞缩翕张。\n括约肌疯狂而持续地收紧又张开，全身的肌肉一同强烈绷紧又猛地抽搐，腰部深深弓起后又骤然彻底瘫软下去。\n她的双腿失控地颤抖乱蹬，脚趾用力向内蜷曲扣拢，双手死死抠住身边能抓到的东西，指节被攥得惨白。\n大量肠液失禁般地喷涌而出，涌流不止，一股接一股顺着痉挛的躯体不停淌落。\n她拼命维持着表面的镇定，眼神却早已涣散失焦，唇舌失控地微微张合，一缕口水悄悄溢出嘴角，急促失控的呼吸被硬生生压回喉咙。\n周围的人不时投来怀疑的目光，她只能绷紧每一寸肌肉强装无事，可那止不住的剧烈颤栗还是一下下泄露着秘密。
2176,action_part_a_orgasm_super_B,0,hidden_sex_mode_1&place_someone_not_in_hidden_and_conscious,{TargetName}紧紧抿着唇死死屏住呼吸，{anal}却极度剧烈地连续抽搐收缩，长时间不受控地一阵阵翻搅绞紧，怎么也停不下来。\n括约肌高频而持续地疯狂翕张绞缩，小腹与腰腹的肌肉一齐痉挛绷紧，脊背反复深深弓成弧线，随即又一次次瘫软塌下。\n两条腿失控地痉挛打颤，膝盖不住地打着哆嗦，脚掌无力地蹬踏，双手攥紧到骨节泛白，指尖深深掐进掌心。\n汹涌的肠液如失禁般一股股喷涌而出，止不住地顺着颤抖的腿根淌流成片。\n她的头微微后仰，眼神彻底涣散，眼角沁出生理性的泪水，唇齿失控地打颤，喉间溢出压抑到极致的细碎气音。\n身旁狐疑的视线一次次扫过来，她只能咬紧牙关将剧烈起伏的胸膛硬压下去，可绷不住的抖动依旧一下下暴露在人前。
2177,action_part_a_orgasm_super_B,0,hidden_sex_mode_1&place_someone_not_in_hidden_and_conscious,{TargetName}将脸埋低强忍着不让声音泄出，{anal}却陷入近乎失控的极致痉挛，长时间地剧烈绞缩收紧，一下比一下更加汹涌。\n括约肌疯狂地一收一放持续绞动，浑身的肌肉一齐紧绷到极限后又猛烈地抽搐战栗，腰肢反复深弓又彻底垮软。\n她的四肢失控地颤抖乱蹬，大腿根痉挛着夹紧又弹开，脚趾死死抠地蜷缩，双手无意识地胡乱抓握，指节泛白发颤。\n大量的肠液失禁般喷涌不止，一波接一波涌流而下，将颤抖的下身淋得淋漓。\n她的眼神彻底失去焦距，嘴唇不受控制地哆嗦张合，口水顺着嘴角滑落，急促而失序的喘息被她死死咽在喉底。\n察觉到旁人投来的探究目光，她只能绷起全身强装镇定，可那一阵阵不受控的抽搐颤动始终瞒不过人。
2178,action_part_a_orgasm_super_B,0,hidden_sex_mode_1&place_someone_not_in_hidden_and_conscious,{TargetName}死死绷住身子不敢有大动作，{anal}却极度剧烈地连续痉挛绞缩，长时间不停地翻搅收紧，抽搐得一发不可收拾。\n括约肌持续而疯狂地翕张绞动，整个腹部的肌肉一齐抽紧战栗，腰背反复深深弓起后又一次次无力地彻底瘫塌下去。\n双腿失控地打颤痉挛，膝头不停哆嗦，脚尖用力绷直又蜷缩，双手死死攥住身边之物，手背青筋暴起指节发白。\n汹涌的肠液失禁般止不住地喷涌淌流，一股股顺着剧烈抖动的躯体不断溢落。\n她的眼神涣散无神，眼眶泛红沁出泪光，唇舌失控地颤抖张合，一线口水悬在嘴角，压抑到极致的气息在喉咙里断断续续。\n周遭不时有怀疑的眼神掠过，她只能拼命咬牙绷紧全身佯装无事，可那止不住的颤栗与抽搐依旧一点点暴露出来。
2179,action_part_a_orgasm_super_B,0,hidden_sex_mode_1&place_someone_not_in_hidden_and_conscious,{TargetName}用力咬紧牙关将呻吟死死压回，{anal}却陷入极端而漫长的剧烈连续痉挛，一阵紧似一阵地绞缩翻搅个不停。\n括约肌疯狂而不停歇地收紧又张开，全身肌肉一齐绷成硬弦后又猛地一波波抽搐，腰部深弓到极限又骤然彻底软塌。\n她的四肢失控地痉挛乱颤，双腿一会儿死死夹紧一会儿又无力蹬开，脚趾扣得死紧，双手胡乱抓握攥得指节惨白。\n大量肠液失禁般喷涌而出，涌流不绝，将颤抖的腿间与身下淋得一片湿淋。\n她的头无力地垂下又后仰，眼神彻底失焦涣散，唇齿不听使唤地打颤，口水溢出嘴角，剧烈失控的喘息被她硬生生憋在胸口。\n身边的人一次次投来狐疑打量的目光，她只能强撑着绷紧躯体维持镇定，可那一下下失控的战栗还是无声地出卖了她。

2180,action_part_a_orgasm_super_B,0,hidden_sex_mode_2&place_someone_not_in_hidden_and_conscious,{TargetName}将自己深深蜷进无人窥见的隐蔽处，整具身子骤然绷成一张满弓，{anal}在那一刻爆发出极度剧烈而漫长的连续痉挛，一圈圈疯狂地收缩绞紧又翕张。\n括约肌不受控制地疯狂绞缩开合，将喷涌的大量肠液一股股失禁般地挤射出来，止不住地涌流成片。\n她的四肢剧烈地痉挛发抖，双腿一会儿死死夹紧一会儿又失控地乱蹬，脚趾深深蜷曲扣紧，十指死死抠住身边一切能抓的东西，指节泛白。\n她仰起的脖颈绷出紧绷的线条，牙关死死咬住下唇不让声音漏出，喉头剧烈滚动着将呻吟一次次吞回，唇边却仍不受控地溢出细密的口水与断续的气音。\n她的腰身反复深深弓起又猛地彻底瘫软，小腹以肉眼可见的幅度剧烈抽搐起伏，整具身子在无声的极致痉挛中抖动不止，连急促失控的呼吸都被她死死压进胸腔里，唯恐惊动了旁人。
2181,action_part_a_orgasm_super_B,0,hidden_sex_mode_2&place_someone_not_in_hidden_and_conscious,藏身在别人瞧不见的角落里，{TargetName}的身体毫无预兆地剧烈弹动起来，{anal}长时间地、失控地连续抽搐收缩，一波接一波地疯狂绞紧再松开。\n环状的括约肌疯狂而持续地翕张绞缩，将大量滚烫的肠液失禁般喷涌而出，一次次地喷射流淌，怎么也止不住。\n她全身的肌肉一齐强烈地绷紧又抽搐，双臂死死环抱住自己，指尖深深掐进臂上的软肉，双膝并拢又猛地颤抖着分开。\n她的腰肢深深地弓起，随即又如断了线般彻底软瘫下去，反复数次，绷直的脊背剧烈地颤栗。\n她死死抿着嘴唇把浪叫锁进齿间，眼神却早已涣散失焦，口水沿着紧咬的唇角悄悄滑落，急促紊乱的鼻息被她拼命压得极轻极碎，整具躯体在这场无声的剧烈痉挛里抖成一片。
2182,action_part_a_orgasm_super_B,0,hidden_sex_mode_2&place_someone_not_in_hidden_and_conscious,{TargetName}把整个人缩进最不起眼的暗处，肩背骤然剧烈一僵，{anal}随即爆发出极致而绵长的连续痉挛，疯狂地收紧绞缠又猛地松张。\n括约肌一下下疯狂地绞缩开合，喷涌的大量肠液失禁般地涌流不止，一股股地喷射而出浸湿一片。\n她的双腿剧烈痉挛着，时而死死并拢时而无力乱蹬，脚背绷得笔直，脚趾蜷缩成一团，双手死死攥紧掐住手边之物，手背青筋隐隐凸起。\n她的腰腹一次次深深弓起又骤然塌陷瘫软，小腹的肌肉剧烈地一抽一抽，整条脊线在无声中剧烈弹颤。\n她仰头咬紧牙关，将几乎要破喉而出的尖叫死死封在紧闭的唇后，涣散的双眼失了神采，唇舌不听使唤地微微翕动，涎水从唇角溢出，连剧烈起伏的胸口都被她拼命压抑着不敢发出半点声响。
2183,action_part_a_orgasm_super_B,0,hidden_sex_mode_2&place_someone_not_in_hidden_and_conscious,蜷缩在无人留意的隐处，{TargetName}的身子猛然剧烈绷紧弹起，{anal}极度剧烈地连续收缩绞紧，长久而不受控地一圈圈疯狂痉挛着。\n收紧的括约肌疯狂持续地绞缩翕张，大量肠液如失禁般汹涌喷涌，一波接一波地喷射流溢，怎么也收束不住。\n她四肢失控地剧烈颤抖，双腿夹紧又猛地痉挛乱蹬，十指痉挛着死死抠住身旁的支撑，指节因过度用力而根根泛白。\n她的腰部深深弓成满弓又猛然彻底瘫软，如此反复，小腹随着痉挛一下下剧烈地抽动凹陷。\n她死死咬住下唇不让自己出声，眼神彻底涣散，一缕口水顺着下颌滑落，喉咙里滚动着被强行咽下的呻吟，就连那濒临失控的喘息也被她死死压在鼻腔深处，唯恐半点声响泄了行藏。
2184,action_part_a_orgasm_super_B,0,hidden_sex_mode_2&place_someone_not_in_hidden_and_conscious,{TargetName}将身子深深埋进旁人视线之外的死角，整个人骤然剧烈痉挛起来，{anal}长时间地连续剧烈绞缩收紧，疯狂地一收一放翻搅不停。\n括约肌不受控制地疯狂绞缩开阖，将大量滚烫肠液失禁般地一股股喷涌挤出，涌流成片止不住地淌落。\n她全身肌肉一齐剧烈绷紧抽搐，双腿一阵阵痉挛着乱颤乱蹬，脚趾死死扣紧蜷曲，双手死死攥成拳掐进掌心。\n她的腰肢反复深深弓起又软塌下去，绷直的背脊在无声中剧烈战栗，小腹剧烈地起伏抽搐个不停。\n她紧紧咬着牙关将狂涌的娇吟死死堵在喉间，双眼失焦涣散，唇角不受控地滑下涎液，急促紊乱的呼吸被她一下下强行压抑，整具颤抖不止的身子拼命维持着不发出声音的隐忍姿态。

2185,action_part_a_orgasm_super_B,0,hidden_sex_mode_3&place_someone_not_in_hidden_and_conscious,{TargetName}强绷着脸想维持端正的姿态，可整具身子却不受控制地剧烈战栗起来，{anal}极度凶猛地连续痉挛收缩，括约肌疯狂而持续地绞缩翕张，一刻也停不下来。\n她的腰先是深深弓起绷成僵直的弧线，随即又彻底瘫软塌下，如此反复起伏抽搐，四肢失控地颤抖，脚趾死死蜷缩扣紧，双手在身侧胡乱攥住能触到的一切，指节掐得发白。\n她死死咬着下唇不让声音漏出，眼神却涣散得失了焦，嘴角控制不住地溢出津液，呼吸彻底乱作一团、急促得几乎断续。\n大量滚烫的肠液从{anal}失禁般狂涌喷落，一波接一波地涌流不止，将下身浇得湿透，全身的肌肉在这场狂潮里持续绷紧又抽搐，久久不能平息。
2186,action_part_a_orgasm_super_B,0,hidden_sex_mode_3&place_someone_not_in_hidden_and_conscious,{TargetName}竭力挺直脊背朝着旁人堆出镇定的表情，可脖颈与肩头却止不住地剧烈发抖，{anal}极致凶猛地一阵接一阵痉挛翻搅，括约肌一张一合地疯狂绞缢，收缩得又深又急。\n她的腰肢深深地向上顶弓，绷紧到极点后又骤然彻底垮塌，反反复复地深弓又软瘫，双腿失控地绷直乱蹬，膝盖不住地打颤，两只脚死死抠住地面。\n她拼命抿紧嘴唇把即将冲口的呜咽咽回喉咙，唇齿却仍不受控地哆嗦，涎水顺着嘴角悄悄淌落，眼神彻底失神涣散。\n{anal}汹涌不绝地喷出滚烫黏腻的肠液，如决堤般失禁涌流、怎么也止不住，整副身躯在这一浪高过一浪的持续抽搐中反复绷紧又松脱，抖得几乎散架。
2187,action_part_a_orgasm_super_B,0,hidden_sex_mode_3&place_someone_not_in_hidden_and_conscious,{TargetName}强撑着让上半身对着周遭之人维持平常的坐姿，可整条脊梁却剧烈地一抽一抽，{anal}极度激烈地连续绞缩痉挛，括约肌持续而疯狂地翕张收束，一波未平一波又起。\n她的腰肢猛然深弓成紧绷的弓形，旋即又彻底虚脱般塌软下去，如此深弓与瘫软来回交替，四肢失去控制地痉挛乱颤，十根脚趾用力蜷曲扣拢，双手死死揪紧身旁之物，指尖几乎要掐进去。\n她把牙关咬得死紧硬压住喉间的娇喘，嘴唇却仍不停地颤动，口涎无声地溢出唇边，双眼失焦涣散得没了神采，呼吸彻底断续失序。\n{anal}失禁般喷涌出大量灼热的肠液，一股股汹涌奔流、绵绵不绝地泼洒下身，全身肌肉在这场持续的剧烈抽搐里绷紧又颤抖，抖个不停。
2188,action_part_a_orgasm_super_B,0,hidden_sex_mode_3&place_someone_not_in_hidden_and_conscious,{TargetName}努力压着肩膀想在旁人面前装出没事的模样，可四肢百骸却剧烈地痉挛发颤，{anal}凶猛到极致地一下下疯狂收缩，括约肌持续不停地绞缢翕合，紧缩得又深又狠。\n她的后腰一次次深深地弓起又骤然彻底软塌，起伏抽搐个不停，两条腿控制不住地绷直、痉挛、乱蹬，脚踝紧绷，脚趾死死向内抠扣，手指痉挛般攥紧身侧一切能抓的东西。\n她死命咬唇把要溢出的呻吟硬生生逼回去，唇舌却不听使唤地哆嗦颤抖，涎液沿着下巴悄然滑落，眼神彻底散乱失神。\n滚烫的肠液从{anal}如失禁般狂喷不止，一浪接一浪地汹涌涌流、怎样也压不住，整具躯体在这不断的猛烈抽搐中一遍遍绷紧又瘫软，颤抖良久才渐渐迟缓下来。
2189,action_part_a_orgasm_super_B,0,hidden_sex_mode_3&place_someone_not_in_hidden_and_conscious,{TargetName}拼命端着面孔想对身旁的旁人维持若无其事的神态，可整个人却止不住地剧烈哆嗦，{anal}极端凶猛地连番痉挛绞缩，括约肌疯狂而不停地一缩一张、翕动个不停。\n她的腰身深深地向上弓成僵直的弧度，绷到极限后又彻底虚脱地垮塌下来，反复深弓与瘫软交替不休，四肢失控地颤栗痉挛，双膝抖个不停，脚趾狠狠蜷缩，双手胡乱抓攥紧攥，指节泛白。\n她牙关咬得死死的把喉头的呜咽尽数压下，嘴唇仍不受控地颤动，口水顺着嘴角一线滑落，双目失神涣散、彻底失了焦距，呼吸乱得几近窒息。\n{anal}汹涌地喷泄出大量炽热黏稠的肠液，失禁一般奔流不止、连绵成注，全身的肌肉在这持续不断的狂烈抽搐里一次次绷紧又抽颤，久久无法止息。

2190,action_part_a_orgasm_super_B,0,hidden_sex_mode_4&place_someone_not_in_hidden_and_conscious,{TargetName}整具身子在隐蔽的死角里骤然剧烈弹动起来，{anal}极度剧烈而漫长地连续痉挛收缩，一圈圈括约肌疯狂而持续地绞缩翕张，收紧又骤松，反复不休。\n她的腰部深深弓起绷成满弓，紧接着又整个彻底瘫软塌陷下去，如此反复了好几轮，小腹的肌肉一波一波剧烈抽搐鼓动。\n两条腿失控地痉挛乱蹬，脚趾用力蜷绷到发白，膝盖抵着地面止不住地打颤，全身肌肉强烈而持续地绷紧战栗。\n大量滚烫的肠液从{anal}失禁般喷涌而出，一股接一股狂泻不止，顺着臀缝和大腿内侧淋漓地淌落，浇出一大片湿痕。\n她的双手死死攥住手边的东西，指节掐得发白，牙关紧咬着不让声音漏出，眼神彻底涣散失焦，唇舌失控地微张哆嗦，口涎顺着颤抖的嘴角悄悄滑下，喉咙里只溢出几缕被死死压住的气音，整具躯体在无声中剧烈震颤了许久才缓缓停歇。
2191,action_part_a_orgasm_super_B,0,hidden_sex_mode_4&place_someone_not_in_hidden_and_conscious,躲在旁人看不见的地方，{TargetName}的身躯毫无预兆地疯狂震颤，{anal}以远超寻常的幅度极度剧烈地连续挛缩，括约肌一下下疯狂地绞拧、翕张、收束，持续而不受控制。\n她的脊背一次次深深弓起又骤然软塌，腰肢反复深弓再脱力，腹部的肌肉密集地抽搐鼓动，起伏得几乎看不出节奏。\n双腿绷得笔直又猛地痉挛内夹，脚背绷直，脚趾狠狠蜷缩，两条大腿不受控制地夹拢又弹开，膝头相抵剧烈打颤。\n海量肠液自{anal}汹涌喷溅而下，如失禁一般涌流不止，滚烫黏腻地顺着腿根蜿蜒淌落，将下方浸得一片泥泞湿滑。\n她一手死死捂住自己的嘴，一手攥紧了身旁触得到的物件，指尖深深掐陷进去，牙齿咬住下唇几乎见血，眼球微微上翻，目光散乱失神，只有几声几不可闻的鼻息从紧绷的喉间漏出，全身在无声里绷紧、颤抖，久久无法平复。
2192,action_part_a_orgasm_super_B,0,hidden_sex_mode_4&place_someone_not_in_hidden_and_conscious,在不为人知的暗处，{TargetName}的娇躯猛然剧烈地弹跳抽搐，{anal}极度失控地连番剧烈痉挛，一圈圈疯狂绞紧后又骤然松开，翕张收束的幅度大得惊人且久久不停。\n她的腰腹反复深深弓起，弓到极致后又整个彻底瘫软下去，小腹处的肌肉剧烈地起伏抽动，一波紧接一波。\n两腿失控地乱颤乱蹬，脚趾痉挛地蜷绷，大腿内侧的肌肉一阵阵抽紧，膝盖不住地打战，全身的肌肉都强烈而持续地绷紧发抖。\n大量肠液从{anal}失禁般狂涌喷泻，一股股淋漓地喷溅流淌，顺着颤抖的臀瓣和腿缝汩汩淌下，湿答答地积成一滩。\n她把整张脸埋下去闷住声响，双手攥紧一切能抓住的东西，指节泛白，牙关死咬，唇舌失控地哆嗦张合，涎水顺着嘴角滑落，呼吸完全失序，喉咙里只挤出几缕压抑到极致的破碎气音，好一阵才从剧烈的震颤中慢慢缓落。
2193,action_part_a_orgasm_super_B,0,hidden_sex_mode_4&place_someone_not_in_hidden_and_conscious,缩在别人瞧不见的隐蔽角落，{TargetName}全身猛地绷紧后疯狂颤动，{anal}极度剧烈而持久地连续挛缩，括约肌疯狂而不受控制地一圈圈绞缩、翕张、抽搐，收放不休。\n她的背脊反复深弓成弧后又骤然脱力瘫软，腰肢一次次弹起又落下，腹部的肌肉密集而剧烈地抽搐痉挛，抖得停不下来。\n双腿失控地痉挛乱蹬，脚尖绷直又蜷起，两条大腿疯狂地相互夹紧又弹开，膝盖抵地不停地哆嗦颤抖。\n滚烫的肠液自{anal}如决堤般失禁喷涌，一波接一波淋漓狂泻，黏腻地顺着臀缝与大腿一路流淌，将下方浇得湿透。\n她死死咬住自己的手背强忍着不出声，另一只手掐紧身边的物件指节发白，双眼翻起水雾涣散无神，唇齿间不受控制地溢出细弱的抽气声，全身肌肉在无声的极端震颤中反复绷紧、松弛，颤了好久才逐渐停息下来。
2194,action_part_a_orgasm_super_B,0,hidden_sex_mode_4&place_someone_not_in_hidden_and_conscious,躲在旁人视线之外，{TargetName}的身体骤然剧烈地弓起抽搐，{anal}极度剧烈、长时间地不受控制连续痉挛收缩，括约肌疯狂而持续地绞拧翕张，一波未平一波又起。\n她的腰部深深弓起后又彻底软瘫塌下，反复起伏了数轮，小腹的肌肉一阵阵猛烈抽搐，鼓动得毫无章法。\n两条腿绷得死直又猛然痉挛内收，脚趾狠狠蜷绷，大腿内侧一下下抽紧发抖，膝头相互磕碰着剧烈打颤，全身筋肉持续绷紧战栗。\n海量肠液自{anal}失禁般喷涌狂泻不止，一股股滚烫地喷溅而下，沿着颤动的臀缝和腿根淋漓流淌，在下方汇成一片湿滑。\n她一手紧紧捂着嘴巴压住声音，一手死死揪住手边之物，指尖掐得发白，牙关咬得咯咯作响，眼神彻底失焦涣散，唇舌失控地张合哆嗦，涎液顺嘴角滑落，喉间只漏出几声被强行压下的闷哼，全身在无声中剧烈痉挛良久方才慢慢平息。

2195,action_part_a_orgasm_super_B,0,exhibitionism_sex_mode_1,虚掩着未落锁的房门外随时可能有人经过，{TargetName}却再也控制不住地剧烈痉挛起来。\n{anal}极度剧烈而漫长地连续深缩翻搅，括约肌疯狂地一收一放绞缩翕张，一刻也停不下来。\n她全身的肌肉猛然强烈绷紧，接着又随着一阵阵冲击持续地抽搐战栗，腰部反复深深弓起又彻底瘫软下去。\n两条腿失控地痉挛乱蹬，脚趾死死向内蜷缩绷直，膝盖不住地打颤，纤细的手指痉挛般地攥紧又张开。\n{anal}如失禁般喷涌出大量滚烫的肠液，一股接一股汹涌地涌流不止，怎么也止不住地往外淌。\n她的眼神彻底涣散失焦，嘴唇失控地张合，来不及吞咽的口水顺着嘴角溢流而下，喉咙里溢出一串破碎的气音。\n整具躯体在这场极端的爆发里剧烈颤抖，随着{anal}一波波不受控的深缩而反复弓起塌陷，呼吸彻底乱成一团。
2196,action_part_a_orgasm_super_B,0,exhibitionism_sex_mode_1,玻璃窗外人影隐约晃动，随时会将这一幕看个正着，{TargetName}的身体却已彻底不受控制。\n{anal}极其剧烈地连续绞缩收紧，一阵猛过一阵地深深翻搅痉挛，括约肌疯狂而持续地翕张开合。\n她的全身肌肉一齐强烈绷紧到极致，随即成片地抽搐颤动，腰肢深深弓起成一道紧绷的弧线后又骤然软塌。\n四肢失控地抖动乱蹬，大腿根剧烈地夹紧又弹开，脚背绷得笔直，十根脚趾痉挛似地扣拢。\n{anal}汹涌地喷出一大股滚热肠液，接连不断地失禁般涌流而出，将下身淋得一片狼藉。\n她仰着头无声地大张着嘴，唇舌完全失控地颤抖，晶亮的口水拉成细丝滑落，脖颈上的青筋随着痉挛根根浮起。\n整个身子随着{anal}一次次不受控的猛烈深缩而剧烈起伏，肩背反复战栗，久久无法从这场极端的抽搐中平复下来。
2197,action_part_a_orgasm_super_B,0,exhibitionism_sex_mode_1,房门只是半掩着，走廊上稍有动静便可能有人闯入，{TargetName}却已经完全失去了对身体的掌控。\n{anal}以远超寻常的幅度极度剧烈地连续深缩，一下下狠狠绞紧翻涌，括约肌不受控制地疯狂开合翕张。\n她浑身的肌肉猛地绷成一片，紧接着持续不断地强烈抽搐，腰部一次次深弓而起旋即彻底瘫软塌陷。\n双腿抽搐着胡乱蹬动，膝头不住颤抖打战，脚趾狠狠向内蜷曲，双手死死攥紧又猛然张开，指节反复泛白。\n{anal}像失了禁一般喷涌出汹涌的肠液，一股一股毫无节制地往外涌流，怎么也收束不住。\n她的双眼彻底失焦涣散，嘴角失控地垂落，止不住的涎水顺着下巴滴淌，喉间挤出断续而破碎的气声。\n整具身躯在这极致的连环痉挛中剧烈起伏颤栗，随{anal}的深缩节奏反复弓塌，呼吸乱到几乎断续不成章法。
2198,action_part_a_orgasm_super_B,0,exhibitionism_sex_mode_1,四下无人的空间里那扇门连锁都未落，{TargetName}的躯体却早已陷入彻底失控的剧烈痉挛。\n{anal}极度剧烈且长时间地不受控连续收缩，一波波深深绞拧翻搅，括约肌疯狂地绞缩翕张个不停。\n她全身肌肉骤然强烈绷紧后又成片抽搐，腰身反复深深弓起再狠狠塌落，肩胛在背后随之剧烈起伏。\n两腿失控地颤抖乱蹬，大腿内侧的肌肉一阵阵抽紧，脚尖绷直又蜷曲，纤指痉挛地抠紧掌心。\n{anal}汹涌不止地喷出大量灼热肠液，如失禁般一股接一股地涌流而下，淋漓不尽。\n她张口无声地喘着，唇舌完全失控地哆嗦，透明的口水顺着嘴角挂落成线，睫毛剧烈地颤动着，眼神空茫失神。\n整个身子随{anal}一次次凶猛的深缩剧烈战栗抽搐，反复弓塌起伏，久久停不下来，呼吸紊乱得彻底失了节奏。
2199,action_part_a_orgasm_super_B,0,exhibitionism_sex_mode_1,未上锁的门外随时会有脚步靠近，{TargetName}的身体却已在极致的爆发中彻底失去控制。\n{anal}极其猛烈地连续深缩绞紧，一阵接一阵翻涌抽搐，括约肌疯狂地一张一合，收放得毫无章法。\n她全身的肌肉一齐强烈绷紧到发颤，随即持续地成片抽搐，腰部深深弓起后又整个瘫软下坠。\n四肢痉挛似地乱蹬乱抖，双膝剧烈打颤相互磕碰，脚趾狠狠扣紧，双手攥紧了触手可及之物又猛地松开。\n{anal}失禁般地汹涌喷涌出滚烫肠液，接连不断地涌流不止，将腿间淋得湿淋淋一片。\n她仰头大张着嘴溢出破碎气音，唇舌失控地颤动，口水拉成亮丝滑落，脖颈与面颊上泛起深重的潮红。\n整具躯体随着{anal}凶猛的连环深缩而剧烈弓塌起伏，肩背反复战栗抽搐，好一阵子都无法从这场极端的痉挛里缓过来。

2200,action_part_a_orgasm_super_B,0,exhibitionism_sex_mode_2,暴露在开阔天光下的{TargetName}整具身子骤然绷成一张满弓，{anal}极度剧烈地连续痉挛收缩起来，一波接一波毫无停歇。\n环状的括约肌疯狂而持续地绞缩翕张，一收一放的幅度大得惊人，紧接着大量肠液便失禁般喷涌而出，顺着颤抖的股缝在露天里洒落成一片湿痕。\n她的腰肢反复深深地弓起又骤然彻底瘫软，如此往复数次，纤细的四肢在旷野的清风中失控地痉挛乱蹬，脚趾死死向内蜷曲扣紧。\n全身的肌肉一阵接一阵强烈而持续地抽搐绷直，脊背绷得几乎离地，双手在空中胡乱抓握又攥成死拳，指节泛白。\n她的眼神彻底涣散失焦，唇舌完全不受控制地翕动着，来不及吞咽的口水顺着嘴角溢出滑落，暴露于天地间的躯体从头到脚被一场超乎想象的极致痉挛牢牢攫住，久久无法平息。
2201,action_part_a_orgasm_super_B,0,exhibitionism_sex_mode_2,在无遮无拦的露天之下，{TargetName}的身子毫无预兆地剧烈弹跳了一下，{anal}随即陷入长时间不受控制的连续猛缩，翻涌般的痉挛一阵紧似一阵。\n括约肌一圈圈疯狂地收紧又骤然松开，喷薄的肠液失禁般奔流不止，在开阔的空地上溅落出一道又一道淋漓的水迹。\n她的腰部深深地向上顶弓成一个夸张的弧度，随即又软塌下去，反反复复地弓起瘫软，两条细腿在风中痉挛着无力地乱蹬乱蹭。\n全身肌肉强烈而持续地绷紧战栗，纤细的手指在半空徒劳地抓挠，最终死死掐进掌心攥成拳头，指节因用力而尽数泛白。\n她的头无力地向后仰去，眼珠上翻涣散，张开的嘴再也合不拢，涎水顺着下颌淌下，暴露在天光里的整具躯体被这场极致失控的绝顶反复贯穿，颤抖良久也停不下来。
2202,action_part_a_orgasm_super_B,0,exhibitionism_sex_mode_2,四下敞亮的旷野里，{TargetName}猛地绷紧全身狠狠一颤，{anal}极度剧烈且持续不断地痉挛翕合，收缩的节奏又急又猛，仿佛要将自己整个绞紧。\n环状肌肉疯狂地一缩一张，大股大股的肠液失禁般喷涌而出，毫无遮拦地在露天里溅洒淋漓，顺着痉挛的腿根流淌成片。\n她的腰身一次次深深弓起又骤然彻底垮塌，如此循环往复，纤细的双腿在自然的风里失控地痉挛乱蹬，脚踝紧绷脚趾扣死。\n背脊反复绷成僵直的弧线，全身的肌肉一阵阵强烈而持久地抽搐颤动，双手胡乱抓向空处又攥成颤抖的拳头。\n她的双眼失神上翻涣散无光，唇舌软软地失控翕动，来不及咽下的津液沿唇角滑落，暴露在开阔天地间的娇躯被这超乎寻常的剧烈痉挛牢牢锁住，迟迟不能收束。
2203,action_part_a_orgasm_super_B,0,exhibitionism_sex_mode_2,在没有半分遮蔽的露天空地上，{TargetName}的身体骤然剧烈弹颤，{anal}随之陷入极度剧烈而漫长的连续收缩，一波未平一波又起地疯狂痉挛。\n括约肌以惊人的幅度反复绞缩又翕张，浓稠的肠液失禁般汹涌喷出，在敞开的天光下奔流不止，濡湿了颤抖的整片股间。\n她的腰肢深深弓起后重重瘫软，反复起伏了一次又一次，纤细的四肢在拂面的清风中失控地抽搐痉挛，双脚无力地在地上乱蹬乱蹭。\n全身肌肉一阵接一阵地强烈绷紧又战栗，脊背绷得笔直，双手在空中痉挛抓握，最终攥成青筋浮凸的死拳。\n她的眼神彻底散乱，眼白上翻，微张的双唇再也无法闭合，口水失控地顺着下巴滑坠，赤裸暴露在天地间的身躯被这场极致失控的绝顶反复攫紧，久久颤栗不止。
2204,action_part_a_orgasm_super_B,0,exhibitionism_sex_mode_2,毫无遮挡的天光之下，{TargetName}整个人猛然绷直战栗，{anal}极度剧烈且长时间地连续痉挛绞缩，收放的力道大得让整具身子都随之抽搐弹动。\n环形的括约肌疯狂而持续地翕张开合，大量肠液失禁般喷薄涌流，在开阔的野外洒落成一大片淋漓的湿迹，顺着痉挛的大腿蜿蜒而下。\n她的腰部反反复复地深深弓起又骤然彻底软瘫，纤细的双腿在旷野的风里失控地痉挛乱蹬，脚趾死死向内蜷缩扣拢。\n全身的肌肉强烈而持久地一阵阵抽搐绷紧，背脊高高弓离，两只手在空中胡乱抓挠后攥成发抖的拳头，指节尽数发白。\n她的眼珠失焦上翻，神情彻底涣散，失控的唇舌翕动不停，晶亮的涎水沿嘴角滑落，暴露在开放天地间的娇嫩躯体被这超乎想象的极致痉挛紧紧缚住，颤抖了许久仍无法止息。

2205,action_part_a_orgasm_super_B,0,exhibitionism_sex_mode_3,众人环视之下，{TargetName}被彻底暴露的身体骤然绷成一条紧弦，{anal}极度剧烈地连续痉挛收缩，一波接一波地绞缩翕张，括约肌疯狂而持续地一收一缩，翕合的频率快得几乎连成一片。\n她的全身肌肉强烈而持续地抽搐绷紧，脊背反复深深弓起，随即又彻底失力地瘫软塌下，这样的弓起与塌落连番交替，一次比一次更加失控。\n四肢不受控制地剧烈颤抖痉挛，双腿无意识地乱蹬乱夹，脚趾死死向内蜷曲扣紧，十指痉挛般地张开又攥拢。\n大量温热的肠液自{anal}汹涌喷涌而出，失禁般地成股涌流不止，顺着痉挛的腿根一路淌落，浇出湿漉漉的一片。\n她的双眼彻底失焦涣散，唇舌失去控制地微张翕动，止不住的口水顺着嘴角溢流而下，急促而破碎的喘息完全乱了节奏，整具躯体在众目之下抖成一团。
2206,action_part_a_orgasm_super_B,0,exhibitionism_sex_mode_3,当着所有人的面，{TargetName}赤裸暴露的躯体猛然剧烈弹颤，{anal}长时间地、不受控制地连番绞缩痉挛，一圈圈地向内狠狠收紧又猛地翕张，括约肌疯狂地开合抽搐，绞动的力道大得让整个下身都随之抽动。\n全身的肌肉一阵紧过一阵地强烈抽搐，腰部深深弓成满弦的弧度后又骤然瘫软垮塌，反反复复，幅度大得近乎失控。\n两条腿失控地痉挛乱蹬，膝盖一会儿并拢一会儿又岔开，脚背绷直到极限，脚趾用力蜷缩成一团。\n{anal}失禁似地喷出成股的滚烫肠液，汹涌地涌流个不停，在身下积成一大摊湿意。\n她的眼神彻底涣散失神，眼球微微上翻，嘴唇失控地翕张，舌尖无力地探出，口水一串串垂落，破碎凌乱的喘息声一阵接一阵，整副身子在众人环伺间剧烈颤栗不止。
2207,action_part_a_orgasm_super_B,0,exhibitionism_sex_mode_3,在层层注视的包围里，{TargetName}毫无遮蔽的身体霎时剧烈痉挛起来，{anal}极致猛烈而漫长地连续收缩绞紧，一下又一下地翕合抽搐，括约肌不受控制地疯狂开阖，绞缩的节奏又急又乱。\n她周身的肌肉强烈地绷紧又抽动，腰肢反复深弓而后彻底失力地摊软下去，起伏之间越来越不受控，整条脊背抖动个不停。\n四肢无力却又剧烈地痉挛颤抖，双腿胡乱地蹬动夹合，脚趾紧紧蜷起，双手死死攥握又骤然张开，指节泛白。\n{anal}汹涌地喷涌出大量肠液，失禁般地成股奔流，怎么也止不住，将腿间浇得一片狼藉。\n她的双目失焦涣散，唇舌完全失了控制地微张颤动，涎水顺着下颌不断滴落，喉间溢出断续凌乱的喘息，整具躯体在众人眼前抽搐成一团。
2208,action_part_a_orgasm_super_B,0,exhibitionism_sex_mode_3,众目睽睽之下，{TargetName}一览无余的身躯陡然绷直又剧烈弹动，{anal}极度剧烈而持久地一阵阵痉挛绞缩，向内狠收后又猛地翕张，括约肌疯狂而不停地一开一合，绞动得整个臀部都在颤抖。\n全身的肌肉持续地强烈抽搐紧绷，腰背深深弓起成弓形，紧接着又彻底瘫软下塌，如此反复，一次比一次更剧烈更失控。\n她的双腿失控地痉挛乱蹬，脚踝紧绷，脚趾蜷曲扣紧，两手痉挛似地时而攥拳时而摊开。\n大股温热的肠液从{anal}失禁般喷涌而出，涌流不止地淌了满腿，在众人视线里积成湿漉漉的一摊。\n她双眼彻底失神涣散，眼角泛起水光，嘴唇失控地翕张开合，舌头无力垂软，口水成线地流淌，喘息破碎而急促，整个人在众目之中止不住地剧烈颤栗。
2209,action_part_a_orgasm_super_B,0,exhibitionism_sex_mode_3,被密集的目光团团围住，{TargetName}毫无掩蔽的身体骤然剧烈抽搐，{anal}长久而失控地连续绞缩翕动，一波一波向内收紧又骤然张开，括约肌疯狂持续地开阖抽搐，绞紧的力度大得让下腹都随之痉挛。\n她全身肌肉一阵接一阵地强烈绷紧抽动，腰部反复深弓到极限后又彻底瘫塌下去，起落之间彻底失了分寸。\n两条腿不受控制地剧烈颤抖乱蹬，膝盖颤巍巍地开合，脚趾狠狠蜷缩，十指张张合合地痉挛抽动。\n{anal}如失禁般狂涌出大量滚烫肠液，成股地喷流不休，将腿根与身下浇得湿透。\n她的眼神彻底散乱失焦，唇舌不受控制地颤抖微张，涎水顺着嘴角一滴滴坠落，凌乱急促的喘息再也压不住，整具躯体在众人环视下抽颤个不停。

2210,action_part_a_orgasm_super_B,0,exhibitionism_sex_mode_4,{TargetName}的身体骤然绷成一张满弓，随即{anal}便极度剧烈地连续痉挛起来，一圈圈括约肌疯狂而持续地绞缩翕张，收放的幅度大得近乎失控。\n她的腰部反复深深弓起，弓到极处又猛地彻底瘫软塌下，如此往复了一次又一次。\n四肢不受控制地剧烈颤抖痉挛，双腿时而绷直时而胡乱蹬动，脚趾死死蜷扣，十指也攥紧到指节泛白。\n大量滚烫的肠液自{anal}汹涌喷涌而出，一股接一股失禁般地涌流不止，怎么也收不住。\n她的牙关死死咬住下唇，喉间只逸出被硬生生压低的破碎呜咽，唯恐惊动身旁那几个毫无意识、横陈在侧的躯体。\n口水顺着失控的唇角滑落，眼神彻底涣散失焦，胸口随着完全失序的呼吸剧烈起伏，整具身子在这近乎失控的极端反应中长久地颤栗不止。
2211,action_part_a_orgasm_super_B,0,exhibitionism_sex_mode_4,随着积压快感的一齐爆发，{TargetName}周身肌肉猛然强烈绷紧，{anal}长时间地疯狂抽搐绞缩，括约肌一翕一张地剧烈痉挛，节奏又急又乱。\n她的脊背反复弓成深深的弧度，弓到顶点又骤然软塌下去，来回起伏不停。\n两条腿失控地痉挛乱蹬，膝盖忽而并拢忽而张开，脚背绷直又蜷曲，双手胡乱抓攥，指节因用力而根根泛白。\n{anal}喷出海量肠液，如决堤失禁一般接连不断地喷洒涌落，把身下淋得一片狼藉。\n她拼命抿紧双唇压制着几乎要冲出喉咙的叫声，只怕吵醒近旁那些昏睡无知觉的人，喉咙里滚出一串串被掐断的闷哼。\n涎水从颤抖的嘴角溢出，双眼失神上翻，呼吸彻底紊乱地大口喘着，整个人在剧烈到极致的抽搐中久久无法平复。
2212,action_part_a_orgasm_super_B,0,exhibitionism_sex_mode_4,{TargetName}全身骤然一僵，紧接着{anal}便极度剧烈而持久地连番痉挛收缩，括约肌疯狂地绞紧又松开，一下比一下更加失控。\n她的腰肢一次次深深弓起，随后又整个彻底瘫软下来，如此反复不休。\n四肢不住地抽搐颤动，小腿绷得笔直又猛地乱蹬，脚趾蜷缩扣紧，两手攥成死拳，指尖几乎掐进掌心。\n汹涌的肠液从{anal}大量喷涌失禁般奔流而出，一波未平一波又起，止不住地往下淌。\n她死死压着嗓子，把翻涌到喉头的呻吟硬生生咽回，唯恐扰醒身侧那几个失去意识、一动不动的人，唇间只漏出细碎压抑的气音。\n口涎自失守的唇角牵丝滑落，眼神彻底放空，胸膛随着毫无章法的喘息大幅起伏，整具躯体在这极端失控的颤栗里迟迟停不下来。
2213,action_part_a_orgasm_super_B,0,exhibitionism_sex_mode_4,伴着囤积快感的一举决堤，{TargetName}的身子猛地弹起绷直，{anal}随之极度剧烈地连续绞缩痉挛，括约肌一收一放地疯狂翕动，幅度大得惊人。\n她的后腰反复弓成满月般的弧线，弓到极致又骤然塌软，来回反复了许多次。\n双腿失控地颤抖蹬踢，脚踝绷紧脚趾深扣，十指痉挛般收拢攥紧，手背青筋隐隐浮起。\n{anal}如泄洪一般喷出大量肠液，失禁似的接二连三涌流喷洒，怎么都收束不住。\n她将下唇咬得发白，把冲到嘴边的喊叫死死噤在喉咙里，生怕惊动近处那几具毫无意识瘫倒的身躯，只余一声声被压扁的呜咽。\n晶亮的涎液顺着颤动的嘴角淌下，双目失焦涣散，呼吸完全乱作一团地急促起伏，整个人陷在近乎失控的极端痉挛中久久战栗。
2214,action_part_a_orgasm_super_B,0,exhibitionism_sex_mode_4,{TargetName}周身肌肉在这一刻强烈而持续地抽紧，{anal}极度剧烈、长久而不受控地连番痉挛绞缩，括约肌疯狂地翕张收放，一阵紧似一阵。\n她的腰背反复深深弓起又彻底瘫落，起伏的幅度大到整个身子都在剧烈摇晃。\n四肢胡乱地痉挛乱蹬，双膝时张时合，脚趾用力蜷扣，两手死死攥紧到指节发白。\n滚烫的肠液自{anal}汹涌喷薄，如失禁决堤般大量涌流不止，一股接一股地喷洒下来。\n她牙关紧咬压住几近失控的哭叫，唯恐吵醒身边那些沉睡昏迷、毫无知觉的人，喉间只挤出断断续续被压低的闷吟。\n口水从抖动的唇边滑落牵起细丝，眼神彻底涣散失神，胸口随着完全失序的呼吸剧烈起伏，整副躯体在这极端而漫长的失控颤栗中迟迟难以停歇。

2215,action_part_a_orgasm_super_B,0,t_imprisonment_1&CVP_A2_G_E_0,被束缚捆锁而挣脱不得的{TargetName}周身猛然绷成一条紧张的直线，{anal}骤然爆发出极度剧烈而漫长的连续痉挛收缩，一波未平一波又起地疯狂绞紧翕张。\n环绕{anal}的括约肌疯狂而持续地一圈圈绞缩鼓动，纤细的腰肢深深地弓起成满弓，撑到极限后又整个脱力般彻底瘫软塌下。\n她被缚住的四肢失控地剧烈颤抖痉挛，双腿无力地乱蹬又反复痉挛蜷曲，被锁链拘束的手腕徒劳地扭动挣扒，指节因用力而根根泛白。\n大量滚烫的肠液自{anal}失禁般喷涌而出，一股接一股地涌流不止，顺着股间蜿蜒淌落大片。\n她的脊背反复深弓又瘫软，全身肌肉一阵接一阵地强烈抽搐绷紧，眼神彻底涣散失焦，唇舌失控地微张，涎水顺着嘴角不受控制地溢淌下来，呼吸彻底乱成破碎的喘。
2216,action_part_a_orgasm_super_B,0,t_imprisonment_1&CVP_A2_G_E_0,被锁链牢牢拘系的{TargetName}整具身子骤然剧烈弹颤，{anal}陷入极度猛烈且久久不歇的连续痉挛，一下比一下更凶地收缩绞紧又猝然松张。\n围着{anal}的括约肌狂乱地翕张绞缩个不停，紧接着又是一轮接一轮更深的抽搐，腰腹之间的肌肉绷得死紧，反复抖颤个不休。\n她被束住的身躯拼命扭动挣扎，腰肢一次次深深弓起旋即又软塌下去，双膝痉挛地相互磕碰，脚趾骤然扣紧又猛地绷直，被缚的双手死死攥握，指尖深深掐陷。\n{anal}汹涌不断地喷洒出大量肠液，失禁般地一波波涌流泼洒，将股间与腿根淌得一片狼藉。\n全身的肌肉强烈而持续地一阵阵抽搐紧绷，脊背绷成僵直的弧后又颓然垮塌，双眼失神涣散地翻起，涎水自失守的唇齿间不住溢流，急促的喘息破碎凌乱得再也接不上气。
2217,action_part_a_orgasm_super_B,0,t_imprisonment_1&CVP_A2_G_E_0,被囚系束缚的{TargetName}猝然全身紧绷，随即{anal}迸发出极度剧烈而持久的连续痉挛收缩，凶狠地一轮轮绞紧鼓缩，翕张不休。\n{anal}周围的括约肌疯狂而不停歇地绞缩颤动，一阵密过一阵地深深抽搐，小腹的肌肉随之反复剧烈地起伏抽紧。\n她拼命想挣开束缚的身体剧烈扭动痉挛，腰身深深弓起到极点又骤然彻底瘫软，四肢无力地颤抖乱蹬，被缚的手腕反复徒劳地拧动挣扒。\n汹涌的大量肠液自{anal}失禁般喷薄涌出，一股接着一股地泼洒淌流不止，沿着颤抖的股缝流下大片。\n她的脊背反复深弓又软塌，浑身肌肉一阵紧似一阵地强烈抽搐绷直，双眼彻底失焦涣散，嘴唇失控地大张，舌尖微露涎水横流，胸口剧烈起伏着连一口整气都喘不匀。
2218,action_part_a_orgasm_super_B,0,t_imprisonment_1&CVP_A2_G_E_0,被牢牢束住而无从逃脱的{TargetName}周身骤然剧烈痉挛，{anal}随即陷入极度猛烈又久久难止的连续绞缩收紧，一波比一波狂暴地翕合鼓张。\n缠绕{anal}的括约肌疯狂而持续地一圈圈痉挛绞紧，紧跟着又深深地抽搐鼓缩，整片下腹的肌肉都被拽得死紧，反复剧烈地起伏颤动。\n她被束缚的躯体徒劳地扭挣翻动，腰肢一次次弓成深弧旋即又整个脱力瘫软，双腿失控地乱蹬痉挛，脚趾蜷扣又骤然绷张，被拘的双手死死收拢攥紧。\n{anal}喷涌出失禁般的大量肠液，滚烫地一波波泼溅涌流个不停，淋淌得腿根股间一片湿漉。\n全身肌肉强烈而持续地抽搐紧绷，脊背深深弓起后又颓然坍软，涣散的双目再聚不起焦，失控的唇舌间涎水不断溢淌，破碎的喘息急促凌乱得几乎断续不续。
2219,action_part_a_orgasm_super_B,0,t_imprisonment_1&CVP_A2_G_E_0,被束缚锁困的{TargetName}整个人猛地绷紧弹颤，{anal}骤然爆发出极度剧烈而漫长不歇的连续痉挛收缩，狂乱地一轮接一轮绞紧翕张，收缩得毫无节制。\n围裹{anal}的括约肌疯狂持续地绞缩鼓动个不停，一阵密似一阵地深深抽搐，腰腹的肌肉随之一次次剧烈地抽紧鼓颤。\n她被缚着拼命挣扎扭动，腰身反复深深弓起又猝然彻底瘫软，四肢失控地剧烈颤抖乱蹬，被锁的手腕徒劳拧扒，指节掐得根根发白。\n汹涌不绝的大量肠液从{anal}失禁般喷洒而出，一股连着一股地涌流泼淌不止，将股间腿侧沾淌成湿淋淋一片。\n她的脊背反复深弓又软塌，浑身肌肉强烈而持续地抽搐绷紧，双眼失神翻转涣散，唇舌彻底失守微张着，涎水顺着颤抖的下颏不住滴落，胸膛剧烈起伏喘息破碎得再匀不成一口整息。

2220,action_part_a_orgasm_super_B,0,CVP_A2_T|103_E_1,{TargetName}尚未完全长开的娇小身躯猛地绷成一张满弓，随即又轰然瘫软塌落下去，如此反复了好几个来回。\n{anal}以前所未有的剧烈幅度持续痉挛收缩，括约肌疯狂地一圈圈绞紧又骤然松开，翕张的节奏又急又密，久久不肯停歇。\n稚嫩的腰肢反复深深弓起，脊背绷成陡峭的弧线，旋即又彻底垮塌下去，瘦弱的双腿止不住地痉挛踢蹬，脚趾蜷缩到发白。\n细白的手指死死抠进能抓到的一切东西里，指节泛得煞白，双肩不断耸动抽搐，全身肌肉一阵阵绷紧又剧烈颤抖。\n眼神彻底涣散失焦，微张的唇舌完全失去控制，口水顺着嘴角不受控地滑落，大股肠液自{anal}处汹涌喷出，如失禁般涌流不止，顺着大腿根部一路淌下，久久未能停歇。
2221,action_part_a_orgasm_super_B,0,CVP_A2_T|103_E_1,{TargetName}纤细的身子毫无预兆地剧烈弹动了一下，随即陷入一阵接一阵、长时间无法止息的痉挛之中。\n{anal}持续不断地极度收紧又骤然松弛，括约肌疯狂翕张绞缩，一圈圈绞得又急又猛，几乎不留半点喘息的间隙。\n单薄的腰肢一次次深深弓起，绷成紧绷的弧度，又一次次颓然瘫软跌落，纤细的四肢在半空中失控地乱蹬乱颤，脚背绷得笔直又猛地松垮。\n稚嫩的十指用力蜷曲攥紧，指甲深深掐进掌心，肩背肌肉一阵阵抽搐鼓起，胸口剧烈起伏难以平息。\n涣散的双眼失去焦距，微张的唇边不受控地溢出涎水，一线一线地淌下下颌，{anal}处大量肠液猛地喷涌而出，一波接一波地失禁般涌流，将下方浸得一片湿滑。
2222,action_part_a_orgasm_super_B,0,CVP_A2_T|103_E_1,{TargetName}稚气未脱的身躯忽然剧烈痉挛起来，一次接着一次，绷紧、瘫软、又再度绷紧，久久不能平息。\n{anal}发狂似的连续绞缩，括约肌一圈圈疯狂翕张，收紧的力道一波比一波急促，翻涌的痉挛几乎不给任何停顿的余地。\n瘦弱的腰身反复深深地拱起又塌陷，脊椎绷出陡峭的弧线又骤然垮下，两条细腿控制不住地乱蹬痉挛，脚趾死死蜷缩成一团。\n双手在虚空中胡乱抓挠，最终紧紧攥住身旁能触到的一切，指节因用力而泛出青白，肩颈一带的肌肉持续抽搐颤动。\n眼神彻底失焦涣散，微张的小嘴唇舌失控地颤动，涎水顺着嘴角不断滴落，{anal}深处大股肠液猛烈喷洒而出，如决堤般涌流不休，顺着腿根蜿蜒滑落。
2223,action_part_a_orgasm_super_B,0,CVP_A2_T|103_E_1,{TargetName}还带着孩童稚气的娇小身体骤然剧烈抖动，紧接着陷入一波接一波、久久不散的痉挛狂潮之中。\n{anal}持续剧烈地收缩绞紧，括约肌一阵阵疯狂翕张，绞缩的力度层层叠加，几乎没有丝毫松懈的空隙。\n单薄的腰肢一次次深深弓起又猛然瘫塌，脊背在这反复之间弯出又直又陷的弧度，两条细瘦的腿失控地痉挛乱踢，脚踝绷得死紧又骤然松脱。\n十指用力蜷曲收拢，死死攥紧身下的一切，指关节因过度用力而泛白发青，肩背肌肉一阵接一阵地抽搐鼓动。\n涣散失神的双眼直勾勾地睁着，微张的唇舌完全不受控制，涎水一线接一线地垂落下颌，{anal}处肠液大量喷涌而出，失禁般汹涌流淌，浸湿了下方大片肌肤。
2224,action_part_a_orgasm_super_B,0,CVP_A2_T|103_E_1,{TargetName}初显少女轮廓的娇嫩身躯猛然绷紧，随后陷入一轮接一轮长时间无法自控的剧烈痉挛之中，久久停不下来。\n{anal}疯狂而持续地绞缩翕张，括约肌一圈圈急促收紧又猛地松开，翻涌的力道一次比一次汹涌，几乎不给任何缓冲的余地。\n稚嫩的腰身反复深深弓起，脊背绷出陡峭的曲线，又一次次彻底垮塌软倒，纤细的四肢止不住地乱颤乱蹬，脚趾蜷缩得死紧。\n小巧的双手死死揪住身边能抓到的一切，指节泛白到发青，双肩不停地耸动抽搐，浑身肌肉一阵接着一阵剧烈紧绷。\n双眼彻底涣散失焦，微张的唇舌失控地颤动，涎水顺着嘴角不断滑落浸湿下颌，{anal}处大股肠液猛烈喷涌而出，如失禁般涌流不止，顺着腿根一路蔓延淌下。

2225,action_part_a_orgasm_super_B,0,t_imprisonment_1&CVP_A2_G_GE_1&CVP_A2_G_LE_2,{TargetName}的{anal}极度剧烈地连续痉挛收缩，括约肌疯狂而持续地一张一翕地绞缩，绞紧的节奏快得几乎连成一片。\n她的整具身躯猛然绷成一张满弓，纤细的腰肢反复深深弓起又骤然彻底瘫软下去，如此起伏了一次又一次。\n四肢失控地颤抖痉挛，双腿不受控制地乱蹬又并拢，脚趾死死向内蜷曲扣紧，绷得青筋隐现。\n大量滚烫的肠液自{anal}失禁般地喷涌而出，一股接一股地涌流不止，顺着股缝与大腿汩汩淌落。\n她的双手死死攥紧，指节泛白，眼神彻底涣散无法聚焦，唇舌失控地微微张合，口水顺着嘴角丝丝溢出，胸膛剧烈起伏，呼吸完全失去了节奏。
2226,action_part_a_orgasm_super_B,0,t_imprisonment_1&CVP_A2_G_GE_1&CVP_A2_G_LE_2,{TargetName}的{anal}长时间不受控制地连续绞紧，括约肌一下一下疯狂地翕张收缩，收缩幅度大得整片臀肉都随之抽搐。\n她的后背骤然弓成极深的弧度，随即又软软塌陷下去，腰腹的肌肉一波波剧烈地抽动绷紧。\n两条腿失控地痉挛乱颤，膝盖时而并拢时而张开，脚背绷直到极致，脚趾一根根蜷缩扣紧。\n{anal}深处大量肠液如决堤般汹涌喷出，量多得顺着腿根不断滴落，浸湿一大片肌肤。\n她的十指痉挛地抓握着，全身肌肉强烈而持续地绷紧又抽搐，眼皮不住颤动，眼神失焦涣散，嘴角挂着来不及吞咽的津液，喉间发出破碎而急促的喘息。
2227,action_part_a_orgasm_super_B,0,t_imprisonment_1&CVP_A2_G_GE_1&CVP_A2_G_LE_2,{TargetName}的{anal}疯狂而持续地绞缩翕张，一圈圈紧致的肌环剧烈地收紧又松开，痉挛的频率快得难以计数。\n她的腰身反复深深弓起又骤然彻底瘫软，脊背一次次绷成满弓的弧线，随后无力地垂落。\n全身的肌肉强烈而持续地抽搐绷紧，四肢失控地乱蹬颤抖，双脚脚趾死死向内勾曲。\n伴随着{anal}的疯狂绞缩，大量肠液失禁般地喷涌而出，一波一波地涌流不止，淌得腿间尽是湿痕。\n她的双手无力地痉挛抽搐，脑袋无意识地向后仰去，眼神彻底涣散，口水从失控的唇舌间不断溢出，整个胸膛随着完全失控的呼吸剧烈地起伏颤抖。
2228,action_part_a_orgasm_super_B,0,t_imprisonment_1&CVP_A2_G_GE_1&CVP_A2_G_LE_2,{TargetName}的{anal}极度剧烈且长时间地连续收缩，括约肌一阵接一阵疯狂地绞紧翕动，绞缩的力道大得整个下身都在颤。\n她的腰肢猛地深深弓起，随即彻底瘫软塌陷，如此反复起伏了数次，脊柱绷得笔直又骤然松垮。\n四肢失控地颤抖痉挛，双腿乱蹬着又猛地并拢夹紧，脚趾蜷曲扣得死紧，脚踝绷起紧绷的线条。\n大量滚烫肠液自{anal}汹涌喷洒，失禁般地涌流不止，量与势都汹涌得顺着股沟连绵滴淌。\n她的双手死死掐紧，指尖泛白，全身肌肉一齐强烈绷紧又剧烈抽搐，眼神散乱失焦，唇舌无力地翕动，口水丝丝缕缕地溢出，呼吸彻底崩乱。
2229,action_part_a_orgasm_super_B,0,t_imprisonment_1&CVP_A2_G_GE_1&CVP_A2_G_LE_2,{TargetName}的{anal}不受控制地剧烈痉挛，一圈紧窄的肌肉疯狂而持续地绞缩收紧，翕张的节奏乱得毫无章法。\n她整个身子骤然绷紧成一张满弓，腰部深深弓起后又彻底瘫软，反复地弹起又塌陷。\n两条腿失控地痉挛乱蹬，时而绷直时而蜷曲，脚趾死死向内扣紧，小腿肌肉一阵阵抽搐。\n{anal}喷涌出大量肠液，失禁般地一股股涌流不止，顺着大腿内侧成片地淌落。\n她双手痉挛地攥握着，全身剧烈而持续地颤抖抽搐，眼神彻底失焦涣散，嘴唇无力地张合，口水不受控制地溢出嘴角，胸口随着完全失序的呼吸大幅起伏。

2230,action_part_a_orgasm_super_B,0,t_imprisonment_1&CVP_A2_G_GE_3&CVP_A2_G_LE_4,被锁链缚住手腕的{TargetName}整个身子骤然绷成一张满弓，{anal}极度剧烈地连续痉挛收缩，一阵紧过一阵地疯狂绞缩翕张，括约肌不受控制地一开一合翻搅个不停。\n她的腰先是深深弓起到极限，随即又彻底瘫软塌下，如此反复起伏了好几回，紧绷的小腹一波接一波地剧烈抽搐。\n被缚的双手死死攥紧了锁链，指节泛白，四肢失控地痉挛乱蹬，纤细的脚趾用力蜷曲扣拢，脚踝绷得死紧。\n大量肠液自{anal}失禁般喷涌而出，一股接一股汪汪地喷洒流淌，顺着颤抖的腿根淌落成片。\n她的头无力地向后仰去，眼神彻底涣散，唇舌失控地张着，口水沿着嘴角溢流下来，整具身子在锁链的束缚里剧烈而持久地颤栗抽搐，久久不能平息。
2231,action_part_a_orgasm_super_B,0,t_imprisonment_1&CVP_A2_G_GE_3&CVP_A2_G_LE_4,{TargetName}被囚于牢中的娇躯猛地一僵，紧接着{anal}便长时间地剧烈翻搅痉挛起来，一圈圈疯狂地收紧又松开，括约肌绞缩得又急又密，翕张个不停。\n她的脊背反复深深弓起又骤然塌软，腰肢一次次高高挺起后彻底失力垂落，绷紧的腹部剧烈起伏抽动，胸口随着完全失序的呼吸大幅耸动。\n束缚着手腕的铁链被她死死拽紧，两臂青筋绷起，双腿失控地颤抖乱蹬，膝盖打颤，脚背绷直，脚趾一根根蜷曲扣死。\n汹涌的肠液从{anal}如失禁一般喷射不止，一波波向外奔涌横流，将颤抖的腿间淋得湿漉漉一片。\n她的面容彻底失控，眼眸失焦上翻，嘴唇哆嗦着合不拢，涎液顺着下巴滴落，整具被囚的身体在漫长的抽搐里久久颤栗不休。
2232,action_part_a_orgasm_super_B,0,t_imprisonment_1&CVP_A2_G_GE_3&CVP_A2_G_LE_4,被单独关押的{TargetName}周身肌肉骤然强烈绷紧，{anal}随即极度剧烈地连续抽搐绞缩，一下深过一下地疯狂痉挛，括约肌不住地翻卷收束，翕张翻搅个不停。\n她的腰身反复弓成极限的弧度而后又彻底瘫塌，如此起伏不下数次，小腹的肌肉一阵阵剧烈地抽紧鼓动，胸膛急促而失序地大幅起伏。\n锁链拴着的双腕反复挣颤，指节因用力而根根泛白，四肢失控地痉挛抖动，两腿时而紧夹时而乱蹬，脚趾死死蜷缩。\n海量肠液自{anal}喷涌喷射，如失禁般止不住地汪流而下，一股股喷洒得腿根与身下湿透。\n她的头颅无力地左右晃动，眼神散乱涣失，舌尖失控地探出唇外，口涎不断溢流，被缚的娇躯在剧烈而持久的颤抖抽搐中迟迟无法平复。
2233,action_part_a_orgasm_super_B,0,t_imprisonment_1&CVP_A2_G_GE_3&CVP_A2_G_LE_4,{TargetName}被缚的身子倏地弹起又重重瘫落，{anal}极度剧烈地长时间连续收缩痉挛，一阵接一阵地疯狂绞紧翕张，括约肌高频地开合翻搅，绞缩个不停。\n她的腰背深深弓起绷成满弓，随即失力般彻底软塌下去，反复挺落了好几轮，紧绷的下腹剧烈地一收一放抽搐不止。\n手腕上的锁链被死死攥住，两臂剧烈发颤，双腿失控地痉挛乱蹬，大腿肌肉一阵阵抽紧，脚趾用力抠蜷，脚踝绷得笔直。\n大量肠液从{anal}失禁般奔涌喷出，一波高过一波地喷洒横流，将颤栗的双腿之间浇得淋漓湿漉。\n她仰着头，眼神彻底失焦涣散，嘴唇失控地张阖颤抖，口水顺着嘴角一线线淌下，被囚的躯体在漫长剧烈的抽搐里久久战栗不止。
2234,action_part_a_orgasm_super_B,0,t_imprisonment_1&CVP_A2_G_GE_3&CVP_A2_G_LE_4,被关在牢中、手腕受缚的{TargetName}全身骤然强烈痉挛绷紧，{anal}长时间不受控制地连续绞缩抽搐，一圈紧似一圈地疯狂收束，括约肌翕张翻搅得又快又猛。\n她的脊柱一次次深深弓起到极致又彻底瘫软塌落，腰肢反复高挺后失力垂坠，绷紧的小腹密集而剧烈地起伏抽动。\n被链条束住的双手死死绞紧，指节根根泛白，四肢失控地颤抖乱蹬，膝盖打战，脚趾一根根蜷曲扣拢，脚背绷得死直。\n奔涌的肠液自{anal}如决堤般喷涌不止，一股接一股地喷射横流，把颤抖的腿根与身下淋得湿透成片。\n她的头颅无力后仰又左右摇晃，双眼失神上翻，唇舌失控地哆嗦，涎水沿着下颌滴坠，被缚的娇躯在剧烈而绵长的抽搐颤栗中迟迟不能安定。

2235,action_part_a_orgasm_super_B,0,t_imprisonment_1&CVP_A2_G_GE_-2&CVP_A2_G_LE_-1,被囚禁的{TargetName}娇躯毫无预兆地剧烈弹动起来，{anal}极度猛烈地连续痉挛收缩，一波未平一波又起，长时间不受控制地翻搅绞缩着。\n环绕的括约肌疯狂而持续地绞缢翕张，一圈圈地收紧又松开，将这场极致的抽搐拉扯得没完没了。\n她全身的肌肉在同一刻强烈地抽搐绷紧，脊背反复深深地弓起成一道紧绷的弧线，随即又彻底瘫软塌落下去。\n两条腿失控地颤抖痉挛，脚趾用力蜷曲扣紧又猛然张开，双脚无意识地乱蹬乱踢，膝盖抖得几乎并不拢。\n大量浓稠的肠液自{anal}失禁般地成股喷涌而出，顺着痉挛不止的甬道汩汩涌流，怎么也止不住地淌成一片。\n她的双手死死攥紧攥到指节泛白，眼神彻底涣散失焦，唇舌失控地微微张翕，来不及吞咽的口水顺着嘴角溢流下来，呼吸也彻底乱成一团。
2236,action_part_a_orgasm_super_B,0,t_imprisonment_1&CVP_A2_G_GE_-2&CVP_A2_G_LE_-1,被单独关押的{TargetName}整具身子骤然绷成一张满弓，{anal}极度剧烈地连续绞缩翻涌，长时间地抽搐个不停，收缩的幅度大得近乎失控。\n紧箍的括约肌疯狂地一开一合翕张痉挛，密集而持续地翻卷绞缢，将那阵剧烈的收缩延续得无休无止。\n她周身的肌肉一齐强烈地抽紧战栗，腰肢反复深深弓起而后又猛地瘫软塌陷，脊背随之一次次绷直又松垮。\n四肢彻底失去控制地痉挛乱颤，双腿无意识地胡乱蹬动，脚背绷直脚趾深深蜷扣，手指抠紧了触手可及的一切。\n大股大股的肠液从{anal}失禁般喷射涌出，一波接一波地成股溢流，顺着不断抽搐的股缝汩汩淌落，湿成一大片。\n她眼神散乱失神地上翻，唇舌不受控制地颤抖翕动，口水沿着下颌无声地滑落，胸膛剧烈起伏，呼吸彻底紊乱失序。
2237,action_part_a_orgasm_super_B,0,t_imprisonment_1&CVP_A2_G_GE_-2&CVP_A2_G_LE_-1,囚牢里的{TargetName}娇躯冷不防猛烈弹颤起来，{anal}以极致的力度长久地连续痉挛绞缩，翻搅收紧的动作一下比一下更加狂乱失控。\n收束的括约肌疯狂而不停地绞缢开合，密不透风地一圈圈翕张收紧，将这阵极端的抽搐反复延宕下去。\n她全身的肌群骤然强烈地绷紧抽搐，腰腹深深弓起绷成弧形，旋即又整个瘫软下去，如此反复起伏了好几轮。\n两腿失控地剧烈颤抖乱蹬，脚踝紧绷脚趾蜷曲扣死，双手死死攥住能抓到的东西，指节因用力而根根泛白。\n浓稠的肠液自{anal}失禁般地大量喷涌，成股成股地汹涌溢流不止，顺着痉挛的甬道一路淌落，蜿蜒成一大片湿痕。\n她双目彻底失焦地涣散上翻，嘴唇与舌头失控地颤动翕张，晶亮的口水顺着嘴角淌下，急促的喘息紊乱得再也理不出节奏。
2238,action_part_a_orgasm_super_B,0,t_imprisonment_1&CVP_A2_G_GE_-2&CVP_A2_G_LE_-1,被监禁的{TargetName}身体霎时剧烈地弹跳抽搐，{anal}极度猛烈且漫长地连续收缩绞紧，一阵阵翻涌痉挛得完全不受控制。\n环绕的括约肌疯狂地翕张绞缢，密集地开合收束个不停，将这场极致的绞缩延续得没有尽头。\n她整具躯体的肌肉强烈地抽搐绷直，腰背反复深深弓起又骤然彻底瘫软，臀部随之一次次痉挛地收紧又放松。\n四肢彻底失控地颤栗痉挛，双腿无意识地乱踢乱蹬，脚趾猛地蜷紧又张开，纤细的手指痉挛地抠攥收拢。\n大量肠液从{anal}失禁般地喷射而出，一股接一股地涌流不休，沿着不停抽搐的股沟汩汩流淌，将下身浸得一片狼藉。\n她的眼神散乱地失焦上飘，唇舌失控地哆嗦翕合，来不及咽下的口水沿着唇角溢出，呼吸完全乱作一团，胸口剧烈起伏个不停。
2239,action_part_a_orgasm_super_B,0,t_imprisonment_1&CVP_A2_G_GE_-2&CVP_A2_G_LE_-1,认命被囚的{TargetName}娇躯没有征兆地剧烈弹动痉挛，{anal}极度激烈地长时间连续绞缩翻搅，收紧的力道狂乱得再也压不住。\n紧缩的括约肌疯狂而持续地绞缢开合，一圈圈密集地翕张收束，把那阵极端的抽搐拉扯得连绵不绝。\n她周身的肌肉猛然一齐绷紧战栗，脊背深深弓成满弓又忽地整个瘫软下去，腰肢反复地弓起塌陷起伏不定。\n两条腿失控地痉挛乱颤，无意识地蹬踹踢动，脚趾深深扣紧又骤然张开，双手死死攥住身边一切攥得指节发白。\n浓稠的肠液自{anal}失禁般地大量喷涌成股溢出，顺着痉挛不止的甬道汩汩涌流，怎么也止不住地淌落成一大摊。\n她双眼彻底涣散失神地上翻，唇舌不受控制地颤抖张翕，口水无声地顺着下巴滑落，急促紊乱的喘息彻底失去了章法。

2240,action_part_a_orgasm_super_B,0,t_imprisonment_1&CVP_A2_G_GE_-4&CVP_A2_G_LE_-3,{TargetName}的整具身躯骤然剧烈地弹动起来，{anal}极度剧烈而漫长地连续痉挛收缩，括约肌疯狂而持续地绞缩翕张，一圈圈地收束又张开，毫无停歇。\n她的腰部反复深深弓起，随后又彻底瘫软塌落，如此往复不休，小腹一阵接一阵地剧烈抽搐绷紧。\n两条腿失控地痉挛乱蹬，脚趾死死蜷缩又猛然张开，膝盖不住地颤抖打颤。\n十指痉挛般抠紧攥拢，指节泛白，双臂僵直地绷紧又脱力垂落。\n大量肠液自{anal}失禁般汹涌喷涌而出，一股接一股地喷射狂溢，涓涓不止地涌流下去，量势凶猛。\n她的脊背绷成紧弓又骤然塌软，全身肌肉强烈而持续地抽搐战栗，眼神彻底涣散失焦，唇舌失控地翕动颤抖，口水顺着嘴角不受控制地溢流而下，呼吸彻底乱成一片，只余急促而破碎的喘息。
2241,action_part_a_orgasm_super_B,0,t_imprisonment_1&CVP_A2_G_GE_-4&CVP_A2_G_LE_-3,被囚的{TargetName}猛地绷紧了全身，像匍匐待赏的宠物般深深塌腰拱起臀部，{anal}极度剧烈地连环痉挛绞缩，括约肌疯狂地一翕一张收束个不停，久久不能平息。\n她的腰肢反复深弓后又骤然瘫软下去，来回起伏无数次，小腹的肌肉一波波剧烈地抽搐收紧。\n双腿不受控制地痉挛颤抖，脚尖时而死死绷直时而猛然勾曲，两膝相互磕碰打颤。\n手指痉挛地抓挠攥握，指节因用力而根根发白，手臂僵硬绷直后又软软脱力。\n海量肠液从{anal}失禁般狂泻喷涌，一次次喷射而出，涌流不止地流淌成片。\n她整条脊背绷紧成弓又彻底塌陷，浑身肌肉持续而强烈地抽搐绷紧，眼神涣散无神，舌头失控地伸缩颤动，涎水沿着下颌不断滴落，呼吸支离破碎，喉间溢出断续的颤音。
2242,action_part_a_orgasm_super_B,0,t_imprisonment_1&CVP_A2_G_GE_-4&CVP_A2_G_LE_-3,{TargetName}的躯体骤然剧烈痉挛弹跳，{anal}极度而持久地疯狂绞缩收束，一圈圈地紧箍又松开，括约肌翕张个不停，长时间地连续痉挛不止。\n腰部一次次深深弓起旋即彻底瘫软塌落，反复不休，小腹随之剧烈地抽搐收缩，肌肤上的肌肉线条根根绷起。\n两腿失控地乱蹬痉挛，脚趾猛地蜷曲又骤然张开，脚踝处的筋腱绷得死紧。\n双手痉挛般死死攥紧，指节泛白发青，手臂僵直发抖后又脱力垂下。\n大量肠液自{anal}失禁般汹涌喷薄，接连不断地喷涌狂溢，源源涌流成一片湿漉。\n她的背脊剧烈弓起又软塌，全身肌肉持续强烈地抽搐战栗，双目彻底失焦涣散，唇齿失控地打颤，口涎不住溢出滑落，急促破碎的喘息一声接一声，整个人陷入近乎失控的极端颤抖中。
2243,action_part_a_orgasm_super_B,0,t_imprisonment_1&CVP_A2_G_GE_-4&CVP_A2_G_LE_-3,被监禁的{TargetName}浑身猛然绷成一线，随即剧烈地抽搐弹动，{anal}极度剧烈而漫长地连续痉挛，括约肌疯狂地绞缩翕张，一收一放毫不停歇。\n她的腰身反复深弓后又骤然彻底瘫软，起起伏伏没有止境，小腹肌肉一阵阵猛烈地抽紧颤动。\n双腿痉挛似的失控乱蹬颤抖，脚趾死死绷曲又倏地张开，膝头不住地哆嗦相撞。\n十指抠紧攥拢又痉挛张开，指节根根泛白，两臂僵直绷紧后软脱垂落。\n汹涌的肠液从{anal}失禁般喷涌不止，一股股狂泻而出，止不住地涌流蔓延。\n整条脊背绷紧如弓又塌软下去，全身肌肉强烈而持续地抽搐绷紧，眼神空洞涣散，舌头无力地失控翕动，涎液顺着唇角连连滴淌，呼吸彻底失序，只剩破碎急促的喘。
2244,action_part_a_orgasm_super_B,0,t_imprisonment_1&CVP_A2_G_GE_-4&CVP_A2_G_LE_-3,{TargetName}的身子霎时剧烈地痉挛颤跳起来，{anal}极度剧烈、长时间地不受控制连续绞缩收束，括约肌疯狂而持续地一翕一张，紧箍又松张，久久不歇。\n她的腰腹反复深深弓起继而彻底瘫软塌陷，来回往复无休，下腹的肌肉一浪接一浪地剧烈抽搐收紧。\n两腿失控地痉挛乱蹬，脚趾猛然蜷紧又骤然绷张，两膝颤抖着相互磕碰。\n双手死死攥握痉挛，指节泛白，手臂绷得僵直后又无力脱落。\n海量肠液自{anal}失禁般狂涌喷薄，一次次喷射狂溢，涓涓不绝地涌流成灾。\n脊背绷成满弓又骤然软塌，浑身肌肉持续剧烈地抽搐战栗，眼神彻底涣散失神，唇舌失控地颤抖翕动，口水沿颌角不住溢流，呼吸乱作一团，喉咙里只吐得出断续破碎的喘息。

2245,action_part_a_orgasm_super_B,0,t_unconscious_flag_1&target_not_sleep_h_awake_but_pretend_sleep,熟睡中的{TargetName}身子毫无预兆地剧烈弹动了一下，{anal}随即极度剧烈、长时间地连续痉挛绞缩，括约肌疯狂而持续地一开一合翕张收紧，深处大量滚烫的肠液失禁般喷涌而出，一股接一股地涌流不止，淋漓地流淌下去。\n纤细的腰肢在睡梦中反复深深地弓起，又一次次彻底瘫软下去，全身的肌肉强烈而持续地抽搐绷紧，四肢失控地颤抖痉挛，双脚无意识地乱蹬蜷缩，脚趾死死向内扣拢。\n她始终没有睁开眼睛，紧闭的眼睑却剧烈地颤动，眉心深深蹙起，唇舌失控地微微张合，一缕晶亮的口水顺着嘴角溢出滑落。\n纤细的手指在身侧痉挛地抓挠收拢，指节因用力而泛白，急促紊乱的呼吸从鼻间断续地喷出，胸口剧烈起伏，整具娇躯随着{anal}一波波的绞缩而不住地抽搐战栗，久久不能平息。
2246,action_part_a_orgasm_super_B,0,t_unconscious_flag_1&target_not_sleep_h_awake_but_pretend_sleep,睡梦里的{TargetName}猛地绷直了脊背，{anal}极度剧烈地连续收缩绞紧，括约肌疯狂地翕张开合，一圈圈疯狂地箍缩，深处滚热的肠液如失禁般大量喷射，源源不断地汩汩涌流而出，将下身泄得一片狼藉。\n她的腰身在无意识中反复深弓又骤然塌软，小腹一下下剧烈地抽搐凹陷，大腿根部痉挛地夹紧又弹开，两条纤腿失控地颤抖乱蹬，脚背绷得笔直，脚趾一阵阵蜷曲抠紧。\n紧阖的双眼下眼球急速转动，眉头拧成一团，微张的唇间不受控地漏出断续的呜咽，口水沿着下颌滑落。\n她始终深眠未醒，只是整具身子被一波波{anal}的痉挛推着不停地弹跳战栗，双手在身侧无意识地攥紧又松开，紊乱的鼻息又急又重，胸膛剧烈地上下起伏，颤抖良久才慢慢缓和下来。
2247,action_part_a_orgasm_super_B,0,t_unconscious_flag_1&target_not_sleep_h_awake_but_pretend_sleep,{TargetName}在酣睡中身体骤然一阵剧烈的抽搐，{anal}长时间地、极度剧烈地连续痉挛翕缩，括约肌持续疯狂地一缩一放绞动，深处大量肠液失禁般地喷涌而下，一波高过一波地涌流不止，把下身浸得淋漓。\n她纤细的腰肢无意识地反复弓成深深的弧度而后彻底摊软，全身肌肉一阵阵强烈地绷紧又松脱，四肢失控地痉挛乱颤，双腿一会儿蜷起一会儿乱蹬，脚趾死死地向内勾扣。\n睡颜之上眉心紧锁，眼睑剧烈地跳动，微启的嘴唇失控地翕动，涎液顺着嘴角丝丝溢出。\n始终没有醒来的她只在梦中无意识地哼出细碎的鼻音，双手胡乱地抓挠收拢，指节泛白，呼吸彻底失了节律，一阵阵急喘从鼻腔喷出，柔软的躯体随着{anal}的每一次绞缩而剧烈地颤栗抽搐，久久方歇。
2248,action_part_a_orgasm_super_B,0,t_unconscious_flag_1&target_not_sleep_h_awake_but_pretend_sleep,熟睡的{TargetName}整个身子毫无征兆地弹跳起来，{anal}极度剧烈而不受控制地连续绞缩痉挛，括约肌疯狂持续地翕张收束，深处滚烫的肠液失禁似地大量喷射涌流，一股股汹涌而出，淋漓不绝地淌落。\n她的腰部在睡梦中一次次深深弓起又猛然瘫软，小腹剧烈地一抽一抽，浑身的肌肉强烈而持续地痉挛绷紧，纤细的四肢失控地乱颤乱蹬，双膝痉挛地并拢又弹开，脚尖绷直，脚趾狠狠蜷扣。\n紧闭的眼皮下眼珠飞快地颤转，眉头深深皱起，失控的唇舌无意识地张合，口涎顺着唇边滑下。\n她自始至终未曾苏醒，只从喉间漏出一声声黏软的呜咽，手指在身侧无意识地痉挛抓握，指节发白，鼻息又急又乱，胸口大幅起伏，整具娇躯被{anal}一轮轮的猛烈收缩牵动着不停地抽搐战栗，良久才渐渐平复。
2249,action_part_a_orgasm_super_B,0,t_unconscious_flag_1&target_not_sleep_h_awake_but_pretend_sleep,睡梦中的{TargetName}猝然浑身一僵，紧接着剧烈地颤动起来，{anal}极度剧烈地、长久地连续痉挛绞紧，括约肌一圈圈疯狂地翕合收缩，深处大量炽热的肠液失禁般喷涌不止，一泻千里地汩汩流淌，将下身冲刷得一片湿漉。\n她纤秀的腰肢反复地深弓再瘫塌，小腹一下下痉挛地凹陷起伏，全身肌肉强烈地绷紧又松弛，两条腿失控地痉挛乱蹬，脚踝绷得死紧，脚趾一阵阵向内蜷曲扣拢。\n阖着的双眼眼睑剧烈跳颤，眉心紧蹙成结，微张的口中失控地溢出断续呜咽与津液。\n始终沉睡未醒的她只无意识地绷紧又松开身子，双手在身侧胡乱地抓挠攥紧，指节泛白，呼吸彻底紊乱地从鼻间急急喷吐，胸膛起伏不定，整副柔嫩的身躯随着{anal}接连不断的绞缩而剧烈地弹动痉挛，迟迟无法安定下来。

2250,action_part_a_orgasm_super_B,0,t_unconscious_flag_1&target_sleep_h_awake_but_pretend_sleep,装睡的{TargetName}紧闭的眼皮剧烈地颤动着，牙关死死咬紧，双唇用力抿成一线极力压着不让呻吟溢出，{anal}却完全不听使唤，极度剧烈地一波接一波连续痉挛收缩。\n环绕的括约肌疯狂地绞缩翕张，一圈圈地收紧又张开，怎么也停不下来，浓稠的肠液顺着抽搐的节奏大股大股地喷涌而出，失禁般地涌流不止，很快便浸湿了一大片。\n她的腰部深深地弓起绷成一道紧张的弧线，随即又彻底脱力般瘫软塌下，如此反复起伏了好几次，全身的肌肉都强烈而持续地抽搐绷紧。\n两条腿失控地颤抖痉挛，脚趾死死向内蜷缩扣拢，膝盖不住地打颤，纤细的手指徒劳地攥紧了身下的一切，指节因用力而泛白。\n即便竭力维持着熟睡的姿态，她那涣散失神的眉眼、溢出唇角的口水与止不住颤抖的睫毛，仍将这场剧烈到极点的失控暴露无遗，胸口随着完全失序的呼吸剧烈起伏。
2251,action_part_a_orgasm_super_B,0,t_unconscious_flag_1&target_sleep_h_awake_but_pretend_sleep,{TargetName}仍维持着阖眼装睡的模样，可她的身体早已彻底失控，{anal}极度剧烈地连续痉挛翕动，一下比一下更猛，长时间地绞缩个不停。\n括约肌疯狂而持续地收缩绞紧，翻涌般地一开一合，大量浓稠的肠液被一次次挤压着喷溅出来，失禁似的汹涌涌流，怎么也止不住地淌落。\n她的脊背反复深深弓起而后又猛地摊软下去，腰肢剧烈地起伏扭动，全身肌肉一阵接一阵地强烈抽搐绷紧，抖得几乎不成样子。\n四肢失控地乱颤乱蹬，脚背绷直又蜷曲，双手死死抓攥着，指尖深深掐陷进去，颤抖的手臂青筋隐隐浮现。\n紧咬的下唇没能拦住溢出的津液，口水顺着嘴角悄悄滑落，紧闭的眼睫剧烈地扑闪颤动，喉咙里溢出压抑不住的破碎气音，急促的喘息彻底乱了节奏。
2252,action_part_a_orgasm_super_B,0,t_unconscious_flag_1&target_sleep_h_awake_but_pretend_sleep,死死装着睡的{TargetName}眼皮颤个不停，脸埋着强忍，{anal}却疯了一样极度剧烈地连续收缩痉挛，长久地翕张绞缩不肯停歇。\n一圈括约肌狂乱地绞紧又松开，反复痉挛翕动，被挤出的肠液大股喷涌而出，失禁般地涌流不止，淋漓地溅落了一片又一片。\n她的腰腹猛地弓成紧绷的弧度，旋即彻底脱力瘫软，反反复复地深弓又塌陷，小腹处的肌肉密集地抽搐痉挛，抖动不休。\n两条大腿失控地绷直乱蹬又痉挛夹紧，脚趾狠狠向内抠蜷，纤细的十指痉挛般攥拢，攥得指节发白，手臂微微发颤。\n她极力压着不出声，喉间却仍漏出细碎的哽咽气音，口水顺着紧抿的唇角溢出滑下，睫毛剧烈颤抖，涣散的眼球在紧阖的眼皮下不安地转动，整个胸膛随失序的呼吸剧烈起伏。
2253,action_part_a_orgasm_super_B,0,t_unconscious_flag_1&target_sleep_h_awake_but_pretend_sleep,{TargetName}表面上仍闭眼装作熟睡，牙关紧咬压着声音，身体却诚实地爆发了，{anal}极度剧烈而漫长地连续痉挛，绞缩收紧个不停。\n括约肌一阵阵疯狂地翕张绞缩，收紧又骤然张开，浓稠肠液随之被一股股挤喷而出，失禁般汹涌淌落，很快便湿透了大片。\n她的背脊深深弓起又猛然瘫软，腰肢大幅度地起伏抽动，全身的肌肉持续而强烈地绷紧抽搐，颤栗一波接一波席卷整具娇躯。\n双腿失控地痉挛乱颤，时而绷直时而猛夹，脚尖用力抠绷，双手死死攥紧了触手可及之物，指节泛白，手背筋脉暴起。\n紧闭的眼睑不住抽动扑闪，口角溢出的涎液拉出晶亮的丝线，急促而破碎的鼻息完全失了节律，脸颊涨红失神，喉咙深处压抑的颤音怎么也咽不下去。
2254,action_part_a_orgasm_super_B,0,t_unconscious_flag_1&target_sleep_h_awake_but_pretend_sleep,仍旧阖眼装睡的{TargetName}竭力绷着身子想保持不动，可{anal}却极度剧烈地连续痉挛翕缩，长时间地狂乱绞紧，根本不听使唤。\n环形的括约肌疯狂地收缩绞拢又翻张，一圈圈痉挛不止，大量肠液被挤压着喷涌溅出，失禁般地涌流不断，淋漓地流淌了一大摊。\n她的腰身反复深弓成弓形又彻底软塌，脊背绷紧到极致再脱力瘫落，如此起伏数次，浑身肌肉强烈而持续地抽搐战栗。\n四肢不受控地乱蹬乱颤，双膝痉挛打颤，脚趾蜷紧又张开，纤细的手指无力地抓挠攥握，指尖掐进掌心也浑然不觉。\n她极力抿紧的唇终究没能锁住溢出的口水，涎液悄悄滑落颈侧，紧闭的睫毛剧烈颤抖，眼皮底下的眼球不安游移，胸口随着彻底失控的喘息大幅剧烈地起伏着。

2255,action_part_a_orgasm_super_B,0,t_unconscious_flag_2,醉得手脚发软的{TargetName}整具娇躯毫无预兆地剧烈弹动了一下，{anal}随即极度剧烈、长时间地连续痉挛绞缩起来。\n括约肌疯狂而持续地一圈圈绞紧翕张，收缩的幅度远远超出寻常，一波接一波毫无间歇。\n醉软的腰肢反复深深弓起而后又彻底瘫软下去，如此往复了数次，四肢失控地颤抖痉挛，双腿无力地乱蹬乱蹭。\n全身的肌肉一阵阵强烈而持续地抽搐绷紧，连脚趾都死死地蜷曲扣拢。\n{anal}处大量温热的肠液失禁般地汹涌喷涌而出，一股股向外涌流不止，浸得下身湿淋淋一片。\n她醉眼半阖、眼神彻底涣散，唇舌失控地微微吐露，涎水顺着嘴角不受控制地溢流下来，呼吸彻底失去了节律，只剩下断续而粗重的急喘。
2256,action_part_a_orgasm_super_B,0,t_unconscious_flag_2,酒意上头、浑身瘫软的{TargetName}身子猛地一僵，紧接着{anal}便不受控制地剧烈连续痉挛翕合起来。\n括约肌疯狂地一收一放，绞缩得又深又急，持续了极长的一段时间也停不下来。\n她醉软的脊背深深地弓成一道紧绷的弧线，随即又整个瘫软塌陷，反复起伏了好几轮。\n四肢无力却又失控地剧烈颤抖着，两条腿时而绷直时而胡乱蹬动，双手的手指痉挛似的蜷缩收拢。\n全身肌肉强烈而持续地绷紧抽搐，连醉红的面颊都在不住地抽动。\n{anal}汩汩地喷涌出大量肠液，如失禁般涌流个不停，顺着腿根淌落了一大片。\n她醉眼迷蒙、眼珠上翻失焦，口中涎液失控地溢出，急促而紊乱的喘息一声接着一声。
2257,action_part_a_orgasm_super_B,0,t_unconscious_flag_2,醉倒般软瘫着的{TargetName}忽然浑身剧烈一颤，{anal}立时极度剧烈地连续痉挛绞缩，一下比一下更凶更深。\n括约肌持续疯狂地翕张收紧，绞缩的力道和幅度都远远超过了寻常的程度。\n醉软无力的腰肢一次次深深弓起，随后又彻底瘫软下坠，如此往复不休。\n四肢失控地痉挛乱蹬，两条腿无力地蹭动踢蹬，脚背绷直、脚趾扣紧。\n全身肌肉一阵强似一阵地抽搐绷紧，醉红的身躯抖得停不下来。\n{anal}处大量肠液失禁般地喷洒涌流，源源不断地向外奔涌，将下身浸得一片狼藉。\n她醉眼半睁却已彻底失焦涣散，唇舌无力地翕动失控，口水顺着下颌线滑落，呼吸彻底乱作一团，只余粗重紊乱的喘。
2258,action_part_a_orgasm_super_B,0,t_unconscious_flag_2,被酒精灌得四肢无力的{TargetName}娇躯毫无征兆地剧烈痉挛弹跳，{anal}随之极度剧烈而持久地连续绞缩痉挛。\n括约肌疯狂地一圈圈收紧又翕张，密集而不间断，绞缩的强度远非寻常可比。\n醉软的腰肢反复深深弓起后又整个瘫软塌下，起起伏伏了数个来回。\n四肢彻底失控地颤抖乱蹬，双腿虚软无力地胡乱踢蹬蜷曲，双手蜷成痉挛的拳。\n全身的肌肉强烈而持续地绷紧抽搐，连醉意朦胧的面容也一阵阵扭曲抽动。\n{anal}大量肠液如失禁般喷涌不止，一股又一股汹涌地涌流出来，淌湿了一大片。\n她醉眼涣散、眼神失焦，涎水失控地从松弛的唇角溢出，急喘声断断续续、毫无章法。
2259,action_part_a_orgasm_super_B,0,t_unconscious_flag_2,醉得几乎坐不稳的{TargetName}身子骤然剧烈弓起，{anal}顿时极度剧烈、长久地连续痉挛翕合起来。\n括约肌疯狂而不停歇地绞紧松开，一波波深重的收缩接连不断地袭来。\n她醉软的脊背深深弓成弓弦般的弧度，旋即又彻底瘫软下去，反复地弓起又塌陷。\n四肢失控地剧烈痉挛，两条腿无力地乱蹬乱蹭，脚趾死死地蜷缩扣拢。\n浑身肌肉一阵接一阵强烈地绷紧抽搐，连醉红的双肩都在剧烈耸动颤抖。\n{anal}处大量温热的肠液失禁般地汹涌喷涌，接连不断地向外奔流泻落，浸透了下身。\n她醉眼迷离、眼珠失焦上翻，口中涎液不受控制地溢流淌落，呼吸彻底紊乱失序，只剩粗重的急喘。

2260,action_part_a_orgasm_super_B,0,t_unconscious_flag_3,时间彻底停摆的这一瞬，{TargetName}的整具躯体被死死定格在原地，{anal}正处在极度剧烈的连续痉挛之中，括约肌疯狂绞缩翕张的动作被生生冻结在最狰狞的一刻，翕开又收拢的边缘僵停在半途。\n大股大股的肠液从{anal}失禁般喷涌而出，本该四溅奔泻的浊流却在停滞的空气里凝成一道悬垂不落的晶亮长痕，一颗颗飞沫僵悬于半空一动不动。\n她深深弓起的腰背僵在弯折的顶点，绷得笔直的四肢维持着痉挛乱蹬到一半的姿势彻底动弹不得，脚趾死死向内蜷扣，十根手指痉挛地张开又僵住。\n涣散无神的双眼圆睁着定格，失控的唇舌半吐在唇外，一缕来不及滑落的口水悬凝在下颌尖，整具身躯连同这场剧烈到极点的绝顶反应一起被封印，纹丝不动。
2261,action_part_a_orgasm_super_B,0,t_unconscious_flag_3,静止的时间将{TargetName}钉在原处，她的{anal}被冻结在猛烈收缩的极点，一圈圈向内绞紧的褶皱僵停在最深的痉挛里，括约肌骤然缢缩的动作凝固不动。\n海量的肠液正从{anal}狂喷而出，喷射的浊流在停摆的空气中定格成一柱悬浮的水线，飞溅的液滴如被串起的珠子般僵悬四周，一滴也未曾落下。\n她的脊背反弓成一道僵直的弧，腰腹绷紧的肌肉冻结在深深收缩的一刻，双腿失控外张又僵在半空，膝盖痉挛地内扣，脚背绷直如弓。\n她圆睁的眼眸失焦定格，眉心死死蹙起，张大的嘴僵在无声的形状里，舌尖失控地探出，颌下悬着凝住的津液，整个人被封锁在这剧烈绝顶的动作里再无半分挪移。
2262,action_part_a_orgasm_super_B,0,t_unconscious_flag_3,时间在此刻凝住，{TargetName}被定格成一尊僵硬的塑像，{anal}正剧烈到极致地连续抽搐绞缩，翕张的括约肌僵停在疯狂痉挛的中途，一收一放的动作被冻结得清晰可辨。\n从{anal}失禁般奔涌的滔滔肠液在停滞的时空里凝成悬空的浊亮水幕，本该喷溅飞洒的液流僵悬半空纹丝不动，一层层泛着晶光。\n她深弓的腰背僵在痉挛的顶端，全身肌肉紧绷抽搐的姿态被死死定格，四肢乱蹬到一半戛然僵停，脚趾蜷曲、十指痉挛张开僵在原处。\n涣散的双目圆睁着失去焦点，嘴唇大张、舌尖外吐失控，一线口水悬凝在唇角未落，整具躯体连同这灭顶般的剧烈反应被牢牢禁锢，动也不动。
2263,action_part_a_orgasm_super_B,0,t_unconscious_flag_3,被彻底叫停的时间里，{TargetName}僵在原地一寸也无法移动，她的{anal}正陷入极度猛烈的连绵痉挛，疯狂绞缩的括约肌被冻结在翕合的顶点，深深内吸的动作凝固成永恒的一瞬。\n大量肠液自{anal}如溃堤般喷涌，奔泻的浊流在静止的空气中僵停成一片悬浮的晶亮，飞散的液珠齐齐凝定在半空，连坠落都被时间截断。\n她的腰肢弓到极限又僵住，绷紧战栗的双腿失控张开定格，脚趾死死扣紧，双手痉挛地攥握又僵在半途，指节泛白。\n她的双眼失神地圆瞪着，眉头紧锁，唇舌失控地大张外探，一缕晶亮的口水悬垂在下巴不落，整具痉挛到极点的躯体被封印在这一刻纹丝不动。
2264,action_part_a_orgasm_super_B,0,t_unconscious_flag_3,时间戛然冻结，{TargetName}保持着原样被死死定格，{anal}正在极致剧烈地反复绞缩痉挛，括约肌疯狂翕张的动作僵停在最激烈的一刻，一圈圈收紧的褶皱凝固可见。\n磅礴的肠液从{anal}失禁般喷薄而出，本该四射狂泻的浊流在停滞的时空里悬凝成一道晶亮的弧，无数飞沫僵悬在空中静止不动，一颗也未落地。\n她弓起的脊背绷成僵直的弓形定格半空，抽搐的四肢乱蹬到一半彻底冻住，脚背绷直、脚趾内蜷，十指痉挛张开又僵停。\n失焦涣散的双眼圆睁着，张大的口中舌头失控外吐，来不及咽下的口水凝悬在唇边，整个躯体连同这剧烈到极点的绝顶反应被牢牢封锁，再无一丝动静。

2265,action_part_a_orgasm_super_B,0,t_unconscious_flag_4,{TargetName}的娇躯毫无预兆地剧烈绷紧，{anal}骤然爆发出极度剧烈而漫长的连续痉挛，一波接一波地疯狂绞缩翕张，怎么也停不下来。\n括约肌疯狂地收紧又翕张，反复绞动个不停，随着这密集而失控的绞缩，大量肠液如失禁般汹涌喷涌而出，一股接一股地涌流不止，怎么也收束不住。\n她的腰部深深地向上弓起，绷成一道紧张的弧线，维持了许久又骤然彻底瘫软塌下，如此反复起伏了好几回。\n两条腿失控地痉挛乱蹬，脚趾时而死死蜷缩时而猛然张开，膝盖不受控制地颤抖打战，双手无力地攥紧又松开。\n全身的肌肉一阵阵强烈而持续地抽搐绷紧，肩背颤抖，小腹反复地深陷抽动。\n她的眼神彻底涣散失焦，双唇失控地微张，舌尖无力地探出，一缕口水顺着嘴角悄悄溢落，脸上却始终没有什么表情，只余那副淡漠平静的神色，呼吸也彻底乱了节奏，胸口剧烈地起伏喘动。
2266,action_part_a_orgasm_super_B,0,t_unconscious_flag_4,{TargetName}整个人猛地一僵，{anal}随即陷入极度剧烈而持久的连续抽搐，一下又一下地疯狂收紧绞缩，幅度大得近乎失控。\n随着括约肌一圈圈地疯狂绞动翕张，积压已久的大量肠液被生生挤压而出，如失禁般喷洒涌流，一波强过一波，怎么也止不住。\n她的脊背反复深深弓起又彻底软塌，腰肢一次次绷紧到极点后骤然瘫落，来回起伏个不停。\n四肢失去了控制地颤抖痉挛，双脚无意识地乱蹬，脚踝绷得笔直，十指忽而蜷曲攥紧忽而无力摊开。\n浑身的肌肉强烈而持续地抽紧战栗，肩头耸动，小腹一阵阵深陷又鼓起地反复抽动着。\n她那双眼睛失神地涣散开来，嘴唇不受控制地哆嗦张合，口水沿着下颌线悄悄流淌，面容却依旧平静无波，急促的喘息一阵接一阵地冲出喉间，胸膛剧烈地起伏个不停。
2267,action_part_a_orgasm_super_B,0,t_unconscious_flag_4,{TargetName}的身体骤然剧烈战栗起来，{anal}极度猛烈地连续痉挛绞缩，长时间不受控制地一阵阵疯狂收束，绞动的幅度大得惊人。\n括约肌疯狂而持续地翕张绞紧，堆积多时的肠液被一股脑地挤压喷出，失禁般地喷涌涌流，量大得浸湿了一大片。\n她的腰部深深地弓起又猛地彻底垮塌下去，如此反复深陷起伏，绷紧与瘫软交替上演。\n双腿失控地痉挛抽搐，脚尖时而绷直时而乱蹬，两膝止不住地打颤，双手在虚空中痉挛地抓握又松脱。\n全身肌肉一波波强烈地抽搐绷紧，颈项后仰，肩背绷成僵直的曲线，小腹深深地凹陷又反复抽动。\n她的目光彻底失焦涣散，唇舌失控地颤动，津液顺着松弛的嘴角一线线滑落，脸上神情却始终淡然平静，紊乱的呼吸粗重而急促地喷吐着，胸口一起一伏地剧烈喘动。
2268,action_part_a_orgasm_super_B,0,t_unconscious_flag_4,{TargetName}猛地弓起娇躯，{anal}顷刻间爆发出极度剧烈且漫长的连绵痉挛，一阵紧似一阵地疯狂绞缩，久久无法平息。\n括约肌不受控制地疯狂翕张收束，随着这一轮轮凶猛的绞动，大量肠液如决堤失禁般汹涌喷洒而出，一波接一波地喷涌不休。\n她的腰肢反复深深地向上弓起，绷成极致的弧度后又骤然彻底瘫软下坠，来回起落个不停。\n两条腿失控地痉挛乱蹬，脚趾猛地蜷缩又用力张开，膝头剧烈打颤，双手死死攥紧后又脱力般松垮下来。\n浑身的肌肉强烈而持续地一阵阵抽紧绷直，肩背耸动战栗，小腹反复地深陷抽搐个不停。\n她的双眼涣散失神地望着虚空，嘴唇失控地翕动，口涎悄悄溢出滑落，面上却依旧维持着那副平静淡漠的神色，急促而紊乱的喘息接连不断，胸膛大幅地起伏喘动着。
2269,action_part_a_orgasm_super_B,0,t_unconscious_flag_4,{TargetName}的躯体毫无征兆地骤然抽紧，{anal}随之陷入极度剧烈又持久的疯狂痉挛，一波波密集地绞缩收束，怎么也停不下来。\n括约肌疯狂地一张一缩，绞动个不停，被压抑太久的海量肠液顺势失禁般地喷涌喷洒，汹涌涌流一片，止都止不住。\n她的背脊深深地弓成满弓，维持片刻后又骤然彻底软塌，腰身一次次绷紧又瘫落地反复起伏。\n四肢完全失去控制地颤抖痉挛，双足无意识地乱蹬蹬踏，脚趾扣紧又张开，十指痉挛地收拢又摊平。\n全身肌肉一阵接一阵地强烈抽搐绷紧，肩颈僵直，小腹深陷凹陷又反复地鼓动抽动。\n她那双失焦的眼眸涣散无光，双唇不住地哆嗦张合，口水沿着嘴角丝丝缕缕地淌下，脸上神情却平静得没有一丝波澜，粗重紊乱的喘息一下下急促地涌出，胸口剧烈地起伏不定。

2270,action_part_a_orgasm_super_B,0,t_unconscious_flag_5,{TargetName}原本还在有一搭没一搭地摆弄着手头的东西，下一瞬整具身子毫无预兆地剧烈弹动了一下。\n{anal}陡然爆发出极度剧烈的连续痉挛，一圈圈疯狂地向内绞缩又翕张，括约肌不受控制地反复紧缩松开，长久而密集地抽搐个不停。\n腰肢猛地深深弓起绷成一道满弓，僵持了好几秒后又骤然彻底瘫软塌落，紧接着再度弓起，如此反复。\n两条腿失控地痉挛乱蹬，脚趾用力抠紧又张开，膝盖不住地打颤，全身的肌肉一阵接一阵地绷紧又松脱。\n大量温热的肠液从翻搅的{anal}里失禁般喷涌而出，一股股汹涌地流淌下来，浸湿了一大片。\n她的双手无意识地攥紧又松开，眼神涣散地失了焦，嘴唇张合着却发不出成句的声音，一缕口水顺着嘴角悄悄滑落。\n剧烈的颤栗持续了许久才渐渐平息，随后她竟又茫然地垂下手，慢慢重新拨弄起手边的事情，仿佛什么都不曾发生。
2271,action_part_a_orgasm_super_B,0,t_unconscious_flag_5,正低头专注于手中事务的{TargetName}，身体骤然剧烈地一挺，手上的动作僵在了半空。\n{anal}以一种前所未有的凶猛程度连续痉挛收缩，深处的括约肌疯狂地绞缩翕张个不停，一阵猛过一阵，密集而漫长地抽搐着，久久无法停歇。\n她的脊背反复地深深弓起又彻底塌软，腰腹的肌肉剧烈地抽动绷紧，小腹一下一下地凹陷又鼓起。\n双腿不受控制地剧烈颤抖痉挛，脚跟无力地乱蹬，脚趾蜷缩到极致又猛然张开，大腿内侧的肌肉一波波地抽搐着。\n失禁般的肠液大量喷洒涌流，顺着痉挛的{anal}汹涌而下，淌湿了腿根一整片。\n她的十指僵直地张开又攥紧，面部肌肉失控地抽搐着，眼神空洞涣散，唇舌不听使唤地颤动，口涎无声地溢出。\n如此剧烈的抽搐持续了好一阵才慢慢收束，她的身子一点点松弛下来，随即又神情茫然地把手抬回原处，继续起了未完的事。
2272,action_part_a_orgasm_super_B,0,t_unconscious_flag_5,{TargetName}的手指还搭在手边的物件上，整个人却毫无征兆地剧烈弹颤起来。\n{anal}猛烈地连续绞缩痉挛，一圈圈紧缩的力道强得惊人，括约肌疯狂地翕张收放，长时间不受控制地密集抽搐，翻搅个不停。\n她的腰身深深地向上弓起，绷成紧张的弧线后又骤然瘫软，反反复复地起伏塌陷。\n四肢失控地痉挛乱颤，双腿一会儿绷直一会儿乱蹬，脚趾用力地扣紧，全身的肌肉强烈而持续地绷紧抽搐。\n汹涌的肠液失禁般地喷涌而出，一股接一股顺着不停颤动的{anal}奔流直下，在{SceneName}里淌开一大片湿痕。\n她的呼吸彻底乱了套，胸口剧烈起伏，眼神放空失焦，嘴角挂着来不及咽下的口水，面容失控地抽动着。\n漫长的痉挛终于缓缓退去，僵直的身体逐渐松软，她怔了一怔，又慢吞吞地低下头，重新专注在自己手头的事情上。
2273,action_part_a_orgasm_super_B,0,t_unconscious_flag_5,埋头忙着自己事情的{TargetName}，身子突然像触电般猛地一僵，随即剧烈地抖动起来。\n{anal}爆发出极致而漫长的连续痉挛，深处一阵阵疯狂地绞紧收缩，括约肌不受控地反复翕合张开，密集的抽搐一波强过一波，久久停不下来。\n她的腰部深深弓起又彻底软塌，如此深弓浅落地反复了许多次，腰腹的肌肉剧烈地一收一放。\n两条腿失控地乱蹬痉挛，膝头不住打颤，脚背绷直，脚趾狠狠蜷起又猛地张开，大腿一阵阵抽搐绷紧。\n温热的肠液如失禁一般大量喷涌流淌，源源不断地顺着痉挛的{anal}奔泻而下，浸透了身下一片。\n她的双手死死攥紧又骤然松脱，眼神彻底涣散，唇舌失控地颤抖着，口水顺着下巴一线线地滑落。\n这场剧烈至极的抽搐持续了许久方才慢慢止歇，她的躯体缓缓松弛下来，愣神片刻后又茫然地伸手，重新拨弄起了眼前的事务。
2274,action_part_a_orgasm_super_B,0,t_unconscious_flag_5,{TargetName}还在漫不经心地摆弄手中的东西，下一刻整个人猛然剧烈地弹动痉挛起来。\n{anal}以远超以往的凶猛烈度连续收缩绞紧，深处的括约肌疯狂地绞缩翕张，长久而密集地抽搐翻搅，一刻不停。\n她的脊背一次次深深地弓起绷紧，僵持片刻后又彻底瘫软下去，起伏塌陷个没完。\n四肢失控地剧烈颤抖乱蹬，双腿绷直又蜷曲，脚趾用力地抠握，全身肌肉强烈而持续地一阵阵绷紧抽动。\n大量肠液失禁般地喷洒奔涌，顺着不断痉挛的{anal}汹涌流淌，淌湿了腿间与身下一大片。\n她的手指僵硬地张合，面颊肌肉不受控地抽搐，眼神空茫失焦，微张的唇边溢出一缕缕来不及吞咽的口水。\n剧烈的痉挛持续良久才逐渐消退，她的身子慢慢平复下来，随即又面无表情地垂下手，重新继续起手头未竟的活计。

2275,action_part_a_orgasm_super_B,0,target_is_player_daughter,身为{Name}亲生女儿的{TargetName}，{anal}骤然剧烈绞缩起来，一圈圈括约肌疯狂地翕张绞缩，将周围的软肉绞得紧紧拧成一团，仿佛要将残留在深处的每一丝快感都尽数绞取出来。\n她的腰肢猛地深深弓起，脊背绷成一张满弓，随即又毫无预兆地彻底瘫软塌下，如此反复了好几个来回，肩胛骨也跟着一下下剧烈耸动。\n双腿止不住地痉挛乱蹬，大腿内侧的肌肉抽搐着绷紧又松弛，脚趾死死蜷紧又猛然舒展，十指也跟着用力抓挠身边的物件，指节因用力而泛白。\n{anal}深处大量肠液伴随着剧烈的收缩喷涌而出，失禁般地涌流不止，顺着股缝汩汩淌下，浸湿了大片肌肤。\n她的眼神彻底涣散失焦，唇舌也完全失控地微微颤动张合，一缕晶亮的口水顺着嘴角无声滑落，胸口剧烈地起伏喘息，整具身躯在持续不断的抽搐中剧烈起伏，久久不能停歇。
2276,action_part_a_orgasm_super_B,0,target_is_player_daughter,{TargetName}这具属于{Name}女儿的娇躯剧烈地颤抖起来，{anal}长时间地连续痉挛收缩，一圈圈紧绷的软肉翕张绞紧，反复绞缠个不停，收缩的力道一次比一次凶猛。\n腰肢一次又一次深深弓起又猛然瘫软下去，脊背随之剧烈起伏，肩胛骨也跟着不住地颤动，颈项无力地向后仰去。\n双臂与双腿同时剧烈痉挛，手指胡乱地攥紧又松开，脚背绷得笔直，脚趾却又不受控制地蜷曲抽搐，大腿根部的肌肉一阵阵抖动不止。\n{anal}处大量肠液汹涌喷出，一波接一波地失禁般涌流，顺着大腿根部一路蜿蜒而下，滴落在身下。\n她的眼神完全失去焦点，嘴唇不受控制地哆嗦着微微张合，涎水沿着下颌线不断滑落，胸膛随急促的喘息大幅起伏，整个人在持续的抽搐中剧烈颤动，久久无法平息。
2277,action_part_a_orgasm_super_B,0,target_is_player_daughter,{TargetName}作为{Name}的亲生女儿，此刻{anal}极度剧烈地连续痉挛，括约肌一圈圈疯狂绞缩又猛然松开，翕张的幅度越来越大，仿佛怎么也无法停止下来。\n腰部反复深深弓起，脊椎骨节分明地绷出一道弧线，随即又彻底脱力般瘫软塌落，如此循环往复不止，后颈与肩背同时泛起一层细密的战栗。\n四肢完全失控地抽搐乱蹬，手指痉挛着乱抓身边一切能触到的东西，脚趾也死死蜷缩成一团，脚踝绷得笔直微微颤动。\n{anal}深处涌出的肠液大量喷涌而出，失禁般涌流不止，浸湿了大片肌肤，顺着腿根不断向下滴落。\n她的双眼涣散无神，唇舌完全失控地开合颤抖，滑腻的口水沿着嘴角不断溢出，呼吸急促紊乱，整具身体在剧烈的抽搐中久久不能平复。
2278,action_part_a_orgasm_super_B,0,target_is_player_daughter,身为{Name}女儿的{TargetName}猛地绷紧了全身，{anal}不受控制地极度剧烈痉挛，一圈圈软肉疯狂绞缩翕张，紧绞的力道一波强过一波，仿佛要将残留的每一分快感都彻底榨取干净。\n腰肢深深弓起又骤然瘫软，如此反复了许多个来回，脊背因剧烈的起伏而不断颤动，后腰的肌肉一阵阵绷紧抽搐，肩胛骨也随之一下下耸动。\n双腿失控地乱蹬痉挛，脚踝绷得死紧，十指也痉挛般地抓握着，指甲深深掐进掌心，大腿肌肉一波接一波地颤动，膝盖不受控制地弯折又绷直。\n{anal}处肠液大量喷涌而出，失禁般涌流不止，顺着臀缝与大腿一路淌落，湿透了大片肌肤。\n她的眼神完全涣散，唇舌不受控制地哆嗦张合，晶亮的口水顺着嘴角不断滴落，胸口剧烈起伏，整个人陷入长时间无法自控的剧烈痉挛之中。
2279,action_part_a_orgasm_super_B,0,target_is_player_daughter,{TargetName}这具身为{Name}亲女的躯体剧烈痉挛起来，{anal}长时间不受控制地连续绞缩，括约肌翕张绞紧的幅度一次比一次强烈，仿佛怎么也无法平息下来。\n腰部反复深深弓起，随即又彻底瘫软塌落，脊背和肩胛跟着一同剧烈颤动，颈部也随之无力地仰起又垂落，喉结随着急促的喘息不断滚动。\n四肢乱蹬痉挛，手指痉挛地蜷缩又张开，脚趾也死死抠紧，全身肌肉持续而强烈地抽搐绷紧，大腿内侧的肌肉一阵阵抖颤，脚背绷得笔直微微发麻。\n{anal}深处大量肠液喷涌而出，失禁般地涌流不止，沿着股间一路滴落，浸透了身下的肌肤。\n她的眼神彻底涣散失焦，唇舌完全失控地颤动张合，涎水不断从嘴角溢出，胸膛急促起伏，整具身躯在剧烈的抽搐中久久无法平息。

2280,action_part_a_orgasm_super_B,0,t_unconscious_flag_6&t_hypnosis_blockhead,被操控而僵在原地的{TargetName}身体猛然自发地剧烈抖动起来，{anal}陷入极度剧烈而漫长的连续痉挛收缩，一圈圈地疯狂绞缩翻搅个不停。\n那圈括约肌不受控制地疯狂开合翕张，一缩一张间将深处翻涌的滚烫肠液大股大股地喷射而出，失禁般淋漓涌流不止，顺着股缝一道道淌落。\n无法自主行动的四肢却在无形操控下不住地失控颤抖痉挛，双腿时而绷得笔直时而胡乱抽搐蹬动，脚趾死死向内蜷曲扣拢。\n腰背被逼着反复深深弓起成弧又骤然彻底瘫软塌下，一次次地起伏抽动。\n那两只本该动弹不得的手也止不住地攥紧又松开，指节泛白，全身肌肉一阵接一阵地强烈绷紧又抽搐。\n她的眼神彻底涣散失焦，唇舌失控地微张颤动，口水顺着嘴角不受控地溢流下来，呼吸彻底乱成一团。
2281,action_part_a_orgasm_super_B,0,t_unconscious_flag_6&t_hypnosis_blockhead,精神支配下钉死不动的{TargetName}忽然由内而外剧烈颤栗起来，{anal}极度失控地连续绞缩抽搐，深处一波接一波地疯狂翻涌痉挛，久久不能停歇。\n括约肌疯狂而持续地绞紧又翻张，将大量滚烫黏腻的肠液毫无节制地喷涌而出，如失禁般成注涌流，怎么也止不住地向外淌溢。\n那被锁住无法挪动的双腿此刻却剧烈地抽搐痉挛，膝盖颤巍巍地打颤，脚背绷直脚尖乱勾，整条腿都被失控的颤抖笼罩。\n腰肢被迫深深弓起绷成满弓，随即又骤然彻底塌软下去，如此反复起落抽动不停。\n全身的肌肉一阵阵强烈地紧绷又剧烈抽搐，僵直的手臂止不住地颤动，手指痉挛般收拢蜷曲。\n她双眼失神地上翻涣散，嘴唇失控地大张颤抖，口涎顺着下颌线滑落，胸膛随着完全失序的急促喘息剧烈起伏。
2282,action_part_a_orgasm_super_B,0,t_unconscious_flag_6&t_hypnosis_blockhead,被无形之力禁锢住的{TargetName}整具身躯突然剧烈地痉挛抽动，{anal}极度剧烈而漫长地连续收缩绞紧，深处翻搅翕动个不停，一下比一下更猛。\n括约肌不受控地疯狂开合翕张，一张一合间将滚烫的肠液大量喷射喷薄而出，失禁般地狂涌不休，淋漓地顺着腿根流成一片。\n那双无法自主的腿疯狂地失控乱蹬颤抖，大腿肌肉一阵阵绷紧又痉挛，脚趾用力地向内蜷缩扣死。\n背脊被逼着反复深深地拱起弓成弧线，又一次次骤然瘫软垮塌下去。\n遍身的肌肉强烈而持续地绷紧抽搐，被定住的双手却仍不住地颤抖攥握，指尖深深掐入掌心。\n她的眼神彻底散乱失焦，眼白微微翻起，唇舌失控地颤抖大张，涎水不受控地自唇角溢流而下，呼吸彻底陷入紊乱。
2283,action_part_a_orgasm_super_B,0,t_unconscious_flag_6&t_hypnosis_blockhead,被操纵得僵硬不动的{TargetName}忽而全身猛烈地战栗起来，{anal}极度失控地一阵接一阵剧烈痉挛绞缩，深处疯狂地翻涌抽搐，持续不断久久不歇。\n那圈括约肌疯狂地一缩一张翕动不停，将大股滚烫的肠液毫无保留地喷涌而出，失禁般地涌流不止，顺着股沟大量淌落成痕。\n无法挪动分毫的双腿却剧烈地抽搐乱蹬，膝头不住颤抖打战，脚踝绷紧脚趾蜷曲扣紧。\n腰腹被迫一次次深深弓起绷直，旋即又彻底软塌瘫落，反复地大幅起伏。\n浑身肌肉一阵阵强烈地绷紧痉挛，僵住的手臂止不住地哆嗦颤动，五指痉挛地收拢又张开。\n她两眼失神涣散地半翻着，嘴唇不听使唤地张合颤动，口水成线地顺着嘴角滑落下颌，急促而失序的喘息令胸口剧烈起伏。
2284,action_part_a_orgasm_super_B,0,t_unconscious_flag_6&t_hypnosis_blockhead,被精神控制钉在原地的{TargetName}身子骤然自发地剧烈痉挛颤抖，{anal}极度剧烈而持久地连续绞缩翻搅，深处一波未平一波又起地疯狂抽搐不停。\n括约肌失控地疯狂绞紧翕张开合，将深处翻涌的滚烫肠液大量地喷射喷涌而出，失禁般地成注狂泻，源源不断地向外淌溢不止。\n那被锁死无法自主的双腿剧烈地颤抖蹬动，大腿根一阵阵绷紧收缩，脚尖死死向内勾扣蜷曲。\n腰背被逼得反复深弓成弧又骤然彻底瘫软，一起一落地剧烈抽动。\n全身的肌肉强烈而不间断地绷紧又抽搐战栗，动弹不得的双手仍不受控地攥拢颤动，指节根根泛白。\n她的双目彻底失焦涣散，唇舌完全失控地张阖颤抖，涎液顺着嘴角不住溢流，呼吸紊乱到彻底失了节奏。

2285,action_part_a_orgasm_super_B,0,t_unconscious_flag_6&t_hypnosis_active_h,被操控的{TargetName}腰肢仍机械般主动地耸动了几下，随即整具身体骤然剧烈地弓成一张紧绷的弓，{anal}极度剧烈地连续痉挛收缩，一波紧接着一波不受控制地绞缩翕张，深处一圈圈疯狂地挛动收束个不停。\n环绕的括约肌疯狂而持续地收束又张开，长时间地绞紧痉挛，全身的肌肉一齐强烈地抽搐绷紧，从脊背到四肢都僵直地震颤个不停。\n腰部反复深深弓起而后又彻底瘫软塌陷，如此起落数回，双腿失控地痉挛乱蹬乱颤，脚趾死死蜷缩扣紧又猛然张开，十指痉挛地攥握着不住颤抖。\n大量温热的肠液自{anal}失禁般地喷涌而出，一股接一股地涌流不止，顺着股间汩汩淌落浸出一大片。\n她的眼神彻底涣散失焦，双眼上翻，唇舌失控地松垂，止不住的口水顺着嘴角溢流而下，胸膛随着完全紊乱的呼吸剧烈起伏，整具躯体在长久的极端痉挛中近乎失控地剧烈颤栗抽搐着。
2286,action_part_a_orgasm_super_B,0,t_unconscious_flag_6&t_hypnosis_active_h,在支配之下{TargetName}的胯部还本能地向前挺送了两下，紧接着腰身猛地拔高绷紧，{anal}便陷入了极度剧烈而漫长的连续痉挛，深处一圈圈疯狂地收缩挛动，久久无法停歇。\n收束的括约肌一遍又一遍地疯狂绞紧再翕张，从内到外都痉挛着颤抖，浑身的肌肉持续地强烈抽搐，绷得如同拉满的弦一般僵直震颤。\n她的腰部深深地弓起又骤然彻底软塌，如此反复多次，四肢失控地抽搐乱蹬，纤细的手指痉挛着紧攥又骤然张开，脚背绷直到极致，膝盖不住地开合打颤。\n汹涌的肠液自{anal}失禁般喷射涌流，接连不断地奔涌而出，量大得惊人，顺着腿根一路淌下浸湿一片。\n她双目翻白涣散无神，舌尖失控地滑出唇外，涎水成线般垂落，冷汗涔涔地渗满了额角与后背，胸膛因完全紊乱的呼吸剧烈起伏，整副躯体在这场旷日持久的极端痉挛里疯狂地颤动痉挛不止。
2287,action_part_a_orgasm_super_B,0,t_unconscious_flag_6&t_hypnosis_active_h,被操纵的躯体主动地一顿一挫地摆动了几回，随即{TargetName}整个人骤然绷成一道紧张的弧线，{anal}极度剧烈地连续抽搐挛缩，深处不受控制地一阵阵疯狂绞缩，久久不见平息。\n那圈括约肌持续而疯狂地收紧又松张，反反复复地痉挛翕动，浑身上下的肌肉同时强烈地抽搐绷直，连脖颈都青筋隐现地僵挺震颤。\n腰肢一次又一次地深深弓起再彻底瘫软下去，双腿痉挛着失控乱蹬乱颤，脚趾猛地蜷曲扣死，双手死死抓攥不住地哆嗦，指节泛出青白。\n大量肠液自{anal}失禁般地喷涌奔流，一泻不止地汩汩溢出，淋漓地流淌成一片狼藉。\n她的双眼彻底失焦上翻，唇舌瘫软失控地垂着，口水抑制不住地溢出滴落，涔涔冷汗浸透了全身，喘息声支离破碎地乱成一团，整具身子在漫长而极端的连续痉挛中剧烈地颤栗抖动个不停。
2288,action_part_a_orgasm_super_B,0,t_unconscious_flag_6&t_hypnosis_active_h,受控的{TargetName}腰胯还不由自主地主动前送了几下，紧接着背脊猛然拔起绷紧到极点，{anal}便剧烈而持久地连续痉挛起来，深处一波接一波地疯狂绞缩收束，长时间地挛动不止。\n环状的括约肌疯狂地绞紧又骤然翕张，来回痉挛收放停不下来，全身肌肉一齐强烈而持续地抽搐紧绷，四肢僵直地打着颤。\n她的腰部深深弓起后又彻底虚脱般软塌，如此反复起落，双腿失控地痉挛乱蹬，十根脚趾死死蜷紧，双手痉挛地攥成拳又颤抖着松开，手臂止不住地发抖。\n喷薄的肠液自{anal}失禁般奔涌喷射，接连不断地涌流倾泻，量势汹汹地淌满了股间与腿侧。\n她眼神涣散上翻，舌头失控地软软探出，晶亮的口水拉成丝线垂落，后颈的青筋根根凸起绷紧，呼吸彻底失控地急喘乱作一团，整副躯体在这旷久的极端痉挛之中疯狂地震颤抽搐着。
2289,action_part_a_orgasm_super_B,0,t_unconscious_flag_6&t_hypnosis_active_h,在精神支配下{TargetName}的身子仍主动地扭动挺送着，忽然间浑身猛地一僵绷紧到极致，{anal}随即极度剧烈地连续痉挛绞缩，深处疯狂而持久地一阵阵收束翕张，怎么也停不下来。\n那圈括约肌一次次疯狂地紧缩再松张，长久地绞动痉挛，全身的肌肉同时强烈抽搐绷直，绷得整个人都僵硬地剧烈发颤。\n腰部反复地深深弓起又彻底瘫软塌陷，四肢失控地乱蹬痉挛乱颤，脚趾骤然扣紧蜷曲，双手死命地攥握着簌簌发抖，膝头相互磕碰打战。\n大量温热的肠液从{anal}失禁般喷涌而出，源源不绝地涌流奔泻，将下身淋得一片淋漓。\n她双眼上翻涣散失神，唇舌完全失控地垂软松开，口涎不受控地顺着唇角溢淌，冷汗浸湿了鬓角，急促紊乱的喘息四散破碎，整具躯体在漫长极端的痉挛狂潮里近乎失控地剧烈颤抖不止。

2290,action_part_a_orgasm_super_B,0,CVP_A2_T|104_E_1,年轻的{TargetName}整具娇躯骤然绷成一张满弓，脊背深深地弓起后又猛地彻底瘫软下去，如此反复起伏了好几轮。\n{anal}极度剧烈而长时间地连续痉挛收缩，一波接一波不受控制地绞紧又松开，环绕的括约肌疯狂地翕张绞缩，一刻不停。\n青春的四肢失控地剧烈颤抖，纤细的双腿无力地乱蹬乱颤，脚趾用力蜷曲又猝然张开，稚嫩的十指死死攥紧，指节泛白。\n全身的肌肉一阵接一阵强烈而持续地抽搐绷紧，紧实的小腹反复深深抽缩。\n大量温热的肠液从{anal}失禁般地喷涌而出，一股股地汩汩涌流不止，怎么也止不住。\n年轻的脸蛋上眼神彻底涣散无焦，唇舌失控地微微张开，一缕晶亮的口水顺着嘴角滑落，急促而失序的呼吸彻底乱作了一团。
2291,action_part_a_orgasm_super_B,0,CVP_A2_T|104_E_1,{TargetName}青春靓丽的身体猛然剧烈地弓起，腰肢深深地向上顶起一个大弧度，随即又骤然彻底软塌下来，反复痉挛起伏。\n{anal}不受控制地连续剧烈痉挛，长时间地一下下疯狂绞缩翕张，收缩的幅度大得惊人，环形的括约肌持续而疯狂地翕合。\n稚嫩的双腿绷得笔直又猝然乱蹬，纤细的脚踝紧绷，脚趾一会儿死死扣拢一会儿又痉挛张开，年轻的手指胡乱抓挠攥紧。\n遍布全身的肌肉强烈而持久地一阵阵抽搐绷紧，光洁的小腹剧烈地反复收缩抽动。\n汹涌的大量肠液自{anal}失禁般地一股股喷射涌出，顺势失控地涌流不停。\n青涩的面庞彻底失神，双眼失焦涣散，唇齿失控地大张，口水沿着下巴滴落，喘息完全失去了节律。
2292,action_part_a_orgasm_super_B,0,CVP_A2_T|104_E_1,年轻的{TargetName}整个后背猛地绷紧弓成满弓，深深弓起之后又一次次彻底瘫软下去，娇躯剧烈地反复起伏抽搐。\n{anal}极度剧烈且长时间地连续绞缩痉挛，疯狂地一缩一放停不下来，环绕的括约肌持续不断地疯狂翕张绞合。\n少女纤细的四肢失控地痉挛乱颤，双腿无力地乱蹬，脚尖时而蜷紧时而绷直，青嫩的双手死死攥住，指尖用力掐陷进去。\n全身上下的肌肉强烈而持续地成片抽搐绷紧，年轻紧致的腹部一下下深深地抽缩颤动。\n大量滚烫的肠液从{anal}失禁般汹涌喷涌，一股接一股地涌流不休。\n青春的脸上眼神彻底散乱失焦，唇舌不受控地松垮张开，透亮的涎水顺着嘴角淌下，急促的呼吸彻底紊乱失控。
2293,action_part_a_orgasm_super_B,0,CVP_A2_T|104_E_1,{TargetName}年轻的娇躯陡然剧烈痉挛，腰部深深地向上弓起后又猛然彻底瘫软，如此反复了一轮又一轮停不下来。\n{anal}长时间不受控制地剧烈连续收缩，疯狂而不停地绞紧松开，环形括约肌一刻不歇地疯狂翕张绞缩。\n青涩的双腿失控地痉挛乱蹬乱颤，纤细的脚趾猛地扣拢又张开，稚嫩的手指痉挛般收拢攥紧，全身簌簌发抖。\n从头到脚的肌肉强烈而持久地一阵阵抽搐绷直，年轻柔韧的小腹剧烈地反复收缩抽动。\n汹涌的大量肠液自{anal}失禁般不停喷涌，一泻而出地涌流不止。\n少女的双眼彻底失焦涣散，唇齿失控地微张，口水连着涎丝滑落嘴角，呼吸大乱，胸口剧烈而无序地起伏喘动。
2294,action_part_a_orgasm_super_B,0,CVP_A2_T|104_E_1,充满朝气的{TargetName}整具身子骤然绷成弓形，脊背深深弓起又一次次彻底软塌，年轻的娇躯剧烈地痉挛颤栗不休。\n{anal}极度剧烈地长时间连续痉挛绞缩，疯狂地一下下收紧又松开，环绕的括约肌持续不断地疯狂翕张绞合个不停。\n稚嫩纤细的四肢失控地剧烈乱颤，双腿无力地胡乱蹬动，脚趾痉挛蜷曲，青春的十指死死攥紧掐入掌心，指节发白。\n全身的肌肉一波波强烈而持续地抽搐绷紧，年轻平坦的小腹深深地反复抽缩起伏。\n大量温热的肠液从{anal}失禁般地喷涌而出，止不住地一股股涌流成流。\n青春的面庞彻底失神涣散，双目失焦，唇舌失控地张合，晶亮的口水滑出嘴角，紊乱的喘息再也无法平复下来。

2295,action_part_a_orgasm_super_B,0,CVP_A2_T|105_E_1&high_1,{TargetName}成熟丰腴的身躯猛地向后绷成一张满弓，腰部深深地弓起到极限，脊背绷得笔直，随即又彻底失了力气瘫软塌陷下去，如此反复起伏个不停。\n{anal}以极度剧烈的幅度长时间连续痉挛收缩着，那圈成熟的括约肌疯狂而不知疲倦地绞缩翕张，一阵紧似一阵地翻涌抽动。\n她丰满的全身肌肉强烈地绷紧又抽搐，两条修长成熟的大腿失控地痉挛乱蹬，脚趾死死地蜷曲扣紧，纤长的手指徒劳地抓挠攥握着，指节泛白。\n成熟的面庞上眼神彻底涣散失焦，双唇失控地大张着，来不及吞咽的口水顺着嘴角溢流而下，急促而破碎的喘息完全乱了节奏。\n伴随着这剧烈的连续绞缩，大量温热的肠液从{anal}深处失禁般地喷涌而出，一股接一股地涌流不止，将她成熟的腿根内侧淋得湿透。
2296,action_part_a_orgasm_super_B,0,CVP_A2_T|105_E_1&high_1,{TargetName}那具成熟的胴体骤然剧烈地弓起又猛然瘫软，腰肢一次次深深地拱到极限，再一次次彻底失力地垮塌下去，起伏的幅度大得近乎失控。\n{anal}极度剧烈地连续抽搐绞缩，成熟紧致的括约肌疯狂地翕张收放个不停，一圈圈疯狂地痉挛蠕动着，久久无法平息。\n丰腴修长的四肢彻底失去了控制，双腿剧烈颤抖着胡乱蹬踢，圆润的脚趾痉挛般地绷直又蜷曲，两只手死死攥紧到指节发白，成熟的胸膛随着紊乱的喘息剧烈起伏。\n她原本从容的眉眼此刻涣散无光，眼角沁出了生理性的泪水，微张的唇舌失去了控制，口涎顺着下颌线蜿蜒滑落。\n汹涌的肠液伴着这一阵阵极致的绞缩失禁般地狂涌喷出，源源不断地顺着{anal}淌下，将成熟丰腴的臀腿浇得一片狼藉。
2297,action_part_a_orgasm_super_B,0,CVP_A2_T|105_E_1&high_1,{TargetName}成熟饱满的腰身反复深度弓起，脊背绷成一道极致的弧线后又骤然彻底软瘫，一伏一起地大幅震颤个不停。\n{anal}长时间地极度剧烈痉挛，那圈成熟的括约肌疯狂绞缩着一开一合，收放的频率快得令人目眩，翕张个不停。\n她丰满的全身肌肉一齐强烈绷紧又剧烈抽搐，两条成熟修长的腿失控地乱蹬痉挛，脚踝绷直，脚趾狠狠向内抠蜷，纤长的手指痉挛地张合抓握着。\n成熟青涩交织的脸庞彻底失了神，双眸涣散上翻，嘴唇大张着不住颤抖，晶亮的口水从失控的唇角不断溢出滴落。\n大量肠液随着{anal}疯狂的绞缩一波波失禁般地喷涌迸出，失控地涌流不止，将她成熟的下身彻底浸得湿淋淋一片。
2298,action_part_a_orgasm_super_B,0,CVP_A2_T|105_E_1&high_1,{TargetName}丰腴成熟的身子猛然剧烈弓起，腰部拱到极致的弧度后又彻底瘫软下坠，这样深弓与垮塌交替反复着，震颤不止。\n{anal}以远超寻常的强度长时间连续痉挛绞缩，成熟的括约肌疯狂而持续地翕张收缩，一下下用力地抽搐蠕动着。\n她成熟的四肢完全不受控制地颤抖痉挛，修长的双腿无力地乱蹬又猛地夹紧，脚趾扣蜷，双手胡乱抓挠攥握，成熟丰满的躯体绷得死紧又剧烈战栗。\n那张原本优雅的面容此刻眼神涣散失焦，唇齿失控地张合着，来不及咽下的口水沿着嘴角淌落，呼吸彻底紊乱破碎。\n伴着极致的绞缩，滚烫的肠液从{anal}失禁般地汹涌喷薄，一股股连绵不绝地涌流而出，将这具成熟身躯的腿间淋得湿透狼藉。
2299,action_part_a_orgasm_super_B,0,CVP_A2_T|105_E_1&high_1,{TargetName}成熟丰盈的躯体骤然绷紧到极限，腰肢深深弓起成满弦之弓，旋即又彻底失力地瘫塌下去，如此往复地剧烈起伏震颤。\n{anal}极度剧烈且长时间地连续痉挛收缩，那圈成熟的括约肌疯狂地绞缩翕张个不停，一阵接一阵地紧缩抽搐着。\n她丰腴的全身肌肉强烈地抽搐绷紧，两条成熟修长的腿失控地痉挛乱蹬，脚趾死死蜷曲，纤长白皙的手指痉挛般地抓挠攥紧，指节尽数泛白。\n成熟与青涩并存的脸上双眼彻底涣散无神，嘴唇大张着失控地颤抖，透明的涎水顺着下巴不断溢流，喘息急促破碎得毫无章法。\n随着这一波波疯狂的绞缩，大量温热的肠液从{anal}失禁般地喷涌不止，源源不绝地淌满了她成熟丰腴的腿根与臀缝。

2300,action_part_a_orgasm_super_B,0,CVP_A2_T|106_E_1,{TargetName}那具丰腴成熟的身躯毫无预兆地剧烈绷紧，{anal}以极大的幅度长时间不受控制地连续痉挛收缩，一圈圈疯狂地绞缩翕张，收放的节奏又急又乱。\n成熟饱满的腰臀猛地深深弓起，弯成一道紧绷的弧线，随即又整个彻底瘫软塌陷下去，如此反复起落了好几轮。\n她丰润修长的双腿失控地痉挛乱蹬，脚趾一会儿死死蜷曲一会儿又骤然绷直，圆腻的大腿根不停地开合抽搐。\n两只手无力地大张又猛地攥紧，指节因用力泛出惨白，成熟的面庞上眼神彻底涣散失焦，双唇失控地张合，晶亮的口水顺着嘴角淌落。\n伴随着{anal}一波接一波的疯狂绞缩，大量滚烫的肠液失禁般喷涌而出，一股股涌流不止，浇淋在她成熟丰腴的腿间，久久不能停歇。
2301,action_part_a_orgasm_super_B,0,CVP_A2_T|106_E_1,没有半点征兆，{TargetName}成熟丰盈的身体骤然弓成满弓，{anal}极度剧烈地连续抽搐绞缩，长时间地翕张收放，括约肌疯狂而持续地一收一放，痉挛得几乎没有间歇。\n她丰腴的腰肢深深塌陷又猛然弹起，脊背一次次绷成僵直的弧度后又整个软瘫下来。\n成熟修长的四肢不受控制地剧烈颤抖，双腿时而痉挛夹紧时而失控乱蹬，圆润的脚背绷直，脚趾深深扣曲。\n丰满的胸膛随着彻底失序的呼吸大幅剧烈起伏，成熟的脸上双目失神涣散，舌尖无力地探出唇外，口水连成一线滴落。\n随着{anal}持续不断的猛烈绞缩，浓稠的肠液如决堤般一股股狂涌喷洒，失禁似的涌流不歇，将那片成熟丰腴的肌肤浇得一片濡湿狼藉。
2302,action_part_a_orgasm_super_B,0,CVP_A2_T|106_E_1,{TargetName}丰腴成熟的躯体陡然剧烈痉挛起来，{anal}以远超寻常的幅度长久而失控地连续收缩绞紧，一下下疯狂翕张，括约肌不住地强烈绞缩又骤然松开。\n她成熟饱满的腰腹反复深弓再彻底瘫落，浑身的肌肉一阵紧一阵松地强烈抽搐绷紧。\n丰润的双腿大幅度地颤抖乱蹬，膝盖时而并拢时而张开，脚趾一次次痉挛着蜷起再绷直，成熟圆翘的臀肉不停地收缩颤动。\n她双手胡乱抓握又攥成死拳，手背青筋凸起，眼神彻底失焦，嘴唇不受控地哆嗦张合，口水沿着下巴不断滑落。\n伴着{anal}一轮又一轮的剧烈绞缩，大量肠液毫无节制地喷涌喷出，失禁般地汩汩涌流，把她成熟丰腴的股间浇淋得湿漉漉一片。
2303,action_part_a_orgasm_super_B,0,CVP_A2_T|106_E_1,{TargetName}那具成熟丰满的身子毫无防备地整个绷紧弹起，{anal}极度猛烈地连续痉挛，长时间地绞缩翕张个不停，括约肌疯狂地一翕一张持续抽搐。\n她丰腴的腰身深深弓起成一道满弓后又整个软塌下去，如此深弓与瘫软交替反复。\n成熟修长的腿脚失控地痉挛乱蹬，大腿根剧烈开合，脚踝紧绷，脚趾扣得死死的又猛然张开。\n她成熟的面容上双眼失神涣散，眼角泛出生理性的泪光，双唇无力地张着不住颤抖，口水失控地溢出淌下。\n随着{anal}绵长而疯狂的绞缩收放，滚烫浓稠的肠液失禁般大量喷涌，一股股奔流不止，将她丰腴成熟的腿间浇得一片泥泞湿滑。
2304,action_part_a_orgasm_super_B,0,CVP_A2_T|106_E_1,{TargetName}丰盈成熟的躯体在刹那间剧烈弓起，{anal}长时间无法自控地连续剧烈收缩痉挛，一圈一圈疯狂绞缩翕张，括约肌急促而持续地绞紧又翕开。\n她成熟丰腴的腰臀猛地深弓弯折后又彻底瘫软下陷，全身肌肉强烈而持续地抽搐紧绷。\n丰润的双腿不受控制地大幅颤抖痉挛，时而死死夹紧时而无力乱蹬，脚趾一次次蜷缩再骤然张开绷直。\n她两手大张又骤然攥成拳头，指尖深深掐进掌心，成熟的脸庞上眼神彻底散乱失焦，唇舌失控地颤抖张合，口水一线线地垂落。\n伴随{anal}持续猛烈的绞缩收放，大量肠液如失禁决堤般喷涌喷洒不止，将她那片丰腴成熟的肌肤浇淋得湿透狼藉。
