cid,type_id,adv_id,premise,context
组件id,组件类型名,组件限定的剧情npcid,前提id,组件内容
str,str,int,str,str
0,0,0,0,1
组件配置数据,,,,

1000,action_part_a_orgasm_strong_B,0,CVP_A2_T|102_E_1&CVP_A2_A|5_LE_3,幼小的{TargetName}稚嫩娇躯毫无预兆地剧烈痉挛起来，{anal}猛地开始不受控制地连续绞缩翕张，一圈紧窄的括约肌疯狂地收紧又猛地松张，一波接一波地深深抽搐，稚气未脱的小腹被拉扯得反复向内深陷，圆嫩的肚皮剧烈地起伏鼓动。\n纤细如藕的两条小腿失控地向外乱蹬又猛地并拢，小小的膝盖颤抖着相互磕碰，稚嫩的脚趾用力向内蜷曲扣紧，脚踝处的细嫩筋肉绷成一道紧线。\n粉嫩娇小的臀肉随着{anal}疯狂的绞缩节奏剧烈地抽跳颤动，一股股温热的肠液不受控制地大量涌出，甚至在最猛烈的一瞬被挤压得小幅喷溅出来，顺着稚嫩的腿根淋淋漓漓地流淌。\n幼嫩的腰肢一次次深深地向上弓起，随后又猛地瘫软塌落，如此反复，稚气的脊背绷成一道颤抖的弧线。\n小小的双手死死攥紧收拢，指节因为极度用力而泛出惨白，稚嫩的面庞失控地皱拧扭曲，急促紊乱的呼吸从半张的小嘴里一阵阵急急地喷出，整副娇小的身躯在这场远超寻常的剧烈绝顶中失控地连连震颤。
1001,action_part_a_orgasm_strong_B,0,CVP_A2_T|102_E_1&CVP_A2_A|5_LE_3,娇小稚嫩的{TargetName}身子骤然绷得笔直，紧接着便剧烈地抽搐颤栗起来，{anal}一下下疯狂地深陷绞紧，狭窄的括约肌不受控制地翕张痉挛，一圈圈猛烈地收缩又骤然松弛，稚嫩的小腹被牵扯着反复痉挛收紧。\n两条细瘦的幼腿失去了控制，时而剧烈颤抖时而胡乱踢蹬，小巧的膝盖不住地打颤相碰，幼小的脚掌绷直，脚趾一根根用力抠拢蜷缩。\n幼小圆翘的小臀猛烈地一收一放地抽动着，随着{anal}疯狂的连续痉挛，大量温热黏腻的肠液汩汩地涌流而出，将稚嫩的臀缝与腿根浇淋得一片湿滑淋漓。\n稚气的腰背反复地深深弓起又软塌下去，纤薄的脊背上绷起细密颤抖的线条，纤细的手指痉挛似地收拢又张开。\n幼嫩的小脸失控地皱缩扭曲，短促而紊乱的喘息一阵阵从翕动的鼻息与半启的唇齿间急促地泄出，娇小的躯体在这远远超出平常的强烈高潮里失控地剧烈震颤个不停。
1002,action_part_a_orgasm_strong_B,0,CVP_A2_T|102_E_1&CVP_A2_A|5_LE_3,稚嫩的{TargetName}娇小身躯毫无征兆地猛然弹动了一下，随即失控地剧烈痉挛起来，那平素反应迟钝的{anal}此刻却疯狂地连连绞缩，一圈稚嫩窄小的括约肌不受控制地深深收紧又猛地松张，一波连着一波地剧烈抽搐个不停，幼小的下腹被牵扯得反复深陷颤动。\n纤细娇嫩的两腿无力地大张又猛地夹紧，稚气的膝头颤巍巍地磕碰在一起，小小的脚趾死死地向内蜷曲抠紧，脚背绷成一道紧绷的弧。\n娇小柔嫩的臀瓣随着{anal}一下下疯狂的绞缩剧烈地颤跳，大股大股温热的肠液毫无阻拦地喷涌而下，甚至被剧烈的痉挛挤得溅出几缕，将幼嫩的腿间浇得湿淋淋一片。\n幼小的腰身反复地弓起又骤然瘫软，纤薄稚气的脊背绷出一道道颤抖的曲线。\n一双稚嫩的小手死死攥住收拢，指节紧绷泛白，幼小的面容失控地拧皱起来，急促而杂乱的呼吸从半张的小口里一下下艰难地喷吐，整个娇小稚嫩的身子在这陡然拔高的剧烈绝顶中失控地颤栗痉挛。
1003,action_part_a_orgasm_strong_B,0,CVP_A2_T|102_E_1&CVP_A2_A|5_LE_3,幼小的{TargetName}整具稚嫩娇躯猛地一僵，旋即失控般地连连抽搐震颤，{anal}疯狂地一缩一放地深深绞紧，稚窄的括约肌不住地翕张痉挛，一圈圈地猛烈收拢又骤然舒张，稚气未消的小腹随之反复地向内狠狠抽紧，圆润幼嫩的肚皮急剧地起伏鼓荡。\n两条纤瘦的小腿失控地乱蹬乱颤，稚嫩的膝盖颤抖着相互撞碰又猛然并拢，幼小的脚趾用力地向内勾曲扣拢，纤细的脚踝紧绷成线。\n娇小粉嫩的臀肉随着{anal}疯狂痉挛的节律剧烈地抽跳不止，一波波温热的肠液汹涌地淌泄而出，在最猛的一刻被挤压得小幅溅射，顺着稚嫩腿根流得淋漓一片。\n幼嫩的腰肢一次又一次深深弓起后猛地塌软下去，稚薄的脊背绷成一道剧烈颤抖的弯弧。\n纤小的十指痉挛般地收拢攥紧，指节用力泛白，幼稚的小脸失控地皱拧成一团，紊乱急促的喘息一阵阵从翕张的唇鼻间急急逸出，娇小的躯体在这远胜平常的强烈绝顶里失控地剧烈震颤。
1004,action_part_a_orgasm_strong_B,0,CVP_A2_T|102_E_1&CVP_A2_A|5_LE_3,娇小柔嫩的{TargetName}冷不防地浑身剧震，紧跟着便失控地痉挛抽搐起来，{anal}一下下疯狂地深深内缩绞紧，稚嫩狭窄的括约肌不受控制地连连翕合张缩，一圈圈猛烈地绞拢又骤然松脱，幼小的小腹被牵动着反复地深陷收紧。\n两条细嫩的幼腿失控地颤抖蹬动，稚气的膝头哆嗦着彼此磕碰，小小的脚掌向下死死绷直，幼嫩的脚趾一根根用力抠曲蜷紧。\n幼小圆嫩的臀瓣伴着{anal}疯狂的连续绞缩剧烈地一颤一跳，大量温热黏腻的肠液毫无节制地汩汩涌淌，被剧烈的抽搐挤得零星溅出，将稚嫩的臀缝腿根淋得湿滑一片。\n稚薄的腰背反复深深弓起又软软塌落，纤幼的脊线上绷起一道道细密颤动的弧。\n一双幼小的手死死收拢攥成小拳，指节因用力而泛出苍白，稚嫩的面庞失控地扭皱起来，急促而紊乱的气息一阵阵从半启的小嘴里艰难喷吐，整副娇小稚气的身躯在这陡然升级的剧烈高潮中失控地颤栗不休。
1005,action_part_a_orgasm_strong_B,0,CVP_A2_T|104_E_1&CVP_A2_A|5_G_3&CVP_A2_A|5_LE_6,{TargetName}青春的身体毫无预兆地猛然绷成一张满弓，整条脊背深深离地弓起。\n她的腰肢一次又一次不受控制地向上顶送，绷到极致后又骤然失力瘫软下去，紧接着再度剧烈弓起，反复地深弓浅塌。\n{anal}疯狂而不受控制地连续痉挛，一圈圈括约肌绞缩翕张，收得死紧又猛地松开，抽搐的频率快得几乎连成一片。\n她的双腿大幅度地颤抖乱蹬，脚趾死死蜷缩又倏地张开，青涩的小腿肌肉一阵阵鼓胀绷起。\n大量温热黏稠的肠液顺着不停抽搐的{anal}汩汩涌出，随着一次剧烈绞缩甚至小幅喷溅而出，濡湿了下身一大片。\n她十指痉挛地死死攥紧，指节因用力而泛白，全身肌肉一波压着一波地强烈抽紧绷直。\n她高高仰起细嫩的脖颈，喉咙里挤出破碎急促的气音，胸口剧烈起伏，呼吸紊乱到几乎接不上，眉眼与嘴角彻底失控地扭曲颤抖。
1006,action_part_a_orgasm_strong_B,0,CVP_A2_T|104_E_1&CVP_A2_A|5_G_3&CVP_A2_A|5_LE_6,{TargetName}年轻的身子突然剧烈地一挺，整个人像触电般连续弹跳了好几下。\n她的臀部高高抬起又重重砸落，一次比一次更用力地向上迎顶，腰窝深深塌陷成惊人的弧度。\n{anal}以肉眼可见的幅度疯狂开合，紧绷的括约肌一下下痉挛绞紧，连续不断地翕动收缩，久久无法平息。\n她的四肢失控地乱颤，脚跟在原地徒劳地反复蹬踏，膝盖不由自主地并拢又猛地张开。\n{anal}被剧烈的抽搐挤压得涌出一股股滚烫的肠液，顺着抽动的节奏一波接一波地泊泊流淌，甚至喷出细小的水线。\n她的手指痉挛地抠挠抓紧，青筋在手背上绷起，稚气未脱的全身肌肉都因过强的绝顶而剧烈绷直战栗。\n她的脑袋不住地左右甩动，唇齿间漏出断续凌乱的喘息，脸颊涨得通红，表情失控地皱成一团。
1007,action_part_a_orgasm_strong_B,0,CVP_A2_T|104_E_1&CVP_A2_A|5_G_3&CVP_A2_A|5_LE_6,{TargetName}娇嫩的躯体骤然剧烈痉挛起来，脊背猛地绷成一道紧张到发抖的弓形。\n她的腰肢像被无形的力量牵扯着，一下下深深弓起又软塌下去，反复挺送的幅度大得几近失控。\n{anal}不受控制地疯狂绞缩翕张，一层层括约肌痉挛般地紧紧夹拢再倏然松弛，连绵不绝地剧烈抽搐。\n她的两条年轻的长腿绷得笔直又忽而蜷起，脚趾死死抓紧，大腿内侧的肌肉一阵阵痉挛跳动。\n伴着{anal}一次次凶猛的收缩，大量温热的肠液止不住地汹涌溢出，甚至随着痉挛小幅地喷洒出来。\n她的双手痉挛地攥成拳头又猛然张开，指尖不住地颤抖，浑身的肌肉一波强过一波地强烈绷紧抽动。\n她高扬起下巴，喉间发出细碎急促而破碎的气音，呼吸彻底乱了节奏，青春的脸庞失控地泛红扭曲。
1008,action_part_a_orgasm_strong_B,0,CVP_A2_T|104_E_1&CVP_A2_A|5_G_3&CVP_A2_A|5_LE_6,{TargetName}稚气的身体毫无征兆地猛地一僵，随即像绷断的弦般剧烈地弹动颤抖。\n她的腰部一次次不受控制地深深弓起，臀部悬空地向上顶送，绷到极限后又瘫软，接着再度用力挺起。\n{anal}疯狂地连续痉挛收缩，紧致的括约肌一圈圈绞紧又松开，抽搐得又急又密，翕张的动作停不下来。\n她的双腿失控地大幅颤抖乱蹬，膝盖打颤，脚背绷得死直，脚趾一次次痉挛地蜷曲。\n{anal}被一波波强烈的绞缩挤出汩汩涌流的滚烫肠液，量大得顺着腿根流淌，还伴着收缩小幅喷溅。\n她的十指痉挛地深深抠紧，手臂上的青涩肌肉一条条绷起，整个身子一阵接一阵地强烈抽搐战栗。\n她仰着脖子急促地大口喘息，喉咙里溢出破碎凌乱的气音，胸脯剧烈起伏，年轻的面容失控地扭曲潮红。
1009,action_part_a_orgasm_strong_B,0,CVP_A2_T|104_E_1&CVP_A2_A|5_G_3&CVP_A2_A|5_LE_6,{TargetName}充满活力的身躯突然剧烈地绷紧抖动，整条脊梁猛然离地深深弓成满弓。\n她的腰肢疯狂地反复挺送起伏，深深弓起后又骤然失力塌陷，一次比一次更用力地向上迎顶。\n{anal}以极快的频率连续痉挛翕张，括约肌一下下疯狂绞缩又松弛，紧夹松放的抽搐连成一片。\n她的四肢不受控制地剧烈颤栗乱蹬，青春的双腿绷直又蜷起，脚趾一次次死死蜷缩绷紧。\n随着{anal}一轮轮凶猛的收缩挤压，大量滚烫黏稠的肠液喷涌般地汩汩流出，甚至小幅喷洒得下身湿透。\n她的双手痉挛地攥紧又张开，指节泛白颤抖，全身年轻的肌肉一波压一波地强烈绷紧抽搐。\n她高高扬起脖颈，喉间断续地漏出急促破碎的气音，呼吸乱到几近窒息，青涩的脸庞彻底失控地泛红扭曲。
1010,action_part_a_orgasm_strong_B,0,CVP_A2_T|105_E_1&CVP_A2_A|5_G_3&CVP_A2_A|5_LE_6,{TargetName}成熟饱满的腰肢猛地弓成一道紧绷的弧线，绷到极限后又失力般重重塌陷下去，如此深弓与瘫软反复交替，一刻也停不下来。\n她原想维持大姐姐那份从容优雅的仪态，肩背却不听使唤地阵阵抽搐，残存的一点青涩慌乱全写在那张骤然失神扭曲的脸上。\n{anal}疯狂而不受控制地翕张绞缩，一圈圈括约肌死死收紧又猛然松脱，穴口边缘不住地颤抖痉挛。\n伴着一波接一波的剧烈收缩，{anal}深处汩汩涌出大量温热黏稠的肠液，顺着股缝一道道淌落，其间还夹着一小股细密的喷溅。\n她成熟修长的双腿先是绷得笔直，转瞬又失控地胡乱蹬动，脚趾一次次死死蜷起，丰腴的臀肉随之一下下剧烈颤动。\n她微张着嘴急促而紊乱地喘息，喉间不断溢出破碎断续的哽咽，长睫毛剧烈地扑闪，十指胡乱抓握后又痉挛般收拢成拳。\n她成熟的胸脯剧烈起伏颤动不止，脖颈猛地向后仰去，绷出一道紧绷失控的曲线。\n{anal}又一阵猛烈绞紧，将残余的肠液一股股挤压出来，穴口一开一合地翕动，边缘沾满黏亮的湿痕。
1011,action_part_a_orgasm_strong_B,0,CVP_A2_T|105_E_1&CVP_A2_A|5_G_3&CVP_A2_A|5_LE_6,{TargetName}周身的肌肉毫无征兆地绷紧到极致，从肩头一路蔓延到脚踝，接着又整片整片地痉挛抖颤起来。\n{anal}一下下疯狂地收缩绞拧，括约肌以极快的频率反复紧箍又骤松，穴环边缘密密地打着颤。\n大量稀薄的肠液自{anal}深处被一波波挤涌而出，混着断续的小股喷射，淋漓地溅落在股间。\n她那双成熟颀长的腿失控地绞紧又猛地弹直，膝盖不住地内扣外翻，脚背绷得死紧后又骤然放松。\n她原本从容的大姐姐姿态荡然无存，眉头死死拧成一团，眼角泛出生理性的泪光，那点稚嫩的窘迫在剧烈起伏中暴露无遗。\n她仰起脖颈发出一连串急而破碎的抽气，嘴唇哆嗦着无法闭合，唾液顺着嘴角悄悄滑落。\n她成熟丰盈的臀部高高绷起，随即一阵阵地痉挛下坠，臀肉一波波荡漾般抖动。\n她的手指深深掐进掌心，指节因用力而泛白，小腹一下下抽搐凹陷，全身随着{anal}的每一次绞缩而剧烈一颤。
1012,action_part_a_orgasm_strong_B,0,CVP_A2_T|105_E_1&CVP_A2_A|5_G_3&CVP_A2_A|5_LE_6,{TargetName}的脊背骤然拱起绷成满弓，成熟的躯体高高悬起悬在半空一般僵住，随即一阵猛烈的战栗自尾椎窜遍全身。\n{anal}接连不断地剧烈痉挛，括约肌一次次疯狂绞缩又翻涌翕张，穴口周围的软肉都被扯动得连连打颤。\n随着这一波波失控的绞紧，{anal}里大量浑浊的肠液被顶挤着喷涌出来，甚至小幅地激射而出，黏腻地糊满了整片股缝。\n她那双丰腴的大腿夹紧后又被无力地岔开，小腿肚一阵阵抽筋般收紧，脚趾用力抠蜷得发白。\n她故作老练的从容彻底崩塌，眉眼皱成一片，脸颊烧得通红，唇齿间只剩支离破碎的抽噎，露出与那副成熟身段极不相称的稚气慌乱。\n她的下巴不住地上扬又颤抖，喉结般起伏的颈线绷得死紧，急促的喘息一声高过一声。\n她丰满的乳峰随着躯体的抽搐而剧烈晃荡，双手在半空胡乱地攥握又松开，指尖抖个不停。\n她整个人一次次随着{anal}的绞动而猛地一缩，腰腹反复地弹起又软塌。
1013,action_part_a_orgasm_strong_B,0,CVP_A2_T|105_E_1&CVP_A2_A|5_G_3&CVP_A2_A|5_LE_6,{TargetName}成熟的双臀猛地夹紧收拢，紧接着又是一阵抑制不住的剧烈颤抖，臀肉一下下泛起层层的波纹。\n{anal}以极快的节奏疯狂地一缩一张，括约肌反复地箍紧又骤然放开，穴环边缘密集地抽搐痉挛着。\n大股大股温热的肠液顺着{anal}汹涌溢出，一道道淌下的同时还夹着几缕细而急的喷溅，把股间浇得湿淋淋一片。\n她成熟的长腿失去了往日的从容仪态，无力地颤抖蹬动，膝头反复弯曲又绷直，脚踝一圈圈紧绷。\n她努力想端起大姐姐的稳重，肩头却止不住地耸动，泪水在失神的眼眶里打转，青涩的窘态在这剧烈的反应里彻底藏不住。\n她仰着头发出一串串又急又乱的喘息，嘴角挂着未及吞咽的津液，喉间断续地哽咽个不停。\n她的十指深深抠进掌心，手臂绷得笔直又剧烈发颤，成熟饱满的胸脯随呼吸一起一伏地大幅起落。\n伴着{anal}最后一轮猛烈的绞缩，她整个腰身重重一沉，随即又软软地瘫抖成一团。
1014,action_part_a_orgasm_strong_B,0,CVP_A2_T|105_E_1&CVP_A2_A|5_G_3&CVP_A2_A|5_LE_6,{TargetName}成熟的身躯毫无预兆地剧烈弹跳了一下，紧绷的腰肢深深弓起，接着便陷入一阵连绵不绝的痉挛抽搐。\n{anal}疯狂地绞缩翕张，一圈括约肌死死箍紧后又猛地松脱，如此高频地反复开合，穴口边缘不住地打颤。\n从{anal}深处一波接一波涌出大量黏稠的肠液，顺着颤动的股缝滚落，中途还伴着一小股猝然的喷射，淋漓地洒了一片。\n她那双成熟修长的腿绷得笔直，脚尖用力抵住又骤然虚软，双膝不受控地颤抖内合，脚趾一次次抠蜷起来。\n她想维持大姐姐惯有的从容气度，面容却彻底失了控，眉心紧锁，双颊绯红，那点尚显青涩的慌乱在急促起伏中一览无余。\n她张着嘴断续地抽着气，喉咙里溢出细碎破裂的哽咽，长睫扑闪不停，泪光在眼角摇摇欲坠。\n她丰盈成熟的臀肉一波波剧烈地荡颤，小腹随每一次绞缩而抽搐着凹陷，四肢无力地抖成一片。\n随着{anal}又一次狠狠地收紧绞拧，她整个人重重一僵，随即脱力般软软地瘫塌下去。

1015,action_part_a_orgasm_strong_B,0,CVP_A2_T|106_E_1&CVP_A2_A|5_G_3&CVP_A2_A|5_LE_6,成熟丰韵的{TargetName}娇躯毫无预兆地剧烈弓成一张满弓，{anal}猛地掀起一阵远比往常更为凶猛的痉挛收缩，成熟紧致的括约肌一圈圈疯狂地绞紧翕张，一下下地向内深深绞拢吸吮，收缩的力道剧烈得几乎失控。\n丰腴圆润的小腹随着这狂暴的节律反复深深向内抽搐凹陷，光润饱满的腹部肌肤一阵阵剧烈地绷紧又颤动，成熟流畅的腰肢反复地深弓而起随即又瘫软塌陷。\n两条丰满修长的美腿失控地绷直乱颤，丰腴的大腿内侧肌肤剧烈地痉挛抽搐，圆润的膝盖抖得相互磕碰，脚趾一根根死死向内蜷曲扣紧，脚踝绷出紧绷的线条。\n随着{anal}一波接一波凶猛的绞缩翻绞，大量温热的肠液较为汹涌地从穴口涌淌而出，甚至伴着一小股向外的喷溅，顺着丰腴圆翘的臀缝大片淌落，将成熟光润的肌肤浸得湿漉漉一片。\n成熟饱满的胸脯随着急促紊乱到失序的喘息剧烈起伏，圆润的十指反复痉挛似地攥紧又张开，成熟从容的眉宇此刻彻底失控地扭曲失神，整具丰韵娇躯在这场远超寻常的强烈高潮里剧烈地颤栗抽搐个不停。
1016,action_part_a_orgasm_strong_B,0,CVP_A2_T|106_E_1&CVP_A2_A|5_G_3&CVP_A2_A|5_LE_6,{TargetName}那副成熟丰盈的身子骤然剧烈地一挺，{anal}毫无征兆地爆发出一连串凶猛而密集的痉挛，成熟紧韧的括约肌一开一合地疯狂绞紧翕张，将穴口一下下地向内狠狠吸缩绞拢。\n光滑丰润的小腹随着这剧烈的收缩一阵阵深深凹陷抽搐，成熟饱满的腹肌不受控制地剧烈起伏鼓动，柔韧的腰身高高弓起后又猛地重重塌落，反复地弓起塌陷。\n两条成熟修长的丰腴美腿死死向内并拢又剧烈地发颤乱蹬，圆润的脚背反射性地向下深深绷直，脚趾一根根痉挛似地蜷曲扣拢，修长的脚踝也随之绷得死紧。\n随着{anal}反复不停的凶猛绞缩翕动，大量黏腻温热的肠液较为汹涌地渗涌喷淌而出，还夹着一小下轻微的喷溅，沿着成熟丰腴的腿根内侧大片流淌，在丰润光洁的肌肤上洇出一大片湿亮的水痕。\n成熟丰盈的娇躯在这场远比寻常猛烈的完整高潮里不住地剧烈颤栗，急促失序的喘息夹着难以自抑的轻颤，那张成熟的脸庞彻底失神潮红，直到{anal}的痉挛渐渐平息才在余波中缓缓瘫软下来。
1017,action_part_a_orgasm_strong_B,0,CVP_A2_T|106_E_1&CVP_A2_A|5_G_3&CVP_A2_A|5_LE_6,成熟妩媚的{TargetName}娇躯陡然一僵，随即被一阵远超平日的剧烈战栗贯穿，{anal}强烈而密集地一缩一放地狂暴痉挛，成熟紧窄的括约肌不由自主地反复疯狂绞紧翕张，深深浅浅地向内狠狠吸拢绞合。\n丰盈紧实的小腹随着一波波汹涌的高潮反复深深抽动收紧，成熟饱满的腹皮剧烈地一下下凹陷又鼓起，成熟丰润的腰际被一阵阵密集的抽搐震得反复弓塌起伏。\n两条成熟修长的丰腴美腿本能地绷直又剧烈地夹紧发颤，圆润饱满的膝头抖得相互抵撞，修长的脚尖死死向下绷直，脚趾无声地蜷缩勾拢得几乎抽筋。\n随着{anal}一下下有力到近乎失控的强力绞缩，大量的肠液较为汹涌地自穴口涌溢喷淌而出，甚至小幅地喷出一下，沿着成熟饱满圆润的臀瓣大片蜿蜒滑下，在细腻丰润的肌肤上留下大片湿漉漉的水渍。\n成熟柔韧的脊背绷成一道深深的弯弓久久不落，丰润的手死死抓紧到指节泛白，凌乱急促到几近断续的呼吸让成熟胸脯剧烈起伏，那张成熟的脸上尽是深浓失控的迷离，整个丰盈娇躯在这场强烈的高潮里不住剧烈抽搐颤动。
1018,action_part_a_orgasm_strong_B,0,CVP_A2_T|106_E_1&CVP_A2_A|5_G_3&CVP_A2_A|5_LE_6,随着一股远比往常汹涌的快感狂潮猛地贯穿全身，{TargetName}成熟丰韵的身躯霎时绷成一张紧绷到极致的满弓，{anal}强烈而狂暴地痉挛绞缩起来，成熟紧致的括约肌一波接一波地疯狂收紧翕张，一圈圈地向内深深绞拢吸吮。\n成熟紧致的小腹随着这狂乱的收缩节律反复深深向内抽搐凹陷，光滑饱满的腹部肌肤剧烈地一下下绷紧又颤动，密集凶猛的抽动一路蔓延震荡至成熟丰润的腰肢。\n两条丰腴修长的美腿死死绷直又向内狠狠紧夹，成熟饱满的大腿肌肉一阵阵剧烈地痉挛绷紧，脚趾用力蜷曲扣紧到发白，圆润的脚踝也随之绷出紧绷的僵直线条。\n伴着{anal}一下下深沉凶猛的绞缩翻绞，大量的肠液较为汹涌地自穴口渗涌喷淌而出，还夹着一小股向外的喷溅，顺着成熟光滑的股沟大片淌落，在丰润饱满的肌肤上留下一大片湿亮的痕迹。\n成熟柔韧的腰身高高深弓而起后又猛地重重落下，丰润的双手死死攥成拳，急促失序到近乎窒息的喘息让成熟胸口剧烈起伏，眉梢眼角尽是彻底失控深陷的失神，整具丰盈成熟的身躯在这场远超寻常的强烈绝顶中剧烈颤栗抽搐不止。
1019,action_part_a_orgasm_strong_B,0,CVP_A2_T|106_E_1&CVP_A2_A|5_G_3&CVP_A2_A|5_LE_6,成熟丰腴的{TargetName}身体毫无防备地剧烈弹动了一下，{anal}猛地强烈而凶狠地连续痉挛收缩起来，成熟紧实的括约肌一圈圈疯狂地翕张绞紧，一下一下地向内深深狠狠绞缩吸吮个不停。\n丰盈饱满的小腹随着这密集狂暴的收缩反复深深地向内抽搐凹陷，成熟光润的肚皮不受控制地剧烈起伏鼓动，成熟流畅的腰肢明显地一次次高高弓起随即又颤巍巍地重重软落。\n两条成熟修长丰腴的美腿本能地死死绷直又剧烈地打颤乱蹬，圆润的膝盖因用力而剧烈抖动相抵，脚趾一根根死死向内蜷曲扣紧，成熟的脚踝紧绷出一道道僵直的线条。\n伴随着{anal}那一波接一波凶猛的绞紧翕动，大量温热黏腻的肠液较为汹涌地从穴口喷涌淌出，甚至小幅地向外喷溅一下，顺着成熟丰润的臀缝大片淌下，在成熟光洁的肌肤上洇出一大片湿漉漉的痕迹。\n丰韵成熟的娇躯从头到脚被一阵远超平日的剧烈颤抖狠狠笼罩，急促而彻底失序的喘息接连不断，那张成熟从容的脸此刻尽是失控的潮红失神，直到{anal}那狂暴的痉挛渐渐平息，成熟丰盈的躯体才在绵长的余波里一点点松弛瘫软下来。

1020,action_part_a_orgasm_strong_B,0,CVP_A2_T|107_E_1&CVP_A2_A|5_G_3&CVP_A2_A|5_LE_6,已为人妻的{TargetName}成熟丰腴的娇躯毫无预兆地剧烈弹动起来，{anal}不受控制地一阵接一阵地连续痉挛收缩，那圈括约肌疯狂地绞缩翕张，一开一合地反复抽搐个不停。\n她饱满圆润的臀肉猛地向内深深一夹，成熟丰盈的腰肢先是深深地弓起绷成一道紧绷的弧线，随即又骤然瘫软塌陷下去，如此反复起伏了好几回。\n两条丰腴修长的大腿失控地大幅颤抖着，圆润的膝盖不住地打颤发软，脚趾用力地向内蜷缩扣紧，脚背绷得死直，双腿在颤栗中无力地乱蹬乱踹。\n随着{anal}那一阵阵疯狂的绞缩，大量温热黏腻的肠液从深处汹涌地涌淌出来，顺着痉挛抽搐的臀缝一路蜿蜒流下，甚至伴随收缩的节奏小幅地喷溅出来，将成熟的臀腿浸得一片湿滑。\n她丰满的胸膛随着紊乱急促的呼吸剧烈地起伏喘动，成熟的脸庞彻底失控地涨红扭曲，眉头紧紧拧起，双手死死地攥紧掐陷，指节因用力而根根泛白，整副为人妻的丰腴身躯在这场剧烈失控的绝顶中长久地痉挛颤栗着。
1021,action_part_a_orgasm_strong_B,0,CVP_A2_T|107_E_1&CVP_A2_A|5_G_3&CVP_A2_A|5_LE_6,身为人妻的{TargetName}整具成熟躯体骤然绷成一张满弓，{anal}猛烈而毫无节制地连番痉挛绞紧，那圈紧致的括约肌一下下疯狂地收拢又骤张，翕动收缩的幅度大得惊人。\n她圆翘丰满的臀部剧烈地向内抽搐扭动，成熟的腰身反复地深深弓起又重重塌落，脊背随之一次次绷直又软瘫，起伏的动作剧烈得几近失控。\n两条丰腴的美腿失控地痉挛乱颤，膝盖大幅地打着摆子相互磕碰，纤长的脚趾疯狂地蜷曲抠紧，绷直的脚踝处筋脉一根根紧绷凸起。\n伴随{anal}那疯狂的连续绞缩，成股温热黏腻的肠液从深处大量地翻涌溢出，顺着丰腴颤抖的腿根一路淋漓地淌落，随着抽搐的节律甚至小幅地飙溅而出，在成熟的臀腿间汪出湿亮的一片。\n她的呼吸彻底乱成一团急促的喘息，丰盈的胸口剧烈起伏，人妻成熟的面庞涨得通红又失神扭曲，眼角沁出点点泪光，唇齿紧咬又骤松，双手抓挠着攥成死拳，整副丰润的身躯在强烈的绝顶浪潮里失控地抽搐个不停。
1022,action_part_a_orgasm_strong_B,0,CVP_A2_T|107_E_1&CVP_A2_A|5_G_3&CVP_A2_A|5_LE_6,人妻{TargetName}丰熟的身子如触电般狠狠一激灵，{anal}再也压抑不住地连续剧烈痉挛，那圈括约肌疯了似的一圈圈收缩绞紧，紧接着又猛地翕张开来，收放的幅度剧烈得不受控制。\n她成熟饱满的臀肉一波接一波地向内深陷紧夹，丰腴的腰肢深深地弓成一道紧绷的弧再骤然瘫软，反复地弓起塌陷个不停，整条脊背随之剧烈起伏抽动。\n两条圆润修长的大腿失控地大幅痉挛抖颤，双膝一阵阵发软打颤地相互夹紧，脚趾用力地抠拢蜷曲，脚掌绷得笔直又不住地轻轻抽搐。\n随着{anal}那一轮轮猛烈的绞缩翕动，大量黏稠温热的肠液从紧缩的深处源源汹涌地淌溢出来，沿着颤动的丰腴腿缝一道道地流泻，随抽搐的节奏小幅地喷洒出去，将成熟的下身浸润得湿漉漉一片。\n她成熟的面庞失控地皱拢涨红，呼吸急促而紊乱地起伏着丰满的胸膛，眉心紧蹙，双唇微张又抿紧，双手死死攥住身侧掐得指节泛白，整副为人妻的丰盈娇躯在这场远超寻常的强烈绝顶中剧烈地颤栗抽搐着。
1023,action_part_a_orgasm_strong_B,0,CVP_A2_T|107_E_1&CVP_A2_A|5_G_3&CVP_A2_A|5_LE_6,已嫁作人妇的{TargetName}成熟丰腴的娇躯猛地弹跳绷紧，{anal}毫无预兆地一下下剧烈痉挛收缩，那圈饱经使用的括约肌疯狂地绞拢又翕张，一收一放地连番抽搐痉挛，力道剧烈得惊人。\n她丰润圆翘的臀部大幅地向内抽搐紧夹，成熟的腰身深深地弓起绷成满弓后又骤然软塌下陷，脊背反复地弓直又瘫软，起伏得几乎失去控制。\n两条丰腴的长腿失控地剧烈打颤乱蹬，圆润的膝盖软软地打着摆颤个不住，脚趾疯狂地向内蜷曲扣紧，绷直的脚背一阵阵痉挛发颤。\n伴着{anal}那疯狂而连续的绞缩，成量温热黏腻的肠液自深处翻涌着大量淌流出来，顺着痉挛抖动的丰腴腿根淋漓地滑落，随收缩的节律小幅地喷溅飞洒，将成熟的臀腿浸得一片晶亮湿滑。\n她丰满的胸脯随着彻底紊乱的急促喘息剧烈地起伏，人妻成熟的脸庞失控地绯红扭曲，眉头深深锁起，眼角泛起水光，双手用力攥紧掐陷得指节发白，整副丰盈成熟的身躯在强烈的绝顶余浪中久久地痉挛不止。
1024,action_part_a_orgasm_strong_B,0,CVP_A2_T|107_E_1&CVP_A2_A|5_G_3&CVP_A2_A|5_LE_6,人妻{TargetName}成熟温软的身躯忽地剧烈弓弹起来，{anal}不受掌控地连成一片地痉挛绞缩，那圈紧致的括约肌发狂似的一圈圈收拢又猛然张翕，收放抽搐的幅度剧烈得远超平常。\n她丰腴饱满的臀肉一下下狠狠地向内收夹抽搐，成熟的腰肢深深弓起绷紧之后又骤然瘫软塌陷，脊背随着这剧烈的起伏一次次绷直又软落。\n两条圆润丰腴的大腿失控地颤抖乱蹬，双膝发软地不停打颤磕碰，脚趾用力地蜷缩抠拢，脚踝绷得笔直而筋脉紧绷凸起，双足在痉挛中不住地绷张收缩。\n随着{anal}那一阵阵猛烈的绞缩翕动，大量温热黏腻的肠液从深处汹涌澎湃地淌涌而出，顺着抽搐颤动的丰腴腿间一路湿淋淋地流泻，甚至伴着收缩小幅地喷洒出来，将成熟的下身浸润成湿亮的一片。\n她丰盈的胸口随着急促紊乱的呼吸剧烈起伏喘动，为人妻的成熟面庞彻底失控地涨红扭曲，眉心紧拧，唇齿紧咬又骤然松开，双手攥成死拳掐得指节泛白，整副丰熟的娇躯在这场剧烈失控的强烈绝顶中长久地抽搐痉挛着。

1025,action_part_a_orgasm_strong_B,0,target_is_player_daughter&CVP_A2_A|5_G_3&CVP_A2_A|5_LE_6,还是少女的{TargetName}青涩纤细的娇躯毫无预兆地剧烈弹跳起来，{anal}不受控制地一阵接一阵地连续痉挛收缩，那圈稚嫩的括约肌疯狂地绞拢又翕张，一开一合地反复抽搐个不停。\n她小巧紧翘的臀肉猛地向内深深一夹，尚显单薄的腰肢先是深深弓起绷成一道紧绷的弧线，随即又骤然瘫软塌陷下去，如此反复起伏了好几回。\n两条纤细稚嫩的长腿失控地大幅颤抖着，青涩的膝盖不住地打颤发软，脚趾用力地向内蜷缩扣紧，脚背绷得死直，双腿在颤栗中无力地乱蹬乱踹。\n随着{anal}那一阵阵疯狂的绞缩，大量温热黏腻的肠液从深处汹涌地涌淌出来，顺着痉挛抽搐的臀缝一路蜿蜒流下，甚至伴着收缩的节奏小幅地喷溅出来，将稚嫩的臀腿浸得一片湿滑。\n她单薄的胸口随着紊乱急促的呼吸剧烈起伏喘动，青涩的脸庞彻底失控地涨红扭曲，眉头紧紧拧起，一双小手死死地攥紧掐陷，指节因用力而根根泛白，整副少女的稚嫩身躯在这场剧烈失控的强绝顶中长久地痉挛颤栗着。
1026,action_part_a_orgasm_strong_B,0,target_is_player_daughter&CVP_A2_A|5_G_3&CVP_A2_A|5_LE_6,身为人女的{TargetName}整具青涩躯体骤然绷成一张满弓，{anal}猛烈而毫无节制地连番痉挛绞紧，那圈幼嫩的括约肌一下下疯狂地收拢又骤张，翕动收缩的幅度大得惊人。\n她小巧圆翘的臀部剧烈地向内抽搐扭动，稚嫩的腰身反复地深深弓起又重重塌落，纤薄的脊背随之一次次绷直又软瘫，起伏的动作剧烈得几近失控。\n两条纤细的嫩腿失控地痉挛乱颤，青涩的膝盖大幅地打着摆子相互磕碰，稚气的脚趾疯狂地蜷曲抠紧，绷直的脚踝处细嫩的筋脉一根根紧绷凸起。\n伴随{anal}那疯狂的连续绞缩，成股温热黏腻的肠液从深处大量地翻涌溢出，顺着颤抖的纤细腿根一路淋漓地淌落，随着抽搐的节律甚至小幅地飙溅而出，在稚嫩的臀腿间汪出湿亮的一片。\n她的呼吸彻底乱成一团急促的喘息，单薄的胸口剧烈起伏，少女青涩的面庞涨得通红又失神扭曲，眼角沁出点点泪光，唇齿紧咬又骤松，一双嫩手抓挠着攥成死拳，整副幼嫩的身躯在强烈的绝顶浪潮里失控地抽搐个不停。
1027,action_part_a_orgasm_strong_B,0,target_is_player_daughter&CVP_A2_A|5_G_3&CVP_A2_A|5_LE_6,身为女儿的{TargetName}青嫩的身子如触电般狠狠一激灵，{anal}再也压抑不住地连续剧烈痉挛，那圈稚嫩的括约肌疯了似的一圈圈收缩绞紧，紧接着又猛地翕张开来，收放的幅度剧烈得不受控制。\n她青涩紧致的臀肉一波接一波地向内深陷紧夹，纤细的腰肢深深地弓成一道紧绷的弧再骤然瘫软，反复地弓起塌陷个不停，整条纤薄的脊背随之剧烈起伏抽动。\n两条稚嫩修长的大腿失控地大幅痉挛抖颤，双膝一阵阵发软打颤地相互夹紧，稚气的脚趾用力地抠拢蜷曲，脚掌绷得笔直又不住地轻轻抽搐。\n随着{anal}那一轮轮猛烈的绞缩翕动，大量黏稠温热的肠液从紧缩的深处源源汹涌地淌溢出来，沿着颤动的纤细腿缝一道道地流泻，随抽搐的节奏小幅地喷洒出去，将青涩的下身浸润得湿漉漉一片。\n她青嫩的面庞失控地皱拢涨红，呼吸急促而紊乱地起伏着单薄的胸口，眉心紧蹙，双唇微张又抿紧，一双小手死死攥住身侧掐得指节泛白，整副女儿般幼嫩的娇躯在这场远超寻常的强烈绝顶中剧烈地颤栗抽搐着。
1028,action_part_a_orgasm_strong_B,0,target_is_player_daughter&CVP_A2_A|5_G_3&CVP_A2_A|5_LE_6,还是青涩少女的{TargetName}纤细的娇躯猛地弹跳绷紧，{anal}毫无预兆地一下下剧烈痉挛收缩，那圈稚嫩的括约肌疯狂地绞拢又翕张，一收一放地连番抽搐痉挛，力道剧烈得惊人。\n她小巧圆翘的臀部大幅地向内抽搐紧夹，青嫩的腰身深深地弓起绷成满弓后又骤然软塌下陷，纤薄的脊背反复地弓直又瘫软，起伏得几乎失去控制。\n两条纤细的嫩长腿失控地剧烈打颤乱蹬，青涩的膝盖软软地打着摆颤个不住，稚气的脚趾疯狂地向内蜷曲扣紧，绷直的脚背一阵阵痉挛发颤。\n伴着{anal}那疯狂而连续的绞缩，成量温热黏腻的肠液自深处翻涌着大量淌流出来，顺着痉挛抖动的稚嫩腿根淋漓地滑落，随收缩的节律小幅地喷溅飞洒，将青涩的臀腿浸得一片晶亮湿滑。\n她单薄的胸脯随着彻底紊乱的急促喘息剧烈地起伏，少女青涩的脸庞失控地绯红扭曲，眉头深深锁起，眼角泛起水光，一双嫩手用力攥紧掐陷得指节发白，整副幼嫩青涩的身躯在强烈的绝顶余浪中久久地痉挛不止。
1029,action_part_a_orgasm_strong_B,0,target_is_player_daughter&CVP_A2_A|5_G_3&CVP_A2_A|5_LE_6,身为人女的{TargetName}稚嫩单薄的身躯忽地剧烈弓弹起来，{anal}不受掌控地连成一片地痉挛绞缩，那圈幼嫩紧致的括约肌发狂似的一圈圈收拢又猛然张翕，收放抽搐的幅度剧烈得远超平常。\n她青涩紧翘的臀肉一下下狠狠地向内收夹抽搐，稚嫩的腰肢深深弓起绷紧之后又骤然瘫软塌陷，纤薄的脊背随着这剧烈的起伏一次次绷直又软落。\n两条纤细稚嫩的大腿失控地颤抖乱蹬，双膝发软地不停打颤磕碰，稚气的脚趾用力地蜷缩抠拢，脚踝绷得笔直而细嫩的筋脉紧绷凸起，双足在痉挛中不住地绷张收缩。\n随着{anal}那一阵阵猛烈的绞缩翕动，大量温热黏腻的肠液从深处汹涌澎湃地淌涌而出，顺着抽搐颤动的纤细腿间一路湿淋淋地流泻，甚至伴着收缩小幅地喷洒出来，将青涩的下身浸润成湿亮的一片。\n她单薄的胸口随着急促紊乱的呼吸剧烈起伏喘动，身为女儿的青嫩面庞彻底失控地涨红扭曲，眉心紧拧，唇齿紧咬又骤然松开，一双小手攥成死拳掐得指节泛白，整副幼嫩的娇躯在这场剧烈失控的强绝顶中长久地抽搐痉挛着。
1030,action_part_a_orgasm_strong_B,0,CVP_A2_T|102_E_1&CVP_A2_A|5_G_6,娇小的{TargetName}整个身子猛地绷成一张拉满的弓，纤细稚嫩的腰肢被狠狠顶起后又不受控制地一次次深深塌陷下去。\n幼小的四肢剧烈地抽搐痉挛，两条细嫩的小腿在半空里失控地乱蹬乱颤，脚趾死死地蜷缩成一团又倏地张开。\n{anal}疯狂地绞缩翕张，一圈圈括约肌猛烈地收紧再松脱，连绵不绝地剧烈痉挛，怎么也停不下来。\n因为那处敏感得惊人，如此娇小的身体仅承受着模糊的刺激便被硬生生逼上了极强的顶点，浑身肌肉一阵接一阵强烈地绷紧又战栗。\n大量温热黏腻的肠液顺着{anal}汹涌地翻涌而出，甚至随着括约肌的猛烈绞动小幅地噗噗喷溅，淋漓地打湿了她纤细的腿根。\n她张大了小嘴急促而紊乱地喘息，稚气的脸蛋涨得通红，眼神彻底涣散失焦，喉咙深处溢出一串破碎失控的气音。
1031,action_part_a_orgasm_strong_B,0,CVP_A2_T|102_E_1&CVP_A2_A|5_G_6,瘦小的{TargetName}浑身猛然剧烈地一僵，紧接着从头到脚爆发出一连串失控的战栗，稚嫩单薄的身板抖得像风中的叶片。\n她的小腹一下下急促地起伏收紧，纤细的腰背反复地弓起绷直，随后又软绵绵地瘫塌下来。\n{anal}一波强过一波地猛烈收缩，括约肌死死地绞紧又骤然松开，翕动得又急又乱，痉挛的幅度远超寻常。\n仅仅一点模糊的撩拨，这具异常敏感的幼小身躯便被推上了远比平常凶猛的绝顶，肌肉成片地抽搐绷紧。\n汩汩的肠液从{anal}里大股大股地涌淌出来，被剧烈翕张的穴口挤得小幅地飞溅，顺着抽搐的大腿内侧蜿蜒滑落。\n她仰着通红的小脸急促地大口喘着气，睁大的眼睛失去了焦距，纤细的手指无意识地痉挛蜷曲。
1032,action_part_a_orgasm_strong_B,0,CVP_A2_T|102_E_1&CVP_A2_A|5_G_6,纤弱的{TargetName}后腰猛地深深弓起，将娇小的身子高高地拱离，随即肌肉一泄又重重地摊软下去，如此反复不停。\n她幼嫩的双腿绷得笔直又猛地夹拢，脚背高高地绷起，脚趾一次次地痉挛蜷缩，全身没有一处能安分。\n{anal}疯狂而不受控制地连续痉挛，一圈圈括约肌以极快的频率绞缩收紧，翕张的幅度剧烈得惊人。\n因肛肠敏感到极点，这具稚气未脱的小小躯体轻易便攀上了格外强烈的巅峰，成片的肌肉猛烈地颤抖抽搐。\n浓稠温热的肠液自{anal}中大量地奔涌而出，甚至随着一下猛烈的绞缩小幅喷射而出，淅淅沥沥地流淌不止。\n她的胸口剧烈地起伏，呼吸急促而紊乱，稚嫩的表情彻底失控，红着眼眶从喉咙里挤出断断续续的哽咽气音。
1033,action_part_a_orgasm_strong_B,0,CVP_A2_T|102_E_1&CVP_A2_A|5_G_6,小小的{TargetName}身体骤然绷成一片僵直，紧接着一阵强似一阵的抽搐如潮水般席卷了她娇弱的四肢与腰腹。\n她纤细的手臂无力地痉挛乱抓，两条稚嫩的小腿失控地颤抖蹬动，脚趾紧紧地抠蜷起来又猛地弹开。\n{anal}狂乱地绞动翕合，括约肌一下下疯狂地收缩又扩张，密集而剧烈的痉挛一浪接着一浪滚过。\n这具娇小的身躯敏感得异乎寻常，只被模糊地一撩便被逼上了远胜平日的强烈顶峰，浑身肌肉一阵阵猛烈地绷紧战栗。\n大量的肠液顺着痉挛的{anal}哗地翻涌倾泻，被绞紧的穴口一挤便小幅地噗地喷溅开来，濡湿了纤瘦的臀缝与腿根。\n她仰起绯红的小脸大口大口地急喘，涣散的眼神再也聚不起焦点，稚嫩的下巴不住地轻颤，溢出细碎失控的呜咽。
1034,action_part_a_orgasm_strong_B,0,CVP_A2_T|102_E_1&CVP_A2_A|5_G_6,柔弱的{TargetName}腰肢猛地向上深深弓挺，将稚嫩娇小的身子绷到极致，转瞬又脱力般整个瘫软塌陷下去。\n幼小的四肢剧烈地抽搐乱颤，两条细腿一会儿死死并拢一会儿又失控地乱蹬，脚趾反复地蜷缩痉挛。\n{anal}不受控制地连续绞缩，一圈圈括约肌疯狂地收紧翕张，剧烈的痉挛密集地一波压过一波。\n正因这处过分敏感，如此稚气的小小身体轻而易举地被推上了极其猛烈的绝顶，全身肌肉成片地强烈绷紧又颤栗。\n温热黏稠的肠液从翕动的{anal}里汹涌地喷涌而出，甚至小幅地飙溅出去，顺着颤抖的腿根一路淋漓地淌下。\n她张着小嘴急促紊乱地喘息不止，通红的脸蛋满是失控的神情，睁大的双眼彻底失焦，喉间挤出破碎的哽咽气音。

1035,action_part_a_orgasm_strong_B,0,CVP_A2_T|103_E_1&CVP_A2_A|5_G_6,娇小纤弱的{TargetName}整个身子毫无预兆地剧烈弹动起来，{anal}不受控制地一阵接一阵疯狂痉挛绞缩，稚嫩的括约肌疯狂地翕张收放，圆嫩的小腹随着这连绵不断的抽搐深深地向内塌陷又鼓起。\n发育未全的娇躯猛地向上弓成一道紧绷的弧线，纤细的腰肢深深地弓起后又骤然瘫软塌落，如此反复了好几回，两条细若嫩藕的小腿失控地乱蹬乱颤，稚气未脱的脚趾用力地蜷缩扣拢又猛地绷直张开。\n随着{anal}一波比一波更凶猛的绞缩，大量温热黏腻的肠液从穴口汹涌地涌淌而出，甚至伴着痉挛的节奏小幅地喷溅出来，顺着娇嫩的臀缝与稚嫩的大腿内侧成股地滑落。\n纤瘦的脊背绷得死紧，稚嫩的手指死死抠攥收拢，指节因过度用力而泛出惨白，娇小的胸口剧烈而紊乱地起伏喘动，呼吸变得急促而破碎。\n稚气的小脸彻底失控地扭曲绷紧，眉头拧成一团，嘴唇大张着不住颤抖，整具娇小青涩的身躯在这远超寻常的剧烈颤栗中失神地抽搐痉挛，久久无法平息。
1036,action_part_a_orgasm_strong_B,0,CVP_A2_T|103_E_1&CVP_A2_A|5_G_6,瘦小的{TargetName}娇躯猛然失控地绷紧弹起，{anal}一下下地剧烈收缩绞紧，幼嫩的括约肌疯狂地一开一合翕动个不停，平坦稚嫩的小腹随着这凶猛的痉挛不住地深陷抽搐。\n纤细单薄的腰身猛地深深弓起，紧接着又无力地瘫软下去，起起伏伏地反复了数次，一双纤瘦娇小的腿失控地痉挛乱颤，膝盖不住地打颤打晃，稚嫩的脚踝绷得紧紧的，脚趾用力地向内抠蜷。\n{anal}随着一阵猛过一阵的绞缩喷涌出大股温热的肠液，黏稠的液体甚至随着括约肌的翕张一小股一小股地激射而出，沿着娇嫩的股沟与细腿汩汩淌落，在稚嫩肌肤上蜿蜒出湿亮的痕迹。\n单薄的后背反复地弓紧又塌软，纤细的十指痉挛似地攥握收紧，指尖深深掐陷，娇小的胸膛急促而凌乱地大幅起伏，气息紊乱得几近哽咽。\n稚嫩的面庞失控地皱起绷紧，眼角泛起氤氲的水光，小嘴无意识地张合颤抖，整个娇弱幼小的身子在这一波格外剧烈的抽搐中失神地战栗，迟迟未能缓过来。
1037,action_part_a_orgasm_strong_B,0,CVP_A2_T|103_E_1&CVP_A2_A|5_G_6,{TargetName}那副娇小稚嫩的身躯突然剧烈地痉挛弹跳起来，{anal}毫无节制地连续猛烈收缩绞缠，柔嫩的括约肌一圈圈疯狂地缩紧又松开，稚气的小腹随之一下下深深地凹陷绷紧。\n刚开始发育的纤细腰肢猛地向上顶弓成紧绷的弓形，随后又骤然失力地摊塌下来，这般深弓与瘫软交替反复个不停，两条稚嫩细瘦的小腿在半空中失控地胡乱蹬踢颤抖，娇小的脚掌绷直又蜷曲。\n伴着{anal}越发汹涌的绞缩挤压，大量温热的肠液自穴口喷涌翻淌而出，随着括约肌的强烈痉挛小幅地迸溅飞出，顺着圆嫩的臀瓣与青涩的大腿根成片地流泻淌下。\n瘦削的脊梁一次次绷成僵直的弧度，稚嫩的双手死命地攥紧收拢，指节紧绷发白，娇小的胸廓剧烈紊乱地起伏，呼吸急促而破碎地喘息个不停。\n青涩的脸蛋失控地紧绷抽搐，眉心紧紧蹙拢，樱唇微张着不住哆嗦，整具娇小青涩的身躯在这远胜平常的猛烈战栗里失神地抽动着，良久才勉强平复。
1038,action_part_a_orgasm_strong_B,0,CVP_A2_T|103_E_1&CVP_A2_A|5_G_6,娇弱幼小的{TargetName}整个身体骤然失控地弓起绷直，{anal}一阵紧似一阵地疯狂痉挛缩紧，稚嫩纤薄的括约肌不受控制地剧烈翕张绞动，稚气的下腹随着这连绵的抽搐深深地收缩鼓胀。\n全身的稚嫩肌肉一齐强烈地绷紧抽搐，纤瘦的腰部深深地弓成弓形后又无力地软瘫塌陷，反反复复难以自持，一双细嫩娇小的腿失控地颤栗乱蹬，纤细的脚趾痉挛似地扣紧又张开。\n{anal}在这猛烈的连番绞缩中汩汩喷涌出大量黏热的肠液，浓稠的液体随着痉挛的律动一小股地喷洒溅落，沿着娇嫩稚气的臀缝与腿根不住地滑淌成痕。\n单薄稚弱的背脊绷得笔直僵硬，稚嫩的手指痉挛地攥握成拳，指节泛白，娇小的胸口急促而失序地剧烈起伏，气息粗重紊乱地喘个不停。\n稚嫩的小脸失神地绷紧扭曲，眼神涣散无焦，小嘴张合着溢出细碎的颤抖，整个娇小青涩的躯体在这远超往常的剧烈痉挛中失控地战栗抽搐，迟迟难以归于平静。
1039,action_part_a_orgasm_strong_B,0,CVP_A2_T|103_E_1&CVP_A2_A|5_G_6,纤小娇嫩的{TargetName}身子毫无征兆地剧烈弹颤起来，{anal}一波接一波不受控制地凶猛绞缩挛动，幼嫩的括约肌疯狂地一缩一放翕张不止，平坦娇小的小腹随着这凶猛的痉挛节奏深深地抽陷收紧。\n稚气未脱的娇躯猛地深深弓起绷成一张满弓，转瞬又彻底失力地瘫软摊落，如此深弓瘫软反复交替，两条纤瘦稚嫩的小腿失控地乱蹬乱踹打颤，娇小的膝盖不住地打晃，脚趾用力地向内蜷扣。\n随着{anal}愈演愈烈的绞缩挤压，成股温热黏腻的肠液从穴口翻涌喷淌而出，甚至随着括约肌的猛烈翕张小幅地激溅飞洒，顺着稚嫩的股沟与娇嫩的大腿内侧汩汩淌落一片。\n瘦弱的后背一次次弓紧又塌软，稚嫩的十指死死收拢抠攥，指节因用力而惨白，娇小的胸膛剧烈而杂乱地大幅起伏喘动，呼吸急促破碎得几乎接不上气。\n稚嫩的面容彻底失控地紧绷皱缩，眼角沁出点点泪光，小嘴无声地大张着战栗，整具娇小青涩的身躯在这远胜寻常的猛烈颤栗中失神地痉挛抖动，好一阵子才慢慢缓和下来。
1040,action_part_a_orgasm_strong_B,0,CVP_A2_T|104_E_1&CVP_A2_A|5_G_6,{TargetName}青春的身躯毫无预兆地猛然绷紧，纤细的腰肢深深弓起，绷成一张紧满的弓，随即又重重地瘫软塌陷下去。\n{anal}疯狂地一缩一放，括约肌完全不受控制地连续绞紧又翕张，一圈圈剧烈痉挛着收缩。\n她年轻的双腿在半空里失控地乱蹬乱颤，脚趾死死蜷缩起来又骤然张开，小腿肌肉一阵阵抽搐绷直。\n少女平坦的小腹随着一波接一波的痉挛剧烈起伏，全身的肌肉都抽搐着绷得死紧，肩背不住地战栗。\n大量温热黏腻的肠液顺着{anal}的翕合汩汩涌出，甚至随着一次格外剧烈的收缩小幅喷溅出来。\n{TargetName}猛地仰起脖颈，脸颊憋得一片通红，呼吸变得急促而紊乱，稚嫩清秀的表情彻底失控地扭曲颤抖。
1041,action_part_a_orgasm_strong_B,0,CVP_A2_T|104_E_1&CVP_A2_A|5_G_6,一阵剧烈的战栗自尾椎窜上，{TargetName}整条脊背骤然反弓成惊人的弧度，紧绷片刻后又软软地摊倒下来。\n{anal}一下下疯狂地抽搐痉挛，括约肌像失了控般反复绞缩翕合，收得死紧又猛地松开。\n她青涩的四肢无力地痉挛颤动，双手死死攥紧又骤然张开，指节因用力过度而泛白。\n年轻的臀部高高绷起不住地打颤，两片臀肉随着{anal}的抽搐一阵阵战栗收紧。\n汹涌的肠液从{anal}深处一股股翻涌而出，顺着颤抖的臀缝淌落，收缩最剧烈时还噗地小幅喷出一小股。\n{TargetName}张大了口无声地喘息，下巴不住地打颤，眉头紧紧拧起，稚气的脸庞泛起一层薄汗剧烈抽搐。
1042,action_part_a_orgasm_strong_B,0,CVP_A2_T|104_E_1&CVP_A2_A|5_G_6,{TargetName}娇小的身子猛地一僵，随即被一波波痉挛冲得剧烈弹跳颤动，腰腹深深塌陷又倏地挺起。\n{anal}以近乎癫狂的频率连续绞缩，括约肌一圈圈疯狂地收紧翕张，抽搐得几乎连成了一片。\n少女的双膝不受控制地并拢又大张，大腿内侧的嫩肉不住地打颤抽搐，脚跟胡乱地蹭动。\n她纤秀的腰肢一次次高高弓起，每一次弓起都伴着全身肌肉猛烈的绷紧与战栗。\n{anal}翻涌出大量滚烫的肠液，随着一下下失控的绞缩汩汩外淌，间或伴着一次小幅的喷溅。\n{TargetName}的头颅无力地向后仰去，脖颈上青筋微凸，急促的喘息一声接一声，年轻的面容彻底失了神地痉挛。
1043,action_part_a_orgasm_strong_B,0,CVP_A2_T|104_E_1&CVP_A2_A|5_G_6,仿佛被一道电流贯穿，{TargetName}青春的躯体骤然弹起，绷得笔直片刻后又瘫软成一滩剧烈颤抖的软肉。\n{anal}一阵猛过一阵地疯狂痉挛，括约肌不知疲倦地连续绞缩翕开，一收一放急促而失控。\n她稚嫩的双脚在空中乱蹬乱踹，脚踝不住地扭动，脚趾一次次蜷起又骤然绷直张开。\n少女单薄的胸膛剧烈起伏喘动，双肩耸动着一阵阵痉挛，纤细的手臂无力地颤抖乱抓。\n浓稠的肠液自{anal}汹涌喷涌而出，量大得顺着股间淌成一道，最剧烈的绞缩时更是噗噗小幅喷出。\n{TargetName}紧咬着下唇又骤然松开，喉间溢出破碎的气音，稚气的眉眼因失控而剧烈皱缩颤栗。
1044,action_part_a_orgasm_strong_B,0,CVP_A2_T|104_E_1&CVP_A2_A|5_G_6,{TargetName}年轻的身体一下下地剧烈弹动，腰部反复深深弓起又猝然瘫软下坠，起伏得几乎没有间歇。\n{anal}疯狂而密集地绞缩痉挛，括约肌一圈圈失控地收紧再翕张，抽动的幅度大得清晰可见。\n她纤细的双腿死死夹紧又猛地弹开，膝盖不住打颤，脚掌胡乱地绷紧蹬动。\n少女的十指深深抠握又倏地张开，全身上下的肌肉一波波抽搐绷紧，连脚背都在剧烈战栗。\n{anal}翻涌出的大量肠液一股接一股地外溢，黏腻地淌落一片，收缩到极致时还小幅地喷溅而出。\n{TargetName}猛地扬起下颏，双眼失焦地上翻，急促紊乱的呼吸间稚嫩的脸蛋涨得通红剧烈抽搐。

1045,action_part_a_orgasm_strong_B,0,CVP_A2_T|105_E_1&CVP_A2_A|5_G_6,成熟饱满的{TargetName}忽然绷直了脊背，{anal}毫无预兆地剧烈痉挛起来，一圈圈不受控制地连续收缩绞紧，翕张的括约肌疯狂地开合翻搅，将高潮的震颤一波接一波地传遍丰腴的臀肉。\n她圆润的臀部高高地弓离原地，两瓣饱满的臀肉死死夹拢又猛地绷开，成熟修长的双腿失控地乱蹬颤抖，脚趾一次次痉挛着蜷曲扣紧，脚踝绷出僵直的线条。\n{anal}深处随着这阵剧烈的绞缩不断有大量温热的肠液汩汩涌出，顺着颤抖的股缝一道道流淌下来，甚至在某一下猛烈的收缩中被小幅地挤喷出去，打湿了大腿内侧那片细腻的肌肤。\n她成熟的腰肢反复深深地弓起，随即又脱力般软塌下去，丰满的胸脯剧烈起伏，急促紊乱的呼吸从半张的唇间断续逸出，眼角泛红失神，青涩尚存的面庞彻底失了平日的从容。\n纤长的手指痉挛着攥紧又松开，指节泛白，整具成熟的娇躯在这场远超寻常的强烈绝顶里失控地连连抽搐，久久无法平息。
1046,action_part_a_orgasm_strong_B,0,CVP_A2_T|105_E_1&CVP_A2_A|5_G_6,{TargetName}丰盈的娇躯猛然一僵，紧接着{anal}便一阵紧似一阵地疯狂绞缩，环状的括约肌不受控制地连续翕合抽搐，一波波深深的痉挛沿着肠壁向内层层收紧。\n她成熟圆翘的臀部剧烈地上下颠动，两条丰腴的长腿失控地绷直又乱颤，膝盖忽而向内夹拢忽而向外张开，脚尖死死抵地绷成一片僵硬。\n随着{anal}一下下失控的绞缩，大量黏腻的肠液被挤压着不住地外溢，顺着抽搐的臀缝蜿蜒滚落，在最猛的一次收缩里甚至小股地喷溅而出，淋湿了颤动的腿根。\n成熟的腰身一次次高高弓起又骤然瘫软，饱满的小腹随之剧烈地一收一放，急乱的喘息不断从微张的嘴里溢出，脸颊涨得通红，眼神涣散失神，透着一丝未褪尽的青涩慌乱。\n她的双手无意识地死死抓紧，指尖深深掐入掌心，整副成熟却仍带稚气的身子在这场汹涌的强绝顶中不住地颤栗抽动，好一阵才渐渐缓和。
1047,action_part_a_orgasm_strong_B,0,CVP_A2_T|105_E_1&CVP_A2_A|5_G_6,成熟饱满的身躯毫无征兆地弹颤了一下，{anal}随即陷入剧烈而失控的连续痉挛，一圈紧致的软肉疯狂地收缩绞拧，翻搅般的开合一下比一下更加凶猛。\n{TargetName}圆润的臀部高高翘起又重重落下，反复地拱动挣颤，丰腴修长的双腿失控地痉挛蹬动，脚趾一次次用力蜷曲得发白，绷紧的脚背抖个不停。\n伴随每一下深重的绞缩，{anal}汩汩地淌出大量温热的肠液，顺着大腿内侧的曲线成串滚落，在剧烈的一收之中被小幅挤喷而出，在成熟的肌肤上洇开一片湿痕。\n她流畅的腰肢深深弓成一道弧后又脱力软塌，丰满的胸脯随急促的呼吸大幅起伏，半开的唇间断续逸出紊乱的气音，眼角沁泪失神，青涩与成熟交织的面容尽显失控。\n纤细的手指痉挛着攥成拳头，手背筋脉微微凸起，整具丰盈的娇体在这远胜平常的强烈绝顶中一波波地剧烈抽搐，迟迟不能自已。
1048,action_part_a_orgasm_strong_B,0,CVP_A2_T|105_E_1&CVP_A2_A|5_G_6,{TargetName}成熟的腰肢骤然向后猛挺，{anal}便毫无节制地剧烈绞缩起来，一层层软肉疯狂地翕张收拢，连绵不断的痉挛顺着深处一路收紧到极致。\n她饱满圆翘的臀瓣死死夹紧又蓦地绷开，修长丰腴的双腿不受控地乱颤乱蹬，两膝颤巍巍地相互磕碰，脚趾痉挛着蜷起绷直反复交替。\n{anal}随着这场失控的绞动源源不断地渗涌出大量黏热的肠液，一道道顺着抖动的股沟淌下，在最剧烈的一次收缩里被小幅地喷挤出来，湿了成熟白皙的大腿内侧。\n她的脊背反复深弓又骤然瘫软，丰盈的小腹一下下急促地抽搐凹陷，凌乱急促的呼吸从翕动的唇齿间不住溢出，面颊绯红，眼神迷离失焦，残留着几分青涩的慌张。\n成熟纤长的十指无力地痉挛蜷曲，指节泛出青白，整个丰满的身躯在这汹涌澎湃的强绝顶浪潮里失控地连连震颤，许久方才慢慢平息下来。
1049,action_part_a_orgasm_strong_B,0,CVP_A2_T|105_E_1&CVP_A2_A|5_G_6,丰盈成熟的{TargetName}浑身猛地绷成一线，{anal}紧接着失控地一阵阵疯狂痉挛，环形的软肉连续绞拧收缩，一波未平一波又起地翻搅翕合个不停。\n她圆润饱满的臀部剧烈地拱动颠簸，两条修长丰腴的腿失控地绷直战栗，忽而向内并拢忽而失力张开，脚尖一次次抠地绷得笔直。\n随着{anal}一下下猛烈的绞缩，成股的温热肠液被挤压得不断外涌，顺着痉挛的腿根潺潺滚落，在最凶的一收里更被小幅喷洒出来，在细腻成熟的肌肤上淌开湿亮的痕迹。\n她成熟的腰身高高弓起又软软塌下反复不休，丰满的胸脯随粗重紊乱的喘息剧烈起伏，微张的唇边溢出断续的气音，眼角挂泪失神，青涩尚存的脸上写满失控。\n纤秀的双手死死攥紧又骤然松脱，指节一片惨白，整副成熟丰盈却仍带青涩的娇躯在这远超以往的强烈绝顶中不住地剧烈抽搐颤栗，久久难平。

1050,action_part_a_orgasm_strong_B2,0,CVP_A2_T|106_E_1&CVP_A2_S|5_GE_12000&CVP_A2_S|5_L_90000,成熟丰盈的{Name}整副娇躯毫无预兆地剧烈弓起，{anal}猛地发出一阵不受控制的连续痉挛，紧紧地一缩一绞，成熟的臀肉随着这狂乱的收缩节奏大幅度地颤抖抽搐，圆润的臀瓣一下下痉挛着夹紧又松开。\n丰腴修长的双腿骤然绷得笔直，随即又失控地乱蹬乱颤，成熟的大腿内侧肌肉一波接一波地抽搐鼓动，脚趾用力地蜷曲扣紧，脚背绷成一道紧张的弧线，小腿的肌肉线条根根凸起地绷紧。\n她成熟的腰肢反复深深地向上弓起，脊背弯成一张满弓，随后又猛地软塌下去，如此反复了好几轮，腰腹间那片丰腴的肌肉剧烈地起伏抽动，圆润的小腹一下下痉挛着向内收紧。\n大量温热的爱液顺着{anal}的边缘不受控制地汹涌溢出，甚至伴着一小股液体失禁般地喷溅出来，将成熟丰腴的腿根内侧浇淋得一片湿亮淋漓。\n丰满的胸脯随着紊乱急促的喘息剧烈起伏，成熟的面庞涨得通红，眼角失神地泛起水光，丰润的双唇失控地大张着不住颤抖，整张脸都失去了平日的从容，只余下一片被冲垮的失控潮红。
1051,action_part_a_orgasm_strong_B2,0,CVP_A2_T|106_E_1&CVP_A2_S|5_GE_12000&CVP_A2_S|5_L_90000,{Name}成熟的身躯毫无征兆地绷成一条紧张的直线，{anal}狂乱地连续绞缩抽搐，一圈成熟的括约肌疯狂地收紧又骤然松开，反反复复地痉挛个不停，丰腴的臀部大幅度地弹动颤栗。\n她修长丰满的四肢彻底失去了控制，两条丰腴的大腿时而死死夹紧时而无力大张，双脚胡乱地蹬动踢腾，十根脚趾痉挛着张开又蜷起，成熟的手指深深抠掐进掌心，指节因过度用力而泛出惨白。\n成熟流畅的腰背反复地深深弓起又重重瘫软，一次比一次更加剧烈，圆润饱满的小腹随着{anal}的抽搐一阵阵地凹陷收紧，腰侧丰腴的软肉不住地颤抖鼓动。\n晶亮黏腻的爱液成股地从{anal}处失控地涌淌而下，混着小幅喷溅的水花，将成熟丰腴的臀缝与腿根尽数浸得湿漉漉一片，顺着颤抖的腿肉蜿蜒滑落。\n她成熟的胸膛剧烈地一起一伏，呼吸彻底乱成破碎的短促喘息，眼神涣散地失去了焦点，红唇边溢出一丝晶亮的津液，成熟从容的面容此刻被强烈的余韵彻底冲得失神散乱。
1052,action_part_a_orgasm_strong_B2,0,CVP_A2_T|106_E_1&CVP_A2_S|5_GE_12000&CVP_A2_S|5_L_90000,丰腴成熟的{Name}猛然发出一阵剧烈的战栗，{anal}失控地一下下疯狂痉挛收缩，敏感到极点的肠口一圈圈地绞紧又颤开，成熟饱满的双臀随着这狂乱的节奏剧烈地抖动，圆翘的臀肉一波波地痉挛鼓胀。\n她那双丰腴修长的腿再也无法维持姿势，膝盖剧烈地打着颤，小腿失控地乱蹬乱踹，脚踝绷得死紧，脚趾一会儿死死蜷扣一会儿又猛地张开，大腿根部成熟的软肉一阵阵地抽搐痉挛。\n成熟的腰肢像被无形之力反复拨弄般深深弓起，脊背绷成极致的弧度，转瞬又彻底软瘫下去，反复起落之间小腹那片丰腴肌肤剧烈地凹凸抽动，饱满的腰身不住地扭动颤栗。\n大量温热的淫液自{anal}深处失禁般汹涌喷淌，夹着一小股液体噗地溅射开来，将成熟丰腴的下身淋得一片狼藉泥泞，湿意顺着颤抖的腿缝一路蜿蜒淌落。\n丰满的酥胸随急促失序的喘息剧烈耸动，成熟的面颊烧得绯红滚烫，眼角沁出细密的水光，双唇失控地翕张颤抖，那张平日沉稳从容的成熟脸庞彻底失了神，只剩痉挛与潮红。
1053,action_part_a_orgasm_strong_B2,0,CVP_A2_T|106_E_1&CVP_A2_S|5_GE_12000&CVP_A2_S|5_L_90000,{Name}成熟丰盈的躯体骤然剧烈地弹跳了一下，{anal}不受控制地爆发出一连串狂乱的痉挛，成熟的肠壁疯狂地蠕动绞缩，饱满圆润的臀部随着抽搐的浪潮一下下猛烈地弹颤，臀缝深处的软肉不停地抖动。\n她丰腴的双腿彻底失控地颤抖乱蹬，两条成熟的大腿一时紧紧绞夹一时又无力摊开，脚尖时而绷直时而蜷缩，脚踝处的肌肉一根根凸起绷紧，双手死死揪住能触及的一切，指尖深陷，指节泛白发颤。\n成熟的脊背反复深深地弓起再重重塌陷，腰肢一次次弹起又软落，弧度大得几乎失控，丰腴的小腹随着{anal}的疯狂绞动剧烈地起伏收紧，腰侧成熟的软肉不住地痉挛鼓动。\n黏稠温热的爱液成股地自{anal}边缘失控狂涌，伴着一小股失禁般的喷溅四散飞溅，将成熟丰腴的腿根与臀肉浇得湿淋淋亮晶晶，顺着抽搐的腿肉汩汩流下。\n她丰满的胸口随着破碎紊乱的喘息剧烈起伏，成熟的面容涨红失神，眼神彻底涣散失焦，红润的唇瓣大张着不住哆嗦，平素从容的成熟风韵此刻被彻底冲垮，只余一片失控的战栗潮红。
1054,action_part_a_orgasm_strong_B2,0,CVP_A2_T|106_E_1&CVP_A2_S|5_GE_12000&CVP_A2_S|5_L_90000,成熟妩媚的{Name}整个人骤然剧烈地痉挛绷紧，{anal}狂乱失控地连番收缩绞紧，极度敏感的肠口一圈圈疯狂地抽搐颤动，成熟丰满的臀瓣随之大幅度地弹跳抖颤，圆润的臀肉一下下痉挛着夹拢又弹开。\n她修长丰腴的双腿再难自持，两膝剧烈打颤地相互磕碰，小腿失控地胡乱踢蹬，脚趾用力地蜷曲又猛然张开，成熟的大腿内侧一波波地抽搐鼓动，绷紧的腿肌根根凸显出紧张的线条。\n成熟的腰身反复地深深弓挺又骤然瘫软下去，一轮接着一轮愈演愈烈，饱满圆润的小腹随着{anal}的狂乱绞缩剧烈地凹陷抽动，丰腴柔软的腰腹肌肉不停地颤栗起伏。\n大量温热黏腻的淫液从{anal}处失控地喷涌淌落，夹带着一小股喷溅而出的水液，将她成熟丰腴的下身浇得一片湿滑淋漓，晶亮的液体顺着颤动的腿根蜿蜒滑落。\n她丰满的双乳随着急促失序的喘息剧烈地颠动起伏，成熟的脸颊烧得通红滚烫，眼角失神地渗出水光，丰润的红唇失控地张翕颤抖，那张成熟从容的面孔彻底失了往日的镇定，只剩被冲垮的失神与绯红。

1055,action_part_a_orgasm_strong_B,0,CVP_A2_T|103_E_1&CVP_A2_A|5_LE_3,娇小的{TargetName}那具刚开始发育的稚嫩身躯猛然弹起绷成一张满弓，{anal}失控般地剧烈连续痉挛收缩，稚嫩的括约肌疯狂地一圈圈绞紧又猛地翕张，小小的菊蕾一开一合地翻绞抽搐个不停。\n她纤细的腰肢一次次深深地向上高高弓起，随即又脱力地重重瘫软下去，初现少女轮廓的小腹反复地向内剧烈抽缩凹陷，柔嫩的肚皮不受控制地大幅起伏鼓动。\n细若嫩藕的双腿失控地绷得笔直又胡乱地蹬动踢腾，稚气的膝盖剧烈打颤地相互磕碰，纤细的脚趾死死向内蜷曲抠紧，脚踝处一根根紧绷出细嫩的线条。\n伴随着{anal}一波接一波凶猛有力的绞缩翻绞，大量温热黏腻的肠液汹涌地自穴口溢流喷淌而出，甚至随着括约肌的猛缩小幅地喷溅出来，顺着幼嫩的臀缝与稚嫩的大腿内侧大股大股地淌落，将一大片细白的肌肤浇得湿漉漉。\n急促而紊乱的喘息让她单薄的胸口剧烈起伏喘动，稚气的小脸失控地涨红扭曲，一双小手死死攥紧到指节泛白，整具娇小的身躯在这场远超寻常的剧烈高潮里失神地颤栗抽搐，久久无法平复。
1056,action_part_a_orgasm_strong_B,0,CVP_A2_T|103_E_1&CVP_A2_A|5_LE_3,一阵远比往常更为凶猛的战栗贯穿了娇小的{TargetName}，她稚嫩的身子骤然僵直又剧烈痉挛，{anal}不受控制地连续绞缩起来，幼嫩的括约肌一下下疯狂地翕合绞紧，将穴口一圈圈地向内死死吸拢又猛然弹开。\n刚初现少女弧度的小腹随着高潮的节律反复地深深抽搐凹陷，稚嫩的腹肌一阵阵地绷紧又颤动，纤瘦的腰身高高弓起成一道紧绷的弧线后又失力地塌落。\n两条青涩纤细的小腿僵直地绷紧又失控地乱蹬，稚气的脚背反射性地向下绷直，小巧的脚趾一根根蜷曲扣拢，圆嫩的小臀随着收缩的节律用力地夹紧又松开。\n随着{anal}反复不停的强力绞缩翕动，大量黏腻温热的肠液明显地渗涌喷淌而出，一股股顺着幼嫩的股缝蜿蜒淌落，甚至伴着猛烈的绞缩小幅地飙溅出去，在稚嫩的腿根内侧洇出一大片湿亮的水渍。\n她的呼吸彻底紊乱急促，单薄的胸膛剧烈起伏，稚气的面庞失控地泛起潮红并微微失神，一双小手无意识地攥成拳颤抖不止，整个娇小的身躯在这场剧烈失控的绝顶中不住抽搐，直到{anal}的痉挛渐渐止息才缓缓瘫软下来。
1057,action_part_a_orgasm_strong_B,0,CVP_A2_T|103_E_1&CVP_A2_A|5_LE_3,娇小玲珑的{TargetName}稚嫩的身躯毫无预兆地剧烈弹动绷紧，{anal}猛地爆发出一连串失控的强烈痉挛，稚嫩的括约肌疯狂地一开一合反复绞紧翕张，小小的后穴一下下地向内深深绞拢吸缩个不停。\n她初现少女曲线的小腹随着这凶猛的收缩节律反复地向内深陷抽搐，嫩滑的腹部肌肤剧烈地起伏鼓动，纤细的腰肢一次次高高弓起又脱力地软塌下去。\n细嫩的四肢齐齐失控地绷紧发颤，稚嫩的手臂僵直地撑着乱抖，两条嫩藕似的小腿时而并拢夹紧时而胡乱蹬动，稚气的脚趾死死向内勾扣蜷曲。\n伴着{anal}一波波凶猛有力的绞缩翻绞，大量温热的肠液较往常汹涌得多地自穴口溢淌喷流而出，随着括约肌的猛烈翕缩一小股一小股地喷溅，顺着幼小的臀沟与嫩滑的腿根大股淌落，浸湿了一大片稚嫩的肌肤。\n急促失序的呼吸令她小小的胸口不住剧烈起伏，稚气的脸颊失控地涨红扭曲，细嫩的手指反复痉挛似地攥紧到指尖泛白，整具娇小的身躯在这场远超普通绝顶的剧烈高潮里失神地持续颤栗抽搐。
1058,action_part_a_orgasm_strong_B,0,CVP_A2_T|103_E_1&CVP_A2_A|5_LE_3,随着一股远胜以往的猛烈高潮汹涌袭来，娇小的{TargetName}稚嫩的身子猛然一僵旋即剧烈颤抖，{anal}强烈而失控地连续收缩绞紧，幼嫩的括约肌疯狂地一圈圈翕张开合，稚嫩的菊穴不受控制地剧烈抽搐颤动。\n她纤瘦的腰肢明显地高高向上弓起一道深弧，随即又反复地重重起落塌软，稚气的小腹一下下地向内猛烈抽缩，柔嫩的腹部肌肤随着收缩剧烈地颤动起伏。\n细小的双腿绷得僵直又失控地胡乱踢蹬，稚气的膝盖颤颤巍巍地相互磕撞，纤细的脚趾骤然蜷缩扣紧，圆嫩的小臀绷紧收夹地随着{anal}的抽搐节律一下下用力夹拢又骤松。\n伴着一波波凶猛的绞缩，大量温热黏腻的肠液明显地自翻翕的穴口渗溢喷淌而出，甚至随着猛缩小幅地喷射而出，沿着幼小娇嫩的臀缝大股淌落，在稚嫩的大腿内侧留下一大片晶亮的湿痕。\n她急促紊乱的呼吸让单薄的胸膛剧烈起伏喘动，一双稚嫩的小手死死攥住到指节泛白，稚气的面容失控地泛红并微微失神，整副娇小的身躯在这场剧烈失控的高潮中反复颤栗抽动，直到{anal}的痉挛彻底平复才慢慢松软下来。
1059,action_part_a_orgasm_strong_B,0,CVP_A2_T|103_E_1&CVP_A2_A|5_LE_3,娇小稚嫩的{TargetName}整具身躯霎时失控地绷成一张紧弓，{anal}凶猛地剧烈收缩起来，幼嫩的括约肌一下下地疯狂反复绞紧又翕张，稚嫩的菊蕾随着高潮的节奏一开一合地翻绞抽动，小小的后穴失控般地连续痉挛颤栗。\n她细嫩的腰身一次次明显地高高向上弓起，随即又脱力地深深瘫落，初现少女弧度的小腹反复地向内深陷抽缩，柔软圆嫩的肚皮不受控制地大幅起伏。\n两条细若嫩藕的小腿绷得笔直又失控地乱蹬踢腾，纤细的脚趾深深向内勾曲扣紧，稚气的脚背反射性地向下绷直，细弱的膝盖剧烈打颤地相互磕抵，全身稚嫩的肌肉一齐失控地绷紧颤栗。\n随着{anal}一波接一波凶猛有力的绞缩，大量温热黏腻的肠液汹涌地自穴口溢流喷淌而出，甚至随着括约肌的疯狂翕缩小幅地喷溅出去，顺着幼小的股缝与嫩白的腿根大股大股地淌下，将一大片稚嫩的皮肤浇得湿漉漉。\n她的呼吸急促而彻底失序，稚嫩的胸口不住地大幅起伏喘动，细嫩的十指反复蜷拢攥紧到指节发白，稚气的脸蛋失控地涨红失神，整个娇小的身子在这场远超寻常的剧烈绝顶里久久失神地颤栗抽搐，才缓缓瘫软平静下来。

1060,action_part_a_orgasm_strong_B2,0,CVP_A2_T|107_E_1&CVP_A2_A|5_G_6,已为人妻的{Name}成熟丰盈的娇躯毫无预兆地剧烈弓起，因肠道敏感至极，{anal}几乎在瞬间就疯狂而不受控制地连续痉挛绞缩，一圈疯狂翕张的括约肌以极高的频率狠狠收紧又猛然松开，丰腴的臀肉一下下用力向内夹拢又弹开。\n她成熟的腰部深深地向后弓成一道紧绷的弧线，随即又猛然瘫软塌陷下去，如此反复了好几回，修长丰满的双腿失控地颤抖乱蹬，脚趾死死向内蜷缩扣拢，脚背绷得笔直。\n伴随着{anal}一波接一波的剧烈绞缩，大量温热黏腻的肠液从深处汹涌翻涌而出，一股股顺着丰腴的腿根内侧淌落，甚至随着括约肌的猛烈收缩小幅地喷溅出来，将成熟的肌肤浸得一片湿亮。\n她的呼吸彻底紊乱急促，丰满的胸膛剧烈起伏喘息，成熟的面庞上潮红深重蔓延，眼角失神地泛起水光，那张身为人妻的秀美脸孔在这场远超寻常的强烈绝顶里彻底失了从容。\n直到那阵疯狂的痉挛一点点收束，{anal}仍不甘地一下下细细抽缩着，湿透的丰盈躯体才带着满身淋漓与未褪的红潮缓缓瘫软下来。
1061,action_part_a_orgasm_strong_B2,0,CVP_A2_T|107_E_1&CVP_A2_A|5_G_6,{Name}身为人妻的成熟身躯猛地绷紧成一张满弓，只因肠道敏感异常，{anal}毫无缓冲地骤然爆发出剧烈连绵的痉挛，敏锐的肠壁疯狂蠕动绞缩，环状的括约肌一圈圈疯狂地收缩又翕张。\n她丰润圆翘的臀部高高抬离又重重落下，反复深深弓起的腰肢随后猛然失力软塌，成熟丰腴的大腿大幅度地颤抖乱蹬，膝盖不住地打颤磕碰，双手死死攥紧掐进掌心，指节涨得发白。\n{anal}随着每一下疯狂绞缩喷涌出大量温热的肠液，黏稠的液体一波波顺着股缝与丰满的腿根奔流而下，甚至伴着强烈的收缩小幅地飙溅出去，将她成熟的下身彻底浸得湿漉漉一片。\n急促紊乱的喘息从她微张的唇间不断溢出，丰盈的胸脯剧烈耸动，面颊烧起大片绯红，作为人妻的娇艳面容彻底失守，眼神涣散地失了焦。\n这场远比寻常更为猛烈的强绝顶持续了好一阵才渐渐平息，{anal}仍余韵未消地细细收缩着，浑身湿透的成熟娇躯这才一寸寸松弛瘫软。
1062,action_part_a_orgasm_strong_B2,0,CVP_A2_T|107_E_1&CVP_A2_A|5_G_6,已是人妻的{Name}丰满娇躯猝然剧烈一挺，敏感到极点的{anal}几乎在被撩动的刹那就疯狂地连续挛缩起来，紧致的肠道剧烈翻搅蠕动，一圈括约肌以骇人的频率疯狂地绞紧又猛地松张。\n她成熟的腰身一次次深深向后弓起，弓到极致后又整个瘫软下陷，如此起伏往复，丰腴修长的双腿绷直又失控地乱颤乱蹬，脚趾用力扣紧，脚踝处的肌肉线条根根绷起。\n随着{anal}狂乱的收缩节奏，浓稠温热的肠液源源不断地大量涌出，一道道顺着圆翘丰腴的臀缝蜿蜒滑落，在最猛烈处还夹着几缕小幅的喷溅，濡湿了成熟的大片肌肤。\n她的呼吸彻底失了章法，急促而粗重，丰满的胸膛剧烈起伏，那张身为人妻的成熟脸庞潮红滚烫，额角沁出细汗，眼角湿润失神，牙关微微咬紧又骤然松开。\n直到这场明显超出平常的强烈绝顶余波渐消，{anal}还在一下一下地轻微抽搐着，丰盈湿润的躯体才缓缓卸下所有力气软倒下来。
1063,action_part_a_orgasm_strong_B2,0,CVP_A2_T|107_E_1&CVP_A2_A|5_G_6,人妻{Name}丰腴成熟的身子毫无预兆地剧烈痉挛起来，因肠道敏锐至极，{anal}被轻轻一撩便疯狂地连绵绞缩，敏感的肠壁一阵紧似一阵地疯狂蠕动收紧，括约肌失控地反复翕合抽搐。\n她圆润饱满的臀部猛地向内狠狠一夹，腰肢深深弓成弧形后又骤然塌软，反复数次，成熟的双腿大幅痉挛着向两侧乱蹬，脚尖死死绷直又猛地蜷起，全身肌肉一齐强烈绷紧抽搐。\n{anal}在这疯狂的收缩里汩汩涌出大量黏热的肠液，顺着丰满的腿根内侧一股股奔流，甚至随剧烈的绞缩小幅喷洒而出，将成熟丰润的股间与大腿浸润得一片湿滑淋漓。\n粗重紊乱的喘息不住地从她唇边泄出，丰盈的胸口剧烈起伏，那张身为人妻的面容上红潮如霞般蔓延，眼波失神涣散，晶亮的水光在眼角摇曳欲坠。\n这阵远超平日的强绝顶抽搐了许久才逐渐收敛，{anal}仍意犹未尽地微微收缩着，湿透而绵软的成熟躯体终于彻底脱力瘫软下去。
1064,action_part_a_orgasm_strong_B2,0,CVP_A2_T|107_E_1&CVP_A2_A|5_G_6,身为人妻的{Name}成熟丰盈的娇躯陡然剧烈弹颤，因肠道极度敏感，{anal}近乎失控地爆发出一连串疯狂的痉挛绞缩，敏锐的肠道疯狂地翻卷蠕动，环形括约肌一下下疯狂地收紧又骤然松开。\n她丰腴的臀肉一次次猛烈地向内绞夹，腰部深深弓起旋即失力瘫塌，如是者再三，成熟修长的双腿失控地颤抖乱蹬，膝头相互磕碰，脚趾用力向内抠蜷，四肢一阵阵强烈地抽搐绷紧。\n伴着{anal}狂乱不息的绞缩，大量温热黏稠的肠液喷涌翻淌而出，顺着圆润丰满的腿根一道道流泻，在猛烈处还夹着数股小幅的喷溅，把她成熟的下身濡得湿漉漉亮晶晶一片。\n她的呼吸急促而凌乱，丰满的胸脯大幅起伏喘动，那张作为人妻的娇艳面庞烧起浓重潮红，眼神失焦涣散，眼角泛出晶亮的水汽，唇齿间溢出破碎失控的气音。\n直到这场明显猛过寻常的强烈绝顶渐渐退潮，{anal}还残留着一下下细微的抽缩，浑身湿透的丰盈躯体才缓缓瘫软失了力。

1065,action_part_a_orgasm_strong_B,0,target_is_player_daughter&CVP_A2_A|5_G_6,娇小的{TargetName}身躯毫无预兆地剧烈弹跳起来，{anal}不受控制地连续痉挛绞缩，一圈圈疯狂地收紧又翕张，稚嫩的臀肉随着这阵猛烈的抽搐死死绷紧，深陷的褶皱一次次塌陷又弹开。\n纤细的腰肢猛地向上弓成一道紧绷的弧线，随即又骤然瘫软塌陷下去，反反复复地弓起又坍塌，整条脊背绷得笔直，肩胛高高耸起。\n少女纤细的双腿失控地乱蹬开来，脚趾用力扣紧又猛地绷直，脚踝处的筋腱根根凸起，膝盖不住地打颤，两条腿一会儿死死夹拢一会儿又大张抽搐。\n大量温热黏腻的肠液自{anal}深处翻涌而出，顺着痉挛的穴口一股股淌落，甚至随着一次剧烈的绞缩小幅喷溅出来，将下方一片嫩白肌肤浇得湿淋淋。\n她急促紊乱的呼吸化作一声声破碎的气音，胸口剧烈起伏，稚嫩的面庞涨得通红，眼角滚出生理泪水，一双小手死死攥紧到指节泛白，整副娇小的身躯在这场远超寻常的强烈绝顶中失控地抽搐颤栗。
1066,action_part_a_orgasm_strong_B,0,target_is_player_daughter&CVP_A2_A|5_G_6,年轻的{TargetName}整个人猝然绷成一张满弓，{anal}疯狂而不受控制地连番绞缩收紧，括约肌一圈圈狠狠夹合又骤然松张，紧致的{anal}翻卷着深深的褶皱剧烈翕动个不停。\n她稚气未脱的小腹一阵阵猛烈地内凹抽搐，两瓣浑圆的嫩臀随着痉挛节奏死死收紧又颤颤松开，反复地一夹一放。\n单薄的腰身高高弓起离开原处，僵持片刻后又无力地重重砸落，如此起伏了好几回，全身的肌肉一同绷紧到极致又骤然松脱。\n汹涌的肠液从翕张的{anal}里成股地涌淌而出，被剧烈的绞缩挤压得溅出细小的水花，顺着痉挛的臀缝蜿蜒滑落，在娇嫩的肌肤上淌出一道道晶亮的湿痕。\n少女的脚趾一会儿蜷缩扣拢一会儿又猛然张开绷直，双膝哆嗦着相互磕碰，急乱的喘息几乎接不上气，绯红的小脸涨得发烫，五官都因这猛烈的高点而失控地皱蹙扭曲。
1067,action_part_a_orgasm_strong_B,0,target_is_player_daughter&CVP_A2_A|5_G_6,{TargetName}稚嫩的娇躯霎时剧烈地弹颤了一下，{anal}一刻不停地连续痉挛翻搅，一圈紧似一圈地狂乱收缩，浑圆稚气的臀肉随着这阵剧烈的抽动死死绷成两团，穴口的褶皱疯狂地卷缩又摊开。\n她纤薄的腰肢猛地向后深深弓起，绷成一道紧张的弓弦，坚持不住又骤然软塌下陷，一次次地弓紧再坍软，脊背根根椎骨都随之凸绷起来。\n两条稚嫩的细腿失去控制地胡乱蹬踹，脚背绷得笔直，脚趾深深扣拢又用力张开，纤瘦的大腿肌肉阵阵痉挛跳动。\n温热的肠液大量地自绞缩的{anal}奔涌翻淌出来，随着一次猛烈的收缩被挤压得小幅喷出，一股股地打湿了下方成片的嫩滑肌肤。\n她的呼吸急促得支离破碎，胸腔剧烈地一鼓一瘪，泛红的稚颜上满是失控的神情，湿漉漉的眼角挂着泪珠，纤细的十指痉挛似的乱抓，指节紧绷发白，整副年幼的身子在强烈的绝顶浪潮里不住地绷紧抽搐。
1068,action_part_a_orgasm_strong_B,0,target_is_player_daughter&CVP_A2_A|5_G_6,娇小玲珑的{TargetName}身子骤然剧烈地弹动起来，{anal}狂乱失控地一下下痉挛绞紧，括约肌疯狂地翕张收缩，一圈圈死死绞拧又猛地弹松，稚嫩浑圆的臀肉随着抽搐绷得又紧又硬。\n她单薄的腰腹一阵阵痉挛似地深深内凹，纤细的腰肢反复地弓起又瘫软，起伏的幅度大得几乎离开原处，全身的肌肉一同绷紧到发颤。\n幼嫩的四肢失控地颤抖乱动，双腿一时死死夹合一时又大幅张开乱蹬，脚趾用力蜷曲扣紧，脚踝绷出紧张的筋线，两膝止不住地相互磕撞打颤。\n大量温热黏稠的肠液自剧烈翕动的{anal}里涌流不止，随着痉挛的节奏一股股喷淌而出，甚至小幅溅射开来，将下方娇嫩的臀缝与大腿淋得湿漉漉一片。\n她急乱紊乱的喘息碎成断续的气音，胸口大幅起伏，稚气的小脸涨红发烫，眼角沁出成串的泪，紧咬的下唇微微发颤，整副娇小的躯体在这远胜平常的强烈绝顶中剧烈地痉挛绷紧。
1069,action_part_a_orgasm_strong_B,0,target_is_player_daughter&CVP_A2_A|5_G_6,{TargetName}纤弱娇小的身躯陡然剧烈地弓颤起来，{anal}接连不断地狂乱痉挛，一圈圈疯狂收紧又骤然翕张，紧致的{anal}翻卷着深深的褶皱一刻不停地绞缩抽动，稚嫩的两瓣臀肉死死绷紧又猛地松颤。\n她单薄的腰肢猛然深深地向上顶弓，绷成一道满张的弓形，撑持不住又重重地瘫软塌落，如此反复地弓起再坍软，脊背绷得笔直凸起。\n年幼纤细的双腿失控地颤抖蹬动，脚趾骤然扣拢又用力张绷，脚踝的筋腱条条凸起，两条腿一阵死死并拢一阵又剧烈张合，膝盖抖得咯咯打颤。\n汹涌的肠液自狂乱翕动的{anal}深处成股奔涌而出，被一次次猛烈的绞缩挤压得小幅喷溅，顺着痉挛的穴口潺潺淌落，将下方一整片娇嫩的肌肤浸得晶亮湿滑。\n她的呼吸急促紊乱到几乎哽住，纤薄的胸口剧烈起伏，绯红的稚颜满是失神的痕迹，湿润的眼眶滚落泪珠，一双小手痉挛地攥握到指节泛白，整副纤弱的身子在强烈的绝顶中失控地绷直抽搐。
1070,action_part_a_orgasm_strong_B,0,CVP_A2_T|102_E_1&CVP_A2_T|1_E_0&CVP_A2_A|10_LE_3,娇小的{TargetName}整个还未发育的小身子猛地绷紧到极限，稚嫩的腰肢不受控制地高高弓起，随即又软软塌下，如此反复地深深起伏挺动着。\n她那幼小的身躯剧烈地抽搐痉挛，纤细的四肢失控地乱蹬乱颤，圆润的小脚趾死死蜷缩又猛然大张。\n{anal}一下又一下地疯狂收缩绞紧，尚且紧致稚嫩的括约肌发狂似的绞缩翕张，一圈圈地剧烈蠕动着，把小小的穴口缩成一个不断颤动的小点。\n大量温热的肠液顺着连续的抽搐汹涌地涌出，甚至随着一次次剧烈的绞缩小幅地喷溅出来，濡湿了幼嫩的臀缝与腿根。\n她小小的胸膛急促而紊乱地剧烈起伏，稚嫩的脸蛋涨得通红，大大的眼睛失神地向上翻起，小嘴无意识地大张着，透明的涎水顺着下巴滑落。\n娇小的躯体在一波接一波的强震中彻底失控，紧窄的{anal}仍旧固执地深深绞缩个不停。
1071,action_part_a_orgasm_strong_B,0,CVP_A2_T|102_E_1&CVP_A2_T|1_E_0&CVP_A2_A|10_LE_3,{TargetName}幼小的后腰猛地弹起一道深深的弧线，纤细的脊背绷成一张满弓，紧接着又整个瘫软下去，接连不断地剧烈起伏。\n她那婴儿般柔嫩的四肢无法自控地痉挛乱颤，稚气的小手死死抓握又猛地摊开，小腿一阵阵失控地痉挛蹬动。\n仍旧稚嫩紧致的{anal}疯狂地一缩一放，开发程度有限的括约肌被逼得连续剧烈绞紧翕张，收缩的力道远远超过了寻常的绝顶。\n浓浊的肠液被这一波波的痉挛挤压得大量渗涌而出，顺着抽搐的节奏一股股地淌落，甚至间或小幅地喷射出来。\n她幼小的胸口剧烈而急促地起伏喘动，稚嫩的小脸失控地扭曲皱缩，眉头拧得死紧，小嘴大张着不住地急喘颤抖。\n整个娇小稚气的身子在剧烈的余震里反复轻颤，紧窄的{anal}仍一波波深深地抽搐收缩。
1072,action_part_a_orgasm_strong_B,0,CVP_A2_T|102_E_1&CVP_A2_T|1_E_0&CVP_A2_A|10_LE_3,还未长开的{TargetName}猛地把幼小的身子蜷成一团，随即又骤然剧烈地舒展绷直，稚嫩的腰腹一次次深深地弓起又塌陷。\n她纤细娇弱的双腿失控地大幅颤抖乱蹬，圆润的脚背绷得笔直，稚气的十指痉挛着一张一合，浑身的肌肉都强烈地绷紧抽搐。\n经验有限而仍旧紧致的{anal}疯狂地连续痉挛，稚嫩的括约肌被逼着一圈圈疯狂绞缩翕张，把小小的穴口收放得急促而剧烈。\n大量黏腻温热的肠液从绞缩的{anal}里汹涌涌出，随着一次次的深度收缩小幅地喷溅飞散，濡湿了幼小的股沟。\n她小小的胸膛剧烈而无序地上下起伏，稚嫩通红的脸蛋满是失控的神情，眼角泛起生理性的泪水，小嘴大张着急促地喘息颤动。\n娇小的身躯在连绵不断的强烈震颤中彻底脱力，稚窄的{anal}却依旧一下下地深深抽搐绞紧。
1073,action_part_a_orgasm_strong_B,0,CVP_A2_T|102_E_1&CVP_A2_T|1_E_0&CVP_A2_A|10_LE_3,{TargetName}那尚未发育的小小身体骤然剧烈地弹动起来，幼嫩的腰肢猛地高高挺起，紧接着又整个瘫软下坠，接连不断地深深耸动。\n她纤细的四肢完全失去控制地剧烈颤抖，稚气的小脚一阵阵痉挛蹬踢，圆润的小手指死死攥紧后又骤然张大，浑身绷得死紧。\n开发有限而依旧紧窄的{anal}被逼得疯狂地连续绞缩，稚嫩的括约肌一圈圈剧烈地翕张收放，收缩得又急又猛，远超寻常的高潮反应。\n汹涌的肠液被这剧烈的痉挛一股股地挤压涌出，顺着娇嫩的臀缝大量淌流，甚至随着深度绞缩小幅地喷射而出。\n她幼小的胸口急促紊乱地剧烈喘动，稚嫩的小脸涨成一片潮红，大眼失神地半翻着，小嘴无声地大张，涎液不断溢出滑落。\n整个娇小的身躯在强烈的连续余震里止不住地轻颤，稚窄的{anal}仍旧固执而深沉地一波波绞缩。
1074,action_part_a_orgasm_strong_B,0,CVP_A2_T|102_E_1&CVP_A2_T|1_E_0&CVP_A2_A|10_LE_3,娇小稚气的{TargetName}猛地将幼小的后腰深深弓起，纤细的脊背绷成一道紧张的弧，随即又软塌下去，如此往复地剧烈起伏挺动。\n她那幼童般圆润的四肢无法自控地大幅痉挛乱颤，稚嫩的小腿失控地蹬动，小脚趾一下下蜷缩又猛然张开，全身肌肉强烈地抽搐绷紧。\n仍旧紧致稚嫩的{anal}疯狂地一波波剧烈绞缩，开发程度有限的括约肌被逼着连续急促地翕张收放，把小小的穴口绞成不停颤动的一点。\n大量温热浓浊的肠液顺着这剧烈的收缩汹涌溢出，随着一次次的深度绞紧小幅地喷溅飞洒，濡湿了幼嫩的臀肉与腿根。\n她小小的胸膛剧烈而急促地起伏，稚嫩的脸蛋失控地皱成一团，眉心紧锁，大眼含泪，小嘴大张着不住地急喘发颤。\n整个还未长开的娇小身子在连绵的强震中彻底失控脱力，稚窄的{anal}却依旧一下又一下地深深抽搐绞紧。
1075,action_part_a_orgasm_strong_B,0,CVP_A2_T|103_E_1&CVP_A2_T|1_E_0&CVP_A2_A|10_LE_3,娇小的{TargetName}猛地绷直了尚在发育的稚嫩身躯，纤细的脊背深深弓起离开原处，随即又猝然失力般瘫软下去，如此剧烈地反复起伏了好几次。\n她那还未完全长开的{anal}剧烈而毫不受控地连续痉挛收缩，尚显稚嫩紧致的括约肌疯狂地绞缩翕张，一圈圈死死收紧又骤然松开。\n单薄纤瘦的小腹一下下地深深抽搐凹陷，两条细嫩的小腿失控地绷直又胡乱蹬动，稚气未脱的小脸涨得通红，眉眼与嘴角的表情彻底失了控。\n伴随着一阵阵猛烈的绞缩挤压，大量温热黏腻的肠液顺着那紧窄的穴口汩汩涌出，甚至随着某一次极剧烈的收缩被小幅地喷溅出来。\n急促而紊乱的喘息间不时夹杂着破碎的呜咽，娇小柔嫩的身子止不住地剧烈战栗抽搐，好半天都无法平息下来。\n她纤细的手指无意识地蜷缩抓挠，脚趾也紧紧地蜷起绷直，整个稚嫩的身子在这远超寻常的强烈绝顶中一次次失控地弹动。
1076,action_part_a_orgasm_strong_B,0,CVP_A2_T|103_E_1&CVP_A2_T|1_E_0&CVP_A2_A|10_LE_3,{TargetName}尚显稚气的娇躯骤然剧烈地弓成一张紧绷的弓，腰肢高高地挺起悬空，紧接着又一泄而下般重重塌软，反复几度。\n那尚不谙世事的{anal}疯狂而急促地翕合痉挛，稚嫩窄小的肠口一波接一波地猛烈绞紧收缩，翻涌着难以平复的强烈震颤。\n她瘦削的双肩连连耸动，细弱的四肢不受控制地剧烈抖颤，两片小小的臀瓣绷得死紧又猛地一颤一颤地放松。\n随着括约肌一轮轮凶猛的绞缩，浓稠温热的肠液大股大股地从那紧涩的穴眼里涌淌而出，量比寻常多出许多，甚至微微地迸溅。\n她稚嫩的面庞上五官皱缩失控，急乱的呼吸声粗重而断续，喉间不由自主地溢出一声声细碎压抑的哼吟。\n整个还带着孩童圆润的小身板在{SceneName}中一下下地剧烈弹跳颤搐，纤细的脚趾死死抠紧，久久停不下来。
1077,action_part_a_orgasm_strong_B,0,CVP_A2_T|103_E_1&CVP_A2_T|1_E_0&CVP_A2_A|10_LE_3,只见{TargetName}那副娇小单薄的身子猛然一僵，随即剧烈地痉挛抽搐起来，纤瘦的腰背一次次深深弓起又疲软地坍下。\n发育未全的{anal}毫无节制地连续猛烈收缩，稚嫩紧致的括约肌疯狂地一绞一松，窄小的肠壁一波波剧烈地翻搅绞拧。\n她细弱的双腿大张着不住地颤抖抽搐，纤细的脚踝绷得笔直，瘦小的胯部随着一阵阵绞缩失控地耸动挺送。\n伴着凶猛的挤压绞缩，大量黏腻温热的肠液从那紧窄稚嫩的穴口不断喷涌流淌而出，甚至随剧烈收缩一小股一小股地射溅。\n稚气的小脸上眉头紧蹙、双唇微张，紊乱急促的呼吸一阵急过一阵，喉咙深处滚出破碎失序的呜咽气音。\n她纤瘦的手死死攥紧又骤然松开，整个尚在发育的娇嫩躯体一次次不受控制地剧烈弹颤，迟迟无法平复。
1078,action_part_a_orgasm_strong_B,0,CVP_A2_T|103_E_1&CVP_A2_T|1_E_0&CVP_A2_A|10_LE_3,{TargetName}娇嫩的身躯像被猛地绷紧的弦一般骤然弓起，纤细的脊背一寸寸离地拱高，紧接着失力似地重重瘫软下去。\n她那稚嫩窄小的{anal}剧烈而毫无章法地连番痉挛绞缩，尚显青涩紧致的肠口一圈圈疯狂地收紧翕张，抽搐个不停。\n单薄的小腹剧烈地一起一伏地深陷抽搐，两条纤细的小腿无力地大敞又猛地夹拢，稚嫩的胯部止不住地剧烈弹动。\n随着括约肌一波波狂乱的绞缩挤压，滚烫黏腻的肠液大量地自那紧窄穴口汹涌溢出，量远超平日，甚至小幅地喷溢出来。\n她还带着稚气的面容彻底失了控，眉眼皱成一团，急乱粗重的喘息声中夹着一声声细弱破碎的哼咛。\n纤瘦娇小的躯体在这场格外强烈的绝顶里一下下地剧烈战栗弹跳，细嫩的十指与脚趾都紧紧地蜷缩抠紧，久久难以平静。
1079,action_part_a_orgasm_strong_B,0,CVP_A2_T|103_E_1&CVP_A2_T|1_E_0&CVP_A2_A|10_LE_3,娇小稚嫩的{TargetName}猛地全身一绷，纤细单薄的身子剧烈地弓成弧形，腰背高高耸起后又骤然失力地摊软，往复数次。\n那尚未开发完全的{anal}疯狂地连续痉挛翕合，稚嫩紧涩的括约肌一下下凶猛地绞缩收紧，窄小的肠壁剧烈地震颤翻搅。\n她瘦弱的四肢失控地剧烈抖颤，纤细的小腿时而绷直时而乱蹬，两瓣稚嫩的小臀绷得死紧又一颤一颤地松弛。\n伴着一阵紧过一阵的猛烈绞缩，大量温热浓稠的肠液顺着那紧窄的穴口哗哗涌流而出，甚至随着剧烈的收缩小幅地喷洒出来。\n她稚气未脱的小脸绷紧扭曲，紊乱急促的鼻息一声重过一声，唇齿间不受控地漏出细碎断续的呜咽。\n整个娇小的身子在{SceneName}里一次次剧烈地弹搐战栗，纤瘦的手指死死抓挠蜷缩，好一阵子都无法从这强烈的余韵中平息。

1110,action_part_a_orgasm_strong_B,0,CVP_A2_T|105_E_1&CVP_A2_T|1_E_0&CVP_A2_A|10_LE_3,{TargetName}成熟丰腴的腰肢猛地向上弓起，绷成一道紧绷的弧线，随即又整个瘫软下去，这般深深弓起又塌陷的动作一次接一次地反复着。\n{anal}剧烈而不受控制地一阵阵痉挛收缩，尚显紧致的括约肌疯狂地绞缩翕张，一开一合间挤出连绵不断的战栗。\n她修长的双腿失控地颤抖着，脚趾深深蜷起又猛地绷直，两条美腿在原地徒劳地乱蹬乱刮。\n身为大姐姐的她本想维持从容优雅的仪态，可此刻脸颊涨得通红，眉头拧成一团，成熟与青涩交织的神情彻底失控地暴露出来。\n大量温热的肠液从{anal}不受控制地汩汩涌出，甚至随着括约肌的猛烈收缩而小幅喷溅而出，顺着股缝蜿蜒滑落。\n她急促而紊乱的呼吸化作破碎的喘息，胸口剧烈起伏，成熟的躯体一波接一波地强烈抽搐绷紧。
1111,action_part_a_orgasm_strong_B,0,CVP_A2_T|105_E_1&CVP_A2_T|1_E_0&CVP_A2_A|10_LE_3,{TargetName}的全身肌肉在这一刻骤然绷紧到极致，成熟的背脊高高弓离原处，颤了几颤后又无力地垮塌下来。\n{anal}一下下疯狂地抽搐绞缩，那尚未被完全开发的紧窄穴口不受控制地翕动，括约肌一圈圈地痉挛着向内吸绞。\n她的十根手指死死抠掐蜷曲，四肢大幅度地痉挛乱颤，两条丰腴的大腿反复夹紧又猛地弹开。\n带着几分青涩的大姐姐此刻再也端不住往日的从容，头颅向后仰去，下巴高高扬起，脖颈绷出紧张的线条。\n浓稠的肠液伴着一阵阵剧烈绞缩从{anal}汹涌溢出，量比寻常多出数倍，甚至断续地小股喷射而出。\n急乱的呼吸让她的胸脯剧烈耸动，整个成熟的身子失控地一阵阵战栗痉挛，久久无法平息。
1112,action_part_a_orgasm_strong_B,0,CVP_A2_T|105_E_1&CVP_A2_T|1_E_0&CVP_A2_A|10_LE_3,{TargetName}的腰腹猛然一挺，成熟饱满的臀部离地般高高翘起，反复地深弓再重重跌落，动作幅度大得近乎失控。\n{anal}连续不断地剧烈痉挛，紧致而稚嫩的肠壁一层层收紧又松开，括约肌疯狂地一缩一放地绞动。\n她的脚跟死死抵住支撑处，脚背绷直到极点，两腿不由自主地大张又猛地并拢颤抖。\n这位平日从容的大姐姐彻底失了仪态，红着脸紧闭双眼，嘴唇微张不停地哆嗦，青涩的表情写满失控。\n大股温热的肠液从{anal}一波波地喷涌而出，随着穴口的猛烈翕张甚至小幅飙溅，将股间浇得一片濡湿。\n她的呼吸彻底乱了节奏，喉间溢出破碎的气音，整具丰腴身躯止不住地强烈抽搐颤动。
1113,action_part_a_orgasm_strong_B,0,CVP_A2_T|105_E_1&CVP_A2_T|1_E_0&CVP_A2_A|10_LE_3,{TargetName}的身体骤然绷成一张满弓，成熟的腰肢深深下陷又高高顶起，如此剧烈地起伏了一次又一次。\n{anal}毫无节制地一阵阵痉挛紧缩，仍显紧窄的穴口疯狂地一收一放，括约肌绞缩得几乎要将自身拧成一团。\n她的两条美腿失控地乱蹬乱颤，脚趾痉挛着蜷曲又张开，膝盖不住地内扣外翻地哆嗦。\n带着一丝生涩的大姐姐再难维持成熟的姿态，脸涨得通红，眉眼皱作一团，神情彻底崩塌失控。\n汹涌的肠液自{anal}一股股地奔涌而下，量陡然剧增，随着阵阵绞缩甚至小幅喷溅出来，淋得股缝湿漉漉一片。\n她胸口起伏得又快又乱，破碎的喘息不断从唇齿间漏出，成熟的躯体一下下强烈地抽搐战栗着。
1114,action_part_a_orgasm_strong_B,0,CVP_A2_T|105_E_1&CVP_A2_T|1_E_0&CVP_A2_A|10_LE_3,{TargetName}成熟的身躯猛地一僵，随即剧烈地弹动起来，腰背反复地深弓塌陷，动作大得几近脱离掌控。\n{anal}一波接一波地疯狂痉挛收缩，稚嫩紧致的肠道一圈圈地绞紧翕动，括约肌失控地急速一开一合。\n她的四肢大幅度地痉挛抖动，脚掌绷得死紧，两条丰腴大腿夹紧又弹开地反复战栗。\n这位从容的大姐姐此刻满脸潮红，双目失神地半阖，唇齿间不住哆嗦，成熟与青涩交织的表情尽数失守。\n大量浓稠的肠液从{anal}汩汩不止地涌流而出，比往常多出许多，伴着穴口的猛烈收缩小幅飙溅四溢。\n她急促紊乱的呼吸化作一声声破碎的气喘，胸脯剧烈起伏，整个身子久久地强烈抽搐颤栗不止。
1115,action_part_a_orgasm_strong_B,0,CVP_A2_T|106_E_1&CVP_A2_T|1_E_0&CVP_A2_A|10_LE_3,丰腴成熟的身躯毫无预兆地剧烈弓起，{TargetName}的腰背深深地反弓成一道紧绷的弧线，随即又猛地失力瘫软下去，紧接着再度失控地弓起。\n{anal}疯狂地痉挛收缩，一圈圈括约肌失控地翕张绞缩，将穴口绞出一道道深深的褶皱又猛地翻开。\n她那具历经岁月依旧丰盈的臀肉剧烈地颤抖着，一波接一波的肌肉抽搐从臀尖一路蔓延到大腿根。\n那条尚未被完全开发、依旧紧致稚嫩的肠道疯狂地收紧又松开，大量温热的肠液顺着{anal}汩汩涌出，甚至夹带着一小股液体被绞缩着喷溅而出。\n她的四肢失控地颤抖乱蹬，脚趾死死蜷缩又猛地张开，成熟饱满的胸脯随着紊乱急促的喘息剧烈起伏。\n她眼角浅浅的笑纹此刻绷得死紧，嘴唇大张着，从喉咙深处溢出一串破碎失控的气音。
1116,action_part_a_orgasm_strong_B,0,CVP_A2_T|106_E_1&CVP_A2_T|1_E_0&CVP_A2_A|10_LE_3,{TargetName}成熟丰腴的腰肢猛然一挺，整个下腹剧烈地一抽一抽地跳动着，随即腰身如浪一般连续深弓再塌陷。\n{anal}猛烈地一缩一放，紧致的括约肌狂乱地绞紧翕张，穴口边缘不受控制地一圈圈抽搐。\n她丰满的双腿死死夹紧又骤然大张，膝盖不住地打颤，脚踝失控地绷直又蜷曲。\n那条开发有限、仍旧生涩紧窄的肠壁一阵阵痉挛绞缩，浓稠的肠液一股股从{anal}翻涌而出，顺着股缝流淌成一道亮泽的水痕。\n她成熟的脊背反复弓起塌下，肩胛骨高高耸起，全身的肌肉一波波强烈地抽搐绷紧。\n她的表情彻底崩溃失守，浓密的睫毛剧烈颤动，微张的唇边溢出一连串断续紊乱的鼻音。
1117,action_part_a_orgasm_strong_B,0,CVP_A2_T|106_E_1&CVP_A2_T|1_E_0&CVP_A2_A|10_LE_3,一阵剧烈的战栗猛地贯穿{TargetName}成熟丰盈的全身，她的腰部深深弓起后又软塌下去，如此反复地失控起伏。\n{anal}凶猛地连续痉挛，稚嫩紧致的括约肌疯狂地一绞一松，将穴口翻绞出细密颤动的褶皱。\n她那丰腴白皙的臀瓣剧烈地抖动绞紧，臀缝间的肌肉一下下深深地凹陷又鼓起。\n尚未彻底适应的窄小肠道猛烈地收缩挤压，大量温热黏腻的肠液自{anal}喷涌而出，甚至带着一小股细流被绞出体外。\n她的十指痉挛般地死死抓紧，脚背绷得笔直又骤然蜷起，成熟的小腹一抽一抽地剧烈颤动。\n她的下巴高高扬起，脖颈青筋隐隐绷紧，急促紊乱的呼吸从大张的唇间一波波失控地喷出。
1118,action_part_a_orgasm_strong_B,0,CVP_A2_T|106_E_1&CVP_A2_T|1_E_0&CVP_A2_A|10_LE_3,{TargetName}丰满成熟的身子毫无征兆地绷成一张满弓，腰臀高高抬起悬在半空剧烈颤抖，随即重重跌落又再度弓起。\n{anal}失控地疯狂绞缩翕张，紧致生涩的括约肌一圈圈痉挛收紧，穴口不受控制地一开一合。\n她圆润丰腴的臀肉一浪接一浪地抽搐颤动，大腿内侧的软肉不住地痉挛打颤。\n那条尚显稚嫩紧窄的肠壁狂乱地绞紧松开，源源不断的肠液从{anal}翻涌溢出，中途夹着一股液体被强烈的收缩挤喷出来。\n她的四肢无法自控地乱颤乱蹬，脚趾一次次深深地抠紧蜷曲，成熟丰盈的乳肉随着剧烈的喘息疯狂晃动。\n她的眼皮剧烈跳动，眉头拧成一团，从喉间挤出一串支离破碎的急促气声。
1119,action_part_a_orgasm_strong_B,0,CVP_A2_T|106_E_1&CVP_A2_T|1_E_0&CVP_A2_A|10_LE_3,剧烈的抽搐一波波席卷{TargetName}成熟丰腴的躯体，她的后腰深深地反弓再骤然瘫软，如此失控地连续弹动。\n{anal}狂暴地痉挛绞紧，稚嫩紧致的括约肌疯狂地翕张收缩，穴口一圈圈地绞出深深的涟漪。\n她丰满圆润的臀部剧烈地一颤一颤地绷紧抖动，两瓣臀肉不由自主地反复夹紧又松开。\n开发有限、依旧窄小的肠道一阵阵猛烈地收紧挤压，大量温热的肠液顺着{anal}汹涌淌出，间或伴着一小股被绞缩着喷洒而出。\n她的双腿失控地颤抖乱蹬，膝头不住打战，脚踝一会儿绷直一会儿蜷缩，成熟的腹肌一下下深陷抽动。\n她的头颅无力地后仰又猛地侧偏，散乱的发丝黏在颊边，大张的唇边溢出一连串紊乱破碎的低哑气音。

1120,action_part_a_orgasm_strong_B,0,CVP_A2_T|107_E_1&CVP_A2_T|1_E_0&CVP_A2_A|10_LE_3,已为人妻的{TargetName}成熟丰盈的娇躯毫无预兆地剧烈弹动起来，{anal}猛然失控地连续痉挛绞缩，一圈紧致的括约肌疯狂地翕张收束，一下接一下地深深内吸又外翻。\n丰腴修长的双腿骤然向内死死夹拢，随即又失控地向外乱蹬，成熟圆润的大腿内侧肌肉一阵阵剧烈抽搐，脚趾用力地向内蜷曲扣紧，脚踝处的筋腱绷成了紧硬的线条。\n饱满圆翘的臀肉随着{anal}的绞缩节奏疯狂地收紧又颤动，成熟的腰肢反复深深弓起又猛地瘫软塌落，脊背一次次绷成紧张的弧线。\n随着{anal}那一阵阵剧烈失控的抽搐收缩，大量温热黏腻的肠液从紧致的穴口汹涌溢出，甚至伴着痉挛小幅喷溅而出，将丰腴的臀缝内侧浸得湿淋淋一片。\n丰满的胸膛随着急促紊乱的喘息剧烈起伏，成熟的面庞上潮红失控地蔓延开来，眉眼紧蹙，嘴唇失神地微张，整副成熟身躯在这场远超寻常的强烈绝顶中剧烈颤栗着久久无法平息。
1121,action_part_a_orgasm_strong_B,0,CVP_A2_T|107_E_1&CVP_A2_T|1_E_0&CVP_A2_A|10_LE_3,身为人妻的{TargetName}丰熟的身子冷不防绷紧成一张满弓，{anal}不受控制地一阵紧似一阵地连环痉挛，紧窄的肠壁疯狂地绞拧收缩，括约肌一圈圈地疯狂翕合吮咬。\n成熟饱满的两腿失控地向内绞紧又向外颤蹬，圆腻的大腿根内侧肌肉密集地抽搐跳动，膝盖不住地打颤，脚背反射性地向下猛绷，脚趾深深蜷扣。\n丰润的臀瓣跟着{anal}疯狂的绞缩一下下剧烈弹跳收夹，腰身深深地向上顶弓起来又骤然软塌下去，如此反复了好几轮。\n伴着这一连串失控的剧烈收缩，滚烫黏稠的肠液从仍显紧致的{anal}深处大股大股地涌淌出来，随着括约肌的痉挛小股喷出，顺着成熟丰腴的股沟淌下湿了一大片。\n她丰盈的胸脯剧烈地一起一伏，呼吸急促而紊乱，成熟的脸颊涨得通红，额角沁出细汗，双手死死攥紧掐得指节泛白，整个人妻的躯体在这远胜平常的强绝顶里失控地抽搐震颤良久。
1122,action_part_a_orgasm_strong_B,0,CVP_A2_T|107_E_1&CVP_A2_T|1_E_0&CVP_A2_A|10_LE_3,已是人妻的{TargetName}丰腴成熟的腰腹毫无征兆地剧烈痉挛，{anal}猛地失去控制般连续深深绞缩，一圈紧致的括约肌疯狂地一收一放，翕张吮吸的幅度大得惊人。\n她成熟修长的双腿无法自制地向内并拢夹死，紧接着又失控地颤抖乱踢，圆润丰满的臀部肌肉一阵接一阵猛烈地紧绷抽动，脚趾痉挛似地向内抠蜷。\n丰润的腰肢一次又一次深深地向上弓成弧线，随后又整个瘫软塌陷下去，脊背随着{anal}的绞缩起伏不停地绷紧又松脱。\n随着{anal}狂乱的收缩痉挛，成熟身躯深处涌出大量温热的肠液，黏腻的液体大股淌出并伴着抽搐小幅喷洒，将丰腴的臀肉内侧和股缝浸润得一片泥泞湿滑。\n她饱满的胸口随急促失序的喘息大幅耸动，成熟艳丽的面容潮红蔓延、五官失控地皱拧，唇齿间溢出破碎的气音，整具人妻的丰盈身体在这远超普通绝顶的猛烈高潮中剧烈而持久地战栗抖动着。
1123,action_part_a_orgasm_strong_B,0,CVP_A2_T|107_E_1&CVP_A2_T|1_E_0&CVP_A2_A|10_LE_3,人妻{TargetName}丰满圆熟的躯体骤然弹跳起来失了控制，{anal}剧烈而不受控地连番痉挛收束，紧致窄小的肠口疯狂地绞紧翻绞，一圈括约肌不知疲倦地疯狂开合吮咬。\n成熟丰腴的大腿猛地向内夹拢又失控外张乱蹬，圆润的腿根内侧肌肉密密麻麻地抽搐战栗，脚踝绷得死紧，脚趾一根根用力向内蜷曲扣死。\n浑圆丰润的臀肉随着{anal}疯狂的绞缩节律剧烈地一收一颤，成熟的腰肢深深顶弓而起复又猛然瘫软，如此往复起伏不歇。\n伴着这阵阵失控的深度绞缩，大量滚烫黏稠的肠液自仍旧紧致的{anal}汹涌溢淌，随痉挛小幅激射喷溅，将丰熟臀缝浸得湿漉淋漓。\n丰盈的胸脯随紊乱急促的呼吸剧烈起伏，成熟面庞上红潮失控地爬满，眉头死蹙，眼角泛起水光，嘴唇失神半张，整副人妻的成熟娇躯在这远胜寻常的强烈绝顶中痉挛颤栗久久难止。
1124,action_part_a_orgasm_strong_B,0,CVP_A2_T|107_E_1&CVP_A2_T|1_E_0&CVP_A2_A|10_LE_3,已为人妻的{TargetName}丰熟饱满的身躯霎时失控地剧震一下，{anal}猛然连续不断地剧烈痉挛绞缩，紧窄的肠壁疯狂地收拢翻搅，紧致的括约肌一圈圈地疯狂翕张吸咬着。\n她成熟修长的两条腿本能地向内夹紧又失控地颤抖乱蹬，丰腴的大腿内侧肌肉一波波剧烈抽动痉挛，膝头不停打颤，脚趾骤然向内蜷缩扣紧。\n圆翘丰满的臀瓣跟随{anal}狂乱的绞缩一下下猛烈弹颤收夹，成熟的腰身反复深深向上弓起又整个软塌下陷，脊背一次次绷成紧张的弓弧。\n随着{anal}这一连串剧烈失控的收缩，滚热黏腻的肠液大量地从紧致穴口涌泄而出，随着抽搐小股喷出，顺着丰腴成熟的股沟内侧流淌浸湿一大片。\n她丰满的胸膛随急促失序的喘息剧烈耸动，成熟的脸颊烧得绯红，额头渗出细密汗珠，双手失控攥握，整个人妻的丰盈躯体在这远超普通程度的强绝顶中失控地震颤抽搐迟迟无法平复。
1125,action_part_a_orgasm_strong_B,0,target_is_player_daughter&CVP_A2_T|1_E_0&CVP_A2_A|10_LE_3,{TargetName}尚显稚嫩的娇躯毫无预兆地猛然绷成一张满弓，此刻{anal}再也压制不住地剧烈痉挛起来，一圈紧致的括约肌疯狂地绞缩翕张，一收一放间发出失控的连续抽搐。\n她纤细的腰肢深深地向上弓起，绷到极限后又骤然瘫软塌陷，紧接着再一次不受控制地反复弓起，稚嫩的小腹随着{anal}的绞缩一下下剧烈地抽动凹陷。\n两条少女般的细腿失控地痉挛乱蹬，脚趾死死向内蜷曲扣紧，纤细的脚踝绷出紧张的筋线，一双膝盖不住地打颤，怎么也并不拢。\n随着{anal}一次次猛烈的收缩翻涌，大量温热黏腻的肠液从紧致的穴口汹涌溢出，甚至伴着一记剧烈的绞缩小幅喷溅而出，顺着颤抖的臀缝一路淌下。\n她的呼吸彻底乱成了破碎的短促喘息，脊背强烈地抽搐，稚嫩的面庞失神地泛着潮红，两只小手死死攥紧到指节泛白，整副娇小的身躯在这场远超以往的强烈绝顶里剧烈震颤失控。
1126,action_part_a_orgasm_strong_B,0,target_is_player_daughter&CVP_A2_T|1_E_0&CVP_A2_A|10_LE_3,还带着青涩线条的{TargetName}身体猛地一僵，随即像触电般整个绷紧，稚嫩而紧致的{anal}再也控制不住地一阵接一阵剧烈绞缩，紧窄的括约肌疯狂地翻卷收束，一圈圈狠狠地箍紧又猛地翕张。\n她单薄的腰肢深深弓成一道紧绷的弧线，弓到顶点又失力地砸落塌软，反复地拱起又瘫下，青嫩的腹肌跟着{anal}的抽搐一下下狠狠揪紧。\n少女纤瘦的四肢失控地颤抖痉挛，两条小腿绷直了又乱蹬，脚趾一次次死命地蜷起抠紧，纤细的手臂僵硬地绷着，指尖胡乱地掐进掌心。\n伴随每一记{anal}的凶猛收缩，浓稠温热的肠液不受控制地大股涌出，随着穴口的翻搅小幅喷淌出来，将紧致的穴缝浸得一片湿亮黏腻。\n她的胸口随着紊乱急促的喘息剧烈起伏，稚气未脱的脸蛋绷得失了神，嫩红的唇无声地翕动着却发不出成句的声音，整个青涩娇躯在这一场强烈得远超从前的绝顶中止不住地剧烈颤栗。
1127,action_part_a_orgasm_strong_B,0,target_is_player_daughter&CVP_A2_T|1_E_0&CVP_A2_A|10_LE_3,{TargetName}稚嫩的身子骤然一挺，脊背反弓成一张绷到极致的弓，紧致娇嫩的{anal}彻底失去了控制，一波强过一波地连续痉挛收缩，窄小的括约肌狂乱地绞紧又松开，翕张的节奏又急又猛。\n她细窄的腰肢一次次深深地向上顶起，顶到最高处便骤然脱力地瘫软下去，随即又不由自主地再度弓起，青嫩的小腹随着{anal}的抽搐反复凹陷起伏。\n两条稚气的细腿绷得笔直又猛地乱蹬乱颤，纤瘦的脚背向下死死绷紧，脚趾攥成一团抠得死紧，膝头相互磕碰着止不住地打战。\n每当{anal}凶狠地绞缩一次，便有大量黏滑温热的肠液从紧窄的穴口翻涌而出，甚至被剧烈的收缩挤出小股喷溅，顺着抽搐的臀肉蜿蜒滑落。\n她的呼吸紊乱地断成一截截急喘，纤细的脖颈绷起了青筋，稚嫩失神的小脸涨得通红，两手死死揪住了身边触及之物，指节掐得发白，娇小的躯体在这远胜以往的强烈高潮里剧烈地抽搐震颤。
1128,action_part_a_orgasm_strong_B,0,target_is_player_daughter&CVP_A2_T|1_E_0&CVP_A2_A|10_LE_3,青涩娇小的{TargetName}浑身猛地一颤，紧接着便剧烈地绷紧成一条紧张的直线，尚且稚嫩紧致的{anal}再压不住地连番痉挛，紧窄的括约肌像发了狂似的疯狂绞缩翕张，一下下狠狠收束又猛然松弛。\n她纤细的腰身深深地拱起绷到极限，转瞬又失控地瘫软陷落，如此反反复复地弓起塌下，稚嫩平坦的小腹伴着{anal}的抽搐一阵阵剧烈地收缩凹陷。\n少女般单薄的四肢彻底失了控地颤抖乱蹬，两条细腿绷紧后又胡乱地踢动，纤细的脚趾一次次痉挛着向内狠狠蜷扣，脚踝绷出紧绷的线条。\n随着{anal}一记记猛烈的收紧翻搅，温热黏腻的肠液大量地从紧致穴口汩汩涌出，被凶狠的绞缩逼得小幅喷淌，将颤动的臀缝浸润得湿漉一片。\n她破碎急促的喘息再也理不顺，脊背一阵阵强烈地抽搐绷起，稚气的脸庞失神地泛起浓重潮红，一双小手攥得死紧指节泛白，整副娇嫩的身躯在这场空前强烈的绝顶中震颤到几乎失控。
1129,action_part_a_orgasm_strong_B,0,target_is_player_daughter&CVP_A2_T|1_E_0&CVP_A2_A|10_LE_3,{TargetName}还未长开的娇躯毫无征兆地猛然弹起绷直，稚嫩紧窄的{anal}彻底失控地剧烈痉挛翻搅，一圈紧致的括约肌疯狂地绞缩收束，紧接着又猛地翕张开来，一收一放狂乱得没有半分章法。\n她纤瘦的腰肢深深地向上弓成满弓，绷到顶点便骤然脱力地瘫落塌软，随后又不受控制地再次高高拱起，青嫩的腹部随着{anal}一次次的绞缩狠狠地抽紧凹陷。\n两条稚气的细腿失控地痉挛打颤，绷直了又胡乱蹬踢，纤细的脚趾死死向内蜷起扣紧，绷紧的膝盖相互磕撞着不住地发抖。\n每当{anal}凶猛地收缩一记，便有大股温热浓稠的肠液从紧致的穴口汹涌喷淌出来，被剧烈的翻搅逼出小幅喷溅，顺着抽动的臀肉滑落淌下。\n她的呼吸乱成了一片破碎失序的急喘，脊背强烈地抽搐弓起，稚嫩失神的小脸涨得潮红一片，两只小手无措地攥紧掐进掌心，娇小的身躯在这远超从前的强烈绝顶里剧烈颤抖震荡。

1130,action_part_a_orgasm_strong_B,0,CVP_A2_T|102_E_1&CVP_A2_T|1_E_0&CVP_A2_A|10_G_3&CVP_A2_A|10_LE_6,娇小稚嫩的{TargetName}整个小身子骤然剧烈地弹跳绷紧，{anal}不受控制地连续剧烈痉挛收缩，一圈圈疯狂地绞缩翕张，那圈稚嫩的括约肌失控般地一收一放，把连绵的抽搐一波波传遍幼小的下腹。\n单薄的小腹随着{anal}的猛烈收缩深深地向内凹陷又鼓起，稚气未脱的腰肢反复深深地弓起成一道紧绷的弧线，随即又猛地瘫软塌陷下去，如此反复了好几回。\n纤细幼嫩的双腿彻底失控地绷直乱蹬，小小的脚趾用力向内蜷缩扣紧，两条细腿的肌肉一阵阵痉挛似的紧绷颤抖，稚嫩的膝盖不住地打颤。\n伴随着{anal}一次次疯狂的绞缩，大量温热的肠液不受控制地汩汩涌出，甚至随着最猛烈的一次痉挛小幅地喷溅出来，顺着幼小的臀缝淌落一大片。\n幼童特有的圆润小脸涨得通红，五官因剧烈的反应而失控地扭皱，呼吸变得又急又乱，小小的胸口剧烈起伏，稚嫩的手指死死攥紧，指节泛白地颤个不停。
1131,action_part_a_orgasm_strong_B,0,CVP_A2_T|102_E_1&CVP_A2_T|1_E_0&CVP_A2_A|10_G_3&CVP_A2_A|10_LE_6,{TargetName}幼小的躯体猛地一阵强烈的抽搐，{anal}疯狂而失控地一下下绞紧又松开，那处颇有经验的小穴此刻再也控制不住熟练的收放，只剩下毫无章法的剧烈痉挛，一圈嫩肉疯狂翕动。\n稚嫩纤薄的小腹一下下急促地抽搐收紧，幼嫩的腰身深深地向上顶起弓成满弓，紧绷到极致后又骤然失力地软摊下来，反反复复地深弓浅塌。\n细若嫩藕的两条小腿失控地痉挛乱颤，一会儿死死夹拢一会儿又忍不住蹬开，小巧的脚背绷得笔直，脚趾一根根蜷曲抠紧，纤细的脚踝止不住地打战。\n{anal}随着这阵剧烈的绞缩一股股喷涌出大量黏热的肠液，甚至在最强的一波痉挛里小幅地飙射而出，把幼小的股间淋得湿漉漉的一片狼藉。\n圆嘟嘟的稚嫩小脸失神地涨红扭曲，大大的眼睛失焦地翻起，呼吸紊乱得几乎连不成节奏，纤细的手臂无力地痉挛，小手在半空里痉挛似的胡乱抓握。
1132,action_part_a_orgasm_strong_B,0,CVP_A2_T|102_E_1&CVP_A2_T|1_E_0&CVP_A2_A|10_G_3&CVP_A2_A|10_LE_6,一阵猛烈的高潮浪头将{TargetName}娇小的身躯狠狠掀翻，稚嫩的四肢瞬间失控地绷直抽搐，{anal}剧烈到不受控制地连番痉挛，熟习了性事的括约肌此刻疯狂地一绞一松，绞得又急又深。\n幼小单薄的下腹随着{anal}的每一次猛缩剧烈地起伏抽动，尚未发育的腰肢一次次深深地弓成紧绷的弧度，绷到顶点又猝然瘫软，如波浪般起伏不止。\n两条稚气的小细腿彻底失去控制地颤抖乱蹬，膝盖抖得合不拢，小小的脚掌反复地绷紧又蜷缩，纤细的脚趾死死抠向内侧，整条腿绷成一条颤动的直线。\n随着{anal}疯狂的翕张绞缩，成串滚烫的肠液不受控地喷涌流淌，在最剧烈的痉挛间还小幅地喷溅出去，濡湿了幼嫩臀瓣间的一大片稚嫩肌肤。\n圆润的小脸失控地皱成一团，红透的脸颊上沁满细汗，呼吸急促而破碎地喘个不停，稚嫩的十指痉挛般地攥紧又松开，指尖抖得几乎握不住任何东西。
1133,action_part_a_orgasm_strong_B,0,CVP_A2_T|102_E_1&CVP_A2_T|1_E_0&CVP_A2_A|10_G_3&CVP_A2_A|10_LE_6,{TargetName}那具幼小的身子毫无预兆地剧烈弹动起来，{anal}不由自主地陷入一连串失控的深度痉挛，那圈被开发得颇有经验的嫩穴疯狂地绞紧翕合，一波接一波地收缩个不停。\n稚嫩的小肚皮随着{anal}的猛烈抽搐深深凹陷又弹起，幼嫩纤细的腰肢反复地向上深弓成弦，紧绷到发颤后又骤然失力地塌软下去，起伏得毫无章法。\n幼童特有的圆润小腿失控地痉挛乱蹬，一双小脚一会儿绷得死直一会儿又猛地蜷缩，纤细的脚趾用力向内抠紧，稚嫩的膝头不住地相互磕碰颤抖。\n伴着{anal}疯狂而深长的绞缩，大量温热黏腻的肠液止不住地咕嘟涌出，在最猛的一记痉挛中还小幅地喷射而出，将幼小的股沟浇淋得一片湿滑。\n稚气的小脸涨得赤红失神，眉眼皱成一团，急乱的呼吸从翕张的小嘴里断续地逸出，纤瘦的双手死死攥成小拳，胳膊绷紧得微微痉挛发抖。
1134,action_part_a_orgasm_strong_B,0,CVP_A2_T|102_E_1&CVP_A2_T|1_E_0&CVP_A2_A|10_G_3&CVP_A2_A|10_LE_6,剧烈的绝顶将{TargetName}娇小稚嫩的躯体彻底攫住，{anal}再也压不住地连续剧烈痉挛，熟稔性事的括约肌疯狂地一圈圈绞缩收放，把强烈的抽搐一阵阵扩散到幼小的全身。\n单薄稚嫩的小腹急促地一收一紧地深陷颤动，幼嫩的腰身猛地深深弓起后又失力地重重塌落，反复地深弓与瘫软交替，绷得整条脊背都在打颤。\n纤细幼小的双腿失控地绷直、乱蹬、颤抖，小小的脚趾用力蜷起抠紧，脚踝绷成一道紧线，两条细腿的稚嫩肌肉一阵阵抽搐似的收紧又松开。\n随着{anal}一次次疯狂的翕动绞缩，滚烫的肠液大量地喷涌淌落，在最剧烈的一次抽缩里甚至小幅地飙溅出来，顺着幼嫩的臀缝汇成湿漉漉的一滩。\n圆嘟嘟的小脸失神地泛起浓重潮红，五官失控地拧皱在一起，呼吸紊乱急促得几近岔气，稚嫩的手指痉挛地抓紧又张开，纤细的手臂止不住地绷紧发颤。

1135,action_part_a_orgasm_strong_B,0,CVP_A2_T|104_E_1&CVP_A2_A|5_LE_3,少女般的{TargetName}娇躯猛地弓成一张紧绷的弓，{anal}再也压抑不住地剧烈痉挛起来，一圈括约肌疯狂地绞缩翕张，一收一放之间以远超以往的幅度连续抽搐个不停。\n青春紧实的小腹跟着深深地向内塌陷又骤然鼓起，纤细的腰肢反复地深深弓起而后又失力瘫软，如此往复了一轮又一轮，笔直绷紧的脊背随即软塌塌地摊落下去。\n两条充满活力的修长嫩腿失控地打颤蹬动，稚嫩的脚趾用力地蜷曲扣紧而后又猛然张开，圆嫩的膝盖不受控制地一会儿内夹一会儿外翻，脚踝处细腻的肌肉一阵阵绷紧又抽搐。\n伴随着{anal}一波接一波疯狂的绞缩收束，大量温热黏腻的肠液从深处汹涌地涌溢而出，甚至随着剧烈的痉挛小幅地喷洒出来，将腿根内侧那片青嫩的肌肤浸润得一片湿亮。\n她的呼吸彻底乱了节奏，稚气未脱的胸口大幅而急促地起伏喘动，青涩的面庞失控地涨红又微微扭曲，一双嫩手死死攥紧掐陷下去，指节泛白，整副娇嫩的身躯在这场远超寻常的强烈绝顶里剧烈地颤栗失控。
1136,action_part_a_orgasm_strong_B,0,CVP_A2_T|104_E_1&CVP_A2_A|5_LE_3,{TargetName}正值花季的身子毫无预兆地剧烈弹动了一下，{anal}猛然绞成一团后又疯狂地翕张开合，青涩的后穴以前所未有的力道连续不断地深深收缩，括约肌一圈圈地痉挛绞紧，久久无法平息。\n她青春紧致的腰肢猛地向上顶弓成一道深弧，随后又软软地跌落回去，如此反复地弓起又塌陷，光洁的小腹随之一下下地剧烈抽搐凹陷，浅浅的肚脐附近的肌肉密密地颤跳不止。\n两条纤细活力的长腿再也支撑不住地大幅乱蹬乱蹭，脚背猛地向下绷直，脚趾狠狠地向内蜷缩扣拢，稚嫩的膝盖不受控制地颤抖着相互磕碰摩擦。\n{anal}每一次疯狂的绞缩都逼出更多黏稠温热的肠液，成股地顺着颤动的腿缝汩汩淌落，甚至在猛烈的痉挛间隙里被小幅地挤喷出来，沾湿了大片青嫩细腻的肌肤。\n她急促紊乱的喘息一声接着一声，年轻的胸膛剧烈地起伏耸动，青春的脸蛋失神地绷紧又泛起深红，纤嫩的手指痉挛般地收拢又张开，整个花季娇躯在这一波强烈的绝顶浪潮中止不住地抽搐战栗。
1137,action_part_a_orgasm_strong_B,0,CVP_A2_T|104_E_1&CVP_A2_A|5_LE_3,青春靓丽的{TargetName}周身骤然剧烈地绷紧，{anal}发狂似的一收一缩连续痉挛起来，稚嫩的括约肌以远比寻常猛烈的幅度疯狂绞缩翕张，一圈圈地深深收束又骤然松开，抽搐得几乎失去了节律。\n她紧实的腰腹猛地深深弓起，脊背绷成一张满弓，随即又骤然失力地重重瘫软下去，反反复复地弓塌起伏，青涩的小腹一下下地剧烈内陷抽动，腰侧稚嫩的肌肉密密地跳颤。\n充满朝气的两条嫩腿失控地大幅蹬踢乱颤，纤细的脚趾用力地蜷曲扣紧，脚踝处绷起细密的肌肉线条，圆润的膝盖不由自主地内夹又外分，颤抖个不停。\n伴着{anal}疯狂的绞缩节奏，大量温热黏腻的肠液从深处翻涌而出，顺着抽搐的腿根内侧一道道地淌流，甚至随着括约肌的猛缩被小幅地喷溅出去，将那片青嫩皮肤浸得湿漉漉一片。\n她的呼吸急促而紊乱地喷吐着，年轻的胸口大幅起伏，青春的面容失控地涨红扭曲，眼角沁出点点水光，一双嫩手死死抓握攥紧，指节因用力而泛白，整副娇艳的少女身躯在这场强烈绝顶中剧烈地失控颤栗。
1138,action_part_a_orgasm_strong_B,0,CVP_A2_T|104_E_1&CVP_A2_A|5_LE_3,{TargetName}青涩的娇躯陡然一僵，紧接着便剧烈地痉挛抽动起来，{anal}疯狂地一绞一放连续收缩，稚嫩的括约肌以远胜从前的力度深深绞紧又骤然翕张，一波一波地抽搐着难以自控。\n她年轻紧实的腰肢猛地向上深弓，纤细的脊梁绷得笔直，随后又骤然软塌下去，反复地弓起再瘫软，光洁平坦的小腹随之一下下地深深凹陷又鼓起，腹部青嫩的肌肉密密地颤搐不止。\n两条富有弹性的长腿失控地颤抖蹬蹬，脚趾骤然向内狠狠蜷曲扣拢，脚踝绷紧，稚气的膝盖不受控地一会儿夹紧一会儿岔开，大腿内侧的嫩肉随着痉挛一阵阵地绷缩。\n随着{anal}一次次疯狂的深度绞缩，大量黏腻温热的肠液自深处汹涌涌出，成股地滑落浸湿腿根，甚至在剧烈的收束间被小幅地喷挤出来，将那片青春细嫩的肌肤沾染得一片湿亮油光。\n她紊乱急促的喘息不住地起伏，稚气未褪的胸膛剧烈耸动，青春的脸颊失神地绷紧又浮起潮红，纤嫩的手指痉挛似的攥拢又松开，整个活力四溢的少女身子在这远超寻常的强烈绝顶中止不住地颤栗失控。
1139,action_part_a_orgasm_strong_B,0,CVP_A2_T|104_E_1&CVP_A2_A|5_LE_3,少女模样的{TargetName}身躯猛然剧烈地一挺，{anal}随即失控般地疯狂痉挛绞缩，稚嫩的括约肌一圈接一圈地以前所未有的猛烈幅度收紧翕张，连续不断地深深绞缩又骤然松弛，抽动得毫无章法。\n她青春紧致的腰身反复地向上深深弓起而后又骤然瘫软塌陷，脊背一次次绷直又失力落下，光洁的小腹跟着一下下地剧烈抽缩凹陷，稚嫩平坦的腹肌密密麻麻地颤跳不歇。\n两条活力充沛的嫩腿再也稳不住地大幅乱蹬乱颤，纤细的脚趾狠狠地蜷曲扣紧又猛然张开，脚踝处的肌肉绷得紧紧的，圆嫩的双膝不受控制地相互磕碰又岔分。\n{anal}每一轮疯狂的绞缩都汹涌地逼出大量温热黏稠的肠液，顺着颤抖的腿缝一道道地淌流而下，甚至在猛烈的痉挛间隙被小幅地喷洒出来，将大片青嫩光滑的肌肤浸润得晶亮湿滑。\n她的呼吸彻底紊乱急促，年轻的胸脯大幅起伏喘动，青涩的面庞失控地涨红又微微扭曲，眼角泛起濡湿的水光，一双稚嫩的手死死攥握掐紧，指节泛白，整副娇嫩的少女躯体在这场强烈绝顶的冲刷下剧烈地抽搐战栗。
1140,action_part_a_orgasm_strong_B,0,CVP_A2_T|103_E_1&CVP_A2_T|1_E_0&CVP_A2_A|10_G_3&CVP_A2_A|10_LE_6,随着一波远超以往的强烈绝顶冲垮了{TargetName}稚嫩的身躯，她娇小的腰肢猛地向上深深弓起，紧接着又无力地重重瘫软下去，如此反复。\n{anal}剧烈而不受控制地连续痉挛收缩，一圈圈的括约肌疯狂地绞缩翕张，将那阵剧烈的绝顶一次次锁死在体内。\n她那还带着孩童圆润的小脸彻底失了控，眉头紧紧拧成一团，小嘴大张着发出破碎而急促的娇喘，口水顺着嘴角不受控制地滑落。\n有过肛交经验的后穴此刻却全然失去了往日的从容，只知道一下下地绞紧又松开，大量温热的肠液顺着抽搐的穴口汩汩涌出，甚至随着一次剧烈的收缩小幅地喷溅出来。\n她纤细的四肢失控地颤抖着，脚趾死死蜷缩起来，两条稚嫩的小腿绷得笔直又猛地乱蹬，全身的肌肉都在这场远超寻常的绝顶中强烈地抽搐绷紧。
1141,action_part_a_orgasm_strong_B,0,CVP_A2_T|103_E_1&CVP_A2_T|1_E_0&CVP_A2_A|10_G_3&CVP_A2_A|10_LE_6,{TargetName}娇小的身子毫无征兆地绷成一道紧绷的弓，纤细的脊背离开支撑面高高挺起，维持了数秒后又如断线般软软塌下。\n{anal}一阵猛过一阵地痉挛着，那圈本已被开发得懂得收放的括约肌此刻疯狂地绞缩又翕张，动作剧烈得远非平日可比。\n她稚气未脱的脸颊涨得通红，五官皱缩在一起，急促紊乱的呼吸让单薄的胸口剧烈起伏，喉咙里溢出一串串压抑不住的哼咛。\n温热黏腻的肠液成股地从翕动的穴口喷涌而出，量多得远超从前，顺着颤抖的臀缝蜿蜒滑落，在一次深度绞缩时更是小幅地飙射出来。\n她的双手死死攥紧，指节泛白，两条发育未全的细腿无意识地夹紧又弹开，脚踝绷直，整个人陷入一阵接一阵失控的强烈抽搐里。
1142,action_part_a_orgasm_strong_B,0,CVP_A2_T|103_E_1&CVP_A2_T|1_E_0&CVP_A2_A|10_G_3&CVP_A2_A|10_LE_6,一股比以往任何一次都要凶猛的绝顶浪潮席卷了{TargetName}尚在发育的身体，她的小腹一下下急剧地收紧又颤动，腰背反复地深弓再瘫软。\n{anal}疯狂而无法自控地连续收缩，一波未平一波又起，紧窄的括约肌绞得死紧，随即又猛地张开，如此循环不休。\n她圆润稚嫩的小脸彻底失控，眼角沁出生理性的泪水，微张的唇间断断续续地漏出黏软而破碎的娇吟。\n{anal}深处的肠液被一次次剧烈的痉挛挤压出来，大量涌流不止，甚至伴着一次猛烈的绞缩细细地喷出一线，打湿了颤抖的股间。\n有经验的后穴熟练地一张一合，却压不住这远超寻常的强度，她的四肢止不住地打颤，脚尖死死绷紧又乱蹬，全身肌肉一阵阵僵直抽搐。
1143,action_part_a_orgasm_strong_B,0,CVP_A2_T|103_E_1&CVP_A2_T|1_E_0&CVP_A2_A|10_G_3&CVP_A2_A|10_LE_6,{TargetName}那具娇小玲珑的身躯被一阵远胜从前的强烈绝顶攫住，纤瘦的腰肢猛然向上顶起，弓成惊人的弧度后又骤然失力地摊平。\n{anal}不受控制地剧烈痉挛，一收一放间括约肌疯狂地绞缩翕张，那开发过的穴口此刻只剩下本能的翕动，紧了又松、松了又紧。\n她还残留稚气的脸蛋皱成一团，急促而紊乱的喘息一声高过一声，细汗顺着通红的脸颊淌下，小嘴大张却发不出成句的声响。\n大量温热的肠液从连连抽搐的{anal}中汹涌淌出，比平日多出数倍，顺着痉挛的穴缘滴落，在剧烈收缩的瞬间还小幅地溅射而出。\n她纤细的手指无力地抓挠着，两条稚嫩的小腿绷直后又失控地乱蹬，脚趾一下下蜷起又张开，全身在这场剧烈的绝顶里强烈地颤抖绷紧。
1144,action_part_a_orgasm_strong_B,0,CVP_A2_T|103_E_1&CVP_A2_T|1_E_0&CVP_A2_A|10_G_3&CVP_A2_A|10_LE_6,远比寻常猛烈的绝顶洪流将{TargetName}单薄的身子彻底击溃，她娇小的腰部反复地深深弓起又软软塌陷，脊背绷得紧绷发颤。\n{anal}一阵接一阵地疯狂痉挛收缩，紧窄的括约肌失控地绞缩又翕张，绞紧的力道与频率都远远超出她过往的每一次绝顶。\n她孩童般圆润的面庞失了神，眉眼皱缩，急乱的呼吸让小巧的鼻翼不住翕动，喉间不断溢出压抑不住的破碎呻吟，涎水沿唇角滑落。\n经验丰富的后穴此刻也乱了章法，只顾着一下下痉挛收紧，成股的肠液从翕张的穴口大量涌出，随一记深绞更是小幅喷洒出来，淋漓不止。\n她的四肢无法自控地剧烈颤抖，两只小手死死蜷握，纤细的双腿一会儿绷直一会儿乱踢，脚趾紧紧抠蜷，全身肌肉强烈地抽搐紧绷。
1145,action_part_a_orgasm_strong_B,0,CVP_A2_T|104_E_1&CVP_A2_T|1_E_0&CVP_A2_A|10_G_3&CVP_A2_A|10_LE_6,少女的身体猛地绷成一张满弓，青春的腰肢深深弓起离开了原处，{anal}毫无预兆地开始剧烈而不受控制地连续痉挛。\n一圈圈括约肌疯狂地绞缩翕张，一收一放间发出黏腻的噗嗤水声，{anal}被自己收缩的力道挤出一大股一大股温热的肠液。\n她纤细的脊背反复挺起又颓然瘫软，绷紧的小腹一阵阵猛烈抽搐，两条大腿失控地打颤乱蹬。\n十根脚趾死死蜷曲又猛地张开，脚背绷得笔直，纤细的脚踝随着一波波抽搐不停地哆嗦。\n她的双手在身侧胡乱抓挠，指节因为死命用力而泛出惨白，光洁的额头沁出细密的汗珠。\n急促而紊乱的喘息从她微张的唇间断断续续地泄出，稚嫩的脸颊涨得通红，眼角被挤出了生理性的泪水。\n{anal}又是一阵深重的绞紧，随着最后一波剧烈的抽搐，更多的肠液顺着股缝汩汩淌落而下。
1146,action_part_a_orgasm_strong_B,0,CVP_A2_T|104_E_1&CVP_A2_T|1_E_0&CVP_A2_A|10_G_3&CVP_A2_A|10_LE_6,随着一声拔高的抽气，{TargetName}整个人骤然僵直，接着便是全身肌肉一波接一波的强烈抽搐绷紧。\n{anal}以极快的频率疯狂收缩，一下下绞紧又松开，被反复的痉挛挤压得大量肠液喷涌而出，甚至伴着小幅的喷溅。\n她年轻的腰背高高弓起，悬在半空剧烈地颤抖了数秒，随即失了力气般重重塌下。\n匀称的双腿一会儿死死夹紧一会儿又猛地大张，膝盖不住地打着战，绷直的脚尖也在痉挛。\n少女的手指深深掐进掌心，两只手臂僵硬地绷直，颈项后仰得露出一道紧绷的线条。\n她的呼吸彻底乱了节奏，一阵急一阵促，湿润的唇瓣不受控制地哆嗦，表情失控地皱成一团。\n{anal}在余韵里仍旧一下下地抽缩翕动，将残余的黏腻肠液一股股地排挤出来。
1147,action_part_a_orgasm_strong_B,0,CVP_A2_T|104_E_1&CVP_A2_T|1_E_0&CVP_A2_A|10_G_3&CVP_A2_A|10_LE_6,{TargetName}青春的躯体像触了电一般猛烈弹起，四肢在剧烈的抽搐中失控地舒张收缩。\n{anal}疯狂地绞缩翕张，一圈紧致的括约肌一遍遍地痉挛收紧，被挤出的滚烫肠液顺着大腿内侧成股滑落。\n她的腰肢一次次深深弓起又猛然瘫软，紧实的臀部随着一波波抽搐高高绷起。\n两条青春的长腿控制不住地痉挛乱蹬，脚趾一会儿蜷成一团一会儿又猛地绷张。\n少女的双手无处安放地攥紧又松开，指尖微微发颤，纤细的手腕都在跟着哆嗦。\n她仰着脖颈急促地喘息，凌乱的呼吸间夹着压抑的气音，通红的脸上写满了失神与失控。\n随着最后一次深重的绞紧，{anal}又汩汩涌出一大股温热的肠液，将痉挛延续了许久。
1148,action_part_a_orgasm_strong_B,0,CVP_A2_T|104_E_1&CVP_A2_T|1_E_0&CVP_A2_A|10_G_3&CVP_A2_A|10_LE_6,一阵猛烈的战栗从{TargetName}尾椎直窜上来，她整个青春的身子骤然绷紧成一条紧绳。\n{anal}毫无规律地剧烈痉挛，括约肌一下下疯狂地绞缩又翕张，大量肠液被这股力道汹涌地推挤而出。\n她的腰部反复深度弓起，每一次弓起都伴着全身肌肉的强烈抽搐，随后又软软地塌陷下去。\n纤细的四肢失控地颤抖，两条大腿时而剧烈痉挛时而无力摊开，绷得死紧的脚踝止不住地抖。\n少女的十指痉挛般地张合，指甲在空中胡乱地抓挠，纤瘦的肩膀不停地耸动。\n她的表情彻底失了控，眉头紧皱唇瓣微张，急促紊乱的喘息一声接一声地从喉间溢出。\n{anal}在一波波余震里持续地收缩抽搐，将残存的黏腻肠液一点点地挤压出来。
1149,action_part_a_orgasm_strong_B,0,CVP_A2_T|104_E_1&CVP_A2_T|1_E_0&CVP_A2_A|10_G_3&CVP_A2_A|10_LE_6,{TargetName}的身体毫无预兆地剧烈弹动了一下，紧接着便陷入一连串失控的强烈抽搐。\n{anal}以远超寻常的力道疯狂绞缩，紧致的括约肌一圈圈地痉挛翕张，被反复挤出的肠液大股大股地涌流不止。\n她青春的腰肢深深弓成夸张的弧度，悬颤了片刻又骤然瘫软，绷紧的小腹随之剧烈起伏。\n两条匀称的腿失控地打颤，脚趾用力地蜷曲又猛地张开，纤细的脚踝抖个不停。\n少女的双手死死攥成拳，手臂上的肌肉一条条绷紧，连纤瘦的肩胛都在剧烈地颤动。\n她仰起脖颈大口而紊乱地喘息，通红的脸颊挂着薄汗，失控的眼角泛起一层濡湿的水光。\n{anal}又是一记深重的绞紧，将最后一股温热的肠液缓缓地排挤出来，余韵中仍不住地翕动。
1150,action_part_a_orgasm_strong_B,0,CVP_A2_T|105_E_1&CVP_A2_T|1_E_0&CVP_A2_A|10_G_3&CVP_A2_A|10_LE_6,身为一位身姿成熟的大姐姐，{TargetName}的腰肢猛然向上深深弓起，紧接着又整个人无力地重重瘫软下去。\n她那{anal}剧烈而不受控制地连续痉挛收缩，一圈圈括约肌疯狂地绞缩翕张，一开一合间难掩她的老练与青涩交织。\n浑身丰腴的肌肉在这一瞬间强烈地抽搐绷紧，两条修长白皙的大腿失控地打着颤不住乱蹬乱蹭。\n有过经验的{anal}熟稔地一缩一放，大量温热的肠液顺着股缝汩汩地涌淌而出，还伴着一小股向外的喷溅。\n{TargetName}的十指死死抓挠，脚趾用力蜷曲到极致，急促而紊乱的呼吸从微张的唇缝里断断续续地漏泄出来。\n她成熟的胸脯剧烈地起伏喘动，脸上的神情彻底失控地皱拧成一团沉溺模样，喉间溢出压抑不住的破碎哼吟。\n她的整个身子如离水之鱼般骤然绷直又软塌，{anal}仍一下下余韵未褪地抽搐收缩个不停。
1151,action_part_a_orgasm_strong_B,0,CVP_A2_T|105_E_1&CVP_A2_T|1_E_0&CVP_A2_A|10_G_3&CVP_A2_A|10_LE_6,成熟丰满的身躯猛地弹起，{TargetName}的后腰以一个惊人的弧度反复深深弓拱，随后又一次次瘫倒下坠。\n她那{anal}疯狂地收紧又骤然张开，绞缩的力道一波强过一波，翕动的频率快得几乎看不真切。\n结实的腹部一阵阵剧烈痉挛，两瓣浑圆的臀肉不由自主地夹紧颤抖，两腿在半空里失控地蹬踹踢弄。\n经验老到的{anal}熟练地做出深长的吞吐蠕动，成股的肠液被挤压着大量涌出，湿淋淋地淌满了整片股沟并溅落几点。\n{TargetName}的手指痉挛般地攥紧又张开，指节泛白，脚背绷得笔直，急喘一声接着一声毫无章法地喷涌而出。\n她的下巴高高扬起，眉头紧紧锁死，成熟的面庞失了往日的从容彻底扭曲抽动，唇齿间尽是断续的呜咽。\n这具身子在{SceneName}里剧烈地颤抖了许久才慢慢瘫软，{anal}还在一抽一抽地余韵收缩。
1152,action_part_a_orgasm_strong_B,0,CVP_A2_T|105_E_1&CVP_A2_T|1_E_0&CVP_A2_A|10_G_3&CVP_A2_A|10_LE_6,{TargetName}丰盈成熟的躯体骤然绷成一张满弓，脊背离得远远地弓起后又猝不及防地重重塌软下去。\n她那{anal}一下一下地剧烈痉挛，粉嫩的括约肌疯狂翕张绞紧，一圈圈收缩的褶皱贪婪地咬合翻动。\n浑身的肌肉像触电般强烈抽搐，圆润的大腿根部止不住地打颤，脚趾一次次痉挛蜷起又猛地伸展。\n她那习惯了开合的{anal}熟练地深深绞缩，大量黏稠温热的肠液随着抽动被大股大股地挤涌出来，还带着几缕小幅喷射。\n{TargetName}双手无处安放地胡乱抓挠揪扯，纤长的脖颈青筋微凸，凌乱急促的喘息一声比一声更加破碎失序。\n她成熟的脸颊涨得通红，五官失控地皱作一团，一贯优雅从容的神态被彻底冲垮成沉沦的模样。\n直到那阵剧烈的震颤缓缓平息，她瘫软的身子仍在轻轻抽搐，{anal}也还余韵未消地一缩一缩。
1153,action_part_a_orgasm_strong_B,0,CVP_A2_T|105_E_1&CVP_A2_T|1_E_0&CVP_A2_A|10_G_3&CVP_A2_A|10_LE_6,这位大姐姐成熟的腰身猛地一挺，整个后背深深弓离，随即像被抽走了力气一般软软地瘫塌回去。\n她那{anal}毫无节制地连续绞缩痉挛，一圈圈括约肌疯狂地翕合收紧，开合的幅度大得惊人。\n丰腴的臀肉夹得死紧又骤然放松，两条成熟的长腿在空中失控地颤抖乱蹬，脚踝一次次绷直勾起。\n有着一定经验的{anal}熟稔地深长蠕动吞吐，滚烫的肠液成股成股地大量涌溢而出，湿滑地淌了一片还溅出几点。\n{TargetName}的双手死死抠紧，指尖用力到发白，急促混乱的呼吸随着胸口的剧烈起伏毫无规律地喷薄。\n她的头颅无力地左右甩动，成熟俏丽的面容此刻彻底失控地抽搐扭曲，喉咙深处滚出压不住的破碎娇吟。\n她这具丰满的身躯在剧烈的战栗中久久不能平复，{anal}仍旧不受控制地一下下抽缩着。
1154,action_part_a_orgasm_strong_B,0,CVP_A2_T|105_E_1&CVP_A2_T|1_E_0&CVP_A2_A|10_G_3&CVP_A2_A|10_LE_6,{TargetName}成熟的身子陡然一僵，紧绷的腰肢反复深深弓起又一次次失力地重重跌软下去。\n她那{anal}剧烈得近乎失控地连续收缩痉挛，一环环括约肌疯狂绞紧翕张，褶皱翻卷着不住地咬合蠕动。\n浑身丰润的肌肉强烈地绷直抽搐，圆滑的大腿内侧一阵阵痉挛发颤，两脚失控地蹬踢乱蹭个不停。\n她那已被适度开发的{anal}熟练地一吞一吐深长绞动，大量温热的肠液被剧烈地挤压而出，汩汩涌流之余还带着一小股喷溅。\n{TargetName}的手指无力地攥紧被单般地抓挠虚空，脚趾蜷缩到极致，凌乱急促的喘息断断续续地从鼻息间泄出。\n她高高仰起脖颈，成熟脸庞上那份惯有的优雅荡然无存，眉眼与唇齿全都失控地皱拧抽动，溢出破碎的呻吟。\n随着最后一波剧烈的抽搐渐渐平息，她瘫软的躯体仍余韵未褪地微微战栗，{anal}还一缩一放地余波不止。
1155,action_part_a_orgasm_strong_B,0,CVP_A2_T|106_E_1&CVP_A2_T|1_E_0&CVP_A2_A|10_G_3&CVP_A2_A|10_LE_6,成熟丰盈的{TargetName}整个身子骤然剧烈地弓成一张满弓，饱满圆润的臀部高高翘起，{anal}不受控制地连续剧烈痉挛收缩，一圈括约肌疯狂地绞缩翕张，翻涌出一波接一波无法平息的抽搐。\n丰腴的双腿在半空中失控地颤抖蹬动，成熟修长的大腿肌肉一阵阵绷紧又松脱，圆熟的膝盖不住地打颤，脚趾深深地向内蜷曲扣拢，脚踝处绷起一道道紧绷的筋线。\n她成熟的腰肢反复深深地向上弓起，随后又猛地瘫软塌落，如此反复了好几轮，丰满的小腹随着{anal}的绞缩剧烈地起伏抽动。\n随着一阵阵疯狂的收缩，大量温热的肠液从{anal}深处汹涌地涌淌而出，甚至伴着痉挛小幅地喷溅出来，顺着丰腴的臀缝和腿根蜿蜒淌下，浸湿了成熟细腻的肌肤。\n丰满的胸脯剧烈起伏喘息，成熟的面庞彻底失控地扭曲潮红，眼角沁出细密的泪光，双手死死地攥紧抓挠，指节根根泛白，整副成熟的身躯在这场远超寻常的强烈绝顶中失神地连连颤栗。
1156,action_part_a_orgasm_strong_B,0,CVP_A2_T|106_E_1&CVP_A2_T|1_E_0&CVP_A2_A|10_G_3&CVP_A2_A|10_LE_6,{TargetName}成熟饱满的躯体毫无征兆地剧烈弹跳了一下，随即绷紧成一条战栗的曲线，{anal}一波高过一波地疯狂痉挛绞缩，成熟的括约肌失控地一张一翕，收缩的幅度远远超出了寻常的绝顶。\n丰腴的腰腹反复地深深弓起又骤然塌软，圆熟的臀肉一下下痉挛地夹紧又弹开，饱满的小腹肌肉剧烈地抽搐痉挛，连成熟的腰窝都随之深深凹陷起伏。\n她修长丰满的双腿失控地乱蹬颤抖，成熟的大腿内侧肌肉一阵阵绞紧，脚趾痉挛地蜷曲又张开，脚背绷得笔直，两条腿在空中无力地痉挛抽搐。\n伴着{anal}疯狂的绞缩，大量黏稠温热的肠液喷涌般地淌泻而出，甚至随着剧烈的收缩小幅地飙射，将成熟丰腴的臀股和腿根淋得一片湿亮。\n成熟的面容彻底失控地涨红扭曲，急促紊乱的喘息中带着断续的战栗，双手胡乱地抓握痉挛，整副丰盈成熟的身子在这场剧烈到近乎失控的强绝顶里剧烈地抖颤失神。
1157,action_part_a_orgasm_strong_B,0,CVP_A2_T|106_E_1&CVP_A2_T|1_E_0&CVP_A2_A|10_G_3&CVP_A2_A|10_LE_6,成熟妩媚的{TargetName}猛地仰起脖颈，成熟的脊背深深地弓成一道紧绷的弧，{anal}剧烈而不受控制地连番痉挛，一圈成熟的括约肌疯狂地绞缩收束，翻涌着一阵紧似一阵的失控抽搐。\n她丰腴圆润的臀部高高地耸起，随着{anal}的绞缩一下下剧烈地夹紧痉挛，饱满的臀肉不住地颤动，成熟的腰肢反复深弓后又猛然瘫软塌陷，如此往复不休。\n丰满修长的双腿失控地颤抖乱蹬，成熟的大腿肌肉一阵阵痉挛绷直，膝盖不住打颤，脚趾狠狠地向内抠蜷，脚踝绷起紧绷的筋络，双足在半空中无力地痉挛。\n随着一波波疯狂的收缩，大量温热的肠液自{anal}深处汹涌喷涌而出，甚至伴着抽搐小幅地喷洒溅落，顺着成熟丰腴的股沟缓缓流淌，浸湿了大片细腻的肌肤。\n丰盈的胸口剧烈地起伏喘息，成熟的脸庞失神地潮红扭曲，唇齿间溢出紊乱急促的气息，双手死死绞紧颤抖，整具成熟的娇躯在这远胜平常的强烈绝顶中连连失控地战栗痉挛。
1158,action_part_a_orgasm_strong_B,0,CVP_A2_T|106_E_1&CVP_A2_T|1_E_0&CVP_A2_A|10_G_3&CVP_A2_A|10_LE_6,{TargetName}成熟丰满的身躯剧烈地一挺，饱满的腰臀骤然绷紧弹起，{anal}失控地连续剧烈痉挛翻搅，成熟的括约肌疯狂地一缩一放地绞紧翕张，抽搐的力度远非寻常绝顶可比。\n她成熟圆熟的臀部一下下痉挛地收夹弹动，丰腴的腿根内侧肌肉猛地绞紧，修长的双腿失控地颤抖蹬踢，脚趾痉挛蜷曲，脚背绷直，整条腿在空中无力地抖颤抽搐。\n成熟的腰肢反复地深深弓起再骤然软塌，饱满的小腹随着{anal}的绞缩剧烈地起伏抽动，成熟的背脊一次次绷成满弓又瘫软下去。\n伴着{anal}一波波疯狂的收缩，大量温热黏腻的肠液喷涌而出，随着剧烈痉挛甚至小幅地飙溅出来，将成熟丰腴的臀缝腿根淋得湿漉漉一片。\n成熟的面庞彻底失控地涨红失神，急促而紊乱的喘息断断续续，眼角渗出点点水光，双手胡乱抓挠攥紧，指节泛白，整副丰盈成熟的躯体在这场剧烈失控的强绝顶里剧烈地颤栗抽搐个不停。
1159,action_part_a_orgasm_strong_B,0,CVP_A2_T|106_E_1&CVP_A2_T|1_E_0&CVP_A2_A|10_G_3&CVP_A2_A|10_LE_6,成熟风韵的{TargetName}整个人骤然剧烈地痉挛弓起，饱满丰腴的臀股高高翘耸，{anal}不受控制地一阵阵疯狂痉挛绞缩，成熟的括约肌失控地翕张收束，一波接一波的抽搐远远盖过了寻常的绝顶反应。\n她丰满修长的双腿在空中失控地乱颤乱蹬，成熟的大腿肌肉一阵阵绷紧又松脱，圆熟的膝盖剧烈打颤，脚趾深深蜷曲抠紧，脚踝绷起道道紧绷的筋线。\n成熟的腰身反复地深弓再瘫软，饱满的腰腹随着{anal}的绞缩剧烈地起伏抽搐，丰盈的臀肉一下下痉挛夹紧又弹开，动作剧烈得近乎失控。\n随着疯狂的连续收缩，大量温热的肠液自{anal}深处汹涌淌泻，甚至伴着抽搐小幅地喷溅飞洒，顺着成熟丰腴的股缝腿根潺潺流下，浸湿了一大片细腻的肌肤。\n丰满的胸脯剧烈起伏，成熟的脸庞失神扭曲潮红，紊乱急促的喘息中夹着断续的颤抖，双手死死攥紧发抖，整具成熟丰盈的身躯在这远超平常的强烈绝顶中失控地战栗痉挛不止。
1160,action_part_a_orgasm_strong_B,0,CVP_A2_T|107_E_1&CVP_A2_T|1_E_0&CVP_A2_A|10_G_3&CVP_A2_A|10_LE_6,随着又一波剧烈的绝顶凶猛袭来，{TargetName}的身体不受控制地连连抽搐，后腰反复深深弓起又软软瘫下，如此往复了好几回。\n{anal}疯狂地痉挛收缩，翕动的括约肌一圈圈死死绞紧，将累积到崭新台阶的快感尽数释放出来。\n这具已为人妻的娇躯从头到脚绷得紧紧，小腹一阵阵抽紧起伏，脚背绷直到极致，脚趾用力地扣抠着。\n经验丰富的肠道熟稔地放松又收缩，蠕动的肠壁把大量黏腻的肠液一股脑挤涌出来，随着抽搐小幅地喷出。\n她双手胡乱地抓挠揪紧，脑袋无力地向后仰去，呼吸乱成一片，喉间断断续续地泄出变了调的娇吟，五官皱缩着彻底失了神。
1161,action_part_a_orgasm_strong_B,0,CVP_A2_T|107_E_1&CVP_A2_T|1_E_0&CVP_A2_A|10_G_3&CVP_A2_A|10_LE_6,{TargetName}的腰猛地一挺，整个下腹高高顶起，肉感的臀部一下下痉挛着夹紧又松开。\n{anal}在剧烈的高潮中连续不断地绞缩翕张，括约肌一阵紧过一阵地疯狂收拢，把强烈到失控的绝顶一波波挤压出来。\n作为人妻的身体早已熟习这样的快感，后穴一收一吐间格外顺滑，肠壁密集而有力地蠕动，将成股的肠液汹涌地泌出穴外，甚至伴着抽搐小幅喷洒。\n她的双腿在半空中失控地颤栗乱蹬，脚踝痉挛着绷直，膝盖不住地打着颤。\n仰起的面庞彻底失了控制，眉头紧紧拧作一团，嘴唇微张溢出连串支离破碎的呻吟，急促的呼吸把胸口撞得起起伏伏。
1162,action_part_a_orgasm_strong_B,0,CVP_A2_T|107_E_1&CVP_A2_T|1_E_0&CVP_A2_A|10_G_3&CVP_A2_A|10_LE_6,这一记强绝顶来得凶猛，{TargetName}浑身的肌肉骤然绷成一条直线，随即又剧烈地一阵阵抽搐颤动。\n{anal}毫无节制地疯狂痉挛，一圈圈括约肌绞紧翕开的幅度大得惊人，把攀上新高度的快感狠狠倾泻而下。\n已为人妻的丰腴身躯止不住地扭动打颤，腰肢深深塌陷又猛然弓起，浑圆的臀肉一下下抽紧。\n她那被开发得恰到好处的肠道熟练地收放自如，蠕动的肠壁将温热黏稠的肠液大量地涌挤出来，甚至随痉挛小幅地喷洒出去。\n她死死攥紧了拳头指节泛白，脚趾用力地抠蜷起来，脖颈后仰喉咙里滚出拔高变调的浪叫，呼吸紊乱失控，整张脸皱缩失神。
1163,action_part_a_orgasm_strong_B,0,CVP_A2_T|107_E_1&CVP_A2_T|1_E_0&CVP_A2_A|10_G_3&CVP_A2_A|10_LE_6,{TargetName}再也承受不住，身体像触电般猛地一激灵，从脊背到大腿一波波剧烈地抽搐痉挛起来。\n{anal}疯狂而不受控制地连连绞缩，翕张的括约肌一阵阵死死收紧又松开，将积蓄到极点的强烈绝顶尽情释放。\n人妻的身子反复深弓再瘫软，紧实的小腹一抽一抽地起伏，双腿失控地打颤蹬动。\n有经验的后穴熟练地一张一合，肠壁如波浪般层层蠕动，把大股大股的肠液顺着穴口哗哗涌泄，随着抽动小幅地喷溅而出。\n她十指痉挛地扣紧，脚趾蜷曲绷直交替着抽搐，头颅无力后仰，喉间迸出断续拔高的娇吟，呼吸急乱表情彻底失控地扭曲。

1164,action_part_a_orgasm_strong_B,0,target_is_player_daughter&CVP_A2_T|1_E_0&CVP_A2_A|10_G_3&CVP_A2_A|10_LE_6,娇嫩的{TargetName}整个身子猛地绷成一张满弓，{anal}毫无预兆地陷入一阵剧烈而不受控制的连续痉挛，一圈{anal}疯狂地收缩绞紧又骤然翕张，一下接着一下失了章法。\n少女纤细的腰肢深深地向上弓起，弓到极致后又整条软塌下去，紧接着再度弓起，反复了好几轮，稚嫩的小腹随着{anal}的抽搐一阵阵剧烈地起伏鼓动。\n两条修长的嫩腿失控地绷直乱蹬，脚趾用力地向内蜷曲扣紧又猛地张开，膝盖不住地打颤，细白的大腿内侧一片肌肉密密地抽动痉挛。\n伴着{anal}一次比一次更狠的绞缩，大量温热的肠液被挤涌而出，顺着痉挛的穴口不受控制地汩汩淌落，甚至随着一次猛烈的收紧被小幅地喷溅出去，濡湿了臀缝下方一片肌肤。\n她的呼吸彻底乱成一团急促的喘，脑袋无力地向后仰去，眼神失焦涣散，面容彻底失了控，纤细的十指死死攥紧，指节泛白地颤个不停。
1165,action_part_a_orgasm_strong_B,0,target_is_player_daughter&CVP_A2_T|1_E_0&CVP_A2_A|10_G_3&CVP_A2_A|10_LE_6,{TargetName}稚嫩的娇躯毫无征兆地剧烈弹跳了一下，随即{anal}便陷入一连串汹涌而失控的深度痉挛，那圈括约肌疯了似的一绞一放，绞得死紧又猛地松张，节奏乱得再也收束不住。\n少女的脊背一节节地深深弓起，绷到极限后骤然瘫软，腰胯不受控制地向上顶送又重重落下，反复地耸动了数次，紧实的小腹被{anal}的抽搐带得一鼓一缩。\n她的四肢无力地失控颤栗，双腿时而僵直时而胡乱地蹬踹，纤细的脚踝绷得死紧，脚趾一阵阵痉挛地抠握，大腿根处的嫩肉密集地跳动着。\n随着{anal}那一轮轮凶狠的绞缩，浓稠的肠液成股地涌溢出来，沿着不断翕动的穴缘滚落，量大得惊人，还伴着几下猛烈收缩被小幅地挤喷而出。\n急促紊乱的喘息从她微张的唇间断续溢出，头颅无力地左右微摆，表情失神地扭曲着，一双小手胡乱地抓挠揪紧，浑身的肌肉一波波地抽搐绷紧。
1166,action_part_a_orgasm_strong_B,0,target_is_player_daughter&CVP_A2_T|1_E_0&CVP_A2_A|10_G_3&CVP_A2_A|10_LE_6,一阵剧烈的痉挛猝然贯穿了{TargetName}娇小的身体，{anal}不受控制地连续绞缩起来，一圈紧致的穴口疯狂地翕张收束，绞紧的力道一次强过一次，颤栗着停不下来。\n她纤秀的腰身猛地深深弓起，弓成一道紧绷的弧后又失力地摊软下去，随即又被下一波抽搐重新顶起，反复弓塌之间，稚嫩的腹肌剧烈地起伏收缩。\n两条嫩白的长腿失控地痉挛抽颤，脚跟胡乱地蹬动，脚趾深深地蜷进掌心又骤然张开，膝头抖得几乎并不拢，大腿内侧连成一片密集的肌肉跳动。\n{anal}每一次凶猛的绞缩都逼出大量温热的肠液，黏腻的液体顺着痉挛的穴口不住地淌溢，甚至在一记最狠的收紧下被小幅地喷洒出来，将下方肌肤浸得湿亮。\n娇嫩的少女呼吸彻底失了序，胸口剧烈起伏，脑袋向后深仰，眼角泛出生理性的水光，面色潮红失神，十指痉挛地攥紧了身侧，指尖颤个不停。
1167,action_part_a_orgasm_strong_B,0,target_is_player_daughter&CVP_A2_T|1_E_0&CVP_A2_A|10_G_3&CVP_A2_A|10_LE_6,{TargetName}稚气未脱的身子骤然剧烈地一僵，紧接着{anal}便失控地连番深度痉挛，那圈括约肌狂乱地绞缩又翕张，一收一放毫无规律，绞得越来越紧越来越急。\n少女柔韧的腰肢反复地深深弓起再瘫软，胯部不受控制地一次次向上挺耸，绷紧到极点后又整个塌落下去，平坦的小腹被{anal}的抽动牵得剧烈地一起一伏。\n她全身的肌肉都强烈地绷紧抽搐，双腿失控地颤抖乱蹬，纤细的脚尖时而绷直时而蜷曲，脚踝处青筋微凸，大腿根一片嫩肉不停地打着密颤。\n伴随{anal}一浪高过一浪的绞缩，滚烫的肠液被大量地挤涌出穴，顺着不住收缩的穴缘成缕地滑落，甚至随一记猛烈的痉挛被小幅地喷挤出去，淋湿了臀下的皮肤。\n急乱的喘息一声接一声地从她口中逸出，头颅无力后垂，双眼失神地半阖着，稚嫩的面庞失控地泛红扭曲，一双小手死死揪紧，指节颤栗着发白。
1168,action_part_a_orgasm_strong_B,0,target_is_player_daughter&CVP_A2_T|1_E_0&CVP_A2_A|10_G_3&CVP_A2_A|10_LE_6,娇小的{TargetName}浑身猛地一颤，{anal}便毫无节制地陷入剧烈的连续痉挛，紧窄的穴口疯狂地一绞一张，收缩的幅度大得惊人，一波接一波地失控绞缩个不停。\n她纤细的腰背深深地向上弓起，弓到极致又骤然失力地软落，随后再被新一轮抽搐狠狠顶弓，反复往复之间，稚嫩的下腹随着{anal}的痉挛剧烈地起伏鼓动。\n两条修长嫩腿彻底失了控制，僵直、乱蹬、抽颤交替着，脚趾深深蜷紧又猝然张开，膝盖不住打战，大腿内侧成片的肌肉密密地颤跳收缩。\n{anal}每一记凶狠的绞紧都汩汩涌出大量温热的肠液，黏滑的液体沿着翕动的穴口不受控地流淌而下，还随着最猛的一次收束被小幅地喷溅出来，将穴周的肌肤尽数浸湿。\n她的呼吸彻底紊乱成断续的急喘，脑袋无力地向后仰倒，眼神涣散失焦，面容失控地绷紧潮红，纤纤十指痉挛地攥紧颤抖，指节泛出一片惨白。

1169,action_part_a_orgasm_strong_B,0,CVP_A2_T|102_E_1&CVP_A2_T|1_E_0&CVP_A2_A|10_G_6,幼小的{TargetName}稚嫩的娇躯猛地失控般绷成一道紧绷的弓弦，{anal}剧烈而不受控制地连续痉挛起来，那被充分开发过的括约肌疯狂地绞缩翕张，一圈圈娴熟有力地收紧又猛地弹开，稚嫩的菊蕾以远超寻常的幅度剧烈开合抽搐。\n她纤细的小腰反复地深深弓起又骤然瘫软，稚气未脱的小腹一下下猛烈地向内抽缩，圆嫩的肚皮随着这股失控的节律剧烈起伏颤动。\n两条细若嫩藕的小腿失控地乱蹬颤抖，纤细的脚趾死死向内蜷扣，稚嫩的脚踝与膝盖不受控制地一阵阵痉挛绷紧。\n随着{anal}一波接一波凶猛的绞缩，大量温热黏腻的肠液汹涌地从翕张的穴口喷涌而出，甚至伴着小幅的喷溅，顺着幼小的臀缝与稚嫩的大腿内侧大股淌落，浸湿了一大片嫩白的皮肤。\n她的呼吸急促而彻底紊乱，稚嫩的胸口剧烈起伏，稚气的小脸失控地泛红失神，整个娇小的身躯在这远超寻常的强烈绝顶里剧烈颤栗抽搐，久久无法平息。
1170,action_part_a_orgasm_strong_B,0,CVP_A2_T|102_E_1&CVP_A2_T|1_E_0&CVP_A2_A|10_G_6,一股远比往常更猛的战栗贯穿了娇小的{TargetName}，她稚嫩的身子骤然弓成一道剧烈绷紧的弧形，{anal}猛地陷入失控的连续痉挛，那早已被充分调教开发的括约肌疯狂地翕张绞缩，一下下熟练而凶狠地绞紧又骤然松弛，收缩的力道与幅度远远超过了寻常的绝顶。\n她小小的腰身反复地深弓又塌陷，稚嫩的小腹一阵阵猛烈内瘪抽动，柔嫩的腹肌失控地绷紧又颤抖，圆润的小臀死死收夹又松开。\n两条细嫩的小腿僵直地乱蹬颤栗，稚嫩的脚趾用力蜷成一团，纤弱的膝盖不受控制地相互撞抵。\n伴着{anal}一浪高过一浪的疯狂绞缩，大量温热的肠液较之从前汹涌数倍地从穴口奔涌喷出，蜿蜒淌过幼小的股缝，在稚嫩的大腿内侧留下大片湿亮的痕迹。\n她的呼吸紊乱到近乎失序，稚嫩的胸膛剧烈喘动起伏，一双小手无意识地死死攥成拳，稚气的面庞失控地漫上潮红并微微失神，那副娇小的身躯持续剧烈地抽搐颤栗，迟迟不能松软下来。
1171,action_part_a_orgasm_strong_B,0,CVP_A2_T|102_E_1&CVP_A2_T|1_E_0&CVP_A2_A|10_G_6,幼小的{TargetName}忽然爆发出一阵远超以往的剧烈颤栗，稚嫩的身躯彻底失控地绷紧弓起，{anal}凶猛地连续收缩痉挛，那被反复开发得极为熟练的括约肌一圈圈疯狂地绞紧翕张，收放的力道纯熟而凶狠，稚嫩的后穴以夸张的幅度不停开合抽搐。\n她细嫩的小腰反复深深弓起又骤然瘫落，幼小的小腹一下下凶猛地向内深缩，柔软的肚皮随着失控的抽搐剧烈颤动。\n纤细娇小的四肢齐齐僵直乱颤，细弱的手臂痉挛地撑绷，两条嫩藕般的小腿失控地颤抖乱蹬，稚嫩的脚趾深深勾扣蜷曲。\n随着{anal}一次次凶狠有力的绞缩，大量温热的肠液汹涌地自穴口奔流喷溢而出，伴着小股的喷洒顺着幼小的臀沟与嫩滑的腿根大量滑落，浸透了一大片稚嫩的肌肤。\n急促失序的呼吸令她小小的胸口剧烈起伏，细嫩的手指反复痉挛攥紧，稚气的脸颊失控泛红失神，整个幼小的身躯在这远胜寻常的强烈绝顶中持续剧烈抽搐颤栗。
1172,action_part_a_orgasm_strong_B,0,CVP_A2_T|102_E_1&CVP_A2_T|1_E_0&CVP_A2_A|10_G_6,一阵比往常凶猛数倍的痉挛毫无预兆地贯穿了娇小的{TargetName}，她稚嫩的身子猛然一僵便剧烈弓起，{anal}随即陷入失控的连续绞缩，那开发得极为充分的括约肌疯狂地翕张开合，一圈圈熟练又凶狠地绞紧弹开，稚嫩的后穴以远超寻常的幅度不停抽搐颤动。\n她纤瘦的小腰反复深弓又剧烈塌软，稚嫩的小腹一下下猛烈向内抽缩，柔嫩的腹部肌肤随着失控的收缩剧烈颤动起伏。\n细小的双腿僵直地乱蹬痉挛，稚气的膝盖颤巍巍地互相撞抵，纤细的脚趾骤然蜷缩扣紧，圆嫩的小臀死死收夹又松弛。\n伴着{anal}一波波凶猛的绞缩，大量温热的肠液汹涌地从翕动的穴口奔涌喷出，甚至溅出小股，沿着幼小娇嫩的臀缝大量淌落，在稚嫩的大腿内侧留下一大片晶亮的湿痕。\n她急促紊乱的呼吸让小小的胸膛剧烈起伏，一双稚嫩的小手死死攥住颤抖，稚气的面容失控失神并浮起潮红，整副娇小的身躯在这场远超寻常的强烈高潮中反复剧烈颤抖，久久难以平复。
1173,action_part_a_orgasm_strong_B,0,CVP_A2_T|102_E_1&CVP_A2_T|1_E_0&CVP_A2_A|10_G_6,娇小的{TargetName}整个稚嫩的身子在一瞬间失控地绷紧弓起，{anal}猛烈地陷入接连不断的痉挛，那被充分调教开发的括约肌疯狂地绞缩翕张，一下下纯熟而凶狠地收紧又骤然松开，稚嫩的菊穴以夸张失控的幅度剧烈开合抽搐，收放的节律远比寻常绝顶更加猛烈。\n她小小的腰肢反复地深深弓成弧线又骤然瘫软，稚气未脱的小腹一阵阵凶猛地向内深缩，圆嫩的肚皮不受控制地大幅起伏颤动。\n两条细嫩的小腿失控地颤抖乱蹬，纤细的脚趾用力向内勾扣蜷紧，稚嫩的脚踝与膝盖一阵阵痉挛绷直。\n随着{anal}一浪接一浪凶猛有力的绞缩，大量温热黏腻的肠液汹涌地自穴口喷涌奔流而出，伴着小幅的喷溅顺着幼小的臀缝与稚嫩的腿根大股滑落，浸湿了一大片嫩白的肌肤。\n她急促而彻底失序的呼吸令稚嫩的胸口剧烈喘动，细嫩的手指痉挛地攥紧泛白，稚气的小脸失控泛红失神，那副幼小的身躯在这远胜往常的强烈绝顶里持续剧烈地抽搐颤栗，迟迟无法松软下来。

1174,action_part_a_orgasm_strong_B,0,CVP_A2_T|103_E_1&CVP_A2_T|1_E_0&CVP_A2_A|10_G_6,娇小稚嫩的{TargetName}忽然剧烈地痉挛起来，早已被开发得极为熟练的{anal}一阵接一阵地疯狂绞缩，稚嫩的括约肌不受控制地反复翕张收紧，一圈圈强烈的收缩从{anal}深处向外扩散开来。\n幼嫩的小腹猛地向内深深抽紧，嫩白的腹部肌肤随着痉挛节奏反复颤抖起伏，纤细的腰肢剧烈地向上弓起，随即又无力地瘫软落回，如此反复不止。\n两条细若嫩藕的小腿失控地向内死死夹合，稚嫩的大腿内侧柔嫩肌肤拼命挤压贴合，小小的脚趾痛苦地向内蜷缩扣拢，脚踝处的筋脉因绷紧而隐隐浮现。\n大量温热黏腻的肠液从熟练收缩的{anal}汹涌涌出，甚至伴着一小股向外喷溅，顺着幼嫩的腿缝不断向下流淌，彻底浸湿了一大片稚嫩的皮肤。\n幼小的面庞涨红失控，半睁的大眼里泪光晃动，急促紊乱的呼吸一阵接一阵地喷涌而出，纤细的手指反复失神地抓握，整副娇小的身躯在这阵强烈而漫长的绝顶中颤抖不已。
1175,action_part_a_orgasm_strong_B,0,CVP_A2_T|103_E_1&CVP_A2_T|1_E_0&CVP_A2_A|10_G_6,{TargetName}幼小的躯体骤然绷紧，被反复调教得娴熟异常的{anal}猛烈地连续抽搐，早已开发成熟的括约肌一下比一下更用力地疯狂绞紧又松开。\n稚嫩的下腹一阵阵深深地向内塌陷收缩，嫩滑的小腹肌肉不停地抽动起伏，娇小的腰身猛地深深弓成弓形，随后重重垂落，随每一次{anal}的强烈痉挛反复颠动。\n细嫩的双腿在痉挛的冲击下失控地颤抖乱蹬，一会儿死死向内夹拢，一会儿又痉挛着微微向外撑开，纤细的脚背向下死死绷直，稚嫩的脚趾蜷曲扣紧。\n熟练翕张的{anal}深处不断有大量浓稠的肠液被挤涌而出，一股股向下淌流，将幼嫩的臀缝与大腿内侧彻底打湿，堆聚出一片湿亮。\n稚嫩的脸蛋深深泛红，泪光在半睁的大眼里晃动，娇小的嘴唇失控微张，紊乱的喘息断断续续，幼小的双手死死抓握蜷缩，指节泛白，整副娇躯陷入剧烈的强绝顶久久不能平息。
1176,action_part_a_orgasm_strong_B,0,CVP_A2_T|103_E_1&CVP_A2_T|1_E_0&CVP_A2_A|10_G_6,随着一阵强烈的高潮浪潮袭来，娇小的{TargetName}整个身子猛地弹颤起来，承受力惊人的{anal}不受控制地一波波剧烈收缩，熟练的肠壁疯狂蠕动绞缩。\n稚嫩的小腹反复向内深深抽紧又松开，嫩白的腹部随着收缩节奏剧烈起伏颤动，纤细的后腰一次次向上弓起深深的弧度，又一次次瘫软落下。\n细若嫩葱的双腿毫无章法地剧烈颤抖，无意识地向内猛夹后又痉挛乱蹬，脚踝处肌腱紧绷浮现，稚嫩的脚趾死死向内蜷缩，绷得笔直。\n被开发得极熟的{anal}一张一合间涌出大量温热肠液，甚至小幅喷洒而出，顺着幼小的腿根内侧大片流淌，浸透了一整片嫩滑的肌肤。\n幼嫩的面庞涨红成深绯，急促的呼吸紊乱地一阵接一阵，娇小的身躯剧烈地上下颠簸，纤细的手指失控地反复攥紧又松开，在这漫长的强绝顶里颤栗不止。
1177,action_part_a_orgasm_strong_B,0,CVP_A2_T|103_E_1&CVP_A2_T|1_E_0&CVP_A2_A|10_G_6,娇小玲珑的{TargetName}猛然剧烈地抽搐起来，早已被彻底开发的{anal}疯狂地连续绞缩翕张，熟练有力的括约肌一圈圈收紧，将强烈的痉挛从深处一波波推涌开来。\n幼嫩的小腹猛地深深内凹抽紧，稚嫩的腹部肌肤不受控制地反复颤抖起伏，纤细的腰肢反复深深弓起后又瘫软垂落，娇小的身子随之上下剧烈颠动。\n两条稚嫩的细腿失控地颤抖痉挛，一时向内死死并拢挤压，一时又无力地向外乱蹬滑开，纤细的脚趾痛苦地向内蜷曲扣紧，脚背绷得死直。\n熟练收缩的{anal}深处大量黏腻的肠液汹涌而出，伴着一小股喷溅淌落，顺着幼小细嫩的臀缝与腿缝不断流下，将一大片娇嫩的皮肤彻底浸湿。\n稚嫩的脸颊深深涨红，半睁的眼眸失神涣散，娇小的唇瓣微张，急促紊乱的喘息一阵接一阵，幼小的双手死死揪握蜷缩，整副娇躯在剧烈的强绝顶中久久颤抖不能自已。
1178,action_part_a_orgasm_strong_B,0,CVP_A2_T|103_E_1&CVP_A2_T|1_E_0&CVP_A2_A|10_G_6,一阵远超寻常的强烈绝顶将娇小的{TargetName}彻底席卷，被开发得娴熟无比的{anal}剧烈而不受控制地连续痉挛，熟练的肠壁一下下疯狂绞紧收缩。\n稚嫩的下腹猛烈地一阵阵向内抽缩，嫩白的小腹肌肤随抽搐反复起伏颤动，纤细幼嫩的腰身剧烈地向上弓成深弧，旋即又重重瘫软塌落，反复不休。\n细若嫩藕的双腿在剧烈的冲击下彻底失控，猛地向内死死夹合又痉挛着乱蹬颤抖，脚踝筋脉紧绷浮凸，稚嫩的脚趾全数向内死死蜷缩扣拢。\n被反复操练得极熟的{anal}一张一翕间涌出大量温热浓稠的肠液，甚至小幅向外喷出，顺着娇小幼嫩的腿根大片淌流，堆聚成一片晶亮的湿润。\n幼小的面庞涨红失控，泪水顺着脸颊滑落，娇小的嘴唇失神微张，急促而紊乱的呼吸不断喷涌，纤细的手指反复痉挛地抓握，整副稚嫩娇躯陷在漫长强烈的绝顶里颤抖不止。

1179,action_part_a_orgasm_strong_B,0,CVP_A2_T|104_E_1&CVP_A2_T|1_E_0&CVP_A2_A|10_G_6,{TargetName}青春的娇躯猛然向后深深弓起，紧接着又失控地瘫软下去，如此反复起伏，{anal}剧烈而不受控制地连续痉挛收缩，那被充分开发过的括约肌疯狂地绞缩翕张，一圈圈熟练地翻搅蠕动。\n少女紧实的小腹随着一波波收缩狠狠向内抽紧，腹部的嫩肉一下下鼓起又凹陷，两条修长的腿失控地颤抖乱蹬，脚趾用力地向内蜷缩绷直，脚踝处的筋腱条条凸起。\n大量温热的肠液自{anal}深处汹涌涌出，顺着颤抖的股缝一股股向下淌落，甚至伴随着几下小幅的喷溅，将青春的臀腿浇得一片湿亮。\n她纤细的双手死死攥紧，指节泛白，青涩的面庞彻底失控地扭曲皱起，眉头紧锁，急促紊乱的呼吸从微张的唇间断续溢出，全身的肌肉一阵阵强烈地绷紧又抽搐，久久无法平复。
1180,action_part_a_orgasm_strong_B,0,CVP_A2_T|104_E_1&CVP_A2_T|1_E_0&CVP_A2_A|10_G_6,承受力极强的{TargetName}腰肢骤然绷成一道深弓，随即失控地塌软，那开发成熟的{anal}疯狂地一缩一放，括约肌以极快的频率剧烈绞紧又松开，熟练的肠壁深处一波接一波地翻涌蠕动，收缩的力道远超寻常。\n青春的身躯从头到脚剧烈地抽搐起来，紧绷的大腿内侧肌肉一下下抖动痉挛，圆翘的臀瓣随着{anal}的绞缩节奏疯狂地颤跳，脚尖乱蹬着向内勾绷。\n浓稠温热的肠液被一阵阵强收缩挤压而出，从{anal}边缘大股大股地漫溢流淌，间或小幅地喷射出来，淋漓地沾湿了两股之间的嫩滑肌肤。\n她的十指痉挛似地抓挠收拢，脊背一次次弓起又瘫落，青涩稚气的脸庞失神地仰起，嘴唇大张，急促而紊乱的喘息一声声破碎地泄出，全身肌肉在强烈的颤栗中久久紧绷不散。
1181,action_part_a_orgasm_strong_B,0,CVP_A2_T|104_E_1&CVP_A2_T|1_E_0&CVP_A2_A|10_G_6,{TargetName}花季的躯体猛地向上一挺，腰部深深弓起后又无力地摊倒，那被反复操练得极为熟练的{anal}剧烈而毫无节制地连续抽搐，括约肌一圈圈疯狂地翻卷绞缩，将深处的褶皱熟练地一遍遍收紧翕张。\n她青春紧致的小腹反复剧烈地抽动凹陷，两条匀称的嫩腿失控地绷直又乱颤，纤细的脚趾死死蜷曲扣拢，膝盖不受控地相互磕碰颤抖。\n汩汩的肠液顺着强烈的痉挛从{anal}深处大量地奔涌而下，一道道湿痕爬满青春的股间与腿根，其间还夹着几下失控的小幅喷溅，将嫩白的臀肉浇得晶亮。\n少女的双手无力地痉挛握紧又张开，青涩的面容彻底失控地皱作一团，眉眼紧蹙，唇齿间迸出一串急促破碎的喘息，浑身的肌肉一阵强过一阵地绷紧抽搐，颤栗良久方才渐渐松弛。
1182,action_part_a_orgasm_strong_B,0,CVP_A2_T|104_E_1&CVP_A2_T|1_E_0&CVP_A2_A|10_G_6,经验老到的{TargetName}整个青春的娇体骤然绷成一张满弓，随后又失控地软塌下来，那早已充分开发的{anal}疯狂而连绵地痉挛收缩，熟练的括约肌以惊人的力道一次次死死绞紧，肠壁深处成串地翻搅蠕动个不停。\n她紧实的腰腹剧烈地起伏抽搐，圆润的臀部随着{anal}的绞缩狂乱地颤动，两腿失控地向外乱蹬又向内并拢，脚背绷得笔直，脚趾一根根痉挛蜷曲。\n大量黏腻的肠液被一阵阵强收缩挤压喷涌，自{anal}处哗哗地淌落，间或小幅喷出，将青春饱满的股缝与大腿内侧浇淋得湿漉漉一片。\n她纤白的手指深深掐进掌心，脊背反复深弓又瘫软，稚嫩的脸颊涨得通红失神，微张的唇间急促紊乱地喷吐着热气，全身的肌肉在剧烈的颤栗中一波波强烈绷紧，久久难以平息。
1183,action_part_a_orgasm_strong_B,0,CVP_A2_T|104_E_1&CVP_A2_T|1_E_0&CVP_A2_A|10_G_6,{TargetName}青春靓丽的身躯猛然一挺，腰肢深深弓成一道弧线后又失神地瘫落，那被彻底开发过的{anal}剧烈失控地连续绞缩痉挛，熟练的括约肌疯狂地一翕一张，深处的肠壁一圈圈有力地收紧翻卷，力道之强远超平日。\n少女紧绷的小腹一下下狠狠内凹又鼓起，双腿失控地剧烈颤抖乱踢，纤细的脚踝绷得死紧，脚趾用力向内抠蜷，膝盖颤颤地相互撞碰。\n温热浓稠的肠液顺着一阵阵强痉挛从{anal}汹涌而出，大股地顺着颤抖的臀腿蜿蜒淌下，还夹杂着几下小幅的喷溅，将青春的肌肤浸得湿亮黏腻。\n她的双手死死攥拢又痉挛松开，青涩的面庞失控地扭曲仰起，眉头紧皱，急促破碎的喘息接连不断地从唇缝泄出，全身肌肉强烈地抽搐绷紧，颤栗的余波在娇躯上久久荡漾不散。
1184,action_part_a_orgasm_strong_B,0,CVP_A2_T|105_E_1&CVP_A2_T|1_E_0&CVP_A2_A|10_G_6,{TargetName}成熟饱满的身躯毫无预兆地剧烈弓起，{anal}猛然发起一阵接一阵不受控制的连续痉挛，圆熟的括约肌疯狂地绞缩翕张，一圈圈骤然收紧又倏地松弛，那副早已被充分开发的肠道熟练地随着这股冲击一波波深深蠕动收拢。\n她丰满修长的双腿失控地绷直乱蹬，成熟圆润的大腿内侧肌肉一阵阵剧烈抽搐，脚趾用力向内蜷曲扣紧，脚踝处的筋络根根绷起。\n饱满圆翘的臀肉随着{anal}的抽搐节奏疯狂地夹紧又弹开，大量温热黏腻的肠液自{anal}深处汹涌地涌淌而出，顺着成熟丰腴的腿根内侧一道道流淌下去，甚至伴着一下下猛烈的痉挛小幅地喷溅出来。\n她成熟流畅的腰肢反复深深向上弓成满弓，随即又整个瘫软塌落，如此一次次剧烈地起伏抽动。\n丰满的胸膛大幅起伏着急促喘息，成熟娇美的脸庞骤然失控地涨得通红，眼角沁出细密的生理泪水，微张的双唇不受控制地哆嗦颤抖。
1185,action_part_a_orgasm_strong_B,0,CVP_A2_T|105_E_1&CVP_A2_T|1_E_0&CVP_A2_A|10_G_6,{TargetName}那具成熟丰盈的身子骤然剧烈地绷紧成一条直线，{anal}不受自控地掀起一波又一波狂乱的连环痉挛，经验老到的括约肌熟练而疯狂地一收一放，紧紧绞缩后又猛然翕张，将那股汹涌的冲击一层层深深吞吐。\n她丰腴修长的两腿失控地大张又骤然并拢，成熟白皙的大腿根内侧肌肉不停地剧烈跳动抽搐，圆润的膝盖抖得几乎合不拢，脚尖死死向内绷直勾起。\n浑圆饱满的臀部随着{anal}一下下疯狂的绞缩而剧烈颤动，大股温热的肠液自{anal}中一波波奔涌泄出，沿着成熟腿股内侧的曲线蜿蜒滑落，甚至随着最猛的几下抽搐被一小股一小股地挤喷而出。\n她成熟柔韧的腰肢一次次深深弓起离位，紧接着又彻底松脱瘫软下来，反反复复地深弓又塌陷。\n饱满的酥胸伴着紊乱的喘息剧烈起伏，成熟秀丽的面容失神地泛起深红，眼角滚出泪珠，攥紧的双手蜷缩的手指指节泛白。
1186,action_part_a_orgasm_strong_B,0,CVP_A2_T|105_E_1&CVP_A2_T|1_E_0&CVP_A2_A|10_G_6,{TargetName}成熟窈窕的躯体像被电流贯穿般猛地一颤，随即剧烈地反弓起来，{anal}彻底失去控制地连续绞缩抽搐，那早已开发得极为纯熟的肠壁一圈接一圈熟练地翻卷收紧，圆熟的括约肌疯狂地一张一合个不停。\n她成熟颀长的双腿失控地胡乱蹬动踢踹，丰满的大腿内侧成熟肌肤一阵阵痉挛发颤，脚趾用力蜷曲抠紧，两条腿的线条从腿根到脚踝尽数绷成紧绷的弧度。\n圆润翘挺的臀肉随着{anal}疯狂的收缩不停地夹缩弹跳，滚烫黏稠的肠液成股地自{anal}倾泻涌出，浸湿了成熟丰腴的整片腿根内侧，随着一记记深重的痉挛还小幅地朝外溅射。\n她成熟盈润的腰身反复地深弓绷起又软软塌落，一下下大幅度地起伏不止。\n丰满的胸口剧烈喘动，成熟艳丽的脸蛋失控地烧红一片，额角沁出细汗，微张的红唇断断续续地颤抖抽气。
1187,action_part_a_orgasm_strong_B,0,CVP_A2_T|105_E_1&CVP_A2_T|1_E_0&CVP_A2_A|10_G_6,{TargetName}成熟丰润的身躯毫无征兆地猛然痉挛抽搐，整个人失控地弹跳弓起，{anal}一波接一波地剧烈绞缩收紧，经验丰富的肠道极为熟练地随着冲击深深蠕动翻搅，圆熟有力的括约肌疯狂地翕合绞压，收拢后又倏然松张。\n她丰满圆润的双腿失控地颤抖乱踢，成熟腿根内侧的软肉一下下猛烈地抽搐跳动，脚背绷得笔直，脚趾根根向内蜷曲扣死。\n饱满浑圆的臀瓣随着{anal}狂乱的抽搐节律剧烈地绞夹弹动，大量温热的肠液自{anal}深处一股股喷涌流淌，顺着成熟丰腴的大腿内侧汩汩淌落，甚至在最剧烈的几下收缩间被小幅地挤射出去。\n她成熟修长的腰肢反复深深地弓起后又整个瘫塌下去，如此循环往复地剧烈耸动。\n丰盈的胸脯随急促紊乱的呼吸大幅颠动，成熟妩媚的面庞失神地涨红，眼角溢出泪光，双唇微启不住地哆嗦。
1188,action_part_a_orgasm_strong_B,0,CVP_A2_T|105_E_1&CVP_A2_T|1_E_0&CVP_A2_A|10_G_6,{TargetName}成熟婀娜的身子霍然绷成僵直的一线，紧接着剧烈地连连痉挛，{anal}再也压不住地掀起一轮又一轮汹涌的连环收缩，那被彻底开发纯熟的肠壁一层层熟练地翻搅绞拢，圆润的括约肌疯狂地绞缩翕张不肯停歇。\n她成熟丰满的双腿失控地大幅乱蹬颤抖，丰腴的大腿内侧成熟软肉一阵接一阵地剧烈抽搐，脚踝紧紧绷起，脚趾用力向内蜷曲抠紧。\n浑圆饱满的臀部随着{anal}一次次疯狂的绞缩剧烈地夹紧又弹开，成股滚烫的肠液自{anal}中汹涌地奔淌而出，将成熟丰润的腿根内侧浇得一片湿亮，随着最猛烈的抽搐还一小股一小股地朝外喷溅。\n她成熟柔滑的腰身一遍遍深深地弓离又软软地塌回，大幅度地起伏抽动个不停。\n丰满的胸膛剧烈喘息起伏，成熟标致的脸蛋失控地绯红一片，眼角挂着泪痕，微张的唇瓣止不住地颤栗发抖。

1189,action_part_a_orgasm_strong_B,0,CVP_A2_T|105_E_1&CVP_A2_A|5_LE_3,成熟娇美的{TargetName}丰盈的娇躯猛地绷成了一张紧弓，{anal}毫无预兆地剧烈而不受控制地连续痉挛起来，成熟的括约肌一圈圈疯狂地绞紧又翕张，穴口的褶皱随着这股失控的节律不停地开合抽搐。\n她流畅的腰肢反复深深地向上弓起，随即又脱力般骤然瘫软下去，成熟平坦的小腹一下下狠狠地向内抽缩，细腻的腹肌绷紧又剧烈地颤动起伏。\n两条丰腴修长的美腿失控地绷直发颤，圆润的膝盖不住地打颤相抵，成熟的脚趾骤然向内蜷曲扣死，脚踝处的肌肉也一同紧绷起来。\n伴着{anal}一波接一波强烈的绞缩，大量温热黏腻的肠液汹涌地从翕张的穴口涌流而出，甚至随着猛烈的收缩小幅地喷溅出来，顺着丰满的臀缝与光滑的大腿内侧成股淌落。\n她急促紊乱的呼吸让成熟的胸膛剧烈地起伏喘动，一双手死死攥紧掐进掌心，成熟娇媚的面庞失控地泛红失神，只余一丝未脱的青涩，整副丰盈的身躯在这场远超寻常的高潮里剧烈地颤栗不止，直到{anal}的痉挛慢慢平息才逐渐软瘫下来。
1190,action_part_a_orgasm_strong_B,0,CVP_A2_T|105_E_1&CVP_A2_A|5_LE_3,一阵猛烈的战栗贯穿了{TargetName}成熟的身子，她丰满的娇躯骤然弓成了紧绷失控的弧形，{anal}猛地收紧后便剧烈而毫无节制地连续绞缩抽搐，成熟饱满的括约肌一下下疯狂地翻绞开合，菊蕾被这股失控的收缩撑得反复翕张。\n她圆润的臀肉随着抽搐的节奏死死地夹紧又松开，成熟丰腴的小腹反复地向内深深瘪缩，光洁的腹肌一阵阵痉挛似的绷紧颤抖。\n两条修长丰满的大腿失控地绷得笔直僵硬，成熟的脚趾用力向内蜷成一团，纤长的脚背反射性地向下绷直乱蹬，圆润的膝盖不住地颤抖相抵。\n随着{anal}一波波强烈的翻搅绞缩，温热黏腻的肠液大量地从翻张的穴口涌淌而出，量远比寻常汹涌，沿着成熟的股缝蜿蜒淌落，在丰腴的大腿内侧留下一道道湿亮的痕迹。\n她的呼吸变得急促而支离，成熟的胸膛一起一伏地剧烈喘动，一双手无意识地攥成了拳，成熟娇艳的面庞泛起深红并明显失神，青涩与成熟交织的神情彻底失了控，直至{anal}的抽搐逐渐缓和，那副丰盈的身躯才慢慢瘫软平复下来。
1191,action_part_a_orgasm_strong_B,0,CVP_A2_T|105_E_1&CVP_A2_A|5_LE_3,{TargetName}成熟丰盈的躯体毫无预兆地剧烈弹跳了一下，{anal}随即失控般地剧烈痉挛翻绞，成熟有力的括约肌一圈圈地疯狂绞紧又翕张，穴口不受控制地一张一合地深深收缩，抽搐的幅度远比往常猛烈。\n她成熟流畅的腰身反复地深深弓起又骤然塌软，丰润圆翘的臀部随着收缩的节律用力地一夹一放，光洁细腻的小腹一下下狠狠地向内抽紧，腹部的肌肉剧烈地起伏颤栗。\n两条丰腴修长的美腿失控地绷直乱颤，成熟的脚尖用力向下绷伸后又无力地蜷起，圆润的膝盖不住地打颤，整条腿从大腿根到脚踝都被强烈的抽搐笼罩。\n伴随着{anal}一阵接一阵有力的绞缩，大量温热的肠液从翕张的穴口成股地涌溢而出，随着剧烈的收缩甚至小幅地溅出，顺着成熟饱满的臀缝与丰腴的腿根缓缓淌落，浸湿了一大片细腻的肌肤。\n她急促失序的喘息让丰满的胸脯大幅起伏，纤长的手指死死抠紧掐进掌心，成熟娇媚中透着青涩的面容失控地泛红涣散，整个丰盈成熟的身躯在这场剧烈的高潮里不住地颤抖失控，良久才在{anal}的余颤中慢慢舒缓下来。
1192,action_part_a_orgasm_strong_B,0,CVP_A2_T|105_E_1&CVP_A2_A|5_LE_3,随着一股强烈的震颤席卷全身，成熟的{TargetName}整副丰满的娇躯猛地向上弹弓起来，{anal}剧烈而不受控制地连番痉挛绞缩，成熟的括约肌一下下疯狂地翻绞收束，菊穴的褶皱被这股失控的收缩撑得反复翕张开合。\n她成熟修长的腰肢反复地深深弓成弧形，随后又一次次脱力般地瘫落，丰腴的小腹不受控制地向内深深抽搐，光滑细腻的腹肌一阵阵剧烈地绷紧又松颤。\n两条丰满圆润的美腿失控地绷直发僵，成熟的脚趾骤然向内死死蜷扣，纤长的脚背反射性地绷直乱蹬，圆润的膝盖不住地颤抖着相互磕碰。\n伴着{anal}一波接一波猛烈的绞缩翻搅，温热黏腻的肠液大量地从张翕的穴口汹涌淌出，随着强烈的收缩小幅地喷溢而出，顺着成熟丰满的臀缝与光洁的大腿内侧成股蜿蜒流下。\n她的呼吸急促而紊乱，成熟的胸膛剧烈地起伏抽动，一双手死死攥成拳掐进掌心，成熟娇艳而略带青涩的面庞失控地泛起潮红并微微涣散，整副丰盈的躯体在这场远胜平常的高潮中剧烈颤栗，直到{anal}的痉挛慢慢止息才逐渐软瘫平复。
1193,action_part_a_orgasm_strong_B,0,CVP_A2_T|105_E_1&CVP_A2_A|5_LE_3,成熟娇艳的{TargetName}丰腴的身子猛然剧烈地一个激灵绷紧，{anal}便毫无节制地剧烈痉挛翻绞起来，成熟饱满的括约肌一圈圈地疯狂绞缩又翕张，穴口不受控制地深深收束又骤然松开，一下下抽搐得远比寻常猛烈失控。\n她成熟流畅的腰身高高地弓起又反复地深深塌陷，丰润圆翘的臀肉随着抽搐的节律死死夹紧，成熟平坦的小腹一下下地向内狠狠瘪缩，细腻的腹肌痉挛似的绷紧颤动。\n两条丰满修长的大腿失控地绷得笔直僵硬，成熟的脚趾用力蜷曲扣紧，纤长的脚背反射性地绷伸乱蹬，圆润的膝盖不住地打颤相抵，整条腿都在强烈地抽搐战栗。\n随着{anal}一波波有力的翻绞收缩，大量温热黏腻的肠液从翕张的穴口成股地涌流而出，甚至随着猛烈的绞缩小幅地喷溅出来，顺着成熟丰盈的股缝与光滑的腿根缓缓淌落，浸出一大片湿亮的水痕。\n她急促失序的喘息让成熟的胸脯剧烈地起伏喘动，一双手无意识地死死攥紧，成熟妩媚又透着一丝青涩的面容彻底失控地泛红失神，整副丰腴成熟的身躯在这场剧烈的高潮里不住地颤抖乱颤，久久才在{anal}的余韵中慢慢瘫软下来。

1194,action_part_a_orgasm_strong_B,0,CVP_A2_T|106_E_1&CVP_A2_T|1_E_0&CVP_A2_A|10_G_6,成熟丰盈的{TargetName}娇躯毫无征兆地剧烈弓弹起来，{anal}再也压抑不住地连续痉挛绞缩，那经验丰富的括约肌疯狂地翕张收紧，一圈圈不受控制地向内深深绞拢又猛地弹开松脱。\n丰腴修长的双腿在半空中失控地颤抖乱蹬，圆润的膝盖时而绷直时而弯折，成熟的脚趾用力地向内扣蜷成一团，紧绷的脚背绷得死死的。\n成熟饱满的腰肢猛地深深弓起，脊背绷成一道紧张的弧线，随即又骤然瘫软塌陷下去，如此反复深弓浅落地起伏了好几轮。\n随着{anal}一波接一波的剧烈绞缩，大量温热黏腻的肠液不受控制地汩汩涌出，甚至随着一次猛烈的痉挛小幅喷溅出来，顺着丰腴的臀缝一路淌落。\n丰满的胸膛剧烈起伏喘息紊乱，成熟的面庞彻底失控地扭曲潮红，眼角沁出生理性的泪水，丰润的嘴唇大张着不住颤抖，整副成熟躯体在剧烈的抽搐中失神战栗。
1195,action_part_a_orgasm_strong_B,0,CVP_A2_T|106_E_1&CVP_A2_T|1_E_0&CVP_A2_A|10_G_6,{TargetName}成熟的身躯骤然绷成一条紧绷的弓弦，{anal}猛烈而不受控制地连续抽搐收缩，那被充分开发过的括约肌一下下疯狂地绞紧翕张，即便在失控中仍熟练地一圈圈深深收拢挤压。\n丰腴圆润的双腿骤然大幅张合，成熟的大腿肌肉剧烈痉挛绷紧，纤长的脚踝反复地绷直又蜷曲，脚趾死死向内抠攥成拳。\n成熟丰满的臀肉随着{anal}的绞缩节奏疯狂地翕动收紧，腰身一次次深深弓起又猛地摔落瘫软，反复弹动个不停。\n伴着{anal}剧烈的连续痉挛，成股的温热肠液不受控制地喷涌而出，在一次剧烈绞缩时小幅飙溅开来，浸湿了成熟丰腴的股间肌肤。\n她成熟的面容彻底失控，潮红一路蔓延到脖颈，急促紊乱的呼吸伴着大幅起伏的胸脯，丰润的双唇失神地大张颤动，整副丰盈躯体在连绵的抽搐中失控战栗。
1196,action_part_a_orgasm_strong_B,0,CVP_A2_T|106_E_1&CVP_A2_T|1_E_0&CVP_A2_A|10_G_6,成熟饱满的{TargetName}腰肢陡然向上猛地一挺，{anal}毫无节制地剧烈痉挛翕张，经验老到的括约肌疯狂地一收一放，一圈圈深深绞拢又倏地松脱，绞缩得又急又猛。\n她丰腴的两条长腿失控地在空中痉挛乱颤，圆润的膝盖不住地打战，成熟的脚趾用力蜷缩扣紧，小腿肌肉一阵阵抽搐绷直。\n成熟丰润的臀部剧烈地一下下向内深收，脊背反复弓成深深的弧度后又骤然塌软下去，如此起伏抽动了一轮又一轮。\n随着{anal}一阵猛过一阵的绞缩，大量黏稠温热的肠液汩汩地涌溢而出，甚至在剧烈痉挛的一瞬小幅喷出，顺着丰腴的臀沟蜿蜒滑落。\n丰满的胸膛急促地剧烈起伏，成熟的脸庞失控地泛起深红，眼角溢出细细的泪光，丰润的嘴唇大张着不住地哆嗦，整副成熟身躯在剧烈痉挛中失神地颤个不停。
1197,action_part_a_orgasm_strong_B,0,CVP_A2_T|106_E_1&CVP_A2_T|1_E_0&CVP_A2_A|10_G_6,{TargetName}丰盈成熟的躯体突然剧烈地弹动起来，{anal}再也无法自控地连绵痉挛绞缩，那开发充分的括约肌疯狂地翕张翻搅，即便失控也依旧熟练有力地一圈圈深深收拢挤压。\n成熟修长的双腿骤然绷直又失控地乱蹬颤抖，丰腴的大腿内侧肌肉剧烈抽搐，成熟的脚背绷得死紧，脚趾一根根用力向内扣蜷。\n她成熟圆翘的臀肉随着{anal}的疯狂绞缩剧烈地一收一紧，饱满的腰身深深弓起后又猛然瘫软摔落，反复弹跳抽动不止。\n伴随{anal}剧烈连续的绞缩收紧，大量温热黏腻的肠液不受控制地涌淌而出，在一次猛烈痉挛中小幅溅射开来，将丰腴的股间浸得一片湿滑。\n丰满的胸口紊乱地大幅喘息起伏，成熟的面容彻底失控扭曲潮红，眼角沁出生理泪水，丰润双唇失神张开止不住地颤抖，整副丰盈躯体在连番剧烈的抽搐里失神战栗。
1198,action_part_a_orgasm_strong_B,0,CVP_A2_T|106_E_1&CVP_A2_T|1_E_0&CVP_A2_A|10_G_6,成熟丰腴的{TargetName}猛地绷紧了整副娇躯，{anal}凶猛而不受控制地连续绞缩痉挛，那历经开发的括约肌疯狂地一圈圈翕张紧缩，即使在剧烈失控中仍熟练地深深收拢又骤然弹开。\n她丰满修长的双腿失控地大幅张合颤抖，成熟圆润的膝盖不住打颤弯折，脚踝反复地绷直蜷缩，脚趾死死地向内抠紧成拳。\n成熟饱满的臀部随着{anal}一波波的猛烈绞缩剧烈翕动收紧，腰肢一次次深深地弓起后又骤然塌陷瘫软，起伏抽搐个不停。\n随着{anal}愈发凶猛的连续痉挛，成股温热黏稠的肠液汩汩地不住涌出，甚至在一次剧烈绞缩时小幅喷洒而出，顺着成熟丰腴的臀缝一路淌落。\n丰盈的胸膛急促而剧烈地起伏喘息，成熟的面庞失控地涨红扭曲，眼角滚出细密的泪珠，丰润的嘴唇大张着无力地哆嗦颤动，整副成熟躯体在剧烈的连续抽搐中失神地战栗不已。

1199,action_part_a_orgasm_strong_B,0,CVP_A2_T|107_E_1&CVP_A2_T|1_E_0&CVP_A2_A|10_G_6,已为人妻的{TargetName}丰盈成熟的娇躯毫无征兆地剧烈弹动起来，那早已被开发得熟透的{anal}疯狂而不受控制地连续痉挛绞缩，一圈饱经操练的括约肌熟练地翕张收束，一下接一下地深深内吸又猛地外翻。\n她成熟丰腴的腰肢反复向上深深弓起，绷成一道紧绷的弧线后又骤然瘫软塌落，如此起伏了好几回，饱满圆润的臀肉随着{anal}的绞缩节奏剧烈地抽搐颤跳。\n两条丰满修长的美腿失控地痉挛乱蹬，脚趾死死向内蜷曲扣拢，脚踝处的肌肉一阵阵绷紧又松弛，大腿内侧成熟的软肉不住地大幅颤栗。\n伴随着{anal}那熟练而汹涌的连续绞缩，大量温热黏腻的肠液自深处翻涌而出，甚至夹着一小股喷溅淋漓地流淌在丰腴的腿根之间。\n她丰满的胸膛因急促紊乱的喘息而剧烈起伏，成熟的面庞漫开深浓的潮红，眉头紧蹙双眼失神，唇齿失控地大张，人妻的躯体在这远超寻常的强烈绝顶中彻底失控地颤栗抽搐。
1200,action_part_a_orgasm_strong_B,0,CVP_A2_T|107_E_1&CVP_A2_T|1_E_0&CVP_A2_A|10_G_6,身为人妻的{TargetName}成熟饱满的身子猛地绷成一张满弓，随即剧烈地弹跳起来，被反复调教得极为熟练的{anal}一波接一波不受控制地狂乱收缩，深谙此道的肠壁老练而有力地蠕动绞夹，将那阵强烈的痉挛一圈圈往深处传递。\n她圆翘丰腴的臀部大幅度地耸动扭摆，腰部深深弓起后又软软地瘫塌下去，反复了数次，成熟的小腹随着{anal}的绞缩一下下急促地内凹抽搐。\n修长丰满的双腿抑制不住地剧烈发颤，膝盖不住相互磕碰，脚尖时而死死绷直时而痉挛地乱蹬，大腿内侧的丰润软肉一阵阵抽搐收紧。\n随着熟透的{anal}熟练而汹涌地翕合，成股的滚烫肠液从深处大量涌泄而出，顺着丰腴的腿缝汹汹淌落，将那片成熟的肌肤浸得一片湿滑黏腻。\n她急促的呼吸彻底乱了节拍，胸脯剧烈起伏，成熟的脸颊烧起一片艳红，眼角沁出泪光，双唇大张着失神颤抖，整副人妻的躯体在强烈绝顶的冲击下失控地抽搐个不停。
1201,action_part_a_orgasm_strong_B,0,CVP_A2_T|107_E_1&CVP_A2_T|1_E_0&CVP_A2_A|10_G_6,已嫁作人妻的{TargetName}那具丰熟的躯体骤然剧烈痉挛，如触电般连连弹颤，早被彻底开发成熟的{anal}疯狂而急促地连续收缩绞紧，一圈练达的括约肌熟练地一缩一放，深深吸咬后又用力翻吐，抽搐的幅度远远超出寻常的绝顶。\n她成熟的腰肢一次次向上深弓，脊背绷成紧绷的弓形后又猝然松垮瘫软，丰腴圆润的臀瓣随{anal}的节律剧烈地弹动痉挛，一波波战栗顺着后腰蔓延开来。\n两条丰盈的长腿失去控制地颤抖蹬动，脚趾痉挛着蜷缩，脚背绷得死紧，大腿根部的软肉随着每一次{anal}的绞缩而抽搐夹紧。\n浓稠温热的肠液伴着{anal}熟练的翻搅大量喷涌溢出，甚至小幅地喷溅而出，淋漓地糊满了她丰腴的腿间与臀缝。\n她的呼吸急促而紊乱，丰满的胸口大幅起伏，成熟的面容失控地扭曲潮红，双眼失神地上翻，嘴唇哆嗦着微张，人妻的身躯在这剧烈失控的强绝顶里战栗抽搐不止。
1202,action_part_a_orgasm_strong_B,0,CVP_A2_T|107_E_1&CVP_A2_T|1_E_0&CVP_A2_A|10_G_6,为人妻多年的{TargetName}丰腴的娇躯剧烈地弹动挣扭，被操练得熟极而流的{anal}一阵接一阵地疯狂痉挛绞缩，饱经开发的肠壁老练地蠕动收束，熟练地一波波往深处收吸，绞夹的力道与频率都远胜以往任何一次寻常绝顶。\n她成熟丰满的腰身反复向上弓起又瘫软坍落，圆润饱满的臀肉随{anal}的狂乱绞缩剧烈地抖颤耸动，后腰的肌肉一阵阵深深凹陷又鼓起。\n丰润修长的双腿失控地痉挛乱蹬，膝头不住颤抖相碰，脚趾用力向内抠蜷，脚踝绷紧的筋络清晰浮凸，大腿内侧的熟软肌肉大幅抽搐。\n随着{anal}熟练而剧烈的连续翕合，滚烫黏腻的肠液成量地翻涌泄出，夹着小股喷溅顺着丰腴的臀腿蜿蜒淌流，浸湿一大片成熟的肌肤。\n她胸脯随着失序的急喘剧烈起伏，成熟艳丽的脸庞泛起深红失控的潮色，眉心紧锁双目失神，唇瓣颤抖大张，整具人妻的身子在超乎寻常的强烈绝顶中抽搐战栗到近乎失控。
1203,action_part_a_orgasm_strong_B,0,CVP_A2_T|107_E_1&CVP_A2_T|1_E_0&CVP_A2_A|10_G_6,早已为人妻的{TargetName}成熟丰盈的身躯毫无预兆地剧烈弹搐，那开发得娴熟无比的{anal}狂乱而不可自控地连番痉挛紧缩，深谙操弄之道的括约肌老练地一圈圈绞拧翕张，一下下深深内吸又骤然外翻，收缩之猛烈远超平日的绝顶。\n她丰腴的腰肢深深弓起复又软塌，来回反复了数度，浑圆饱满的臀部随着{anal}的绞夹节律狠狠地颤动弹跳，成熟的小腹一抽一抽地急促内缩。\n两条丰满的长腿抑制不住地颤栗蹬动，脚尖痉挛着绷直又蜷曲，双膝不住地磕碰打颤，大腿内侧丰润的软肉随每次{anal}收缩而剧烈夹紧抽搐。\n伴着熟透的{anal}熟练汹涌的翻绞，大量温热的肠液自深处喷涌而出，甚至小幅喷溅淋漓，顺着她丰腴的腿根汩汩流淌，糊湿了成熟的臀缝内侧。\n她紊乱的急喘间胸脯剧烈起伏，成熟的面颊烧成深浓的潮红，眼神失神涣散，唇齿失控地哆嗦张合，人妻的娇躯在这远胜寻常的强绝顶里失控地抽搐颤抖不已。

1204,action_part_a_orgasm_strong_B,0,target_is_player_daughter&CVP_A2_T|1_E_0&CVP_A2_A|10_G_6,娇嫩的身子猛地绷成一张满弓，作为{Name}亲生女儿的{TargetName}腰肢深深弓起后又重重瘫软，如此反复了好几回。\n{anal}剧烈而不受控制地连续痉挛收缩，那早已被开发得烂熟的括约肌疯狂地翕张绞缩，一圈圈死死绞紧又猛地松开。\n经验丰富的肠壁熟练地一波波蠕动痉挛，大量温热的肠液顺着紧绞的穴口汩汩涌出，甚至伴随一小股液体被绞缩着喷溅出来。\n少女的四肢失控地颤抖乱蹬，脚趾蜷曲得死紧，小腹一下下深深抽搐，全身的肌肉都强烈地绷紧又抖动。\n她仰起脸，表情彻底失了控，眼角泛红溢出生理泪水，喉咙里溢出黏腻破碎的呜咽，呼吸急促而紊乱，好一会儿才从这场剧烈的绝顶中缓过神来。
1205,action_part_a_orgasm_strong_B,0,target_is_player_daughter&CVP_A2_T|1_E_0&CVP_A2_A|10_G_6,作为{Name}女儿的{TargetName}猛地把腰塌下去，随即又弹起绷成弓形，这样失控的起伏一连发生了数次。\n{anal}疯狂地一阵阵抽搐绞缩，被彻底操熟的括约肌熟练又有力地反复收紧，把穴口绞成一个不停翕动的小圈。\n大量浓稠的肠液从剧烈痉挛的穴口大股大股地淌出，随着一次比一次更猛的绞缩，还噗地小幅喷出几缕。\n她的双腿失控地打颤蹬动，脚背绷得笔直，十根脚趾紧紧蜷起，后腰和大腿的肌肉一下下强烈抽搐。\n少女的脑袋无力地向后仰去，眉头拧成一团，嘴唇大张着却只发得出断续的娇喘，胸口剧烈起伏，急促而紊乱地喘息着，半晌都没能平复下来。
1206,action_part_a_orgasm_strong_B,0,target_is_player_daughter&CVP_A2_T|1_E_0&CVP_A2_A|10_G_6,{TargetName}整个身子猛地一僵，紧接着剧烈地弓腰挺胯，作为{Name}的亲女儿，她此刻的身体反应比以往任何一次都要激烈。\n{anal}不受控制地连续剧烈痉挛，那被反复调教得极其熟练的肠壁一波接一波地绞缩蠕动，括约肌疯狂地翕张开合。\n浓稠温热的肠液被一阵阵绞缩挤压得汹涌涌出，顺着股缝大量淌落，绞得最紧的一瞬还小幅喷溅了出来。\n她的四肢强烈地绷紧又剧烈颤抖，小腹深深地一下下凹陷抽搐，腰窝反复深弓后又整个瘫软下去。\n少女失控地仰着脸，表情彻底崩坏，泪水从泛红的眼角滚落，从喉咙深处溢出一声声黏糊糊的哭腔般的呜咽，呼吸紊乱急促，久久无法自控。
1207,action_part_a_orgasm_strong_B,0,target_is_player_daughter&CVP_A2_T|1_E_0&CVP_A2_A|10_G_6,娇小的躯体猛烈地痉挛起来，{Name}的女儿{TargetName}腰肢一次次深深弓起，随后又脱力般整个软塌下来。\n{anal}剧烈地连续收缩绞紧，那早被开发得驾轻就熟的括约肌熟练地疯狂绞缩翕张，肠壁一圈圈有力地蠕动痉挛。\n大量肠液从死死绞紧的穴口不停涌出溢淌，被强烈的痉挛一阵阵挤压，甚至有一小股被绞缩着喷了出来。\n她的双腿失控地绷直又乱颤，脚趾蜷得死紧，全身肌肉一阵阵强烈地抽搐紧绷，指尖也止不住地哆嗦。\n少女猛地扬起下巴，五官皱成一团，张着嘴却只吐得出破碎的娇吟与语无伦次的气音，呼吸又急又乱，好长时间才从这剧烈的高潮里回过神。
1208,action_part_a_orgasm_strong_B,0,target_is_player_daughter&CVP_A2_T|1_E_0&CVP_A2_A|10_G_6,{TargetName}的身体像触电般剧烈弹动，作为{Name}的亲生女儿，她连腰带背反复深弓成弧，又一次次重重塌软。\n{anal}疯狂而不受控制地一阵阵痉挛绞缩，被操得烂熟的括约肌熟练地死死收紧再猛然松开，肠壁一波波强烈蠕动。\n温热黏稠的肠液大量地从紧绞翕动的穴口汩汩喷涌，顺着臀缝淌得到处都是，随着绞缩还小幅地喷溅出来。\n她的四肢剧烈地颤抖蹬动，脚尖绷得笔直，小腹深深地抽搐凹陷，后腰的肌肉一下下强烈地绷紧痉挛。\n少女失神地仰着脸，眼神涣散，眼角淌出生理泪水，喉间不住溢出黏腻断续的呜咽哭喘，胸口急促起伏，呼吸紊乱失序，半晌方缓。

1209,action_part_a_orgasm_strong_B,0,CVP_A2_T|106_E_1&CVP_A2_A|5_LE_3,成熟丰盈的{TargetName}整具身躯骤然剧烈弹动起来，{anal}再也无法自控地连续剧烈痉挛收缩，那圈成熟的括约肌疯狂地一绞一翕，一圈圈狠狠地绞紧又猛地张开，随着这失控的抽搐节奏一下下深深地翻卷收缩。\n丰腴的小腹深深地向内绞紧抽搐，成熟饱满的双腿失控地绷直又蜷起，圆润的大腿肌肉一阵阵剧烈地颤抖打颤，脚趾狠狠地向内蜷曲扣拢，脚踝处的筋脉根根绷起。\n她成熟的腰肢反复深深地向上弓起，弓成一道紧绷的弧线后又猛地瘫软塌落，圆翘丰满的臀肉一下下疯狂地收缩夹紧，随着{anal}的绞缩节奏剧烈地颤动个不停。\n大量温热黏腻的肠液顺着那疯狂翕张的{anal}汩汩地涌淌而出，甚至随着一次猛烈的绞缩被小幅地喷溅出来，将丰腴的臀缝内侧浇淋得一片湿滑淋漓。\n她成熟的面庞彻底失控地扭曲着，眉头死死地拧紧，双唇失神地张开，急促紊乱的喘息大幅地掀动着丰满的胸膛，整具丰盈的躯体在这场剧烈失控的强烈痉挛中反复地绷紧又瘫软。
1210,action_part_a_orgasm_strong_B,0,CVP_A2_T|106_E_1&CVP_A2_A|5_LE_3,丰满成熟的{TargetName}娇躯毫无预兆地剧烈抽搐起来，{anal}不受控制地一波接一波猛烈地痉挛紧缩，成熟的肛环疯狂地绞拢又翕张，一圈圈失控地深深内吸后又猛然翻突，抽搐的幅度远比寻常剧烈。\n她丰腴的腰腹猛地深深塌陷绞紧，成熟圆润的臀部剧烈地一收一放，两条丰满的大腿失控地大幅颤抖，膝盖不住地打颤，双脚无意识地乱蹬乱蹭，脚趾一次次痉挛般地扣紧又松开。\n整条脊背反复深深地弓起绷成满弓，随即又脱力般地重重瘫软下去，丰盈的双手死死地攥紧成拳，手背筋脉暴起，指节因用力而彻底泛白。\n浓稠温热的肠液大股大股地从那绞动不止的{anal}中汹涌溢出，顺着丰腴饱满的腿根内侧成缕地淌落，甚至随一次深绞被小幅挤喷而出，将成熟的臀肉浸得湿漉漉一片。\n她成熟的面容失控地涨红扭曲，眼角沁出细密的水光，丰润的唇瓣颤抖着微张，喉间溢出破碎紊乱的气音，整具丰满的身躯剧烈地抽搐颤栗个不停。
1211,action_part_a_orgasm_strong_B,0,CVP_A2_T|106_E_1&CVP_A2_A|5_LE_3,{TargetName}成熟丰腴的身躯陡然失控地弹颤起来，{anal}猛烈而不受控制地连续绞缩痉挛，成熟紧实的括约肌疯狂地一圈圈翕合翻卷，深深内陷后又猛地外翻，剧烈的抽搐一下紧过一下。\n她丰满的小腹一阵阵狠狠地向内抽紧收缩，成熟的腰肢反复深深弓起又猛然软塌，圆翘丰腴的臀瓣失控地剧烈夹动，两条成熟饱满的长腿绷得笔直又骤然蜷曲，大腿内侧的软肉不住地颤抖。\n她的脚趾狠狠向内蜷扣，纤长的脚踝绷出紧张的线条，双足无措地乱颤乱蹬，全身的肌肉一波波剧烈地绷紧又松脱。\n大量黏腻温热的肠液从疯狂翕张的{anal}中不断汩汩涌流而出，顺着丰润的臀缝蜿蜒淌下，随着一次剧烈的深绞被小幅喷挤出来，在成熟的肌肤上淋出湿亮的一片。\n她成熟的面庞彻底失神地仰起，眉眼紧紧蹙拢，丰唇失控地张阖，急促而紊乱的喘息剧烈起伏着丰盈的胸脯，整副丰腴成熟的躯体在这强烈的痉挛里反复颤栗抽动。
1212,action_part_a_orgasm_strong_B,0,CVP_A2_T|106_E_1&CVP_A2_A|5_LE_3,成熟饱满的{TargetName}整个人骤然剧烈地弓颤起来，{anal}失去控制地连番猛烈痉挛绞紧，那圈成熟的括约肌疯狂地收缩翕张，一次次深深地内吸绞拢后又猛地松弹翻突，抽动的力道剧烈到近乎失控。\n她丰腴的腰身反复深弓成紧绷的弧度，随即脱力般地重重瘫落，圆润饱满的臀肉一下下疯狂地收夹颤动，成熟的双腿失控地绷直又猛然并拢夹紧，大腿的软肉剧烈地打着颤。\n她的十指痉挛般地蜷曲收拢，脚趾死死向内扣紧，双脚无意识地乱蹬乱蹭，全身成熟丰盈的肌肉一阵阵强烈地绷紧抽搐。\n温热浓稠的肠液大量地顺着那绞动翻卷的{anal}汹涌淌溢出来，成股地滑过丰腴的腿根内侧，甚至随一次猛烈的绞缩被小幅喷出，将成熟丰满的臀部浇得湿滑一片。\n她成熟的面容失控地潮红扭曲，眼神彻底涣散失焦，丰润的嘴唇颤抖着微张，紊乱急促的喘息一声接一声，整具丰盈的躯体在这剧烈的强烈痉挛中不住地颤栗抽动。
1213,action_part_a_orgasm_strong_B,0,CVP_A2_T|106_E_1&CVP_A2_A|5_LE_3,丰盈成熟的{TargetName}娇躯猛然剧烈地痉挛弹跳起来，{anal}再难自控地一阵阵疯狂绞缩抽搐，成熟丰润的肛环失控地翕张翻卷，一圈圈狠狠地内绞收紧后又猛地外翻松弹，剧烈的抽动远超寻常。\n她成熟的小腹深深地绞紧内陷，丰腴的腰肢一次次向上深弓再猛地软塌下去，圆翘的臀瓣失控地剧烈夹缩颤抖，两条丰满的大腿绷得死直又骤然蜷起乱颤，脚趾一下下痉挛似地扣拢又张开。\n她丰盈的胸脯随着急促紊乱的喘息大幅地起伏掀动，成熟的双手死死攥紧，手背青筋隐现，指节泛白。\n大股温热黏腻的肠液自那疯狂翕合的{anal}中连绵不断地涌淌而出，顺着成熟丰腴的臀缝内侧淋漓地流淌，甚至随一次深深的绞缩被小幅喷溅出来，浸得那片丰润肌肤湿亮一片。\n她成熟的面庞彻底失控地扭曲仰起，眉头紧锁，双眸失神涣散，整副丰盈成熟的身躯在这场强烈失控的连续痉挛中反复地绷紧、颤栗、瘫软。

1214,action_part_a_orgasm_strong_B,0,CVP_A2_T|107_E_1&CVP_A2_A|5_LE_3,已为人妻的{TargetName}成熟丰盈的娇躯毫无预兆地剧烈弓挺起来，{anal}再也压抑不住地连续痉挛收缩，一圈括约肌疯狂地绞缩翕张，一开一合间抽搐得又急又猛。\n丰腴修长的双腿失控地绷直又乱蹬，圆润的膝盖不住地打颤，脚背深深向下绷成一道紧弦，脚趾用力蜷曲扣拢，小腿的肌肉一阵阵抽搐着收紧。\n成熟饱满的臀肉随着{anal}的翕张节奏疯狂地夹紧又松开，丰满圆翘的臀瓣一下下痉挛着颤动，大量温热的肠液顺着紧缩的{anal}边缘汩汩涌出，沿着丰腴的股缝蜿蜒淌下，甚至随着一次猛烈的绞缩小幅地喷溅出来。\n人妻丰润的腰肢反复深深弓起又骤然瘫软，脊背一次次绷成紧弓的弧线，成熟的小腹剧烈地抽搐收紧。\n她的呼吸急促而紊乱，成熟的面庞彻底失控地涨红，双手死死攥紧掐陷进掌心，整副丰盈的身躯在这场远超寻常的强烈痉挛中剧烈颤栗不止。
1215,action_part_a_orgasm_strong_B,0,CVP_A2_T|107_E_1&CVP_A2_A|5_LE_3,{TargetName}已为人妻的成熟身躯猛地一僵，随即剧烈地痉挛起来，本就感度迟钝的{anal}这一次也压抑不住地连番绞缩，括约肌一圈圈疯狂地翕合抽搐，收缩的力道又深又重。\n她丰腴的大腿失控地颤抖着大张又猛地夹拢，圆润饱满的腿肉相互挤压碾磨，脚踝紧紧绷直，脚趾痉挛似地蜷成一团，两条腿不受控制地在半空里乱蹬乱颤。\n成熟丰盈的臀部一下下高高抬起又重重落下，圆翘的臀瓣随着{anal}的绞缩剧烈弹颤，浓稠温热的肠液大股大股地从翕张的穴口溢淌而出，将丰腴的股沟浸得一片泥泞，随一次深绞猛地飙溅出细细一线。\n人妻的腰身深深弓成满弓又骤然软塌下去，反复地弓起瘫软，成熟的腹肌绷得紧硬又剧烈抽搐。\n她的胸膛随紊乱的喘息大幅起伏，绯红的面庞失神地扭曲，指节因死命攥握而根根泛白，丰满成熟的躯体在这远胜平常的强绝顶中抽搐颤抖个不停。
1216,action_part_a_orgasm_strong_B,0,CVP_A2_T|107_E_1&CVP_A2_A|5_LE_3,已是人妻的{TargetName}丰腴娇躯毫无征兆地剧震一下，成熟的身子骨蓦地绷成一张满弓，{anal}不受控制地连续深深痉挛，圈圈括约肌疯狂地绞缩又翕张，一缩一放间抽搐得凶猛而失序。\n她修长丰满的双腿骤然绷得笔直，随即失控地乱颤乱蹬，丰润的大腿一次次痉挛着夹紧，圆润的膝盖抖个不停，脚趾死死地向内抠蜷，脚心绷出一道紧紧的弧。\n成熟圆翘的臀肉随{anal}的翕合节律疯狂地一夹一松，丰盈的臀瓣剧烈地颤抖弹动，大量黏热的肠液顺着绞紧的{anal}边缘汹涌淌出，糊满了丰腴的股缝，随一次猛绞小幅地喷洒而出。\n人妻成熟的腰肢反复深弓又接连瘫软，脊线一次次绷起又塌陷，紧实的小腹剧烈地一抽一紧。\n急促紊乱的喘息里她成熟的面容彻底失控地泛红失神，双手攥紧到指尖掐进肉里，整副丰盈饱满的躯体在这远超普通高潮的强烈抽搐中久久颤栗。
1217,action_part_a_orgasm_strong_B,0,CVP_A2_T|107_E_1&CVP_A2_A|5_LE_3,{TargetName}已为人妻的成熟娇躯猛然一挺，本就迟钝低感的{anal}此刻竟也压不住地连连痉挛，一圈括约肌沉重而疯狂地绞缩翕合，收放的幅度又大又急。\n她丰腴的双腿失控地大开又猛夹，成熟圆润的腿肉一波波挤压相磨，脚背绷成紧绷的弓弦，脚趾痉挛地扣蜷起来，两条修长的腿在颤抖中无力地乱蹬。\n丰满圆翘的臀部一下下高抬又跌落，成熟的臀肉随{anal}的翕张剧烈弹颤，浓稠的肠液大股涌淌，顺着紧缩的穴缘漫过丰腴股沟涓涓淌下，随一次深沉的绞缩小幅溅飞出来。\n人妻的腰身深深弓挺又骤然软瘫，反复地起伏塌陷，成熟的腹部绷紧后剧烈抽搐个不住。\n她胸口随着散乱的喘息起起伏伏，泛红的成熟面庞失神地扭曲失控，双手死死掐紧指节泛白，丰盈成熟的整具身躯在这来得沉重却远胜寻常的强绝顶中剧烈痉挛颤抖。
1218,action_part_a_orgasm_strong_B,0,CVP_A2_T|107_E_1&CVP_A2_A|5_LE_3,已为人妻的{TargetName}丰盈成熟的身子倏地绷紧震颤，{anal}再压抑不住地连续剧烈痉挛，一环括约肌疯狂地翕合绞缩，一开一阖间抽搐得又深又乱。\n她成熟修长的双腿失控地颤抖着并拢又弹开，丰腴的大腿根紧紧相夹碾磨，圆润的膝头抖成一片，脚尖绷直下压，脚趾狠狠向内蜷曲抠拢。\n丰满圆翘的臀瓣随{anal}疯狂的绞缩一下下痉挛弹跳，大量温热黏腻的肠液从翕张的穴口汩汩喷涌，淌满丰腴的股缝并顺股沟滑落，随一记猛绞小幅地飙射出来。\n人妻丰润的腰肢反复深弓再骤然瘫软，脊背一次次弓成紧弦又塌软下去，成熟饱满的小腹剧烈地抽搐紧缩。\n紊乱急促的喘息中她成熟绯红的面庞彻底失控失神，指节攥握到泛白掐进掌心，整副丰盈饱满的躯体在这远远超出平常的强烈绝顶抽搐里颤栗不止。

1219,action_part_a_orgasm_strong_B,0,target_is_player_daughter&CVP_A2_A|5_LE_3,身为博士亲生女儿的{TargetName}青涩单薄的娇躯毫无预兆地剧烈弓挺起来，本就迟钝低感的{anal}这一次却再也压抑不住地连续痉挛收缩，一圈稚嫩的括约肌疯狂地绞缩翕张，一开一合间抽搐得又急又猛。\n少女纤细的双腿失控地绷直又胡乱蹬踹，青涩的膝盖不住地打颤，白嫩的脚背深深向下绷成一道紧弦，稚气的脚趾用力蜷曲扣拢，细瘦的小腿肌肉一阵阵抽搐着收紧。\n单薄稚嫩的臀肉随着{anal}的翕张节奏疯狂地夹紧又松开，青涩的臀瓣一下下痉挛着颤动，大量温热的肠液顺着紧缩的{anal}边缘汩汩涌出，沿着幼嫩的股缝蜿蜒淌下，甚至随着一次猛烈的绞缩小幅地喷溅出来。\n少女柔嫩的腰肢反复深深弓起又骤然瘫软，纤薄的脊背一次次绷成紧弓的弧线，青涩平坦的小腹剧烈地抽搐收紧。\n她的呼吸急促而紊乱，稚气未脱的面庞彻底失控地涨红，纤细的双手死死攥紧掐陷进掌心，整副单薄青涩的身躯在这远超寻常的强烈痉挛中剧烈颤栗不止。
1220,action_part_a_orgasm_strong_B,0,target_is_player_daughter&CVP_A2_A|5_LE_3,{TargetName}这具尚显稚嫩的少女身躯猛地一僵，随即剧烈地痉挛起来，平日感度迟钝的{anal}此刻也压抑不住地连番绞缩，一圈青涩的括约肌一层层疯狂地翕合抽搐，收缩的力道又深又重。\n她纤细的大腿失控地颤抖着大张又猛地夹拢，单薄的腿肉相互挤压碾磨，白嫩的脚踝紧紧绷直，稚气的脚趾痉挛似地蜷成一团，两条细腿不受控制地在半空里乱蹬乱颤。\n青涩单薄的臀部一下下高高抬起又重重落下，幼嫩的臀瓣随着{anal}的绞缩剧烈弹颤，浓稠温热的肠液大股大股地从翕张的穴口溢淌而出，将稚嫩的股沟浸得一片泥泞，又随一次深绞猛地飙溅出细细一线。\n少女纤薄的腰身深深弓成满弓又骤然软塌下去，反复地弓起瘫软，青涩平坦的腹肌绷得紧硬又剧烈抽搐。\n她单薄的胸口随紊乱的喘息大幅起伏，绯红的稚气面庞失神地扭曲，纤细的指节因死命攥握而根根泛白，这具青涩娇小的躯体在这远胜平常的强绝顶中抽搐颤抖个不停。
1221,action_part_a_orgasm_strong_B,0,target_is_player_daughter&CVP_A2_A|5_LE_3,作为博士女儿的{TargetName}幼嫩娇躯毫无征兆地剧震一下，青涩的身子骨蓦地绷成一张满弓，向来迟钝的{anal}也不受控制地连续深深痉挛，一圈圈稚嫩的括约肌疯狂地绞缩又翕张，一缩一放间抽搐得凶猛而失序。\n她纤瘦的双腿骤然绷得笔直，随即失控地乱颤乱蹬，单薄的大腿一次次痉挛着夹紧，青涩的膝盖抖个不停，稚气的脚趾死死地向内抠蜷，脚心绷出一道紧紧的弧。\n幼嫩单薄的臀肉随{anal}的翕合节律疯狂地一夹一松，稚嫩的臀瓣剧烈地颤抖弹动，大量黏热的肠液顺着绞紧的{anal}边缘汹涌淌出，糊满了青涩的股缝，又随一次猛绞小幅地喷洒而出。\n少女柔韧的腰肢反复深弓又接连瘫软，纤薄的脊线一次次绷起又塌陷，青涩紧实的小腹剧烈地一抽一紧。\n急促紊乱的喘息里她稚气的面容彻底失控地泛红失神，纤细的双手攥紧到指尖掐进肉里，整副幼嫩单薄的躯体在这远超普通高潮的强烈抽搐中久久颤栗。
1222,action_part_a_orgasm_strong_B,0,target_is_player_daughter&CVP_A2_A|5_LE_3,{TargetName}这亲生女儿的青涩娇躯猛然一挺，本就迟钝低感的{anal}此刻竟也压不住地连连痉挛，一圈稚嫩的括约肌沉重而疯狂地绞缩翕合，收放的幅度又大又急。\n她单薄的双腿失控地大开又猛夹，幼嫩纤细的腿肉一波波挤压相磨，白净的脚背绷成紧绷的弓弦，稚气的脚趾痉挛地扣蜷起来，两条细瘦的腿在颤抖中无力地乱蹬。\n青涩单薄的臀部一下下高抬又跌落，幼嫩的臀肉随{anal}的翕张剧烈弹颤，浓稠的肠液大股涌淌，顺着紧缩的穴缘漫过稚嫩股沟涓涓淌下，又随一次深沉的绞缩小幅溅飞出来。\n少女纤薄的腰身深深弓挺又骤然软瘫，反复地起伏塌陷，青涩平坦的腹部绷紧后剧烈抽搐个不住。\n她单薄的胸口随着散乱的喘息起起伏伏，泛红的稚气面庞失神地扭曲失控，纤细的双手死死掐紧指节泛白，这具青涩幼嫩的整具身躯在这来得沉重却远胜寻常的强绝顶中剧烈痉挛颤抖。
1223,action_part_a_orgasm_strong_B,0,target_is_player_daughter&CVP_A2_A|5_LE_3,身为博士女儿的{TargetName}青涩幼嫩的身子倏地绷紧震颤，一向感度迟钝的{anal}再压抑不住地连续剧烈痉挛，一环稚嫩的括约肌疯狂地翕合绞缩，一开一阖间抽搐得又深又乱。\n她单薄纤细的双腿失控地颤抖着并拢又弹开，幼嫩的大腿根紧紧相夹碾磨，青涩的膝头抖成一片，白嫩的脚尖绷直下压，稚气的脚趾狠狠向内蜷曲抠拢。\n幼嫩单薄的臀瓣随{anal}疯狂的绞缩一下下痉挛弹跳，大量温热黏腻的肠液从翕张的穴口汩汩喷涌，淌满青涩的股缝并顺股沟滑落，又随一记猛绞小幅地飙射出来。\n少女柔嫩的腰肢反复深弓再骤然瘫软，纤薄的脊背一次次弓成紧弦又塌软下去，青涩平坦的小腹剧烈地抽搐紧缩。\n紊乱急促的喘息中她稚气绯红的面庞彻底失控失神，纤细的指节攥握到泛白掐进掌心，整副青涩幼嫩的躯体在这远远超出平常的强烈绝顶抽搐里颤栗不止。

1224,action_part_a_orgasm_strong_B,0,CVP_A2_T|102_E_1&CVP_A2_A|5_G_3&CVP_A2_A|5_LE_6,幼小的{TargetName}娇小的身躯毫无征兆地剧烈弹动起来，{anal}不受控制地一阵接一阵猛烈痉挛收缩，稚嫩的括约肌疯狂地绞紧又翕张，将那圈嫩红的小穴口一遍遍地用力吸吮翻搅。\n稚气未脱的小腹随着这剧烈的抽搐深深地向内塌陷，圆嫩的肚皮不停地起伏收缩，纤细的腰肢反复地向上深深弓起后又猛地瘫软塌落，一次比一次的幅度更大。\n细若嫩藕的两条小腿失控地乱蹬乱颤，小小的膝盖不住地打颤磕碰，稚嫩的脚趾用力地蜷曲抠紧又骤然张开，纤细的脚踝绷得笔直。\n大量温热的肠液从剧烈翕动的{anal}深处汹涌地淌涌而出，甚至随着一次猛烈的绞缩小幅地喷溅出来，顺着幼嫩的股缝与大腿内侧成股地流淌下去，将那一片稚白的肌肤浸得湿漉漉一片。\n小小的手指死死地攥紧蜷缩，指节因用力而泛出惨白，急促紊乱的喘息一声接一声地从半张的小嘴里溢出，幼小稚嫩的脸蛋绷得失了控，泪水沁满了眼角，整个娇小的身子在这远超寻常的强烈痉挛中失神地颤栗抽搐着。
1225,action_part_a_orgasm_strong_B,0,CVP_A2_T|102_E_1&CVP_A2_A|5_G_3&CVP_A2_A|5_LE_6,{TargetName}那尚未发育的幼嫩身子猛然剧烈地弓成了一张紧绷的小弓，{anal}毫无节制地连续绞缩痉挛，稚嫩的括约肌一圈圈疯狂地翻卷收束，将那小小的穴环一次次深深地收紧又猛地弹开。\n幼小的下腹随着一波接一波的收缩剧烈地抽动内陷，纤薄的小腹皮肤上隐约绷起紧张的线条，娇嫩的腰肢一下下深深弓起后又失力地跌落下去。\n两条纤细的小腿抑制不住地剧烈痉挛乱蹬，稚嫩的脚背一会儿死死绷直一会儿又猛地反勾，小小的脚趾用力地抠拢蜷曲，膝盖不受控制地磕撞抖颤。\n汩汩的肠液从疯狂痉挛的{anal}中被一股股地绞挤出来，量比往常剧增了许多，甚至随着几下猛烈的抽缩微微地喷出，顺着幼小的臀缝和稚白的腿根泛滥地流淌，淋漓地打湿了一大片娇嫩的皮肤。\n幼小的双手无处着力地在半空胡乱抓握攥紧，纤细的手臂止不住地绷紧颤动，紊乱急促的呼吸从翕张的唇缝间断续地喷吐，一张稚气的小脸涨得通红又骤然失神，五官在这远胜平日的强烈抽搐里彻底地绷乱了。
1226,action_part_a_orgasm_strong_B,0,CVP_A2_T|102_E_1&CVP_A2_A|5_G_3&CVP_A2_A|5_LE_6,小小的{TargetName}整具娇躯骤然剧烈地绷紧抽搐，{anal}一下接一下地失控猛缩，稚嫩的括约肌像是彻底失了控般疯狂地绞拢翕合，将那圈幼嫩的穴口一遍遍狠狠地吸吮吞咬。\n幼童特有的圆润小腹被一阵阵剧烈的收缩牵扯得深深凹陷进去，稚嫩的肚皮不停地颤动起伏，娇小的腰肢反复地向上猛烈弓挺后又一次次无力地软塌下来。\n纤细稚嫩的双腿再也并不拢，剧烈地打颤乱蹬，稚白的脚掌一阵阵痉挛地绷直反勾，小小的脚趾用力蜷缩又骤然张开，两膝不住地颤抖磕碰。\n浓热的肠液从翻搅不止的{anal}深处大量地涌溢奔流而出，量剧增得远超以往，甚至伴着几次凶猛的绞紧小幅喷洒出来，顺着幼嫩的股沟与稚白的大腿汩汩地淌落，将那一小片娇嫩的肌肤浸润得亮晶晶湿透。\n幼小的十指痉挛般地收拢攥死，纤瘦的手背青筋隐现，一声声急乱失序的娇喘从张合的小嘴里止不住地泄出，稚气的面庞绷得再无半分从容，泪花挂满了眼角，整个瘦小的身躯在这远超寻常的猛烈颤栗中失神地抖动痉挛个不停。
1227,action_part_a_orgasm_strong_B,0,CVP_A2_T|102_E_1&CVP_A2_A|5_G_3&CVP_A2_A|5_LE_6,幼嫩的{TargetName}纤小的身子毫无预兆地剧烈弹颤起来，{anal}不由自主地一波紧似一波地猛烈痉挛，稚嫩的括约肌狂乱地一圈圈绞缩又翻张，将那小小的穴环反复地深深收拢又用力翕开。\n稚气的小腹随着这凶猛的收缩深深地向里抽陷，圆嫩的腹肌一下下急促地颤动抽搐，娇弱的腰肢一次次高高弓起后又骤然失力地瘫塌回去，起伏的幅度越来越剧烈。\n两条藕节般的小腿失控地绷直又乱蹬乱踢，稚嫩的脚趾深深地蜷曲抠紧，纤细的脚踝一阵阵抽搐着绷成笔直，小小的膝盖不住地打颤相撞。\n大股温热的肠液从疯狂翕动的{anal}里被一波波地绞涌出来，比往常多出许多倍，甚至随着一记猛烈的绞缩小幅地飙溅而出，顺着幼小的臀缝一路蜿蜒滑落到稚白的腿间，浸得那一片娇嫩肌肤湿淋淋的。\n幼小的双手死死地攥住身边触到的一切，指尖用力地掐陷进去，指节泛白，急促而破碎的喘息从半张的唇间连连溢出，一张稚嫩的小脸涨红又失神地扭曲着，整副娇小的躯体在这远胜以往的强烈痉挛之中不住地失控颤抖。
1228,action_part_a_orgasm_strong_B,0,CVP_A2_T|102_E_1&CVP_A2_A|5_G_3&CVP_A2_A|5_LE_6,{TargetName}那介于婴孩与稚童之间的娇嫩小躯猛地剧烈弹跳起来，{anal}失了控似地连绵不断猛烈绞缩，稚嫩的括约肌疯狂地一收一张地翻搅收束，将那圈幼小的穴口一遍遍地狠狠吸咬吞吐。\n幼童圆润的小腹被一波波剧烈的收缩牵得深深内凹，纤薄的肚皮上一阵阵急促地起伏抽动，娇小的腰身一下下深深地弓挺而起后又一次次瘫软地跌落下去。\n细弱的两条小腿抑制不住地剧烈痉挛乱蹬，稚白的脚背时而死死绷直时而猛地反翘，小小的脚趾用力地扣紧蜷起又骤然弹开，两膝不停地打颤磕碰。\n汹涌的肠液从翻卷痉挛的{anal}深处被一股股地喷挤涌出，量骤增得远胜往日，甚至随着数下凶狠的绞缩微微地喷淋出来，顺着幼嫩的股缝与稚白的腿根泛滥地淌落，淋漓地打湿了大片娇嫩的皮肤。\n幼小的手指在空中无助地乱抓乱攥又紧紧蜷拢，纤细的手臂一阵阵绷紧颤栗，紊乱急促的娇喘从翕动的小嘴里断续地喷吐而出，稚气的小脸憋得通红又骤然失神涣散，五官在这远超平常的猛烈抽搐里全然地绷乱失控了。
1229,action_part_a_orgasm_strong_B,0,CVP_A2_T|103_E_1&CVP_A2_A|5_G_3&CVP_A2_A|5_LE_6,娇小稚嫩的{TargetName}周身骤然剧烈地痉挛起来，{anal}不受控制地连续绞缩翕张，一圈稚嫩的括约肌疯狂地收紧又骤然松开，反反复复地绞动个不停。\n她纤细单薄的腰肢猛地深深弓起，脊背绷成一道紧张的弧线，随即又骤然瘫软塌落下去，紧接着再度弓起，如此反复了好几回。\n两条细若嫩藕的小腿失控地颤抖乱蹬，稚嫩的脚趾用力向内蜷缩扣紧，纤瘦的膝盖不住地打颤，纤细的脚踝绷得死紧。\n随着{anal}一阵接一阵的剧烈痉挛，大量温热的肠液自紧缩的穴口汩汩涌出，甚至随着一次猛烈的绞缩微微向外喷溅了少许，顺着稚嫩的臀缝一路蜿蜒淌下。\n她单薄的胸膛剧烈起伏，呼吸急促而紊乱，稚气的小脸涨得通红，眼神涣散失焦，纤细的十指死死攥紧又颤抖着，稚嫩的娇躯在这场远超寻常的剧烈绝顶中失控地抽搐颤栗个不停。
1230,action_part_a_orgasm_strong_B,0,CVP_A2_T|103_E_1&CVP_A2_A|5_G_3&CVP_A2_A|5_LE_6,稚嫩娇弱的{TargetName}整副身子毫无预兆地剧烈抽搐起来，{anal}一下接一下地疯狂绞缩痉挛，幼嫩的肠壁不受控制地翕张吮咬，括约肌一圈圈地紧缩又猛地翻涌松弛。\n她那纤细的腰身反复深深地向上弓起，绷成满弓一般的弧度，旋即又失力般彻底软塌下来，如此起伏挣动了一次又一次。\n两条稚嫩纤瘦的大腿失控地绷直又乱蹬，脚背猛地向下绷成一条直线，脚趾无声地痉挛蜷曲，整条腿从腿根到脚尖都陷入一阵狂乱的颤抖。\n伴着{anal}汹涌而剧烈的连续绞动，浓稠温热的肠液大股大股地自幼小的穴口翻涌而出，一次剧烈的收缩甚至逼得肠液微微喷出，顺着稚嫩饱满的臀丘缓缓滑落。\n她瘦弱的肩背剧烈耸动，呼吸紊乱而急促，稚气未脱的小脸绯红滚烫，双眼失神地半阖着，纤细的手指痉挛般地收拢攥紧，娇小的身躯在这场剧烈失控的强烈绝顶里止不住地战栗抽动。
1231,action_part_a_orgasm_strong_B,0,CVP_A2_T|103_E_1&CVP_A2_A|5_G_3&CVP_A2_A|5_LE_6,身量娇小的{TargetName}猝然浑身剧震，{anal}失去控制地连成一片地痉挛绞缩，稚嫩的括约肌以疯狂的频率翕合张缩，一波未平一波又起地绞动收紧。\n她单薄纤细的腰肢深深地反复弓起又骤然瘫软，小腹处稚嫩的肌肉一阵紧似一阵地剧烈抽搐凹陷，圆嫩的肚皮不受控制地剧烈起伏。\n纤细的双腿失控地痉挛乱蹬，稚嫩的膝盖狠狠地夹紧又猛地弹开，脚趾用力地向内抠蜷，纤瘦的脚踝绷得青筋隐现。\n{anal}在一阵狂乱的连续绞缩中，将大量温热黏腻的肠液一股脑地挤涌而出，甚至随着最猛的一次痉挛喷出细细的一线，淋漓地淌满了稚嫩的股间。\n她瘦削的胸口急剧起伏喘动，呼吸破碎而急乱，稚嫩的脸蛋滚烫赤红，眼角泛出了点点水光，视线涣散无法聚焦，纤纤十指死死抠攥，幼小的娇躯在这远胜寻常的强烈高潮中剧烈地失控颤栗。
1232,action_part_a_orgasm_strong_B,0,CVP_A2_T|103_E_1&CVP_A2_A|5_G_3&CVP_A2_A|5_LE_6,幼小柔弱的{TargetName}身子毫无征兆地剧烈弹颤起来，{anal}再也压抑不住地疯狂痉挛绞动，稚嫩紧窄的肠道一下下地翻涌吸缩，括约肌疯了似地收紧翕张个不休。\n她纤瘦的腰背猛然深深弓起，脊椎一节节地绷紧凸起，紧接着又整个瘫软塌陷下去，这样深弓又软落地反复了数次。\n稚嫩细弱的两腿失控地颤抖蹬动，脚尖时而狠狠绷直时而蜷曲扣紧，纤细的大腿根一阵阵地痉挛收紧，膝盖控制不住地哆嗦。\n随着{anal}一阵猛过一阵的绞缩，成股的温热肠液自幼嫩的穴口喷涌淌落，最剧烈的一次绞动更是逼出了一小注喷溅，浇淋在稚嫩的臀缝之间。\n她薄弱的胸脯剧烈地一起一伏，气息紊乱地急促喘动，稚气的小脸涨红发烫，双目失神涣散，纤细的手指痉挛地蜷曲攥死，娇小的身躯在这场剧烈到近乎失控的强绝顶中不住地抽搐战抖。
1233,action_part_a_orgasm_strong_B,0,CVP_A2_T|103_E_1&CVP_A2_A|5_G_3&CVP_A2_A|5_LE_6,娇嫩纤弱的{TargetName}周身猝然剧烈地抽颤起来，{anal}不受控制地一波接一波剧烈绞缩，稚嫩的括约肌疯狂地翕合紧缩，肠壁一阵接一阵地痉挛吸吮，绞动得毫无停歇。\n她纤细的腰肢反复地向上深弓，脊背弯成紧绷的弧线后又骤然失力软落，小腹幼嫩的肌肉剧烈地抽搐凹陷，稚嫩的肚皮不住地起伏颤动。\n两条稚嫩瘦削的小腿失控地乱蹬痉挛，脚趾狠狠向内蜷扣，纤瘦的脚踝与膝盖都绷得死紧，整条腿被一阵狂乱的颤抖裹挟。\n伴随{anal}汹涌不止的剧烈绞动，大量黏稠温热的肠液自紧窄的幼嫩穴口翻涌淌出，一次凶猛的收缩甚至将肠液微微喷溅出来，濡湿了稚嫩的整片股间。\n她单薄的胸口急促地剧烈起伏，呼吸紊乱破碎，稚气未褪的脸颊烧得通红，眼神失焦涣散地半睁着，纤细十指死死攥紧又颤抖不已，幼小的娇躯在这场远超平常的强烈绝顶里失控地颤栗抽搐。


2000,action_part_a_orgasm_strong_B,0,CVP_A2_T|6_E_0&CVP_A2_T|7_E_1&CVP_A2_T|222_E_1,青涩稚嫩的{TargetName}躯体骤然剧烈痉挛起来，{anal}不受控制地一波接一波猛烈绞缩，括约肌疯狂地翕张绞紧，一圈接一圈地收拢又松开。\n尚显稚气的腰肢猛地深深弓起，随即又力竭般瘫软跌落，反复来回好几次都无法平息。\n纤细的四肢剧烈地颤抖乱蹬，脚趾痉挛般蜷紧又骤然绷直，手指死死抠住身旁能够触及的东西，指节因过度用力而泛出青白。\n稚嫩的胸口随着急促紊乱的呼吸剧烈起伏，喉间溢出破碎而失控的喘息，稚气未脱的脸庞瞬间涨满潮红，眼眶湿润，嘴角控制不住地大张。\n{anal}深处涌出大股滚烫的肠液，沿着颤抖的臀缝汹涌而下，甚至猛地小幅喷溅而出，将周身肌肤浸得一片湿滑狼藉。
2001,action_part_a_orgasm_strong_B,0,CVP_A2_T|6_E_0&CVP_A2_T|7_E_1&CVP_A2_T|222_E_1,发育未全的{TargetName}娇躯猝然绷紧痉挛，{anal}一阵接一阵剧烈收缩绞动，柔嫩的括约肌不受控制地飞快翕合，一圈圈用力绞紧又猝然松弛。\n单薄的腰身骤然深深弓起，脊背绷成一道紧绷的弧线，旋即又瘫软塌落，如此反复好几个回合都止不住。\n细瘦的双腿剧烈地打着颤，脚背骤然绷直又猛地蜷曲，脚趾痉挛地抓挠着，稚嫩的双手紧紧攥成拳，指甲深深掐进掌心。\n尚带稚气的胸脯随着急促破碎的呼吸大幅起伏，嘴唇控制不住地哆嗦大张，眼角泛起水光，稚嫩的脸颊瞬间染上大片潮红。\n{anal}深处大量温热的肠液汹涌涌出，顺着颤抖不止的臀肉滑落，甚至猛然向外小幅喷溅出来，将身下浸得湿漉一片。
2002,action_part_a_orgasm_strong_B,0,CVP_A2_T|6_E_0&CVP_A2_T|7_E_1&CVP_A2_T|222_E_1,身量未足的{TargetName}整个人猛地一僵，随即剧烈颤抖起来，{anal}失控般一浪接一浪地痉挛绞紧，括约肌快速翕张收放，仿佛怎么也停不下来。\n单薄稚嫩的腰肢一次次深深弓起又颓然瘫落，脊椎骨节因用力而微微凸显，反复起伏难以平息。\n瘦削的四肢剧烈乱蹬颤抖，脚趾用力蜷缩成一团，随后又猛地绷得笔直，双手胡乱地攥紧近旁的东西，指节泛白青紫。\n呼吸变得急促而破碎，胸口剧烈起伏喘息不止，稚气的脸庞霎时涨得通红，眼神涣散失焦，嘴角失控地大张溢出涎水。\n{anal}深处涌出大股黏稠滚烫的肠液，沿着颤抖的股缝汩汩流淌而下，一度猛烈地向外喷溅出来，将周遭浸润得一片泥泞湿滑。
2003,action_part_a_orgasm_strong_B,0,CVP_A2_T|6_E_0&CVP_A2_T|7_E_1&CVP_A2_T|222_E_1,体态青涩的{TargetName}猛然浑身一僵，紧接着剧烈痉挛不止，{anal}狂乱地一圈接一圈绞缩翻搅，括约肌疯狂地收紧又松开，完全不受自己支配。\n稚嫩的腰身接连深深弓起，随后又力竭地垮塌下去，一次次反复起伏，久久无法安定。\n纤细的双腿抽搐着乱蹬乱踢，脚尖痉挛般绷紧又蜷起，稚嫩的手指死死攥住身旁的物什，指关节因用力而僵硬发白。\n呼吸急促紊乱得几乎破碎，稚气的胸口剧烈地上下起伏，脸颊与耳根瞬间染满艳红，眼角溢出生理性的泪光，唇瓣控制不住地颤抖大张。\n{anal}中大量灼热的肠液汹涌而出，沿着不住颤抖的臀部曲线滑落而下，甚至一度猛地喷溅出来，将身下弄得一片湿滑狼藉。
2004,action_part_a_orgasm_strong_B,0,CVP_A2_T|6_E_0&CVP_A2_T|7_E_1&CVP_A2_T|222_E_1,尚未完全发育的{TargetName}躯体猛地绷紧抽搐，{anal}剧烈失控地反复绞缩痉挛，括约肌疯狂翕张收放，一波接一波完全无法停歇。\n单薄的腰肢一次又一次深深弓起又瘫软塌陷，脊背随之剧烈起伏颤动，久久难以平复下来。\n细弱的四肢不受控制地剧烈颤抖乱蹬，脚趾用力蜷曲又猛然绷直，稚嫩的双手紧紧揪住身边能抓到的东西，指尖因用力而泛白。\n喘息声急促而破碎地连续溢出，稚气未脱的胸膛剧烈起伏不止，脸颊瞬间浮上浓重潮红，眼神涣散无法聚焦，嘴角失控地大张溢出津液。\n{anal}深处涌出大股滚烫黏稠的肠液，顺着颤动不止的臀缝汩汩流下，猛地小幅喷溅出来，将周身肌肤浸得湿淋淋一片。

2005,action_part_a_orgasm_strong_B,0,CVP_A2_T|107_E_1,已为人妻的{TargetName}的身子猛地一僵，随即剧烈地弹动起来。\n{anal}不受控制地一波接一波疯狂痉挛收缩，括约肌疯狂地绞缩又翕张，一圈圈地紧紧勒紧再松开。\n她的腰肢深深地弓起，弓到极致后又猛然瘫软下去，紧接着再一次弓起，如此反复不停。\n全身的肌肉都强烈地抽搐绷紧，小腹一阵阵地剧烈抽动，大腿死死夹紧又骤然张开。\n她的四肢失控地剧烈颤抖，双脚无意识地胡乱蹬动，脚趾蜷缩得发白。\n大量滚烫的肠液顺着翻涌的痉挛汩汩涌出，一股股地淌下，甚至伴着括约肌的绞缩小幅喷溅出来。\n她的呼吸急促而紊乱，胸口剧烈起伏，脸上的表情彻底失了控，眉头紧锁，嘴唇不住地颤抖。
2006,action_part_a_orgasm_strong_B,0,CVP_A2_T|107_E_1,身为有夫之妇的{TargetName}整个人剧烈地痉挛了起来，动作再也无法自控。\n{anal}一阵紧似一阵地疯狂绞缩，括约肌不停地收紧、张开、再收紧，翕动得又急又乱。\n她的后腰猛地弓成一道紧绷的弧线，撑到最高处后又软塌下来，随即再度绷起，来来回回地起伏。\n她全身的肌肉一齐抽搐紧绷，肩背僵直，小腹的肌肉一下下地剧烈痉挛。\n双腿失控地绷直又蜷起，脚跟无力地乱蹬，手指痉挛着紧紧抓握。\n翻腾而出的肠液又多又烫，成股地涌溢而下，随着{anal}的猛烈绞缩还小幅地喷洒出来。\n她的呼吸彻底乱了节奏，急喘连连，脸颊涨红，五官因剧烈的抽搐而扭曲失控。
2007,action_part_a_orgasm_strong_B,0,CVP_A2_T|107_E_1,{SceneName}里，已嫁为人妇的{TargetName}的身体骤然绷紧，接着剧烈地弹跳颤动。\n{anal}失控地连续痉挛，一收一放地疯狂绞紧，括约肌翻卷般地翕张不停。\n她的腰部一次次深深弓起，弓到极限后又瘫软塌陷，紧跟着再度高高弓起。\n全身的肌肉强烈地抽搐绷紧，脖颈后仰，小腹随着痉挛一波波地起伏抽动。\n她的四肢剧烈而失控地颤抖，双脚胡乱地蹬踏，脚趾用力地蜷曲。\n大量温热的肠液伴着一阵阵绞缩不断涌出，淋漓地淌落，甚至小幅地喷溅而出。\n她的呼吸紊乱急促，胸膛剧烈地上下起伏，面部表情完全失控，双眼失神地睁大又紧闭。
2008,action_part_a_orgasm_strong_B,0,CVP_A2_T|107_E_1,人妻{TargetName}的躯体猛然一颤，随即陷入一连串失控的剧烈抽搐。\n{anal}疯狂地一下下痉挛收缩，括约肌不受控制地反复绞紧又松弛，绷得极紧再骤然放开。\n她的腰肢深深弓起又重重瘫落，如此反复地起伏挣动，脊背一次次绷成紧弓。\n全身肌肉强烈地紧绷抽搐，四肢僵直，小腹的皮肉一阵阵地剧烈跳动。\n她的双腿失控地颤栗乱蹬，脚掌无力地抽动，双手死死攥紧又松开。\n成股滚烫的肠液顺着痉挛翻涌而下，量多得惊人，随着括约肌的猛烈绞缩还小幅喷出。\n她的呼吸又急又乱，喘息声连成一片，脸上的神情彻底失守，眉眼皱作一团。
2009,action_part_a_orgasm_strong_B,0,CVP_A2_T|107_E_1,已为人妇多年的{TargetName}整个身子剧烈地弹动挣扭，怎么也停不下来。\n{anal}一波接一波地疯狂绞缩痉挛，括约肌急促地收紧张开，翕动个不停。\n她的后腰猛地深深弓起，撑到极致又倏然瘫软，随即再一次绷起，反复不休。\n她全身的肌肉都强烈地抽搐绷紧，肩膀耸动，小腹随着一阵阵痉挛而剧烈起伏。\n四肢失控地大幅颤抖，双脚无意识地乱蹬乱踹，脚趾蜷得发抖。\n翻涌而出的肠液又多又热，一股股淋漓地流淌，伴着{anal}的绞缩小幅地喷洒开来。\n她的呼吸彻底失序，急喘不止，脸颊绯红，五官因剧烈快感的冲击而抽搐扭曲。

2010,action_part_a_orgasm_strong_B,0,CVP_A2_G_E_0,{TargetName}的娇躯毫无征兆地剧烈绷紧，{anal}猛地一下接一下地深深绞缩，括约肌疯狂地翕张收束，一圈圈痉挛连成密集的浪，久久不能平息。\n她的腰肢深深地弓起，脊背弯成一道紧绷的弧线，维持了半晌又骤然瘫软下去，紧接着再度弓起，如此反复。\n两条细腿无法自控地剧烈颤抖，脚趾死死向内蜷曲扣紧，双膝一会儿并拢一会儿又失控地蹬开，小腿的肌肉一阵阵抽搐绷直。\n她的双手胡乱地攥紧了触手可及之物，指节因用力而泛白，指尖深深掐陷进去。\n大量温热的肠液自{anal}深处汹涌涌出，顺着痉挛的腿根一道道流淌，间或还伴着小幅的喷溅，濡湿了一大片。\n她的胸膛随着紊乱急促的呼吸剧烈起伏，脖颈向后仰起，喉头滚动，脸上的神情彻底失了控，眉心紧蹙，唇齿间溢出断续的颤抖气音。
2011,action_part_a_orgasm_strong_B,0,CVP_A2_G_E_0,{anal}剧烈而不受控制地连续深痉，一下下疯狂绞紧又翕张，括约肌收束的节奏乱得没了章法，痉挛一波压着一波向深处翻涌。\n{TargetName}整条腰身猛地向上顶起，弓成满绷的弧度，撑持片刻便无力地塌落，随即又被下一阵痉挛重新拽起，反复起伏个不停。\n她的四肢失控地乱颤，两腿时而死死夹拢时而胡乱蹬动，脚背绷得笔直，脚趾一次次痉挛似的抠紧。\n纤细的手指攥成了拳，又猛地张开，指尖无处安放地抓挠着，手臂上的肌肉一阵阵绷紧发颤。\n伴随着{anal}凶猛的绞缩，大量滚烫的肠液奔涌而出，沿着颤抖不止的大腿内侧蜿蜒滑落，其间还夹着几分小幅的喷溅，将腿根濡得湿漉漉的。\n她的呼吸急促而紊乱，胸口大幅起伏，脖颈青筋微凸，面部的肌肉止不住地抽搐，五官都因这场剧烈的绝顶而扭曲失序。
2012,action_part_a_orgasm_strong_B,0,CVP_A2_G_E_0,{TargetName}的身子骤然弹起又剧烈战栗，{anal}深深地绞缩痉挛，一阵接一阵疯狂地收紧翕张，括约肌失控地反复绞缩，牵动整个下腹密集地抽动。\n她的腰部深深弓起后又猛地瘫软，脊背一次次弯成绷紧的弓形，臀肌随着{anal}的痉挛节奏剧烈地收缩抖动。\n双腿失控地颤抖乱蹬，膝盖不受控制地屈伸，脚踝绷得紧紧的，脚趾一遍遍蜷曲又张开。\n她的十指痉挛似的收拢，死死揪住身边的一切，指节泛白，手臂绷得笔直发着抖。\n大量温热的肠液自{anal}深处一股股涌淌而出，还伴着小幅的喷洒，顺着抽搐的腿根流成了湿痕。\n她的胸膛随急促失序的喘息剧烈起伏，头颅无力地后仰又侧偏，脸上神色彻底失控，眉头死死拧紧，唇边溢出一串颤栗不止的气音。
2013,action_part_a_orgasm_strong_B,0,CVP_A2_G_E_0,{anal}毫无节制地连续剧烈痉挛，一下深过一下地绞紧，括约肌疯狂翕张收束，密集的收缩波一圈圈向内深处卷去，久久不歇。\n{TargetName}的腰肢反复深深弓起又软塌下来，整条脊背绷成紧张的弧线，随着痉挛一次次起伏颤动。\n她的两条细腿剧烈地打着颤，一会儿并拢夹紧一会儿失控蹬开，小腿肌肉一阵阵抽搐，脚趾狠狠向内抠蜷。\n双手无意识地胡乱抓攥，指尖深深掐进掌心或身边之物，手背筋脉凸起微微发颤。\n随着{anal}的猛烈绞动，大量滚烫的肠液奔涌溢出，间中夹着小股的喷溅，濡湿了颤抖的腿根一大片。\n她的呼吸乱作一团，胸口急促起伏，脖颈向后深仰，面部肌肉不住地抽搐痉挛，眉心紧锁，齿间漏出断续而失控的颤抖喘息。
2014,action_part_a_orgasm_strong_B,0,CVP_A2_G_E_0,{TargetName}整具娇躯剧烈地绷直又战栗，{anal}疯狂而失控地深深绞缩，一波波密集的痉挛裹挟着括约肌不停翕张收束，抽搐得连成一片。\n她的腰部一次次向上高高弓起，弓成满绷的弧度后又骤然瘫软塌陷，如此循环往复，臀部随之剧烈收缩抖动。\n双腿无法自控地乱颤乱蹬，膝盖屈伸不定，脚背时而绷直时而痉挛，脚趾一遍遍紧紧蜷扣。\n她的手指痉挛般攥拢又张开，胡乱地抓住触得到的一切，指节因过度用力而发白掐陷。\n大量温热的肠液自{anal}深处汹涌淌出，还夹着几缕小幅的喷洒，顺着不停颤抖的大腿蜿蜒流下，濡出一片湿意。\n她的胸膛随紊乱急促的呼吸大幅起伏，脖颈后仰喉结滚动，脸上的表情彻底失了序，眉头拧成一团，唇齿间断断续续地溢出失控的颤音。

2015,action_part_a_orgasm_strong_B,0,CVP_A2_G_E_1,{TargetName}的整个身子猛地向后弓成一道紧绷到极致的弧线，{anal}随即剧烈而完全不受控制地连续痉挛收缩起来。\n那圈紧致的括约肌疯了一般地绞缩翕张，一下接一下失控地吞吐开合、翻搅蠕动，将大量温热黏稠的肠液一股股地挤涌排泄而出，甚至伴随着一小幅一小幅的喷溅飞洒，顺着颤抖的股缝不住地滑落。\n她全身的肌肉都强烈地抽搐紧绷，腰部反复地深深弓起随即又骤然重重瘫软下去，如此往复不停，两条大腿失控地打颤乱蹬、时而并拢时而张开，脚趾死死地蜷曲成一团。\n{TargetName}的十指痉挛般地死死抠紧，指节根根泛白，纤细的脖颈徒劳地向后仰起，喉间溢出一串又一串断续而急促的气音，胸口剧烈地起伏喘息、久久不能平息。\n她的身子不由自主地朝着{Name}的方向蹭挪贴靠过去，脸上的神情彻底失了控制，眉头紧紧蹙起而唇瓣微微张开，{anal}仍在一阵阵地绞紧抽搐个不停，浓稠的肠液顺着痉挛不断地汩汩涌淌溢出。
2016,action_part_a_orgasm_strong_B,0,CVP_A2_G_E_1,{TargetName}的腰肢猛然向上一挺，紧接着{anal}便疯了似的剧烈绞缩起来，那一收一缩的幅度凶狠得远远超出了寻常。\n那处敏感的媚肉完全不受控制地连番痉挛抽搐，括约肌如翻涌的潮水般一张一翕、一开一合，把浓稠滚烫的肠液大股大股地挤涌排出，顺着不住颤抖的臀缝汩汩地滑落淌下、绵绵不绝。\n她的四肢猛地绷得笔直随即又剧烈地打颤发抖，后背一次又一次地深深弓起再重重地塌软下坠，两条腿无意识地胡乱蹬动踢挞，整个纤细的身躯都在失控地剧烈抖颤。\n{TargetName}高高地仰着脖子，双手在身侧胡乱地抓握攥紧、无处安放，急促的呼吸乱成了一片，从鼻腔里一阵阵地泄出破碎而慌乱的鼻息，光洁的额角上渗出了一层细密的汗珠。\n她的身体本能地朝着{Name}偎依蹭近、贴靠过去，两颊烧得绯红而表情彻底失守，{anal}依旧一下下地痉挛吞吐着，滚烫的肠液不住地涌流溢出、止也止不住。
2017,action_part_a_orgasm_strong_B,0,CVP_A2_G_E_1,{TargetName}猝然间浑身一僵，紧接着{anal}就剧烈无比地连续抽搐痉挛起来，那收缩的力道凶猛暴烈而毫无半分节制。\n那圈括约肌像疯了似的死死绞紧又倏然松开，反反复复地翕张吞吐、开合蠕动，将大量温热黏腻的肠液一波接一波地挤涌喷淌而出，甚至一小股一小股地飙溅开来、四处飞洒。\n她的全身肌肉都强烈地绷紧抽搐、绷成一片，腰部深深地弓成一道弓形之后又无力地瘫软下坠，双膝不受控制地忽而内夹忽而外张，两条小腿失控地痉挛乱颤个不停。\n{TargetName}的十指狠狠地掐进自己的掌心，牙关死死咬紧又倏然松开，急促的喘息一声紧接着一声，喉咙深处不住地滚出压抑而破碎的呜咽气音，浑身上下都被汗意浸得发亮。\n她无意识地扭动着腰身朝{Name}的方向靠拢挪蹭过去，整张面孔的表情完全崩解涣散，{anal}仍旧一阵接一阵地猛烈绞缩，浓稠的肠液顺着抽搐涔涔地渗流淌出。
2018,action_part_a_orgasm_strong_B,0,CVP_A2_G_E_1,{TargetName}的整个身躯剧烈地一震，{anal}顿时完全不受控制地连续收紧痉挛起来，那绞缩的节奏又急又猛、密不透风。\n紧致的括约肌狂乱无比地一缩一放、一绞一松，如翻搅的浪潮般吞吐开合，浓稠滚烫的肠液大量地从中挤涌淌泄而出，随着每一次剧烈的痉挛还小幅地喷洒飞溅、四下溅落。\n她的四肢猛然绷得紧绷再失控地发颤抽搐，纤细的腰肢反反复复地深深弓起又软塌下去，两条腿痉挛着胡乱蹬踢、乱蹬乱动，脚背绷成了一道僵直紧张的弧度。\n{TargetName}的双手死死地揪住不放、指尖发白，两肩剧烈地耸动颤抖，呼吸紊乱急促到几近断续，从紧咬的齿缝间漏出一连串破碎慌乱的气声，浑身汗涔涔地颤个不停、抖个不住。\n她的躯体不由自主地朝着{Name}倾靠贴挤过去，神色彻底失控而双眸失焦涣散，{anal}依然一下接一下地疯狂绞紧抽搐，滚烫的肠液源源不断地涌溢排泄而下。
2019,action_part_a_orgasm_strong_B,0,CVP_A2_G_E_1,{TargetName}整个人猛地绷成了一张拉满的弓，{anal}随之剧烈而彻底失控地一波接一波痉挛收缩起来。\n那处紧致的括约肌疯狂地绞缩翕张、绞紧松开，一开一合地吞吐蠕动个不停，将温热黏腻的肠液成股成股地挤涌排泄而出，甚至伴着一小幅一小幅的喷溅，四散飞落、点点滴滴。\n她全身的肌肉都强烈地紧绷又剧烈地抖颤震荡，后腰深深地弓起随即又整个彻底地瘫软塌陷下去，两条腿无力地胡乱蹬动乱颤，纤细的脚趾死死地蜷缩成一团。\n{TargetName}的两只手痉挛般地死死抠攥，喉头上下不住地滚动吞咽，急促的呼吸支离破碎、断断续续，胸腔一起一伏地剧烈喘息，鼻尖与额角沁出了一层涔涔的汗意。\n她本能地蹭动着腰身朝{Name}贴依靠拢过去，整张脸上的表情彻底失守而烧得通红，两片唇瓣哆嗦着无声地一张一合，{anal}还在一阵接一阵地猛烈绞缩吞吐、翕张开合，浓稠滚烫的肠液不停歇地汩汩溢淌流出、绵绵不止。

2020,action_part_a_orgasm_strong_B,0,CVP_A2_G_E_2,{TargetName}的娇躯毫无预兆地剧烈弹动起来，{anal}不受控制地连续深深痉挛，环状的括约肌疯狂地绞缩又翕张，一圈圈地收束抽搐个不停。\n她的腰背猛地深深弓起，绷成一道紧绷的弧线，随即又脱力般重重瘫软下去，如此反复了好几回。\n两条大腿失控地痉挛颤抖，脚趾用力地蜷缩扣紧，小腿的肌肉一阵阵抽搐绷直，连脚踝都在打颤。\n随着{anal}一波波疯狂的绞缩，大量温热浓稠的肠液汹涌地翻涌而出，顺着颤动的股缝大股大股地淌落，甚至被绞缩的力道逼得微微喷溅出来，淋漓地打湿了底下一大片。\n她的十指死死攥紧，指节泛白，胸膛随着紊乱急促的喘息剧烈起伏，脖颈向后仰起绷得笔直，脸颊却本能地偏转向一侧躲开了他的视线，牙关狠狠咬住下唇，细密的汗珠沿着颤抖的脊背滑落，全身的肌肉一齐紧绷战栗，整张面孔在剧烈的抽搐里彻底失了控，长睫不住地簌簌颤动。
2021,action_part_a_orgasm_strong_B,0,CVP_A2_G_E_2,一阵猛烈的战栗贯穿了{TargetName}的全身，{anal}骤然剧烈地收缩绞紧，括约肌不受控地一开一合疯狂翕动，深深地抽搐个不住。\n她的腰肢高高弓起后又猝然塌陷，来回起伏了数次，臀部随着{anal}的痉挛节奏剧烈地颤抖抽动。\n双腿在半空中失控地乱蹬颤栗，膝盖不住地打颤，脚趾一次次痉挛地绷直又蜷曲。\n伴着{anal}一下下深重的绞缩，滚烫的肠液成股地奔涌淌出，量大得惊人，被收束的力道挤压得小幅喷洒出来，顺着抖动的腿根蜿蜒流下。\n她的双手胡乱抓握，攥住了触手可及的一切，指尖深深掐陷，呼吸紊乱得几乎岔了气，胸口大幅急促地起伏喘动，仰起的下巴微微发颤，嘴唇张合着溢出断续的颤音，眼睫低垂着遮住了慌乱躲闪的目光，脸颊上潮红漫布，额角沁出细汗，整具身子在连绵的抽搐中一波波地绷紧又松脱。
2022,action_part_a_orgasm_strong_B,0,CVP_A2_G_E_2,{TargetName}整个人猛地痉挛起来，{anal}疯狂而不受控地连连深缩，环肌一圈圈地剧烈绞紧翕张，一下比一下更凶猛地抽搐收束。\n她的脊背反复深深弓成弯弧，又一次次脱力地摊软下去，腰腹的肌肉随之剧烈地抽动收紧。\n两条腿绷得笔直而后又失控地颤抖蹬动，大腿内侧的肌肉一阵阵抽搐，脚趾扣得死紧。\n随着{anal}一波高过一波的绞缩，大量浓稠温热的肠液喷涌般淌出，顺着痉挛的股沟大股滑落，被绞缩挤逼得微微飞溅，将下方濡湿了一大片。\n她的手指痉挛地收拢成拳又骤然张开，反反复复地攥握，急促紊乱的喘息从起伏剧烈的胸膛间冲出，颈项向后绷紧仰起，面颊烫红着偏开去不敢正对着他，牙齿轻咬着颤抖的下唇，睫毛剧烈地扑闪，整张脸在无法自控的抽搐里尽显失态，细汗顺着鬓角滚落。
2023,action_part_a_orgasm_strong_B,0,CVP_A2_G_E_2,猛烈的抽搐一波波席卷{TargetName}的娇体，{anal}不受控制地深深绞缩，括约肌疯狂地翕张开合，密集而剧烈地痉挛收束着。\n她的腰背骤然弓起绷成紧弧，随后又软塌下去，反复地起伏挣动，圆翘的臀肉随着{anal}的抽搐簌簌乱颤。\n双腿失控地痉挛乱蹬，膝头相互磕碰又分开，脚背绷直，脚趾一遍遍地蜷缩勾紧。\n随着{anal}深重而连续的绞缩，成股的滚烫肠液汹涌溢出，量多得顺着颤抖的腿根蜿蜒淌满，甚至被收缩的力道逼得小幅喷溅而出。\n她双手死死揪紧，指节因用力而泛白发青，呼吸彻底乱了章法，胸脯剧烈起伏喘动，脖颈后仰绷紧，脸庞却微微侧转躲避着对面的目光，下唇被牙关咬得发白，眼睫低垂颤抖，额头与颈窝沁出细密的汗珠，整副身躯在接连不断的绷紧与瘫软之间剧烈战栗。
2024,action_part_a_orgasm_strong_B,0,CVP_A2_G_E_2,{TargetName}的身体骤然绷成一张满弓，{anal}疯狂地连续深缩痉挛，环状括约肌一圈圈地剧烈绞紧又猛然翕开，抽搐得毫无章法。\n她的腰肢深深弓起再重重塌软，如此往复了数回，小腹的肌肉一阵紧过一阵地抽动收缩。\n两腿失控地颤栗蹬动，大腿根不住地打颤，脚趾用力扣紧到发白，连脚心都在痉挛。\n伴随着{anal}一浪接一浪的凶猛绞缩，大量黏稠温热的肠液奔涌而出，大股大股顺着抖动的股缝滑落，被绞压得微微喷洒开来，淋漓濡湿了一片。\n她的双手胡乱地攥握抓挠，十指痉挛地掐紧，喘息急促而紊乱，胸口起伏得几乎失序，脖子向后绷直仰起，滚烫的脸颊别向一旁避开了他的注视，牙齿死死咬住下唇，长长的睫毛剧烈地颤抖着，鬓边细汗涔涔，整具娇躯在连绵剧烈的抽搐中一次次地失控战栗。

2025,action_part_a_orgasm_strong_B,0,CVP_A2_G_E_3,成为{Name}恋人后的{TargetName}娇躯猛地绷成一张满弓，{anal}毫无预兆地剧烈痉挛起来，一波接一波不受控制地连续收紧又骤然松开。\n环状的括约肌疯狂地绞缩翕张，一圈圈痉挛的褶皱急促地开合，将那份剧烈的收缩清晰地暴露出来。\n她全身的肌肉在这一刻强烈地抽搐绷紧，脊背反复深弓成极致的弧度，随即又骤然瘫软塌落，如此起伏了好几个来回。\n两条腿失控地颤抖乱蹬，脚趾死死向内蜷扣，纤细的十指本能地攥住身边的爱人，指节因用力而根根泛白。\n伴随着{anal}那疯狂的绞缩，大量温热的肠液汩汩涌出，甚至随着一次次剧烈的收缩小幅喷洒出来，濡湿了整片肌肤。\n她的胸膛剧烈起伏着，呼吸急促而紊乱，脸上的神情彻底失了控，双唇大张，五官皱成一团，整具身子在这场远超寻常的强烈痉挛中失控地颤栗不止。
2026,action_part_a_orgasm_strong_B,0,CVP_A2_G_E_3,刚与{Name}相恋的{TargetName}周身骤然一僵，{anal}便陷入了一阵剧烈而失控的连续抽搐，收缩的幅度远比寻常时凶猛。\n紧窄的括约肌一圈圈疯狂地绞紧又翻张，密集的痉挛沿着穴口一波波炸开，急促得几乎没有半分停歇。\n她全身的肌肉猛然绷成一片，四肢僵直地抽搐着，腰肢一次次深深弓起而后又无力地砸落，反复地起伏塌陷。\n两条大腿痉挛着向内死死夹紧又倏地弹开，脚背绷得笔直，脚趾一根根扣曲，双臂发着抖攀紧了自己的恋人，五指深深掐进对方的脊背。\n随着{anal}那狂乱的绞缩翕张，成股的肠液被一下下挤涌而出，伴着剧烈的收缩微微喷溅，顺着颤动的腿根淌落一大片。\n她的呼吸乱作一团，胸口大幅耸动，面部彻底失控地扭曲着，眉头紧蹙，嘴角失守，整个人在这远胜普通绝顶的强烈震颤里抖个不停。
2027,action_part_a_orgasm_strong_B,0,CVP_A2_G_E_3,确立了恋人名分的{TargetName}纤腰骤然向上弹起，{anal}毫无节制地连番痉挛，剧烈的收缩一下紧过一下地翻涌不休。\n收束的括约肌疯狂地绞缩开合，一环环的褶皱急骤地翕动，把那股失控的抽搐赤裸裸地展露出来。\n她浑身的肌肉一齐强烈抽紧，背脊深深弓成满弓后又猛地瘫软下去，如此反复了数次仍止不住地起伏。\n一双腿不受控制地乱蹬颤抖，膝盖抖得相互磕碰，脚趾紧紧蜷缩，双手死死环住身边的爱人，指尖用力得掐出了红痕。\n{anal}在这疯狂的绞紧中大量涌出温热的肠液，随着一波波剧烈的痉挛小幅喷淌，将颤栗的臀腿浸得湿漉漉的。\n她胸膛急促地起伏，喘息紊乱而粗重，脸上的表情再也维持不住，双眼失神地半张，唇舌微露，整具娇躯在这远超以往的猛烈绝顶中失控地痉挛颤动。
2028,action_part_a_orgasm_strong_B,0,CVP_A2_G_E_3,与{Name}热恋中的{TargetName}身子猝然一挺，{anal}立时爆发出一连串剧烈而无法遏制的痉挛收缩，绞紧的力道远胜平日。\n那圈括约肌疯狂地翕张绞缩，密匝匝的褶皱一开一合地急速抽动，将剧烈的收缩节奏毫无保留地显露。\n她全身肌肉骤然绷成僵直的一片，腰部深深弓起再重重砸落，接连数次地弓弓塌塌毫不停歇。\n两腿痉挛着乱蹬乱颤，脚踝绷得死紧，脚趾根根扣曲，双臂发颤地紧紧缠住自己的恋人，十指深深揪住对方不肯松开。\n伴着{anal}那狂乱的绞缩，汹涌的肠液大量汩汩溢出，随剧烈的收缩微微喷洒而出，顺着抽搐的腿股蜿蜒淌落。\n她的呼吸急促得近乎破碎，胸口剧烈起伏，脸上神情彻底失守，眉眼皱拢，嘴唇哆嗦，整副身躯在这远远盖过普通绝顶的强烈颤栗里抖动不休。
2029,action_part_a_orgasm_strong_B,0,CVP_A2_G_E_3,新恋的{TargetName}腰肢陡然弓成一道紧绷的弧，{anal}毫无预警地剧烈连续痉挛，收紧的幅度一次比一次凶狠。\n窄缩的括约肌疯狂地绞缩翻张，一圈圈痉挛的软肉急促地开合翕动，把那阵失控的抽搐彻底暴露无遗。\n她周身的肌肉一同猛烈绷紧抽搐，脊背反复地深弓又瘫软，起起伏伏地塌陷了好几回。\n一双腿失控地颤抖蹬动，大腿根痉挛着一夹一松，脚趾狠狠向内蜷扣，双手死死环抱住身旁的爱人，指节根根发白。\n{anal}在这疯狂的绞紧翕张里涌出大量滚烫的肠液，伴着一下下剧烈的收缩小幅喷溅，将颤栗的臀腿浇得一片濡湿。\n她胸膛大幅起伏，气息急促而散乱，面部再难自控地扭曲着，双目失神微睁，唇齿轻颤，整具身子在这远胜寻常的强烈绝顶中痉挛失控地不住战栗。

2030,action_part_a_orgasm_strong_B,0,CVP_A2_G_E_4,与{Name}相守相依的{TargetName}猛地弓起了腰，脊背绷成一道紧绷的弧线，随即又骤然瘫软下去，紧接着再度深深弓起。\n{anal}剧烈而不受控制地连续痉挛，括约肌疯狂地绞缩翕张，一圈圈猛地收紧又倏地松开，反复不休。\n她全身的肌肉都强烈地抽搐绷紧，小腹一下下深深凹陷，双腿失控地颤抖乱蹬，脚趾死死蜷缩起来又倏地张开。\n大量温热的肠液从{anal}深处成股地汩汩涌出，甚至伴着一小股喷溅淋漓地淌落，沿着大腿内侧蜿蜒滑下。\n她的呼吸急促而紊乱，胸口剧烈起伏，表情彻底失控，眉头拧紧，唇齿间溢出破碎的气音。\n一只手死死反握住身旁爱人的手指，指节因过度用力而泛白，另一只手徒劳地抠挠着，整个身子在连绵不绝的抽搐里一次次痉挛颤栗，久久无法平息。
2031,action_part_a_orgasm_strong_B,0,CVP_A2_G_E_4,深爱着{Name}的{TargetName}后仰起头颅，颈项拉出一道紧绷的曲线，喉间挤出一声声压抑不住的呜咽。\n{anal}疯狂地绞缩翕张，括约肌一阵紧似一阵地痉挛收束，收得极紧后又猛地松弛，如此往复不停。\n她的腰身反复深深弓起，随后又整个瘫软塌陷下去，腹部的肌肉随之一波波剧烈起伏抽动。\n{anal}深处大量肠液温热地喷涌而出，一股接一股地喷洒淌流，将臀缝与股间浸得一片淋漓。\n她的双腿绷得笔直，脚跟死死抵住，随即又失控地痉挛蜷曲，十指深深攥进爱人的掌心，攥得关节咯咯作响。\n汗珠顺着她剧烈起伏的身躯滚落，整张脸失控地扭曲，睫毛剧烈颤动，全身在无法平息的连续抽搐中颤栗不止。
2032,action_part_a_orgasm_strong_B,0,CVP_A2_G_E_4,与{Name}相濡以沫的{TargetName}猛然绷紧了整个身躯，四肢瞬间僵直，随即又一寸寸失控地颤抖起来。\n{anal}不受控制地剧烈痉挛，括约肌一圈圈疯狂地绞紧翕张，收缩的幅度大得肉眼可见地翕动起伏。\n她的腰肢深深弓成弯月，紧绷到极致后又骤然塌软，小腹的肌肉猛烈地凹陷又鼓起，反复抽搐。\n大量肠液自{anal}成股涌流而出，伴着一小股迸溅噗噗淌落，温热地糊满了她颤抖的股间。\n她的双腿大张又猛地夹紧，脚趾用力抠张，一只手紧紧攀住爱人的臂膀，指甲深深掐进皮肉里。\n她的呼吸彻底乱了节拍，胸口急促起伏，唇瓣半张，口涎顺着嘴角滑下，整个人在剧烈的连续抽搐里久久痉挛。
2033,action_part_a_orgasm_strong_B,0,CVP_A2_G_E_4,与{Name}生死相守的{TargetName}整个人猛地弹起又重重落下，脊背在弓起与瘫软之间反复地剧烈起伏。\n{anal}连续不断地痉挛绞缩，括约肌以惊人的力度一收一放地翕张，每一次收束都紧得几乎痉挛成结。\n她全身的肌肉强烈地抽搐紧绷，肩背、臀腿层层收紧，随后又一波波失控地颤抖松弛下来。\n{anal}深处大量温热的肠液汩汩喷涌，一股股喷溅而出，淋漓地顺着颤抖的大腿内侧蜿蜒滑落。\n她的双腿失控地乱蹬乱颤，脚跟一下下抵蹬，双手紧紧扣住爱人的身躯，指节泛白地攥得死紧。\n她的呼吸急促紊乱到近乎断续，脸颊涨红，五官扭曲失控，整具身子在绵绵不绝的抽搐痉挛中颤栗良久。
2034,action_part_a_orgasm_strong_B,0,CVP_A2_G_E_4,愿为{Name}倾尽一切的{TargetName}猛地绷直了全身，腰腹陡然收紧，随即整个人失控地颤抖颤栗起来。\n{anal}剧烈而毫无节制地连续痉挛，括约肌疯狂地绞缩翕张，一圈圈死死收紧又猛然松开，翕动不止。\n她的腰身一次次深深弓起又骤然瘫软，小腹的肌肉随之剧烈地凹陷鼓胀，一下下痉挛抽动。\n大量肠液从{anal}成股温热地涌流喷洒，甚至夹着小幅的喷溅噗噗淌落，将臀股间浸得湿淋淋一片。\n她的双腿绷紧又失控乱蹬，脚趾蜷缩张开，一只手死死反扣住爱人的十指，另一只手无力地抓挠着空气。\n她的呼吸乱作一团，胸膛剧烈起伏，睫毛与嘴唇不住颤抖，整个身子在无法停歇的连续抽搐里颤栗痉挛许久。

2035,action_part_a_orgasm_strong_B,0,CVP_A2_G_E_-1,身为部下的{TargetName}整个身子猛地绷成一张满弓，{anal}剧烈而不受控制地连续痉挛起来，括约肌一圈圈疯狂地绞缩又翻张。\n她的小腹深处一阵接一阵地剧烈抽搐，腰部反复深深地弓起又无力地瘫软下去，如此往复了好几轮。\n两条腿失控地颤抖着乱蹬，脚趾死死地蜷曲扣紧，膝盖不住地打着颤。\n大量滚烫的肠液顺着{anal}的猛烈绞缩汹涌地涌流而出，甚至伴着括约肌的翕张小幅地喷溅了出来，淋漓地淌了一片。\n她的手指痉挛似地攥紧，指节因用力而泛白，脖颈因绷紧而青筋隐现，脸别向一侧咬紧了牙关，急促紊乱的呼吸从齿缝间一下下艰难地漏出，整张脸的神情彻底失了控，唯有那副不肯松开的紧绷姿态还残留着几分抗拒的痕迹。
2036,action_part_a_orgasm_strong_B,0,CVP_A2_G_E_-1,被上司命令着的{TargetName}腰肢猛然一挺深深弓起，{anal}疯狂地绞缩翕张，一波未平一波又起地连续痉挛个不停。\n那圈括约肌像是失了控般狠狠收紧又骤然松开，反复地翻搅蠕动。\n她整副躯体的肌肉都强烈地抽搐绷紧，后背弓成弧线又猛地塌软，接连起伏了数次。\n四肢无法自控地剧烈颤抖，双脚绷直了乱蹬乱踹，大腿根死死夹紧又猛地弹开。\n浓稠的肠液随着{anal}一下下的狠命绞缩大股地奔涌泻出，翻搅的括约肌间还小幅地喷溅出几缕，濡湿了一大片。\n她的双手死死抓紧，指尖深深掐陷进去，牙关咬得死紧，头偏向一旁避开视线，胸口随着急促失序的喘息剧烈起伏，全身绷得笔直的姿态透着一股倔强的僵硬。
2037,action_part_a_orgasm_strong_B,0,CVP_A2_G_E_-1,心怀抵触的{TargetName}身子骤然一僵而后剧烈地颤动起来，{anal}不受控制地一阵阵狠狠绞缩，括约肌疯狂地收缩又翕张个不停。\n她的小腹反复深深地凹陷抽搐，腰部一次次高高弓起随即又瘫软塌下。\n绷紧的双腿失控地打颤乱蹬，脚尖用力向内勾绷，脚趾蜷缩得死紧，膝盖不住地哆嗦。\n大量热烫的肠液顺着{anal}猛烈的绞缩翻涌而出，随着括约肌一张一合小幅地溅飞开来，淋漓地流淌下去。\n她五指痉挛着收拢紧攥，指节泛出青白，喉头随着艰难的吞咽上下滚动，脸别过去咬着下唇，紊乱急促的呼吸一声声从鼻间逼出，绷直的脊背与死死并拢又颤抖的双膝维持着一副强撑的僵直模样，那身抗拒的姿态在剧烈的颤栗中一点点被撑裂。
2038,action_part_a_orgasm_strong_B,0,CVP_A2_G_E_-1,勉强顺从的{TargetName}整条脊背猛地绷直弓起，{anal}剧烈地连续痉挛绞缩，那圈括约肌一遍遍疯狂地缩紧又松张。\n她小腹的肌肉一波波地剧烈抽搐凹陷，腰身反复地深深弓起又软塌下去，如此起伏不休。\n两腿不受控制地剧烈颤抖，双脚绷紧了乱蹬，脚趾狠狠扣拢蜷曲，大腿一次次痉挛似地夹紧。\n滚烫黏腻的肠液随着{anal}一下下狠命的绞缩汹涌地涌泻而出，翻张的括约肌间还小幅喷溅出几股，濡湿了腿根一片。\n她的手指用力攥成拳头，指甲深深掐进掌心，肩头绷得僵硬，脸扭向一边死死咬着牙，急促而紊乱的气息一下下急喘着漏出，整个人绷成一副僵直抗拒的姿态却止不住地颤个不停。
2039,action_part_a_orgasm_strong_B,0,CVP_A2_G_E_-1,不情愿地承受着的{TargetName}身躯猛地一挺剧烈痉挛，{anal}狠狠地绞缩翕张，一阵接一阵地收紧翻搅停不下来。\n她腹部的肌肉深深地凹陷又鼓起，反复抽搐个不停，腰肢高高弓成满弓随即又无力地瘫软。\n四肢失控地颤抖乱蹬，双膝哆嗦着相互撞碰，脚趾紧紧蜷缩勾绷，小腿肌肉一根根绷得死紧。\n大量温热的肠液顺着{anal}猛烈的绞缩大股奔涌而下，随着括约肌的疯狂翕张小幅地溅出，淋漓地流成一片。\n她双手死死攥紧了触手可及之物，指节根根泛白，牙关咬得咯咯作响，头别向一侧不去看人，胸膛随着失序的急喘剧烈起伏，全身僵直紧绷的姿态与失控的颤栗一同暴露出她那份压不住的抗拒。

2040,action_part_a_orgasm_strong_B,0,CVP_A2_G_E_-2,{anal}猛然剧烈地痉挛起来，一圈括约肌疯狂地绞缩又翕张，一收一放的幅度大得几乎失控。\n{TargetName}的腰部深深地弓起，弯成一道紧绷的弧线，随即又猛地瘫软塌下，接着再一次高高弓起，如此反复起伏。\n她两条腿失控地颤抖乱蹬，脚趾死死向内蜷曲扣紧，大腿根的肌肉一阵阵痉挛绷硬。\n全身的肌肉都强烈地抽搐绷紧，脊背绷成僵直的一条，肩胛高高耸起。\n{anal}深处大股大股的肠液不受控制地奔涌而出，顺着股缝汹涌淌落，甚至夹着小幅的喷洒溅出。\n她的双手死死攥紧，指节泛白，指尖深深掐进掌心，手背青筋凸起。\n呼吸急促而紊乱地喘息起伏，胸膛剧烈地一耸一耸，脸上的神情彻底失了控，眉头紧锁，唇齿微微张开又骤然咬紧。\n她的头颅猛地向后仰去，颈项拉出一道紧绷的曲线，下颌高高扬起。\n汗水从她绷紧的脊背与额角不住地沁出，顺着颤动的肌肤一道道滑落。\n双膝时而向内并拢时而无力地朝两侧滑开，小腿的肌肉一阵阵抽搐紧绷。\n{anal}一波接一波地连续收缩绞紧，臀肉随着每一下痉挛而剧烈地抖颤颠动，随后又猛地翕张开来，肠液再度成股地涌淌而下。
2041,action_part_a_orgasm_strong_B,0,CVP_A2_G_E_-2,{TargetName}的{anal}疯狂地翕张绞缩，括约肌一圈圈地剧烈痉挛，收放之间的幅度大得毫无章法。\n她的腰肢猛地深深弓起，弯出一道极深的弧度，紧接着骤然瘫软下去，紧绷与松垮反复交替。\n两条大腿剧烈地颤抖着向两侧乱蹬，膝盖时而蜷起时而绷直，脚背绷得死紧，脚趾一次次痉挛蜷曲。\n她背脊绷直，肩头耸起，全身肌肉一阵阵强烈地抽搐收缩，连小腹都随之剧烈地起伏抽动。\n{anal}深处，大量滚烫的肠液汹涌地涌溢流淌，成股地顺着臀缝淌下，间或伴着小幅的喷溅。\n她的手指痉挛地收拢攥紧，攥住身侧的一切死死不放，指节根根泛白。\n急促而失序的喘息从胸腔里猛烈地涌出，胸膛大幅地起伏颠动，面部的肌肉止不住地抽搐，眼睑颤动，唇瓣失控地翕合。\n她的脖颈向后拗成紧绷的弧度，喉间的线条随着吞咽微微滚动，额发被汗水濡湿黏在脸侧。\n两条手臂僵直地撑着又打颤，肘弯一阵阵发软，肩胛骨在皮肤下高高凸起又抽动。\n{anal}随着一次次深长的痉挛不住地收紧又松开，圆翘的臀肉剧烈地抽搐颤动，一股股肠液顺势被绞挤而出。
2042,action_part_a_orgasm_strong_B,0,CVP_A2_G_E_-2,随着强绝顶的降临，{anal}剧烈而不受控制地连续痉挛，括约肌疯狂地一绞一张，绞缩的力道大得惊人。\n{TargetName}的腰部反复深深弓起又猛地塌软，脊背一次次绷成紧张的弓形随后瘫落。\n她四肢失控地颤栗乱动，双腿无力地蹬踢，脚趾死死扣紧蜷曲，大腿内侧的肌肉阵阵抽搐绷硬。\n全身的肌肉强烈地绷紧抽动，肩背僵直，颈项的筋脉高高凸起。\n{anal}深处涌出大量黏稠滚烫的肠液，一股接一股汹涌地淌落，甚至溅出细碎的水花小幅喷洒。\n她的双拳紧紧攥握，指甲深深陷进掌心，手臂止不住地打颤。\n呼吸紊乱急促，胸口剧烈地起伏喘动，脸上的神情完全失控，眉心紧蹙，唇齿间溢出紊乱的气息。\n她的下颌高高扬起，头颅无力地后仰又垂落，颊边的肌肉不住地抽搐痉挛。\n细密的汗珠自额头和后颈渗出，顺着颤抖的躯体滑淌而下，濡湿了大片肌肤。\n双腿时而绷直时而蜷曲，膝头一阵阵发软，脚掌无意识地绷紧又松开。\n{anal}一下下痉挛着绞紧翕张，臀部的软肉随着痉挛的节奏剧烈地抖颤起伏，被绞出的肠液不断顺缝流下。
2043,action_part_a_orgasm_strong_B,0,CVP_A2_G_E_-2,{anal}毫无节制地剧烈痉挛绞缩，一圈括约肌疯狂地收紧又翕张，抽搐的幅度剧烈得近乎失控。\n{TargetName}的腰身深深地弓起，弯成一道颤抖的深弧，转瞬又整个瘫软下塌，如此反复起伏不定。\n她的双腿失控地痉挛乱蹬，脚踝紧绷，脚趾一次次向内狠狠蜷缩扣紧，腿根肌肉一阵阵僵硬抽搐。\n全身肌肉强烈地绷紧又抽动，背脊僵成一条直线，肩胛骨高高突起。\n大量温热的肠液从{anal}深处不受控制地奔涌淌落，成片地濡湿开来，隐隐夹着小幅的喷溅。\n她的十指痉挛地收拢，死死攥紧手边之物，指节因用力而根根泛白发青。\n急促失序的喘息一声接一声地涌出，胸膛剧烈起伏颠簸，面部肌肉不住地抽搐紧绷，眉头深锁，双唇张合失控。\n她的头猛地扬起又垂下，颈侧绷出一道道紧张的筋线，喉间随呼吸剧烈起伏。\n汗水浸透了她的鬓角，一滴滴顺着抽动的脊背滚落，在颤栗的皮肤上留下湿亮的痕迹。\n两膝一开一合地打着颤，小腿肌肉一阵阵痉挛绷紧，脚背反复绷直又松弛。\n{anal}一下下痉挛着绞紧翕张，臀部的软肉随着痉挛的节奏剧烈地抖颤起伏，被绞出的肠液不断顺着腿根流下。
2044,action_part_a_orgasm_strong_B,0,CVP_A2_G_E_-2,强绝顶袭来的一刻，{anal}剧烈失控地连番痉挛，括约肌疯狂地绞缩翕张，一紧一松之间幅度极大。\n{TargetName}的腰肢猛地弓起成深深的弧度，紧接着又骤然瘫软塌陷，绷紧与松垮反复轮替。\n她四肢失控地颤抖，双腿无章地乱蹬踢动，脚趾痉挛着死死蜷扣，大腿肌肉一阵阵绷硬抽动。\n她全身的肌肉都强烈地收紧抽搐，脊背绷直僵硬，颈侧的筋络清晰凸起。\n{anal}深处大股大股滚烫的肠液汹涌奔涌而出，顺着股缝成股淌落，还伴着小幅的喷洒溅出。\n她双手死死握拳攥紧，指尖深陷掌心，手背青筋暴起，手臂剧烈发颤。\n紊乱急促的喘息从口鼻间猛地涌出，胸膛一耸一耸大幅起伏，脸上的表情彻底失守，眉头紧皱，齿关间漏出破碎的气音。\n她的头颅重重后仰，下巴高高翘起，脖颈拉成一道紧绷战栗的曲线。\n涔涔的汗水自额角与后背不断沁出，顺着痉挛的肌肉蜿蜒滑落，濡湿了一片肌肤。\n双膝无力地朝两侧敞开又并拢，小腿绷得笔直，脚掌一阵阵痉挛蜷缩。\n{anal}一波波深长地绞缩收紧，浑圆的臀肉随痉挛剧烈地抖颤颠动，一缕缕肠液被绞挤着不断淌出。

2045,action_part_a_orgasm_strong_B,0,CVP_A2_G_E_-3,{TargetName}整具娇躯毫无预兆地剧烈痉挛起来，{anal}疯狂而不受控制地连番收缩绞紧，括约肌一圈圈地疯狂翕张开合，一收一放间将那处绞缩得死紧。\n她伏低的腰背猛地深深弓起，绷成一道紧张的弧线，随即又骤然失力地瘫软塌下，如此反复起伏了好几回。\n两条腿失控地剧烈颤抖，脚趾用力蜷缩扣紧又猛地绷直，膝盖不住地打颤，纤细的脚踝一次次无力地蹬动着。\n她的双手死死抠攥住身下，指节因用力而根根泛白，十指痉挛似地收拢又张开。\n随着{anal}一波接一波的猛烈绞缩，大量温热黏腻的肠液自深处汹涌涌出，顺着股缝与腿根大股淌落，甚至在剧烈的抽搐中小幅喷溅而出，打湿了一大片。\n她的呼吸彻底乱了节奏，胸口剧烈起伏喘息，喉间溢出破碎的呜咽，面容因失控而扭曲失神，眼角沁出生理性的泪水，全身肌肉一阵阵地强烈抽搐绷紧，久久无法平息。
2046,action_part_a_orgasm_strong_B,0,CVP_A2_G_E_-3,{TargetName}的身子骤然绷得笔直，{anal}剧烈地连续抽搐绞缩，括约肌疯狂地一圈圈收紧又松开，翕张绞动的幅度远比寻常剧烈得多。\n她伏跪的腰肢猛然向上深深弓起，脊背弯成紧绷的弓形，紧接着又失去支撑般彻底软塌下去，一次次深弓又瘫软地反复着。\n她的四肢彻底失了控，双腿痉挛似地颤栗乱蹬，脚趾死死蜷曲扣拢，两臂发着抖，双手胡乱抓挠攥紧了触手可及之处。\n伴着{anal}一阵猛似一阵的绞缩痉挛，滚烫的肠液从深处大股地奔涌淌出，黏腻地糊满了股间与大腿内侧，在最猛烈的几下抽搐里还小幅地喷洒出来。\n她的全身肌肉一波波地强烈抽搐紧绷，肩背颤个不停，急促紊乱的喘息一声接一声，喉咙里挤出断续的哽咽，脸颊涨红失神，五官因这场失控的绝顶而彻底皱拧在一起。
2047,action_part_a_orgasm_strong_B,0,CVP_A2_G_E_-3,{TargetName}浑身猛地一僵，随即剧烈地颤栗痉挛起来，{anal}失控地连番绞紧收缩，括约肌一下下疯狂地翕合绞动，将那处一次次死死箍紧。\n她的腰腹用力向内蜷缩，脊背深深地弓起又骤然塌软，臀部随着{anal}的每一次绞缩而剧烈地抖颤收夹。\n两条大腿绷紧了又发颤，膝盖抵着地面不住打战，脚背反复绷直又蜷勾，脚趾死死扣拢，双腿失控地颤抖蹬动个不停。\n她的十指痉挛地收拢成拳，又猛地张开抓挠，手臂上的肌肉一阵阵绷紧。\n{anal}随着这场猛烈的绞缩涌出大量温热的肠液，顺着腿缝汩汩流淌，甚至在几下最剧烈的痉挛中喷溅出细股的水线。\n她伏低的身子不住颤动，呼吸急促而紊乱，胸膛剧烈起伏，喉间迸出破碎的喘鸣，眼神涣散失焦，面部肌肉因绝顶的强度而不受控制地抽搐扭曲着，久久停不下来。
2048,action_part_a_orgasm_strong_B,0,CVP_A2_G_E_-3,{TargetName}的娇躯毫无征兆地剧烈弹动了一下，{anal}疯狂痉挛着连续绞缩翕张，括约肌一圈圈疯狂地收紧又骤然松开，绞动的力道大得惊人。\n她的腰脊猛地深弓成一道紧绷的弧，紧接着失力般整个瘫软下去，起起伏伏地反复了数次。\n她的双腿彻底失控地剧烈乱颤乱蹬，脚趾用力蜷缩，脚踝紧绷发抖，两只手死死攥住身下之物，指尖深深掐陷进去，指节泛白发颤。\n随着{anal}一浪高过一浪的凶猛绞缩，大量黏稠的肠液自深处喷涌而落，将股间和腿根尽数浸透，在最猛的几下抽搐里小幅地喷洒飞溅。\n她全身的肌肉一阵接一阵地强烈抽搐绷紧，肩头与后背不停地战栗，急促失序的喘息夹着断续的呜咽从喉间溢出，面颊绯红失神，五官在这远超寻常的绝顶中彻底失控地拧皱颤动。
2049,action_part_a_orgasm_strong_B,0,CVP_A2_G_E_-3,{TargetName}整个人猛地绷紧，随即失控地剧烈颤抖起来，{anal}不受控制地连续收缩绞紧，括约肌一下下疯狂翕张绞合，一收一缩间死死绞动着那处。\n她伏低的腰身向上深深弓起，脊柱绷成满弓，随后又彻底失力地软塌下来，如此深弓又瘫软地循环反复。\n她的四肢失了主张，双腿痉挛地颤栗乱蹬，膝盖打颤，脚趾死死勾扣蜷缩，双臂发抖，两手胡乱地抓紧攥牢。\n伴着{anal}越发猛烈的绞缩痉挛，滚烫黏腻的肠液大股地自深处淌涌而出，黏糊糊地流满了股缝与大腿，在几下最剧烈的收缩中还微微喷溅出来。\n她的浑身肌肉一波波强烈地抽搐紧绷，胸口急促剧烈地起伏，喉咙里挤出破碎紊乱的喘息与哽咽，眼角泛泪，脸上失神的神情彻底崩解，整张脸因这场失控绝顶而皱拧扭曲，颤抖良久方才渐渐停歇。

2050,action_part_a_orgasm_strong_B,0,CVP_A2_G_E_-4,以奴仆之姿跪伏着的{TargetName}娇躯毫无预兆地剧烈痉挛起来，{anal}疯狂而不受控制地一阵阵绞缩翻搅，紧窄的括约肌疯狂地翕张收放，一圈圈死死绞紧后又猛地松开。\n全身的肌肉在这一刻强烈地绷紧抽搐，纤细的腰肢反复深深地向上弓起，弓到极致后又骤然无力地瘫软塌下，如此往复了好几回。\n两条腿失控地剧烈颤抖，脚趾死死地蜷曲扣紧，脚背绷直到近乎痉挛，双手胡乱地抓挠攥紧，指节因用力而根根泛白。\n急促紊乱的呼吸令她的胸膛剧烈起伏，脊背绷成一道颤抖的弧线，面容彻底失控地扭曲抽搐，眉头拧紧、双眸失神。\n伴随着{anal}一波接一波的剧烈绞缩，大量温热的肠液自那里汹涌喷淌而出，甚至隐隐带着小幅的喷溅，顺着痉挛不止的臀缝与腿根大股大股地流落，将下身淋得一片狼藉。
2051,action_part_a_orgasm_strong_B,0,CVP_A2_G_E_-4,匍匐臣伏的{TargetName}整具身子骤然绷成一张满弓，{anal}狠狠地连续抽搐绞紧，环肌疯狂地一收一放地绞缩翕张，收得死紧后又猛地弹开，如此反复不休。\n她的全身肌肉一阵阵强烈地抽搐收缩，腰部深深地弓起又重重地垮塌，臀肉剧烈地一下下收紧颤动，四肢失控地乱蹬乱颤。\n纤细的脚踝绷得笔直，脚趾用力地向内蜷缩抠紧，双手死死地攥住身下之物，指尖深深掐陷，手背青筋隐隐凸起。\n呼吸急促而紊乱地喷吐着，胸口大幅度地剧烈起伏，脊柱一节节绷紧又战栗，面部肌肉失控地抽搐痉挛，唇齿间溢出断续的颤音。\n随着{anal}那一阵接一阵毫无节制的凶猛绞缩，滚烫黏腻的肠液成股地从那里奔涌而出，甚至喷溅出细小的水花，顺着抖动的腿根蜿蜒淌落，浸湿了一大片肌肤。
2052,action_part_a_orgasm_strong_B,0,CVP_A2_G_E_-4,跪伏侍主的{TargetName}娇躯毫无征兆地剧烈震颤起来，{anal}不受控制地一阵阵猛烈绞缩，括约肌疯狂地翕合翻张，绞紧到极致后又骤然松脱，一圈圈往复地痉挛不止。\n全身的肌肉强烈地绷紧又抽动，柔韧的腰肢一次次向上深弓，弓到尽头旋即无力地软塌下去，圆翘的臀部剧烈地收缩抖动个不停。\n双腿失控地颤抖乱蹬，膝盖抵地不住地打颤，脚趾狠狠地蜷曲抠紧，双手无意识地抓挠攥握，指节绷得发白。\n紊乱的呼吸从微张的唇间急促喷出，胸膛剧烈地起起伏伏，整条脊背绷成颤栗的弓形，面容失控地扭曲，眉眼间尽是失神的痉挛。\n伴着{anal}一波高过一波的疯狂绞缩，大量温热的肠液自那里汹涌淌落，甚至隐隐迸出小股喷溅，沿着不断抽搐的腿缝大量流泻，淋漓一片。
2053,action_part_a_orgasm_strong_B,0,CVP_A2_G_E_-4,以身为奴的{TargetName}整个人猛地弓伏下去，{anal}疯狂而剧烈地连续痉挛绞缩，紧窄的环肌一下下地死命绞紧又弹开，翕张收放得毫无章法。\n她全身的肌肉强烈地绷直抽搐，腰肢反复地深深弓起而后重重瘫软，纤薄的小腹一阵阵急促地收紧抽动，臀肌不停地颤栗收缩。\n两条腿失控地剧烈打颤、无意识地乱蹬，脚背绷成僵直的弧，脚趾用力地扣蜷抓紧，十指死死攥住手边之物，指节泛出惨白。\n呼吸紊乱急促得几乎接不上气，胸口大幅剧烈地起伏，脊背绷紧成一张战栗的弓，面部肌肉失控地一阵阵抽搐，双眸涣散失神。\n随着{anal}那连绵不绝的凶猛绞缩，滚烫的肠液成大股地自那里奔涌喷淌，甚至带起小幅的喷溅，顺着痉挛的臀缝与颤抖的腿根淋漓流落，湿成一片。
2054,action_part_a_orgasm_strong_B,0,CVP_A2_G_E_-4,甘作奴婢的{TargetName}娇躯霎时剧烈地抽搐起来，{anal}毫无节制地一阵阵疯狂绞缩，括约肌翻涌般地翕张收合，绞到极紧后又倏然松开，反反复复痉挛个不停。\n全身肌肉一齐强烈地绷紧战栗，腰部一次次深弓到极限又无力地垮塌下去，饱满的臀肉剧烈地收缩抖颤，四肢失控地乱颤乱蹬。\n脚踝绷得笔直，脚趾狠狠向内蜷曲抠紧，双手胡乱地抓挠攥紧，指尖深陷掌心，指节根根发白，手臂也止不住地颤抖。\n急促而紊乱的呼吸大口大口地喷吐，胸膛剧烈地起伏个不停，脊柱绷成颤栗的弧线，面容彻底失控地扭曲抽搐，眉头死死拧起。\n伴随{anal}那一波接一波的狂暴绞缩，大量黏腻滚烫的肠液自那里汹涌倾泻，甚至迸溅出细小的水沫，沿着抽搐的腿根成股流淌，淋漓狼藉。

2055,action_part_a_orgasm_strong_B,0,CVP_A2_T|6_E_0&CVP_A2_T|7_E_1&CVP_A2_T|222_E_0,稚嫩的{TargetName}下身骤然剧烈痉挛，{anal}毫无章法地一阵阵猛烈绞缩，稚嫩的穴口反复一张一翕，如同失控一般不停收紧又松开。\n青涩纤细的腰肢猛地深深弓起一个陡峭的弧度，随即又颓然瘫软跌落回去，稚气未脱的脊背因剧烈的抽搐而不停起伏震颤。\n两条尚显稚嫩的长腿失控般胡乱蹬踢，脚趾痉挛着蜷缩又骤然绷直，膝盖不受控制地打着颤，怎么也无法安分下来。\n{anal}深处涌出大量黏稠滚烫的肠液，顺着尚未完全发育的臀缝汩汩流淌而下，甚至带着细微的水声小幅喷溅出来，将穴口周围浸得一片湿滑泥泞。\n稚嫩的双手死死揪紧身下能抓到的一切物件，指节因过度用力而泛出青白，纤细的手臂止不住地簌簌颤抖着。\n呼吸变得又急又乱，稚嫩的胸口剧烈起伏，脸颊涨得通红一片，嘴唇哆嗦着难以合拢，一缕唾液顺着嘴角悄然滑落下来。\n括约肌一波接一波疯狂绞缩，久久无法平息下来，年轻稚嫩的躯体在这场强烈的绝顶中不受控制地反复痉挛，久久难以安定。
2056,action_part_a_orgasm_strong_B,0,CVP_A2_T|6_E_0&CVP_A2_T|7_E_1&CVP_A2_T|222_E_0,年幼稚气未脱的{TargetName}猛然浑身一僵，{anal}骤然发起一连串剧烈而失控的收缩绞紧，穴壁一圈圈用力绞裹，翕张不休。\n略显青涩的腰肢反复深深塌陷又猛地扬起，脊背随之一次次绷成弓形，随后又软软地垮塌下去，如此循环不止。\n两条初显曲线的双腿止不住地痉挛踢动，脚背绷得笔直又骤然松垮，脚趾一下下痉挛着蜷缩起来，膝头控制不住地打颤。\n{anal}处大股肠液汩汩涌出，黏稠滚烫地顺着稚嫩的腿根蜿蜒淌下，偶尔还夹杂着小幅的喷溅声响，将臀瓣与腿缝浸得湿漉漉一片。\n稚嫩的十指用力蜷缩成拳，指甲深深掐进掌心，手臂绷得笔直又不住地哆嗦，青涩的肩头也随之一耸一耸。\n胸膛急促地大幅起伏，粉嫩的脸颊漫上一层深重的潮红，微张的嘴唇不断哆嗦着，涎水顺着下颌线悄悄滑落。\n穴口一阵接一阵地痉挛绞缩，长久都无法停歇，稚气的身躯在这场剧烈绝顶里反复颤抖抽搐，久久难以平复下来。
2057,action_part_a_orgasm_strong_B,0,CVP_A2_T|6_E_0&CVP_A2_T|7_E_1&CVP_A2_T|222_E_0,懵懂青涩的{TargetName}忽然浑身剧烈一抖，{anal}猛地陷入连绵不断的痉挛收缩，稚嫩的穴肉一圈圈疯狂绞紧，反复翕动不止。\n纤细稚气的腰身猛然向上深深拱起，随即又重重地瘫塌下去，脊椎骨节分明地一节节颤动，久久无法舒展平复。\n两条略显青涩的大腿不受控制地大幅颤抖，脚踝绷得死紧，脚趾用力蜷曲抓挠着，膝盖磕磕碰碰地互相打颤。\n{anal}内大量肠液汹涌而出，热腾腾地顺着稚嫩的臀缝一路蜿蜒滑落，其间还夹杂着几声细碎的喷溅水声，将身下一片打湿。\n稚嫩的双手胡乱地攥紧又松开，反复几次后终于死死揪住能碰到的一切，指节因用力泛得发白，臂膀一阵阵痉挛。\n呼吸急促得几近失序，稚气的胸口大幅起伏，脸颊与耳根一并涨红，微启的双唇难以闭合，涎液顺着嘴角滑落。\n括约肌一圈接一圈猛烈绞缩，久久停不下来，青涩年幼的身躯在这场强烈绝顶中不断痉挛抽搐，好一会儿才渐渐平息。
2058,action_part_a_orgasm_strong_B,0,CVP_A2_T|6_E_0&CVP_A2_T|7_E_1&CVP_A2_T|222_E_0,尚显稚嫩的{TargetName}猝然浑身绷紧，{anal}骤然爆发出一连串剧烈到近乎失控的绞缩，稚嫩的褶皱一圈圈用力收拢又松开。\n青涩纤细的腰肢猛地向上弓起又猛然跌落，如此反复几次，稚气的脊背随之剧烈起伏，肩胛骨也随之一颤一颤。\n两条略带稚气的长腿胡乱蹬踢摆动，脚尖时而绷得笔直时而骤然松弛，脚趾痉挛着蜷起，膝盖不停地互相磕碰打颤。\n{anal}深处大量温热的肠液不断涌出，顺着稚嫩白皙的臀缝汩汩流下，偶尔还带着轻微的喷溅声溢出体外，将穴周浸润得一片濡湿。\n稚嫩纤细的十指死死抠紧身旁一切可以抓握之物，指腹用力得泛白，手臂随之绷紧又不断细细颤抖。\n胸口急促地一起一伏，呼吸紊乱得几乎接不上气，稚嫩的双颊涨得绯红，微张的唇瓣哆嗦不停，唾液沿着下巴滴落。\n穴肉一波接一波猛烈绞紧，久久无法停歇下来，年幼稚嫩的躯体在这场强绝顶里持续痉挛颤动，许久才渐渐归于平静。
2059,action_part_a_orgasm_strong_B,0,CVP_A2_T|6_E_0&CVP_A2_T|7_E_1&CVP_A2_T|222_E_0,青涩懵懂的{TargetName}身躯陡然剧烈痉挛，{anal}接连不断地发起猛烈收缩，稚嫩的穴口一圈圈用力绞裹，翕张得毫无规律。\n稚气未脱的腰身一次次深深塌陷又猛烈扬起，脊背随之弓成陡峭的弧度，随后又颓然垮软下去，如此往复不休。\n两条纤细青涩的腿脚剧烈地打着哆嗦，脚踝绷紧又松弛，脚趾一下下痉挛蜷曲，膝盖控制不住地相互碰撞颤抖。\n{anal}处大股肠液不断涌出，黏稠灼热地顺着稚嫩的腿缝滑落而下，偶有细碎的喷溅之声传出，将身下浸得湿滑一片。\n稚嫩的双手胡乱攥住身边一切可触之物，指节因用力而泛白发紧，纤细的臂膀随之一阵阵抽搐颤动。\n呼吸急促得断断续续，稚嫩的胸脯剧烈起伏，脸颊与脖颈同时涨红一片，微张的双唇止不住地哆嗦，涎水顺唇角滑落。\n括约肌一圈又一圈剧烈绞缩，久久平息不下来，年幼青涩的身躯在这场强烈的绝顶余韵中反复痉挛抖动，久久才渐渐安定下来。

2060,action_part_a_orgasm_strong_B,0,CVP_A2_A|5_LE_3,{TargetName}的身子毫无预兆地剧烈弹动起来，那条一向反应迟钝的{anal}此刻却发疯似地连续痉挛收缩，一阵紧过一阵地向内绞紧又猛地翻开。\n环绕的括约肌疯狂地绞缩翕张，一圈圈地收拢又松弛，翻搅的幅度大得几乎失控。\n她全身的肌肉骤然强烈地抽搐绷紧，纤细的腰肢深深弓起成一道紧绷的弧，随即又脱力般重重塌软下去，紧接着再度弓起，如此反复。\n两条腿失控地剧烈颤抖，脚趾死死蜷曲扣拢，双膝一会儿并拢一会儿又无力地岔开，小腿不时无意识地乱蹬。\n她的双手胡乱抓攥，指节因用力而根根泛白，脊背绷成一张满弓，肩胛高高耸起。\n呼吸彻底乱了节拍，胸口剧烈地起伏喘息，喉间溢出破碎的气音，脸上的神情彻底失了控制，眉头紧拧、眼角泛红、唇齿微张。\n大量温热的肠液顺着疯狂抽搐的{anal}汩汩涌淌而出，甚至夹着一小股猛地喷溅出来，淋漓地流淌成片。
2061,action_part_a_orgasm_strong_B,0,CVP_A2_A|5_LE_3,毫无征兆地，{TargetName}整个人猛然绷成一条直线，本来迟钝木讷的{anal}竟骤然剧烈地连番痉挛起来，一下下疯狂地向内绞缩，收放之间翻搅个不停。\n收束的括约肌一圈圈发狂似的绞紧又翻张，翕动的节奏又急又乱，几乎抽搐成了一团。\n她周身的肌肉一齐强烈地紧绷抽搐，腰腹深深地弓起又倏然瘫软，反反复复地弓塌起伏，脊线时而绷直时而塌陷。\n四肢失去了掌控，双腿痉挛般地颤抖打晃，脚跟无意识地乱蹬乱踹，脚趾一阵阵抠紧又张开。\n十指胡乱地攥抓着身侧，指尖深深掐陷，指节泛出惨白，双臂僵直地绷着不住地发颤。\n她的呼吸急促而紊乱，胸腔一起一伏地剧烈喘动，齿关间迸出零碎的喘息声，面部的表情再也维持不住，五官皱成一团、眼神涣散失焦。\n浓稠灼热的肠液从连续绞搐的{anal}深处大量奔涌而出，间或猛地挤喷出细细一线，涔涔淌落、湿了一大片。
2062,action_part_a_orgasm_strong_B,0,CVP_A2_A|5_LE_3,{TargetName}冷不防浑身一震，那条原本感觉迟缓的{anal}此刻疯狂地连续收缩痉挛，一波接着一波向内狠狠绞拢，旋即又骤然翻开，绞搐得几乎不成节奏。\n围拢的括约肌发了狂般疯狂绞缩翕张，一圈圈死死箍紧再猛地松弛，翕动个不停。\n她全身的肌肉剧烈地绷紧抽动，纤腰一次次深深地弓起又脱力塌软，小腹随之一阵阵猛烈地抽搐凹陷。\n双腿彻底失了控制，痉挛似的颤栗打颤，膝盖一时紧夹一时又软软岔开，脚尖绷直后又狠狠蜷起，不时胡乱地蹬踢。\n两只手死死抓紧了触手可及之物，指节根根发白，手臂僵挺地颤抖不休。\n呼吸乱成一片，胸脯剧烈起伏地急喘，喉咙里挤出断断续续的气音，脸上神色全然失控，眉心紧锁、双目迷离、嘴唇不住地哆嗦。\n大量热烫的肠液沿着狂颤的{anal}汹涌淌出，甚至带出一股小幅的喷溅，一道道地滑落，将下身淋得湿漉漉一片。
2063,action_part_a_orgasm_strong_B,0,CVP_A2_A|5_LE_3,说时迟那时快，{TargetName}的娇躯猛地剧烈弹颤，本是钝感木然的{anal}竟毫无预兆地疯狂痉挛连缩，一下紧似一下地向内绞紧翻搅，收放的力道大得近乎失控。\n那圈括约肌疯了般地绞缩翕张，一遍遍地收拢箍死又松脱翻张，抽动得又乱又急。\n她通身的肌肉一齐强烈抽搐绷起，腰肢深深弓成满弓，转瞬又脱力般狠狠瘫落，如此起起伏伏、绷了又塌。\n两腿失控地剧烈打颤乱蹬，脚趾一阵阵死死抠拢，双膝忽而并死忽而无力摊开，小腿肚抽搐个不停。\n十指胡乱抓挠攥紧，指尖深深掐入，指节泛白，脊背高高绷拱，肩头耸起颤动。\n她的呼吸彻底失了序，胸口一上一下地剧烈喘息，齿间漏出破碎凌乱的气声，面部神情再难自持，眉头拧紧、眼角潮红、唇瓣微张发颤。\n汹涌温热的肠液顺着抽搐不止的{anal}大股涌泻，间或挤喷出细小的一线，滴滴答答淌成一片湿痕。
2064,action_part_a_orgasm_strong_B,0,CVP_A2_A|5_LE_3,{TargetName}猝不及防地浑身猛然一挺，那处一向迟钝寡感的{anal}此刻却发狂般连续绞缩痉挛，一波狠过一波地向内收紧，随即又倏地翻涌张开，绞搐得毫无章法。\n收束的括约肌疯狂地一圈圈绞紧翕张，死死箍拢后又猛然松弛，翕动急促而杂乱。\n她满身的肌肉一并剧烈紧绷抽动，纤细的腰背深深弓起又脱力塌软，小腹一阵阵猛烈地抽搐起伏。\n四肢彻底脱离掌控，双腿痉挛似地颤抖乱踢，脚跟无意识地蹬踹，脚趾狠狠蜷缩又骤然绷张。\n双手胡乱地攥紧抓挠，指节根根泛白，手臂绷得笔直却抖个不停，脊线弯成一道紧绷的弓。\n呼吸急促而错乱，胸膛剧烈起伏地大口喘息，喉间迸出零碎断续的气音，脸上的神色全然崩散，眉头紧皱、眸光失焦、唇齿哆嗦不止。\n大量灼热的肠液自狂颤痉挛的{anal}奔涌倾泻，甚至夹带一小股喷溅飞出，淋漓地流淌浸湿了一大片。

2065,action_part_a_orgasm_strong_B,0,CVP_A2_A|5_G_3&CVP_A2_A|5_LE_6,{TargetName}的{anal}猛地剧烈痉挛起来，一下接一下地深切绞缩，收缩的幅度远比寻常时候要凶猛得多。\n那圈括约肌疯狂地绞紧又翕张，一收一放毫无停歇，紧紧地抽搐痉挛着，牵动着整个后穴不受控制地连番颤动。\n她全身的肌肉骤然强烈地绷紧抽搐，纤细的腰肢反复深深地弓起，弓到极处又一下子无力地瘫软塌陷下去，如此反复不停。\n两条腿失控地颤抖着，脚趾死死蜷缩勾绷，膝盖不住地打颤，偶尔还猛地乱蹬几下，脚踝处的肌肉绷得死紧。\n她的双手胡乱地攥紧，指节泛白，指尖深深掐进掌心，脊背弯成一道绷紧的弧线，肩膀剧烈地耸动。\n呼吸变得又急又乱，胸膛大幅度地起伏喘动，媚艳的面容彻底失了控，眉头拧紧，双眼失焦，唇齿间溢出断续的颤息。\n{anal}深处翻涌而出大量温热黏腻的肠液，顺着股缝汩汩流淌，甚至伴着一小股喷溅而出，浸得下身一片湿漉。
2066,action_part_a_orgasm_strong_B,0,CVP_A2_A|5_G_3&CVP_A2_A|5_LE_6,{TargetName}的{anal}疯狂而失控地连番收缩绞紧，每一次痉挛都又深又急，抽搐的力道远远超出了平日的绝顶。\n后穴外圈的括约肌一圈圈地疯狂绞缩翕动，翻卷着紧咬又松开，抽搐得毫无规律，一波未平一波又起。\n她整具身子猛然绷成一道紧张的弧，浑身的肌肉都在剧烈地颤动抽紧，腰部深深地向上弓起又骤然瘫落。\n纤长的双腿不受控制地大幅颤栗，时而绷直时而蜷曲，脚尖用力地勾绷抽搐，大腿内侧的肌肉一阵阵地痉挛收紧。\n她的十指痉挛着抓挠攥握，手背青筋隐现，颈项后仰绷紧，一头秀发随着躯体的抽动散乱地颤动。\n急促紊乱的喘息从她翕张的唇间不断逸出，胸口剧烈起伏，脸颊涨红失神，眉眼皱作一团，尽是失控的模样。\n一大股滚烫的肠液自{anal}奔涌喷落，沿着颤抖的股缝一路淌下，还夹着小幅的迸溅，湿意四散开来。
2067,action_part_a_orgasm_strong_B,0,CVP_A2_A|5_G_3&CVP_A2_A|5_LE_6,{TargetName}的{anal}一下下深切而剧烈地绞缩痉挛，收放之间又狠又急，抽搐的幅度大得几乎要将后穴翻搅开来。\n那紧致的括约肌疯狂地一缩一张，绞得死紧又骤然放松，连绵不绝地翕动痉挛，牵动着整圈嫩肉不停地颤抖。\n她全身骤然强烈地抽搐绷紧，纤腰反复地深深弓起再重重塌软，脊背弯出一道又一道紧绷的弧线。\n两条细腿失控地乱颤乱蹬，脚趾死命地蜷起勾绷，膝头不住地哆嗦打颤，大腿根的肌肉一阵阵抽紧。\n她的手指痉挛地攥成拳，又猛地张开胡乱抓挠，指节因用力而泛出惨白，肩背随着抽动大幅耸颤。\n她大口大口地急喘着，胸脯剧烈起伏，媚脸潮红失神，眉心紧锁，双唇颤抖着无法合拢，涎水都溢了出来。\n{anal}里汹涌地涌出大量温热的肠液，顺着抽搐的臀缝哗哗淌落，伴着一小股喷洒，将下身浸得淋漓湿透。
2068,action_part_a_orgasm_strong_B,0,CVP_A2_A|5_G_3&CVP_A2_A|5_LE_6,{TargetName}的{anal}毫无节制地剧烈收缩绞紧，一波接一波深深地抽搐痉挛，翻绞的力道远远盖过了以往任何一次。\n外圈的括约肌疯狂地绞缩翕张，紧咬着又松脱，一张一合抽动个不停，将整个后穴牵扯得剧烈颤动。\n她的躯体骤然强烈地绷紧抽搐，柔韧的腰肢一次次深弓到极限，随即又软绵绵地瘫垂下来，如此往复。\n纤细的四肢失控地大幅颤栗，双腿时而绷直时而乱蹬，脚趾用力地勾曲抽搐，小腹的肌肉一下下急促收缩。\n她双手死死攥紧，十指痉挛地抠握，指尖深陷，脖颈猛然向后绷仰，整条脊背弓成一张绷满的弓。\n呼吸紊乱而急促，胸膛剧烈地上下起伏，脸庞涨得通红且神情涣散，眉头紧皱，唇齿间不住溢出颤抖的喘息。\n大量黏稠温热的肠液从{anal}深处喷涌而下，顺着痉挛的股沟蜿蜒流淌，间或迸出一小股水线，将臀下浸湿一片。
2069,action_part_a_orgasm_strong_B,0,CVP_A2_A|5_G_3&CVP_A2_A|5_LE_6,{TargetName}的{anal}剧烈而不受控制地连续绞缩，一下比一下更深更急，痉挛的幅度远远超出了平常绝顶的范畴。\n那圈括约肌发了狂似的疯狂翕张绞紧，收缩着又骤然松开，连番痉挛毫不停歇，将后穴的每一寸嫩肉都扯得直颤。\n她全身的肌肉强烈地抽搐紧绷，腰部深深地弓起再重重瘫软，反复起伏之间脊背绷得笔直又骤然松垮。\n两条腿抖得几乎不成样子，失控地颤栗乱蹬，脚趾狠狠蜷缩勾绷，膝盖打颤，大腿内侧一阵阵痉挛抽紧。\n她的手指痉挛地收拢攥握，指节泛白，指甲深深掐进掌心，肩头剧烈耸动，散乱的发丝随抽搐颤动个不停。\n她急促而紊乱地大口喘息，胸口大幅起伏，媚颜潮红而失神，眉宇紧蹙，双唇翕张着溢出破碎的颤音。\n{anal}深处奔涌而出大量温热的肠液，顺着颤抖的股缝汩汩流泻，还夹着一小股迸射的水花，将下身尽数浸湿。

2070,action_part_a_orgasm_strong_B,0,CVP_A2_A|5_G_6,{TargetName}的整具身子毫无预兆地剧烈弓起，脊背绷成一道紧绷的弓弦，随即又猛地瘫软下去。\n{anal}疯狂而不受控制地连续痉挛收缩，括约肌一圈圈地疯狂绞缩翕张，一开一合间毫无停歇。\n她的小腹剧烈地起伏抽搐，腹部的肌肉一波波地绷紧又松弛，纤细的腰肢反复深深弓起而后无力垂落。\n两条大腿失控地颤抖痉挛，脚趾死死向内蜷扣，双脚不时无意识地乱蹬乱踹。\n大量温热的肠液顺着疯狂绞动的{anal}汩汩涌出，量多得惊人，甚至伴着一小股的喷溅淌落，浸得臀缝间一片狼藉。\n她的十指死死攥紧，指节因用力而泛出惨白，手背上青筋隐隐凸起。\n呼吸急促而紊乱，胸膛剧烈地起伏喘动，脸上的表情彻底失了控，眉头深深皱拧，唇齿间溢出破碎的颤息，整具身躯在这场剧烈失控的绝顶里不住地战栗抽搐。
2071,action_part_a_orgasm_strong_B,0,CVP_A2_A|5_G_6,{TargetName}猛地仰起头，脊背骤然绷直弓成一道深弧，紧接着又软软地塌落下来。\n{anal}剧烈地连番抽搐绞紧，括约肌疯狂地一缩一张，绞动的幅度大得惊人，翕张之间再无半分平息。\n她的腹部一下下地深深凹陷又鼓起，小腹的肌肉不住地痉挛抽动，柔韧的腰身反复弓起又瘫软。\n修长的双腿绷得笔直而后剧烈颤抖，膝盖不受控制地屈伸乱动，脚背一会儿绷直一会儿蜷缩。\n浓稠的肠液一股接一股地从翻绞的{anal}汹涌淌出，顺着颤栗的臀肉大量流落，其间夹着小幅的喷溅。\n她的双手胡乱抓攥，指尖深深掐陷进掌心，手臂的肌肉紧绷发颤。\n急促的喘息一声接一声地从喉间挤出，胸口剧烈起伏，面容失控地扭曲皱缩，眼角紧绷，整个人在这猛烈的抽搐中颤栗不止。
2072,action_part_a_orgasm_strong_B,0,CVP_A2_A|5_G_6,{TargetName}的身躯冷不丁地剧烈一挺，腰背深深弓起绷成弓形，转瞬又无力地摊平下去。\n{anal}一阵紧似一阵地疯狂绞缩痉挛，括约肌失控地翕合张弛，绞动得又急又猛。\n她的小腹反复剧烈抽搐，腹肌一层层地收紧颤动，纤腰一次次深弓而后软塌。\n两腿失控地绷紧又痉挛，大腿根的肌肉不住抖颤，脚趾狠狠蜷曲扣紧，双足无意识地蹬动踢摆。\n大量温热黏腻的肠液自剧烈开合的{anal}奔涌而下，量大得惊人，顺着臀缝汩汩淌落，隐隐带出小股的喷溅。\n她的双手死死揪紧，指节泛白发颤，手臂上的线条根根绷起。\n呼吸彻底乱了节拍，胸膛急促起伏喘动，脸上的神情失控地皱拧扭曲，唇边溢出一串破碎的颤抖气音，浑身上下都在这剧烈失控的绝顶里痉挛战栗。
2073,action_part_a_orgasm_strong_B,0,CVP_A2_A|5_G_6,{TargetName}的娇躯毫无征兆地猛然绷紧，脊背高高弓起绷成紧绷的弧线，旋即又瘫软垂落。\n{anal}疯狂地连续绞紧收缩，括约肌一下下地剧烈翕张，一开一合再无停歇。\n她的腹部剧烈地凹陷又隆起，小腹肌肉不停痉挛抽动，柔嫩的腰肢反复弓起后又无力软塌。\n两条腿失控地绷直颤抖，大腿不住地夹紧又松开，脚趾用力地向内蜷缩扣拢，双脚无意识地乱蹬。\n温热的肠液自翻绞不休的{anal}大量涌出，一股股地顺着臀缝淌落，量多得吓人，其间夹带着小幅喷溅。\n她的十指紧紧攥握成拳，指尖深深陷入掌心，手背青筋凸露。\n喘息急促而杂乱，胸口大幅起伏，脸上的表情彻底崩失了从容，眉心紧锁，唇齿间漏出断续的颤音，整具身体在猛烈的抽搐痉挛中不住地战栗。
2074,action_part_a_orgasm_strong_B,0,CVP_A2_A|5_G_6,{TargetName}整个人骤然一僵，随即腰背剧烈地弓起绷紧，转瞬又软软地瘫塌下来。\n{anal}不受控制地疯狂痉挛绞动，括约肌急速地一缩一张，绞缩翕张得毫无章法。\n她的小腹一下下猛烈地抽搐起伏，腹肌反复绷紧松弛，纤细的腰身深深弓起而后无力垂软。\n双腿失控地颤抖痉挛，大腿肌肉不停抖颤，脚趾狠狠蜷扣，两脚无意识地蹬踢乱动。\n大量浓稠的肠液顺着剧烈开合的{anal}汹涌淌出，量大得惊人，顺着战栗的臀肉大片流落，隐隐伴着小股喷溅。\n她的双手胡乱攥紧，指节泛白，手臂紧绷发抖。\n呼吸急促而紊乱，胸膛剧烈喘动起伏，面容失控地扭曲皱拧，眼角与唇边不住颤动，整具身躯在这场明显失控的强烈绝顶中痉挛颤栗不止。

2075,action_part_a_orgasm_strong_B,0,CVP_A2_T|1_E_1,{TargetName}稚嫩的娇躯毫无预兆地剧烈弹跳了一下，{anal}紧跟着不受控制地连连痉挛，一圈生涩的括约肌疯狂地绞缩翕张，收得极紧又猛地松开，如此反复个不停。\n未经开发的窄小甬道剧烈收缩起来，那份初经人事的紧涩让每一次绞紧都显得格外凶狠，整条后径随着抽搐的节奏一深一浅地翻搅蠕动。\n她纤细的腰肢深深地向上弓起，绷成一道紧张的弧线，随即又猛地软塌下去，紧接着再度弓起，来来回回地起伏了好几轮。\n两条细嫩的大腿失控地大幅颤抖，膝盖时而并拢时而胡乱蹬开，纤细的脚趾一会儿死死蜷缩一会儿又猛然绷直，脚踝处的肌肉紧绷得直发颤。\n全身的肌肉都在强烈地抽搐绷紧，脊背、小腹、臀部一处接一处地痉挛跳动，圆嫩的臀肉随着{anal}的绞缩节奏疯狂地抖动收夹。\n大量温热的肠液顺着剧烈的抽搐汩汩涌出，甚至夹着一小股细流朝外喷溅而去，顺着她生嫩的股缝与颤抖的腿根淌落了一片。\n她的呼吸彻底乱了套，胸口大幅急促地起伏喘动，稚嫩的面庞完全失了控，眉头紧拧，双眼失神地泛起水光，脖颈随之猛地向后仰去。
2076,action_part_a_orgasm_strong_B,0,CVP_A2_T|1_E_1,{TargetName}整具娇小的身子骤然绷成一条紧绷的直线，{anal}立时不受控制地疯狂缩紧，那圈初尝滋味的括约肌一下一下地痉挛绞夹，翕张开合个没完。\n生涩紧窄的后径连续不断地深度收缩，稚嫩未驯的肠壁随着抽搐一波波蠕动挤压，那份初经开发的窄涩让绞缩的幅度显得格外剧烈。\n她的腰身反复地深深弓起又重重瘫落，脊柱一次次拉出紧张的弧度，随后又失去支撑般软垮下来，如此起落了一轮又一轮。\n纤细的四肢完全失了控制地颤抖乱蹬，双腿一时死死夹紧一时又大张开来，脚尖胡乱地绷直勾缩，手指痉挛地抓挠攥紧，指节泛出惨白。\n从肩背到臀腿的肌肉一齐强烈地抽搐紧绷，浑圆的臀瓣随着{anal}的收放节奏剧烈地抖颤夹动，小腹一下一下地凹陷抽搐。\n浓稠温热的肠液大股地翻涌溢出，甚至挟着细密的一线喷射朝外飞溅，将她那处青涩紧致的密穴与颤动的腿根濡湿了一大片。\n急促紊乱的喘息从她微张的唇齿间断续溢出，稚嫩的脸蛋失控地扭曲发红，眼神涣散地失了焦，下颌无力地打着颤。
2077,action_part_a_orgasm_strong_B,0,CVP_A2_T|1_E_1,{TargetName}娇嫩的身躯猛然一僵，随即剧烈地抽动起来，{anal}毫无节制地连番痉挛，那圈生嫩的括约肌疯狂地绞紧松开，一收一放个不停。\n从未被彻底撑开过的窄穴此刻剧烈地翕缩，初经人事的紧涩令每一次收缩都绞得死紧，稚嫩的肠道随抽搐深深浅浅地起伏搅动。\n她的腰肢像失了控般反复弓起又塌陷，一次次拱成紧绷的弧度后又猝然软瘫，起起伏伏地折腾个不停。\n两条嫩腿失控地剧烈痉挛乱蹬，忽而并拢夹紧忽而向外胡乱踢开，脚趾用力地蜷曲绷紧，脚背绷成僵直的弧线微微发颤。\n全身的肌肉都陷入强烈的抽搐绷紧之中，背脊、腰腹、臀部接连痉挛跳动，圆润的臀肉随着{anal}疯狂的绞缩不住地抖动收夹。\n大量滚烫的肠液顺着一阵阵抽搐咕嘟咕嘟地涌淌出来，甚至夹带一小簇细流向外喷溅，濡湿了她生涩的股沟与颤栗的大腿内侧。\n她的呼吸急促而紊乱，胸膛剧烈地起伏喘动，娇嫩的面容彻底失控，眉头死死揪紧，双目失神泛红，脖颈猛地绷紧后仰。
2078,action_part_a_orgasm_strong_B,0,CVP_A2_T|1_E_1,{TargetName}纤秀的躯体毫无征兆地剧烈弹颤，{anal}紧接着失控地阵阵抽搐，那圈初被开发的括约肌狂乱地绞缩翕张，紧了又松松了又紧。\n稚嫩窄小的甬道连续深度地收紧痉挛，初尝插入的生涩让肠壁绞得格外紧密，整条后径随抽动一下下地翻搅蠕动收挤。\n她的腰身反复深深地弓起，绷成一道紧张的弓弧，旋即又乏力地整个瘫软下去，随后再次高高拱起，起落个没完。\n细嫩的双腿不受控制地大幅颤抖蹬动，膝头一会儿死死并合一会儿又胡乱撑开，纤长的脚趾痉挛地扣紧绷直，脚踝绷得直打哆嗦。\n由肩至腿的肌肉尽数强烈地抽紧绷起，腰背与小腹一处接一处地抽搐凹陷，饱满的臀肉伴着{anal}的绞夹节奏疯狂地颤动缩夹。\n温热黏腻的肠液成股地汹涌淌落，甚至挟着一线细密的喷溅朝外飞洒，将她青涩紧窄的后穴和抖颤的腿根浇得湿漉漉一片。\n紊乱急促的喘息不住地从她张合的唇边逸出，稚气的面庞失控地泛红扭曲，眼神迷离失焦，纤细的下巴无力地轻颤不止。
2079,action_part_a_orgasm_strong_B,0,CVP_A2_T|1_E_1,{TargetName}柔嫩的身子骤然剧烈地弓弹起来，{anal}随之无法自制地连连绞缩，那圈生涩的括约肌疯狂地一开一合，翕张痉挛得停不下来。\n从未经历插入的窄涩甬道此刻剧烈地收缩翻搅，初经人事的紧致令每一下绞紧都凶猛异常，稚嫩的肠壁一层层蠕动挤压着。\n她的腰肢失控地反复弓塌，脊背拱出一道道紧绷的弧线后又猛地软垮，来回地深弓浅落个不停。\n两条纤细的腿剧烈地颤抖踢蹬，时而紧紧夹拢时而胡乱张开，脚趾一阵阵蜷缩绷直，脚踝处紧绷的筋腱微微跳颤。\n浑身的肌肉一齐强烈地绷紧抽搐，肩背、腰腹、臀股接连痉挛起伏，圆翘的臀瓣随{anal}的收放疯狂地抖夹收紧。\n大量热烫的肠液咕咚咕咚地翻涌喷淌，甚至溅出一小股细流向外飞散，顺着她生嫩的股缝与战栗的腿根流淌得满是水光。\n她的呼吸彻底失了节律，胸口急促剧烈地起伏，娇嫩的脸蛋失控扭曲潮红，双眼失神地蒙上水雾，颈项猛然向后绷仰。

2080,action_part_a_orgasm_strong_B,0,t_first_a_sex_in_today,{TargetName}的腰肢猛地向上深深弓起，绷成一道紧崩的弧线，随即又骤然失力地瘫软塌落，紧接着再一次失控地高高弓起，如此反复地起伏挣动。\n今日方才被开辟的{anal}剧烈而毫无节制地连番痉挛收缩，一圈圈括约肌疯狂地绞缩又翕张，那圈初次承欢仍泛着嫩红的穴口一开一合地剧烈抽搐着。\n她全身的肌肉一阵阵强烈地抽紧绷直，两条腿失控地颤抖蹬动，脚趾死死向内蜷曲扣紧，又猛地张开，膝头不住地打着颤。\n随着{anal}一下下狠命的深绞，大量温热黏腻的肠液止不住地翻涌而下，甚至被绞挤得小股喷溅出来，顺着股缝淌落了一片。\n她的十指痉挛地攥紧又张开，指节泛得青白，脊背一阵阵战栗，胸口随着紊乱失序的急促喘息剧烈起伏，面容失控地扭曲皱起，牙关紧咬又骤然松开，整张脸涨得通红，那具头一回尝到此味的稚嫩身躯就在{SceneName}里剧烈地痉挛颤栗个不停。
2081,action_part_a_orgasm_strong_B,0,t_first_a_sex_in_today,{TargetName}整条脊背骤然绷紧弓起，腰部一次次深深地向上顶挺，到了极处又失力地重重塌软下去，随即再度失控地拱起，来回反复地剧烈起伏。\n她今日头一遭被贯通的{anal}再也压不住地狂乱痉挛，括约肌一圈圈疯狂地绞紧又松弛，那处初次被开的嫩红穴口不受控制地翕动抽搐，绞缩的幅度一阵猛过一阵。\n全身的肌肉成片地强烈抽搐绷直，四肢失控地颤抖乱蹬，两条大腿一会儿死死夹拢一会儿又猛地张开，脚踝紧绷，脚趾一根根扣紧蜷曲。\n伴着{anal}深处一下下的狠绞，大量肠液汹涌地翻淌溢出，甚至被绞出几缕细小的喷溅，将股间浇得湿淋淋一片。\n她双手无意识地死死抓攥，指尖用力得泛白，肩头剧烈耸动，呼吸彻底乱了节拍，一声声急喘从喉间溢出，眉头拧紧、眼角发红、嘴唇哆嗦，那副头一天承欢的青涩面孔失控地皱缩着，整个人在{SceneName}里抽搐颤栗不能自已。
2082,action_part_a_orgasm_strong_B,0,t_first_a_sex_in_today,{TargetName}的身子猛然一挺，腰腹高高弓起绷成满弓，紧接着又失力地软软塌下，如此深弓、瘫软、再弓起地反复挣动着，止也止不住。\n今日方被凿开的{anal}剧烈而失控地连绵绞缩痉挛，括约肌疯狂地一收一放，那圈初经人事、仍旧泛红的穴口一张一合地狂乱翕动，绞紧的力道一波强过一波。\n她浑身的肌肉一阵阵强烈地抽搐紧绷，双腿失控地乱颤乱蹬，膝盖不住地打战，脚趾猛地蜷起又骤然张开，绷得死紧。\n随着{anal}一下下深深的狠绞，大量温热的肠液止不住地翻涌淌落，被绞挤得溅出细小的水花，淋淋漓漓地沾湿了一整片。\n她的双手死死攥紧，指节根根泛白，脊背一波波战栗，胸膛随着紊乱急促的喘息剧烈起伏，脸颊涨红、眉心紧锁、唇齿颤抖，那张初尝此道的稚气脸庞失控地扭皱着，整具娇躯在{SceneName}中剧烈痉挛个不停。
2083,action_part_a_orgasm_strong_B,0,t_first_a_sex_in_today,{TargetName}腰肢一次次向上深深弓挺，绷成紧崩的弧度后又骤然失力地垮塌下去，随即再一次高高拱起，来回地深弓又瘫软，挣动得毫无章法。\n她今天才被彻底贯通的{anal}狂乱地剧烈痉挛，一圈圈括约肌失控地绞紧翕张，那处头一回被开、犹自嫩红的穴口不住地一开一合地猛烈抽搐着。\n全身肌肉成片地强烈绷紧抽搐，四肢失去掌控地颤抖蹬踹，两腿一时并拢一时张开，脚尖绷直，脚趾深深扣入掌心般地蜷紧。\n伴着{anal}深处一下下凶狠的绞挤，大量黏腻肠液汹涌翻落，甚至被逼出几股小小的喷溅，顺着腿根流淌成一片湿痕。\n她十指痉挛地收拢攥死，指节泛出青白，双肩不住耸颤，呼吸乱作一团、急喘连连，眉头死死拧起、眼眶泛红、嘴角抽搐，那副初经承欢的生涩神情彻底失了控，整个人在{SceneName}里颤栗抽搐不止。
2084,action_part_a_orgasm_strong_B,0,t_first_a_sex_in_today,{TargetName}的脊背猛地弓成一张满弓，腰部深深上挺到极处，又失力地重重瘫软塌陷，随后再度失控地高高弓起，反反复复地剧烈起伏挣扭。\n今日方才被生生辟开的{anal}再也抑制不住地狂乱痉挛绞缩，括约肌疯狂地一圈圈收放，那处初次被贯、仍泛着嫩红的穴口翕张不停、剧烈地抽搐着。\n她通身的肌肉一阵阵强烈地绷直抽搐，两条腿失控地乱蹬乱颤，膝头打颤，脚趾一根根用力蜷扣又猛地张开，绷得笔直。\n随着{anal}一下下深深狠绞，大量温热肠液止不住地翻涌溢淌，被绞得小股喷溅出来，将股间浇淋得一片狼藉。\n她双手死死抓攥收拢，指节泛白，肩背连连战栗，胸口随着彻底失序的急促喘息剧烈起伏，眉心紧蹙、眼角通红、唇瓣哆嗦，那张头一天尝味的青涩面容失控地扭皱起来，整具身子在{SceneName}中抽搐痉挛个不休。

2085,action_part_a_orgasm_strong_B,0,CVP_A2_T|1_E_0&CVP_A2_A|10_LE_3,{TargetName}整具娇躯毫无预兆地剧烈弹动起来，那尚显稚嫩的{anal}疯了似的一圈圈猛烈绞缩，紧窄的括约肌以极快的频率翕张开合，一收一放间死死箍紧又骤然松脱。\n她纤细的腰肢猛地深深弓成一道满弓，绷到极处后又整个瘫软塌下，紧接着再度弓起，如此反复起伏个不停，小腹一阵阵剧烈地凹陷收紧。\n两条稚嫩的长腿失控地绷直乱蹬，脚趾用力抠蜷又倏地张开，膝盖不住地打颤，脚踝处的嫩肉一根根绷成了紧线。\n她的十指死死攥握，指节泛出惨白，后背的肌肉一阵阵强烈抽搐绷紧，肩胛高高耸起。\n伴随着{anal}一波高过一波的猛烈痉挛，大量温热的肠液顺着紧夹的股缝汩汩涌淌，甚至随着最猛的几下绞缩小幅地喷溅出来，将那片稚嫩的臀肉浇得湿漉漉一片。\n她的呼吸彻底乱了套，胸口剧烈起伏，一张小脸绷得失了控，唇齿间溢出破碎的颤音，整具身子在剧烈的抽搐里久久无法平息。
2086,action_part_a_orgasm_strong_B,0,CVP_A2_T|1_E_0&CVP_A2_A|10_LE_3,{TargetName}的娇躯骤然绷成一张满弓，那紧致稚嫩的{anal}以骇人的力道一圈圈疯狂绞拢，窄小的括约肌飞快地翕张收放，一下下死死箍紧后又猛地弹开。\n她的脊背深深弓起后又整个瘫软下去，紧接着再度绷弓，腰肢如此起伏抽搐个没完，小腹一阵阵剧烈地凹陷收紧。\n两条稚嫩的腿失控地乱蹬打颤，脚趾一会儿死死抠蜷一会儿又骤然张开，膝头抖得几乎并不拢，大腿内侧的嫩肉绷成了一道道紧线。\n她双手胡乱抓攥，指节掐得发白，肩背的肌肉一阵阵强烈痉挛绷紧。\n随着{anal}一波接一波的猛烈抽搐，成股的滚烫肠液顺着紧夹的臀缝汩汩涌流，最凶的几下更小幅喷溅而出，浇湿了那片稚嫩的股肉。\n她的呼吸急促而紊乱，胸口大幅起伏，小脸绷得失去了控制，唇边溢出一串破碎的颤抖气音，久久战栗难止。
2087,action_part_a_orgasm_strong_B,0,CVP_A2_T|1_E_0&CVP_A2_A|10_LE_3,{TargetName}的整具身子毫无征兆地剧烈痉挛起来，那开发有限的{anal}猛然疯狂收缩绞拢，紧窄的括约肌以极快的节律翕合翻搅，箍紧松脱反复不休。\n她纤细的腰身深弓成弧后骤然塌软，随即又高高弓起，脊线一次次绷紧又松垮，起伏得毫无章法。\n一双稚嫩的长腿绷得笔直而后失控乱蹬，脚背绷成紧绷的弓形，脚趾狠狠抠蜷进去，膝盖不住地打着寒颤。\n她十指痉挛般攥握成拳，手背青筋隐现，后颈与双肩的肌肉一阵阵强烈绷紧抽搐。\n伴着{anal}那一波高过一波的猛烈绞缩，大量温热的肠液成股地涌淌而下，甚至随最剧烈的几下痉挛小幅喷洒出来，将稚嫩的臀瓣浇得湿淋淋的。\n她的呼吸彻底失了节奏，喉间迸出断续的颤音，一张娇艳的小脸绷紧失控，久久无法从这剧烈的抽搐中平复下来。
2088,action_part_a_orgasm_strong_B,0,CVP_A2_T|1_E_0&CVP_A2_A|10_LE_3,{TargetName}的娇躯猛地一挺，那紧致稚嫩的{anal}疯了般地一圈圈狠狠绞缩，窄小的括约肌快速地开合翕张，一收一放间将自身箍得死紧又骤然松弛。\n她的腰肢深深弓成满弓，绷到极致后整个瘫软塌陷，转瞬又再度绷起，如此往复剧烈起伏，小腹随之一抽一抽地深陷。\n两腿稚嫩纤秀，此刻却失控地绷直乱蹬，脚趾用力扣蜷又倏然张开，脚踝处的嫩肉绷得死紧，膝盖抖动个不停。\n她双手死死攥住，指节泛出惨白，整片背肌一阵阵强烈痉挛，肩胛高高耸动。\n随着{anal}愈演愈烈的连续抽搐，滚烫的肠液顺着紧并的股缝汩汩流淌，最猛的几下更小幅喷溅飞洒，将那片稚嫩的臀肉尽数浸湿。\n她胸口剧烈起伏，呼吸乱作一团，小脸绷得毫无章法，唇齿间不断漏出破碎失控的颤音。
2089,action_part_a_orgasm_strong_B,0,CVP_A2_T|1_E_0&CVP_A2_A|10_LE_3,{TargetName}整个人骤然弹跳般地剧烈颤动，那尚显生涩的{anal}猛烈地一波波绞缩翻搅，紧窄的括约肌疯狂翕张，将自身反复箍紧又猝然松开。\n她的脊背高高弓起旋即整片瘫软下坠，随后又倏地绷弓，腰肢一次次深弓塌软交替不休，小腹的嫩肉剧烈地抽搐凹陷。\n两条稚嫩的腿失控颤抖乱蹬，脚尖时而死死绷直时而痉挛扣蜷，膝头抖得几乎并不到一处，大腿绷成一道道紧线。\n她的手指痉挛似的收拢攥紧，指节掐得发白，后背与双肩的肌肉强烈绷紧一阵阵抽动。\n伴着{anal}一浪高过一浪的猛烈痉挛，成股滚热的肠液汩汩涌溢，甚至随着最凶的绞缩小幅喷洒开来，将稚嫩的臀缝浇得湿透。\n她的呼吸急乱破碎，胸膛大幅起伏，一张小脸彻底绷失了控制，喉咙里迸出断续的颤抖气音，久久战栗难止。

2090,action_part_a_orgasm_strong_B,0,CVP_A2_T|1_E_0&CVP_A2_A|10_G_3&CVP_A2_A|10_LE_6,{TargetName}熟练收放的{anal}骤然失控，剧烈而连续地疯狂痉挛绞缩起来，一波未平一波又起。\n被开发得游刃有余的括约肌一翕一合地疯狂绞紧翕张，熟稔的肠壁随之一收一放地剧烈蠕动，翻搅的幅度远远超过寻常。\n她纤细的腰肢深深地向后弓起，绷成一道紧张的弧线，随即又猛地瘫软塌落，如此反复起伏了好几回。\n两条大腿失控地痉挛颤抖，脚趾死死向内蜷曲扣紧，小腿肌肉一阵阵抽搐绷直，双手胡乱攥紧了触手可及的一切，指节泛白。\n随着{anal}那一下下疯狂的绞缩，大量温热黏腻的肠液从深处汹涌翻涌而出，甚至夹着小股喷溅，顺着股缝与腿根淌落一片。\n她的呼吸急促而紊乱地断续喷吐着，胸膛剧烈起伏，面部肌肉失控地扭曲抽搐，脖颈后仰，整具熟稔的娇躯在这场剧烈的痉挛里不住地战栗抖动。
2091,action_part_a_orgasm_strong_B,0,CVP_A2_T|1_E_0&CVP_A2_A|10_G_3&CVP_A2_A|10_LE_6,{TargetName}那早被磨得熟稔的{anal}猛然一阵疯狂绞缩，不受控制地连番深长痉挛，一下比一下更加剧烈。\n经验老到的括约肌疯狂地收紧又翕张，一圈圈地绞拧蠕动，熟练的肠道随着高潮的浪头一波波剧烈地收放搅动着。\n她的脊背猛地深深弓起，纤腰绷得几乎离地，随后又无力地重重塌软下去，如此深弓又瘫落地反复了数次。\n修长的双腿失控地乱蹬颤抖，膝盖不住地打颤，脚背绷直脚趾蜷缩，双臂痉挛地收拢，十指死死掐进掌心，指尖发白。\n伴着{anal}那疯狂的一绞一松，大量滚烫的肠液从深处翻搅着喷涌而出，甚至溅出细小的水花，将股间浸得一片湿泞。\n急促紊乱的喘息从她翕张的唇间断续溢出，胸口大幅起伏，眉头拧紧，面容彻底失控地扭曲颤动，熟稔的躯体在剧烈的抽搐中持续战栗痉挛。
2092,action_part_a_orgasm_strong_B,0,CVP_A2_T|1_E_0&CVP_A2_A|10_G_3&CVP_A2_A|10_LE_6,随着强烈绝顶的轰然袭来，{TargetName}纯熟收放的{anal}疯狂地连续痉挛绞紧，无法自控地一阵阵翻涌收缩。\n被开发得极其顺熟的括约肌剧烈地绞拧翕合，一开一合频率快得惊人，熟练的肠壁跟着深长而剧烈地蠕动搅动。\n她的腰肢一次次深深地向上弓起，绷成紧张的弓形，紧接着又猛然失力瘫软，反复地弓起塌落个不停。\n两条腿失控地痉挛乱颤，脚跟胡乱蹬动，脚趾扣紧蜷曲，双手死死抓攥着身边的一切，手背青筋隐隐凸起，指节泛白。\n{anal}每一次疯狂绞缩，都逼出大量温热黏稠的肠液，汩汩喷涌翻淌，甚至夹带着小股喷射，淋漓地流淌满一片。\n她的呼吸急促失序地喷吐着，胸膛剧烈耸动，脖颈向后深仰，面部肌肉失控地抽搐扭曲，整具熟稔娇躯在这剧烈的连续痉挛中止不住地颤栗抖动。
2093,action_part_a_orgasm_strong_B,0,CVP_A2_T|1_E_0&CVP_A2_A|10_G_3&CVP_A2_A|10_LE_6,{TargetName}那驾轻就熟的{anal}骤然彻底失控，剧烈地连番疯狂绞缩痉挛，一波接一波深长地翻搅收紧。\n熟稔的括约肌疯狂地一绞一放，紧缩翕张的幅度大得惊人，被磨得顺熟的肠道随之剧烈地收放蠕动个不住。\n她的纤腰深深地弓成弧线，脊背离地绷紧，随即又重重地瘫软下坠，如此深深弓起再骤然塌落地反复颤动。\n一双大腿失控地颤抖乱蹬，小腿肌肉一阵阵抽紧，脚趾死死向内蜷缩扣牢，两手胡乱攥紧掐陷，指节根根泛白。\n伴着{anal}那一下下凶猛的绞缩翻涌，大量温热的肠液从深处汹涌喷溢而出，甚至溅出细碎水花，将腿根股缝浸得湿漉一片。\n她断续急促的喘息从张开的唇齿间紊乱地逸出，胸脯剧烈起伏，眉眼拧皱，面容失控地扭曲抽动，熟练的身躯在这剧烈的抽搐颤栗中久久无法平息。
2094,action_part_a_orgasm_strong_B,0,CVP_A2_T|1_E_0&CVP_A2_A|10_G_3&CVP_A2_A|10_LE_6,强烈的绝顶袭来时，{TargetName}熟稔纯练的{anal}疯狂地连续痉挛绞紧，失控地一阵阵深长翻涌收缩着。\n被开发得极为顺熟的括约肌剧烈地绞拧收放，一翕一张快得几乎连成一片，熟练的肠壁跟着一波波深剧地蠕动搅拧。\n她的腰身反复地深深向后弓起，绷成一道紧绷的弓形，转瞬又失力瘫软塌陷，起起伏伏地弓塌了一次又一次。\n修长双腿失控地抽搐颤栗，脚踝绷紧脚趾蜷扣，膝头不住打颤，两臂痉挛收拢，十指死死攥掐着触及的一切，指尖惨白。\n{anal}每一记疯狂的绞缩都压出大量滚烫黏腻的肠液，翻涌着喷淌而出，隐隐夹着小股喷溅，将股间淋得一片狼藉。\n她急促而紊乱的呼吸断续地喷吐，胸膛大幅耸动，颈项后仰，面部肌肉彻底失控地抽搐扭动，整具娴熟的娇躯在剧烈的连番痉挛里不停战栗颤抖。

2095,action_part_a_orgasm_strong_B,0,CVP_A2_T|1_E_0&CVP_A2_A|10_G_6,{TargetName}那早已被彻底开发纯熟的娇躯毫无预兆地剧烈绷紧，脊背猛地深深弓成一张满弓，{anal}紧接着爆发出一连串狂乱而失控的深度痉挛，一圈圈疯狂地向内绞缩又骤然翕张。\n那被无数次操弄得烂熟的括约肌以远超以往的凶猛力道疯狂绞合翻搅，一收一放间发出黏腻的翕动，绞缩的幅度和频率都远远盖过了寻常的绝顶。\n她全身的肌肉一齐强烈地抽搐紧绷，小腹一下下深深地凹陷抽动，两条大腿失控地绷直又剧烈颤抖，脚趾狠狠地向内蜷缩扣紧，脚踝处的筋腱根根绷起。\n腰肢反复地深弓而起，随即又一次次无力地重重瘫软塌落下去，双手死死攥紧，指节泛得惨白。\n伴着{anal}那凶猛的连环绞缩，大量温热黏稠的肠液成股地翻涌喷淌而出，顺着痉挛不休的穴口汩汩淌落，甚至被剧烈的绞夹逼得微微喷溅飞出。\n她仰起脖颈大张着嘴，急促而紊乱的喘息一阵接一阵，面部的神情彻底失了控，整具身子在这远胜平日的剧烈反应里疯狂震颤。
2096,action_part_a_orgasm_strong_B,0,CVP_A2_T|1_E_0&CVP_A2_A|10_G_6,熟透了的{TargetName}猝然浑身一震，整条脊梁骤然弓起绷成僵直的弧线，{anal}随之狂暴地连续深深绞缩起来，翻搅翕合的力度凶悍得远非往常那些绝顶可比。\n那早被开发得驾轻就熟的括约肌疯狂地一绞一松，急促而剧烈地绞紧又猛地张开，肌肉翕动的节奏乱得几乎失了控，绞缩的深度比寻常绝顶时深沉了许多。\n她周身的肌肉一同狠狠抽搐绷紧，紧实的小腹反复地深陷收缩，两腿时而失控地乱蹬时而僵直地痉挛颤栗，十根脚趾死死地蜷曲扣拢。\n腰身一次次高高弓起后又重重塌软下去，双臂青筋凸起，两手攥紧到指尖泛白发颤。\n随着{anal}那一阵阵疯狂的绞动，成股滚烫的肠液被逼得哗然翻涌而出，顺着不住抽搐的穴口大量淌落，甚至被绞缩的力道逼出了细密的小幅喷淋。\n她大张着嘴喉间溢出破碎失序的喘息，脖颈深深后仰，脸上的表情崩得七零八落，整具熟透的身躯在这远超以往的绝顶里剧烈地震颤个不停。
2097,action_part_a_orgasm_strong_B,0,CVP_A2_T|1_E_0&CVP_A2_A|10_G_6,{TargetName}那具被操弄得炉火纯青的身子骤然剧烈战栗，腰背猛地向上深深弓起，{anal}紧跟着爆发出狂乱到不受控制的连环痉挛，一波接一波地疯狂向内绞紧又急促翕张。\n那熟极了的括约肌以远胜寻常的凶狠力道疯狂翻绞抽搐，绞合翕动之间黏腻作响，收缩的力度与幅度都比普通绝顶时猛烈了不止一个层次。\n全身的肌肉一齐紧绷抽动，平坦的小腹一下下急促地深凹抽搐，两条腿失控地绷直乱颤，膝盖不住地哆嗦，脚趾蜷缩扣紧到发白。\n腰肢反反复复地深弓又瘫软，一次次弹起再重重跌落，双手死命揪紧，指节因用力而根根泛白。\n伴着{anal}那疯狂的绞缩节律，大量温热黏稠的肠液被绞得成股翻涌溢出，顺着痉挛的穴口不断淌流，甚至被强烈的夹绞逼得小幅喷洒出来。\n她仰头张口，一声声急乱的喘息破碎地涌出，面容失控地扭曲颤抖，整副纯熟的身躯在这远超平常的凶猛绝顶里疯狂地抽搐震颤。
2098,action_part_a_orgasm_strong_B,0,CVP_A2_T|1_E_0&CVP_A2_A|10_G_6,早被彻底调教纯熟的{TargetName}倏然全身一僵，脊背骤然绷紧弓成满张的弓，{anal}随即疯狂地连续深度绞缩，翕合翻搅的力道凶悍得远远压过了以往任何一次绝顶。\n那开发得烂熟的括约肌狂暴地一紧一松急速痉挛，绞夹翻动之间乱了章法，向内绞缩的深度和急促程度都远远超出了寻常绝顶的范畴。\n她浑身的肌肉齐齐强烈地抽搐绷直，纤细的小腹反复深陷抽动，双腿失控地僵直乱蹬又剧烈打颤，两只脚的脚趾狠狠向内蜷曲扣紧。\n腰部一次次深深弓起后又骤然无力瘫软，双手用尽全力攥成死拳，指节泛白到微微发抖。\n随着{anal}那狂乱的连环绞动，成股滚热的肠液被逼得翻涌淌出，顺着抽搐个不停的穴口大量流泻，甚至被剧烈绞夹逼出了细小的喷溅。\n她脖颈深深后仰大张着嘴，喉咙里溢出一阵紊乱失序的急喘，脸上的神色彻底失控崩散，整具娴熟的身子在这远胜平日的强烈绝顶中剧烈地颤栗抽搐。
2099,action_part_a_orgasm_strong_B,0,CVP_A2_T|1_E_0&CVP_A2_A|10_G_6,{TargetName}那被玩弄得驾轻就熟的娇躯猝然剧烈绷紧，腰脊猛地深深弓起绷成僵硬的弧度，{anal}紧接着狂暴地连续绞缩翕张，一圈圈疯狂内收又急骤松开。\n那早熟透的括约肌以远超寻常的凶猛力道疯狂绞合翻搅，急促地一收一放翕动个不停，绞紧的力度比普通绝顶时陡然拔高了一大截。\n她全身肌肉一起绷得死紧剧烈抽搐，小腹一下下深凹急抽，两条大腿失控地乱蹬又僵直颤抖，脚趾蜷曲扣拢，脚踝的筋腱条条绷起。\n腰肢反复地高弓而后重重瘫落，一次次弹弓又塌软，双手紧紧攥住指节惨白发颤。\n伴着{anal}那疯狂翻绞的节律，大量黏稠温热的肠液成股地翻涌喷淌，顺着不停抽搐的穴口汩汩淌落一片，甚至被绞夹的力道逼得微微喷淋飞散。\n她仰颈张口，急乱破碎的喘息一波波涌出喉间，面部表情失控地抽搐扭曲，整具熟练的身躯在这远远盖过以往的凶猛绝顶里疯狂震颤不止。

2100,action_part_a_orgasm_strong_B,0,CVP_A2_S|5_L_1000,{TargetName}的{anal}骤然剧烈地绞缩起来，一下深过一下地连续痉挛，括约肌疯狂地翕张收放，一圈圈紧箍又骤松，将那处后庭绞得死死的。\n她的小腹随着{anal}的抽搐一阵阵猛烈起伏，腰部深深弓起成一道紧绷的弧线，随即又骤然瘫软塌下，如此反复了好几回。\n两条腿失控地颤抖着，脚趾用力向内蜷曲扣拢，膝盖不住地打颤，偶尔还无意识地乱蹬了几下。\n大量温热黏腻的肠液从剧烈翕合的{anal}中汹涌淌出，顺着股缝大股大股地流落，甚至被绞缩的力道逼得小幅喷溅出来，濡湿了大片肌肤。\n她的呼吸彻底乱了套，胸口剧烈起伏，喉咙里挤出一串串破碎急促的气音，纤细的手指死死蜷握攥紧，指节绷得发白，整张脸的神情失控地扭曲颤栗，在博士面前抖成一团。
2101,action_part_a_orgasm_strong_B,0,CVP_A2_S|5_L_1000,随着强绝顶的冲击袭来，{TargetName}的{anal}疯狂地一缩一放，连绵不绝的痉挛沿着后庭一路收紧，括约肌一圈圈地绞拧翕合，怎么也停不下来。\n她的腰肢猛地向上弓起，脊背绷成一张满弓，紧接着又软绵绵地垮塌下去，臀部随着{anal}的抽搐不受控制地一颤一颤。\n四肢剧烈地颤栗，双腿一会儿死死绷直，一会儿又脱力地乱蹬，脚背绷得笔直，脚趾蜷缩成一团。\n汹涌的肠液被{anal}一次次绞缩挤压着淌涌而出，量大得惊人，顺着腿根蜿蜒滑落，其间还夹着一小股被逼喷的水线。\n她张大了嘴却只发得出断断续续的气声，胸膛急促地起伏喘动，双手在身侧胡乱抓握，指尖深深掐进掌心，整个身子抖得不成样子。
2102,action_part_a_orgasm_strong_B,0,CVP_A2_S|5_L_1000,{TargetName}的{anal}陡然爆发出一阵剧烈至极的痉挛，深深地绞缩下去，括约肌疯狂地收放翕张，一遍遍地箍紧又松开，节奏乱得毫无章法。\n她整个小腹都在剧烈抽搐，一下下地向内抽紧，腰部反复地深弓再瘫软，臀肉随着{anal}的每一次绞缩而阵阵战栗颤动。\n双腿抑制不住地打颤，大腿肌肉一阵阵绷紧又松脱，脚趾死死向内抠蜷，偶尔还猛地一蹬。\n大量的肠液被绞缩的{anal}挤涌而出，黏腻温热地大股淌落，把股间与腿根濡得一片狼藉，甚至溅出细碎的飞沫。\n她的呼吸急促而紊乱，胸口大幅度地起起伏伏，唇齿间漏出破碎失控的喘息，一双手紧紧攥住手边的东西，指节因用力而泛出惨白，整张脸失控地皱紧颤抖。
2103,action_part_a_orgasm_strong_B,0,CVP_A2_S|5_L_1000,强绝顶的浪潮猛地拍下，{TargetName}的{anal}剧烈地连续深缩，一波接一波不受控制地痉挛翕合，括约肌疯狂地绞拧收放，紧箍得几乎没有一丝缝隙。\n她的腰背骤然弓起绷紧，又在下一瞬彻底瘫软下去，如此反反复复，小腹随着{anal}的抽搐一阵阵猛烈地起伏收紧。\n两条腿失控地痉挛颤抖，时而绷得笔直，时而无力地乱蹬乱踢，脚趾蜷曲扣紧，脚踝绷出僵直的线条。\n温热的肠液从翕张不止的{anal}中大量涌流而出，顺着颤抖的腿根汩汩滑落，量多到浸湿一大片，还夹着一小股喷淌溅出。\n她胸膛剧烈喘动，喉间逸出一声声断续的气音，纤长的手指痉挛似地蜷握，指节发白，整个身躯抖得东倒西歪，面容彻底失了控。
2104,action_part_a_orgasm_strong_B,0,CVP_A2_S|5_L_1000,{TargetName}的{anal}猝然剧烈绞缩，深深地一缩再缩，括约肌疯狂地翕张开合，一圈圈地紧箍又骤然松开，收放的幅度大得惊人。\n她的小腹随着{anal}的每一下抽搐猛地向内抽紧，腰肢深深弓成弧形后又骤然塌软，臀部一颤一颤地随之战栗。\n四肢彻底失了控制，双腿颤抖着一会儿绷直一会儿乱蹬，脚趾用力向内蜷缩扣拢，膝头不停地打着战。\n大股大股的肠液从剧烈翕合的{anal}里汹涌淌出，黏腻温热地漫过腿根股缝，湿成一大片，甚至被绞缩的力道逼出一小道喷溅。\n她的呼吸完全失了节律，胸口急促起伏，喉咙深处溢出破碎凌乱的气音，双手死死攥紧掐住身侧，指节绷得惨白，整张脸皱缩颤栗，神情失控到了极点。

2105,action_part_a_orgasm_strong_B,0,CVP_A2_S|5_GE_1000&CVP_A2_S|5_L_12000,{TargetName}的{anal}骤然剧烈地绞紧，随即不受控制地一波接一波连续痉挛收缩起来，括约肌疯狂地翕张绞动，一圈圈用力地收束又张开。\n她的小腹随之深深地凹陷抽搐，整片腰腹的肌肉都绷得紧紧的，纤细的腰肢猛地向上深深弓起，拉出一道紧绷的弧线，随后又骤然失力地软塌下去，紧接着再度弓起，如此反复。\n两条大腿失控地剧烈颤抖，脚趾死死地蜷缩扣紧，双脚不受控制地绷直又乱蹬，膝盖时而紧紧夹合时而无力张开。\n她的双手死死攥紧，指节因用力而泛白，指尖深深掐陷进去，脊背绷成一张满弓，肩头剧烈地耸动。\n{anal}深处随着这狂乱的绞缩大量地涌出温热黏腻的肠液，一股股顺着股缝滚落，其间甚至伴着一小股细细的喷溅。\n她的呼吸彻底乱了节奏，胸口剧烈起伏，急促的喘息断续溢出，秀丽的面容失控地扭曲，眉心紧锁，眼角泛红，嘴唇大张，整张脸都写满了失神。
2106,action_part_a_orgasm_strong_B,0,CVP_A2_S|5_GE_1000&CVP_A2_S|5_L_12000,{TargetName}的{anal}毫无预兆地猛然收缩，紧接着便失控地连续抽搐翕合，括约肌一下下疯狂地绞紧又松开，剧烈地翕张个不停。\n她整片下腹的肌肉骤然绷紧收缩，肚皮深深地凹陷下去又鼓起，腰身反复地深深弓起再瘫软，一次次绷成紧张的弧度又失力垂落。\n修长的双腿绷得笔直，随即控制不住地剧烈颤栗，脚背用力地向下绷直，脚趾一根根蜷曲扣拢，两条腿时而痉挛地夹紧时而无力地摊开。\n她的十指痉挛般收拢攥紧，手背青筋微微浮凸，双臂僵直地绷着，肩膀不住地抖动，脊柱一节节绷得笔直。\n随着{anal}狂乱的绞动翻搅，大量温热的肠液从深处汩汩涌流而下，浸湿了整片股间，其中还夹带着一小簇喷溅出来的液体。\n她的胸膛剧烈地一起一伏，呼吸急促而紊乱，断续的气息从大张的唇间逸出，姣好的脸蛋彻底失了控，眉头死死皱紧，眼神涣散，泪光在眼角隐隐打转。
2107,action_part_a_orgasm_strong_B,0,CVP_A2_S|5_GE_1000&CVP_A2_S|5_L_12000,{TargetName}的{anal}陡然绷紧，随即陷入一阵接一阵不受控制的剧烈痉挛，括约肌疯狂地一收一放地绞缩翕张，翻搅个不停。\n她的小腹随之一下下猛烈地抽紧凹陷，腰腹肌肉全数绷起，纤腰深深地向上弓成满弓的弧度，紧绷片刻后又骤然失力地塌软，随即又重新弓起，起伏不定。\n两腿失控地颤抖抽搐，一会儿死死地并拢相夹，一会儿又无力地敞开乱蹬，脚踝绷得紧紧，脚趾狠狠向内蜷扣。\n她的双手用力抠抓攥握，指节泛出青白，手臂僵硬地绷直发颤，整条脊背弓紧后又剧烈地耸颤。\n{anal}在这狂乱绞缩中大量地喷涌出黏腻温热的肠液，一道道顺着大腿内侧淌落，甚至猛地窜出一小股细流。\n她的呼吸乱作一团，胸脯急促地大幅起伏，喘息断断续续地涌出唇齿之间，精致的面庞失神地绷紧扭曲，双眉紧蹙，眼角挂泪，神情尽是难以自制的颤栗。
2108,action_part_a_orgasm_strong_B,0,CVP_A2_S|5_GE_1000&CVP_A2_S|5_L_12000,{TargetName}的{anal}猝然剧烈收束，接着一波又一波失控地连续绞缩痉挛，括约肌疯狂地翕张开合，一圈圈用力地收拢再撑开。\n她整个小腹深深地抽搐凹陷，腰间的肌肉紧绷成一片，柔韧的腰肢一次次深弓成弧再无力瘫落，如此循环往复地起落。\n两条腿剧烈地失控颤抖，时而绷得笔直乱蹬乱踹，时而痉挛地夹紧，脚趾用力地蜷缩勾扣，小腿肌肉一阵阵地绷起抽动。\n她的手指痉挛地攥紧成拳，指尖深深掐入掌心，双臂绷直战栗，肩头与脊背一同剧烈地弓起颤动。\n随着{anal}疯狂的绞动收缩，大量温热黏稠的肠液从深处滚滚涌出，顺着股沟一路流淌，间中还伴着一小股喷溅飞溅而出。\n她的胸口急剧地起伏喘动，呼吸彻底失序，短促而紊乱的气息不停地从张开的嘴里泄出，秀美的脸蛋彻底失控地扭曲着，眉心深锁，眼神迷离涣散，眼角沁出泪痕。
2109,action_part_a_orgasm_strong_B,0,CVP_A2_S|5_GE_1000&CVP_A2_S|5_L_12000,{TargetName}的{anal}毫无征兆地骤然紧缩，紧接着便无法自控地一下下剧烈痉挛翻搅，括约肌狂乱地绞紧又松张，一刻不停地翕合抽动。\n她的下腹随之猛地一次次抽紧凹陷，整片腰腹绷得死紧，纤细的腰身深深地向上弓起又失力软塌，反反复复地弓落个不停。\n两条大腿控制不住地剧烈打颤，一时痉挛地紧紧夹合，一时又无力地大张乱蹬，脚趾狠狠蜷扣，脚踝紧绷得发抖。\n她的双手死死抓握攥紧，手背筋络凸起，指节泛白，双臂僵直发颤，脊柱绷成紧弓后又一阵阵猛烈耸动。\n{anal}在这阵狂乱绞缩里大量地淌出温热黏腻的肠液，一股股沿着腿根滚滚流下，其间甚至夹着一小簇喷溅而出的液流。\n她的呼吸紊乱急促，胸膛剧烈起伏，断续的喘息从大张的双唇间不住溢散，姣美的容颜失神地皱紧扭曲，双眉紧攒，眼角泛红含泪，满面尽是失控之态。

2110,action_part_a_orgasm_strong_B,0,CVP_A2_T|7_E_0&CVP_A2_T|222_E_1,已成年却仍对情事一无所知的{TargetName}浑身骤然绷紧，{anal}毫无章法地一阵阵痉挛收缩，括约肌不受控制地疯狂绞缩又骤然松开，仿佛第一次经历这般冲击的躯体完全不知该如何应对。\n她那双早已发育成熟的长腿胡乱蹬踢起来，脚尖没头没脑地绷直又蜷曲，膝盖磕磕碰碰地颤抖着分不清该收该展。\n双手在半空中茫然地乱抓一气，手指张开又攥紧，什么都没能抓住，只能徒劳地在身侧胡乱挥动。\n腰肢一下下不受控制地深深弓起，随即又软软地塌落回去，如此反复了好几次，脊背绷成一道道生涩僵硬的弧线。\n{anal}深处涌出大量粘稠的肠液，顺着股沟汩汩流淌而下，甚至猛地小幅喷溅出一股，将周围的肌肤浸得一片濡湿。\n呼吸变得又急又乱，胸口剧烈起伏，嘴巴大张着却发不出任何连贯的声音，双眼因这陌生而剧烈的冲击而涣散地睁大，脸上写满了不知所措的茫然。\n成熟的身躯就这样在毫无经验的失控中剧烈痉挛着，一波接一波，久久无法平息。
2111,action_part_a_orgasm_strong_B,0,CVP_A2_T|7_E_0&CVP_A2_T|222_E_1,{TargetName}虽拥有一副成熟饱满的身躯，却似头一次尝到这般滋味般浑身剧烈痉挛起来，{anal}不受控制地一阵猛过一阵地绞紧又骤然松开，括约肌疯狂翕张，完全找不到平息下来的节奏。\n两条修长的腿毫无经验地乱蹬乱踹，脚踝忽而绷紧忽而松垮，脚趾胡乱蜷曲又骤然张开，动作显得生涩而慌乱。\n她的十指毫无目的地在身侧攥紧又松开，指甲深深掐进掌心，仿佛想抓住些什么却又什么都抓不到。\n腰腹一次次猛烈地向上弓起，随即又颤抖着塌陷下去，脊背在这反复的起伏间绷得笔直又骤然瘫软。\n大量浓稠的肠液自{anal}深处汹涌溢出，沿着大腿内侧不断流淌，中途甚至猛然喷出一小股，将肌肤打湿成一片。\n胸膛急促地大幅起伏，呼吸紊乱得毫无章法，唇齿间只能发出破碎而茫然的喘息，眼神空洞地涣散着，脸上满是懵懂无措的神情。\n整具成熟却懵懂的躯体在这股陌生而强烈的冲击下剧烈颤抖不止，久久难以恢复平静。
2112,action_part_a_orgasm_strong_B,0,CVP_A2_T|7_E_0&CVP_A2_T|222_E_1,毫不知晓情事为何物的{TargetName}身体骤然剧烈一僵，随即不受控制地猛烈痉挛起来，{anal}一波接一波地疯狂绞缩，括约肌反复收紧又骤然松弛，仿佛完全不知该如何承受这股冲击。\n她那双早已成熟的双腿慌乱地蹬直又蜷起，脚背时而绷成弧线时而骤然松垮，脚趾胡乱地抓挠着虚空。\n双臂毫无方向地挥动，手指张开又紧紧攥拳，指节泛白，却始终抓不住任何可以依靠的东西。\n腰肢一下又一下猛地向上弓起，弧度一次比一次深，随后又颓然塌落，脊背在这反复间绷紧又松垮。\n{anal}深处大量肠液汹涌而出，顺着股缝不断流淌而下，其间猛然喷溅出一阵，湿意迅速蔓延开来。\n急促紊乱的喘息断断续续地从张开的唇间溢出，胸口剧烈起伏不停，双眼涣散地瞪大，脸上写满了懵懂而茫然的失控神情。\n成熟的躯体就这样在毫无头绪的剧烈痉挛中反复颤抖，久久不能平息下来。
2113,action_part_a_orgasm_strong_B,0,CVP_A2_T|7_E_0&CVP_A2_T|222_E_1,{TargetName}虽身形早已出落得成熟动人，此刻却像全然不懂人事一般浑身剧烈痉挛，{anal}一阵猛过一阵地绞紧收缩，括约肌不断翕张扭动，全然没有半点章法可言。\n修长的双腿毫无经验地乱蹬乱夹，膝盖磕碰着颤抖不止，脚尖忽而绷直忽而蜷曲，显得手足无措，大腿内侧的软肉也跟着一下下痉挛着收紧又松开。\n双手在身侧胡乱抓挠，指尖深深掐进掌心又骤然松开，反复几次都没能找到任何可以依靠的支撑，手臂也跟着一同剧烈颤抖起来。\n腰身一次次猛烈弓起，弧度深得几乎将脊背折成弧线，随后又猛然瘫软塌落，如此反复不停，浑身的肌肉都绷得又紧又硬。\n浓稠的肠液不断自{anal}涌出，沿着大腿内侧滚滚流下，中途骤然喷出一小股湿意，瞬间浸湿了大片肌肤。\n胸膛剧烈起伏，呼吸急促得毫无规律，喉间只能挤出破碎的喘息声，双眼空茫地睁着，脸上满是不解与失措交织的神情。\n这具成熟却生涩的身躯在陌生而猛烈的冲击下持续痉挛颤抖，久久无法止息。
2114,action_part_a_orgasm_strong_B,0,CVP_A2_T|7_E_0&CVP_A2_T|222_E_1,对情事一窍不通的{TargetName}猛地浑身一颤，随即陷入不受控制的剧烈痉挛，{anal}疯狂地一阵阵绞缩又松开，括约肌反复翕张，仿佛完全不明白自己的身体正在发生什么。\n她那双早已成熟丰满的双腿胡乱蹬踹起来，脚踝时紧时松，脚趾痉挛般地蜷曲又张开，动作显得笨拙而慌张，小腿肚也随之一阵阵地绷紧颤动。\n双手毫无目标地在半空胡乱挥抓，手指张合不定，指甲深深掐进掌心也浑然不觉，手臂随着抽搐一同微微抖动。\n腰肢一次比一次更猛地向上弓起，脊背绷成剧烈的弧度，随后又颓然瘫软下去，如此反复不休，臀肉也跟着一波接一波地绷紧收缩。\n大股大股的肠液自{anal}深处涌出，顺着股间不断滑落，期间猛然喷溅而出一阵，将周遭肌肤彻底浸湿。\n急促而凌乱的喘息从微张的唇齿间断续逸出，胸口剧烈地起伏不定，双眼涣散无神，脸上交织着茫然与惊惶的失控表情。\n成熟饱满的身躯就在这毫无经验的剧烈颤动中久久无法平复。


2115,action_part_a_orgasm_strong_B,0,CVP_A2_T|102_E_1,瘦小稚嫩的{TargetName}躯体猛然绷紧痉挛，{anal}不受控制地一圈接一圈剧烈绞缩，稚嫩的括约肌疯狂翕张收紧，一波接一波毫无间歇。\n矮小的腰肢连续深深向上弓起，随即又力竭般瘫软塌落，如此反复好几个来回都无法平息下来。\n纤细如藕节的四肢剧烈颤抖乱蹬，小小的脚趾痉挛般蜷紧又猛然绷直，稚嫩的手指死死揪住身旁能触及的东西，指节因用力而泛白发青。\n幼小的胸口随着急促紊乱的呼吸剧烈起伏，喉间溢出破碎失控的喘息声，稚气未脱的小脸瞬间涨满潮红，眼角溢出生理性的泪水，嘴角控制不住地大张流涎。\n{anal}深处涌出大股滚烫黏稠的肠液，沿着颤抖不止的小小臀缝汹涌而下，甚至猛地小幅喷溅出来，将幼嫩的肌肤浸得一片湿滑狼藉。
2116,action_part_a_orgasm_strong_B,0,CVP_A2_T|102_E_1,娇小玲珑的{TargetName}身躯猝然剧烈痉挛起来，{anal}一阵接一阵疯狂绞紧收缩，柔嫩的括约肌不受控制地飞快翕合绞动，一圈又一圈完全停不下来。\n单薄的小腰身骤然深深弓起，脊背绷成一道紧绷的弧线，旋即又瘫软塌陷，如此反复多次都难以安定。\n细瘦短小的双腿不断颤抖乱蹬，脚背猛地绷直又蜷缩回去，稚嫩的双手紧紧攥成小拳头，指甲深深掐进掌心。\n带着奶气的胸脯随急促破碎的呼吸大幅起伏，嘴唇哆嗦着控制不住地大张，眼眶泛起水光，圆润的小脸颊瞬间染上大片潮红。\n{anal}深处大量温热黏腻的肠液汹涌涌出，顺着颤抖不止的臀肉滑落而下，甚至猛然向外小幅喷溅，将身下浸得湿漉一片。
2117,action_part_a_orgasm_strong_B,0,CVP_A2_T|102_E_1,身量未足的{TargetName}整个人猛地一僵，随即剧烈颤抖起来，{anal}失控般一浪接一浪痉挛绞紧，稚嫩的括约肌快速翕张收放，仿佛怎么也无法停歇。\n矮小的腰肢一次次深深弓起又颓然瘫落，稚嫩的脊椎骨节因用力而微微凸显，反复起伏久久难以平息。\n瘦削短小的四肢剧烈乱蹬颤抖，小小的脚趾用力蜷缩成一团，随后又猛地绷得笔直，双手胡乱攥紧近旁能抓到的东西，指节泛白发紫。\n呼吸变得急促而破碎，稚气的小胸口剧烈起伏喘息不止，圆嫩的脸庞霎时涨得通红，眼神涣散失焦，嘴角失控地大张溢出涎水。\n{anal}深处涌出大股黏稠滚烫的肠液，沿着颤抖的股缝汩汩流淌而下，一度猛烈地向外喷溅出来，将周遭浸润得一片泥泞湿滑。
2118,action_part_a_orgasm_strong_B,0,CVP_A2_T|102_E_1,发育未全的{TargetName}猛然浑身一僵，紧接着{anal}剧烈失控地反复绞缩痉挛，柔嫩的括约肌疯狂翕张收放，一波接一波完全无法平息。\n单薄矮小的腰肢一次又一次深深弓起又瘫软塌陷，稚嫩的脊背随之剧烈起伏颤动，久久难以平复下来。\n细弱短小的四肢不受控制地剧烈颤抖乱蹬，圆润的小脚趾用力蜷曲又猛然绷直，稚嫩的双手紧紧揪住身边能抓到的东西，指尖因用力而泛白。\n喘息声急促而破碎地连续溢出，幼小的胸膛剧烈起伏不止，圆嫩的脸颊瞬间浮上浓重潮红，眼神涣散无法聚焦，微张的嘴角失控地溢出津液。\n{anal}深处涌出大股滚烫黏稠的肠液，顺着颤动不止的臀缝汩汩流下，猛地小幅喷溅出来，将幼嫩的肌肤浸得湿淋淋一片。
2119,action_part_a_orgasm_strong_B,0,CVP_A2_T|102_E_1,体态娇嫩的{TargetName}猛然绷紧抽搐，{anal}狂乱地一圈接一圈绞缩翻搅，稚嫩的括约肌疯狂地收紧又松开，完全不受自己支配。\n瘦小的腰身接连深深弓起，随后又力竭地垮塌下去，一次次反复起伏，久久无法安定下来。\n纤细矮小的双腿抽搐着乱蹬乱踢，小小的脚尖痉挛般绷紧又蜷起，稚嫩的手指死死攥住身旁的物什，指关节因用力而僵硬发白。\n呼吸急促紊乱得几乎破碎，稚气的小胸口剧烈地上下起伏，脸颊与耳根瞬间染满艳红，眼角溢出生理性的泪光，唇瓣控制不住地颤抖大张。\n{anal}中大量灼热黏稠的肠液汹涌而出，沿着不住颤抖的小巧臀部曲线滑落而下，甚至一度猛地喷溅出来，将身下弄得一片湿滑狼藉。

2120,action_part_a_orgasm_strong_B,0,CVP_A2_S|5_GE_12000&CVP_A2_S|5_L_90000,{TargetName}的身子猛地向上弓成一张紧绷的弓，{anal}剧烈而不受控制地连续痉挛收缩着，括约肌疯狂地绞缩又翕张，一圈圈狂乱地开合。\n她的纤腰反复深深弓起，弓到极处又骤然瘫软塌陷，如此起落了一次又一次。\n两条腿失控地颤抖着，脚趾用力蜷缩绷直，脚跟无意识地乱蹬乱踢，膝盖不住地打着颤。\n全身的肌肉一阵阵强烈地抽搐绷紧，小腹深处反复剧烈地抽动起伏，后背绷成一道紧张的曲线。\n{anal}随着这一波波狂乱的痉挛涌出大量温热的肠液，一股股顺着股缝汩汩淌落，甚至小幅地喷溅出来，沾湿了下身一大片。\n她的双手死死攥紧，指节因用力而泛白，脖颈向后仰起，喉间溢出急促而破碎的喘息，胸口剧烈地起伏喘动，表情彻底失控地扭曲着，整具身子在这远超寻常的剧烈痉挛中不住地战栗。
2121,action_part_a_orgasm_strong_B,0,CVP_A2_S|5_GE_12000&CVP_A2_S|5_L_90000,{TargetName}整具躯体骤然剧烈地绷紧，{anal}一下接一下疯狂地绞缩痉挛，括约肌失控地翕合开阖，收缩的力道凶猛而毫无章法。\n她的腰肢猛地弓起一道深深的弧线，紧绷到顶点后又无力地瘫落下去，反反复复地起伏塌陷。\n四肢剧烈地颤抖乱蹬，纤细的大腿一会儿死死夹紧一会儿又失控地张开，脚趾一次次痉挛般地蜷曲又绷直。\n全身肌肉一阵阵强烈地抽紧又松脱，小腹反复深陷抽搐，后腰绷得笔直。\n{anal}随着这一连串狂乱的收缩涌出大量黏热的肠液，汩汩不断地淌流而出，甚至夹带着小股的喷溅，将下身淋得一片狼藉。\n她的呼吸急促而紊乱，喉咙里溢出一声声破碎的喘鸣，脸颊涨红，五官因剧烈的抽搐而彻底失控地皱拧在一起，整个人在这凶猛的连续痉挛里颤个不停。
2122,action_part_a_orgasm_strong_B,0,CVP_A2_S|5_GE_12000&CVP_A2_S|5_L_90000,{TargetName}的脊背猝然弓成一道紧绷的弧，{anal}剧烈地连续收缩绞动，括约肌一圈圈疯狂地翕张绞缩，收放的幅度大得惊人。\n她的腰身反复地深深弓起又骤然软塌，一次次剧烈地起落颤动。\n两条腿失控地痉挛颤抖，脚跟无意识地蹬踹，脚趾狠狠蜷起，膝盖不住地相互磕碰打颤。\n全身的肌肉强烈地抽搐绷直，肩背绷得死紧，小腹深处一波波剧烈地抽动收缩。\n{anal}伴着这狂乱的痉挛不断涌出大量温热的肠液，一道道顺着腿根淌落，甚至小幅喷溅而出，将下身浸得湿漉漉一片。\n她的双手胡乱抓挠攥紧，指节泛白，脖颈向后深深仰起，急促破碎的喘息一声接一声从喉间冲出，胸膛剧烈起伏，面部彻底失控地扭曲抽搐，整具身子在这远胜以往的剧烈反应中不住战栗。
2123,action_part_a_orgasm_strong_B,0,CVP_A2_S|5_GE_12000&CVP_A2_S|5_L_90000,{TargetName}的身躯毫无预兆地剧烈弓起，{anal}疯狂而不受控制地一阵阵绞缩痉挛，括约肌狂乱地开合翕张，紧缩的力度凶猛得近乎失控。\n她的纤腰深深弓成一道弧线，绷到极致后又骤然瘫软下陷，如此反复地起伏了许多次。\n四肢剧烈地抖动乱蹬，大腿肌肉一阵阵绷紧又松开，脚趾痉挛般地扣紧蜷曲。\n浑身的肌肉一波波强烈地抽搐收紧，后背绷得笔直，小腹反复深深地凹陷抽动。\n{anal}随着这连番狂乱的收缩涌出大量黏腻温热的肠液，汩汩地顺着股沟流泻，甚至小股地喷射出来，把下身弄得一塌糊涂。\n她的呼吸紊乱急促，喉间不断溢出破碎失控的喘鸣，脸涨得通红，五官因剧烈的痉挛而狰狞地皱拧扭曲，整个人在这凶猛的强烈抽搐中颤栗不止。
2124,action_part_a_orgasm_strong_B,0,CVP_A2_S|5_GE_12000&CVP_A2_S|5_L_90000,{TargetName}整个人猛地绷成一张满弓，{anal}一下下疯狂地绞紧翕张，括约肌失控地连续痉挛收缩，收放之间狂乱而毫无节律。\n她的腰肢反复弓起又软塌，深深地弓到顶点旋即无力地垮落，起起伏伏个不停。\n两条腿剧烈地颤抖痉挛，一时紧紧夹拢一时又失控张开，脚尖狠狠绷直，脚趾一次次蜷缩扣紧。\n全身肌肉强烈地一阵阵抽紧绷直，小腹深处剧烈地抽搐起伏，肩胛紧绷。\n{anal}伴随着这一波波凶猛的痉挛涌出大量温热黏稠的肠液，源源不断地淌落，甚至小幅地喷溅飞散，将下身浇得湿透。\n她的双手死死攥住手边的东西，指节发白，脖颈高高仰起，一声声急促破碎的喘息从喉咙里挤出，胸口大幅起伏，表情彻底失控地扭曲抽搐，整具娇躯在这远超平常的剧烈痉挛中战栗颤动不止。

2125,action_part_a_orgasm_strong_B,0,CVP_A2_S|5_GE_90000,{TargetName}的娇躯毫无预兆地剧烈弹动起来，{anal}不受控制地一阵接一阵猛烈痉挛收缩，括约肌疯狂地绞紧又翕张，一圈圈的褶皱急促地开合抖动。\n她的小腹随着这股节律狠狠地向内抽搐，腹部的肌肉一下下鼓起又凹陷，整片肌理都在剧烈地颤动。\n腰肢反复地深深弓起，脊背绷成一道紧绷的弧线，随即又猛然塌软瘫落下去，如此循环往复。\n两条腿失控地颤抖乱蹬，脚趾狠狠地蜷缩扣紧，膝盖不住地打颤，大腿根部的肌肉一阵阵痉挛绷直。\n她的十指死死攥紧，指节因用力而泛出惨白，手臂青筋微微凸起，肩头剧烈地耸动着。\n大量温热黏腻的肠液自疯狂绞缩的{anal}中汩汩涌出，甚至伴着小幅的喷溅淌落而下，浸湿了一大片。\n她的呼吸彻底乱了节奏，急促而紊乱的喘息一声追着一声，脖颈无力地向后仰起，脸上的神情彻底失控地扭曲失神。
2126,action_part_a_orgasm_strong_B,0,CVP_A2_S|5_GE_90000,{TargetName}的身子骤然剧烈地弓弹起来，{anal}猛地失控般连续痉挛，括约肌一收一放地疯狂绞缩，翕动的幅度大得惊人。\n她全身的肌肉在同一瞬间狠狠绷紧，四肢僵直地抽搐，肩背与手臂上的线条一道道紧绷凸起。\n腰部反复地向上深弓，弓到极致后又整个瘫软下去，如此起伏不断，臀肉随之一次次收紧又松弛。\n她的双腿不受控制地痉挛乱颤，脚跟胡乱地蹬动，脚趾扣得死紧，小腿的肌肉一阵阵抽搐绷起。\n纤细的手指徒劳地抓挠攥紧，掌心掐出一道道红痕，手背筋络暴起，整条手臂都在发抖。\n翻涌的肠液自剧烈开合的{anal}一股股喷涌流淌，量大得惊人，甚至小幅地喷溅出来，顺着腿根蜿蜒滑落。\n她的胸膛剧烈起伏，呼吸急促紊乱到近乎哽咽，唇齿失控地张合，涎水自嘴角悄悄溢出，面容彻底失了神。
2127,action_part_a_orgasm_strong_B,0,CVP_A2_S|5_GE_90000,{TargetName}整具娇躯陡然绷成一张满弓，{anal}毫无节制地剧烈痉挛收缩，括约肌疯狂地绞拧翕张，一圈圈地急速开合颤抖。\n她的腹肌狠狠地一下下抽搐，小腹反复地向内深陷又鼓起，整片下腹都在不受控制地剧烈颤动。\n腰身一次次深深弓起，弓到极处旋即又软塌瘫落，脊背在绷直与松垮之间反复切换。\n两腿失控地乱颤乱蹬，膝盖打战般抖个不停，脚趾蜷缩扣紧，大腿内侧的肌肉一阵阵痉挛紧绷。\n她的双手死死抓握着，指节泛白，手臂剧烈地颤抖，肩膀一耸一耸地抽动。\n大量黏稠温热的肠液自绞缩不止的{anal}中奔涌而出，间或夹着小幅的喷洒，淋漓地淌落一地。\n她的呼吸彻底紊乱失序，急喘声破碎而急促，脖颈青筋微凸地后仰，面部肌肉失控地抽搐扭曲，神情涣散失神。
2128,action_part_a_orgasm_strong_B,0,CVP_A2_S|5_GE_90000,{TargetName}的娇躯像触电般猛地一挺，{anal}不由自主地连续剧烈痉挛，括约肌一圈圈疯狂地绞紧又骤然松开，开合得又急又猛。\n她周身的肌肉齐齐绷紧抽搐，四肢僵直地颤栗，后背与臂膀上绷出一道道紧张的线条。\n腰肢反复地深深弓起再重重塌落，起伏的幅度大而失控，圆翘的臀部随之一次次痉挛收紧。\n双腿疯狂地打颤乱蹬，脚踝绷得笔直，脚趾死死向内蜷扣，小腿肚的肌肉一波波地抽动绷起。\n她十指用力地攥握成拳，指尖几乎掐进掌心，手背暴起青筋，整条胳膊都在不停地哆嗦。\n汹涌的肠液自狂乱翕张的{anal}大股大股地涌流而下，甚至小幅地喷溅而出，将下身浇得一片狼藉。\n她的胸口剧烈地起伏喘动，呼吸急促而杂乱，双唇失控张合，口涎溢出唇边，面容失神地皱缩扭曲。
2129,action_part_a_orgasm_strong_B,0,CVP_A2_S|5_GE_90000,{TargetName}的身躯毫无征兆地剧烈弹颤，{anal}失控地一阵紧似一阵地痉挛绞缩，括约肌疯狂地翕动开合，褶皱急剧地收拢又撑开。\n她的小腹随之狠狠地抽搐凹陷，腹部的肌肉一下接一下地紧绷鼓动，整片肌理都在急速颤动。\n腰部一次次向上深深弓起，弓至极限后又猛地瘫软下沉，如此反复地起落不休。\n两条腿不受控制地剧烈颤抖乱蹬，脚趾蜷缩得死紧，膝头不住打颤，大腿的肌肉一阵阵痉挛绷直。\n她的双手死死攥紧了触手所及之物，指节因过度用力而发白，手臂与肩头剧烈地抖动着。\n大量温热的肠液从绞缩狂乱的{anal}中喷涌淌落，量多得惊人，甚至伴随小幅的喷洒四溅开来。\n她的呼吸彻底乱作一团，急促紊乱的喘息接连不断，脖颈无力后仰，涎水自失控张合的唇间滑落，神情涣散而失神。

2130,action_part_a_orgasm_strong_B,0,CVP_A2_T|126_E_1,{TargetName}小巧紧致的臀部骤然绷成一团，{anal}紧接着剧烈而不受控制地连续痉挛起来，一圈紧窄的括约肌疯狂地绞缩翕张，一收一放间发出令人心颤的密集抽搐。\n她娇小的臀瓣一下下狠狠地弹跳抖颤，两片紧实的臀肉相互挤压又骤然弹开，整个小屁股都陷进失控的震颤里。\n纤细的腰肢深深地向上弓起，随即又猛地失力塌软下去，如此反复不休，脊背绷成一道紧张的弧线又骤然松垮。\n她的双腿失控地颤抖乱蹬，脚趾死死地蜷缩扣紧，全身的肌肉一阵阵强烈地抽搐绷紧，纤手攥紧又松开，指节泛出惨白。\n{anal}深处大量温热的肠液汹涌翻涌而出，甚至夹着几分小幅的喷溅，顺着紧窄的臀缝一路淌落，把娇小的臀部冲刷得黏腻湿滑。\n她的呼吸急促而紊乱地起伏，胸口剧烈地喘动，面部的表情彻底失了控，眉头紧锁又骤然松开，五官都在这场剧烈的绝顶里扭曲颤动着。
2131,action_part_a_orgasm_strong_B,0,CVP_A2_T|126_E_1,一阵剧烈的痉挛猛地攫住了{TargetName}小巧玲珑的屁股，{anal}发疯似地连续深度收缩绞紧，紧致的括约肌一圈圈疯狂地翕张吞吐，绞缩的频率快得几乎连成一片。\n她那对娇小紧俏的臀丘剧烈地抽搐弹动，紧实的臀肉绷得死紧又骤然松垮，一下下狠狠地哆嗦颤栗个不停。\n纤瘦的腰身猛地弓起成一道深弧，紧接着又失力地重重塌落，来来回回地深弓又瘫软，腰腹的肌肉密集地抽搐收紧。\n两条腿失控地绷直又乱颤乱蹬，脚趾用力地向内蜷曲扣拢，全身的肌肉都强烈地绷紧痉挛，双手死死攥成拳，指节紧绷得泛白。\n滚烫黏腻的肠液成股地自{anal}深处涌淌而出，间或小幅地飙溅飞洒，把小巧的臀部与紧窄的股缝糊得一片湿滑狼藉。\n她的呼吸紊乱得几乎失了节奏，胸膛剧烈起伏喘动，脸上的神情彻底崩散失控，双眸失神地涣散，唇齿间溢出破碎的颤抖气息。
2132,action_part_a_orgasm_strong_B,0,CVP_A2_T|126_E_1,{TargetName}小小的翘臀猛地一僵，{anal}随即剧烈失控地连续绞缩痉挛，紧窄的括约肌疯狂地一缩一放，密集而凶猛的收缩令整个小穴都痉挛成一团。\n她娇小的臀肉一阵阵剧烈地弹跳抖颤，两瓣紧实的臀丘绷得发硬又骤然弹松，止不住地哆嗦震颤。\n她的腰肢反复地深深弓起又无力瘫软，脊背一次次绷成紧弧再骤然塌垮，小腹的肌肉密集地抽动收紧个不停。\n纤细的双腿失控地颤抖蹬动，脚背绷直脚趾蜷扣，全身的肌肉强烈地抽搐绷紧，双手无意识地攥紧又张开，指尖掐进掌心泛出白痕。\n{anal}深处翻涌出大量温热的肠液，甚至伴着零星的小幅喷淌，顺着娇小紧致的臀缝汩汩流落，将小屁股浇得湿淋淋一片。\n她急促紊乱的呼吸大幅起伏，胸口剧烈喘动，脸上的表情完全失了控制，眉头死死拧紧又猛然松开，五官在剧烈的震颤里彻底扭曲。
2133,action_part_a_orgasm_strong_B,0,CVP_A2_T|126_E_1,剧烈的震颤瞬间席卷了{TargetName}小巧紧致的臀部，{anal}不受控制地连续狠狠绞缩，一圈紧俏的括约肌疯狂地翕张收吞，一波接一波密集地痉挛抽搐。\n娇小的臀瓣剧烈地弹动哆嗦，紧实的臀肉一下下绷紧又松垮，整个小屁股都被震颤裹挟得抖成一片。\n她纤瘦的腰身深深地弓起又骤然失力塌软，如此往复不停，背脊绷成一道紧绷的弧线再重重落下，腰腹肌肉密集地抽紧颤动。\n两条纤腿失控地乱蹬颤栗，脚趾死死向内蜷扣，全身肌肉强烈地绷紧抽搐，双手攥成拳头又猛地松开，指节因用力而泛白。\n大量滚烫的肠液自{anal}深处汹涌溢出，甚至夹带着小幅的喷溅飞淌，顺着紧窄娇小的臀缝一路滑落，把小臀糊得黏腻湿滑。\n她的呼吸急促而失序地喘动，胸膛剧烈起伏，面上的神色彻底失控，双眼失神涣散，唇边溢出一串破碎紊乱的颤息。
2134,action_part_a_orgasm_strong_B,0,CVP_A2_T|126_E_1,{TargetName}那对小巧紧俏的臀丘骤然绷紧，{anal}紧跟着剧烈而失控地一阵阵深度绞缩，紧窄的括约肌疯狂地绞紧翕张，收放之间密集得几乎连成不断的痉挛。\n她娇小的臀肉狠狠地弹跳抖颤，两片紧实的臀瓣挤压又弹开，整个小屁股陷进无法自控的剧烈震颤。\n纤细的腰肢一次次深弓成弧又猛然瘫软塌落，反复起伏不休，腰腹的肌肉密集地收紧抽搐个不停。\n她双腿失控地颤抖乱蹬，脚趾用力蜷曲扣拢，全身的肌肉强烈地抽搐绷紧，纤手死死攥住又骤然松开，指节紧绷发白。\n{anal}深处涌出大量温热黏腻的肠液，甚至伴着几缕小幅的喷淌飞溅，顺着小巧的臀缝汩汩淌落，将娇小的臀部冲刷得湿滑狼藉。\n她急促紊乱的呼吸剧烈起伏，胸口大幅喘动，脸上的表情完全崩散失控，眉头紧锁又松开，失神的眸子涣散无光。

2135,action_part_a_orgasm_strong_B,0,CVP_A2_T|127_E_1,{anal}毫无预兆地剧烈痉挛起来，一圈圈疯狂地收缩绞紧又猛然翕张，括约肌以远超以往的力道连续绞缩，将那阵阵不受控制的抽搐一波接一波地传递开来。\n{TargetName}那匀称圆润的臀部骤然绷紧，形状适中的臀肉随着{anal}的每一次深度抽搐而剧烈弹动变形，富有弹性的臀瓣一下下狠狠夹紧又弹开。\n她的腰部深深地弓起成一道紧绷的弧线，随即又猛地瘫软塌落，如此反复地弓起又下坠，脊背时而绷得笔直时而失力地曲折。\n两条大腿失控地剧烈颤抖，脚趾用力蜷缩绷直，双脚无意识地乱蹬乱踢，十指死死攥紧，指节因过度用力而彻底泛白。\n她的呼吸急促而紊乱，胸膛剧烈起伏，面部肌肉失控地抽动，眉头紧锁又骤然松开，大量温热的肠液自剧烈痉挛的{anal}深处汩汩喷涌而出，甚至伴着小幅的喷溅，顺着弹性十足的臀缝蜿蜒淌落，浸湿了柔韧圆润的臀肉。
2136,action_part_a_orgasm_strong_B,0,CVP_A2_T|127_E_1,{anal}猛然连续绞缩起来，剧烈到近乎失控地一阵阵深度痉挛，括约肌疯狂地翕张收紧，一波接一波地将强烈的抽搐向外扩散。\n{TargetName}圆润饱满的臀部随着这股猛烈的收缩剧烈弹颤，适中而柔韧的臀肉被{anal}的抽搐带得反复变形，弹性丰盈的臀瓣一次次紧绷又松弛。\n她的腰肢猛地向上弓成一道深弧，紧接着又失力地软塌下去，反复地弓起、瘫落，小腹的肌肉一阵阵剧烈地抽缩绷紧。\n四肢失控地颤抖乱动，双腿时而绷直时而痉挛，脚背用力绷伸，脚趾死死扣拢，双手胡乱抓攥，手臂上的筋脉根根凸起。\n她的呼吸乱成一片，胸口大幅起伏喘息，脸颊肌肉不受控制地抽搐，牙关时紧时松，大量肠液从翻搅绞紧的{anal}里滚滚涌出，伴着轻微的喷射沿着圆润有弹性的臀缝流淌而下。
2137,action_part_a_orgasm_strong_B,0,CVP_A2_T|127_E_1,{anal}剧烈而不受控制地连续痉挛绞缩，一圈圈疯狂地收紧又骤然弹开，括约肌以凶狠的力道翻搅绞缩，将那阵灭顶的抽搐一浪浪地推展开来。\n{TargetName}那匀称柔韧的臀部瞬间绷紧，形状恰到好处的臀肉随着{anal}的每一次剧烈抽动而弹跳变形，圆润的臀瓣紧绷得发颤又松软下来。\n她的腰身深深弓起后又猛地下塌，反复地拱起、瘫软，脊背一阵阵绷直又失力地弯折，肩背的肌肉紧绷得微微发抖。\n双腿失控地剧烈痉挛颤抖，膝盖不住地弯曲又蹬直，脚趾用力蜷缩，双脚无意识地胡乱蹬踢，双手死死攥紧，指节泛出惨白。\n她的呼吸急促而破碎，胸膛剧烈起伏，眉眼紧皱又骤然松开，面容失控地扭曲颤动，大量温热的肠液自痉挛不止的{anal}深处汹涌溢出，甚至小幅喷溅，一路顺着富有弹性的臀缝淌落。
2138,action_part_a_orgasm_strong_B,0,CVP_A2_T|127_E_1,{anal}突然疯狂地绞紧痉挛，剧烈到失控地一下下深度收缩翕张，括约肌以远胜寻常的力道连续绞缩，将猛烈的抽搐一波高过一波地向外传递。\n{TargetName}圆润匀称的臀部随之骤然绷紧，适中而富有弹性的臀肉被{anal}的剧烈抽动带得一下下弹动变形，柔韧的臀瓣狠狠夹紧后又弹松。\n她的腰部反复深深弓起又猛地瘫软下坠，脊背绷成紧张的弧线随即失力地曲折，小腹处的肌肉一阵阵急促地抽搐收紧。\n两条大腿失控地颤抖乱蹬，脚踝处的肌肉根根绷起，脚趾用力向内扣蜷，双手胡乱抓握攥紧，手背上的青筋条条凸现。\n她的呼吸急促而紊乱，胸口大幅喘息起伏，面部肌肉失控地抽搐，嘴唇颤抖着微张，大量肠液从剧烈翻搅的{anal}里滚滚喷涌而出，伴着轻微的喷射浸湿了圆润柔软的臀肉与臀缝。
2139,action_part_a_orgasm_strong_B,0,CVP_A2_T|127_E_1,{anal}毫无节制地剧烈连续痉挛，一圈圈疯狂地绞缩收紧又猛然翕张弹开，括约肌以近乎失控的力道反复绞紧，将那阵阵强烈的抽搐一浪浪地扩散出去。\n{TargetName}那匀称圆润的臀部瞬间绷得紧实，形状适中的臀肉随着{anal}的深度抽搐而剧烈弹跳颤动，弹性十足的臀瓣一次次紧夹又弹松。\n她的腰肢猛然向上弓成深弧，随即又失力地骤然塌落，如此反复弓起、瘫软，整条脊背绷直后又软绵地曲折下去。\n四肢失控地剧烈颤抖，双腿胡乱蹬踢又痉挛绷直，脚趾狠狠蜷缩扣拢，双手死死攥住能触及的一切，指节因用力而毫无血色。\n她的呼吸乱作一团，胸膛急促起伏喘息，面部肌肉不受控制地抽动扭曲，眉头拧紧又松脱，大量温热的肠液自痉挛翻涌的{anal}深处汩汩喷涌，甚至伴着小幅喷溅，沿着柔韧弹润的臀缝一路淌流下去。

2140,action_part_a_orgasm_strong_B,0,CVP_A2_T|128_E_1,{TargetName}那对丰满硕大的巨臀骤然剧烈地摇颤起来，两团沉甸甸的臀肉如浪潮般层层翻涌震荡，弹性十足地一下下弹跳晃动。\n{anal}剧烈而不受控制地连续痉挛收缩，括约肌疯狂地绞缩翕张，一圈圈紧缩又骤然松开，节奏乱到失了章法。\n她的腰部反复深深弓起，随即又猛地瘫软塌落，如此起伏往复了好几回，脊背绷成一道道紧张的弧线。\n四肢失控地剧烈颤抖，双腿无意识地乱蹬蜷缩，脚趾死死扣拧向内，双手攥紧到指节泛白。\n大量温热黏腻的肠液顺着{anal}疯狂的抽搐从深处汹涌溢出，甚至带着小幅的喷溅淌落，她呼吸急促紊乱，喉间溢出破碎的喘鸣，面容彻底失控扭曲。
2141,action_part_a_orgasm_strong_B,0,CVP_A2_T|128_E_1,随着一阵猛烈的痉挛袭来，{TargetName}那惊人丰满的巨臀剧烈地弹颤震荡，硕大的臀瓣翻起一圈圈目眩的肉浪，饱满的臀肉相互挤撞晃动。\n{anal}一阵接一阵地深深收缩绞拧，括约肌失控地疯狂开合翕动，绞紧的力道大到微微发颤。\n她的腰肢猛地深深弓起后又无力地瘫落，反复挺动塌陷了数次，小腹随之剧烈地抽搐起伏。\n两条大腿失控地颤抖乱蹬，膝盖不住地打颤，脚背绷直又骤然勾缩，十指痉挛般攥握成拳。\n汹涌的肠液大股大股地从{anal}深处涌流而出，顺着痉挛小幅喷溢开来，浸得一片湿漉，她急促的呼吸彻底乱了节拍，颈项绷紧，表情失控地皱拧战栗。
2142,action_part_a_orgasm_strong_B,0,CVP_A2_T|128_E_1,{TargetName}丰腴沉重的巨臀骤然疯狂地波动摇晃，两大团圆润的臀肉如波涛般翻卷起伏，一波未平一波又起地剧烈弹震。\n{anal}剧烈失控地连连抽搐绞缩，括约肌一下下疯狂地翕张开合，绞拧的幅度大得惊人。\n她的腰背深深弓起成一道紧绷的弓形，紧接着又猛然瘫软下塌，如此深弓浅塌反复了好几番。\n四肢无法自控地剧烈痉挛，双腿乱蹬乱蜷，脚趾狠狠向内扣拢，双臂绷紧到肌肉都在打颤。\n浓稠温热的肠液伴着{anal}的猛烈绞缩成股奔涌而出，甚至微微喷洒四溅，她胸口剧烈起伏，呼吸急乱破碎，五官因失控而彻底扭曲变形。
2143,action_part_a_orgasm_strong_B,0,CVP_A2_T|128_E_1,猛烈的连续痉挛贯穿而下，{TargetName}那对硕大饱满的巨臀剧烈地震颤翻涌，饱满的臀丘随着每一记收缩弹起层层肉浪，晃荡不休。\n{anal}深处一阵紧似一阵地疯狂收缩绞紧，括约肌失去章法地剧烈翕合，绞缩得几乎打起颤来。\n她的腰部一次次深深弓挺而后又彻底软塌，反复起落间小腹肌肉密集地抽搐痉挛。\n双腿失控地颤栗乱蹬，脚踝绷得死紧，脚趾蜷曲扣拧，十指死死抓攥，指节都泛出了白。\n大量滚烫的肠液顺着{anal}的狂乱抽搐从深处汩汩涌溢，隐隐夹着小幅喷淌，她喘息急促而紊乱，喉头颤动，整张脸失控地绷紧抽搐。
2144,action_part_a_orgasm_strong_B,0,CVP_A2_T|128_E_1,{TargetName}丰盈惊人的巨臀霎时剧烈地摇晃颤动，两团肥沃的臀肉如翻腾的浪头般层层震荡，弹动着相互撞挤。\n{anal}一波波剧烈而失控地痉挛绞缩，括约肌疯狂地一张一翕，紧绞松弛毫无规律地交替着。\n她的腰身深深地弓起又骤然瘫落，往复挺塌了数回，脊背随之绷紧又松垮。\n四肢剧烈地颤抖抽搐，双腿无意识地乱踢蜷缩，脚趾狠狠扣紧，双手攥握成拳直至泛白。\n温热浓稠的肠液大量地自{anal}深处奔涌淌出，伴着抽搐小幅喷溅飞洒，她呼吸彻底失序急促，肩背耸动，面容在剧烈的抽搐中失控扭曲。

2145,action_part_a_orgasm_strong_B,0,high_1,{TargetName}的娇躯毫无征兆地剧烈弹动起来，{anal}猛然发起一阵接一阵不受控制的痉挛，括约肌疯狂地绞缩又翕张，一圈圈收紧后又骤然张开。\n她的小腹随着这股节奏剧烈地起伏抽搐，腰背深深地弓起成一道紧绷的弧线，随后又猛地瘫软塌落，如此反复了好几回。\n两条腿失控地颤抖蹬动，脚趾用力蜷缩绷直，膝盖不住地打颤，大腿内侧的肌肉一阵阵地绷紧又松开。\n她的双手死死攥紧，指节泛白，十指因用力而微微痉挛，整条脊背的肌肉都绷成了一片紧硬的线条。\n伴随着{anal}一次次凶狠的绞缩，大量温热浓稠的肠液被挤涌而出，顺着抽搐的{anal}汩汩淌落，甚至在一次深绞时小幅地喷溅出来，淋漓地沾湿了一大片。\n她的呼吸急促而紊乱，胸口剧烈起伏，面部肌肉失控地扭曲抽搐，额角渗出细密的汗珠，整具身躯在这阵剧烈的反应中不住地战栗。
2146,action_part_a_orgasm_strong_B,0,high_1,{TargetName}整个身子猛然绷成一张满弓，{anal}疯狂地连续痉挛绞紧，括约肌一下下地凶猛翕张收缩，收得死紧后又倏地弹开，反复痉挛个不停。\n她的腰肢深深地向上顶起，脊背弓成一道剧烈紧绷的弓形，紧接着又无力地重重塌软下去，如此深弓又瘫软地循环往复。\n小腹的肌肉剧烈地一抽一抽，两条大腿失控地痉挛颤抖，双脚胡乱地蹬动，脚趾死死地扣紧蜷曲。\n十根手指痉挛般地张开又攥紧，指尖用力抠掐，全身的肌肉都一齐强烈地绷硬抽搐起来。\n{anal}每一次凶狠的绞缩，都逼出大股温热黏腻的肠液，顺着不停翕动的{anal}汹涌淌流，甚至被绞得小幅喷射而出，在下身泻出一片淋漓的湿痕。\n她的胸膛急促剧烈地起伏喘动，喉头不住颤动，五官因失控而皱缩扭曲，整张脸涨得通红，娇躯从头到脚都在剧烈地战栗颤抖。
2147,action_part_a_orgasm_strong_B,0,high_1,{TargetName}的娇嫩躯体骤然剧烈地弹颤起来，{anal}失控地一阵阵猛烈痉挛，括约肌疯狂地绞紧翕张，一圈圈死死收缩后又猛地松开。\n她的腰部反复地深深弓起，脊柱一次次绷成剧烈的弧度，旋即又瘫软下坠，腰腹随着{anal}的抽搐大幅地起伏收缩。\n两腿抑制不住地剧烈颤抖乱蹬，膝头打战，脚背绷直，脚趾深深蜷曲扣拢，大腿根的肌肉一阵阵痉挛绷硬。\n她的双手无意识地攥成死拳，指节因过度用力而泛出惨白，手臂的肌肉也随之紧绷发颤。\n随着{anal}凶狠而连绵的绞缩，大量浓稠温热的肠液被一股股地挤涌淌出，顺着痉挛翕动的{anal}汹涌流淌，甚至小幅地喷溅而出，把下身沾染得一片狼藉。\n她的呼吸彻底乱了节奏，胸口剧烈喘动起伏，面部失控地抽搐扭曲，眼神涣散失焦，整具身子在剧烈的抽搐中止不住地战栗。
2148,action_part_a_orgasm_strong_B,0,high_1,{TargetName}的身躯陡然剧烈地痉挛弹动，{anal}不受控制地连番深深绞缩，括约肌一下下地疯狂翕张，收得极紧后又骤然弹开，绞缩个没完。\n她的腰肢猛地向上深弓，脊背绷成一道颤抖的弧线，随即失力地重重瘫落，如此深弓、瘫软地来回往复了数次。\n小腹一阵阵地凹陷抽搐，两条腿失控地颤栗蹬动，脚尖用力绷直又蜷缩，双膝不住地相互磕碰打颤。\n她十指痉挛地收拢攥紧，指甲深深抠掐进掌心，浑身上下的肌肉都一齐紧绷战栗起来。\n每当{anal}凶狠地绞紧一次，便有大量温热的肠液被逼涌而出，顺着不停抽搐的{anal}汩汩淌落，甚至被深绞得小幅喷洒出来，淋淋漓漓地打湿了一大片。\n她的胸膛急促而剧烈地起伏，喉间溢出破碎的气音，脸上的神情彻底失控地皱缩扭曲，额上沁满汗珠，整具娇躯在这剧烈的高潮反应里不停颤抖。
2149,action_part_a_orgasm_strong_B,0,high_1,{TargetName}毫无预兆地浑身剧震，{anal}猛烈而失控地一阵阵痉挛，括约肌疯狂地绞缩又翕张，一波接一波死死收紧后再倏然张开。\n她的腰背深深地弓起绷紧，随后又无力地垮塌软落，腰腹随着{anal}的连续抽搐剧烈地起伏收紧，反复了一次又一次。\n两条腿抑制不住地痉挛乱蹬，脚趾蜷缩扣紧，膝盖打颤发抖，大腿内侧的肌肉一阵阵地绷硬又松弛。\n她的双手死死抓紧攥拢，指节泛白痉挛，手臂与肩背的肌肉全都紧绷得发颤发硬。\n伴着{anal}一记记凶狠的绞缩，成股温热黏腻的肠液被挤涌淌出，顺着翕动痉挛的{anal}汹涌流泻，甚至在猛烈收紧时小幅喷溅，在下身留下淋漓的一片湿意。\n她的呼吸急促紊乱到几近窒息，胸口大幅起伏喘动，五官失控地抽搐扭曲，双眼失神涣散，整副身躯在剧烈的战栗中久久无法平息。

2150,action_part_a_orgasm_strong_B,0,t_npc_active_h,一直主动跨坐着起伏的{TargetName}腰肢猛地向后深深弓起，随即又失力般地瘫软下去，{anal}剧烈而不受控制地连番痉挛收缩。\n那圈括约肌疯狂地绞缩又翕张，一开一合间收束得死紧，紧接着又被顶开，如此反复不休。\n她全身的肌肉骤然强烈地绷紧抽搐，原本按在{Name}身上掌控节奏的双手霎时攥成了拳，指节因用力而泛白，指尖深深掐进掌心。\n两条大腿失控地剧烈颤抖，脚趾死死向内蜷缩勾绷，小腿一下下无意识地绷直又乱蹬。\n她的腰腹随着{anal}的绞缩一阵阵深深抽动，脊背反复弓成弧线又颓然塌落。\n大量温热的肠液顺着{anal}被挤压得夺腔涌出，汩汩地淌过颤抖的股缝与腿根，其间还夹着几下小幅的喷溅，浇得交合处一片湿漉狼藉。\n她的呼吸彻底乱了套，胸膛剧烈起伏喘息，眉头拧紧，双眼失神地半阖，唇齿间溢出破碎的娇喘，整张脸都失了控。
2151,action_part_a_orgasm_strong_B,0,t_npc_active_h,忘情地自己摆送腰臀的{TargetName}忽然浑身剧震，主动耸动的动作在半途骤然僵住，{anal}猛地爆发出一连串强烈而失控的痉挛绞缩。\n括约肌一圈圈疯狂地收紧又松开，翕张的幅度大得吓人，一缩一放间不停地抽搐颤动。\n她的四肢开始失控地颤栗，两只原本强势撑在{Name}身侧的手臂止不住地打颤，五指痉挛着抓挠，大腿肌肉一束束地绷紧又抖动，脚踝紧绷，脚趾蜷曲成一团。\n腰部反复深深地向后弓起，弓到极致又骤然瘫软塌下，如此循环了好几轮。\n随着{anal}一波波剧烈的绞缩，成股的肠液被挤压着奔涌而出，顺着痉挛的臀肉与腿根汩汩流泻，甚至小幅地喷溅出几缕，四散淋漓。\n她的胸口急促而紊乱地大幅起伏，呼吸粗重而破碎，脸颊涨得通红，眉眼皱成一团，嘴唇微张，表情彻底失了控制，颓然地陷进一阵剧烈的战栗里。
2152,action_part_a_orgasm_strong_B,0,t_npc_active_h,主导着整场律动的{TargetName}在深深坐落的那一下浑身猛地绷直，{anal}毫无预兆地剧烈痉挛起来，一阵紧似一阵地连番绞缩。\n那圈括约肌疯狂地翕合张缩，收得死紧又被撑开，反反复复地抽搐个不停。\n她全身的肌肉强烈地紧绷战栗，肩背绷成一片，颈项青筋隐现，两只手无意识地攥紧抓挠，指节泛白。\n双腿失控地大幅颤抖乱蹬，膝盖打着颤，脚尖一会儿死死绷直一会儿又向内蜷起。\n腰肢一次次深深弓起后又无力地垂软下去，小腹随着{anal}的绞缩剧烈地一抽一抽。\n大量的肠液顺着痉挛不止的{anal}被挤涌而出，温热黏腻地淌满了股间腿根，还夹着几缕小幅的喷溢，将交合之处浇得泥泞不堪。\n她的呼吸急促而混乱，胸膛剧烈起伏，喉间溢出断续的喘鸣，眉头紧锁，眼神涣散失焦，整张俏脸都失控地扭曲在极度的战栗之中。
2153,action_part_a_orgasm_strong_B,0,t_npc_active_h,自己加快耸动频率的{TargetName}忽然娇躯剧颤，主动的动作戛然而止，{anal}陡然爆发出极其强烈的连番痉挛绞紧。\n括约肌一圈圈发狂似地收束又翕张，缩紧到极致又被顶开，无休无止地抽搐痉挛。\n她周身的肌肉猛地强烈绷紧，随即剧烈地颤抖起来，双臂止不住地打战，十指痉挛地抓紧，脚趾蜷缩勾绷，小腿失控地一下下踢蹬。\n腰部反复地深深弓起又颓然塌软，脊背绷成满弓的弧度后又骤然瘫落。\n伴着{anal}一波波剧烈的绞缩翕合，成股温热的肠液被挤压得奔涌流泻，顺着颤栗的腿根簌簌淌下，其间还小幅地喷溅出几缕。\n她的胸膛急促紊乱地大幅起伏，呼吸粗喘破碎，脸颊绯红，眉眼失神地半睁，唇边溢出失控的娇吟，整个人陷进一阵剧烈难止的战栗抽搐。
2154,action_part_a_orgasm_strong_B,0,t_npc_active_h,主动掌着节奏坐弄的{TargetName}在某一瞬浑身剧烈一僵，{anal}猝然迎来一波极强的痉挛，一下下不受控地深缩又张合。\n括约肌疯狂地绞缩翕张，紧紧收束后又被撑得大开，如此反复不停地抽搐颤栗。\n她全身的肌肉强烈地抽搐绷紧，肩颈僵直，双手无意识地攥成拳，指尖深深抠掐，大腿一阵阵剧烈地打颤，脚趾死死向内蜷起。\n腰肢深深地向后弓起，弓至极限后又失力般地软塌下去，小腹随{anal}的绞缩一抽一抽地起伏。\n大量的肠液顺着痉挛的{anal}被挤涌而出，温热黏腻地淌过股缝与颤抖的腿根，还伴着几下小幅的喷溅，四下淋漓。\n她的呼吸彻底紊乱，胸口剧烈喘动，眉头紧蹙，双目失神涣散，唇齿间漏出破碎失控的喘息，整张脸都在极度的战栗中失了神采。

2155,action_part_a_orgasm_strong_B,0,group_sex_mode_on&CVP_A2_A|34_LE_4,{TargetName}的{anal}骤然剧烈地连续痉挛起来，括约肌疯狂地一绞一张，收缩的幅度远远超出了寻常绝顶的程度。\n她的腰部深深地弓起成一道满弓，紧绷了片刻后又骤然瘫软塌落，如此反复起伏了好几回，小腹处的肌肉一阵接一阵地剧烈抽搐。\n两条腿失控地颤抖蹬动，脚趾死死地向内抠紧蜷曲，膝盖不受控制地并拢又弹开。\n可她的一条手臂始终横遮在脸上，另一只手死命拉扯着能够到的遮挡物，拼命往身下痉挛不止的部位掩去，整个身子也侧转过来蜷缩成一团，背对着{SceneName}里的其余女性。\n她的嘴唇死死抿紧咬住，喉间只漏出几声压抑的闷哼，肩膀因强忍而剧烈耸动。\n大量温热的肠液自{anal}汹涌淌出，甚至伴着痉挛小幅喷溅，顺着股缝与大腿内侧淋漓流下，她垂着头把动静压得极低，那绞缩翕张的{anal}却怎么也遮掩不住。
2156,action_part_a_orgasm_strong_B,0,group_sex_mode_on&CVP_A2_A|34_LE_4,一阵猛烈的抽搐贯穿了{TargetName}的全身，{anal}不受控制地疯狂绞缩，括约肌一收一放地翕张个不停，痉挛的力道大得让整片臀肉都随之颤动。\n她的脊背反复深深弓起又软塌下去，腰肢大幅度地起伏扭动，腹部的肌肉紧绷得凸起又抽搐。\n四肢失控地颤栗，双脚无力地蹬着，十根脚趾用力地蜷曲又张开，双手指节掐得发白。\n即便如此，她仍旧把身子拧向一侧，用垂落的长发和抬起的手肘把交合之处死死挡住，双膝拼命向内并拢想封住腿间的缝隙，不让近旁的女性们看清那泛滥的一幕。\n她的呼吸急促而紊乱，面部表情失控地扭曲，牙关却咬得死紧，只从鼻息里逼出细碎的颤音。\n{anal}深处翻涌出大量肠液，一股股地顺着收缩的节奏溢流喷淌，浸湿了她死死并拢的双腿，她越是压低身子想遮，那绞动不止的痕迹便越发明显。
2157,action_part_a_orgasm_strong_B,0,group_sex_mode_on&CVP_A2_A|34_LE_4,{TargetName}的{anal}陡然剧烈收缩，括约肌一圈圈地疯狂绞紧又松开，翕张的频率快得几乎连成一片，抽搐的幅度远胜从前任何一次。\n她的腰身猛地弓成弓形，绷紧数秒后又整个瘫软下去，随即再度弓起，如此往复不停，小腹随之一下下地深陷抽动。\n双腿剧烈地打颤，脚跟无意识地蹬踢，脚趾死死抠紧，两只手一只捂着通红的脸，一只拽紧遮蔽拼命往下身盖。\n她整个人侧蜷起来背对着众人，肩头与后背缩成一团，用尽力气把痉挛的私处藏在身体的阴影里，避开{SceneName}中一道道注视的目光。\n她的胸口剧烈起伏，喉咙里的声音被硬生生压回去，只剩下断续的闷喘从紧咬的齿缝间泄出。\n伴着括约肌一次次的凶猛绞缩，温热的肠液大量涌出{anal}并小幅喷洒而下，淋得腿根一片湿亮，她越发用力地把身子往里缩，试图掩去这狼狈失控的模样。
2158,action_part_a_orgasm_strong_B,0,group_sex_mode_on&CVP_A2_A|34_LE_4,{TargetName}的身体骤然绷成一条紧绷的弦，{anal}剧烈而不受控制地连续痉挛，括约肌疯狂地绞缩翕张，一开一合的动静大得整个下身都在颤。\n她的腰部深深弓起又猛地塌软，反反复复地起伏，腹肌绷得凸起并连连抽动。\n两条大腿失控地颤抖收紧，脚趾用力蜷曲扣紧，一双手攥成拳又慌忙散开去拉扯遮挡。\n她把脸埋进臂弯，身子拧转蜷缩，用手掌与并拢的双膝层层挡在交合处前，尽力不让{SceneName}里的女性们瞧见那不断翕动的部位。\n她的呼吸乱成一团，肩膀一耸一耸地颤动，牙齿咬着下唇，只漏出几声压抑到极致的鼻音。\n{anal}随着一次次绞缩涌出大量温热的肠液，顺着股沟成股淌落甚至小幅溅出，把她死死并合的腿间浸得湿漉漉，她拼命压低身形，却掩不住那痉挛翻涌的痕迹。
2159,action_part_a_orgasm_strong_B,0,group_sex_mode_on&CVP_A2_A|34_LE_4,一波剧烈的痉挛掀翻了{TargetName}，她的{anal}疯狂地一缩一绞，括约肌不受控制地翕张收放，抽搐的力度远远盖过了以往的任何一次绝顶。\n她的脊背深深弓起绷紧，随后无力地瘫软塌落，腰肢大幅扭动起伏，小腹的肌肉紧绷凸起又一阵阵深陷抽搐。\n四肢失神地颤抖乱蹬，脚尖绷直又蜷曲，双手指节因用力而泛白发颤。\n可她始终把身子侧过去蜷成一团，一手横遮着脸，一手死命扯着遮蔽物往痉挛的下身盖，双膝并得死紧，尽力把私处藏进身体的遮掩里，躲开{SceneName}中众人的视线。\n她的胸膛急促起伏，喉间的呻吟被咬紧的牙关死死封住，只余细碎颤抖的闷哼。\n大量肠液自不停绞动的{anal}汹涌溢流并伴随小幅喷淌，顺着大腿内侧淋漓而下，她越想遮藏，那湿透并合双腿的痕迹与翕张不止的{anal}便越发遮不住。

2160,action_part_a_orgasm_strong_B,0,group_sex_mode_on&CVP_A2_A|34_G_4,{TargetName}整具身子骤然绷成一张紧弓，{anal}毫无预兆地剧烈痉挛起来，一圈括约肌疯狂地绞缩翕张，一收一放的幅度大得远超寻常。\n她的腰部深深地向上弓起，弓到极致后又猛地瘫软下去，紧接着再度弓起，如此反复起伏个不停。\n两条腿失控地绷直又蜷缩，脚趾用力地扣拢又张开，小腿肌肉一阵阵痉挛地抽搐，双脚甚至无意识地胡乱蹬动了几下。\n全身的肌肉一齐强烈地绷紧战栗，后背绷成僵直的弧线，腹部的肌肉一块块地凸起抽动。\n大量温热的肠液顺着剧烈收缩的{anal}汩汩地涌淌出来，量多得惊人，甚至随着一次猛烈的绞缩小幅地喷溅了出去。\n她的呼吸彻底乱了节奏，胸口剧烈地起伏喘息，脸上的表情完全失控，双眼失神地半睁着。\n她一边剧烈地颤抖，一边用力地扭转腰身，把绞缩喷液的{anal}朝向{SceneName}中的其他女性大张开来，双手撑地将臀部高高地耸起，把这一幕毫不遮掩地摊在众人的视线里。
2161,action_part_a_orgasm_strong_B,0,group_sex_mode_on&CVP_A2_A|34_G_4,{anal}猛然爆发出一阵剧烈而不受控制的连续痉挛，括约肌一下又一下地疯狂绞紧再松开，收缩的力道凶猛得几乎将整个下身都牵动起来。\n{TargetName}的腰肢反复地深深弓起又重重塌落，一次比一次绷得更紧，随后又一次比一次软得更彻底。\n她四肢剧烈地颤抖着，双腿绷直到脚背都紧紧拉开，脚趾狠狠地蜷曲扣起，膝盖不住地打着颤。\n全身的肌肉成片地抽搐绷硬，从肩背一直绷到小腹，腹肌一阵阵痉挛地起伏。\n浓稠滚烫的肠液大量地从翕张的{anal}里奔涌而出，顺着抽搐的腿根淌落，其间还夹着几下小幅的喷溅。\n急促紊乱的喘息从她喉间断断续续地漏出，面部肌肉抽搐着，神情涣散失神。\n即便浑身失控地痉挛着，她仍旧用力挺腰翘臀，将喷淌不止的{anal}大大方方地转向四周的女性，双手掰开臀瓣，把最私密的抽搐尽数暴露在众人眼前。
2162,action_part_a_orgasm_strong_B,0,group_sex_mode_on&CVP_A2_A|34_G_4,随着一波远超以往的绝顶袭来，{TargetName}的{anal}疯狂地绞缩起来，括约肌一圈圈地急速痉挛，翕合的节奏又快又猛。\n她的脊背骤然弓成一道深深的弧，弓到顶点后整个人又猝然瘫软，紧接着腰身再度高高拱起，如此往复地剧烈起伏。\n两条大腿失控地大张又并拢，小腿肚一阵阵抽筋般地痉挛，双脚无意识地在原地乱蹬乱踢。\n全身自上而下都绷紧战栗着，颈项的筋脉暴起，腹部的肌肉密密地抽搐个不停。\n大量的肠液顺着连连收缩的{anal}汹涌地涌泄而下，浸湿了大片肌肤，剧烈的绞缩间还小幅地迸出几线。\n她的呼吸急促而紊乱，胸膛剧烈起伏，脸颊涨红，五官因失控而扭曲失神。\n即使颤抖得几乎撑不住身子，她也刻意把痉挛喷液的{anal}高高抬起转向旁边的女性，主动挺动腰肢，将这处失控的部位一览无余地送到众人视线中。
2163,action_part_a_orgasm_strong_B,0,group_sex_mode_on&CVP_A2_A|34_G_4,{TargetName}的{anal}毫无征兆地剧烈抽搐痉挛，括约肌疯狂地一绞一放，绞缩的幅度大得叫整个臀部都随之震颤。\n她的腰部深弓而起，绷到极限又骤然垮软，反反复复地弓起塌落，起伏的幅度一次盖过一次。\n四肢无法自控地剧烈颤栗，双腿绷得笔直，脚趾一次次痉挛地扣紧又弹开，双脚胡乱地蹬动。\n全身的肌肉一齐紧绷抽搐，后背僵直，小腹的肌肉一波波地凸起收紧。\n温热黏腻的肠液大量地从翕张的{anal}奔涌而出，量大得顺着腿缝一路淌落，猛烈的收缩间还夹带着小幅的喷射。\n她喘息得又急又乱，胸口大幅起伏，脸上的神情彻底失守，眼神涣散无焦。\n就在这剧烈的痉挛之中，她仍执意扭腰翘臀，把绞动不止的{anal}正对着{SceneName}里其他女性大张开来，双手撑地耸起下身，将这幕淫态毫无保留地展露在众人面前。
2164,action_part_a_orgasm_strong_B,0,group_sex_mode_on&CVP_A2_A|34_G_4,一阵猛烈的连续痉挛席卷了{TargetName}的{anal}，括约肌疯狂地反复绞缩翕张，一收一放都用足了力气，幅度远远超出寻常绝顶。\n她的腰肢一次次深深弓起，弓到尽头便重重瘫软，随即又猛地拱起，如此不停地起伏颤动。\n双腿失控地绷直乱蹬，脚趾狠狠地蜷缩起来，膝盖与小腿都在不住地打颤抽搐。\n全身的肌肉从背脊到腹部成片地绷紧战栗，腹肌一块块痉挛地抽动。\n大股大股滚烫的肠液顺着剧烈翕张的{anal}汩汩涌流而出，量多得惊人，在猛烈绞缩的一瞬还小幅喷溅了出去。\n她紊乱急促的喘息一声接一声，胸膛剧烈起伏，面部肌肉抽搐扭曲，双目失神半阖。\n哪怕浑身痉挛得几近脱力，她也用力挺起腰臀，将喷淌肠液的{anal}主动转向围观的女性，掰开臀瓣把痉挛的私处彻底暴露，任由所有目光落在这一幕上。

2165,action_part_a_orgasm_strong_B,0,h_in_love_hotel,在爱情旅馆这方隔绝了外界的私密房间里，{TargetName}的娇躯骤然剧烈地弓张开来。\n{anal}再也不受控制地连续痉挛收缩，一圈括约肌疯狂地绞紧又翕张，一缩一放之间发出细密而急促的抽搐。\n她的腰背反复深深地弓起，随即又猛然瘫软塌下，如此起伏了一次又一次。\n两条腿失控地绷直颤抖，脚趾死死蜷缩扣拢，膝盖不住地打着战，时而无力地乱蹬开去。\n她的十指痉挛着攥紧，指节一片惨白，脊背绷成僵直的弧线，全身的肌肉一阵阵强烈地抽搐收紧。\n借着房内暧昧的光线可以清楚看见，{anal}翕张之间大量温热的肠液一股股地汩汩涌出，顺着股缝淌落，甚至随着一次剧烈的绞缩小幅地喷溅出来。\n她的呼吸急促而紊乱，胸膛剧烈起伏，面部的神情彻底失了控，眉眼与唇角止不住地抽搐颤动。
2166,action_part_a_orgasm_strong_B,0,h_in_love_hotel,房门紧闭的爱情旅馆房间里，{TargetName}整个人猛地痉挛起来。\n{anal}毫无节制地一阵阵剧烈绞缩，括约肌疯狂地收拢又张开，翕动的频率快得几乎连成一片。\n她的腰肢一次次高高弓起，又一次次失力地砸落瘫软，反反复复难以自止。\n纤长的双腿绷得笔直而后剧烈打颤，脚背用力抵伸，脚趾狠狠向内蜷扣，双膝时而并拢时而无力地向外瘫开。\n她的双手死死抓紧了身下能触到的一切，指尖深深掐陷进去，手臂上的肌肉根根绷起。\n全身的肌肉成片地强烈抽搐绷紧，脊背僵直地弓成满弦。\n映着房间里明灭的暧昧灯光，{anal}疯狂翕张的同时大股滚烫的肠液不住地奔涌淌下，甚至在几度猛烈的绞缩里带出小幅的喷溅。\n她的胸口剧烈起伏，呼吸紊乱得七零八落，面孔完全失控，五官皱缩着不住颤搐。
2167,action_part_a_orgasm_strong_B,0,h_in_love_hotel,在爱情旅馆柔软宽大的空间中，{TargetName}的身子毫无预兆地剧烈弹动起来。\n{anal}一波接一波地失控痉挛，括约肌疯狂绞缩翕张，收放之间抽搐得又快又急。\n她的腰背深深弓起再重重塌落，如此往复不休，臀肉随之一下下痉挛般地颤跳。\n两条大腿绷直后剧烈战栗，小腿肌肉根根凸起，脚趾用力抠蜷，双脚不受控地胡乱蹬踹。\n十根手指痉挛地收拢攥紧，指节泛出惨白，整条脊柱绷成一道僵直的弓。\n伴着天花板镜面里映出的颤动身影，{anal}狂乱绞缩之下大量黏稠温热的肠液成股地涌流而出，浸湿了股间，还随着一次剧烈的翕缩小幅溅飞。\n她的呼吸急促而破碎，胸膛大幅起伏，脸上的神色彻底崩散，眉头紧锁，唇齿不住地打颤抽搐。
2168,action_part_a_orgasm_strong_B,0,h_in_love_hotel,爱情旅馆私密的房间将声息尽数吞没，{TargetName}的娇躯陡然剧烈抽搐绷紧。\n{anal}不受控地连番剧烈收缩，括约肌一圈疯狂地绞紧又骤然松张，翕动急促而失序。\n她的腰肢反复深深弓起，随即又整个瘫软下去，一次次剧烈起伏难以停歇。\n双腿失控地绷直发颤，脚踝绷得笔挺，脚趾蜷缩成一团，时不时无力地乱踢乱蹬。\n她的手指狠狠蜷曲扣紧，指背青筋隐现，肩背和小腹的肌肉一阵阵强烈地绞紧收缩。\n就着房内低回的暧昧乐音与朦胧光色，{anal}疯狂翕张之际大股温热的肠液止不住地汩汩淌落，甚至在猛烈绞缩的瞬间带起一线小幅的喷射。\n她胸膛起伏得剧烈而凌乱，呼吸粗重紊乱，面部彻底失控，眉眼与嘴角不停地抽动颤栗。
2169,action_part_a_orgasm_strong_B,0,h_in_love_hotel,借着爱情旅馆房内那片暧昧朦胧的红光，{TargetName}整具身子猛然剧烈痉挛起来。\n{anal}一下下失控地绞缩翕张，括约肌疯狂地收拢又撑开，抽搐得又密又急。\n她的腰背高高弓成满弓又骤然瘫落，如此反复，圆翘的臀部随之痉挛地抖颤个不停。\n两腿绷得笔直而后不住打战，脚趾狠狠向内勾蜷，双膝颤巍巍相抵又乏力地敞开，小腿时而失控乱蹬。\n她十指痉挛地攥紧不放，指节尽数泛白，整条背脊绷成僵硬的弧线，浑身肌肉成片地强烈抽紧。\n映在镜面天花板上的媚影不住颤动，{anal}狂乱绞缩之下大量灼热的肠液成股奔涌而下，顺着腿根淌流，还随一记剧烈翕缩小幅喷溅开来。\n她呼吸急促而散乱，胸口剧烈起伏，脸上的表情彻底失守，五官皱作一团不住地抽搐。

2170,action_part_a_orgasm_strong_B,0,CVP_A2_T|102_E_1,小小的{TargetName}身躯猛地绷成一张僵直的弓，随即剧烈痉挛着瘫软下去，稚嫩的{anal}疯狂绞缩翕张，接连不断地剧烈收紧又猛然松开，完全不受控制，一波接一波毫无停歇的迹象。\n瘦弱的四肢胡乱地蹬踢颤抖，纤细的手指痉挛般地蜷缩抓挠着身旁能触及的一切，指节泛白，手背上细细的青筋也隐隐浮现出来。\n幼小的腰肢反复深深弓起又骤然塌软下去，圆润的小屁股跟随着{anal}的痉挛节奏一下一下地耸动颤抖，肩膀不停地耸动战栗，后颈的肌肉也跟着一并绷紧。\n{anal}深处涌出大股肠液，顺着紧窄的缝隙汩汩流淌，甚至带出细小的喷溅飞溅到腿根，稚气的小脸涨得通红一片，嘴巴大张着却发不出完整的声音，呼吸急促紊乱得近乎喘不上气来。\n圆滚滚的双眼失去焦距地涣散着，眼角溢出生理性的泪水，纤长的睫毛也跟着不住地颤动，整具幼小的身躯在这场剧烈失控的绝顶里痉挛不止，久久无法平息下来，好一会儿才渐渐止住颤抖。
2171,action_part_a_orgasm_strong_B,0,CVP_A2_T|102_E_1,{TargetName}幼小的躯体骤然绷紧又猛烈痉挛起来，稚嫩的{anal}一阵接一阵地剧烈绞缩，翕张的节奏又急又乱，全然不受自己控制，一次比一次更加凶猛。\n细瘦的双腿控制不住地乱蹬踢动，脚趾痉挛般地蜷缩成一团，小小的膝盖不住地打颤，脚踝处的肌肉也随之一阵阵绷紧抽动。\n瘦弱的腰背反复深深弓起，随即又颓然瘫软下去，圆嫩的臀肉跟随着{anal}的绞缩一下下地耸动抖颤，肩胛骨也随之剧烈耸动，脊背绷成一条僵直的弧线。\n{anal}深处大股肠液不断涌出，顺着腿缝蜿蜒而下，甚至溅出几点细小的水花，稚气未脱的小脸涨得绯红一片，唇瓣哆嗦着开合，却发不出完整的字句，只余下破碎的喘息。\n纤细的手指死死攥紧了身边触手可及的物件，指节泛白，圆润的双眼涣散无神，泪水在眼眶里打转，呼吸急促得近乎破碎，整具幼小的躯体在剧烈失控的痉挛里一次次地战栗不止，迟迟没有平复的迹象。
2172,action_part_a_orgasm_strong_B,0,CVP_A2_T|102_E_1,猛烈的痉挛骤然贯穿{TargetName}稚嫩的身躯，{anal}疯狂地绞缩翕张，一波接一波毫无停歇，完全失去了控制的节奏，比往常任何一次都要凶猛急促，久久不见平息。\n瘦小的四肢剧烈地颤抖乱蹬，圆润的脚趾痉挛般蜷曲，纤细的脚踝也跟着不断绷紧又松开，小腿的肌肉一阵阵紧绷抽搐，膝盖也不住地打着颤。\n幼小的腰肢反复深深地弓起又骤然瘫软塌陷，圆嫩的小屁股随着{anal}的痉挛一下一下猛烈地耸动颤抖，脊背也随之一次次绷紧又垮落，后颈的汗毛也随之竖起。\n{anal}深处涌出的肠液比以往汹涌数倍，顺着腿根内侧蜿蜒流淌，甚至带出小幅的喷溅飞溅，稚气的小脸涨得通红一片，嘴巴张张合合发不出完整的音节，呼吸紊乱急促近乎喘不过气来。\n圆溜溜的双眼彻底失焦地涣散着，眼角溢出点点泪水，双手死死揪紧了身旁的东西，指节泛得发白，整具幼小的身体在这场剧烈失控的绝顶里痉挛颤抖，久久停不下来，好半晌才略微舒缓。
2173,action_part_a_orgasm_strong_B,0,CVP_A2_T|102_E_1,{TargetName}娇小的身子猛然绷成一道僵直的弧线，随即又剧烈痉挛着塌软下去，{anal}不断猛烈地绞缩翕张，完全没了章法，节奏一次比一次更加急促紊乱。\n细弱的双腿失控地抽搐乱蹬，圆润的小脚趾痉挛般蜷缩起来，膝盖也止不住地打着颤，大腿内侧的嫩肉也随之一阵阵抽紧。\n瘦小的腰背一次次深深弓起又颓然瘫落，圆嫩的臀肉随着{anal}的痉挛节奏一下下猛烈耸动，肩膀不住地耸动战栗，后背的肌肉也绷得死紧。\n{anal}深处大量的肠液汹涌而出，顺着紧窄的腿缝汩汩流淌，甚至夹杂着细碎的溅射声，稚嫩的小脸涨得绯红滚烫，嘴唇哆嗦着张合却发不出完整的话语，呼吸急促紊乱到了极点。\n圆润的双眼涣散失神，眼眶里蓄满了生理性的泪水，纤细的手指死死攥紧了触手可及的一切，指节泛白，整具幼小的身躯在剧烈失控的绝顶里一波接一波地痉挛战栗，久久无法停歇下来。
2174,action_part_a_orgasm_strong_B,0,CVP_A2_T|102_E_1,一阵猛烈的战栗骤然贯穿{TargetName}稚嫩瘦小的身躯，{anal}剧烈绞缩着一阵紧过一阵，翕张的节奏又急又乱，完全不听使唤，比以往任何一次都要来得凶猛漫长。\n瘦弱的四肢剧烈颤抖乱蹬，圆嫩的脚趾痉挛般蜷曲成团，脚踝也随之反复绷紧又松弛，小腿肚的肌肉一并跟着抽搐起来。\n幼小的腰肢反复深深地弓起，又猛地塌软瘫软下去，圆润的小屁股随着{anal}的痉挛一下一下猛烈地颤动耸起，脊背也随之一次次绷紧再垮塌。\n{anal}深处涌出大股大股的肠液，顺着腿根蜿蜒滑落，甚至带出轻微的喷溅水花，稚气的小脸涨得通红发烫，嘴巴大张着却发不出完整的音节，呼吸紊乱急促几近喘不上气来。\n圆溜溜的眼眸涣散无焦，泪水在眼眶里打转将落未落，纤细的手指死死揪紧了身旁能触及的东西，指节泛白，整个幼小的身躯在这场剧烈失控的绝顶里痉挛不止，久久难以平息下来。

2175,action_part_a_orgasm_strong_B,0,h_in_bathroom,在弥漫的水汽中，{TargetName}湿透的娇躯猛地一僵，{anal}失控地连连剧烈痉挛，一圈括约肌疯狂地绞缩又翕张，收放的幅度大得惊人。\n她的腰在花洒的水流下深深弓起，绷成一道紧张的弧线，紧接着又骤然瘫软下去，如此反复起伏了好几回。\n两条湿滑的大腿在水雾里剧烈颤抖，膝盖不受控制地发着软，脚趾狠狠向内蜷缩扣紧，脚背绷得笔直。\n大量温热的肠液伴着一次次绞缩汩汩涌出，甚至小幅喷溅出来，顺着被热水浇透的股缝和大腿内侧淌落，混进四溅的水珠里被冲刷得一塌糊涂。\n她的十指痉挛般抠紧了湿滑的瓷砖，指节泛白，湿漉漉的脊背一阵阵剧烈抽搐，急促紊乱的呼吸从翕张的唇间断续泄出，脸上的神情彻底失控，水珠顺着颤动的下巴不断滴落，整具湿透的身子在缭绕的白雾中失控地战栗颤动着。
2176,action_part_a_orgasm_strong_B,0,h_in_bathroom,热水哗哗浇落之间，{TargetName}湿淋淋的身体骤然绷成一条直线，{anal}疯狂地一波接一波深深绞紧，括约肌不受控地反复收缩痉挛，一开一合幅度剧烈。\n她湿滑的腰肢猛然向上弓起一个深弧，随即又整个瘫软塌陷，如此深弓与软塌交替不停。\n被水雾包裹的双腿失控地乱颤，一会儿死死并拢，一会儿又无力地打着摆子，脚踝紧绷，脚趾一次次向内抠蜷。\n随着{anal}剧烈的绞动，成股的滚烫肠液被挤压涌出，量大得惊人，顺着湿透的臀缝淌下，与流淌的水流搅作一团顺着腿根蜿蜒滑落。\n她仰起的脖颈上青筋微凸，湿发黏在颊边，双手在雾气中胡乱抓握着，指尖不断打滑，湿漉漉的后背弓起又抽搐，呼吸急促而紊乱地从口中喷涌，面部肌肉不住抽动，水珠混着口涎从唇角滑落，整个湿透的躯体在氤氲蒸汽里剧烈而失控地痉挛抖动个不停。
2177,action_part_a_orgasm_strong_B,0,h_in_bathroom,水汽蒸腾的浴室内，{TargetName}被浇得浑身湿透的躯体霎时僵直，{anal}猛烈地连续抽搐绞缩，那圈括约肌疯狂翕张，收缩得又急又深。\n湿滑的腰身在水流冲刷下反复深深弓起再猛然软落，起伏的幅度一次比一次剧烈。\n两腿在缭绕的雾气里不听使唤地痉挛乱蹬，膝头相互磕碰，脚尖死死绷直又向内蜷曲，大腿肌肉一阵阵紧绷发颤。\n大量浓稠温热的肠液随着绞缩一股股喷涌而出，甚至小幅溅落，混着不断淋下的热水顺着湿漉漉的股间与腿弯汩汩流泻，在地砖上冲开一片湿痕。\n她的双手在湿滑的墙面上徒劳地抓挠，指节抠得发白，湿透的脊背绷紧又剧烈抽动，纷乱急促的喘息一声接一声地从张开的嘴里泄出，脸颊涨红、五官皱缩，水珠顺着颤栗的身体线条不停滚落，整个人在弥漫的白雾中失控地抖成一团。
2178,action_part_a_orgasm_strong_B,0,h_in_bathroom,氤氲水雾之中，{TargetName}湿漉漉的身子陡然一颤后彻底绷紧，{anal}剧烈而不受控地一下下深绞猛缩，括约肌疯狂地收放翕张，绞动得毫无章法。\n她湿滑的腰肢在热水下猛地拱起成弓，紧接着又骤然瘫塌，反复几次深弓浅落。\n被水汽浸透的两条腿剧烈地打颤，脚跟离地又落下，脚趾狠狠向内扣蜷，膝盖不住地哆嗦发软。\n伴着一阵阵疯狂的绞缩，成片温热的肠液被大量挤涌出来，甚至带着小幅的喷溅，顺着湿透的臀缝和股沟淌落，与四溅的水花混成一道道湿滑的水痕。\n她十指痉挛似地攥紧又张开，指尖在湿滑处不断打滑，仰起的下巴不停滴着水珠，湿发凌乱地贴在脸上，后背一波波剧烈抽搐弓起，急促混乱的呼吸从翕动的唇齿间断续冲出，面部彻底失控地扭曲抽搐，整具湿身在蒸腾热气里颤栗抖动不止。
2179,action_part_a_orgasm_strong_B,0,h_in_bathroom,花洒的热水倾泻而下，{TargetName}湿透的娇躯霍然一僵，{anal}失控地接连剧烈痉挛，那一圈括约肌疯狂地绞紧又猛地翕开，收缩的力道大得惊人。\n她的腰在氤氲水汽里深深弓成一道弧，随后又软绵绵地整个塌下去，如此起伏反复不休。\n两条湿滑的腿在雾气中乱颤乱蹬，一会儿夹紧一会儿松开，脚背绷直、脚趾内蜷，大腿根不停打着哆嗦。\n随着{anal}一波波狠命绞动，大量滚烫的肠液汩汩涌泄而出，甚至小幅喷洒开来，沿着被水浇透的股缝与腿弯不断淌落，混着流水在湿滑的地面漫开。\n她的手掌在湿墙上无力地滑动抓挠，指节掐得发白，湿漉漉的脊梁一次次绷起又抽搐，急促而紊乱的喘息从大张的口中一阵阵喷出，脸上神情崩得七零八落，水珠夹着涎水从颤动的唇角滑落，整个湿身在缭绕的蒸汽里失了控似地剧烈战栗颤抖。

2180,action_part_a_orgasm_strong_B,0,hidden_sex_mode_1&place_someone_not_in_hidden_and_conscious,{TargetName}在{SceneName}强绷着一张不动声色的脸，脖颈却因用力而绷出了紧张的线条，咽喉一下下艰难地滚动着把声音死死咽回。\n她的{anal}猛地开始剧烈而不受控地连续痉挛，括约肌疯狂地一圈圈绞缩又翕张，收得极紧后又骤然松开，如此反复不停。\n她的小腹随之一阵阵深深抽搐，腰部先是狠狠弓起绷成一道弓，随即又脱力般瘫软塌下，接着再度弓起。\n两条大腿失控地簌簌颤抖，膝盖发软险些并拢不住，脚趾死死蜷缩抠紧，脚踝绷得笔直。\n大量温热的肠液被剧烈的绞缩逼挤出来，顺着股缝汹涌淌落，甚至被挤得小幅喷洒出去，濡湿了大片肌肤。\n她的双手死死攥住手边能抓的东西，指节掐得发白，指尖微微发颤，一张脸涨得通红，五官因极力隐忍而彻底扭紧，鼻息又急又乱，胸口剧烈起伏，全身的肌肉一阵阵强烈地抽搐绷紧，好半晌才在这场剧烈的强绝顶余波里一点点松脱下来。
2181,action_part_a_orgasm_strong_B,0,hidden_sex_mode_1&place_someone_not_in_hidden_and_conscious,四下里还有人走动，{TargetName}只能死死垂着眼把身子藏在视线遮挡之后，肩背却止不住地微微耸动。\n她的{anal}一波接一波地深深绞紧，括约肌一收一放地疯狂翕张痉挛，绞缩的力道大得连周围的软肉都跟着一阵阵抽搐。\n浓稠的肠液被这般剧烈的收缩大量搅涌出来，咕溜溜地顺着臀缝流淌成一片，间或还被挤得小幅溅落。\n她的腰肢反复地深深弓起又猛地塌软，小腹的肌肉一下一下地剧烈收缩凹陷，胯部无法自控地轻轻痉挛耸动。\n两条腿抖得筛糠一般，脚跟一次次不受控地蹬地又收回，脚趾死死抠拢。\n她一手死死撑住身旁，一手攥紧了衣角，指节泛白，牙关咬得极紧，脸颊绯红，额角沁出细汗，急促紊乱的呼吸从鼻腔里断断续续地漏出，整个身子被一阵接一阵的强烈抽搐反复贯穿，久久无法平息。
2182,action_part_a_orgasm_strong_B,0,hidden_sex_mode_1&place_someone_not_in_hidden_and_conscious,{TargetName}在人前竭力维持着端正的坐姿，脊背却绷得笔直，肩头一下下不受控地轻颤。\n她的{anal}骤然剧烈地连连抽搐绞缩，括约肌疯狂地绞紧又松脱，一圈圈地翕张痉挛个不停，收放的幅度大得惊人。\n大股温热的肠液被生生挤压出来，顺着缝隙汹涌淌泄，还带着一小股被绞挤而出的喷洒，濡出湿漉漉的一片。\n她的腰部深深弓起又骤然瘫软，如此反复，小腹一阵阵猛烈地抽紧凹陷，臀肉绷得死紧又剧烈地一颤一颤。\n双腿失控地颤栗抖动，膝盖打着战，脚尖死死绷直向内勾扣。\n她的双手攥成了拳，指甲几乎掐进掌心，指节根根泛白，一张脸憋得通红，眉头死死拧起，嘴唇被牙齿咬出深深的印子，鼻息又重又急，胸膛大幅起伏，浑身的肌肉都在这场剧烈的强绝顶里强烈地抽搐绷紧，颤了好一阵才缓缓松弛。
2183,action_part_a_orgasm_strong_B,0,hidden_sex_mode_1&place_someone_not_in_hidden_and_conscious,{TargetName}紧绷着不敢有半分大动作，只把身体的战栗压进极小的幅度，肩背却仍不住地一下下抽动。\n她的{anal}剧烈而失控地连续痉挛，括约肌一下下疯狂地绞缩翕张，绞得死紧又猛地弹开，节奏乱得再无章法。\n滚烫黏腻的肠液被大量逼挤出来，一股股顺着股沟涌落，甚至被挤得小幅喷溅，沾湿了大片细嫩的肌肤。\n她的腰肢一次次深深地弓起又脱力塌下，小腹肌肉剧烈地一缩一缩，胯部无法自控地痉挛着轻轻耸弹。\n两条大腿抖得几乎撑不住，脚趾在鞋中蜷缩抠紧，脚踝反复地绷直又发软。\n她一手死死抓牢身侧，一手攥得指节发白，牙关紧咬，脸涨得通红又沁出薄汗，紊乱的鼻息一阵阵急促地漏出，全身肌肉一波波强烈地绷紧又抽搐，直到这场凶猛的强绝顶余韵渐渐退去才勉强松开。
2184,action_part_a_orgasm_strong_B,0,hidden_sex_mode_1&place_someone_not_in_hidden_and_conscious,{TargetName}死死压着不让自己失态，可绷紧的身子还是止不住地微微发颤，咽喉一下下艰难地滚动吞咽。\n她的{anal}猛然剧烈地连番绞缩抽搐，括约肌疯狂地翕张收放，一圈圈地紧缩又松开，痉挛得毫无停歇。\n大量温热的肠液被这剧烈的绞挤汹涌逼出，顺着臀缝哗哗淌流，间或还小幅喷洒出去，濡湿一片。\n她的腰部反复深深弓起后又瘫软下去，小腹一阵阵猛烈地抽搐收紧，圆翘的臀肉绷得死紧又剧烈颤动。\n双腿失控地簌簌乱颤，脚跟一次次不由自主地蹬动，脚趾死死向内蜷曲。\n她的十指死死攥紧，指节泛白，指尖发抖，一张脸憋得通红，眉眼因极力隐忍而彻底扭紧，急乱的呼吸从鼻间断续溢出，胸口剧烈起伏，浑身的肌肉都在强烈地抽搐绷紧，好半天才从这场剧烈的强绝顶中慢慢平复。

2185,action_part_a_orgasm_strong_B,0,hidden_sex_mode_2&place_someone_not_in_hidden_and_conscious,{TargetName}死死缩在旁人望不见的隐蔽角落里，整具身子毫无预兆地剧烈弹动起来，{anal}猛地一阵接一阵地疯狂痉挛绞缩，环状的括约肌失控地绞紧又翕张，一下比一下更加凶狠。\n她慌忙抬手死死捂住自己的嘴，牙齿咬着下唇，将几乎要冲出喉咙的呻吟硬生生憋回腹中，喉头剧烈地上下滚动了好几回。\n腰部深深地向上弓起，绷成一道紧张的弧线，随即又猛地瘫软塌下，反反复复地弓起又垮落，一双腿失控地簌簌颤抖着，脚趾在暗处死命向内蜷缩扣紧。\n{anal}在这一连串疯狂的绞缩中翻涌出大量滚烫的肠液，甚至夹着小幅的喷溅，顺着股缝一股一股地淌落，浸出湿漉漉的一片。\n她整条脊背绷得笔直，双手死死攥住手边的东西以稳住不断抽搐的身躯，指节泛白，肩头一耸一耸地剧烈起伏，呼吸急促而紊乱地从鼻间漏出，面部的肌肉因极力隐忍而扭曲失控，直到那阵狂暴的绞缩稍稍平息，紧绷的身子才在暗处一点点软塌下来。
2186,action_part_a_orgasm_strong_B,0,hidden_sex_mode_2&place_someone_not_in_hidden_and_conscious,躲在旁人绝对察觉不到的隐蔽处，{TargetName}的身躯骤然剧烈地绷紧抽搐，{anal}疯狂而不受控制地连连绞缩收紧，括约肌一圈圈地失控翕动，绞紧的幅度远远超出了寻常的程度。\n她慌乱地用两只手死死掩住口鼻，将翻涌上来的娇吟死死堵在唇齿之间，喉咙里只漏出几声压得极低的闷哼，肩膀不住地剧烈耸动。\n她的腰肢一次又一次深深地向后弓起，脊背绷成紧张的弓形，随后又失去支撑般地骤然瘫软下去，双膝止不住地打颤，两条腿在暗处无力地乱蹬又收拢。\n伴随着{anal}那疯狂的绞缩节奏，大量温热黏腻的肠液汹涌地涌淌而出，甚至带着小幅的喷溅，将下身淋得湿透。\n她把整张脸埋进臂弯极力遮掩，牙关咬得死紧，浑身的肌肉一阵阵痉挛绷紧，急促紊乱的鼻息一下下地喷洒出来，直到这场剧烈的抽搐渐渐收束，她瘫软的身子才在隐蔽处微微舒展了些许。
2187,action_part_a_orgasm_strong_B,0,hidden_sex_mode_2&place_someone_not_in_hidden_and_conscious,{TargetName}把身子严严实实地掩进无人瞧得见的死角，突然间浑身剧烈地弹颤了一下，{anal}紧接着疯狂地翕张绞缩起来，一波接一波的痉挛来势凶猛，括约肌失控地反复绞紧又松开。\n她猛地用手背死死抵住嘴唇，将破喉而出的呻吟拼命咽回去，喉结上下急促地滚动，脖颈绷起了紧张的青筋。\n她的腰腹一下下深深地向上顶起弓成弧形，随即又猛然垮塌下去，如此反复不休，一双腿失控地颤抖乱蹬，脚尖在暗处死死向内蜷曲扣紧。\n{anal}在这剧烈的绞缩中翻涌喷出大量滚烫的肠液，一股股地夹着小幅喷溅奔流而下，将股间浸得一片狼藉。\n她死死攥紧了双拳指节泛白，整条脊背时而绷直时而瘫软，双肩剧烈地一耸一耸，急促失序的呼吸从紧咬的齿缝间断断续续地漏出，面颊因用力隐忍而涨红扭曲，直到那阵凶猛的痉挛慢慢退去，紧绷失控的身躯才在暗处逐渐松弛平复。
2188,action_part_a_orgasm_strong_B,0,hidden_sex_mode_2&place_someone_not_in_hidden_and_conscious,藏在谁也留意不到的隐蔽角落，{TargetName}的娇躯毫无征兆地剧烈痉挛绷紧，{anal}疯狂地连番绞缩翻搅，括约肌失控地一圈圈紧缩翕张，绞紧收缩的幅度剧烈得叫她整个人都跟着颤动。\n她慌忙抬起双手死死捂住口鼻，将几乎要迸出的哭腔般的呻吟死死压制在喉咙深处，只剩下压抑到极致的细碎闷声，肩头剧烈地抽动。\n她的腰身一次次深深弓起绷成紧绷的弧度，随后又骤然失力地软塌下来，双腿控制不住地簌簌发抖，两只脚在暗处无力地乱蹬又蜷缩交缠。\n随着{anal}疯狂的连续绞缩，大量温热的肠液一股接一股汹涌溢出，甚至带着小幅的喷溅淋漓而下，浸湿了一大片肌肤。\n她死死绷紧全身的肌肉极力压住不断翻涌的震颤，双手攥住身边可攀附的一切以稳住失控的身子，指尖深深掐陷进去，急促紊乱的喘息从鼻间断续泄出，直到这场狂暴的绞缩终于渐渐止歇，她那绷到极限的身躯才在隐蔽处一寸寸地瘫软下来。
2189,action_part_a_orgasm_strong_B,0,hidden_sex_mode_2&place_someone_not_in_hidden_and_conscious,{TargetName}缩在旁人视线照不到的死角里，整个身子骤然剧烈地绷直抽搐，{anal}疯狂而失控地一阵阵绞缩收紧，括约肌反复地翕张紧闭，凶狠的绞缩幅度远远盖过了平日的任何一次。\n她急忙咬住自己的手指，将翻腾上涌的娇喘死死堵在齿关之内，喉咙里滚动着压抑到极限的闷吟，双肩一抽一抽地剧烈起伏着。\n她的腰部深深向后弓起绷成一张满弓，紧接着又猝然瘫软塌陷，如此起伏反复，两条腿失控地打颤痉挛，脚趾在暗处死死蜷缩扣紧，膝盖不住地相互磕碰。\n{anal}在这密集疯狂的绞缩里翻涌出大量滚烫黏腻的肠液，一股股地夹着小幅喷溅奔流淌落，将下身浸得湿淋淋的。\n她全身的肌肉一阵接一阵地痉挛绷紧，脊背时而挺直时而软塌，紧攥的双拳指节泛白，急促而紊乱的鼻息断断续续地喷出，面部因拼命隐忍而扭曲失神，直到那阵猛烈的痉挛慢慢消退，紧绷失控的躯体才在暗处缓缓松弛沉落。

2190,action_part_a_orgasm_strong_B,0,hidden_sex_mode_3&place_someone_not_in_hidden_and_conscious,{TargetName}的{anal}骤然剧烈而失控地连番痉挛收缩起来，括约肌疯狂地绞拧翕张，一圈圈地收紧又松开，节奏乱得毫无章法。\n她小腹的肌肉一阵阵猛烈地抽搐绷紧，腰肢反复深深地弓起而后又无力地瘫软下去，如此起伏了好几回。\n双腿在暗处不受控制地细细颤抖，脚趾死死蜷缩勾绷，膝盖不住地打着颤，一双手悄悄攥紧了手边的物件，指节因用力而泛白。\n大量温热黏稠的肠液顺着痉挛的节奏汹涌地溢流而出，甚至带着小幅的喷溅，淌湿了大片肌肤。\n她的呼吸急促而紊乱，胸口剧烈地起伏，脸上的表情几度失守又被强行拉回，牙关死死咬着，只为在旁人面前维持住那副强装出来的镇定，可绷紧又战栗的身子仍难掩那阵剧烈的失控。
2191,action_part_a_orgasm_strong_B,0,hidden_sex_mode_3&place_someone_not_in_hidden_and_conscious,{TargetName}的{anal}毫无预兆地开始疯狂绞缩翕合，一波未平一波又起地连连痉挛，括约肌一收一放地剧烈抽搐，紧致的褶皱被这股力道拧得死紧。\n她的腹部肌肉猛地一阵阵向内抽紧，腰部深深弓成弧线后又骤然软塌，反复了数次，脊背也随之一绷一松。\n藏在旁人视线之外的双腿失控地打颤乱蹬，脚背绷得笔直，脚趾蜷曲抠紧，两膝不住地相互磕碰般地发着抖。\n浓稠温热的肠液大股大股地涌淌下来，随着每一下痉挛的挤压小幅地向外喷涌，很快浸出湿漉漉的一片。\n她的胸膛急促地起伏喘动，喉间强压着几乎要溢出的气音，面部肌肉一次次绷紧又扭曲，勉力挤出一副若无其事的神色应付着近旁的人，然而颤抖不止的躯体到底还是暴露了那股压不住的剧烈反应。
2192,action_part_a_orgasm_strong_B,0,hidden_sex_mode_3&place_someone_not_in_hidden_and_conscious,{TargetName}的{anal}剧烈地痉挛翻搅起来，括约肌疯狂地一绞一张，收缩的力道一阵强过一阵，密密的褶皱被反复绞拧得死紧又松开。\n她的下腹随之一下下猛烈抽搐，腰肢深深弓起又颓然坍软，如此往复不休，整条脊梁一次次绷成紧弓再松垮下去。\n她的四肢不受控制地颤栗抽动，脚趾死死抠紧勾拢，小腿的肌肉一阵阵痉挛发硬，双手无意识地掐紧了触手可及之物。\n大量滚烫黏腻的肠液顺着这股猛烈的收缩汩汩地涌溢，间或伴着小幅的喷淌，将下方浸得一片濡湿。\n她急促紊乱的呼吸怎么也压不匀，胸口大幅起伏，牙齿咬得死紧，表情几番失控又强撑着扳回平静，只为在人前遮掩过去，可那绷紧又瘫软交替的身子仍旧藏不住这场剧烈的震颤。
2193,action_part_a_orgasm_strong_B,0,hidden_sex_mode_3&place_someone_not_in_hidden_and_conscious,{TargetName}的{anal}陡然失控地连串收紧翕张，括约肌疯狂痉挛绞缩，一圈圈地箍紧又猛地弛开，抽搐的幅度远比寻常剧烈。\n她的小腹肌肉猛烈地一阵阵痉挛内缩，腰部反复深深弓起随即又软软地塌落，来回起伏了许多次，脊背绷得发颤。\n在旁人瞧不见的地方，她的双腿不住地打颤抽搐，脚尖绷直勾紧，脚趾蜷成一团，两膝抖个不停几乎立不稳。\n温热浓稠的肠液大量地涌淌而出，随着一下下猛烈的绞挤小幅喷溅开来，很快在下方积成湿淋淋的一摊。\n她胸膛急促地起伏着，呼吸乱成一片，几度想要绷住面上的神情却仍旧一次次失守，只得咬紧牙关佯作镇定应对身边的人，然而那不住战栗、时紧时软的躯体依然把这阵剧烈的失控泄露了出来。
2194,action_part_a_orgasm_strong_B,0,hidden_sex_mode_3&place_someone_not_in_hidden_and_conscious,{TargetName}的{anal}猛然剧烈地绞缩痉挛，括约肌一下下疯狂地翕张收紧，紧致的肌环被反复拧绞得死紧，抽搐得毫无规律。\n她的腹部一阵接一阵地猛烈收紧抽动，腰肢深深弓成一道弧后又瘫软下去，反复了好几轮，整个背脊随之一次次绷直又松垮。\n她藏在暗处的两腿不受控地颤抖乱蹬，脚趾用力勾绷抠紧，小腿肚一阵阵地抽搐发硬，双手死死攥住了身边的东西，指尖几乎掐进去。\n大量黏腻温热的肠液顺着痉挛的挤压汹涌溢出，还带着一小股一小股的喷淌，很快将下方濡湿成一片。\n她的呼吸急促而散乱，胸口起伏不定，面部几番绷紧扭曲又被强行压平，牙关咬得死死的，勉力在旁人面前撑住那副平静的假象，可颤栗不歇的身子终究掩不住这剧烈得近乎失控的震颤。

2195,action_part_a_orgasm_strong_B,0,hidden_sex_mode_4&place_someone_not_in_hidden_and_conscious,{TargetName}的整具身子在旁人看不见的隐蔽处骤然剧烈绷紧，{anal}不受控制地连续痉挛绞缩，括约肌一圈圈疯狂地翕张收拢。\n她死死咬住下唇，牙关紧闭，将喉间几乎要冲出的声响硬生生截断，只从鼻腔里漏出几缕压得极低的急促气音。\n腰身反复深深弓起又猛地瘫软下去，一次次徒劳地想要绷住却又失控地弹动，小腹的肌肉一阵阵剧烈抽搐。\n两条腿失控地颤抖蹬动，脚趾狠狠蜷缩抠紧，膝盖不住地打颤，一双手死死攥住身边能抓到的东西，指节泛白。\n大量温热的肠液从{anal}深处汹涌涌出，甚至小幅喷溅而落，濡湿了下身一片，全身的肌肉在这阵剧烈的抽搐中一波接一波地绷紧又松脱。\n她极力压低身形蜷起脖颈，把剧烈起伏的胸口死死抵住，不让半点动静泄露到障碍物另一侧。
2196,action_part_a_orgasm_strong_B,0,hidden_sex_mode_4&place_someone_not_in_hidden_and_conscious,藏在无人窥见的角落里，{TargetName}的{anal}猛然失控地绞紧起来，一下接一下地疯狂痉挛收缩，括约肌剧烈地绞缩又翕张个不停。\n她仰着脖颈死死屏住呼吸，喉咙上下滚动，把即将破喉的浪叫全部咽了回去，嘴唇抿成一条紧绷的线。\n脊背深深地弓成一道弧线，随即又失力地塌软下来，反复起伏挣动，腰腹处的肌肉密集而剧烈地一阵阵抽搐。\n四肢不受控制地颤栗痉挛，大腿绷得笔直又猛地夹紧，脚跟无力地蹬擦，十指死死抠进掌心，手臂青筋微微凸起。\n黏腻的肠液大量地从{anal}汩汩淌出，顺着下身流落一片，全身肌肉在强烈的抽搐里绷得几乎僵直又一寸寸松脱。\n她拼命把身子往暗处缩紧，用力压着起伏的肩背，不让一丝晃动传到近旁旁人的方向。
2197,action_part_a_orgasm_strong_B,0,hidden_sex_mode_4&place_someone_not_in_hidden_and_conscious,{TargetName}整个人在隐蔽的死角里剧烈战栗，{anal}疯狂地连续收缩绞紧，括约肌一圈圈失控地绞缩痉挛，翕张的幅度大得惊人。\n她把脸深深埋低，牙齿死死咬住，硬是把满溢的呻吟锁在喉咙深处，只有极细碎的气音从鼻间断续漏出。\n腰肢一次次深深弓起旋即瘫软，反复地绷直又塌陷，小腹的肌肉剧烈地起伏抽动，肚皮一阵阵急促地收紧。\n双腿失控地打颤乱蹬，脚趾用力勾曲蜷缩，膝头不住地哆嗦，一双手紧紧攥住手边之物，指尖深深掐陷进去。\n大股大股的肠液自{anal}深处涌出，甚至小幅喷洒开来，将下身浸得湿透，浑身的肌肉在剧烈的痉挛中一波波绷紧再松开。\n她极力收敛着剧烈的动作，把颤抖的躯体压得更低，不让惊动了不远处似有反应的人。
2198,action_part_a_orgasm_strong_B,0,hidden_sex_mode_4&place_someone_not_in_hidden_and_conscious,在旁人瞧不见的僻静一隅，{TargetName}的躯体猛地绷成一张满弓，{anal}不受控地连番痉挛，括约肌疯狂地一收一放绞缩翕张。\n她紧紧掩住口鼻，牙关咬得死紧，把冲到嘴边的娇吟一口一口吞回去，喉头剧烈滚动却挤不出半点声响。\n腰部深深地弓起又重重塌落，反复地弹动挣扭，腹部的肌肉密集地抽搐颤动，一阵紧似一阵地绞紧。\n两腿失控地颤栗蹬动，脚背猛地绷直，脚趾狠狠蜷起，双手死死抓紧身旁的东西，手背筋络高高凸起，指节泛白。\n温热黏稠的肠液大量地从{anal}奔涌而出，甚至微微喷溅飞落，濡湿一大片，全身肌肉在这场剧烈抽搐中绷得发僵又逐寸松弛。\n她拼命把剧烈起伏的身子往阴影里蜷缩，压住每一下想要挣脱的颤动，不让动静漏到另一侧。
2199,action_part_a_orgasm_strong_B,0,hidden_sex_mode_4&place_someone_not_in_hidden_and_conscious,{TargetName}的整副身躯在暗影里骤然剧烈痉挛，{anal}一下下疯狂地绞紧收缩，括约肌失控地翕张绞动，抽搐得毫无章法。\n她死死绷着下颌，双唇紧咬，喉咙里那声险些冲出的浪叫被生生截住，只余压抑到极致的细碎鼻息断续溢出。\n背脊反复深深弓起而后猛然软塌，腰身一次次绷直又失力垂落，小腹的肌肉剧烈起伏抽搐，收缩得又急又密。\n四肢不听使唤地颤抖乱动，大腿一会儿绷直一会儿死死夹拢，脚趾用力抠紧，一双手攥住身边的物件掐得指节发白。\n大量滚烫的肠液从{anal}深处倾泻而出，甚至小幅喷出，淋漓地浸湿了下身，浑身肌肉随剧烈的抽动一阵阵绷紧又骤然松脱。\n她用尽力气压低身形憋住晃动，把急促起伏的胸膛死死抵住，不让惊扰了近旁像是察觉到异样的人。

2200,action_part_a_orgasm_strong_B,0,exhibitionism_sex_mode_1,{TargetName}的身子毫无预兆地剧烈弹跳起来，{anal}猛地开始一阵接一阵不受控制地剧烈痉挛收缩，那圈括约肌疯狂地绞缩又翕张，一收一放间幅度大得惊人。\n她的腰肢骤然深深地向上弓起，绷成一道紧张的弧线，维持了片刻后又猛地瘫软塌落下去，紧接着再度弓起，如此反复了好几回。\n全身的肌肉都强烈地抽搐绷紧，两条腿失控地颤抖着，脚跟无意识地在原地胡乱蹬动，脚趾死死地蜷缩扣拢。\n她的双手慌乱地攥紧，指节泛白，视线不受控制地朝那扇虚掩未锁的房门瞟去，牙关死死咬紧，喉咙里逸出的气音被硬生生压低。\n大量温热的肠液顺着{anal}疯狂的绞缩不断地涌泄而出，甚至小幅地喷溅了出来，淋漓地淌落下去。\n她的呼吸急促而紊乱，胸口剧烈起伏，脸上的神情彻底失了控，眉头拧紧，眼角泛起了生理性的水光。
2201,action_part_a_orgasm_strong_B,0,exhibitionism_sex_mode_1,{TargetName}整个人猛地一僵，随即{anal}便毫无节制地剧烈抽搐起来，一圈括约肌疯狂地收紧又松开，绞缩翕张的动作又快又猛。\n她的脊背骤然弓成一张满弦的弓，腰部深深地拱起，撑持不住时又整个瘫软下去，随后再一次弓起，反反复复地起伏着。\n四肢彻底失了控，双腿绷直后又剧烈颤抖，两只脚在原地无意识地乱蹬乱踢，脚背绷得死紧。\n她慌忙侧过头朝透明的窗户望了一眼，双唇死死抿在一起，努力将颤抖的气息压在喉咙深处，双手胡乱抓紧了身侧。\n伴着{anal}一下下疯狂的绞缩，滚烫的肠液大量地涌淌而出，还夹带着小股的喷溅，一片湿淋淋地滑落下去。\n她的呼吸乱成一团，急促地喘息着，全身的肌肉一阵阵痉挛绷紧，脸颊涨红，五官因失控而扭曲皱起，额角沁出了细密的汗珠。
2202,action_part_a_orgasm_strong_B,0,exhibitionism_sex_mode_1,{TargetName}的身躯陡然剧烈地痉挛抽动，{anal}毫无预警地开始连续而失控地绞缩收紧，那圈括约肌疯狂地翕动开合，一缩一张之间抽搐得极为剧烈。\n她的腰身一次次地深深弓起又重重塌软，脊背绷紧后骤然松垮，如此循环往复，起伏得毫无章法。\n全身的肌肉都强烈地绷紧抽搐，大腿根不住地打着颤，两条小腿失控地蹬动挣扎，脚趾一阵阵地蜷缩勾紧。\n她猛地咬住下唇，把即将溢出的声响死死堵在唇齿之间，眼神慌乱地扫过那道没有上锁的门缝，双手死命攥紧了指节。\n随着{anal}一波波狂乱的绞缩痉挛，大量温热的肠液汹涌地淌泄出来，甚至小幅喷溅四散，湿漉漉地流了一片。\n她胸膛剧烈起伏，呼吸急促而杂乱，面部彻底失控，眉心紧锁，眼角滚出了生理性的泪水。
2203,action_part_a_orgasm_strong_B,0,exhibitionism_sex_mode_1,{TargetName}毫无防备地浑身一震，{anal}随即陷入了一阵接一阵剧烈而不受控制的痉挛收缩，一圈括约肌疯狂地绞紧又骤然翕张，收放的幅度大得惊人。\n她的腰肢深深地拱起绷成弧形，撑不了多久便无力地瘫落，接着又猛然弓起，反反复复地大幅起伏个不停。\n她的四肢彻底失了控制，双臂绷紧发颤，两腿剧烈地颤抖着在原地胡乱蹬踹，脚踝处的肌腱都绷得凸起。\n她匆匆将脸转向门口，望着那扇随时可能被推开的房门，牙齿咬得咯咯作响，硬是把喉间的呻吟压了下去。\n伴着{anal}疯狂的绞缩节律，滚热的肠液大量地奔涌而下，还溅出了细碎的水花，一路淋漓地滑落。\n她的呼吸紊乱到了极点，急促地大口喘着气，浑身的肌肉止不住地抽搐绷紧，脸上血色翻涌，神情失控得再也维持不住往日的模样。
2204,action_part_a_orgasm_strong_B,0,exhibitionism_sex_mode_1,{TargetName}的身体骤然剧烈地抽搐弹动，{anal}毫无节制地连连痉挛绞缩，那圈括约肌像失了控般疯狂地开合翕张，一下下收紧得极深又骤然松开。\n她的脊背反复地深深弓起又重重瘫软，腰部一次次地拱到极致，随即失力地塌陷下去，起伏得又急又乱。\n全身的肌肉都强烈地绷紧发颤，两条大腿死死夹紧后又猛地弹开，小腿失控地乱蹬，脚趾用力地蜷缩扣拢。\n她慌张地朝敞着一道缝的门瞥去，又扭头看向窗外，双唇紧紧咬合，将破碎的气音死死压在喉咙里，指尖深深掐进了掌心。\n随着{anal}一阵阵疯狂的绞缩翕动，大量灼热的肠液不受控地喷涌流泻，甚至小幅地溅射出来，湿淋淋地淌了一地。\n她胸口急促地起伏，呼吸乱作一团，脸颊烧得通红，眉眼因彻底的失控而皱缩扭曲，额上、鼻尖都渗满了细汗。

2205,action_part_a_orgasm_strong_B,0,exhibitionism_sex_mode_2,暴露在开阔户外的娇躯毫无遮掩，{TargetName}的{anal}骤然剧烈而不受控制地连番痉挛收缩起来，一圈紧致的括约肌疯狂地绞缩翕张，一收一放间没有半分停歇。\n她全身的肌肉在同一刻强烈地抽搐绷紧，纤细的腰肢深深地向上弓起，弓成一道紧绷的弧线后又猛地无力瘫软下去，如此反复了好几回。\n两条大腿在空旷的地面上失控地颤抖乱蹬，脚趾死死地蜷曲扣紧，十指也痉挛似地攥成了拳，指节泛出惨白。\n大量温热的肠液顺着一次次绞缩从{anal}深处汹涌涌出，甚至伴着括约肌的猛烈翕动小幅地喷溅而落，淋漓地淌满了颤抖的股缝与腿根。\n她的呼吸变得急促而紊乱，胸口剧烈地起伏喘动，仰起的脸庞彻底失了控，眉头紧拧、双眼失神涣散，微风拂过她抽搐不止的裸露肌肤，将这具在旷野里失控战栗的身体衬得愈发淋漓。
2206,action_part_a_orgasm_strong_B,0,exhibitionism_sex_mode_2,在这无遮无拦的露天之下，{TargetName}赤裸的身体骤然绷成一张满弓，{anal}疯狂地一阵阵绞紧翕张，剧烈的痉挛一波接着一波，收缩的力道大得连整片臀肉都随之抽搐颤动。\n括约肌不受控制地疯狂开合绞缩，翻涌的大股肠液被一次次挤压着喷涌而出，甚至小幅溅射开来，顺着痉挛的腿根淋漓地淌落在开阔的地面上。\n她的腰背反复深弓又骤然塌软，绷紧时脊线根根凸起，瘫软时整个人无力地瘫垂下去。\n四肢在空旷里失控地痉挛乱蹬，脚跟胡乱地蹬踏，双手胡乱地抓握攥紧，全身肌肉一波波强烈地抽搐收紧。\n急促紊乱的喘息从她翕张的唇间断续泄出，胸膛剧烈起伏，仰起的面容失控地扭曲，眼神涣散、唇舌微张，微风扫过她战栗的裸肤，这具暴露在天地间的躯体抽搐得毫无章法。
2207,action_part_a_orgasm_strong_B,0,exhibitionism_sex_mode_2,空旷的旷野间毫无遮蔽，{TargetName}的{anal}猛然陷入剧烈而失控的连续痉挛，一圈括约肌疯狂地绞缩又翕张，收放之间抽搐得几近极限。\n她成片的肌肉在这一刻强烈地绷紧抽动，从小腹到大腿都一波波地收紧颤栗，纤腰深深地向上弓起又一次次无力地垮塌下来。\n双腿在开阔的地上失控地颤抖蹬动，脚趾痉挛般地蜷缩，膝盖不住地打颤，两只手死死攥住身侧一切能抓的东西，指节因用力而发白。\n大量滚烫黏腻的肠液随着{anal}的疯狂绞缩汹涌淌出，甚至被翕动的括约肌小幅地挤喷出来，将颤抖的股间与腿根濡得一片狼藉。\n她的呼吸彻底乱了节奏，急促的喘息一声接一声，仰起的脸失神地绷着，眉眼皱成一团、瞳孔涣散无焦，拂过裸肤的风让她抽搐的身体在这露天之下暴露得纤毫毕现。
2208,action_part_a_orgasm_strong_B,0,exhibitionism_sex_mode_2,露天开阔之处一览无余，{TargetName}裸露的躯体骤然剧烈痉挛，{anal}不受控制地连番绞缩翕动，一收一紧间抽搐得又急又猛，紧致的括约肌疯狂地开合绞紧。\n她全身的肌肉强烈地抽搐绷紧，腰部反复深深弓起，弓到极致又忽地瘫软塌陷，如此循环往复。\n两条腿在空地上失控地乱蹬颤抖，脚背绷直、脚趾扣紧，随即又猛地松开，双臂僵直地颤栗，十指痉挛地张合。\n翻涌的大量肠液顺着{anal}一次次的绞缩喷涌淌出，伴着括约肌的猛烈翕张小幅地喷溅飞落，将痉挛的臀腿淋得湿漉漉一片。\n急促紊乱的呼吸从她胸口一阵阵冲出，胸脯剧烈起伏，仰起的面孔彻底失控，眉头死死拧紧、双目失神半翻，微风拂过她战栗不止的赤裸肌肤，这具暴露在旷野里的身体抽搐得再无半分体面。
2209,action_part_a_orgasm_strong_B,0,exhibitionism_sex_mode_2,在这毫无遮拦的户外空间，{TargetName}的{anal}陡然剧烈地连续痉挛绞紧，括约肌疯狂而不受控制地翕张开合，一波波收缩的力道大得让整个下身都随之抽搐颤栗。\n她全身的肌肉强烈地绷紧抽动，纤细的腰肢一次次深弓成弧又骤然无力垮软，脊背绷起时线条根根凸显。\n双腿在开阔地上失控地颤抖蹬踹，脚趾痉挛蜷曲，两手胡乱抓挠攥紧身侧，指节用力得泛出青白。\n大股温热的肠液随着{anal}疯狂的绞缩汹涌翻淌而出，甚至被剧烈翕动的括约肌小幅喷射出来，顺着抖动的腿根淋漓滴落在裸露的旷野地面上。\n她的喘息急促而紊乱，胸口大幅起伏喘动，仰起的脸失神扭曲，眉眼皱紧、眸光涣散，拂面的风掠过她抽搐颤栗的裸肤，将这具坦露于天地间失控战栗的躯体照得纤毫毕露。

2210,action_part_a_orgasm_strong_B,0,exhibitionism_sex_mode_3,众目睽睽之下，{TargetName}的身体猛地绷成一道紧绳般的弧线，{anal}骤然剧烈地连续痉挛起来，括约肌疯狂地绞缩翕张，一圈圈收放的幅度大得几乎失控。\n她的腰背深深弓起，随即又猛然瘫软下去，如此反复地起伏挣动，小腹处的肌肉一波接一波地剧烈抽搐。\n两条腿在众人面前失控地颤抖乱蹬，脚趾用力向内蜷曲扣紧，大腿根的肌肉一阵阵痉挛绷直。\n她的双手在半空里胡乱抓握，指节因用力而根根泛白，十指痉挛似地攥紧又张开。\n随着{anal}这阵疯狂的绞缩，大量浓热的肠液汩汩涌流而出，甚至伴着小幅的喷溅淋漓滑落，在众目睽睽下顺着颤抖的腿根蜿蜒淌下。\n她的呼吸彻底紊乱，胸膛剧烈而急促地起伏，喉间溢出破碎的气音，面部的表情失控地扭曲，眼角沁出生理性的泪水，整张脸涨得通红，在所有人的注视里止不住地大幅战栗。
2211,action_part_a_orgasm_strong_B,0,exhibitionism_sex_mode_3,当着满场的注视，{TargetName}的全身骤然强烈地绷紧，{anal}不受控制地一阵阵疯狂绞缩，括约肌翕张收放的力度剧烈得远超以往，一波盖过一波地连续痉挛。\n她的腰肢深深地弓起成弧，随后又失力般地瘫落，接着再度弓起，如此反复地深弓浅落，小腹的肌肉密集而剧烈地抽搐颤动。\n两条大腿在众人眼前无法自控地痉挛发颤，双脚乱蹬着又骤然绷直，脚趾死死地向内抠蜷。\n她的十指在身侧痉挛地收拢又张开，指尖胡乱抓挠，指节一节节地泛出惨白。\n伴着{anal}这剧烈的收缩，大量温热黏腻的肠液奔涌而出，甚至小幅地喷溅开来，顺着抽搐的腿根淋漓地流淌，在众目睽睽下汇成淫靡的湿痕。\n她的呼吸急促而紊乱，胸口大幅起伏，破碎的喘息从紧绷的喉间不断逸出，脸颊涨得潮红，面容失控地皱紧扭动，在无数视线的包围里剧烈地颤栗不止。
2212,action_part_a_orgasm_strong_B,0,exhibitionism_sex_mode_3,在旁人环视的目光里，{TargetName}的身躯骤然剧烈地抽搐起来，{anal}疯狂地连续绞缩收紧，括约肌一开一合地翕张痉挛，收放的幅度大得几近失控。\n她的脊背反复地深深弓起又猛然软塌，腰部大幅地起落挣动，小腹的肌肉成片地剧烈抖颤收缩。\n双腿在众人面前失控地颤抖，膝盖不住地打颤，脚背绷得笔直，脚趾用力地蜷曲抠紧，大腿根一阵阵地绷硬又松开。\n她的两手在空中乱抓乱握，手指痉挛地屈伸，指节紧绷得泛白，掌心攥出深深的印痕。\n随着{anal}这阵猛烈的绞缩翕张，浓稠滚烫的肠液大量地涌泻而出，带着小幅的喷势淋漓滴落，在众目睽睽之下顺着颤抖的腿缝蜿蜒淌下一道道湿亮的痕迹。\n她的呼吸彻底乱了节奏，胸膛急促而剧烈地起伏，喉咙里挤出断续的气音，面部的神情失控地扭曲，眼角滚下生理性的泪珠，在满场注视里止不住地大幅战栗。
2213,action_part_a_orgasm_strong_B,0,exhibitionism_sex_mode_3,暴露在众人视线之中，{TargetName}的身体猛然弓成一张紧绷的弓，{anal}剧烈而不受控制地连续痉挛，括约肌疯狂地绞缩又翕张，一圈圈收放的力道远非寻常可比。\n她的腰背深深地拱起，随即失力地重重瘫落，反复地深弓与软塌交替，小腹处的肌肉密密地抽搐颤动个不停。\n两腿在众目之下痉挛似地乱蹬颤抖，脚趾狠狠向内蜷扣，脚踝绷起紧硬的线条，大腿根一波波地收紧发颤。\n她的双手在身侧胡乱地抓挠攥握，十指痉挛地张开又收拢，指节根根泛白。\n伴随{anal}这剧烈的绞缩，大量温热的肠液汹涌地奔流而出，甚至小幅喷溅淋漓，顺着抖动的腿根一路淌落，在众人眼前汇成淫亮的水痕。\n她的呼吸急促紊乱，胸脯大幅地喘息起伏，破碎的气声从喉间断续溢出，脸涨得通红，面容失控地拧皱抽动，在层层注视的包围里剧烈地颤抖不休。
2214,action_part_a_orgasm_strong_B,0,exhibitionism_sex_mode_3,在{SceneName}众人无从回避的视线里，{TargetName}的身躯骤然强烈地抽搐绷紧，{anal}疯狂地连续绞缩收放，括约肌剧烈地翕张痉挛，收紧的力道一波胜过一波。\n她的脊背反复地深深弓起又失力瘫落，腰部大幅地挣动起伏，小腹处的肌肉密集而剧烈地颤抖收缩。\n双腿在众目之下痉挛地颤抖乱蹬，脚趾死死蜷扣，脚背绷得笔直，大腿根一阵阵地绷紧又松弛。\n她的两手在身侧胡乱抓挠攥握，手指痉挛地屈伸收张，指节一节节泛出惨白。\n伴着{anal}这剧烈的绞缩翕张，大量温热黏稠的肠液汩汩奔涌而出，甚至小幅喷溅淋漓地淌落，顺着抖颤的腿缝在众人眼前蜿蜒出淫靡的湿痕。\n她的呼吸急促而紊乱，胸口大幅地起伏喘息，破碎的气音自紧绷的喉咙不断逸出，脸颊涨得潮红，神情失控地拧扭皱紧，在满室注视的包围中剧烈地颤栗不止。

2215,action_part_a_orgasm_strong_B,0,exhibitionism_sex_mode_4,{TargetName}的身子猛地一僵，{anal}剧烈而不受控制地一阵阵痉挛收缩，括约肌疯狂地绞缩翕张，一圈圈紧密的褶皱随着抽搐反复地内吸外翻。\n全身的肌肉骤然强烈地绷紧抽搐，腰部深深地弓起后又一下瘫软下去，紧接着又再度弓起，反复了好几回。\n两条腿失控地颤抖乱蹬，脚趾死死地向内蜷曲扣紧，一双手胡乱地攥紧了触手可及的东西，指节因用力而根根泛白。\n大量温热的肠液顺着一波波绞缩汹涌地涌淌而出，甚至夹着一小股喷溅，淋漓地流淌下去。\n她的下颌死死抵着牙关，牙齿把下唇咬得发白，喉咙里溢出的气音被强行压回去，胸膛随着紊乱急促的呼吸大幅起伏。\n面部的表情彻底失了控，眉头拧成一团又猛地舒展，眼角渗出生理性的泪光，脖颈涨红，头颅无力地向后仰去，眼角还不受控地瞟向近旁那些一动不动的无意识者，随即又慌忙别开。
2216,action_part_a_orgasm_strong_B,0,exhibitionism_sex_mode_4,{TargetName}整具身躯陡然剧烈地弹动了一下，{anal}连绵不断地疯狂痉挛紧绞，括约肌一开一合地翻搅翕张，绞缩的幅度远远盖过了寻常的程度。\n背脊猛地深深弓成一道紧绷的弧线，随后失力地塌软，紧接着又一次高高弓起，如此反复起伏。\n四肢无法自控地剧烈颤抖，双膝一会儿并拢一会儿又乱蹬开来，脚背绷得笔直，脚趾一根根蜷曲扣死。\n浓稠的肠液伴着一阵阵猛烈的绞缩大股大股地喷涌淌落，甚至小幅地迸溅出去，糊了一片。\n她双手死死掐住身边的物件，指尖几乎要陷进去，肩膀剧烈地耸动，呼吸又急又乱地从鼻腔里挤出。\n嘴唇被牙齿死死咬住不让声音漏出，脸颊涨得通红，泪水在眼眶里打转，头频频偏向那几个昏睡的人又猝然缩回，全身在一波波抽搐中失控地战栗。
2217,action_part_a_orgasm_strong_B,0,exhibitionism_sex_mode_4,{TargetName}的腰肢骤然狠狠地向内一缩，{anal}剧烈失控地连番痉挛绞紧，括约肌疯狂地一圈圈收束又翻张，抽搐的节奏又快又猛。\n全身的肌肉一齐强烈地绷成硬块又剧烈地颤抖，腰部反复深深弓起后再度无力地瘫落。\n两条大腿失控地痉挛乱蹬，脚踝绷起紧实的线条，脚趾死死向内蜷扣，双手攥紧了掌心里的东西直到指节泛白。\n大量滚烫的肠液顺着一波波狂乱的绞缩汹涌喷涌而下，甚至夹着细细一股迸溅，淋漓不止。\n她的胸口随着又乱又急的喘息剧烈起伏，牙关死死咬合把翻涌上来的呻吟硬生生压住，脖颈上青筋隐隐浮凸。\n面容失控地扭曲又骤然松开，眼角沁出泪珠，脸色红透，头颅无力地垂落又猛地仰起，视线仓皇地掠过身旁那些毫无知觉的人再急急移开。
2218,action_part_a_orgasm_strong_B,0,exhibitionism_sex_mode_4,{TargetName}浑身猛然一颤，{anal}疯狂而无法自制地一阵接一阵痉挛紧缩，括约肌剧烈地翕张绞拧，一波未平一波又起。\n背部深深地弓起绷成满弓又骤然塌软，紧接着再一次弓成弧形，起起伏伏地反复着。\n四肢失控地乱颤乱蹬，双腿一时夹紧一时又蹬开，脚趾蜷曲得死紧，双手胡乱地抓握着够得到的一切。\n浓稠温热的肠液伴着凶猛的绞缩大量涌淌，甚至小幅喷洒而出，顺着一路流淌下去。\n她死死抿着嘴唇不敢让声音溢出，喉间的气音被生生咽下，胸膛随着紊乱失序的呼吸剧烈鼓动。\n表情彻底崩坏地失了控，眉心紧蹙又倏地松展，泪光在眼眶里闪烁，面颊烧得通红，头一次次偏向近旁昏迷的众人又慌乱地缩回，整个人在剧烈的抽搐里不住地颤栗。
2219,action_part_a_orgasm_strong_B,0,exhibitionism_sex_mode_4,{TargetName}的躯体猝然剧烈地绷直，{anal}连续不断地疯狂痉挛绞缩，括约肌一收一放地翻搅翕张，绞紧的力道远比往常凶狠。\n腰身深深弓成一道紧绷的弧后又失力瘫软，随即再度高高弓起，反反复复地起落。\n两腿失控地剧烈颤抖蹬动，膝盖不住地并拢又分开，脚尖绷直，脚趾一根根向内扣蜷。\n大量灼热的肠液随着一浪浪狂乱的绞缩汹涌喷涌而下，甚至夹带一小股迸溅，湿淋淋地淌成一片。\n她双手死死攥紧了手边的物件，指节根根发白，肩头剧烈耸动，急促紊乱的呼吸从齿缝里艰难地漏出。\n下唇被牙齿咬得泛白以压住翻腾的娇吟，脸颊脖颈一齐涨红，眼角滚出生理泪水，头颅无力后仰又猛垂，眼神惊惶地扫过身边那些失去意识的人又匆匆避开，全身失控地战栗不止。

2220,action_part_a_orgasm_strong_B,0,t_imprisonment_1&CVP_A2_G_E_0,被锁链缚住的{TargetName}四肢猛然绷紧，{anal}剧烈而不受控制地连番痉挛收缩，一圈紧似一圈地疯狂绞缩翕张，括约肌一开一合地翻搅个不停。\n她全身的肌肉在这一刻强烈地抽搐绷直，脊背反复深深地向上弓起，弓到极处又骤然瘫软下去，如此起伏了一次又一次。\n被束缚的双腿徒劳地在原地失控颤抖乱蹬，脚趾用力蜷曲扣紧，纤细的脚踝绷出僵直的线条。\n她的十指死死攥紧，指节泛白，双臂在束缚下青筋暴起，腰腹一阵接一阵猛烈地抽缩。\n{anal}翻涌着挤出大量温热黏腻的肠液，成股淌落甚至小幅喷溅而出，濡湿了一大片。\n她的呼吸彻底紊乱急促，胸膛剧烈起伏，喉间挤出破碎的气音，脸颊涨红，泪水夺眶滚落，五官在这场剧烈的颠簸中失控地扭皱纠结在一起。
2221,action_part_a_orgasm_strong_B,0,t_imprisonment_1&CVP_A2_G_E_0,被绳索捆缚的{TargetName}整个身子猛地一僵，{anal}随即失控地剧烈连续痉挛，一下一下狠狠绞紧又松开，括约肌疯狂地翕动绞缩，收缩的幅度远远大过寻常。\n她周身的肌肉骤然强烈地抽搐紧绷，腰肢深深地弓成一道紧绷的弧线，紧接着又整个瘫软塌陷，反复起落不休。\n被缚住的两条腿不受控制地剧烈抖颤，膝盖打着战，脚背绷直，脚趾一次次痉挛般地蜷起。\n她的双手在束缚里徒劳地攥握挣扭，肩背一阵阵战栗，小腹的肌肉不停地深陷抽动。\n{anal}一波波绞涌间挤出大量滑腻的肠液，顺着抽搐汩汩溢流，其间还夹着几下小幅的喷洒。\n急促而破碎的喘息从她口中不断逸出，胸口大幅起伏，涨红的面庞上泪痕交错，眉眼与嘴角都在剧烈的颤动中失控地皱缩抽搐。
2222,action_part_a_orgasm_strong_B,0,t_imprisonment_1&CVP_A2_G_E_0,被囚械锁住的{TargetName}腰身骤然剧烈一挺，{anal}紧接着不受控制地连番猛烈痉挛，一阵紧过一阵地绞拧收束，括约肌翻卷着疯狂开合，绞缩得又深又急。\n她全身肌肉强烈地绷紧抽搐，脊柱深深弓起后又瘫塌下去，反复地弓起、塌落，起伏幅度大得惊人。\n束缚中的双腿失控地颤栗乱蹬，大腿内侧的肌肉一跳一跳，脚趾死死向内蜷扣。\n她的指尖抠掐着攥成拳，双臂在锁束下绷得笔直，腰腹随着{anal}的绞缩一遍遍猛烈内陷。\n伴着剧烈的抽搐，{anal}汹涌地涌出大量温热肠液，成股流淌并小幅飞溅开来。\n她的呼吸乱成一团，胸膛急促起伏，破碎的气音从喉咙里断续泄出，脸颊烧红，泪珠一颗颗砸落，整张脸在失控的颤抖里皱成一团。
2223,action_part_a_orgasm_strong_B,0,t_imprisonment_1&CVP_A2_G_E_0,被镣铐束住的{TargetName}猝然浑身一颤，{anal}随之剧烈失控地一阵阵痉挛绞缩，收缩得极深极密，括约肌疯狂地绞紧翕张个不停。\n她全身的肌肉在颠峰里强烈抽搐绷直，腰部一次次深深弓起旋即又软软瘫落，反复不休地起伏震颤。\n被缚的两腿不听使唤地剧烈打颤乱踢，脚踝绷得僵直，脚趾用力蜷缩成一团。\n她的双手在束缚下死死攥紧又松开，指节泛白，肩头与背脊一阵阵痉挛，小腹深陷着连连抽动。\n{anal}翻搅着挤涌出大量黏腻肠液，一股股淌出还伴着小幅的喷洒，濡湿了下方一片。\n她喘息紊乱而急促，胸脯剧烈起伏，唇齿间溢出零碎破音，绯红的脸上老泪纵横，眉头紧锁、五官扭曲地纠皱在一处。
2224,action_part_a_orgasm_strong_B,0,t_imprisonment_1&CVP_A2_G_E_0,被牢牢缚困住的{TargetName}身躯陡然剧烈弹动，{anal}立时不受控制地连续猛痉挛，一圈又一圈地疯狂绞缩绷紧，括约肌翻涌着急速开合收束。\n她全身肌肉强烈紧绷抽搐，脊背深弓成弧又骤然塌软，如此深深弓起复又瘫落地反复震荡。\n束缚中的双腿失控地抖颤蹬动，膝头打战相抵，脚趾一次次蜷曲扣紧。\n她十指抠攥成拳，双臂在锁链下暴起青筋，腰腹跟着{anal}的绞动一下下狠狠抽缩内凹。\n随着一阵阵剧烈痉挛，{anal}大量涌出温热滑腻的肠液，成股溢淌间还小幅喷溅四散。\n她的呼吸彻底失了序，胸口起伏剧烈，喉间断续挤出破碎气声，脸颊通红，泪水滚滚而下，整副面容在剧烈颤搐中失控地皱缩扭结。

2225,action_part_a_orgasm_strong_B,0,CVP_A2_T|103_E_1,娇小稚嫩的{TargetName}躯体骤然剧烈痉挛起来，{anal}不受控制地一波接一波猛烈绞缩，稚嫩的括约肌疯狂地翕张绞紧，一圈接一圈地收拢又骤然松开，翻搅纠缠着不肯停歇。\n尚未发育完全的腰肢猛地深深弓起，脊背绷成一道紧绷的弧线，随即又力竭般瘫软跌落，如此反复好几次都无法平息下来，整条脊椎骨节都在微微颤动。\n纤细单薄的双腿剧烈地打着颤乱蹬，脚趾痉挛般蜷紧又骤然绷直，脚踝处的肌肉一阵阵抽紧，稚嫩的手指死死抠住身旁能够触及的东西，指节因过度用力而泛出青白，掌心也沁出细密的汗珠。\n稚气未脱的胸口随着急促紊乱的呼吸剧烈起伏，喉间溢出破碎而失控的喘息，圆润稚嫩的脸庞瞬间涨满潮红，眼眶湿润泛红，眼珠不受控制地上翻，嘴角控制不住地大张溢出涎水，顺着下颌滑落。\n{anal}深处涌出大股滚烫黏稠的肠液，沿着颤抖不止的臀缝汹涌而下，甚至猛地小幅喷溅而出，将稚嫩的肌肤浸得一片湿滑狼藉，臀肉也随之一下下猛烈抽动。
2226,action_part_a_orgasm_strong_B,0,CVP_A2_T|103_E_1,身量娇小的{TargetName}整个人猛然一僵，紧接着剧烈颤抖不止，{anal}失控般一浪接一浪地痉挛绞紧，稚嫩的括约肌快速翕张收放，仿佛怎么也停不下来，一圈圈绞缠得愈发用力。\n发育未全的腰身一次又一次深深弓起又颓然瘫落，脊椎骨节因用力而微微凸显，反复起伏久久难以平息，尾椎骨随之一下下轻轻叩动。\n瘦削纤细的四肢剧烈乱蹬颤抖，脚趾用力蜷缩成一团随后又猛地绷得笔直，脚背也跟着绷紧又松开，双手胡乱地攥紧近旁能碰到的东西，指节泛白发青，手背青筋隐隐浮现。\n呼吸变得急促而破碎，稚嫩的胸口剧烈起伏喘息不止，孩童气息未脱的脸庞霎时涨得通红，眼神涣散失焦，眼角泛起水光，嘴角失控地大张溢出津液，顺着嘴角淌到下巴。\n{anal}深处涌出大股黏稠滚烫的肠液，沿着颤抖的股缝汩汩流淌而下，一度猛烈地向外喷溅出来，将周遭浸润得一片泥泞湿滑，臀部肌肉也随之一阵阵痉挛收紧。
2227,action_part_a_orgasm_strong_B,0,CVP_A2_T|103_E_1,体态青涩的{TargetName}猛然浑身一僵，紧接着剧烈痉挛不止，{anal}狂乱地一圈接一圈绞缩翻搅，柔嫩的括约肌疯狂地收紧又松开，完全不受自己支配，绞得愈发急促紊乱。\n尚显稚气的腰肢接连深深弓起，随后又力竭地垮塌下去，一次次反复起伏，久久无法安定下来，脊背也跟着一下下绷紧又松弛。\n纤细的双腿抽搐着乱蹬乱踢，脚尖痉挛般绷紧又蜷起，脚踝随之抽动，稚嫩的手指死死攥住身旁的物什，指关节因用力而僵硬发白，手臂也微微抖动。\n呼吸急促紊乱得几乎破碎，尚未发育完全的胸口剧烈地上下起伏，脸颊与耳根瞬间染满艳红，眼角溢出湿润的泪光，眼皮不住地颤动，唇瓣控制不住地颤抖大张，涎水顺着嘴角滑落。\n{anal}中大量灼热的肠液汹涌而出，沿着不住颤抖的臀部曲线滑落而下，甚至一度猛地喷溅出来，将身下弄得一片湿滑狼藉，臀肉也随之剧烈地一颤一颤。
2228,action_part_a_orgasm_strong_B,0,CVP_A2_T|103_E_1,未及少女模样的{TargetName}躯体猛地绷紧抽搐，{anal}剧烈失控地反复绞缩痉挛，稚嫩的括约肌疯狂翕张收放，一波接一波完全无法停歇，绞得越发深重急促。\n单薄瘦小的腰肢一次又一次深深弓起又瘫软塌陷，脊背随之剧烈起伏颤动，久久难以平复下来，腰窝处的肌肉也一阵阵抽紧。\n细弱的四肢不受控制地剧烈颤抖乱蹬，脚趾用力蜷曲又猛然绷直，脚背也随之绷紧发白，稚嫩的双手紧紧揪住身边能抓到的东西，指尖因用力而泛白，掌心渗出汗水。\n喘息声急促而破碎地连续溢出，稚气未脱的胸膛剧烈起伏不止，圆润的脸颊瞬间浮上浓重潮红，眼神涣散无法聚焦，眼球微微上翻，嘴角失控地大张溢出涎水，沿着下颌线滴落。\n{anal}深处涌出大股滚烫黏稠的肠液，顺着颤动不止的臀缝汩汩流下，猛地小幅喷溅出来，将周身稚嫩的肌肤浸得湿淋淋一片，臀肉也随之一下下痉挛收紧。
2229,action_part_a_orgasm_strong_B,0,CVP_A2_T|103_E_1,娇嫩纤瘦的{TargetName}身躯骤然剧烈抖动起来，{anal}一阵接一阵猛烈绞缩收紧，稚嫩的括约肌不受控制地飞快翕合，一圈圈用力绞紧又猝然松弛，翻绞得愈发凶猛。\n单薄的腰身骤然深深弓起，脊背绷成一道紧绷的弧线，旋即又瘫软塌落，如此反复好几个回合都止不住，腰间的肌肉也随之一下下抽搐。\n细瘦的双腿剧烈地打着颤，脚背骤然绷直又猛地蜷曲，脚趾痉挛地抓挠着，脚踝也随之抖动不停，稚嫩的双手紧紧攥成拳，指甲深深掐进掌心，手背泛起青白。\n尚带稚气的胸脯随着急促破碎的呼吸大幅起伏，嘴唇控制不住地哆嗦大张，眼角泛起水光，眼神也随之涣散飘忽，稚嫩的脸颊瞬间染上大片潮红，涎水顺着嘴角溢出滑落。\n{anal}深处大量温热的肠液汹涌涌出，顺着颤抖不止的臀肉滑落，甚至猛然向外小幅喷溅出来，将身下浸得湿漉一片，臀部肌肉也随之一波接一波地绞紧。

2230,action_part_a_orgasm_strong_B,0,t_imprisonment_1&CVP_A2_G_GE_1&CVP_A2_G_LE_2,{TargetName}被禁锢的娇躯猛然剧烈弹动，{anal}毫无节制地连续痉挛收缩，环绕的括约肌疯狂地一绞一张，翕合的频率快得几乎连成一片。\n她的腰肢深深地向上弓起，绷成一道紧张的弧线后又骤然瘫软下去，紧接着再度弓起，如此反复起伏个不停。\n两条腿失控地颤抖乱蹬，脚趾死死地向内蜷缩扣紧，膝盖不住地打颤，全身的肌肉一阵阵强烈地抽搐绷紧。\n{anal}深处大量滚烫的肠液不受控制地汹涌涌出，顺着痉挛一股股地翻流，甚至随着最猛烈的几下绞缩小幅喷溅出来。\n她的呼吸彻底乱了套，急促而破碎地喘息着，胸口剧烈起伏，脸上的神情失控地扭曲着，泪水夺眶滚落，双手无力地攥紧又松开，指节泛白，整具身子在这一连串剧烈的抽搐中颤栗不止。
2231,action_part_a_orgasm_strong_B,0,t_imprisonment_1&CVP_A2_G_GE_1&CVP_A2_G_LE_2,被囚困的{TargetName}整个人骤然绷成一张满弓，{anal}剧烈而毫无规律地连番痉挛，一圈括约肌疯狂地收缩绞紧又猛地翕张，反反复复地绞动个不停。\n她的脊背一次次深深弓起，随即又失去支撑般软软塌下，腰腹之间的肌肉成片成片地剧烈抽动。\n四肢不受控制地痉挛颤抖，双腿一阵阵徒劳地乱蹬踢动，脚背绷得笔直，脚趾狠狠地蜷曲抠紧。\n{anal}翻涌的肠液大量地淌溢而出，黏腻滚烫地顺着抽搐一波波奔流，间或随着几下猛绞小幅地喷出。\n她的胸膛随着紊乱急促的喘息剧烈起伏，喉间溢出破碎的气音，面部的肌肉止不住地抽搐，泪水成串地滑落脸颊，十指痉挛般地抓挠收拢，全身在这场远比寻常猛烈的抽搐里剧烈战栗着。
2232,action_part_a_orgasm_strong_B,0,t_imprisonment_1&CVP_A2_G_GE_1&CVP_A2_G_LE_2,{TargetName}被拘禁的身子霍地一僵，随即剧烈地颤抖起来，{anal}一下紧过一下地连续痉挛绞缩，环形的括约肌疯狂翕张，一收一缩间快得几乎失去了节律。\n她的腰部猛地向上顶弓，绷紧到极限后又骤然垮塌，紧接着再一次深深弓起，如此起伏往复不休。\n全身的肌肉成片地绷紧又抽搐，两条腿失控地痉挛乱颤，脚跟不住地蹬动，脚趾蜷得死紧。\n{anal}深处大量温热的肠液止不住地翻涌流溢，随着一阵阵剧烈的绞缩汩汩外淌，甚至小幅地喷洒出来。\n她的呼吸急促而凌乱，一声声破碎的喘息从紧绷的喉咙里挤出，脸上的表情彻底失了控，泪珠不住滚落，双手胡乱地攥握着，指尖用力到发颤，整具娇躯在这剧烈的余波中久久战栗不止。
2233,action_part_a_orgasm_strong_B,0,t_imprisonment_1&CVP_A2_G_GE_1&CVP_A2_G_LE_2,被囚锁的{TargetName}娇躯毫无预兆地剧烈弹跳，{anal}疯狂而连续地痉挛收缩，一圈括约肌绞紧了又猛地松张，急速地翕合抽搐着。\n她的腰肢深深地弓成一道紧绷的弯，维持片刻便无力地瘫软下去，随即又被新一轮的痉挛顶得高高弓起。\n她的四肢失控地颤栗乱动，双腿绷直了又蜷起，反复地徒劳蹬踢，脚趾狠狠向内抠扣，全身的肌肉一阵接一阵地强烈绷紧抽搐。\n{anal}翻涌不止的肠液大量奔流溢出，顺着剧烈的绞缩一股股地涌淌，间或随着猛烈的收缩小幅飞溅。\n她的胸口随着又急又乱的喘息剧烈起伏，破碎的气息从齿缝间漏出，面容失控地皱缩扭曲，泪水一颗颗滑坠，双手死死攥紧后又松脱，整个人在这远超以往的剧烈颤抖中不住地战栗。
2234,action_part_a_orgasm_strong_B,0,t_imprisonment_1&CVP_A2_G_GE_1&CVP_A2_G_LE_2,{TargetName}被囚禁的身躯猛地绷得笔直，转瞬又剧烈地痉挛起来，{anal}一波紧接一波地连续收缩，括约肌疯狂地绞动翕张，收缩的力道凶猛得远超从前。\n她的脊背一次次深深弓起又骤然塌软，腰腹的肌肉成片地剧烈抽搐颤动，起伏个不停。\n两条腿不受控制地乱蹬颤抖，膝头打着战，脚趾蜷缩扣紧，浑身的肌肉一阵阵猛烈地绷紧痉挛。\n{anal}深处大量灼热的肠液汹涌地翻流而出，随着一下下疯狂的绞缩不断外溢，甚至小幅地喷溅开来。\n她的呼吸紊乱到了极点，急促破碎的喘息一声接一声，脸上的神色彻底失控，泪水横流，两手无意识地抓挠收拢，指节泛出惨白，整具娇躯在这剧烈到失控的抽搐里颤栗不已。

2235,action_part_a_orgasm_strong_B,0,t_imprisonment_1&CVP_A2_G_GE_3&CVP_A2_G_LE_4,{TargetName}被束住手腕的双臂猛地绷直，指节因用力而根根泛白，整条脊背深深地弓成一张紧绷的弓，随即又失力般重重瘫软下去，紧接着又一次弓起。\n{anal}剧烈而不受控制地连番痉挛，括约肌疯狂地绞缩又翕张，一圈圈媚肉以远超寻常的力道收紧再松开，抽搐的频率密得几乎连成一片。\n她的小腹随着这阵猛烈的收缩反复抽动凹陷，两条腿失控地绷紧又乱蹬，脚趾用力向内扣拢又骤然张开，膝盖不住地打颤。\n大量温热的肠液顺着这一波波剧烈的绞缩汩汩涌出，甚至随着括约肌的猛烈翕张小幅地喷溅出来，在{anal}周围淌开湿亮的一片。\n她的呼吸彻底乱了节奏，胸口剧烈起伏喘息，脖颈后仰，面部的表情失控地扭曲着，额角沁出细密的汗珠，整具娇躯在这场剧烈的痉挛中大幅颤栗抖动。
2236,action_part_a_orgasm_strong_B,0,t_imprisonment_1&CVP_A2_G_GE_3&CVP_A2_G_LE_4,{TargetName}被锁链拴住的手腕徒劳地攥紧又松开，纤细的手臂青筋微凸，整个上身骤然向后仰去，腰背反复地深深弓起又软塌下来。\n{anal}以前所未有的猛烈幅度连续深深绞缩，括约肌一下一下地疯狂痉挛翕张，收缩的力道与频率都远远盖过寻常，媚肉翻搅着一波接一波向内抽紧。\n她的全身肌肉强烈地绷紧抽搐，大腿内侧一阵阵痉挛，双腿时而死死夹拢时而失控地乱蹬踢动，脚背绷得笔直，脚趾狠狠蜷曲。\n伴着这剧烈的抽搐，浓稠的肠液大股涌落，随着{anal}猛烈的翕张溅出细密的水花，量比平常汹涌太多。\n急促紊乱的喘息从她起伏剧烈的胸膛间断续冲出，喉头不住地滚动，面颊潮红失神，眉头紧蹙又骤然舒展，整张脸都失了控制，娇躯在连绵的颤栗中止不住地大幅抖动。
2237,action_part_a_orgasm_strong_B,0,t_imprisonment_1&CVP_A2_G_GE_3&CVP_A2_G_LE_4,{TargetName}被缚的双手死死抠住身下，手臂因过度用力而剧烈发颤，脊背猛地弓成一道深弧后又瘫软，紧接着再度绷起，如此反复。\n{anal}疯狂而失控地连续绞缩痉挛，括约肌一圈圈地翻搅收紧又猛然松张，抽搐一阵急过一阵，那处以远胜以往的烈度不停地翕张抽动。\n她的小腹肌肉一下下地深深凹陷抽动，腰肢剧烈扭动，两条腿绷得笔直又骤然乱蹬，膝盖抖个不停，脚趾一阵阵痉挛地扣紧。\n大量肠液随着这猛烈的收缩涌泻而出，甚至小幅地喷出，顺着{anal}周围蜿蜒淌开。\n她的呼吸急促而破碎，胸膛大幅起伏，脖颈青筋隐现，双唇颤抖着微张，面部的表情彻底失控地扭曲抽搐，冷汗顺着脸颊滑落，整具身子在这剧烈的绝顶反应里大幅震颤个不住。
2238,action_part_a_orgasm_strong_B,0,t_imprisonment_1&CVP_A2_G_GE_3&CVP_A2_G_LE_4,{TargetName}被束缚的手腕猛然绷紧，十指痉挛般张开又攥拢，整条手臂僵直发抖，腰背骤然深深弓起，随即失力瘫落，又不由自主地再次弓起。\n{anal}剧烈到极点地连番绞缩翕张，括约肌疯狂地一收一放，收紧的幅度和频率都远远超过平日，媚肉密集地痉挛抽搐着向内翻绞。\n她的四肢失控地颤抖，大腿一阵阵猛地夹紧又弹开，小腿绷直乱蹬，脚趾用力向内勾拢，全身的肌肉都强烈地绷紧又抽动。\n浓热的肠液大量顺着痉挛的节奏涌落，随{anal}的翕张溅出些许水珠，湿了一大片。\n她胸口急促剧烈地起伏，喘息紊乱破碎，脖颈后仰绷紧，面容失控地皱起又松开，眼角泛出生理性的水光，整副娇躯在这场远超寻常的剧烈颤栗中不住地抽搐战抖。
2239,action_part_a_orgasm_strong_B,0,t_imprisonment_1&CVP_A2_G_GE_3&CVP_A2_G_LE_4,{TargetName}被锁住的双臂剧烈地挣颤，指节泛白地抠握着，脊背一次次深深弓成紧弓又骤然软塌，腰肢在弓起与瘫软之间反复剧烈起伏。\n{anal}凶猛而失控地连续深深绞缩，括约肌一阵阵疯狂翕张痉挛，收放的力道远胜从前，那处密集地抽搐翻搅，绞缩得一波紧过一波。\n她全身的肌肉强烈绷紧抽动，双腿时而失控乱蹬时而死死并拢，膝头颤抖不止，脚趾狠狠蜷曲又张开，小腹反复深深凹陷抽搐。\n大股温热的肠液随着这猛烈的收缩汩汩淌落，甚至小幅喷溅，在{anal}四周洇开湿亮一片。\n急乱的喘息一声接一声从她剧烈起伏的胸膛冲出，喉间不住滚动，面部表情彻底失控地扭曲，汗珠沿颈侧滑下，整具身躯在这剧烈到失控的痉挛中大幅地颤栗抖动个不停。

2240,action_part_a_orgasm_strong_B,0,t_imprisonment_1&CVP_A2_G_GE_-2&CVP_A2_G_LE_-1,原本以消极瘫软的姿态默默蜷伏着的{TargetName}躯体骤然剧烈痉挛起来，{anal}不受控制地一波接一波猛烈绞缩，括约肌疯狂地翕张收放，一圈接一圈绞紧又骤然松开，翻搅纠缠着久久不肯停歇。\n她的腰肢深深弓起，脊背绷成一道紧绷的弧线，旋即又力竭般瘫软塌落，如此反复起伏好几回都无法平息，整条脊椎都在微微战栗。\n纤细的双腿剧烈打颤乱蹬，脚趾痉挛般蜷紧又骤然绷直，脚踝的肌肉一阵阵抽紧，她的双手死死抠住身旁能够触及之物，指节因过度用力而泛出青白。\n原本紧抿的唇齿再也咬不住，喉间溢出破碎失控的喘息，急促紊乱的呼吸令胸口剧烈起伏，空洞失焦的眼神彻底涣散，眼角泛起水光，嘴角失控地张开淌出涎液。\n{anal}深处涌出大股滚烫黏稠的肠液，顺着颤抖不止的股缝汹涌淌下，甚至猛地小幅喷溅而出，将肌肤浸得一片湿滑狼藉，臀肉也随之一下下猛烈抽动。
2241,action_part_a_orgasm_strong_B,0,t_imprisonment_1&CVP_A2_G_GE_-2&CVP_A2_G_LE_-1,一直低垂着头颅顺从承受的{TargetName}整个人猛然一僵，紧接着剧烈颤抖不止，{anal}失控般一浪接一浪地痉挛绞紧，括约肌快速翕张收放，仿佛怎么也停不下来，一圈圈绞缠得愈发用力。\n她的腰身一次又一次深深弓起又颓然瘫落，脊椎骨节因用力而微微凸显，反复起伏久久难以平息，尾椎骨随之一下下轻轻叩动。\n纤瘦的四肢剧烈乱蹬颤抖，脚趾用力蜷缩成一团随后又猛地绷得笔直，脚背也跟着绷紧又松开，双手胡乱地攥紧近旁能碰到的东西，指节泛白发青，手背青筋隐隐浮现。\n呼吸变得急促而破碎，胸口剧烈起伏喘息不止，原本麻木的脸庞霎时涨得通红，眼神涣散失焦，眼角泛起水光，嘴角失控地大张溢出津液，顺着下颌淌落。\n{anal}深处涌出大股黏稠滚烫的肠液，沿着颤抖的股缝汩汩流淌而下，一度猛烈地向外喷溅出来，将周遭浸润得一片泥泞湿滑，臀部肌肉也随之一阵阵痉挛收紧。
2242,action_part_a_orgasm_strong_B,0,t_imprisonment_1&CVP_A2_G_GE_-2&CVP_A2_G_LE_-1,原本默默认命瘫坐着的{TargetName}身子突然剧烈弹动，{anal}不由自主地连番剧烈绞缩，括约肌一下下疯狂翕张，忽而死死绞拢忽而骤然松脱，反复痉挛得几乎没有间歇。\n她的腰部猛地深深弓成一道弧，随即又骨软筋酥般塌陷下去，一次接一次地弓起瘫软，脊背的肌肉绷得死紧又骤然松弛。\n单薄的双腿失控地剧烈蹬动打颤，脚趾一阵阵痉挛蜷曲又猛然张开，小腿肚的肌肉阵阵抽搐，双手无意识地死死攥住身边之物，指尖用力到微微发抖。\n她原本抿紧的双唇再也合不拢，喉咙里逸出一声声破碎紊乱的急喘，胸膛剧烈起伏，空洞的双眼失了焦距，眼眶通红泛着湿光，涎水顺着张开的嘴角淌下。\n{anal}汩汩涌出大量滚烫黏腻的肠液，顺着痉挛的臀缝一路淌落，甚至夹着小幅的喷溅之势冲出，将下身浸得湿漉一片，臀肉随之一波波剧烈抽紧。
2243,action_part_a_orgasm_strong_B,0,t_imprisonment_1&CVP_A2_G_GE_-2&CVP_A2_G_LE_-1,始终以麻木姿态承受的{TargetName}猝然浑身一颤，随即再也维持不住那副顺从的沉默，{anal}一波强过一波地剧烈绞缩痉挛，括约肌翻涌般不停翕张收拢，绞紧的力道一次比一次更猛。\n她的腰肢反复深深弓起再颓然摊平，脊柱绷成紧弧后又骤然松垮，起起伏伏好一阵子都难以停歇，整个后背都在细密地颤动。\n瘦削的双腿抑制不住地乱颤乱蹬，脚趾蜷成一团又猛地绷直，脚踝一阵阵痉挛发紧，双手死死揪住身旁的东西，指节因用力而泛出惨白。\n她的呼吸乱作一团急促而破碎，胸口起伏不定喘息连连，原本空洞无神的脸上涨起潮红，眼珠微微上翻失神涣散，唇角失控张开，津液顺着嘴角滑落。\n{anal}深处大股大股地淌出滚烫黏稠的肠液，沿着抖个不停的股缝汹涌而下，甚至小幅地向外迸溅，将周身浸得湿滑狼藉，臀部肌肉随之剧烈地一收一放。
2244,action_part_a_orgasm_strong_B,0,t_imprisonment_1&CVP_A2_G_GE_-2&CVP_A2_G_LE_-1,一贯逆来顺受地蜷缩着的{TargetName}身躯陡然剧烈绷紧，接着不住地痉挛抽搐，{anal}失了控制般连续猛烈绞缩，括约肌一圈圈疯狂翕张翻搅，绞拢与松脱交替得没完没了。\n她的腰身深深弓起绷成弯弓，转瞬又软软地瘫落下去，反反复复地弓起塌陷，脊背骨节随之一下下起伏颤动。\n纤细的四肢剧烈打颤乱蹬，脚趾用力蜷曲又倏地绷直，脚背绷得笔直而僵硬，双手慌乱地抠攥住能触及的一切，手背青筋暴起指节泛青。\n她的呼吸急促而混乱，胸口一起一伏喘个不停，麻木的面孔骤然涨红，眼神失焦地涣散开来，眼角沁出泪光，张开的唇角控制不住地溢出涎水淌到下巴。\n{anal}深处汹涌淌出大量滚烫的肠液，顺着颤个不停的股缝奔流而下，甚至猛地小幅喷溅飞出，将肌肤浸得一片黏腻湿滑，臀肉也一阵接一阵地猛烈抽搐收紧。

2245,action_part_a_orgasm_strong_B,0,t_imprisonment_1&CVP_A2_G_GE_-4&CVP_A2_G_LE_-3,被囚养的{TargetName}娇小的身躯猛然绷成一条紧绷的弦，{anal}毫无预兆地剧烈痉挛起来，一下接着一下地深深绞缩，收紧的力道一次比一次凶狠。\n括约肌疯狂地翕张开合，一圈圈的褶皱急促地收拢又撑开，绞缩的节奏乱得毫无章法。\n她整条腰脊深深地向上弓起，绷到极限后又骤然失力瘫软下去，如此反复了好几回，小腹的肌肉一阵阵剧烈抽搐凹陷。\n两条纤细的腿失控地痉挛颤抖，脚趾用力蜷缩扣紧又猛地绷直，膝盖不受控地向内夹拢又乱蹬。\n她的十指死死抠攥着，指节因用力而根根泛白，纤瘦的肩背也随着每一次{anal}的绞缩而剧烈耸动。\n大量温热浓稠的肠液顺着疯狂翕合的{anal}汹涌流泻而下，甚至伴着痉挛小幅喷溅出来，濡湿了大腿内侧一整片。\n她的呼吸彻底乱了套，胸口剧烈起伏喘息，脸上的神情失控地扭曲潮红，全身的肌肉在这场剧烈的痉挛中一遍遍绷紧又松脱。
2246,action_part_a_orgasm_strong_B,0,t_imprisonment_1&CVP_A2_G_GE_-4&CVP_A2_G_LE_-3,沦为宠物的{TargetName}整个娇躯猝然剧烈弹动，{anal}失控般连续深沉地痉挛绞紧，一轮接一轮地疯狂收缩，紧缩的幅度大得惊人。\n环形的括约肌疯狂绞拧翕合，急促地一开一合，绞缩得又快又猛，褶皱被扯得忽紧忽松。\n她的腰肢反复地深深弓起，弓到极致后又无力地重重塌落，来回起伏了数次，饱满的小腹随之一下下痉挛收凹。\n纤细的四肢剧烈颤抖着不受控制，双腿时而绷直时而胡乱蹬动，脚背绷紧到极限，脚趾一阵阵抽搐蜷曲。\n她的双手死死攥紧成拳，指尖深深掐入掌心，手臂上的细筋一根根绷起，肩头随着痉挛剧烈地一耸一耸。\n汹涌的肠液大股大股地顺着剧烈开合的{anal}奔涌而出，量多得惊人，甚至带着微微的喷势溢流下来，淋漓地挂满了腿根。\n急促紊乱的喘息从她口中断续溢出，胸膛大幅度地起伏抽动，脸上的表情彻底失了控般痉挛扭曲。
2247,action_part_a_orgasm_strong_B,0,t_imprisonment_1&CVP_A2_G_GE_-4&CVP_A2_G_LE_-3,被主人监禁的娇小{TargetName}浑身猛地一震，{anal}以前所未有的烈度剧烈抽搐绞缩，一波紧似一波地连续痉挛，收紧的力度凶猛得毫不留情。\n括约肌疯狂地绞缩翕张，一圈圈急促地箍紧又松开，翕合的动作又急又乱，几乎停不下来。\n她的脊背深深地弓成一张满弓，绷紧到极点后又骤然失力软塌，反复弓起塌落了好几轮，紧绷的小腹肌肉剧烈地一阵阵抽搐。\n两条腿失控地痉挛乱颤，一会儿死死夹紧一会儿又胡乱踢蹬，脚趾用力抠扣蜷起，脚踝处的肌腱绷得死紧。\n她十指痉挛地收拢抓攥，指节泛白发颤，纤瘦的双肩剧烈耸动，整条背脊的线条随着每一次绞缩而绷紧战栗。\n滚烫的肠液顺着翕合不止的{anal}大量涌泻而出，甚至小幅喷溅四散，将纤细的腿间淋得一片湿亮。\n她的呼吸紊乱急促到了极点，胸口剧烈起伏，脸颊涨红失神，五官在剧烈的痉挛下失控地纠结抽动。
2248,action_part_a_orgasm_strong_B,0,t_imprisonment_1&CVP_A2_G_GE_-4&CVP_A2_G_LE_-3,囚笼中沦为玩物的{TargetName}娇躯骤然剧烈弓起，{anal}毫无节制地猛烈连续痉挛，一下下地深深绞紧收缩，抽搐的幅度剧烈得近乎失控。\n环状的括约肌疯狂翕张绞拧，急速地开合收放，一紧一松之间乱作一团，褶皱被反复地扯紧撑开。\n她的腰身深深地向上顶弓，绷到极限又重重摔落回去，如此起伏了数次，柔嫩的小腹随着痉挛剧烈地凹陷又鼓起。\n纤细的双腿失控地抽搐蹬动，膝盖向内急夹又猛然弹开，脚趾痉挛着蜷缩扣紧，小腿的肌肉一阵阵绷紧颤栗。\n她的双手死死抠攥住身下，指节根根泛白，手臂细筋暴起，瘦削的肩背随每一次{anal}的绞缩而剧烈抖动耸起。\n大量浓稠的肠液顺着剧烈绞合的{anal}奔流倾泻，量大得惊人，甚至带着喷势小幅溅出，濡湿了大片肌肤。\n她的喘息彻底失了序，胸腔剧烈地起伏喘动，脸上神情失控地痉挛扭曲，泛起浓重的潮红。
2249,action_part_a_orgasm_strong_B,0,t_imprisonment_1&CVP_A2_G_GE_-4&CVP_A2_G_LE_-3,被囚养调教成性奴的{TargetName}整具娇小身躯猛然痉挛弹起，{anal}失控地剧烈抽搐紧缩，一轮又一轮地深深绞拧，收缩得又急又猛毫无停歇。\n括约肌疯狂地一开一合绞缩翕张，急促地箍紧又撑开，翕动的节奏乱得没了章法，褶皱急剧地收拢舒张。\n她的腰脊反复深深弓起又骤然瘫软，来回起伏了好几回，绷紧的小腹肌肉一下一下地剧烈抽搐凹陷下去。\n两条纤腿失控地颤抖痉挛，时而绷直挺紧时而胡乱踢蹬，脚趾狠狠蜷扣又猛地绷开，脚踝绷得死死的。\n她十指痉挛收紧攥成拳，指尖深陷掌心，指节泛白，纤细的双肩与背脊随着{anal}的每一次绞缩剧烈地耸动战栗。\n汹涌滚烫的肠液顺着疯狂翕合的{anal}大量喷涌流泻，甚至伴着痉挛小幅喷洒出来，将腿根内侧淋得湿淋淋一片。\n她的呼吸急促紊乱到极点，胸口大幅起伏抽动，脸庞涨红失神，五官在剧烈痉挛里失控地皱紧抽搐。

2250,action_part_a_orgasm_strong_B,0,t_unconscious_flag_1&target_not_sleep_h_awake_but_pretend_sleep,熟睡中的{TargetName}整具身躯毫无预兆地猛然绷直，{anal}随即爆发出一连串剧烈而不受控制的痉挛收缩，一圈圈疯狂地绞紧又骤然松开。\n环绕的括约肌疯狂地翕张绞缩，一下下用力箍紧再倏地张开，节奏紊乱而失控，牵动着整片臀肉不停地抽搐颤动。\n她的小腹随着深处的抽搐一波波地凹陷又鼓起，腰肢在睡梦里无意识地反复深深弓起，随后又脱力般重重瘫软下去。\n两条细腿失控地绷紧颤抖，时而向内死死夹拢，时而无力地蹬动张开，蜷起的脚趾在痉挛中一次次扣紧又松开。\n大量温热黏腻的肠液顺着不停翕动的{anal}汩汩涌淌而出，在最猛烈的那几下痉挛里甚至被挤得小幅喷溅开来，沿着颤动的股缝淌落一片。\n她纤细的手指无意识地攥紧又松开，急促紊乱的鼻息一声声粗重地泄出，睡颜上的眉头紧紧皱拢，唇边溢出含糊破碎的呓语，身子颤了又颤，却始终没有从沉沉的睡梦中醒转。
2251,action_part_a_orgasm_strong_B,0,t_unconscious_flag_1&target_not_sleep_h_awake_but_pretend_sleep,睡颜恬静的{TargetName}在无意识间浑身猛地一震，{anal}毫无防备地连番剧烈痉挛起来，深处的肠壁一阵接一阵疯狂地绞拢收紧。\n紧绷的括约肌失控地反复绞缩翕动，一次次死死箍紧又猛地松弛，绞动的力道之大让周围的软肉都跟着连连抽搐。\n她的脊背在睡梦里无意识地弓成一道紧绷的弧线，腰腹的肌肉剧烈地一下下抽搐紧缩，随后整条腰肢又脱力般软塌下来。\n两条纤腿失控地痉挛乱颤，膝盖打着颤相互磨蹭，脚踝绷得笔直，脚趾则一遍遍蜷缩扣紧再无力松开。\n汹涌的肠液被翻涌的痉挛逼得大股大股流泻而出，甚至在最剧烈的抽搐间小幅喷洒出来，将颤抖的臀腿浸出一大片湿亮的黏痕。\n她的胸口随着紊乱急促的呼吸大幅起伏，睡梦中的面容失控地皱缩着，鼻尖沁出细汗，喉间滚出一声声黏糊的哼吟，纤指深深掐进掌心，整具躯体剧震连连，却依旧深深沉睡未醒。
2252,action_part_a_orgasm_strong_B,0,t_unconscious_flag_1&target_not_sleep_h_awake_but_pretend_sleep,毫无察觉的{TargetName}在酣睡里骤然全身一紧，{anal}随之爆发出远比寻常更凶猛的连续痉挛，深处一圈圈疯狂地收缩绞动个不停。\n围拢的括约肌失了控地疯狂绞缩翕张，用尽全力地一次次箍紧再倏然弹开，翻涌的抽搐一浪盖过一浪，绵延不绝。\n她的腰身在无意识中反复深深弓起又重重砸落，小腹处的肌肉一下下猛烈地凹陷抽搐，整片下腹随着痉挛起伏不定。\n两条腿失控地绷直乱蹬，时而痉挛似的向内夹紧，时而脱力地摊开颤抖，脚趾在抽搐中反复用力蜷曲扣拢。\n大量灼热黏稠的肠液顺着不住翕动的{anal}汹涌涌出，在最猛的那一下被挤得微微喷溅，顺着颤栗的腿根蜿蜒淌下一片湿滑。\n她的手指无意识地死死抓握，急乱的鼻息粗重地喷吐而出，睡颜上眉心紧锁，睫毛剧烈颤动，破碎的睡语从微张的唇齿间断续溢出，身躯一次次剧震，始终未曾睁开双眼。
2253,action_part_a_orgasm_strong_B,0,t_unconscious_flag_1&target_not_sleep_h_awake_but_pretend_sleep,在深眠中毫无戒备的{TargetName}忽然浑身剧烈一颤，{anal}猝不及防地连番狠狠痉挛绞缩，深处的软肉疯狂地翻涌收紧个不停。\n失控的括约肌一遍遍疯狂地绞拢箍紧，随即又骤然松张，剧烈而紊乱的翕动牵着整片臀肉不停地抖颤抽搐。\n她的腰肢在睡梦里无意识地一次次绷紧弓起，随后又脱力似的软软塌下，小腹的肌肉跟着深处的抽搐反复痉挛收缩。\n两条纤细的腿失控地颤栗蹬动，膝头相互磕碰摩擦，脚背绷得死紧，脚趾一下下痉挛地蜷起又松开。\n汹涌的肠液伴着一波波剧烈的抽搐大量涌淌而出，甚至在最激烈的一瞬被挤得小幅飞溅，将颤动的股间浸得一片湿腻黏亮。\n她的胸膛随着紊乱急促的喘息剧烈起伏，睡梦中的面容失神地扭曲皱缩，额角渗出细密的汗珠，喉咙里溢出含混的呻吟，指尖紧紧攥着，整副身子颤了又颤，却依旧沉沉睡着毫无醒意。
2254,action_part_a_orgasm_strong_B,0,t_unconscious_flag_1&target_not_sleep_h_awake_but_pretend_sleep,睡得正沉的{TargetName}身躯毫无预警地剧烈弹动了一下，{anal}随即失控地连续猛烈痉挛，一圈圈死死绞紧又骤然松脱个不停。\n绷紧的括约肌疯狂地翕张绞缩，用力地一次次箍拢再猛然张开，紊乱失序的抽搐牵动着周遭软肉不住地颤抖抽动。\n她的脊背在无意识里反复弓成紧绷的弧度，随后又重重瘫软，腰腹随着深处一阵阵的抽搐剧烈地凹陷又鼓胀。\n两条腿失控地绷直发颤，时而向内死死并拢夹紧，时而无力地朝外摊开乱蹬，脚趾在痉挛中一遍遍扣紧松开。\n大股滚烫的肠液顺着不停绞动的{anal}咕嘟咕嘟涌出，在最剧烈的抽搐里被挤得微微喷洒，沿着抽搐的臀腿淌落成一片湿光。\n她的手指无意识地收拢攥紧，急促粗重的鼻息一声声泄出，睡颜上眉头拧成一团，睫毛不住颤动，唇边滚出黏糊断续的哼吟，身体一震再震，始终深陷梦乡未曾苏醒。

2255,action_part_a_orgasm_strong_B,0,t_unconscious_flag_1&target_sleep_h_awake_but_pretend_sleep,{TargetName}的双眼始终紧紧闭着，眼睫却不受控制地剧烈颤动，紧抿的唇缝间逸出几声被硬生生压下的气音。\n{anal}猛然剧烈地绞缩起来，括约肌疯狂地翕张收放，一圈圈深深向内绞紧后又骤然松开，幅度远超以往。\n腰肢不受控制地深深弓起，脊背绷成一道紧绷的弧线，随即又猛地瘫软下去，如此反复了好几回。\n两条腿失控地绷直又胡乱蹬动，脚趾死死向内蜷曲扣紧，大腿内侧的肌肉一阵阵痉挛抽搐。\n大量温热浓稠的肠液被这剧烈的收缩挤压着汩汩涌出穴口，甚至伴随小幅的喷溅，淋漓地淌落下去。\n紧绷的小腹随着{anal}的每一次绞缩而剧烈地一起一伏，光洁的肌肤上迅速沁出一层细密的薄汗。\n她的双手死死攥紧，指节因用力而泛白，胸口大幅起伏，原本刻意放平的睡息彻底乱成了断续的急喘。\n头颅无意识地向后仰去，颈项绷出紧张的线条，喉间一次次滚动着将即将冲出的呻吟硬压回去，全身肌肉一齐绷紧抽搐。
2256,action_part_a_orgasm_strong_B,0,t_unconscious_flag_1&target_sleep_h_awake_but_pretend_sleep,仍装作熟睡的{TargetName}紧闭着双眼，眉心却微微蹙起，牙关死死咬合，只从齿缝里漏出细碎的抽气声。\n{anal}陡然爆发出一阵极其猛烈的连续痉挛，肠壁一层层疯狂地向内绞拢，括约肌不受控制地反复收紧又弹开。\n浑圆的臀部剧烈地抽搐颤动，臀肉一下下痉挛般地收缩，两瓣臀丘不住地打着颤。\n腰部深深地弓起又重重塌下，一次比一次幅度更大，整条脊背绷得紧紧的又骤然松脱。\n四肢失去了控制般地颤抖乱动，纤细的手指死死抓紧了身下，脚踝绷直到极限，脚趾蜷成一团。\n大量的肠液从翕张不停的穴口大股大股地溢流出来，被剧烈的收缩挤得甚至小幅飙溅，把下身淌得一片狼藉。\n她努力压着的呼吸彻底失了节奏，胸膛急促地起起伏伏，那具僵持着装睡的身子在剧烈的抽搐中不停战栗。
2257,action_part_a_orgasm_strong_B,0,t_unconscious_flag_1&target_sleep_h_awake_but_pretend_sleep,{TargetName}死死阖着眼皮维持着沉睡的伪装，紧咬的下唇被咬出了浅浅的齿痕，鼻息粗重而紊乱。\n{anal}毫无预兆地剧烈绞缩起来，一波接一波地深深收紧，括约肌疯狂地一张一合，收放的幅度大得惊人。\n小腹的肌肉剧烈地抽搐凹陷，随着每一下猛烈的绞缩而深深地一收一放，紧绷的腹壁不停地颤动。\n她的腰肢反复深弓又瘫软，脊柱一节节绷紧后又软塌下去，浑身的肌肉都在剧烈地绷紧抽搐。\n两腿失控地痉挛乱蹬，膝盖胡乱地屈伸，脚趾一次次抠紧又张开，大腿根不住地打颤。\n浓稠温热的肠液被挤压着从绞动的穴口汹涌而出，甚至喷溅出细小的水线，把腿间淌得湿淋淋一片。\n她的双手无处安放地胡乱抓握，指节泛白，原本刻意维持的均匀睡息在剧烈的抽搐里彻底崩碎成断续的喘息。
2258,action_part_a_orgasm_strong_B,0,t_unconscious_flag_1&target_sleep_h_awake_but_pretend_sleep,装睡中的{TargetName}眼睫紧闭却颤动不止，唇齿死死咬合，喉间不断滚动着把一声声将要溢出的呻吟硬生生咽回去。\n{anal}发起一阵剧烈到近乎失控的连续收缩，肠道一圈圈疯狂地绞紧，括约肌翕张翻动，收缩得又深又急。\n她的臀部剧烈地颤抖抽搐，浑圆的臀肉一下一下地痉挛紧缩，随着穴口的绞动而不停地打颤。\n腰身一次次深深弓起再猛然砸落，脊背绷成满弓又骤然松脱，反反复复地起伏不定。\n四肢不受控制地剧烈颤抖，双手死死攥住身下之物，两腿绷直乱蹬，脚趾狠狠向内蜷缩。\n大量的肠液被一阵阵强烈的绞缩挤出穴外，甚至小幅喷溅而出，淋漓地顺着腿根淌落一地。\n她的胸口剧烈起伏，刻意压平的呼吸乱成一片急促的喘息，全身的肌肉在这场剧烈的痉挛里绷得死紧又不停抽搐。
2259,action_part_a_orgasm_strong_B,0,t_unconscious_flag_1&target_sleep_h_awake_but_pretend_sleep,{TargetName}紧紧闭着眼装出沉睡的模样，长长的睫毛却抑制不住地剧烈抖动，紧抿的双唇间溢出被强压下去的破碎气音。\n{anal}骤然剧烈地绞缩痉挛，一波未平一波又起，括约肌疯狂地收紧又弹开，绞动的力道大得惊人。\n浑圆饱满的臀丘剧烈地抽动，臀肉随着穴口的每一次绞缩而深深地一缩一颤，抖个不停。\n腰肢失控地深深弓起又重重瘫软，脊椎绷紧成弓形后骤然塌陷，如此起伏了一次又一次。\n两条腿剧烈地痉挛乱蹬，脚背绷直到极致，脚趾死死蜷曲扣紧，大腿内侧的肌肉一阵阵抽搐颤栗。\n翻涌的肠液被强烈的收缩大量挤出穴口，甚至伴随小幅的喷溅，淋漓地淌满了腿根与股缝。\n她的十指死死抠紧，指节泛白，胸腔急促而剧烈地起伏，苦心维持的平稳睡息终究乱成了压抑不住的急喘，全身绷紧战栗。

2260,action_part_a_orgasm_strong_B,0,t_unconscious_flag_2,醉酒的{TargetName}整具娇躯突然剧烈地绷紧起来，{anal}毫无节制地连环痉挛收缩，括约肌疯狂地绞缩翕张，一圈圈死死绞紧后又猛地松开。\n绵软的腰肢深深地向上弓起，随即又脱力般彻底瘫软塌落，如此反复起伏了好几回。\n沾着醉意的四肢失控地颤抖着，两条腿无力地乱蹬，脚趾一会儿死命蜷曲一会儿又痉挛般绷直。\n因酒精而涣散的神情彻底失了控，眉头紧紧揪起又松开，醉红的脸颊剧烈抽搐，唇齿间溢出破碎紊乱的喘息，呼吸急促得毫无章法。\n{anal}深处一波接一波地绞缩不止，大量温热的肠液汩汩涌流而出，甚至伴随着小幅的喷溅，濡湿了下身一大片。\n那具醉软的身子随着每一次痉挛而剧烈地颤栗，双手无力地攥紧又滑脱，整个人瘫在那里失控地抽搐个不停。
2261,action_part_a_orgasm_strong_B,0,t_unconscious_flag_2,沉醉不醒的{TargetName}身子猝然一挺，{anal}不受控制地剧烈连环抽搐，括约肌一下下疯狂地收紧绞缠，翕张的幅度大得惊人。\n她那被酒精浸软的腰部深深弓成一道弧线，紧接着又软绵绵地垮塌下去，反反复复地深弓又瘫落。\n瘫软的双腿失了力气般胡乱颤动抖蹬，膝盖不住地打颤，脚背时而绷直时而勾缩，整条腿从根到趾都在失控地痉挛。\n醉意深重的面容彻底扭曲失控，脖颈青筋微微绷起，醉红的双颊剧烈颤动，唇间断续吐出凌乱破碎的急喘，呼吸紊乱得几乎接不上。\n{anal}深处剧烈地绞缩个不停，滚烫黏稠的肠液大股大股地淌泄出来，隐约还夹着一小簇喷溅，将下身濡得一片狼藉。\n她酥软的娇躯随着一阵阵痉挛而无力地抽搐颤栗，双手无意识地抓挠攥握，整个人在剧烈的震颤中软瘫成一团。
2262,action_part_a_orgasm_strong_B,0,t_unconscious_flag_2,喝得烂醉的{TargetName}忽然全身猛地一僵，{anal}疯狂而失控地连续痉挛，括约肌一圈圈地死命绞紧又骤然松弛，翕合得又快又狠。\n她那浸透酒意的腰肢反复地深深弓起再脱力瘫软，一起一伏间幅度大得几乎失了控制。\n软塌无力的四肢剧烈地颤抖乱蹬，两条腿无意识地蹬踹踢动，脚趾痉挛似的蜷曲又崩直，膝头不住地哆嗦。\n因醉酒而失神的脸庞剧烈抽动，眉心紧蹙又松开，醉红的面颊上肌肉一阵阵抽搐，唇齿间漏出破碎散乱的喘鸣，呼吸急促紊乱到极点。\n{anal}一波波狠狠地绞缩不歇，大量温热的肠液喷涌般倾泻而下，甚至带出小幅的喷洒，淋漓地打湿了一大片。\n那具醉软的身子跟随着每一下痉挛剧烈地战栗颤动，双手瘫软地攥紧又松脱，整个人在无休止的抽搐里彻底瘫倒。
2263,action_part_a_orgasm_strong_B,0,t_unconscious_flag_2,醉态朦胧的{TargetName}娇躯陡然剧烈绷直，{anal}毫无章法地连环绞缩痉挛，括约肌疯狂地一收一放地翕张绞缠，力道大得离谱。\n酒精软化了她的腰身，那纤腰深深地弓起成弓形后又猛然瘫软坍塌，如此循环往复了数次。\n失控的双腿无力地颤栗蹬动，脚踝绷得死紧，脚趾一会儿蜷缩成团一会儿又痉挛崩直，整条腿都在剧烈地打颤。\n酒醉的神情彻底崩坏失控，眉宇间紧拧又舒展，醉红的脸颊剧烈地抽搐颤动，唇缝里溢出零碎错乱的急促喘息，气息紊乱到几乎窒息。\n{anal}深处剧烈地翕合绞缩个不停，浓稠温热的肠液大量奔涌而出，还夹带着小幅的喷溅，将下身濡湿成一片泥泞。\n她酥软的躯体随每次痉挛而失控地抽搐战栗，双手瘫软地抓握又滑落，整个人在剧烈的震颤中软瘫成一滩。
2264,action_part_a_orgasm_strong_B,0,t_unconscious_flag_2,烂醉如泥的{TargetName}忽然浑身猛地一颤，{anal}失控地剧烈连环收缩，括约肌一下一下地疯狂绞紧翕张，一绞一松间又急又猛。\n她那被酒意泡软的腰部深弓起来后又无力地瘫软下去，反复地弓塌起伏，幅度大得惊人。\n瘫软无力的四肢剧烈地颤动乱蹬，两腿失控地踢蹬打颤，脚趾痉挛般地蜷曲又绷直，膝盖不住地哆嗦发抖。\n醉得涣散的脸孔剧烈地抽动扭曲，眉头紧皱又松开，醉红的双颊肌肉一阵阵地颤搐，唇齿间漏出破碎散乱的喘息，呼吸急促而毫无节律。\n{anal}一波接一波狠狠地绞缩不止，大股滚烫的肠液汹涌地淌落喷溢，隐约伴着一小簇喷射，将下身淋得湿漉漉一片。\n那具醉软的娇躯随着一次次痉挛剧烈地颤栗抽搐，双手无意识地攥紧又松开，整个人在连绵的震颤中彻底软瘫下来。

2265,action_part_a_orgasm_strong_B,0,t_unconscious_flag_3,时间静止的一瞬，{TargetName}的整具身体被牢牢定格。\n{anal}本该剧烈而不受控地连续痉挛，此刻却被凝固在一次深深绞缩的姿态里，括约肌翕张到一半便僵住，形成一圈紧绷的褶皱。\n她的腰肢弓起一道深深的弧度，凝止在挺起后即将瘫软的临界，脊背绷成一张满弓，纹丝不动。\n两条大腿失控地大张，脚趾向内蜷曲扣紧，小腿绷直的肌肉线条被永远留在了乱蹬的半途，僵在半空。\n全身的肌肉都紧绷抽搐着，却被时间锁死在痉挛的顶点，连一丝松弛都不曾发生。\n大量浓稠的肠液自{anal}深处翻涌喷出，晶亮的液线悬停在半空中，凝滞成一道静止的抛物线，怎么也不曾落下。\n急促张开的双唇僵在吐息的形状里，紧攥的双手指节泛白，一切失控的迹象都被这停摆的时间牢牢封存成一幅静止的画。
2266,action_part_a_orgasm_strong_B,0,t_unconscious_flag_3,在被冻结的时间里，{TargetName}周身上下彻底静止。\n{anal}正处于一场剧烈绝顶的中途，绞缩翕张的动作被定格，括约肌疯狂收紧的褶皱一圈圈凝在原处，深陷的收缩弧度再无变化。\n她的腹部深深地向内抽紧，小腹绷成一片僵硬的凹陷，被时间钉在了抽搐的最深一刻。\n弓起的腰背高高挺离，却停在了瘫落之前的顶点，那道剧烈的弧线被凝固成一尊静默的塑像。\n四肢僵直地绷张开来，大腿肌肉痉挛着扯出紧绷的线条，脚踝向内绷勾，被永远留在了乱颤的半途。\n汹涌的肠液自{anal}大量溢出，甚至微微喷溅出去，可这一道道液痕全都悬停在停滞的空气中，凝成静止的水线。\n她的眉头紧蹙，双眼圆睁，面部失控的表情被时间原样封住，连一次颤动都无法完成。
2267,action_part_a_orgasm_strong_B,0,t_unconscious_flag_3,时间的齿轮骤然停摆，{TargetName}的躯体被定格在绝顶的浪尖。\n{anal}本应剧烈而连续地痉挛绞缩，此刻却僵在一记深深的收紧里，括约肌绞成一团的褶皱纹丝不动，翕张的动作被彻底冻结。\n她整条脊柱弓成一张紧绷的弓，腰部深深挺起后凝止不落，那道失控的弧度被停滞的时空牢牢锁定。\n双腿失控地绷张蹬开，大腿内侧的肌肉紧绷抽搐着定格，脚趾扣紧蜷曲，被留在了乱蹬的瞬间。\n全身的肌肉一同强烈绷紧，抽搐的颤栗被时间一刀截断，凝固成僵直的静态。\n浓稠的肠液自{anal}深处大量翻涌而出，在半空凝成一道晶亮的静止痕迹，久久悬停。\n急促的呼吸被封在张口吐息的一刻，攥紧的十指僵硬地掐进掌心，所有剧烈的反应都被停摆的时间凝成一幅纹丝不动的定影。
2268,action_part_a_orgasm_strong_B,0,t_unconscious_flag_3,随着时间被彻底按停，{TargetName}的全身骤然凝止。\n{anal}正被强烈绝顶攫住，剧烈的连续痉挛被定格在一次极深的绞缩上，括约肌翕张收紧的褶皱僵在原地，再不见丝毫翕动。\n她的腰肢猛然弓起一道深弧，停在了即将瘫软的边缘，腰背绷成满弓却纹丝不动。\n两腿失控地大张绷直，脚趾向内狠狠蜷扣，小腿乱蹬的动作被凝固在半空，肌肉紧绷的线条清晰可见。\n周身的肌肉都强烈抽搐着绷紧，被时间冻结在痉挛的最高点，一动不动。\n大量的肠液自{anal}翻涌溢出并微微喷出，晶亮的液线悬停凝滞，怎么也落不下来。\n她张大的嘴僵在急喘的形状，紧蹙的眉与圆睁的眼被原样封存，失控的神情凝成一幅静止的画面。
2269,action_part_a_orgasm_strong_B,0,t_unconscious_flag_3,停止流动的时间将{TargetName}死死定在原处。\n{anal}在剧烈绝顶的中途被彻底冻结，深深绞缩的姿态凝固不变，括约肌疯狂翕张的褶皱一圈圈僵在原地，收缩的深度再无一丝改变。\n她的小腹深深抽紧，绷成一片僵硬的凹陷，被停滞的时间钉在抽搐的顶点。\n弓起的脊背高高挺离后凝止不落，那道剧烈弓腰的弧度被封存成静默的姿态。\n四肢僵直绷张，大腿痉挛的肌肉扯出紧绷线条，脚踝内勾定格，乱颤的动作戛然而止。\n汹涌的肠液自{anal}深处大量涌出，甚至喷溅出细小的水花，却全都悬停在凝固的空气里凝成静止水痕。\n紧攥的双手指节泛白，急促起伏到一半的胸口僵在原地，一切失控的痕迹都被时间封印成纹丝不动的静像。

2270,action_part_a_orgasm_strong_B,0,t_unconscious_flag_4,{TargetName}的身躯毫无预兆地剧烈弹动了一下，{anal}猛地开始一阵接一阵地剧烈痉挛，括约肌疯狂地绞缩又翕张，一圈圈收紧的力道远远超出了寻常的幅度。\n她的小腹随着这凶猛的收缩反复深深抽搐，腰肢猛地向上弓起绷成紧绷的弧线，随即又无力地重重瘫软下去，如此反复起落了好几回。\n两条腿失控地颤抖乱蹬，脚趾一会儿死死蜷缩一会儿又猛地绷直，双手死死攥紧，指节因用力而泛出惨白。\n{anal}深处随着这一波波剧烈的绞缩，大量温热浓稠的肠液汹涌地流泻而出，甚至伴着一小股喷溅，顺着痉挛的腿根一路淌落。\n她的呼吸急促而紊乱，胸膛剧烈起伏，然而那张脸上却始终没有太多情绪的起伏，只是平静淡然地任由整具身体在这场剧烈的绝顶中不受控制地反复痉挛颤栗。
2271,action_part_a_orgasm_strong_B,0,t_unconscious_flag_4,一阵猛烈的痉挛骤然攫住了{TargetName}的全身，{anal}疯狂地收缩翕动起来，括约肌一下又一下地死命绞紧，翕张的节奏又急又猛，力道远胜从前。\n她周身的肌肉一齐强烈地抽搐绷紧，脊背深深地向后弓起，随后又猝然松脱瘫软，如此反复地弓起、塌落，起伏个不停。\n纤细的四肢不受控制地剧烈颤栗，双腿时而并拢夹紧时而失神般地乱蹬，脚背绷直，脚趾用力地向内扣曲。\n浓稠的肠液自{anal}深处大量地涌溢而出，量比寻常多出许多，甚至小幅地喷溅出来，将颤动的腿根淋得一片濡湿。\n她胸口剧烈地起伏喘息，急促的呼吸乱作一团，一双手无意识地收拢攥紧，指尖微微掐陷，可她的面容却依旧维持着一种奇异的平和，安静地承受着这场远超平常的剧烈绝顶。
2272,action_part_a_orgasm_strong_B,0,t_unconscious_flag_4,{TargetName}的娇躯陡然剧烈地绷紧，{anal}随即爆发出一连串猛烈的痉挛绞缩，括约肌疯狂地一收一放，绞紧的幅度远远凌驾于以往。\n她的小腹深深地向内抽搐凹陷，一波波收缩牵动着腰腹的肌肉剧烈起伏，腰身反复地深弓而起又颓然软落，起落之间毫无章法。\n双腿失控地痉挛乱颤，膝盖时而紧夹时而张开，脚趾猛地蜷曲又骤然绷直，一双手死死抓紧了触手可及之处，指节泛白。\n随着{anal}一次次深重的绞缩，大量温热的肠液源源不断地汩汩流淌而出，甚至夹着一小股喷溅，把大腿内侧浸得湿漉漉的。\n她急促地喘息着，胸膛大幅起伏，全身的肌肉在这凶猛的绝顶中一阵阵强烈地抽紧颤栗，唯有那张脸神色淡然平静，毫无波澜地任凭身体剧烈失控地抽搐下去。
2273,action_part_a_orgasm_strong_B,0,t_unconscious_flag_4,毫无征兆地，{TargetName}整个人猛地一阵剧烈的战栗，{anal}开始不受控制地连续痉挛，括约肌一圈圈疯狂地绞缩翕张，收紧的力道远远超出寻常的程度。\n她的脊背骤然深深弓起绷成一道紧张的弧线，随即又失去支撑般地重重瘫软，如此反复深弓、塌陷了一次又一次。\n两条腿剧烈地颤抖蹬动，脚踝绷得死紧，脚趾用力地向内蜷扣，双手攥成拳头，指尖狠狠掐进掌心。\n{anal}深处随着这猛烈的绞缩，涌出远比平日更多的浓稠肠液，一股股汹涌流泻，甚至伴着小幅的喷溅，顺着痉挛的腿根蜿蜒滑落。\n她的呼吸又急又乱，胸口剧烈地喘动，浑身的肌肉在这远胜寻常的强烈绝顶里一波波抽搐绷紧，然而她的表情却始终平静无波，安然地承受着这一切剧烈的生理震荡。
2274,action_part_a_orgasm_strong_B,0,t_unconscious_flag_4,{TargetName}的身体骤然一挺，{anal}顷刻间陷入一连串猛烈的痉挛绞缩，括约肌狂乱地一紧一松，翕动的幅度远比从前更为剧烈。\n她小腹的肌肉一阵阵深重地抽搐收紧，腰肢反复地向上弓起而后又软塌下去，整条脊背随着这凶猛的收缩绷紧又松脱。\n四肢失控地痉挛乱颤，双腿一会儿死死夹紧一会儿又无力地蹬开，脚趾蜷曲绷直交替不停，双手紧紧攥住身侧一切能抓的东西。\n伴着{anal}深处一波波剧烈的绞缩，大量黏稠温热的肠液汹涌地奔涌而出，比寻常多出数倍，甚至小幅喷溅，将颤栗的腿根尽数濡湿。\n她胸膛急促地起伏，喘息紊乱，浑身肌肉一阵阵强烈地绷紧抽搐，只是那张面孔上依旧没有太多神情的变化，平和淡定地任凭这剧烈的绝顶将整具身体反复冲刷。

2275,action_part_a_orgasm_strong_B,0,t_unconscious_flag_5,{TargetName}的双手仍维持着处理手头事务的姿势，指尖却在毫无预兆间猛地收拢攥紧，指节因用力而根根泛白。\n{anal}骤然剧烈而不受控制地连续痉挛起来，括约肌疯狂地一圈圈绞缩翕张，一开一合间将那阵阵强烈的抽搐尽数展露。\n她的小腹一下下深深地向内抽缩，腰肢先是猛地深深弓起，将脊背绷成一道紧张的弧线，随即又脱力般重重瘫软下去。\n两条大腿失控地剧烈颤抖，膝盖时而绷直时而无力屈折，脚趾用力蜷曲抠紧。\n大量温热黏腻的肠液顺着{anal}的疯狂绞缩汹涌涌出，甚至伴着痉挛小幅喷溅飞落，濡湿了大片肌肤。\n她的胸膛随着紊乱急促的呼吸剧烈起伏，喉间溢出破碎的气音，面部肌肉不住地抽搐失控，可那双眼却依旧空茫地望向前方，只偶尔因躯体的剧震而微微一顿，便又机械地继续着手上未完的动作。
2276,action_part_a_orgasm_strong_B,0,t_unconscious_flag_5,{TargetName}的身子毫无征兆地骤然一僵，手上原本还在忙碌的动作猝然凝滞，随即又机械地断续着。\n{anal}在这一瞬剧烈地绞紧起来，括约肌疯狂地翕张收缩，一下接一下地深深痉挛，绞缩的幅度远远超出寻常。\n她成熟的腰腹剧烈地抽搐蜷缩，腰背反复地深深弓起又软塌下去，脊柱一次次绷成紧绷的弧度。\n浑身的肌肉一阵阵强烈地绷紧战栗，两条腿无法自控地大幅颤抖乱蹬，脚背绷直又蜷折。\n伴随着{anal}那一波波凶猛的绞缩，大股滚烫的肠液汩汩翻涌而出，甚至夹着小股喷洒而落，顺着颤动的腿根蜿蜒淌下。\n她的呼吸彻底乱了节奏，急促而粗重，肩头随之剧烈耸动，脸颊涨红肌肉紧绷失控，眼神却始终空洞涣散地越过{Name}投向别处，只茫然地眨动了几下，便又若无其事地拾起手边的事务继续下去。
2277,action_part_a_orgasm_strong_B,0,t_unconscious_flag_5,{TargetName}握着东西的手指猝然痉挛般收紧，指尖深深掐陷进去，指节泛出惨白。\n{anal}毫无节制地一阵阵疯狂收缩，括约肌一圈圈剧烈地绞紧又翕开，将这场凶猛绝顶的剧烈震颤展露无遗。\n她纤细的小腹深深地向内塌陷抽搐，腰肢猛然高高弓起后又无力地重重砸落，如此反复不休。\n全身的肌肉强烈地抽搐绷紧，两条大腿失控地剧烈痉挛颤栗，双脚无意识地乱蹬，脚趾死死蜷绷。\n大量黏腻温热的肠液顺着{anal}疯狂的绞缩翻涌喷淌，甚至小幅喷溅出来，在颤抖的腿间留下一片濡湿。\n她的胸口随着破碎紊乱的喘息剧烈起伏，唇齿间逸出断续的气音，面容肌肉抽搐失神，可视线却依旧空空地穿过{Name}落在远方，只短暂地凝滞一瞬，双手便又恍惚地回到手头那件未完的事情上。
2278,action_part_a_orgasm_strong_B,0,t_unconscious_flag_5,{TargetName}原本从容的动作骤然被打断，手指僵在半空又缓缓落下，机械地续着方才的事务。\n{anal}在猝不及防间剧烈地连续痉挛，括约肌疯狂而失控地绞缩鼓动，一开一合的幅度大得惊人。\n她丰腴的腰腹一下下剧烈地向内抽搐收紧，腰背深深地弓起绷紧后又脱力瘫软，反复起伏不止。\n浑身肌肉强烈地绷紧战栗，两条修长的腿不受控制地大幅颤抖屈伸，脚趾用力抠蜷。\n随着{anal}那一波波狂暴的绞缩，滚烫的肠液大量奔涌而出，甚至伴着抽搐小股喷溅飞落，濡湿了大片皮肤。\n她的呼吸急促而紊乱，胸膛剧烈起伏，肩背不住地耸动，脸上肌肉抽搐扭曲失控，一双眼却始终空茫涣散地望着虚空，只茫然地怔了怔，便又漠然地垂下视线继续起手边的活计。
2279,action_part_a_orgasm_strong_B,0,t_unconscious_flag_5,{TargetName}的躯体毫无预兆地剧烈一震，手上的动作猛地一顿，随即又断断续续地维持下去。\n{anal}骤然失控地一阵阵深深绞缩，括约肌疯狂地翕张鼓动，将这场远胜以往的强烈痉挛尽数暴露。\n她的小腹剧烈地向内抽搐蜷缩，腰肢一次次高高弓起又重重塌软，脊背绷成紧张的弧线后又松脱。\n全身肌肉强烈地抽搐绷直，两条腿无法自控地剧烈颤抖乱蹬，膝盖屈伸不定，脚趾蜷绷抠紧。\n大量温热的肠液顺着{anal}疯狂的收缩汹涌溢出，甚至夹着小股喷洒而下，顺着战栗的腿根淌落大片。\n她的胸口随着粗重紊乱的喘息剧烈起伏，喉咙里溢出破碎的气声，面部肌肉不停抽搐失控，然而那双眼却依旧空洞地越过{Name}凝望前方，仿佛这狂暴的震颤与她无关，只机械地重新捡起手中的事情，继续埋首其中。

2280,action_part_a_orgasm_strong_B,0,target_is_player_daughter,身为{Name}亲生女儿的{TargetName}猝然浑身一僵，随即剧烈痉挛起来，{anal}一阵猛过一阵地绞紧又骤然松开，括约肌不受控制地疯狂翕张，力道远超先前每一次。\n修长白皙的双腿毫无章法地乱蹬乱夹，脚踝忽紧忽松，脚趾胡乱蜷曲又骤然张开，膝盖磕磕碰碰地颤抖不止。\n双手在身侧胡乱攥紧又猛地松开，指甲深深掐进掌心，手臂也随着抽搐一同剧烈颤动。\n腰肢一下又一下猛烈地向上弓起，弧度一次比一次更深，脊背绷成僵直的弧线，随即又颓然塌落，如此反复了好几个来回。\n{anal}深处大量黏稠的肠液汹涌涌出，顺着股沟一路淌落，中途甚至猛地小幅喷溅出一股，将大片肌肤浸得濡湿。\n呼吸骤然变得又急又乱，胸口剧烈地上下起伏，双眼涣散地睁大，唇齿间只能挤出破碎凌乱的喘息声。\n整具身躯就这样在剧烈的痉挛中反复颤抖着，一波接着一波，久久无法平息。
2281,action_part_a_orgasm_strong_B,0,target_is_player_daughter,{TargetName}作为{Name}的亲生骨肉，此刻浑身猛地绷紧又剧烈颤抖起来，{anal}一圈接一圈地疯狂绞缩，括约肌反复收紧又骤然松弛，一波接一波毫无间歇。\n纤长的双腿不断颤抖乱蹬，脚背猛地绷直又蜷缩回去，膝盖相互磕碰着抖动不止。\n十指紧紧攥成拳头，指甲深深掐进掌心，手臂随着一阵阵抽搐微微颤动。\n腰腹一次次猛烈地向上弓起，脊背绷得笔直，随即又颤抖着塌陷下去，如此反复不休。\n{anal}深处涌出大股温热的肠液，沿着大腿内侧不断流淌，中途甚至猛然喷出一小股，将肌肤打湿成一片。\n胸膛急促地大幅起伏，喉间挤出破碎而凌乱的喘息，双眼空茫地睁着，嘴角控制不住地微微颤动。\n整具娇躯就在这毫无停歇的剧烈痉挛中反复颤动，久久未能平复下来。
2282,action_part_a_orgasm_strong_B,0,target_is_player_daughter,身为{Name}血脉至亲的{TargetName}猛然浑身一颤，随即陷入不受控制的剧烈痉挛，{anal}疯狂地一阵阵绞缩又松开，括约肌反复翕张，动作幅度远超先前每一回。\n修长的双腿胡乱蹬踹起来，脚趾痉挛般地蜷曲又张开，小腿肚也随之一阵阵绷紧颤动。\n双手在半空中胡乱挥抓，手指张合不定，指尖深深掐进掌心，手臂随着抽搐一同微微抖动。\n腰肢一次比一次更猛地向上弓起，脊背绷成剧烈的弧度，随后又颓然瘫软下去，如此反复不休，臀肉也跟着一波接一波地绷紧收缩。\n大股大股的肠液自{anal}深处涌出，顺着股间不断滑落，期间猛然喷溅而出一阵，将周遭肌肤彻底浸湿。\n急促而凌乱的喘息从微张的唇齿间断续逸出，胸口剧烈地起伏不定，双眼涣散地睁大，脸颊瞬间涨得通红。\n成熟的娇躯就在这毫无经验的剧烈颤动中久久无法平复。
2283,action_part_a_orgasm_strong_B,0,target_is_player_daughter,{TargetName}身为{Name}的亲生女儿，此刻浑身猛地绷紧痉挛，{anal}一波接一波地剧烈绞缩收紧，括约肌不受控制地疯狂翕张，力道比以往任何一次都更为凶猛。\n双腿毫无章法地乱蹬乱夹，脚尖忽而绷直忽而蜷曲，大腿内侧的软肉也跟着一下下痉挛着收紧又松开。\n双手在身侧胡乱抓挠，指尖深深掐进掌心又骤然松开，手臂也跟着一同剧烈颤抖起来。\n腰身一次次猛烈弓起，弧度深得几乎将脊背折成弧线，随后又猛然瘫软塌落，如此反复不停，浑身的肌肉都绷得又紧又硬。\n浓稠的肠液不断自{anal}涌出，沿着大腿内侧滚滚流下，中途骤然喷出一小股湿意，瞬间浸湿了大片肌肤。\n胸膛剧烈起伏，呼吸急促得毫无规律，喉间只能挤出破碎的喘息声，双眼空茫地睁着，脸颊迅速染上大片潮红。\n这具身躯在陌生而猛烈的冲击下持续痉挛颤抖，久久无法止息。
2284,action_part_a_orgasm_strong_B,0,target_is_player_daughter,身为{Name}亲生女儿的{TargetName}猛然绷紧抽搐，{anal}狂乱地一圈接一圈绞缩翻搅，括约肌疯狂地收紧又松开，完全不受自身支配，力道汹涌得吓人。\n双腿抽搐着乱蹬乱踢，脚尖痉挛般绷紧又蜷起，脚踝随之一同抖动个不停。\n手指死死攥住身旁能触及的物什，指关节因用力而僵硬发白，手臂也跟着微微战栗。\n腰身接连深深弓起，随后又力竭地垮塌下去，一次次反复起伏，久久无法安定下来。\n{anal}中大量灼热的肠液汹涌而出，沿着不住颤抖的臀部曲线滑落而下，甚至一度猛地喷溅出来，将身下弄得一片湿滑。\n呼吸急促紊乱得几乎破碎，胸口剧烈地上下起伏，脸颊与耳根瞬间染满艳红，唇瓣控制不住地颤抖大张。\n整具娇躯就在这股狂乱的痉挛中反复战栗，久久不能平静下来。

2285,action_part_a_orgasm_strong_B,0,t_unconscious_flag_6&t_hypnosis_blockhead,{TargetName}的身子被操控之力定在原地，四肢僵直地保持着原本的姿态无法主动挪移，唯有{anal}不受意志约束地剧烈痉挛起来，一下接一下地疯狂收缩绞拧。\n那圈括约肌疯狂地翕张开合，一会儿死死绞紧成一线，一会儿又被撑得微微外翻，如此反复不停地颤搐着。\n定住的躯体表层却压不住这股由内而发的震颤，腹部的肌肉隔着皮肉一阵阵地抽动绷紧，纤细的腰肢徒劳地想要弓起却被操控之力压制成一个僵硬的弧度。\n被迫维持姿势的双腿根部肌肉不住地打颤，脚趾在无法乱蹬的桎梏中死死蜷曲抠紧。\n伴随着{anal}一轮又一轮的狂乱绞缩，大量温热的肠液成股地涌淌而出，其间还夹着被绞压出来的细小喷线，顺着她合不拢的股缝一路蜿蜒滑落。\n她的呼吸彻底乱作一团，胸口在僵直的躯壳里剧烈起伏，失神的面容上血色翻涌，唇齿间不受控制地漏出破碎的颤抖气音。
2286,action_part_a_orgasm_strong_B,0,t_unconscious_flag_6&t_hypnosis_blockhead,被操控的{TargetName}整个人像被无形丝线吊着般定格不动，连一寸肌肤都无法自行挪动，可{anal}却背离她的掌控猛地绞成一团，紧接着又骤然松开，如此凶狠地连环抽搐个不停。\n收束的肌环疯狂地一缩一放，绞紧时几乎翻卷内陷，松弛时又被涌动顶得微微外鼓，翕动的频率快得叫人目不暇接。\n定在原处的下腹随着这股节律深深地凹陷又鼓起，一层层的肌肉隔着腰腹剧烈地抽搐颤动。\n无法弓动的脊背徒劳地绷成一道僵硬的直线，被禁锢的大腿内侧肌肉一阵阵痉挛跳动，蜷起的脚趾死死扣住，脚踝处的筋腱根根绷凸。\n随着{anal}没完没了的狂暴绞缩，滚烫黏腻的肠液大股大股地喷淌下来，混着几道被挤压而出的飞溅细流，将她被迫敞开的下体冲刷得一片湿漉。\n急促紊乱的喘息从她僵直的胸腔里一波波逼出，失控的面颊涨得通红，眼角沁出细密的水光。
2287,action_part_a_orgasm_strong_B,0,t_unconscious_flag_6&t_hypnosis_blockhead,操控之力将{TargetName}钉成一具动不了的活雕像，纤秀的躯干被牢牢锁定，四肢连颤都颤不出自主的幅度，然而{anal}却自顾自地狂乱收缩，一轮紧似一轮地疯狂绞拧翕张。\n那圈括约肌以近乎失控的力道反复绞紧又弹开，绞到极处时死死箍成一点，松开时又被内里的涌流撑得阵阵外翻。\n被定住的小腹深处肌肉隔着薄薄的皮肉不停地深陷收紧，一波未平一波又起地抽搐着。\n无法乱动的腰身只能在操控的桎梏里僵硬地微颤，被迫并拢的双腿肌肉根根紧绷跳动，脚趾在动弹不得中蜷成一团死死抠紧。\n伴着{anal}一次比一次凶猛的绞缩，大量灼热的肠液毫无节制地汩汩涌出，还夹带着被绞挤喷射的细小水线，顺着股缝淌成一片。\n她的呼吸乱成一团，僵直的胸口剧烈而无序地起伏着，失神涨红的脸上肌肉不住地抽搐，唇缝间溢出止不住的破碎气音。
2288,action_part_a_orgasm_strong_B,0,t_unconscious_flag_6&t_hypnosis_blockhead,精神支配令{TargetName}浑身僵硬地凝固在原处，全身骨骼肌肉都拒绝听从她的调遣，唯独{anal}违逆着这份禁锢猝然狂搐，剧烈而不受控制地连连绞紧松开。\n那紧致的肌环疯狂翕动，一缩便绞成密不透风的一线，一张又被顶得微微翻凸，如此反反复复地颤动不休。\n被定住的腹肌层层收紧又松弛，隔着皮肉激烈地抽跳，僵直的腰背徒劳地想拱起却只能绷成一道生硬的弧。\n无法挣动的大腿根部肌肉一阵阵痉挛发颤，脚趾在不能乱蹬的束缚中死死向内蜷扣，脚背绷得紧紧的。\n随着{anal}翻来覆去的狠命绞缩，成股温热的肠液止不住地漫溢喷淌，其间夹着零星被挤出的飞溅，把她被迫张开的下身浇得湿透。\n她的胸膛在僵直的躯壳中剧烈起伏，气息紊乱得几乎接不上，涨红失神的面孔上眉眼不住抽搐，喉间漏出一串压抑不住的颤音。
2289,action_part_a_orgasm_strong_B,0,t_unconscious_flag_6&t_hypnosis_blockhead,{TargetName}被操控得连躲闪都做不到，纤细的身子僵在半空一动不动，四肢被无形之力牢牢锁死，可{anal}却不由分说地猛烈抽搐，一波接一波地疯狂收束翕张。\n那圈肌环狂乱地绞紧又弹松，绞到深处几乎内陷成一个漩涡，松开时又被涌动的暖流顶得微微外鼓，颤搐的节奏急骤而失控。\n定住的下腹随着这股狂潮深深塌陷又鼓胀，腹壁的肌肉隔着皮肉剧烈地一抽一紧。\n无法弓动的腰肢在桎梏中僵硬地打战，被禁锢的双腿肌肉根根绷跳，蜷缩的脚趾死死抠紧，脚踝的筋络条条凸起。\n伴着{anal}没有止歇的狂暴绞拧，大量滚烫的肠液汹涌喷淌而下，夹着数道被绞压出的细流飞溅，顺着她合不拢的股缝一路淌落成片。\n她僵直的胸口剧烈无序地起伏喘动，失控的面容涨得绯红，眼角渗出细亮的水光，唇齿间不住漏出破碎紊乱的气声。

2290,action_part_a_orgasm_strong_B,0,t_unconscious_flag_6&t_hypnosis_active_h,被操控的{TargetName}主动挺起腰肢迎合着深处的动作，臀部违背常态地热切摆动起来，{anal}在这一刻骤然剧烈而失控地连续痉挛收缩。\n环绕的括约肌疯狂地一圈圈绞缩翕张，一开一合间抽搐得毫无章法，整片肠道随着强绝顶的降临猛烈地抽紧又松开。\n她全身的肌肉骤然强烈地绷紧战栗，腰背反复深深弓起随即又无力地瘫软塌下，如此起伏了一次又一次。\n两条腿失控地颤抖蹬动，脚趾用力蜷缩扣紧，纤细的手指死死攥紧攥出泛白的指节。\n大量温热的肠液自{anal}汹涌翻涌而出，甚至伴着一小股喷溅，顺着股缝淋漓流淌开来。\n她的呼吸急促而紊乱，胸膛剧烈起伏，脸上的表情彻底失了控，眉头紧蹙，双眸失神涣散，唇齿间溢出破碎的颤息。
2291,action_part_a_orgasm_strong_B,0,t_unconscious_flag_6&t_hypnosis_active_h,在心控驱使下，{TargetName}的胴体主动淫荡地扭摆迎送，圆润的臀肉一下下磨蹭顶弄，{anal}随着强绝顶的迸发剧烈而不受控地连续绞缩痉挛。\n收束的括约肌疯狂地翕合抽搐，一阵紧似一阵地绞紧又松开，整条肠道无休止地剧烈蠕缩收紧。\n她周身的肌肉强烈地抽搐绷紧，腰肢深深弓成弧线后又猛地瘫软下去，反复起落个不停。\n双腿痉挛似的乱蹬颤抖，脚背绷直脚趾扣拢，双手胡乱抓握攥紧，指节因用力而根根泛白。\n成股浓稠的肠液自{anal}翻涌喷淌而出，将股间淋得一片湿漉。\n急促紊乱的喘息一声接一声，胸口大幅耸动，面容失控地扭曲，眼神迷离涣散，口中不住溢出断续的颤抖气音。
2292,action_part_a_orgasm_strong_B,0,t_unconscious_flag_6&t_hypnosis_active_h,被精神支配的{TargetName}主动摇摆着腰臀承接冲撞，身体违心地热烈起伏扭动，{anal}在强绝顶来袭的刹那剧烈而失控地一阵阵痉挛绞缩。\n那圈括约肌疯狂地收紧又翕张，毫无节制地绞缩抽搐，牵得整片肠壁一波接一波猛烈地蠕动收束。\n她全身肌肉强烈地绷紧颤栗，脊背深深弓起后又瘫软塌陷，如此反复弓塌了数回。\n两腿失控地颤抖乱蹬，脚趾痉挛般蜷曲扣紧，十指死死抠攥住手边一切，指节泛出惨白。\n大量滚烫黏腻的肠液自{anal}奔涌而出，甚至溅出小小一股，顺着丰润的臀缝蜿蜒淌落。\n她呼吸骤然急促而散乱，胸膛剧烈起伏喘动，表情彻底崩坏失控，双目失神无焦，唇间漏出零碎的颤息。
2293,action_part_a_orgasm_strong_B,0,t_unconscious_flag_6&t_hypnosis_active_h,被操控的{TargetName}腰肢主动地一挺一送迎着深处，臀部自发地淫靡摆荡，{anal}随强绝顶的爆发剧烈而不听使唤地连续抽搐绞紧。\n围拢的括约肌狂乱地一缩一张，绞得死紧又骤然松开，整条肠道被牵动着剧烈地翻搅蠕缩。\n她通身的肌肉强烈地抽搐绷直，腰背反复深弓而后又软塌下来，起伏得再也无法自控。\n一双腿颤栗着失控蹬踹，脚尖绷紧脚趾扣拢，纤指痉挛地攥握成拳，指节紧绷得发白。\n汹涌的肠液自{anal}成波涌淌而出，间或夹着小幅的喷溅，将股间浇得湿淋淋一片。\n她的喘息急促而毫无章法，胸脯大幅起伏，脸上神情失控地涣散，眉头紧锁双眼失焦，齿缝间挤出断续的颤鸣。
2294,action_part_a_orgasm_strong_B,0,t_unconscious_flag_6&t_hypnosis_active_h,在心灵操纵下，{TargetName}的身体自发地扭腰摆臀主动索求，热切地一下下迎着律动起伏，{anal}在强绝顶降临时剧烈失控地连番痉挛绞缩。\n那环括约肌疯狂地绞紧翕张，反复收束又猛地松弛，整片肠壁随之剧烈地蠕动抽搐个不停。\n她满身的肌肉骤然强烈绷紧战抖，腰部深深弓起旋即又瘫软垂落，反反复复难以停歇。\n双腿失控地痉挛乱蹬，脚趾用力向内蜷扣，双手胡乱攥紧掐陷，指节根根泛出苍白。\n大量温热的肠液自{anal}翻涌倾泻而出，甚至喷出细小一股，淋漓地顺股缝流淌开来。\n急促紊乱的呼吸一阵接一阵，胸膛剧烈耸动，面容失控扭曲，眼神散乱失神，唇齿间不断逸出破碎的喘颤。

2295,action_part_a_orgasm_strong_B,0,CVP_A2_T|104_E_1,{TargetName}年轻的身躯毫无预兆地剧烈弹动起来，{anal}疯狂而失控地连续痉挛绞缩，一圈括约肌疯狂地翕张收放，随着每一次收紧都发出深深的绞缠。\n青春的小腹一下下猛烈地抽搐起伏，全身的肌肉都强烈地绷紧抽动，纤细的四肢不受控制地颤抖乱蹬，脚趾死死地蜷曲扣紧。\n她青涩的腰肢深深地弓起成一道紧绷的弧线，维持片刻又骤然无力地瘫软塌下，如此反复地弓起又垂落。\n大量温热的肠液伴随着{anal}的剧烈痉挛汹涌地涌泄而出，甚至夹着小幅的喷溅，顺着颤抖的腿根一道道淌落。\n年轻的胸膛剧烈起伏，呼吸急促而紊乱，稚嫩的脸蛋涨得通红，五官失控地皱缩扭曲，纤细的手指死死攥紧，指节泛白，整具充满活力的少女身躯在剧烈的痉挛中失控地颤栗着。
2296,action_part_a_orgasm_strong_B,0,CVP_A2_T|104_E_1,{TargetName}青春的身子猛然绷成一张满弓，{anal}剧烈而不受控制地一阵阵抽搐绞紧，环绕的括约肌发狂般地收缩翕张，一下下疯狂地绞缠翻搅。\n年轻紧实的小腹连连深陷抽动，腰腹间的肌肉群一齐痉挛收紧，两条纤细的大腿失控地痉挛乱蹬，膝盖不住地颤抖打颤。\n她娇嫩的腰肢一次次深深弓起，弓到极致后又猛地失力瘫软下去，脊背如此反复地绷直又塌落。\n滚烫黏腻的肠液随着{anal}的疯狂绞缩大量地喷涌而下，夹带着小幅的迸溅，将颤抖的腿根浸得湿淋淋的。\n青涩的面庞彻底失控地扭曲着，呼吸紊乱到近乎破碎，纤细的脖颈猛地向后仰起绷紧，年轻的脚趾死死蜷缩扣紧，充满弹性的少女躯体在一波波剧烈的抽搐里止不住地战栗颤动。
2297,action_part_a_orgasm_strong_B,0,CVP_A2_T|104_E_1,毫无征兆地，{TargetName}充满活力的躯体骤然剧烈痉挛起来，{anal}疯狂地连续绞缩抽搐，一圈括约肌不受控制地急速翕张开合，一下下狠狠地绞紧又松开。\n她青春的腹部剧烈地起伏抽动，全身的肌肉都紧绷到极点又猛烈地抽搐，纤细的四肢失控地乱蹬颤动，脚背绷直到发颤。\n年轻的腰肢深深地向上弓起，撑到极限后又骤然瘫软塌陷，反复地弓起垂落不能自已。\n大量的肠液伴着{anal}的猛烈痉挛汹涌地涌淌出来，还夹着小幅的喷溅，一道道顺着颤栗的腿根流淌滑落。\n她稚嫩的脸蛋涨得通红，眉头死死皱起，五官剧烈地扭曲失控，急促紊乱的喘息一声接着一声，纤细的双手死死抓紧，指尖深深掐入，整具娇柔的少女身体在剧烈的颤栗中失控地抽搐痉挛着。
2298,action_part_a_orgasm_strong_B,0,CVP_A2_T|104_E_1,{TargetName}年轻的身躯突然剧烈地弹跳颤动，{anal}不受控制地一阵阵疯狂绞缩，环形的括约肌发狂地翕张开合，随着每一下收缩都紧紧绞缠翻卷。\n青涩的小腹深深地凹陷又鼓起，连连剧烈地抽搐痉挛，全身紧绷的肌肉一齐抖动，两条纤细的腿失控地打颤乱蹬，脚趾用力地蜷曲抠紧。\n她娇嫩的腰肢一次次弓成紧绷的弧度，随后又软绵绵地垮塌下去，脊背反复地绷起塌落。\n温热的肠液随着{anal}的剧烈痉挛大量喷涌淌落，甚至伴着小幅的迸射，浸湿了不住颤抖的腿根内侧。\n年轻的面容彻底失了控，眉眼皱缩扭曲，呼吸急促而杂乱，纤细的脖颈绷得紧紧的，稚气的双手攥成了拳，指节泛白，充满青春气息的少女躯体在一轮轮猛烈的抽搐里剧烈地颤栗不止。
2299,action_part_a_orgasm_strong_B,0,CVP_A2_T|104_E_1,一瞬间，{TargetName}充满弹力的少女身子猛地绷紧弹动，{anal}剧烈而失控地连续痉挛绞缩，一圈括约肌疯狂地收放翕张，一下下狠狠地绞紧翻搅。\n她青春的腹肌深深地抽缩起伏，全身的肌肉都强烈地绷紧颤抖，纤细的四肢不由自主地痉挛乱蹬，膝头不停地打战。\n娇嫩的腰身高高地弓起绷直，撑至极点后又骤然失力地瘫软下坠，如此反复起伏难以自控。\n大量滚烫的肠液伴随{anal}的疯狂绞缩汹涌地涌泄而出，夹着小幅的喷溅，顺着战栗的腿根一缕缕淌流下去。\n年轻的胸口剧烈起伏，紊乱的喘息破碎不成节奏，稚嫩的脸颊烧得通红，五官皱缩着失控地抽动，纤细的脚趾死死蜷紧，充满生机的少女身躯在剧烈到失控的抽搐痉挛里不停地颤栗战抖。

2300,action_part_a_orgasm_strong_B,0,CVP_A2_T|105_E_1&high_1,{TargetName}成熟的身躯猛地弓成一张满弓，随即又骤然瘫软下去，接着再一次深深弓起，如此反复不休。\n她的{anal}剧烈而不受控制地连续痉挛，括约肌疯狂地一圈圈绞缩又翕张，收放的幅度大得惊人。\n成熟修长的双腿失控地绷直又胡乱蹬动，脚趾用力扣紧后又猛地张开，小腿的肌肉一阵阵抽搐鼓起。\n她的双手死死攥紧，指节因用力而泛白，手臂上的肌肉一条条绷起，整条脊背随之剧烈战栗。\n丰腴的臀肉随着{anal}的疯狂绞缩一下下猛烈抖颤，成股的温热肠液自深处汹涌翻涌而出，随着括约肌的强烈收缩还小幅喷洒出来，淋漓地淌满了下身。\n她成熟的面庞彻底失控，眉头拧紧，双眼失神地半睁半阖，急促而紊乱的呼吸令丰满的胸口大幅起伏，颈项上的青筋随着用力微微浮凸，那点大姐姐的从容早被这剧烈的反应冲得七零八落。
2301,action_part_a_orgasm_strong_B,0,CVP_A2_T|105_E_1&high_1,{TargetName}成熟饱满的腰肢深深弓起，脊背绷成一道紧张的弧线，撑到极限后又无力地塌软下来，紧接着再度弓起。\n她的{anal}疯狂地连续绞缩抽搐，括约肌一下下猛烈地收紧翻翕，收缩的力道与频率远胜寻常。\n成熟的四肢失去控制地颤抖乱蹬，双膝一会儿并拢一会儿又大张，脚背绷得死直，脚趾痉挛般蜷曲又弹开。\n她的十指胡乱抓挠攥握，双臂僵直地绷紧，全身的肌肉一齐强烈地抽搐收缩，连腹部都一波波剧烈地起伏抽动。\n圆润的臀部随着{anal}的疯狂痉挛剧烈颤动，大量黏稠的肠液成股奔涌而出，还夹着小幅的喷溅，把腿根内侧浸得湿淋淋的一片。\n她成熟的脸孔完全失了控，嘴唇大张，急乱的呼吸一声接一声，胸脯剧烈起伏，眼角沁出生理性的泪水，整个成熟的躯体都在不受控地剧烈战栗。
2302,action_part_a_orgasm_strong_B,0,CVP_A2_T|105_E_1&high_1,{TargetName}丰满成熟的身体骤然剧烈痉挛，腰部猛地向上顶起，弓到极致后又瘫软坠落，如此往复地起伏抽动。\n她的{anal}毫无节制地连续绞缩翕张，括约肌疯狂地一收一放，收缩的幅度大得几乎失控。\n她成熟修长的双腿剧烈地颤抖着，时而绷直乱蹬，时而痉挛般地夹紧，脚趾一次次用力扣拢又张开。\n双手无处安放地胡乱攥紧抓挠，手臂僵硬地绷起，后背的肌肉一块块隆起战栗，全身都陷入强烈的抽搐之中。\n丰腴的臀肌随着{anal}的疯狂收缩不住地猛烈颤动，滚烫的肠液成股涌泄而出，量大得浸透了下身，还随剧烈收缩小幅喷洒开来。\n她的表情彻底失控，眉心紧锁，双眸失神涣散，紊乱急促的喘息使胸口剧烈起伏，成熟稳重的仪态在这场剧烈的反应中荡然无存。
2303,action_part_a_orgasm_strong_B,0,CVP_A2_T|105_E_1&high_1,{TargetName}成熟的娇躯剧烈弹动，脊背一次次深深弓起又重重塌软，腰肢反复地绷紧又松脱。\n她的{anal}剧烈而失控地连续痉挛绞缩，括约肌疯狂地翕张收放，一圈圈地猛烈绞紧又骤然松开。\n她成熟丰腴的大腿失控地痉挛乱蹬，膝盖颤抖着开合不定，脚踝绷得笔直，脚趾一阵阵蜷缩抽搐。\n她的双手死命攥住手边一切，指尖用力到发白，双臂与肩背的肌肉紧紧绷起，通体都在剧烈地战栗抽动。\n浑圆的臀部随{anal}的绞缩剧烈颤抖，大量温热的肠液汹涌翻涌而下，随着强烈收缩不时小幅喷溅，将下身淋得一片狼藉。\n她成熟的脸庞失控地扭曲，唇齿微张，呼吸又急又乱，胸口大幅起伏，眼神涣散失焦，那副大姐姐惯有的沉稳彻底崩解。
2304,action_part_a_orgasm_strong_B,0,CVP_A2_T|105_E_1&high_1,{TargetName}成熟的腰身骤然弓起一道深深的弧，撑至极点后又猛然瘫软，随即再度绷紧，如此循环不止。\n她的{anal}疯狂地连续抽搐绞缩，括约肌一下一下地剧烈收紧又翕张，收放之间毫无节制。\n她成熟的双腿失去控制地颤抖蹬踹，双脚绷直后又蜷起，脚趾用力扣紧，小腿肌肉一阵阵痉挛鼓胀。\n十指胡乱地抓挠攥握，手臂僵硬绷直，肩背与腹部的肌肉一齐强烈抽搐，整条脊柱都在剧烈地战栗。\n丰满的臀肉伴着{anal}的疯狂绞缩剧烈震颤，成股的肠液自深处奔涌喷洒而出，量多得浸湿一片，还带着小幅的飞溅。\n她成熟的面容彻底失守，眉头深锁，双眼失神半阖，急乱紊乱的呼吸让胸膛起伏不定，颈侧筋络绷起，从容的大姐姐气度早被冲得支离破碎。

2305,action_part_a_orgasm_strong_B,0,CVP_A2_T|106_E_1&high_3,{TargetName}那具成熟丰腴的身躯骤然剧烈绷紧，{anal}猛地一阵狂乱的连续痉挛，括约肌疯狂地绞缩翕张，一圈圈死死收紧后又猛然松开，如此反复不休。\n她成熟的腰肢深深地弓起成一道饱满的弧线，随即又无力地重重瘫软下去，接着再度弓起，一次比一次幅度更大。\n丰腴的双腿失控地颤抖乱蹬，圆润的大腿肌肉一阵阵剧烈抽搐绷硬，脚趾狠狠向内蜷曲扣紧。\n成熟的臀肉随着{anal}的绞动疯狂痉挛收缩，一波接一波地翕动个不停，大量温热黏稠的肠液自{anal}汹涌涌出，甚至伴着小幅的喷洒，顺着丰满的臀缝与腿根淌落了一大片。\n她丰满的胸脯剧烈地大幅起伏，呼吸急促而紊乱地喘个不停，风韵成熟的面孔彻底失控地扭曲着，双手死死攥紧了触手可及之物，指节因用力而根根泛白，整具熟透的身子在这场强烈绝顶中剧烈地抖动着，久久无法平息。
2306,action_part_a_orgasm_strong_B,0,CVP_A2_T|106_E_1&high_3,一阵猛烈的战栗贯穿了{TargetName}成熟的全身，{anal}立刻失控地剧烈连续绞缩起来，括约肌一圈圈疯狂地翕张收束，绞紧、松开、再绞紧，节奏乱得毫无章法。\n她丰腴的腰身反复地深深弓起又骤然塌落，成熟饱满的臀部随着痉挛高高绷起，圆腻的臀肉不受控制地一阵阵抽搐颤动。\n修长丰润的双腿大张着失控乱蹬，大腿内侧的肌肉一下下剧烈绷紧又松弛，脚背绷得笔直，脚趾痉挛着深深勾曲。\n大量浓稠的肠液成股地从{anal}翻涌溢出，甚至小幅地喷溅而出，将成熟的腿根与臀下浸得湿漉漉的一大片。\n她成熟的十指痉挛着张开又收拢，双臂剧烈发颤，丰满的酥胸随着失序的急喘大幅晃动，妩媚的脸庞失神地涨红扭曲，额角渗出细密的汗珠，整具熟透丰腴的躯体在这远超寻常的强烈绝顶里剧烈抽搐个不停，好半晌才渐渐缓和下来。
2307,action_part_a_orgasm_strong_B,0,CVP_A2_T|106_E_1&high_3,{TargetName}成熟的身子猛地一僵，随即剧烈地痉挛起来，{anal}不受控制地一阵阵狠狠绞紧收缩，括约肌疯狂地绞动翕合，一下下痉挛得几乎没有停歇。\n她丰腴的腰肢深深地弓成一张满弓，绷紧了好一阵才无力地垮塌下来，紧接着又猛然弓起，来回反复。\n成熟的双腿失控地颤抖蹬动，圆润饱满的大腿肌肉一阵阵抽搐痉挛，膝盖发着颤，脚趾狠狠蜷缩扣紧。\n丰腴的臀部随着{anal}的每一次绞缩剧烈翕动，大量温热的肠液成量地从{anal}汹涌淌出，甚至小幅喷洒开来，顺着成熟的臀缝流了满满一片。\n她丰满的胸口剧烈起伏，喘息急促而杂乱，成熟风韵的面容彻底失了矜持，唇齿间溢出破碎的气音，双手在身侧痉挛地抓挠攥握，指尖用力得泛白，整副熟透的身躯在这场凶猛的强烈绝顶中不住地剧烈战栗着。
2308,action_part_a_orgasm_strong_B,0,CVP_A2_T|106_E_1&high_3,{TargetName}那具丰腴熟透的躯体骤然剧烈地弹动了一下，{anal}随即陷入疯狂的连续痉挛，括约肌一圈接一圈地狠狠绞缩又猛然松张，收放之间失控得毫无规律。\n她成熟的腰身一次次深深弓起，绷到极致后又整个瘫软塌下，如此起伏往复不停。\n丰满圆润的双腿失控地大幅颤抖乱蹬，大腿根的肌肉一阵阵剧烈绷硬又松开，脚趾深深勾曲扣紧，脚踝绷得死死的。\n成熟饱满的臀肉随着{anal}疯狂的绞动剧烈抽搐，大量黏腻温热的肠液自{anal}奔涌而出，甚至伴着小幅的喷溅，将丰腴的腿根与臀下淌得湿透。\n她成熟的双手死死揪紧了身边之物，手臂剧烈发颤，丰满的乳肉随着紊乱急促的喘息剧烈晃荡，妩媚失神的脸孔涨得通红，额上沁出细汗，整具熟女的身子在这远胜以往的强烈绝顶里剧烈痉挛着，迟迟无法收势。
2309,action_part_a_orgasm_strong_B,0,CVP_A2_T|106_E_1&high_3,剧烈的抽搐一瞬间席卷了{TargetName}成熟的全身，{anal}立时失控地狂乱痉挛收缩，括约肌疯狂地一圈圈绞紧翕张，死死绞合后又猛地松开，反复不断。\n她丰腴的腰肢深深地向上弓起又重重砸落，成熟的脊背绷成满弓的弧度，紧接着无力垮塌，随后再度弓挺。\n成熟修长的双腿失控地颤栗蹬踹，圆腻的大腿肌肉一下下剧烈绷紧抽搐，脚趾痉挛着狠狠向内勾拢扣紧。\n丰满的臀部随着{anal}的绞缩剧烈翕动颤抖，大量温热浓稠的肠液成股地从{anal}翻涌喷淌，甚至小幅地喷洒出来，把成熟的臀缝与腿根浸润得湿漉漉一片。\n她成熟的手指痉挛着攥紧又张开，双臂剧烈打颤，丰满的胸脯随着失序的喘息大幅起伏，风韵的面庞彻底失控地扭曲潮红，细汗顺着颊侧滑落，整副熟透丰腴的身躯在这场凶猛异常的强烈绝顶中剧烈地抖动个不停，良久方才渐渐平复。


2310,action_part_a_orgasm_strong_B,0,CVP_A2_T|102_E_1&high_1,幼小的{TargetName}娇躯猛地一阵剧烈痉挛，{anal}毫无章法地连续绞缩翕张，一圈圈括约肌疯狂收紧又骤然松开，稚嫩的小腹随之一下下深深凹陷又鼓起。\n细如嫩藕的双腿失控地大幅乱蹬，膝盖胡乱弯折又绷直，脚趾用力蜷紧成一团，脚踝处的肌肉抽搐不止。\n瘦弱的腰肢反复深深弓起又猛然瘫软下去，脊背一下下绷成弧线又跌落，稚嫩的双手死死抓紧身下能触到的一切，指节因过度用力而泛白发颤。\n{anal}深处大量的肠液汹涌涌出，甚至夹杂着一小股喷溅之势，顺着幼嫩的臀缝汩汩流下，将大腿内侧浸得一片湿滑黏腻。\n稚嫩的胸口剧烈起伏，呼吸乱成一串短促的抽气，小脸涨得通红，五官因失控而扭曲变形，眼角泛出生理性的水光，嘴角不自觉地淌下一丝涎液。
2311,action_part_a_orgasm_strong_B,0,CVP_A2_T|102_E_1&high_1,{TargetName}幼小的躯体骤然绷紧又抽搐起来，{anal}一波接一波剧烈收缩，翕张之间毫无规律可言，紧窄的穴口一圈圈疯狂绞紧，稚气未脱的小腹肌肉一下下痉挛抽动。\n两条纤细的腿失去控制地乱颤乱蹬，脚背用力绷成弓形，脚趾死死蜷缩起来，膝盖在空中胡乱摆动，怎么也无法安分。\n幼嫩的腰身反复用力弓起，脊椎骨节分明地绷出弧度，随即又整个瘫软塌陷下去，如此反复数次，稚嫩的手指抓挠着身边的一切，指甲深深掐进掌心。\n{anal}处大股肠液不断涌出，伴着阵阵小幅的喷溅，顺着幼小的股缝滑落，将臀肉与大腿根部濡湿得一片狼藉。\n呼吸急促得如同破风箱一般紊乱，稚嫩的面容因剧烈的失控而皱缩变形，泪水在眼眶里打转，微张的唇角止不住地滑落涎水，整个人陷入了近乎失神的抽搐之中。
2312,action_part_a_orgasm_strong_B,0,CVP_A2_T|102_E_1&high_1,幼小娇弱的{TargetName}身子猛然一僵，随即陷入剧烈的抖动，{anal}深处的肌肉不受控制地连续绞缩，一圈圈紧窄的穴壁疯狂翕张收紧，圆嘟嘟的小腹一下一下猛烈凹陷。\n两条稚嫩的小腿失控地胡乱蹬踢，脚踝反复绷紧又松弛，脚趾蜷缩成小小的一团，膝盖磕碰在一起也浑然不觉。\n单薄的腰肢反复深深弓起，脊背绷得笔直又猛地瘫软下坠，如此往复不休，稚嫩的双手紧紧攥住身边一切可以抓握之物，指节因用力而微微发颤泛白。\n{anal}汩汩涌出大量黏稠的肠液，甚至带着一股小幅喷溅之势，顺着幼嫩的臀肉缝隙不断滑落，将腿根内侧浸润得湿漉漉一片。\n小小的胸脯剧烈起伏喘息不止，稚气的脸庞因失控而涨得通红皱缩，眼角溢出点点泪光，微张的嘴唇边缘滑下一丝涎液，整个人陷入近乎失神的战栗之中。
2313,action_part_a_orgasm_strong_B,0,CVP_A2_T|102_E_1&high_1,{TargetName}幼小的身躯骤然痉挛起来，{anal}一阵接一阵不受控地剧烈绞缩，狭窄的穴壁疯狂翕张扭动，稚嫩的小腹肌肉随之一下下猛烈抽紧又松弛。\n两条细瘦的腿失控地在空中乱蹬乱颤，脚背绷得死紧，脚趾用力蜷曲成团，膝盖胡乱磕撞却毫无知觉。\n瘦小的腰身一次次深深弓起又猛然塌软，脊柱骨节分明地绷出一道又一道弧度，稚嫩的手指死死攥住身旁能触及的东西，指甲深深掐入掌心留下痕迹。\n{anal}深处涌出大股黏腻的肠液，带着小幅的喷溅之势不断流淌，顺着幼嫩的臀缝与大腿根滴落，将下身濡湿得一塌糊涂。\n呼吸乱得毫无章法，急促的喘息一声接一声，稚气的小脸因剧烈失控而皱成一团，眼眶里蓄满泪水，唇角不断滑落涎液，整具幼小的躯体陷入了失神般的抽搐战栗。
2314,action_part_a_orgasm_strong_B,0,CVP_A2_T|102_E_1&high_1,幼嫩的{TargetName}猛地弓起了背，随即又整个人剧烈痉挛起来，{anal}疯狂地一圈圈绞缩翕张，穴口一张一合毫无规律，稚嫩的小腹肌肉一下下深深凹陷抽搐。\n两条纤瘦的小腿彻底失控，脚踝反复绷紧又松开，脚趾蜷曲得死紧，双腿在空中胡乱乱蹬，怎么也止不住。\n单薄稚嫩的腰肢一次次用力弓起又猛然瘫软下去，脊背绷出一道又一道弧线，稚嫩的十指死死抠紧身边的物件，指节因用力而泛白颤抖。\n{anal}处大量黏稠的肠液汩汩涌出，甚至夹带着小幅的喷溅，顺着幼小的臀缝与腿根蜿蜒流下，将肌肤浸得一片湿黏。\n胸口急促起伏喘息不止，稚嫩的面容因失控而涨红扭曲，眼角溢满泪光，微张的唇边不断滴落涎水，整个幼小的身躯沉浸在近乎失神的剧烈战栗之中。

2315,action_part_a_orgasm_strong_B,0,CVP_A2_T|103_E_1&high_1,纤细娇小的{TargetName}腰肢猛地一挺，随即又剧烈地塌陷下去，{anal}毫无章法地连续绞缩起来，一圈圈紧窄的褶皱疯狂翕张翻搅，像是要将周遭的一切都绞紧吞噬。\n稚嫩尚未发育完全的两条长腿控制不住地乱蹬踢动，脚趾用力蜷曲又骤然绷直，膝盖不停地打着哆嗦相互磕碰，纤细的脚踝也跟着痉挛似的抖个不停。\n平坦稚气的小腹一下下狠狠抽紧又骤然松弛，肚脐周围的软肉一波接一波地起伏痉挛，尚未发育的胸口剧烈地起伏喘息，呼吸乱成一团断续不止。\n{anal}深处涌出大量粘稠的肠液，顺着紧绞的穴口一股股溢出，甚至带着小幅的力道向外喷溅了几下，沿着稚嫩的大腿内侧蜿蜒流下，湿漉漉地打湿了一片肌肤。\n纤细的手指死死揪住了身旁能够触及的东西，指关节因用力而泛出青白，稚嫩的脸颊涨得通红，眼角挂着生理性的泪水，嘴角止不住地淌下一缕涎水，整个瘦小的身躯在这场剧烈失控的绞缩中不停地痉挛颤抖。
2316,action_part_a_orgasm_strong_B,0,CVP_A2_T|103_E_1&high_1,{TargetName}尚未完全舒展的腰背猛然弓起又重重塌落，{anal}一阵接一阵不受控制地剧烈绞紧，穴口周围细密的褶皱疯狂收缩翕动，仿佛完全脱离了自己的掌控。\n两条初显曲线的细腿失控地颤抖踢动，脚背绷得笔直又骤然放松，脚趾一下下痉挛蜷起，大腿根部的软肉不断地抽搐颤动，将腿间绷出一道道紧绷的弧线。\n稚气未脱的臀肉随着{anal}的绞缩一下下用力耸动，腰窝深深陷下又猛地弹起，纤细的脊背绷成一张满弓，随即又颓然瘫软下去，如此反复不休。\n{anal}中大量黏稠的肠液汩汩涌出，顺着穴口的绞缩一波一波地被挤压出来，其中夹杂着小股喷溅而出的水光，沿着尚显青涩的大腿滴滴答答地淌落。\n稚嫩的手掌紧紧攥成了拳，指甲深深掐进掌心，脸颊和耳根泛起大片潮红，嘴唇哆嗦着难以合拢，唾液顺着下颌线滑落，整具娇小的身躯在剧烈的痉挛中一次次绷紧又崩溃般地瘫软。
2317,action_part_a_orgasm_strong_B,0,CVP_A2_T|103_E_1&high_1,{TargetName}纤瘦的身子猛地一颤，紧接着腰肢便不受控制地大幅度扭动起来，{anal}疯狂地一收一缩，褶皱层层叠叠地绞紧又松开，绞动的频率快得令人心惊。\n两条修长却仍带稚气的腿高高抬起又重重落下，脚踝无规律地转动扭折，脚趾蜷成一团又猛然张开，大腿肌肉一阵阵抽搐紧绷，将腿部线条绷得如弓弦一般。\n扁平的小腹一次次剧烈地凹陷又鼓起，肋骨随着急促紊乱的呼吸一根根若隐若现，喉头不住地上下滚动，似是在极力吞咽着涌上来的空气。\n{anal}深处的肠液大股大股地涌流而出，顺着绞缩的节奏一下下被向外推挤，甚至喷溅出几缕细小的水花，沿着颤抖的腿根一路蜿蜒淌下，将周围的肌肤浸得湿润泥泞。\n稚嫩的十指紧紧绞在一起，指节泛白，脸上血色尽数涌向双颊，双眼失焦地涣散着，嘴角挂着难以自控的涎水，整个身躯在这场剧烈的绞缩里反复痉挛，久久不能平息。
2318,action_part_a_orgasm_strong_B,0,CVP_A2_T|103_E_1&high_1,{TargetName}尚显单薄的腰身骤然绷紧又猛地弓起，{anal}接连不断地发生剧烈痉挛，一圈圈紧致的肉壁疯狂绞缩着，翕张的幅度大得几乎难以自控。\n两条细瘦的腿不由自主地大幅度蹬踹，脚背绷得死直，脚趾用力抓挠似地蜷曲，膝盖不停地打颤磕碰，稚嫩的腿肚一抽一抽地绷紧痉挛。\n未发育完全的臀部随着{anal}的收缩一下下猛烈耸动，脊背反复深深地弓起，随后又彻底瘫软塌陷下去，如此循环往复，丝毫不受控制。\n{anal}中的肠液汹涌地涌出，被一阵阵绞缩挤压得向外溢流，夹杂着几下带力的喷溅，顺着稚气未脱的腿根一路流淌，沾湿了大片娇嫩的肌肤。\n稚嫩的双手在空中胡乱抓挠了几下，最终紧紧揪住身边的东西不肯松开，脸颊涨红一片，眼神涣散失去焦点，微张的嘴唇边缘不断溢出涎水，整个身子在剧烈失控的绞缩里颤抖个不停。
2319,action_part_a_orgasm_strong_B,0,CVP_A2_T|103_E_1&high_1,{TargetName}稚嫩纤细的躯体猛然一阵痉挛，腰肢不受控制地上下起伏，{anal}剧烈地一张一合，绞缩的力道一波强过一波，褶皱翻搅得凌乱不堪。\n两条细白的腿高高扬起又颓然落下，脚趾痉挛似地蜷紧又猛地舒张，脚踝不停地打着圈似地扭动，大腿内侧的软肉随之一阵阵抽搐紧绷。\n未褪尽稚气的小腹一下下急促地凹陷鼓起，锁骨与肋骨的轮廓随着紊乱的喘息若隐若现，喉咙里发出断续不成调的气音，胸口剧烈起伏难以平复。\n{anal}深处不断涌出大量黏腻的肠液，随着一波接一波的绞缩被挤压而出，其中还夹着几缕小幅喷溅的水光，顺着纤细的腿根蜿蜒滑落，将下方的肌肤浸润得湿漉漉一片。\n纤细的手指死死抠住身旁触手可及之物，指尖因用力而泛白发颤，稚嫩的脸庞涨得绯红一片，眼角溢出生理泪水，嘴角涎水连绵不绝，整个娇小的身躯在这场剧烈绞缩中反复痉挛，久久无法安定下来。

2320,action_part_a_orgasm_strong_B,0,CVP_A2_T|6_E_0&CVP_A2_T|7_E_1&CVP_A2_T|222_E_0,未成年却早已通晓性事的{TargetName}猛地弓起腰肢，{anal}以远超以往的力道一圈圈疯狂绞紧又松开，括约肌毫无章法地连续翕张痉挛。\n她纤细的双腿控制不住地大幅乱蹬，脚趾用力蜷缩成团，膝盖不停打颤磕碰，稚气未脱的小腹一下下深深凹陷又鼓起。\n双手急切地在身侧胡乱抓挠，指节因用力而泛白，脊背反复深深弓起又猛然瘫软下去，如此循环不休。\n{anal}深处大量温热的肠液汹涌涌出，甚至伴随着小幅的喷溅，顺着尚显青涩的腿根一路滑落，将肌肤浸得一片湿滑黏腻。\n呼吸急促紊乱得如同破碎的喘息，涨红的脸颊上写满了兴奋与失控交织的神情，整具年轻的躯体都在这场剧烈的强绝顶余韵中不住地战栗抽搐。
2321,action_part_a_orgasm_strong_B,0,CVP_A2_T|6_E_0&CVP_A2_T|7_E_1&CVP_A2_T|222_E_0,早早涉猎过情事知识的{TargetName}身躯骤然绷紧又剧烈痉挛，{anal}一波接一波不受控制地绞缩翻搅，穴口边缘的软肉疯狂翕张收紧。\n她修长却仍带青涩气息的双腿失控地胡乱蜷曲摆动，脚踝反复绷直又松弛，脚背绷出一道紧绷的弧线。\n腰肢一次次深深弓起又颓然塌陷，双手死死揪住身侧能触及的一切，指甲深深掐进掌心也浑然不觉。\n{anal}汩汩涌出大股黏稠的肠液，隐约带着喷溅而出的势头，沿着大腿内侧蜿蜒滴落，将周遭肌肤染得湿漉漉一片。\n她的表情因剧烈的失控而彻底扭曲变形，眼角溢出生理性的泪光，唇齿间不断溢出破碎急促的喘息，整个人陷入近乎失神的抽搐战栗之中。
2322,action_part_a_orgasm_strong_B,0,CVP_A2_T|6_E_0&CVP_A2_T|7_E_1&CVP_A2_T|222_E_0,对性事早有涉猎却仍未成年的{TargetName}猝然仰起脖颈，{anal}疯狂地一收一缩，绞紧的力道一波强过一波，褶皱翻搅得凌乱不堪。\n两条纤细的腿高高扬起又重重落下，脚趾痉挛似地蜷紧又猛地舒张，大腿肌肉一阵阵抽搐绷紧，止不住地打颤。\n未褪尽稚气的小腹随着急促的呼吸一下下猛烈凹陷鼓起，喉间发出断续不成调的气音，胸口剧烈起伏难以平复。\n{anal}深处不断涌出大量黏腻的肠液，随着一波接一波的绞缩被挤压而出，其中还夹着几缕小幅喷溅的水光，沿着腿根滑落浸润肌肤。\n涨红的脸颊上潮意未消，眼神涣散地望着虚空，嘴角止不住地滑落涎水，整具年轻的身躯都在这场强绝顶的余波中反复颤栗。
2323,action_part_a_orgasm_strong_B,0,CVP_A2_T|6_E_0&CVP_A2_T|7_E_1&CVP_A2_T|222_E_0,早已具备性知识却仍是未成年之身的{TargetName}猛然弓起纤细的腰身，{anal}接连不断地发生剧烈痉挛，一圈圈紧致的肉壁疯狂绞缩，翕张的幅度大得几近失控。\n她的两条细腿不由自主地大幅度蹬踹，脚背绷得死直，膝盖不停打颤磕碰，脚趾用力抓挠似地蜷曲收紧。\n臀部随着{anal}的收缩一下下猛烈耸动，脊背反复深深弓起又彻底瘫软塌陷，如此循环往复丝毫不受掌控。\n{anal}中的肠液汹涌涌出，被一阵阵绞缩挤压得向外溢流，夹杂着几下带力的喷溅，顺着腿根流淌沾湿大片肌肤。\n她的双手在空中胡乱抓挠了几下，最终紧紧揪住身边之物不肯松开，脸颊涨红一片，整个人在剧烈的绞缩中颤抖不停。
2324,action_part_a_orgasm_strong_B,0,CVP_A2_T|6_E_0&CVP_A2_T|7_E_1&CVP_A2_T|222_E_0,虽未成年却早已对性充满探索欲的{TargetName}躯体猛地一阵剧烈痉挛，{anal}如遭电流般连续不断地收缩绞紧，全然脱离自己意志的支配。\n腰肢一次次深深弓起又颓然瘫软，纤细的四肢止不住地乱蹬乱颤，脚趾蜷缩到发白，脚踝也跟着痉挛般抖个不停。\n她的十指死死攥住身侧一切能抓握之物，指关节因过度用力而泛白发颤，脊背绷成一道又一道弧线后又跌落。\n{anal}深处涌出大股滚烫的肠液，甚至夹杂着小幅的喷溅，顺着股缝汩汩流淌，将腿根内侧浸得一片湿黏。\n她的表情彻底失控扭曲，眼角泛红含泪，唇齿轻颤发不出完整的声响，整个年轻的身躯都在这场强绝顶中瑟瑟战栗不止。
2325,action_part_a_orgasm_strong_B,0,CVP_A2_T|6_E_0&CVP_A2_T|7_E_1&CVP_A2_T|222_E_1,尚未成年的稚嫩身子猛地弓成一张绷紧的弓，{anal}毫无节制地连续深深痉挛绞缩，一圈圈的括约肌疯狂地翕张收缩，把积攒到极限的快感一股脑地释放出来。\n青涩单薄的小腹一下下剧烈地抽搐，纤细的腰肢反复深深弓起后又软软瘫下，两条稚气的腿失控地颤抖乱蹬，脚趾死死蜷曲又猛地绷直。\n{anal}深处涌出大量温热的肠液，顺着股缝汩汩淌下，甚至被绞缩得小幅喷溅出来，把幼嫩的臀缝浇得一片湿滑淋漓。\n她惊慌地睁圆了懵懂的眼，小嘴无意识地大张着，急促紊乱的呼吸从喉咙里断断续续地漏出，稚嫩的身子在一波波强烈的抽搐里剧烈起伏。
2326,action_part_a_orgasm_strong_B,0,CVP_A2_T|6_E_0&CVP_A2_T|7_E_1&CVP_A2_T|222_E_1,不谙世事的娇小身躯剧烈地弹跳了一下，{anal}不受控制地一阵接一阵疯狂痉挛，紧窄的括约肌一开一合地拼命绞缩翕张，把攀升到全新台阶的快感倾泻而出。\n青涩的后背猛地拱成深深的弧度，随即又整个瘫软下去，稚气的四肢无力却又剧烈地抽搐颤栗，纤瘦的大腿死死夹紧又猛然弹开。\n随着{anal}疯狂的收缩，大量黏腻的肠液被一下下挤涌出来，顺着幼滑的腿根滴落，翕张剧烈时还小股地喷出，濡湿了整片稚嫩的臀肉。\n她茫然失神地大张着小嘴，眉头拧成惊惶的一团，紊乱的喘息一声高过一声，完全不明白身子为何这般不听使唤地剧烈痉挛。
2327,action_part_a_orgasm_strong_B,0,CVP_A2_T|6_E_0&CVP_A2_T|7_E_1&CVP_A2_T|222_E_1,还带着孩子气的柔嫩身子骤然绷得笔直，{anal}一波强似一波地深深绞缩痉挛，敏感到新高度的括约肌疯狂地一缩一张，将久久积攒的快感猛地一齐释放。\n单薄稚气的胸口剧烈起伏，纤细的腰肢一次次深深弓起又颓然塌陷，稚嫩的双腿失控地打着颤蹬蹴，小小的脚掌无助地抠紧又滑开。\n翕张不休的{anal}汩汩溢出滚烫的肠液，被绞缩的力道一下下小幅喷挤出来，把幼嫩的股沟与腿弯浇得湿漉漉一片。\n她惊惶地颤抖着，懵懂的双眸失去焦距，小嘴徒劳地张合，急乱的呼吸支离破碎，青涩的身子在连绵的抽搐中止不住地战栗。
2328,action_part_a_orgasm_strong_B,0,CVP_A2_T|6_E_0&CVP_A2_T|7_E_1&CVP_A2_T|222_E_1,尚显稚嫩的娇躯猛烈地一震，{anal}失控地连成串地剧烈痉挛绞缩，攀上崭新敏感台阶的括约肌疯狂翕张抽搐，把堆积到顶点的快感一股脑地宣泄出来。\n幼嫩的小腹一下下深深凹陷又鼓起，纤瘦的腰反复弓起后又软塌，稚气未脱的四肢剧烈地颤动乱蹬，纤细的手指死死攥紧又猛地松开。\n{anal}深处翻涌而出大量温热黏滑的肠液，随着疯狂的绞缩小幅地喷溅飞洒，把青涩的臀缝糊得一片泥泞淫湿。\n她慌乱无措地大口喘着气，稚嫩的脸涨得通红，眉眼皱成一团惊惶，无意识的呻吟卡在喉间，柔弱的身子在剧烈抽搐里剧烈弹颤。
2329,action_part_a_orgasm_strong_B,0,CVP_A2_T|6_E_0&CVP_A2_T|7_E_1&CVP_A2_T|222_E_1,懵懂青涩的小身子剧烈地痉挛弹动，{anal}毫无章法地一阵阵疯狂深缩，敏感度跃升一级的括约肌拼命地绞紧翕张，将积蓄已久的快感一齐狠狠释放出来。\n单薄的后腰深深弓成绷紧的弧线后又猝然瘫软，稚气的双腿失控地痉挛乱蹬，纤嫩的脚趾一会儿死死蜷曲一会儿又猛然张开。\n剧烈翕张的{anal}汩汩涌出大量滚热的肠液，被一次次绞缩的力道小幅喷挤而出，顺着幼滑的腿根淌成湿亮的水痕。\n她惊惶失神地颤栗着，稚嫩的小嘴大张，急促而破碎的喘息不住漏出，青涩懵懂的身躯在一波波强烈痉挛中剧烈起伏战抖。

2330,action_part_a_orgasm_strong_B,0,CVP_A2_T|6_E_0&CVP_A2_T|7_E_1&CVP_A2_T|222_E_0,尚且稚嫩的{TargetName}娇小身躯猛地剧烈弹跳起来，{anal}失控地连续痉挛绞缩，稚嫩的括约肌疯狂地翕张收拢，一下接一下不受控制地紧紧箍缩又骤然松开。\n年幼的小腹反复深深抽搐凹陷，尚未发育完全的腹肌绷成一片颤动的硬块，纤细稚嫩的双腿失控地大幅乱蹬颤抖，小小的脚趾用力向内蜷曲扣紧，脚踝处的嫩肉一阵阵痉挛收紧。\n单薄的腰肢反复深度弓起后又骤然瘫软下去，稚嫩的脊背绷成紧张的弧线，一大股温热黏腻的肠液从剧烈翕张的{anal}深处汹涌涌出，甚至夹着一小股喷溅而出，沿着幼嫩的腿根内侧成片地淌落。\n幼小的手指痉挛着死死攥紧攒成小拳，指节因过度用力而泛出惨白，急促紊乱的呼吸让单薄的胸口大幅剧烈起伏，稚气的小脸涨得通红失控地扭曲抽动，眼角沁出点点水光。\n整副娇嫩失控的身躯在这远超以往的强烈绝顶中剧烈颤栗抽搐了许久，稚嫩的肌肉一阵阵紧绷又松弛，好半晌才在余波里瘫软下来，{anal}仍在无意识地一缩一缩地翕动。
2331,action_part_a_orgasm_strong_B,0,CVP_A2_T|6_E_0&CVP_A2_T|7_E_1&CVP_A2_T|222_E_0,青涩年幼的{TargetName}整个小身板骤然剧烈绷紧弹起，{anal}毫无节制地连续剧烈痉挛，紧窄的括约肌一圈圈疯狂地绞缩翕张，箍紧了又猛地松开，反复不受控制地抽搐个不停。\n发育尚浅的下腹一次次深深凹陷抽紧，稚嫩的腰腹肌肉绷成颤抖的一片，两条细瘦的嫩腿失控地颤抖乱蹬，纤小的膝盖不住地打颤打战，脚尖死死绷直又骤然蜷缩扣拢。\n纤薄的腰身深深弓起一道紧绷的弧度，旋即又整个瘫软塌落下去，大量温热的肠液自翕张失控的{anal}中一股股涌淌而出，量比往常剧增了许多，还伴着一小股猛地喷溅出来，浸湿了大片稚嫩腿根。\n年幼的双手痉挛地收拢死攥，指节掐得发白，凌乱急促的喘息使单薄胸膛剧烈起伏，稚气未脱的面庞失控地泛红扭曲，唇齿微微发颤，眼中一片失神涣散。\n这副青涩的娇躯在这陡然拔高一截的猛烈绝顶里失控地抽搐痉挛了好一阵，幼嫩的躯体一波波绷紧又颤栗，直到余韵渐消才缓缓松垮软瘫，{anal}还在余波里断续地翕动收缩。
2332,action_part_a_orgasm_strong_B,0,CVP_A2_T|6_E_0&CVP_A2_T|7_E_1&CVP_A2_T|222_E_0,年少稚嫩的{TargetName}纤细娇躯毫无预兆地剧烈弓弹起来，{anal}失去控制地一波接一波剧烈绞缩，嫩红的括约肌疯狂地一张一合翕动痉挛，紧箍住又猛然弹松，连绵不断地抽搐个没完。\n稚气的小腹深深地反复向内抽陷，尚显单薄的腹部肌肉绷得死紧又颤个不停，两条纤细的幼腿失控地乱蹬乱颤，小巧的脚趾一次次痉挛着向内抠紧，脚背绷成一道紧张的弧线。\n幼嫩的腰肢反复深深弓起继而骤然软塌下去，稚嫩的脊背一挺一沉地起伏，大量黏腻温热的肠液从剧烈翕张的{anal}深处翻涌淌出，甚至喷溅出一小道，顺着稚嫩的大腿内侧成片流淌浸湿。\n幼小的十指痉挛地蜷曲攥紧，指节泛白，急乱失序的呼吸让稚嫩的胸口剧烈起伏耸动，涨红的小脸失控地抽搐扭曲，眼角泛起水光，唇瓣不住颤抖。\n整副娇嫩失控的身子在这远胜从前的强烈绝顶中剧烈痉挛颤栗了许久，稚气的肌肉一阵阵抽紧又松开，好一会儿才在余震中缓缓瘫软，{anal}兀自无意识地一缩一缩地收放。
2333,action_part_a_orgasm_strong_B,0,CVP_A2_T|6_E_0&CVP_A2_T|7_E_1&CVP_A2_T|222_E_0,尚未长成的{TargetName}小小娇躯猛然剧烈弹动痉挛，{anal}彻底失控地连续绞缩收紧，稚嫩紧窄的括约肌疯狂翕张绞拧，一下下箍死又骤然松脱，反反复复地剧烈抽搐着停不下来。\n年幼的下腹反复深陷抽紧，单薄稚嫩的腹肌绷成不住颤动的一块，两条纤瘦的嫩腿失控地大幅乱蹬颤栗，小巧稚气的脚趾用力向内蜷缩扣拢，纤细的脚踝一圈圈痉挛收紧。\n幼嫩的腰身深深弓起又骤然彻底瘫软，稚嫩脊背反复绷直塌落，成股温热黏稠的肠液自失控翕张的{anal}中汹涌涌出，量骤增了不少，还夹着一小股猛地喷溅飞溅，淌湿了大片幼嫩腿根内侧。\n稚小的双手痉挛地攥成紧拳死死掐住，指节泛出惨白，紊乱急促的喘息令单薄的胸脯剧烈起伏，稚嫩的小脸涨红失控地扭曲颤动，眼神一片涣散失神，唇角微微抽搐。\n这副娇小失控的躯体在这明显拔高的猛烈绝顶里剧烈抽搐颤栗了良久，幼嫩的肌肉一波波紧绷又颤动，许久才在余波之中软软瘫落，{anal}依旧无意识地断续翕动收缩着。
2334,action_part_a_orgasm_strong_B,0,CVP_A2_T|6_E_0&CVP_A2_T|7_E_1&CVP_A2_T|222_E_0,青嫩年幼的{TargetName}单薄娇躯陡然剧烈痉挛弹起，{anal}不受控制地一阵阵连续绞缩翕张，稚嫩的括约肌疯狂地一收一放绞紧松脱，箍得死紧又骤然弹开，接连不断地剧烈抽动。\n年幼稚气的小腹一次次深深向内抽搐凹陷，尚浅的腹部肌肉绷紧又剧烈颤抖，两条细嫩的幼腿失控地乱蹬乱抖，小小的膝头不住打颤，脚尖绷直又骤然向内蜷缩扣紧。\n纤薄稚嫩的腰肢反复深深弓起旋即整个软塌下去，幼嫩的脊背一挺一沉，大量温热黏腻的肠液从疯狂翕张的{anal}深处一股股涌淌而出，比往日增多许多，还伴着一小股喷溅四溢，将稚嫩腿根浸得湿漉漉一片。\n幼小的手指痉挛收拢死死攥紧，指节因用力泛白，急促凌乱的呼吸让单薄的胸口大幅起伏耸动，稚嫩泛红的小脸失控地抽搐扭曲，眼角沁出细密水光，唇瓣颤个不停。\n整副稚嫩失控的娇躯在这远超普通绝顶的强烈高潮中剧烈颤栗抽搐了好一阵，年幼的肌肉一阵阵绷紧又松弛，好半晌才在余韵里缓缓瘫软下来，{anal}仍旧无意识地一缩一放地翕动着。

2335,action_part_a_orgasm_strong_B,0,CVP_A2_T|104_E_1&high_1,{TargetName}尚显青涩的腰肢猛地一挺，随即又剧烈地塌陷下去，{anal}毫无章法地连续绞紧又松开，一圈圈括约肌疯狂地翕张收缩，完全不受控制。\n少女紧实的双腿大幅度地蹬直又蜷曲，脚趾痉挛般地弯折又绷开，膝盖不停地打颤，光洁的大腿肌肉一阵阵地抽搐绷紧。\n小腹的软肉一下下地深深凹陷进去，随即又猛地鼓起，浑身的肌肤泛起细密的战栗，脊背反复深深地弓起又猛然瘫软下来，怎么也无法维持平稳的姿态。\n{anal}深处涌出大量黏稠的肠液，顺着股缝汩汩地淌下，其中夹杂着几下小幅度的喷溅，将下方的肌肤浸得一片濡湿。\n双手在半空中胡乱地抓挠，手指痉挛般地蜷缩成爪状，呼吸急促得近乎破碎，唇瓣哆嗦着无法合拢，整张脸上的神情彻底涣散失控。
2336,action_part_a_orgasm_strong_B,0,CVP_A2_T|104_E_1&high_1,{TargetName}年轻的躯体猝然绷成一张满弓，{anal}以一种失控的频率反复痉挛收紧，褶皱的穴口一张一翕，怎么也停不下来。\n纤细的腰身一次次深深地折出弧度，又一次次地颓然垮塌，浑身的肌肉如同过电一般不住地跳动抽搐，双肩也随之剧烈地耸动。\n两条修长的腿高高地弓起又乱蹬开来，脚背绷得笔直，脚趾却痉挛地蜷成一团，膝盖不受控制地相互磕碰颤抖。\n浓稠的肠液从{anal}中大股大股地涌出，甚至带着几下急促的喷洒，顺着雪白的臀缝流淌成一道亮晶晶的痕迹。\n少女的十指深深地抠进身下，指节泛得煞白，脖颈高高地扬起又颓然垂落，喘息破碎得几乎连不成声，眼神涣散得再也聚不了焦。
2337,action_part_a_orgasm_strong_B,0,CVP_A2_T|104_E_1&high_1,{TargetName}稚气未脱的身子骤然剧烈痉挛，{anal}一圈圈剧烈地绞缩起来，松紧交替得又急又乱，仿佛完全脱离了自己的掌控。\n她的脊柱一下下深深地拱起，又一下下地重重砸落，全身的肌肉紧绷得微微发颤，连带着锁骨与肩胛都泛出细密的汗光。\n两腿不断地大幅度张合又胡乱蹬踹，脚踝绷得死紧，脚趾却抽搐着蜷缩弯折，大腿的软肉一波接一波地抖动收紧。\n黏腻的肠液自{anal}深处汹涌而出，甚至带着一两下小幅的喷溅，顺着臀瓣的曲线一路淌落，将身下濡湿了一大片。\n少女的双手死死揪紧了近旁能抓住的一切，指关节因过度用力而泛白，头颅胡乱地左右摇晃，嘴唇哆嗦着，脸上的表情早已完全失控涣散。
2338,action_part_a_orgasm_strong_B,0,CVP_A2_T|104_E_1&high_1,{TargetName}青涩的躯体猛然弹起又重重跌落，{anal}疯狂而毫无规律地连续绞紧，一波接一波的痉挛完全无法自持。\n她的腰肢反复用力地向上顶起，又立刻虚脱般地瘫软下去，整条脊背因剧烈的抽搐而不住地起伏颤动，肩胛骨也随之耸动不止。\n双腿失控般地在空中乱蹬乱踢，脚尖时而绷直时而蜷曲，大腿内侧的肌肉一阵阵剧烈地抽紧又松开。\n大量温热的肠液从{anal}处涌溢而出，甚至夹杂着断续的小股喷射，沿着腿根蜿蜒而下，浸湿了一整片肌肤。\n少女紧咬着下唇却仍止不住轻颤，双手胡乱地攥紧又松开，呼吸乱得如同破风箱一般急促紊乱，眼角泛起一层水光，整张脸的神情彻底失了控制。
2339,action_part_a_orgasm_strong_B,0,CVP_A2_T|104_E_1&high_1,{TargetName}尚带稚嫩的身躯陡然痉挛成一张紧弓，{anal}一阵接一阵地剧烈绞缩翕张，穴口的肌肉完全乱了节奏，怎么也无法平息。\n纤薄的腰背一次次深深地弓起又猛地垮塌下去，浑身的肌肉紧绷得微微发抖，胸口也随着急促的喘息大幅地起伏耸动。\n两条稚气的腿高高地绷直又胡乱地摆动，脚趾蜷缩得死紧，膝盖不断地打着哆嗦相互碰撞。\n浓密的肠液自{anal}中大量地涌淌出来，还带着几下猝不及防的喷溅，顺着大腿内侧流淌成一片湿漉漉的印痕。\n少女的双手紧紧地揪住身旁的一切又猛然松开，指尖因用力而泛白发颤，脖颈无力地左右扭动，唇齿间漏出破碎凌乱的喘息，一张娇颜早已被绝顶冲得涣散失神。

2340,action_part_a_orgasm_strong_B,0,CVP_A2_T|105_E_1&high_1,渐显成熟韵味的{TargetName}腰肢猛地一挺，随即又剧烈地塌陷下去，{anal}毫无章法地连续绞紧又松开，一圈圈括约肌疯狂地翕张收缩，完全不受自己的掌控。\n修长匀称的双腿大幅度地蹬直又蜷曲，脚趾痉挛般地弯折又绷开，膝盖不停地打颤，紧实的大腿肌肉一阵阵地抽搐绷紧。\n平坦的小腹一下下猛烈地凹陷进去，随即又骤然鼓起，浑身细腻的肌肤泛起密密的战栗，脊背反复深深地弓起又猛然瘫软下来，怎么也无法维持住优雅的姿态。\n{anal}深处涌出大量黏稠的肠液，顺着股缝汩汩地淌下，其中夹杂着几下小幅度的喷溅，将下方光洁的肌肤浸得一片濡湿。\n双手在半空中胡乱地抓挠，指尖痉挛般地蜷缩成爪状，呼吸急促得近乎破碎，微张的唇瓣哆嗦着无法合拢，原本从容的神情此刻彻底涣散失控。
2341,action_part_a_orgasm_strong_B,0,CVP_A2_T|105_E_1&high_1,已然成年的{TargetName}躯体猝然绷成一张满弓，{anal}以一种失控的频率反复痉挛收紧，褶皱的穴口一张一翕，怎么也停不下来。\n纤长的腰身一次次深深地折出弧度，又一次次地颓然垮塌，浑身线条流畅的肌肉如同过电一般不住地跳动抽搐，双肩也随之剧烈地耸动。\n两条修长的腿高高地弓起又乱蹬开来，脚背绷得笔直，脚趾却痉挛地蜷成一团，膝盖不受控制地相互磕碰颤抖。\n浓稠的肠液从{anal}中大股大股地涌出，甚至带着几下急促的喷洒，顺着圆润的臀缝流淌成一道亮晶晶的痕迹。\n她的十指深深地抠进身下，指节泛得煞白，脖颈高高地扬起又颓然垂落，喘息破碎得几乎连不成声，原本沉稳的眼神此刻涣散得再也聚不了焦。
2342,action_part_a_orgasm_strong_B,0,CVP_A2_T|105_E_1&high_1,举止本自从容的{TargetName}身子骤然剧烈痉挛，{anal}一圈圈剧烈地绞缩起来，松紧交替得又急又乱，仿佛完全脱离了自己的掌控。\n她的脊柱一下下深深地拱起，又一下下地重重砸落，全身饱满的肌肉紧绷得微微发颤，连带着锁骨与肩胛都泛出细密的汗光。\n两腿不断地大幅度张合又胡乱蹬踹，脚踝绷得死紧，脚趾却抽搐着蜷缩弯折，大腿的软肉一波接一波地抖动收紧。\n黏腻的肠液自{anal}深处汹涌而出，甚至带着一两下小幅的喷溅，顺着丰润的臀瓣曲线一路淌落，将身下濡湿了一大片。\n她的双手死死揪紧了近旁能抓住的一切，指关节因过度用力而泛白，头颅胡乱地左右摇晃，唇齿哆嗦着，原本可靠沉着的脸上早已完全失控涣散。
2343,action_part_a_orgasm_strong_B,0,CVP_A2_T|105_E_1&high_1,身姿丰满的{TargetName}猛然弹起又重重跌落，{anal}疯狂而毫无规律地连续绞紧，一波接一波的痉挛完全无法自持。\n她的腰肢反复用力地向上顶起，又立刻虚脱般地瘫软下去，整条脊背因剧烈的抽搐而不住地起伏颤动，肩胛骨也随之耸动不止。\n双腿失控般地在空中乱蹬乱踢，脚尖时而绷直时而蜷曲，大腿内侧线条紧实的肌肉一阵阵剧烈地抽紧又松开。\n大量温热的肠液从{anal}处涌溢而出，甚至夹杂着断续的小股喷射，沿着腿根蜿蜒而下，浸湿了一整片肌肤。\n她紧咬着下唇却仍止不住轻颤，双手胡乱地攥紧又松开，呼吸乱得如同破风箱一般急促紊乱，眼角泛起一层水光，原本成熟稳重的脸庞此刻彻底失了控制。
2344,action_part_a_orgasm_strong_B,0,CVP_A2_T|105_E_1&high_1,轮廓分明的{TargetName}身躯陡然痉挛成一张紧弓，{anal}一阵接一阵地剧烈绞缩翕张，穴口的肌肉完全乱了节奏，怎么也无法平息。\n挺拔的腰背一次次深深地弓起又猛地垮塌下去，浑身的肌肉紧绷得微微发抖，胸口也随着急促的喘息大幅地起伏耸动。\n两条修长的腿高高地绷直又胡乱地摆动，脚趾蜷缩得死紧，膝盖不断地打着哆嗦相互碰撞。\n浓密的肠液自{anal}中大量地涌淌出来，还带着几下猝不及防的喷溅，顺着大腿内侧流淌成一片湿漉漉的印痕。\n她的双手紧紧地揪住身旁的一切又猛然松开，指尖因用力而泛白发颤，脖颈无力地左右扭动，唇齿间漏出破碎凌乱的喘息，一张本该从容优雅的脸庞早已被绝顶冲得涣散失神。

2345,action_part_a_orgasm_strong_B,0,CVP_A2_T|106_E_1&high_1,{TargetName}丰腴成熟的腰肢猛地一挺，随即又剧烈地塌陷下去，{anal}毫无章法地连续绞紧又松开，一圈圈括约肌疯狂地翕张收缩，完全不受控制。\n熟女丰满的双腿大幅度地蹬直又蜷曲，脚趾痉挛般地弯折又绷开，膝盖不停地打颤，饱满的大腿肌肉一阵阵地抽搐绷紧。\n小腹的软肉一下下地深深凹陷进去，随即又猛地鼓起，成熟的肌肤泛起细密的战栗，脊背反复深深地弓起又猛然瘫软下来，怎么也无法维持平稳的姿态。\n{anal}深处涌出大量黏稠的肠液，顺着股缝汩汩地淌下，其中夹杂着几下小幅度的喷溅，将下方丰腴的肌肤浸得一片濡湿。\n双手在半空中胡乱地抓挠，指节泛得煞白，呼吸急促得近乎破碎，唇瓣哆嗦着无法合拢，整张成熟的脸上的神情彻底涣散失控。
2346,action_part_a_orgasm_strong_B,0,CVP_A2_T|106_E_1&high_1,{TargetName}丰满的躯体猝然绷成一张满弓，{anal}以一种失控的频率反复痉挛收紧，褶皱的穴口一张一翕，怎么也停不下来。\n成熟的腰身一次次深深地折出弧度，又一次次地颓然垮塌，浑身的肌肉如同过电一般不住地跳动抽搐，双肩也随之剧烈地耸动。\n两条丰润的腿高高地弓起又乱蹬开来，脚背绷得笔直，脚趾却痉挛地蜷成一团，膝盖不受控制地相互磕碰颤抖。\n浓稠的肠液从{anal}中大股大股地涌出，甚至带着几下急促的喷洒，顺着白皙的臀缝流淌成一道亮晶晶的痕迹。\n熟女的十指深深地抠进身下，指节因用力而发白，脖颈高高地扬起又颓然垂落，喘息破碎得几乎连不成声，眼神涣散得再也聚不了焦。
2347,action_part_a_orgasm_strong_B,0,CVP_A2_T|106_E_1&high_1,{TargetName}成熟丰腴的身子骤然剧烈痉挛，{anal}一圈圈剧烈地绞缩起来，松紧交替得又急又乱，仿佛完全脱离了自己的掌控。\n她的脊柱一下下深深地拱起，又一下下地重重砸落，全身的肌肉紧绷得微微发颤，连带着锁骨与肩胛都泛出细密的汗光。\n两腿不断地大幅度张合又胡乱蹬踹，脚踝绷得死紧，脚趾却抽搐着蜷缩弯折，丰满的大腿软肉一波接一波地抖动收紧。\n黏腻的肠液自{anal}深处汹涌而出，甚至带着一两下小幅的喷溅，顺着臀瓣的曲线一路淌落，将身下濡湿了一大片。\n熟女的双手死死揪紧了近旁能抓住的一切，指关节因过度用力而泛白，头颅胡乱地左右摇晃，嘴唇哆嗦着，脸上的表情早已完全失控涣散。
2348,action_part_a_orgasm_strong_B,0,CVP_A2_T|106_E_1&high_1,{TargetName}成熟的躯体猛然弹起又重重跌落，{anal}疯狂而毫无规律地连续绞紧，一波接一波的痉挛完全无法自持。\n她的腰肢反复用力地向上顶起，又立刻虚脱般地瘫软下去，整条脊背因剧烈的抽搐而不住地起伏颤动，肩胛骨也随之耸动不止。\n双腿失控般地在空中乱蹬乱踢，脚尖时而绷直时而蜷曲，丰腴的大腿内侧肌肉一阵阵剧烈地抽紧又松开。\n大量温热的肠液从{anal}处涌溢而出，甚至夹杂着断续的小股喷射，沿着腿根蜿蜒而下，浸湿了一整片成熟的肌肤。\n熟女紧咬着下唇却仍止不住轻颤，双手胡乱地攥紧又松开，呼吸乱得如同破风箱一般急促紊乱，眼角泛起一层水光，整张脸的神情彻底失了控制。
2349,action_part_a_orgasm_strong_B,0,CVP_A2_T|106_E_1&high_1,{TargetName}丰润饱满的身躯陡然痉挛成一张紧弓，{anal}一阵接一阵地剧烈绞缩翕张，穴口的肌肉完全乱了节奏，怎么也无法平息。\n成熟的腰背一次次深深地弓起又猛地垮塌下去，浑身的肌肉紧绷得微微发抖，胸口也随着急促的喘息大幅地起伏耸动。\n两条丰腴的腿高高地绷直又胡乱地摆动，脚趾蜷缩得死紧，膝盖不断地打着哆嗦相互碰撞。\n浓密的肠液自{anal}中大量地涌淌出来，还带着几下猝不及防的喷溅，顺着大腿内侧流淌成一片湿漉漉的印痕。\n熟女的双手紧紧地揪住身旁的一切又猛然松开，指尖因用力而泛白发颤，脖颈无力地左右扭动，唇齿间漏出破碎凌乱的喘息，一张成熟的娇颜早已被绝顶冲得涣散失神。

2350,action_part_a_orgasm_strong_B,0,CVP_A2_T|107_E_1&high_1,{TargetName}丰润的腰肢猛地一挺，随即又剧烈地塌陷下去，{anal}毫无章法地连续绞紧又松开，一圈圈括约肌疯狂地翕张收缩，完全不受控制。\n她那双修长的腿大幅度地蹬直又蜷曲，脚趾痉挛般地弯折又绷开，膝盖不停地打颤，饱满的大腿肌肉一阵阵地抽搐绷紧。\n小腹的软肉一下下地深深凹陷进去，随即又猛地鼓起，浑身的肌肤泛起细密的战栗，脊背反复深深地弓起又猛然瘫软下来，怎么也无法维持平稳的姿态。\n{anal}深处涌出大量黏稠的肠液，顺着股缝汩汩地淌下，其中夹杂着几下小幅度的喷溅，将下方的肌肤浸得一片濡湿。\n双手在半空中胡乱地抓挠，手指痉挛般地蜷缩成爪状，呼吸急促得近乎破碎，唇瓣哆嗦着无法合拢，整张脸上的神情彻底涣散失控。
2351,action_part_a_orgasm_strong_B,0,CVP_A2_T|107_E_1&high_1,{TargetName}成熟饱满的躯体猝然绷成一张满弓，{anal}以一种失控的频率反复痉挛收紧，褶皱的穴口一张一翕，怎么也停不下来。\n纤细却不失曲线的腰身一次次深深地折出弧度，又一次次地颓然垮塌，浑身的肌肉如同过电一般不住地跳动抽搐，双肩也随之剧烈地耸动。\n两条修长的腿高高地弓起又乱蹬开来，脚背绷得笔直，脚趾却痉挛地蜷成一团，膝盖不受控制地相互磕碰颤抖。\n浓稠的肠液从{anal}中大股大股地涌出，甚至带着几下急促的喷洒，顺着雪白的臀缝流淌成一道亮晶晶的痕迹。\n她的十指深深地抠进身下，指节泛得煞白，脖颈高高地扬起又颓然垂落，喘息破碎得几乎连不成声，眼神涣散得再也聚不了焦。
2352,action_part_a_orgasm_strong_B,0,CVP_A2_T|107_E_1&high_1,{TargetName}丰腴动人的身子骤然剧烈痉挛，{anal}一圈圈剧烈地绞缩起来，松紧交替得又急又乱，仿佛完全脱离了自己的掌控。\n她的脊柱一下下深深地拱起，又一下下地重重砸落，全身的肌肉紧绷得微微发颤，连带着锁骨与肩胛都泛出细密的汗光。\n两腿不断地大幅度张合又胡乱蹬踹，脚踝绷得死紧，脚趾却抽搐着蜷缩弯折，大腿的软肉一波接一波地抖动收紧。\n黏腻的肠液自{anal}深处汹涌而出，甚至带着一两下小幅的喷溅，顺着臀瓣的曲线一路淌落，将身下濡湿了一大片。\n她的双手死死揪紧了近旁能抓住的一切，指关节因过度用力而泛白，头颅胡乱地左右摇晃，嘴唇哆嗦着，脸上的表情早已完全失控涣散。
2353,action_part_a_orgasm_strong_B,0,CVP_A2_T|107_E_1&high_1,{TargetName}成熟的躯体猛然弹起又重重跌落，{anal}疯狂而毫无规律地连续绞紧，一波接一波的痉挛完全无法自持。\n她的腰肢反复用力地向上顶起，又立刻虚脱般地瘫软下去，整条脊背因剧烈的抽搐而不住地起伏颤动，肩胛骨也随之耸动不止。\n双腿失控般地在空中乱蹬乱踢，脚尖时而绷直时而蜷曲，大腿内侧的肌肉一阵阵剧烈地抽紧又松开。\n大量温热的肠液从{anal}处涌溢而出，甚至夹杂着断续的小股喷射，沿着腿根蜿蜒而下，浸湿了一整片肌肤。\n她紧咬着下唇却仍止不住轻颤，双手胡乱地攥紧又松开，呼吸乱得如同破风箱一般急促紊乱，眼角泛起一层水光，整张脸的神情彻底失了控制。
2354,action_part_a_orgasm_strong_B,0,CVP_A2_T|107_E_1&high_1,{TargetName}成熟性感的身躯陡然痉挛成一张紧弓，{anal}一阵接一阵地剧烈绞缩翕张，穴口的肌肉完全乱了节奏，怎么也无法平息。\n丰盈的腰背一次次深深地弓起又猛地垮塌下去，浑身的肌肉紧绷得微微发抖，胸口也随着急促的喘息大幅地起伏耸动。\n两条修长的腿高高地绷直又胡乱地摆动，脚趾蜷缩得死紧，膝盖不断地打着哆嗦相互碰撞。\n浓密的肠液自{anal}中大量地涌淌出来，还带着几下猝不及防的喷溅，顺着大腿内侧流淌成一片湿漉漉的印痕。\n她的双手紧紧地揪住身旁的一切又猛然松开，指尖因用力而泛白发颤，脖颈无力地左右扭动，唇齿间漏出破碎凌乱的喘息，一张娇颜早已被绝顶冲得涣散失神。

