cid,behavior_id,adv_id,premise,context
口上id,触发口上的行为id,口上限定的剧情npcid,前提id,口上内容
str,str,int,str,str
0,0,0,0,1
口上配置数据,,,,
1,move,158,sys_0&place_2,你来了。
2,move,158,sys_0&place_2&love_ge_1,{PlayerNickName}。
3,move,158,sys_0&place_2&love_ge_3&high_1,……{PlayerNickName}。\n见到{Name}的{TargetName}没有多说话，只是放下手中擦拭的箭矢，静静地看着对方。
4,move,158,sys_0&place_4,{SrcOneCharaName}，等会见。
5,move,158,sys_0&place_4&love_ge_2,……要走了？\n“……等会见。”
6,move,158,sys_0&place_4&love_ge_2,要走了吗？\n{TargetName}没有挽留，只是抬起眼睛安静地看了{PlayerName}一会。\n“……那等会见。”
7,move,158,sys_1&sys_4&place_6,{PlayerNickName}，在这里啊。
8,move,158,sys_1&sys_4&place_6&love_ge_1&not_in_dor&not_follow_1&assistant_live_together_off&not_assistant&not_in_dr_off,{PlayerNickName}。\n{Name}没有多说什么，只是放慢了脚步，像是本就打算走到这里。
9,move,158,sys_1&sys_4&place_6&love_ge_3&high_2&instruct_judge_high_obscenity,{PlayerNickName}，过一会有空吗。\n守林人站在{PlayerName}身边，伸手拉住了对方的衣角，很快又松开。\n“……陪我一会。”
10,move,158,sys_1&sys_4&place_8&love_2,去{TargetSceneName}。\n守林人悄无声息地离开了房间。
11,move,158,sys_1&sys_4&place_8&love_ge_3&high_1,过来一下……\n守林人走到{PlayerName}面前，踮起脚在对方脸颊上轻轻碰了一下，随即移开视线。\n“……等会见。”
12,move,158,sys_1&sys_4&place_8&love_0_or_le_2,有点事情，等会再见，{PlayerNickName}。
13,move,158,sys_1&sys_4&place_is_h&high_10&CVP_A1_A|30_GE_3&CVP_A1_A|33_GE_5&CVP_A1_G_GE_3,这次就算了。下次……\n守林人盯着{PlayerName}看了一会，没有把话说完，转身离开了房间。
14,move,158,sys_1&sys_4&place_is_h&high_10&CVP_A1_G_GE_2,装作什么都没有看见，守林人轻轻叹了口气，低着头快步离开了房间。
15,move,158,sys_1&sys_4&place_is_h&high_10&CVP_A1_G_GE_3,守林人红着耳尖走近正在享受中的{PlayerName}，\n“……不打扰你们。玩……尽兴。”\n说完便转身离开了房间。
16,move,158,sys_1&sys_4&place_is_h&high_10&CVP_A1_G_GE_3,平静地注视着正享受着的{PlayerName}。\n想要说些什么的守林人最终抿紧了嘴唇，悄无声息地离开了房间。
17,move,158,sys_1&sys_4&place_is_h&high_10,“……我先走了。你们继续。”\n守林人快步离开了房间。
18,move,158,sys_1&sys_4&place_is_h&place_6&high_10&CVP_A1_G_GE_2,一进入房间就看到正和别的女孩子缠在一起的{PlayerName}。\n守林人没有说话，只是安静地站了一会，转身离开。
19,move,158,sys_1&sys_4&place_is_h&place_6&high_10&CVP_A1_G_LE_2,{PlayerNickName}，有人找……\n刚进入房间就注意到什么的{Name}僵住了脚步。\n“……打扰了。”
20,chat,158,sys_0,“弩箭比人可靠。每天都有保养。”\n“倒是博士一直坐着处理文件，该出去走动。”\n守林人朝{PlayerNickName}虚比了一下弩的准星。\n“小心被阴影中不怀好意的眼光盯上。”
21,chat,158,sys_0,“Firewatch。本意是护林员。”\n“反正都一个样子，名字只是代号而已。”
22,chat,158,sys_0,“没听说过。”\n“博士，别信那些没影的事。”\n守林人淡淡地看了{PlayerNickName}一眼。
23,chat,158,sys_0,“训练是必要的。”\n“哦对了，不许动我的狙击镜。”\n守林人挎着弩，语气平静。
24,chat,158,sys_0,“我没有去处了。”\n“留在这里，就这样。”
25,chat,158,sys_0,“留在罗德岛？也没有其他地方可以留下我了。”\n“……真正的理由？复仇。”
26,chat,158,sys_0,“我对乌萨斯的情报一无所知”\n“像个无头苍蝇一样，但总会有那一天的，总会有......”
27,chat,158,sys_0,“五年战斗经验？没错。”\n“看着年轻？几岁孩子与三十岁成年人射出的弩箭，造成的伤害一样大。”
28,chat,158,sys_0,“黑小姐的弩箭比较残暴。”\n“让人想起一些不好的东西。”
29,chat,158,sys_0,“游击队？”\n“......”
30,chat,158,sys_0,“我的种族？埃拉菲亚。”\n“角上落了雪，眼睛能看得很远。”\n“靠着这个，在边境的林子里活下来。”
31,chat,158,sys_0,“凯尔希女士说的话……很难懂。”\n“我讨厌谜语人。”\n“抱歉，至少她不是猎物，虽然我还是不喜欢谜语人”\n“尤其是什么都懂的”
32,chat,158,sys_0&eat_time,“吃什么好。”\n守林人看了一眼食堂的方向，“……以前在林子里，没空想这个。”
33,chat,158,sys_0&in_din&high_5,“罗德岛上有很多人喜欢吃辣。”\n“林子里面能找到带辣味的东西，多数还是要警惕。”
34,chat,158,sys_0&in_din&high_5,{TargetName}看着手里的菜单。\n“还是满丰盛的。”\n“不用太讲究。”
35,chat,158,sys_0&love_ge_1,“……本来任务结束就该走了。”\n“现在，暂时不想走了。理由？……自己想。”
36,chat,158,sys_0&love_ge_1,“等会还有值班。”\n守林人调整着电台肩带，“…...没人明令禁止偷懒这一行为吧。”\n“那也不错。”
38,chat,158,sys_0&love_4&high_2,“昨天做了什么？”\n“……在{PlayerNickName}身边。”\n“今天也是。”\n守林人别过脸，声音很轻，“……明天，也是。”
39,chat,158,sys_0&love_4&high_5,“下次去哪里？……没有特别想去的地方。”\n守林人握住{PlayerName}的手，安静地看了对方一会。\n“……重要的东西已经在身边了。”
40,chat,158,sys_0&love_ge_1,“罗德岛与那片林子一样安静。”\n守林人抚过弩弦。\n“……能待在这里，挺好的。博士……没事。”
41,chat,158,sys_0&love_ge_1,“我的弩，没有源石技艺。”\n“我的源石技艺？”\n守林人顿了顿，“趴在地上让人看不见算吗。”
42,chat,158,sys_0&love_ge_1,“没听说过的名字。”\n“……双面恐鱼？没兴趣。”\n守林人擦着箭杆，“名字再多，也只是名字。”
43,chat,158,sys_0&love_ge_1,{TargetName}拿起桌上那瓶蓝色的洗手液，皱起眉头。\n“配方不达标，就是工业垃圾。”\n守林人把液体倒进水槽，“……这种东西，用了会害人。”
44,chat,158,sys_0&love_ge_1,“游击队的上司？”\n“老队长已经死了。”\n守林人想了想，“……可能跟你有点像。”
45,chat,158,sys_0&love_ge_1,“花？……谢了。”\n守林人接过花朵，低头看了一会。\n“……以前林子里，这个季节也开白花。”\n“收下了。……有心了。”
46,chat,158,sys_0&love_ge_1,“专门买的？……嗯。”\n守林人把花别在胸前，没有多说什么。\n“……花语什么的，不必讲。”\n“能记住我，就够了。”
47,chat,158,sys_0&love_ge_1,“将军……”\n守林人安静地推着棋子，“……这一步，你输了。”
48,chat,158,sys_0&love_ge_1&love_0_or_le_2,“为什么走到这一步？……因为当时，我就在那里。”\n“责任、报酬，说不上哪个重要。……大概，也没有别的路。”\n守林人望着远处，“……就这样了。”
49,chat,158,sys_0&love_ge_1&love_0_or_le_2,通讯器响了起来。\n“抱歉，稍等。”\n“是我……明白……后天交报告。”\n“……知道了。明天解决。”\n挂断后，守林人揉了揉眉心，“……麻烦的事。”\n“刚才说到哪了？”
50,chat,158,sys_0&love_ge_1&love_0_or_le_2,通讯器震动起来。\n守林人看了一眼{PlayerName}，走远了一些接起电话。\n“……延长申请……谢谢。”\n“……条件……可以。”\n挂断电话，守林人走回来，“……抱歉。刚说到哪了？”
51,chat,158,sys_0&love_ge_2&high_1,“下棋？会的。山野林间，总得有点消遣。”\n“师傅教的。……算不上多厉害。”\n“听说大炎有象棋……有机会，想学。”
52,chat,158,sys_0&love_ge_2&high_1,“为什么离开那边的工作？”\n守林人想了想，“……厌倦了。被人呼来喝去，报酬也没多到值得留下。”\n“想找个安静的地方待着……结果，还是被找到这里。”
53,chat,158,sys_0&love_ge_2&high_1,“游乐园？”\n守林人看着递过来的票，没接。\n“……高处我待惯了。那种地方，太吵。”\n“下次，去林子边上走走吧。”
54,chat,158,sys_0&love_ge_2&high_1,“体重？……不答。”\n守林人看了{PlayerNickName}一眼，“问女孩子这个……会没朋友的，博士。”
55,chat,158,sys_0&love_ge_2&high_1,“头发？不用摸。我自己会打理。”\n守林人把垂落的发丝拢到耳后，“……战场上，头发碍事，得束起来。”
56,chat,158,sys_0&love_ge_2&high_1,“我真的走出那片白桦林了吗”\n“名为守林人的灵魂已经死了，只是留下一具等待复仇的躯壳罢了。”
57,chat,158,sys_0&love_ge_2&high_1,“小时候从来没有想过，自己会有这样一天。”\n“也许我真的死在了那片林子里”
58,chat,158,sys_0&love_ge_2&high_1,“追求的东西？”\n守林人沉默了一会，“……一开始，想过普通的日子。”\n“现在？能在想休息的时候休息，就够了。”\n“在那座城活过的人都知道……你以为有选择，其实从一开始就没有。”
59,chat,158,sys_0&love_ge_2&high_1,“一些注视你的视线是包含恶意的。”\n“即使在罗德岛，您也并不安全。”
60,chat,158,sys_0&love_ge_2&high_1,“对过去的上司怎么看？”\n“不想谈。”\n“……算了，认真说的话——讨厌，但没到恨。”\n“被使唤惯了，倒也比电话那头看不见脸的家伙，好上那么一点。”
61,chat,158,sys_0&love_ge_2&high_1,“读书？……荒废了。”\n“边境没那么多书。能识得字，看得懂地图，就够了。”\n“要说的话……野外生存，比书本有用得多。”
62,chat,158,sys_0&love_ge_2&high_1,“卡西米尔的所谓骑士只是啃食底层血肉的蛀虫。”\n“乌萨斯军队攻进来的时候，他们只是逃跑而已。”
63,chat,158,sys_0&love_ge_2&high_2,“白桦林还是针叶林？”\n“村落在前面”\n“河流的彼岸就是我的家乡”\n“族人们的眼眸，我永远都忘不了”
64,chat,158,sys_0&love_ge_2&in_din,“博士，请注意饮食”\n“少吃点饿不死你。”\n“嗯，话有些重了，对不起。”
65,chat,158,sys_0&love_ge_2&t_desire_ge_5&high_1,“衣服？方便行动的设计而已。”\n守林人扯了扯衣摆，“……想掀？不行。”\n“……又不是拿来给你看的。”
66,chat,158,sys_0&love_ge_2&t_wear_bra,“……在看什么？”\n守林人拽了拽衬衣，“别看了...”
67,chat,158,sys_0&love_ge_2&t_wear_socks&high_1,“袜子颜色？……看心情。”\n守林人低头看了一眼自己的足，“……这种问题，博士还是少问。”
68,chat,158,sys_0&love_ge_3&high_2,“东国的温泉旅馆？……没去过。”\n“也许会比河边舒服？”\n“……算了，应该比不上罗德岛的浴室。”
69,chat,158,sys_0&love_ge_3&high_2,“那些叛徒，绝不会放过。”\n“但只要留在这里......”\n“好想解脱啊”
70,chat,158,sys_0&love_ge_3&high_2,“{PlayerNickName}不怕我吗？”\n“请对所有人保持提防的态度，就算是我也不能例外。”
71,chat,158,sys_0&love_ge_3&high_2,“有时候也想过，为什么会走到今天。”\n“但现在能留在{PlayerNickName}身边，这个问题……好像也不重要了。”\n守林人别开视线，“……能一直这样下去，就好。”
72,chat,158,sys_0&love_ge_3&high_2,“以后怎么办？……没想过。”\n守林人握紧手，“家，早就不在了。……罗德岛，是我现在待的地方。”
73,chat,158,sys_0&love_ge_3&high_2,试着问了问守林人关于故乡的事。\n“故乡吗……”\n守林人沉默了很久，“……一片烧过的林子。想不起别的了。”\n“……不说这个了。”
74,chat,158,sys_0&love_ge_3&high_2,问了问守林人小时候的事。\n“……小时候？住在边境的林子里。”\n“父亲是猎户，母亲认得草药。日子过得紧，但不算苦。”\n“后来……村子没了。就没什么好说的了。”\n守林人垂下眼睛，“……现在能安稳待着，挺好。”
75,chat,158,sys_0&love_ge_3&high_2,“危险的工作，会不会被担心？”\n“……他们已经不在了。很多年前。”\n守林人停了一会，“……别道歉。习惯了。”\n“能活着就够了。”
76,chat,158,sys_0&love_ge_3&high_2,“梦想？……那东西，早就埋在雪里了。”\n“边境的孩子，第一个学会的是活着，不是做梦。”\n守林人看着{PlayerName}，“……不过，看你还在做，倒也不坏。”
77,chat,158,sys_0&love_ge_3&high_2,“现在的目标？……有。”\n守林人停下擦拭弩的手，“……第一件，是查明当年的真相。”\n“然后……赎清自己该赎的。”\n“这些事情，得自己去做。……就算是你，也不能插手。”\n“借助罗德岛的力量，就是另一回事了”
78,chat,158,sys_0&love_ge_3&high_2,“{PlayerNickName}是不是调查过我的事？”\n“……想帮我？那就什么都别做。”\n守林人转过头，“……只是不想把你卷进来。等事情了结，我自然会站到你身边。”
79,chat,158,sys_0&love_ge_3&high_2,通讯器响了起来。\n“……我不该买太多稀奇古怪玩意的。”\n守林人盯着震动的通讯器，“推销电话打来还不够他们话费的。”\n“……比起那个，刚说到哪了？”
80,chat,158,sys_0&love_ge_3&high_2,“……一定要问吗？”\n“为什么是你？……嗯，大概因为，你敢挡在我前面吧。”\n守林人别过脸，“……在这之前，没人会那么做。”\n“……就这样。别问了。”
81,chat,158,sys_0&love_ge_3&high_2,“……一开始，确实只是想找个地方落脚。”\n“结果，在这里待惯了，不想走了。”\n“留下来不只是因为这里安静……最重要的是，想待在你身边。”
82,chat,158,sys_0&love_ge_3&high_2,尝试着和正在看笔记的{TargetName}搭话。\n“……这不是笔记。是以前林子的地图。”\n守林人合上本子，“……有些地方，还想回去看看。……嗯，没什么。”
83,chat,158,sys_0&love_ge_3&high_2,靠在{PlayerName}肩膀上的守林人安静地闭上眼睛。\n“……{PlayerNickName}，既然选择了我，就别再靠近别人了。”\n“……至少，在我面前。”
84,chat,158,sys_0&love_ge_3&high_2&t_desire_ge_7&high_10&instruct_judge_h&place_furniture_ge_1&place_0&place_10,“……就我们两人了呢。”\n守林人走到{PlayerName}身边坐下，抬眼看了对方一下。\n“……不做些什么吗？”\n说着，在{PlayerName}脸颊上轻轻碰了一下，随即移开视线。
85,chat,158,sys_0&love_ge_3&in_dr_off&time_night&high_2,入夜后，守林人坐在窗边，望着远方。\n“……在看星星？不。在看北边。”\n“{PlayerNickName}……如果有一天，一切了结了。”\n“陪我回林子看看，好吗？”
86,chat,158,sys_0&love_0_or_le_2,“刚才被凯尔希女士不怀好意的盯了一会。”\n守林人顿了顿，“她就像是受惊的小猫。”
87,chat,158,sys_0&t_is_assistant,{TargetName}有些困扰地摆弄着头发，“……明明以前还没心思梳理头发来着。”
88,chat,158,sys_0&t_is_assistant,{TargetName}认真地确认着日程表，“……稍等。”\n“好了。{PlayerNickName}有什么事？”\n“助理的工作，我会做好。……只要不给我添麻烦就行。”
89,chat,158,sys_0&t_is_assistant&love_ge_3,{PlayerNickName}，接下来的任务，我已经安排好了。\n“……还有，明天的文件，凯尔希女士等着要。”\n“……就这样。累了的话，随时可以休息。”
90,chat,158,sys_0&t_is_assistant&love_0_or_le_2&tired_ge_50,“……嗯。”\n守林人小小地打了个哈欠，“……最近事情多了点。”\n“答应了当助理，多少得做点样子。”
91,chat,158,sys_0&place_furniture_ge_1&in_din&t_not_follow&high_5,{TargetName}正坐在桌边，手里拿着干粮。\n“{PlayerNickName}，要吗？……普通的饼而已。”\n守林人咬了一口，“……以前出任务，靠这个活。”
92,chat,158,sys_1&sys_4&love_4&t_virgin_0&t_desire_ge_7&place_10&high_10&instruct_judge_h&desire_point_ge_80,{TargetName}慢慢靠近{PlayerNickName}，在耳边低语。\n“……{PlayerNickName}，不打算……做些什么吗？”\n“猎物就在眼前”\n说完，守林人便拉开距离，若无其事地站好。
93,chat,158,sys_1&sys_4&hunger_ge_80,“……咕唔。”\n不知道从哪里传来肚子空空的叫声。\n守林人别过脸，“……不是我。”
94,chat,158,sys_1&instruct_judge_h&high_5&CVP_A1_G_GE_4&CVP_A1_A|34_G_5&sys_4&not_wear_bra,盯着{PlayerName}的{Name}走到对方面前。\n“……看什么。没有就是没有。”\n守林人拉紧衣领，“……想看我出丑，还早。”\n守林人将{PlayerName}的手掌拉到了自己胸前\n“也许触感不太好...”\n“但我允许你享用”
95,chat,158,sys_1&high_5&sys_4&CVP_A1_A|34_GE_5&not_wear_bra&CVP_A1_G_GE_3,不知道为什么{Name}一直盯着{PlayerName}。\n“……{PlayerNickName}，你看够了没有。”\n守林人偏过头，“……再怎么看，也没有。”\n守林人咬牙切齿的俯下一些身子，能透过领口看到微微翘起的乳头\n守林人红着脸跑开了
97,chat,158,sys_1&sys_4&tired_ge_75,“……累。”\n守林人打了个哈欠，“……今晚，值完班就睡。”
98,chat,158,urinate_ge_80,“……嗯。”\n守林人看起来有些坐立不安，双腿不自觉地并拢。\n“……没什么。只是有点……想出去透透气。”
99,chat,158,sys_1&sys_4&wear_bra&wear_pan&CVP_A1_A|34_GE_3&CVP_A1_G_GE_3,被{Name}拉到了房间的角落。\n守林人的身体朝着{PlayerName}贴了上去\n{PlayerName}感觉自己的下体正在被摩擦\n守林人抬眼看了看{PlayerName}，“……有话就说。别拉拉扯扯。”
100,chat_failed,158,sys_0&high_1,“……嗯。”\n守林人微微垂着头，像是有些困了。
101,chat_failed,158,sys_0&high_1,“……没话题了？”\n守林人环顾四周，“……那就散了吧。”
102,chat_failed,158,sys_0&high_1,{TargetName}安静地擦着弩箭。\n“……聊够了。我要去校场了。”
103,chat_failed,158,sys_0&high_5&t_angry_with_player,“……现在别跟我说话。”\n守林人别过脸，手上擦弩的动作没停。
104,chat_failed,158,sys_0&high_5,“……嗯。”\n守林人淡淡地应了一声，没有多说。
105,chat_failed,158,sys_0&high_1&love_ge_1,“……去别处走走？”\n守林人收起弩，“……这附近，我已经勘察过了。”
106,chat_failed,158,sys_0&love_ge_1&high_1,聊着聊着，{TargetName}有些走神，安静地看着手里的箭矢。\n“……嗯？没事。在想，弦该上一些蜡了。”
107,chat_failed,158,sys_0&love_ge_1&high_1,“……唔。”\n守林人托着下巴，安静地看着{PlayerName}，不知在想什么。
108,chat_failed,158,sys_0&love_ge_2&high_1,“……嗯？”\n守林人回过神，“……在看什么？没什么。……刚走神了。”
109,chat_failed,158,sys_0&not_fall&high_1,“……要是能清闲一点就好了。”\n守林人望着远处，“……这阵子，任务排得有点满。”
110,stroke,158,sys_0&high_2&love_0_or_le_2,“……还要摸多久。”\n守林人看了看搭在自己手背上的手。
111,stroke,158,sys_0&high_2,“……嗯。”\n守林人没有抽开手，只是安静地让它放着。
112,stroke,158,sys_0&love_4&high_2&t_desire_ge_7,“……摸够了吗？”\n守林人收回手，“……这种程度，我还忍得住。”\n“……别得寸进尺。”
113,stroke,158,sys_0&love_ge_1,“……？\n守林人盯了{PlayerName}一会，“……怎么了？手凉？”\n“……没事就放下。”
114,stroke,158,sys_0&love_ge_1,“……随你吧。”\n守林人移开视线，没有拒绝。
115,stroke,158,sys_0&love_ge_2,“……别把头发弄乱。”\n守林人继续擦着手里的箭，默许了抚摸。
116,chat,158,sys_0&love_ge_2&high_2,“……想摸肚子？”\n守林人低头看了一眼，“……最近吃得清淡，没什么赘肉。”\n“……摸吧。不过，别太久。”
117,stroke,158,sys_0&love_ge_3,“……唔。”\n守林人微微红了耳尖，抬眼与{PlayerName}对视。
118,stroke,158,sys_0&love_ge_3,“……只是摸手？”\n守林人安静地看着{PlayerName}，“……那就这样吧。……不讨厌。”
119,stroke,158,sys_0&love_0_or_le_2,“……做什么？”\n被抚摸着手指的守林人有些不解地抬头。
120,stroke,158,sys_0&love_0_or_le_2,“……想要什么？”\n守林人没有躲开，“……碰一下，就够了吧。”
121,stroke,158,sys_0&love_ge_3&high_2,“……只是摸手？”\n守林人看了{PlayerName}一会，“……可以。反正，也不讨厌。”
122,stroke,158,sys_0&love_ge_3&t_virgin_0&t_desire_ge_5&place_10&instruct_judge_h,“……这里……”\n守林人将{PlayerName}的手引到自己大腿旁，“……想摸？……哼，随你。”
123,stroke,158,sys_0&love_ge_3&t_virgin_0&t_desire_ge_7&place_10&instruct_judge_h,“……床上可不是让你摸一下就走的。”\n守林人别过脸，声音却低了下去。
124,stroke,158,sys_0&love_0_or_le_2,“{PlayerNickName}还真是随意。”\n守林人把{PlayerName}的手移开，“……够了。”
125,stroke,158,sys_0&not_fall,“……嗯？”\n守林人被吓了一跳，“……刚刚是……\n歪头想了想，没说什么。
126,stroke,158,sys_0&not_fall,“！”\n被从背后触碰的守林人条件反射地握住弩，“……啊，没事。”
127,make_coffee,158,sys_0,“……不必。水就好。”
128,make_coffee,158,sys_0,“……苦的也不错。”\n守林人接过杯子，抿了一口，皱起眉，“……有糖吗？”
129,make_coffee,158,sys_0&CVP_A1_A|43_GE_2&CVP_A1_A|43_LE_4,“……还行。勉强合格。”
130,make_coffee,158,sys_0&CVP_A1_A|43_GE_3&CVP_A1_A|43_LE_5,“……比山泉水香一些。”\n守林人小口啜饮，“……还行。”
131,make_coffee,158,sys_0&CVP_A1_A|43_GE_4,“……有没有糖块之类的。”\n守林人端着杯子，“……不过，有热饮就知足了。”
132,make_coffee,158,sys_0&cook_ge_5,“什么豆子？……气味不错。”\n{Name}喝完了剩下的咖啡
133,make_coffee,158,sys_0&cook_le_1,“……还行。至少没结块。”\n守林人晃了晃杯子，看了看。
134,make_coffee,158,sys_0&love_4&t_virgin_0&t_desire_ge_7&place_10&instruct_judge_h,守林人接过咖啡放到一边。\n“……有心了。不过，我想要的是一些......”\n“……没事。就这样吧。”\n“真的没事......”
135,make_coffee,158,sys_0&love_ge_2,“……嗯，很香。多谢。”\n守林人点点头。
136,make_coffee,158,sys_0&love_ge_3,“……要是有奶会更好。不过，是你泡的，就这样吧。”
137,make_coffee,158,sys_0&love_ge_3,“……辛苦了。喝完歇一会，剩下的交给我。”
138,make_coffee,158,sys_0&CVP_A1_A|43_LE_2&love_0_or_le_2,“……没搅匀。”\n守林人皱着眉，慢慢喝完。
139,make_coffee_add,158,sys_0,“……嗯，多谢。”\n守林人喝了一口，眯起眼睛。\n“……嗯。”
140,make_coffee_add,158,sys_0&cook_2,“……有点香气的，还有别的味道。错觉？”\n守林人一边喝一边想。
141,make_coffee_add,158,sys_0&cook_3,“……还行。咖啡算合格。香气差了点。”
142,make_coffee_add,158,sys_0&cook_4,“……有糖块就好了。”\n守林人眯着眼品着，“……还以为豆子有问题。味道够浓，算了。”
143,make_coffee_add,158,sys_0&cook_ge_5,“什么豆子？……气味不错。”\n守林人慢慢喝完。
144,make_coffee_add,158,sys_0&cook_le_1,“……还行，没结块。不过有股怪味。”\n守林人晃着杯子看了一会，盯着{Name}慢慢喝下。\n“……嗯，也许是什么别的东西。”
145,make_coffee_add,158,sys_0&love_ge_1,“说起来，{PlayerName}知道……游击队员会保持该有的警觉心吧。”\n守林人说着，却还是盯着{PlayerName}的眼睛，接过了杯子。
146,make_coffee_add,158,sys_0&love_ge_2,“……很香。多谢。”\n守林人眨眨眼，“……{PlayerName}，应该不会在里面做什么吧。”
147,make_coffee_add,158,sys_0&love_ge_3,“……要是有奶更好。今天的比平时苦。”\n“不过，是你泡的，就算了。”
148,make_coffee_add,158,sys_0&love_ge_3,“……辛苦了。杯子我来洗。”\n“下次……弄干净点。杯口都黏上了。”\n守林人用指尖擦了擦杯沿。
149,make_coffee_add,158,sys_0&love_ge_3&t_virgin_0&t_desire_ge_7&place_10,守林人接过咖啡放到一边。\n“……有心了。不过我要的不是咖啡。”\n“……算了。今天就这样吧。”
150,make_coffee_add,158,sys_0&not_fall&cook_le_1,“……没搅匀，味道也怪。”\n守林人皱着眉，还是勉强喝了下去。
151,ask_make_coffee,158,sys_0&love_0_or_le_2,“……真的行？我只会泡速溶的。”
152,ask_make_coffee,158,sys_0&love_0_or_le_2,“……磨豆子太麻烦。还得看着火。”\n“……不过，能不去站岗，倒是好事。”
153,ask_make_coffee,158,sys_0&love_ge_3,“……咖啡要适量。”\n守林人过来端走杯子，“……偶尔熬夜可以，把身子熬坏了，我会不高兴的。”
154,ask_make_coffee,158,sys_0&love_ge_1,“……正好最近，翻了几页讲咖啡的书。”
155,ask_make_coffee,158,sys_0&love_ge_2,“……我知道咖啡对你很重要，也别喝太多。”\n“……偶尔试试别的？比如……嗯，还是算了。被凯尔希女士知道，又要说教。”
156,ask_make_coffee,158,sys_0&love_ge_3,“……辛苦。今天的咖啡我来泡。”\n“你趁这时间，多歇一会。”
157,make_food,158,sys_0&high_1,“……嗯，我看着你做。帮忙洗菜可以。”
158,make_food,158,sys_0&love_ge_1&high_1,“……希望做清淡点。我不吃甜。”
159,make_food,158,sys_0&love_ge_2&high_1,“……盐放多了？我倒觉得刚好。……知道了，下次少放。”
160,make_food,158,sys_0&love_ge_3&high_1,“……下次一起揉面？理由……嗯，面团太硬，揉不动。”\n“……再问下去，我可要生气了。”
161,make_food,158,sys_0&love_ge_3&high_1&CVP_A2_A|43_LE_3,“……最近学了点东西。这次我来掌勺？”\n“……手指？嗯，没事。”\n守林人慌慌张张地把缠了绷带的手指藏起来。\n“……不碍事。不耽误拿弩。”
162,make_food,158,sys_0&love_ge_2,“……抱歉，这次也没帮上忙。吃完我来洗碗。”
163,make_food,158,sys_0&high_1&love_0_or_le_2,“……做饭？以前在野外，自己开火。……让我打下手，不碍事吧。”
164,eat,158,sys_0,“……还行的味道。比起野外行军时的干粮，强多了。”\n“以前出任务，都没好好吃过饭。”
165,eat,158,sys_0,“……嗯。要是有口热汤就好了。”\n“……不过，这样也不坏。”
166,eat,158,sys_0,“……吃多了，手会钝。”\n守林人放下碗，“……七分饱，正好。”
167,eat,158,sys_0&pl_action_food_normal,“……比丛林里寻来的东西好吃。”
168,eat,158,sys_0,“……{FoodName}的味道……还行。”\n守林人斟酌着用词。
169,eat,158,sys_0&love_0_or_le_1&pl_action_food_sement_hidden&t_find_food_weird_flag_0,“……这味道……怪。失陪一下。”\n守林人皱着眉起身。
170,eat,158,sys_0&love_4,“……不错的味道。”\n守林人别过脸，“……嗯。没什么。吃饭吧。”
171,eat,158,sys_0&love_ge_2,“……这味道，让我想起小时候的野菌汤。……嗯，完全不一样就是了。”
172,eat,158,sys_0&love_ge_3&pl_action_food_normal,“……很不错。让我想起从前……在林子里的日子。”\n“不是出任务。是更早以前。”
173,eat,158,sys_0&love_ge_3&t_virgin_0&t_desire_ge_7&place_10&instruct_judge_h,“……嗯。不够浓。”\n守林人舔了舔嘴唇，“……要是……能加点山珍就好了。……开玩笑的。”
174,rest,158,sys_0,“……辛苦了。”
175,rest,158,high_1,“……我也歇一会。”\n守林人坐在{PlayerName}身边。
176,rest,158,high_1,“……嗯。”\n守林人舒展了一下肩膀。
177,rest,158,sys_0&love_ge_1,“……今天也辛苦了。醒来，要喝水吗？”
178,rest,158,sys_0&love_ge_2,“……累了？那歇一会。工作辛苦了，{PlayerNickName}。”
179,rest,158,sys_0&love_ge_2,“……毛毯，别着凉。”\n守林人递过一张毛毯。
180,rest,158,sys_0&love_ge_3,“……累了？辛苦了。在这歇一会吧。”\n守林人拍了拍身边的位置，安静地坐着。
181,rest,158,sys_0&love_ge_3,“……累了？”\n守林人扶着{PlayerName}，让对方靠在自己腿上。\n“……辛苦了。歇一会吧。”\n说着，轻轻抚弄{PlayerName}的头发。
182,rest,158,sys_0&love_ge_3&place_10,守林人安静地靠在{PlayerName}肩上。\n“……没什么。只是，这样挺好。”
183,rest,158,sys_0&love_ge_3&place_furniture_ge_1,“……嗯。”\n守林人安静地靠在{PlayerName}怀里。
184,rest,158,sys_0&love_ge_3&place_furniture_ge_1,守林人拿出棉签，示意{PlayerName}躺到自己腿上。\n“……要帮你掏掏耳朵，放松一下吗？”
185,rest,158,sys_0&place_10&love_3&place_furniture_ge_1,“……嗯。”\n守林人安静地依偎在{PlayerName}怀里。
186,rest,158,sys_1&sys_4&love_ge_2&place_0,“……让我靠一会。”\n{Name}靠在{PlayerName}肩上，闭上了眼睛。
187,kiss_h,158,love_0_or_le_2&sys_0,“……啾。嗯。……只是满足你一下。”\n亲了一下就放开，守林人轻推开{PlayerName}。
188,kiss_h,158,love_0_or_le_2&sys_0,闭眼承接亲吻的守林人，有些不安地推着{PlayerName}的胸口。\n“......有时候不太能共情这样的爱意”\n“本来应该是恋人才能做的事情吧”
189,sleep,158,sys_0&love_ge_1&time_night,“……要睡了？那明天见。”
190,sleep,158,sys_0&love_ge_2&time_night,“……嗯。晚安。”
191,kiss_h,158,love_0_or_le_2&sys_0,“……嗯……呼……”\n分开嘴唇的守林人看了{PlayerName}一眼。\n“……下次，不许把舌头伸进来。”
192,kiss_h,158,penis_in_t_hand&sys_0,一只手扶着肉棒缓慢撸动，一只手撩起散落的发丝准备接吻的守林人低垂下眼睛。\n“……{PlayerName}要求真多。”
193,sleep,158,sys_0&time_night,“……晚安。”
194,follow,158,sys_0,“……嗯。去哪？”
195,follow,158,sys_0&not_assistant&high_1,“……{PlayerNickName}也是溜出来的？……走吧，别让人看见。”\n“说的就是凯尔希”
196,follow,158,sys_0&love_ge_1&high_1,“……工作做完了？别让阿米娅着急。”
197,follow,158,sys_0&love_ge_1&high_1,“……正好。我也要出去巡一圈。一起吧。”
198,follow,158,sys_0&love_ge_2,“……来找我的？”\n守林人抬眼，“……嗯。没事，走吧。”
199,follow,158,sys_0&love_ge_2,“……去哪？……随你。反正我也没事。”
200,follow,158,sys_0&love_ge_3&high_2,“……{PlayerNickName}的邀请。去哪都行。”
201,follow,158,sys_0&love_ge_3&not_assistant&high_1,“……嗯，走。值班？已经交代好了。”\n“今天……都留给你。”
202,follow,158,sys_0&love_ge_3&high_1,“……觉得我在等你？……嗯，你想多了。”\n守林人移开视线。
203,follow,158,sys_0&love_0_or_le_1,“……嗯。正好想翘班。找个隐蔽的角落，歇一会。被抓到就糟了。”
204,follow,158,sys_0&t_desire_ge_7&t_virgin_0&love_ge_3&place_10&instruct_judge_h,“……{PlayerNickName}，是真的来找我？还是……想要什么？”\n守林人安静地看了{PlayerName}一会，“……要的话，直说。……温柔点就行。”
205,end_follow,158,sys_0,“……到这里就分开？好。”
206,end_follow,158,high_1,“……那先在这里分开吧。”
207,end_follow,158,love_ge_2,“……这就走了？”\n“……嗯。下次再叫我。”
208,apologize,158,sys_0&love_ge_2,“……嗯……嗯。”\n守林人听着道歉，点了点头。\n“……好了，我知道了。下次别再犯。”
209,apologize,158,sys_0&love_ge_3,“……说说，为什么要这么做？”\n“……嗯，我在听。”守林人平静地看着{PlayerName}。\n“……能明白我为什么生气，就好。”\n“看到你这么认真……这次，就原谅你了。”
210,apologize,158,sys_0&love_0_or_le_2,守林人抱着手臂，听着道歉。\n“……呼……好吧。这次就算了。”\n“再有下次，就不只是道歉这么简单了。”
211,apologize_failed,158,sys_0,“……你是真的在反省吗？”\n守林人皱起眉。
212,apologize_failed,158,sys_0&love_ge_2,“……。”
213,listen_complaint,158,sys_0,“……{PlayerName}，我有些事情……”\n守林人难得发起了牢骚。
214,listen_complaint,158,sys_0&love_ge_2,“……听我说……我觉得不行……总之……”\n守林人抓着{PlayerName}的衣角，难得话多了起来。
215,confession,158,sys_0&high_999,“……\n守林人安静地直视着{PlayerName}的双眼。\n过了许久，她才轻轻点头。\n“……可以。”\n“……你说，想让我一直待在你身边。……那我，就待在你身边。”\n“……就让你成为我的牵挂。”\n守林人抱住{PlayerName}\n“……只要你想，我就一直在这里。”\n“……我这样的人，不配被谁温暖。但你……不一样。”\n“……抱紧我。好吗？”\n“……即使在林中待惯了，其实也会怕黑。”\n“……但现在有你在身边。……如果是你，我愿意相信。”\n…………\n……\n\n她在怀中安静了很久，手紧紧攥着{PlayerName}的衣角。\n\n“……那我们，算是恋人了吗？”\n守林人不放心似地，抬眼望着{PlayerName}。\n“……嗯。”得到了肯定的回答，她轻轻点头，依偎进{PlayerName}怀里。
216,confession_failed,158,sys_0&CVP_A3|158_G_GE_2,“……你的心意，我收下了。”\n“……但是，我还有许多事情没能完成。”\n“请给我一点时间，好吗？”\n“……不是讨厌你。”
217,confession_failed,158,sys_0&love_1,突然收到告白，守林人迷惑的盯了{Name}一会。\n“……对不起。我不能接受。”\n“……最近，确实有在想你的事。但……还没到那一步。”\n“……如果是你，至少不需要把我当作重要的一半。”
218,confession_failed,158,sys_0&love_2&high_2,“……啊……”\n守林人的耳尖肉眼可见地泛红。\n“……那个……”\n她低着头，捏着衣角，像是挣扎了很久。\n“……还是……不行。{PlayerNickName}，对不起。”\n“……想到你，心里会开心。想和你多待一会。”\n“……但是，成为恋人这件事，很重要。我还没有勇气，说能永远待在你身边。”\n“……所以，再给我一点时间，好吗？”
219,confession_failed,158,sys_0&not_fall,“……一上来就告白？”\n守林人垂下眼，“……我们还不熟悉。”\n“……我的复仇还未完成。”\n“……牵挂只是累赘。”
220,h,158,high_2&love_0_or_le_2&sys_0,“……不行……”\n守林人低下头，拒绝了{PlayerName}。\n“……还是算了，毕竟还不是真正的家人。”\n“……啊……等……”\n虽然嘴上拒绝，却还是被{PlayerName}推倒了。\n“……被当成猎物了。”
221,h,158,love_0_or_le_2&place_11&sys_0&high_10,“……一定要在这里吗？”\n守林人扯了扯{PlayerName}的衣袖，“……这里还有别人。要做，也别太激烈。”\n“……处理完，就快点结束。”
222,h,158,love_0_or_le_2&sys_0,“……多了个处理博士性欲的工作。”\n守林人淡淡叹了口气，“……虽然，也是自作自受。”\n“……算了。总之……温柔点。”
223,h,158,love_0_or_le_2&place_exposed&sys_0,守林人有点紧张地看着四周，用手遮挡住重要部位。\n“……真的要在这里？被看到怎么办……”\n“……好了，知道了。我脱就是。”\n“享受完，就快点结束。”
224,h,158,place_exposed&place_furniture_ge_1&love_ge_2&sys_0&high_2,守林人坐在合适的位置上，拘谨地调整姿势，不安地看着{PlayerName}。\n“……在{SceneName}做，会被人发现。”\n“……好吧。”她移开视线，“……真拿你没办法。在别人发现之前……快点完事。”
225,h,158,love_0_or_le_2&sys_0,“…...为什么，非要我陪你做这种事。”\n守林人转过头去。\n“……就算求我，这也不是我来罗德岛的初衷。”\n“……好吧。”在多次恳求后，她放弃似地叹了口气，“……别抱什么奇怪的期待。只是……帮你解决一下性欲而已。”
226,h,158,love_0_or_le_2&sys_0&t_happy_mark_ge_1,轻轻叹了口气的守林人露出无奈的表情，“……知道了。”\n“……但是，别急。”她移开眼神，伸手按住了伸过来的性器。\n“我没有那些小众的爱好。”
227,h,158,love_0_or_le_2&sys_0&t_happy_mark_ge_1,“……？”\n守林人一边脱掉多余的衣服，一边盯着{PlayerName}的身体。\n“……不是因为舒服才同意的。”\n“……只是嫌麻烦。……要是拒绝，你八成会一直缠着，还可能去祸害别的干员。”\n守林人微红着脸闭上眼睛，长长吐息，“……不过，也不讨厌和你做就是了。”\n“……你也可以多动动。老坐着，身体会僵。”说到最后，声音越来越小。
228,h,158,love_0_or_le_2&sys_0&t_happy_mark_3,“……\n被邀请做舒服的事的守林人，表面平静，脸颊却染上淡淡的绯红。\n“……也不是不愿意。帮你释放一下性欲，还能……顺便……\n“……但竟然被你弄成这样。气氛一好，就答应和你做……”\n准备好了的守林人，露出苦恼的表情，“……有种微妙的败北感。明明还不是恋人……{PlayerNickName}，要负责。”
229,h,158,love_0_or_le_2&is_assistant&sys_0&high_5,被邀请H的守林人露出迷惑的表情。\n“……作为助理，还要处理这种事吗？”\n“……虽然知道你在开玩笑，但合约上确实没写……”\n“……虽然不太清楚......唉……”守林人叹了口气，“……那就还请不要去祸害其他干员。”\n“……希望你别想些奇怪的。”
230,h,158,love_0_or_le_2&is_assistant&high_2&sys_0&t_happy_mark_ge_1,“……又需要处理了？”\n被揉着胸的守林人叹了口气，“……知道了。这是助理的工作。”\n“……你别老给我添麻烦。舒服地射出来，就去好好工作。”\n“……还有，事后自己收拾。”
231,h,158,love_0_or_le_2&sys_0&t_happy_mark_ge_1,“……行。”\n守林人叹了一口气，“……入职的时候很难想象到还会有这种工作。”\n“准备一下吧。”\n她拍了拍身边的位置，“……过来。”
232,h,158,love_0_or_le_2&love_ge_1&sys_0&t_happy_mark_ge_1,守林人推开凑上来的{PlayerName}，“……让我准备一下。”\n沉默着脱掉衣服叠好，做好心理准备的守林人，抓住{PlayerName}的手放在自己身上。\n“……没什么。和你做……不算反感。”\n“……毕竟，只是让你释放性欲的话，很快就结束了。”\n微红着脸的守林人移开视线，“……但是，说到底这只是顺带的工作。……要是想增进感情，还是……正常交往比较好。”
233,h,158,love_0_or_le_2&place_covert&sys_0,“……想在这里做？”\n接受了邀请的守林人微红着脸，低头解开衣服。\n“……真拿你没办法。”她转过身，“……快点发泄完就结束吧。”
234,h,158,love_0_or_le_2&place_covert&place_furniture_ge_1&sys_0,“……已经这么想要了？”\n察觉到{PlayerName}的手伸进衣服里的守林人，有些无奈地抬头。\n慢慢解开衣服，找个合适的地方坐下，对着{PlayerName}招了招手。\n“……让你那个快点射出来，就可以了吧。”\n看着{PlayerName}勃起的阴茎，守林人无奈地叹了口气。
235,h,158,t_virgin_1&love_ge_2&high_5&sys_0,被{PlayerName}邀请着上床的守林人，微红着脸点点头。\n“……嗯。可以。”\n“……虽然，还没真正做过……”守林人咬着嘴唇，声音变小。\n“……当女孩子同意了，就别再多嘴。”
236,h,158,t_virgin_1&love_ge_2&high_5&sys_0,“……诶。”\n似乎没想到会被突然邀请H的守林人，眨了眨眼，有些呆地看着{PlayerName}。\n“……啊，嗯。好。”下意识地红着脸同意了。\n“……啊……只能许你不那么过分的。”\n回过神来的守林人捂住发热的脸，偷偷用眼睛瞄着{PlayerName}。\n“……事后，也要好好负责，对吧。”
237,h,158,t_virgin_1&love_ge_3&high_999&sys_0,轻轻点头同意的守林人，牵起{PlayerName}的手放在自己腰间。\n“……嗯。可以。”\n“……因为是恋人。结合，加深感情，都是自然的事。”\n脸颊染上红晕的守林人靠在{PlayerName}肩上，轻轻抱住。\n“……我还是第一次。……多亏忍得住。”\n“……如果是你，我愿意交给你。”\n“……温柔一些……可以吗？”\n略微有些紧张害怕的守林人，抱紧了{PlayerName}，在耳边低语，放松了腰肢，任由{PlayerName}将自己推倒。
238,end_h,158,love_0_or_le_2,“……满足了？”\n逐渐平复呼吸的守林人，无奈地看着{PlayerName}，“……这样的话，暂时不用再H了吧。”\n淡淡叹了口气，守林人重新扎起散落的头发。
239,end_h,158,love_0_or_le_2&hp_low&high_2,“……累了？辛苦了。”\n看着瘫坐着难以再起的{PlayerName}，守林人轻轻叹了口气，帮忙清理了一下。\n“……不快点穿上衣服，会感冒。”
240,end_h,158,love_0_or_le_2&last_cmd_breast_caress&high_5,守林人娇嫩的乳房在{PlayerName}的手掌下起伏。\n“……说结束之前，再多揉一会……”\n“多揉揉，也不会变大。”守林人轻叹，“……既然结束了，就放开吧。”
241,end_h,158,love_0_or_le_2&last_cmd_clit_caress&high_5,“……嗯。”\n守林人发出细微的呻吟，轻颤着刚刚被抚摸过的阴蒂。\n“……呼……唔……”逐渐平稳呼吸的守林人，捂住下身，别开视线，“……结束了呢。”
242,end_h,158,love_0_or_le_2&last_cmd_deep_throat&high_5,感受着阴茎慢慢从喉咙深处拔出，守林人捂着脖子咳嗽起来。\n“……咳……咳咳……要结束，也别那么激烈。咳……”
243,end_h,158,love_0_or_le_2&last_cmd_finger_insertion&high_5,被手指塞住的小穴，随着手指抽出，变回原本紧致的形状。\n揉着有些酥麻的小腹，守林人露出些许疲倦。\n“……让我歇一会……呼……这种程度，我自己会清理。”
244,end_h,158,love_0_or_le_2&last_cmd_footjob&high_5,“……要结束了？”\n放松下来的守林人，抬起被体液弄脏的脚。\n“……话说，真的不用去看医生吗？”\n看着脚边的阴茎，“……喜欢被踩，我记得是心理疾病。”\n“……罢了。你喜欢，就算了。”
245,read_book,158,high_1&love_0_or_le_1&sys_0,跟着看了一会的{Name}，似乎觉得无聊了。\n“沙……沙……”拿出随身带的兽皮书翻看起来。
246,end_h,158,love_0_or_le_2&last_cmd_makeing_out&high_2,慢慢恢复平静的守林人，轻轻吐息着，按住放在小腹上的手。\n“……结束后，知道帮女孩子缓解快感。……{PlayerNickName}还算负责。”\n“……但是结束后还这么乱摸，可算性骚扰。”
247,end_h,158,love_0_or_le_2&t_kiss_0&last_cmd_kiss_h&high_5,结束亲吻后，守林人按住{PlayerName}的胸口推开。\n“……呼。结束了。”\n“……嗯，还算可以。”
248,end_h,158,love_0_or_le_2&t_kiss_0&last_cmd_kiss_h&high_5,在稍微缠绵了一会之后，守林人离开了怀抱。\n“……嗯……感觉还不错。”\n守林人轻触自己的嘴唇，“……不过，还不是恋人。结束时的亲吻……只算额外服务。”
249,end_h,158,love_0_or_le_2&penis_in_t_mouse&high_5,还咬着阴茎的守林人，从下面看着{PlayerName}的脸，松开嘴拍了拍{PlayerName}的大腿示意放开。\n“……{PlayerNickName}，有……结束时要女孩子用嘴清理的癖好吗？”\n“……感觉不是很好。”守林人微微皱眉。
250,read_book,158,high_1&sys_1&sys_4,“……嗯。”\n{Name}正认真地看着手上的书，似乎在研究地形图。
251,end_h,158,love_0_or_le_2&place_11&high_5,“……结束了……就放开。”\n推开贴在身上的{PlayerName}，守林人有些慌张地抓起衣服遮住重要部位。\n“……\n慢慢恢复冷静的守林人，低垂下视线，“……因为有别人在。一直被看着，很羞耻。……对不起。”
252,end_h,158,love_0_or_le_2&t_hp_low&high_2,“……哈……哈……哈……”\n姣好的小腹辛苦地起伏着，守林人暂时脱力地喘着气。\n“……比训练还累……呼……”\n“……让我……歇一会……呼……”闭上眼睛调整呼吸，过了好一会才恢复力气。
253,paizuri,158,love_0_or_le_2&sys_0,“……这样不太好。”\n“……我的胸，可能没那么大。真是。”\n“比欣特莱雅大？”\n“别想其他女孩。”\n虽然这样说，还是努力地用胸部刺激着。
254,read_book,158,high_1&sys_1&sys_4,“……B4……A6……”\n{Name}拿着一本棋谱，专注地研究。\n“……大炎干员给的。……还有点意思。”
255,read_book,158,high_1,“……萨尔贡……太热，不去……”\n坐在一边读书的守林人，翻着地图册，在自己本子上记着什么。\n似乎已经写了很多。
256,read_book,158,high_1&sys_0,总感觉身边一起看书的{TargetName}，似乎盯着某一页看了很久。\n像是看到在意的内容，“……等一下。”，手指按上了想要翻页的手背。
257,end_h,158,love_0_or_le_2&t_turn_orgasm_0&high_5,守林人沉默着抓起散落的衣服，一件件穿上。\n“……我没事。{PlayerNickName}开心就好。”\n“……这样，工作就结束了。”
258,paizuri,158,love_0_or_le_2&sys_0,模仿着书里姿势的守林人，勉强摇晃乳球，震颤着刺激乳肉间的阴茎。\n“……呼嗯。这样好难。要全身动，又难掌握平衡。”\n守林人用手指按着乳房，隔着乳球抚摸乳沟中的阴茎。
259,paizuri,158,love_0_or_le_2&sys_0,“……呼，嗯……嗯。”\n专注地使用乳球重复固定动作，让两侧柔软乳肉夹弄中间的龟头。\n“……像是在做奇怪的训练。”守林人抱怨着，揉起两侧乳球，上下研磨。
260,paizuri,158,love_0_or_le_2&sys_0,“……哈啊……”\n被要求乳交的守林人，夹紧双臂来挤压着自己不算太平坦的乳沟。\n“……嗯……用吧。”示意{PlayerName}插入，“……这样已经很累了。再要女孩子主动，太过分。”
261,paizuri,158,sys_0&love_ge_2,像是波浪一样，连续揉着双乳侍奉阴茎的守林人，微微歪头。\n“……这样，有满足感吗？{PlayerNickName}。”
262,paizuri,158,sys_0&love_ge_2,用腋下夹紧乳球的守林人，用手指撑开中间乳沟。\n“……进来吧，{PlayerNickName}。不过，自己动可以吗？”
263,read_book,158,high_1&CVP_A3|204_A|41_LE_3&sys_1&sys_4,“……不行……”\n守林人皱着眉头，盯着炎国棋谱推演。\n“……不能斜着走……好麻烦。”
264,paizuri,158,sys_0&love_ge_2,充分享受少女柔软胸部的同时，还能感觉到湿热吐息随着抽插，一阵阵喷吐在小腹上。\n“……呼唔……嗯，嗯。”\n看向胯下的守林人时，她飘忽地拉开了视线。
265,read_book,158,high_1&CVP_A3|204_A|41_G_3&sys_1&sys_4,不时从守林人那边传来翻书声，似乎在读炎国棋谱。\n不知不觉，已经能熟练解决炎国棋的残局了。
266,end_h,158,love_0_or_le_2&last_cmd_blowjob_type&high_2,嘴唇慢慢张开，让被含住的阴茎退了出去。\n“……咳……咳……”\n似乎因为唇中残留的气味，守林人轻轻咳嗽。\n守林人红着脸，幽怨地看着{PlayerName}，“……让女孩子用口交结束……变态。”
267,wait,158,pl_action_not_sleep&high_1&sys_0&CVP_A2_A|32_LE_3,“……嗯？”\n守林人一脸困惑地跟着你等了一会。
268,end_h,158,love_0_or_le_2&last_cmd_handjob_type&high_2,“……要结束了？”\n抓着阴茎的守林人放开手指，“……还以为，你会想再久一点。”\n“……算了。既然你想结束，就这样吧。辛苦了。”
269,wait,158,pl_action_not_sleep&CVP_A3|204_A|32_LE_3,“……哈……嗯。”\n守林人打了个哈欠，“……有什么，可做的吗？”
270,end_h,158,love_0_or_le_2&place_furniture_ge_1,看着{PlayerName}从自己身上离开，守林人如释重负地长长吐出一口气。\n“……H结束了。……让我歇一会。好累。”\n散着头发躺着，守林人用手臂遮住眼睛，休息了一会才起身收拾。
271,paizuri,158,sys_0&love_ge_2,滋噜滋噜，在绵密包裹上来的乳肉间，激烈抽插的阴茎一不小心滑了出去。\n“……嗯……啊，太急了，{PlayerNickName}。手都有点酸了。”\n守林人叹了口气，重新用乳房包住龟头，“……继续？”
272,wait,158,pl_action_not_sleep&high_1,守林人无聊地整理着自己的衣着。
273,wait,158,pl_action_not_sleep&high_1,守林人盯着某个点，开始出神地发呆。
274,wait,158,pl_action_not_sleep&high_1&place_ladies_only,随着时间延长，守林人越发困惑地看着{PlayerName}。\n“……博士在等谁？……还有，就算我在你身边，这也不是你能一直待在{SceneName}的理由吧。”
275,end_h,158,love_0_or_le_2&last_cmd_sex&high_2,“……呼……嗯……”\n抬起腰，让阴茎滑出阴道的守林人，红着脸吐出浑浊的吐息。\n“……已经……结束了？……这样啊……工作结束了……让我歇一会，可以吗？”
276,wait,158,pl_action_not_sleep&high_2&angry_mood,守林人有些不耐烦的样子，似乎气还没消。
277,wait,158,high_5&urinate_ge_80&sys_1&sys_4&pl_action_not_sleep,{Name}一副局促不安的样子，仔细看的话，会发现她偷偷夹起了腿。\n“……嗯……姆姆……”看起来已经快要忍耐到极限了。
278,wait,158,pl_action_not_sleep&high_5&t_not_wear_pan&CVP_A3|204_A|34_L_5&sys_0,守林人因为无事可做，有些局促不安地夹着大腿。\n“……嗯，没什么……”\n似乎因为股间某些布料的缺失，变得很在意自己的形象。
279,wait,158,pl_action_not_sleep&sys_0&high_5&t_not_wear_pan&CVP_A2_A|34_G_5,守林人似乎是完全习惯了某些布料缺失的感觉，安静地做自己的事。\n不过偶尔不经意地调整下身衣服的动作，还是暴露了没有穿内衣的事实。
280,wait,158,instruct_judge_high_obscenity&CVP_A1_A|33_GE_7&CVP_A1_T|0_E_0&CVP_A1_G_GE_3&CVP_A1_A|32_GE_5&sys_1&sys_4&pl_action_not_sleep,不知什么时候，守林人靠到了{PlayerName}肩头。\n“……呼……嗯……不来做点什么吗？”\n守林人的双眼安静地盯着{PlayerName}。
281,end_h,158,t_virgin_1&love_0_or_le_2&high_1&high_2,“……结束了……呼唔……”\n不知为何安心地叹了口气，守林人慢慢深呼吸着，看向喘粗气的{PlayerName}。\n“……那么，额外的工作也结束了。可以穿上衣服了吧。我也想去清理一下。”\n“……你先歇一会。不快点穿衣服，会感冒。”
282,end_h,158,t_virgin_1&love_0_or_le_2&high_2&high_1,“……呼……”\n平复呼吸的守林人，抚摸着自己姣好的小腹。\n“……{PlayerNickName}，这样就满足了？”\n“……还以为，你会更贪心一点。不过，对我来说，太好了。”\n守林人伸手用纸巾擦去{PlayerName}额头的汗水，“……处理完了，好好休息一会吧。”
283,do_h_fail,158,sys_0&love_ge_3,“……不行。”\n脸颊有些泛红的守林人，小声拒绝了抱上来的{PlayerName}。\n“……比起言语上的邀请，更希望……看到你真心想要的样子。”\n“……请您更认真一些。”\n“……可以拜托{PlayerNickName}吗？”
284,do_h_fail,158,sys_0&love_0_or_le_2,守林人皱着眉头，推开抱上来的{PlayerName}，明确表示拒绝。\n“……{PlayerNickName}，应该不是什么发情的野兽吧。”\n“……作为成年人，多拿出一点自制力。……在我的印象里，你也是个理智的人。”
285,do_h_fail,158,sys_0&love_0_or_le_2&love_ge_1,“……不行。”\n冷静地拒绝的守林人，拉开了距离。\n“……真的想要那种事，也该成为恋人之后吧。”\n“……至少，满足一下女孩子对恋爱的期待。……只是上下级的性骚扰，恕我拒绝。”
286,do_h_fail,158,sys_0&love_0_or_le_1,“……呃啊……”\n守林人明显露出困扰的表情。\n“……听说过{PlayerNickName}是个特别的人。但特别到，想邀请刚认识不久的女孩子上床……”\n守林人警戒地盯着{Name}，拉开一点距离，“……也许，该去找凯尔希女士，重新看看和你的合约？”
287,do_h_fail,158,sys_0&place_exposed&high_2,“……不……再怎么说，在{SceneName}做，会给女孩子增加很多心理负担。”\n“……万一有人进来……在邀请之前，{PlayerNickName}也请考虑一下这边的感受。唉……”\n守林人把{Name}不安分的手从自己腰上拿下来，送上一个无奈的眼神。
288,do_h_fail,158,sys_0&place_exposed&high_2&love_0_or_le_2,“……不行。我对{PlayerNickName}的好感，也没到可以随意在外面偷情的地步。”\n“……就算是恋人，这种事也要看气氛。更何况……还不是那种关系。”
289,h_hp_0,158,love_0_or_le_2,“……满足了？”\n被弄到有些不上不下的守林人，逐渐平复呼吸，无奈地看着精疲力竭的{PlayerName}。\n“……看你这样子，暂时不用再H了吧。”\n“……好好歇一会。下次，别做过头了。”
290,h_hp_0,158,love_0_or_le_2,“……{PlayerNickName}，对自己的体力，有点自知之明比较好。”\n“……这么勉强自己，结果在女孩子之前先倒下，只会增加事后的工作量。”\n逐渐从H的气氛中恢复的守林人，慢慢吐息着，用纸巾帮{PlayerName}清理了身体。
291,h_hp_0,158,love_0_or_le_2&hp_low&high_2,“……累了？辛苦了。”\n看着瘫坐着难以再起的{PlayerName}，守林人轻轻叹了口气，帮忙清理了一下。\n“……不快点穿上衣服，会感冒。”
292,wait,158,instruct_judge_high_obscenity&place_covert&place_0&place_10&desire_point_ge_80&CVP_A1_A|32_G_5&CVP_A1_T|0_E_0&CVP_A1_G_GE_3&CVP_A1_A|33_G_5&sys_1&sys_4&pl_action_not_sleep,嗯……不知不觉中，守林人靠到了{PlayerName}身边，牵起了{Name}的手。\n耳尖微红、眼神飘忽地引导着{Name}，将手指伸进自己轻飘飘的衣襟内。\n“……想做点……有趣的事？”
293,wait,158,pl_action_not_sleep&t_intimacy_ge_3&love_ge_1&sys_0,等待的时候，感觉到了守林人的视线。\n但想转过头去确认时，又被她避开了目光。
294,h_hp_0,158,love_0_or_le_2&last_cmd_sex&t_virgin_0&high_5,最后一次挺腰用力顶起的{PlayerName}，用光了所有体力。\n没法坚持硬度的阴茎，被守林人的小穴慢慢挤了出来。\n“……呼……嗯……已经结束了？”刚刚还在低低喘息的守林人，按在{PlayerName}胸口，轻轻推开。
295,stroke,158,high_1&t_not_wear_pan&love_ge_2&sys_0&sys_2&sys_5&CVP_A2_A|34_LE_3,“……嗯……唔唔……变态。”\n因为{PlayerName}随意的触摸，守林人不安地僵住了身体。\n似乎很在意自己的真空状态，护住了腰。
296,stroke,158,high_1&t_not_wear_pan&love_ge_2&sys_0&CVP_A2_A|34_G_3,“……嗯！”\n因为{Name}的触摸，守林人变得紧张起来。\n“……变态。”注意着不让{Name}过分抚摸下面的守林人，继续做起手上的事。
297,h_hp_0,158,love_0_or_le_2&t_submit_l_3&high_5&last_cmd_blowjob_type,感觉到口中阴茎开始变软的守林人，张开嘴，放开了到达极限的{PlayerName}。\n“……已经不行了？”守林人无奈地看着{PlayerName}的眼睛，扶着{PlayerName}的腰，帮忙清理了沾满自己唾液的阴茎。\n“……竟然被女孩子吸得晕过去。唉，我又不是什么食人魔萨卡兹。”
298,paizuri,158,sys_0&love_ge_2,因为湿润的体液和乳压，守林人的乳沟逐渐变得泥泞。\n“……累了吗？{PlayerNickName}。”守林人抱着乳球主动压上来，将整根阴茎埋进胸部。\n“……那允许你稍微休息一下。”\n守林人上下摇晃着乳肉，用湿滑的乳间摩擦起被固定的阴茎。
299,follow,158,high_1&sys_0,守林人稍微整理了一下自己的衣着。\n“……要去哪？”
300,buy_food,158,high_1&CVP_A2_A|43_LE_1&place_0&sys_0&t_is_follow,“……嗯……菠菜、苋菜、还有小松菜，要怎么区分。……大葱和小葱，不就是大小不同吗？”
301,h_hp_0,158,love_0_or_le_2&t_turn_orgasm_0&high_5,守林人看着瘫软的{PlayerName}，轻轻叹了口气。\n“……{PlayerName}，你这是泄了气么。嗯……我去给你倒杯水，躺着别动。”
302,h_hp_0,158,love_0_or_le_2&t_turn_orgasm_g_5&high_5,守林人坐在{PlayerName}身边，垂着眼。\n“……{PlayerName}，身子好点没有。嗯……是我太不知轻重了。下回我会注意。”
303,make_food,158,high_1&CVP_A2_A|43_L_3&t_intimacy_ge_3,守林人坐在灶台前，刀落在砧板上。\n“饿了的话，可以先等等。”\n“……山里吃惯野味，做不出岛上的精致菜。将就着吃吧。”
304,singing,158,high_1&music_1&sys_0,守林人听了一阵，默默点头。\n“……嗯。声线不错，气息也稳。”\n“只是在调上还差了些火候。多练练。”
305,singing,158,high_1&sys_0&music_le_1,守林人安静地听完。\n“……方才那几处高音，起高了。”\n“不过比我初学弓时强得多。已经很好了。”\n“虽然我现在不用弓就是了。”
306,singing,158,high_1&sys_0&music_ge_2_le_4&CVP_A1_A|44_L_5,守林人背靠着墙，合着眼听完。\n“……歌词，我听懂了。”\n“没想到{PlayerName}还有这一手。下次连弹带唱，给我听听。”
307,h_hp_0,158,love_0_or_le_2&place_furniture_ge_1,守林人替{PlayerName}拢了拢汗湿的额发。\n“……{PlayerName}，累成这样还不肯停。嗯……我拿你没办法。”\n“歇着，我去弄点吃的。”
308,h_hp_0,158,love_0_or_le_2&turn_p_orgasm_g_3&high_1,守林人看着{PlayerName}苍白的脸，神色有些担忧。\n“……{PlayerName}，再这样下去身子会垮。该停的时候就要停。”\n“嗯……我不会走的。你歇着。”
309,t_h_hp_0,158,love_0_or_le_2,守林人伏在{PlayerName}身上，缓着气。\n“……哈……嗯……{PlayerName}，你可真够狠的。我这身子都快散架了。”\n“下回，轻些。”
310,t_h_hp_0,158,love_0_or_le_2,守林人侧躺在一旁，眼睛半阖。\n“……嗯……{PlayerName}，我有点站不起来了。让我靠一会儿，就一会儿。”
311,t_h_hp_0,158,love_0_or_le_2&high_2&last_cmd_blowjob_type,守林人仰躺着，胸口起伏。\n“……哈……{PlayerName}，方才你是不是存心折腾我。嗯……不过倒也不全是不好。”
312,t_h_hp_0,158,love_0_or_le_2&last_cmd_sex&high_2&t_virgin_0,守林人喉咙滚动，咽下什么才睁开眼。\n“……{PlayerName}，你真是……嗯，我不讨厌这个味道。这话可别传出去。”
313,t_h_hp_0,158,love_0_or_le_2&last_cmd_sex&high_2&t_virgin_0,守林人擦了擦嘴角，偏过头。\n“……{PlayerName}，该吐的都咽下去了。嗯……你满意了？”\n“哼，下回轮到我。”
314,t_h_hp_0,158,love_0_or_le_2&penis_in_t_mouse&high_2&t_submit_ge_3&t_happy_mark_ge_1,守林人缓缓直起身，扶了扶腰。\n“……{PlayerName}……嗯，里面还是热的。你可得好好负责，往后不许赖账。”
315,t_h_hp_0,158,love_0_or_le_2&penis_in_t_mouse&high_2&t_submit_l_3,守林人靠在{PlayerName}肩头，声音发哑。\n“……{PlayerName}，这次我是真没力气了。嗯……抱我去洗洗吧，今天就饶过我。”
316,t_h_hp_0,158,love_0_or_le_2&t_hp_low&hp_low&high_5&t_turn_orgasm_g_1&love_ge_1,守林人蜷着身子，许久才缓过来。\n“……嗯……{PlayerName}，方才我是不是很怪。就当我什么也没说。抱我一下。”
317,t_h_hp_0,158,love_0_or_le_2&penis_in_t_vagina&high_2&t_virgin_0,守林人软在{PlayerName}怀里，眼皮沉重。\n“……{PlayerName}……嗯，我好困。就这样抱着我别松手，让我睡会儿。”
318,singing,158,high_1&CVP_A1_A|44_GE_4&sys_0,守林人听罢，轻轻拍了两下。\n“……很不错。”
319,singing,158,high_1&sys_0&music_ge_2_le_4&CVP_A2_A|44_L_4,守林人绷着脸听完，好一会才开口。\n“……{PlayerName}，别折磨你的嗓子了。”
320,singing,158,high_1&sys_0&music_ge_3,守林人听完，认真想了想。\n“……有点意思。比外头那帮吟游诗人唱得好。”\n“我给你留个座，下次还唱。”
321,singing,158,high_1&CVP_A1_A|44_GE_4&sys_0,“……哼。”\n守林人听完整曲，神色少见地松动。\n“……好久没听人唱歌了。{PlayerName}，往后多唱唱。”
322,watch_movie,158,high_1&sys_0,守林人递来一盘野果干。\n“……坐着看吧。站久了腿酸。”\n“这个，是昨天在山里拾的。”
323,play_instrument,158,high_1&sys_0&music_le_1,守林人按了按太阳穴。\n“……{PlayerName}，这声儿，是把猎枪么。”\n“再拉下去，林子里那窝鸟怕是要全跑光。”
324,play_instrument,158,high_1&sys_0&music_le_1,守林人皱着眉听完。\n“……不中听，但不算难听。”\n“毛病在节奏，时快时慢，像在打游击。回头我教你按拍子。”
325,t_h_hp_0,158,love_0_or_le_2&place_furniture_ge_1,守林人一动不动地躺着，好半晌才睁开眼。\n“……{PlayerName}……嗯，我还活着。你这是守了我一夜？辛苦了。”
326,h_interrupt,158,love_0_or_le_2,门外传来动静，守林人立时绷直了背。\n“……有人来了。{PlayerName}，先松开。嗯……整理好再说，别让人瞧出破绽。”
327,h_interrupt,158,high_1,守林人一把按住在自己身上的{PlayerName}。\n“……{HInterruptCharaName}进来了。{PlayerName}，先停手。”\n“嗯……像没事人一样待着。回头再跟你算账。”
328,h_interrupt,158,dr_position_back&high_2,守林人听见脚步声，忙把{PlayerName}推开。\n“……{PlayerName}，有人过来。嗯……装作在说正经事，别露馅。”\n“走了再继续。”
329,h_interrupt,158,love_0_or_le_2&penis_in_t_mouse&high_2,守林人被撞见，脸上浮起薄红，却还是镇定地拉了拉衣角。\n“……{HInterruptCharaName}，你来了。嗯……我和{PlayerName}正在谈事。”\n“你先坐，我们马上就好。”
330,play_instrument,158,high_1&sys_0&music_ge_2_le_4&CVP_A1_A|44_L_4,守林人略一点头。\n“……能听。比上次强。”\n“那股别扭劲儿少了些。再练练，能把人留住。”
331,h_interrupt,158,love_0_or_le_2&t_hp_low&love_ge_1&high_1,守林人红着脸，把{PlayerName}从身上拉起来。\n“……{PlayerName}，被瞧见了。嗯……都是你，也不锁门。下回记着。”
332,h_interrupt,158,love_0_or_le_2&penis_in_t_vagina&high_2,守林人见有人来，连忙坐正。\n“……{PlayerName}，这事儿可别外传。嗯……就先这样吧，等人走了再说。”
333,h_interrupt,158,love_0_or_le_2&penis_in_t_vagina&t_v_semen_g_1&turn_p_orgasm_g_1&high_2,守林人慌慌张张地穿好衣。\n“……{PlayerName}，你真是……嗯，被撞见倒还好，只是里头还留着东西。”\n“你先出去，我处理一下。”
334,play_instrument,158,high_1&sys_0&music_ge_2_le_4,守林人听罢，指尖在膝上轻点。\n“……这曲子，从前在林子里听过。{PlayerName}，是哪学的？”
335,play_instrument,158,high_1&sys_0&music_ge_3,守林人闭眼听完，睁开时神色舒展。\n“……在罗德岛，还有人愿意替下属吹曲儿。”\n“这份心意，我记下了。”
336,play_instrument,158,high_1&sys_0&CVP_A1_A|44_GE_4,“……嗯。”\n守林人听完，难得地弯了弯嘴角。\n“这水准能上台了。要是岛上开音乐会，我给你留票。”
337,h_interrupt,158,love_0_or_le_2&t_turn_orgasm_g_5&high_2,守林人被搅了兴致，神色却看不出恼。\n“……{HInterruptCharaName}来了。{PlayerName}，先起身，衣裳整理好。”\n“就当方才什么都没发生。”
338,h_interrupt,158,love_0_or_le_2&t_exhibit_ge_3,守林人定了定神，冲来人点了点头。\n“……嗯，请进。{PlayerName}正与我说外勤的事。你来得正好，一起听。”\n“这边坐。”
339,h_interrupt,158,t_desire_ge_5&CVP_A2_A|34_GE_3&love_ge_2,守林人穿好衣，神色如常地迎上前。\n“……{HInterruptCharaName}，有事？嗯……正好{PlayerName}也在这儿。有什么当着面说吧。”
340,play_instrument,158,high_1&sys_0&CVP_A1_A|44_GE_4,守林人听得入神，曲子停了好一会才回过神。\n“……哼。”她掩饰般别开脸，“倒是不难听。下一支，接着。”
341,play_instrument,158,high_1&sys_0&music_ge_3,守林人听完，放下抱着的手臂。\n“……听惯了弓弦，倒觉得这调子新鲜。”\n“{PlayerName}，会吹的曲儿多吗？”
342,watch_movie,158,high_1&sys_0,“……嗯。就这部吧。”\n守林人抱着臂坐定，“只要别是吵吵闹闹的动作片就行。”\n“看完了你要是困，我在这儿守着。”
343,day_hello,158,high_1&time_morning,守林人看见{PlayerName}，点了点头。\n“……早。”\n“睡得好？看你眼睛还有点肿。”
344,official_work,158,sys_0,守林人接过文件，翻了两页。\n“……这份，是旧账。”\n“早年在边境接过类似的任务。笔迹对不上，先记着。”
345,official_work,158,CVP_A3|204_G_GE_2,守林人低头，一张张地核着报表。\n“……嗯。”她头也不抬，“数字对上了。就是字有点潦草。”\n“回头得空，我帮你誊一份。”
346,official_work,158,sys_0&love_ge_2,守林人难得地坐得端端正正。\n“……既然是{PlayerName}交代的事，我会好好办。”\n“平日偷懒归偷懒。正事上，我不含糊。”
347,official_work,158,sys_0&love_ge_2&place_furniture_ge_1,守林人抬起头，目光里带着点担忧。\n“……{PlayerName}，歇会儿吧。”\n“弓拉久了会断，人也一样。剩下的，我来。”
348,official_work,158,sys_0&love_ge_3,守林人放下笔，推了推茶盏。\n“……{PlayerName}，喝口热茶润润嗓子。那边那份，我已经誊好了。”
349,official_work,158,sys_0&love_ge_3,守林人站起来，给{PlayerName}让了让座。\n“……{PlayerName}，过来歇歇。水在桌上。”\n“别硬扛，眼睛都红了。”
350,official_work,158,sys_0&love_ge_3&work_time,守林人起身，把文件拢到自己手边。\n“……{PlayerName}，你去歇着。这批我替你看着。”\n“要紧的，我抄下来回头报给你。”
351,official_work,158,sys_0&love_0_or_le_2,守林人放下笔，活动了下手腕。\n“……理好了。{PlayerName}，还有什么要交代的？”
352,official_work,158,sys_0&love_0_or_le_2,守林人盯着{PlayerName}看了一会。\n“……让我碰这些文件？”\n“{PlayerName}，你倒是信我。放心，我只管干活，不该看的不看。”
353,official_work,158,sys_0&not_fall,守林人靠在椅背上。\n“……文书活，我不太在行。”\n“要是有跑腿的活倒可以交给我。总比坐在这儿生锈强。”
354,official_work,158,sys_0&love_0_or_le_2,守林人把笔转了两圈。\n“……这些东西磨人。”\n“{PlayerName}，让我出去透口气，回来接着弄。”
355,official_work,158,sys_0&love_0_or_le_2,守林人翻完一页又翻一页，脸色愈发平淡。\n“……这些数字看多了眼晕。”\n“{PlayerName}，能不能给我换点有意思的活？”
356,touch_head,158,sys_0&love_4&high_2&t_desire_ge_7&t_virgin_0,守林人被摸到头，动作一顿。\n“……{PlayerName}，这是做什么。”\n“我不太习惯被人这么碰。不过，倒也不算讨厌。就这一下。”
357,touch_head,158,sys_0&love_ge_1,守林人站着没动，任{PlayerName}的手搁在头顶。\n“……嗯。”\n“头发要乱了。算了，随你吧。”
358,touch_head,158,sys_0&love_ge_1,守林人微微低头，让{PlayerName}的手好够着。\n“……角，别用力碰。”\n“嗯……这样倒是不难受。”
359,touch_head,158,sys_0&love_ge_1,守林人没躲，只是抬眼看了{PlayerName}。\n“……{PlayerName}，摸够了？”\n“待会儿我的头发，你负责理好。”
360,touch_head,158,sys_0&love_ge_2,守林人轻轻呼出口气。\n“……{PlayerName}的手，很暖和。这话就当我没说。”\n“摸就摸吧，我不赶你。”
361,touch_head,158,sys_0&love_ge_2,守林人闭着眼，没有出声。\n等那只手移开，她才睁开眼。\n“……嗯，摸完了？比想象中舒服。”
362,touch_head,158,sys_0&love_ge_2&place_furniture_ge_1,守林人坐到{PlayerName}身边，微微侧头。\n“……想摸就摸吧。不过不许把头发弄乱。”\n“弄乱了，得负责帮我梳。”
363,touch_head,158,sys_0&love_ge_3,守林人眯起眼，难得地没有抗议。\n“……嗯。像被顺毛似的，有点困了。”
364,touch_head,158,sys_0&love_ge_3&high_2&t_good_mood,守林人没吱声，只是安静地坐着，任{PlayerName}一下下地摸。\n等那只手停住，她才睁开眼。\n“……嗯？就完了？{PlayerName}要是有空，再坐会儿。”
365,touch_head,158,sys_0&love_ge_3&t_desire_ge_5&place_furniture_ge_1,守林人顺着那只手的力道，轻轻靠进{PlayerName}怀里。\n“……嗯。这样，就很好。{PlayerName}，别停。”
366,touch_head,158,sys_0&love_ge_3&place_10&t_desire_ge_5&instruct_judge_h,守林人受了半晌，才轻轻按住{PlayerName}的手。\n“……{PlayerName}，只摸头不腻么？”\n“要说更舒服的地方也是有的。罢了，就这样也好。”
367,touch_head,158,sys_0&love_0_or_le_2,守林人看着{PlayerName}伸来的手，没有躲。\n“……嗯？想摸就摸吧。横竖我也闲着。”
368,touch_head,158,sys_0&love_0_or_le_2,守林人垂着眼，任{PlayerName}摸。\n“……头发会被你弄乱的。不过，随你。弄乱了回头再梳。”
369,touch_head,158,sys_0&love_0_or_le_2,守林人捉住{PlayerName}的手，放回自己头顶。\n“……{PlayerName}，摸头得顺着毛摸，这样才不会疼。”\n“来，再试一次。”
370,touch_head,158,sys_0&love_0_or_le_2,守林人躲了一下，又定住。\n“……{PlayerName}，摸头可以。但别太用力，别碰到角根。”\n“嗯……就这样。”
371,touch_breast,158,sys_0&love_0_or_le_2,守林人低头，看着那只手。\n“……{PlayerName}，上来就碰这里，太直接了。”\n“不过看在你脸上，我忍了。就这一次。”
372,touch_breast,158,sys_0&love_4&high_2&t_desire_ge_7&t_virgin_0&instruct_judge_h,守林人被揉得微微侧过脸。\n“……{PlayerName}，这手倒是不安分。嗯……”\n“罢了，反正也不是外人。”
373,touch_breast,158,sys_0&love_ge_1&love_0_or_le_2,守林人轻轻呼出一口气。\n“……{PlayerName}，这样隔着衣服摸......”\n“嗯……不过你高兴就好。别太过分就行。”
374,touch_breast,158,sys_0&t_happy_mark_ge_1,守林人面不改色地抬眼。\n“……{PlayerName}。这地方也是能随便碰的？”\n“我没意见......”
375,touch_breast,158,sys_0&love_ge_2,守林人看着{PlayerName}，语气平淡。\n“……{PlayerName}，这是第几次了。”\n“就算不把我当成女孩子，身体也不是能当作玩具的。”\n“不过我也没说不许。适可而止。”
376,touch_breast,158,sys_0&love_ge_2,守林人按了按{PlayerName}的手。\n“……{PlayerName}，摸够了吧。再这样下去，我这边会变得奇怪。”\n“嗯……先收手。”
377,touch_breast,158,sys_0&t_happy_mark_ge_1&love_0_or_le_2,守林人神色不变，呼吸却乱了一拍。\n“……{PlayerName}，这里倒是很会找地方。”\n“……不过不讨厌。”
378,touch_breast,158,sys_0&high_2&t_happy_mark_3,守林人任那只手揉着，手里削着木枝。\n“……{PlayerName}，手不累？嗯……”\n“随你吧。”
379,touch_breast,158,sys_0&love_0_or_le_2,守林人往后靠了靠，却没真躲开。\n“……{PlayerName}，还请把我当作女性好吗。”\n“胆子太大，在林中会被射杀的。”
380,touch_breast,158,sys_0&love_ge_2&t_happy_mark_ge_1,守林人别过脸。\n“……{PlayerName}，你真是……”\n“算了......”
381,touch_breast,158,sys_0&love_ge_2&t_happy_mark_ge_1,守林人抿着唇，呼吸渐渐不稳。\n“……嗯……{PlayerName}，这样不行。”\n“再摸下去，我会出声的。”
382,touch_breast,158,sys_0&love_ge_3,守林人低头看了看，又抬眼。\n“……{PlayerName}，这里没那么大。嫌小就别摸了。”\n“嗯？不嫌？那随你。”
383,touch_breast,158,sys_0&love_ge_3&high_2,守林人耳根微红。\n“……{PlayerName}，光天化日的。”\n“嗯……要摸去屋里，这里容易被人撞见。”
384,touch_breast,158,sys_0&love_ge_3&high_2&t_desire_ge_5&not_cloth_most_off,守林人微微屏住呼吸。\n“……{PlayerName}，能听到么，心跳。”\n“它变快了。都是你害的。”
385,touch_breast,158,sys_0&love_ge_3&high_2&t_desire_ge_5&t_exhibit_ge_5&not_cloth_most_off,守林人看了{PlayerName}一眼，伸手解开两颗扣子。\n“……隔着衣服也不满足吗。”\n“那你来吧......”
386,touch_breast,158,sys_0&love_0_or_le_2,守林人被碰到的一瞬，僵了一下。\n“……{PlayerName}，你……”\n“我不讨厌你就是了。”
387,touch_breast,158,sys_0&love_0_or_le_2,守林人没有躲，只是垂着眼。\n“……{PlayerName}，想摸就摸吧。轻些。”
388,touch_breast,158,sys_0&place_11&t_exhibit_l_5&t_wear_bra,守林人捉住{PlayerName}的手腕。\n“……{PlayerName}，这里是人多的地方。要碰，等晚上。”\n“现在先忍忍。”
389,touch_buttocks,158,sys_0&love_4&high_2&t_desire_ge_7&t_virgin_0,守林人感到那只手，微微僵住。\n“……{PlayerName}，上来就碰也太直接了。”\n“嗯……这次就当没看见。”
390,touch_buttocks,158,sys_0&love_ge_1,守林人没躲，只是侧头看了{PlayerName}一眼。\n“……{PlayerName}，不可以这样乱摸。”
391,touch_buttocks,158,sys_0&love_0_or_le_2,守林人微微皱起眉。\n“{PlayerName}，别这样……”
392,touch_buttocks,158,sys_0&t_normal_mood&love_0_or_le_2,守林人低头，看着那只手。\n“……{PlayerName}，别摸了。”\n“你这样子的话，我好像不太舒服。”
393,touch_buttocks,158,sys_0&love_ge_2,守林人偏过身，没让开。\n“……{PlayerName}，这手可真不老实。嗯……”\n“看在是你，算了。”
394,touch_buttocks,158,sys_0&love_ge_2&place_11&t_happy_mark_ge_1,守林人正说着话，被碰到，声音一顿。\n“……嗯？啊，没事。{PlayerName}靠得近了些。”\n“不过，别乱动。”
395,touch_buttocks,158,sys_0&love_ge_2&t_desire_ge_5&t_happy_mark_ge_1,守林人没有躲，只是把{PlayerName}的手轻轻按在自己腰侧。\n“……{PlayerName}，要碰就好好碰。东躲西藏的，倒显得我做贼心虚。”
396,touch_buttocks,158,sys_0&love_ge_2,守林人任由那只手，嘴上却不停。\n“……{PlayerName}，你忙你的，我忙我的。嗯……这样倒也不坏。”
397,touch_buttocks,158,sys_0&love_ge_2&high_2&t_happy_mark_3,守林人抿着唇，耳根渐渐红了。\n“……{PlayerName}，这是第几回偷摸我了？罢了，我不躲了。”
398,touch_buttocks,158,sys_0&love_ge_2&t_happy_mark_ge_1,守林人轻轻按住{PlayerName}的手。\n“……{PlayerName}，这里现在不行。至少等没人的时候。”\n“嗯……我记着。”
399,touch_buttocks,158,sys_0&love_ge_3,守林人垂下眼，没有躲。\n“……{PlayerName}，真是拿你没办法。嗯……就一下。”
400,touch_buttocks,158,sys_0&love_ge_3&high_1&t_desire_ge_5&t_exhibit_ge_5,守林人看了{PlayerName}一眼，微微侧身。\n“……{PlayerName}，想摸就摸吧。反正早晚都是你的。嗯……轻点。”
401,touch_buttocks,158,sys_0&love_ge_3,守林人被碰到，轻轻吸了口气。\n“……{PlayerName}，你真会挑地方。嗯……”\n“再这样我可真要不自在了。”
402,touch_buttocks,158,sys_0&love_ge_3&t_desire_ge_5&high_1,守林人没有躲，反而微微侧过身。\n“……{PlayerName}，想摸就摸个够。难得你肯主动亲近。”\n“嗯……我喜欢。”
403,touch_buttocks,158,sys_0&love_0_or_le_2,守林人偏头看了{PlayerName}一眼。\n“……{PlayerName}，嗯……”\n“罢了，随你高兴。”
404,touch_buttocks,158,sys_0&love_0_or_le_2,守林人任那只手放着，语气如常。\n“……{PlayerName}，手累不累？不累的话就多搁会儿。”
405,touch_buttocks,158,sys_0&love_0_or_le_1,守林人被碰到，一下站定。\n“……{PlayerName}，这大白天的。嗯……”\n“要摸等回屋里，这里人太多。”
406,touch_ears,158,sys_0,守林人微微侧过头。\n“……嗯？想碰角？”\n“可以。轻些，别碰根。角连着神经。”
407,touch_ears,158,sys_0,守林人安静地低下头。\n“……嗯。{PlayerName}想摸就摸吧。只是别太用力。”
408,touch_ears,158,sys_0&t_desire_ge_7&technique_ge_5&CVP_A2_A|0_GE_4&love_ge_3&high_5,守林人被碰到角根，轻轻一颤。\n“……{PlayerName}，那里别。角根很敏感。”\n“嗯……你轻些。”
409,touch_ears,158,sys_0&love_ge_1,守林人微微发抖，却还是由着{PlayerName}。\n“……{PlayerName}，摸角摸得这么熟，是不是摸过别人？”\n“哼……罢了，摸吧。”
410,touch_ears,158,sys_0&love_ge_2&high_2&technique_ge_3&t_nfeel_ge_3&t_desire_ge_5,守林人闭上眼，微微仰头。\n“……{PlayerName}，角交给你了。嗯……”\n“只有对你，才肯这样。”
420,hand_in_hand,158,sys_0&love_2,守林人看着{PlayerName}伸来的手，微微一怔。\n“……{PlayerName}，这是牵手？嗯……”\n“在外面不方便。不过，手可以借你。”
421,hand_in_hand,158,sys_0&love_ge_1,守林人犹豫了一下，还是把手放了上去。\n“……{PlayerName}的手很热。嗯……这样倒也不坏。”\n“走慢些。”
422,hand_in_hand,158,sys_0&love_ge_2,守林人没有说话，只是轻轻回握住。\n“……嗯。{PlayerName}要去哪儿？去哪儿都行，我跟着。”
423,hand_in_hand,158,sys_0&love_ge_2,守林人反手，与{PlayerName}十指相扣。\n“......倒也不错。”\n“{PlayerName}，别松手。”
424,hand_in_hand,158,sys_0&love_ge_3,守林人握紧{PlayerName}的手，指腹摩挲着虎口。\n“……在罗德岛这段日子，是头一回这样牵着手走。嗯……不坏。”\n“就这样，多走一会儿。”
425,hand_in_hand,158,sys_0&love_ge_3,守林人任由{PlayerName}牵着，步子慢了下来。\n“……{PlayerName}，你可知我这手从前只用来握弩。如今牵着你，倒也不赖。”\n“嗯……别放。”
426,hand_in_hand,158,sys_0&love_ge_3,守林人握住{PlayerName}的手，目光难得地柔和。\n“……嗯。{PlayerName}，谢了。陪我走这一程。”
427,hand_in_hand,158,sys_0&love_ge_3&high_1,守林人被牵着手，走了一路，没说话。\n快进屋时，她才轻轻回握了一下。\n“……{PlayerName}，下次还牵。嗯……就到这儿吧。”
428,hand_in_hand,158,sys_0&love_ge_3&high_1&t_desire_ge_5&t_virgin_0&place_10,守林人安静地让{PlayerName}牵着，忽然轻轻一笑。\n“……{PlayerName}，抓这么紧，怕我跑了？放心，跑不了。”
429,hand_in_hand,158,sys_0&love_0_or_le_2,守林人垂眼，任{PlayerName}握着。\n“……嗯。{PlayerName}，牵就牵吧。别甩开就行。”
430,hand_in_hand,158,sys_0&love_0_or_le_2,守林人轻轻回握，又松开，又握紧。\n“……{PlayerName}，这算第一次主动牵你。嗯……往后会习惯的。”
431,hand_in_hand,158,sys_0&love_0_or_le_1,守林人被牵着，难得地没有甩开。\n“……{PlayerName}，在人前别这样。嗯……只有我们两个人的时候，可以牵久一点。”
432,embrace,158,sys_0&love_4&t_desire_ge_7&hp_high&high_5,守林人站在原地，张开双臂。\n“……嗯。{PlayerName}，过来。想抱就抱吧，就一小会儿。”
433,embrace,158,sys_0&love_ge_1,守林人靠在{PlayerName}怀里，闭上眼。\n“……嗯，这样正好。{PlayerName}身上有股好闻的味道。”\n“再，多待一会儿。”
434,embrace,158,sys_0&love_ge_1,守林人轻轻环住{PlayerName}的腰。\n“……嗯。在罗德岛头一回这么抱着谁。{PlayerName}，别说话，让我多抱一会儿。”
435,embrace,158,sys_0&love_ge_2,守林人把脸埋进{PlayerName}肩窝。\n“……{PlayerName}，有时候挺想就这样一直抱着。就当我也偶尔想歇一歇。”
436,embrace,158,sys_0&love_ge_2&high_1,守林人抱着{PlayerName}，轻轻蹭了蹭。\n“……{PlayerName}，嗯……再抱会儿。”
437,embrace,158,sys_0&love_ge_3,守林人收紧手臂，安静地抱着。\n“……{PlayerName}，森林里待久了常常一个人。抱着你，好像也没那么冷了。”
438,embrace,158,sys_0&love_ge_3,守林人抱了许久，才轻轻松开。\n“……{PlayerName}，谢了。好久没这么安心过了。”\n“嗯……往后的日子也这样就好。”
439,embrace,158,sys_0&love_ge_3,守林人靠在{PlayerName}怀里，呼吸平稳。\n“……{PlayerName}，你不问我为什么突然想抱你？就当我想你了。”\n“抱紧些。”
440,embrace,158,sys_0&love_0_or_le_2,守林人依偎在{PlayerName}怀中。\n“……{PlayerName}，这怀抱比火炉暖和。要是冬天也这样就好。”
441,embrace,158,sys_0&love_0_or_le_2,守林人环住{PlayerName}的脖子，凑近。\n“……{PlayerName}，抱都抱了，能不能再得寸进尺一点？”\n“嗯……亲一下可以么？”
442,embrace,158,sys_0&love_0_or_le_2,守林人轻轻抱住{PlayerName}。\n“……嗯。朋友也会这样抱么？{PlayerName}，你说我们现在算哪一种？”\n“算了，就当是抱你一下。”
443,embrace,158,sys_0&love_0_or_le_1,守林人靠在{PlayerName}胸前，闭着眼。\n“……{PlayerName}，这只手从前杀过许多人。如今抱着的，却是想守护的人。”\n“嗯……有点不真实。”
444,kiss,158,sys_0&love_4&t_kiss_0&t_desire_ge_5&high_2,守林人看着{PlayerName}，别开视线。\n“嗯……让我再想想。”\n“其实也不错。”
445,kiss,158,sys_0&love_ge_3&t_kiss_0,守林人微微低头。\n“……{PlayerName}，想亲可以。不过别笑我。”\n“我……不大会。”
446,kiss,158,sys_0&love_ge_3&t_kiss_0,守林人踮起脚，飞快地碰了一下{PlayerName}的唇。\n“……嗯。好了，亲过了。{PlayerName}，你脸红了。”\n“……彼此彼此。”
447,kiss,158,sys_0&love_ge_3&t_kiss_0&high_2&t_desire_ge_5,守林人双手搭上{PlayerName}的肩，有些生涩地吻上去。\n“……唔。{PlayerName}，这样对么？嗯……你不许笑。”\n“再试一次。”
448,kiss,158,sys_0&love_ge_3&t_kiss_0,守林人闭上眼，把唇贴上去，笨拙地蹭了蹭。\n“……嗯。{PlayerName}，接吻原来是这样。好像也不讨厌。”\n“再来一次。”
449,kiss,158,sys_0&love_ge_3&t_kiss_1&high_999,“......也许是第一次接吻。”\n“让我做一下准备，可以吗。”\n......\n眼前的守林人把头扭向一边，脑袋微微发颤\n“是爸爸妈妈还在的时候，他们会做的事情......”\n守林人上前搂住{PlayerName}，神情复杂的盯着对方的眼睛\n接着闭上眼睛，径直对嘴唇吻了上去\n......\n......\n\n守林人松开嘴唇，把脸埋在{PlayerName}的胸口，开始小声抽泣\n逐渐的，抽泣变成低声哭泣\n“我在这世上，又一次有了牵挂。”\n“即使今后有再多的苦难”\n“我也将用鲜血与生命保卫您......”
450,kiss,158,sys_0&t_kiss_0,守林人安静地回应着，唇瓣微启。\n“……嗯。{PlayerName}……再来。”
451,kiss,158,sys_0&love_0_or_le_2&t_kiss_0,守林人与{PlayerName}分开，轻轻喘着。\n“……嗯。{PlayerName}，你太会了。该不会是常干这事。”\n“罢了，这次算你赢。”
452,kiss,158,sys_0&love_0_or_le_2&t_kiss_0&t_good_mood,守林人退开半步，抬手挡住嘴。\n“……{PlayerName}，先到这儿。再亲下去我怕是控制不住。”\n“嗯……改天再说。”
453,kiss,158,sys_0&love_0_or_le_2&t_kiss_1&high_999,“不行。”\n“还不可以。”\n守林人想要拒绝亲吻，却被搂住腰肢\n“......至少，要成为家人才能做这些......真的，给我些时间接受吧...”\n守林人别过脸去，却似乎想到了什么，又转过头径直朝{PlayerName}的嘴唇吻了上去\n......\n“初吻啊......”\n“想不到我会有这一天。”\n“既然想成为我的牵挂。”\n“还请好好的负起责任来。”
454,kiss,158,sys_0&high_5&t_kiss_0&love_0_or_le_2,守林人主动环住{PlayerName}的脖子。\n“……{PlayerName}，亲我。嗯……”\n“往后我们有的是时间，慢慢来。”
455,lap_pillow,158,sys_0,守林人拍了拍腿。\n“……{PlayerName}，要躺就躺吧。不过不许往上头看。就一小会儿。”
456,lap_pillow,158,sys_0&love_4&high_5&t_desire_ge_7,守林人坐好，让{PlayerName}枕上来。\n“……{PlayerName}，这膝枕是头一回。嗯……有点紧张。”\n“不过给你，我愿意。”
457,lap_pillow,158,sys_0&love_ge_1,守林人低头，看着枕在膝上的人。\n“……{PlayerName}，闭上眼歇会儿。嗯……我守着你。”\n“睡醒了，精神些。”
458,lap_pillow,158,sys_0&love_ge_1,守林人轻轻抚过{PlayerName}的头发。\n“……{PlayerName}，累了吧。睡吧，我在这儿。”\n“嗯……这回换我守着你。”
459,lap_pillow,158,sys_0&love_ge_2,守林人把{PlayerName}的头轻轻按到膝上。\n“……{PlayerName}，躺好。嗯……我帮你按按头。”\n“松快些，好睡。”
460,lap_pillow,158,sys_0&love_ge_3&high_2,守林人让{PlayerName}枕着，指尖轻揉他的太阳穴。\n“……{PlayerName}，你的眉头皱着。嗯……别想那么多，歇着。”
461,lap_pillow,158,sys_0&love_ge_3&high_2,守林人低头，看着{PlayerName}。\n“……{PlayerName}，靠得近些。嗯……这发丝有点扎。不过不赶你。”
462,lap_pillow,158,sys_0&love_ge_3&high_2&t_desire_ge_5,守林人让{PlayerName}枕得更舒服些。\n“……{PlayerName}，在我这儿可以安心。嗯……这膝枕只会给你。”
463,lap_pillow,158,sys_0&love_0_or_le_1,守林人拍了拍腿，示意{PlayerName}躺下。\n“……{PlayerName}，别客气。枕吧。我只给你这样躺着。”
464,lap_pillow,158,sys_0&t_not_wear_bra&high_10,守林人看着{PlayerName}枕上来，神色平静。\n“……{PlayerName}，规矩说在前头。不许乱动，不许往上瞄。”\n“嗯……就这些。躺吧。”
465,lap_pillow,158,sys_0&t_wear_bra&love_0_or_le_2,守林人让{PlayerName}枕上，轻轻呼了口气。\n“……{PlayerName}，这膝枕我头一回给人。嗯……你算是头一个。”\n“别嫌弃。”
466,raise_skirt,158,sys_0&love_0_or_le_1,守林人一把按住裙摆。\n“……{PlayerName}，你干什么呢。这大白天的掀人裙子。”\n“哼……真是越来越没规矩了。到屋里再说。”
467,ask_for_pan,158,sys_0&love_4&t_wear_pan&high_5&t_desire_ge_5,守林人听完{PlayerName}的话，眉头动了动。\n“……{PlayerName}，你说要我的内裤？嗯……”\n“给你了，不许乱用”
468,ask_for_pan,158,sys_0&love_ge_1&love_0_or_le_2&t_not_wear_pan,守林人面无表情地拉起裙摆一角。\n“……{PlayerName}，这个给不了你。里头没穿。你死了这条心吧。”
469,ask_for_pan,158,sys_0&love_ge_1&love_0_or_le_2&t_wear_pan,守林人微微别过脸。\n“……{PlayerName}，这东西有什么好要的。嗯……”\n“罢了，你要给你。不过不能当着人面。”
470,ask_for_pan,158,sys_0&love_ge_1&love_0_or_le_2&t_wear_pan&t_yield_mark_ge_1,守林人背过身，窸窸窣窣地解下。\n“……{PlayerName}，拿去。嗯……只是别让旁人瞧见，这怪难为情的。”
471,ask_for_pan,158,sys_0&love_ge_2&t_wear_pan&t_yield_mark_ge_1,守林人犹豫了一下，还是解下来塞给{PlayerName}。\n“……{PlayerName}，给你。嗯……别拿它做什么奇怪的事。”\n“我的东西，你得好好待它。”
472,ask_for_pan,158,sys_0&love_ge_2&t_wear_pan&t_yield_mark_3,守林人微微皱眉，却还是照做了。\n“……{PlayerName}，真拿你没办法。嗯……喏。”\n“拿好了，别掉地上。回头我自己再换一条。”
473,ask_for_pan,158,sys_0&love_ge_2&t_wear_pan&t_yield_mark_ge_1,守林人深深看了{PlayerName}一眼。\n“……{PlayerName}，你真的很喜欢我。不然也不会要这种东西。”\n“罢了，给你。只此一回。”
474,ask_for_pan,158,sys_0&love_ge_2&t_wear_pan&t_yield_mark_ge_1,守林人别开视线，利落地解下递过去。\n“……{PlayerName}，拿去。嗯……”\n“我也是头一回把贴身衣物给人。你可得待它好点。”
475,ask_for_pan,158,sys_0&love_ge_3&t_not_wear_pan,守林人低头看了看，又抬眼。\n“……{PlayerName}，今日怕是不行。嗯……我里头没穿。”\n“要，改日我再给你。”
476,ask_for_pan,158,sys_0&love_ge_3&t_not_wear_pan&t_desire_ge_5,守林人抓住{PlayerName}的手，轻轻引到裙边。\n“……{PlayerName}，想知道我穿没穿？嗯……自己来确认吧。”\n“不过不许太过分。”
477,ask_for_pan,158,sys_0&love_ge_3&t_wear_pan,守林人红着耳根，解下飞快塞进{PlayerName}手里。\n“……{PlayerName}，给你了。嗯……别当着人面拿出来。”\n“这是只给你的。”
478,ask_for_pan,158,sys_0&love_ge_3&t_wear_pan&t_desire_ge_5,守林人犹豫片刻，还是从裙下解下递过去。\n“……{PlayerName}，喏。嗯……这事儿要是传出去，我可饶不了你。藏着别给人看。”
479,ask_for_pan,158,sys_0&love_ge_3&t_wear_pan&t_desire_ge_5&high_2&t_exhibit_ge_3,守林人叹了口气，轻轻解下叠好放进{PlayerName}手心。\n“……{PlayerName}，你这是头一回这么要东西。罢了，给你。”\n“记得回头还我一件新的。”
480,ask_for_pan,158,sys_0&love_ge_3&t_wear_pan&t_desire_ge_5&t_exhibit_ge_3,守林人微微侧过身，从裙下解下。\n“……{PlayerName}，你还真是个性情古怪的人。嗯……喏，拿好，别弄丢了。”
481,ask_for_pan,158,sys_0&love_ge_3&t_wear_pan&t_yield_mark_ge_1,守林人按住{PlayerName}的手。\n“……{PlayerName}，想要可以。不过得答应我一件事，往后别拿我的东西到处显摆。”\n“好，喏，给你。”
482,ask_for_socks,158,sys_0&love_4&t_wear_socks&high_5&t_desire_ge_5&instruct_judge_h,守林人低头，脱下一只袜子。\n“……{PlayerName}，喏，这只给你。嗯……袜子上还留着我的体温。”\n“你好好收着。”
483,ask_for_socks,158,sys_0&love_ge_1&love_0_or_le_2&t_wear_socks,守林人看了{PlayerName}一眼，默默脱下一只。\n“……{PlayerName}，你真是没什么不能要的。嗯……喏，别拿去干坏事。”
484,ask_for_socks,158,sys_0&love_ge_1&love_0_or_le_2&t_wear_socks,守林人解开袜口，褪下一只。\n“……{PlayerName}，要袜子是么。嗯……给你。”\n“这只陪我在林子里走了不少路。好好待它。”
485,ask_for_socks,158,sys_0&love_ge_2&t_wear_socks,守林人微微一顿，还是褪下一只袜子。\n“……{PlayerName}，你真要？嗯……喏。脚走了半天，有点味道。”\n“不嫌弃就收着。”
486,ask_for_socks,158,sys_0&t_wear_socks&t_happy_mark_ge_1&love_0_or_le_2,守林人别过脸，褪下袜子递过去。\n“……{PlayerName}，你这喜好还真是特别。嗯……罢了，你要就拿去，别耽误正事。”
487,ask_for_socks,158,sys_0&love_ge_2&t_wear_socks&t_happy_mark_3,守林人轻轻呼出一口气。\n“……{PlayerName}，这是第二回跟我要袜子了吧。嗯……你倒是念着这口。”\n“喏，给你。只此一件。”
488,ask_for_socks,158,sys_0&love_ge_2&t_wear_socks&t_happy_mark_ge_1,守林人脱下一只袜子，叠好放在{PlayerName}手里。\n“……{PlayerName}，你喜欢我喜欢到这地步了么。嗯……连袜子都不放过。罢了，给你。”
489,ask_for_socks,158,sys_0&love_ge_2&t_wear_socks&t_happy_mark_ge_1,守林人看了{PlayerName}好一会儿，才褪下袜子。\n“……{PlayerName}，我只问你一句。你是真喜欢我，还是喜欢我身上的东西？”\n“嗯……算了，喏，给你。”
490,ask_for_socks,158,sys_0&love_ge_3&t_wear_socks&t_desire_ge_5&high_2&t_happy_mark_ge_1,守林人解下袜子，低头看了看递过去。\n“……{PlayerName}，喏。嗯……这袜子上沾着我练弓时出的汗。你别嫌弃。”
491,ask_for_socks,158,sys_0&love_ge_3&t_wear_socks&t_happy_mark_ge_1,守林人褪下一只袜子，轻轻放进{PlayerName}掌心。\n“……{PlayerName}，你让我有点拿你没办法。嗯……喏。”\n“这是头一回，也是最后一回。藏好。”
492,day_hello,158,high_1&time_morning,守林人倚着窗，目光望向远处。\n“……嗯。白天了。”\n“{PlayerName}，今天要是去林子里，叫我一声。”
493,touch_clitoris,158,sys_0&love_4&t_cfeel_ge_7&high_1&place_furniture_ge_1&t_happy_mark_ge_1,守林人坐在{PlayerName}怀里，腿根被碰，轻轻一颤。\n“……{PlayerName}，那儿别……嗯……我还没适应。慢些，呼……”
494,touch_clitoris,158,sys_0&love_4&t_desire_ge_7&high_2&technique_ge_3&t_cfeel_ge_5,守林人被揉着腿间，咬唇忍声。\n“……{PlayerName}，你真会挑地方。嗯……那儿一碰我就没力气。呼……”
495,touch_clitoris,158,sys_0&love_ge_2,守林人微微并起腿。\n“……{PlayerName}，别一直摸。嗯……再这样我会出声的。呼……”
496,touch_clitoris,158,sys_0&love_ge_2,守林人被碰得腿根直颤。\n“……{PlayerName}，你手好坏。嗯……那儿是女孩子的要害。呼……”
497,touch_clitoris,158,sys_0&t_happy_mark_ge_1&love_0_or_le_2,守林人红着脸，由着{PlayerName}。\n“……嗯……{PlayerName}，你今日怎么这么急。嗯……我又不会跑。轻些。”
498,touch_clitoris,158,sys_0&love_ge_2&t_happy_mark_3,守林人努力稳住呼吸，却止不住轻颤。\n“……{PlayerName}，你摸到了么。嗯……那儿硬起来了。都是你害的。”
499,touch_clitoris,158,sys_0&t_happy_mark_ge_1&love_0_or_le_2,守林人被揉得腿软，靠住{PlayerName}。\n“……嗯……{PlayerName}，我好像要站不住了。嗯……你扶稳我。呼……”
500,touch_clitoris,158,sys_0&love_ge_3&t_cfeel_l_3,守林人抓着{PlayerName}的衣角，声音发颤。\n“……{PlayerName}，那儿别一直揉。嗯……我会忍不住的。呼……”
501,touch_clitoris,158,sys_0&love_ge_3&t_cfeel_ge_3,守林人抿着唇，任{PlayerName}施为。\n“……嗯……{PlayerName}，你就欺负我吧。嗯……反正我也躲不掉。呼……”
502,touch_clitoris,158,sys_0&love_ge_3&t_cfeel_ge_3,守林人被轻轻一挑，腰肢便浮起来。\n“……{PlayerName}，那儿好奇怪。嗯……一碰就酥酥的。呼……别停。”
503,touch_clitoris,158,sys_0&love_ge_3&t_cfeel_ge_5&t_happy_mark_ge_1,守林人靠进{PlayerName}怀里，喘着气。\n“……{PlayerName}，我快不行了。嗯……你怎么这么会。呼……”
504,touch_clitoris,158,sys_0&love_ge_3&t_cfeel_ge_5&place_furniture_ge_1&t_happy_mark_ge_1,守林人被揉得轻轻踮起脚。\n“……嗯……{PlayerName}，我好像有什么要出来了。嗯……啊……呼……”
505,touch_clitoris,158,sys_0&love_ge_3,守林人偏过头，露出泛红的耳根。\n“……{PlayerName}，光天化日的。嗯……要弄也得回屋里。呼……”
506,touch_clitoris,158,sys_0&love_0_or_le_2&t_wear_pan&t_cfeel_l_5,守林人皱着眉，压着声音。\n“……{PlayerName}，这儿还太干。嗯……你就这样揉会疼。呼……慢些。”
507,touch_clitoris,158,sys_0&t_cfeel_ge_3,守林人抓住{PlayerName}的手腕。\n“……{PlayerName}，我还没准备好。嗯……你别急。呼……慢慢来。”
508,touch_clitoris,158,sys_0&love_0_or_le_2&t_cfeel_ge_3,守林人轻轻张开腿，由着{PlayerName}。\n“……{PlayerName}，这样可以了么。嗯……我信你。轻些。”
509,touch_clitoris,158,sys_0&love_0_or_le_2&t_cfeel_ge_3&love_ge_1&t_happy_mark_ge_1,守林人被揉得呼吸渐急。\n“……{PlayerName}，那儿好像湿了。嗯……都是你害的。呼……坏人。”
510,touch_clitoris,158,sys_0&t_cfeel_ge_5&t_happy_mark_ge_1&t_wear_pan,守林人咬着指节，压着声音。\n“……嗯……{PlayerName}，我想叫。嗯……可是在外面。呼……”
511,touch_clitoris,158,sys_0&t_cfeel_ge_5&t_happy_mark_ge_1,守林人轻轻夹腿，又松开。\n“……{PlayerName}，你摸得我好乱。嗯……我都不知道该怎么办了。呼……”
512,touch_clitoris,158,sys_0&place_11&t_cfeel_ge_3&love_ge_1,守林人握着{PlayerName}的手，没有推开。\n“……嗯……{PlayerName}，今日怎么这么黏人。嗯……不过我也不讨厌。呼……”
513,touch_clitoris,158,sys_0&place_11&t_cfeel_ge_5&love_ge_1,守林人被揉到深处，身子一软。\n“……嗯……{PlayerName}，那儿是最敏感的地方。嗯……你轻些，别弄坏我。呼……”
514,touch_clitoris,158,sys_0&t_not_wear_pan&high_2,守林人伏在{PlayerName}肩头，声音发哑。\n“……{PlayerName}，我快不行了。嗯……你再这样我会丢。呼……”
515,touch_clitoris,158,sys_0&t_not_wear_pan&love_ge_3&high_2&t_desire_ge_5,守林人绷紧腿，由着{PlayerName}施为。\n“……嗯……{PlayerName}，我好像要到了。嗯……啊……呼……”
516,touch_clitoris,158,sys_0&t_not_wear_pan&high_2,守林人捂住嘴，压着声音。\n“……嗯……{PlayerName}，别看我现在这个样子。嗯……好羞人。呼……”
517,touch_clitoris,158,sys_0&t_lubrication_l_3&love_ge_2,守林人红着脸，由着{PlayerName}揉弄。\n“……{PlayerName}，你越来越大胆了。嗯……不过是你，我就认了。呼……”
518,touch_clitoris,158,sys_0&love_ge_2&t_cfeel_ge_3&t_desire_ge_5&t_happy_mark_ge_1&t_lubrication_ge_3&high_2,守林人靠在{PlayerName}身上，不住轻颤。\n“……{PlayerName}，我站不住了。嗯……你抱我。呼……”
519,day_hello,158,high_1&time_morning&time_weekend,守林人打了个哈欠。\n“……这个点，该去睡了。”\n“要是{PlayerName}还没困，就再坐会儿。我陪你。”
520,touch_clitoris,158,sys_0&love_ge_3&t_happy_mark_ge_1,守林人被揉得声音发软。\n“……{PlayerName}，你就这么喜欢这儿。嗯……那你多摸会儿也行。呼……”
521,touch_vagina,158,sys_0&love_4&t_desire_ge_7&high_2&technique_ge_3&t_vfeel_ge_5&place_furniture_ge_1&t_happy_mark_ge_1,守林人被碰到腿间，轻轻吸气。\n“……{PlayerName}，那儿别……嗯……我还没让人碰过。呼……慢慢来。”
522,day_hello,158,high_1&time_day,守林人整了整护腕。\n“……嗯。你好。”\n“新装备到了，我要去靶场试试手。回头聊。”
523,touch_vagina,158,sys_0&love_0_or_le_2,守林人感到{PlayerName}的指尖探入，绷紧身子。\n“……嗯……{PlayerName}，里面好紧。嗯……你轻些。呼……”
524,touch_vagina,158,sys_0&love_0_or_le_2,守林人被指头轻轻抽动，声音渐乱。\n“……嗯……{PlayerName}，你的手好烫。嗯……不过不讨厌。呼……”
525,touch_vagina,158,sys_0&love_ge_2,守林人扶着{PlayerName}的肩，微微起伏。\n“……{PlayerName}，那里好奇怪。嗯……一碰我就没力气。呼……”
526,touch_vagina,158,sys_0&t_happy_mark_3,守林人被顶到某处，腰肢一颤。\n“……嗯……{PlayerName}，那儿别……嗯……是个奇怪的地方。呼……轻些……”
527,touch_vagina,158,sys_0&love_ge_2&t_happy_mark_ge_1,守林人咬着唇，忍着身下的感觉。\n“……{PlayerName}，我好像要忍不住了。嗯……你坏。呼……”
528,touch_vagina,158,sys_0&love_ge_3&t_vfeel_l_3,守林人被弄着，声音渐渐软下去。\n“……嗯……{PlayerName}，里面越来越热了。嗯……都是你害的。呼……”
529,touch_vagina,158,sys_0&love_ge_3&t_vfeel_ge_3,守林人轻轻摇头，却由着{PlayerName}。\n“……嗯……{PlayerName}，别看我的脸。嗯……我现在一定很丢人。呼……”
530,touch_vagina,158,sys_0&love_ge_3&t_vfeel_ge_3&t_happy_mark_ge_1,守林人抓紧{PlayerName}的衣。\n“……{PlayerName}，我好像快不行了。嗯……你再快些。呼……”
531,touch_vagina,158,sys_0&love_ge_3&t_vfeel_ge_5&high_2,守林人腿根直颤，声音破碎。\n“……嗯……{PlayerName}，我要到了。嗯……啊……呼……”
532,touch_vagina,158,sys_0&love_ge_3&t_vfeel_ge_5&place_furniture_ge_1&t_happy_mark_ge_1,守林人脱力地靠在{PlayerName}身上。\n“……嗯……{PlayerName}，我好像丢了。嗯……都怪你。呼……”
533,touch_vagina,158,sys_0&love_ge_3,守林人缓过劲，轻轻推了推{PlayerName}。\n“……{PlayerName}，够了吧。嗯……我腿都软了。呼……今日先到这儿。”
534,touch_vagina,158,sys_0&love_0_or_le_2&t_vfeel_l_3,守林人被指头搅着，声音发颤。\n“……{PlayerName}，你别一直在那儿磨。嗯……我会受不住的。呼……”
535,touch_vagina,158,sys_0&love_0_or_le_2&t_vfeel_l_3&t_wear_pan,守林人被顶到深处，连连轻颤。\n“……嗯……{PlayerName}，那儿再碰我就要坏了。嗯……饶了我。呼……”
536,touch_vagina,158,sys_0&love_0_or_le_2&t_vfeel_ge_3,守林人仰起头，声音破碎。\n“……嗯……啊……{PlayerName}，我到了。嗯……你真是太会了。呼……”
537,touch_vagina,158,sys_0&love_0_or_le_2&t_vfeel_ge_3,守林人缩起身子，不住轻颤。\n“……嗯……{PlayerName}，我不行了。嗯……我真的不行了。呼……”
538,touch_vagina,158,sys_0&love_0_or_le_2&t_vfeel_ge_5&t_wear_pan&place_furniture_ge_1&t_happy_mark_ge_1,守林人被弄到敏感处，连连求饶。\n“……{PlayerName}，别……那儿真的不行。嗯……我会受不住的。呼……啊……”
539,touch_vagina,158,sys_0&t_vfeel_ge_5&CVP_A3|204_A|13_GE_2,守林人瘫在{PlayerName}怀里，声音发哑。\n“……嗯……{PlayerName}，你怎么这么会弄。嗯……我都不认识自己了。呼……”
540,touch_vagina,158,sys_0&place_11&t_vfeel_ge_3&love_ge_1&t_exhibit_l_5,守林人被磨得腿软，只能攀着{PlayerName}。\n“……{PlayerName}，你就欺负我吧。嗯……不过我好像也不讨厌。呼……”
541,touch_vagina,158,sys_0&place_11&t_vfeel_ge_5&love_ge_1&t_happy_mark_ge_1,守林人被顶到深处，声音越来越软。\n“……嗯……{PlayerName}，我要到了。嗯……啊……呼……到了……”
542,touch_vagina,158,sys_0&t_not_wear_pan&high_2&t_vfeel_ge_3,守林人脱力地跪坐下去，不住轻颤。\n“……嗯……{PlayerName}，我丢了。嗯……好丢人。呼……”
543,touch_vagina,158,sys_0&t_not_wear_pan&love_ge_3&high_2&t_desire_ge_5&t_happy_mark_ge_1,守林人缓了缓，抬眼看向{PlayerName}。\n“……{PlayerName}，你可满意了。嗯……我都这样了。哼，坏人。”
544,touch_vagina,158,sys_0&t_not_wear_pan&love_0_or_le_2&high_2,守林人红着脸，由着{PlayerName}擦净。\n“……嗯……{PlayerName}，下回别在外面这样。嗯……我会害羞的。呼……”
545,day_hello,158,high_1&time_night,守林人回过头，看见{PlayerName}，放下手里的弩。\n“……晚上好。”\n“夜里起风了。要不要进屋坐坐？”
546,touch_vagina,158,sys_0&t_lubrication_l_3,守林人感到{PlayerName}的手，轻轻一颤。\n“……嗯……{PlayerName}，又来。嗯……你倒是不腻。呼……随你吧。”
547,touch_vagina,158,sys_0&love_ge_2&t_vfeel_ge_3&t_desire_ge_5&t_lubrication_ge_3,守林人被揉得渐渐放松。\n“……嗯……{PlayerName}，今日我好像比昨日更敏感了。嗯……都是你惯的。呼……”
548,touch_vagina,158,sys_0&t_vfeel_ge_5&t_happy_mark_ge_1,守林人靠在{PlayerName}身上，轻轻喘着。\n“……{PlayerName}，你摸够了么。嗯……我都快化了。呼……”
549,touch_vagina,158,sys_0&love_0_or_le_2,守林人被弄到深处，声音发颤。\n“……{PlayerName}，我好像要到了。嗯……啊……呼……不行……”
550,touch_anus,158,sys_0&love_0_or_le_2,守林人被碰到后头，微微一僵。\n“……{PlayerName}，那儿……嗯……也要碰么。哼，你倒是什么都想试。”
551,touch_anus,158,sys_0&love_ge_3,守林人皱着眉，却还是由着{PlayerName}。\n“……{PlayerName}，那地方真的行么。嗯……轻些就好，别弄疼我。”
552,touch_anus,158,sys_0&love_ge_3&t_afeel_l_3,守林人被按着，轻轻吸了口气。\n“……嗯……{PlayerName}，你好会找地方。嗯……那儿我自己都没碰过。呼……”
553,touch_anus,158,sys_0&love_ge_3&t_happy_mark_ge_1,守林人微微绷紧，又放松。\n“……{PlayerName}，慢点。嗯……我还不太习惯。呼……轻些……”
554,touch_anus,158,sys_0&love_0_or_le_2,守林人被弄着，声音渐渐发软。\n“……嗯……{PlayerName}，好像也不全是难受。嗯……有点奇怪。呼……”
555,touch_anus,158,sys_0&t_afeel_l_3,守林人咬着唇，由着{PlayerName}施为。\n“……嗯……{PlayerName}，你越来越大胆了。嗯……不过我认了。呼……”
556,touch_anus,158,sys_0&CVP_A2_A|5_G_3&t_happy_mark_ge_1,守林人瘫在{PlayerName}怀里，喘着气。\n“……嗯……{PlayerName}，那地方也能到……嗯……我都没想过。呼……你太会了。”
557,see_h,158,sys_1&place_is_h&high_2&CVP_A1_A|33_GE_7&CVP_A1_G_GE_4&CVP_A1_A|30_GE_3,守林人远远看见{PlayerName}与人亲近，停下脚步。\n“……嗯。看来来的不是时候。我等会儿再来。”
558,see_h,158,sys_1&place_is_h&CVP_A1_G_GE_2,守林人抱着臂，远远看着。\n“……{PlayerName}倒是有闲心。嗯……罢了，与我无关。就当没看见。”
559,see_h,158,sys_1&place_is_h&CVP_A1_G_GE_1,守林人望着那边，神色平淡。\n“……{PlayerName}还真是处处留情。嗯……横竖与我无关。我先走了。”
560,see_h,158,sys_1&place_is_h&CVP_A1_G_GE_3,守林人看了一会儿，转身走开。\n“……嗯。这种事早晚会习惯的。只是心里有点堵。”
561,see_h,158,sys_1&place_is_h&CVP_A1_G_GE_3&CVP_A1_A|33_GE_5,守林人目睹那场面，垂下眼。\n“……{PlayerName}……原来是这样。嗯……我知道了。你忙吧，我先走了。”
562,see_h,158,sys_1&place_is_h,守林人站在门边，没有进去。\n“……{PlayerName}和人……在做那事。嗯……我还是别打搅为好。走吧。”
563,kiss_fail,158,sys_0&love_ge_2&t_kiss_0,守林人凑上去，笨拙地想亲，却被{PlayerName}躲开。\n“……嗯？{PlayerName}，你躲什么。哼，罢了，是我太急了。下回再试。”
564,kiss_fail,158,sys_0&love_0_or_le_2,守林人别开脸。\n“……{PlayerName}，这太快了。我们还没到那一步。嗯……再相处些日子，亲也不迟。”
565,kiss_fail,158,sys_0&love_0_or_le_2&t_kiss_1,守林人微微红了脸。\n“……{PlayerName}，接吻这样可以么？嗯……那就试一次，只许一下。”
566,high_obscenity_anus,158,sys_0,守林人听后，神色淡淡。\n“……{PlayerName}，那种地方也能拿来玩？嗯……我没试过。你要是真想要，改日再议。”
567,high_obscenity_anus,158,sys_0&love_0_or_le_2,守林人别过脸。\n“……{PlayerName}，这种事太羞人了。嗯……不过既然是你想，我也不是不能商量。改日吧。”
568,high_obscenity_anus,158,sys_0&not_fall,守林人看了{PlayerName}一眼。\n“……{PlayerName}，你还真是什么都敢想。嗯……罢了，谁让我应了你。只是得慢慢来。”
569,low_obscenity_anus,158,sys_0,守林人低着头，声音压得很低。\n“……{PlayerName}，那地方你真要碰？嗯……轻些就好，别弄疼我。”
570,low_obscenity_anus,158,sys_0,守林人绷着身子，任{PlayerName}施为。\n“……嗯……{PlayerName}，慢点。有点不习惯。不过是你，我忍得住。”
571,low_obscenity_anus,158,sys_0,守林人轻咬着唇。\n“……{PlayerName}，那里感觉好奇怪。嗯……别停。好像也不全是难受。”
572,chat,158,sys_0&love_ge_2&place_furniture_ge_1,守林人坐在{PlayerName}对面，托着腮。\n“……{PlayerName}，要是没事陪我坐会儿。嗯……不用说话也行，就待着。”
573,chat,158,sys_0&love_ge_2,守林人偏头看着{PlayerName}。\n“……{PlayerName}，今日忙不忙？嗯……不忙的话陪我去趟林子里，有个地方想给你看看。”
574,chat,158,sys_0&love_ge_2,守林人靠在{PlayerName}身边。\n“……{PlayerName}，你来罗德岛后悔过么？嗯……我倒是不后悔。能遇见你挺好。”
575,chat,158,sys_0&love_0_or_le_2&love_ge_1,守林人难得地先开了口。\n“……{PlayerName}，有句话我一直想说。嗯……跟着你，我很安心。就这些。”
576,chat,158,sys_0&place_furniture_ge_1&love_ge_1,守林人坐在{PlayerName}旁边，看着窗外。\n“……{PlayerName}，你说这岛上的日子会一直这么太平么。嗯……只要你在我就不慌。”
577,chat,158,sys_0&love_ge_2,守林人垂下眼。\n“……{PlayerName}，要是我哪天不得不走……嗯……你会记得我么。罢了，就当我胡言乱语。”
578,making_out,158,love_0_or_le_2&love_ge_1&sys_0,守林人被{PlayerName}吻住，身体先是一僵，随后缓缓放松。\n“……嗯……{PlayerName}，你真是。不过我不讨厌。”\n“再亲一会儿。”
579,breast_caress,158,love_0_or_le_2&love_ge_1&sys_0,守林人隔着衣，感到{PlayerName}的手覆上来。\n“……嗯……{PlayerName}，这里也喜欢么。轻些，别太急。”
580,making_out,158,love_0_or_le_2&love_ge_1&sys_0,守林人仰着头，回应着{PlayerName}的吻。\n“……嗯……{PlayerName}，你越来越会了。哼……倒是把我学得不赖。”
581,breast_caress,158,love_0_or_le_2&love_ge_1&sys_0,守林人被揉得微微侧过脸。\n“……嗯……{PlayerName}，隔着衣服有什么好。要不我解开？哼，看你猴急的。”
582,twiddle_nipples,158,love_0_or_le_2&love_ge_1,守林人胸口一颤，轻轻吸了口气。\n“……{PlayerName}，那里别……嗯……一碰就奇怪。你轻点。”
583,breast_sucking,158,love_0_or_le_2&love_ge_1&t_lactation_0,守林人感到{PlayerName}的唇贴上胸前，绷紧身子。\n“……{PlayerName}，别咬……嗯……我没有奶水。不过那里很敏感……呼。”
584,clit_caress,158,love_0_or_le_2&love_ge_1&sys_0,守林人腿间被碰，呼吸一乱。\n“……{PlayerName}，那里还不行……嗯……不过是你的话，我忍着。”
585,clit_caress,158,love_0_or_le_2&love_ge_1&t_cfeel_l_3&sys_0,守林人被轻轻揉着，身体渐渐发软。\n“……嗯……{PlayerName}，你很会找地方。再往下些……嗯……”
586,clit_caress,158,love_0_or_le_2&love_ge_1&t_lubrication_l_3&high_2&sys_0,守林人腿根发颤，咬着唇不让自己出声。\n“……嗯……{PlayerName}，那里不行……嗯……我会受不住的……呼。”
587,open_labia,158,love_0_or_le_2&love_ge_1&sys_0,守林人红着脸，轻轻张开腿。\n“……{PlayerName}，要看就看吧。嗯……只许看，别上手。”
588,cunnilingus,158,love_0_or_le_2&love_ge_1,守林人腿间被{PlayerName}的舌尖碰到，浑身一颤。\n“……嗯……{PlayerName}，那里别……好奇怪。不过好像不坏。”
589,day_hello,158,high_1&time_midnight,守林人轻手轻脚地进来，压低声音。\n“……深夜了，{PlayerName}还没睡？”\n“留盏灯吧。这种时候最容易出事。”
590,cunnilingus,158,love_0_or_le_2&love_ge_1,守林人仰着头，腿根轻颤。\n“……嗯……{PlayerName}，你好会……嗯……我快站不住了。扶我一把。”
591,cunnilingus,158,love_0_or_le_2&love_ge_1,守林人被舔得腿软，只能靠住{PlayerName}。\n“……嗯……啊……{PlayerName}，那里不行……嗯……会出来的……呼。”
592,cunnilingus,158,love_0_or_le_2&love_ge_1&t_lubrication_ge_5,守林人绷紧腿，声音发颤。\n“……{PlayerName}，我……我……嗯……啊……好像要不行了……呼……到了……”
593,cunnilingus,158,last_cmd_cunnilingus&sys_0,守林人缓了缓气，低头看着{PlayerName}。\n“……{PlayerName}，方才我是不是很失态。嗯……不过是你就好。别笑我。”
594,touch_vagina,158,sys_0&love_ge_3,守林人坐正，由着{PlayerName}碰。\n“……{PlayerName}，这是第几回了。嗯……你倒是记得清。哼，随你吧。”
595,touch_vagina,158,sys_0&love_ge_3,守林人轻轻张开腿。\n“……{PlayerName}，想碰就碰吧。嗯……我不躲了。这是只给你的。”
596,finger_insertion,158,love_0_or_le_2&love_ge_1&sys_0,守林人感到{PlayerName}的指尖探入，轻轻吸了口气。\n“……嗯……{PlayerName}，里面还不习惯。嗯……轻些，慢慢来。”
597,finger_insertion,158,love_0_or_le_2&love_ge_1&sys_0,守林人握着{PlayerName}的肩，微微起伏。\n“……嗯……{PlayerName}，你的手指……好奇怪。不过不讨厌。”
598,finger_insertion,158,love_0_or_le_2&love_ge_1&t_lubrication_l_3&high_2&sys_0,守林人被顶到深处，腰肢一颤。\n“……{PlayerName}，那里别……嗯……啊……我好像要坏掉了。”
599,make_masturebate,158,love_0_or_le_2&love_ge_1&sys_0,守林人别过脸，照着{PlayerName}的话缓缓动了手。\n“……{PlayerName}，这样对么？嗯……我自己没做过。你别笑我。”
600,make_masturebate,158,love_0_or_le_2&love_ge_1&t_wear_pan&sys_0,守林人隔着衣料，笨拙地磨蹭。\n“……{PlayerName}，隔着摸不到。嗯……要不我脱了？横竖也是给你看。”
601,make_masturebate,158,love_0_or_le_2&love_ge_1&sys_0&t_happy_mark_ge_1,守林人闭着眼，手指渐渐有了章法。\n“……嗯……{PlayerName}，你看我学得快吧。嗯……不过手有点酸。”
602,keep_enjoy,158,love_0_or_le_2&love_ge_1&sys_0,守林人被{PlayerName}看着自慰，耳根通红。\n“……{PlayerName}，别一直看……嗯……我会做不下去……呼。”
603,keep_enjoy,158,love_ge_2&place_furniture_ge_1&sys_0,守林人坐在{PlayerName}身边，指尖不停。\n“……{PlayerName}，你倒是看得起我。嗯……不过你看得开心就好……呼。”
604,keep_enjoy,158,love_0_or_le_2&love_ge_1&t_hp_low&high_2&CVP_A3|204_A|33_LE_4&sys_0,守林人喘着气，声音发哑。\n“……{PlayerName}，我快没力气了……嗯……你来帮我，好不好。”
605,handjob,158,love_0_or_le_2&love_ge_1&sys_0,守林人握住{PlayerName}，动作有些生疏。\n“……{PlayerName}，这样对么？嗯……我没做过。你教我。”
606,handjob,158,love_0_or_le_2&love_ge_1&sys_0,守林人慢慢动着，时不时抬眼看{PlayerName}。\n“……{PlayerName}，舒服么？嗯……看你的样子应该不赖。那就好。”
607,handjob,158,love_0_or_le_2&love_ge_1&t_happy_mark_ge_1&sys_0,守林人抿着唇，手上渐渐有了节奏。\n“……{PlayerName}，你的比弓弦还烫。嗯……是不是快了？我接着。”
608,handjob,158,love_0_or_le_2&love_ge_1&t_finger_tec_ge_1&sys_0,守林人记着{PlayerName}教的法子，指尖细致地伺候。\n“……{PlayerName}，这里对不对……嗯……你抖了一下，就是这儿。我记下了。”
609,handjob,158,love_0_or_le_2&love_ge_1&sys_0,守林人握住不动，低头看了看。\n“……{PlayerName}，这东西明明不小。嗯……怎么到我手里就这么乖。哼，随我揉捏。”
610,blowjob,158,t_submit_l_3&t_kiss_0&sys_0&t_happy_mark_le_2&love_0_or_le_2,守林人犹豫片刻，还是低下头。\n“……{PlayerName}，我试试……嗯……要是弄疼了你说一声。”
611,blowjob,158,love_0_or_le_2&love_ge_1&t_kiss_0&sys_0,守林人含着{PlayerName}，生涩地吞吐。\n“……嗯……{PlayerName}，这样可以么？嗯……你别催我，我学得慢。”
612,blowjob,158,love_0_or_le_2&love_ge_1&t_kiss_0&sys_0,守林人抬眼看了{PlayerName}一眼，继续低头。\n“……嗯……{PlayerName}，你一直盯着，我会分心。嗯……先闭眼。”
613,blowjob,158,t_kiss_0&sys_0&t_submit_l_3&love_0_or_le_2,守林人顺着{PlayerName}的引导，渐渐有了章法。\n“……嗯……{PlayerName}，我学得快吧。嗯……要不要再深些？”
614,blowjob,158,t_kiss_0&sys_0&love_0_or_le_2,守林人含着不动，等{PlayerName}缓了缓才又继续。\n“……嗯……{PlayerName}，慢慢来。嗯……我不赶时间，你放松。”
615,kiss_h,158,love_0_or_le_2&love_ge_1&t_kiss_1&high_999&sys_0,守林人被吻着，轻轻回应，手也探进{PlayerName}衣摆。\n“……嗯……{PlayerName}，只是接吻可不够。嗯……今日由我伺候你。”
616,day_hello,158,high_1&tired_ge_75_or_sleep_time,守林人看了一眼时间，语气放轻。\n“……该歇了，{PlayerName}。”\n“天色都沉了，再硬撑明天没精神。我先走，你也早点睡。”
617,blowjob,158,love_0_or_le_2&love_ge_1&t_kiss_1&high_999&sys_0,守林人用舌尖轻轻打转，又缓缓含深。\n“……嗯……{PlayerName}，你闻起来有点危险。不过我不怕。交给我。”
618,first_kiss,158,high_999&penis_in_t_mouse&CVP_A1_G_LE_2,守林人头一回含着那物，有些不知所措。\n“……嗯……{PlayerName}，我不大会。嗯……不过为了你我会学。你别嫌弃。”
619,p_orgasm_small,158,penis_in_t_hand&high_2,守林人感到{PlayerName}的手一紧，知道时候到了。\n“……{PlayerName}……嗯，出来吧。我接着，全给我。”
620,p_orgasm_small,158,love_0_or_le_2&penis_in_t_hand&high_2,守林人加快手上的动作。\n“……{PlayerName}……嗯，快了么。别忍，射我手上就好。”
621,p_orgasm_small,158,penis_in_t_mouse&shoot_in_t_mouse&high_2&love_0_or_le_2,守林人及时张开嘴，接住{PlayerName}。\n“……嗯……咕……{PlayerName}，都给我了。嗯……我咽下去了。”
622,p_orgasm_small,158,love_0_or_le_2&love_ge_1&penis_in_t_mouse&shoot_in_t_mouse&high_2,守林人含着，直到{PlayerName}完全平静。\n“……嗯……{PlayerName}，今日可还满意？嗯……下次还得练。”
623,paizuri,158,love_0_or_le_2&love_ge_1&sys_0,守林人托起胸口，夹住{PlayerName}。\n“……{PlayerName}，这样可以么？嗯……我的不大，你将就些。”
624,paizuri,158,love_0_or_le_2&love_ge_1&sys_0,守林人用胸口轻轻夹着磨蹭。\n“……{PlayerName}，舒服么？嗯……要是不喜欢就说，我会改。”
625,paizuri,158,sys_0&love_ge_2,守林人握着{PlayerName}，在两峰间来回。\n“……嗯……{PlayerName}，你倒是挺会享受。哼，便宜你了。”
626,paizuri,158,love_0_or_le_2&love_ge_1&high_2&sys_0,守林人夹紧胸口，动作渐渐熟练。\n“……{PlayerName}，你喜欢这样吧。嗯……那我就多动会儿。”
627,footjob,158,love_0_or_le_2&love_ge_1&sys_0,守林人抬起脚，轻轻搭上{PlayerName}。\n“……{PlayerName}，用脚可以么？嗯……我没试过。你教我。”
628,footjob,158,love_0_or_le_2&love_ge_1&sys_0,守林人用脚底轻轻磨蹭。\n“……嗯……{PlayerName}，这样暖不暖。嗯……在林子里，脚总是很冰。”
629,footjob,158,love_0_or_le_2&love_ge_1&t_wear_socks&place_furniture_ge_1&sys_0,守林人隔着袜，轻轻踩上。\n“……{PlayerName}，这袜子是我自己织的。嗯……暖和么？那就好。”
630,footjob,158,love_0_or_le_2&love_ge_1&t_wear_socks&sys_0,守林人用脚趾灵巧地拨弄。\n“……嗯……{PlayerName}，你看，我这脚从前在树上可稳了。嗯……伺候你也不差。”
631,p_orgasm_small,158,love_0_or_le_2&love_ge_1&penis_in_t_breast&high_2,守林人夹紧乳肉，贴着{PlayerName}。\n“……嗯……{PlayerName}，射这儿……嗯……都留给我。”
632,p_orgasm_small,158,love_0_or_le_2&love_ge_1&shoot_in_t_breast&high_2,守林人低头，看着胸前一片白浊。\n“……{PlayerName}，你可真是……嗯……弄脏了，得你来洗。”
633,p_orgasm_small,158,love_0_or_le_2&love_ge_1&shoot_in_t_foot&high_2,守林人微微蜷起脚趾，让{PlayerName}尽了兴。\n“……{PlayerName}，射在脚上了……嗯……湿哒哒的，我得去洗洗。”
634,p_orgasm_small,158,love_0_or_le_2&love_ge_1&penis_in_t_foot&high_2,守林人夹紧脚，由着{PlayerName}释放。\n“……{PlayerName}……嗯，全给我了。你的味道……不算难闻。”
635,p_orgasm_small,158,love_ge_1&penis_in_t_foot&t_wear_socks&shoot_in_t_foot&high_2,守林人隔着袜，感到一片温热。\n“……{PlayerName}，袜子弄脏了。嗯……不过你高兴就好。回头我自己洗。”
636,hairjob,158,love_0_or_le_2&love_ge_1,守林人撩起长发，轻轻缠上{PlayerName}。\n“……{PlayerName}，用头发可以么？嗯……我没试过。你轻些，别扯疼我。”
637,hairjob,158,sys_0&love_0_or_le_2&love_ge_1,守林人用发丝缓缓磨蹭。\n“……嗯……{PlayerName}，这样舒服么。嗯……头发软吧。这可是养了好久。”
638,hairjob,158,sys_0&love_0_or_le_2&love_ge_1&high_2&t_submit_l_3,守林人伏在{PlayerName}腿间，用长发包着。\n“……嗯……{PlayerName}，你喜欢这样么。嗯……那我就多弄会儿。”
639,axillajob,158,love_0_or_le_2&love_ge_1&sys_0,守林人抬起手臂，露出腋下。\n“……{PlayerName}，这里也要么。嗯……你倒是什么都想试。哼，随你吧。”
640,rub_buttock,158,love_0_or_le_2&love_ge_1&sys_0,守林人背对着{PlayerName}，轻轻磨蹭。\n“……{PlayerName}，这样可还满意？嗯……要是你不应，我可停了。”
641,rub_buttock,158,love_0_or_le_2&love_ge_1&sys_0,守林人动了动腰，缓缓来回。\n“……嗯……{PlayerName}，你只管躺好。嗯……今日我伺候你。”
642,rub_buttock,158,love_0_or_le_2&love_ge_1&sys_0,守林人伏在{PlayerName}身上，轻轻碾磨。\n“……嗯……{PlayerName}，你舒服得不出声了。哼……看来我没白学。”
643,rub_buttock,158,love_ge_1&sys_0,守林人贴着{PlayerName}，一下一下地蹭。\n“……{PlayerName}，这样就好。嗯……别催我，慢点才有滋味。”
644,p_orgasm_small,158,love_0_or_le_2&love_ge_1&penis_in_t_hair&high_2,守林人用发梢缠着{PlayerName}，轻轻动着。\n“……嗯……{PlayerName}，射头发上也行。嗯……弄乱了我再梳。”
645,p_orgasm_small,158,love_0_or_le_2&love_ge_1&shoot_in_t_hair&high_2,守林人感到发间一热，停了下来。\n“……{PlayerName}，都在头发上了……嗯……这下可不好收拾。不过罢了。”
646,p_orgasm_small,158,love_0_or_le_2&love_ge_1&shoot_in_t_axilla&high_2,守林人感到腋下一热，轻轻喘了口气。\n“……{PlayerName}，你还真会找地方。嗯……罢了，我去洗洗。”
647,p_orgasm_small,158,love_0_or_le_2&love_ge_1&high_2&penis_in_t_leg&shoot_in_t_leg,守林人夹紧腿，感到一片温热。\n“……{PlayerName}，射在腿上了……嗯……你倒是痛快了。哼。”
648,p_orgasm_small,158,love_0_or_le_2&love_ge_1&last_cmd_rub_buttock&shoot_in_t_leg&high_2,守林人感到腿根一热，轻轻吐气。\n“……{PlayerName}……嗯，全给我了。好啦，快起来，我去收拾。”
649,p_orgasm_small,158,love_0_or_le_2&love_ge_1&last_cmd_rub_buttock&high_2,守林人缓了缓，松开腿。\n“……{PlayerName}，这下你满意了吧。嗯……今日就到这儿。我去清洗。”
650,hand_blowjob,158,love_0_or_le_2&love_ge_1&t_kiss_0&sys_0,守林人一手揉着，一边低头舔弄。\n“……嗯……{PlayerName}，手和嘴一起好不好。嗯……你喜欢么。”
651,hand_blowjob,158,love_0_or_le_2&love_ge_1&last_cmd_handjob&t_kiss_0&sys_0,守林人学着方才{PlayerName}教的，交替着来。\n“……嗯……{PlayerName}，这样是不是更舒服。嗯……你抖了一下。记下了。”
652,hand_blowjob,158,love_0_or_le_2&love_ge_1&last_cmd_blowjob_type&t_kiss_0&sys_0,守林人边舔边揉，抬眼望着{PlayerName}。\n“……嗯……{PlayerName}，你的反应都写在脸上了。看来我没做错。继续。”
653,hand_blowjob,158,love_0_or_le_2&love_ge_1&high_2&t_kiss_0&sys_0,守林人愈发熟练，吞吐间还夹着挑逗。\n“……嗯……{PlayerName}，你快不行了吧。嗯……想射就射给我，我接着。”
654,tits_blowjob,158,love_0_or_le_2&love_ge_1&sys_0,守林人夹紧软肉，托起{PlayerName}。\n“……{PlayerName}，这样裹着喜欢么。嗯……我的胸不大，不过肯为你做到这地步。”
655,tits_blowjob,158,love_0_or_le_2&love_ge_1&sys_0,守林人把{PlayerName}夹在胸前，轻轻磨蹭。\n“……嗯……{PlayerName}，这里很软吧。嗯……比手强些。哼，偷着乐吧。”
656,tits_blowjob,158,love_0_or_le_2&love_ge_1&high_2&sys_0,守林人越动越起劲，胸口泛着薄汗。\n“……{PlayerName}，你真是会享受。嗯……罢了，谁让我应了你。夹紧了。”
657,focus_blowjob,158,love_0_or_le_2&love_ge_1&sys_0,守林人只专注地含着，一下一下。\n“……嗯……{PlayerName}，别的都不看。嗯……只看着你。你舒服就好。”
658,focus_blowjob,158,love_0_or_le_2&love_ge_1&sys_0,守林人沉下心，细细地伺候。\n“……嗯……{PlayerName}，你别说话。嗯……交给我，我会好好做完的。”
659,focus_blowjob,158,love_0_or_le_2&love_ge_1&high_2&sys_0,守林人神情专注，仿佛在瞄靶。\n“……{PlayerName}，你就是我的目标。嗯……这一回准能命中。射出来，我接着。”
660,deep_throat,158,love_0_or_le_2&love_ge_1&CVP_A2_E|42_LE_50&sys_0&t_submit_l_5,守林人试着吞得更深，眼角泛出泪。\n“……嗯……咕……{PlayerName}，太深了。嗯……不过我还能忍。你别动，让我来。”
661,deep_throat,158,love_0_or_le_2&love_ge_1&t_submit_l_5&CVP_A2_E|42_LE_50&sys_0,守林人被顶到喉咙，轻轻干呕。\n“……嗯……咕……{PlayerName}，慢一点。嗯……我适应一下。呼……好，再来。”
662,deep_throat,158,love_0_or_le_2&love_ge_1&place_furniture_ge_1&t_happy_mark_ge_1&CVP_A2_E|42_LE_50&sys_0,守林人靠在椅边，仰着脖子任{PlayerName}动作。\n“……嗯……咕……{PlayerName}，你好深。嗯……不过我喜欢。随你折腾。”
663,deep_throat,158,love_0_or_le_2&love_ge_1&t_happy_mark_ge_1&sys_0,守林人咽了咽，努力放松喉头。\n“……嗯……{PlayerName}，这样舒服么。嗯……你别拘着，怎么痛快怎么来。”
664,p_orgasm_small,158,love_0_or_le_2&love_ge_1&last_cmd_focus_blowjob&shoot_in_t_mouse&high_2,守林人含着{PlayerName}，感觉到它一跳一跳。\n“……嗯……{PlayerName}，要来了么。嗯……射我嘴里，我不躲。”
665,p_orgasm_small,158,love_0_or_le_2&love_ge_1&last_cmd_focus_blowjob,守林人用心伺候到最后。\n“……嗯……{PlayerName}……嗯，好了，都咽下去了。今日辛苦了。”
666,p_orgasm_small,158,love_0_or_le_2&love_ge_1&last_cmd_deep_throat&shoot_in_t_mouse&t_submit_l_5&high_2,守林人喉头滚动，把{PlayerName}的一切都收下。\n“……咕……{PlayerName}……嗯，全进去了。嗯……我不讨厌。”
667,p_orgasm_small,158,love_0_or_le_2&love_ge_1&last_cmd_deep_throat&high_2,守林人缓了缓，替{PlayerName}舔净。\n“……{PlayerName}……嗯，干净了。今日可还受用？哼……那就好。”
668,sixty_nine,158,love_0_or_le_2&love_ge_1,守林人与{PlayerName}相叠，各自低头忙碌。\n“……嗯……{PlayerName}，你也舒服么。嗯……我们一起，慢点来。”
669,sixty_nine,158,love_0_or_le_2&love_ge_1,守林人被舔着，也用心地侍弄{PlayerName}。\n“……嗯……{PlayerName}，我快不行了。嗯……你也快些，一起到好不好。”
670,sixty_nine,158,love_0_or_le_2&love_ge_1&high_2,守林人喘着气，腿根轻颤，却不肯停下。\n“……嗯……{PlayerName}，我再忍忍。嗯……你先出来，我等你。”
671,p_orgasm_small,158,love_0_or_le_2&love_ge_1&penis_in_t_mouse&high_2&shoot_in_t_mouse,守林人仰头，咽下最后一滴。\n“……{PlayerName}……嗯，全给我了。嗯……这样你就跑不掉了。”
672,p_orgasm_small,158,love_0_or_le_2&love_ge_1&penis_in_t_hand&shoot_in_t_hand&high_2,守林人摊开手，看着掌心。\n“……{PlayerName}……嗯，射了一手。好啦，我去洗洗再来陪你。”
673,p_orgasm_small,158,love_0_or_le_2&love_ge_1&penis_in_t_mouse&high_2,守林人含着{PlayerName}，不愿松开。\n“……嗯……{PlayerName}，别急着抽走。嗯……让我再含一会儿。”
674,p_orgasm_small,158,love_0_or_le_2&love_ge_1&penis_in_t_hand&high_2,守林人缓缓吐出，又轻轻舔了舔。\n“……{PlayerName}……嗯，你可还舒服？嗯……那就好。”
675,legjob,158,love_0_or_le_2&love_ge_1,守林人夹紧双腿，轻轻磨蹭{PlayerName}。\n“……{PlayerName}，用腿可以么？嗯……我没试过。你教我。”
676,legjob,158,love_0_or_le_2&love_ge_1,守林人用腿根夹着，缓缓动着。\n“……嗯……{PlayerName}，这像不像在林子里夹着猎物。嗯……这回换你当猎物。”
677,legjob,158,love_0_or_le_2&love_ge_1&place_furniture_ge_1,守林人靠着{PlayerName}，腿间夹紧。\n“……{PlayerName}，坐这儿行么。嗯……这样你能动得开些。随你来。”
678,legjob,158,love_0_or_le_2&love_ge_1&high_2,守林人夹着腿，渐渐磨出了感觉。\n“……嗯……{PlayerName}，你好烫。嗯……我腿根都热了。呼……快些。”
682,p_orgasm_small,158,love_0_or_le_2&love_ge_1&penis_in_t_leg&high_2,守林人夹紧双腿，感到一片温热。\n“……嗯……{PlayerName}，射在腿上了。好啦，我们去洗洗。”
683,p_orgasm_small,158,love_0_or_le_2&love_ge_1&penis_in_t_leg&shoot_in_t_leg&high_2,守林人腿根一颤，由着{PlayerName}释放。\n“……{PlayerName}……嗯，都给我了。嗯……这下你该累了吧。歇会儿。”
686,face_rub,158,love_0_or_le_2&love_ge_1&t_submit_l_3&sys_0,守林人把{PlayerName}的脸轻轻按在自己颊边。\n“……嗯……{PlayerName}，这样蹭蹭，像小动物一样。不讨厌。”
687,face_rub,158,love_0_or_le_2&love_ge_1&sys_0,守林人侧过头，由着{PlayerName}蹭着。\n“……嗯……{PlayerName}，你的脸颊有点凉。在林子里吹风吹的？我帮你焐焐。”
688,face_rub,158,love_0_or_le_2&love_ge_1&high_2&sys_0,守林人被蹭得有些发痒，却还是由着。\n“……嗯……{PlayerName}，你像只黏人的小兽。罢了，随你蹭吧。”
689,ears_rub,158,love_0_or_le_2&love_ge_1&sys_0,守林人感到耳尖被碰，轻轻一颤。\n“……{PlayerName}，耳朵别……嗯……那儿很敏感。你轻些。”
690,ears_rub,158,love_0_or_le_2&love_ge_1&sys_0,守林人微微侧头，由着{PlayerName}。\n“……嗯……{PlayerName}，你吹气做什么。嗯……我耳朵会发烫。哼，故意的吧。”
691,ears_rub,158,love_0_or_le_2&love_ge_1&sys_0,守林人垂下眼，耳根泛红。\n“……{PlayerName}，你还真会挑地方。嗯……不过是你，就随你吧。别太过分。”
692,p_orgasm_small,158,love_0_or_le_2&love_ge_1&penis_in_t_face&high_2,守林人闭上眼，由着{PlayerName}尽兴。\n“……嗯……{PlayerName}，射脸上了……嗯……罢了，我擦擦。”
693,p_orgasm_small,158,love_0_or_le_2&love_ge_1&shoot_in_t_face&high_2,守林人没有躲，由着那温热落在脸上。\n“……{PlayerName}，你真是……嗯……不过是你给的，我认了。”
694,p_orgasm_small,158,love_0_or_le_2&love_ge_1&penis_in_t_ears&high_2,守林人感到耳边一热，轻轻一颤。\n“……嗯……{PlayerName}，射耳朵上了……嗯……真服了你。我去洗洗。”
695,p_orgasm_small,158,love_0_or_le_2&love_ge_1&penis_in_t_ears&shoot_in_t_ears&high_2,守林人侧过头，由着{PlayerName}。\n“……{PlayerName}……嗯，耳朵都湿了。好啦，擦干净，我们去休息。”
696,body_lubricant,158,love_0_or_le_2&love_ge_1&sys_0,守林人坐在{PlayerName}面前，任他给自己抹油。\n“……嗯……{PlayerName}，这油凉凉的。抹开就热了。继续。”
697,body_lubricant,158,love_0_or_le_2&love_ge_1&sys_0,守林人被抹得浑身发亮，轻轻喘着。\n“……嗯……{PlayerName}，你抹得好仔细，像给弓上油。哼，那我可比弓难伺候。”
698,body_lubricant,158,love_0_or_le_2&love_ge_1&high_2&sys_0,守林人身上泛着油光，体温渐渐升高。\n“……{PlayerName}，这油有古怪……嗯……我身子好热。呼……你快些，别磨蹭。”
699,philter,158,love_0_or_le_2&love_ge_1&sys_0,守林人嗅了嗅，神色微变。\n“……{PlayerName}，这瓶子里装的是什么……嗯……我头有点晕。这气味古怪。”
700,philter,158,love_0_or_le_2&love_ge_1&sys_0,守林人扶着额头，身子发软。\n“……{PlayerName}，你给我喝了什么……嗯……我全身都热起来了。呼……你得负责。”
701,nipples_love_egg,158,sys_0&love_0_or_le_2&love_ge_1,守林人低头，看着胸前的跳蛋。\n“……{PlayerName}，这是什么……嗯……别乱来，那里会受不住的。”
702,nipples_love_egg,158,sys_0&love_0_or_le_2&love_ge_1,守林人被震得轻轻一颤。\n“……嗯……{PlayerName}，这个好奇怪。嗯……别开那么大……呼。”
703,nipples_love_egg,158,sys_0&love_ge_2,守林人咬着唇，忍着胸口的震动。\n“……{PlayerName}，你真是……嗯……不过是你选的，我认了。呼……嗯……”
704,nipple_clamp_on,158,love_0_or_le_2&love_ge_1,守林人感到乳尖一痛。\n“……{PlayerName}，这夹子……嗯……有点疼。不过你喜欢就戴着。”
705,nipple_clamp_on,158,love_0_or_le_2&love_ge_1,守林人低头，看着那对夹子。\n“……{PlayerName}，你还真下得去手。嗯……哼，回头我可要讨回来。随你吧。”
706,nipple_clamp_on,158,love_0_or_le_2&love_ge_1&high_2,守林人被夹着，胸尖发硬。\n“……嗯……{PlayerName}，你就得意吧。嗯……等会儿有你受的。呼……”
707,clit_love_egg,158,love_0_or_le_2&love_ge_1&sys_0,守林人感到腿间贴上异物。\n“……{PlayerName}，那儿不行……嗯……会坏掉的。你别乱来。”
708,clit_love_egg,158,love_0_or_le_2&love_ge_1&sys_0,守林人被震得腿根发软。\n“……嗯……{PlayerName}，停下，我受不了。嗯……那里太敏感了……呼。”
709,clit_love_egg,158,love_0_or_le_2&love_ge_1&sys_0,守林人蜷起脚趾，腰肢轻颤。\n“……{PlayerName}，我……我……嗯……啊……好像要出来了……呼……不行……”
710,clit_clamp_on,158,love_0_or_le_2&love_ge_1&sys_0,守林人感到腿间一夹。\n“……{PlayerName}，这夹子……嗯……那里也要夹？你真是什么都敢玩。”
711,clit_clamp_on,158,love_0_or_le_2&love_ge_1&sys_0,守林人忍着腿间的异样。\n“……嗯……{PlayerName}，这东西卡着好难受。嗯……不过你高兴就好。”
712,clit_clamp_on,158,love_0_or_le_2&love_ge_1&high_2&t_submit_l_5&sys_0,守林人红着脸，腿根不住发颤。\n“……{PlayerName}，你真是坏透了。嗯……不过我好像也不全在拒绝。哼，随你吧。”
713,electric_message_stick,158,love_0_or_le_2&love_ge_1&sys_0,守林人看着那按摩棒，咽了咽。\n“……{PlayerName}，这东西……嗯……我有点怕。你轻些。”
714,electric_message_stick,158,love_0_or_le_2&love_ge_1&sys_0,守林人被按在腰侧，轻轻一颤。\n“……嗯……{PlayerName}，好麻。嗯……像被电着似的。别停……”
715,electric_message_stick,158,love_0_or_le_2&love_ge_1&high_2&sys_0,守林人趴在{PlayerName}怀里，身子一阵阵地颤。\n“……{PlayerName}，我……我……嗯……啊……不行了。快停下……呼。”
716,vibrator_insertion,158,love_0_or_le_2&love_ge_1&t_virgin_1&high_999&sys_0,守林人看着那粗大的东西，有些退缩。\n“……{PlayerName}，这太大了……嗯……我头一回用这个。你轻些，慢慢来。”
717,first_sex,158,not_fall&not_unconscious_h,守林人按住{PlayerName}的手。\n“……{PlayerName}，今天不做。嗯……我还没准备好。再等等我。”
718,vibrator_insertion,158,love_0_or_le_2&love_ge_1&sys_0,守林人被缓缓送入，轻轻吸气。\n“……嗯……{PlayerName}，里面好胀。嗯……不过不算疼。你继续。”
719,vibrator_insertion,158,love_0_or_le_2&love_ge_1&sys_0,守林人渐渐适应，随着震动轻颤。\n“……嗯……{PlayerName}，这个好像也不赖。嗯……你别停……呼。”
720,vibrator_insertion,158,love_0_or_le_2&love_ge_1&high_2&sys_0,守林人被震得腿软，只能攀住{PlayerName}。\n“……嗯……啊……{PlayerName}，我快站不住了。嗯……抱紧我。”
721,nipple_clamp_off,158,love_0_or_le_2&love_ge_1,守林人感到乳尖一松，轻轻呼出口气。\n“……嗯……{PlayerName}，取下来了。那儿都红了。你可真狠心。”
722,clit_clamp_off,158,love_0_or_le_2&love_ge_1,守林人感到腿间的夹子被取下。\n“……嗯……{PlayerName}，这下舒坦了。嗯……好了，我们歇会儿吧。”
723,vibrator_insertion_off,158,love_0_or_le_2&love_ge_1&sys_0,守林人感到那东西被缓缓抽出。\n“……嗯……{PlayerName}，结束了么。嗯……我腿都软了。扶我一把。”
724,vibrator_insertion_off,158,love_0_or_le_2&love_ge_1&t_lubrication_ge_7&sys_0,守林人被抽离，轻轻喘着。\n“……嗯……{PlayerName}，里面还留着水。嗯……好啦，我去清洗，你别跟来。”
725,normal_sex,158,love_ge_1&sys_0,守林人仰躺着，由着{PlayerName}进入。\n“……嗯……{PlayerName}，你轻些。嗯……我会慢慢习惯的。随你来。”
726,normal_sex,158,high_999&sys_0&love_ge_3&CVP_A2_Flag|8_E_1,守林人环住{PlayerName}的脖子。\n“……{PlayerName}，这样面对面看着你。嗯……我好像也安心些。动吧。”
727,day_hello,158,high_1,守林人系好外衣的扣子。\n“……早。”\n“今天天气不错，适合出外勤。{PlayerName}，路上小心。”
728,back_sex,158,love_ge_1,守林人扶稳，由着{PlayerName}从身后进入。\n“……嗯……{PlayerName}，这样看不见你的脸。嗯……不过是你就好。轻些。”
729,back_sex,158,high_999&sys_0&CVP_A2_Flag|8_E_1,守林人撑着身，任{PlayerName}动作。\n“……嗯……{PlayerName}，你摸到我的角了。嗯……那里别用力。呼……”
730,chat_failed,158,high_1&sys_0,守林人抬起头，又低下头。\n“……嗯？”\n“方才走神了。{PlayerName}，你再说一遍？”
731,riding_sex,158,love_0_or_le_2&love_ge_1,守林人跨坐上去，扶着{PlayerName}。\n“……嗯……{PlayerName}，我自己来。嗯……你只管躺着。看我的。”
732,riding_sex,158,high_999&sys_0&CVP_A2_Flag|8_E_1,守林人缓缓起落，呼吸渐急。\n“……嗯……{PlayerName}，这样舒服么。嗯……那我就多动会儿。呼……”
733,first_meet,158,high_1&high_999,“……你就是……{PlayerName}博士。”\n守林人抬眼，把眼前的人打量了个来回。\n“我叫守林人。从今天起在罗德岛做事。话不多，但活儿不会少干。”
734,face_seat_sex,158,love_0_or_le_2&love_ge_1,守林人面对面坐下，环住{PlayerName}。\n“……{PlayerName}，这样贴得好近。嗯……我喜欢你的气息。动吧，我受得住。”
735,face_seat_sex,158,high_999&sys_0&CVP_A2_Flag|8_E_1,守林人贴着{PlayerName}的胸膛，轻轻起伏。\n“……嗯……{PlayerName}，你心跳好快。嗯……像在林子里追到猎物一样。呼……”
736,refuse_eat,158,high_1&hunger_le_79&t_find_food_weird_flag_0&sys_0,守林人看着{PlayerName}递来的东西，没有接。\n“……这个，味道不对。”\n“我闻出来了。不了。{PlayerName}，你也少碰。”
737,back_seat_sex,158,love_0_or_le_2&love_ge_1,守林人背对着{PlayerName}，缓缓坐下。\n“……嗯……{PlayerName}，这样能进来好深。嗯……慢些，我适应一下。”
738,back_seat_sex,158,high_999&sys_0&CVP_A2_Flag|8_E_1,守林人扶着{PlayerName}的腿，轻轻起伏。\n“……嗯……{PlayerName}，你看见我的后颈么。嗯……这儿也是我的要害。可只给你碰。”
739,refuse_eat,158,high_1&t_find_food_weird_flag_0&sys_0,守林人摇头。\n“……不了。这东西我吃不惯。”\n“给我点清水就行。好意心领了。”
740,face_stand_sex,158,love_0_or_le_2&love_ge_1,守林人靠着墙，被{PlayerName}托起。\n“……{PlayerName}，这姿势太羞人。嗯……不过是你想，那我认了。抱稳我。”
741,face_stand_sex,158,high_999&sys_0&CVP_A2_Flag|8_E_1,守林人悬着，只能牢牢攀住{PlayerName}。\n“……嗯……{PlayerName}，你轻些。嗯……我有点怕。不过你抱着我，我就安心。动吧。”
742,refuse_eat,158,high_1&t_find_food_weird_flag_1&not_fall&sys_0,守林人仔细看了看那食物，还是放下。\n“……{PlayerName}，这上面沾的，不像寻常调料。”\n“边境上这类把戏见得多。我不碰，你也别吃。”
743,back_stand_sex,158,love_ge_1,守林人扶着墙，由着{PlayerName}自后进入。\n“……嗯……{PlayerName}，这姿势在林子里可没见过。嗯……不过是你就好。慢些。”
744,back_stand_sex,158,high_999&sys_0&CVP_A2_Flag|8_E_1,守林人被顶得微微前倾。\n“……嗯……{PlayerName}，你好深。嗯……我快撑不住了。扶住我。”
745,refuse_eat,158,high_1&t_find_food_weird_flag_1&sys_0,守林人放下碗。\n“……嗯。我懂你的意思。”\n“只是我在这林子里活惯了，认得那些古怪的东西。这个还是算了。”
746,first_sex,158,love_0_or_le_2&love_ge_1&dr_position_normal,守林人绷着身子，握住{PlayerName}的手。\n“……{PlayerName}，我头一回。嗯……你轻些，慢慢来。我信你。”
747,first_sex,158,love_0_or_le_2&love_ge_1&dr_position_back,守林人弓起背，由着{PlayerName}进入。\n“……嗯……{PlayerName}，有点疼。嗯……不过是你，我忍得住。继续。”
748,first_sex,158,love_0_or_le_2&love_ge_1&dr_position_face_ride,守林人跨坐着，缓缓下坐。\n“……嗯……{PlayerName}，这第一回这样。嗯……我自己来会稳些。呼……”
749,first_sex,158,love_0_or_le_2&love_ge_1&dr_position_face_seat,守林人面对面，由着{PlayerName}进入。\n“……{PlayerName}，能看着你的眼睛。嗯……我就不怕了。来吧。”
750,first_sex,158,love_0_or_le_2&love_ge_1&dr_position_back_seat,守林人背对着坐下，轻轻吐气。\n“……嗯……{PlayerName}，第一回就这样。嗯……不过是你，我都认了。轻些。”
751,first_sex,158,love_0_or_le_2&love_ge_1&dr_position_face_stand,守林人靠着墙，由着{PlayerName}托起。\n“……{PlayerName}，第一回站着……嗯……你抱稳，我有点慌。”
752,first_sex,158,love_0_or_le_2&love_ge_1&dr_position_back_stand,守林人扶着墙，任{PlayerName}自后进入。\n“……嗯……{PlayerName}，第一回就从背后。嗯……你可得轻些，我还怕。”
753,stimulate_g_point,158,love_0_or_le_2&love_ge_1&dr_position_normal,守林人被磨到某处，腰肢猛地一颤。\n“……嗯……{PlayerName}，那里别……嗯……一碰就奇怪。呼……”
754,stimulate_g_point,158,love_0_or_le_2&love_ge_1&dr_position_back,守林人弓起腰，声音发颤。\n“……{PlayerName}，你是不是故意的。嗯……专挑那儿。呼……坏人。”
755,stimulate_g_point,158,love_0_or_le_2&love_ge_1&dr_position_face_ride,守林人跨坐着，被顶得乱颤。\n“……嗯……{PlayerName}，那儿不行……嗯……会坏掉的。呼……轻些……”
756,stimulate_g_point,158,love_0_or_le_2&love_ge_1&dr_position_face_seat,守林人面对面，被磨得腿软。\n“……嗯……{PlayerName}，我好像要到了。嗯……你别停。呼……啊……”
757,stimulate_g_point,158,love_0_or_le_2&love_ge_1&dr_position_back_seat,守林人背对着，被顶到深处。\n“……嗯……{PlayerName}，那儿你怎么找到的。嗯……我自己都没碰过。呼……”
758,stimulate_g_point,158,love_0_or_le_2&love_ge_1&dr_position_face_stand,守林人靠着墙，被磨得说不出话。\n“……嗯……{PlayerName}，我……我……嗯……啊……不行了……呼……”
759,stimulate_g_point,158,love_0_or_le_2&love_ge_1&dr_position_back_stand,守林人扶着墙，腰肢直颤。\n“……嗯……{PlayerName}，你真会挑地方。嗯……再这样我真要不行了。呼……”
760,stimulate_g_point,158,love_0_or_le_2&love_ge_1&dr_position_normal,守林人被磨到那一点，终于撑不住。\n“……嗯……啊……{PlayerName}，我到了……嗯……都怪你。呼……”
761,stimulate_g_point,158,love_0_or_le_2&love_ge_1&dr_position_back,守林人软在{PlayerName}怀里，不住轻颤。\n“……{PlayerName}，你好厉害。嗯……我头一回这样。呼……让我缓缓。”
762,stimulate_g_point,158,love_0_or_le_2&love_ge_1&dr_position_face_ride,守林人跨坐着，已然脱力。\n“……嗯……{PlayerName}，我没力气了。嗯……你扶着我。呼……”
763,stimulate_g_point,158,love_0_or_le_2&love_ge_1&dr_position_face_seat,守林人被磨得直仰头。\n“……嗯……{PlayerName}，那儿别再碰了。嗯……我会疯掉的。呼……啊……”
764,stimulate_g_point,158,love_0_or_le_2&love_ge_1&dr_position_back_seat,守林人背对着，喘着气。\n“……{PlayerName}，你就得意吧。嗯……不过我好像也不讨厌。呼……”
765,stimulate_g_point,158,love_0_or_le_2&love_ge_1&dr_position_face_stand,守林人靠着墙，双腿发软。\n“……{PlayerName}，我不行了。嗯……你快些结束。呼……啊……”
766,stimulate_g_point,158,love_0_or_le_2&love_ge_1&dr_position_back_stand,守林人扶不住墙，滑坐下去。\n“……嗯……{PlayerName}，饶了我。嗯……我真的不行了。呼……”
767,stimulate_g_point,158,love_0_or_le_2&love_ge_1,守林人彻底脱力，只能由着{PlayerName}。\n“……嗯……{PlayerName}，你怎么这么会。嗯……我甘拜下风。呼……”
768,womb_os_caress,158,love_0_or_le_2&love_ge_1&dr_position_normal&sys_0&CVP_A2_A|12_LE_3,守林人被顶到极深处，浑身一僵。\n“……嗯……{PlayerName}，那里是子宫口。嗯……你轻些。呼……”
769,womb_os_caress,158,love_0_or_le_2&love_ge_1&dr_position_back&sys_0&CVP_A2_A|12_LE_3,守林人弓着腰，被磨着最深处。\n“……嗯……{PlayerName}，别那么深。嗯……会顶坏我的。呼……”
770,womb_os_caress,158,love_0_or_le_2&love_ge_1&dr_position_face_ride&CVP_A2_A|12_LE_3,守林人跨坐着，被顶到宫口。\n“……嗯……{PlayerName}，那儿不行。嗯……一碰我全身就发软。呼……啊……”
771,womb_os_caress,158,love_0_or_le_2&love_ge_1&dr_position_face_seat&CVP_A2_A|12_LE_3,守林人面对面，被磨着子宫口。\n“……嗯……{PlayerName}，我好像看见星星了。嗯……别停。呼……”
772,womb_os_caress,158,love_0_or_le_2&love_ge_1&dr_position_back_seat&CVP_A2_A|12_LE_3,守林人背对着，被顶到最深处。\n“……嗯……{PlayerName}，你好深。嗯……我都快说不出话了。呼……”
773,womb_os_caress,158,love_0_or_le_2&love_ge_1&dr_position_face_stand&CVP_A2_A|12_LE_3,守林人靠着墙，被磨得直颤。\n“……嗯……{PlayerName}，那儿真的不行。嗯……我会坏掉的。呼……啊……”
774,womb_os_caress,158,love_0_or_le_2&love_ge_1&dr_position_back_stand&CVP_A2_A|12_LE_3,守林人扶不住，只能由着{PlayerName}托着。\n“……嗯……{PlayerName}，你就欺负我吧。嗯……不过我好像也不讨厌。呼……”
775,womb_os_caress,158,love_0_or_le_2&love_ge_1&dr_position_normal,守林人被磨得连连轻颤。\n“……嗯……{PlayerName}，又是那儿。嗯……你记住了是不是。呼……坏人……”
776,womb_os_caress,158,love_0_or_le_2&love_ge_1&dr_position_back,守林人趴在{PlayerName}身前，声音发软。\n“……{PlayerName}，我要不行了。嗯……再这样我会丢很多次。呼……”
777,womb_os_caress,158,love_0_or_le_2&love_ge_1&dr_position_face_ride,守林人跨坐着，已然失去章法。\n“……嗯……{PlayerName}，我好像要坏掉了。嗯……你可得负责。呼……”
778,womb_os_caress,158,love_0_or_le_2&love_ge_1&dr_position_face_seat,守林人面对面，被磨得直落泪。\n“……嗯……{PlayerName}，我想哭。嗯……可是又好舒服。呼……啊……”
779,womb_os_caress,158,love_0_or_le_2&love_ge_1&dr_position_back_seat,守林人背对着，只能撑着{PlayerName}的腿。\n“……嗯……{PlayerName}，饶了我。嗯……我真的受不住了。呼……”
780,womb_os_caress,158,love_0_or_le_2&love_ge_1&dr_position_face_stand,守林人靠着墙，已然说不出话。\n“……嗯……{PlayerName}，我晕……嗯……你扶稳。呼……啊……”
781,womb_os_caress,158,love_0_or_le_2&love_ge_1&dr_position_back_stand,守林人滑坐在地上，不住轻颤。\n“……嗯……{PlayerName}，我没力气了。嗯……你抱我。呼……”
782,womb_os_caress,158,love_0_or_le_2&love_ge_1,守林人埋在{PlayerName}怀里，声音又哑又软。\n“……{PlayerName}，我好像变奇怪了。嗯……不过只要是你，我就认了。呼……”
783,undress_to_underwear,158,love_0_or_le_2&love_ge_1&t_wear_pan&t_wear_bra,守林人犹豫了一下，还是解开了外衣。\n“……{PlayerName}，只脱到这儿好么。嗯……里面我自己来。”
784,undress_to_underwear,158,love_0_or_le_2&love_ge_1,守林人褪下外衣，露出贴身的衣物。\n“……{PlayerName}，这件是新的。嗯……你看着还行么。别笑我。”
785,undress_to_underwear,158,love_0_or_le_2&love_ge_1&t_not_wear_pan&high_999,守林人解开衣扣，露出其下光裸的肌肤。\n“……{PlayerName}，我没穿里头。嗯……你可满意了。哼，便宜你了。”
786,undress_to_underwear,158,love_0_or_le_2&love_ge_1&t_wear_pan&CVP_A2_A|14_GE_2,守林人缓缓褪下外衣，露出精心穿着的内衣。\n“……{PlayerName}，这件是为你挑的。嗯……看喜欢么。别只说好话。”
787,undress_to_socks_gloves,158,sys_0&love_0_or_le_2&love_ge_1&t_wear_gloves&t_wear_socks,守林人脱下手套，又褪下袜子。\n“……{PlayerName}，这样光着有点不习惯。嗯……不过横竖都是给你看。”
788,undress_to_socks_gloves,158,sys_0&love_0_or_le_2&love_ge_1,守林人赤着足，站在{PlayerName}面前。\n“……{PlayerName}，看够了么。嗯……我脚上有茧，是练弓磨的。别嫌弃。”
789,undress_to_socks_gloves,158,sys_0&love_0_or_le_2&love_ge_1&t_yield_mark_3&t_wear_socks,守林人褪下袜子，露出纤细的足。\n“……{PlayerName}，这双脚在林子里走过许多路。嗯……如今站在你面前，倒像在做梦。”
790,undress_to_naked,158,love_0_or_le_2&love_ge_1,守林人缓缓褪尽衣衫，站在{PlayerName}面前。\n“……{PlayerName}，这样可以了么。嗯……你看吧，别移开眼。”
791,undress_to_naked,158,love_0_or_le_2&love_ge_1,守林人赤身站在{PlayerName}面前，微微侧过身。\n“……嗯……{PlayerName}，我身上有疤。嗯……是从前留下的。你别嫌弃。”
792,undress_to_naked,158,love_0_or_le_2&love_ge_1&t_happy_mark_ge_1,守林人主动褪去衣料，坦然地站着。\n“……{PlayerName}，在你面前我不想藏。嗯……我的全部都给你看。”
793,undress_to_naked,158,love_0_or_le_2&love_ge_1&high_2,守林人赤身站着，由着{PlayerName}的目光游走。\n“……{PlayerName}，你的眼神好烫。嗯……像在看猎物。哼，那我认了。”
794,remove_underwear,158,love_0_or_le_2&love_ge_1&t_wear_pan,守林人解开裙摆，褪下内里。\n“……{PlayerName}，这也要脱么。嗯……好吧，你看吧。”
795,remove_underwear,158,love_0_or_le_2&love_ge_1,守林人缓缓褪下贴身衣物。\n“……{PlayerName}，这是头一回在人前。嗯……不过是你，就好。”
796,remove_underwear,158,love_0_or_le_2&love_ge_1&t_happy_mark_ge_1,守林人解下内里，随手放到一旁。\n“……{PlayerName}，看够了么。嗯……待会儿可不许笑我。哼。”
797,refuse_eat,158,high_1&t_find_food_weird_flag_1&love_ge_2&sys_0,守林人看了看那食物，又看了看{PlayerName}，语气缓了缓。\n“……{PlayerName}，要是我没看错，这东西不对劲。”\n“我知道你是好意。但这口我不能开。”
798,refuse_eat,158,t_find_food_weird_flag_1&love_ge_2&instruct_judge_high_obscenity&sys_0&pl_action_food_medicine&high_2,守林人盯着{PlayerName}的眼睛。\n“……{PlayerName}，你现在这个样子，让我有点担心。”\n“你手里这东西，不该端到我面前。放下吧。”
799,refuse_eat,158,high_1&t_find_food_weird_flag_1&instruct_judge_high_obscenity&sys_0&love_ge_3&CVP_A2_X_G_5,守林人沉默了好一会，轻轻叹了口气。\n“……{PlayerName}……既然是你。”\n“我破例一回，只此一次。往后别拿这种东西来试探我。”
800,watch_movie,158,love_ge_2&sys_0&high_1&CVP_A2_X_GE_3,守林人坐得端正，视线却早早落在画面上。\n“……这部我看过。结局有些遗憾。”\n“不过再陪你看一遍，也无妨。”
900,get_up,158,sys_1,守林人缓缓睁开眼，窗外天已大亮。\n“……醒了。”\n她理了理额前的发，坐起身。
901,get_up,158,sys_1&ask_equp_clit_clamp_in_day&ask_equp_nipple_clamp_in_day&ask_equp_v_bibrator_in_day,守林人醒过来，正要穿衣，却摸到身上多出的东西。\n她低头看了看，脸上没什么表情，却还是把道具戴好。\n“……既然是你让的。”
902,pee,158,sys_1,守林人走进洗手间，顺手掩上门。\n解决完，她洗了洗手，神色如常地出来。
903,take_shower,158,sys_1,守林人褪去衣衫，站到花洒下。\n“……呼。”\n热水冲过她的发丝与肩背，她合上眼，任由水流带走一身疲惫。
904,take_shower,158,sys_1&CVP_A1_Dirty|B0_G_10,守林人站到花洒下，发间沾着的液体被热水一点点冲散。\n她低头，看着水顺着发梢流下，才慢慢搓洗起来。
905,take_shower,158,sys_1&CVP_A1_Dirty|B6_G_10&ask_not_wash_semen,守林人褪去衣衫，站到花洒下。\n热水冲过身体，她却只草草洗了洗上半身，就避开了腿间。\n“……那儿……就先留着吧。”她低低道，“……是你说的。”
906,npc_work_cook,158,sys_1,守林人在厨房里忙活。\n她花{MakeFoodTime}分钟，做了份{FoodName}。\n“……手艺，也就这样了。”
907,npc_work_cook,158,sys_1&CVP_A1_A|43_LE_2,守林人在厨房里，刀工有些生疏。\n她花{MakeFoodTime}分钟，做出{FoodName}，味道勉强过得去。\n“……将就着吃吧。”
908,npc_work_cook,158,sys_1&CVP_A1_A|43_G_5,守林人在厨房里，动作利落。\n她花{MakeFoodTime}分钟，做出一份像模像样的{FoodName}。\n“……林子里练出来的，还成。”
909,npc_assistant_cook,158,sys_1,守林人作为助理，在厨房里备饭。\n她花{MakeFoodTime}分钟，做了份{FoodName}。\n“……给你留的。”
910,play_arcade_game,158,sys_0,守林人站在街机前，握着摇杆。\n“……{TargetName}，来一局？”\n“……输了可不许恼。”
911,play_chess,158,sys_0,守林人坐在棋盘前，落下一子。\n“……{TargetName}，该你了。”\n她神色平静，指尖却稳得很。
912,play_cards,158,sys_0,守林人理着手里的牌。\n“……{TargetName}，跟不跟？”\n她抬眼，眼底看不出什么情绪。
913,taste_dessert,158,sys_0,守林人尝了一口点心。\n“……甜的。”\n“……{TargetName}，你也尝尝。”她难得地弯了弯嘴角。
914,taste_dessert,158,sys_1,守林人在点心店里，尝了一块。\n“……不错。”\n她点了点头，“……比林子里那口野蜜，细腻多了。”
915,play_water,158,sys_1,守林人蹲在水坑边，伸手拨了拨水。\n“……凉快。”\n她难得地露出一丝笑意。
916,soak_feet,158,sys_1,守林人把脚浸进足浴池。\n“……呼。”\n她放松地呼出一口气，“……走了一天，泡一泡，舒服。”
917,style_hair,158,sys_1,守林人坐在理发店的椅子上。\n“……稍微修一修就好。”\n她看着镜中的自己，“……别剪太短。”
918,exercise,158,sys_0,守林人跟着{TargetName}一起锻炼。\n她活动着手腕，“……身子，该动一动了。”
919,exercise,158,sys_0&hp_or_mp_low,守林人看得出{TargetName}有些疲惫，放轻了动作。\n“……累了的话，就歇会儿。”\n她轻声，“……身子要紧。”
920,exercise,158,sys_0&t_hp_or_mp_low,守林人见{TargetName}气力不济，停下了动作。\n“……先歇着吧。”\n她擦了擦汗，“……我来练就好。”
921,give_gift,158,sys_0&CVP_A1_Gift|2_G_0,守林人接过{TargetName}递来的礼物。\n她微微一愣，随即收下，“……谢了。”\n“……这份心意，我记下了。”
922,give_gift,158,sys_0&CVP_A1_Gift|6_G_0,守林人收下礼物，轻轻点头。\n“……谢谢。”\n她低头看了看，“……我会好好收着的。”
923,give_gift,158,sys_0&CVP_A1_Gift|7_G_0,守林人收下礼物，难得地弯了弯嘴角。\n“……多谢。”\n“……你倒是，懂得挑。”
924,give_gift,158,sys_0&CVP_A1_Gift|8_G_0,守林人收下礼物，眼底带了些暖意。\n“……谢谢。”\n她看了看{TargetName}，“……这份，我很喜欢。”
925,give_gift,158,sys_0&CVP_A1_Gift|21_G_0&CVP_A2_T|123_G_0,守林人看着递来的丰胸药，微微皱眉。\n“……这药，是做什么的。”\n她沉默片刻，还是接过喝下，“……罢了，随你。”
926,give_gift,158,sys_0&CVP_A1_Gift|32_G_0&CVP_A2_T|104_G_0,守林人看着递来的药，犹豫了一下。\n“……变小？”\n她低声，“……那你，还认得我么。”\n说完，她还是仰头喝下。
927,give_gift,158,sys_0&CVP_A1_Gift|31_G_0&CVP_A2_T|105_G_0,守林人看着递来的药。\n“……变大？”\n她沉默片刻，“……随你吧。”\n仰头喝下。
928,give_gift,158,sys_0&CVP_A1_Gift|33_G_0,守林人看着递来的泌乳药。\n“……这药……”她顿了顿，“……罢了，是你给的。”\n仰头喝下。
929,give_gift,158,sys_0&CVP_A1_Gift|34_G_0,守林人看着递来的药。\n“……停乳？”\n她点点头，“……也好。”\n仰头喝下。
930,give_gift,158,sys_0&CVP_A1_Gift|51_G_0,守林人看着那个倒模，耳根微红。\n……这是她别开眼却还是收下了我会收着的。你真是。
931,cure_patient,158,sys_0,守林人跟着{TargetName}一起诊疗病人。\n她帮着固定伤者，“……伤得不轻。”\n“……我来按住。”
932,cure_patient,158,sys_0&CVP_A1_A|46_LE_2,守林人跟着{TargetName}，看着处理伤口的动作，默默记着。\n“……我学得不多。”\n她低声道，“……能帮上忙就好。”
933,cure_patient,158,sys_0&CVP_A1_A|46_G_5,守林人跟着{TargetName}，处置利落。\n“……交给我。”\n她下手稳准，“……在林子里，也常处理些伤。”
934,recruit,158,sys_0,守林人陪着{TargetName}进行招募工作。\n她看着来应聘的人，“……我来把关。”
935,recruit,158,sys_0&CVP_A1_A|40_G_5,守林人陪着{TargetName}招募，言辞不多，却句句在理。\n“……这人，可以。”\n“……我看人，还算准。”
936,recruit,158,sys_1,守林人独自进行招募。\n她看了看档案，“……够格的，留下。”
937,recruit,158,sys_1&CVP_A1_A|40_G_5,守林人独自招募，几句话便让来者定了心。\n“……就你了。”\n她抬眼，“……好好干。”
938,invite_visitor,158,sys_0,守林人陪着{TargetName}邀请访客。\n她站在一旁，“……我来接待。”
939,invite_visitor,158,sys_0&CVP_A1_A|40_G_5,守林人陪着{TargetName}邀请访客，话不多，却把礼数做足。\n“……请进。”\n“……这边请。”
940,invite_visitor,158,sys_1,守林人独自接待访客。\n她引着来者，“……这边走。”
941,invite_visitor,158,sys_1&CVP_A1_A|40_G_5,守林人独自接待访客，言辞得体。\n“……久仰。”\n“……里面请。”
942,plant_manage_crop,158,sys_0,守林人陪着{TargetName}照料作物。\n她蹲下身，拨开土看了看，“……长势不错。”
943,plant_manage_crop,158,sys_0&CVP_A1_A|47_G_5,守林人陪着{TargetName}照料作物，手法老练。\n“……这茬能丰收。”\n她点头，“……土肥，水也足。”
944,plant_manage_crop,158,sys_1,守林人独自照料作物。\n她拎着水壶，“……得浇水了。”
945,plant_manage_crop,158,sys_1&CVP_A1_A|47_G_5,守林人独自照料作物，动作熟练。\n“……长得好。”\n她难得地弯了弯嘴角，“……像林子里那些，我照看过的苗。”
946,maintenance_facilities,158,sys_0,守林人陪着{TargetName}修理损坏的设施。\n她递过工具，“……螺丝松了。”
947,maintenance_facilities,158,sys_0&CVP_A1_A|48_G_5,守林人陪着{TargetName}修理设施，动作麻利。\n“……这样就好了。”\n她拍了拍手，“……结实。”
948,maintenance_facilities,158,sys_1,守林人独自修理设施。\n她拧紧螺丝，“……修好了。”
949,maintenance_facilities,158,sys_1&CVP_A1_A|48_G_5,守林人独自修理设施，几下便弄好。\n她擦了擦手，“……下次，再坏了叫我。”
950,morning_salutation_1,158,sys_1,守林人轻叩{TargetName}的房门。\n“……{TargetName}，该起了。”\n她声音平静，“……再睡，天就亮了。”
951,morning_salutation_1,158,sys_1&CVP_A1_G_G_0,守林人俯身，看着还在睡的人，眼神难得地软了些。\n“……{TargetName}，起床了。”\n她抬手，轻轻推了推，“……嗯。”
952,morning_salutation_1,158,sys_1&CVP_A1_G_L_0,守林人站在床边，声音放轻。\n“……{TargetName}，起来了。”\n“……我等你。”
953,morning_salutation_2,158,sys_1,守林人凑近，在{TargetName}额上轻轻落下一吻。\n“……早安。”\n她直起身，神色如常，“……起来吧。”
954,morning_salutation_3,158,sys_1,守林人俯身，在{TargetName}唇上轻轻碰了碰。\n“……早安。”\n她抿了抿唇，别开眼，“……去洗漱吧。”
955,night_salutation_1,158,sys_1,守林人看着{TargetName}。\n“……{TargetName}，该睡了。”\n她放轻声音，“……天不早了。”
956,night_salutation_2,158,sys_1,守林人替{TargetName}掖了掖被角，俯身在额上落下一吻。\n“……晚安。”\n她直起身，“……做个好梦。”
957,night_salutation_3,158,sys_1,守林人俯身，在{TargetName}唇上轻轻碰了一下。\n“……晚安。”\n她顿了顿，别开眼，“……睡吧。”
958,aromatherapy_1,158,sys_0,守林人点燃香薰，青烟袅袅。\n“……林间夜话。”\n她低声，“……能让人放松下来。”\n“……{TargetName}，躺好。”
959,aromatherapy_2,158,sys_0,守林人点燃香薰。\n“……迷梦香精。”\n她看着袅袅的烟，“……今晚，该睡得沉些。”
960,aromatherapy_3,158,sys_0,守林人点燃香薰。\n“……橙色心灵。”\n她轻声，“……能让人放下些东西。”
961,aromatherapy_4,158,sys_0,守林人点燃香薰。\n“……迷乱情梦。”\n她顿了顿，“……{TargetName}，会做个好梦的。”
962,aromatherapy_5,158,sys_0,守林人点燃香薰。\n“……情感共鸣。”\n她低声道，“……能让人，更亲近些。”
963,aromatherapy_6,158,sys_0,守林人点燃香薰。\n“……下坠天空。”\n她看着烟雾，“……该睡了。”
964,examine_hair,158,sys_0,守林人依着{TargetName}的话，抬手让他检查自己的头发。\n她垂下眼，“……头发，没怎么打理过。”
965,examine_hair_smoothness,158,sys_0,守林人顺着{TargetName}的话，用长发轻轻缠上他。\n“……测试柔顺度？”\n她抿了抿唇，“……随你吧。”
966,examine_oral,158,sys_0,守林人微微张开嘴。\n“……检查口腔？”\n她顺着{TargetName}，“……看吧。”
967,examine_sucking_and_swallowing,158,sys_0,守林人顺着{TargetName}的话，微微仰头。\n“……测试吮吸？”\n她别开眼，“……是么。”
968,examine_armpit,158,sys_0,守林人抬起手臂。\n“……检查腋下？”\n她有些不自在，“……随你吧。”
969,examine_armpit_clamping,158,sys_0,守林人抬起手臂，夹紧腋下。\n“……测试夹持力？”\n她别开眼，“……你倒是，什么都想试。”
970,examine_breast,158,sys_0,守林人站着，任由{TargetName}检查胸口。\n她垂下眼，“……这里，也要看？”
971,examine_nipple_and_areola,158,sys_0,守林人任由{TargetName}检查。\n“……乳头？”\n她抿了抿唇，“……随你。”
972,examine_breast_clamping,158,sys_0,守林人顺着{TargetName}的话，托起胸口。\n“……测试夹持力？”\n她别开眼，“……你……真是。”
973,examine_cilitoris,158,sys_0,守林人微微张开腿。\n“……检查阴蒂？”\n她别开脸，“……随你吧。”
974,examine_hands,158,sys_0,守林人伸出手。\n“……检查手部？”\n她摊开手，“……有茧，是练弓磨的。”
975,examine_hands_flexibility,158,sys_0,守林人顺着{TargetName}的话，伸出手。\n“……测试灵活度？”\n她别开眼，“……随你吧。”
976,examine_foot,158,sys_0,守林人抬起脚。\n“……检查足部？”\n她别开脸，“……走了一天的路，别嫌弃。”
977,examine_foots_flexibility,158,sys_0,守林人顺着{TargetName}的话，抬起脚。\n“……测试灵活度？”\n她别开眼，“……随你吧。”
978,examine_vulva_and_shape,158,sys_0,守林人微微张开腿。\n“……检查外阴？”\n她别开脸，“……你……看吧。”
979,examine_vagina_and_folds,158,sys_0,守林人任由{TargetName}使用内窥镜。\n“……内阴？”\n她攥紧衣角，“……随你吧。”
980,examine_hymen,158,sys_0&CVP_A2_T|0_G_0,守林人任由{TargetName}检查。\n“……处女膜？”\n她顿了顿，“……还……没破过。”
981,examine_hymen,158,sys_0&t_first_sex_in_today,守林人任由{TargetName}检查。\n“……刚破？”\n她别开脸，耳根微红，“……都是……你。”
982,examine_orifice,158,sys_0,守林人任由{TargetName}使用内窥镜。\n“……子宫口？”\n她攥紧衣角，“……随你吧。”
983,examine_vagina_firmness,158,sys_0,守林人顺着{TargetName}的话，微微张开腿。\n“……测试紧致度？”\n她别开眼，“……你……真是。”
984,examine_anus,158,sys_0,守林人微微侧过身。\n“……检查菊穴？”\n她别开脸，“……那里……也看？”
985,examine_intestine_firmness,158,sys_0,守林人顺着{TargetName}的话，趴伏下去。\n“……测试紧致度？”\n她攥紧手，“……随你吧。”
986,examine_urethra,158,sys_0,守林人微微张开腿。\n“……检查尿道？”\n她别开脸，“……那里……也看？”
987,examine_urination_status,158,sys_0,守林人顺着{TargetName}的话，微微蹲下。\n“……排尿？”\n她攥紧衣角，别开脸，“……别……一直看。”
988,invite_to_bath,158,sys_0,守林人看着{TargetName}的邀请。\n“……一起洗？”\n她沉默片刻，“……随你吧。别乱看。”
989,milk,158,sys_0,守林人任由{TargetName}挤奶。\n她别开眼，“……那里……随你吧。”
990,milk,158,sys_1,守林人自己挤着奶。\n她面无表情，“……自己来，省得麻烦你。”
991,steal_pan,158,sys_0,守林人察觉到{TargetName}偷走了自己的内裤。\n她低头，耳根微红，“……{TargetName}，你真是。下不为例。”
992,steal_socks,158,sys_0,守林人察觉到{TargetName}偷走了自己的袜子。\n她别开眼，“……{TargetName}，你……唉。”
993,smell_underwear,158,sys_0,守林人看着{TargetName}闻自己的内衣。\n她耳根发烫，别开眼，“……{TargetName}，你真是。随你吧。”
994,penetrating_vision_on,158,sys_0&CVP_A1_T|307_G_0&t_wear_pan,守林人感到{TargetName}的目光变得直白。\n她察觉对方在看自己裙下的景象，微微攥紧衣角。\n“……{TargetName}，你看到了？”\n她别开脸，“……穿着的内裤，都被你看清了。”
995,penetrating_vision_on,158,sys_0&CVP_A1_T|307_G_0&CVP_A1_T|308_E_0&CVP_A1_T|309_E_0&t_not_wear_pan,守林人感到{TargetName}的目光扫过自己裙下。\n她抿了抿唇，“……今天没穿……”\n“……你，别看了。”她别开脸。
996,penetrating_vision_on,158,sys_0&CVP_A1_T|308_G_0&CVP_A2_T|20_G_0,守林人感到{TargetName}的目光更深了几分。\n她微微一僵，像是被看穿了内里。\n“……你，连里面都……”\n她攥紧衣角，别开眼，“……你，真是。”
997,penetrating_vision_off,158,sys_0,守林人感到{TargetName}的目光收回。\n她松了口气，“……那就好了。”
998,hypnosis_one,158,sys_0&t_hypnosis_0,守林人被{TargetName}催眠了。\n她的眼神渐渐迷蒙，“……你，在看着我。……嗯，我好像，有点晕。”
999,hypnosis_one,158,sys_0&t_hypnosis_ne_0&CVP_A2_T|71_E_0,守林人眼神迷蒙。\n“……你的声音，好温柔。”\n她低低道，“……嗯，我想听下去。”
1000,hypnosis_one,158,sys_0&CVP_A2_T|71_G_0&CVP_A2_T|72_E_0,守林人被催眠得更深了些。\n她的身子渐渐放松，“……你说什么，我都听你的。”
1001,hypnosis_one,158,sys_0&CVP_A2_T|72_G_0&CVP_A2_T|73_E_0,守林人陷入更深的催眠。\n她眼神发直，“……你的命令，我都会照做。”
1002,hypnosis_one,158,sys_0&CVP_A2_T|73_G_0,守林人彻底被催眠。\n她怔怔地望着{TargetName}，“……我什么都听你的。”
1003,hypnosis_all,158,sys_0,守林人等人被集体催眠。\n她眼神迷蒙，“……你对我们，做了什么。”
1004,hypnosis_cancel,158,sys_0,守林人的催眠被解除。\n她眼神恢复清明，轻轻晃了晃头，“……方才，我有点晕。”
1005,hypnosis_increase_body_sensitivity,158,sys_0,守林人的身体变得格外敏感。\n她轻轻一颤，“……身子，好像变得奇怪了。”
1006,hypnosis_force_climax,158,sys_0,守林人被迫迎来高潮。\n“……啊……”\n她捂住嘴，却止不住轻颤，“……我，突然就到了。”
1007,hypnosis_force_ovulation,158,sys_0,守林人感到身体深处一阵异样。\n她微微皱眉，“……好像有什么，要出来了。”
1008,hypnosis_blockhead,158,sys_0,守林人的身体僵住，动弹不得。\n她努力想动，却使不上力，“……身体，动不了了。”
1009,hypnosis_active_h,158,sys_0,守林人的身体不受控制地动起来。\n“……啊……”\n她难堪地别开眼，“……我不是故意的。”
1010,hypnosis_roleplay,158,sys_0&CVP_A2_Roleplay|3_E_1&CVP_A2_Roleplay|12_E_1,守林人被引导着，以为自己是{TargetName}的妹妹。\n“……哥哥……”\n她眼神迷蒙，“……我，是你的妹妹。”
1011,hypnosis_pain_as_pleasure,158,sys_0,守林人将苦痛理解成了快感。\n她轻轻一颤，“……这是，好奇怪的感觉。”
1012,time_stop_on,158,sys_0,周围的一切都静止了。\n守林人怔怔地站在原地，连眨眼都做不到。
1013,carry_target,158,sys_0&not_carry_anybody_in_time_stop,守林人被{TargetName}扛了起来。\n她愣了愣，“……你，要带我去哪。”
1014,carry_target,158,sys_0&target_is_carried_in_time_stop,守林人被放了下来。\n她站稳，理了理衣，“……到了么。”
1015,time_stop_off,158,sys_0,时间恢复流动。\n守林人恍然回神，“……方才，好像停了一下。”
1016,h_by_active,158,high_1,守林人被{TargetName}推倒在床。\n她怔了一下，随即被吻住，却也没有推开。\n“……你……真是……”
1017,ask_group_sex,158,high_1,守林人听了{TargetName}的话。\n“……群交？”\n她沉默片刻，“……随你吧。……人别太多。”
1018,ask_hidden_sex,158,hidden_sex_mode_1,守林人听了{TargetName}的邀请。\n“……隐奸？”\n她别开脸，“……就在这里？……被人发现……怎么办。”\n“……罢了，随你吧。”
1019,ask_hidden_sex,158,hidden_sex_mode_2,守林人听了{TargetName}的话，藏进他身边。\n她压低声音，“……别……让人看见……”
1020,ask_hidden_sex,158,hidden_sex_mode_3,守林人听着{TargetName}的话，让他藏到自己身边。\n她别开眼，“……你真是。……随你吧。”
1021,ask_hidden_sex,158,hidden_sex_mode_4,守林人听了{TargetName}的邀请，一起藏了起来。\n她压低声音，“……就……一会儿……”
1022,ask_exhibitionism_sex,158,exhibitionism_sex_mode_1,守林人听了{TargetName}的邀请。\n“……露出H？”\n她沉默片刻，“……在这里？……随时可能有人来……”\n“……罢了，随你吧。”
1023,ask_exhibitionism_sex,158,exhibitionism_sex_mode_2,守林人听了{TargetName}的邀请。\n“……室外？”\n她压低声音，“……会被人看见的……”\n“……罢了，随你吧。”
1024,ask_exhibitionism_sex,158,exhibitionism_sex_mode_3,守林人听了{TargetName}的邀请。\n“……在别人面前？”\n她攥紧衣角，“……你……真是……”\n“……罢了，随你吧。”
1025,ask_exhibitionism_sex,158,exhibitionism_sex_mode_4,守林人听了{TargetName}的邀请。\n“……在无意识的人面前？”\n她别开脸，“……随你吧。”
1026,join_group_sex,158,high_1,守林人加入了群交。\n她环顾四周，“……我……加入。”
1027,other_sex_be_found_to_group_sex,158,high_1,守林人和{TargetName}的H被{HInterruptCharaName}发现了。\n她顿了顿，“……既然被看见了……那，干脆一起？”
1028,discover_other_sex_and_join,158,high_1,守林人发现{TargetName}正在H。\n她沉默片刻，“……那……我也加入。”
1029,other_sex_be_found_to_hidden_sex,158,high_1,守林人和{TargetName}的H被{HInterruptCharaName}发现了。\n“……！”\n她忙调整姿势，“……嘘……就当……没看见……”
1030,no_conscious_h_end,158,high_1,守林人结束了对{TargetName}的无意识H。\n她理了理衣，“……你……好好睡吧。”
1031,see_h_and_interrupt,158,high_1,守林人目击了{TargetName}的H。\n她怔了怔，随即别开脸，“……我……什么都没看见。”\n“……下次……锁门。”
1032,see_h_but_deceived,158,high_1,守林人目击了{TargetName}的H，却被对方几句话支开。\n她顿了顿，“……是这样么。”\n“……那……我先走了。”
1033,see_h_and_leave,158,high_1,守林人看到{TargetName}的性事。\n她耳根发烫，转身离开，“……不好……打扰……”
1034,see_h_but_ignore,158,high_1,守林人发现{TargetName}正在做爱。\n她叹了口气，别开眼，“……就当……没看见……继续吧。”
1035,group_sex_end,158,high_1,守林人结束了和{TargetName}等人的群交。\n她理了理衣，“……都……结束了。”
1036,ask_group_sex_fail,158,high_1,守林人没能邀请{TargetName}等人群交。\n她垂下眼，“……那……算了。”
1037,group_sex_pl_hp_0_end,158,high_1,守林人和{TargetName}等人的群交，因为玩家体力耗尽而中途结束。\n她看着累倒的{TargetName}，“……先……歇着吧。”
1038,group_sex_npc_hp_0_end,158,high_1,在群交中，守林人因为体力耗尽而中途退出。\n她扶住墙，“……我先歇一下。”
1039,group_sex_to_h,158,high_1,守林人和{TargetName}等人的群交，因为人数只剩一人而转为单独H。\n她看着{TargetName}，“……那就……继续吧。”
1040,refuse_join_group_sex,158,high_1,守林人拒绝了{TargetName}的群交邀请。\n“……不了。”\n她摇头，“……这种事……我不做。”
1041,ask_hidden_sex_fail,158,high_1,守林人拒绝和{TargetName}偷偷H。\n“……不了。”\n她别开脸，“……这种事……我做不来。”
1042,ask_exhibitionism_sex_fail,158,high_1,守林人拒绝和{TargetName}进行露出H。\n“……不了。”\n她摇头，“……太羞耻了。”
1043,first_a_sex,158,high_999,守林人失去了后穴处女。\n“……啊……”\n她攥紧床单，“……那里，第一次被你……嗯……我会记着的。”
1044,first_w_sex,158,high_999,守林人失去了子宫处女。\n“……啊……”\n她轻轻一颤，“……最里面被你打开了……嗯……都是你。”
1045,first_u_sex,158,high_999,守林人失去了尿道处女。\n“……啊……”\n她咬住唇，“……那里怎么也……嗯……你真是。”
1046,start_field_commission_as_leader,158,high_1,守林人作为队长，带着队员出外勤。\n她整了整装备，“……都跟紧了。”
1047,end_field_commission_as_leader,158,high_1,守林人作为队长，带着队员完成了外勤委托回来。\n她放下装备，“……任务……完成了。”
1048,has_been_primary_hypnosis,158,high_999,守林人获得了浅层催眠。\n她眼睛眨动，似乎不再像平时那样看上去精干了。
1049,has_been_deep_hypnosis,158,high_999,守林人获得了深层催眠。\n她眼神发直，“……对你，我不会抵抗。”
1050,has_been_complete_hypnosis,158,high_999,守林人获得了完全催眠。\n她怔怔地望着{PlayerName}，“……可以对我做任何事。”
1051,chosen_as_assistant,158,high_999,守林人成为{PlayerName}的助理。\n她站到{PlayerName}身边，“……我会……好好做的。”
1052,not_as_assistant,158,high_999,守林人不再是{PlayerName}的助理。\n她垂下眼，“……那……我……还是……会守着你的。”
1053,ai_follow_2,158,high_1,守林人被要求前往{PlayerName}的所在位置。\n“……知道了。”\n她转身，“……这就过去。”
1054,ai_follow_3,158,high_1,守林人被要求前往博士办公室。\n她应道，“……这就去办公室。”
1055,support_service_off,158,high_1,守林人被要求不再帮{PlayerName}处理公务。\n“……知道了。”\n她顿了顿，“……那……你有事……再叫我。”
1056,support_service_on,158,high_1,守林人被要求在不跟随的时候去办公室帮忙。\n“……知道了。”\n她点头，“……我会……过去帮忙的。”
1057,assistant_send_food_0,158,high_1,守林人被要求不再给{PlayerName}送饭。\n她顿了顿，“……那……你自己……好好吃饭。”
1058,assistant_send_food_1,158,high_1,守林人被要求在中午饭点给{PlayerName}买午饭。\n“……知道了。”\n她应道，“……午饭……我会去买。”
1059,assistant_send_food_2,158,high_1,守林人被要求在中午饭点给{PlayerName}做午饭。\n她点头，“……午饭……我来做。”
1060,assistant_send_food_3,158,high_1,守林人被要求在三餐饭点给{PlayerName}做饭。\n她应道，“……三餐……都交给我吧。”
1061,happy_mark_1,158,high_999,守林人体会到了高潮的快乐。\n她轻轻喘着，“……原来，是这样。”
1062,happy_mark_2,158,high_999,守林人体会到了连续高潮的快乐。\n“……啊……”\n她浑身轻颤，“……身体，好像记住了。”
1063,happy_mark_3,158,high_999,守林人体会到了多部位强程度连续高潮的快乐。\n“……啊……”\n她几乎失了神，“……我，已经回不去了。”
1064,yield_mark_1,158,high_999,守林人开始认同并有点屈服于{PlayerName}。\n她低声，“……你说什么，我都听。”
1065,yield_mark_2,158,high_999,守林人一定程度屈服于{PlayerName}。\n她习惯性地先看他，“……你觉得呢。”
1066,yield_mark_3,158,high_999,守林人完全屈服于{PlayerName}。\n她垂下眼，“……凡是你下达的指示，我都始终不渝的遵循。”
1067,pain_mark_1,158,high_999,守林人受到了{PlayerName}的少许苦痛。\n“……嘶……”\n她别开脸，“……我会听话的。”
1068,pain_mark_2,158,high_999,守林人受到了{PlayerName}的比较多的苦痛。\n她微微发抖，“……我怕你。”
1069,pain_mark_3,158,high_999,守林人受到了{PlayerName}的相当多的苦痛。\n“……不要……”\n她缩起身子，开始埋下头低声抽泣\n“……对不起”
1070,terror_mark_1,158,high_999,守林人受到了{PlayerName}的少许精神伤害。\n她别开脸，“……我会离远些。”
1071,terror_mark_2,158,high_999,守林人受到了{PlayerName}的一定精神伤害。\n她低声，“……我不想工作了。”
1072,terror_mark_3,158,high_999,守林人受到了{PlayerName}的比较严重的精神伤害。\n她缩在角落，注意力涣散，眼中没有任何生机。
1073,hate_mark_1,158,high_999,守林人比较生{PlayerName}的气。\n“……哼。”\n她别过脸，“……不理你了。”
1074,hate_mark_2,158,high_999,守林人对{PlayerName}有明确的反感。\n她皱眉，“……别靠近我。”
1075,hate_mark_3,158,high_999,守林人对{PlayerName}有明确的恨意。\n“……你……”\n她眼神冰冷，“……别让我动手。”
1076,unconscious_mark_1,158,high_999,守林人体会到了在无意识中高潮的快乐。\n她迷迷糊糊地轻颤，“……好奇怪。”
1077,love_1,158,high_999,守林人对{PlayerName}有了初步的爱情好感。\n她看着他的背影，“……我好像，有点在意你。”
1078,love_2,158,high_999,守林人意识到自己喜欢上{PlayerName}。\n她低下头，“……我好像，喜欢上你了。”
1079,love_3,158,high_999,守林人和{PlayerName}成为恋人。\n她轻声，“……我们，是恋人了。……请多指教。”
1080,love_4,158,high_999,守林人和{PlayerName}成为彼此的爱侣。\n她靠进他怀里，“……这一生，都陪着你。”
1081,obey_1,158,high_999,守林人对{PlayerName}有了一定的服从心理。\n她点头，“……你说什么，都行。”
1082,obey_2,158,high_999,守林人对{PlayerName}的命令有较高的接受度。\n她应道，“……你的命令，我都听。”
1083,obey_3,158,high_999,守林人愿意成为{PlayerName}的宠物。\n她垂下眼，“……我愿意，做你的宠物。”
1084,obey_4,158,high_999,守林人愿意成为{PlayerName}的奴隶。\n她低声道，“……我，是你的奴隶。”
1085,fertilization,158,high_999,守林人的卵子受精了。\n她感到腹中一阵异样，“……好像，有什么开始了。”
1086,fertilization_failed,158,high_999,守林人的卵子没能受精。\n她微微失落，“……没有怀上么。”
1087,pregnancy,158,high_999,守林人的肚子大起来了。\n她低头，看着微微隆起的小腹，“……这里，有一个小生命。”
1088,parturient,158,high_999,守林人的临产期到了。\n她扶着肚子，“……快要生了。”
1089,born,158,high_999,守林人进入产房前。\n她看着{PlayerName}，“……等我出来。”
1090,postpartum,158,high_999,守林人平安生出孩子。\n她虚弱地看着{PlayerName}，“……孩子平安，就好。”
1091,rearing,158,high_999,守林人进入育儿阶段。\n她抱着孩子，“……从今天起，好好照顾你。”
1092,rearing_complete,158,high_999,守林人的育儿完成。\n她看着长大的孩子，“……已经能自己走了。”
1093,normal_anal_sex,158,sys_0&dr_pre_position_null,守林人被{TargetName}用正常位插入菊穴。\n“……啊……”\n她攥紧床单，“……那里，第一次被你……嗯……慢一点。”
1094,normal_cervix_sex,158,sys_0&dr_pre_position_null,守林人被{TargetName}用正常位插入子宫口。\n“……啊……”\n她弓起腰，“……最里面被你顶到了……嗯……会坏的。”
1095,normal_womb_sex,158,sys_0&dr_pre_position_null,守林人被{TargetName}用正常位插入子宫。\n“……啊……”\n她浑身一颤，“……全部都进去了……嗯……我被填满了。”
