cid,type_id,adv_id,premise,context
组件id,组件类型名,组件限定剧情npcid,前提id,组件内容
str,str,int,str,str
0,0,0,0,1
组件配置数据,,,,

100,feet,0,high_1,白皙细腻的脚掌泛着柔嫩光泽，脚趾圆润可爱蜷缩起来的{feet_s}。
101,feet,0,high_1,光滑柔软的足弓曲线优美，肌肤温热细滑触感如凝脂般的{feet_s}。
102,feet,0,high_1,精致小巧的脚趾排列整齐，趾尖粉嫩圆润惹人怜爱把玩的{feet_s}。
103,feet,0,high_1,足背肌肤白净透亮光滑，纤细脚踝线条流畅柔美又动人的{feet_s}。
104,feet,0,high_1,柔嫩的脚心细腻又滑腻，被指尖抚过便微微蜷缩颤动起来的{feet_s}。
105,feet,0,high_1,光洁的脚掌散发淡淡体香，触感温软富有弹性令人沉醉其中的{feet_s}。
106,feet,0,high_1,纤巧的双足肤色白里透粉，脚趾灵活地屈伸摆动娇柔可人的{feet_s}。
107,feet,0,high_1,细滑的足尖圆润又可爱，趾缝间透着微微湿润的诱人光泽的{feet_s}。
108,feet,0,high_1,白嫩的脚背泛着水润光泽，肌肤紧致细腻触摸时温热柔软的{feet_s}。
109,feet,0,high_1,玲珑的脚掌柔软又温热，足弓高挺曲线迷人惹人爱不释手的{feet_s}。

1000,feet,0,CVP_A2_T|131_E_1&CVP_A2_T|102_E_1&CVP_A2_A|0_LE_3,娇小玲珑圆润可爱脚趾粉嫩蜷缩，肌肤细腻如婴儿般柔软散发着稚嫩的奶香气息的{feet_s}。
1001,feet,0,CVP_A2_T|131_E_1&CVP_A2_T|102_E_1&CVP_A2_A|0_LE_3,小巧精致足弓纤细白皙，摸上去像嫩豆腐般柔软触感细腻光滑带着幼童体温的{feet_s}。
1002,feet,0,CVP_A2_T|131_E_1&CVP_A2_T|102_E_1&CVP_A2_A|0_LE_3,未发育完全的稚嫩脚丫纤小娇软，肌肤光滑粉嫩如水蜜桃般诱人散发着甜腻气息的{feet_s}。
1003,feet,0,CVP_A2_T|131_E_1&CVP_A2_T|102_E_1&CVP_A2_A|0_LE_3,脚趾幼小粉嫩如同糖果一般可爱，脚背白皙细嫩触感滑腻带着幼女特有体香的{feet_s}。
1004,feet,0,CVP_A2_T|131_E_1&CVP_A2_T|102_E_1&CVP_A2_A|0_LE_3,尚未长开的精巧小脚足弓圆润弧度迷人，肤色粉白触感柔嫩像是棉花糖一般的{feet_s}。
1005,feet,0,CVP_A2_T|131_E_1&CVP_A2_T|102_E_1&CVP_A2_A|0_LE_3,玲珑剔透的娇小脚掌粉嫩可爱，柔软的脚心细腻光滑散发着幼童特有的诱人奶香的{feet_s}。
1006,feet,0,CVP_A2_T|131_E_1&CVP_A2_T|102_E_1&CVP_A2_A|0_LE_3,细嫩脆弱的小脚丫肌肤白皙透亮，脚趾短小圆润蜷缩时显得格外稚嫩惹人爱怜的{feet_s}。
1007,feet,0,CVP_A2_T|131_E_1&CVP_A2_T|102_E_1&CVP_A2_A|0_LE_3,小巧玉足柔嫩如同刚剥壳的鸡蛋般光滑，脚背纤薄可见青色血管散发着体温的{feet_s}。
1008,feet,0,CVP_A2_T|131_E_1&CVP_A2_T|102_E_1&CVP_A2_A|0_LE_3,稚气未脱的精致脚丫短小圆润，脚趾像小豆子般粉嫩可爱肌肤触感柔腻细滑的{feet_s}。
1009,feet,0,CVP_A2_T|131_E_1&CVP_A2_T|102_E_1&CVP_A2_A|0_LE_3,幼小的脚掌肤色粉白细腻光洁，足弓弧线柔和圆润脚趾粉嫩蜷缩带着稚嫩体香的{feet_s}。

1010,feet,0,CVP_A2_T|131_E_1&CVP_A2_T|103_E_1&CVP_A2_A|0_G_6,娇小玲珑宛如精致白瓷般细腻光滑，轻微触碰便让萝莉全身酥麻颤栗的{feet_s}。
1011,feet,0,CVP_A2_T|131_E_1&CVP_A2_T|103_E_1&CVP_A2_A|0_G_6,纤巧可爱肌肤白皙细嫩吹弹得破，稍有抚摸便敏感得引起稚嫩躯体颤抖的{feet_s}。
1012,feet,0,CVP_A2_T|131_E_1&CVP_A2_T|103_E_1&CVP_A2_A|0_G_6,精致小巧足弓弧线优美肤嫩如凝脂，触碰就让青涩身躯不住战栗的{feet_s}。
1013,feet,0,CVP_A2_T|131_E_1&CVP_A2_T|103_E_1&CVP_A2_A|0_G_6,稚嫩细小脚趾粉嫩圆润如珠玉排列，轻轻揉捏就能让萝莉娇喘连连的{feet_s}。
1014,feet,0,CVP_A2_T|131_E_1&CVP_A2_T|103_E_1&CVP_A2_A|0_G_6,袖珍娇俏肌肤光滑透着诱人粉色光泽，任何触碰都会引发强烈敏感战栗的{feet_s}。
1015,feet,0,CVP_A2_T|131_E_1&CVP_A2_T|103_E_1&CVP_A2_A|0_G_6,幼嫩小巧脚掌柔软温热肤质细若处子，仅是轻抚便令全身酥软颤抖的{feet_s}。
1016,feet,0,CVP_A2_T|131_E_1&CVP_A2_T|103_E_1&CVP_A2_A|0_G_6,玲珑秀气足踝纤细肌肤粉白吹弹可破，稍一摩擦就让萝莉娇躯颤栗的{feet_s}。
1017,feet,0,CVP_A2_T|131_E_1&CVP_A2_T|103_E_1&CVP_A2_A|0_G_6,青涩娇嫩脚背光滑细腻透着稚气与甜香，轻触便浑身敏感酥麻难耐的{feet_s}。
1018,feet,0,CVP_A2_T|131_E_1&CVP_A2_T|103_E_1&CVP_A2_A|0_G_6,纤小秀美足心柔嫩红润触感如丝绸般滑腻，轻碰就能引起全身战栗的{feet_s}。
1019,feet,0,CVP_A2_T|131_E_1&CVP_A2_T|103_E_1&CVP_A2_A|0_G_6,娇俏玲珑脚趾白皙粉嫩散发着萝莉体香，稍微揉弄便敏感颤抖不止的{feet_s}。

1020,feet,0,CVP_A2_T|131_E_1&CVP_A2_T|103_E_1&CVP_A2_S|0_L_1000,精巧玲珑泛着淡淡红晕，肌肤细腻滑嫩如同凝脂般诱人的{feet_s}。
1021,feet,0,CVP_A2_T|131_E_1&CVP_A2_T|103_E_1&CVP_A2_S|0_L_1000,娇小青涩散发甜腻奶香，脚背光滑柔嫩微微发烫想让人侵犯的{feet_s}。
1022,feet,0,CVP_A2_T|131_E_1&CVP_A2_T|103_E_1&CVP_A2_S|0_L_1000,纤细稚嫩带着轻微颤抖，足弓精致肉嘟嘟令人心痒想亵玩的{feet_s}。
1023,feet,0,CVP_A2_T|131_E_1&CVP_A2_T|103_E_1&CVP_A2_S|0_L_1000,小巧可爱泛起淡粉绯红，脚趾细嫩圆润如同粉色糖豆般甜美的{feet_s}。
1024,feet,0,CVP_A2_T|131_E_1&CVP_A2_T|103_E_1&CVP_A2_S|0_L_1000,玲珑剔透皮肤带着微热，足心柔软敏感轻触就忍不住颤抖的{feet_s}。
1025,feet,0,CVP_A2_T|131_E_1&CVP_A2_T|103_E_1&CVP_A2_S|0_L_1000,稚嫩精巧隐隐泛着红润，脚踝纤细脆弱令人想要好好疼爱的{feet_s}。
1026,feet,0,CVP_A2_T|131_E_1&CVP_A2_T|103_E_1&CVP_A2_S|0_L_1000,粉嫩细小散发青涩体香，脚背肉感细腻触感如同软糯年糕的{feet_s}。
1027,feet,0,CVP_A2_T|131_E_1&CVP_A2_T|103_E_1&CVP_A2_S|0_L_1000,娇嫩袖珍带着淡淡甜香，足弓小巧紧致敏感令人垂涎欲滴的{feet_s}。
1028,feet,0,CVP_A2_T|131_E_1&CVP_A2_T|103_E_1&CVP_A2_S|0_L_1000,细软幼小微微泛红发热，脚趾纤细蜷缩可爱让人想含入嘴中的{feet_s}。
1029,feet,0,CVP_A2_T|131_E_1&CVP_A2_T|103_E_1&CVP_A2_S|0_L_1000,精致迷你肌肤滑嫩娇羞，足心粉红柔软触感销魂蚀骨欲罢不能的{feet_s}。

1030,feet,0,CVP_A2_T|131_E_1&CVP_A2_T|103_E_1&CVP_A2_S|0_GE_1000&CVP_A2_S|0_L_12000,娇小玲珑白嫩敏感，肌肤因快感微微泛红颤抖不停的{feet_s}。
1031,feet,0,CVP_A2_T|131_E_1&CVP_A2_T|103_E_1&CVP_A2_S|0_GE_1000&CVP_A2_S|0_L_12000,小巧精致粉嫩细腻，高潮后敏感得一碰就战栗的{feet_s}。
1032,feet,0,CVP_A2_T|131_E_1&CVP_A2_T|103_E_1&CVP_A2_S|0_GE_1000&CVP_A2_S|0_L_12000,稚嫩娇柔足弓小巧，因皮肤敏感而微微蜷缩颤抖的{feet_s}。
1033,feet,0,CVP_A2_T|131_E_1&CVP_A2_T|103_E_1&CVP_A2_S|0_GE_1000&CVP_A2_S|0_L_12000,柔软滑腻触感如婴儿肌肤，敏感到轻抚便引发呻吟的{feet_s}。
1034,feet,0,CVP_A2_T|131_E_1&CVP_A2_T|103_E_1&CVP_A2_S|0_GE_1000&CVP_A2_S|0_L_12000,玲珑可爱足尖粉红，皮肤高潮数次后敏感异常的{feet_s}。
1035,feet,0,CVP_A2_T|131_E_1&CVP_A2_T|103_E_1&CVP_A2_S|0_GE_1000&CVP_A2_S|0_L_12000,纤细白皙脚踝柔嫩，每一寸肌肤都因快感而酥麻的{feet_s}。
1036,feet,0,CVP_A2_T|131_E_1&CVP_A2_T|103_E_1&CVP_A2_S|0_GE_1000&CVP_A2_S|0_L_12000,幼嫩滑腻脚趾娇小，因过度敏感而轻颤不止的{feet_s}。
1037,feet,0,CVP_A2_T|131_E_1&CVP_A2_T|103_E_1&CVP_A2_S|0_GE_1000&CVP_A2_S|0_L_12000,宛如玉雕般精巧细腻，皮肤敏感到触碰就会潮红的{feet_s}。
1038,feet,0,CVP_A2_T|131_E_1&CVP_A2_T|103_E_1&CVP_A2_S|0_GE_1000&CVP_A2_S|0_L_12000,娇嫩粉白充满弹性，稍有触碰便敏感地蜷起脚趾的{feet_s}。
1039,feet,0,CVP_A2_T|131_E_1&CVP_A2_T|103_E_1&CVP_A2_S|0_GE_1000&CVP_A2_S|0_L_12000,小巧柔软透着幼女体香，经历数次高潮后极度敏感的{feet_s}。

1040,feet,0,CVP_A2_T|131_E_1&CVP_A2_T|103_E_1&CVP_A2_S|0_GE_12000&CVP_A2_S|0_L_90000,娇小玲珑敏感到稍触就颤抖不断抽搐，皮肤柔嫩细腻带着青涩稚气泛着粉红的{feet_s}。
1041,feet,0,CVP_A2_T|131_E_1&CVP_A2_T|103_E_1&CVP_A2_S|0_GE_12000&CVP_A2_S|0_L_90000,纤细精巧因快感过载而微微痉挛，白嫩细腻敏感到每次抚摸都引发高潮的{feet_s}。
1042,feet,0,CVP_A2_T|131_E_1&CVP_A2_T|103_E_1&CVP_A2_S|0_GE_12000&CVP_A2_S|0_L_90000,精致娇嫩触碰即高潮脚趾紧紧蜷起，细滑柔软散发着萝莉特有稚嫩气息的{feet_s}。
1043,feet,0,CVP_A2_T|131_E_1&CVP_A2_T|103_E_1&CVP_A2_S|0_GE_12000&CVP_A2_S|0_L_90000,小巧可爱敏感皮肤因连番刺激泛起红晕，嫩滑如丝触感极好令人爱不释手的{feet_s}。
1044,feet,0,CVP_A2_T|131_E_1&CVP_A2_T|103_E_1&CVP_A2_S|0_GE_12000&CVP_A2_S|0_L_90000,玲珑纤秀高潮连连已极度敏感，白皙粉嫩脚尖透着青涩的诱人稚嫩气息的{feet_s}。
1045,feet,0,CVP_A2_T|131_E_1&CVP_A2_T|103_E_1&CVP_A2_S|0_GE_12000&CVP_A2_S|0_L_90000,稚嫩微小因过度高潮而不住抽动，柔软细腻带着萝莉独有青涩甜腻体香的{feet_s}。
1046,feet,0,CVP_A2_T|131_E_1&CVP_A2_T|103_E_1&CVP_A2_S|0_GE_12000&CVP_A2_S|0_L_90000,细嫩精巧皮肤敏感如触电般颤抖，光滑白净脚趾不住蜷缩散发稚气芬芳的{feet_s}。
1047,feet,0,CVP_A2_T|131_E_1&CVP_A2_T|103_E_1&CVP_A2_S|0_GE_12000&CVP_A2_S|0_L_90000,娇俏玲珑任何抚摸都能引发高潮痉挛，肤质细腻柔嫩透出萝莉的青涩魅力的{feet_s}。
1048,feet,0,CVP_A2_T|131_E_1&CVP_A2_T|103_E_1&CVP_A2_S|0_GE_12000&CVP_A2_S|0_L_90000,纤小敏感因连续皮肤高潮而泛着淡红，触感如棉花糖般柔软细腻令人沉迷的{feet_s}。
1049,feet,0,CVP_A2_T|131_E_1&CVP_A2_T|103_E_1&CVP_A2_S|0_GE_12000&CVP_A2_S|0_L_90000,白嫩精致敏感得稍碰就抖脚趾蜷紧，娇小可爱散发着萝莉独有甜腻诱人体香的{feet_s}。

1050,feet,0,CVP_A2_T|131_E_1&CVP_A2_T|103_E_1&CVP_A2_S|0_GE_90000,玲珑小巧足弓纤细柔美如羊脂玉，触感极度敏锐只需轻触就能高潮不断的{feet_s}。
1051,feet,0,CVP_A2_T|131_E_1&CVP_A2_T|103_E_1&CVP_A2_S|0_GE_90000,精致娇嫩的粉白小脚白皙如瓷，稚嫩肌肤敏感至极一碰便浑身颤抖痉挛的{feet_s}。
1052,feet,0,CVP_A2_T|131_E_1&CVP_A2_T|103_E_1&CVP_A2_S|0_GE_90000,小巧玲珑的脚丫柔软细嫩，因极端敏感每一次触碰都会引发全身潮喷的{feet_s}。
1053,feet,0,CVP_A2_T|131_E_1&CVP_A2_T|103_E_1&CVP_A2_S|0_GE_90000,纤小可爱的足部肌肤细腻如绸缎，敏感到不可思议任何触摸都致其高潮连连的{feet_s}。
1054,feet,0,CVP_A2_T|131_E_1&CVP_A2_T|103_E_1&CVP_A2_S|0_GE_90000,粉嫩娇小的脚掌玲珑精致，极致敏感的皮肤只消轻触就湿透痉挛不止的{feet_s}。
1055,feet,0,CVP_A2_T|131_E_1&CVP_A2_T|103_E_1&CVP_A2_S|0_GE_90000,宛若白玉雕琢的小巧足部，因已达极限的敏感度而持续颤抖高潮的{feet_s}。
1056,feet,0,CVP_A2_T|131_E_1&CVP_A2_T|103_E_1&CVP_A2_S|0_GE_90000,未发育完全的娇小脚丫粉嫩柔软，敏感到随便一摸就能爽到失神抽搐的{feet_s}。
1057,feet,0,CVP_A2_T|131_E_1&CVP_A2_T|103_E_1&CVP_A2_S|0_GE_90000,精巧可爱的小脚掌光滑细嫩，超高敏感使得轻轻触碰便全身酥麻持续高潮的{feet_s}。
1058,feet,0,CVP_A2_T|131_E_1&CVP_A2_T|103_E_1&CVP_A2_S|0_GE_90000,娇俏小巧的足弓柔软如棉，因极度敏锐的触觉而稍一爱抚就浑身痉挛的{feet_s}。
1059,feet,0,CVP_A2_T|131_E_1&CVP_A2_T|103_E_1&CVP_A2_S|0_GE_90000,粉白细腻的萝莉小脚嫩滑可爱，极端敏感只要抚摸就会止不住地颤抖潮吹的{feet_s}。

1060,feet,0,CVP_A2_T|131_E_1&CVP_A2_T|104_E_1&CVP_A2_A|0_LE_3,娇小精致如白玉雕琢，触碰时带着淡淡少女体温，脚心粉嫩细腻的{feet_s}。
1061,feet,0,CVP_A2_T|131_E_1&CVP_A2_T|104_E_1&CVP_A2_A|0_LE_3,玲珑小巧透着青春气息，足背光滑脚趾纤细，皮肤触感微弱的{feet_s}。
1062,feet,0,CVP_A2_T|131_E_1&CVP_A2_T|104_E_1&CVP_A2_A|0_LE_3,白皙细嫩仿若凝脂，柔软脚掌娇小可爱，触感柔滑温热的{feet_s}。
1063,feet,0,CVP_A2_T|131_E_1&CVP_A2_T|104_E_1&CVP_A2_A|0_LE_3,精巧可爱如同新瓷，少女特有的细腻肌肤，脚踝纤细脚趾诱人的{feet_s}。
1064,feet,0,CVP_A2_T|131_E_1&CVP_A2_T|104_E_1&CVP_A2_A|0_LE_3,纤巧玲珑散发淡淡少女体香，足弓轻盈脚心软嫩，触碰微温的{feet_s}。
1065,feet,0,CVP_A2_T|131_E_1&CVP_A2_T|104_E_1&CVP_A2_A|0_LE_3,白嫩小巧透着青涩魅力，脚掌柔韧脚背光洁，皮肤微热诱人的{feet_s}。
1066,feet,0,CVP_A2_T|131_E_1&CVP_A2_T|104_E_1&CVP_A2_A|0_LE_3,娇嫩精致犹如美玉，粉色脚趾蜷曲可爱，少女足弓轻若羽翼的{feet_s}。
1067,feet,0,CVP_A2_T|131_E_1&CVP_A2_T|104_E_1&CVP_A2_A|0_LE_3,小巧细腻散发诱人气息，足背白皙脚心粉润，触感绵软温热的{feet_s}。
1068,feet,0,CVP_A2_T|131_E_1&CVP_A2_T|104_E_1&CVP_A2_A|0_LE_3,精致娇小宛如艺术品，脚踝纤细脚趾灵动，带着少女独有甜香的{feet_s}。
1069,feet,0,CVP_A2_T|131_E_1&CVP_A2_T|104_E_1&CVP_A2_A|0_LE_3,纤巧幼嫩泛着粉色光泽，柔软脚掌细腻可爱，皮肤触感微温的{feet_s}。

1070,feet,0,CVP_A2_T|131_E_1&CVP_A2_T|104_E_1&CVP_A2_A|0_G_3&CVP_A2_A|0_LE_6,精巧娇小脚掌嫩滑胜过细嫩豆腐，轻轻触碰便惹得少女娇躯微颤的{feet_s}。
1071,feet,0,CVP_A2_T|131_E_1&CVP_A2_T|104_E_1&CVP_A2_A|0_G_3&CVP_A2_A|0_LE_6,小巧玲珑足尖粉嫩可人一揉便酥软，青春肌肤泛着诱人淫靡光泽的{feet_s}。
1072,feet,0,CVP_A2_T|131_E_1&CVP_A2_T|104_E_1&CVP_A2_A|0_G_3&CVP_A2_A|0_LE_6,纤细玉足白皙透着粉红触感滑腻，脚趾蜷缩时格外惹人怜爱的{feet_s}。
1073,feet,0,CVP_A2_T|131_E_1&CVP_A2_T|104_E_1&CVP_A2_A|0_G_3&CVP_A2_A|0_LE_6,少女娇小细嫩的脚掌柔软得像是果冻，摩挲时能感到阵阵战栗的{feet_s}。
1074,feet,0,CVP_A2_T|131_E_1&CVP_A2_T|104_E_1&CVP_A2_A|0_G_3&CVP_A2_A|0_LE_6,精致幼嫩的脚丫散发着青涩少女气息，轻抚便能引起敏感颤动的{feet_s}。
1075,feet,0,CVP_A2_T|131_E_1&CVP_A2_T|104_E_1&CVP_A2_A|0_G_3&CVP_A2_A|0_LE_6,玲珑秀气的小脚泛着少女特有粉嫩，触碰敏感肌肤便微微抖动的{feet_s}。
1076,feet,0,CVP_A2_T|131_E_1&CVP_A2_T|104_E_1&CVP_A2_A|0_G_3&CVP_A2_A|0_LE_6,柔嫩娇小的脚背肌肤细腻如绸缎，揉捏时能感受皮肤敏感回应的{feet_s}。
1077,feet,0,CVP_A2_T|131_E_1&CVP_A2_T|104_E_1&CVP_A2_A|0_G_3&CVP_A2_A|0_LE_6,白皙细嫩的小脚丫如同瓷娃娃般精致，稍加爱抚就引起酥麻颤抖的{feet_s}。
1078,feet,0,CVP_A2_T|131_E_1&CVP_A2_T|104_E_1&CVP_A2_A|0_G_3&CVP_A2_A|0_LE_6,纤巧玉足皮肤吹弹可破泛着青春红晕，摩擦时敏感地微微发颤的{feet_s}。
1079,feet,0,CVP_A2_T|131_E_1&CVP_A2_T|104_E_1&CVP_A2_A|0_G_3&CVP_A2_A|0_LE_6,娇小细嫩足弓弧线优美如同艺术品，触摸光滑脚心便惹得浑身酥软的{feet_s}。

1080,feet,0,CVP_A2_T|131_E_1&CVP_A2_T|104_E_1&CVP_A2_A|0_G_6,精致娇小的脚掌皮肤柔嫩极度敏感，稍加触碰便微微颤抖脚趾不由自主蜷缩的{feet_s}。
1081,feet,0,CVP_A2_T|131_E_1&CVP_A2_T|104_E_1&CVP_A2_A|0_G_6,少女小巧玲珑的玉足触感细腻敏感异常，轻轻摩擦足弓便浑身酥软发麻颤抖的{feet_s}。
1082,feet,0,CVP_A2_T|131_E_1&CVP_A2_T|104_E_1&CVP_A2_A|0_G_6,玲珑可爱粉嫩娇小皮肤敏感灼热，被揉捏脚心便快感涌遍全身无法自制颤动的{feet_s}。
1083,feet,0,CVP_A2_T|131_E_1&CVP_A2_T|104_E_1&CVP_A2_A|0_G_6,青春稚嫩小巧的脚掌皮肤敏感至极，轻抚脚背便令脚趾蜷缩身体战栗发软的{feet_s}。
1084,feet,0,CVP_A2_T|131_E_1&CVP_A2_T|104_E_1&CVP_A2_A|0_G_6,纤细娇嫩的足弓线条优美且皮肤极度敏感，被舔弄便酥麻难耐浑身瘫软无力的{feet_s}。
1085,feet,0,CVP_A2_T|131_E_1&CVP_A2_T|104_E_1&CVP_A2_A|0_G_6,小巧白嫩的脚丫触感敏感细腻柔软，被爱抚便忍不住颤抖脚趾蜷曲身体发烫的{feet_s}。
1086,feet,0,CVP_A2_T|131_E_1&CVP_A2_T|104_E_1&CVP_A2_A|0_G_6,少女青涩娇小的玉足皮肤敏感柔嫩，轻触便令全身战栗酥软脚心微微泛红的{feet_s}。
1087,feet,0,CVP_A2_T|131_E_1&CVP_A2_T|104_E_1&CVP_A2_A|0_G_6,精巧细腻的脚掌皮肤白皙且极度敏感，被按摩脚心便快感难忍浑身酥软颤抖的{feet_s}。
1088,feet,0,CVP_A2_T|131_E_1&CVP_A2_T|104_E_1&CVP_A2_A|0_G_6,玲珑娇嫩的足弓曲线优美皮肤敏感滑腻，稍加揉捏便酥麻至极脚趾蜷缩发抖的{feet_s}。
1089,feet,0,CVP_A2_T|131_E_1&CVP_A2_T|104_E_1&CVP_A2_A|0_G_6,小巧可爱的脚丫皮肤细腻敏感度极高，轻轻舔弄脚趾便浑身发软战栗难以自持的{feet_s}。

1090,feet,0,CVP_A2_T|131_E_1&CVP_A2_T|104_E_1&CVP_A2_S|0_L_1000,尺寸娇小宛如精致艺术品般令人爱不释手，白嫩肌肤泛着微弱粉红触感细腻滑嫩的{feet_s}。
1091,feet,0,CVP_A2_T|131_E_1&CVP_A2_T|104_E_1&CVP_A2_S|0_L_1000,玲珑纤巧带着少女特有的青涩气息，足弓弧线优美柔软脚趾粉嫩可爱的{feet_s}。
1092,feet,0,CVP_A2_T|131_E_1&CVP_A2_T|104_E_1&CVP_A2_S|0_L_1000,小巧精致肌肤光滑如丝绸般柔嫩，脚趾细嫩灵巧蜷缩时透着青春魅力的{feet_s}。
1093,feet,0,CVP_A2_T|131_E_1&CVP_A2_T|104_E_1&CVP_A2_S|0_L_1000,稚嫩娇小散发着少女独有的清新体香，脚背白皙细腻触碰时微微泛起红晕的{feet_s}。
1094,feet,0,CVP_A2_T|131_E_1&CVP_A2_T|104_E_1&CVP_A2_S|0_L_1000,尺码袖珍小巧可爱富有少女般的柔软弹性，脚掌嫩滑细腻触摸时微微发热的{feet_s}。
1095,feet,0,CVP_A2_T|131_E_1&CVP_A2_T|104_E_1&CVP_A2_S|0_L_1000,纤巧玲珑肌肤细嫩敏感泛着微弱粉光，脚趾精致小巧粉嫩欲滴微颤不已的{feet_s}。
1096,feet,0,CVP_A2_T|131_E_1&CVP_A2_T|104_E_1&CVP_A2_S|0_L_1000,小巧玲珑带着青涩体香令人心跳加速，足弓柔美纤细触感温热酥软诱人的{feet_s}。
1097,feet,0,CVP_A2_T|131_E_1&CVP_A2_T|104_E_1&CVP_A2_S|0_L_1000,袖珍稚嫩肤质白皙光滑令人爱不释手，脚踝纤细修长带着微微汗湿滑腻的{feet_s}。
1098,feet,0,CVP_A2_T|131_E_1&CVP_A2_T|104_E_1&CVP_A2_S|0_L_1000,精巧可爱散发少女般的清甜体香，肌肤细腻柔嫩滑腻触感绝妙令人痴迷的{feet_s}。
1099,feet,0,CVP_A2_T|131_E_1&CVP_A2_T|104_E_1&CVP_A2_S|0_L_1000,玲珑袖珍带着青春少女的温热体温，脚趾灵动粉嫩脚掌柔嫩微微颤抖诱人的{feet_s}。

1100,feet,0,CVP_A2_T|131_E_1&CVP_A2_T|104_E_1&CVP_A2_S|0_GE_1000&CVP_A2_S|0_L_12000,小巧玲珑宛如艺术品般精致可爱，每一寸肌肤都泛着诱人粉色敏感得微微颤抖的{feet_s}。
1101,feet,0,CVP_A2_T|131_E_1&CVP_A2_T|104_E_1&CVP_A2_S|0_GE_1000&CVP_A2_S|0_L_12000,娇小白嫩散发着少女特有的青涩香气，触碰时便激起一阵阵酥麻战栗快感的{feet_s}。
1102,feet,0,CVP_A2_T|131_E_1&CVP_A2_T|104_E_1&CVP_A2_S|0_GE_1000&CVP_A2_S|0_L_12000,纤细柔美肌肤如凝脂般细腻滑嫩，因数次高潮而变得格外敏感娇嫩的{feet_s}。
1103,feet,0,CVP_A2_T|131_E_1&CVP_A2_T|104_E_1&CVP_A2_S|0_GE_1000&CVP_A2_S|0_L_12000,少女特有的娇嫩粉白足弓优美脚趾圆润，轻轻触碰便引发全身酥麻的{feet_s}。
1104,feet,0,CVP_A2_T|131_E_1&CVP_A2_T|104_E_1&CVP_A2_S|0_GE_1000&CVP_A2_S|0_L_12000,精巧可爱玲珑有致肌肤粉嫩细腻，稍加爱抚便不自觉蜷缩颤抖的{feet_s}。
1105,feet,0,CVP_A2_T|131_E_1&CVP_A2_T|104_E_1&CVP_A2_S|0_GE_1000&CVP_A2_S|0_L_12000,形态娇小如同精致玩物般诱人，肌肤敏感得连轻触都会微微颤动的{feet_s}。
1106,feet,0,CVP_A2_T|131_E_1&CVP_A2_T|104_E_1&CVP_A2_S|0_GE_1000&CVP_A2_S|0_L_12000,青春少女的纤嫩玉足白皙透粉，因反复刺激而敏感度大增微微发红的{feet_s}。
1107,feet,0,CVP_A2_T|131_E_1&CVP_A2_T|104_E_1&CVP_A2_S|0_GE_1000&CVP_A2_S|0_L_12000,小巧的足弓弧度优美脚踝纤细，表皮布满快感汗珠轻颤不已的{feet_s}。
1108,feet,0,CVP_A2_T|131_E_1&CVP_A2_T|104_E_1&CVP_A2_S|0_GE_1000&CVP_A2_S|0_L_12000,玲珑粉嫩细腻光滑散发淡淡少女体香，稍作抚摸便敏感得无法自控的{feet_s}。
1109,feet,0,CVP_A2_T|131_E_1&CVP_A2_T|104_E_1&CVP_A2_S|0_GE_1000&CVP_A2_S|0_L_12000,娇柔纤小肌肤如丝绸般滑嫩诱人，因快感而敏感得指尖轻触便战栗的{feet_s}。

1110,feet,0,CVP_A2_T|131_E_1&CVP_A2_T|102_E_1&CVP_A2_A|0_G_3&CVP_A2_A|0_LE_6,娇小稚嫩白皙细腻，脚弓微微泛红散发幼女特有甜腻奶香的{feet_s}。
1111,feet,0,CVP_A2_T|131_E_1&CVP_A2_T|102_E_1&CVP_A2_A|0_G_3&CVP_A2_A|0_LE_6,肉感十足粉嫩诱人，脚趾蜷缩透着敏感气息的小小{feet_s}。
1112,feet,0,CVP_A2_T|131_E_1&CVP_A2_T|102_E_1&CVP_A2_A|0_G_3&CVP_A2_A|0_LE_6,细腻柔嫩触感极佳，摸起来让人欲罢不能的稚嫩玲珑{feet_s}。
1113,feet,0,CVP_A2_T|131_E_1&CVP_A2_T|102_E_1&CVP_A2_A|0_G_3&CVP_A2_A|0_LE_6,皮肤光滑白皙透嫩，散发着幼童特有体香令人心跳加速的{feet_s}。
1114,feet,0,CVP_A2_T|131_E_1&CVP_A2_T|102_E_1&CVP_A2_A|0_G_3&CVP_A2_A|0_LE_6,精致可爱小巧玲珑，脚背泛着粉红光泽触感柔软细腻的{feet_s}。
1115,feet,0,CVP_A2_T|131_E_1&CVP_A2_T|102_E_1&CVP_A2_A|0_G_3&CVP_A2_A|0_LE_6,幼小稚嫩软糯香甜，趾尖泛红敏感异常一碰就颤抖的{feet_s}。
1116,feet,0,CVP_A2_T|131_E_1&CVP_A2_T|102_E_1&CVP_A2_A|0_G_3&CVP_A2_A|0_LE_6,白嫩光滑如婴儿肌肤，足弓精巧带着诱人奶香气息的{feet_s}。
1117,feet,0,CVP_A2_T|131_E_1&CVP_A2_T|102_E_1&CVP_A2_A|0_G_3&CVP_A2_A|0_LE_6,细嫩娇小肤如凝脂，脚掌柔软触碰时微微发抖的小巧{feet_s}。
1118,feet,0,CVP_A2_T|131_E_1&CVP_A2_T|102_E_1&CVP_A2_A|0_G_3&CVP_A2_A|0_LE_6,玲珑剔透粉嫩透红，脚趾纤细散发着稚嫩体香让人着迷的{feet_s}。
1119,feet,0,CVP_A2_T|131_E_1&CVP_A2_T|102_E_1&CVP_A2_A|0_G_3&CVP_A2_A|0_LE_6,柔滑稚嫩小巧可爱，足尖敏感碰触时便轻颤不已的幼小{feet_s}。

1120,feet,0,CVP_A2_T|131_E_1&CVP_A2_S|0_GE_12000&CVP_A2_S|0_L_90000&CVP_A2_T|104_E_1,小巧精致泛着粉嫩红晕，每一寸娇嫩肌肤都敏感至极只需轻触便酥软颤抖的{feet_s}。
1121,feet,0,CVP_A2_T|131_E_1&CVP_A2_S|0_GE_12000&CVP_A2_S|0_L_90000&CVP_A2_T|104_E_1,娇小玲珑柔嫩细腻白皙，被反复爱抚后敏感到稍有接触就忍不住颤抖蜷缩的{feet_s}。
1122,feet,0,CVP_A2_T|131_E_1&CVP_A2_S|0_GE_12000&CVP_A2_S|0_L_90000&CVP_A2_T|104_E_1,纤细嫩滑散发着少女体香，敏感至极的粉嫩肌肤一经触碰便引发阵阵酥麻的{feet_s}。
1123,feet,0,CVP_A2_T|131_E_1&CVP_A2_S|0_GE_12000&CVP_A2_S|0_L_90000&CVP_A2_T|104_E_1,精巧可爱白嫩细腻，持续的快感让每寸肌肤都敏感到随时准备迎接高潮的{feet_s}。
1124,feet,0,CVP_A2_T|131_E_1&CVP_A2_S|0_GE_12000&CVP_A2_S|0_L_90000&CVP_A2_T|104_E_1,小巧柔软泛着情欲的粉红，被玩弄后敏感无比稍加抚摸就全身发软痉挛的{feet_s}。
1125,feet,0,CVP_A2_T|131_E_1&CVP_A2_S|0_GE_12000&CVP_A2_S|0_L_90000&CVP_A2_T|104_E_1,玲珑纤巧嫩白如玉，高潮过后极度敏感的肌肤轻碰就战栗不止浪声连连的{feet_s}。
1126,feet,0,CVP_A2_T|131_E_1&CVP_A2_S|0_GE_12000&CVP_A2_S|0_L_90000&CVP_A2_T|104_E_1,娇俏粉嫩小巧精致，青春敏感的细滑肌肤触碰就酥软到双腿打颤站不住的{feet_s}。
1127,feet,0,CVP_A2_T|131_E_1&CVP_A2_S|0_GE_12000&CVP_A2_S|0_L_90000&CVP_A2_T|104_E_1,嫩白细腻带着少女清香，反复高潮后敏感至极轻抚便全身酥麻颤抖不停的{feet_s}。
1128,feet,0,CVP_A2_T|131_E_1&CVP_A2_S|0_GE_12000&CVP_A2_S|0_L_90000&CVP_A2_T|104_E_1,精巧柔嫩散发着淡淡体香，过度敏感的娇小肌肤被触碰就忍不住淫叫出声的{feet_s}。
1129,feet,0,CVP_A2_T|131_E_1&CVP_A2_S|0_GE_12000&CVP_A2_S|0_L_90000&CVP_A2_T|104_E_1,洁白细嫩小巧可人，敏感得一触即酥浑身发软想要更多爱抚的少女年轻的{feet_s}。

1130,feet,0,CVP_A2_T|131_E_1&CVP_A2_T|104_E_1&CVP_A2_S|0_GE_90000,小巧玲珑精致娇嫩，敏感到极致的少女皮肤每次被触碰都剧烈颤抖痉挛的{feet_s}。
1131,feet,0,CVP_A2_T|131_E_1&CVP_A2_T|104_E_1&CVP_A2_S|0_GE_90000,娇小粉嫩足弓优美，稍加爱抚便让青涩少女浑身痉挛陷入失控高潮的{feet_s}。
1132,feet,0,CVP_A2_T|131_E_1&CVP_A2_T|104_E_1&CVP_A2_S|0_GE_90000,纤细白皙光滑细腻，哪怕微风拂过都能让敏感的少女肌肤抽搐不止的{feet_s}。
1133,feet,0,CVP_A2_T|131_E_1&CVP_A2_T|104_E_1&CVP_A2_S|0_GE_90000,幼小精巧泛着诱人粉红，任何触碰都让她像触电般全身剧烈战栗的{feet_s}。
1134,feet,0,CVP_A2_T|131_E_1&CVP_A2_T|104_E_1&CVP_A2_S|0_GE_90000,青涩娇嫩小巧玲珑，敏感过度的少女皮肤被抚弄时会无法自控地尖叫的{feet_s}。
1135,feet,0,CVP_A2_T|131_E_1&CVP_A2_T|104_E_1&CVP_A2_S|0_GE_90000,白嫩娇小足尖精巧，任何揉捏都让这敏感少女瞬间陷入剧烈痉挛高潮的{feet_s}。
1136,feet,0,CVP_A2_T|131_E_1&CVP_A2_T|104_E_1&CVP_A2_S|0_GE_90000,纤小稚嫩光润如玉，皮肤敏感到稍加触碰便让少女浑身抽搐失神的{feet_s}。
1137,feet,0,CVP_A2_T|131_E_1&CVP_A2_T|104_E_1&CVP_A2_S|0_GE_90000,秀气迷人小巧动人，敏感至极的肌肤每次被爱抚都引发无法承受的快感的{feet_s}。
1138,feet,0,CVP_A2_T|131_E_1&CVP_A2_T|104_E_1&CVP_A2_S|0_GE_90000,精巧娇小足弓性感，轻轻摩擦便让这青涩少女全身触电般剧烈颤栗的{feet_s}。
1139,feet,0,CVP_A2_T|131_E_1&CVP_A2_T|104_E_1&CVP_A2_S|0_GE_90000,稚嫩小巧白皙诱人，敏感到连呼吸拂过都能让少女陷入不住战栗中的{feet_s}。
1140,feet,0,CVP_A2_T|131_E_1&CVP_A2_T|105_E_1&CVP_A2_A|0_LE_3,娇小精致已发育成熟，肌肤光滑润泽如丝，对触碰反应微弱却透着淫荡媚态的{feet_s}。
1141,feet,0,CVP_A2_T|131_E_1&CVP_A2_T|105_E_1&CVP_A2_A|0_LE_3,小巧玲珑透着大姐姐的成熟魅力，虽敏感度不高肤色却泛着诱人粉红的{feet_s}。
1142,feet,0,CVP_A2_T|131_E_1&CVP_A2_T|105_E_1&CVP_A2_A|0_LE_3,纤细精巧足弓曲线完美发育成熟，触感低敏白皙细腻却令人欲罢不能的{feet_s}。
1143,feet,0,CVP_A2_T|131_E_1&CVP_A2_T|105_E_1&CVP_A2_A|0_LE_3,脚掌娇小却散发成年女性特有的体香，肤质细腻对刺激反应迟钝却十分诱人的{feet_s}。
1144,feet,0,CVP_A2_T|131_E_1&CVP_A2_T|105_E_1&CVP_A2_A|0_LE_3,小巧脚趾如珠玉般排列整齐白嫩可人，大姐姐成熟风格皮肤低敏却令人垂涎的{feet_s}。
1145,feet,0,CVP_A2_T|131_E_1&CVP_A2_T|105_E_1&CVP_A2_A|0_LE_3,精致足踝带着成熟女性的优美线条，虽对触碰反应淡然却散发淫靡魅力的{feet_s}。
1146,feet,0,CVP_A2_T|131_E_1&CVP_A2_T|105_E_1&CVP_A2_A|0_LE_3,脚背玲珑光滑透着成熟润泽气息，对抚摸刺激反应微弱却令人痴迷疯狂的{feet_s}。
1147,feet,0,CVP_A2_T|131_E_1&CVP_A2_T|105_E_1&CVP_A2_A|0_LE_3,娇小如熟女般丰满完美的足部曲线，肤质弹性十足对触感却不甚敏感的{feet_s}。
1148,feet,0,CVP_A2_T|131_E_1&CVP_A2_T|105_E_1&CVP_A2_A|0_LE_3,脚趾精巧肤色粉嫩透着大姐姐特有的气质，皮肤低敏却散发诱人淡淡甜香的{feet_s}。
1149,feet,0,CVP_A2_T|131_E_1&CVP_A2_T|105_E_1&CVP_A2_A|0_LE_3,小巧白嫩曲线成熟优美如丝绸般光滑，触感反应有限却让人忍不住想舔舐的{feet_s}。

1150,feet,0,CVP_A2_T|131_E_1&CVP_A2_T|105_E_1&CVP_A2_A|0_G_3&CVP_A2_A|0_LE_6,精致娇小泛着成熟女性特有的肉感光泽，触碰即颤抖的{feet_s}。
1151,feet,0,CVP_A2_T|131_E_1&CVP_A2_T|105_E_1&CVP_A2_A|0_G_3&CVP_A2_A|0_LE_6,小巧玲珑肤质细腻白嫩，摩擦时忍不住发出轻吟的{feet_s}。
1152,feet,0,CVP_A2_T|131_E_1&CVP_A2_T|105_E_1&CVP_A2_A|0_G_3&CVP_A2_A|0_LE_6,纤细紧致透着成熟风韵，稍加抚弄就微微发烫的{feet_s}。
1153,feet,0,CVP_A2_T|131_E_1&CVP_A2_T|105_E_1&CVP_A2_A|0_G_3&CVP_A2_A|0_LE_6,足弓优美弧线玲珑，每次被触碰都敏感收缩的{feet_s}。
1154,feet,0,CVP_A2_T|131_E_1&CVP_A2_T|105_E_1&CVP_A2_A|0_G_3&CVP_A2_A|0_LE_6,脚趾粉嫩娇小如豆，被揉捏时忍不住蜷缩颤栗的{feet_s}。
1155,feet,0,CVP_A2_T|131_E_1&CVP_A2_T|105_E_1&CVP_A2_A|0_G_3&CVP_A2_A|0_LE_6,细嫩柔滑足心微微泛红，被抚摸时带着微微喘息的{feet_s}。
1156,feet,0,CVP_A2_T|131_E_1&CVP_A2_T|105_E_1&CVP_A2_A|0_G_3&CVP_A2_A|0_LE_6,脚背光洁透着青筋，每次摩擦都引起酥麻战栗的{feet_s}。
1157,feet,0,CVP_A2_T|131_E_1&CVP_A2_T|105_E_1&CVP_A2_A|0_G_3&CVP_A2_A|0_LE_6,小巧肉感足踝纤细，稍加刺激就敏感发颤的{feet_s}。
1158,feet,0,CVP_A2_T|131_E_1&CVP_A2_T|105_E_1&CVP_A2_A|0_G_3&CVP_A2_A|0_LE_6,肤质嫩滑带着成熟女人体香，被把玩时微微羞红的{feet_s}。
1159,feet,0,CVP_A2_T|131_E_1&CVP_A2_T|105_E_1&CVP_A2_A|0_G_3&CVP_A2_A|0_LE_6,玲珑精巧脚掌柔软温热，享受着被爱抚快感的{feet_s}。
1160,feet,0,CVP_A2_T|131_E_1&CVP_A2_T|105_E_1&CVP_A2_A|0_G_6,娇小玲珑肤若凝脂，稍一触碰便浑身轻颤的成熟大姐姐敏感的{feet_s}。
1161,feet,0,CVP_A2_T|131_E_1&CVP_A2_T|105_E_1&CVP_A2_A|0_G_6,精致小巧足弓高耸，轻抚就会止不住娇吟的高感度的{feet_s}。
1162,feet,0,CVP_A2_T|131_E_1&CVP_A2_T|105_E_1&CVP_A2_A|0_G_6,纤细白嫩脚趾蜷缩，触感柔滑却极度敏感的成熟女性的{feet_s}。
1163,feet,0,CVP_A2_T|131_E_1&CVP_A2_T|105_E_1&CVP_A2_A|0_G_6,柔嫩小巧粉红足心，被碰触便酥麻战栗的大姐姐的{feet_s}。
1164,feet,0,CVP_A2_T|131_E_1&CVP_A2_T|105_E_1&CVP_A2_A|0_G_6,肌肤细腻泛着淫靡光泽，轻触即颤的娇小敏感的{feet_s}。
1165,feet,0,CVP_A2_T|131_E_1&CVP_A2_T|105_E_1&CVP_A2_A|0_G_6,脚背光滑足踝纤细，敏感到轻碰就会酥软的玲珑的{feet_s}。
1166,feet,0,CVP_A2_T|131_E_1&CVP_A2_T|105_E_1&CVP_A2_A|0_G_6,细嫩小巧脚掌滑腻，稍加抚摸就浑身发软的成熟的{feet_s}。
1167,feet,0,CVP_A2_T|131_E_1&CVP_A2_T|105_E_1&CVP_A2_A|0_G_6,足弓曲线玲珑有致，碰一下便瘫软娇喘的高感度的{feet_s}。
1168,feet,0,CVP_A2_T|131_E_1&CVP_A2_T|105_E_1&CVP_A2_A|0_G_6,白皙精巧脚趾柔嫩，触碰就会燃起情欲的敏感的大姐姐的{feet_s}。
1169,feet,0,CVP_A2_T|131_E_1&CVP_A2_T|105_E_1&CVP_A2_A|0_G_6,娇小脚掌肌肤如玉，被揉捏时便不住颤栗的高感度的{feet_s}。
1170,feet,0,CVP_A2_T|131_E_1&CVP_A2_T|105_E_1&CVP_A2_S|0_L_1000,小巧玲珑白皙细腻，散发着大姐姐成熟体香，触碰时让人心跳加速血脉喷张的{feet_s}。
1171,feet,0,CVP_A2_T|131_E_1&CVP_A2_T|105_E_1&CVP_A2_S|0_L_1000,娇小精致脚掌光滑紧致，带着成熟女性粉嫩色泽，柔软温热让人爱不释手的{feet_s}。
1172,feet,0,CVP_A2_T|131_E_1&CVP_A2_T|105_E_1&CVP_A2_S|0_L_1000,纤细足弓高挺优美，皮肤白嫩散发淡淡香气，让人忍不住想亲吻抚摸的{feet_s}。
1173,feet,0,CVP_A2_T|131_E_1&CVP_A2_T|105_E_1&CVP_A2_S|0_L_1000,精致可爱脚趾圆润诱人，泛着粉嫩光泽带着成熟魅力，触碰时蜷缩显得格外可爱的{feet_s}。
1174,feet,0,CVP_A2_T|131_E_1&CVP_A2_T|105_E_1&CVP_A2_S|0_L_1000,小巧柔软足心细腻光滑，散发大姐姐体香与淡淡汗味，触碰时引起轻微颤抖的{feet_s}。
1175,feet,0,CVP_A2_T|131_E_1&CVP_A2_T|105_E_1&CVP_A2_S|0_L_1000,玲珑剔透精巧脚掌，肌肤紧致白皙带着成熟性感，触感温热滑腻令人沉醉的{feet_s}。
1176,feet,0,CVP_A2_T|131_E_1&CVP_A2_T|105_E_1&CVP_A2_S|0_L_1000,娇小脚踝纤细修长迷人，皮肤白嫩散发成熟气息，触摸时能感受到大姐姐体温的{feet_s}。
1177,feet,0,CVP_A2_T|131_E_1&CVP_A2_T|105_E_1&CVP_A2_S|0_L_1000,纤巧脚背细腻透亮光滑，呈现成熟女性粉红光泽，抚摸时带来阵阵酥麻感的{feet_s}。
1178,feet,0,CVP_A2_T|131_E_1&CVP_A2_T|105_E_1&CVP_A2_S|0_L_1000,精致紧致足尖小巧可爱，肌肤光滑细腻充满成熟魅力，触碰时散发迷人体香的{feet_s}。
1179,feet,0,CVP_A2_T|131_E_1&CVP_A2_T|105_E_1&CVP_A2_S|0_L_1000,小巧细腻双足白净诱人，脚趾粉嫩圆润散发大姐姐淡淡香气，摸上去软滑温热的{feet_s}。

1180,feet,0,CVP_A2_T|131_E_1&CVP_A2_T|105_E_1&CVP_A2_S|0_GE_1000&CVP_A2_S|0_L_12000,娇小细腻敏感泛红因快感而微微颤抖，每一次触碰都让她身体轻颤的{feet_s}。
1181,feet,0,CVP_A2_T|131_E_1&CVP_A2_T|105_E_1&CVP_A2_S|0_GE_1000&CVP_A2_S|0_L_12000,精致玲珑足弓优美因多次高潮而异常敏感，稍加触碰就让人酥麻的{feet_s}。
1182,feet,0,CVP_A2_T|131_E_1&CVP_A2_T|105_E_1&CVP_A2_S|0_GE_1000&CVP_A2_S|0_L_12000,纤巧白嫩足背因快感而泛起红晕，敏感至极已数次高潮过的{feet_s}。
1183,feet,0,CVP_A2_T|131_E_1&CVP_A2_T|105_E_1&CVP_A2_S|0_GE_1000&CVP_A2_S|0_L_12000,小巧粉嫩皮肤已被调教得格外敏感，每一处触碰都引发明显反应的{feet_s}。
1184,feet,0,CVP_A2_T|131_E_1&CVP_A2_T|105_E_1&CVP_A2_S|0_GE_1000&CVP_A2_S|0_L_12000,玲珑剔透脚趾因持续刺激而蜷缩，极度敏感一触即发出轻吟的{feet_s}。
1185,feet,0,CVP_A2_T|131_E_1&CVP_A2_T|105_E_1&CVP_A2_S|0_GE_1000&CVP_A2_S|0_L_12000,细腻光滑足心因快感而微微湿润，稍加抚摸就引起全身颤栗的{feet_s}。
1186,feet,0,CVP_A2_T|131_E_1&CVP_A2_T|105_E_1&CVP_A2_S|0_GE_1000&CVP_A2_S|0_L_12000,娇小可爱脚踝纤细敏感，因皮肤高潮而变得异常敏锐触感绝佳的{feet_s}。
1187,feet,0,CVP_A2_T|131_E_1&CVP_A2_T|105_E_1&CVP_A2_S|0_GE_1000&CVP_A2_S|0_L_12000,精巧白皙脚背因快感泛红，触碰时她会忍不住轻哼身体微颤的{feet_s}。
1188,feet,0,CVP_A2_T|131_E_1&CVP_A2_T|105_E_1&CVP_A2_S|0_GE_1000&CVP_A2_S|0_L_12000,柔软细嫩足尖因多次高潮而格外敏感，触碰便引起连锁快感反应的{feet_s}。
1189,feet,0,CVP_A2_T|131_E_1&CVP_A2_T|105_E_1&CVP_A2_S|0_GE_1000&CVP_A2_S|0_L_12000,纤细精致脚趾粉嫩敏感，因皮肤快感而不断蜷缩松开显得极为诱人的{feet_s}。

1190,feet,0,CVP_A2_T|131_E_1&CVP_A2_T|105_E_1&CVP_A2_S|0_GE_12000&CVP_A2_S|0_L_90000,纤细娇小散发成熟女性气息，敏感肌肤任何触碰都让她酥麻高潮颤抖的{feet_s}。
1191,feet,0,CVP_A2_T|131_E_1&CVP_A2_T|105_E_1&CVP_A2_S|0_GE_12000&CVP_A2_S|0_L_90000,小巧玲珑泛着成熟女人光泽质感，极致敏感稍有爱抚便让她淫叫不止的{feet_s}。
1192,feet,0,CVP_A2_T|131_E_1&CVP_A2_T|105_E_1&CVP_A2_S|0_GE_12000&CVP_A2_S|0_L_90000,精致娇嫩带着熟女韵味的柔软触感，碰触便引发她敏感肌肤强烈高潮的{feet_s}。
1193,feet,0,CVP_A2_T|131_E_1&CVP_A2_T|105_E_1&CVP_A2_S|0_GE_12000&CVP_A2_S|0_L_90000,玲珑优雅弧度完美的足弓曲线，任何摩擦都让她敏感到浑身发软酥麻的{feet_s}。
1194,feet,0,CVP_A2_T|131_E_1&CVP_A2_T|105_E_1&CVP_A2_S|0_GE_12000&CVP_A2_S|0_L_90000,纤小细腻的粉嫩足趾蜷缩颤抖，敏感肌肤让她在爱抚中不断攀上高潮的{feet_s}。
1195,feet,0,CVP_A2_T|131_E_1&CVP_A2_T|105_E_1&CVP_A2_S|0_GE_12000&CVP_A2_S|0_L_90000,娇小软滑带着成熟诱惑气息，极度敏感的皮肤稍有触碰就湿得一塌糊涂的{feet_s}。
1196,feet,0,CVP_A2_T|131_E_1&CVP_A2_T|105_E_1&CVP_A2_S|0_GE_12000&CVP_A2_S|0_L_90000,小巧白嫩足尖粉红诱人格外可爱，敏感到轻轻抚摸就让她娇喘连连颤抖的{feet_s}。
1197,feet,0,CVP_A2_T|131_E_1&CVP_A2_T|105_E_1&CVP_A2_S|0_GE_12000&CVP_A2_S|0_L_90000,精巧柔软透着成熟女人独有韵味，高度敏感的肌肤让她不断因快感呻吟的{feet_s}。
1198,feet,0,CVP_A2_T|131_E_1&CVP_A2_T|105_E_1&CVP_A2_S|0_GE_12000&CVP_A2_S|0_L_90000,纤细娇美的足弓曲线十分优雅迷人，敏感至极让她随便碰碰就湿润高潮的{feet_s}。
1199,feet,0,CVP_A2_T|131_E_1&CVP_A2_T|105_E_1&CVP_A2_S|0_GE_12000&CVP_A2_S|0_L_90000,玲珑小巧散发熟女成熟体香气息，肌肤敏感到只要抚摸她就高潮不停的{feet_s}。

1200,feet,0,CVP_A2_T|131_E_1&CVP_A2_T|105_E_1&CVP_A2_S|0_GE_90000,娇小玲珑敏感到极致，仅是微风吹拂就能引发全身颤抖和持续抽搐的{feet_s}。
1201,feet,0,CVP_A2_T|131_E_1&CVP_A2_T|105_E_1&CVP_A2_S|0_GE_90000,纤巧白嫩每一寸肌肤都敏感无比，被轻触便会不由自主地剧烈痉挛的{feet_s}。
1202,feet,0,CVP_A2_T|131_E_1&CVP_A2_T|105_E_1&CVP_A2_S|0_GE_90000,小巧精致敏感度已超越极限，稍有刺激便会陷入无法自拔的快感深渊的{feet_s}。
1203,feet,0,CVP_A2_T|131_E_1&CVP_A2_T|105_E_1&CVP_A2_S|0_GE_90000,细嫩娇柔肌肤敏感到令人难以置信，任何触碰都能引发强烈身体抽搐的{feet_s}。
1204,feet,0,CVP_A2_T|131_E_1&CVP_A2_T|105_E_1&CVP_A2_S|0_GE_90000,精巧秀美敏感至极的肌肤，指尖还未接触就已经开始微微颤抖的娇小{feet_s}。
1205,feet,0,CVP_A2_T|131_E_1&CVP_A2_T|105_E_1&CVP_A2_S|0_GE_90000,玲珑小巧皮肤敏感到不可思议，被抚摸时会泛起阵阵酥麻电流快感的{feet_s}。
1206,feet,0,CVP_A2_T|131_E_1&CVP_A2_T|105_E_1&CVP_A2_S|0_GE_90000,纤小柔嫩已被调教到极度敏感，轻轻碰触便会达到巅峰快感的娇小{feet_s}。
1207,feet,0,CVP_A2_T|131_E_1&CVP_A2_T|105_E_1&CVP_A2_S|0_GE_90000,秀气娇柔皮肤敏感度达到巅峰，每一次触碰都能够引发连续高潮的{feet_s}。
1208,feet,0,CVP_A2_T|131_E_1&CVP_A2_T|105_E_1&CVP_A2_S|0_GE_90000,细腻白皙敏感到无法控制身体反应，任何细小刺激都带来灭顶快感的{feet_s}。
1209,feet,0,CVP_A2_T|131_E_1&CVP_A2_T|105_E_1&CVP_A2_S|0_GE_90000,小巧精致肤若凝脂敏感至极，被轻轻碰触就会止不住地颤抖和痉挛的{feet_s}。

1210,feet,0,CVP_A2_T|131_E_1&CVP_A2_T|106_E_1&CVP_A2_A|0_LE_3,小巧玲珑却透着成熟韵味，细腻柔嫩触碰时仅有微弱反应的{feet_s}。
1211,feet,0,CVP_A2_T|131_E_1&CVP_A2_T|106_E_1&CVP_A2_A|0_LE_3,精致娇小带着岁月沉淀的细嫩，皮肤对抚弄只有淡薄快感的{feet_s}。
1212,feet,0,CVP_A2_T|131_E_1&CVP_A2_T|106_E_1&CVP_A2_A|0_LE_3,纤细小巧散发着熟女诱惑的骚气，摩擦时反应迟钝却依然撩人的{feet_s}。
1213,feet,0,CVP_A2_T|131_E_1&CVP_A2_T|106_E_1&CVP_A2_A|0_LE_3,保养得当柔嫩光滑的娇小尺寸，触感反应不强却让人想反复把玩的{feet_s}。
1214,feet,0,CVP_A2_T|131_E_1&CVP_A2_T|106_E_1&CVP_A2_A|0_LE_3,精巧圆润透着成熟女人的媚态，抚摸时只泛起微微快感却极具色气的{feet_s}。
1215,feet,0,CVP_A2_T|131_E_1&CVP_A2_T|106_E_1&CVP_A2_A|0_LE_3,小而精致带着熟女独有的丰腴，皮肤低敏却让人欲罢不能想要玩弄的{feet_s}。
1216,feet,0,CVP_A2_T|131_E_1&CVP_A2_T|106_E_1&CVP_A2_A|0_LE_3,娇小玲珑却肉感十足，触碰时感度不高但视觉上极具淫靡诱惑的{feet_s}。
1217,feet,0,CVP_A2_T|131_E_1&CVP_A2_T|106_E_1&CVP_A2_A|0_LE_3,细腻白嫩保持着娇俏的小巧轮廓，尽管触感迟钝却散发着骚浪气息的{feet_s}。
1218,feet,0,CVP_A2_T|131_E_1&CVP_A2_T|106_E_1&CVP_A2_A|0_LE_3,攥在手心刚刚好的精致小脚，带着岁月柔美却对刺激反应微弱的{feet_s}。
1219,feet,0,CVP_A2_T|131_E_1&CVP_A2_T|106_E_1&CVP_A2_A|0_LE_3,柔软细嫩的娇小轮廓散发着熟女魅力，摩擦时快感微弱但格外色情的{feet_s}。


1220,feet,0,CVP_A2_T|131_E_1&CVP_A2_T|102_E_1&CVP_A2_A|0_G_6,粉嫩娇小如婴儿般玲珑精致，稍有触碰便敏感颤栗泛着诱人红晕的{feet_s}。
1221,feet,0,CVP_A2_T|131_E_1&CVP_A2_T|102_E_1&CVP_A2_A|0_G_6,稚嫩幼小柔软细腻得不可思议，轻轻抚摸便会引发全身剧烈战栗的{feet_s}。
1222,feet,0,CVP_A2_T|131_E_1&CVP_A2_T|102_E_1&CVP_A2_A|0_G_6,细嫩粉白的脚趾如小豆般可爱，足心柔软敏感触之便会蜷缩颤抖的{feet_s}。
1223,feet,0,CVP_A2_T|131_E_1&CVP_A2_T|102_E_1&CVP_A2_A|0_G_6,散发着幼童特有奶香的玲珑小脚，超敏感肌肤稍碰便引发剧烈痉挛的{feet_s}。
1224,feet,0,CVP_A2_T|131_E_1&CVP_A2_T|102_E_1&CVP_A2_A|0_G_6,柔嫩娇小足弓精巧动人宛如艺术品，任何触碰都会引发敏感颤动的{feet_s}。
1225,feet,0,CVP_A2_T|131_E_1&CVP_A2_T|102_E_1&CVP_A2_A|0_G_6,粉红稚嫩的脚趾细小可爱，脚底柔嫩触感如丝绸却极其敏感易颤的{feet_s}。
1226,feet,0,CVP_A2_T|131_E_1&CVP_A2_T|102_E_1&CVP_A2_A|0_G_6,小巧白皙散发着幼嫩诱人体香，轻微摩擦便让她无法控制剧烈颤抖的{feet_s}。
1227,feet,0,CVP_A2_T|131_E_1&CVP_A2_T|102_E_1&CVP_A2_A|0_G_6,幼小玲珑如瓷器般精致易碎，高感度肌肤只消轻触便引发全身酥麻的{feet_s}。
1228,feet,0,CVP_A2_T|131_E_1&CVP_A2_T|102_E_1&CVP_A2_A|0_G_6,娇嫩粉白的小足宛如珍宝般精巧，超敏感足心轻触即刻引发剧烈痉挛的{feet_s}。
1229,feet,0,CVP_A2_T|131_E_1&CVP_A2_T|102_E_1&CVP_A2_A|0_G_6,柔软稚嫩脚趾如豆粒般粉嫩可爱，极敏感肌肤轻碰便引发全身战栗的{feet_s}。
1230,feet,0,CVP_A2_T|131_E_1&CVP_A2_T|106_E_1&CVP_A2_A|0_G_3&CVP_A2_A|0_LE_6,成熟女性那双小巧玲珑白皙光滑保养得当的玉足肌肤细腻，触摸就能感到明显愉悦的{feet_s}。
1231,feet,0,CVP_A2_T|131_E_1&CVP_A2_T|106_E_1&CVP_A2_A|0_G_3&CVP_A2_A|0_LE_6,熟女精致纤小的脚掌肤若凝脂足弓优美，轻抚柔嫩肌肤便能引发一阵阵愉悦的{feet_s}。
1232,feet,0,CVP_A2_T|131_E_1&CVP_A2_T|106_E_1&CVP_A2_A|0_G_3&CVP_A2_A|0_LE_6,丰腴成熟女人那双灵巧小脚柔嫩紧致肉感丰盈，每次摩擦都能传来触电般快感的{feet_s}。
1233,feet,0,CVP_A2_T|131_E_1&CVP_A2_T|106_E_1&CVP_A2_A|0_G_3&CVP_A2_A|0_LE_6,成熟女性精心保养的娇小玉足白皙透粉香气迷人，对每一次触碰刺激都反应明显的{feet_s}。
1234,feet,0,CVP_A2_T|131_E_1&CVP_A2_T|106_E_1&CVP_A2_A|0_G_3&CVP_A2_A|0_LE_6,熟女那双小巧秀气的脚丫柔软肉感丰满触感细腻，每次接触都会泛起愉悦颤栗的{feet_s}。
1235,feet,0,CVP_A2_T|131_E_1&CVP_A2_T|106_E_1&CVP_A2_A|0_G_3&CVP_A2_A|0_LE_6,丰满成熟女人那精致小巧的脚背弧度优美白嫩诱人，皮肤敏感触摸时会微微颤动的{feet_s}。
1236,feet,0,CVP_A2_T|131_E_1&CVP_A2_T|106_E_1&CVP_A2_A|0_G_3&CVP_A2_A|0_LE_6,熟女娇小圆润的脚趾排列整齐涂着诱人颜色的指甲，轻轻拨弄便能感受到快意的{feet_s}。
1237,feet,0,CVP_A2_T|131_E_1&CVP_A2_T|106_E_1&CVP_A2_A|0_G_3&CVP_A2_A|0_LE_6,成熟女性那一双保养完好的纤巧玉足温热柔软触感极佳，爱抚时能感受明显愉悦的{feet_s}。
1238,feet,0,CVP_A2_T|131_E_1&CVP_A2_T|106_E_1&CVP_A2_A|0_G_3&CVP_A2_A|0_LE_6,熟女小巧玲珑的足弓线条流畅肌肤白皙水润丝滑，稍加刺激便能引发阵阵酥麻的{feet_s}。
1239,feet,0,CVP_A2_T|131_E_1&CVP_A2_T|106_E_1&CVP_A2_A|0_G_3&CVP_A2_A|0_LE_6,丰腴熟妇精致迷人的小脚脚踝纤细脚掌柔嫩肉感十足，对每次爱抚都有敏感反应的{feet_s}。
1240,feet,0,CVP_A2_T|131_E_1&CVP_A2_T|106_E_1&CVP_A2_A|0_G_6,玲珑小巧泛着成熟光泽轻触便颤抖不止，皮肤细腻每一寸都敏感到极点的{feet_s}。
1241,feet,0,CVP_A2_T|131_E_1&CVP_A2_T|106_E_1&CVP_A2_A|0_G_6,精致娇小如玉般光滑白皙，被轻轻摩擦便浑身酥软散发熟女特有魅惑气息的{feet_s}。
1242,feet,0,CVP_A2_T|131_E_1&CVP_A2_T|106_E_1&CVP_A2_A|0_G_6,纤细柔嫩稍一触碰就酥麻难耐，丰满熟女皮肤敏感到稍触便娇喘不已的{feet_s}。
1243,feet,0,CVP_A2_T|131_E_1&CVP_A2_T|106_E_1&CVP_A2_A|0_G_6,小巧诱人稍加抚摸便忍不住娇喘连连，成熟女人肌肤敏感细腻无比的{feet_s}。
1244,feet,0,CVP_A2_T|131_E_1&CVP_A2_T|106_E_1&CVP_A2_A|0_G_6,白皙玲珑触感极度销魂刺激，轻揉便让熟女浑身战栗难以自持的{feet_s}。
1245,feet,0,CVP_A2_T|131_E_1&CVP_A2_T|106_E_1&CVP_A2_A|0_G_6,娇嫩精巧被把玩便全身发颤酥痒难忍，散发成熟诱惑肤如凝脂的{feet_s}。
1246,feet,0,CVP_A2_T|131_E_1&CVP_A2_T|106_E_1&CVP_A2_A|0_G_6,细腻小巧足弓优美曲线诱人，每一寸皮肤都敏感到让人无法自拔的{feet_s}。
1247,feet,0,CVP_A2_T|131_E_1&CVP_A2_T|106_E_1&CVP_A2_A|0_G_6,精巧敏感被揉捏就忍不住呻吟颤抖，成熟女人皮肤光滑紧致诱人的{feet_s}。
1248,feet,0,CVP_A2_T|131_E_1&CVP_A2_T|106_E_1&CVP_A2_A|0_G_6,纤嫩玲珑轻轻触碰便浑身战栗难耐销魂，熟女特有的精致敏感的{feet_s}。
1249,feet,0,CVP_A2_T|131_E_1&CVP_A2_T|106_E_1&CVP_A2_A|0_G_6,细嫩小足一摸就酥到骨子里欲罢不能，散发成熟魅力皮肤敏感的{feet_s}。

1250,feet,0,CVP_A2_T|131_E_1&CVP_A2_T|106_E_1&CVP_A2_S|0_L_1000,小巧玲珑肤质白皙吹弹可破保养极佳，触碰后微微颤抖透出淡淡红晕的{feet_s}。
1251,feet,0,CVP_A2_T|131_E_1&CVP_A2_T|106_E_1&CVP_A2_S|0_L_1000,纤细精致足弓曲线优美诱惑十足，成熟保养使其在快感中轻轻发颤的{feet_s}。
1252,feet,0,CVP_A2_T|131_E_1&CVP_A2_T|106_E_1&CVP_A2_S|0_L_1000,娇小可爱的脚掌触感细腻温热，熟女精心保养后散发诱人香气的{feet_s}。
1253,feet,0,CVP_A2_T|131_E_1&CVP_A2_T|106_E_1&CVP_A2_S|0_L_1000,尺寸精巧却保养得当光滑如绸缎，受到爱抚后敏感地微微抽搐着的{feet_s}。
1254,feet,0,CVP_A2_T|131_E_1&CVP_A2_T|106_E_1&CVP_A2_S|0_L_1000,小巧柔嫩散发成熟女性独特体香，在刺激下泛起轻浅粉红热气的{feet_s}。
1255,feet,0,CVP_A2_T|131_E_1&CVP_A2_T|106_E_1&CVP_A2_S|0_L_1000,精致玲珑的足底柔软滑腻，成熟女人的小脚在快感下颤动着的{feet_s}。
1256,feet,0,CVP_A2_T|131_E_1&CVP_A2_T|106_E_1&CVP_A2_S|0_L_1000,娇小白嫩脚趾圆润可爱足弓优美，轻微快感时下意识蜷缩颤抖的{feet_s}。
1257,feet,0,CVP_A2_T|131_E_1&CVP_A2_T|106_E_1&CVP_A2_S|0_L_1000,保养完好的小巧玉足肌肤细腻滑嫩，因敏感而在触碰下微微发颤的{feet_s}。
1258,feet,0,CVP_A2_T|131_E_1&CVP_A2_T|106_E_1&CVP_A2_S|0_L_1000,精巧秀气足弓高挺曲线诱人姿态撩拨，快感下带着温热轻轻颤动的{feet_s}。
1259,feet,0,CVP_A2_T|131_E_1&CVP_A2_T|106_E_1&CVP_A2_S|0_L_1000,小巧玲珑散发淡淡成熟体香的娇嫩玉足，触摸后产生轻度快感反应的{feet_s}。

1260,feet,0,CVP_A2_T|131_E_1&CVP_A2_T|106_E_1&CVP_A2_S|0_GE_1000&CVP_A2_S|0_L_12000,小巧精致保养得宛如凝脂一般光滑细腻，轻轻触碰便敏感颤抖的{feet_s}。
1261,feet,0,CVP_A2_T|131_E_1&CVP_A2_T|106_E_1&CVP_A2_S|0_GE_1000&CVP_A2_S|0_L_12000,娇小玲珑泛着成熟女人特有的润泽光芒，每次触碰都会蜷缩的{feet_s}。
1262,feet,0,CVP_A2_T|131_E_1&CVP_A2_T|106_E_1&CVP_A2_S|0_GE_1000&CVP_A2_S|0_L_12000,纤小柔嫩散发着熟女精心保养后的体香，稍有刺激便轻颤不止的{feet_s}。
1263,feet,0,CVP_A2_T|131_E_1&CVP_A2_T|106_E_1&CVP_A2_S|0_GE_1000&CVP_A2_S|0_L_12000,精巧细腻足弓优美肤质白嫩如玉，触碰时敏感地微微发抖的{feet_s}。
1264,feet,0,CVP_A2_T|131_E_1&CVP_A2_T|106_E_1&CVP_A2_S|0_GE_1000&CVP_A2_S|0_L_12000,玲珑小巧脚趾圆润粉嫩略带成熟韵味，抚摸时便战栗起来的{feet_s}。
1265,feet,0,CVP_A2_T|131_E_1&CVP_A2_T|106_E_1&CVP_A2_S|0_GE_1000&CVP_A2_S|0_L_12000,纤巧柔滑足心光洁泛着淡淡粉红色泽，受刺激便颤动不已的{feet_s}。
1266,feet,0,CVP_A2_T|131_E_1&CVP_A2_T|106_E_1&CVP_A2_S|0_GE_1000&CVP_A2_S|0_L_12000,细小润泽保养精细且散发成熟女人香气，轻抚便敏感蜷缩的{feet_s}。
1267,feet,0,CVP_A2_T|131_E_1&CVP_A2_T|106_E_1&CVP_A2_S|0_GE_1000&CVP_A2_S|0_L_12000,娇巧白净足背光滑足弓挺拔姿态优美，触感细腻且敏感颤抖的{feet_s}。
1268,feet,0,CVP_A2_T|131_E_1&CVP_A2_T|106_E_1&CVP_A2_S|0_GE_1000&CVP_A2_S|0_L_12000,小巧柔软肤若凝脂泛着成熟的肉感光泽，轻触便忍不住发颤的{feet_s}。
1269,feet,0,CVP_A2_T|131_E_1&CVP_A2_T|106_E_1&CVP_A2_S|0_GE_1000&CVP_A2_S|0_L_12000,玲珑精致肌肤柔嫩保养良好散发诱人香气，敏感战栗不止的{feet_s}。

1270,feet,0,CVP_A2_T|131_E_1&CVP_A2_T|106_E_1&CVP_A2_S|0_GE_12000&CVP_A2_S|0_L_90000,娇小精致因久经岁月仍白嫩细腻，触碰时立刻颤抖痉挛的{feet_s}。
1271,feet,0,CVP_A2_T|131_E_1&CVP_A2_T|106_E_1&CVP_A2_S|0_GE_12000&CVP_A2_S|0_L_90000,纤小玲珑却因成熟保养而嫩滑诱人，敏感到轻触就湿润的{feet_s}。
1272,feet,0,CVP_A2_T|131_E_1&CVP_A2_T|106_E_1&CVP_A2_S|0_GE_12000&CVP_A2_S|0_L_90000,敏感到极点一碰就高潮痉挛的小巧足弓，白嫩细腻的{feet_s}。
1273,feet,0,CVP_A2_T|131_E_1&CVP_A2_T|106_E_1&CVP_A2_S|0_GE_12000&CVP_A2_S|0_L_90000,小而精致的成熟足弓上肉感饱满，敏感得颤抖不止的{feet_s}。
1274,feet,0,CVP_A2_T|131_E_1&CVP_A2_T|106_E_1&CVP_A2_S|0_GE_12000&CVP_A2_S|0_L_90000,成熟保养得当白皙如玉的小巧脚背，触碰就潮吹的{feet_s}。
1275,feet,0,CVP_A2_T|131_E_1&CVP_A2_T|106_E_1&CVP_A2_S|0_GE_12000&CVP_A2_S|0_L_90000,丰腴成熟却依然纤小的足底泛着淫靡粉红，极度敏感的{feet_s}。
1276,feet,0,CVP_A2_T|131_E_1&CVP_A2_T|106_E_1&CVP_A2_S|0_GE_12000&CVP_A2_S|0_L_90000,小巧玲珑的脚趾敏感到仅靠抚摸就抽搐，熟女特有的{feet_s}。
1277,feet,0,CVP_A2_T|131_E_1&CVP_A2_T|106_E_1&CVP_A2_S|0_GE_12000&CVP_A2_S|0_L_90000,保养极好的纤细足踝因快感而微微颤栗，娇小诱人的{feet_s}。
1278,feet,0,CVP_A2_T|131_E_1&CVP_A2_T|106_E_1&CVP_A2_S|0_GE_12000&CVP_A2_S|0_L_90000,娇小的成熟足弓紧绷着因快感而泛红，敏感得一碰就高潮的{feet_s}。
1279,feet,0,CVP_A2_T|131_E_1&CVP_A2_T|106_E_1&CVP_A2_S|0_GE_12000&CVP_A2_S|0_L_90000,小而精致的足底柔嫩却因敏感而持续抽搐，泛着淫乱红晕的{feet_s}。

1280,feet,0,CVP_A2_T|131_E_1&CVP_A2_T|106_E_1&CVP_A2_S|0_GE_90000,精致小巧泛着熟女特有的细腻光泽肤质滑腻，轻触即剧烈痉挛抽搐的{feet_s}。
1281,feet,0,CVP_A2_T|131_E_1&CVP_A2_T|106_E_1&CVP_A2_S|0_GE_90000,纤细娇嫩肌肤布满了淫靡的情欲汗珠，指尖稍一划过便颤抖不止的{feet_s}。
1282,feet,0,CVP_A2_T|131_E_1&CVP_A2_T|106_E_1&CVP_A2_S|0_GE_90000,玲珑可爱的小巧脚掌被熟女的情欲浸透，敏感程度不可思议的{feet_s}。
1283,feet,0,CVP_A2_T|131_E_1&CVP_A2_T|106_E_1&CVP_A2_S|0_GE_90000,成熟小巧足弓优美弧度诱人，皮肤滑腻透红触碰即爆发绝顶快感的{feet_s}。
1284,feet,0,CVP_A2_T|131_E_1&CVP_A2_T|106_E_1&CVP_A2_S|0_GE_90000,精巧柔软的脚背沾满淫靡汗水，敏感得随意轻抚就高潮不断的{feet_s}。
1285,feet,0,CVP_A2_T|131_E_1&CVP_A2_T|106_E_1&CVP_A2_S|0_GE_90000,娇小玲珑脚趾痉挛蜷缩连连，熟女肌肤敏感到让人无法置信的{feet_s}。
1286,feet,0,CVP_A2_T|131_E_1&CVP_A2_T|106_E_1&CVP_A2_S|0_GE_90000,纤细圆润足底肤质光滑细腻油亮，每一寸肌肤都在颤抖渴望着的{feet_s}。
1287,feet,0,CVP_A2_T|131_E_1&CVP_A2_T|106_E_1&CVP_A2_S|0_GE_90000,成熟精致的足弓紧绷着优美线条，敏感透顶轻触便浑身抽搐的{feet_s}。
1288,feet,0,CVP_A2_T|131_E_1&CVP_A2_T|106_E_1&CVP_A2_S|0_GE_90000,小巧白嫩泛着情欲红晕的脚掌肉垫饱满，被快感完全支配控制的{feet_s}。
1289,feet,0,CVP_A2_T|131_E_1&CVP_A2_T|106_E_1&CVP_A2_S|0_GE_90000,玲珑柔嫩脚背滑腻透出粉红光泽，敏感到稍有触碰便无法承受的{feet_s}。

1290,feet,0,CVP_A2_T|131_E_1&CVP_A2_T|107_E_1&CVP_A2_A|0_LE_3,娇小精巧的脚掌光滑如玉，虽皮肤感度不高却难掩已婚少妇特有成熟韵味的{feet_s}。
1291,feet,0,CVP_A2_T|131_E_1&CVP_A2_T|107_E_1&CVP_A2_A|0_LE_3,人妻纤细的小脚虽对触碰反应有限，但白嫩柔软的足背透着背德的诱惑气息的{feet_s}。
1292,feet,0,CVP_A2_T|131_E_1&CVP_A2_T|107_E_1&CVP_A2_A|0_LE_3,玲珑小巧的脚趾弯曲着，已婚身份加上触感迟钝让这双脚更添禁忌魅力的{feet_s}。
1293,feet,0,CVP_A2_T|131_E_1&CVP_A2_T|107_E_1&CVP_A2_A|0_LE_3,已为人妻却感度迟钝的小脚粉嫩诱人，细腻足弓配上精巧脚型让人遐想的{feet_s}。
1294,feet,0,CVP_A2_T|131_E_1&CVP_A2_T|107_E_1&CVP_A2_A|0_LE_3,娇小如少女般的脚掌属于人妻身体，皮肤虽反应迟钝却更显背德刺激的{feet_s}。
1295,feet,0,CVP_A2_T|131_E_1&CVP_A2_T|107_E_1&CVP_A2_A|0_LE_3,柔嫩细腻的小巧脚背带着成熟人妻体香，感度虽低却散发致命诱惑的{feet_s}。
1296,feet,0,CVP_A2_T|131_E_1&CVP_A2_T|107_E_1&CVP_A2_A|0_LE_3,精致玲珑的脚趾虽对刺激感知迟缓，人妻身份却让这双小脚格外撩人的{feet_s}。
1297,feet,0,CVP_A2_T|131_E_1&CVP_A2_T|107_E_1&CVP_A2_A|0_LE_3,白皙小巧的足弓弧度诱人，已婚少妇的玉足皮肤虽不敏感却背德气息浓郁的{feet_s}。
1298,feet,0,CVP_A2_T|131_E_1&CVP_A2_T|107_E_1&CVP_A2_A|0_LE_3,人妻纤嫩的小脚触感迟钝却依然温热细腻，精巧脚型透出成熟妖艳的{feet_s}。
1299,feet,0,CVP_A2_T|131_E_1&CVP_A2_T|107_E_1&CVP_A2_A|0_LE_3,娇小如幼童般的玉足属于已婚人妻，虽感度低但细腻白嫩更添背德快感的{feet_s}。

1300,feet,0,CVP_A2_T|131_E_1&CVP_A2_T|107_E_1&CVP_A2_A|0_G_3&CVP_A2_A|0_LE_6,娇小玲珑透着人妻独有的成熟韵味，触感细腻柔嫩让人欲罢不能的{feet_s}。
1301,feet,0,CVP_A2_T|131_E_1&CVP_A2_T|107_E_1&CVP_A2_A|0_G_3&CVP_A2_A|0_LE_6,纤巧精致的足弓泛着成熟诱惑，肌肤敏感得一碰就轻颤的{feet_s}。
1302,feet,0,CVP_A2_T|131_E_1&CVP_A2_T|107_E_1&CVP_A2_A|0_G_3&CVP_A2_A|0_LE_6,白嫩光滑的小巧脚掌散发着人妻体香，触摸时会不自觉蜷缩的{feet_s}。
1303,feet,0,CVP_A2_T|131_E_1&CVP_A2_T|107_E_1&CVP_A2_A|0_G_3&CVP_A2_A|0_LE_6,玲珑小巧却带着已婚少妇的妩媚气息，稍一抚摸就颤抖不止的{feet_s}。
1304,feet,0,CVP_A2_T|131_E_1&CVP_A2_T|107_E_1&CVP_A2_A|0_G_3&CVP_A2_A|0_LE_6,精巧细嫩的足心泛着微红，摩擦时能感受到人妻敏感战栗的{feet_s}。
1305,feet,0,CVP_A2_T|131_E_1&CVP_A2_T|107_E_1&CVP_A2_A|0_G_3&CVP_A2_A|0_LE_6,小巧可爱的脚趾透着成熟风韵，肌肤被触碰就泛起阵阵酥麻的{feet_s}。
1306,feet,0,CVP_A2_T|131_E_1&CVP_A2_T|107_E_1&CVP_A2_A|0_G_3&CVP_A2_A|0_LE_6,纤小柔嫩的脚背带着人妻特有的娇羞，每次触摸都会微微发颤的{feet_s}。
1307,feet,0,CVP_A2_T|131_E_1&CVP_A2_T|107_E_1&CVP_A2_A|0_G_3&CVP_A2_A|0_LE_6,娇嫩细致的小足散发着少妇成熟气息，轻抚即能引发愉悦呻吟的{feet_s}。
1308,feet,0,CVP_A2_T|131_E_1&CVP_A2_T|107_E_1&CVP_A2_A|0_G_3&CVP_A2_A|0_LE_6,小巧玉足透着已婚妇人的妖娆韵味，肌肤敏感得碰触就发出喘息的{feet_s}。
1309,feet,0,CVP_A2_T|131_E_1&CVP_A2_T|107_E_1&CVP_A2_A|0_G_3&CVP_A2_A|0_LE_6,精致娇小的足弓带着人妻背德气息，每次摩擦都酥麻难耐忍不住颤抖的{feet_s}。

1310,feet,0,CVP_A2_T|131_E_1&CVP_A2_T|107_E_1&CVP_A2_A|0_G_6,人妻特有的成熟肌理配上娇小玲珑的尺寸，稍微触碰便会忍不住酥软发麻的{feet_s}。
1311,feet,0,CVP_A2_T|131_E_1&CVP_A2_T|107_E_1&CVP_A2_A|0_G_6,已为人妻却依然保有少女般精致细嫩，轻轻抚摸便会兴奋颤抖的敏感小巧的{feet_s}。
1312,feet,0,CVP_A2_T|131_E_1&CVP_A2_T|107_E_1&CVP_A2_A|0_G_6,带着已婚少妇特有的成熟韵味，纤细娇嫩且对任何触碰都极度敏感的精巧{feet_s}。
1313,feet,0,CVP_A2_T|131_E_1&CVP_A2_T|107_E_1&CVP_A2_A|0_G_6,皮肤敏感到呼吸轻轻吹拂便浑身酥麻，小巧精致充满人妻韵味的白嫩{feet_s}。
1314,feet,0,CVP_A2_T|131_E_1&CVP_A2_T|107_E_1&CVP_A2_A|0_G_6,精巧细腻带着人妻独有的柔软温热，稍一触碰便颤抖不止的高敏感娇小{feet_s}。
1315,feet,0,CVP_A2_T|131_E_1&CVP_A2_T|107_E_1&CVP_A2_A|0_G_6,已嫁作人妻却仍是小小一只可握于掌心，极致敏感轻碰即酥的细腻{feet_s}。
1316,feet,0,CVP_A2_T|131_E_1&CVP_A2_T|107_E_1&CVP_A2_A|0_G_6,人妻的成熟气质与少女般娇小形成反差，轻揉便酥软无力的滑嫩敏感{feet_s}。
1317,feet,0,CVP_A2_T|131_E_1&CVP_A2_T|107_E_1&CVP_A2_A|0_G_6,皮肤细嫩到指尖轻轻划过就全身战栗，透着已婚少妇独特风韵的小巧{feet_s}。
1318,feet,0,CVP_A2_T|131_E_1&CVP_A2_T|107_E_1&CVP_A2_A|0_G_6,小巧玲珑散发着人妻特有的禁忌诱惑，敏感到轻拂便会止不住娇喘的{feet_s}。
1319,feet,0,CVP_A2_T|131_E_1&CVP_A2_T|107_E_1&CVP_A2_A|0_G_6,带着成熟人妻气息的娇小细嫩，稍有摩擦便会浑身颤抖失力的娇嫩敏感{feet_s}。

1320,feet,0,CVP_A2_T|131_E_1&CVP_A2_T|107_E_1&CVP_A2_S|0_L_1000,人妻纤巧玲珑的足弓微微泛红，皮肤细腻柔嫩带着淡淡骚热的{feet_s}。
1321,feet,0,CVP_A2_T|131_E_1&CVP_A2_T|107_E_1&CVP_A2_S|0_L_1000,小巧精致的脚掌微微发烫，肌肤白皙滑腻透着一丝敏感颤抖的{feet_s}。
1322,feet,0,CVP_A2_T|131_E_1&CVP_A2_T|107_E_1&CVP_A2_S|0_L_1000,已婚少妇娇小的玉足轻轻蜷缩，脚趾头粉嫩可爱微微颤动的{feet_s}。
1323,feet,0,CVP_A2_T|131_E_1&CVP_A2_T|107_E_1&CVP_A2_S|0_L_1000,背德人妻小巧柔软的脚背泛着薄汗，肤质细嫩光滑带着微热的{feet_s}。
1324,feet,0,CVP_A2_T|131_E_1&CVP_A2_T|107_E_1&CVP_A2_S|0_L_1000,纤小的足尖微微翘起，皮肉嫩滑发烫透露着隐约快感的{feet_s}。
1325,feet,0,CVP_A2_T|131_E_1&CVP_A2_T|107_E_1&CVP_A2_S|0_L_1000,人妻玲珑剔透的小脚丫子微微出汗，脚底板细腻柔滑的{feet_s}。
1326,feet,0,CVP_A2_T|131_E_1&CVP_A2_T|107_E_1&CVP_A2_S|0_L_1000,已为人妇的小巧脚踝微微颤栗，足跟圆润白嫩散发体温的{feet_s}。
1327,feet,0,CVP_A2_T|131_E_1&CVP_A2_T|107_E_1&CVP_A2_S|0_L_1000,偷情少妇娇小的脚掌皮肤绷紧，嫩肉微微泛粉透着骚痒的{feet_s}。
1328,feet,0,CVP_A2_T|131_E_1&CVP_A2_T|107_E_1&CVP_A2_S|0_L_1000,袖珍精巧的人妻玉足肤如凝脂，脚趾蜷曲透露出一丝快感的{feet_s}。
1329,feet,0,CVP_A2_T|131_E_1&CVP_A2_T|107_E_1&CVP_A2_S|0_L_1000,背德小脚细嫩滑腻微微发颤，足弓紧绷带着轻微酥麻战栗的{feet_s}。

1330,feet,0,CVP_A2_T|131_E_1&CVP_A2_T|102_E_1&CVP_A2_S|0_L_1000,娇小玲珑宛如婴儿般细嫩，指尖轻触便微微发颤泛起薄红的{feet_s}。
1331,feet,0,CVP_A2_T|131_E_1&CVP_A2_T|102_E_1&CVP_A2_S|0_L_1000,粉嫩稚幼犹如软糯年糕，轻抚时带着淡淡体温微微蜷缩的{feet_s}。
1332,feet,0,CVP_A2_T|131_E_1&CVP_A2_T|102_E_1&CVP_A2_S|0_L_1000,幼小白皙肉感十足滑腻诱人，稍加揉捏便紧张颤动的{feet_s}。
1333,feet,0,CVP_A2_T|131_E_1&CVP_A2_T|102_E_1&CVP_A2_S|0_L_1000,纤巧细嫩尚未发育完全，摩擦间泛着微弱酥麻的{feet_s}。
1334,feet,0,CVP_A2_T|131_E_1&CVP_A2_T|102_E_1&CVP_A2_S|0_L_1000,精致脚趾圆润饱满光滑如玉，触碰时不自觉蜷起轻颤的{feet_s}。
1335,feet,0,CVP_A2_T|131_E_1&CVP_A2_T|102_E_1&CVP_A2_S|0_L_1000,稚嫩足弓小巧弧度完美，爱抚时皮肤微微发烫泛红的{feet_s}。
1336,feet,0,CVP_A2_T|131_E_1&CVP_A2_T|102_E_1&CVP_A2_S|0_L_1000,软嫩幼足脚掌小得可以一手握住，轻柔抚弄即起微妙快感的{feet_s}。
1337,feet,0,CVP_A2_T|131_E_1&CVP_A2_T|102_E_1&CVP_A2_S|0_L_1000,肉嘟嘟的幼嫩小脚丫散发着奶香，揉捏时脚趾害羞蜷缩的{feet_s}。
1338,feet,0,CVP_A2_T|131_E_1&CVP_A2_T|102_E_1&CVP_A2_S|0_L_1000,娇俏玉足嫩滑细腻吹弹可破，轻触便全身微微战栗的{feet_s}。
1339,feet,0,CVP_A2_T|131_E_1&CVP_A2_T|102_E_1&CVP_A2_S|0_L_1000,小小脚趾粉红透嫩排列整齐，抚摸间带着浅浅酥痒的{feet_s}。

1340,feet,0,CVP_A2_T|131_E_1&CVP_A2_T|107_E_1&CVP_A2_S|0_GE_1000&CVP_A2_S|0_L_12000,娇小精致泛着红晕，因快感而微微颤抖的人妻{feet_s}。
1341,feet,0,CVP_A2_T|131_E_1&CVP_A2_T|107_E_1&CVP_A2_S|0_GE_1000&CVP_A2_S|0_L_12000,玲珑细嫩敏感至极，每次触碰都会蜷缩脚趾的小巧{feet_s}。
1342,feet,0,CVP_A2_T|131_E_1&CVP_A2_T|107_E_1&CVP_A2_S|0_GE_1000&CVP_A2_S|0_L_12000,足弓优美皮肤滑腻，轻抚便会引起阵阵战栗的粉嫩{feet_s}。
1343,feet,0,CVP_A2_T|131_E_1&CVP_A2_T|107_E_1&CVP_A2_S|0_GE_1000&CVP_A2_S|0_L_12000,脚掌细小足心嫣红，因高潮数次而变得极度敏感的{feet_s}。
1344,feet,0,CVP_A2_T|131_E_1&CVP_A2_T|107_E_1&CVP_A2_S|0_GE_1000&CVP_A2_S|0_L_12000,小巧玉足肌肤绯红，触碰便不自觉抽搐颤抖的娇嫩{feet_s}。
1345,feet,0,CVP_A2_T|131_E_1&CVP_A2_T|107_E_1&CVP_A2_S|0_GE_1000&CVP_A2_S|0_L_12000,纤细白嫩脚趾蜷曲，被快感浸透而敏感异常的精致{feet_s}。
1346,feet,0,CVP_A2_T|131_E_1&CVP_A2_T|107_E_1&CVP_A2_S|0_GE_1000&CVP_A2_S|0_L_12000,脚背光滑柔嫩泛红，稍加抚弄就会娇喘连连的小巧{feet_s}。
1347,feet,0,CVP_A2_T|131_E_1&CVP_A2_T|107_E_1&CVP_A2_S|0_GE_1000&CVP_A2_S|0_L_12000,足尖娇小肉感细腻，因多次绝顶而变得敏感难耐的{feet_s}。
1348,feet,0,CVP_A2_T|131_E_1&CVP_A2_T|107_E_1&CVP_A2_S|0_GE_1000&CVP_A2_S|0_L_12000,脚踝纤细皮肤嫩滑，任何触摸都能引发快感的玲珑{feet_s}。
1349,feet,0,CVP_A2_T|131_E_1&CVP_A2_T|107_E_1&CVP_A2_S|0_GE_1000&CVP_A2_S|0_L_12000,娇俏精巧足心微烫，已被调教到敏感至极的人妻{feet_s}。

1350,feet,0,CVP_A2_T|131_E_1&CVP_A2_T|107_E_1&CVP_A2_S|0_GE_12000&CVP_A2_S|0_L_90000,精致小巧的足弓微微颤抖泛着潮红，人妻的敏感肌肤稍触即酥软的{feet_s}。
1351,feet,0,CVP_A2_T|131_E_1&CVP_A2_T|107_E_1&CVP_A2_S|0_GE_12000&CVP_A2_S|0_L_90000,娇小玲珑的脚趾不住蜷曲，已婚少妇高度敏感的皮肤微微发颤的{feet_s}。
1352,feet,0,CVP_A2_T|131_E_1&CVP_A2_T|107_E_1&CVP_A2_S|0_GE_12000&CVP_A2_S|0_L_90000,纤巧白皙的足背泛着粉红，人妻肌肤敏感到轻抚便引发颤栗的{feet_s}。
1353,feet,0,CVP_A2_T|131_E_1&CVP_A2_T|107_E_1&CVP_A2_S|0_GE_12000&CVP_A2_S|0_L_90000,细腻光滑的小足肌肤紧绷发烫，已婚人妻稍被触碰便酥麻难耐的{feet_s}。
1354,feet,0,CVP_A2_T|131_E_1&CVP_A2_T|107_E_1&CVP_A2_S|0_GE_12000&CVP_A2_S|0_L_90000,娇嫩精致的脚掌微颤着渗出薄汗，人妻皮肤敏感至极轻触即软的{feet_s}。
1355,feet,0,CVP_A2_T|131_E_1&CVP_A2_T|107_E_1&CVP_A2_S|0_GE_12000&CVP_A2_S|0_L_90000,小巧可爱的脚趾不停抽搐蜷缩，背德人妻的肌肤敏感到发抖的{feet_s}。
1356,feet,0,CVP_A2_T|131_E_1&CVP_A2_T|107_E_1&CVP_A2_S|0_GE_12000&CVP_A2_S|0_L_90000,柔软细滑的小足泛着高热潮红，已婚少妇极度敏感的肌肤战栗着的{feet_s}。
1357,feet,0,CVP_A2_T|131_E_1&CVP_A2_T|107_E_1&CVP_A2_S|0_GE_12000&CVP_A2_S|0_L_90000,玲珑纤细的足心颤抖不止，人妻高度敏感的皮肤泛起层层酥痒的{feet_s}。
1358,feet,0,CVP_A2_T|131_E_1&CVP_A2_T|107_E_1&CVP_A2_S|0_GE_12000&CVP_A2_S|0_L_90000,娇俏白嫩的脚背上青筋微凸，背德妻子过度敏感的肌肤滚烫发颤的{feet_s}。
1359,feet,0,CVP_A2_T|131_E_1&CVP_A2_T|107_E_1&CVP_A2_S|0_GE_12000&CVP_A2_S|0_L_90000,精巧敏感的小脚微微抽动汗湿黏腻，人妻肌肤触电般战栗不停的{feet_s}。
1360,feet,0,CVP_A2_T|131_E_1&CVP_A2_T|107_E_1&CVP_A2_S|0_GE_90000,人妻娇小玲珑白嫩足肌敏感到不可思议的地步，微微触碰便不住颤抖的{feet_s}。
1361,feet,0,CVP_A2_T|131_E_1&CVP_A2_T|107_E_1&CVP_A2_S|0_GE_90000,已婚人妻精致小巧敏感度超乎常人的粉嫩足部，只要轻轻接触便剧烈抽搐的{feet_s}。
1362,feet,0,CVP_A2_T|131_E_1&CVP_A2_T|107_E_1&CVP_A2_S|0_GE_90000,骚浪人妻娇小光滑的足踝肌肤敏感至极，只是气息轻拂也能引发颤栗的{feet_s}。
1363,feet,0,CVP_A2_T|131_E_1&CVP_A2_T|107_E_1&CVP_A2_S|0_GE_90000,背德人妻精巧绵软的小脚丫敏感到超限，轻抚便酥软无力足趾蜷缩的{feet_s}。
1364,feet,0,CVP_A2_T|131_E_1&CVP_A2_T|107_E_1&CVP_A2_S|0_GE_90000,人妻白皙细嫩的小巧足弓因极度敏感而颤抖不止，触碰即高潮痉挛的{feet_s}。
1365,feet,0,CVP_A2_T|131_E_1&CVP_A2_T|107_E_1&CVP_A2_S|0_GE_90000,已为人妻的精致娇小玉足肌肤敏感超限，哪怕轻触也令其不断抽搐的{feet_s}。
1366,feet,0,CVP_A2_T|131_E_1&CVP_A2_T|107_E_1&CVP_A2_S|0_GE_90000,婬荡人妻娇小紧致的足底肌肤敏感得让人惊叹，稍微摩挲就抖动不止的{feet_s}。
1367,feet,0,CVP_A2_T|131_E_1&CVP_A2_T|107_E_1&CVP_A2_S|0_GE_90000,肉欲人妻玲珑剔透的精巧足尖皮肤极度敏感，触摸即引发全身抽搐的{feet_s}。
1368,feet,0,CVP_A2_T|131_E_1&CVP_A2_T|107_E_1&CVP_A2_S|0_GE_90000,发情人妻小巧粉白的足背光滑如凝脂般诱人，敏感到气息拂过便痉挛的{feet_s}。
1369,feet,0,CVP_A2_T|131_E_1&CVP_A2_T|107_E_1&CVP_A2_S|0_GE_90000,人妻柔嫩精致的娇小脚趾敏感程度超越极限，稍加触碰就不住颤动的{feet_s}。

1370,feet,0,CVP_A2_T|131_E_1&target_is_player_daughter&CVP_A2_A|0_LE_3,娇小玲珑如瓷器般精致细腻，散发着女儿特有的稚嫩奶香的{feet_s}。
1371,feet,0,CVP_A2_T|131_E_1&target_is_player_daughter&CVP_A2_A|0_LE_3,纤细白嫩的小巧脚掌带着淡淡体温，触感柔软得令父亲心痒难耐的{feet_s}。
1372,feet,0,CVP_A2_T|131_E_1&target_is_player_daughter&CVP_A2_A|0_LE_3,玲珑可爱的足弓弧度完美，皮肤细腻得宛如刚出浴的少女的{feet_s}。
1373,feet,0,CVP_A2_T|131_E_1&target_is_player_daughter&CVP_A2_A|0_LE_3,精巧的脚趾排列整齐粉嫩诱人，带着女儿身上独有的纯净气息的{feet_s}。
1374,feet,0,CVP_A2_T|131_E_1&target_is_player_daughter&CVP_A2_A|0_LE_3,小巧脚背光滑如绸缎般细腻，虽然皮肤反应迟钝却依旧让人垂涎的{feet_s}。
1375,feet,0,CVP_A2_T|131_E_1&target_is_player_daughter&CVP_A2_A|0_LE_3,娇嫩的足心柔软细滑带着微微体温，是父亲最想亵玩的禁忌部位的{feet_s}。
1376,feet,0,CVP_A2_T|131_E_1&target_is_player_daughter&CVP_A2_A|0_LE_3,纤小的脚踝线条优美精致，皮肤白皙细腻得仿佛吹弹可破的{feet_s}。
1377,feet,0,CVP_A2_T|131_E_1&target_is_player_daughter&CVP_A2_A|0_LE_3,粉嫩玲珑的足尖娇小可爱，虽感度不高却仍散发着少女诱惑的{feet_s}。
1378,feet,0,CVP_A2_T|131_E_1&target_is_player_daughter&CVP_A2_A|0_LE_3,细嫩脚掌小得刚好盈握，带着女儿身体特有的清甜体香的{feet_s}。
1379,feet,0,CVP_A2_T|131_E_1&target_is_player_daughter&CVP_A2_A|0_LE_3,白皙娇小的玉足精巧如艺术品，肌肤细腻触感温软让人爱不释手的{feet_s}。
1380,feet,0,CVP_A2_T|131_E_1&target_is_player_daughter&CVP_A2_A|0_G_3&CVP_A2_A|0_LE_6,精致娇小仿若掌心可爱玩物般粉嫩水润，触感柔滑细腻敏感度极高的{feet_s}。
1381,feet,0,CVP_A2_T|131_E_1&target_is_player_daughter&CVP_A2_A|0_G_3&CVP_A2_A|0_LE_6,玲珑小巧皮肤白皙中透着诱人的淡淡粉红，柔嫩温热带着少女体温的{feet_s}。
1382,feet,0,CVP_A2_T|131_E_1&target_is_player_daughter&CVP_A2_A|0_G_3&CVP_A2_A|0_LE_6,脚背纤薄足弓精致弧线柔美绸缎般嫩滑，散发着女儿身上特有甜香的{feet_s}。
1383,feet,0,CVP_A2_T|131_E_1&target_is_player_daughter&CVP_A2_A|0_G_3&CVP_A2_A|0_LE_6,脚趾小巧根根圆润粉嫩宛如豆蔻含苞初绽，柔软得可以包裹所有物体的{feet_s}。
1384,feet,0,CVP_A2_T|131_E_1&target_is_player_daughter&CVP_A2_A|0_G_3&CVP_A2_A|0_LE_6,足弓娇小曲线优美足心如凝冻般细滑白嫩，散发着清淡的少女体香的{feet_s}。
1385,feet,0,CVP_A2_T|131_E_1&target_is_player_daughter&CVP_A2_A|0_G_3&CVP_A2_A|0_LE_6,娇小玲珑精致得令人爱不释手的细嫩雪白，触感温热如棉花般柔软的{feet_s}。
1386,feet,0,CVP_A2_T|131_E_1&target_is_player_daughter&CVP_A2_A|0_G_3&CVP_A2_A|0_LE_6,纤小精致肌肤粉白宛如豆腐般细滑水嫩，轻轻触碰就会慢慢泛红的{feet_s}。
1387,feet,0,CVP_A2_T|131_E_1&target_is_player_daughter&CVP_A2_A|0_G_3&CVP_A2_A|0_LE_6,脚掌娇小柔软细腻带着少女特有芬芳体温，触感如同上好丝绸般顺滑的{feet_s}。
1388,feet,0,CVP_A2_T|131_E_1&target_is_player_daughter&CVP_A2_A|0_G_3&CVP_A2_A|0_LE_6,小巧肉嘟嘟粉扑扑仿若幼兽软垫般温润柔软，轻触便能感受敏感温热的{feet_s}。
1389,feet,0,CVP_A2_T|131_E_1&target_is_player_daughter&CVP_A2_A|0_G_3&CVP_A2_A|0_LE_6,精巧如羊脂美玉般雪白滑嫩诱人令人垂涎，敏感度适中会随触碰泛红的{feet_s}。
1390,feet,0,CVP_A2_T|131_E_1&target_is_player_daughter&CVP_A2_A|0_G_6,小巧精致纤细白嫩，仅仅轻触便敏感得微微颤抖，脚趾蜷缩抽搐的女儿的{feet_s}。
1391,feet,0,CVP_A2_T|131_E_1&target_is_player_daughter&CVP_A2_A|0_G_6,娇小玲珑细嫩粉红，皮肤敏感至极稍稍摩擦就止不住痉挛的亲生女儿的{feet_s}。
1392,feet,0,CVP_A2_T|131_E_1&target_is_player_daughter&CVP_A2_A|0_G_6,精致柔滑触感绵密，被父亲抚摸就羞耻地蜷起脚趾不断发抖的女儿的{feet_s}。
1393,feet,0,CVP_A2_T|131_E_1&target_is_player_daughter&CVP_A2_A|0_G_6,纤小白皙敏感至极，只是轻轻舔弄脚心就让她淫叫不止的亲生女儿的{feet_s}。
1394,feet,0,CVP_A2_T|131_E_1&target_is_player_daughter&CVP_A2_A|0_G_6,小巧敏感不住颤抖，爸爸舔舐脚趾就忍不住扭动呻吟的乱伦女儿的{feet_s}。
1395,feet,0,CVP_A2_T|131_E_1&target_is_player_daughter&CVP_A2_A|0_G_6,精巧粉嫩柔软细滑，被父亲握住就全身泛红发颤难以自持的女儿的{feet_s}。
1396,feet,0,CVP_A2_T|131_E_1&target_is_player_daughter&CVP_A2_A|0_G_6,娇小白净触感细腻，稍稍揉捏脚掌心就令她淫水泛滥瘫软的女儿的{feet_s}。
1397,feet,0,CVP_A2_T|131_E_1&target_is_player_daughter&CVP_A2_A|0_G_6,纤细可爱敏感异常，父亲吮吸脚趾便让她浑身酥麻直流淫水的女儿的{feet_s}。
1398,feet,0,CVP_A2_T|131_E_1&target_is_player_daughter&CVP_A2_A|0_G_6,小巧玲珑滑嫩细腻，碰触皮肤便敏感得浑身战栗甜叫不断的女儿的{feet_s}。
1399,feet,0,CVP_A2_T|131_E_1&target_is_player_daughter&CVP_A2_A|0_G_6,精致细小粉白娇嫩，被父亲爱抚玩弄就发出淫荡呻吟的亲生女儿的{feet_s}。

1400,feet,0,CVP_A2_T|131_E_1&target_is_player_daughter&CVP_A2_S|0_L_1000,娇小玲珑如同珍宝般精致细腻，带着女儿特有的软嫩触感因快感而轻颤的{feet_s}
1401,feet,0,CVP_A2_T|131_E_1&target_is_player_daughter&CVP_A2_S|0_L_1000,纤细白皙宛如瓷器般光滑剔透，因父亲的爱抚而微微泛红敏感颤动的{feet_s}
1402,feet,0,CVP_A2_T|131_E_1&target_is_player_daughter&CVP_A2_S|0_L_1000,小巧稚嫩的足弓精致可爱，被亲生父亲抚摸时因酥麻感而脚趾蜷缩的{feet_s}
1403,feet,0,CVP_A2_T|131_E_1&target_is_player_daughter&CVP_A2_S|0_L_1000,柔软细滑散发着少女特有的体香，因父亲的触碰而产生轻微快感的{feet_s}
1404,feet,0,CVP_A2_T|131_E_1&target_is_player_daughter&CVP_A2_S|0_L_1000,粉嫩娇小仿佛能握在掌心，承受父亲抚摸时微微颤抖泛起红晕的{feet_s}
1405,feet,0,CVP_A2_T|131_E_1&target_is_player_daughter&CVP_A2_S|0_L_1000,玲珑剔透的脚趾排列整齐，因父亲的爱抚而皮肤泛起淡淡酥麻感的{feet_s}
1406,feet,0,CVP_A2_T|131_E_1&target_is_player_daughter&CVP_A2_S|0_L_1000,娇嫩敏感的足心光滑细腻，被父亲指尖划过时忍不住轻颤的{feet_s}
1407,feet,0,CVP_A2_T|131_E_1&target_is_player_daughter&CVP_A2_S|0_L_1000,精巧可爱的小脚散发稚嫩气息，在父亲的掌心中因快感而微微抽搐的{feet_s}
1408,feet,0,CVP_A2_T|131_E_1&target_is_player_daughter&CVP_A2_S|0_L_1000,纤小柔滑的脚背如丝绸般细腻，承受父亲爱抚时皮肤感到轻微酥痒的{feet_s}
1409,feet,0,CVP_A2_T|131_E_1&target_is_player_daughter&CVP_A2_S|0_L_1000,稚嫩娇小的足踝线条优美，因父亲的触碰而产生微弱快感轻轻发颤的{feet_s}

1410,feet,0,CVP_A2_T|131_E_1&target_is_player_daughter&CVP_A2_S|0_GE_1000&CVP_A2_S|0_L_12000,娇小玲珑泛着敏感粉红，因快感而微微颤抖蜷缩的女儿的{feet_s}。
1411,feet,0,CVP_A2_T|131_E_1&target_is_player_daughter&CVP_A2_S|0_GE_1000&CVP_A2_S|0_L_12000,小巧细嫩被父亲玩弄得潮红湿润，脚趾敏感紧绷的女儿的{feet_s}。
1412,feet,0,CVP_A2_T|131_E_1&target_is_player_daughter&CVP_A2_S|0_GE_1000&CVP_A2_S|0_L_12000,精致粉嫩足弓微微颤动，因多次高潮变得格外敏感的女儿的{feet_s}。
1413,feet,0,CVP_A2_T|131_E_1&target_is_player_daughter&CVP_A2_S|0_GE_1000&CVP_A2_S|0_L_12000,纤细白皙泛着淫靡红晕，触碰便抖个不停的女儿的小巧{feet_s}。
1414,feet,0,CVP_A2_T|131_E_1&target_is_player_daughter&CVP_A2_S|0_GE_1000&CVP_A2_S|0_L_12000,柔嫩光滑被爱抚至敏感潮湿，脚踝微微泛红的女儿娇小的{feet_s}。
1415,feet,0,CVP_A2_T|131_E_1&target_is_player_daughter&CVP_A2_S|0_GE_1000&CVP_A2_S|0_L_12000,玲珑剔透足心泛着情欲粉色，被父亲揉弄得酥麻难耐的女儿的{feet_s}。
1416,feet,0,CVP_A2_T|131_E_1&target_is_player_daughter&CVP_A2_S|0_GE_1000&CVP_A2_S|0_L_12000,小巧柔软的脚掌因快感而蜷缩，脚趾紧绷颤抖着的女儿的{feet_s}。
1417,feet,0,CVP_A2_T|131_E_1&target_is_player_daughter&CVP_A2_S|0_GE_1000&CVP_A2_S|0_L_12000,细腻紧致足弓高高拱起，因皮肤敏感而不断抽搐的女儿的{feet_s}。
1418,feet,0,CVP_A2_T|131_E_1&target_is_player_daughter&CVP_A2_S|0_GE_1000&CVP_A2_S|0_L_12000,粉嫩娇小的脚背泛着红潮，被摩擦得湿润发烫的女儿的{feet_s}。
1419,feet,0,CVP_A2_T|131_E_1&target_is_player_daughter&CVP_A2_S|0_GE_1000&CVP_A2_S|0_L_12000,精巧细嫩被揉捏至酥软无力，脚趾敏感地轻轻蜷起的女儿的{feet_s}。

1420,feet,0,CVP_A2_T|131_E_1&target_is_player_daughter&CVP_A2_S|0_GE_12000&CVP_A2_S|0_L_90000,娇小玲珑敏感到极点，稍触便剧烈颤抖痉挛的{feet_s}。
1421,feet,0,CVP_A2_T|131_E_1&target_is_player_daughter&CVP_A2_S|0_GE_12000&CVP_A2_S|0_L_90000,纤小细嫩如少女般精致，轻抚即高潮痉挛的{feet_s}。
1422,feet,0,CVP_A2_T|131_E_1&target_is_player_daughter&CVP_A2_S|0_GE_12000&CVP_A2_S|0_L_90000,粉嫩光滑小巧诱人，触碰便浑身酥麻颤栗的{feet_s}。
1423,feet,0,CVP_A2_T|131_E_1&target_is_player_daughter&CVP_A2_S|0_GE_12000&CVP_A2_S|0_L_90000,柔嫩精巧脚趾蜷缩，敏感到一摸就抽搐的{feet_s}。
1424,feet,0,CVP_A2_T|131_E_1&target_is_player_daughter&CVP_A2_S|0_GE_12000&CVP_A2_S|0_L_90000,细腻滑嫩足弓微颤，被亲近时不住痉挛的{feet_s}。
1425,feet,0,CVP_A2_T|131_E_1&target_is_player_daughter&CVP_A2_S|0_GE_12000&CVP_A2_S|0_L_90000,白皙娇嫩小巧玲珑，稍加抚弄便全身颤抖的{feet_s}。
1426,feet,0,CVP_A2_T|131_E_1&target_is_player_daughter&CVP_A2_S|0_GE_12000&CVP_A2_S|0_L_90000,精致秀美敏感异常，轻舔便脚趾蜷紧的{feet_s}。
1427,feet,0,CVP_A2_T|131_E_1&target_is_player_daughter&CVP_A2_S|0_GE_12000&CVP_A2_S|0_L_90000,娇小柔软触感细腻，被玩弄时止不住痉挛的{feet_s}。
1428,feet,0,CVP_A2_T|131_E_1&target_is_player_daughter&CVP_A2_S|0_GE_12000&CVP_A2_S|0_L_90000,纤细粉嫩脚背微红，敏感到脚心也在抽搐的{feet_s}。
1429,feet,0,CVP_A2_T|131_E_1&target_is_player_daughter&CVP_A2_S|0_GE_12000&CVP_A2_S|0_L_90000,玲珑剔透足弓高耸，稍一触碰便浑身酥软的{feet_s}。

1430,feet,0,CVP_A2_T|131_E_1&target_is_player_daughter&CVP_A2_S|0_GE_90000,娇小玲珑敏感到极点，稍稍触碰便剧烈颤抖抽搐的{feet_s}。
1431,feet,0,CVP_A2_T|131_E_1&target_is_player_daughter&CVP_A2_S|0_GE_90000,精致纤巧肉感十足，轻轻一摸就止不住痉挛喷水的{feet_s}。
1432,feet,0,CVP_A2_T|131_E_1&target_is_player_daughter&CVP_A2_S|0_GE_90000,白嫩细腻如同豆腐，触碰瞬间就高潮绝顶不断的{feet_s}。
1433,feet,0,CVP_A2_T|131_E_1&target_is_player_daughter&CVP_A2_S|0_GE_90000,小巧粉嫩脚趾蜷缩，被玩弄就浑身酥麻抽搐的{feet_s}。
1434,feet,0,CVP_A2_T|131_E_1&target_is_player_daughter&CVP_A2_S|0_GE_90000,柔软细嫩足弓优美，稍加抚摸便潮吹不止的{feet_s}。
1435,feet,0,CVP_A2_T|131_E_1&target_is_player_daughter&CVP_A2_S|0_GE_90000,娇嫩光滑肤若凝脂，被把玩就高潮痉挛失禁的{feet_s}。
1436,feet,0,CVP_A2_T|131_E_1&target_is_player_daughter&CVP_A2_S|0_GE_90000,玲珑秀气脚尖粉红，肌肤接触便止不住颤栗的{feet_s}。
1437,feet,0,CVP_A2_T|131_E_1&target_is_player_daughter&CVP_A2_S|0_GE_90000,纤小娇柔足心微红，轻揉按压就痉挛抽搐的{feet_s}。
1438,feet,0,CVP_A2_T|131_E_1&target_is_player_daughter&CVP_A2_S|0_GE_90000,稚嫩精巧脚掌绵软，被舔舐便浑身战栗喷淫的{feet_s}。
1439,feet,0,CVP_A2_T|131_E_1&target_is_player_daughter&CVP_A2_S|0_GE_90000,细腻滑嫩小巧可爱，抚弄即刻高潮到痉挛的{feet_s}。

1440,feet,0,CVP_A2_T|131_E_1&CVP_A2_T|102_E_1&CVP_A2_S|0_GE_1000&CVP_A2_S|0_L_12000,娇小玲珑皮肤细嫩光滑，每次被触碰都敏感颤抖泛粉的{feet_s}。
1441,feet,0,CVP_A2_T|131_E_1&CVP_A2_T|102_E_1&CVP_A2_S|0_GE_1000&CVP_A2_S|0_L_12000,幼嫩白皙精致纤细柔滑，轻抚时便泛起诱人粉红光泽的{feet_s}。
1442,feet,0,CVP_A2_T|131_E_1&CVP_A2_T|102_E_1&CVP_A2_S|0_GE_1000&CVP_A2_S|0_L_12000,软滑柔嫩小巧可爱，稍加刺激就酥麻颤抖脚趾蜷起的{feet_s}。
1443,feet,0,CVP_A2_T|131_E_1&CVP_A2_T|102_E_1&CVP_A2_S|0_GE_1000&CVP_A2_S|0_L_12000,白嫩细腻足弓精致小巧，每次玩弄都敏感得蜷缩的{feet_s}。
1444,feet,0,CVP_A2_T|131_E_1&CVP_A2_T|102_E_1&CVP_A2_S|0_GE_1000&CVP_A2_S|0_L_12000,纤小玲珑肌肤光滑细腻，触感温热柔软极度敏感的{feet_s}。
1445,feet,0,CVP_A2_T|131_E_1&CVP_A2_T|102_E_1&CVP_A2_S|0_GE_1000&CVP_A2_S|0_L_12000,稚嫩粉红柔滑细腻，轻触便引发浑身颤栗快感的{feet_s}。
1446,feet,0,CVP_A2_T|131_E_1&CVP_A2_T|102_E_1&CVP_A2_S|0_GE_1000&CVP_A2_S|0_L_12000,小巧精致脚趾粉嫩滑润，触碰时敏感得微微蜷起的{feet_s}。
1447,feet,0,CVP_A2_T|131_E_1&CVP_A2_T|102_E_1&CVP_A2_S|0_GE_1000&CVP_A2_S|0_L_12000,幼小滑嫩白净无暇细腻，每次爱抚时都颤抖不止的{feet_s}。
1448,feet,0,CVP_A2_T|131_E_1&CVP_A2_T|102_E_1&CVP_A2_S|0_GE_1000&CVP_A2_S|0_L_12000,娇小敏感肌肤细嫩白皙，轻轻摩挲就泛起酥痒的{feet_s}。
1449,feet,0,CVP_A2_T|131_E_1&CVP_A2_T|102_E_1&CVP_A2_S|0_GE_1000&CVP_A2_S|0_L_12000,玲珑软嫩足心娇嫩粉红，抚摸时敏感地绷紧足弓的{feet_s}。

1450,feet,0,CVP_A2_T|132_E_1&CVP_A2_T|102_E_1&CVP_A2_A|0_LE_3,稚嫩小巧却出奇修长，皮肤触感虽然平淡但白嫩脚趾纤细如小葱般可爱诱人的{feet_s}。
1451,feet,0,CVP_A2_T|132_E_1&CVP_A2_T|102_E_1&CVP_A2_A|0_LE_3,幼小娇柔却意外纤长，肌肤低敏但脚背弧度柔美如白瓷般细腻光滑的{feet_s}。
1452,feet,0,CVP_A2_T|132_E_1&CVP_A2_T|102_E_1&CVP_A2_A|0_LE_3,未发育的娇小玉足却纤细修长，脚掌粉嫩光滑触感反应虽平淡却诱人的{feet_s}。
1453,feet,0,CVP_A2_T|132_E_1&CVP_A2_T|102_E_1&CVP_A2_A|0_LE_3,稚气未脱的修长小脚，皮肤敏感度虽低但脚趾白皙纤细排列整齐的{feet_s}。
1454,feet,0,CVP_A2_T|132_E_1&CVP_A2_T|102_E_1&CVP_A2_A|0_LE_3,小巧玲珑却线条优美修长，幼嫩肌肤触感低敏但脚弓弧度柔滑的{feet_s}。
1455,feet,0,CVP_A2_T|132_E_1&CVP_A2_T|102_E_1&CVP_A2_A|0_LE_3,幼女特有的娇小长足，肤质细腻低敏但脚背白嫩足弓高挺优雅的{feet_s}。
1456,feet,0,CVP_A2_T|132_E_1&CVP_A2_T|102_E_1&CVP_A2_A|0_LE_3,纤长稚嫩的幼小玉足，皮肤感度虽低但脚趾粉红可爱触感柔软的{feet_s}。
1457,feet,0,CVP_A2_T|132_E_1&CVP_A2_T|102_E_1&CVP_A2_A|0_LE_3,未成熟却修长的小脚丫，肌肤反应迟缓但脚掌光滑细嫩诱人心魄的{feet_s}。
1458,feet,0,CVP_A2_T|132_E_1&CVP_A2_T|102_E_1&CVP_A2_A|0_LE_3,幼嫩娇柔的纤长双足，触觉敏感度不高但脚踝纤细脚趾如玉般白皙的{feet_s}。
1459,feet,0,CVP_A2_T|132_E_1&CVP_A2_T|102_E_1&CVP_A2_A|0_LE_3,小小的却出奇修长，皮肤低敏但足弓优美脚背如白瓷般光洁诱人的{feet_s}。

1460,feet,0,CVP_A2_T|132_E_1&CVP_A2_T|102_E_1&CVP_A2_A|0_G_3&CVP_A2_A|0_LE_6,比同龄幼女更为修长却依然娇小稚嫩，触碰时微微颤动的白嫩的{feet_s}。
1461,feet,0,CVP_A2_T|132_E_1&CVP_A2_T|102_E_1&CVP_A2_A|0_G_3&CVP_A2_A|0_LE_6,肌肤细腻如婴儿般柔软，轻抚就会泛起淡淡粉色的修长幼嫩的{feet_s}。
1462,feet,0,CVP_A2_T|132_E_1&CVP_A2_T|102_E_1&CVP_A2_A|0_G_3&CVP_A2_A|0_LE_6,纤长脚趾稚嫩可爱，摩擦时能感受到皮肤适度敏感反应的小巧的{feet_s}。
1463,feet,0,CVP_A2_T|132_E_1&CVP_A2_T|102_E_1&CVP_A2_A|0_G_3&CVP_A2_A|0_LE_6,线条优美却尚未发育完全，稚嫩肌肤对刺激产生明显愉悦反应的{feet_s}。
1464,feet,0,CVP_A2_T|132_E_1&CVP_A2_T|102_E_1&CVP_A2_A|0_G_3&CVP_A2_A|0_LE_6,足弓弧度柔和稚气十足，轻轻揉捏便会因快感而蜷缩脚趾的幼小的{feet_s}。
1465,feet,0,CVP_A2_T|132_E_1&CVP_A2_T|102_E_1&CVP_A2_A|0_G_3&CVP_A2_A|0_LE_6,白嫩修长带着幼童特有的圆润，皮肤摩擦时泛起微微红晕的娇嫩的{feet_s}。
1466,feet,0,CVP_A2_T|132_E_1&CVP_A2_T|102_E_1&CVP_A2_A|0_G_3&CVP_A2_A|0_LE_6,脚背光滑细腻如绸缎般稚嫩，被抚弄时会舒适地伸展脚趾的纤长的{feet_s}。
1467,feet,0,CVP_A2_T|132_E_1&CVP_A2_T|102_E_1&CVP_A2_A|0_G_3&CVP_A2_A|0_LE_6,娇小玉足比例修长优雅，稚嫩肌肤被触碰时会微微发热的敏感的{feet_s}。
1468,feet,0,CVP_A2_T|132_E_1&CVP_A2_T|102_E_1&CVP_A2_A|0_G_3&CVP_A2_A|0_LE_6,脚掌柔软粉嫩尚带童真，轻揉便能让幼小身躯愉悦颤抖的稚嫩的{feet_s}。
1469,feet,0,CVP_A2_T|132_E_1&CVP_A2_T|102_E_1&CVP_A2_A|0_G_3&CVP_A2_A|0_LE_6,修长脚踝纤细稚嫩宛如瓷器，抚摸时皮肤产生适度快感反应的幼小的{feet_s}。

1470,feet,0,CVP_A2_T|132_E_1&CVP_A2_T|102_E_1&CVP_A2_A|0_G_6,修长纤细却有着幼童特有的圆润，轻轻触碰就会颤抖的{feet_s}。
1471,feet,0,CVP_A2_T|132_E_1&CVP_A2_T|102_E_1&CVP_A2_A|0_G_6,比例匀称线条优美却小巧稚嫩，摩擦时敏感得发抖的{feet_s}。
1472,feet,0,CVP_A2_T|132_E_1&CVP_A2_T|102_E_1&CVP_A2_A|0_G_6,纤长脚趾白嫩如玉柔软娇小，皮肤敏感到受不了刺激的{feet_s}。
1473,feet,0,CVP_A2_T|132_E_1&CVP_A2_T|102_E_1&CVP_A2_A|0_G_6,足弓优美弧度诱人却带着幼女的稚气，轻抚就瑟瑟发抖的{feet_s}。
1474,feet,0,CVP_A2_T|132_E_1&CVP_A2_T|102_E_1&CVP_A2_A|0_G_6,修长脚背粉嫩细腻触感绵软，稍微碰触就敏感颤栗的{feet_s}。
1475,feet,0,CVP_A2_T|132_E_1&CVP_A2_T|102_E_1&CVP_A2_A|0_G_6,线条流畅比例完美却娇小玲珑，极度敏感浑身酥麻的{feet_s}。
1476,feet,0,CVP_A2_T|132_E_1&CVP_A2_T|102_E_1&CVP_A2_A|0_G_6,优雅纤长却带着幼童的柔嫩肤质，触碰就引发战栗的{feet_s}。
1477,feet,0,CVP_A2_T|132_E_1&CVP_A2_T|102_E_1&CVP_A2_A|0_G_6,小巧玉足修长可爱脚趾粉嫩，皮肤敏感得无法抗拒的{feet_s}。
1478,feet,0,CVP_A2_T|132_E_1&CVP_A2_T|102_E_1&CVP_A2_A|0_G_6,脚踝纤细优美稚嫩白皙如雪，爱抚时敏感地不停抽搐的{feet_s}。
1479,feet,0,CVP_A2_T|132_E_1&CVP_A2_T|102_E_1&CVP_A2_A|0_G_6,足心柔软粉红有着幼女的娇嫩，触碰时敏感得浑身痉挛的{feet_s}。

1480,feet,0,CVP_A2_T|132_E_1&CVP_A2_T|102_E_1&CVP_A2_S|0_L_1000,纤长稚嫩的小脚丫泛着微红，娇嫩的肌肤在轻触下微微颤抖的{feet_s}。
1481,feet,0,CVP_A2_T|132_E_1&CVP_A2_T|102_E_1&CVP_A2_S|0_L_1000,修长如玉的幼小双足触感绵软，脚趾可爱地蜷缩着泛起淡淡红晕的{feet_s}。
1482,feet,0,CVP_A2_T|132_E_1&CVP_A2_T|102_E_1&CVP_A2_S|0_L_1000,小巧修长的足弓线条优美，娇嫩的脚背在爱抚中微微泛红发烫的{feet_s}。
1483,feet,0,CVP_A2_T|132_E_1&CVP_A2_T|102_E_1&CVP_A2_S|0_L_1000,纤细稚嫩的幼足肌肤细腻光滑，粉嫩的脚掌在触碰下轻轻颤动的{feet_s}。
1484,feet,0,CVP_A2_T|132_E_1&CVP_A2_T|102_E_1&CVP_A2_S|0_L_1000,修长娇小的玉足散发着奶香，幼嫩脚趾在轻抚时羞涩蜷缩着的{feet_s}。
1485,feet,0,CVP_A2_T|132_E_1&CVP_A2_T|102_E_1&CVP_A2_S|0_L_1000,比例匀称的小巧足弓弯成优美弧度，嫩滑的足心微微发热泛红的{feet_s}。
1486,feet,0,CVP_A2_T|132_E_1&CVP_A2_T|102_E_1&CVP_A2_S|0_L_1000,纤长幼嫩的小脚脚背白皙透粉，受刺激后轻颤着散发稚嫩体温的{feet_s}。
1487,feet,0,CVP_A2_T|132_E_1&CVP_A2_T|102_E_1&CVP_A2_S|0_L_1000,修长稚气的双足皮肤吹弹可破，粉红的脚踝在爱抚下微微颤动的{feet_s}。
1488,feet,0,CVP_A2_T|132_E_1&CVP_A2_T|102_E_1&CVP_A2_S|0_L_1000,幼嫩修长的小脚丫脚趾纤细可爱，嫩滑的肌肤触碰后微泛潮红的{feet_s}。
1489,feet,0,CVP_A2_T|132_E_1&CVP_A2_T|102_E_1&CVP_A2_S|0_L_1000,小巧纤长的玉足线条优美流畅，娇嫩足心在抚摸时轻轻发颤的{feet_s}。
1490,feet,0,CVP_A2_T|132_E_1&CVP_A2_T|102_E_1&CVP_A2_S|0_GE_1000&CVP_A2_S|0_L_12000,稚嫩修长泛着媚肉粉红，轻轻触碰便颤抖不止散发敏感奶香的{feet_s}。
1491,feet,0,CVP_A2_T|132_E_1&CVP_A2_T|102_E_1&CVP_A2_S|0_GE_1000&CVP_A2_S|0_L_12000,纤长白嫩敏感到微微发红，被爱抚时便无法抑制呻吟的幼嫩的{feet_s}。
1492,feet,0,CVP_A2_T|132_E_1&CVP_A2_T|102_E_1&CVP_A2_S|0_GE_1000&CVP_A2_S|0_L_12000,小巧却线条流畅，皮肤薄嫩敏感到一碰就发软颤栗的{feet_s}。
1493,feet,0,CVP_A2_T|132_E_1&CVP_A2_T|102_E_1&CVP_A2_S|0_GE_1000&CVP_A2_S|0_L_12000,修长稚嫩的足弓弧度优美，敏感肌肤已被快感染成淫靡粉色的{feet_s}。
1494,feet,0,CVP_A2_T|132_E_1&CVP_A2_T|102_E_1&CVP_A2_S|0_GE_1000&CVP_A2_S|0_L_12000,纤细嫩滑散发幼童奶香，敏感的足心碰触便蜷缩战栗的{feet_s}。
1495,feet,0,CVP_A2_T|132_E_1&CVP_A2_T|102_E_1&CVP_A2_S|0_GE_1000&CVP_A2_S|0_L_12000,白嫩修长带着幼态线条，敏感肌肤泛着情欲红潮的稚嫩的{feet_s}。
1496,feet,0,CVP_A2_T|132_E_1&CVP_A2_T|102_E_1&CVP_A2_S|0_GE_1000&CVP_A2_S|0_L_12000,娇小却意外纤长优雅，嫩肉被快感折磨得止不住痉挛颤抖的{feet_s}。
1497,feet,0,CVP_A2_T|132_E_1&CVP_A2_T|102_E_1&CVP_A2_S|0_GE_1000&CVP_A2_S|0_L_12000,幼嫩光滑足弓高挺，敏感皮肤被反复抚摸到发红发烫的{feet_s}。
1498,feet,0,CVP_A2_T|132_E_1&CVP_A2_T|102_E_1&CVP_A2_S|0_GE_1000&CVP_A2_S|0_L_12000,稚气修长的脚趾纤细可爱，敏感到稍微揉捏便浑身酥软的{feet_s}。
1499,feet,0,CVP_A2_T|132_E_1&CVP_A2_T|102_E_1&CVP_A2_S|0_GE_1000&CVP_A2_S|0_L_12000,嫩白纤长散发稚嫩奶香，被快感逼得敏感发颤的幼小的{feet_s}。

1500,feet,0,CVP_A2_T|132_E_1&CVP_A2_T|102_E_1&CVP_A2_S|0_GE_12000&CVP_A2_S|0_L_90000,稚嫩修长敏感到极点，轻轻触碰就剧烈颤抖泛红的{feet_s}。
1501,feet,0,CVP_A2_T|132_E_1&CVP_A2_T|102_E_1&CVP_A2_S|0_GE_12000&CVP_A2_S|0_L_90000,纤长白嫩高潮过多次，脚趾不受控制蜷缩又绷直的{feet_s}。
1502,feet,0,CVP_A2_T|132_E_1&CVP_A2_T|102_E_1&CVP_A2_S|0_GE_12000&CVP_A2_S|0_L_90000,幼小修长敏感异常，足弓弯成完美弧度微微抽搐的{feet_s}。
1503,feet,0,CVP_A2_T|132_E_1&CVP_A2_T|102_E_1&CVP_A2_S|0_GE_12000&CVP_A2_S|0_L_90000,娇小细长的皮肤泛着情欲粉红，任何抚摸都会痉挛的{feet_s}。
1504,feet,0,CVP_A2_T|132_E_1&CVP_A2_T|102_E_1&CVP_A2_S|0_GE_12000&CVP_A2_S|0_L_90000,稚嫩纤细已被快感彻底支配，脚背微微发汗发烫的{feet_s}。
1505,feet,0,CVP_A2_T|132_E_1&CVP_A2_T|102_E_1&CVP_A2_S|0_GE_12000&CVP_A2_S|0_L_90000,幼小修长敏感得不可思议，轻触脚心就浑身战栗的{feet_s}。
1506,feet,0,CVP_A2_T|132_E_1&CVP_A2_T|102_E_1&CVP_A2_S|0_GE_12000&CVP_A2_S|0_L_90000,柔嫩细长高潮不断，脚踝到脚趾都泛着淫靡红晕的{feet_s}。
1507,feet,0,CVP_A2_T|132_E_1&CVP_A2_T|102_E_1&CVP_A2_S|0_GE_12000&CVP_A2_S|0_L_90000,纤长稚嫩触感滑腻，肌肤敏感到碰一下就高潮的{feet_s}。
1508,feet,0,CVP_A2_T|132_E_1&CVP_A2_T|102_E_1&CVP_A2_S|0_GE_12000&CVP_A2_S|0_L_90000,小巧修长因快感绷紧，脚趾缝都渗出薄汗的{feet_s}。
1509,feet,0,CVP_A2_T|132_E_1&CVP_A2_T|102_E_1&CVP_A2_S|0_GE_12000&CVP_A2_S|0_L_90000,幼嫩纤细敏感至极，足心被揉弄就淫叫不止的{feet_s}。

1510,feet,0,CVP_A2_T|132_E_1&CVP_A2_T|102_E_1&CVP_A2_S|0_GE_90000,纤长白嫩敏感到极致，轻触就不住颤抖痉挛淫水直流的幼嫩{feet_s}。
1511,feet,0,CVP_A2_T|132_E_1&CVP_A2_T|102_E_1&CVP_A2_S|0_GE_90000,稚嫩修长线条流畅，碰一下就高潮抽搐不止沾满淫液的小小{feet_s}。
1512,feet,0,CVP_A2_T|132_E_1&CVP_A2_T|102_E_1&CVP_A2_S|0_GE_90000,比例匀称足弓优美，敏感度爆表仅靠抚摸就能潮吹不断的幼童{feet_s}。
1513,feet,0,CVP_A2_T|132_E_1&CVP_A2_T|102_E_1&CVP_A2_S|0_GE_90000,粉嫩细长脚趾纤细，稍有刺激就浑身酥软痉挛不止的稚嫩{feet_s}。
1514,feet,0,CVP_A2_T|132_E_1&CVP_A2_T|102_E_1&CVP_A2_S|0_GE_90000,嫩滑修长沾满汗水，被触碰就高潮痉挛失禁哭叫的幼小{feet_s}。
1515,feet,0,CVP_A2_T|132_E_1&CVP_A2_T|102_E_1&CVP_A2_S|0_GE_90000,白皙纤细足弓高挑，仅触碰足心就令全身痉挛不止的过敏幼嫩{feet_s}。
1516,feet,0,CVP_A2_T|132_E_1&CVP_A2_T|102_E_1&CVP_A2_S|0_GE_90000,柔嫩修长脚背泛红，敏感到连呼吸都能引发剧烈颤抖的稚童{feet_s}。
1517,feet,0,CVP_A2_T|132_E_1&CVP_A2_T|102_E_1&CVP_A2_S|0_GE_90000,幼小纤长皮肤滑腻，快感高到不住流水颤抖抽搐的过敏小{feet_s}。
1518,feet,0,CVP_A2_T|132_E_1&CVP_A2_T|102_E_1&CVP_A2_S|0_GE_90000,细嫩修长脚踝纤细，轻抚脚底就能高潮痉挛哭泣的幼童{feet_s}。
1519,feet,0,CVP_A2_T|132_E_1&CVP_A2_T|102_E_1&CVP_A2_S|0_GE_90000,娇嫩纤长脚趾蜷缩，敏感到无法承受任何触碰的淫荡幼嫩{feet_s}。
1520,feet,0,CVP_A2_T|132_E_1&CVP_A2_T|103_E_1&CVP_A2_A|0_LE_3,纤长白嫩的脚趾青涩稚嫩，触感细腻却反应迟钝，惹人怜爱的{feet_s}。
1521,feet,0,CVP_A2_T|132_E_1&CVP_A2_T|103_E_1&CVP_A2_A|0_LE_3,足弓纤秀线条优美，粉嫩肌肤对刺激懵懂无知，稚气未脱的{feet_s}。
1522,feet,0,CVP_A2_T|132_E_1&CVP_A2_T|103_E_1&CVP_A2_A|0_LE_3,修长玲珑的脚掌滑嫩幼小，皮肤感度尚浅，带着萝莉特有奶香的{feet_s}。
1523,feet,0,CVP_A2_T|132_E_1&CVP_A2_T|103_E_1&CVP_A2_A|0_LE_3,脚背细嫩泛着粉红光泽，修长脚趾触感麻木，令人垂涎欲滴的{feet_s}。
1524,feet,0,CVP_A2_T|132_E_1&CVP_A2_T|103_E_1&CVP_A2_A|0_LE_3,小巧足踝连着修长脚掌，嫩肉触感迟钝，散发青涩体香的{feet_s}。
1525,feet,0,CVP_A2_T|132_E_1&CVP_A2_T|103_E_1&CVP_A2_A|0_LE_3,纤细脚趾排列整齐如贝壳，稚嫩肌肤感度极低，勾人犯罪冲动的{feet_s}。
1526,feet,0,CVP_A2_T|132_E_1&CVP_A2_T|103_E_1&CVP_A2_A|0_LE_3,足心粉嫩柔软带着淡淡甜香，皮肤反应微弱，比例匀称修长的{feet_s}。
1527,feet,0,CVP_A2_T|132_E_1&CVP_A2_T|103_E_1&CVP_A2_A|0_LE_3,脚趾修长如玉沾着薄汗，嫩肉紧致却触感麻痹，青春稚嫩的{feet_s}。
1528,feet,0,CVP_A2_T|132_E_1&CVP_A2_T|103_E_1&CVP_A2_A|0_LE_3,纤巧足弓曲线优美诱人，肌肤细滑感度低下，惹人爱怜把玩的{feet_s}。
1529,feet,0,CVP_A2_T|132_E_1&CVP_A2_T|103_E_1&CVP_A2_A|0_LE_3,修长脚掌白皙透出青筋，触碰时反应迟缓，散发萝莉甜腻气息的{feet_s}。

1530,feet,0,CVP_A2_T|132_E_1&CVP_A2_T|103_E_1&CVP_A2_A|0_G_3&CVP_A2_A|0_LE_6,纤细修长带着萝莉特有的青涩稚嫩气息，比例优美却仍显娇小粉嫩的{feet_s}。
1531,feet,0,CVP_A2_T|132_E_1&CVP_A2_T|103_E_1&CVP_A2_A|0_G_3&CVP_A2_A|0_LE_6,细长修美触感柔嫩如幼女般嫩滑，足弓优雅微微隆起对抚摸相当敏感的{feet_s}。
1532,feet,0,CVP_A2_T|132_E_1&CVP_A2_T|103_E_1&CVP_A2_A|0_G_3&CVP_A2_A|0_LE_6,尚未完全发育的纤长小脚，皮肤细嫩且对触碰有明显快感反应的{feet_s}。
1533,feet,0,CVP_A2_T|132_E_1&CVP_A2_T|103_E_1&CVP_A2_A|0_G_3&CVP_A2_A|0_LE_6,修长秀气带着青涩体香，足心粉嫩敏感随摩擦微微发颤的{feet_s}。
1534,feet,0,CVP_A2_T|132_E_1&CVP_A2_T|103_E_1&CVP_A2_A|0_G_3&CVP_A2_A|0_LE_6,纤细优美线条流畅如同精致艺术品，对爱抚有适中敏感反应的{feet_s}。
1535,feet,0,CVP_A2_T|132_E_1&CVP_A2_T|103_E_1&CVP_A2_A|0_G_3&CVP_A2_A|0_LE_6,细嫩修长脚趾纤细可爱，皮肤白皙滑腻摸上去便能引发快感的{feet_s}。
1536,feet,0,CVP_A2_T|132_E_1&CVP_A2_T|103_E_1&CVP_A2_A|0_G_3&CVP_A2_A|0_LE_6,少女初发育的修长小脚，触感稚嫩柔软被抚弄时会微微颤抖的{feet_s}。
1537,feet,0,CVP_A2_T|132_E_1&CVP_A2_T|103_E_1&CVP_A2_A|0_G_3&CVP_A2_A|0_LE_6,纤长雅致足弓弧度优美，粉嫩足心敏感度适中摸起来很舒服的{feet_s}。
1538,feet,0,CVP_A2_T|132_E_1&CVP_A2_T|103_E_1&CVP_A2_A|0_G_3&CVP_A2_A|0_LE_6,青涩稚嫩的修长双足，皮肤嫩滑有弹性被触碰时能感受明显快感的{feet_s}。
1539,feet,0,CVP_A2_T|132_E_1&CVP_A2_T|103_E_1&CVP_A2_A|0_G_3&CVP_A2_A|0_LE_6,萝莉特有的纤细长足，线条优雅皮肤娇嫩对爱抚有愉悦反应的{feet_s}。

1540,feet,0,CVP_A2_T|103_E_1&CVP_A2_T|132_E_1&CVP_A2_A|0_G_6,纤细修长带着萝莉特有的稚嫩，轻触便引起全身颤抖的敏感的{feet_s}。
1541,feet,0,CVP_A2_T|103_E_1&CVP_A2_T|132_E_1&CVP_A2_A|0_G_6,修长优雅线条流畅充满青涩气息，稍加抚摸就敏感得蜷缩的{feet_s}。
1542,feet,0,CVP_A2_T|103_E_1&CVP_A2_T|132_E_1&CVP_A2_A|0_G_6,娇嫩细长尚未发育完全，摩擦时便忍不住颤抖的高敏感的{feet_s}。
1543,feet,0,CVP_A2_T|103_E_1&CVP_A2_T|132_E_1&CVP_A2_A|0_G_6,比例匀称足弓优美带着萝莉的稚气，触碰脚心就浑身酥软的{feet_s}。
1544,feet,0,CVP_A2_T|103_E_1&CVP_A2_T|132_E_1&CVP_A2_A|0_G_6,细长粉嫩足尖小巧散发着青涩甜香，轻抚即引发战栗的敏感的{feet_s}。
1545,feet,0,CVP_A2_T|103_E_1&CVP_A2_T|132_E_1&CVP_A2_A|0_G_6,纤长脚趾柔嫩透着稚嫩光泽，轻轻触碰就让全身酥麻的过敏的{feet_s}。
1546,feet,0,CVP_A2_T|103_E_1&CVP_A2_T|132_E_1&CVP_A2_A|0_G_6,修长稚嫩带着萝莉体香足弓优美，稍有刺激便蜷缩颤抖的敏感的{feet_s}。
1547,feet,0,CVP_A2_T|103_E_1&CVP_A2_T|132_E_1&CVP_A2_A|0_G_6,白皙细长脚背线条流畅尚显青涩，轻抚足心就浑身发软的娇嫩的{feet_s}。
1548,feet,0,CVP_A2_T|103_E_1&CVP_A2_T|132_E_1&CVP_A2_A|0_G_6,脚踝纤细足尖小巧带着初熟的甜香，触碰时便敏感得颤抖的稀嫩的{feet_s}。
1549,feet,0,CVP_A2_T|103_E_1&CVP_A2_T|132_E_1&CVP_A2_A|0_G_6,粉嫩修长柔软细腻充满萝莉特有的青涩，轻轻摩擦就酥软难耐的敏感的{feet_s}。

1550,feet,0,CVP_A2_T|131_E_1&CVP_A2_T|102_E_1&CVP_A2_S|0_GE_12000&CVP_A2_S|0_L_90000,娇小稚嫩粉嫩透明敏感到极点，轻触就抖个不停全身泛着淫靡红晕的{feet_s}。
1551,feet,0,CVP_A2_T|131_E_1&CVP_A2_T|102_E_1&CVP_A2_S|0_GE_12000&CVP_A2_S|0_L_90000,纤细幼小细腻无比极度敏感，稍一摩擦就痉挛抽搐止不住颤栗发软的{feet_s}。
1552,feet,0,CVP_A2_T|131_E_1&CVP_A2_T|102_E_1&CVP_A2_S|0_GE_12000&CVP_A2_S|0_L_90000,小巧玲珑幼嫩光滑敏感至极，哪怕轻轻舔舐都能让幼小的她高潮连连的{feet_s}。
1553,feet,0,CVP_A2_T|131_E_1&CVP_A2_T|102_E_1&CVP_A2_S|0_GE_12000&CVP_A2_S|0_L_90000,稚嫩精巧白皙细腻身体快感爆棚，被触碰时剧烈抽搐汁水淋漓不止的{feet_s}。
1554,feet,0,CVP_A2_T|131_E_1&CVP_A2_T|102_E_1&CVP_A2_S|0_GE_12000&CVP_A2_S|0_L_90000,幼小柔嫩脚趾粉红敏感度惊人，轻轻抚摸就让幼小身躯浑身酥软无力的{feet_s}。
1555,feet,0,CVP_A2_T|131_E_1&CVP_A2_T|102_E_1&CVP_A2_S|0_GE_12000&CVP_A2_S|0_L_90000,精致幼小肌肤吹弹可破敏锐非凡，只是轻碰就引发浪潮般汹涌快感的{feet_s}。
1556,feet,0,CVP_A2_T|131_E_1&CVP_A2_T|102_E_1&CVP_A2_S|0_GE_12000&CVP_A2_S|0_L_90000,纤细稚嫩粉白如脂敏感到了极限，微微摩擦就让娇小的她娇声不断的{feet_s}。
1557,feet,0,CVP_A2_T|131_E_1&CVP_A2_T|102_E_1&CVP_A2_S|0_GE_12000&CVP_A2_S|0_L_90000,小巧幼嫩光滑细腻极度敏感，哪怕气息轻轻吹拂都能激起全身酥麻的{feet_s}。
1558,feet,0,CVP_A2_T|131_E_1&CVP_A2_T|102_E_1&CVP_A2_S|0_GE_12000&CVP_A2_S|0_L_90000,稚嫩精巧脚趾紧蜷快感高涨不止，敏感到浑身酥软发颤意识朦胧的{feet_s}。
1559,feet,0,CVP_A2_T|131_E_1&CVP_A2_T|102_E_1&CVP_A2_S|0_GE_12000&CVP_A2_S|0_L_90000,幼小精致触感滑腻敏感非凡，稍有接触就让幼小身体止不住痉挛酥麻的{feet_s}。

1560,feet,0,CVP_A2_T|132_E_1&CVP_A2_T|103_E_1&CVP_A2_S|0_L_1000,纤细修长还带着青涩的稚嫩触感，因轻微快感而微微泛红发热的{feet_s}。
1561,feet,0,CVP_A2_T|132_E_1&CVP_A2_T|103_E_1&CVP_A2_S|0_L_1000,修长白嫩透着萝莉特有的稚气，皮肤因爱抚而微微发红透出轻度兴奋的{feet_s}。
1562,feet,0,CVP_A2_T|132_E_1&CVP_A2_T|103_E_1&CVP_A2_S|0_L_1000,细长柔软的脚趾带着青涩少女气息，因轻柔抚摸而微微颤抖泛红的{feet_s}。
1563,feet,0,CVP_A2_T|132_E_1&CVP_A2_T|103_E_1&CVP_A2_S|0_L_1000,白皙修长线条优美的幼嫩玉足，脚背因快感而泛起淡淡红晕的{feet_s}。
1564,feet,0,CVP_A2_T|132_E_1&CVP_A2_T|103_E_1&CVP_A2_S|0_L_1000,纤长稚嫩的脚背光滑细腻吹弹可破，被轻抚时微微酥麻带着浅浅红晕的{feet_s}。
1565,feet,0,CVP_A2_T|132_E_1&CVP_A2_T|103_E_1&CVP_A2_S|0_L_1000,修长白净尚未发育完全的幼足，因触碰而产生轻微快感微微发热的{feet_s}。
1566,feet,0,CVP_A2_T|132_E_1&CVP_A2_T|103_E_1&CVP_A2_S|0_L_1000,优美纤长带着萝莉体温的柔嫩脚掌，皮肤泛着淡淡桃红的{feet_s}。
1567,feet,0,CVP_A2_T|132_E_1&CVP_A2_T|103_E_1&CVP_A2_S|0_L_1000,修长白皙的脚趾纤细可爱还带着稚气，因轻柔爱抚而微微紧绷颤抖的{feet_s}。
1568,feet,0,CVP_A2_T|132_E_1&CVP_A2_T|103_E_1&CVP_A2_S|0_L_1000,细嫩修长散发着淡淡奶香的幼嫩玉足，被触碰后微微泛红发热的{feet_s}。
1569,feet,0,CVP_A2_T|132_E_1&CVP_A2_T|103_E_1&CVP_A2_S|0_L_1000,纤长白净带着青涩气息的娇嫩双足，脚心因快感而轻轻颤动泛红的{feet_s}。
1570,feet,0,CVP_A2_T|132_E_1&CVP_A2_T|103_E_1&CVP_A2_S|0_GE_1000&CVP_A2_S|0_L_12000,纤细修长带着萝莉特有的稚嫩肤色，高潮后敏感得轻触就颤抖的{feet_s}。
1571,feet,0,CVP_A2_T|132_E_1&CVP_A2_T|103_E_1&CVP_A2_S|0_GE_1000&CVP_A2_S|0_L_12000,青涩绵软的足弓泛着淡粉，因皮肤快感而抽搐不止的修长小{feet_s}。
1572,feet,0,CVP_A2_T|132_E_1&CVP_A2_T|103_E_1&CVP_A2_S|0_GE_1000&CVP_A2_S|0_L_12000,比例匀称的娇小玉足带着奶香，触碰便不住蜷缩绷紧的{feet_s}。
1573,feet,0,CVP_A2_T|132_E_1&CVP_A2_T|103_E_1&CVP_A2_S|0_GE_1000&CVP_A2_S|0_L_12000,脚趾修长脚背嫩滑带着萝莉体温，高潮多次后敏感到痉挛的{feet_s}。
1574,feet,0,CVP_A2_T|132_E_1&CVP_A2_T|103_E_1&CVP_A2_S|0_GE_1000&CVP_A2_S|0_L_12000,足弓曲线优美肌肤细腻白皙，稍微摩擦便湿润发抖的稚嫩{feet_s}。
1575,feet,0,CVP_A2_T|132_E_1&CVP_A2_T|103_E_1&CVP_A2_S|0_GE_1000&CVP_A2_S|0_L_12000,长而灵活的脚趾微微蜷曲泛红，因快感累积而不停颤动的{feet_s}。
1576,feet,0,CVP_A2_T|132_E_1&CVP_A2_T|103_E_1&CVP_A2_S|0_GE_1000&CVP_A2_S|0_L_12000,纤长柔嫩的足部线条流畅优美，皮肤敏感到碰触即高潮的{feet_s}。
1577,feet,0,CVP_A2_T|132_E_1&CVP_A2_T|103_E_1&CVP_A2_S|0_GE_1000&CVP_A2_S|0_L_12000,还未完全长开的修长玉足肤质绵软，被玩弄多次后敏感至极的{feet_s}。
1578,feet,0,CVP_A2_T|132_E_1&CVP_A2_T|103_E_1&CVP_A2_S|0_GE_1000&CVP_A2_S|0_L_12000,脚踝纤细足弓高挺带着稚嫩奶香，触感滑腻且反应剧烈的萝莉{feet_s}。
1579,feet,0,CVP_A2_T|132_E_1&CVP_A2_T|103_E_1&CVP_A2_S|0_GE_1000&CVP_A2_S|0_L_12000,白嫩修长的脚背泛着情欲的粉红，已经高潮过多次仍在敏感痉挛的{feet_s}。

1580,feet,0,CVP_A2_T|132_E_1&CVP_A2_T|103_E_1&CVP_A2_S|0_GE_12000&CVP_A2_S|0_L_90000,修长纤细中透着萝莉特有的青涩娇嫩，轻触即会剧烈颤抖的敏感{feet_s}。
1581,feet,0,CVP_A2_T|132_E_1&CVP_A2_T|103_E_1&CVP_A2_S|0_GE_12000&CVP_A2_S|0_L_90000,比例匀称散发着青涩体香，稍加抚摸就会痉挛蜷缩的骚嫩{feet_s}。
1582,feet,0,CVP_A2_T|132_E_1&CVP_A2_T|103_E_1&CVP_A2_S|0_GE_12000&CVP_A2_S|0_L_90000,足弓优美脚趾纤长粉嫩，皮肤敏感到触碰便抽搐的淫荡{feet_s}。
1583,feet,0,CVP_A2_T|132_E_1&CVP_A2_T|103_E_1&CVP_A2_S|0_GE_12000&CVP_A2_S|0_L_90000,线条流畅带着萝莉特有的白嫩肤质，受刺激就会剧烈抖动的骚足{feet_s}。
1584,feet,0,CVP_A2_T|132_E_1&CVP_A2_T|103_E_1&CVP_A2_S|0_GE_12000&CVP_A2_S|0_L_90000,脚背光滑脚心粉红细嫩，任何触碰都让其痉挛不止的极度敏感{feet_s}。
1585,feet,0,CVP_A2_T|132_E_1&CVP_A2_T|103_E_1&CVP_A2_S|0_GE_12000&CVP_A2_S|0_L_90000,修长脚趾间泛着诱人粉色，稍有摩擦便会浪荡抽搐的淫足{feet_s}。
1586,feet,0,CVP_A2_T|132_E_1&CVP_A2_T|103_E_1&CVP_A2_S|0_GE_12000&CVP_A2_S|0_L_90000,纤细柔嫩散发着青涩萝莉体香，轻抚即会颤栗高潮的骚嫩{feet_s}。
1587,feet,0,CVP_A2_T|132_E_1&CVP_A2_T|103_E_1&CVP_A2_S|0_GE_12000&CVP_A2_S|0_L_90000,脚踝纤细足弓弧度优美，皮肤敏感到被舔就痉挛的淫荡{feet_s}。
1588,feet,0,CVP_A2_T|132_E_1&CVP_A2_T|103_E_1&CVP_A2_S|0_GE_12000&CVP_A2_S|0_L_90000,白皙细长带着少女初熟的娇嫩，触碰便会不住抖动的敏感骚{feet_s}。
1589,feet,0,CVP_A2_T|132_E_1&CVP_A2_T|103_E_1&CVP_A2_S|0_GE_12000&CVP_A2_S|0_L_90000,比例修长泛着淡淡粉光，摩擦时便会淫乱痉挛抽搐的嫩{feet_s}。

1590,feet,0,CVP_A2_T|132_E_1&CVP_A2_T|103_E_1&CVP_A2_S|0_GE_90000,修长纤细带着萝莉特有的青涩气息，仅是接近就让她开始颤抖的极度敏感的{feet_s}。
1591,feet,0,CVP_A2_T|132_E_1&CVP_A2_T|103_E_1&CVP_A2_S|0_GE_90000,线条流畅优雅稚嫩还未完全长开，哪怕轻触都会让她剧烈痉挛高潮的{feet_s}。
1592,feet,0,CVP_A2_T|132_E_1&CVP_A2_T|103_E_1&CVP_A2_S|0_GE_90000,比例匀称透着少女初熟的青涩，敏感度已超越极限轻抚便会失禁颤抖的{feet_s}。
1593,feet,0,CVP_A2_T|132_E_1&CVP_A2_T|103_E_1&CVP_A2_S|0_GE_90000,白皙修长带着萝莉的稚嫩肤质，触碰瞬间就会引发全身剧烈抽搐的极敏感的{feet_s}。
1594,feet,0,CVP_A2_T|132_E_1&CVP_A2_T|103_E_1&CVP_A2_S|0_GE_90000,纤长柔嫩的足弓曲线优美还带着奶香，皮肤敏感到呼吸气流都能让她高潮的{feet_s}。
1595,feet,0,CVP_A2_T|132_E_1&CVP_A2_T|103_E_1&CVP_A2_S|0_GE_90000,肌肤细腻光滑有着萝莉独有的嫩滑触感，极度敏感到碰触就会痉挛失神的{feet_s}。
1596,feet,0,CVP_A2_T|132_E_1&CVP_A2_T|103_E_1&CVP_A2_S|0_GE_90000,修长脚趾还带着稚气排列整齐，敏感至极任何触碰都会引发潮吹颤抖的{feet_s}。
1597,feet,0,CVP_A2_T|132_E_1&CVP_A2_T|103_E_1&CVP_A2_S|0_GE_90000,足弓高挺优美透着青涩少女的娇嫩，皮肤触感极度敏感到无法承受任何爱抚的{feet_s}。
1598,feet,0,CVP_A2_T|132_E_1&CVP_A2_T|103_E_1&CVP_A2_S|0_GE_90000,脚踝纤细修长带着萝莉特有的香甜气息，敏感到极致触碰便会让她尖叫抽搐的{feet_s}。
1599,feet,0,CVP_A2_T|132_E_1&CVP_A2_T|103_E_1&CVP_A2_S|0_GE_90000,柔嫩滑腻长而灵活散发着青涩体香，敏感程度超越人类极限碰触即高潮的{feet_s}。

1600,feet,0,CVP_A2_T|132_E_1&CVP_A2_T|104_E_1&CVP_A2_A|0_LE_3,比例匀称线条优美却并不敏感，少女修长纤细如玉雕般精致白皙的{feet_s}。
1601,feet,0,CVP_A2_T|132_E_1&CVP_A2_T|104_E_1&CVP_A2_A|0_LE_3,纤长脚趾排列整齐肤色嫩白，摩擦时却没什么快感反应的少女的{feet_s}。
1602,feet,0,CVP_A2_T|132_E_1&CVP_A2_T|104_E_1&CVP_A2_A|0_LE_3,青春光滑线条流畅如模特美足，触感细腻却对刺激毫无反应的{feet_s}。
1603,feet,0,CVP_A2_T|132_E_1&CVP_A2_T|104_E_1&CVP_A2_A|0_LE_3,足弓优美肌肤紧致富有弹性，摸上去丝滑却感觉迟钝的少女的{feet_s}。
1604,feet,0,CVP_A2_T|132_E_1&CVP_A2_T|104_E_1&CVP_A2_A|0_LE_3,白嫩修长脚背细腻透出青筋，肤质细滑却对抚弄几乎无感的{feet_s}。
1605,feet,0,CVP_A2_T|132_E_1&CVP_A2_T|104_E_1&CVP_A2_A|0_LE_3,娇小纤长线条舒展如玉石雕琢，皮肤敏感度很低被玩弄也不颤抖的{feet_s}。
1606,feet,0,CVP_A2_T|132_E_1&CVP_A2_T|104_E_1&CVP_A2_A|0_LE_3,少女特有的修长玉足细腻紧实，脚趾柔嫩却对触碰没有明显反应的{feet_s}。
1607,feet,0,CVP_A2_T|132_E_1&CVP_A2_T|104_E_1&CVP_A2_A|0_LE_3,脚踝纤细脚背光滑足弓弯成优美弧度，触摸时皮肤反应平淡的{feet_s}。
1608,feet,0,CVP_A2_T|132_E_1&CVP_A2_T|104_E_1&CVP_A2_A|0_LE_3,肤色均匀白里透粉线条匀称修长，皮肤低感度怎么揉捏都没感觉的{feet_s}。
1609,feet,0,CVP_A2_T|132_E_1&CVP_A2_T|104_E_1&CVP_A2_A|0_LE_3,纤嫩修长如精心雕刻的玉足，肌肤细腻光滑却对爱抚迟钝无感的{feet_s}。
1610,feet,0,CVP_A2_T|132_E_1&CVP_A2_T|104_E_1&CVP_A2_A|0_G_3&CVP_A2_A|0_LE_6,修长纤细带着少女特有的青涩甜香，触碰足心时身体会不由自主微微颤抖的{feet_s}。
1611,feet,0,CVP_A2_T|132_E_1&CVP_A2_T|104_E_1&CVP_A2_A|0_G_3&CVP_A2_A|0_LE_6,比例匀称线条优美且散发着青春诱人气息，皮肤细嫩敏感的少女修长{feet_s}。
1612,feet,0,CVP_A2_T|132_E_1&CVP_A2_T|104_E_1&CVP_A2_A|0_G_3&CVP_A2_A|0_LE_6,足弓高挺曲线如优美艺术品般精致流畅，被温柔抚摸时会享受般轻颤的{feet_s}。
1613,feet,0,CVP_A2_T|132_E_1&CVP_A2_T|104_E_1&CVP_A2_A|0_G_3&CVP_A2_A|0_LE_6,纤长白皙泛着少女独特的粉嫩诱人光泽，触感细腻光滑令人爱不释手的{feet_s}。
1614,feet,0,CVP_A2_T|132_E_1&CVP_A2_T|104_E_1&CVP_A2_A|0_G_3&CVP_A2_A|0_LE_6,肌肤紧致充满弹性透着诱人的青春气息，被揉捏按压时会发出满足轻吟的{feet_s}。
1615,feet,0,CVP_A2_T|132_E_1&CVP_A2_T|104_E_1&CVP_A2_A|0_G_3&CVP_A2_A|0_LE_6,脚趾修长灵活粉嫩如含苞待放的少女花蕾，抚摸时细腻皮肤会泛起愉悦红晕的{feet_s}。
1616,feet,0,CVP_A2_T|132_E_1&CVP_A2_T|104_E_1&CVP_A2_A|0_G_3&CVP_A2_A|0_LE_6,足背光滑线条优雅精致散发着诱人少女体香，对爱抚触碰有着明显敏感反应的{feet_s}。
1617,feet,0,CVP_A2_T|132_E_1&CVP_A2_T|104_E_1&CVP_A2_A|0_G_3&CVP_A2_A|0_LE_6,脚掌柔嫩温热带着少女青涩的淡淡甜香气息，被轻轻按压时会舒适愉悦颤抖的{feet_s}。
1618,feet,0,CVP_A2_T|132_E_1&CVP_A2_T|104_E_1&CVP_A2_A|0_G_3&CVP_A2_A|0_LE_6,脚踝纤细带着少女独有的优美曲线和细腻肌肤，摩擦时能感受到明显愉悦快感的{feet_s}。
1619,feet,0,CVP_A2_T|132_E_1&CVP_A2_T|104_E_1&CVP_A2_A|0_G_3&CVP_A2_A|0_LE_6,双足修长白皙柔嫩透着少女青春活力，受到爱抚时会享受般蜷缩起粉嫩脚趾的{feet_s}。

1620,feet,0,CVP_A2_T|132_E_1&CVP_A2_T|104_E_1&CVP_A2_A|0_G_6,纤长柔嫩轻触便微微颤抖，青涩敏感泛着粉红光泽的{feet_s}。
1621,feet,0,CVP_A2_T|132_E_1&CVP_A2_T|104_E_1&CVP_A2_A|0_G_6,修长匀称触感滑腻，稍加摩擦便酥麻发颤散发少女体香的{feet_s}。
1622,feet,0,CVP_A2_T|132_E_1&CVP_A2_T|104_E_1&CVP_A2_A|0_G_6,优美修长足弓高挺，肌肤嫩滑敏感到轻抚便战栗不止的{feet_s}。
1623,feet,0,CVP_A2_T|132_E_1&CVP_A2_T|104_E_1&CVP_A2_A|0_G_6,线条流畅脚趾纤细，皮肤敏感到稍稍触碰便泛红发软的{feet_s}。
1624,feet,0,CVP_A2_T|132_E_1&CVP_A2_T|104_E_1&CVP_A2_A|0_G_6,青春靓丽修长白嫩，轻轻揉捏便敏感颤栗透出粉红的{feet_s}。
1625,feet,0,CVP_A2_T|132_E_1&CVP_A2_T|104_E_1&CVP_A2_A|0_G_6,纤长敏感的足弓弯成优美弧度，触碰便不住战抖的{feet_s}。
1626,feet,0,CVP_A2_T|132_E_1&CVP_A2_T|104_E_1&CVP_A2_A|0_G_6,修长白皙脚背光滑细嫩，少女敏感肌肤一触便羞红的{feet_s}。
1627,feet,0,CVP_A2_T|132_E_1&CVP_A2_T|104_E_1&CVP_A2_A|0_G_6,比例匀称脚趾修长，青涩肌肤敏感到轻摸便酥软的{feet_s}。
1628,feet,0,CVP_A2_T|132_E_1&CVP_A2_T|104_E_1&CVP_A2_A|0_G_6,细长柔嫩足底滑腻，高敏感皮肤稍加抚弄便浑身发颤的{feet_s}。
1629,feet,0,CVP_A2_T|132_E_1&CVP_A2_T|104_E_1&CVP_A2_A|0_G_6,优雅修长线条流畅，少女敏感肌肤轻触脚心便娇躯颤抖的{feet_s}。
1630,feet,0,CVP_A2_T|132_E_1&CVP_A2_T|104_E_1&CVP_A2_S|0_L_1000,纤长白嫩透着少女特有的青春光泽，抚摸时能感受到肌肤微微发热的敏感的{feet_s}。
1631,feet,0,CVP_A2_T|132_E_1&CVP_A2_T|104_E_1&CVP_A2_S|0_L_1000,修长匀称涂着淡粉色的脚趾甲，足弓高挑曲线优美散发青涩诱惑的{feet_s}。
1632,feet,0,CVP_A2_T|132_E_1&CVP_A2_T|104_E_1&CVP_A2_S|0_L_1000,线条优雅肌肤白皙透着少女的紧致弹性，脚趾纤细修长泛着健康红润的{feet_s}。
1633,feet,0,CVP_A2_T|132_E_1&CVP_A2_T|104_E_1&CVP_A2_S|0_L_1000,足弓高挑优美弧度宛如艺术品般诱人，脚背细腻光滑触感温热柔软的{feet_s}。
1634,feet,0,CVP_A2_T|132_E_1&CVP_A2_T|104_E_1&CVP_A2_S|0_L_1000,脚趾纤长排列整齐犹如贝壳般精致，脚掌柔嫩细滑泛着淡淡粉色的{feet_s}。
1635,feet,0,CVP_A2_T|132_E_1&CVP_A2_T|104_E_1&CVP_A2_S|0_L_1000,皮肤细腻光滑透着青春少女的水润质感，足心柔软敏感微微泛红的{feet_s}。
1636,feet,0,CVP_A2_T|132_E_1&CVP_A2_T|104_E_1&CVP_A2_S|0_L_1000,修长优美脚踝纤细线条流畅诱人，足部肌肤嫩白如玉散发清甜体香的{feet_s}。
1637,feet,0,CVP_A2_T|132_E_1&CVP_A2_T|104_E_1&CVP_A2_S|0_L_1000,脚背光洁细嫩能微微看见血管纹路，脚趾蜷缩时透出撩人的羞涩感的{feet_s}。
1638,feet,0,CVP_A2_T|132_E_1&CVP_A2_T|104_E_1&CVP_A2_S|0_L_1000,足弓弧线优美恰到好处，白皙肌肤覆盖的纤长脚趾带着少女的青涩的{feet_s}。
1639,feet,0,CVP_A2_T|132_E_1&CVP_A2_T|104_E_1&CVP_A2_S|0_L_1000,脚掌肉感柔嫩足弓高挑性感，脚趾纤细舒展时透出难以抗拒的诱惑的{feet_s}。

1640,feet,0,CVP_A2_T|132_E_1&CVP_A2_T|104_E_1&CVP_A2_S|0_GE_1000&CVP_A2_S|0_L_12000,白皙修长轻颤不止，触碰便泛起阵阵粉红的敏感少女的{feet_s}。
1641,feet,0,CVP_A2_T|132_E_1&CVP_A2_T|104_E_1&CVP_A2_S|0_GE_1000&CVP_A2_S|0_L_12000,脚趾纤长蜷缩扭动，肌肤泛红微微出汗的青涩的{feet_s}。
1642,feet,0,CVP_A2_T|132_E_1&CVP_A2_T|104_E_1&CVP_A2_S|0_GE_1000&CVP_A2_S|0_L_12000,足弓优美弧度动人，轻抚便颤抖不已的敏感少女的{feet_s}。
1643,feet,0,CVP_A2_T|132_E_1&CVP_A2_T|104_E_1&CVP_A2_S|0_GE_1000&CVP_A2_S|0_L_12000,脚背光滑细腻泛潮，稍加刺激便绷紧颤动的修长的{feet_s}。
1644,feet,0,CVP_A2_T|132_E_1&CVP_A2_T|104_E_1&CVP_A2_S|0_GE_1000&CVP_A2_S|0_L_12000,纤细脚踝线条流畅，被握住便轻轻抖动泛红的淫荡的{feet_s}。
1645,feet,0,CVP_A2_T|132_E_1&CVP_A2_T|104_E_1&CVP_A2_S|0_GE_1000&CVP_A2_S|0_L_12000,修长脚趾舒展卷曲，肌肤早已敏感到发烫的少女的{feet_s}。
1646,feet,0,CVP_A2_T|132_E_1&CVP_A2_T|104_E_1&CVP_A2_S|0_GE_1000&CVP_A2_S|0_L_12000,嫩滑脚掌微微泛汗，稍一碰触便颤栗不止的娇嫩的{feet_s}。
1647,feet,0,CVP_A2_T|132_E_1&CVP_A2_T|104_E_1&CVP_A2_S|0_GE_1000&CVP_A2_S|0_L_12000,玲珑脚趾不住蜷缩，连脚背都变得粉嫩敏感的骚浪的{feet_s}。
1648,feet,0,CVP_A2_T|132_E_1&CVP_A2_T|104_E_1&CVP_A2_S|0_GE_1000&CVP_A2_S|0_L_12000,足心柔软触感细腻，爱抚时便微微痉挛抽搐的淫靡的{feet_s}。
1649,feet,0,CVP_A2_T|132_E_1&CVP_A2_T|104_E_1&CVP_A2_S|0_GE_1000&CVP_A2_S|0_L_12000,匀称修长白嫩光洁，稍稍触碰便无法抑制颤抖的敏感的{feet_s}。
1650,feet,0,CVP_A2_T|132_E_1&CVP_A2_T|104_E_1&CVP_A2_S|0_GE_12000&CVP_A2_S|0_L_90000,少女修长纤细流畅优美的足弓曲线，敏感肌肤轻抚就会引发阵阵酥麻快感的{feet_s}。
1651,feet,0,CVP_A2_T|132_E_1&CVP_A2_T|104_E_1&CVP_A2_S|0_GE_12000&CVP_A2_S|0_L_90000,比例匀称线条优美的少女修长玉足，极度敏感的皮肤被碰触就颤抖不止的{feet_s}。
1652,feet,0,CVP_A2_T|132_E_1&CVP_A2_T|104_E_1&CVP_A2_S|0_GE_12000&CVP_A2_S|0_L_90000,少女青春靓丽的修长双足，足弓优美肌肤敏感到轻触就能引发剧烈快感浪潮的{feet_s}。
1653,feet,0,CVP_A2_T|132_E_1&CVP_A2_T|104_E_1&CVP_A2_S|0_GE_12000&CVP_A2_S|0_L_90000,纤长脚趾优美足弓的少女修长双足，嫩滑肌肤被玩弄时淫荡颤抖蜷缩不止的{feet_s}。
1654,feet,0,CVP_A2_T|132_E_1&CVP_A2_T|104_E_1&CVP_A2_S|0_GE_12000&CVP_A2_S|0_L_90000,线条流畅足弓高耸的修长玉足，少女敏感肌肤被抚摸时发出淫靡呻吟的{feet_s}。
1655,feet,0,CVP_A2_T|132_E_1&CVP_A2_T|104_E_1&CVP_A2_S|0_GE_12000&CVP_A2_S|0_L_90000,少女修长优雅曲线完美的纤细双足，极度敏感的嫩肤被触碰时痉挛扭动的{feet_s}。
1656,feet,0,CVP_A2_T|132_E_1&CVP_A2_T|104_E_1&CVP_A2_S|0_GE_12000&CVP_A2_S|0_L_90000,足弓高耸线条优美的少女修长双足，敏感到轻触就会引发全身战栗淫叫的{feet_s}。
1657,feet,0,CVP_A2_T|132_E_1&CVP_A2_T|104_E_1&CVP_A2_S|0_GE_12000&CVP_A2_S|0_L_90000,少女纤长修长比例完美的玉足，敏感嫩肤被爱抚时淫叫连连脚趾蜷缩的{feet_s}。
1658,feet,0,CVP_A2_T|132_E_1&CVP_A2_T|104_E_1&CVP_A2_S|0_GE_12000&CVP_A2_S|0_L_90000,青春少女修长优美的纤细双足，肌肤敏感度高到稍微触碰就能引发高潮的{feet_s}。
1659,feet,0,CVP_A2_T|132_E_1&CVP_A2_T|104_E_1&CVP_A2_S|0_GE_12000&CVP_A2_S|0_L_90000,少女修长纤细脚趾灵活的双足，白嫩肌肤敏感到轻轻被玩弄就浪荡抽搐的{feet_s}。

1660,feet,0,CVP_A2_T|131_E_1&CVP_A2_T|102_E_1&CVP_A2_S|0_GE_90000,娇小精巧白嫩如玉仅轻轻触碰就止不住痉挛高潮，敏感到极限的{feet_s}。
1661,feet,0,CVP_A2_T|131_E_1&CVP_A2_T|102_E_1&CVP_A2_S|0_GE_90000,稚嫩细小如婴儿般光滑细腻，皮肤敏感到轻抚便颤抖不止的{feet_s}。
1662,feet,0,CVP_A2_T|131_E_1&CVP_A2_T|102_E_1&CVP_A2_S|0_GE_90000,玲珑剔透带着奶香，稍微触碰皮肤就浑身抽搐高潮连连的{feet_s}。
1663,feet,0,CVP_A2_T|131_E_1&CVP_A2_T|102_E_1&CVP_A2_S|0_GE_90000,纤小柔嫩散发稚气奶香，敏感到手指临近便开始剧烈颤动的{feet_s}。
1664,feet,0,CVP_A2_T|131_E_1&CVP_A2_T|102_E_1&CVP_A2_S|0_GE_90000,精致迷你如同珍宝，皮肤敏感到极限轻触便潮吹痉挛不停的{feet_s}。
1665,feet,0,CVP_A2_T|131_E_1&CVP_A2_T|102_E_1&CVP_A2_S|0_GE_90000,幼嫩小巧可爱至极，肤质细滑敏感到呼吸吹拂都会高潮的{feet_s}。
1666,feet,0,CVP_A2_T|131_E_1&CVP_A2_T|102_E_1&CVP_A2_S|0_GE_90000,稚气未脱粉嫩透红，敏感程度超越极限每次触碰都剧烈抖动的{feet_s}。
1667,feet,0,CVP_A2_T|131_E_1&CVP_A2_T|102_E_1&CVP_A2_S|0_GE_90000,娇柔袖珍宛如白玉雕成，皮肤敏感到无法承受任何刺激的{feet_s}。
1668,feet,0,CVP_A2_T|131_E_1&CVP_A2_T|102_E_1&CVP_A2_S|0_GE_90000,细小稚嫩散发幼女体香，脚趾蜷缩浑身痉挛已被快感支配的{feet_s}。
1669,feet,0,CVP_A2_T|131_E_1&CVP_A2_T|102_E_1&CVP_A2_S|0_GE_90000,精巧玲珑带着稚气甜香，超敏感皮肤让她已陷入持续高潮的{feet_s}。

1670,feet,0,CVP_A2_T|132_E_1&CVP_A2_T|104_E_1&CVP_A2_S|0_GE_90000,修长挺拔少女的纤长脚背白皙细腻，敏感到轻触便浑身颤抖淫水四溅的{feet_s}。
1671,feet,0,CVP_A2_T|132_E_1&CVP_A2_T|104_E_1&CVP_A2_S|0_GE_90000,线条优美少女足弓流畅优雅，皮肤已敏感到极点一碰便高潮不止的{feet_s}。
1672,feet,0,CVP_A2_T|132_E_1&CVP_A2_T|104_E_1&CVP_A2_S|0_GE_90000,比例匀称青春洋溢，脚趾纤长敏感到仅是触碰就让她尖叫抽搐连连的{feet_s}。
1673,feet,0,CVP_A2_T|132_E_1&CVP_A2_T|104_E_1&CVP_A2_S|0_GE_90000,少女修长光滑的脚踝线条流畅，敏感无比的肌肤稍被抚摸就骚浪颤抖的{feet_s}。
1674,feet,0,CVP_A2_T|132_E_1&CVP_A2_T|104_E_1&CVP_A2_S|0_GE_90000,纤长挺拔白嫩细滑的少女脚背，敏感到极限只需轻抚便失控尖叫的{feet_s}。
1675,feet,0,CVP_A2_T|132_E_1&CVP_A2_T|104_E_1&CVP_A2_S|0_GE_90000,足弓优美如弓月般弯曲，青春少女敏感到不可思议一触便淫水泛滥的{feet_s}。
1676,feet,0,CVP_A2_T|132_E_1&CVP_A2_T|104_E_1&CVP_A2_S|0_GE_90000,修长灵活脚趾弹性十足，敏感过度的少女皮肤轻轻揉捏就疯狂颤动的{feet_s}。
1677,feet,0,CVP_A2_T|132_E_1&CVP_A2_T|104_E_1&CVP_A2_S|0_GE_90000,少女白皙的修长脚掌柔嫩细腻，皮肤极度敏感任何触碰都让她高潮的{feet_s}。
1678,feet,0,CVP_A2_T|132_E_1&CVP_A2_T|104_E_1&CVP_A2_S|0_GE_90000,纤长优雅脚踝曲线流畅，敏感到极致的少女肌肤稍加刺激便骚叫连连的{feet_s}。
1679,feet,0,CVP_A2_T|132_E_1&CVP_A2_T|104_E_1&CVP_A2_S|0_GE_90000,青春水嫩修长挺拔的少女脚背，敏感到触碰瞬间便浑身抽搐失控的{feet_s}。

1680,feet,0,CVP_A2_T|132_E_1&CVP_A2_T|105_E_1&CVP_A2_A|0_LE_3,修长优美比例匀称线条流畅，皮肤光滑细腻但触感稍淡的成熟大姐姐的{feet_s}。
1681,feet,0,CVP_A2_T|132_E_1&CVP_A2_T|105_E_1&CVP_A2_A|0_LE_3,纤长白皙足弓高挑曲线诱人，尽管皮肤敏感度较低却极富成熟女性魅力的{feet_s}。
1682,feet,0,CVP_A2_T|132_E_1&CVP_A2_T|105_E_1&CVP_A2_A|0_LE_3,脚踝纤细足弓优美线条完美，虽皮肤感度不高但散发着大姐姐独有韵味的{feet_s}。
1683,feet,0,CVP_A2_T|132_E_1&CVP_A2_T|105_E_1&CVP_A2_A|0_LE_3,肌肤白嫩线条修长细腻光滑，尽管触感敏感度低却带着成熟女性诱惑的{feet_s}。
1684,feet,0,CVP_A2_T|132_E_1&CVP_A2_T|105_E_1&CVP_A2_A|0_LE_3,纤细修长足型优雅并且高贵完美，皮肤细嫩但反应较淡的成熟大姐姐的{feet_s}。
1685,feet,0,CVP_A2_T|132_E_1&CVP_A2_T|105_E_1&CVP_A2_A|0_LE_3,比例匀称脚背光滑足底柔软，虽然皮肤感度较低却透着成熟淫靡气息的{feet_s}。
1686,feet,0,CVP_A2_T|132_E_1&CVP_A2_T|105_E_1&CVP_A2_A|0_LE_3,脚趾修长足弓曲线优美流畅，即便触感反应迟钝也充满成熟诱惑魅力的{feet_s}。
1687,feet,0,CVP_A2_T|132_E_1&CVP_A2_T|105_E_1&CVP_A2_A|0_LE_3,足形纤长优雅脚踝纤细骨感分明，皮肤细腻但感度低落的成熟大姐姐的{feet_s}。
1688,feet,0,CVP_A2_T|132_E_1&CVP_A2_T|105_E_1&CVP_A2_A|0_LE_3,白皙修长弧度诱人曲线完美，虽然皮肤敏感度不高却散发成熟女性气质的{feet_s}。
1689,feet,0,CVP_A2_T|132_E_1&CVP_A2_T|105_E_1&CVP_A2_A|0_LE_3,纤长柔嫩足底光滑脚背细腻，尽管触感反应较淡却充满大姐姐独有韵味的{feet_s}。

1690,feet,0,CVP_A2_T|132_E_1&CVP_A2_T|105_E_1&CVP_A2_A|0_G_3&CVP_A2_A|0_LE_6,修长优美的玉足带着成熟女人特有的魅惑，对触碰反应敏感的白嫩肌肤的{feet_s}。
1691,feet,0,CVP_A2_T|132_E_1&CVP_A2_T|105_E_1&CVP_A2_A|0_G_3&CVP_A2_A|0_LE_6,纤长细腻散发大姐姐的熟女气息，触摸时能感受到肌肤微微发烫的敏感的{feet_s}。
1692,feet,0,CVP_A2_T|132_E_1&CVP_A2_T|105_E_1&CVP_A2_A|0_G_3&CVP_A2_A|0_LE_6,线条流畅优雅的修长玉足充满成熟韵味，肌肤细腻敏感对爱抚颇有反应的{feet_s}。
1693,feet,0,CVP_A2_T|132_E_1&CVP_A2_T|105_E_1&CVP_A2_A|0_G_3&CVP_A2_A|0_LE_6,足弓弯曲优美弧度诱人带着熟女魅力，触碰就会引起肌肤微微颤动的{feet_s}。
1694,feet,0,CVP_A2_T|132_E_1&CVP_A2_T|105_E_1&CVP_A2_A|0_G_3&CVP_A2_A|0_LE_6,脚趾纤长排列整齐散发成熟女性的魅惑，敏感的皮肤被抚摸会微微发烫的{feet_s}。
1695,feet,0,CVP_A2_T|132_E_1&CVP_A2_T|105_E_1&CVP_A2_A|0_G_3&CVP_A2_A|0_LE_6,脚背弧度优美泛着成熟女人特有的肉色，轻触就能感到敏感肌肤微微发热的{feet_s}。
1696,feet,0,CVP_A2_T|132_E_1&CVP_A2_T|105_E_1&CVP_A2_A|0_G_3&CVP_A2_A|0_LE_6,修长白皙带着大姐姐的性感气息和成熟魅力，敏感肌肤被抚摸时会轻颤的{feet_s}。
1697,feet,0,CVP_A2_T|132_E_1&CVP_A2_T|105_E_1&CVP_A2_A|0_G_3&CVP_A2_A|0_LE_6,纤细修长的脚踝优美诱人散发熟女韵味，触碰时敏感肌肤会泛起淡淡红晕的{feet_s}。
1698,feet,0,CVP_A2_T|132_E_1&CVP_A2_T|105_E_1&CVP_A2_A|0_G_3&CVP_A2_A|0_LE_6,脚掌柔软细腻线条流畅如成熟的大姐姐，皮肤对摩擦格外敏感令人遐想的{feet_s}。
1699,feet,0,CVP_A2_T|132_E_1&CVP_A2_T|105_E_1&CVP_A2_A|0_G_3&CVP_A2_A|0_LE_6,足弓高挑优雅带着大姐姐的成熟风韵，轻触敏感肌肤就能引起微微快感的{feet_s}。

1700,feet,0,CVP_A2_T|132_E_1&CVP_A2_T|105_E_1&CVP_A2_A|0_G_6,修长白皙线条优美敏感到稍微触碰就微微颤抖，散发成熟女性魅力的{feet_s}。
1701,feet,0,CVP_A2_T|132_E_1&CVP_A2_T|105_E_1&CVP_A2_A|0_G_6,纤细柔嫩足弓弧度完美肌肤敏感细腻，轻抚便引发酥麻战栗的{feet_s}。
1702,feet,0,CVP_A2_T|132_E_1&CVP_A2_T|105_E_1&CVP_A2_A|0_G_6,高挑修长脚趾纤细匀称触感嫩滑敏感，摩擦间让人浑身发软的{feet_s}。
1703,feet,0,CVP_A2_T|132_E_1&CVP_A2_T|105_E_1&CVP_A2_A|0_G_6,肤质白嫩光滑足弓高挑优雅皮肤极度敏感，稍加爱抚便瘫软发颤的{feet_s}。
1704,feet,0,CVP_A2_T|132_E_1&CVP_A2_T|105_E_1&CVP_A2_A|0_G_6,线条流畅脚背弧度迷人脚心嫩滑敏感异常，被揉捏时止不住颤抖的{feet_s}。
1705,feet,0,CVP_A2_T|132_E_1&CVP_A2_T|105_E_1&CVP_A2_A|0_G_6,修长优美白皙透粉肌肤敏感到极点，轻轻触碰就浑身酥麻的{feet_s}。
1706,feet,0,CVP_A2_T|132_E_1&CVP_A2_T|105_E_1&CVP_A2_A|0_G_6,足弓高挑脚趾纤长肉感极佳敏感过度，被抚摸时全身都会发软的{feet_s}。
1707,feet,0,CVP_A2_T|132_E_1&CVP_A2_T|105_E_1&CVP_A2_A|0_G_6,白嫩柔滑足底细腻泛着微红光泽敏感细嫩，触碰间带来阵阵快感的{feet_s}。
1708,feet,0,CVP_A2_T|132_E_1&CVP_A2_T|105_E_1&CVP_A2_A|0_G_6,纤细高挑脚踝玲珑肌肤嫩滑极度敏感，稍微按压就会瑟瑟发抖的{feet_s}。
1709,feet,0,CVP_A2_T|132_E_1&CVP_A2_T|105_E_1&CVP_A2_A|0_G_6,修长匀称脚背光洁透亮皮肤娇嫩敏感，被摩擦时不由自主战栗的{feet_s}。
1710,feet,0,CVP_A2_T|132_E_1&CVP_A2_T|105_E_1&CVP_A2_S|0_L_1000,修长纤细比例匀称线条流畅，成熟肌肤微微泛红散发轻微热度的{feet_s}。
1711,feet,0,CVP_A2_T|132_E_1&CVP_A2_T|105_E_1&CVP_A2_S|0_L_1000,优美足弓弧度诱人白皙光滑，成熟大姐姐的皮肤开始微微发烫的{feet_s}。
1712,feet,0,CVP_A2_T|132_E_1&CVP_A2_T|105_E_1&CVP_A2_S|0_L_1000,纤长脚趾排列整齐肤质细腻，触碰时微微颤抖透出轻微快感的{feet_s}。
1713,feet,0,CVP_A2_T|132_E_1&CVP_A2_T|105_E_1&CVP_A2_S|0_L_1000,高贵修长的足背线条优雅，成熟肌肤泛起淡淡潮红开始发热的{feet_s}。
1714,feet,0,CVP_A2_T|132_E_1&CVP_A2_T|105_E_1&CVP_A2_S|0_L_1000,脚掌光滑柔嫩足弓高挑性感，大姐姐的肌肤微微渗汗散发体香的{feet_s}。
1715,feet,0,CVP_A2_T|132_E_1&CVP_A2_T|105_E_1&CVP_A2_S|0_L_1000,细长玉足白皙诱人曲线流畅，成熟肤质开始泛红产生细微酥麻感的{feet_s}。
1716,feet,0,CVP_A2_T|132_E_1&CVP_A2_T|105_E_1&CVP_A2_S|0_L_1000,匀称修长的脚踝纤细优美，皮肤微微发热透着一丝兴奋红晕的{feet_s}。
1717,feet,0,CVP_A2_T|132_E_1&CVP_A2_T|105_E_1&CVP_A2_S|0_L_1000,足心粉嫩柔软足弓弧线优雅，成熟大姐姐的肤质微微颤动升温的{feet_s}。
1718,feet,0,CVP_A2_T|132_E_1&CVP_A2_T|105_E_1&CVP_A2_S|0_L_1000,长而灵巧的脚趾白嫩饱满，触感温热且带着轻微快感反应的{feet_s}。
1719,feet,0,CVP_A2_T|132_E_1&CVP_A2_T|105_E_1&CVP_A2_S|0_L_1000,纤细优雅的足型线条性感撩人，大姐姐的肌肤泛起薄汗微微发烫的{feet_s}。

1720,feet,0,CVP_A2_T|132_E_1&CVP_A2_T|105_E_1&CVP_A2_S|0_GE_1000&CVP_A2_S|0_L_12000,修长的脚掌泛着情欲的潮红，脚趾因快感轻颤不止的{feet_s}。
1721,feet,0,CVP_A2_T|132_E_1&CVP_A2_T|105_E_1&CVP_A2_S|0_GE_1000&CVP_A2_S|0_L_12000,纤长优美的脚背微微泛红，敏感到轻触便颤抖的{feet_s}。
1722,feet,0,CVP_A2_T|132_E_1&CVP_A2_T|105_E_1&CVP_A2_S|0_GE_1000&CVP_A2_S|0_L_12000,成熟又略带青涩的足弓高挑优雅，敏感肌肤泛着淫靡红晕的{feet_s}。
1723,feet,0,CVP_A2_T|132_E_1&CVP_A2_T|105_E_1&CVP_A2_S|0_GE_1000&CVP_A2_S|0_L_12000,线条流畅的白嫩脚掌已被玩弄得发红，稍微碰触便会颤栗的{feet_s}。
1724,feet,0,CVP_A2_T|132_E_1&CVP_A2_T|105_E_1&CVP_A2_S|0_GE_1000&CVP_A2_S|0_L_12000,脚踝纤细修长透着成熟韵味，被快感折磨得泛起粉红色的{feet_s}。
1725,feet,0,CVP_A2_T|132_E_1&CVP_A2_T|105_E_1&CVP_A2_S|0_GE_1000&CVP_A2_S|0_L_12000,高挑的足弓配上纤长脚趾，敏感得触碰便不住轻颤的{feet_s}。
1726,feet,0,CVP_A2_T|132_E_1&CVP_A2_T|105_E_1&CVP_A2_S|0_GE_1000&CVP_A2_S|0_L_12000,柔嫩的脚心因多次高潮而格外敏感，连脚趾都在微微颤动的{feet_s}。
1727,feet,0,CVP_A2_T|132_E_1&CVP_A2_T|105_E_1&CVP_A2_S|0_GE_1000&CVP_A2_S|0_L_12000,修长优雅的玉足带着成熟女性的丰满质感，敏感到发红的{feet_s}。
1728,feet,0,CVP_A2_T|132_E_1&CVP_A2_T|105_E_1&CVP_A2_S|0_GE_1000&CVP_A2_S|0_L_12000,脚趾纤长灵活泛着情欲潮红，稍加抚弄便蜷缩颤抖的{feet_s}。
1729,feet,0,CVP_A2_T|132_E_1&CVP_A2_T|105_E_1&CVP_A2_S|0_GE_1000&CVP_A2_S|0_L_12000,脚背光滑修长透着青涩魅力，皮肤敏感得轻抚就会发颤的{feet_s}。

1730,feet,0,CVP_A2_T|132_E_1&CVP_A2_T|105_E_1&CVP_A2_S|0_GE_12000&CVP_A2_S|0_L_90000,修长纤细肌肤敏感至极，微微触碰便能引发强烈快感与剧烈颤抖的{feet_s}。
1731,feet,0,CVP_A2_T|132_E_1&CVP_A2_T|105_E_1&CVP_A2_S|0_GE_12000&CVP_A2_S|0_L_90000,线条优美高贵优雅，经历多次高潮后仍敏感到轻抚就颤抖不止的{feet_s}。
1732,feet,0,CVP_A2_T|132_E_1&CVP_A2_T|105_E_1&CVP_A2_S|0_GE_12000&CVP_A2_S|0_L_90000,白皙修长足弓完美弯曲，肌肤敏感到稍稍抚摸便会激烈反应的{feet_s}。
1733,feet,0,CVP_A2_T|132_E_1&CVP_A2_T|105_E_1&CVP_A2_S|0_GE_12000&CVP_A2_S|0_L_90000,纤长细腻散发成熟女性气息，轻轻摩擦即可引发全身酥麻快感的{feet_s}。
1734,feet,0,CVP_A2_T|132_E_1&CVP_A2_T|105_E_1&CVP_A2_S|0_GE_12000&CVP_A2_S|0_L_90000,修长白嫩脚趾精致可人，高度敏感到被触碰就不停颤抖痉挛的{feet_s}。
1735,feet,0,CVP_A2_T|132_E_1&CVP_A2_T|105_E_1&CVP_A2_S|0_GE_12000&CVP_A2_S|0_L_90000,优美修长带着成熟韵味，高潮多次后敏感到轻触即再度攀升的{feet_s}。
1736,feet,0,CVP_A2_T|132_E_1&CVP_A2_T|105_E_1&CVP_A2_S|0_GE_12000&CVP_A2_S|0_L_90000,纤细匀称肌肤似丝缎般光滑，轻抚就会引发接连不断快感的{feet_s}。
1737,feet,0,CVP_A2_T|132_E_1&CVP_A2_T|105_E_1&CVP_A2_S|0_GE_12000&CVP_A2_S|0_L_90000,修长优雅足背线条流畅，肌肤敏感到稍许触碰便激烈战栗的{feet_s}。
1738,feet,0,CVP_A2_T|132_E_1&CVP_A2_T|105_E_1&CVP_A2_S|0_GE_12000&CVP_A2_S|0_L_90000,细长白皙脚踝纤细迷人，每次触碰都能引发强烈快感反应的{feet_s}。
1739,feet,0,CVP_A2_T|132_E_1&CVP_A2_T|105_E_1&CVP_A2_S|0_GE_12000&CVP_A2_S|0_L_90000,纤长优美肌肤细腻光滑，皮肤敏感程度高到轻触即浑身酥软的{feet_s}。

1740,feet,0,CVP_A2_T|132_E_1&CVP_A2_T|105_E_1&CVP_A2_S|0_GE_90000,修长优雅的大姐姐脚型，轻轻触碰就会剧烈颤抖到全身痉挛的{feet_s}。
1741,feet,0,CVP_A2_T|132_E_1&CVP_A2_T|105_E_1&CVP_A2_S|0_GE_90000,纤长匀称的成熟玉足，稍微抚摸皮肤就会不受控制地高潮抽搐的{feet_s}。
1742,feet,0,CVP_A2_T|132_E_1&CVP_A2_T|105_E_1&CVP_A2_S|0_GE_90000,线条流畅的修长脚背，任何触碰都会让她浑身发软到站不住的{feet_s}。
1743,feet,0,CVP_A2_T|132_E_1&CVP_A2_T|105_E_1&CVP_A2_S|0_GE_90000,弧度完美的大姐姐足弓，只要轻抚就会让她痉挛着连续高潮的{feet_s}。
1744,feet,0,CVP_A2_T|132_E_1&CVP_A2_T|105_E_1&CVP_A2_S|0_GE_90000,纤细修长的成熟脚趾，触摸时会控制不住地绷紧蜷缩颤抖的{feet_s}。
1745,feet,0,CVP_A2_T|132_E_1&CVP_A2_T|105_E_1&CVP_A2_S|0_GE_90000,柔嫩光滑的修长脚底，稍加刺激就会让她失控尖叫着潮吹的{feet_s}。
1746,feet,0,CVP_A2_T|132_E_1&CVP_A2_T|105_E_1&CVP_A2_S|0_GE_90000,肌肤吹弹可破的大姐姐玉足，被触碰时会浑身酥麻到瘫软的{feet_s}。
1747,feet,0,CVP_A2_T|132_E_1&CVP_A2_T|105_E_1&CVP_A2_S|0_GE_90000,曲线优美的纤长脚踝，任何爱抚都会让她止不住地抽搐痉挛的{feet_s}。
1748,feet,0,CVP_A2_T|132_E_1&CVP_A2_T|105_E_1&CVP_A2_S|0_GE_90000,白皙修长的成熟双足，指尖划过就会让她全身颤栗着达到绝顶的{feet_s}。
1749,feet,0,CVP_A2_T|132_E_1&CVP_A2_T|105_E_1&CVP_A2_S|0_GE_90000,比例匀称的大姐姐长足，皮肤敏感到被轻触就会不停抽搐高潮的{feet_s}。

1750,feet,0,CVP_A2_T|132_E_1&CVP_A2_T|106_E_1&CVP_A2_A|0_LE_3,修长优美的足弓线条流畅紧致，成熟丰腴的脚掌触感温热肉感十足的{feet_s}。
1751,feet,0,CVP_A2_T|132_E_1&CVP_A2_T|106_E_1&CVP_A2_A|0_LE_3,纤长脚趾微微张开姿态优雅慵懒，熟女足底皮肤细腻嫩滑令人心动的{feet_s}。
1752,feet,0,CVP_A2_T|132_E_1&CVP_A2_T|106_E_1&CVP_A2_A|0_LE_3,线条流畅的长足透着成熟女人的韵味，高挑脚背泛着柔润光泽诱人抚摸的{feet_s}。
1753,feet,0,CVP_A2_T|132_E_1&CVP_A2_T|106_E_1&CVP_A2_A|0_LE_3,高挑修长的纤细脚趾灵活优雅动人，成熟脚心微微泛红触感嫩滑柔软的{feet_s}。
1754,feet,0,CVP_A2_T|132_E_1&CVP_A2_T|106_E_1&CVP_A2_A|0_LE_3,熟女修长的足部曲线完美诱人心动，纤细脚踝连接形态优美流畅足弓的{feet_s}。
1755,feet,0,CVP_A2_T|132_E_1&CVP_A2_T|106_E_1&CVP_A2_A|0_LE_3,成熟丰韵的长足姿态优雅迷人撩拨人心，脚掌肉感十足足弓弯曲优美的{feet_s}。
1756,feet,0,CVP_A2_T|132_E_1&CVP_A2_T|106_E_1&CVP_A2_A|0_LE_3,纤长脚趾涂满诱惑红色指甲油犹如精灵，成熟足背皮肤白皙光滑细腻的{feet_s}。
1757,feet,0,CVP_A2_T|132_E_1&CVP_A2_T|106_E_1&CVP_A2_A|0_LE_3,修长优雅的足部比例完美身材匀称，熟女丰腴脚底散发淡淡迷人体温的{feet_s}。
1758,feet,0,CVP_A2_T|132_E_1&CVP_A2_T|106_E_1&CVP_A2_A|0_LE_3,成熟女性修长的足部优美高挑气质绝伦，脚趾灵活脚背曲线流畅诱人的{feet_s}。
1759,feet,0,CVP_A2_T|132_E_1&CVP_A2_T|106_E_1&CVP_A2_A|0_LE_3,高挑纤长的足部散发成熟女人魅力，脚掌柔软触感温热令人无比迷恋的{feet_s}。

1760,feet,0,CVP_A2_T|132_E_1&CVP_A2_T|106_E_1&CVP_A2_A|0_G_3&CVP_A2_A|0_LE_6,修长纤细的脚掌保养得当，肌肤光滑触感细腻，散发着熟女特有韵味的{feet_s}。
1761,feet,0,CVP_A2_T|132_E_1&CVP_A2_T|106_E_1&CVP_A2_A|0_G_3&CVP_A2_A|0_LE_6,高挑优美的足弓曲线流畅，足背莹润柔滑，一抚摸就微微颤抖的{feet_s}。
1762,feet,0,CVP_A2_T|132_E_1&CVP_A2_T|106_E_1&CVP_A2_A|0_G_3&CVP_A2_A|0_LE_6,纤长脚趾排列整齐，粉嫩的趾甲精心修剪，轻触便泛起酥麻感的{feet_s}。
1763,feet,0,CVP_A2_T|132_E_1&CVP_A2_T|106_E_1&CVP_A2_A|0_G_3&CVP_A2_A|0_LE_6,玲珑有致的足型线条优雅，柔嫩脚底泛着淡粉，被揉捏时忍不住蜷缩的{feet_s}。
1764,feet,0,CVP_A2_T|132_E_1&CVP_A2_T|106_E_1&CVP_A2_A|0_G_3&CVP_A2_A|0_LE_6,修长的玉足带着成熟女人的魅惑，肌肤紧致弹滑，摩擦时会泛起轻颤的{feet_s}。
1765,feet,0,CVP_A2_T|132_E_1&CVP_A2_T|106_E_1&CVP_A2_A|0_G_3&CVP_A2_A|0_LE_6,纤细柔长的足背肌理细腻，足心粉软敏感，稍加抚弄便惹得娇喘连连的{feet_s}。
1766,feet,0,CVP_A2_T|132_E_1&CVP_A2_T|106_E_1&CVP_A2_A|0_G_3&CVP_A2_A|0_LE_6,线条舒展的长足保养精致，足踝纤细足弓高挺，被把玩时止不住颤抖的{feet_s}。
1767,feet,0,CVP_A2_T|132_E_1&CVP_A2_T|106_E_1&CVP_A2_A|0_G_3&CVP_A2_A|0_LE_6,成熟韵味的修长脚掌柔滑白嫩，脚趾灵活纤长，轻轻揉按便发出舒适哼声的{feet_s}。
1768,feet,0,CVP_A2_T|132_E_1&CVP_A2_T|106_E_1&CVP_A2_A|0_G_3&CVP_A2_A|0_LE_6,优雅匀称的玉足散发着淡淡体香，足心嫩滑敏感，稍加摩挲就扭动起来的{feet_s}。
1769,feet,0,CVP_A2_T|132_E_1&CVP_A2_T|106_E_1&CVP_A2_A|0_G_3&CVP_A2_A|0_LE_6,纤巧修长的脚掌肌肤莹润细滑，高耸足弓曲线撩人，受到刺激便微微战栗的{feet_s}。

1770,feet,0,CVP_A2_T|131_E_1&CVP_A2_T|103_E_1&CVP_A2_A|0_LE_3,娇小玲珑的足背泛着稚嫩的粉白色泽，白嫩光滑的肌肤微微发凉的{feet_s}。
1771,feet,0,CVP_A2_T|131_E_1&CVP_A2_T|103_E_1&CVP_A2_A|0_LE_3,小巧精致的足弓曲线柔美可爱，青涩纤细的肌肤触感泛着淡淡凉意的{feet_s}。
1772,feet,0,CVP_A2_T|131_E_1&CVP_A2_T|103_E_1&CVP_A2_A|0_LE_3,纤细粉嫩的脚趾排列整齐如珍珠，娇小足背肌肤细滑微凉的{feet_s}。
1773,feet,0,CVP_A2_T|131_E_1&CVP_A2_T|103_E_1&CVP_A2_A|0_LE_3,幼小稚嫩的脚掌玲珑精致宛如艺术品，白皙肌肤带着萝莉特有凉感的{feet_s}。
1774,feet,0,CVP_A2_T|131_E_1&CVP_A2_T|103_E_1&CVP_A2_A|0_LE_3,细腻柔软的足背白里透着嫩粉，萝莉特有的凉凉肌肤触感令人沉迷的{feet_s}。
1775,feet,0,CVP_A2_T|131_E_1&CVP_A2_T|103_E_1&CVP_A2_A|0_LE_3,小小的脚丫子光滑细嫩如同瓷偶，稚气的足背触感微凉惹人怜爱的{feet_s}。
1776,feet,0,CVP_A2_T|131_E_1&CVP_A2_T|103_E_1&CVP_A2_A|0_LE_3,粉嫩精致的小脚丫散发着青涩稚气，皮肤凉凉的触感迟钝诱人的{feet_s}。
1777,feet,0,CVP_A2_T|131_E_1&CVP_A2_T|103_E_1&CVP_A2_A|0_LE_3,娇小的足弓线条柔美纤细仿佛弯月，白嫩肌肤微凉令人爱不释手的{feet_s}。
1778,feet,0,CVP_A2_T|131_E_1&CVP_A2_T|103_E_1&CVP_A2_A|0_LE_3,小巧可爱的脚趾粉嫩透明宛如玉珠，萝莉足部凉凉的敏感迟钝肌肤的{feet_s}。
1779,feet,0,CVP_A2_T|131_E_1&CVP_A2_T|103_E_1&CVP_A2_A|0_LE_3,玲珑精巧的小脚掌白皙柔嫩令人垂涎，稚嫩凉凉的光滑细腻肤质的{feet_s}。

1780,feet,0,CVP_A2_T|132_E_1&CVP_A2_T|106_E_1&CVP_A2_A|0_G_6,修长纤细优雅迷人，成熟丰腴的肌肤敏感得仅轻抚就浑身发软发颤的{feet_s}。
1781,feet,0,CVP_A2_T|132_E_1&CVP_A2_T|106_E_1&CVP_A2_A|0_G_6,线条流畅足弓高挑，肤质嫩滑敏感得稍加按揉便泛起阵阵淫靡红晕的{feet_s}。
1782,feet,0,CVP_A2_T|132_E_1&CVP_A2_T|106_E_1&CVP_A2_A|0_G_6,脚趾纤长舒展优美，熟透的玉足敏感得轻轻舔舐便引发全身酥麻的{feet_s}。
1783,feet,0,CVP_A2_T|132_E_1&CVP_A2_T|106_E_1&CVP_A2_A|0_G_6,足弓饱满曲线诱人，白皙细腻的肌肤触碰即颤难以自持欲拒还迎的{feet_s}。
1784,feet,0,CVP_A2_T|132_E_1&CVP_A2_T|106_E_1&CVP_A2_A|0_G_6,脚背光滑弧度优雅，成熟女人极度敏感稍被玩弄就浪叫连连的{feet_s}。
1785,feet,0,CVP_A2_T|132_E_1&CVP_A2_T|106_E_1&CVP_A2_A|0_G_6,纤长白嫩比例匀称，肤质薄嫩敏感得仅被握住便浑身瘫软发烫的{feet_s}。
1786,feet,0,CVP_A2_T|132_E_1&CVP_A2_T|106_E_1&CVP_A2_A|0_G_6,熟透丰腴修长有致，脚底柔嫩敏感得任何触碰都引起剧烈颤栗的{feet_s}。
1787,feet,0,CVP_A2_T|132_E_1&CVP_A2_T|106_E_1&CVP_A2_A|0_G_6,足弓高挑脚趾纤细，肌肤滑腻敏感得稍加摩擦便止不住淫荡呻吟的{feet_s}。
1788,feet,0,CVP_A2_T|132_E_1&CVP_A2_T|106_E_1&CVP_A2_A|0_G_6,脚踝纤细线条流畅，成熟女性的玉足敏感得轻揉就浑身发颤发软的{feet_s}。
1789,feet,0,CVP_A2_T|132_E_1&CVP_A2_T|106_E_1&CVP_A2_A|0_G_6,曲线优美充满熟女韵味，触感娇嫩敏感得被爱抚就难耐扭动的{feet_s}。

1790,feet,0,CVP_A2_T|132_E_1&CVP_A2_T|106_E_1&CVP_A2_S|0_L_1000,纤长修美散发成熟女人韵味，足尖因轻微快感而微微蜷缩的{feet_s}。
1791,feet,0,CVP_A2_T|132_E_1&CVP_A2_T|106_E_1&CVP_A2_S|0_L_1000,曲线优雅如熟女般丰腴有致，脚背因微弱刺激泛起淡淡红晕的{feet_s}。
1792,feet,0,CVP_A2_T|132_E_1&CVP_A2_T|106_E_1&CVP_A2_S|0_L_1000,修长白皙带着成熟女性特有的肉感，脚趾因轻度快感微微展开的{feet_s}。
1793,feet,0,CVP_A2_T|132_E_1&CVP_A2_T|106_E_1&CVP_A2_S|0_L_1000,足弓弧度优美透着熟女特有的韵致，足心因皮肤刺激微微泛红的{feet_s}。
1794,feet,0,CVP_A2_T|132_E_1&CVP_A2_T|106_E_1&CVP_A2_S|0_L_1000,线条流畅散发成熟肉体的诱惑气息，脚踝因轻微酥麻而微微颤抖的{feet_s}。
1795,feet,0,CVP_A2_T|132_E_1&CVP_A2_T|106_E_1&CVP_A2_S|0_L_1000,纤长肉感的足型带着岁月沉淀的魅力，脚掌因快感开始微微发热的{feet_s}。
1796,feet,0,CVP_A2_T|132_E_1&CVP_A2_T|106_E_1&CVP_A2_S|0_L_1000,保养完好散发成熟女人慵懒气息，足尖因轻度刺激不自觉蜷起的{feet_s}。
1797,feet,0,CVP_A2_T|132_E_1&CVP_A2_T|106_E_1&CVP_A2_S|0_L_1000,修长丰腴展现熟女独有的肉感魅力，脚背因微弱快感渗出细汗的{feet_s}。
1798,feet,0,CVP_A2_T|132_E_1&CVP_A2_T|106_E_1&CVP_A2_S|0_L_1000,足形优美透着成熟女人懂得享受的气息，脚趾因皮肤酥麻轻轻张开的{feet_s}。
1799,feet,0,CVP_A2_T|132_E_1&CVP_A2_T|106_E_1&CVP_A2_S|0_L_1000,纤细修美带着丰满熟女特有的肉感，足心因轻微快感而变得微热的{feet_s}。

1800,feet,0,CVP_A2_T|132_E_1&CVP_A2_T|106_E_1&CVP_A2_S|0_GE_1000&CVP_A2_S|0_L_12000,修长优美弧线分明敏感到稍一触碰就微微颤抖，透着成熟风韵的{feet_s}。
1801,feet,0,CVP_A2_T|132_E_1&CVP_A2_T|106_E_1&CVP_A2_S|0_GE_1000&CVP_A2_S|0_L_12000,线条流畅肌肤细腻因快感微微泛红，带着熟女特有淫靡气息的{feet_s}。
1802,feet,0,CVP_A2_T|132_E_1&CVP_A2_T|106_E_1&CVP_A2_S|0_GE_1000&CVP_A2_S|0_L_12000,纤长脚趾因敏感而蜷缩足弓完美弯曲，散发成熟女人骚香的{feet_s}。
1803,feet,0,CVP_A2_T|132_E_1&CVP_A2_T|106_E_1&CVP_A2_S|0_GE_1000&CVP_A2_S|0_L_12000,修长匀称脚背微红足心滚烫敏感，带着丰腴熟女肉欲气息的{feet_s}。
1804,feet,0,CVP_A2_T|132_E_1&CVP_A2_T|106_E_1&CVP_A2_S|0_GE_1000&CVP_A2_S|0_L_12000,纤细优雅轻触即颤肌肤敏感滚烫，散发成熟女体迷人骚味的{feet_s}。
1805,feet,0,CVP_A2_T|132_E_1&CVP_A2_T|106_E_1&CVP_A2_S|0_GE_1000&CVP_A2_S|0_L_12000,细长脚趾敏感到微微抽搐足弓高挺，带着熟女淫乱汗味的{feet_s}。
1806,feet,0,CVP_A2_T|132_E_1&CVP_A2_T|106_E_1&CVP_A2_S|0_GE_1000&CVP_A2_S|0_L_12000,线条修长肤质细嫩因反复刺激泛着潮红，充满熟女肉感的{feet_s}。
1807,feet,0,CVP_A2_T|132_E_1&CVP_A2_T|106_E_1&CVP_A2_S|0_GE_1000&CVP_A2_S|0_L_12000,优美足弓敏感得触碰就轻颤，透着多次高潮后淫靡余韵的{feet_s}。
1808,feet,0,CVP_A2_T|132_E_1&CVP_A2_T|106_E_1&CVP_A2_S|0_GE_1000&CVP_A2_S|0_L_12000,修长白皙微微泛红敏感到抖个不停，散发熟女骚浪体味的{feet_s}。
1809,feet,0,CVP_A2_T|132_E_1&CVP_A2_T|106_E_1&CVP_A2_S|0_GE_1000&CVP_A2_S|0_L_12000,纤长脚背温热湿润因快感不住颤动，充满成熟女人淫荡韵味的{feet_s}。

1810,feet,0,CVP_A2_T|132_E_1&CVP_A2_T|106_E_1&CVP_A2_S|0_GE_12000&CVP_A2_S|0_L_90000,修长白皙触感敏感到极点，轻轻一碰就让熟女浑身颤栗的{feet_s}。
1811,feet,0,CVP_A2_T|132_E_1&CVP_A2_T|106_E_1&CVP_A2_S|0_GE_12000&CVP_A2_S|0_L_90000,线条优美足弓高挺，成熟肌肤敏感得让人稍一抚摸便忍不住呻吟的{feet_s}。
1812,feet,0,CVP_A2_T|132_E_1&CVP_A2_T|106_E_1&CVP_A2_S|0_GE_12000&CVP_A2_S|0_L_90000,纤长脚趾因过度敏感而微微蜷缩，熟女丰腴玉足上泛起淫靡红晕的{feet_s}。
1813,feet,0,CVP_A2_T|132_E_1&CVP_A2_T|106_E_1&CVP_A2_S|0_GE_12000&CVP_A2_S|0_L_90000,修长优雅足型诱人，成熟敏感的肌肤被触碰时便止不住颤抖痉挛的{feet_s}。
1814,feet,0,CVP_A2_T|132_E_1&CVP_A2_T|106_E_1&CVP_A2_S|0_GE_12000&CVP_A2_S|0_L_90000,高贵纤细脚背泛着情欲潮红，轻抚便让熟女身躯酥软瘫倒的{feet_s}。
1815,feet,0,CVP_A2_T|132_E_1&CVP_A2_T|106_E_1&CVP_A2_S|0_GE_12000&CVP_A2_S|0_L_90000,柔软足心敏感异常，成熟女人修长玉足一被爱抚就淫水泛滥的{feet_s}。
1816,feet,0,CVP_A2_T|132_E_1&CVP_A2_T|106_E_1&CVP_A2_S|0_GE_12000&CVP_A2_S|0_L_90000,线条流畅纤长诱人，熟女过于敏感的足部被揉捏时便浪叫连连的{feet_s}。
1817,feet,0,CVP_A2_T|132_E_1&CVP_A2_T|106_E_1&CVP_A2_S|0_GE_12000&CVP_A2_S|0_L_90000,脚踝纤细足弓优美，成熟肌肤敏感到指尖轻触便引发剧烈快感的{feet_s}。
1818,feet,0,CVP_A2_T|132_E_1&CVP_A2_T|106_E_1&CVP_A2_S|0_GE_12000&CVP_A2_S|0_L_90000,修长白嫩脚趾舒展，熟女敏感玉足稍被抚弄就忍不住高潮痉挛的{feet_s}。
1819,feet,0,CVP_A2_T|132_E_1&CVP_A2_T|106_E_1&CVP_A2_S|0_GE_12000&CVP_A2_S|0_L_90000,优雅纤美足型勾人，过度敏感让成熟女人轻轻一碰便娇喘连连的{feet_s}。
1820,feet,0,CVP_A2_T|106_E_1&CVP_A2_T|132_E_1&CVP_A2_S|0_GE_90000,修长优雅敏感至极稍有触碰便剧烈颤抖，成熟风韵肌肤泛着淫靡红晕的{feet_s}。
1821,feet,0,CVP_A2_T|106_E_1&CVP_A2_T|132_E_1&CVP_A2_S|0_GE_90000,纤细流畅敏感到病态般抽搐不止，熟女韵味足弓弯曲成淫荡弧度的{feet_s}。
1822,feet,0,CVP_A2_T|106_E_1&CVP_A2_T|132_E_1&CVP_A2_S|0_GE_90000,比例匀称肌肤敏感到轻抚便高潮痉挛，成熟妖冶足背泛着情欲潮红的{feet_s}。
1823,feet,0,CVP_A2_T|106_E_1&CVP_A2_T|132_E_1&CVP_A2_S|0_GE_90000,线条优美皮肤敏感到不可思议的程度，熟透肉感脚趾止不住蜷缩的{feet_s}。
1824,feet,0,CVP_A2_T|106_E_1&CVP_A2_T|132_E_1&CVP_A2_S|0_GE_90000,纤长灵活触碰便引发全身剧烈抽搐，成熟丰腴足心湿滑黏腻欲滴的{feet_s}。
1825,feet,0,CVP_A2_T|106_E_1&CVP_A2_T|132_E_1&CVP_A2_S|0_GE_90000,修长圆润敏感到连气流都无法承受，熟女风韵足踝泛着淫靡光泽的{feet_s}。
1826,feet,0,CVP_A2_T|106_E_1&CVP_A2_T|132_E_1&CVP_A2_S|0_GE_90000,优雅细腻皮肤滚烫敏感到极限高潮不止，成熟艳丽脚背汗津津发亮的{feet_s}。
1827,feet,0,CVP_A2_T|106_E_1&CVP_A2_T|132_E_1&CVP_A2_S|0_GE_90000,比例完美肌肤敏感到疯狂痉挛失控，熟透媚肉足弓线条淫靡优美的{feet_s}。
1828,feet,0,CVP_A2_T|106_E_1&CVP_A2_T|132_E_1&CVP_A2_S|0_GE_90000,纤细修长触感滚烫敏感到持续高潮，成熟风骚足尖因快感不停颤抖的{feet_s}。
1829,feet,0,CVP_A2_T|106_E_1&CVP_A2_T|132_E_1&CVP_A2_S|0_GE_90000,流畅匀称轻抚便浑身抽搐无法自已，熟女妖艳脚趾舒展又蜷缩不停的{feet_s}。
1830,feet,0,CVP_A2_T|132_E_1&CVP_A2_T|107_E_1&CVP_A2_A|0_LE_3,纤长柔美线条优雅感度微弱，人妻背德出轨却被男人玩弄得微微发抖的{feet_s}。
1831,feet,0,CVP_A2_T|132_E_1&CVP_A2_T|107_E_1&CVP_A2_A|0_LE_3,修长白皙高贵典雅皮肤反应淡薄，已婚却被他人占有玩弄的淫荡人妻的{feet_s}。
1832,feet,0,CVP_A2_T|132_E_1&CVP_A2_T|107_E_1&CVP_A2_A|0_LE_3,曲线流畅纤细修长触感迟钝，背负丈夫却沉迷于出轨快感的已婚人妻的{feet_s}。
1833,feet,0,CVP_A2_T|132_E_1&CVP_A2_T|107_E_1&CVP_A2_A|0_LE_3,长而匀称优雅柔美感度稀薄，被丈夫以外的男人亵渎蹂躏的背德人妻的{feet_s}。
1834,feet,0,CVP_A2_T|132_E_1&CVP_A2_T|107_E_1&CVP_A2_A|0_LE_3,修长秀美线条精致皮肤迟钝，已婚身份却对着情夫微颤的禁忌背德的{feet_s}。
1835,feet,0,CVP_A2_T|132_E_1&CVP_A2_T|107_E_1&CVP_A2_A|0_LE_3,纤长匀称高挑优雅反应微弱，出轨的人妻被男人粗暴肆意玩弄侵犯的{feet_s}。
1836,feet,0,CVP_A2_T|132_E_1&CVP_A2_T|107_E_1&CVP_A2_A|0_LE_3,修长柔嫩曲线优美感度低下，被他人占有却背着丈夫偷情享乐的人妻的{feet_s}。
1837,feet,0,CVP_A2_T|132_E_1&CVP_A2_T|107_E_1&CVP_A2_A|0_LE_3,纤细修长白净柔美神经迟钝，已婚人妻在背德关系中沉沦堕落淫乱的{feet_s}。
1838,feet,0,CVP_A2_T|132_E_1&CVP_A2_T|107_E_1&CVP_A2_A|0_LE_3,优雅修长线条流畅皮肤低敏，背负婚姻却被情夫玩弄得羞耻不堪的{feet_s}。
1839,feet,0,CVP_A2_T|132_E_1&CVP_A2_T|107_E_1&CVP_A2_A|0_LE_3,长足匀称纤柔细腻反应微弱，已为人妻却在出轨中享受禁忌快感的{feet_s}。

1840,feet,0,CVP_A2_T|132_E_1&CVP_A2_T|107_E_1&CVP_A2_A|0_G_3&CVP_A2_A|0_LE_6,纤细修长弯成优美弧度，白皙柔嫩的肌肤在触摸下泛起羞涩的绯红的{feet_s}。
1841,feet,0,CVP_A2_T|132_E_1&CVP_A2_T|107_E_1&CVP_A2_A|0_G_3&CVP_A2_A|0_LE_6,人妻特有的修长玉足，光滑细腻的肌肤上透着一丝被禁忌触碰的兴奋的{feet_s}。
1842,feet,0,CVP_A2_T|132_E_1&CVP_A2_T|107_E_1&CVP_A2_A|0_G_3&CVP_A2_A|0_LE_6,脚趾纤长排列整齐，足弓优美的弧线在被爱抚时微微颤动着期待的{feet_s}。
1843,feet,0,CVP_A2_T|132_E_1&CVP_A2_T|107_E_1&CVP_A2_A|0_G_3&CVP_A2_A|0_LE_6,修长优雅的线条流畅如艺术品，沾染人妻背德气息散发淫靡魅力的{feet_s}。
1844,feet,0,CVP_A2_T|132_E_1&CVP_A2_T|107_E_1&CVP_A2_A|0_G_3&CVP_A2_A|0_LE_6,白玉般的修长脚背泛着诱人光泽，肌肤敏感到稍一触碰便微微颤抖的{feet_s}。
1845,feet,0,CVP_A2_T|132_E_1&CVP_A2_T|107_E_1&CVP_A2_A|0_G_3&CVP_A2_A|0_LE_6,纤长脚趾灵活舒展着享受爱抚，光滑脚心传来让人妻身体发软的酥麻的{feet_s}。
1846,feet,0,CVP_A2_T|132_E_1&CVP_A2_T|107_E_1&CVP_A2_A|0_G_3&CVP_A2_A|0_LE_6,足弓高挺线条优美，每一寸修长的肌肤都渴望着被禁忌的手掌抚摸的{feet_s}。
1847,feet,0,CVP_A2_T|132_E_1&CVP_A2_T|107_E_1&CVP_A2_A|0_G_3&CVP_A2_A|0_LE_6,脚踝纤细足型修长，白嫩柔滑的皮肤带着人妻被偷情触碰的淫荡热度的{feet_s}。
1848,feet,0,CVP_A2_T|132_E_1&CVP_A2_T|107_E_1&CVP_A2_A|0_G_3&CVP_A2_A|0_LE_6,修长玉趾微微蜷缩着享受快感，敏感的脚心在摩擦下泛起阵阵淫热的{feet_s}。
1849,feet,0,CVP_A2_T|132_E_1&CVP_A2_T|107_E_1&CVP_A2_A|0_G_3&CVP_A2_A|0_LE_6,白皙修长弯出诱人曲线，沉浸在背德快感中微微发烫的光滑玉足的{feet_s}。
1850,feet,0,CVP_A2_T|132_E_1&CVP_A2_T|107_E_1&CVP_A2_A|0_G_6,修长优美的足弓线条流畅，人妻敏感的脚背轻触即泛红，微颤诱人的{feet_s}。
1851,feet,0,CVP_A2_T|132_E_1&CVP_A2_T|107_E_1&CVP_A2_A|0_G_6,比例匀称的纤长玉足肤若凝脂白皙动人，人妻皮肤极度敏感一触即颤的{feet_s}。
1852,feet,0,CVP_A2_T|132_E_1&CVP_A2_T|107_E_1&CVP_A2_A|0_G_6,人妻那双修长白皙的脚掌泛着诱人光泽，高敏感的肌肤轻抚即战栗的{feet_s}。
1853,feet,0,CVP_A2_T|132_E_1&CVP_A2_T|107_E_1&CVP_A2_A|0_G_6,优雅修长的足弓弧度完美，婚后人妻敏感的肌肤稍触就微微抽搐的{feet_s}。
1854,feet,0,CVP_A2_T|132_E_1&CVP_A2_T|107_E_1&CVP_A2_A|0_G_6,线条流畅的纤长美足肌肤细腻，人妻高敏感的脚背因触碰而泛红的{feet_s}。
1855,feet,0,CVP_A2_T|132_E_1&CVP_A2_T|107_E_1&CVP_A2_A|0_G_6,人妻那双修长高贵的玉足曲线优美，脚心敏感到轻抚便紧张颤抖的{feet_s}。
1856,feet,0,CVP_A2_T|132_E_1&CVP_A2_T|107_E_1&CVP_A2_A|0_G_6,比例完美的修长双足皮肤白皙，人妻异常敏感的脚趾因刺激蜷缩的{feet_s}。
1857,feet,0,CVP_A2_T|132_E_1&CVP_A2_T|107_E_1&CVP_A2_A|0_G_6,人妻成熟优雅的长足线条匀称诱人，轻触即令敏感肌肤微微泛红的{feet_s}。
1858,feet,0,CVP_A2_T|132_E_1&CVP_A2_T|107_E_1&CVP_A2_A|0_G_6,修长纤细的美足散发人妻成熟气息，极度敏感的脚背稍触即起反应的{feet_s}。
1859,feet,0,CVP_A2_T|132_E_1&CVP_A2_T|107_E_1&CVP_A2_A|0_G_6,高贵优雅的修长双足皮肤细滑，人妻敏感的脚掌轻碰就微微颤抖的{feet_s}。
1860,feet,0,CVP_A2_T|132_E_1&CVP_A2_T|107_E_1&CVP_A2_S|0_L_1000,修长纤细肤色白嫩泛起微红，带着人妻特有成熟韵味和轻微酥麻感的{feet_s}。
1861,feet,0,CVP_A2_T|132_E_1&CVP_A2_T|107_E_1&CVP_A2_S|0_L_1000,线条优美脚趾纤长因被抚摸而微微蜷缩，透着已婚妇人禁忌快感的{feet_s}。
1862,feet,0,CVP_A2_T|132_E_1&CVP_A2_T|107_E_1&CVP_A2_S|0_L_1000,足弓曲线流畅高贵触感温热滑腻，因轻度快感而皮肤微微泛粉的{feet_s}。
1863,feet,0,CVP_A2_T|132_E_1&CVP_A2_T|107_E_1&CVP_A2_S|0_L_1000,修长白皙脚背青筋隐约可见，带着人妻背德兴奋与淡淡酥麻感的{feet_s}。
1864,feet,0,CVP_A2_T|132_E_1&CVP_A2_T|107_E_1&CVP_A2_S|0_L_1000,纤长玉趾排列整齐柔嫩粉润，因禁忌爱抚而轻轻颤抖着的{feet_s}。
1865,feet,0,CVP_A2_T|132_E_1&CVP_A2_T|107_E_1&CVP_A2_S|0_L_1000,优雅细腻足底柔软滑嫩，触碰时泛起人妻特有羞涩与轻微快意的{feet_s}。
1866,feet,0,CVP_A2_T|132_E_1&CVP_A2_T|107_E_1&CVP_A2_S|0_L_1000,脚踝纤细线条迷人肤色莹润，因背德刺激而微微发烫升温的{feet_s}。
1867,feet,0,CVP_A2_T|132_E_1&CVP_A2_T|107_E_1&CVP_A2_S|0_L_1000,比例匀称脚趾修长灵活，带着已婚身份禁忌感与轻柔酥痒触感的{feet_s}。
1868,feet,0,CVP_A2_T|132_E_1&CVP_A2_T|107_E_1&CVP_A2_S|0_L_1000,细嫩白皙足心柔软如绸缎，因人妻偷情快感而泛起浅浅粉红的{feet_s}。
1869,feet,0,CVP_A2_T|132_E_1&CVP_A2_T|107_E_1&CVP_A2_S|0_L_1000,曲线优美脚背弧度完美细腻，带着轻微皮肤快感与背叛婚姻悸动的{feet_s}。

1870,feet,0,CVP_A2_T|132_E_1&CVP_A2_T|107_E_1&CVP_A2_S|0_GE_1000&CVP_A2_S|0_L_12000,人妻修长白皙的脚在快感中微微颤抖，背德情欲浸染下泛起粉红潮红的{feet_s}。
1871,feet,0,CVP_A2_T|132_E_1&CVP_A2_T|107_E_1&CVP_A2_S|0_GE_1000&CVP_A2_S|0_L_12000,有夫之妇纤长的足弓因皮肤高潮数次而敏感不堪，优美曲线颤栗着的{feet_s}。
1872,feet,0,CVP_A2_T|132_E_1&CVP_A2_T|107_E_1&CVP_A2_S|0_GE_1000&CVP_A2_S|0_L_12000,人妻柔嫩的脚背沾着汗珠，修长脚趾因背德快感蜷缩舒展反复扭动的{feet_s}。
1873,feet,0,CVP_A2_T|132_E_1&CVP_A2_T|107_E_1&CVP_A2_S|0_GE_1000&CVP_A2_S|0_L_12000,已婚人妻优雅修长的玉足在情欲中变得滚烫，皮肤敏感战栗不停的{feet_s}。
1874,feet,0,CVP_A2_T|132_E_1&CVP_A2_T|107_E_1&CVP_A2_S|0_GE_1000&CVP_A2_S|0_L_12000,人妻那双纤细的脚经过多次快感冲刷，修长足尖微微发颤泛着淫靡潮红的{feet_s}。
1875,feet,0,CVP_A2_T|132_E_1&CVP_A2_T|107_E_1&CVP_A2_S|0_GE_1000&CVP_A2_S|0_L_12000,有夫之妇柔滑修长的足心微微出汗，每次触碰都敏感痉挛抽搐的{feet_s}。
1876,feet,0,CVP_A2_T|132_E_1&CVP_A2_T|107_E_1&CVP_A2_S|0_GE_1000&CVP_A2_S|0_L_12000,人妻优美修长的脚踝因背德欢愉而绷紧，皮肤变得极为敏感淫贱的{feet_s}。
1877,feet,0,CVP_A2_T|132_E_1&CVP_A2_T|107_E_1&CVP_A2_S|0_GE_1000&CVP_A2_S|0_L_12000,已婚女人那纤长的脚趾因反复高潮而颤抖，优雅的足弓弯曲抽搐的{feet_s}。
1878,feet,0,CVP_A2_T|132_E_1&CVP_A2_T|107_E_1&CVP_A2_S|0_GE_1000&CVP_A2_S|0_L_12000,人妻白净修长的脚掌因多次皮肤高潮变得敏感，轻触即战栗呻吟的{feet_s}。
1879,feet,0,CVP_A2_T|132_E_1&CVP_A2_T|107_E_1&CVP_A2_S|0_GE_1000&CVP_A2_S|0_L_12000,有夫之妇修长优雅的脚被快感折磨数次，敏感肌肤泛着淫荡潮红的{feet_s}。

1880,feet,0,CVP_A2_T|131_E_1&CVP_A2_T|103_E_1&CVP_A2_A|0_G_3&CVP_A2_A|0_LE_6,娇小玲珑触感细腻嫩滑，稍一抚摸就微微颤抖泛红的{feet_s}。
1881,feet,0,CVP_A2_T|131_E_1&CVP_A2_T|103_E_1&CVP_A2_A|0_G_3&CVP_A2_A|0_LE_6,肤如凝脂散发着萝莉特有的奶香，轻触即会敏感娇颤的{feet_s}。
1882,feet,0,CVP_A2_T|131_E_1&CVP_A2_T|103_E_1&CVP_A2_A|0_G_3&CVP_A2_A|0_LE_6,足弓精巧弧度诱人触感极嫩滑，稍加摩擦便轻颤不止的{feet_s}。
1883,feet,0,CVP_A2_T|131_E_1&CVP_A2_T|103_E_1&CVP_A2_A|0_G_3&CVP_A2_A|0_LE_6,白嫩细腻如玉般滑腻，每寸肌肤都敏感到微微发颤的{feet_s}。
1884,feet,0,CVP_A2_T|131_E_1&CVP_A2_T|103_E_1&CVP_A2_A|0_G_3&CVP_A2_A|0_LE_6,脚趾圆润粉嫩触感柔软，轻轻把玩就泛起淡淡粉红的{feet_s}。
1885,feet,0,CVP_A2_T|131_E_1&CVP_A2_T|103_E_1&CVP_A2_A|0_G_3&CVP_A2_A|0_LE_6,纤细娇小如艺术品般精致，触碰时泛起敏感战栗的{feet_s}。
1886,feet,0,CVP_A2_T|131_E_1&CVP_A2_T|103_E_1&CVP_A2_A|0_G_3&CVP_A2_A|0_LE_6,足心柔嫩光滑触感如绸缎，稍加揉捏便引发阵阵颤栗的{feet_s}。
1887,feet,0,CVP_A2_T|131_E_1&CVP_A2_T|103_E_1&CVP_A2_A|0_G_3&CVP_A2_A|0_LE_6,青涩稚嫩的肌肤散发着萝莉体香，触感滑腻且敏感异常的{feet_s}。
1888,feet,0,CVP_A2_T|131_E_1&CVP_A2_T|103_E_1&CVP_A2_A|0_G_3&CVP_A2_A|0_LE_6,精巧可爱脚背肌肤透着稚嫩粉白，抚摸时微微颤动的{feet_s}。
1889,feet,0,CVP_A2_T|131_E_1&CVP_A2_T|103_E_1&CVP_A2_A|0_G_3&CVP_A2_A|0_LE_6,玲珑剔透指尖粉润，每一寸都敏感到触碰便会蜷缩的{feet_s}。

1890,feet,0,CVP_A2_T|132_E_1&CVP_A2_T|107_E_1&CVP_A2_S|0_GE_12000&CVP_A2_S|0_L_90000,修长纤细线条优美敏感到轻触就瑟瑟发抖，人妻那双白皙骚浪的{feet_s}。
1891,feet,0,CVP_A2_T|132_E_1&CVP_A2_T|107_E_1&CVP_A2_S|0_GE_12000&CVP_A2_S|0_L_90000,足弓流畅弧度完美皮肤滚烫敏感异常，已婚少妇那对淫荡湿润的{feet_s}。
1892,feet,0,CVP_A2_T|132_E_1&CVP_A2_T|107_E_1&CVP_A2_S|0_GE_12000&CVP_A2_S|0_L_90000,纤长脚趾舒展蜷缩被摸就浑身酥麻，人妻那双敏感发骚的{feet_s}。
1893,feet,0,CVP_A2_T|132_E_1&CVP_A2_T|107_E_1&CVP_A2_S|0_GE_12000&CVP_A2_S|0_L_90000,修长优雅脚背泛红稍微触碰就颤抖痉挛，已婚女人那对淫靡骚软的{feet_s}。
1894,feet,0,CVP_A2_T|132_E_1&CVP_A2_T|107_E_1&CVP_A2_S|0_GE_12000&CVP_A2_S|0_L_90000,细长脚踝线条顺滑敏感到一碰就高潮，人妻骚浪欠操的{feet_s}。
1895,feet,0,CVP_A2_T|132_E_1&CVP_A2_T|107_E_1&CVP_A2_S|0_GE_12000&CVP_A2_S|0_L_90000,足心粉嫩滑腻触感细腻稍加爱抚就淫水横流，已婚少妇那双发情骚热的{feet_s}。
1896,feet,0,CVP_A2_T|132_E_1&CVP_A2_T|107_E_1&CVP_A2_S|0_GE_12000&CVP_A2_S|0_L_90000,纤细修长白皙透红敏感到碰一下就浪叫连连，人妻那对淫荡不堪的{feet_s}。
1897,feet,0,CVP_A2_T|132_E_1&CVP_A2_T|107_E_1&CVP_A2_S|0_GE_12000&CVP_A2_S|0_L_90000,修长脚趾优雅蜷曲皮肤敏感得在快感中颤栗，已婚骚妇那双湿滑欠玩的{feet_s}。
1898,feet,0,CVP_A2_T|132_E_1&CVP_A2_T|107_E_1&CVP_A2_S|0_GE_12000&CVP_A2_S|0_L_90000,足弓挺翘线条流畅敏感到轻抚就抽搐不止，人妻那对被玩到发骚的{feet_s}。
1899,feet,0,CVP_A2_T|132_E_1&CVP_A2_T|107_E_1&CVP_A2_S|0_GE_12000&CVP_A2_S|0_L_90000,细嫩长足白皙滑腻被摸就酥到骨子里，已婚少妇那双淫乱敏感的{feet_s}。

1900,feet,0,CVP_A2_T|132_E_1&CVP_A2_T|107_E_1&CVP_A2_S|0_GE_90000,修长匀称的足弓因极度敏感而轻触即颤，纤细脚趾不停痉挛抽搐的{feet_s}。
1901,feet,0,CVP_A2_T|132_E_1&CVP_A2_T|107_E_1&CVP_A2_S|0_GE_90000,线条优美的长足被气流略过就开始剧烈高潮，汗湿颤抖不已的{feet_s}。
1902,feet,0,CVP_A2_T|132_E_1&CVP_A2_T|107_E_1&CVP_A2_S|0_GE_90000,纤长白嫩的脚趾无法控制地蜷成一团，被快感彻底支配的妖艳的{feet_s}。
1903,feet,0,CVP_A2_T|132_E_1&CVP_A2_T|107_E_1&CVP_A2_S|0_GE_90000,高贵修长的足肉不断痉挛收缩，泛红发烫敏感至极的{feet_s}。
1904,feet,0,CVP_A2_T|132_E_1&CVP_A2_T|107_E_1&CVP_A2_S|0_GE_90000,优美的足弓因过度敏感而弯曲到极限，线条流畅性感的{feet_s}。
1905,feet,0,CVP_A2_T|132_E_1&CVP_A2_T|107_E_1&CVP_A2_S|0_GE_90000,修长柔软的脚背上汗珠涌出浸湿肌肤，高潮不断深陷快感的{feet_s}。
1906,feet,0,CVP_A2_T|132_E_1&CVP_A2_T|107_E_1&CVP_A2_S|0_GE_90000,纤细优雅的脚踝剧烈抽搐无法停息，肌肤被快感彻底征服的{feet_s}。
1907,feet,0,CVP_A2_T|132_E_1&CVP_A2_T|107_E_1&CVP_A2_S|0_GE_90000,比例匀称的玉足皮肤敏感到极致，轻触便令全身痉挛的{feet_s}。
1908,feet,0,CVP_A2_T|132_E_1&CVP_A2_T|107_E_1&CVP_A2_S|0_GE_90000,修长淫靡的脚掌泛着潮红光泽，不断高潮抽搐无法自持的{feet_s}。
1909,feet,0,CVP_A2_T|132_E_1&CVP_A2_T|107_E_1&CVP_A2_S|0_GE_90000,流畅优美的长足因超敏感而不停颤栗，泛红发烫完全失控的{feet_s}。

1910,feet,0,CVP_A2_T|132_E_1&target_is_player_daughter&CVP_A2_A|0_LE_3,修长白嫩足弓高挺的少女玉足，肌肤稚嫩触感微凉对刺激不敏感的{feet_s}。
1911,feet,0,CVP_A2_T|132_E_1&target_is_player_daughter&CVP_A2_A|0_LE_3,女儿纤长秀气的美足在手中微微颤动，柔软绵滑却几乎感受不到快感的{feet_s}。
1912,feet,0,CVP_A2_T|132_E_1&target_is_player_daughter&CVP_A2_A|0_LE_3,线条优美如同精雕细琢的修长脚掌，触感光滑但反应迟钝的{feet_s}。
1913,feet,0,CVP_A2_T|132_E_1&target_is_player_daughter&CVP_A2_A|0_LE_3,少女修长匀称的玉趾在掌心乖巧舒展，粉嫩柔软却难以激起快感的{feet_s}。
1914,feet,0,CVP_A2_T|132_E_1&target_is_player_daughter&CVP_A2_A|0_LE_3,亲生女儿纤长优雅的脚背在抚弄下泛起嫩红，稚嫩细腻感度却不高的{feet_s}。
1915,feet,0,CVP_A2_T|132_E_1&target_is_player_daughter&CVP_A2_A|0_LE_3,比例完美的少女长足在指尖下轻轻扭动，肌肤嫩滑触感却略显麻木的{feet_s}。
1916,feet,0,CVP_A2_T|132_E_1&target_is_player_daughter&CVP_A2_A|0_LE_3,女儿修长白皙的脚掌散发青涩体香，虽然敏感度低却让人欲罢不能的{feet_s}。
1917,feet,0,CVP_A2_T|132_E_1&target_is_player_daughter&CVP_A2_A|0_LE_3,纤细优美的少女玉足在摩擦中微微发热，皮肤细腻却对触碰反应迟缓的{feet_s}。
1918,feet,0,CVP_A2_T|132_E_1&target_is_player_daughter&CVP_A2_A|0_LE_3,女儿那双秀气修长的脚踝流露柔美曲线，肌肤滑嫩触感却淡薄的{feet_s}。
1919,feet,0,CVP_A2_T|132_E_1&target_is_player_daughter&CVP_A2_A|0_LE_3,少女纤长洁白的足趾因被玩弄而缓缓舒张，稚嫩柔润却感度不佳的{feet_s}。

1920,feet,0,CVP_A2_T|132_E_1&target_is_player_daughter&CVP_A2_A|0_G_3&CVP_A2_A|0_LE_6,修长白皙触感敏锐，足弓线条优美令爸爸爱不释手的{feet_s}。
1921,feet,0,CVP_A2_T|132_E_1&target_is_player_daughter&CVP_A2_A|0_G_3&CVP_A2_A|0_LE_6,纤长粉嫩充满弹性，稍加触碰皮肤便泛起诱人红晕的{feet_s}。
1922,feet,0,CVP_A2_T|132_E_1&target_is_player_daughter&CVP_A2_A|0_G_3&CVP_A2_A|0_LE_6,比例匀称肌肤细腻，脚趾修长敏感轻抚便微微颤抖的{feet_s}。
1923,feet,0,CVP_A2_T|132_E_1&target_is_player_daughter&CVP_A2_A|0_G_3&CVP_A2_A|0_LE_6,线条流畅足背白净，每次摩擦都让女儿娇躯轻颤的{feet_s}。
1924,feet,0,CVP_A2_T|132_E_1&target_is_player_daughter&CVP_A2_A|0_G_3&CVP_A2_A|0_LE_6,优雅修长足弓高挺，肌肤敏感轻触便酥麻难耐的{feet_s}。
1925,feet,0,CVP_A2_T|132_E_1&target_is_player_daughter&CVP_A2_A|0_G_3&CVP_A2_A|0_LE_6,白嫩柔软带着少女体温，纤细脚趾受刺激蜷缩的{feet_s}。
1926,feet,0,CVP_A2_T|132_E_1&target_is_player_daughter&CVP_A2_A|0_G_3&CVP_A2_A|0_LE_6,修长柔滑肤质细腻，轻轻揉捏便让她娇喘连连的{feet_s}。
1927,feet,0,CVP_A2_T|132_E_1&target_is_player_daughter&CVP_A2_A|0_G_3&CVP_A2_A|0_LE_6,纤巧玲珑足型优美，敏感的肌肤在抚摸下微微泛红的{feet_s}。
1928,feet,0,CVP_A2_T|132_E_1&target_is_player_daughter&CVP_A2_A|0_G_3&CVP_A2_A|0_LE_6,脚踝纤细足背修长，每一次揉按都让皮肤酥痒难忍的{feet_s}。
1929,feet,0,CVP_A2_T|132_E_1&target_is_player_daughter&CVP_A2_A|0_G_3&CVP_A2_A|0_LE_6,柔嫩光滑线条流畅，足心被按压便忍不住轻声呻吟的{feet_s}。
1930,feet,0,CVP_A2_T|132_E_1&target_is_player_daughter&CVP_A2_A|0_G_6,修长优雅线条流畅足弓精致美丽，肌肤敏感稍触就如电流窜过般颤抖的{feet_s}。
1931,feet,0,CVP_A2_T|132_E_1&target_is_player_daughter&CVP_A2_A|0_G_6,纤长白皙比例匀称曲线完美动人，轻碰就忍不住敏感轻颤的细腻柔嫩的{feet_s}。
1932,feet,0,CVP_A2_T|132_E_1&target_is_player_daughter&CVP_A2_A|0_G_6,修长柔嫩高贵典雅脚趾纤长秀气，稍加刺激就敏感地微微抽搐颤动的{feet_s}。
1933,feet,0,CVP_A2_T|132_E_1&target_is_player_daughter&CVP_A2_A|0_G_6,线条流畅比例完美足弓挺秀高耸，触感细腻敏感到轻碰就阵阵酥麻的{feet_s}。
1934,feet,0,CVP_A2_T|132_E_1&target_is_player_daughter&CVP_A2_A|0_G_6,纤细修长如艺术品般优美迷人，皮肤薄嫩敏感揉按即引发强烈快感的{feet_s}。
1935,feet,0,CVP_A2_T|132_E_1&target_is_player_daughter&CVP_A2_A|0_G_6,修长优雅弧度完美趾头纤细精巧，敏感脆弱的肌肤一抚就微微抽搐的{feet_s}。
1936,feet,0,CVP_A2_T|132_E_1&target_is_player_daughter&CVP_A2_A|0_G_6,比例匀称线条优美足弓高挺流畅，肤质细腻敏感到爱抚时就止不住战栗的{feet_s}。
1937,feet,0,CVP_A2_T|132_E_1&target_is_player_daughter&CVP_A2_A|0_G_6,修长白嫩脚踝纤细足弓曲线优美，轻轻揉捏敏感肌肤就引发全身酥麻的{feet_s}。
1938,feet,0,CVP_A2_T|132_E_1&target_is_player_daughter&CVP_A2_A|0_G_6,纤长秀气高贵典雅趾甲粉嫩精致，碰触高敏感肌肤立刻引起阵阵颤抖的{feet_s}。
1939,feet,0,CVP_A2_T|132_E_1&target_is_player_daughter&CVP_A2_A|0_G_6,修长柔美比例完美脚背线条流畅，敏感柔嫩触碰即刻就难耐扭动的{feet_s}。

1940,feet,0,CVP_A2_T|132_E_1&target_is_player_daughter&CVP_A2_S|0_L_1000,女儿修长的玉足泛着淡淡红晕，脚趾因轻微快感而微微蜷缩的{feet_s}。
1941,feet,0,CVP_A2_T|132_E_1&target_is_player_daughter&CVP_A2_S|0_L_1000,纤长白嫩的足弓优雅弯曲，在父亲的抚摸下微微颤抖的{feet_s}。
1942,feet,0,CVP_A2_T|132_E_1&target_is_player_daughter&CVP_A2_S|0_L_1000,女儿那双修长的脚背光滑细腻，皮肤泛起轻微酥麻感的{feet_s}。
1943,feet,0,CVP_A2_T|132_E_1&target_is_player_daughter&CVP_A2_S|0_L_1000,柔嫩纤细的脚趾舒展绷直，肌肤因轻度刺激而微微发烫的{feet_s}。
1944,feet,0,CVP_A2_T|132_E_1&target_is_player_daughter&CVP_A2_S|0_L_1000,线条流畅的长足散发着少女体香，在爱抚中轻轻颤栗的{feet_s}。
1945,feet,0,CVP_A2_T|132_E_1&target_is_player_daughter&CVP_A2_S|0_L_1000,女儿白皙修长的脚踝纤细诱人，足心泛着淡淡粉红的{feet_s}。
1946,feet,0,CVP_A2_T|132_E_1&target_is_player_daughter&CVP_A2_S|0_L_1000,比例匀称的玉足柔软温热，脚趾在轻微快感中不自觉张开的{feet_s}。
1947,feet,0,CVP_A2_T|132_E_1&target_is_player_daughter&CVP_A2_S|0_L_1000,纤长优雅的足弓弯成诱人弧度，敏感皮肤微微泛红的{feet_s}。
1948,feet,0,CVP_A2_T|132_E_1&target_is_player_daughter&CVP_A2_S|0_L_1000,女儿光滑细嫩的脚掌带着体温，在触碰下产生阵阵酥痒的{feet_s}。
1949,feet,0,CVP_A2_T|132_E_1&target_is_player_daughter&CVP_A2_S|0_L_1000,修长秀气的脚趾粉嫩透亮，因轻度快感而微微蜷起的{feet_s}。

1950,feet,0,CVP_A2_T|132_E_1&target_is_player_daughter&CVP_A2_S|0_GE_1000&CVP_A2_S|0_L_12000,修长纤细因高潮而敏感难耐，肌肤泛着淫靡红晕的女儿的{feet_s}。
1951,feet,0,CVP_A2_T|132_E_1&target_is_player_daughter&CVP_A2_S|0_GE_1000&CVP_A2_S|0_L_12000,优雅细长脚趾不住蜷缩，皮肤因快感变得格外敏感诱人的{feet_s}。
1952,feet,0,CVP_A2_T|132_E_1&target_is_player_daughter&CVP_A2_S|0_GE_1000&CVP_A2_S|0_L_12000,线条流畅足弓完美弯曲，触碰便引发少女娇喘的骚浪的{feet_s}。
1953,feet,0,CVP_A2_T|132_E_1&target_is_player_daughter&CVP_A2_S|0_GE_1000&CVP_A2_S|0_L_12000,白皙修长因多次高潮而潮红敏感，轻抚便颤抖不止的{feet_s}。
1954,feet,0,CVP_A2_T|132_E_1&target_is_player_daughter&CVP_A2_S|0_GE_1000&CVP_A2_S|0_L_12000,细嫩纤长足心敏感发烫，散发着女儿淫乱体香的{feet_s}。
1955,feet,0,CVP_A2_T|132_E_1&target_is_player_daughter&CVP_A2_S|0_GE_1000&CVP_A2_S|0_L_12000,比例匀称优美修长，因皮肤快感而微微痉挛颤动的{feet_s}。
1956,feet,0,CVP_A2_T|132_E_1&target_is_player_daughter&CVP_A2_S|0_GE_1000&CVP_A2_S|0_L_12000,纤细柔嫩脚背泛红发烫，高潮余韵中敏感到发麻的{feet_s}。
1957,feet,0,CVP_A2_T|132_E_1&target_is_player_daughter&CVP_A2_S|0_GE_1000&CVP_A2_S|0_L_12000,修长脚趾灵活敏感抽搐，少女肌肤因快感而滚烫潮湿的{feet_s}。
1958,feet,0,CVP_A2_T|132_E_1&target_is_player_daughter&CVP_A2_S|0_GE_1000&CVP_A2_S|0_L_12000,优雅细腻足弓绷紧颤抖，经历数次高潮后更加淫荡的{feet_s}。
1959,feet,0,CVP_A2_T|132_E_1&target_is_player_daughter&CVP_A2_S|0_GE_1000&CVP_A2_S|0_L_12000,柔嫩细长触感滑腻温热，被父亲玩弄到敏感失控的{feet_s}。

1960,feet,0,CVP_A2_T|132_E_1&target_is_player_daughter&CVP_A2_S|0_GE_12000&CVP_A2_S|0_L_90000,修长纤细皮肤极度敏感，被父亲的轻触就让女儿颤抖高潮不止的{feet_s}。
1961,feet,0,CVP_A2_T|132_E_1&target_is_player_daughter&CVP_A2_S|0_GE_12000&CVP_A2_S|0_L_90000,纤长优美足弓曲线完美，被父亲抚摸就忍不住痉挛抽搐的女儿娇嫩的{feet_s}。
1962,feet,0,CVP_A2_T|132_E_1&target_is_player_daughter&CVP_A2_S|0_GE_12000&CVP_A2_S|0_L_90000,线条流畅高挑修长皮肤紧绷泛红，父亲的触碰让她浑身酥软不断高潮的{feet_s}。
1963,feet,0,CVP_A2_T|132_E_1&target_is_player_daughter&CVP_A2_S|0_GE_12000&CVP_A2_S|0_L_90000,高挑优美脚趾纤细粉嫩，即使轻抚也能让敏感的女儿浑身酥麻颤栗的{feet_s}。
1964,feet,0,CVP_A2_T|132_E_1&target_is_player_daughter&CVP_A2_S|0_GE_12000&CVP_A2_S|0_L_90000,纤长白嫩带着诱人的少女体香，敏感到被爸爸触碰就颤抖高潮的修长的{feet_s}。
1965,feet,0,CVP_A2_T|132_E_1&target_is_player_daughter&CVP_A2_S|0_GE_12000&CVP_A2_S|0_L_90000,足弓优美秀丽修长皮肤泛着红晕，因极度敏感而在父亲手中不断抽搐的{feet_s}。
1966,feet,0,CVP_A2_T|132_E_1&target_is_player_daughter&CVP_A2_S|0_GE_12000&CVP_A2_S|0_L_90000,线条优雅皮肤细腻滑嫩，每次被父亲抚摸都会痉挛高潮的女儿纤长粉嫩的{feet_s}。
1967,feet,0,CVP_A2_T|132_E_1&target_is_player_daughter&CVP_A2_S|0_GE_12000&CVP_A2_S|0_L_90000,修长敏感皮肤泛红微微颤抖，父亲稍稍触碰就让女儿浑身酥软不已的{feet_s}。
1968,feet,0,CVP_A2_T|132_E_1&target_is_player_daughter&CVP_A2_S|0_GE_12000&CVP_A2_S|0_L_90000,高挑纤细脚趾泛着淫靡红润光泽，轻触就能引发敏感女儿连续高潮的修长的{feet_s}。
1969,feet,0,CVP_A2_T|132_E_1&target_is_player_daughter&CVP_A2_S|0_GE_12000&CVP_A2_S|0_L_90000,纤长白皙散发着少女诱人体香，因皮肤极度敏感而在父亲手中不断颤栗的{feet_s}。

1970,feet,0,CVP_A2_T|132_E_1&target_is_player_daughter&CVP_A2_S|0_GE_90000,修长纤细触感敏锐至极，最轻微的抚触就会浑身颤栗不止的{feet_s}。
1971,feet,0,CVP_A2_T|132_E_1&target_is_player_daughter&CVP_A2_S|0_GE_90000,线条优美比例匀称，敏感得连气流都能引发强烈快感潮的{feet_s}。
1972,feet,0,CVP_A2_T|132_E_1&target_is_player_daughter&CVP_A2_S|0_GE_90000,足弓弧度完美柔嫩白皙，哪怕被轻轻碰触也会痉挛高潮的{feet_s}。
1973,feet,0,CVP_A2_T|132_E_1&target_is_player_daughter&CVP_A2_S|0_GE_90000,纤长脚趾敏感到发颤，轻抚足心就让女儿失控尖叫的{feet_s}。
1974,feet,0,CVP_A2_T|132_E_1&target_is_player_daughter&CVP_A2_S|0_GE_90000,肌肤细腻柔嫩修长优雅，被触碰就浑身酥麻不断抽搐的{feet_s}。
1975,feet,0,CVP_A2_T|132_E_1&target_is_player_daughter&CVP_A2_S|0_GE_90000,脚背光滑足弓高挺，敏锐到轻触就会双腿发软颤抖的{feet_s}。
1976,feet,0,CVP_A2_T|132_E_1&target_is_player_daughter&CVP_A2_S|0_GE_90000,皮肤白嫩吹弹可破，稍微爱抚就让少女浑身痉挛的{feet_s}。
1977,feet,0,CVP_A2_T|132_E_1&target_is_player_daughter&CVP_A2_S|0_GE_90000,脚踝纤细线条流畅，敏感到触碰瞬间就沉沦于快感中的{feet_s}。
1978,feet,0,CVP_A2_T|132_E_1&target_is_player_daughter&CVP_A2_S|0_GE_90000,足尖修长肤如凝脂，任何刺激都会令女儿完全失去理智的{feet_s}。
1979,feet,0,CVP_A2_T|132_E_1&target_is_player_daughter&CVP_A2_S|0_GE_90000,脚掌柔软足趾纤长，过度敏感到被抚摸就连续高潮的{feet_s}。
